ts_code,trade_date,open,high,low,close,pre_close,change,pct_chg,vol,amount
09618.HK,20200618,239.0,239.0,228.6,234.0,226.0,8.0,3.54,29789263.0,7000096555.55
09618.HK,20200619,234.0,235.6,233.4,233.6,234.0,-0.4,-0.17,7588265.0,1778409038.35
09618.HK,20200622,229.8,230.0,226.8,228.0,233.6,-5.6,-2.4,8716948.0,1992980922.9
09618.HK,20200623,227.0,231.6,226.0,230.0,228.0,2.0,0.88,5800950.0,1330228290.6
09618.HK,20200624,232.6,235.4,231.8,234.8,230.0,4.8,2.09,7307560.0,1713110549.05
09618.HK,20200626,234.8,236.0,233.4,234.4,234.8,-0.4,-0.17,3147850.0,739105750.8
09618.HK,20200629,232.0,232.2,228.2,229.8,234.4,-4.6,-1.96,4125307.0,947082847.4
09618.HK,20200630,231.2,232.8,228.4,231.8,229.8,2.0,0.87,2175206.0,501528933.15
09618.HK,20200702,232.4,235.8,231.4,235.8,231.8,4.0,1.73,4620079.0,1076705613.23
09618.HK,20200703,236.2,236.8,234.4,235.6,235.8,-0.2,-0.08,4343783.0,1024500443.4
09618.HK,20200706,237.0,245.0,236.0,244.8,235.6,9.2,3.9,5452223.0,1311211939.05
09618.HK,20200707,248.4,248.6,240.2,242.0,244.8,-2.8,-1.14,4434131.0,1076930621.2
09618.HK,20200708,237.0,247.6,236.6,247.6,242.0,5.6,2.31,4511655.0,1094445497.3
09618.HK,20200709,252.6,271.6,252.0,266.0,247.6,18.4,7.43,11022464.0,2892146491.63
09618.HK,20200710,264.0,266.0,257.0,260.4,266.0,-5.6,-2.11,5766817.0,1508915676.2
09618.HK,20200713,256.8,259.0,252.2,255.6,260.4,-4.8,-1.84,5257759.0,1345568694.6
09618.HK,20200714,243.2,244.4,238.6,241.8,255.6,-13.8,-5.4,9143476.0,2213972509.4
09618.HK,20200715,242.2,243.4,239.0,241.2,241.8,-0.6,-0.25,3617890.0,873272854.4
09618.HK,20200716,243.8,244.0,233.0,235.0,241.2,-6.2,-2.57,5553074.0,1313178888.2
09618.HK,20200717,239.0,244.2,238.8,240.6,235.0,5.6,2.38,3488903.0,844826592.4
09618.HK,20200720,242.2,243.6,238.0,241.8,240.6,1.2,0.5,2322904.0,561694714.2
09618.HK,20200721,251.2,254.2,248.2,254.2,241.8,12.4,5.13,4671746.0,1172576549.15
09618.HK,20200722,244.4,248.2,242.0,242.2,254.2,-12.0,-4.72,8166401.0,1999835128.8
09618.HK,20200723,241.4,243.8,238.6,241.6,242.2,-0.6,-0.25,4145525.0,999474411.95
09618.HK,20200724,235.0,238.6,231.8,234.8,241.6,-6.8,-2.81,7106385.0,1668395622.5
09618.HK,20200727,236.0,239.0,234.2,236.8,234.8,2.0,0.85,2997808.0,709097344.95
09618.HK,20200728,242.0,245.0,241.2,243.4,236.8,6.6,2.79,3109197.0,756079179.9
09618.HK,20200729,239.2,240.0,238.2,239.8,243.4,-3.6,-1.48,2066347.0,494588556.59
09618.HK,20200730,241.6,242.8,239.8,240.8,239.8,1.0,0.42,1537150.0,370941515.0
09618.HK,20200731,243.2,244.0,238.8,240.8,240.8,0.0,0.0,1722539.0,415055673.36
09618.HK,20200803,245.0,247.4,245.0,247.2,240.8,6.4,2.66,3302847.0,814089054.5
09618.HK,20200804,250.0,252.0,248.0,252.0,247.2,4.8,1.94,3337203.0,835993909.2
09618.HK,20200805,251.6,253.0,249.2,253.0,252.0,1.0,0.4,1656440.0,416242821.0
09618.HK,20200806,253.6,254.8,250.4,254.0,253.0,1.0,0.4,1840278.0,464693335.5
09618.HK,20200807,250.8,250.8,241.2,246.4,254.0,-7.6,-2.99,4084993.0,1007764448.05
09618.HK,20200810,241.8,243.4,239.0,240.4,246.4,-6.0,-2.44,2688482.0,647322840.4
09618.HK,20200811,240.4,244.0,240.4,242.4,240.4,2.0,0.83,2721861.0,659788657.2
09618.HK,20200812,239.0,241.6,236.8,241.0,242.4,-1.4,-0.58,3717897.0,888555517.25
09618.HK,20200813,244.4,245.6,243.0,244.4,241.0,3.4,1.41,1825042.0,446019010.45
09618.HK,20200814,244.4,244.4,242.4,243.0,244.4,-1.4,-0.57,1421558.0,345597301.99
09618.HK,20200817,241.6,246.6,238.0,242.6,243.0,-0.4,-0.16,4163589.0,1008548476.9
09618.HK,20200818,256.0,266.0,255.8,265.6,242.6,23.0,9.48,17077458.0,4450794970.48
09618.HK,20200819,268.4,279.6,268.4,278.0,265.6,12.4,4.67,7451163.0,2052610303.5
09618.HK,20200820,279.4,280.0,274.0,279.8,278.0,1.8,0.65,4811896.0,1335271200.59
09618.HK,20200821,286.6,291.0,285.6,287.6,279.8,7.8,2.79,6479102.0,1867509586.8
09618.HK,20200824,290.0,300.6,289.8,299.0,287.6,11.4,3.96,6424380.0,1900865018.49
09618.HK,20200825,299.0,306.0,294.4,298.0,299.0,-1.0,-0.33,7810400.0,2344335307.2
09618.HK,20200826,310.8,321.6,306.8,315.8,298.0,17.8,5.97,9122156.0,2869918287.33
09618.HK,20200827,315.0,322.6,307.4,316.6,315.8,0.8,0.25,7458833.0,2352288065.2
09618.HK,20200828,309.0,312.0,307.0,308.4,316.6,-8.2,-2.59,6864653.0,2122974188.37
09618.HK,20200831,310.0,317.4,310.0,310.6,308.4,2.2,0.71,3569552.0,1120599726.0
09618.HK,20200901,306.4,312.0,305.0,309.2,310.6,-1.4,-0.45,4629256.0,1431636186.09
09618.HK,20200902,326.0,337.2,322.2,332.0,309.2,22.8,7.37,8081230.0,2661259553.75
09618.HK,20200903,323.0,328.2,320.2,323.2,332.0,-8.8,-2.65,6026765.0,1951054645.95
09618.HK,20200904,305.0,309.6,300.0,307.8,323.2,-15.4,-4.76,10782370.0,3296622882.02
09618.HK,20200907,306.8,314.0,302.4,305.8,307.8,-2.0,-0.65,4106816.0,1263693014.29
09618.HK,20200908,310.0,310.2,296.4,305.0,305.8,-0.8,-0.26,3356261.0,1015505767.35
09618.HK,20200909,293.2,297.8,291.8,295.6,305.0,-9.4,-3.08,4512619.0,1328474941.09
09618.HK,20200910,298.4,304.8,294.0,295.0,295.6,-0.6,-0.2,2748950.0,821401814.55
09618.HK,20200911,291.8,296.4,289.0,295.0,295.0,0.0,0.0,3923159.0,1151550091.85
09618.HK,20200914,292.8,295.2,292.0,293.8,295.0,-1.2,-0.41,4212797.0,1235756937.85
09618.HK,20200915,296.6,304.6,296.4,301.8,293.8,8.0,2.72,4112490.0,1239660766.95
09618.HK,20200916,300.0,300.6,296.0,298.4,301.8,-3.4,-1.13,3773093.0,1126974548.6
09618.HK,20200917,292.0,293.0,284.2,287.0,298.4,-11.4,-3.82,6150385.0,1774557031.75
09618.HK,20200918,289.0,293.4,288.0,291.8,287.0,4.8,1.67,2591487.0,756558633.6
09618.HK,20200921,291.0,292.8,287.0,287.2,291.8,-4.6,-1.58,1946835.0,562807304.1
09618.HK,20200922,290.0,293.8,287.0,290.0,287.2,2.8,0.97,2715939.0,788566807.45
09618.HK,20200923,291.6,296.0,290.2,292.4,290.0,2.4,0.83,2311704.0,677745080.19
09618.HK,20200924,288.0,292.0,285.2,288.4,292.4,-4.0,-1.37,2957946.0,852062578.65
09618.HK,20200925,284.6,286.0,279.8,282.2,288.4,-6.2,-2.15,3834701.0,1082755228.25
09618.HK,20200928,286.6,292.4,286.6,290.0,282.2,7.8,2.76,3492472.0,1013001460.04
09618.HK,20200929,297.0,297.0,292.6,295.2,290.0,5.2,1.79,3648160.0,1076475021.5
09618.HK,20200930,292.6,298.4,291.2,293.8,295.2,-1.4,-0.47,4193866.0,1234207625.03
09618.HK,20201005,300.0,300.6,295.0,297.4,293.8,3.6,1.23,2649215.0,788942196.65
09618.HK,20201006,297.2,299.2,296.4,298.6,297.4,1.2,0.4,2579224.0,769252979.8
09618.HK,20201007,298.0,306.0,298.0,305.2,298.6,6.6,2.21,4504756.0,1365772028.55
09618.HK,20201008,305.2,305.2,302.0,305.0,305.2,-0.2,-0.07,3323959.0,1010940289.11
09618.HK,20201009,305.0,309.2,302.0,307.8,305.0,2.8,0.92,6339645.0,1948430758.8
09618.HK,20201012,310.2,317.8,309.6,316.8,307.8,9.0,2.92,6558498.0,2059521844.2
09618.HK,20201014,323.2,324.0,319.4,324.0,316.8,7.2,2.27,5306020.0,1709294371.15
09618.HK,20201015,316.0,316.0,310.0,311.4,324.0,-12.6,-3.89,5075136.0,1584914936.2
09618.HK,20201016,309.2,316.2,308.6,315.0,311.4,3.6,1.16,3809369.0,1189941360.5
09618.HK,20201019,318.6,321.2,314.6,317.0,315.0,2.0,0.63,2204561.0,699414609.75
09618.HK,20201020,316.4,318.2,311.6,317.6,317.0,0.6,0.19,2373277.0,748689455.6
09618.HK,20201021,321.0,326.0,320.2,322.8,317.6,5.2,1.64,3380891.0,1094700800.8
09618.HK,20201022,322.0,323.0,316.8,323.0,322.8,0.2,0.06,3105355.0,994585993.7
09618.HK,20201023,317.4,317.6,314.2,316.0,323.0,-7.0,-2.17,4105015.0,1296795502.8
09618.HK,20201027,313.4,318.2,312.2,316.4,316.0,0.4,0.13,2094501.0,659693485.9
09618.HK,20201028,321.0,323.2,318.6,321.0,316.4,4.6,1.45,3480020.0,1118557005.04
09618.HK,20201029,314.8,320.6,312.6,318.0,321.0,-3.0,-0.93,3910246.0,1238940140.0
09618.HK,20201030,321.6,326.0,314.6,315.2,318.0,-2.8,-0.88,4808349.0,1538324733.44
09618.HK,20201102,317.0,322.4,315.0,320.4,315.2,5.2,1.65,2326434.0,742014665.09
09618.HK,20201103,321.6,324.0,320.6,322.0,320.4,1.6,0.5,3094286.0,998146756.2
09618.HK,20201104,318.8,337.6,317.6,330.0,322.0,8.0,2.48,9289115.0,3075989467.84
09618.HK,20201105,350.0,361.8,347.2,361.0,330.0,31.0,9.39,9415312.0,3335990065.08
09618.HK,20201106,355.6,364.2,354.0,358.2,361.0,-2.8,-0.78,4780390.0,1710258544.3
09618.HK,20201109,365.0,365.2,357.8,362.2,358.2,4.0,1.12,4800405.0,1740385447.7
09618.HK,20201110,335.0,340.6,323.0,330.4,362.2,-31.8,-8.78,17310752.0,5784797629.78
09618.HK,20201111,309.8,314.8,300.0,300.0,330.4,-30.4,-9.2,16951314.0,5195474342.58
09618.HK,20201112,320.0,326.8,317.2,323.0,300.0,23.0,7.67,10671161.0,3443570359.76
09618.HK,20201113,335.0,348.4,332.2,348.4,323.0,25.4,7.86,10216844.0,3509201813.94
09618.HK,20201116,360.0,368.2,348.6,368.0,348.4,19.6,5.63,9499722.0,3431019382.95
09618.HK,20201117,339.0,345.8,335.6,341.8,368.0,-26.2,-7.12,14658502.0,5007539863.93
09618.HK,20201118,339.8,344.2,336.0,340.0,341.8,-1.8,-0.53,8649610.0,2938684795.69
09618.HK,20201119,336.8,336.8,331.0,332.2,340.0,-7.8,-2.29,6629844.0,2205189932.98
09618.HK,20201120,332.0,339.4,330.6,336.0,332.2,3.8,1.14,5109847.0,1711978822.89
09618.HK,20201123,341.0,345.2,338.4,344.6,336.0,8.6,2.56,4799775.0,1642568633.6
09618.HK,20201124,352.8,354.0,345.8,348.2,344.6,3.6,1.04,5550985.0,1940687696.9
09618.HK,20201125,349.0,352.4,339.6,343.0,348.2,-5.2,-1.49,5527376.0,1910893994.65
09618.HK,20201126,343.0,346.8,340.6,345.8,343.0,2.8,0.82,3624361.0,1249166697.47
09618.HK,20201127,346.6,350.0,342.8,342.8,345.8,-3.0,-0.87,3090093.0,1066640817.05
09618.HK,20201130,343.6,343.6,336.0,338.6,342.8,-4.2,-1.23,4435838.0,1502270483.84
09618.HK,20201201,333.6,337.4,329.8,335.6,338.6,-3.0,-0.89,5343968.0,1781120025.72
09618.HK,20201202,331.8,331.8,324.0,326.0,335.6,-9.6,-2.86,5631674.0,1843240439.41
09618.HK,20201203,330.0,332.8,327.8,331.4,326.0,5.4,1.66,4841972.0,1600155152.3
09618.HK,20201204,333.0,343.6,332.6,339.4,331.4,8.0,2.41,7503488.0,2547512679.6
09618.HK,20201207,332.8,333.0,328.2,331.8,339.4,-7.6,-2.24,5379127.0,1777486067.16
09618.HK,20201208,324.8,326.2,321.0,325.8,331.8,-6.0,-1.81,8216680.0,2666417146.65
09618.HK,20201209,320.0,323.6,319.8,321.2,325.8,-4.6,-1.41,12619788.0,4058398656.35
09618.HK,20201210,318.6,319.8,317.0,319.0,321.2,-2.2,-0.68,8185147.0,2613562832.39
09618.HK,20201211,319.0,324.4,318.0,320.2,319.0,1.2,0.38,7589145.0,2434251847.7
09618.HK,20201214,321.0,322.8,313.4,315.2,320.2,-5.0,-1.56,6720726.0,2117514431.0
09618.HK,20201215,309.0,310.2,302.2,306.4,315.2,-8.8,-2.79,11088321.0,3388270228.6
09618.HK,20201216,308.8,317.4,307.2,311.6,306.4,5.2,1.7,7111959.0,2223669631.1
09618.HK,20201217,317.0,324.0,316.6,323.0,311.6,11.4,3.66,6066105.0,1950703904.59
09618.HK,20201218,321.0,322.0,316.8,320.4,323.0,-2.6,-0.8,11890700.0,3806668553.73
09618.HK,20201221,318.0,318.2,313.2,313.4,320.4,-7.0,-2.18,5909369.0,1866787525.03
09618.HK,20201222,315.0,321.4,313.2,315.2,313.4,1.8,0.57,4318485.0,1366533289.16
09618.HK,20201223,320.6,336.8,318.4,333.0,315.2,17.8,5.65,9682381.0,3197694449.8
09618.HK,20201224,326.0,333.6,321.0,325.4,333.0,-7.6,-2.28,4746655.0,1545335852.64
09618.HK,20201228,323.0,323.8,315.0,318.4,325.4,-7.0,-2.15,6207213.0,1977481405.25
09618.HK,20201229,317.6,324.8,316.8,322.0,318.4,3.6,1.13,4117028.0,1325705869.3
09618.HK,20201230,331.4,338.0,330.2,337.8,322.0,15.8,4.91,5290284.0,1773164206.7
09618.HK,20201231,344.0,346.2,340.4,342.0,337.8,4.2,1.24,3343847.0,1146550258.29
09618.HK,20210104,340.2,346.0,336.6,343.6,342.0,1.6,0.47,4312589.0,1473441430.4
09618.HK,20210105,335.4,340.8,333.8,338.8,343.6,-4.8,-1.4,3244487.0,1098313291.11
09618.HK,20210106,363.8,367.8,356.6,365.0,338.8,26.2,7.73,10200927.0,3705403569.55
09618.HK,20210107,346.6,353.0,343.4,351.0,365.0,-14.0,-3.84,7080623.0,2469177355.15
09618.HK,20210108,342.0,350.0,341.2,347.6,351.0,-3.4,-0.97,6109727.0,2117578268.4
09618.HK,20210111,353.0,357.6,351.0,353.6,347.6,6.0,1.73,4907313.0,1737193058.19
09618.HK,20210112,350.4,358.0,350.4,352.8,353.6,-0.8,-0.23,3231081.0,1144988507.15
09618.HK,20210113,345.4,347.4,343.6,346.6,352.8,-6.2,-1.76,4907614.0,1695725224.65
09618.HK,20210114,351.0,355.6,350.4,353.4,346.6,6.8,1.96,2912710.0,1029215422.02
09618.HK,20210115,349.4,351.2,346.0,350.4,353.4,-3.0,-0.85,3910133.0,1364987933.95
09618.HK,20210118,342.0,348.6,339.8,347.4,350.4,-3.0,-0.86,6262771.0,2161568114.4
09618.HK,20210119,350.0,359.8,350.0,352.4,347.4,5.0,1.44,7201078.0,2545236083.35
09618.HK,20210120,354.8,369.4,352.0,364.2,352.4,11.8,3.35,9095720.0,3299525709.85
09618.HK,20210121,371.0,377.8,366.0,370.0,364.2,5.8,1.59,7783199.0,2899904761.9
09618.HK,20210122,370.0,373.8,363.6,365.2,370.0,-4.8,-1.3,3971471.0,1462359055.19
09618.HK,20210125,370.0,389.0,370.0,387.6,365.2,22.4,6.13,8276429.0,3184516380.1
09618.HK,20210126,385.8,389.8,378.0,382.0,387.6,-5.6,-1.44,6236887.0,2387037344.75
09618.HK,20210127,376.0,377.8,363.4,372.8,382.0,-9.2,-2.41,6956387.0,2581670313.4
09618.HK,20210128,351.8,356.0,346.0,350.4,372.8,-22.4,-6.01,13272231.0,4643794579.5
09618.HK,20210129,355.0,358.8,342.4,345.8,350.4,-4.6,-1.31,6382292.0,2225320131.2
09618.HK,20210201,344.4,355.8,344.0,353.0,345.8,7.2,2.08,5495973.0,1930712477.76
09618.HK,20210202,360.0,375.6,359.4,372.4,353.0,19.4,5.5,8138153.0,3009448211.77
09618.HK,20210203,373.2,382.2,368.4,377.6,372.4,5.2,1.4,6309732.0,2376648101.4
09618.HK,20210204,370.0,371.8,359.8,368.0,377.6,-9.6,-2.54,5701389.0,2091950408.88
09618.HK,20210205,371.6,375.4,368.6,369.6,368.0,1.6,0.43,3745232.0,1391909923.95
09618.HK,20210208,375.6,378.2,365.6,367.4,369.6,-2.2,-0.6,3609172.0,1341196601.45
09618.HK,20210209,367.6,369.2,362.4,367.0,367.4,-0.4,-0.11,3661107.0,1340588428.4
09618.HK,20210210,376.0,386.0,375.6,384.0,367.0,17.0,4.63,6119575.0,2342290637.2
09618.HK,20210211,383.0,386.8,380.2,386.8,384.0,2.8,0.73,1727383.0,664647587.7
09618.HK,20210216,393.0,394.8,388.0,391.6,386.8,4.8,1.24,4534364.0,1776974870.95
09618.HK,20210217,399.6,419.8,398.4,416.8,391.6,25.2,6.44,8193956.0,3386710509.85
09618.HK,20210218,422.4,422.8,408.4,413.6,416.8,-3.2,-0.77,5764341.0,2385549430.72
09618.HK,20210219,406.4,410.6,393.2,410.6,413.6,-3.0,-0.73,4735906.0,1911298453.59
09618.HK,20210222,413.8,414.2,395.0,395.0,410.6,-15.6,-3.8,4730672.0,1898022996.06
09618.HK,20210223,380.0,392.6,375.8,389.0,395.0,-6.0,-1.52,7684387.0,2964373785.05
09618.HK,20210224,389.0,391.0,367.2,373.8,389.0,-15.2,-3.91,7389001.0,2768809990.36
09618.HK,20210225,378.0,383.4,369.2,378.0,373.8,4.2,1.12,5002837.0,1883670080.81
09618.HK,20210226,356.8,365.4,353.6,360.0,378.0,-18.0,-4.76,7604685.0,2745483386.83
09618.HK,20210301,363.0,374.6,363.0,374.6,360.0,14.6,4.06,5392759.0,1996689100.9
09618.HK,20210302,384.4,388.6,375.2,377.8,374.6,3.2,0.85,6211340.0,2375461149.95
09618.HK,20210303,376.6,377.8,368.4,377.8,377.8,0.0,0.0,3867732.0,1446187003.71
09618.HK,20210304,364.8,366.0,357.0,362.8,377.8,-15.0,-3.97,7079842.0,2566132594.33
09618.HK,20210305,348.6,359.0,343.4,357.4,,,,6568329.0,2316505317.9
09618.HK,20210308,354.6,354.8,331.8,336.2,357.4,-21.2,-5.93,9474502.0,3216151539.6
09618.HK,20210309,330.0,341.0,319.4,327.0,336.2,-9.2,-2.74,10424128.0,3422319295.32
09618.HK,20210310,347.0,348.2,339.4,341.4,327.0,14.4,4.4,5847436.0,2007738016.6
09618.HK,20210311,346.0,363.0,345.2,360.8,341.4,19.4,5.68,5729258.0,2046866925.9
09618.HK,20210312,353.6,353.6,339.0,343.4,360.8,-17.4,-4.82,12357281.0,4252406282.6
09618.HK,20210315,329.0,330.0,318.4,322.2,343.4,-21.2,-6.17,12174234.0,3944326777.25
09618.HK,20210316,331.6,336.8,328.6,331.0,322.2,8.8,2.73,5668725.0,1881345362.2
09618.HK,20210317,329.0,333.0,324.0,329.0,331.0,-2.0,-0.6,3642710.0,1197344398.3
09618.HK,20210318,334.0,336.8,331.0,331.0,329.0,2.0,0.61,4783318.0,1594400633.9
09618.HK,20210319,325.0,328.8,322.0,326.4,331.0,-4.6,-1.39,6190440.0,2013490470.85
09618.HK,20210322,326.2,333.6,326.2,328.0,326.4,1.6,0.49,2635125.0,866072668.95
09618.HK,20210323,333.0,333.0,320.0,323.0,328.0,-5.0,-1.52,2887668.0,932686813.85
09618.HK,20210324,325.0,327.8,316.2,319.2,323.0,-3.8,-1.18,5456416.0,1740926608.75
09618.HK,20210325,308.0,309.2,298.0,307.8,319.2,-11.4,-3.57,7887111.0,2406183833.61
09618.HK,20210326,308.8,316.0,306.8,313.2,307.8,5.4,1.75,3243485.0,1014567230.1
09618.HK,20210329,317.0,320.2,310.0,313.4,313.2,0.2,0.06,3934800.0,1234924878.65
09618.HK,20210330,321.0,325.4,317.0,319.0,313.4,5.6,1.79,4469920.0,1435561824.4
09618.HK,20210331,326.0,327.4,321.2,322.0,319.0,3.0,0.94,3798164.0,1230407210.35
09618.HK,20210401,328.6,338.2,326.6,336.2,322.0,14.2,4.41,6303187.0,2104503583.25
09618.HK,20210407,327.0,327.4,321.0,324.4,336.2,-11.8,-3.51,4624561.0,1498387841.89
09618.HK,20210408,317.0,323.4,315.2,320.8,324.4,-3.6,-1.11,4969124.0,1592357202.2
09618.HK,20210409,320.8,320.8,312.8,316.0,320.8,-4.8,-1.5,3288043.0,1036696189.5
09618.HK,20210412,315.0,315.0,303.2,309.2,316.0,-6.8,-2.15,5424736.0,1671300985.15
09618.HK,20210413,305.2,307.8,295.4,298.4,309.2,-10.8,-3.49,9310823.0,2798452077.39
09618.HK,20210414,303.4,307.8,303.2,306.0,298.4,7.6,2.55,5481245.0,1672773332.3
09618.HK,20210415,303.0,303.2,298.0,301.0,306.0,-5.0,-1.63,4915355.0,1475834439.85
09618.HK,20210416,301.0,304.4,299.2,303.0,301.0,2.0,0.66,3173306.0,958581277.7
09618.HK,20210419,299.0,302.6,296.0,301.4,303.0,-1.6,-0.53,6140290.0,1839551588.2
09618.HK,20210420,298.2,301.0,296.4,298.0,301.4,-3.4,-1.13,5085730.0,1514582230.15
09618.HK,20210421,289.8,290.0,284.0,287.2,298.0,-10.8,-3.62,12479182.0,3581247908.55
09618.HK,20210422,291.0,295.0,288.4,291.4,287.2,4.2,1.46,4029795.0,1173724538.32
09618.HK,20210423,295.0,298.4,293.2,297.0,291.4,5.6,1.92,3233401.0,959333269.65
09618.HK,20210426,298.0,303.6,298.0,299.2,297.0,2.2,0.74,4647326.0,1397605063.05
09618.HK,20210427,299.0,300.0,295.8,298.0,299.2,-1.2,-0.4,2989807.0,890200971.8
09618.HK,20210428,306.0,312.0,301.2,304.6,298.0,6.6,2.21,5966680.0,1832040125.7
09618.HK,20210429,309.6,310.8,305.2,307.0,304.6,2.4,0.79,2525149.0,776466606.15
09618.HK,20210430,302.0,302.0,297.2,298.8,307.0,-8.2,-2.67,3616470.0,1082016018.65
09618.HK,20210503,299.0,302.0,297.4,298.8,298.8,0.0,0.0,2997664.0,897035043.79
09618.HK,20210504,297.0,302.6,297.0,300.8,298.8,2.0,0.67,1845055.0,553943652.6
09618.HK,20210505,295.2,297.4,293.2,296.0,300.8,-4.8,-1.6,2699099.0,798689576.5
09618.HK,20210506,296.6,299.8,293.6,295.4,296.0,-0.6,-0.2,3171637.0,939095674.05
09618.HK,20210507,297.0,299.8,292.0,292.6,295.4,-2.8,-0.95,2850882.0,840320737.94
09618.HK,20210510,294.6,295.0,283.6,287.2,292.6,-5.4,-1.85,4604034.0,1321556058.05
09618.HK,20210511,274.0,275.0,267.4,272.2,287.2,-15.0,-5.22,8983155.0,2438458244.0
09618.HK,20210512,278.8,287.0,278.6,286.4,272.2,14.2,5.22,5221350.0,1481773277.5
09618.HK,20210513,279.0,279.8,275.0,276.6,286.4,-9.8,-3.42,3431222.0,950744671.2
09618.HK,20210514,264.8,268.4,261.0,268.2,276.6,-8.4,-3.04,9953866.0,2641152571.15
09618.HK,20210517,264.8,267.0,261.6,265.8,268.2,-2.4,-0.89,9107426.0,2408995766.21
09618.HK,20210518,269.6,271.6,266.8,270.8,265.8,5.0,1.88,4415339.0,1189250073.2
09618.HK,20210520,275.4,285.0,275.4,280.8,270.8,10.0,3.69,8532149.0,2398490363.9
09618.HK,20210521,291.8,292.6,288.2,288.8,280.8,8.0,2.85,8727689.0,2529426548.38
09618.HK,20210524,282.4,282.6,276.8,282.4,288.8,-6.4,-2.22,5562028.0,1560573105.56
09618.HK,20210525,278.2,286.2,277.0,285.0,282.4,2.6,0.92,4416752.0,1250489209.55
09618.HK,20210526,286.0,291.0,285.6,287.6,285.0,2.6,0.91,3707365.0,1069318685.5
09618.HK,20210527,285.0,286.2,282.6,284.4,287.6,-3.2,-1.11,3500292.0,997208278.0
09618.HK,20210528,286.8,286.8,281.0,282.4,284.4,-2.0,-0.7,3432284.0,971797746.3
09618.HK,20210531,286.4,292.0,285.6,291.2,282.4,8.8,3.12,3616214.0,1048617160.1
09618.HK,20210601,294.0,299.0,293.2,297.8,291.2,6.6,2.27,5987869.0,1776645728.4
09618.HK,20210602,303.6,305.8,298.6,299.8,297.8,2.0,0.67,6518988.0,1968523861.15
09618.HK,20210603,298.2,300.0,294.4,295.8,299.8,-4.0,-1.33,3170345.0,941629036.45
09618.HK,20210604,294.0,298.8,290.8,295.4,295.8,-0.4,-0.14,3272562.0,965920175.06
09618.HK,20210607,290.4,292.0,286.2,289.2,295.4,-6.2,-2.1,3298122.0,951932063.13
09618.HK,20210608,292.0,292.0,285.0,288.0,289.2,-1.2,-0.41,2663573.0,765555208.4
09618.HK,20210609,284.6,284.8,280.0,281.4,288.0,-6.6,-2.29,4881901.0,1373188720.15
09618.HK,20210610,281.4,285.6,280.2,283.4,281.4,2.0,0.71,2451267.0,694944796.35
09618.HK,20210611,279.0,280.0,277.2,279.2,283.4,-4.2,-1.48,4835571.0,1346925105.2
09618.HK,20210615,278.0,278.4,274.2,276.0,279.2,-3.2,-1.15,4724469.0,1305087250.91
09618.HK,20210616,276.0,276.6,272.6,273.8,276.0,-2.2,-0.8,4397356.0,1207414067.0
09618.HK,20210617,275.2,282.2,275.2,276.6,273.8,2.8,1.02,2980751.0,827410000.6
09618.HK,20210618,285.0,289.6,284.0,286.4,276.6,9.8,3.54,7176870.0,2057022010.8
09618.HK,20210621,278.0,280.2,275.6,280.0,286.4,-6.4,-2.23,5321187.0,1481476054.65
09618.HK,20210622,280.0,282.0,277.6,278.8,280.0,-1.2,-0.43,2445189.0,682137476.0
09618.HK,20210623,284.8,287.8,284.0,286.0,278.8,7.2,2.58,4274506.0,1223851014.05
09618.HK,20210624,286.0,288.4,284.0,286.2,286.0,0.2,0.07,3814626.0,1093506311.36
09618.HK,20210625,291.2,296.8,290.4,295.0,286.2,8.8,3.07,6194875.0,1825196573.81
09618.HK,20210628,299.0,305.0,299.0,300.2,295.0,5.2,1.76,4270196.0,1286342877.2
09618.HK,20210629,300.4,307.6,300.0,302.0,300.2,1.8,0.6,6532320.0,1978039417.09
09618.HK,20210630,309.6,309.6,304.4,305.4,302.0,3.4,1.13,5428940.0,1663305565.67
09618.HK,20210702,304.6,304.6,297.2,300.8,305.4,-4.6,-1.51,6978208.0,2096083260.32
09618.HK,20210705,295.2,297.2,289.8,292.0,300.8,-8.8,-2.93,4963743.0,1452414285.13
09618.HK,20210706,292.0,295.2,289.2,293.2,292.0,1.2,0.41,1871064.0,546700624.4
09618.HK,20210707,283.6,287.4,281.6,287.0,293.2,-6.2,-2.11,6441944.0,1836363292.4
09618.HK,20210708,279.0,281.8,276.0,276.6,287.0,-10.4,-3.62,6941862.0,1929903224.29
09618.HK,20210709,275.0,280.2,269.0,279.0,276.6,2.4,0.87,5777611.0,1598811362.5
09618.HK,20210712,284.0,286.0,279.8,281.4,279.0,2.4,0.86,4723965.0,1336221518.0
09618.HK,20210713,285.0,294.6,283.0,291.0,281.4,9.6,3.41,5781729.0,1674701309.55
09618.HK,20210714,297.6,298.8,294.6,295.8,291.0,4.8,1.65,6928302.0,2053564061.2
09618.HK,20210715,295.2,299.6,293.0,297.0,295.8,1.2,0.41,4565622.0,1356422850.3
09618.HK,20210716,298.4,300.0,295.2,298.0,297.0,1.0,0.34,3115372.0,928979676.6
09618.HK,20210719,292.6,293.4,288.0,289.6,298.0,-8.4,-2.82,3140552.0,910137212.45
09618.HK,20210720,288.0,292.6,286.6,287.8,289.6,-1.8,-0.62,2057975.0,593360077.35
09618.HK,20210721,286.6,289.2,282.8,286.2,287.8,-1.6,-0.56,2165207.0,618451294.2
09618.HK,20210722,291.2,296.6,291.2,295.2,286.2,9.0,3.14,2697633.0,794191118.6
09618.HK,20210723,297.0,297.2,288.0,289.8,295.2,-5.4,-1.83,2394028.0,696653944.45
09618.HK,20210726,279.2,279.2,266.8,267.2,289.8,-22.6,-7.8,9397687.0,2555630629.05
09618.HK,20210727,258.0,262.6,238.2,242.0,267.2,-25.2,-9.43,16523228.0,4118176796.77
09618.HK,20210728,251.2,255.0,241.2,251.0,242.0,9.0,3.72,10380744.0,2577473710.4
09618.HK,20210729,272.0,283.2,268.6,283.2,251.0,32.2,12.83,11726410.0,3240304235.38
09618.HK,20210730,276.0,277.6,270.4,276.6,283.2,-6.6,-2.33,5418352.0,1487696363.29
09618.HK,20210802,279.2,279.2,270.2,277.2,276.6,0.6,0.22,3938732.0,1086598965.5
09618.HK,20210803,285.8,285.8,271.2,275.8,277.2,-1.4,-0.51,6514363.0,1802630170.1
09618.HK,20210804,272.0,282.8,271.2,277.4,275.8,1.6,0.58,3837901.0,1069323334.8
09618.HK,20210805,277.4,281.2,273.0,273.6,277.4,-3.8,-1.37,2194268.0,606412755.1
09618.HK,20210806,273.0,278.0,269.6,276.4,273.6,2.8,1.02,2629143.0,723675658.84
09618.HK,20210809,270.0,277.0,267.0,273.4,276.4,-3.0,-1.09,3735189.0,1020106685.68
09618.HK,20210810,278.2,286.4,276.6,285.2,273.4,11.8,4.32,3440279.0,973381286.2
09618.HK,20210811,280.0,286.0,277.4,281.6,285.2,-3.6,-1.26,2946149.0,830625902.95
09618.HK,20210812,278.0,279.8,274.0,276.2,281.6,-5.4,-1.92,3865338.0,1069730229.5
09618.HK,20210813,273.6,279.8,272.4,274.0,276.2,-2.2,-0.8,3922730.0,1076426465.6
09618.HK,20210816,271.0,273.0,262.0,263.6,274.0,-10.4,-3.8,4220101.0,1117294843.3
09618.HK,20210817,259.8,260.0,245.2,250.0,263.6,-13.6,-5.16,7827200.0,1985405869.15
09618.HK,20210818,250.8,256.4,250.2,253.4,250.0,3.4,1.36,4645307.0,1177236861.3
09618.HK,20210819,253.4,257.0,244.8,246.6,253.4,-6.8,-2.68,4823518.0,1208714717.65
09618.HK,20210820,246.0,247.0,236.4,241.4,246.6,-5.2,-2.11,5828161.0,1404855316.8
09618.HK,20210823,247.2,254.2,240.8,243.6,241.4,2.2,0.91,5680532.0,1396634534.75
09618.HK,20210824,256.2,284.0,256.2,280.0,243.6,36.4,14.94,12394449.0,3384609014.7
09618.HK,20210825,295.0,306.8,288.4,294.0,280.0,14.0,5.0,14835906.0,4379367834.84
09618.HK,20210826,298.0,298.8,291.0,296.6,294.0,2.6,0.88,5460927.0,1610517782.19
09618.HK,20210827,299.0,306.6,298.4,304.8,296.6,8.2,2.76,7794088.0,2361449002.17
09618.HK,20210830,298.0,304.6,294.8,298.4,304.8,-6.4,-2.1,4246552.0,1275061878.65
09618.HK,20210831,298.4,306.4,294.2,306.4,298.4,8.0,2.68,4058187.0,1225155062.65
09618.HK,20210901,307.0,314.0,305.6,311.4,306.4,5.0,1.63,5552660.0,1726831168.39
09618.HK,20210902,315.0,320.8,311.2,315.0,311.4,3.6,1.16,5354590.0,1691762125.23
09618.HK,20210903,315.2,316.6,308.8,312.2,315.0,-2.8,-0.89,3372365.0,1052374074.51
09618.HK,20210906,308.8,316.8,307.4,316.4,312.2,4.2,1.35,2515295.0,791748401.96
09618.HK,20210907,318.0,323.4,315.6,317.4,316.4,1.0,0.32,4031048.0,1285663066.06
09618.HK,20210908,318.0,325.8,318.0,323.4,317.4,6.0,1.89,4569193.0,1474977655.15
09618.HK,20210909,320.0,320.0,303.2,305.2,323.4,-18.2,-5.63,5493747.0,1699864907.01
09618.HK,20210910,313.0,321.2,311.4,321.2,305.2,16.0,5.24,5848784.0,1857013153.86
09618.HK,20210913,315.0,315.0,307.2,313.2,321.2,-8.0,-2.49,4929511.0,1531785866.85
09618.HK,20210914,318.0,318.0,311.0,313.6,313.2,0.4,0.13,5523084.0,1738897324.73
09618.HK,20210915,303.0,304.2,292.8,295.0,313.6,-18.6,-5.93,7200608.0,2153577005.25
09618.HK,20210916,295.0,298.4,290.8,293.8,295.0,-1.2,-0.41,4844463.0,1425651928.84
09618.HK,20210917,296.8,308.8,295.8,307.4,293.8,13.6,4.63,7710234.0,2355513937.46
09618.HK,20210920,300.8,301.2,291.2,294.6,307.4,-12.8,-4.16,4048031.0,1193143309.02
09618.HK,20210921,289.8,294.4,285.0,290.8,294.6,-3.8,-1.29,3744311.0,1082030733.79
09618.HK,20210923,300.0,303.0,293.2,296.4,290.8,5.6,1.93,3643254.0,1086250381.25
09618.HK,20210924,296.4,299.0,291.2,292.2,296.4,-4.2,-1.42,3278373.0,966968051.1
09618.HK,20210927,293.4,300.8,291.4,292.4,292.2,0.2,0.07,4630083.0,1369509863.86
09618.HK,20210928,297.8,302.0,295.0,299.2,292.4,6.8,2.33,3959849.0,1186152932.3
09618.HK,20210929,291.0,294.4,286.8,293.8,299.2,-5.4,-1.8,5119391.0,1491088595.1
09618.HK,20210930,281.2,287.6,276.0,283.2,293.8,-10.6,-3.61,8535741.0,2403646120.8
09618.HK,20211004,276.0,278.4,269.0,274.6,283.2,-8.6,-3.04,6641369.0,1823385072.7
09618.HK,20211005,269.0,276.4,268.0,275.6,274.6,1.0,0.36,5377150.0,1469211909.95
09618.HK,20211006,277.2,280.0,272.2,273.2,275.6,-2.4,-0.87,3192588.0,876640179.15
09618.HK,20211007,279.0,291.4,278.0,290.0,273.2,16.8,6.15,5091948.0,1465696539.0
09618.HK,20211008,301.4,301.4,293.8,296.2,290.0,6.2,2.14,5113419.0,1520176935.1
09618.HK,20211011,305.0,313.0,304.6,311.6,296.2,15.4,5.2,5218002.0,1617554792.08
09618.HK,20211012,305.4,309.6,300.4,304.4,311.6,-7.2,-2.31,3941953.0,1203540864.6
09618.HK,20211015,315.0,317.0,310.8,314.8,304.4,10.4,3.42,4585521.0,1440364022.27
09618.HK,20211018,317.0,318.4,310.4,317.8,314.8,3.0,0.95,3629284.0,1143976670.82
09618.HK,20211019,317.8,323.0,317.0,323.0,317.8,5.2,1.64,2857853.0,918753942.27
09618.HK,20211020,328.0,334.8,326.8,331.2,323.0,8.2,2.54,4966747.0,1645346135.03
09618.HK,20211021,332.0,332.8,323.6,327.0,331.2,-4.2,-1.27,4123145.0,1348238719.27
09618.HK,20211022,327.0,328.2,323.4,325.0,327.0,-2.0,-0.61,4070983.0,1325616088.35
09618.HK,20211025,325.0,328.0,322.4,325.0,325.0,0.0,0.0,2002973.0,652010178.64
09618.HK,20211026,326.0,327.4,322.4,325.6,325.0,0.6,0.18,1750991.0,568273949.81
09618.HK,20211027,319.2,319.2,311.0,312.6,325.6,-13.0,-3.99,3152755.0,986713427.2
09618.HK,20211028,315.0,316.2,310.4,312.6,312.6,0.0,0.0,2436460.0,762387942.45
09618.HK,20211029,312.0,313.6,308.0,310.4,312.6,-2.2,-0.7,1942762.0,602977879.35
09618.HK,20211101,304.2,306.6,301.4,306.4,310.4,-4.0,-1.29,2358467.0,719522031.9
09618.HK,20211102,320.4,321.6,311.8,314.2,306.4,7.8,2.55,3216614.0,1015770053.9
09618.HK,20211103,315.0,319.6,311.6,316.4,314.2,2.2,0.7,3066093.0,968452914.14
09618.HK,20211104,318.6,324.8,317.0,323.8,316.4,7.4,2.34,2711814.0,873747748.75
09618.HK,20211105,314.4,316.0,308.2,309.8,323.8,-14.0,-4.32,3078753.0,959879511.15
09618.HK,20211108,305.2,306.0,301.0,305.6,309.8,-4.2,-1.36,2623316.0,798416278.95
09618.HK,20211109,303.2,304.0,297.4,301.6,305.6,-4.0,-1.31,2725138.0,818002816.24
09618.HK,20211110,302.2,309.0,296.2,308.0,301.6,6.4,2.12,1980873.0,600782733.15
09618.HK,20211111,303.0,314.6,300.0,313.4,308.0,5.4,1.75,3766821.0,1167582866.72
09618.HK,20211112,329.0,330.8,325.0,329.6,313.4,16.2,5.17,6676625.0,2193732215.9
09618.HK,20211115,334.8,337.8,332.6,335.8,329.6,6.2,1.88,4103558.0,1375473341.89
09618.HK,20211116,332.0,338.0,328.8,338.0,335.8,2.2,0.66,3794922.0,1275213688.2
09618.HK,20211117,334.8,337.0,330.8,335.0,338.0,-3.0,-0.89,2785612.0,933292116.4
09618.HK,20211118,324.0,325.4,321.0,323.0,335.0,-12.0,-3.58,2896847.0,937284232.65
09618.HK,20211119,339.0,352.4,336.2,352.4,323.0,29.4,9.1,12403666.0,4278861159.94
09618.HK,20211122,364.0,365.0,354.4,359.2,352.4,6.8,1.93,7483155.0,2687446815.32
09618.HK,20211123,345.0,357.8,344.2,354.8,359.2,-4.4,-1.22,11135160.0,3933774235.8
09618.HK,20211124,349.4,355.0,347.4,352.4,354.8,-2.4,-0.68,4611988.0,1621938526.48
09618.HK,20211125,352.2,355.2,346.6,354.4,352.4,2.0,0.57,3895936.0,1369469406.48
09618.HK,20211126,352.4,352.6,344.8,346.0,354.4,-8.4,-2.37,3668308.0,1276797952.35
09618.HK,20211129,350.0,355.6,346.2,350.6,346.0,4.6,1.33,5962909.0,2095956545.99
09618.HK,20211130,345.0,345.8,332.2,339.8,350.6,-10.8,-3.08,8391947.0,2831327881.826
09618.HK,20211201,333.2,343.8,332.4,341.4,339.8,1.6,0.47,8809663.0,2994121735.56
09618.HK,20211202,336.0,345.0,336.0,342.0,341.4,0.6,0.18,6025614.0,2053299047.35
09618.HK,20211203,331.6,331.6,315.2,321.6,342.0,-20.4,-5.96,16502634.0,5310429232.75
09618.HK,20211206,309.8,312.0,303.0,306.0,321.6,-15.6,-4.85,15776823.0,4921521555.75
09618.HK,20211207,300.0,310.2,295.8,307.0,306.0,1.0,0.33,13898798.0,4216694104.9
09618.HK,20211208,307.0,312.4,304.2,307.0,307.0,0.0,0.0,5085054.0,1565735928.6
09618.HK,20211209,309.0,316.0,308.6,311.0,307.0,4.0,1.3,4869335.0,1516460086.77
09618.HK,20211210,311.0,316.4,310.8,312.2,311.0,1.2,0.39,3085667.0,965973075.83
09618.HK,20211213,315.6,323.0,310.2,310.6,312.2,-1.6,-0.51,5236392.0,1644580103.75
09618.HK,20211214,305.0,307.2,302.4,304.4,310.6,-6.2,-2.0,4410864.0,1343150762.88
09618.HK,20211215,302.6,303.8,297.2,299.4,304.4,-5.0,-1.64,3764838.0,1128270009.5
09618.HK,20211216,290.4,291.8,283.6,290.4,299.4,-9.0,-3.01,6350977.0,1827044692.97
09618.HK,20211217,288.0,288.0,278.0,280.2,290.4,-10.2,-3.51,10071364.0,2823302543.8
09618.HK,20211220,273.6,279.0,266.4,269.0,280.2,-11.2,-4.0,5657364.0,1530925343.3
09618.HK,20211221,266.8,276.8,263.8,273.4,269.0,4.4,1.64,7499042.0,2029176617.75
09618.HK,20211222,287.4,287.4,275.6,279.2,273.4,5.8,2.12,6758432.0,1890477447.95
09618.HK,20211223,261.4,264.0,248.0,259.6,279.2,-19.6,-7.02,21926356.0,5647980372.85
09618.HK,20211224,267.6,269.2,260.2,261.2,259.6,1.6,0.62,6233818.0,1641129489.97
09618.HK,20211228,263.0,265.8,257.4,260.8,261.2,-0.4,-0.15,5520278.0,1436632743.2
09618.HK,20211229,260.0,260.0,254.6,255.2,260.8,-5.6,-2.15,5634942.0,1443529060.9
09618.HK,20211230,257.4,264.4,256.8,259.8,255.2,4.6,1.8,5914686.0,1538034427.0
09618.HK,20211231,275.0,278.0,272.2,274.0,259.8,14.2,5.47,5377924.0,1476539319.22
09618.HK,20220103,276.2,278.0,269.2,270.4,274.0,-3.6,-1.31,2526429.0,684430544.85
09618.HK,20220104,267.0,268.2,260.8,265.4,270.4,-5.0,-1.85,3998115.0,1056189145.9
09618.HK,20220105,251.0,252.6,245.0,246.4,265.4,-19.0,-7.16,12719737.0,3165524304.3
09618.HK,20220106,248.0,257.8,247.2,256.6,246.4,10.2,4.14,11419984.0,2883128603.43
09618.HK,20220107,264.6,270.0,260.2,268.8,256.6,12.2,4.75,9715221.0,2593517301.9
09618.HK,20220110,268.8,272.2,265.0,270.2,268.8,1.4,0.52,4721905.0,1275242548.59
09618.HK,20220111,273.6,278.4,270.6,275.0,270.2,4.8,1.78,7023343.0,1930271251.25
09618.HK,20220112,298.8,306.0,295.0,305.2,275.0,30.2,10.98,14837086.0,4459049728.27
09618.HK,20220113,298.2,300.2,290.4,293.2,305.2,-12.0,-3.93,7179345.0,2105850482.25
09618.HK,20220114,280.2,287.4,277.0,287.0,293.2,-6.2,-2.11,6659772.0,1883920880.75
09618.HK,20220117,284.8,285.0,280.4,283.8,287.0,-3.2,-1.11,3050376.0,863176180.2
09618.HK,20220118,287.0,290.0,276.4,279.0,283.8,-4.8,-1.69,4451443.0,1257101440.87
09618.HK,20220119,286.0,289.6,280.4,281.4,279.0,2.4,0.86,8367151.0,2371917315.58
09618.HK,20220120,284.0,303.2,283.2,299.8,281.4,18.4,6.54,12172021.0,3600821436.98
09618.HK,20220121,302.0,308.2,298.6,306.2,299.8,6.4,2.13,9267101.0,2816307688.55
09618.HK,20220124,290.0,292.4,288.2,289.2,306.2,-17.0,-5.55,7563868.0,2195923629.17
09618.HK,20220125,280.0,283.2,275.2,280.6,289.2,-8.6,-2.97,8266102.0,2308868043.0
09618.HK,20220126,282.6,287.0,279.0,284.8,280.6,4.2,1.5,4922643.0,1399398051.08
09618.HK,20220127,277.0,277.4,269.2,274.8,284.8,-10.0,-3.51,8082096.0,2205575687.03
09618.HK,20220128,263.0,271.0,259.0,266.0,274.8,-8.8,-3.2,10021652.0,2649718935.77
09618.HK,20220131,274.0,284.0,270.0,279.6,266.0,13.6,5.11,7612806.0,2124457136.88
09618.HK,20220204,286.6,287.8,279.0,284.8,279.6,5.2,1.86,7168192.0,2040133669.7
09618.HK,20220207,288.0,293.6,285.4,292.2,284.8,7.4,2.6,6886706.0,1997802327.0
09618.HK,20220208,288.0,289.0,282.6,285.6,292.2,-6.6,-2.26,5640754.0,1614746939.8
09618.HK,20220209,292.8,300.6,292.4,298.0,285.6,12.4,4.34,5532193.0,1648279127.3
09618.HK,20220210,304.0,304.8,295.6,301.8,298.0,3.8,1.28,4342598.0,1303113412.1
09618.HK,20220211,301.0,301.0,295.4,298.6,301.8,-3.2,-1.06,3270909.0,975973159.5
09618.HK,20220214,288.0,293.2,286.8,289.6,298.6,-9.0,-3.01,3643601.0,1056003274.86
09618.HK,20220215,290.4,293.6,288.4,290.4,289.6,0.8,0.28,2167445.0,629340842.55
09618.HK,20220216,296.0,299.2,293.6,297.2,290.4,6.8,2.34,3216411.0,953195866.8
09618.HK,20220217,292.6,296.4,290.4,295.4,297.2,-1.8,-0.61,2937475.0,863871316.25
09618.HK,20220218,292.4,297.6,284.6,287.0,295.4,-8.4,-2.84,4569249.0,1329190061.95
09618.HK,20220221,281.0,291.0,280.4,285.0,287.0,-2.0,-0.7,6566388.0,1877908575.75
09618.HK,20220222,280.0,280.0,270.4,275.2,285.0,-9.8,-3.44,7909756.0,2174752154.6
09618.HK,20220223,280.0,285.4,278.0,285.0,275.2,9.8,3.56,5645614.0,1601919882.84
09618.HK,20220224,272.4,275.2,267.6,271.2,285.0,-13.8,-4.84,9803730.0,2664418671.58
09618.HK,20220225,276.2,278.8,273.8,275.8,271.2,4.6,1.7,5009708.0,1383462316.55
09618.HK,20220228,283.0,283.0,274.4,279.2,275.8,3.4,1.23,8126113.0,2256489210.98
09618.HK,20220301,282.0,290.6,280.8,287.8,279.2,8.6,3.08,6538021.0,1871921319.18
09618.HK,20220302,290.0,291.6,284.2,285.0,287.8,-2.8,-0.97,4932432.0,1419780655.3
09618.HK,20220303,282.0,287.6,281.8,286.2,285.0,1.2,0.42,6843574.0,1953187346.45
09618.HK,20220304,262.6,267.2,261.0,262.4,286.2,-23.8,-8.32,16074031.0,4244040153.69
09618.HK,20220307,246.0,253.2,240.2,247.0,262.4,-15.4,-5.87,15717918.0,3919108197.15
09618.HK,20220308,239.8,243.0,227.8,230.4,247.0,-16.6,-6.72,12617093.0,2951712804.58
09618.HK,20220309,231.0,237.0,224.0,235.0,230.4,4.6,2.0,11861400.0,2737447171.94
09618.HK,20220310,244.8,247.2,232.2,237.4,235.0,2.4,1.02,7981880.0,1919684740.95
09618.HK,20220311,208.0,216.6,195.3,211.2,237.4,-26.2,-11.04,23283995.0,4778104101.75
09618.HK,20220314,190.8,191.5,177.6,180.0,211.2,-31.2,-14.77,27108838.0,5028628848.9
09618.HK,20220315,170.0,179.2,160.1,161.9,180.0,-18.1,-10.06,25047944.0,4200929112.38
09618.HK,20220316,181.8,221.8,177.8,219.6,161.9,57.7,35.64,32923422.0,6611598119.97
09618.HK,20220317,252.4,265.6,236.6,254.4,219.6,34.8,15.85,34120421.0,8491857185.05
09618.HK,20220318,241.0,251.0,230.0,243.8,254.4,-10.6,-4.17,17392398.0,4198605079.73
09618.HK,20220321,250.4,252.6,235.0,239.0,243.8,-4.8,-1.97,11999584.0,2892425823.95
09618.HK,20220322,243.0,257.2,241.2,253.8,239.0,14.8,6.19,11606914.0,2873679857.94
09618.HK,20220323,259.0,263.0,250.0,252.0,253.8,-1.8,-0.71,9998787.0,2563108003.1
09618.HK,20220324,249.0,253.6,239.8,241.6,252.0,-10.4,-4.13,8961105.0,2205432896.45
09618.HK,20220325,232.2,241.6,223.0,228.8,241.6,-12.8,-5.3,17064091.0,3949833347.41
09618.HK,20220328,223.0,227.4,212.0,224.8,228.8,-4.0,-1.75,38312460.0,8473164827.38
09618.HK,20220329,228.0,240.4,225.2,238.4,224.8,13.6,6.05,31993192.0,7446009844.17
09618.HK,20220330,244.0,248.6,238.0,238.0,238.4,-0.4,-0.17,24650847.0,5961939493.59
09618.HK,20220331,238.0,238.2,230.2,234.0,238.0,-4.0,-1.68,10953079.0,2563040286.11
09618.HK,20220401,226.4,229.0,221.6,229.0,234.0,-5.0,-2.14,10312112.0,2332469111.41
09618.HK,20220404,235.0,248.8,233.2,246.6,229.0,17.6,7.69,13078563.0,3181324735.82
09618.HK,20220406,234.2,237.6,232.8,234.8,246.6,-11.8,-4.79,11120025.0,2612918431.99
09618.HK,20220407,230.2,237.4,225.4,227.2,234.8,-7.6,-3.24,8357903.0,1920604850.65
09618.HK,20220408,222.6,225.4,218.4,222.4,227.2,-4.8,-2.11,8397595.0,1857989852.19
09618.HK,20220411,221.0,222.2,213.6,215.4,222.4,-7.0,-3.15,8802098.0,1913061433.5
09618.HK,20220412,220.2,229.2,218.0,224.2,215.4,8.8,4.09,11327157.0,2530078548.98
09618.HK,20220413,223.4,232.0,221.8,227.8,224.2,3.6,1.61,12682818.0,2900181964.02
09618.HK,20220414,230.0,230.8,225.2,226.4,227.8,-1.4,-0.61,7568102.0,1724801776.45
09618.HK,20220419,222.0,229.4,220.4,222.2,226.4,-4.2,-1.86,8666598.0,1942588307.18
09618.HK,20220420,220.0,225.6,219.2,220.8,222.2,-1.4,-0.63,3739334.0,828211715.8
09618.HK,20220421,211.0,213.8,202.0,206.4,220.8,-14.4,-6.52,10550458.0,2185000880.76
09618.HK,20220422,196.0,209.8,195.2,208.4,206.4,2.0,0.97,8839388.0,1799854355.3
09618.HK,20220425,203.8,206.6,199.8,200.8,208.4,-7.6,-3.65,8996972.0,1822460542.5
09618.HK,20220426,210.2,221.4,209.4,212.2,200.8,11.4,5.68,12375093.0,2657823036.77
09618.HK,20220427,212.4,221.0,211.2,219.8,212.2,7.6,3.58,11596201.0,2528809930.5
09618.HK,20220428,228.4,230.4,222.8,229.6,219.8,9.8,4.46,10912526.0,2474024789.79
09618.HK,20220429,227.0,286.0,222.6,265.6,229.6,36.0,15.68,26926251.0,6883291319.9
09618.HK,20220503,251.0,258.8,242.0,249.8,265.6,-15.8,-5.95,17500126.0,4407552084.18
09618.HK,20220504,244.0,246.0,238.0,239.6,249.8,-10.2,-4.08,7617477.0,1836897537.6
09618.HK,20220505,246.2,249.4,238.2,241.6,239.6,2.0,0.83,10533336.0,2569026779.0
09618.HK,20220506,231.0,234.4,223.6,226.6,241.6,-15.0,-6.21,11118477.0,2533872366.63
09618.HK,20220510,199.3,211.2,199.3,208.0,226.6,-18.6,-8.21,27481497.0,5655302390.95
09618.HK,20220511,204.0,216.6,202.2,208.2,208.0,0.2,0.1,20039496.0,4193564081.09
09618.HK,20220512,199.0,200.8,189.4,192.0,208.2,-16.2,-7.78,22275662.0,4336874255.3
09618.HK,20220513,196.2,201.4,196.0,199.6,192.0,7.6,3.96,14049091.0,2799212728.5
09618.HK,20220516,205.0,209.0,198.0,200.0,199.6,0.4,0.2,8207444.0,1658499765.62
09618.HK,20220517,205.2,217.2,203.4,214.8,200.0,14.8,7.4,15919535.0,3370723185.97
09618.HK,20220518,213.2,214.2,205.2,212.4,214.8,-2.4,-1.12,15135344.0,3180102449.12
09618.HK,20220519,198.9,202.8,195.5,199.8,207.49,-7.686,-3.7,13923745.0,2775027744.1
09618.HK,20220520,206.8,214.6,206.6,211.6,199.8,11.8,5.91,14984250.0,3159739659.74
09618.HK,20220523,210.6,217.8,209.4,212.8,211.6,1.2,0.57,18768024.0,4009912363.18
09618.HK,20220524,208.6,213.6,200.2,201.6,212.8,-11.2,-5.26,17941973.0,3693936035.05
09618.HK,20220525,197.2,200.6,196.1,198.6,201.6,-3.0,-1.49,9777705.0,1942288121.75
09618.HK,20220526,199.5,199.5,193.7,197.4,198.6,-1.2,-0.6,7491959.0,1474561190.5
09618.HK,20220527,207.2,209.0,205.4,208.4,197.4,11.0,5.57,12177627.0,2524083552.81
09618.HK,20220530,214.0,223.4,213.4,222.8,208.4,14.4,6.91,17275282.0,3777780728.91
09618.HK,20220531,222.2,230.8,218.8,226.0,222.8,3.2,1.44,25198704.0,5685253001.57
09618.HK,20220601,223.2,226.8,220.0,224.2,226.0,-1.8,-0.8,12871097.0,2888850685.79
09618.HK,20220602,220.2,224.0,216.8,221.4,224.2,-2.8,-1.25,11386613.0,2523258000.25
09618.HK,20220606,229.2,233.0,223.0,231.8,221.4,10.4,4.7,14583426.0,3315597731.6
09618.HK,20220607,242.0,244.6,236.4,238.8,231.8,7.0,3.02,17532537.0,4221536619.26
09618.HK,20220608,243.0,257.0,242.2,254.2,238.8,15.4,6.45,26010177.0,6510628112.73
09618.HK,20220609,259.0,262.0,244.2,249.0,254.2,-5.2,-2.05,19851258.0,4963805423.47
09618.HK,20220610,239.2,252.8,236.2,250.8,249.0,1.8,0.72,27221560.0,6788769527.0
09618.HK,20220613,237.8,246.6,237.2,239.2,250.8,-11.6,-4.63,20692445.0,5045560574.35
09618.HK,20220614,234.0,245.4,233.4,241.2,239.2,2.0,0.84,13094185.0,3127493692.85
09618.HK,20220615,249.8,253.4,248.4,250.4,241.2,9.2,3.81,11077400.0,2778294799.54
09618.HK,20220616,259.2,259.2,242.4,246.2,250.4,-4.2,-1.68,15693587.0,3937282877.18
09618.HK,20220617,245.2,261.4,244.2,261.2,246.2,15.0,6.09,58700625.0,15260177613.72
09618.HK,20220620,258.0,258.0,243.2,254.4,261.2,-6.8,-2.6,16459309.0,4149150182.95
09618.HK,20220621,254.4,257.4,250.4,256.8,254.4,2.4,0.94,8504328.0,2164417164.7
09618.HK,20220622,249.8,251.4,238.4,240.8,256.8,-16.0,-6.23,12334897.0,3007113597.45
09618.HK,20220623,244.0,247.6,238.4,243.6,240.8,2.8,1.16,8906182.0,2168249953.6
09618.HK,20220624,247.0,252.6,243.4,249.8,243.6,6.2,2.55,10718920.0,2665159001.7
09618.HK,20220627,253.6,275.2,253.6,265.4,249.8,15.6,6.24,18527398.0,4881398551.21
09618.HK,20220628,258.6,264.8,251.2,259.4,265.4,-6.0,-2.26,16016499.0,4128988071.79
09618.HK,20220629,252.6,256.2,248.4,251.4,259.4,-8.0,-3.08,10334958.0,2609598964.18
09618.HK,20220630,252.0,256.8,249.4,252.8,251.4,1.4,0.56,8123711.0,2054159312.44
09618.HK,20220704,253.0,263.6,251.2,262.0,252.8,9.2,3.64,7554189.0,1958737044.55
09618.HK,20220705,265.0,269.8,259.0,260.2,262.0,-1.8,-0.69,5326877.0,1403927036.24
09618.HK,20220706,251.4,254.2,245.0,250.0,260.2,-10.2,-3.92,9612924.0,2397238171.71
09618.HK,20220707,242.6,249.8,239.0,247.2,250.0,-2.8,-1.12,10361205.0,2545738215.8
09618.HK,20220708,248.0,249.8,244.4,245.8,247.2,-1.4,-0.57,6619381.0,1628480876.35
09618.HK,20220711,238.8,240.0,233.0,235.0,245.8,-10.8,-4.39,8864517.0,2084417698.5
09618.HK,20220712,234.0,236.0,228.8,230.8,235.0,-4.2,-1.79,7914553.0,1831757419.04
09618.HK,20220713,237.6,243.8,236.2,237.6,230.8,6.8,2.95,8372085.0,2006138033.5
09618.HK,20220714,242.0,248.8,241.4,244.0,237.6,6.4,2.69,7912755.0,1936336581.69
09618.HK,20220715,241.8,243.4,236.0,236.6,244.0,-7.4,-3.03,4382450.0,1047554093.75
09618.HK,20220718,238.4,246.6,234.6,244.0,236.6,7.4,3.13,5564218.0,1353920029.5
09618.HK,20220719,243.4,245.6,239.0,241.0,244.0,-3.0,-1.23,3749326.0,905353577.85
09618.HK,20220720,247.4,251.6,245.6,245.6,241.0,4.6,1.91,5978484.0,1484749628.15
09618.HK,20220721,246.8,249.8,243.2,247.4,245.6,1.8,0.73,6174606.0,1526322223.62
09618.HK,20220722,250.0,251.2,246.0,247.0,247.4,-0.4,-0.16,3599306.0,894537296.77
09618.HK,20220725,243.8,248.0,242.8,247.0,247.0,0.0,0.0,5227765.0,1285248499.7
09618.HK,20220726,250.0,253.6,247.6,251.4,247.0,4.4,1.78,5691470.0,1431394004.45
09618.HK,20220727,247.2,249.2,246.0,248.8,251.4,-2.6,-1.03,3886513.0,963661527.95
09618.HK,20220728,248.8,249.2,244.0,245.0,248.8,-3.8,-1.53,5020084.0,1234696791.45
09618.HK,20220729,249.0,249.0,231.4,233.8,245.0,-11.2,-4.57,8708370.0,2055525475.74
09618.HK,20220801,230.0,237.6,228.4,235.0,233.8,1.2,0.51,6173646.0,1448181136.45
09618.HK,20220802,231.6,231.6,223.2,228.2,235.0,-6.8,-2.89,7900179.0,1794825310.97
09618.HK,20220803,234.4,237.4,231.0,233.2,228.2,5.0,2.19,4766086.0,1114044538.67
09618.HK,20220804,239.8,247.0,238.4,246.0,233.2,12.8,5.49,7483399.0,1831943962.48
09618.HK,20220805,249.0,249.0,242.8,245.4,246.0,-0.6,-0.24,4348782.0,1067810112.93
09618.HK,20220808,241.6,243.0,236.0,237.4,245.4,-8.0,-3.26,5624715.0,1339934297.45
09618.HK,20220809,231.6,234.6,228.0,228.6,237.4,-8.8,-3.71,8418431.0,1941687789.6
09618.HK,20220810,224.0,225.6,212.6,218.4,228.6,-10.2,-4.46,8819675.0,1929796380.8
09618.HK,20220811,217.6,221.8,216.0,221.2,218.4,2.8,1.28,8806077.0,1932014330.05
09618.HK,20220812,223.0,225.2,219.6,222.6,221.2,1.4,0.63,6259290.0,1392090325.5
09618.HK,20220815,221.2,227.4,220.6,222.2,222.6,-0.4,-0.18,3563793.0,797009866.0
09618.HK,20220816,227.0,229.0,217.4,221.2,222.2,-1.0,-0.45,6430525.0,1431876405.9
09618.HK,20220817,224.8,226.6,221.4,223.2,221.2,2.0,0.9,3825652.0,855511635.6
09618.HK,20220818,223.0,223.0,215.2,217.6,223.2,-5.6,-2.51,4897192.0,1070478996.1
09618.HK,20220819,213.2,219.4,213.2,217.2,217.6,-0.4,-0.18,5197263.0,1128392405.45
09618.HK,20220822,213.2,221.8,213.2,218.8,217.2,1.6,0.74,5988210.0,1312863866.71
09618.HK,20220823,218.8,222.2,218.6,221.4,218.8,2.6,1.19,6578848.0,1450920373.25
09618.HK,20220824,227.2,230.0,220.6,221.8,221.4,0.4,0.18,9589394.0,2156469178.94
09618.HK,20220825,230.0,247.6,228.4,246.2,221.8,24.4,11.0,12625314.0,3040425103.5
09618.HK,20220826,252.0,254.6,245.8,248.4,246.2,2.2,0.89,13437039.0,3351476346.1
09618.HK,20220829,246.2,249.0,242.4,245.0,248.4,-3.4,-1.37,6976605.0,1718145307.47
09618.HK,20220830,247.8,247.8,240.6,247.0,245.0,2.0,0.82,7255844.0,1777441966.28
09618.HK,20220831,241.8,254.2,240.2,246.8,247.0,-0.2,-0.08,22826527.0,5639819279.8
09618.HK,20220901,246.0,249.2,243.0,245.0,246.8,-1.8,-0.73,7847271.0,1930687964.46
09618.HK,20220902,246.6,248.8,241.0,244.0,245.0,-1.0,-0.41,10017289.0,2443878817.35
09618.HK,20220905,239.0,239.0,233.2,236.8,244.0,-7.2,-2.95,6528350.0,1542353424.0
09618.HK,20220906,239.0,240.2,233.2,236.6,236.8,-0.2,-0.08,3376895.0,798445988.22
09618.HK,20220907,232.0,235.2,230.0,233.8,236.6,-2.8,-1.18,4674027.0,1085314833.55
09618.HK,20220908,234.6,239.0,234.0,235.2,233.8,1.4,0.6,4580463.0,1079828333.9
09618.HK,20220909,236.6,244.8,234.2,243.4,235.2,8.2,3.49,5241639.0,1268826994.45
09618.HK,20220913,242.0,242.0,233.0,233.4,243.4,-10.0,-4.11,8356058.0,1977993521.6
09618.HK,20220914,225.4,226.6,220.8,223.6,233.4,-9.8,-4.2,11552241.0,2597803933.49
09618.HK,20220915,223.2,227.8,221.8,226.8,223.6,3.2,1.43,6684999.0,1506893351.32
09618.HK,20220916,223.4,227.6,222.2,223.0,226.8,-3.8,-1.68,7143496.0,1599177326.86
09618.HK,20220919,219.0,220.6,216.8,217.4,223.0,-5.6,-2.51,7185155.0,1569757606.54
09618.HK,20220920,220.8,227.0,220.8,225.0,217.4,7.6,3.5,5211445.0,1170576095.3
09618.HK,20220921,223.0,223.0,217.4,218.4,225.0,-6.6,-2.93,4220924.0,926028805.6
09618.HK,20220922,211.0,213.6,208.8,212.2,218.4,-6.2,-2.84,4921083.0,1040411441.6
09618.HK,20220923,212.2,212.4,204.2,205.0,212.2,-7.2,-3.39,4956019.0,1029236899.32
09618.HK,20220926,202.8,211.6,202.2,210.0,205.0,5.0,2.44,5818134.0,1215642416.56
09618.HK,20220927,209.6,214.0,206.8,213.0,210.0,3.0,1.43,5660066.0,1193803795.53
09618.HK,20220928,206.8,206.8,200.0,201.0,213.0,-12.0,-5.63,7959909.0,1609738333.3
09618.HK,20220929,207.2,209.6,199.9,202.0,201.0,1.0,0.5,7020937.0,1432579808.04
09618.HK,20220930,204.0,205.4,195.8,198.6,202.0,-3.4,-1.68,8032149.0,1595429312.94
09618.HK,20221003,196.5,198.2,191.0,193.4,198.6,-5.2,-2.62,5417556.0,1047966648.56
09618.HK,20221005,204.2,215.8,203.4,213.0,193.4,19.6,10.13,11178543.0,2366234228.35
09618.HK,20221006,211.0,211.0,205.6,206.8,213.0,-6.2,-2.91,6473485.0,1346431022.6
09618.HK,20221007,203.8,204.4,198.4,199.4,206.8,-7.4,-3.58,5421783.0,1085814049.75
09618.HK,20221010,194.1,195.4,190.0,192.0,199.4,-7.4,-3.71,6155441.0,1182260438.7
09618.HK,20221011,188.0,189.1,181.0,182.4,192.0,-9.6,-5.0,7741109.0,1419131466.0
09618.HK,20221012,182.7,191.7,178.3,185.3,182.4,2.9,1.59,8402573.0,1542020023.54
09618.HK,20221013,184.3,184.8,176.6,176.6,185.3,-8.7,-4.7,5833051.0,1045903293.52
09618.HK,20221014,179.0,182.5,173.6,174.8,176.6,-1.8,-1.02,8004551.0,1428122600.35
09618.HK,20221017,168.2,174.0,164.1,171.9,174.8,-2.9,-1.66,12607803.0,2129428761.19
09618.HK,20221018,176.1,179.1,171.8,178.3,171.9,6.4,3.72,8268857.0,1459413433.08
09618.HK,20221019,175.0,176.5,168.4,168.4,178.3,-9.9,-5.55,6862764.0,1175651271.95
09618.HK,20221020,160.9,164.1,158.0,162.0,168.4,-6.4,-3.8,13038474.0,2097644851.86
09618.HK,20221021,167.6,167.6,163.0,163.3,162.0,1.3,0.8,9589796.0,1577574527.71
09618.HK,20221024,156.0,157.5,138.9,141.8,163.3,-21.5,-13.17,26061411.0,3787398559.99
09618.HK,20221025,143.9,153.7,139.2,148.9,141.8,7.1,5.01,21972579.0,3228930310.76
09618.HK,20221026,147.9,153.5,145.6,148.4,148.9,-0.5,-0.34,15546158.0,2324154170.48
09618.HK,20221027,161.4,164.4,155.9,157.1,148.4,8.7,5.86,15636132.0,2505911790.55
09618.HK,20221028,156.7,156.7,144.5,146.6,157.1,-10.5,-6.68,13035586.0,1935184927.15
09618.HK,20221031,145.2,151.2,142.6,145.1,146.6,-1.5,-1.02,11111441.0,1633028764.99
09618.HK,20221101,149.5,160.0,147.0,157.3,145.1,12.2,8.41,14488939.0,2235264099.05
09618.HK,20221102,155.5,162.5,151.2,161.6,157.3,4.3,2.73,12871001.0,2034648502.76
09618.HK,20221103,156.0,159.3,151.5,152.5,161.6,-9.1,-5.63,7194784.0,1111704414.9
09618.HK,20221104,158.0,177.8,158.0,171.6,152.5,19.1,12.52,21308781.0,3627249333.0
09618.HK,20221107,170.0,182.4,167.8,177.0,171.6,5.4,3.15,15451858.0,2729681833.04
09618.HK,20221108,175.9,180.9,173.7,178.2,177.0,1.2,0.68,11943165.0,2127787874.04
09618.HK,20221109,178.2,180.5,170.2,172.1,178.2,-6.1,-3.42,8027205.0,1389924564.55
09618.HK,20221110,168.0,168.0,164.2,165.8,172.1,-6.3,-3.66,6515680.0,1079234084.08
09618.HK,20221111,183.0,196.0,179.8,192.5,165.8,26.7,16.1,15928679.0,2992287268.34
09618.HK,20221114,210.8,211.0,197.1,200.8,192.5,8.3,4.31,19555404.0,3955805856.45
09618.HK,20221115,198.7,219.0,198.3,217.4,200.8,16.6,8.27,16113392.0,3433695607.2
09618.HK,20221116,210.0,215.8,207.0,212.8,217.4,-4.6,-2.12,10439572.0,2200528768.6
09618.HK,20221117,212.6,213.8,203.4,210.4,212.8,-2.4,-1.13,6965275.0,1452827357.15
09618.HK,20221118,225.6,228.6,213.4,218.0,210.4,7.6,3.61,10339323.0,2281245471.32
09618.HK,20221121,210.0,212.8,203.6,206.6,218.0,-11.4,-5.23,10760880.0,2232107757.5
09618.HK,20221122,206.8,207.0,194.0,197.6,206.6,-9.0,-4.36,9699390.0,1935242800.3
09618.HK,20221123,198.3,206.6,197.6,204.2,197.6,6.6,3.34,6953490.0,1408562642.56
09618.HK,20221124,205.0,206.8,195.0,200.0,204.2,-4.2,-2.06,6823250.0,1367672912.05
09618.HK,20221125,199.4,199.8,194.5,198.7,200.0,-1.3,-0.65,5239631.0,1033624411.05
09618.HK,20221128,185.0,193.4,182.8,190.1,198.7,-8.6,-4.33,9196234.0,1735881071.43
09618.HK,20221129,198.0,211.8,195.5,210.8,190.1,20.7,10.89,13452241.0,2760652988.73
09618.HK,20221130,205.6,220.0,205.0,218.8,210.8,8.0,3.8,16743352.0,3577260867.05
09618.HK,20221201,224.0,229.2,216.2,217.0,218.8,-1.8,-0.82,13440020.0,2977942557.44
09618.HK,20221202,219.2,221.2,213.0,217.2,217.0,0.2,0.09,8552229.0,1854871527.85
09618.HK,20221205,232.0,242.0,226.6,241.6,217.2,24.4,11.23,14883311.0,3498218681.91
09618.HK,20221206,231.8,239.4,230.2,235.8,241.6,-5.8,-2.4,11395629.0,2676971321.7
09618.HK,20221207,236.2,240.2,221.4,221.8,235.8,-14.0,-5.94,10434201.0,2395806605.9
09618.HK,20221208,225.6,236.6,224.2,234.0,221.8,12.2,5.5,7073902.0,1641730640.7
09618.HK,20221209,236.0,241.0,233.6,236.8,234.0,2.8,1.2,9416015.0,2232792038.45
09618.HK,20221212,226.6,232.6,226.2,230.0,236.8,-6.8,-2.87,7397832.0,1702567799.0
09618.HK,20221213,225.6,233.0,223.8,228.0,230.0,-2.0,-0.87,6973102.0,1591350051.5
09618.HK,20221214,227.0,231.8,225.2,228.0,228.0,0.0,0.0,8426204.0,1921820587.68
09618.HK,20221215,227.0,227.0,220.4,221.6,228.0,-6.4,-2.81,6679972.0,1490831790.9
09618.HK,20221216,221.6,230.6,218.6,225.0,221.6,3.4,1.53,6740682.0,1516775178.9
09618.HK,20221219,226.8,234.2,222.8,224.2,225.0,-0.8,-0.36,5116697.0,1158095789.95
09618.HK,20221220,221.4,224.4,216.2,220.4,224.2,-3.8,-1.69,5003277.0,1101186908.59
09618.HK,20221221,220.6,223.6,216.6,219.0,220.4,-1.4,-0.64,4676429.0,1026954993.95
09618.HK,20221222,227.8,234.4,227.2,232.6,219.0,13.6,6.21,6246154.0,1446645478.27
09618.HK,20221223,225.6,230.0,224.0,227.8,232.6,-4.8,-2.06,3868817.0,881585294.8
09618.HK,20221228,229.0,233.6,228.6,230.4,227.8,2.6,1.14,6402105.0,1479487229.35
09618.HK,20221229,218.8,220.4,214.4,218.0,230.4,-12.4,-5.38,9216806.0,2008299174.85
09618.HK,20221230,224.0,225.2,218.4,220.2,218.0,2.2,1.01,4082108.0,903405710.1
09618.HK,20230103,213.0,226.0,211.6,224.8,220.2,4.6,2.09,6894915.0,1518364905.76
09618.HK,20230104,227.2,241.0,224.8,241.0,224.8,16.2,7.21,11835143.0,2794571860.25
09618.HK,20230105,258.0,258.6,245.0,247.4,241.0,6.4,2.66,13064014.0,3267635445.3
09618.HK,20230106,251.0,254.2,246.2,250.0,247.4,2.6,1.05,11143856.0,2786776158.59
09618.HK,20230109,250.0,253.2,246.4,250.0,250.0,0.0,0.0,8859205.0,2214108872.65
09618.HK,20230110,248.0,251.0,244.4,250.0,250.0,0.0,0.0,5864606.0,1458067532.25
09618.HK,20230111,246.6,252.4,244.2,246.6,250.0,-3.4,-1.36,8159286.0,2029629591.15
09618.HK,20230112,247.0,250.0,241.2,247.4,246.6,0.8,0.32,9990408.0,2455399912.7
09618.HK,20230113,248.2,249.2,239.2,248.2,247.4,0.8,0.32,6449487.0,1580926529.57
09618.HK,20230116,249.8,250.2,240.4,243.8,248.2,-4.4,-1.77,5128571.0,1252691840.29
09618.HK,20230117,241.0,243.6,234.6,239.6,243.8,-4.2,-1.72,8091792.0,1925647411.35
09618.HK,20230118,232.2,235.4,226.2,235.4,239.6,-4.2,-1.75,10610610.0,2462743772.02
09618.HK,20230119,228.4,234.6,227.2,231.8,235.4,-3.6,-1.53,6765457.0,1561936598.5
09618.HK,20230120,235.0,240.8,233.8,238.8,231.8,7.0,3.02,6492161.0,1542631469.93
09618.HK,20230126,244.6,245.4,240.0,245.4,238.8,6.6,2.76,6191386.0,1507506325.19
09618.HK,20230127,250.2,251.4,246.2,251.4,245.4,6.0,2.44,5555259.0,1387769846.35
09618.HK,20230130,246.4,249.0,236.2,237.4,251.4,-14.0,-5.57,10769927.0,2594223422.43
09618.HK,20230131,238.0,239.0,228.2,231.6,237.4,-5.8,-2.44,9233551.0,2144013993.91
09618.HK,20230201,232.4,238.0,230.0,238.0,231.6,6.4,2.76,8013925.0,1881585719.0
09618.HK,20230202,240.8,242.6,235.4,236.4,238.0,-1.6,-0.67,5792332.0,1383728898.55
09618.HK,20230203,228.6,233.8,227.0,230.8,236.4,-5.6,-2.37,6676415.0,1533842695.05
09618.HK,20230206,222.0,223.6,218.6,222.6,230.8,-8.2,-3.55,6718137.0,1485329044.72
09618.HK,20230207,223.0,226.2,220.4,222.6,222.6,0.0,0.0,4720757.0,1053746123.25
09618.HK,20230208,223.4,225.0,218.2,219.2,222.6,-3.4,-1.53,5734017.0,1261886389.58
09618.HK,20230209,217.0,225.0,216.0,224.6,219.2,5.4,2.46,6530590.0,1451405976.7
09618.HK,20230210,217.0,219.0,208.8,210.4,224.6,-14.2,-6.32,12439326.0,2639768014.95
09618.HK,20230213,200.4,208.6,199.3,207.4,210.4,-3.0,-1.43,16376266.0,3360779785.36
09618.HK,20230214,205.6,205.8,201.6,203.6,207.4,-3.8,-1.83,9095805.0,1849409175.23
09618.HK,20230215,205.0,206.2,199.8,202.0,203.6,-1.6,-0.79,8234044.0,1661689000.8
09618.HK,20230216,205.0,217.6,204.6,212.6,202.0,10.6,5.25,13546520.0,2883226316.8
09618.HK,20230217,213.0,215.8,209.4,210.6,212.6,-2.0,-0.94,6859486.0,1448480597.35
09618.HK,20230220,208.4,210.8,206.6,207.4,210.6,-3.2,-1.52,5989310.0,1250089514.3
09618.HK,20230221,205.4,206.6,189.0,189.7,207.4,-17.7,-8.53,22613377.0,4368394781.8
09618.HK,20230222,183.4,188.9,182.0,184.0,189.7,-5.7,-3.0,19767488.0,3643465188.45
09618.HK,20230223,178.8,188.7,178.8,187.3,184.0,3.3,1.79,15161702.0,2819165641.35
09618.HK,20230224,183.8,185.4,177.4,178.4,187.3,-8.9,-4.75,12274957.0,2215623655.41
09618.HK,20230227,176.0,181.9,175.8,178.0,178.4,-0.4,-0.22,10191538.0,1817297317.75
09618.HK,20230228,177.5,178.0,171.3,173.7,178.0,-4.3,-2.42,15577215.0,2717958479.3
09618.HK,20230301,174.1,184.6,173.5,183.3,173.7,9.6,5.53,10224998.0,1850415737.03
09618.HK,20230302,178.8,180.6,176.8,179.1,183.3,-4.2,-2.29,9798016.0,1754062545.2
09618.HK,20230303,185.6,187.7,183.2,184.7,179.1,5.6,3.13,9105981.0,1686629038.45
09618.HK,20230306,188.0,190.7,185.2,187.3,184.7,2.6,1.41,9953007.0,1872138307.59
09618.HK,20230307,188.4,192.2,182.6,186.4,187.3,-0.9,-0.48,7839049.0,1467587527.86
09618.HK,20230308,182.0,182.5,176.7,178.3,186.4,-8.1,-4.35,10066987.0,1796108840.1
09618.HK,20230309,182.9,183.4,178.5,179.3,178.3,1.0,0.56,8259285.0,1493888880.68
09618.HK,20230310,161.5,163.1,158.0,158.7,179.3,-20.6,-11.49,43661369.0,6968793871.8
09618.HK,20230313,159.0,164.5,157.6,159.0,158.7,0.3,0.19,20493003.0,3287868114.98
09618.HK,20230314,157.6,160.2,153.7,155.5,159.0,-3.5,-2.2,14841727.0,2317086580.06
09618.HK,20230315,158.9,160.9,157.4,159.2,155.5,3.7,2.38,9224652.0,1468133201.65
09618.HK,20230316,154.7,158.5,153.6,155.0,159.2,-4.2,-2.64,8984223.0,1399778994.55
09618.HK,20230317,157.8,158.0,152.8,154.6,155.0,-0.4,-0.26,18824803.0,2915713071.88
09618.HK,20230320,152.4,153.5,147.1,150.4,154.6,-4.2,-2.72,11644403.0,1741142251.78
09618.HK,20230321,149.4,150.7,145.7,150.1,150.4,-0.3,-0.2,11079465.0,1643467751.1
09618.HK,20230322,155.0,157.7,151.8,152.9,150.1,2.8,1.87,10701327.0,1648702085.99
09618.HK,20230323,151.6,159.2,150.5,158.8,152.9,5.9,3.86,12582745.0,1958137948.15
09618.HK,20230324,155.8,162.3,155.3,158.8,158.8,0.0,0.0,12333500.0,1960472741.89
09618.HK,20230327,157.6,158.5,151.8,153.2,158.8,-5.6,-3.53,10765673.0,1664035757.77
09618.HK,20230328,157.0,157.2,154.1,156.1,153.2,2.9,1.89,7329905.0,1140510772.36
09618.HK,20230329,166.2,168.0,158.2,159.1,156.1,3.0,1.92,17110423.0,2763150156.2
09618.HK,20230330,160.5,164.3,159.5,163.2,159.1,4.1,2.58,14622088.0,2362089108.6
09618.HK,20230331,174.8,176.5,171.4,172.0,163.2,8.8,5.39,24058257.0,4181355284.38
09618.HK,20230403,171.6,172.2,167.3,169.7,172.0,-2.3,-1.34,9360923.0,1588848194.9
09618.HK,20230404,165.0,165.5,161.0,164.0,167.27,-3.267,-1.95,8033703.0,1311534906.3
09618.HK,20230406,158.0,159.4,155.9,159.0,164.0,-5.0,-3.05,12979395.0,2045792489.0
09618.HK,20230411,159.0,161.7,156.2,158.6,159.0,-0.4,-0.25,9024853.0,1430535654.75
09618.HK,20230412,157.7,157.8,151.3,153.0,158.6,-5.6,-3.53,10761564.0,1646362902.15
09618.HK,20230413,144.4,149.9,143.5,149.9,153.0,-3.1,-2.03,13821516.0,2038945611.65
09618.HK,20230414,149.4,149.5,146.4,147.7,149.9,-2.2,-1.47,11727208.0,1732304598.9
09618.HK,20230417,145.0,151.2,143.7,149.4,147.7,1.7,1.15,11257419.0,1665088547.85
09618.HK,20230418,148.6,149.5,146.5,148.5,149.4,-0.9,-0.6,8085116.0,1194347804.15
09618.HK,20230419,148.5,148.5,143.6,144.2,148.5,-4.3,-2.9,10183194.0,1476523108.0
09618.HK,20230420,144.1,145.4,142.0,142.9,144.2,-1.3,-0.9,12571216.0,1802054290.22
09618.HK,20230421,141.5,142.0,138.4,139.7,142.9,-3.2,-2.24,11385223.0,1595830227.05
09618.HK,20230424,138.7,140.6,136.8,138.4,139.7,-1.3,-0.93,9038647.0,1249765707.58
09618.HK,20230425,136.7,136.9,131.6,132.7,138.4,-5.7,-4.12,11030238.0,1467899236.05
09618.HK,20230426,132.7,138.7,132.7,136.1,132.7,3.4,2.56,11282847.0,1538263182.6
09618.HK,20230427,136.1,136.1,133.5,135.9,136.1,-0.2,-0.15,7979961.0,1077463401.99
09618.HK,20230428,136.3,138.6,135.3,135.9,135.9,0.0,0.0,8128265.0,1109804573.15
09618.HK,20230502,139.1,142.8,136.3,138.2,135.9,2.3,1.69,9336864.0,1297569296.96
09618.HK,20230503,134.8,135.4,132.4,134.3,138.2,-3.9,-2.82,8607140.0,1155600902.14
09618.HK,20230504,135.5,137.8,135.1,137.5,134.3,3.2,2.38,7529847.0,1030303485.41
09618.HK,20230505,140.7,143.0,139.7,140.8,137.5,3.3,2.4,8147678.0,1148471742.05
09618.HK,20230508,140.8,141.7,138.2,139.5,140.8,-1.3,-0.92,6663123.0,929946977.69
09618.HK,20230509,140.2,140.6,135.9,136.5,139.5,-3.0,-2.15,7426665.0,1027641854.06
09618.HK,20230510,136.5,137.5,133.6,135.6,136.5,-0.9,-0.66,13575422.0,1836777964.8
09618.HK,20230511,138.1,139.5,132.2,135.0,135.6,-0.6,-0.44,12467373.0,1680069945.8
09618.HK,20230512,146.0,146.0,142.3,144.8,135.0,9.8,7.26,21710205.0,3135991846.05
09618.HK,20230515,139.8,143.3,137.6,141.1,144.8,-3.7,-2.56,13391094.0,1877825084.33
09618.HK,20230516,147.0,147.7,146.0,146.8,141.1,5.7,4.04,11971065.0,1756719274.6
09618.HK,20230517,149.2,149.2,142.1,143.6,146.8,-3.2,-2.18,11128795.0,1617358858.95
09618.HK,20230518,145.9,146.7,143.2,144.0,143.6,0.4,0.28,9925411.0,1432207210.36
09618.HK,20230519,141.8,141.8,136.7,137.2,144.0,-6.8,-4.72,10896133.0,1509033051.8
09618.HK,20230522,138.5,142.7,136.8,140.1,137.2,2.9,2.11,6265046.0,879624017.55
09618.HK,20230523,141.3,141.6,137.4,138.4,140.1,-1.7,-1.21,5136527.0,714322660.72
09618.HK,20230524,137.0,137.3,134.6,135.3,138.4,-3.1,-2.24,5589836.0,759391014.15
09618.HK,20230525,132.7,132.9,128.4,130.1,135.3,-5.2,-3.84,12264676.0,1597292995.25
09618.HK,20230529,130.1,130.7,127.5,127.9,130.1,-2.2,-1.69,9573227.0,1233678530.1
09618.HK,20230530,129.1,131.0,126.1,130.0,127.9,2.1,1.64,9767010.0,1258304019.95
09618.HK,20230531,126.1,126.3,122.7,125.9,130.0,-4.1,-3.15,31696443.0,3973681648.25
09618.HK,20230601,128.3,132.9,127.6,130.0,125.9,4.1,3.26,21801803.0,2814660612.1
09618.HK,20230602,136.1,139.3,134.3,138.5,130.0,8.5,6.54,19619054.0,2704739445.99
09618.HK,20230605,135.0,138.6,135.0,138.4,138.5,-0.1,-0.07,8637266.0,1187489116.1
09618.HK,20230606,141.8,144.6,140.3,141.4,138.4,3.0,2.17,8797161.0,1249459020.2
09618.HK,20230607,147.0,147.0,142.3,144.2,141.4,2.8,1.98,9050028.0,1303729830.6
09618.HK,20230608,143.8,145.4,142.9,144.7,144.2,0.5,0.35,6799043.0,980852985.85
09618.HK,20230609,144.8,145.9,143.2,145.0,144.7,0.3,0.21,6664745.0,964365602.18
09618.HK,20230612,145.0,145.0,141.5,143.8,145.0,-1.2,-0.83,5380386.0,770618488.25
09618.HK,20230613,143.7,148.0,143.2,147.4,143.8,3.6,2.5,6543742.0,957481233.4
09618.HK,20230614,149.1,150.2,145.9,147.5,147.4,0.1,0.07,4856129.0,718268406.55
09618.HK,20230615,150.0,155.5,148.8,155.2,147.5,7.7,5.22,13180426.0,2017245928.94
09618.HK,20230616,156.0,159.4,153.6,157.4,155.2,2.2,1.42,12783130.0,2006902487.4
09618.HK,20230619,156.2,157.0,151.0,154.4,157.4,-3.0,-1.91,6885818.0,1057531008.5
09618.HK,20230620,153.8,153.8,148.5,149.7,154.4,-4.7,-3.04,7948980.0,1191752948.35
09618.HK,20230621,144.7,146.2,142.3,142.6,149.7,-7.1,-4.74,8278540.0,1188536442.9
09618.HK,20230623,142.2,142.6,138.8,140.1,142.6,-2.5,-1.75,8687735.0,1217774322.19
09618.HK,20230626,136.1,138.1,135.6,136.1,140.1,-4.0,-2.86,8800583.0,1201690407.99
09618.HK,20230627,136.8,140.8,136.6,139.7,136.1,3.6,2.65,7918347.0,1104454318.55
09618.HK,20230628,138.7,139.4,136.6,138.0,139.7,-1.7,-1.22,9659309.0,1332838126.1
09618.HK,20230629,137.3,137.3,132.0,132.9,138.0,-5.1,-3.7,11448891.0,1526325121.5
09618.HK,20230630,133.0,134.2,131.2,132.4,132.9,-0.5,-0.38,8073936.0,1071554316.0
09618.HK,20230703,134.5,138.9,134.0,138.3,132.4,5.9,4.46,10049005.0,1382092709.79
09618.HK,20230704,138.3,142.3,137.5,142.2,138.3,3.9,2.82,6734973.0,950873154.71
09618.HK,20230705,141.3,142.6,138.2,138.7,142.2,-3.5,-2.46,3465074.0,482324882.45
09618.HK,20230706,136.9,138.8,133.4,135.5,138.7,-3.2,-2.31,7700580.0,1041707987.35
09618.HK,20230707,133.9,136.7,131.5,134.7,135.5,-0.8,-0.59,8837699.0,1184345517.1
09618.HK,20230710,139.3,139.8,135.9,137.0,134.7,2.3,1.71,5877453.0,808284150.61
09618.HK,20230711,139.6,141.3,138.7,139.5,137.0,2.5,1.82,6739947.0,940938153.39
09618.HK,20230712,141.6,143.8,140.2,141.6,139.5,2.1,1.51,5219331.0,742000697.35
09618.HK,20230713,146.9,150.7,145.8,150.7,141.6,9.1,6.43,14165794.0,2109980369.1
09618.HK,20230714,155.2,155.3,149.1,150.5,150.7,-0.2,-0.13,10220309.0,1545434921.15
09618.HK,20230718,147.5,147.8,142.3,143.5,150.5,-7.0,-4.65,12104169.0,1746927933.44
09618.HK,20230719,140.4,143.7,137.8,142.8,143.5,-0.7,-0.49,9558761.0,1348047864.18
09618.HK,20230720,143.3,146.0,142.0,142.9,142.8,0.1,0.07,4882915.0,699889006.0
09618.HK,20230721,142.7,147.7,142.4,145.2,142.9,2.3,1.61,3848023.0,558005855.8
09618.HK,20230724,141.9,144.1,139.8,141.4,145.2,-3.8,-2.62,6472926.0,915769522.56
09618.HK,20230725,148.5,153.3,148.2,152.3,141.4,10.9,7.71,13870351.0,2095385968.52
09618.HK,20230726,150.5,150.5,148.6,149.5,152.3,-2.8,-1.84,5044730.0,754008180.4
09618.HK,20230727,152.0,153.2,149.6,151.3,149.5,1.8,1.2,7226209.0,1093838086.41
09618.HK,20230728,148.3,154.5,147.7,153.4,151.3,2.1,1.39,8283419.0,1263055148.45
09618.HK,20230731,162.7,164.5,158.7,159.8,153.4,6.4,4.17,18408224.0,2974648370.9
09618.HK,20230801,160.0,163.5,156.4,158.2,159.8,-1.6,-1.0,8944417.0,1427198788.9
09618.HK,20230802,158.0,158.7,152.2,152.7,158.2,-5.5,-3.48,10221363.0,1581720783.83
09618.HK,20230803,149.8,153.1,149.2,150.3,152.7,-2.4,-1.57,6298502.0,951489572.6
09618.HK,20230804,155.1,157.2,152.9,155.0,150.3,4.7,3.13,6944259.0,1076354211.16
09618.HK,20230807,154.4,157.2,152.3,155.2,155.0,0.2,0.13,5325575.0,826028574.7
09618.HK,20230808,151.5,151.5,147.9,148.4,155.2,-6.8,-4.38,8909879.0,1328717725.0
09618.HK,20230809,148.0,150.6,147.3,149.1,148.4,0.7,0.47,4939474.0,733299536.25
09618.HK,20230810,147.4,149.7,145.4,149.1,149.1,0.0,0.0,5429141.0,801342998.15
09618.HK,20230811,150.0,150.5,145.5,146.1,149.1,-3.0,-2.01,6007880.0,883166306.8
09618.HK,20230814,141.4,144.4,140.5,144.2,146.1,-1.9,-1.3,7781906.0,1110221569.67
09618.HK,20230815,142.9,145.6,141.4,142.2,144.2,-2.0,-1.39,7033239.0,1005408984.6
09618.HK,20230816,139.8,143.3,139.6,140.6,142.2,-1.6,-1.13,7357815.0,1036894644.75
09618.HK,20230817,135.4,139.5,134.1,138.6,140.6,-2.0,-1.42,15189227.0,2084504895.25
09618.HK,20230818,134.6,136.4,131.2,131.2,138.6,-7.4,-5.34,17175129.0,2289034353.7
09618.HK,20230821,127.8,132.7,127.8,129.0,131.2,-2.2,-1.68,11659908.0,1515740654.4
09618.HK,20230822,129.2,133.6,128.6,131.3,129.0,2.3,1.78,8280596.0,1082810818.45
09618.HK,20230823,131.3,132.7,130.0,131.0,131.3,-0.3,-0.23,6598692.0,865556154.65
09618.HK,20230824,131.8,134.3,130.8,133.2,131.0,2.2,1.68,8943038.0,1188252607.55
09618.HK,20230825,130.2,131.1,129.4,130.0,133.2,-3.2,-2.4,6677775.0,870410795.35
09618.HK,20230828,136.4,136.6,130.8,131.1,130.0,1.1,0.85,6023360.0,800794942.4
09618.HK,20230829,132.0,134.5,131.7,133.8,131.1,2.7,2.06,5915101.0,789021781.5
09618.HK,20230830,134.6,135.4,130.8,131.8,133.8,-2.0,-1.49,7796486.0,1032419875.8
09618.HK,20230831,132.0,133.2,128.1,128.8,131.8,-3.0,-2.28,17121776.0,2215613059.45
09618.HK,20230904,132.8,136.2,130.7,135.2,128.8,6.4,4.97,20415714.0,2748338501.71
09618.HK,20230905,133.8,134.8,131.9,132.2,135.2,-3.0,-2.22,8667579.0,1157268395.85
09618.HK,20230906,133.0,134.2,131.4,132.6,132.2,0.4,0.3,8197063.0,1086483357.0
09618.HK,20230907,131.1,132.1,128.2,128.5,132.6,-4.1,-3.09,8990170.0,1161936138.75
09618.HK,20230911,124.2,126.7,122.8,125.6,128.5,-2.9,-2.26,19094054.0,2378984617.4
09618.HK,20230912,123.5,126.0,123.0,124.7,125.6,-0.9,-0.72,6790145.0,846114423.5
09618.HK,20230913,124.7,125.8,122.8,123.7,124.7,-1.0,-0.8,6427598.0,796778017.55
09618.HK,20230914,124.3,124.9,122.8,124.0,123.7,0.3,0.24,7515238.0,931845251.12
09618.HK,20230915,124.8,126.4,123.1,124.6,124.0,0.6,0.48,11461269.0,1432092153.8
09618.HK,20230918,123.4,123.9,121.0,121.0,124.6,-3.6,-2.89,9895275.0,1210418271.48
09618.HK,20230919,121.1,121.8,117.4,119.6,121.0,-1.4,-1.16,11605963.0,1380811151.35
09618.HK,20230920,119.7,120.1,118.0,118.0,119.6,-1.6,-1.34,7836229.0,930277264.65
09618.HK,20230921,118.0,118.5,116.0,116.7,118.0,-1.3,-1.1,7654302.0,894990125.3
09618.HK,20230922,116.3,120.5,115.9,120.3,116.7,3.6,3.08,11004795.0,1303760216.26
09618.HK,20230925,119.0,119.4,115.2,115.4,120.3,-4.9,-4.07,9053631.0,1050965243.85
09618.HK,20230926,115.0,116.2,112.0,112.3,115.4,-3.1,-2.69,17008879.0,1922322681.05
09618.HK,20230927,113.4,115.4,112.7,113.4,112.3,1.1,0.98,13797259.0,1570951400.47
09618.HK,20230928,113.1,113.9,110.7,111.1,113.4,-2.3,-2.03,9100120.0,1015551892.25
09618.HK,20230929,111.9,116.3,111.1,115.1,111.1,4.0,3.6,7425918.0,852277609.25
09618.HK,20231003,112.3,112.4,110.2,111.4,115.1,-3.7,-3.21,9165391.0,1019782500.35
09618.HK,20231004,110.7,111.0,109.2,110.3,111.4,-1.1,-0.99,6847283.0,754344253.25
09618.HK,20231005,111.0,112.8,110.5,111.5,110.3,1.2,1.09,6681323.0,747572777.45
09618.HK,20231006,113.6,114.3,112.2,113.2,111.5,1.7,1.52,7431822.0,840747644.4
09618.HK,20231009,111.5,114.9,110.7,113.8,113.2,0.6,0.53,7159342.0,813140086.8
09618.HK,20231010,116.1,119.2,114.9,115.4,113.8,1.6,1.41,9907644.0,1154529950.1
09618.HK,20231011,118.7,118.9,116.6,117.1,115.4,1.7,1.47,6948831.0,816315870.3
09618.HK,20231012,119.6,120.0,116.9,117.7,117.1,0.6,0.51,8739630.0,1031159548.9
09618.HK,20231013,109.0,110.2,102.5,104.2,117.7,-13.5,-11.47,40812885.0,4296098930.17
09618.HK,20231016,104.9,107.6,102.1,103.7,104.2,-0.5,-0.48,16265661.0,1689056062.5
09618.HK,20231017,107.5,107.5,105.1,106.0,103.7,2.3,2.22,10018401.0,1062799943.25
09618.HK,20231018,103.7,104.8,102.2,102.8,106.0,-3.2,-3.02,15618440.0,1607527717.55
09618.HK,20231019,99.0,100.0,96.95,97.2,102.8,-5.6,-5.45,25950460.0,2539678482.2
09618.HK,20231020,96.05,97.65,95.1,96.65,97.2,-0.55,-0.57,12990207.0,1253303862.5
09618.HK,20231024,95.5,96.75,93.35,93.9,96.65,-2.75,-2.85,18259565.0,1722444785.1
09618.HK,20231025,98.2,99.1,95.95,96.65,93.9,2.75,2.93,15220177.0,1482201132.05
09618.HK,20231026,97.8,99.5,97.3,98.1,96.65,1.45,1.5,11405751.0,1121284901.3
09618.HK,20231027,101.0,102.6,100.4,101.4,98.1,3.3,3.36,15340532.0,1554940637.14
09618.HK,20231030,100.0,102.6,100.0,101.3,101.4,-0.1,-0.1,9831290.0,994659013.45
09618.HK,20231031,101.3,101.9,99.4,99.8,101.3,-1.5,-1.48,5371974.0,536910913.96
09618.HK,20231101,99.2,100.0,97.2,98.75,99.8,-1.05,-1.05,7568142.0,744170233.95
09618.HK,20231102,100.5,101.9,99.05,99.4,98.75,0.65,0.66,4548782.0,455045105.05
09618.HK,20231103,101.2,104.0,100.2,103.1,99.4,3.7,3.72,9700407.0,994434802.55
09618.HK,20231106,106.8,107.7,106.1,107.0,103.1,3.9,3.78,9012380.0,963431475.95
09618.HK,20231107,106.2,106.4,104.0,104.6,107.0,-2.4,-2.24,6720551.0,704925571.1
09618.HK,20231108,103.6,105.7,103.3,103.7,104.6,-0.9,-0.86,7371413.0,767231617.02
09618.HK,20231109,103.2,103.6,101.5,102.1,103.7,-1.6,-1.54,8392126.0,858797721.35
09618.HK,20231110,99.8,99.9,98.4,99.0,102.1,-3.1,-3.04,7459545.0,739288387.4
09618.HK,20231113,99.8,101.2,98.7,100.8,99.0,1.8,1.82,6955880.0,694386312.75
09618.HK,20231114,100.4,101.2,98.85,99.55,100.8,-1.25,-1.24,5044540.0,502610798.1
09618.HK,20231115,104.4,105.9,103.4,105.9,99.55,6.35,6.38,13253618.0,1388354467.2
09618.HK,20231116,111.4,111.4,106.9,108.0,105.9,2.1,1.98,19953606.0,2171130298.7
09618.HK,20231117,107.4,108.5,104.4,105.4,108.0,-2.6,-2.41,13989742.0,1480293655.28
09618.HK,20231120,107.8,109.7,107.2,108.6,105.4,3.2,3.04,13348160.0,1449985531.7
09618.HK,20231121,110.6,113.0,110.1,110.8,108.6,2.2,2.03,15826463.0,1764215968.85
09618.HK,20231122,110.6,111.1,109.3,110.2,110.8,-0.6,-0.54,6837913.0,754366739.1
09618.HK,20231123,109.6,113.0,109.2,112.6,110.2,2.4,2.18,6392557.0,713863633.8
09618.HK,20231124,111.4,112.1,110.2,110.5,112.6,-2.1,-1.87,5397138.0,597760186.4
09618.HK,20231127,112.7,112.7,109.6,110.7,110.5,0.2,0.18,5193665.0,574688850.4
09618.HK,20231128,109.5,110.1,107.9,108.3,110.7,-2.4,-2.17,8587054.0,934005426.15
09618.HK,20231129,109.4,109.7,105.9,106.6,108.3,-1.7,-1.57,15107674.0,1615629147.16
09618.HK,20231130,104.5,107.0,104.5,106.7,106.6,0.1,0.09,11123904.0,1182130159.36
09618.HK,20231201,106.5,107.0,105.3,105.8,106.7,-0.9,-0.84,13866532.0,1469446193.56
09618.HK,20231204,106.7,106.8,103.4,103.8,105.8,-2.0,-1.89,9475305.0,990492080.16
09618.HK,20231205,102.6,102.9,100.9,102.1,103.8,-1.7,-1.64,12432306.0,1263733601.95
09618.HK,20231206,102.1,104.3,100.4,103.4,102.1,1.3,1.27,7681977.0,792291105.67
09618.HK,20231207,102.8,104.6,102.0,104.0,103.4,0.6,0.58,5711829.0,591045372.13
09618.HK,20231208,103.4,105.8,102.8,104.8,104.0,0.8,0.77,10925791.0,1143705306.15
09618.HK,20231211,102.0,102.5,96.6,98.25,104.8,-6.55,-6.25,23702314.0,2331909886.1
09618.HK,20231212,99.5,101.4,98.25,100.3,98.25,2.05,2.09,7714227.0,775269638.75
09618.HK,20231213,98.0,98.35,96.9,97.9,100.3,-2.4,-2.39,11319014.0,1106438333.8
09618.HK,20231214,99.6,100.3,97.9,98.8,97.9,0.9,0.92,10803242.0,1069219175.6
09618.HK,20231215,102.2,109.2,102.1,105.7,98.8,6.9,6.98,28156143.0,2981577814.6
09618.HK,20231218,105.1,106.1,104.5,105.5,105.7,-0.2,-0.19,7963448.0,838459091.85
09618.HK,20231219,104.1,104.2,101.8,102.7,105.5,-2.8,-2.65,7574945.0,778188295.95
09618.HK,20231220,107.0,107.3,105.5,106.1,102.7,3.4,3.31,16275616.0,1730284345.5
09618.HK,20231221,104.5,105.9,104.0,105.3,106.1,-0.8,-0.75,8675670.0,914356200.5
09618.HK,20231222,109.2,110.7,104.9,105.8,105.3,0.5,0.47,16015631.0,1719296403.8
09618.HK,20231227,108.2,108.2,104.9,107.2,105.8,1.4,1.32,8423999.0,898153381.1
09618.HK,20231228,107.6,113.5,107.4,112.6,107.2,5.4,5.04,12534712.0,1402818845.0
09618.HK,20231229,112.6,113.1,111.3,112.5,112.6,-0.1,-0.09,7247700.0,813099012.45
09618.HK,20240102,113.0,113.5,108.6,109.8,112.5,-2.7,-2.4,6377349.0,699376662.9
09618.HK,20240103,106.0,106.5,105.2,106.3,109.8,-3.5,-3.19,6883027.0,729081985.25
09618.HK,20240104,106.7,107.2,105.3,107.0,106.3,0.7,0.66,4594782.0,489228705.05
09618.HK,20240105,106.4,107.8,104.0,105.3,107.0,-1.7,-1.59,5027820.0,531015047.9
09618.HK,20240108,105.0,105.0,99.25,101.2,105.3,-4.1,-3.89,8995344.0,907768343.1
09618.HK,20240109,100.3,102.1,97.0,98.0,101.2,-3.2,-3.16,11759100.0,1162779347.455
09618.HK,20240110,98.95,100.3,97.35,98.2,98.0,0.2,0.2,5495993.0,541114142.0
09618.HK,20240111,99.1,101.3,98.4,99.9,98.2,1.7,1.73,6559195.0,656376661.8
09618.HK,20240112,98.5,100.5,97.55,98.3,99.9,-1.6,-1.6,5737024.0,565482334.55
09618.HK,20240115,97.2,97.65,95.7,96.65,98.3,-1.65,-1.68,5223898.0,503703388.0
09618.HK,20240116,96.25,96.35,93.35,93.4,96.65,-3.25,-3.36,8955773.0,841834479.3
09618.HK,20240117,92.3,93.1,86.6,87.75,93.4,-5.65,-6.05,16975185.0,1502382588.166
09618.HK,20240118,87.45,87.55,85.4,86.3,87.75,-1.45,-1.65,16211614.0,1402474531.65
09618.HK,20240119,85.25,86.85,83.0,84.15,86.3,-2.15,-2.49,12478533.0,1056591955.363
09618.HK,20240122,85.55,85.75,81.55,82.5,84.15,-1.65,-1.96,16209371.0,1346552709.725
09618.HK,20240123,84.1,88.3,83.65,86.35,82.5,3.85,4.67,14441806.0,1248119992.111
09618.HK,20240124,89.75,91.05,85.1,90.4,86.35,4.05,4.69,20918444.0,1850967573.33
09618.HK,20240125,91.8,93.8,90.65,93.5,90.4,3.1,3.43,18498485.0,1714580023.6
09618.HK,20240126,92.8,94.6,90.65,91.35,93.5,-2.15,-2.3,10761230.0,992155811.555
09618.HK,20240129,92.9,94.9,92.85,93.35,91.35,2.0,2.19,8842093.0,828011696.15
09618.HK,20240130,89.95,91.45,89.0,89.55,93.35,-3.8,-4.07,11299168.0,1014344401.6
09618.HK,20240131,89.55,89.9,85.95,86.8,89.55,-2.75,-3.07,7077293.0,616391141.95
09618.HK,20240201,87.5,90.0,86.5,87.5,86.8,0.7,0.81,11207603.0,983990524.87
09618.HK,20240202,88.6,89.7,85.15,86.0,87.5,-1.5,-1.71,10337045.0,900345619.358
09618.HK,20240205,84.15,87.45,83.6,86.05,86.0,0.05,0.06,9479278.0,815932684.326
09618.HK,20240206,87.15,93.1,87.15,92.75,86.05,6.7,7.79,15710130.0,1430784211.007
09618.HK,20240207,93.9,95.75,89.3,90.35,92.75,-2.4,-2.59,14805097.0,1351049509.166
09618.HK,20240208,89.95,90.6,86.85,88.0,90.35,-2.35,-2.6,9851269.0,869565486.8
09618.HK,20240209,85.55,86.35,84.4,86.05,88.0,-1.95,-2.22,3154307.0,269323900.5
09618.HK,20240214,85.55,89.3,84.3,89.1,86.05,3.05,3.54,5862054.0,514008243.9
09618.HK,20240215,89.1,91.9,88.65,91.25,89.1,2.15,2.41,5123451.0,464991845.29
09618.HK,20240216,92.1,96.5,91.95,95.75,91.25,4.5,4.93,9890087.0,939193221.73
09618.HK,20240219,93.85,94.5,90.8,91.85,95.75,-3.9,-4.07,9221316.0,847046268.326
09618.HK,20240220,92.45,93.25,88.5,91.7,91.85,-0.15,-0.16,11009957.0,992940416.1
09618.HK,20240221,90.95,96.6,90.0,94.2,91.7,2.5,2.73,11055109.0,1043928994.87
09618.HK,20240222,93.6,95.35,91.7,95.35,94.2,1.15,1.22,8052238.0,755004434.29
09618.HK,20240223,93.2,95.35,93.05,93.75,95.35,-1.6,-1.68,9888466.0,926967462.55
09618.HK,20240226,92.25,94.15,92.25,93.05,93.75,-0.7,-0.75,6722924.0,626093659.51
09618.HK,20240227,92.55,94.1,90.05,93.75,93.05,0.7,0.75,9709631.0,894540060.205
09618.HK,20240228,94.4,94.85,90.85,91.2,93.75,-2.55,-2.72,9110809.0,839346808.862
09618.HK,20240229,89.4,90.75,88.35,89.05,91.2,-2.15,-2.36,17404039.0,1555275200.75
09618.HK,20240301,88.75,90.7,87.15,90.55,89.05,1.5,1.68,14329745.0,1290058634.405
09618.HK,20240304,90.9,91.4,88.6,89.5,90.55,-1.05,-1.16,9592604.0,857441949.346
09618.HK,20240305,84.55,85.7,82.6,82.75,89.5,-6.75,-7.54,22703302.0,1905593027.75
09618.HK,20240306,84.05,90.8,84.05,89.2,82.75,6.45,7.79,21595354.0,1917246846.38
09618.HK,20240307,96.5,97.85,93.5,94.55,89.2,5.35,6.0,29527563.0,2813835146.01
09618.HK,20240308,94.0,94.85,92.5,92.6,94.55,-1.95,-2.06,12622603.0,1178063856.67
09618.HK,20240311,96.0,100.4,96.0,98.55,92.6,5.95,6.43,20227329.0,1990176051.22
09618.HK,20240312,102.3,107.2,101.1,106.3,98.55,7.75,7.86,25208723.0,2654944518.077
09618.HK,20240313,106.0,107.4,105.7,106.3,106.3,0.0,0.0,12638403.0,1347153450.4
09618.HK,20240314,109.8,110.5,105.3,106.4,106.3,0.1,0.09,15545395.0,1666040022.35
09618.HK,20240315,105.0,105.4,102.3,104.5,106.4,-1.9,-1.79,16502616.0,1716128520.42
09618.HK,20240318,106.6,109.0,106.0,107.3,104.5,2.8,2.68,9995611.0,1075446155.65
09618.HK,20240319,107.5,108.4,105.9,106.6,107.3,-0.7,-0.65,9010009.0,961604210.68
09618.HK,20240320,107.5,107.8,105.5,106.9,106.6,0.3,0.28,5510732.0,589583853.13
09618.HK,20240321,109.8,111.0,108.6,109.4,106.9,2.5,2.34,12432625.0,1365180174.9
09618.HK,20240322,105.8,106.3,102.4,103.6,109.4,-5.8,-5.3,16202655.0,1680783657.3
09618.HK,20240325,105.0,106.5,102.0,103.3,103.6,-0.3,-0.29,9172224.0,947178517.6
09618.HK,20240326,104.9,106.2,103.4,104.7,103.3,1.4,1.36,8559644.0,896657366.86
09618.HK,20240327,103.0,103.1,100.8,102.2,104.7,-2.5,-2.39,8621994.0,880146369.392
09618.HK,20240328,105.3,109.9,105.3,107.9,102.2,5.7,5.58,15731624.0,1697389720.825
09618.HK,20240402,108.6,110.5,107.7,108.7,107.9,0.8,0.74,8226338.0,894071076.1
09618.HK,20240403,105.1,106.0,103.8,104.4,105.726,-1.326,-1.25,8298416.0,867016225.03
09618.HK,20240405,103.0,103.5,99.95,102.9,104.4,-1.5,-1.44,8997731.0,917469786.975
09618.HK,20240408,100.9,103.4,100.5,102.3,102.9,-0.6,-0.58,4917849.0,501696222.45
09618.HK,20240409,102.3,103.6,100.7,101.6,102.3,-0.7,-0.68,7257487.0,737786464.05
09618.HK,20240410,103.7,108.0,103.4,106.4,101.6,4.8,4.72,12158080.0,1288534492.7
09618.HK,20240411,103.4,106.2,103.1,105.8,106.4,-0.6,-0.56,5841538.0,613193508.15
09618.HK,20240412,104.7,105.4,102.0,102.4,105.8,-3.4,-3.21,8898196.0,915743625.99
09618.HK,20240415,99.5,101.7,99.4,101.2,102.4,-1.2,-1.17,5830771.0,588998096.98
09618.HK,20240416,98.65,99.8,98.0,98.85,101.2,-2.35,-2.32,8739613.0,863750842.43
09618.HK,20240417,98.85,100.7,97.35,98.75,98.85,-0.1,-0.1,6820563.0,673218342.185
09618.HK,20240418,98.0,98.9,96.05,98.05,98.75,-0.7,-0.71,8804974.0,860313517.3
09618.HK,20240419,97.15,97.95,95.7,97.3,98.05,-0.75,-0.76,9215461.0,892418683.594
09618.HK,20240422,99.85,102.6,99.85,100.5,97.3,3.2,3.29,7587428.0,764851633.45
09618.HK,20240423,105.5,107.3,104.5,106.6,100.5,6.1,6.07,17308866.0,1834474132.75
09618.HK,20240424,108.0,111.6,107.8,111.2,106.6,4.6,4.32,13271677.0,1461301070.45
09618.HK,20240425,110.0,113.7,109.8,111.3,111.2,0.1,0.09,10219026.0,1140060944.84
09618.HK,20240426,111.3,118.8,111.3,117.7,111.3,6.4,5.75,17505997.0,2048128952.87
09618.HK,20240429,118.8,122.0,117.8,118.0,117.7,0.3,0.25,16217457.0,1936033952.7
09618.HK,20240430,117.0,117.6,113.8,114.8,118.0,-3.2,-2.71,12279321.0,1411917750.94
09618.HK,20240502,115.4,121.9,114.9,120.4,114.8,5.6,4.88,18233076.0,2189237101.65
09618.HK,20240503,126.8,128.7,124.1,127.0,120.4,6.6,5.48,21289942.0,2689396590.75
09618.HK,20240506,127.3,128.2,124.1,127.5,127.0,0.5,0.39,14862899.0,1881503656.833
09618.HK,20240507,127.4,127.5,124.1,124.8,127.5,-2.7,-2.12,8841190.0,1107085311.65
09618.HK,20240508,125.5,127.6,123.4,124.4,124.8,-0.4,-0.32,11089037.0,1388682416.7
09618.HK,20240509,124.4,126.7,123.6,125.7,124.4,1.3,1.05,7448578.0,935276728.95
09618.HK,20240510,125.8,127.4,123.7,126.6,125.7,0.9,0.72,7766813.0,979161145.53
09618.HK,20240513,125.6,130.5,123.0,129.3,126.6,2.7,2.13,14569054.0,1877081805.5
09618.HK,20240514,130.9,132.9,128.4,129.1,129.3,-0.2,-0.15,11643351.0,1509631718.9
09618.HK,20240516,130.3,133.6,128.1,132.4,129.1,3.3,2.56,14900952.0,1961435138.8
09618.HK,20240517,134.5,134.8,130.7,134.1,132.4,1.7,1.28,14162594.0,1887579067.45
09618.HK,20240520,135.3,138.8,135.3,136.8,134.1,2.7,2.01,13811498.0,1894980306.8
09618.HK,20240521,134.4,135.9,132.0,132.0,136.8,-4.8,-3.51,10233343.0,1359096694.38
09618.HK,20240522,129.9,130.7,128.3,129.0,132.0,-3.0,-2.27,16948826.0,2193852910.89
09618.HK,20240523,127.9,127.9,123.2,123.7,129.0,-5.3,-4.11,23101808.0,2879948745.655
09618.HK,20240524,122.2,122.5,118.8,119.6,123.7,-4.1,-3.31,14245326.0,1712336996.175
09618.HK,20240527,118.2,119.2,116.9,118.8,119.6,-0.8,-0.67,11062249.0,1306371293.69
09618.HK,20240528,118.8,120.7,117.4,118.3,118.8,-0.5,-0.42,7031783.0,834576279.95
09618.HK,20240529,116.3,116.6,113.2,114.5,118.3,-3.8,-3.21,14081856.0,1612192592.7
09618.HK,20240530,113.9,116.0,112.7,113.4,114.5,-1.1,-0.96,8526887.0,968591638.0
09618.HK,20240531,117.1,117.9,113.6,113.9,113.4,0.5,0.44,18668150.0,2150825812.55
09618.HK,20240603,115.7,117.7,115.6,116.8,113.9,2.9,2.55,10309258.0,1201294614.51
09618.HK,20240604,116.4,118.1,116.2,117.2,116.8,0.4,0.34,8831876.0,1034698114.55
09618.HK,20240605,118.4,122.0,118.4,119.4,117.2,2.2,1.88,12572423.0,1509611605.03
09618.HK,20240606,120.2,121.8,115.8,117.4,119.4,-2.0,-1.68,9243867.0,1089245985.7
09618.HK,20240607,117.0,117.2,113.9,115.7,117.4,-1.7,-1.45,19544114.0,2255993060.5
09618.HK,20240611,115.3,116.5,113.6,115.7,115.7,0.0,0.0,9788850.0,1129184597.38
09618.HK,20240612,114.4,115.2,113.4,113.8,115.7,-1.9,-1.64,7249627.0,827935890.45
09618.HK,20240613,116.0,117.0,114.3,116.0,113.8,2.2,1.93,8636840.0,996896293.45
09618.HK,20240614,114.7,115.3,113.7,113.9,116.0,-2.1,-1.81,12326895.0,1406852030.7
09618.HK,20240617,113.2,113.9,111.6,113.1,113.9,-0.8,-0.7,11105898.0,1257387006.27
09618.HK,20240618,112.7,115.2,112.6,112.9,113.1,-0.2,-0.18,5585671.0,634675845.15
09618.HK,20240619,114.0,115.5,113.4,115.2,112.9,2.3,2.04,10115922.0,1159886187.0
09618.HK,20240620,115.2,116.1,112.1,112.4,115.2,-2.8,-2.43,9148312.0,1035779733.7
09618.HK,20240621,111.0,111.6,108.4,109.5,112.4,-2.9,-2.58,13998429.0,1534328342.39
09618.HK,20240624,108.5,110.4,108.1,110.1,109.5,0.6,0.55,4901905.0,534413096.77
09618.HK,20240625,110.1,110.4,107.7,109.4,110.1,-0.7,-0.64,7581942.0,826788038.35
09618.HK,20240626,107.2,109.0,106.2,107.9,109.4,-1.5,-1.37,8209914.0,885841445.8
09618.HK,20240627,106.9,107.1,105.0,105.5,107.9,-2.4,-2.22,10517585.0,1110890248.3
09618.HK,20240628,102.7,105.2,102.1,103.3,105.5,-2.2,-2.09,9632889.0,996490848.1
09618.HK,20240702,100.3,102.8,99.7,101.2,103.3,-2.1,-2.03,11626572.0,1176773598.07
09618.HK,20240703,101.9,104.2,101.5,103.3,101.2,2.1,2.08,6863954.0,706269893.86
09618.HK,20240704,105.2,105.5,102.5,103.4,103.3,0.1,0.1,4204980.0,435812538.55
09618.HK,20240705,102.2,103.9,102.2,102.7,103.4,-0.7,-0.68,4995561.0,514208212.45
09618.HK,20240708,103.5,104.8,101.9,103.0,102.7,0.3,0.29,7800537.0,802082421.55
09618.HK,20240709,102.6,103.2,101.2,102.2,103.0,-0.8,-0.78,9086495.0,928573478.675
09618.HK,20240710,104.0,105.8,103.6,103.9,102.2,1.7,1.66,9272374.0,970553354.5
09618.HK,20240711,105.0,107.4,104.8,106.8,103.9,2.9,2.79,9029729.0,959901042.17
09618.HK,20240712,112.0,112.9,111.3,112.0,106.8,5.2,4.87,12848942.0,1440722894.1
09618.HK,20240715,109.3,109.6,105.9,106.7,112.0,-5.3,-4.73,9536268.0,1022638345.0
09618.HK,20240716,104.1,105.1,102.9,104.5,106.7,-2.2,-2.06,9798416.0,1021919220.0
09618.HK,20240717,105.1,107.6,105.1,106.7,104.5,2.2,2.11,8369289.0,892929896.5
09618.HK,20240718,105.3,106.9,104.8,106.2,106.7,-0.5,-0.47,5174988.0,549203668.46
09618.HK,20240719,103.1,104.0,102.2,102.7,106.2,-3.5,-3.3,9164098.0,942151923.25
09618.HK,20240722,102.8,105.0,102.3,104.1,102.7,1.4,1.36,4754611.0,494063339.14
09618.HK,20240723,104.6,104.7,102.1,102.6,104.1,-1.5,-1.44,5279349.0,543007389.75
09618.HK,20240724,102.3,103.0,100.0,100.6,102.6,-2.0,-1.95,5824334.0,588768656.9
09618.HK,20240725,100.5,101.7,99.15,99.3,100.6,-1.3,-1.29,5237869.0,521693844.35
09618.HK,20240726,102.4,104.2,101.6,102.3,99.3,3.0,3.02,7380146.0,758524121.1
09618.HK,20240729,104.3,105.1,103.2,103.7,102.3,1.4,1.37,5797698.0,603363079.75
09618.HK,20240730,103.0,103.4,101.6,102.2,103.7,-1.5,-1.45,6356280.0,649160635.55
09618.HK,20240731,102.2,104.6,101.7,104.0,102.2,1.8,1.76,10273622.0,1061638368.545
09618.HK,20240801,102.0,102.5,98.65,99.95,104.0,-4.05,-3.89,14151808.0,1416821900.35
09618.HK,20240802,98.4,98.85,97.25,98.4,99.95,-1.55,-1.55,7668304.0,752838150.265
09618.HK,20240805,96.55,98.6,94.65,96.95,98.4,-1.45,-1.47,9615737.0,928284335.974
09618.HK,20240806,98.5,99.55,97.5,97.7,96.95,0.75,0.77,8535159.0,837982240.415
09618.HK,20240807,99.25,101.0,98.55,99.75,97.7,2.05,2.1,7532838.0,752390659.25
09618.HK,20240808,98.8,100.8,97.3,98.85,99.75,-0.9,-0.9,6599583.0,653749759.61
09618.HK,20240809,100.7,101.7,99.9,100.2,98.85,1.35,1.37,5115016.0,513708963.28
09618.HK,20240812,100.7,101.2,98.75,100.1,100.2,-0.1,-0.1,5645290.0,563446301.55
09618.HK,20240813,101.2,102.0,99.9,100.8,100.1,0.7,0.7,4867450.0,490310346.5
09618.HK,20240814,101.2,101.7,100.6,100.8,100.8,0.0,0.0,5233998.0,528176966.95
09618.HK,20240815,100.6,100.6,98.05,99.35,100.8,-1.45,-1.44,8664745.0,859925556.3
09618.HK,20240816,105.8,108.8,104.4,108.2,99.35,8.85,8.91,21019773.0,2257887606.4
09618.HK,20240819,113.8,114.9,112.0,112.4,108.2,4.2,3.88,15036115.0,1704622821.7
09618.HK,20240820,114.8,114.8,111.5,112.2,112.4,-0.2,-0.18,10894015.0,1225831773.3
09618.HK,20240821,99.8,103.0,98.7,102.4,112.2,-9.8,-8.73,68726949.0,6917504096.35
09618.HK,20240822,105.3,106.0,103.0,106.0,102.4,3.6,3.52,19718862.0,2069788058.34
09618.HK,20240823,103.9,106.0,103.7,105.9,106.0,-0.1,-0.09,11966687.0,1259998318.8
09618.HK,20240826,105.1,106.0,104.6,105.6,105.9,-0.3,-0.28,24792182.0,2614500817.6
09618.HK,20240827,101.0,101.9,99.75,101.7,105.6,-3.9,-3.69,16786491.0,1697325153.3
09618.HK,20240828,103.3,104.3,102.5,103.5,101.7,1.8,1.77,15531874.0,1604671830.63
09618.HK,20240829,101.2,103.5,100.8,103.5,103.5,0.0,0.0,12215844.0,1250178074.66
09618.HK,20240830,103.2,108.8,102.5,107.2,103.5,3.7,3.57,27527908.0,2945454121.98
09618.HK,20240902,106.0,106.3,104.2,105.1,107.2,-2.1,-1.96,8989836.0,948063998.47
09618.HK,20240903,105.1,106.5,104.3,104.9,105.1,-0.2,-0.19,4588106.0,482483410.15
09618.HK,20240904,104.1,106.9,103.5,105.8,104.9,0.9,0.86,10613993.0,1117876254.25
09618.HK,20240905,105.1,105.8,103.1,104.3,105.8,-1.5,-1.42,8587971.0,894518655.6
09618.HK,20240909,103.0,103.0,100.2,101.2,104.3,-3.1,-2.97,15785695.0,1596719136.2
09618.HK,20240910,101.1,103.0,100.2,102.4,101.2,1.2,1.19,10854893.0,1108615161.65
09618.HK,20240911,100.8,102.2,100.3,101.9,102.4,-0.5,-0.49,7681109.0,779117219.0
09618.HK,20240912,103.5,105.3,103.3,104.4,101.9,2.5,2.45,8891733.0,929133293.85
09618.HK,20240913,105.0,105.8,104.1,104.3,104.4,-0.1,-0.1,4603415.0,481795063.34
09618.HK,20240916,102.0,103.4,101.4,103.4,104.3,-0.9,-0.86,6451995.0,661620088.25
09618.HK,20240917,103.0,104.8,102.4,104.3,103.4,0.9,0.87,9140642.0,951860258.3
09618.HK,20240919,105.5,112.5,104.8,111.8,104.3,7.5,7.19,23899137.0,2635553778.05
09618.HK,20240920,111.4,113.7,110.8,112.6,111.8,0.8,0.72,17251225.0,1940891831.44
09618.HK,20240923,112.6,115.4,111.9,113.1,112.6,0.5,0.44,13739549.0,1566580278.6
09618.HK,20240924,118.0,124.8,116.6,124.6,113.1,11.5,10.17,33165967.0,4035109017.649
09618.HK,20240925,130.6,130.9,125.0,125.8,124.6,1.2,0.96,28488437.0,3633675979.3
09618.HK,20240926,129.1,138.9,128.2,138.5,125.8,12.7,10.1,34768705.0,4696961638.155
09618.HK,20240927,147.7,155.2,146.7,152.0,138.5,13.5,9.75,47797976.0,7181742907.6
09618.HK,20240930,159.6,170.6,156.3,167.1,152.0,15.1,9.93,50016517.0,8240312498.54
09618.HK,20241002,168.2,192.3,168.1,185.1,167.1,18.0,10.77,45744282.0,8419055305.05
09618.HK,20241003,176.5,177.1,164.0,170.4,185.1,-14.7,-7.94,45132324.0,7718989994.22
09618.HK,20241004,174.0,185.6,171.5,182.8,170.4,12.4,7.28,26538078.0,4812092127.55
09618.HK,20241007,186.6,189.6,180.6,185.1,182.8,2.3,1.26,24305099.0,4481056962.95
09618.HK,20241008,172.4,177.8,157.8,163.0,185.1,-22.1,-11.94,47649791.0,8058744616.9
09618.HK,20241009,170.4,171.3,158.5,161.6,163.0,-1.4,-0.86,31419471.0,5144214644.15
09618.HK,20241010,166.0,172.6,164.0,167.1,161.6,5.5,3.4,18590330.0,3120424409.91
09618.HK,20241014,167.4,173.0,162.6,168.7,167.1,1.6,0.96,24134724.0,4060769507.9
09618.HK,20241015,169.9,171.3,158.3,160.4,168.7,-8.3,-4.92,25564137.0,4179876739.39
09618.HK,20241016,157.2,158.7,153.3,155.4,160.4,-5.0,-3.12,22066852.0,3435888454.12
09618.HK,20241017,158.3,163.2,153.5,154.7,155.4,-0.7,-0.45,16272763.0,2563157892.35
09618.HK,20241018,150.5,162.1,149.3,158.8,154.7,4.1,2.65,23802259.0,3696044379.75
09618.HK,20241021,156.2,157.5,153.8,154.9,158.8,-3.9,-2.46,17699380.0,2754401376.1
09618.HK,20241022,155.0,158.1,152.9,154.4,154.9,-0.5,-0.32,13297848.0,2060184100.57
09618.HK,20241023,154.9,160.0,153.2,159.0,154.4,4.6,2.98,10794964.0,1709403943.6
09618.HK,20241024,156.1,156.9,153.5,154.2,159.0,-4.8,-3.02,12061663.0,1866531793.5
09618.HK,20241025,154.6,157.7,154.5,156.2,154.2,2.0,1.3,7852941.0,1226724640.61
09618.HK,20241028,156.2,159.2,155.3,158.2,156.2,2.0,1.28,7184912.0,1135086437.35
09618.HK,20241029,161.3,167.2,161.2,162.5,158.2,4.3,2.72,11705277.0,1912642540.65
09618.HK,20241030,159.2,159.8,155.0,155.9,162.5,-6.6,-4.06,11948683.0,1874191404.3
09618.HK,20241031,156.9,158.1,155.3,155.5,155.9,-0.4,-0.26,8353682.0,1305799030.903
09618.HK,20241101,159.0,161.1,157.5,158.1,155.5,2.6,1.67,7662567.0,1216167056.59
09618.HK,20241104,158.7,159.0,154.0,156.1,158.1,-2.0,-1.27,5991618.0,936158372.165
09618.HK,20241105,153.9,158.6,153.9,158.6,156.1,2.5,1.6,7253485.0,1136458727.485
09618.HK,20241106,154.4,154.6,148.7,152.0,158.6,-6.6,-4.16,17258974.0,2611999274.01
09618.HK,20241107,150.1,154.3,148.7,153.6,152.0,1.6,1.05,12510690.0,1901280359.9
09618.HK,20241108,160.2,161.8,154.7,155.3,153.6,1.7,1.11,15683497.0,2467343479.75
09618.HK,20241111,147.2,153.3,147.2,151.7,155.3,-3.6,-2.32,10836896.0,1628366278.16
09618.HK,20241112,150.9,151.9,142.5,144.1,151.7,-7.6,-5.01,19253570.0,2803533154.718
09618.HK,20241113,140.4,141.8,139.5,141.8,144.1,-2.3,-1.6,14041060.0,1974696458.6
09618.HK,20241114,139.0,139.7,133.5,135.1,141.8,-6.7,-4.72,18896815.0,2562855731.9
09618.HK,20241115,130.9,134.7,128.8,132.6,135.1,-2.5,-1.85,16384486.0,2165191370.35
09618.HK,20241118,138.0,139.0,136.5,137.4,132.6,4.8,3.62,14444133.0,1988428167.85
09618.HK,20241119,136.9,138.5,136.2,137.2,137.4,-0.2,-0.15,8753612.0,1202004453.75
09618.HK,20241120,136.5,138.9,136.0,137.5,137.2,0.3,0.22,5058507.0,694028991.7
09618.HK,20241121,137.3,139.3,136.8,137.9,137.5,0.4,0.29,8301033.0,1145681124.2
09618.HK,20241122,140.2,141.1,136.7,137.5,137.9,-0.4,-0.29,17737130.0,2456341044.15
09618.HK,20241125,135.3,136.4,132.3,133.3,137.5,-4.2,-3.05,17860146.0,2389346162.8
09618.HK,20241126,132.4,136.8,132.4,135.8,133.3,2.5,1.88,11752469.0,1591267735.66
09618.HK,20241127,138.9,143.7,137.3,142.6,135.8,6.8,5.01,12799681.0,1801847111.125
09618.HK,20241128,144.6,144.6,141.5,142.2,142.6,-0.4,-0.28,11124648.0,1586004767.1
09618.HK,20241129,142.0,146.1,141.7,143.8,142.2,1.6,1.13,8237247.0,1183479181.3
09618.HK,20241202,146.0,148.3,145.0,147.3,143.8,3.5,2.43,10532772.0,1549488710.85
09618.HK,20241203,147.8,148.0,143.1,145.3,147.3,-2.0,-1.36,10169128.0,1478635632.35
09618.HK,20241204,144.2,144.3,141.4,142.4,145.3,-2.9,-2.0,9154441.0,1305023717.965
09618.HK,20241205,140.3,142.2,138.3,142.2,142.4,-0.2,-0.14,13759352.0,1936191622.3
09618.HK,20241206,142.9,146.7,141.6,146.6,142.2,4.4,3.09,22018351.0,3203281310.08
09618.HK,20241209,145.1,153.0,142.3,152.2,146.6,5.6,3.82,18060947.0,2655393043.1
09618.HK,20241210,160.9,161.6,153.2,153.3,152.2,1.1,0.72,20477627.0,3201302916.3
09618.HK,20241211,154.5,155.9,148.2,149.0,153.3,-4.3,-2.8,10428396.0,1573022603.292
09618.HK,20241212,149.2,150.4,145.1,147.8,149.0,-1.2,-0.81,15938415.0,2358612908.23
09618.HK,20241213,147.8,147.8,143.5,144.4,147.8,-3.4,-2.3,17973757.0,2603725196.9
09618.HK,20241216,144.4,146.7,142.9,144.0,144.4,-0.4,-0.28,7875004.0,1135044313.57
09618.HK,20241217,142.0,145.2,141.1,142.2,144.0,-1.8,-1.25,9084175.0,1293568344.19
09618.HK,20241218,145.2,145.7,143.1,144.0,142.2,1.8,1.27,5347904.0,771140880.5
09618.HK,20241219,141.9,142.7,140.7,141.7,144.0,-2.3,-1.6,8105059.0,1148250102.75
09618.HK,20241220,140.5,141.5,137.4,137.4,141.7,-4.3,-3.03,23018242.0,3175663368.18
09618.HK,20241223,139.5,140.7,137.8,139.6,137.4,2.2,1.6,6401037.0,891237955.1
09618.HK,20241224,140.5,142.4,140.3,140.9,139.6,1.3,0.93,2924128.0,413031130.55
09618.HK,20241227,138.7,139.6,134.6,135.9,140.9,-5.0,-3.55,8639058.0,1175648134.5
09618.HK,20241230,136.5,137.2,134.2,134.7,135.9,-1.2,-0.88,5818998.0,785224395.5
09618.HK,20241231,134.7,136.4,134.4,136.0,134.7,1.3,0.97,6083465.0,826221763.05
09618.HK,20250102,132.9,133.8,130.8,132.5,136.0,-3.5,-2.57,10338375.0,1367179807.85
09618.HK,20250103,134.4,136.3,132.6,134.2,132.5,1.7,1.28,9781570.0,1311174621.15
09618.HK,20250106,137.5,137.8,135.0,135.7,134.2,1.5,1.12,8152282.0,1108303946.4
09618.HK,20250107,135.7,137.2,132.8,135.0,135.7,-0.7,-0.52,10120538.0,1361454354.65
09618.HK,20250108,136.5,138.3,133.4,135.3,135.0,0.3,0.22,10327410.0,1398850632.92
09618.HK,20250109,134.7,135.2,132.4,133.2,135.3,-2.1,-1.55,5896281.0,787930176.3
09618.HK,20250110,133.8,133.9,130.3,130.9,133.2,-2.3,-1.73,6650231.0,873031336.55
09618.HK,20250113,129.6,129.6,126.6,129.0,130.9,-1.9,-1.45,6263756.0,803976941.34
09618.HK,20250114,129.7,137.0,129.7,135.9,129.0,6.9,5.35,11784415.0,1587228241.5
09618.HK,20250115,134.8,138.0,133.9,137.1,135.9,1.2,0.88,7551753.0,1029980744.895
09618.HK,20250116,137.3,140.2,137.3,140.1,137.1,3.0,2.19,7810928.0,1087587271.0
09618.HK,20250117,137.8,148.2,137.4,146.7,140.1,6.6,4.71,19783768.0,2870887274.5
09618.HK,20250120,152.6,158.3,152.1,157.4,146.7,10.7,7.29,21426774.0,3343902198.135
09618.HK,20250121,159.0,159.3,155.1,158.4,157.4,1.0,0.64,11460196.0,1808931160.85
09618.HK,20250122,151.1,153.2,150.6,151.6,158.4,-6.8,-4.29,23216064.0,3520528056.75
09618.HK,20250123,152.7,154.0,150.0,151.2,151.6,-0.4,-0.26,10582489.0,1601878312.4
09618.HK,20250124,150.4,157.0,150.2,155.7,151.2,4.5,2.98,12839453.0,1985878803.65
09618.HK,20250127,157.6,159.6,156.4,157.3,155.7,1.6,1.03,10348930.0,1631571573.15
09618.HK,20250128,158.5,158.6,154.7,156.9,157.3,-0.4,-0.25,6917079.0,1084526431.34
09618.HK,20250203,152.4,152.8,147.2,151.9,156.9,-5.0,-3.19,16874796.0,2542659179.309
09618.HK,20250204,156.2,162.1,155.9,162.1,151.9,10.2,6.71,17827300.0,2848306576.935
09618.HK,20250205,160.8,160.8,153.3,156.5,162.1,-5.6,-3.45,15836502.0,2468208680.55
09618.HK,20250206,154.7,157.9,154.3,157.7,156.5,1.2,0.77,8374946.0,1312595254.6
09618.HK,20250207,156.0,158.6,154.7,157.1,157.7,-0.6,-0.38,11026726.0,1729178975.9
09618.HK,20250210,157.0,161.6,156.6,161.5,157.1,4.4,2.8,11303750.0,1814660545.3
09618.HK,20250211,163.4,164.4,158.3,158.5,161.5,-3.0,-1.86,11564784.0,1855137285.65
09618.HK,20250212,160.5,161.7,153.5,156.1,158.5,-2.4,-1.51,17600967.0,2749612754.065
09618.HK,20250213,153.4,159.4,149.5,151.5,156.1,-4.6,-2.95,27373656.0,4226736213.365
09618.HK,20250214,155.0,163.0,155.0,163.0,151.5,11.5,7.59,24858873.0,3974937401.28
09618.HK,20250217,164.0,164.8,155.5,157.1,163.0,-5.9,-3.62,17128732.0,2734088318.9
09618.HK,20250218,158.3,159.8,154.8,156.6,157.1,-0.5,-0.32,16099549.0,2526102250.45
09618.HK,20250219,151.9,155.7,150.2,154.2,156.6,-2.4,-1.53,13987154.0,2146024770.35
09618.HK,20250220,153.8,155.3,150.8,153.7,154.2,-0.5,-0.32,13279250.0,2036352233.65
09618.HK,20250221,160.7,161.8,156.2,161.6,153.7,7.9,5.14,17894279.0,2848342610.82
09618.HK,20250224,161.7,164.3,158.1,161.1,161.6,-0.5,-0.31,14895758.0,2407032397.18
09618.HK,20250225,153.0,157.7,152.2,155.0,161.1,-6.1,-3.79,16418884.0,2548056412.95
09618.HK,20250226,157.8,169.7,157.8,168.1,155.0,13.1,8.45,27699130.0,4609632436.41
09618.HK,20250227,166.7,169.9,165.2,167.2,168.1,-0.9,-0.54,17368443.0,2905503395.05
09618.HK,20250228,164.9,166.6,159.0,160.6,167.2,-6.6,-3.95,16684324.0,2698812153.4
09618.HK,20250303,161.3,164.9,157.3,159.0,160.6,-1.6,-1.0,18694436.0,3005012293.546
09618.HK,20250304,156.2,160.9,154.3,160.2,159.0,1.2,0.75,9078856.0,1441982425.45
09618.HK,20250305,160.9,165.7,159.6,165.1,160.2,4.9,3.06,11230845.0,1834364455.395
09618.HK,20250306,168.8,180.8,168.4,179.0,165.1,13.9,8.42,27581261.0,4842849294.75
09618.HK,20250307,173.8,177.4,168.5,170.1,179.0,-8.9,-4.97,34873936.0,5984118954.595
09618.HK,20250310,165.8,168.6,161.3,162.3,170.1,-7.8,-4.59,21324098.0,3510518076.9
09618.HK,20250311,157.3,160.6,155.6,160.1,162.3,-2.2,-1.36,22572980.0,3575395195.075
09618.HK,20250312,159.5,160.7,154.3,156.7,160.1,-3.4,-2.12,17331449.0,2727445110.75
09618.HK,20250313,157.7,159.9,155.8,157.2,156.7,0.5,0.32,12843862.0,2021190280.155
09618.HK,20250314,161.5,166.9,158.4,165.6,157.2,8.4,5.34,19093438.0,3132136428.95
09618.HK,20250317,171.3,171.9,168.0,169.0,165.6,3.4,2.05,13084601.0,2220336094.735
09618.HK,20250318,175.4,178.0,172.9,177.9,169.0,8.9,5.27,17627921.0,3100031348.5
09618.HK,20250319,176.7,177.8,174.5,176.2,177.9,-1.7,-0.96,11341539.0,1998538000.52
09618.HK,20250320,175.6,175.6,166.2,167.5,176.2,-8.7,-4.94,13554596.0,2295737655.65
09618.HK,20250321,168.9,170.0,162.7,162.9,167.5,-4.6,-2.75,15013036.0,2473133927.8
09618.HK,20250324,165.2,167.6,162.2,166.6,162.9,3.7,2.27,9185640.0,1513448878.436
09618.HK,20250325,165.6,166.4,161.1,161.2,166.6,-5.4,-3.24,9389015.0,1524340728.57
09618.HK,20250326,161.0,164.7,161.0,164.1,161.2,2.9,1.8,9153598.0,1496801188.508
09618.HK,20250327,163.4,167.6,162.6,164.6,164.1,0.5,0.3,7523847.0,1243058244.55
09618.HK,20250328,168.0,169.1,162.8,164.4,164.6,-0.2,-0.12,8950924.0,1478404228.7
09618.HK,20250331,162.2,163.0,159.0,160.8,164.4,-3.6,-2.19,6875716.0,1106196218.413
09618.HK,20250401,161.0,163.8,160.4,161.2,160.8,0.4,0.25,6763957.0,1094492357.75
09618.HK,20250402,161.2,163.0,158.8,161.9,161.2,0.7,0.43,5972448.0,964453291.4
09618.HK,20250403,152.4,156.0,152.2,153.5,161.9,-8.4,-5.19,15572015.0,2399933191.85
09618.HK,20250407,133.6,137.1,125.2,126.4,149.61,-23.21,-15.51,43949826.0,5701816155.02
09618.HK,20250408,134.6,141.0,132.7,137.6,126.4,11.2,8.86,41666302.0,5689930483.14
09618.HK,20250409,130.1,138.7,127.2,136.7,137.6,-0.9,-0.65,27009831.0,3631663537.55
09618.HK,20250410,141.4,145.9,138.2,141.7,136.7,5.0,3.66,23343085.0,3308539957.1
09618.HK,20250411,141.5,146.2,139.8,143.1,141.7,1.4,0.99,20247413.0,2895311719.43
09618.HK,20250414,145.0,148.9,142.0,146.6,143.1,3.5,2.45,17292261.0,2527411838.1
09618.HK,20250415,148.4,149.5,145.2,146.5,146.6,-0.1,-0.07,12226438.0,1789423815.96
09618.HK,20250416,143.4,144.5,136.6,138.4,146.5,-8.1,-5.53,18319471.0,2548893805.0
09618.HK,20250417,137.8,139.6,136.6,139.2,138.4,0.8,0.58,10658510.0,1476594786.75
09618.HK,20250422,132.0,132.0,128.0,130.4,139.2,-8.8,-6.32,33988518.0,4411589603.55
09618.HK,20250423,135.3,135.5,130.4,132.4,130.4,2.0,1.53,26374585.0,3478497268.0
09618.HK,20250424,130.8,130.8,122.1,124.2,132.4,-8.2,-6.19,43918714.0,5496450056.378
09618.HK,20250425,124.7,126.9,123.2,123.8,124.2,-0.4,-0.32,21194464.0,2650987903.65
09618.HK,20250428,126.0,127.7,124.6,126.5,123.8,2.7,2.18,18225414.0,2309306142.92
09618.HK,20250429,127.9,131.3,127.0,128.9,126.5,2.4,1.9,15966800.0,2067114506.23
09618.HK,20250430,128.7,128.9,126.6,127.9,128.9,-1.0,-0.78,12415165.0,1584569311.5
09618.HK,20250502,128.7,132.7,128.2,132.1,127.9,4.2,3.28,17681775.0,2322752314.08
09618.HK,20250506,130.0,132.3,128.3,131.5,132.1,-0.6,-0.45,20884988.0,2730968635.56
09618.HK,20250507,134.6,135.8,130.9,130.9,131.5,-0.6,-0.46,17948326.0,2377848300.0
09618.HK,20250508,130.5,133.2,130.5,131.6,130.9,0.7,0.53,13168759.0,1738690751.38
09618.HK,20250509,132.4,132.6,129.7,131.5,131.6,-0.1,-0.08,11381493.0,1491642376.71
09618.HK,20250512,135.0,141.2,134.4,139.9,131.5,8.4,6.39,26348682.0,3630490110.75
09618.HK,20250513,139.6,140.0,136.4,137.0,139.9,-2.9,-2.07,16796654.0,2314273956.9
09618.HK,20250514,142.8,143.2,139.6,141.6,137.0,4.6,3.36,21966646.0,3103327976.65
09618.HK,20250515,138.2,139.0,135.2,135.4,141.6,-6.2,-4.38,20773139.0,2831492328.4
09618.HK,20250516,133.6,134.6,131.3,131.8,135.4,-3.6,-2.66,20699129.0,2736173826.9
09618.HK,20250519,130.0,131.5,129.2,130.4,131.8,-1.4,-1.06,16879938.0,2197336678.15
09618.HK,20250520,130.7,134.5,130.7,133.5,130.4,3.1,2.38,14041319.0,1869132307.8
09618.HK,20250521,134.0,135.7,133.1,134.5,133.5,1.0,0.75,9292766.0,1251526100.95
09618.HK,20250522,132.8,134.3,132.1,132.5,134.5,-2.0,-1.49,9318454.0,1240168143.15
09618.HK,20250523,132.7,133.4,131.3,131.9,132.5,-0.6,-0.45,6727839.0,890682813.2
09618.HK,20250526,130.8,131.9,129.4,129.6,131.9,-2.3,-1.74,7951362.0,1035888636.7
09618.HK,20250527,127.0,128.6,121.0,128.3,129.6,-1.3,-1.0,19067891.0,2401802371.55
09618.HK,20250528,127.2,128.6,125.9,126.5,128.3,-1.8,-1.4,10818992.0,1371927741.0
09618.HK,20250529,123.8,132.8,123.8,131.8,126.5,5.3,4.19,25690114.0,3336983264.38
09618.HK,20250530,129.0,129.2,127.2,128.9,131.8,-2.9,-2.2,22555094.0,2898336913.46
09618.HK,20250602,127.0,129.0,125.1,128.6,128.9,-0.3,-0.23,11405309.0,1451375635.73
09618.HK,20250603,128.8,130.8,128.0,128.6,128.6,0.0,0.0,9117797.0,1176319957.475
09618.HK,20250604,127.3,129.4,126.5,128.7,128.6,0.1,0.08,14148878.0,1814644697.82
09618.HK,20250605,129.1,131.3,128.8,130.6,128.7,1.9,1.48,13169176.0,1713018699.85
09618.HK,20250606,130.7,131.0,127.8,128.7,130.6,-1.9,-1.45,16518729.0,2131534581.93
09618.HK,20250609,130.6,135.5,130.6,134.0,128.7,5.3,4.12,20752058.0,2776461061.25
09618.HK,20250610,134.0,134.7,131.1,131.9,134.0,-2.1,-1.57,11193480.0,1483539662.95
09618.HK,20250611,132.6,135.3,132.6,133.9,131.9,2.0,1.52,10862759.0,1457633286.15
09618.HK,20250612,131.5,132.9,130.8,131.4,133.9,-2.5,-1.87,11954081.0,1574395275.4
09618.HK,20250613,130.2,132.1,128.8,129.8,131.4,-1.6,-1.22,24065566.0,3125924832.85
09618.HK,20250616,129.0,131.9,128.3,130.9,129.8,1.1,0.85,10604032.0,1381820866.85
09618.HK,20250617,131.0,132.6,130.5,131.5,130.9,0.6,0.46,6490498.0,853124748.05
09618.HK,20250618,132.0,132.8,129.1,129.4,131.5,-2.1,-1.6,8916181.0,1159944626.85
09618.HK,20250619,128.5,128.7,123.4,124.7,129.4,-4.7,-3.63,20978668.0,2624864553.2
09618.HK,20250620,124.6,125.7,123.7,125.6,124.7,0.9,0.72,18234214.0,2275421019.55
09618.HK,20250623,123.1,125.3,121.7,124.8,125.6,-0.8,-0.64,13699454.0,1693890463.35
09618.HK,20250624,125.1,127.3,124.8,126.6,124.8,1.8,1.44,13846575.0,1749011422.05
09618.HK,20250625,127.7,131.2,127.2,129.8,126.6,3.2,2.53,15239326.0,1977555445.79
09618.HK,20250626,128.0,130.6,128.0,130.1,129.8,0.3,0.23,10781497.0,1397527606.035
09618.HK,20250627,130.7,133.0,129.7,130.3,130.1,0.2,0.15,16008304.0,2096071265.0
09618.HK,20250630,130.9,131.5,127.6,127.9,130.3,-2.4,-1.84,12949308.0,1668227165.8
09618.HK,20250702,131.5,131.5,126.8,128.0,127.9,0.1,0.08,13455540.0,1729488622.0
09618.HK,20250703,128.2,128.8,124.5,125.3,128.0,-2.7,-2.11,17251226.0,2163305390.7
09618.HK,20250704,124.8,125.9,123.1,124.2,125.3,-1.1,-0.88,17595224.0,2184318702.95
09618.HK,20250707,124.0,125.7,121.8,124.8,124.2,0.6,0.48,15985896.0,1982311844.5
09618.HK,20250708,126.4,128.3,125.7,127.7,124.8,2.9,2.32,9284825.0,1181629406.6
09618.HK,20250709,128.0,128.0,124.8,125.3,127.7,-2.4,-1.88,11166261.0,1407292435.35
09618.HK,20250710,124.0,124.3,122.0,123.6,125.3,-1.7,-1.36,15803091.0,1945691830.6
09618.HK,20250711,121.9,125.9,121.7,123.3,123.6,-0.3,-0.24,16937160.0,2098756108.55
09618.HK,20250714,122.0,122.6,120.5,122.4,123.3,-0.9,-0.73,10640122.0,1295641364.023
09618.HK,20250715,121.1,125.7,121.0,125.0,122.4,2.6,2.12,21738410.0,2684039155.15
09618.HK,20250716,127.0,128.6,124.3,124.7,125.0,-0.3,-0.24,15128348.0,1906399787.3
09618.HK,20250717,124.0,125.4,123.4,124.5,124.7,-0.2,-0.16,9099498.0,1131332429.5
09618.HK,20250718,126.8,129.8,126.8,128.2,124.5,3.7,2.97,20590635.0,2641838599.25
09618.HK,20250721,132.3,132.8,130.3,130.9,128.2,2.7,2.11,20128298.0,2644973345.4
09618.HK,20250722,131.1,131.5,128.8,130.5,130.9,-0.4,-0.31,9942916.0,1293369109.7
09618.HK,20250723,132.8,135.7,132.0,134.1,130.5,3.6,2.76,20208002.0,2700760525.8
09618.HK,20250724,134.1,135.3,132.9,133.3,134.1,-0.8,-0.6,15439519.0,2073507457.5
09618.HK,20250725,132.0,132.0,130.0,130.5,133.3,-2.8,-2.1,11216257.0,1466885616.1
09618.HK,20250728,131.1,132.9,130.5,131.2,130.5,0.7,0.54,8050512.0,1059667470.9
09618.HK,20250729,130.4,130.8,128.6,130.4,131.2,-0.8,-0.61,8922156.0,1157227530.0
09618.HK,20250730,127.4,129.1,126.5,126.9,130.4,-3.5,-2.68,21601896.0,2757482325.805
09618.HK,20250731,125.7,125.7,122.7,122.9,126.9,-4.0,-3.15,19773600.0,2443435245.95
09618.HK,20250801,122.9,125.0,122.5,122.7,122.9,-0.2,-0.16,14724532.0,1821070463.69
09618.HK,20250804,121.8,123.3,121.3,123.0,122.7,0.3,0.24,10592054.0,1298049807.55
09618.HK,20250805,123.3,123.8,122.3,123.0,123.0,0.0,0.0,11862607.0,1457460716.36
09618.HK,20250806,123.2,124.3,122.3,122.6,123.0,-0.4,-0.33,9200765.0,1132328093.15
09618.HK,20250807,123.8,125.7,122.9,124.7,122.6,2.1,1.71,13755622.0,1712233363.6
09618.HK,20250808,124.7,125.0,122.6,122.9,124.7,-1.8,-1.44,8428565.0,1040140790.3
09618.HK,20250811,123.8,124.1,121.9,122.3,122.9,-0.6,-0.49,9121178.0,1119007972.1
09618.HK,20250812,122.4,123.4,122.0,122.7,122.3,0.4,0.33,10202409.0,1250794767.85
09618.HK,20250813,125.7,127.5,124.8,127.4,122.7,4.7,3.83,18061549.0,2284497966.1
09618.HK,20250814,127.1,127.5,125.0,125.1,127.4,-2.3,-1.81,12991544.0,1635311926.3
09618.HK,20250815,122.6,123.5,119.5,120.8,125.1,-4.3,-3.44,28595222.0,3452176046.55
09618.HK,20250818,122.8,126.5,122.7,124.0,120.8,3.2,2.65,21398654.0,2672618908.96
09618.HK,20250819,124.3,124.6,122.3,123.3,124.0,-0.7,-0.56,8995656.0,1108714029.15
09618.HK,20250820,121.7,123.0,121.3,122.5,123.3,-0.8,-0.65,9547463.0,1166321611.4
09618.HK,20250821,122.5,123.0,120.5,121.1,122.5,-1.4,-1.14,9957126.0,1208883641.0
09618.HK,20250822,121.7,122.3,119.9,121.4,121.1,0.3,0.25,12883333.0,1555110613.15
09618.HK,20250825,124.0,127.4,123.8,126.6,121.4,5.2,4.28,19884498.0,2509639651.75
09618.HK,20250826,125.2,126.8,124.0,124.4,126.6,-2.2,-1.74,11008444.0,1378174193.25
09618.HK,20250827,124.4,125.4,120.6,121.3,124.4,-3.1,-2.49,18825418.0,2299455389.185
09618.HK,20250828,120.0,120.6,114.8,115.2,121.3,-6.1,-5.03,29732078.0,3468608000.85
09618.HK,20250829,117.1,119.5,116.8,117.8,115.2,2.6,2.26,19682921.0,2325278493.81
09618.HK,20250901,120.5,122.3,120.5,121.4,117.8,3.6,3.06,17495761.0,2124118226.45
09618.HK,20250902,121.0,121.7,119.1,119.6,121.4,-1.8,-1.48,10962410.0,1316384015.1
09618.HK,20250903,122.8,123.9,119.9,120.7,119.6,1.1,0.92,14607782.0,1774687678.875
09618.HK,20250904,122.7,122.7,119.6,119.8,120.7,-0.9,-0.75,11194250.0,1350660995.6
09618.HK,20250905,121.1,122.5,120.6,122.1,119.8,2.3,1.92,20382243.0,2484683541.55
09618.HK,20250908,122.2,123.8,121.9,123.4,122.1,1.3,1.06,10859107.0,1334691249.65
09618.HK,20250909,126.8,127.9,126.0,127.5,123.4,4.1,3.32,20087889.0,2552496983.4
09618.HK,20250910,131.1,135.2,129.0,132.1,127.5,4.6,3.61,34449535.0,4568669276.3
09618.HK,20250911,130.6,131.2,128.8,129.8,132.1,-2.3,-1.74,12959216.0,1682995139.5
09618.HK,20250912,134.3,134.9,131.3,131.7,129.8,1.9,1.46,19492410.0,2588657321.6
09618.HK,20250915,131.7,134.7,130.7,131.7,131.7,0.0,0.0,12845549.0,1698937637.3
09618.HK,20250916,130.8,131.1,129.1,130.0,131.7,-1.7,-1.29,13469755.0,1751347967.75
09618.HK,20250917,134.0,138.4,133.7,136.7,130.0,6.7,5.15,30635965.0,4183277239.7
09618.HK,20250918,136.2,138.5,133.1,134.3,136.7,-2.4,-1.76,19037627.0,2584721796.57
09618.HK,20250919,137.1,139.6,136.2,138.8,134.3,4.5,3.35,22881305.0,3168662182.8
09618.HK,20250922,138.0,138.0,133.5,134.2,138.8,-4.6,-3.31,15017762.0,2023944166.935
09618.HK,20250923,132.6,133.0,126.5,128.3,134.2,-5.9,-4.4,24681900.0,3173258197.6
09618.HK,20250924,128.5,133.0,128.2,133.0,128.3,4.7,3.66,14883510.0,1955605019.6
09618.HK,20250925,135.5,142.6,134.4,137.6,133.0,4.6,3.46,33321172.0,4615505375.6
09618.HK,20250926,135.4,136.0,132.2,132.5,137.6,-5.1,-3.71,14308826.0,1917483727.73
09618.HK,20250929,134.5,137.0,134.5,136.6,132.5,4.1,3.09,16670663.0,2270037558.35
09618.HK,20250930,137.7,138.7,135.9,138.5,136.6,1.9,1.39,13386682.0,1840704317.55
09618.HK,20251002,141.3,143.8,140.5,142.8,138.5,4.3,3.1,20985894.0,2988368373.1
09618.HK,20251003,140.2,141.0,138.3,140.2,142.8,-2.6,-1.82,11171880.0,1558905539.12
09618.HK,20251006,138.0,139.3,136.5,137.2,140.2,-3.0,-2.14,8349301.0,1146864494.95
09618.HK,20251008,136.5,136.6,133.0,135.6,137.2,-1.6,-1.17,11829547.0,1590702803.85
09618.HK,20251009,137.0,137.2,133.7,135.7,135.6,0.1,0.07,10087126.0,1369167966.854
09618.HK,20251010,132.7,134.0,131.6,131.8,135.7,-3.9,-2.87,14114743.0,1870877947.7
09618.HK,20251013,127.8,128.5,123.3,127.0,131.8,-4.8,-3.64,26684816.0,3368299126.7
09618.HK,20251014,129.0,131.0,125.8,126.4,127.0,-0.6,-0.47,17562863.0,2247520727.3
09618.HK,20251015,129.1,129.8,127.5,129.0,126.4,2.6,2.06,12781596.0,1644393039.5
09618.HK,20251016,128.4,129.4,126.7,128.1,129.0,-0.9,-0.7,10389455.0,1329524911.235
09618.HK,20251017,127.5,127.7,123.3,124.1,128.1,-4.0,-3.12,12926726.0,1612017423.35
09618.HK,20251020,130.4,130.4,127.1,127.8,124.1,3.7,2.98,10271485.0,1315404649.4
09618.HK,20251021,130.1,130.4,128.3,128.6,127.8,0.8,0.63,9595574.0,1239763501.15
09618.HK,20251022,127.6,128.3,126.1,126.8,128.6,-1.8,-1.4,7253676.0,922613513.32
09618.HK,20251023,126.2,130.9,125.4,128.7,126.8,1.9,1.5,8345895.0,1069137233.85
09618.HK,20251024,129.7,129.9,127.5,128.8,128.7,0.1,0.08,8445281.0,1085186980.81
09618.HK,20251027,131.0,132.6,130.0,131.8,128.8,3.0,2.33,8853659.0,1165434727.63
09618.HK,20251028,132.9,133.6,130.1,130.8,131.8,-1.0,-0.76,6600492.0,866180753.5
09618.HK,20251030,133.6,134.8,129.9,130.9,130.8,0.1,0.08,14423687.0,1905372573.5
09618.HK,20251031,129.9,130.6,127.6,127.6,130.9,-3.3,-2.52,6989903.0,897739699.7
09618.HK,20251103,128.4,128.9,126.5,127.2,127.6,-0.4,-0.31,5362005.0,684109384.1
09618.HK,20251104,126.3,126.8,123.3,123.4,127.2,-3.8,-2.99,10856773.0,1353043392.25
09618.HK,20251105,121.8,123.6,120.2,122.8,123.4,-0.6,-0.49,12199635.0,1491591271.14
09618.HK,20251106,123.8,127.3,123.6,126.9,122.8,4.1,3.34,9247285.0,1164532904.9
09618.HK,20251107,124.2,125.1,123.3,124.0,126.9,-2.9,-2.29,7019975.0,870775895.55
09618.HK,20251110,123.9,124.8,122.8,124.5,124.0,0.5,0.4,7528870.0,933194473.95
09618.HK,20251111,122.1,123.2,121.3,123.1,124.5,-1.4,-1.12,10012848.0,1223081015.1
09618.HK,20251112,123.2,125.3,122.8,124.7,123.1,1.6,1.3,9102999.0,1133738562.4
09618.HK,20251113,121.5,125.5,121.0,124.4,124.7,-0.3,-0.24,12092692.0,1488868504.4
09618.HK,20251114,120.7,121.1,116.5,116.9,124.4,-7.5,-6.03,27150506.0,3204614985.9
09618.HK,20251117,115.9,116.6,114.4,115.4,116.9,-1.5,-1.28,14026491.0,1618132427.65
09618.HK,20251118,114.6,115.7,114.1,114.3,115.4,-1.1,-0.95,11826634.0,1354766885.0
09618.HK,20251119,114.5,114.7,113.1,113.5,114.3,-0.8,-0.7,9909252.0,1127750729.6
09618.HK,20251120,113.5,114.8,112.9,113.5,113.5,0.0,0.0,13266682.0,1506736070.04
09618.HK,20251121,110.8,112.2,110.1,110.3,113.5,-3.2,-2.82,16209520.0,1798858811.2
09618.HK,20251124,112.0,113.5,111.2,112.4,110.3,2.1,1.9,21419215.0,2409293238.15
09618.HK,20251125,112.5,112.9,111.3,112.4,112.4,0.0,0.0,15067944.0,1689976473.185
09618.HK,20251126,112.8,115.6,112.7,114.8,112.4,2.4,2.14,13777502.0,1580335207.6
09618.HK,20251127,114.7,117.8,114.6,116.2,114.8,1.4,1.22,11080169.0,1290773197.65
09618.HK,20251128,116.8,117.6,116.2,116.5,116.2,0.3,0.26,9249406.0,1081722928.3
09618.HK,20251201,115.7,118.1,115.5,117.1,116.5,0.6,0.52,9511983.0,1114126080.75
09618.HK,20251202,117.1,117.4,115.8,116.0,117.1,-1.1,-0.94,7615396.0,885453208.85
09618.HK,20251203,115.6,116.3,115.2,115.5,116.0,-0.5,-0.43,7859439.0,908647208.75
09618.HK,20251204,116.2,116.9,114.5,116.1,115.5,0.6,0.52,8972978.0,1037826693.5
09618.HK,20251205,115.0,117.7,114.4,117.0,116.1,0.9,0.78,14790746.0,1724892637.07
09618.HK,20251208,117.3,118.2,116.0,116.2,117.0,-0.8,-0.68,6310171.0,736782568.15
09618.HK,20251209,116.4,116.9,114.8,114.9,116.2,-1.3,-1.12,9213992.0,1064506660.3
09618.HK,20251210,114.3,115.4,113.5,114.8,114.9,-0.1,-0.09,8796504.0,1007522304.5
09618.HK,20251211,114.8,115.5,113.8,114.3,114.8,-0.5,-0.44,4875060.0,557756696.7
09618.HK,20251212,115.1,116.2,114.7,115.6,114.3,1.3,1.14,14246121.0,1644760361.75
09618.HK,20251215,114.9,115.0,113.5,113.5,115.6,-2.1,-1.82,8616416.0,982815454.85
09618.HK,20251216,113.2,113.2,109.9,110.9,113.5,-2.6,-2.29,11148958.0,1235464797.05
09618.HK,20251217,111.4,112.6,111.0,112.3,110.9,1.4,1.26,10265864.0,1149332349.63
09618.HK,20251218,111.4,112.8,111.0,112.2,112.3,-0.1,-0.09,4946925.0,554169335.25
09618.HK,20251219,113.0,113.1,111.1,111.3,112.2,-0.9,-0.8,12601344.0,1406183973.5
09618.HK,20251222,111.4,112.6,111.4,112.3,111.3,1.0,0.9,7906246.0,885675417.7
09618.HK,20251223,112.7,113.6,112.4,112.8,112.3,0.5,0.45,5676788.0,641126954.75
09618.HK,20251224,112.6,113.3,112.4,112.8,112.8,0.0,0.0,2404081.0,271313356.5
09618.HK,20251229,113.4,114.5,111.8,112.0,112.8,-0.8,-0.71,8879485.0,1004020680.5
09618.HK,20251230,112.9,114.3,112.5,113.6,112.0,1.6,1.43,9386468.0,1065519396.965
09618.HK,20251231,112.1,112.1,110.8,111.6,113.6,-2.0,-1.76,6236210.0,695042921.8
09618.HK,20260102,112.3,115.6,112.3,115.1,111.6,3.5,3.14,8695252.0,998022018.85
09618.HK,20260105,114.8,115.2,113.0,113.7,115.1,-1.4,-1.22,10453025.0,1189786050.065
09618.HK,20260106,115.0,117.1,114.5,115.5,113.7,1.8,1.58,11779827.0,1366079630.21
09618.HK,20260107,115.9,116.2,113.3,114.0,115.5,-1.5,-1.3,11518144.0,1314726610.75
09618.HK,20260108,113.1,113.1,111.0,111.7,114.0,-2.3,-2.02,13487302.0,1507748415.15
09618.HK,20260109,115.4,116.6,114.4,114.6,111.7,2.9,2.6,13812469.0,1589993561.58
09618.HK,20260112,115.6,117.5,114.3,116.9,114.6,2.3,2.01,10290561.0,1198615239.5
09618.HK,20260113,119.3,120.4,116.9,117.4,116.9,0.5,0.43,12940625.0,1532083248.45
09618.HK,20260114,116.4,117.4,114.8,115.9,117.4,-1.5,-1.28,12998960.0,1507737953.95
09618.HK,20260115,116.2,116.8,114.5,115.1,115.9,-0.8,-0.69,7960677.0,918543198.85
09618.HK,20260116,114.5,115.5,113.1,113.6,115.1,-1.5,-1.3,10580579.0,1203247872.5
09618.HK,20260119,113.0,113.1,111.9,112.3,113.6,-1.3,-1.14,6024636.0,677240053.625
09618.HK,20260120,112.2,113.8,111.7,112.4,112.3,0.1,0.09,8737424.0,985303312.641
09618.HK,20260121,112.0,113.6,111.8,112.8,112.4,0.4,0.36,10226076.0,1151117742.65
09618.HK,20260122,113.9,114.6,112.7,113.9,112.8,1.1,0.98,8256681.0,937425236.665
09618.HK,20260123,116.9,117.3,114.8,114.8,113.9,0.9,0.79,9828732.0,1134465663.425
09618.HK,20260126,116.0,116.5,114.6,116.0,114.8,1.2,1.05,10532195.0,1219459572.65
09618.HK,20260127,115.8,115.9,112.7,113.5,116.0,-2.5,-2.16,14654490.0,1669128526.15
09618.HK,20260128,115.2,116.4,113.5,116.3,113.5,2.8,2.47,15557923.0,1793914507.3
09618.HK,20260129,113.6,115.0,113.5,114.6,116.3,-1.7,-1.46,14861889.0,1698487944.9
09618.HK,20260130,113.7,114.2,112.2,112.4,114.6,-2.2,-1.92,15632455.0,1762696888.5
09618.HK,20260202,112.0,112.7,109.5,110.5,112.4,-1.9,-1.69,13829763.0,1530457182.15
09618.HK,20260203,111.1,111.9,107.8,109.7,110.5,-0.8,-0.72,10698271.0,1175451194.2
09618.HK,20260204,109.5,109.8,107.6,107.9,109.7,-1.8,-1.64,13178141.0,1427606503.95
09618.HK,20260205,106.3,109.2,105.9,108.8,107.9,0.9,0.83,14545393.0,1568428032.07
09618.HK,20260206,106.2,107.3,106.0,106.9,108.8,-1.9,-1.75,13305426.0,1419387026.2
09618.HK,20260209,109.8,110.1,107.9,107.9,106.9,1.0,0.94,7827278.0,848602061.95
09618.HK,20260210,109.2,110.8,108.7,110.0,107.9,2.1,1.95,11390711.0,1254070537.72
09618.HK,20260211,111.0,111.3,109.6,109.8,110.0,-0.2,-0.18,6850343.0,755532322.5
09618.HK,20260212,109.9,110.3,108.1,108.4,109.8,-1.4,-1.28,7935520.0,861481782.75
09618.HK,20260213,107.1,107.6,105.0,106.4,108.4,-2.0,-1.85,13708742.0,1456229473.8
09618.HK,20260216,105.5,106.3,103.2,105.9,106.4,-0.5,-0.47,9123926.0,954454029.9
09618.HK,20260220,105.1,106.1,103.6,103.8,105.9,-2.1,-1.98,8122746.0,847763802.0
09618.HK,20260223,106.0,109.4,105.9,107.5,103.8,3.7,3.56,10400125.0,1123405546.6
09618.HK,20260224,106.9,107.8,105.3,106.3,107.5,-1.2,-1.12,11228354.0,1199277201.0
09618.HK,20260225,107.4,108.1,106.3,106.8,106.3,0.5,0.47,11752769.0,1257284513.1
09618.HK,20260226,107.3,107.7,103.9,104.0,106.8,-2.8,-2.62,14245518.0,1490067313.25
09618.HK,20260227,105.0,105.4,104.0,104.4,104.0,0.4,0.38,11576972.0,1209808940.5
09618.HK,20260302,102.9,103.0,100.4,101.3,104.4,-3.1,-2.97,15724548.0,1594895565.2
09618.HK,20260303,102.1,103.4,100.2,100.4,101.3,-0.9,-0.89,16960919.0,1719629050.9
09618.HK,20260304,99.3,99.45,95.9,98.0,100.4,-2.4,-2.39,23737725.0,2311199735.24
09618.HK,20260305,98.95,99.5,96.65,96.95,98.0,-1.05,-1.07,18033650.0,1759491556.35
09618.HK,20260306,98.5,106.6,98.5,106.6,96.95,9.65,9.95,48151193.0,5062004383.73
09618.HK,20260309,102.6,105.8,102.3,105.5,106.6,-1.1,-1.03,23771929.0,2496541882.4
09618.HK,20260310,107.6,108.7,106.7,108.5,105.5,3.0,2.84,13555673.0,1464729109.15
09618.HK,20260311,109.0,110.5,108.0,108.6,108.5,0.1,0.09,8840612.0,961189708.95
09618.HK,20260312,108.9,110.6,108.3,109.5,108.6,0.9,0.83,8770540.0,959326729.54
09618.HK,20260313,109.5,111.8,109.0,109.6,109.5,0.1,0.09,9895902.0,1092952342.6
09618.HK,20260316,111.0,112.2,110.6,111.5,109.6,1.9,1.73,9999042.0,1115363176.2
09618.HK,20260317,111.8,113.6,111.6,112.1,111.5,0.6,0.54,7665981.0,861718185.15
09618.HK,20260318,112.3,114.0,111.7,112.8,112.1,0.7,0.62,7938873.0,895902121.2
09618.HK,20260319,110.0,112.1,110.0,110.7,112.8,-2.1,-1.86,9831672.0,1090548119.985
09618.HK,20260320,108.4,110.0,106.2,108.6,110.7,-2.1,-1.9,21697532.0,2342630880.3
09618.HK,20260323,106.5,106.7,103.5,105.1,108.6,-3.5,-3.22,19055693.0,2009341044.1
09618.HK,20260324,105.9,107.6,104.5,107.2,105.1,2.1,2.0,8148970.0,867558993.6
09618.HK,20260325,108.3,113.3,107.8,112.4,107.2,5.2,4.85,18278547.0,2030145173.28
09618.HK,20260326,115.2,116.3,113.0,113.6,112.4,1.2,1.07,17228223.0,1967389654.32
09618.HK,20260327,114.0,115.7,113.7,113.7,113.6,0.1,0.09,10465238.0,1197850754.2
09618.HK,20260330,110.3,114.3,110.3,113.0,113.7,-0.7,-0.62,13019171.0,1468717461.3
09618.HK,20260331,113.6,115.0,111.9,113.2,113.0,0.2,0.18,10114180.0,1143341813.02
09618.HK,20260401,114.4,115.5,112.7,112.9,113.2,-0.3,-0.27,8581179.0,973529193.85
09618.HK,20260402,112.2,112.8,110.7,111.9,112.9,-1.0,-0.89,8000443.0,892222650.4
09618.HK,20260408,111.1,112.3,109.6,111.9,107.982,3.918,3.63,14245698.0,1584869497.95
09618.HK,20260409,110.0,112.5,109.9,111.7,111.9,-0.2,-0.18,11053570.0,1233209336.03
09618.HK,20260410,111.7,112.8,111.1,111.4,111.7,-0.3,-0.27,6118243.0,683874283.95
09618.HK,20260413,112.2,113.2,111.4,112.3,111.4,0.9,0.81,6643006.0,744616014.3
09618.HK,20260414,113.0,116.5,111.5,115.4,112.3,3.1,2.76,13878249.0,1588204226.85
09618.HK,20260415,122.3,124.3,120.5,120.7,115.4,5.3,4.59,23272509.0,2838991137.8
09618.HK,20260416,123.4,124.2,122.7,123.8,120.7,3.1,2.57,15218068.0,1880909201.7
09618.HK,20260417,121.8,123.3,121.4,122.6,123.8,-1.2,-0.97,8807963.0,1074890619.0
09618.HK,20260420,123.3,123.3,121.6,122.4,122.6,-0.2,-0.16,7966703.0,974377831.1
09618.HK,20260421,123.2,123.5,121.7,123.0,122.4,0.6,0.49,4823387.0,591841817.32
09618.HK,20260422,120.1,120.4,119.3,120.2,123.0,-2.8,-2.28,7945596.0,952582561.6
09618.HK,20260423,119.2,119.8,118.4,118.7,120.2,-1.5,-1.25,4895719.0,582048718.1
09618.HK,20260424,117.6,118.7,116.6,118.5,118.7,-0.2,-0.17,5704531.0,672391727.7
09618.HK,20260427,117.4,117.9,116.5,117.0,118.5,-1.5,-1.27,8177593.0,956991020.35
09618.HK,20260428,115.5,117.5,114.9,115.3,117.0,-1.7,-1.45,9620882.0,1114026357.1
09618.HK,20260429,117.5,117.9,116.1,117.5,115.3,2.2,1.91,7489993.0,879222642.9
09618.HK,20260430,115.8,117.5,115.6,116.3,117.5,-1.2,-1.02,5661428.0,658754990.53
09618.HK,20260504,117.4,119.4,116.3,116.8,116.3,0.5,0.43,6885389.0,810526035.05
09618.HK,20260505,116.8,117.1,114.2,116.2,116.8,-0.6,-0.51,5698308.0,659102357.05
09618.HK,20260506,117.1,117.4,115.7,116.4,116.2,0.2,0.17,8503103.0,988932717.45
09618.HK,20260507,119.7,120.5,118.4,119.0,116.4,2.6,2.23,11229420.0,1337855394.29
09618.HK,20260508,117.9,118.5,116.6,118.5,119.0,-0.5,-0.42,9354542.0,1100509859.3
09618.HK,20260511,118.0,119.1,116.7,118.5,118.5,0.0,0.0,8877112.0,1047596008.75
09618.HK,20260512,118.2,119.6,117.4,118.4,118.5,-0.1,-0.08,10169530.0,1206446019.09
09618.HK,20260513,122.7,128.3,122.4,128.2,118.4,9.8,8.28,34312231.0,4344588784.95
09618.HK,20260514,132.4,132.5,130.0,130.1,128.2,1.9,1.48,20375443.0,2669823359.34
09618.HK,20260515,130.3,130.3,127.0,127.9,130.1,-2.2,-1.69,11414370.0,1463262041.05
09618.HK,20260518,124.3,127.0,123.5,126.5,127.9,-1.4,-1.09,9055436.0,1139239471.0
09618.HK,20260519,124.1,126.4,123.6,125.9,126.5,-0.6,-0.47,14044443.0,1763286456.9
09618.HK,20260520,126.7,128.1,126.0,127.8,125.9,1.9,1.51,11012910.0,1401321905.65
09618.HK,20260521,127.8,127.8,122.6,123.5,127.8,-4.3,-3.36,10605145.0,1318446555.77
09618.HK,20260522,123.5,123.5,121.1,121.7,123.5,-1.8,-1.46,8256004.0,1005948208.0
09618.HK,20260526,120.3,120.9,117.7,118.6,121.7,-3.1,-2.55,13832084.0,1641228583.4
09618.HK,20260527,117.7,117.9,115.2,116.3,118.6,-2.3,-1.94,11561099.0,1341070479.55
09618.HK,20260528,115.7,116.3,112.4,114.2,116.3,-2.1,-1.81,14344170.0,1631443124.0
09618.HK,20260529,113.1,115.4,112.3,113.5,114.2,-0.7,-0.61,23268028.0,2637398531.99
09618.HK,20260601,111.8,113.1,111.3,112.4,113.5,-1.1,-0.97,9254205.0,1039641646.94
09618.HK,20260602,113.8,120.5,113.6,120.1,112.4,7.7,6.85,20288679.0,2397655344.24
09618.HK,20260603,118.8,118.8,114.2,115.1,120.1,-5.0,-4.16,12027955.0,1387886878.3
09618.HK,20260604,115.1,116.0,114.2,115.0,115.1,-0.1,-0.09,9732548.0,1117557002.0
09618.HK,20260605,115.0,115.8,113.6,115.8,115.0,0.8,0.7,14865080.0,1711867788.57
09618.HK,20260608,113.2,114.8,112.1,113.5,115.8,-2.3,-1.99,8977367.0,1020112356.9
09618.HK,20260609,112.6,114.5,112.3,114.0,113.5,0.5,0.44,9044690.0,1027617653.9
09618.HK,20260610,112.7,113.3,111.2,112.2,114.0,-1.8,-1.58,8768750.0,983783600.4
09618.HK,20260611,112.2,112.9,105.6,108.9,112.2,-3.3,-2.94,12831259.0,1390328931.8
09618.HK,20260612,109.8,112.9,109.7,112.6,108.9,3.7,3.4,20296128.0,2277953648.9
09618.HK,20260615,112.5,113.2,111.7,112.5,112.6,-0.1,-0.09,7699682.0,865734542.89
09618.HK,20260616,111.9,113.2,110.8,111.6,112.5,-0.9,-0.8,7094792.0,791488312.2
09618.HK,20260617,111.6,112.2,110.2,111.1,111.6,-0.5,-0.45,4990660.0,554139430.1
09618.HK,20260618,109.7,110.6,107.9,108.9,111.1,-2.2,-1.98,12629774.0,1373290086.95
09618.HK,20260622,107.8,108.1,105.6,107.5,108.9,-1.4,-1.29,11335839.0,1214235904.5
09618.HK,20260623,105.9,105.9,101.8,102.8,107.5,-4.7,-4.37,12189261.0,1253248995.0
09618.HK,20260624,102.6,103.0,98.6,101.1,102.8,-1.7,-1.65,16620236.0,1670208144.11
09618.HK,20260625,100.4,100.6,97.5,98.75,101.1,-2.35,-2.32,10514131.0,1034592390.9
09618.HK,20260626,99.4,99.4,95.8,96.0,98.75,-2.75,-2.78,11931573.0,1150901115.45
09618.HK,20260629,99.0,101.4,98.55,99.0,96.0,3.0,3.13,13468258.0,1342688045.15
09618.HK,20260630,99.0,99.9,97.8,99.25,99.0,0.25,0.25,15331749.0,1515405476.6
09618.HK,20260702,103.0,105.4,102.0,102.8,99.25,3.55,3.58,12471925.0,1286999519.5
09618.HK,20260703,104.0,105.7,103.4,104.2,102.8,1.4,1.36,9024469.0,944427270.2
09618.HK,20260706,104.3,106.7,103.0,105.5,104.2,1.3,1.25,6899551.0,725833623.85
09618.HK,20260707,105.1,106.3,103.4,104.4,105.5,-1.1,-1.04,8267955.0,861928730.14
09618.HK,20260708,105.3,109.5,104.4,108.4,104.4,4.0,3.83,12702292.0,1371071754.0
09618.HK,20260709,108.4,110.3,107.6,107.7,108.4,-0.7,-0.65,11339716.0,1228662758.52
09618.HK,20260710,109.6,111.6,108.2,110.2,107.7,2.5,2.32,10402713.0,1149049078.865
09618.HK,20260713,110.0,114.5,109.6,113.2,110.2,3.0,2.72,12708758.0,1432246822.955
09618.HK,20260714,113.2,114.7,111.0,113.8,113.2,0.6,0.53,8673752.0,981078638.73
09618.HK,20260715,113.8,116.2,112.4,115.7,113.8,1.9,1.67,8828076.0,1017863863.16
09618.HK,20260716,115.2,119.7,114.8,116.8,115.7,1.1,0.95,9465646.0,1113075334.75
09618.HK,20260717,116.9,119.4,115.6,116.3,116.8,-0.5,-0.43,9434392.0,1099855938.45
09618.HK,20260720,119.0,120.6,116.9,120.0,116.3,3.7,3.18,12033595.0,1437899543.92
09618.HK,20260721,120.5,123.4,120.0,121.1,120.0,1.1,0.92,14432085.0,1756665196.51
09618.HK,20260722,118.9,119.5,117.6,118.6,121.1,-2.5,-2.06,6873618.0,813927069.335
09618.HK,20260723,117.9,119.9,117.3,119.6,118.6,1.0,0.84,3373518.0,402542548.365
09618.HK,20260724,117.3,118.8,117.0,118.1,119.6,-1.5,-1.25,5214985.0,613748824.6
09618.HK,20260727,118.6,120.6,118.2,119.2,118.1,1.1,0.93,5025762.0,600578239.05
09618.HK,20260728,121.7,124.5,121.5,124.1,119.2,4.9,4.11,14205010.0,1752223711.85
