symbol,market,asset_type,trade_date,open,high,low,close,prev_close,volume,amount,pct_change,ret_1d,log_ret_1d,quality_flag,ingest_time,data_version
HSI,HK,index,2020-01-02,28249.37,28543.52,28245.97,28543.52,28189.75,126273.28,9087494.512971,0.012549596927961426,0.012549596927961426,0.012471503419058639,PASS,2026-07-16T20:25:16Z,D20260716.01
HSI,HK,index,2020-01-03,28828.36,28883.3,28428.17,28451.5,28543.52,179790.48,9788683.089447,-0.003223849055757677,-0.003223849055757677,-0.0032290568529049395,PASS,2026-07-16T20:25:16Z,D20260716.01
HSI,HK,index,2020-01-06,28326.5,28367.87,28054.29,28226.19,28451.5,179342.66,9160570.018912,-0.007919090381877991,-0.007919090381877991,-0.007950612908230367,PASS,2026-07-16T20:25:16Z,D20260716.01
HSI,HK,index,2020-01-07,28352.68,28473.08,28264.07,28322.06,28226.19,130268.72,8641908.462302,0.003396490989396872,0.003396490989396872,0.0033907359415068184,PASS,2026-07-16T20:25:16Z,D20260716.01
HSI,HK,index,2020-01-08,27999.58,28198.61,27857.73,28087.92,28322.06,170924.16,9655394.979299,-0.00826705402078809,-0.00826705402078809,-0.00830141562240313,PASS,2026-07-16T20:25:16Z,D20260716.01
HSI,HK,index,2020-01-09,28367.65,28561.0,28325.86,28561.0,28087.92,169278.62,9573783.643936,0.01684282780640234,0.01684282780640234,0.016702560193333493,PASS,2026-07-16T20:25:16Z,D20260716.01
HSI,HK,index,2020-01-10,28665.14,28665.14,28504.27,28638.2,28561.0,144840.1,10527334.138423,0.002702986590105372,0.002702986590105372,0.0026993400913324452,PASS,2026-07-16T20:25:16Z,D20260716.01
HSI,HK,index,2020-01-13,28772.37,28971.4,28671.84,28954.94,28638.2,176505.57,11181100.347502,0.011060052656940655,0.011060052656940655,0.010999337539293254,PASS,2026-07-16T20:25:16Z,D20260716.01
HSI,HK,index,2020-01-14,29149.53,29149.53,28790.49,28885.14,28954.94,164350.47,11919278.386949,-0.0024106421909352305,-0.0024106421909352305,-0.0024135524668516387,PASS,2026-07-16T20:25:16Z,D20260716.01
HSI,HK,index,2020-01-15,28891.07,28972.68,28619.1,28773.59,28885.14,124012.07,10043133.362265,-0.0038618473027999256,-0.0038618473027999256,-0.0038693234892290982,PASS,2026-07-16T20:25:16Z,D20260716.01
HSI,HK,index,2020-01-16,28806.12,28987.73,28709.57,28883.04,28773.59,162092.62,10150163.297644,0.003803835392107935,0.003803835392107935,0.0037966191041880486,PASS,2026-07-16T20:25:16Z,D20260716.01
HSI,HK,index,2020-01-17,28988.16,29101.15,28813.13,29056.42,28883.04,154508.28,11136057.817747,0.006002830726959507,0.006002830726959507,0.005984885517484743,PASS,2026-07-16T20:25:16Z,D20260716.01
HSI,HK,index,2020-01-20,29169.12,29174.92,28795.42,28795.91,29056.42,163338.39,11159910.522291,-0.00896566060099624,-0.00896566060099624,-0.009006093992143234,PASS,2026-07-16T20:25:16Z,D20260716.01
HSI,HK,index,2020-01-21,28449.38,28492.03,27980.5,27985.33,28795.91,223652.17,13284025.707586,-0.028149136457225943,-0.028149136457225943,-0.02855291886284126,PASS,2026-07-16T20:25:16Z,D20260716.01
HSI,HK,index,2020-01-22,28116.5,28393.93,27937.68,28341.04,27985.33,134328.81,10149271.843831,0.012710588011647594,0.012710588011647594,0.012630486531670478,PASS,2026-07-16T20:25:16Z,D20260716.01
HSI,HK,index,2020-01-23,28109.75,28133.03,27706.37,27909.12,28341.04,175326.3,11870593.813859,-0.015240089989640548,-0.015240089989640548,-0.015357413703353123,PASS,2026-07-16T20:25:16Z,D20260716.01
HSI,HK,index,2020-01-24,27935.42,27977.63,27774.5,27949.64,27909.12,61212.87,4732153.241299,0.0014518551641899968,0.0014518551641899968,0.0014508022414854082,PASS,2026-07-16T20:25:16Z,D20260716.01
HSI,HK,index,2020-01-29,27101.54,27333.3,27101.54,27160.63,27949.64,220383.61,12405118.607015,-0.028229701706354637,-0.028229701706354637,-0.02863582107728177,PASS,2026-07-16T20:25:16Z,D20260716.01
HSI,HK,index,2020-01-30,27030.61,27134.55,26330.05,26449.13,27160.63,222356.78,12439606.150162,-0.026196005026392966,-0.026196005026392966,-0.02654523278394477,PASS,2026-07-16T20:25:16Z,D20260716.01
HSI,HK,index,2020-01-31,26757.61,26818.84,26295.49,26312.63,26449.13,187425.52,10302446.752559,-0.005160850281275775,-0.005160850281275775,-0.005174213465846492,PASS,2026-07-16T20:25:16Z,D20260716.01
HSI,HK,index,2020-02-03,26189.61,26512.58,26145.59,26356.98,26312.63,242148.27,13667977.173376,0.0016855023614135156,0.0016855023614135156,0.001684083496418147,PASS,2026-07-16T20:25:16Z,D20260716.01
HSI,HK,index,2020-02-04,26491.66,26730.26,26491.66,26675.98,26356.98,250023.81,13585463.889669,0.012103055812919372,0.012103055812919372,0.012030399487796217,PASS,2026-07-16T20:25:16Z,D20260716.01
HSI,HK,index,2020-02-05,26869.32,26926.12,26641.92,26786.74,26675.98,249893.08,13378142.541099,0.004152049896573695,0.004152049896573695,0.004143453923127694,PASS,2026-07-16T20:25:16Z,D20260716.01
HSI,HK,index,2020-02-06,27174.53,27608.22,27029.49,27493.7,26786.74,224953.39,13172605.909402,0.026392162689450105,0.026392162689450105,0.026049898562789397,PASS,2026-07-16T20:25:16Z,D20260716.01
HSI,HK,index,2020-02-07,27356.28,27410.58,27224.12,27404.27,27493.7,146451.47,9940794.856044,-0.0032527451743490365,-0.0032527451743490365,-0.003258046849721379,PASS,2026-07-16T20:25:16Z,D20260716.01
HSI,HK,index,2020-02-10,27092.15,27314.64,27044.88,27241.34,27404.27,161201.79,10775477.34839,-0.005945423833585095,-0.005945423833585095,-0.005963168232805307,PASS,2026-07-16T20:25:16Z,D20260716.01
HSI,HK,index,2020-02-11,27514.25,27674.81,27436.99,27583.88,27241.34,186862.54,11101537.163472,0.012574271309707896,0.012574271309707896,0.012495871688214602,PASS,2026-07-16T20:25:16Z,D20260716.01
HSI,HK,index,2020-02-12,27717.22,27892.48,27614.83,27823.66,27583.88,179656.12,11223385.509378,0.008692758234156939,0.008692758234156939,0.008655193746999428,PASS,2026-07-16T20:25:16Z,D20260716.01
HSI,HK,index,2020-02-13,27953.65,27953.65,27695.6,27730.0,27823.66,161701.02,10591862.184701,-0.0033661998457428233,-0.0033661998457428233,-0.0033718782431048566,PASS,2026-07-16T20:25:16Z,D20260716.01
HSI,HK,index,2020-02-14,27698.56,27960.66,27695.59,27815.6,27730.0,144533.59,9578273.660528,0.003086909484312894,0.003086909484312894,0.0030821547616500817,PASS,2026-07-16T20:25:16Z,D20260716.01
HSI,HK,index,2020-02-17,27766.71,28055.58,27766.71,27959.6,27815.6,141299.92,9560370.180311,0.005176951063432078,0.005176951063432078,0.005163596722293508,PASS,2026-07-16T20:25:16Z,D20260716.01
HSI,HK,index,2020-02-18,27766.5,27771.3,27496.25,27530.2,27959.6,159222.14,10138594.505715,-0.015357873503197395,-0.015357873503197395,-0.015477027181468716,PASS,2026-07-16T20:25:16Z,D20260716.01
HSI,HK,index,2020-02-19,27486.46,27697.46,27448.6,27655.81,27530.2,147153.81,8836083.209528,0.00456262577097144,0.00456262577097144,0.004552248546962477,PASS,2026-07-16T20:25:16Z,D20260716.01
HSI,HK,index,2020-02-20,27767.28,27767.28,27383.13,27609.16,27655.81,158207.31,10087892.652186,-0.00168680649744124,-0.00168680649744124,-0.0016882307573804314,PASS,2026-07-16T20:25:16Z,D20260716.01
HSI,HK,index,2020-02-21,27450.46,27484.53,27264.78,27308.81,27609.16,177361.34,10025054.412433,-0.010878635930973601,-0.010878635930973601,-0.010938240965992099,PASS,2026-07-16T20:25:16Z,D20260716.01
HSI,HK,index,2020-02-24,27105.35,27105.35,26813.22,26820.88,27308.81,204465.7,12413326.190367,-0.017867127860935694,-0.017867127860935694,-0.01802867210367437,PASS,2026-07-16T20:25:16Z,D20260716.01
HSI,HK,index,2020-02-25,26722.39,26914.05,26667.04,26893.23,26820.88,192404.29,11792576.77388,0.0026975252117007464,0.0026975252117007464,0.002693893420333312,PASS,2026-07-16T20:25:16Z,D20260716.01
HSI,HK,index,2020-02-26,26479.9,26776.06,26479.9,26696.49,26893.23,204000.0,11959666.498872,-0.0073155957837715,-0.0073155957837715,-0.0073424859800756016,PASS,2026-07-16T20:25:16Z,D20260716.01
HSI,HK,index,2020-02-27,26529.17,26849.57,26419.97,26778.62,26696.49,211036.97,11046721.844324,0.0030764343926859006,0.0030764343926859006,0.0030717118516457097,PASS,2026-07-16T20:25:16Z,D20260716.01
HSI,HK,index,2020-02-28,26249.06,26313.55,25989.41,26129.93,26778.62,319142.62,16819327.346293,-0.024224175853722052,-0.024224175853722052,-0.024522407326174424,PASS,2026-07-16T20:25:16Z,D20260716.01
HSI,HK,index,2020-03-02,26077.73,26375.91,26077.73,26291.68,26129.93,220153.56,12544439.375887,0.0061902194150538215,0.0061902194150538215,0.0061711387088699355,PASS,2026-07-16T20:25:16Z,D20260716.01
HSI,HK,index,2020-03-03,26419.13,26527.75,26233.39,26284.82,26291.68,213629.5,11649256.464505,-0.0002609190435910458,-0.0002609190435910458,-0.0002609530888868728,PASS,2026-07-16T20:25:16Z,D20260716.01
HSI,HK,index,2020-03-04,26321.56,26372.48,26038.39,26222.07,26284.82,195706.24,11097461.315503,-0.0023873094812899565,-0.0023873094812899565,-0.0023901636479940263,PASS,2026-07-16T20:25:16Z,D20260716.01
HSI,HK,index,2020-03-05,26348.16,26805.58,26315.36,26767.87,26222.07,252284.32,13262824.348412,0.02081452760975777,0.02081452760975777,0.020600865099751273,PASS,2026-07-16T20:25:16Z,D20260716.01
HSI,HK,index,2020-03-06,26397.78,26408.8,26084.23,26146.67,26767.87,264651.93,11946241.470646,-0.023206926811883077,-0.023206926811883077,-0.023480447541542365,PASS,2026-07-16T20:25:16Z,D20260716.01
HSI,HK,index,2020-03-09,25134.02,25321.28,24948.38,25040.46,26146.67,467789.24,16962924.591191,-0.042307873239689764,-0.042307873239689764,-0.04322892347581522,PASS,2026-07-16T20:25:16Z,D20260716.01
HSI,HK,index,2020-03-10,25285.68,25578.61,24978.97,25392.51,25040.46,322566.11,14106210.393301,0.014059246515439439,0.014059246515439439,0.013961331978324618,PASS,2026-07-16T20:25:16Z,D20260716.01
HSI,HK,index,2020-03-11,25459.96,25493.23,25140.38,25231.61,25392.51,262762.56,11268041.598527,-0.0063365141925708635,-0.0063365141925708635,-0.006356675110379309,PASS,2026-07-16T20:25:16Z,D20260716.01
HSI,HK,index,2020-03-12,24657.67,24657.67,24117.94,24309.07,25231.61,374892.84,15226242.76257,-0.03656286697519506,-0.03656286697519506,-0.03724804180366167,PASS,2026-07-16T20:25:16Z,D20260716.01
HSI,HK,index,2020-03-13,22519.32,24184.48,22519.32,24032.91,24309.07,549515.57,20243355.299214,-0.011360368784161579,-0.011360368784161579,-0.011425390691225158,PASS,2026-07-16T20:25:16Z,D20260716.01
HSI,HK,index,2020-03-16,23317.81,23631.53,22842.25,23063.57,24032.91,406702.93,15880537.327474,-0.040333858862701244,-0.040333858862701244,-0.04116982465479036,PASS,2026-07-16T20:25:16Z,D20260716.01
HSI,HK,index,2020-03-17,23001.76,23401.2,22676.46,23263.73,23063.57,363797.37,15101517.58429,0.008678621739826031,0.008678621739826031,0.00864117898058461,PASS,2026-07-16T20:25:16Z,D20260716.01
HSI,HK,index,2020-03-18,23023.34,23425.03,22167.42,22291.82,23263.73,421715.36,16608851.900685,-0.04177790921748148,-0.04177790921748148,-0.04267570033996469,PASS,2026-07-16T20:25:16Z,D20260716.01
HSI,HK,index,2020-03-19,22221.38,22380.34,21139.26,21709.13,22291.82,562839.76,17098783.443716,-0.026139184687477224,-0.026139184687477224,-0.02648688564060493,PASS,2026-07-16T20:25:16Z,D20260716.01
HSI,HK,index,2020-03-20,22147.34,22805.07,22147.34,22805.07,21709.13,452818.79,17127217.958233,0.0504829074219002,0.0504829074219002,0.049249970272782786,PASS,2026-07-16T20:25:16Z,D20260716.01
HSI,HK,index,2020-03-23,21659.55,22064.31,21659.55,21696.13,22805.07,0.0,13754886.760625,-0.04862690620989096,-0.04862690620989096,-0.0498489760333155,PASS,2026-07-16T20:25:16Z,D20260716.01
HSI,HK,index,2020-03-24,22497.57,22753.01,22383.25,22663.49,21696.13,361406.67,13779670.337454,0.04458675349013852,0.04458675349013852,0.04362135599971736,PASS,2026-07-16T20:25:16Z,D20260716.01
HSI,HK,index,2020-03-25,23255.91,23569.45,23062.23,23527.19,22663.49,360537.49,15116200.957504,0.03810975273446404,0.03810975273446404,0.03740151396578809,PASS,2026-07-16T20:25:16Z,D20260716.01
HSI,HK,index,2020-03-26,23604.83,23604.83,23163.67,23352.34,23527.19,251950.81,12177893.964633,-0.007431826750240789,-0.007431826750240789,-0.0074595803668769545,PASS,2026-07-16T20:25:16Z,D20260716.01
HSI,HK,index,2020-03-27,23768.41,23791.2,23354.01,23484.28,23352.34,219967.43,12241775.798792,0.005649969125149701,0.005649969125149701,0.005634067915705027,PASS,2026-07-16T20:25:16Z,D20260716.01
HSI,HK,index,2020-03-30,23020.85,23491.51,22973.33,23175.11,23484.28,255343.59,10794901.93597,-0.013164976741888545,-0.013164976741888545,-0.01325240320755174,PASS,2026-07-16T20:25:16Z,D20260716.01
HSI,HK,index,2020-03-31,23613.27,23627.53,23238.04,23603.48,23175.11,287632.66,11334052.492724,0.018484054660366178,0.018484054660366178,0.018315300853154557,PASS,2026-07-16T20:25:16Z,D20260716.01
HSI,HK,index,2020-04-01,23365.9,23540.01,22947.64,23085.79,23603.48,287997.76,12492696.300761,-0.02193278279304567,-0.02193278279304567,-0.022176882058601886,PASS,2026-07-16T20:25:16Z,D20260716.01
HSI,HK,index,2020-04-02,22838.67,23280.06,22756.13,23280.06,23085.79,256093.74,8971637.852611,0.008415133291951538,0.008415133291951538,0.008379923450229719,PASS,2026-07-16T20:25:16Z,D20260716.01
HSI,HK,index,2020-04-03,23072.95,23236.11,23030.58,23236.11,23280.06,187063.06,7997311.471277,-0.0018878817322636188,-0.0018878817322636188,-0.0018896660270264407,PASS,2026-07-16T20:25:16Z,D20260716.01
HSI,HK,index,2020-04-06,23558.83,23832.93,23271.47,23749.12,23236.11,183403.66,8681414.42772,0.022078136142409388,0.022078136142409388,0.021837943010128546,PASS,2026-07-16T20:25:16Z,D20260716.01
HSI,HK,index,2020-04-07,24093.05,24262.01,23796.03,24253.29,23749.12,253503.46,12637592.978314,0.021228997116524928,0.021228997116524928,0.02100680112162349,PASS,2026-07-16T20:25:16Z,D20260716.01
HSI,HK,index,2020-04-08,24191.32,24191.32,23897.4,23970.37,24253.29,184085.41,9453559.549748,-0.01166522150190763,-0.01166522150190763,-0.011733793995450468,PASS,2026-07-16T20:25:16Z,D20260716.01
HSI,HK,index,2020-04-09,24181.32,24308.69,24045.18,24300.33,23970.37,172533.46,9388694.687264,0.013765327777585545,0.013765327777585545,0.013671446212427317,PASS,2026-07-16T20:25:16Z,D20260716.01
HSI,HK,index,2020-04-14,24347.61,24546.39,24283.13,24435.4,24300.33,205044.78,11145910.409144,0.005558360730080647,0.005558360730080647,0.005542970048047526,PASS,2026-07-16T20:25:16Z,D20260716.01
HSI,HK,index,2020-04-15,24499.86,24603.6,24090.5,24145.34,24435.4,190662.52,11206811.108938,-0.011870482987796471,-0.011870482987796471,-0.011941499732501274,PASS,2026-07-16T20:25:16Z,D20260716.01
HSI,HK,index,2020-04-16,24025.45,24102.91,23854.79,24006.45,24145.34,186547.34,10584260.49018,-0.005752248674071203,-0.005752248674071203,-0.00576885657561851,PASS,2026-07-16T20:25:16Z,D20260716.01
HSI,HK,index,2020-04-17,24457.83,24666.64,24308.78,24380.0,24006.45,193757.9,13791125.438182,0.015560401475436691,0.015560401475436691,0.015440579811991989,PASS,2026-07-16T20:25:16Z,D20260716.01
HSI,HK,index,2020-04-20,24503.56,24503.56,24225.55,24330.02,24380.0,137509.16,8984641.907084,-0.0020500410172271666,-0.0020500410172271666,-0.002052145227616894,PASS,2026-07-16T20:25:16Z,D20260716.01
HSI,HK,index,2020-04-21,24247.84,24247.84,23676.13,23793.55,24330.02,216066.17,11079631.411758,-0.02204971471457895,-0.02204971471457895,-0.022296443280854325,PASS,2026-07-16T20:25:16Z,D20260716.01
HSI,HK,index,2020-04-22,23540.54,23939.29,23483.31,23893.36,23793.55,166836.24,9705784.195525,0.0041948343143416444,0.0041948343143416444,0.004186060524717073,PASS,2026-07-16T20:25:16Z,D20260716.01
HSI,HK,index,2020-04-23,23983.65,24107.88,23806.3,23977.32,23893.36,181434.48,9654350.911225,0.0035139469710412374,0.0035139469710412374,0.003507787484572027,PASS,2026-07-16T20:25:16Z,D20260716.01
HSI,HK,index,2020-04-24,23844.55,23957.17,23730.49,23831.33,23977.32,130166.49,8279936.514308,-0.006088670460251522,-0.006088670460251522,-0.006107281999045643,PASS,2026-07-16T20:25:16Z,D20260716.01
HSI,HK,index,2020-04-27,24030.66,24318.81,24030.54,24280.14,23831.33,159271.3,8711934.579041,0.018832771817603122,0.018832771817603122,0.0186576306823793,PASS,2026-07-16T20:25:16Z,D20260716.01
HSI,HK,index,2020-04-28,24401.12,24582.66,24176.88,24575.96,24280.14,168755.73,8610724.081067,0.012183620028550113,0.012183620028550113,0.012109997122493672,PASS,2026-07-16T20:25:16Z,D20260716.01
HSI,HK,index,2020-04-29,24786.02,24855.47,24549.62,24643.59,24575.96,164800.9,8608602.069873,0.002751876223756833,0.002751876223756833,0.0027480967445662648,PASS,2026-07-16T20:25:16Z,D20260716.01
HSI,HK,index,2020-05-04,23895.11,23897.53,23584.95,23613.8,24643.59,255677.4,10969129.638002,-0.041787336991079616,-0.041787336991079616,-0.042685539207246305,PASS,2026-07-16T20:25:16Z,D20260716.01
HSI,HK,index,2020-05-05,23755.77,23928.45,23697.88,23868.66,23613.8,133296.73,7045460.592305,0.010792841474053239,0.010792841474053239,0.010735014466908673,PASS,2026-07-16T20:25:16Z,D20260716.01
HSI,HK,index,2020-05-06,23868.02,24235.03,23868.02,24137.48,23868.66,189000.0,10959188.277751,0.011262467185003233,0.011262467185003233,0.01119951780406559,PASS,2026-07-16T20:25:16Z,D20260716.01
HSI,HK,index,2020-05-07,24120.81,24120.81,23913.5,23980.63,24137.48,131706.0,8655027.215295,-0.006498192851946416,-0.006498192851946416,-0.006519398020552367,PASS,2026-07-16T20:25:16Z,D20260716.01
HSI,HK,index,2020-05-08,24193.36,24263.73,24097.12,24230.17,23980.63,127411.32,9682010.913956,0.010405898427188864,0.010405898427188864,0.01035212975205826,PASS,2026-07-16T20:25:16Z,D20260716.01
HSI,HK,index,2020-05-11,24470.18,24766.83,24470.18,24602.06,24230.17,145820.0,10365267.399671,0.015348220833778736,0.015348220833778736,0.015231628370160307,PASS,2026-07-16T20:25:16Z,D20260716.01
HSI,HK,index,2020-05-12,24358.0,24411.04,24136.2,24245.68,24602.06,147962.86,9704850.312749,-0.014485778833154717,-0.014485778833154717,-0.01459172208572172,PASS,2026-07-16T20:25:16Z,D20260716.01
HSI,HK,index,2020-05-13,24111.67,24320.2,23979.37,24180.3,24245.68,135903.85,10353650.265622,-0.002696562851609019,-0.002696562851609019,-0.002700205126437511,PASS,2026-07-16T20:25:16Z,D20260716.01
HSI,HK,index,2020-05-14,24038.07,24081.19,23790.27,23829.74,24180.3,169772.08,11865378.142856,-0.01449775230249406,-0.01449775230249406,-0.014603871623311723,PASS,2026-07-16T20:25:16Z,D20260716.01
HSI,HK,index,2020-05-15,23834.68,23985.12,23671.61,23797.47,23829.74,150947.86,10433838.051024,-0.0013541901841984672,-0.0013541901841984672,-0.0013551079283529409,PASS,2026-07-16T20:25:16Z,D20260716.01
HSI,HK,index,2020-05-18,23736.67,23952.05,23722.17,23934.77,23797.47,164511.47,10942925.957984,0.005769520877639378,0.005769520877639378,0.005752940933715101,PASS,2026-07-16T20:25:16Z,D20260716.01
HSI,HK,index,2020-05-19,24489.55,24552.55,24314.45,24388.13,23934.77,202298.75,12596294.810848,0.018941481367901192,0.018941481367901192,0.01876432508214538,PASS,2026-07-16T20:25:16Z,D20260716.01
HSI,HK,index,2020-05-20,24462.9,24514.87,24315.75,24399.95,24388.13,143202.13,10169194.053893,0.00048466200565600026,0.00048466200565600026,0.00048454459496094054,PASS,2026-07-16T20:25:16Z,D20260716.01
HSI,HK,index,2020-05-21,24528.91,24528.91,24208.16,24280.03,24399.95,147434.5,12426146.509043,-0.004914764169598795,-0.004914764169598795,-0.004926881341351158,PASS,2026-07-16T20:25:16Z,D20260716.01
HSI,HK,index,2020-05-22,23756.91,23756.91,22878.26,22930.14,24280.03,368098.91,18054600.921496,-0.055596718784943766,-0.055596718784943766,-0.05720199938560752,PASS,2026-07-16T20:25:16Z,D20260716.01
HSI,HK,index,2020-05-25,22725.7,22968.65,22519.73,22952.24,22930.14,176902.9,11822700.164976,0.0009637969938256497,0.0009637969938256497,0.0009633328397126144,PASS,2026-07-16T20:25:16Z,D20260716.01
HSI,HK,index,2020-05-26,23198.34,23481.48,23165.49,23384.66,22952.24,142114.82,10746470.629402,0.01883999121654356,0.01883999121654356,0.018664716608119133,PASS,2026-07-16T20:25:16Z,D20260716.01
HSI,HK,index,2020-05-27,23515.14,23515.14,23134.61,23301.36,23384.66,183714.61,11088218.776178,-0.0035621642563971045,-0.0035621642563971045,-0.0035685238706439676,PASS,2026-07-16T20:25:16Z,D20260716.01
HSI,HK,index,2020-05-28,23206.75,23451.78,22798.69,23132.76,23301.36,235679.26,13269869.006597,-0.007235629164992985,-0.007235629164992985,-0.007261933291105128,PASS,2026-07-16T20:25:16Z,D20260716.01
HSI,HK,index,2020-05-29,22781.11,23089.77,22781.11,22961.47,23132.76,362141.2,17893681.716614,-0.007404650374620125,-0.007404650374620125,-0.007432200883716796,PASS,2026-07-16T20:25:16Z,D20260716.01
HSI,HK,index,2020-06-01,23539.91,23806.32,23539.91,23732.52,22961.47,256914.88,15075302.828733,0.03358016712344636,0.03358016712344636,0.033028665707544945,PASS,2026-07-16T20:25:16Z,D20260716.01
HSI,HK,index,2020-06-02,23792.24,23995.94,23766.15,23995.94,23732.52,181329.39,11402850.560888,0.011099537680785643,0.011099537680785643,0.011038389871303716,PASS,2026-07-16T20:25:16Z,D20260716.01
HSI,HK,index,2020-06-03,24303.56,24364.01,24219.96,24325.62,23995.94,245511.83,13945278.919244,0.013738990845951538,0.013738990845951538,0.013645466557150066,PASS,2026-07-16T20:25:16Z,D20260716.01
HSI,HK,index,2020-06-04,24643.84,24643.84,24204.1,24366.3,24325.62,188887.35,12541149.06164,0.001672310921571496,0.001672310921571496,0.0016709141666511468,PASS,2026-07-16T20:25:16Z,D20260716.01
HSI,HK,index,2020-06-05,24388.18,24810.22,24253.56,24770.41,24366.3,239761.83,13486648.070145,0.016584791289609102,0.016584791289609102,0.016448765550480162,PASS,2026-07-16T20:25:16Z,D20260716.01
HSI,HK,index,2020-06-08,25018.05,25018.78,24678.55,24776.77,24770.41,212343.95,12929318.125427,0.00025675796242374815,0.00025675796242374815,0.00025672500573925425,PASS,2026-07-16T20:25:16Z,D20260716.01
HSI,HK,index,2020-06-09,24906.01,25253.67,24837.73,25057.22,24776.77,220339.65,11763892.038101,0.011319070242004958,0.011319070242004958,0.011255488904334317,PASS,2026-07-16T20:25:16Z,D20260716.01
HSI,HK,index,2020-06-10,25179.03,25303.78,24968.3,25049.73,25057.22,197134.92,12725468.796131,-0.0002989158414221649,-0.0002989158414221649,-0.00029896052566706573,PASS,2026-07-16T20:25:16Z,D20260716.01
HSI,HK,index,2020-06-11,24997.84,25059.32,24480.15,24480.15,25049.73,183895.82,14243076.004473,-0.022737969630810317,-0.022737969630810317,-0.023000463953339146,PASS,2026-07-16T20:25:16Z,D20260716.01
HSI,HK,index,2020-06-12,23920.7,24317.72,23895.03,24301.38,24480.15,182451.96,11543783.066017,-0.007302651331793308,-0.007302651331793308,-0.007329446218871421,PASS,2026-07-16T20:25:16Z,D20260716.01
HSI,HK,index,2020-06-15,23991.38,24242.97,23684.96,23776.95,24301.38,210453.83,12249254.720893,-0.021580255936082704,-0.021580255936082704,-0.02181651486193114,PASS,2026-07-16T20:25:16Z,D20260716.01
HSI,HK,index,2020-06-16,24318.15,24534.77,24302.25,24344.09,23776.95,161158.99,10961244.966079,0.023852512622518862,0.023852512622518862,0.02357248560183562,PASS,2026-07-16T20:25:16Z,D20260716.01
HSI,HK,index,2020-06-17,24363.39,24532.01,24195.82,24481.41,24344.09,127827.93,10424170.993289,0.005640794131142268,0.005640794131142268,0.005624944427271517,PASS,2026-07-16T20:25:16Z,D20260716.01
HSI,HK,index,2020-06-18,24386.31,24464.94,24121.89,24464.94,24481.41,181132.71,12160784.738801,-0.0006727553682570608,-0.0006727553682570608,-0.0006729817696973712,PASS,2026-07-16T20:25:16Z,D20260716.01
HSI,HK,index,2020-06-19,24373.36,24776.54,24334.36,24643.89,24464.94,239028.57,15145486.85985,0.0073145489014074805,0.0073145489014074805,0.007287927326311971,PASS,2026-07-16T20:25:16Z,D20260716.01
HSI,HK,index,2020-06-22,24528.53,24628.95,24391.17,24511.34,24643.89,161229.42,11958120.563219,-0.0053786151455796904,-0.0053786151455796904,-0.005393131973039039,PASS,2026-07-16T20:25:16Z,D20260716.01
HSI,HK,index,2020-06-23,24541.44,24907.34,24184.88,24907.34,24511.34,154905.37,11944711.598412,0.016155787484486872,0.016155787484486872,0.01602667154008721,PASS,2026-07-16T20:25:16Z,D20260716.01
HSI,HK,index,2020-06-24,25034.87,25071.32,24770.95,24781.58,24907.34,143191.37,11542954.038761,-0.0050491140362639575,-0.0050491140362639575,-0.005061903882296948,PASS,2026-07-16T20:25:16Z,D20260716.01
HSI,HK,index,2020-06-26,24697.98,24756.58,24537.77,24549.99,24781.58,150926.01,9611043.609849,-0.009345247558872338,-0.009345247558872338,-0.009389188357532323,PASS,2026-07-16T20:25:16Z,D20260716.01
HSI,HK,index,2020-06-29,24627.64,24627.64,24148.62,24301.28,24549.99,183585.54,13301898.508415,-0.010130757690736458,-0.010130757690736458,-0.010182423052122757,PASS,2026-07-16T20:25:16Z,D20260716.01
HSI,HK,index,2020-06-30,24468.24,24598.61,24271.77,24427.19,24301.28,189232.33,12249024.182108,0.005181208561853445,0.005181208561853445,0.005167832284400678,PASS,2026-07-16T20:25:16Z,D20260716.01
HSI,HK,index,2020-07-02,24563.57,25124.19,24563.57,25124.19,24427.19,274654.64,17599027.142749,0.02853377731945428,0.02853377731945428,0.028134270912839012,PASS,2026-07-16T20:25:16Z,D20260716.01
HSI,HK,index,2020-07-03,25319.28,25453.58,25182.6,25373.12,25124.19,232056.89,16395118.449001,0.009907981113022934,0.009907981113022934,0.009859218893711377,PASS,2026-07-16T20:25:16Z,D20260716.01
HSI,HK,index,2020-07-06,25545.54,26453.61,25543.15,26339.16,25373.12,488338.19,25079693.14848,0.038073362676722455,0.038073362676722455,0.037366459198725215,PASS,2026-07-16T20:25:16Z,D20260716.01
HSI,HK,index,2020-07-07,26571.08,26782.62,25911.74,25975.66,26339.16,391384.07,23995722.899026,-0.01380074383541463,-0.01380074383541463,-0.013896859436377335,PASS,2026-07-16T20:25:16Z,D20260716.01
HSI,HK,index,2020-07-08,26078.61,26299.84,25849.78,26129.18,25975.66,258267.95,19619393.297009,0.00591014819257718,0.00591014819257718,0.00589275177669277,PASS,2026-07-16T20:25:16Z,D20260716.01
HSI,HK,index,2020-07-09,26351.13,26374.94,26016.75,26210.16,26129.18,245268.17,20683138.24002,0.0030992170439332334,0.0030992170439332334,0.003094424370593886,PASS,2026-07-16T20:25:16Z,D20260716.01
HSI,HK,index,2020-07-10,25931.78,26137.91,25570.36,25727.41,26210.16,214215.08,19456872.569282,-0.01841843010496691,-0.01841843010496691,-0.018590161337255856,PASS,2026-07-16T20:25:16Z,D20260716.01
HSI,HK,index,2020-07-13,25848.8,26103.84,25715.24,25772.12,25727.41,212728.88,16485595.955592,0.0017378352504195949,0.0017378352504195949,0.0017363269619259068,PASS,2026-07-16T20:25:16Z,D20260716.01
HSI,HK,index,2020-07-14,25663.16,25663.16,25254.32,25477.89,25772.12,218027.92,17894565.062302,-0.011416600574574387,-0.011416600574574387,-0.011482270253678697,PASS,2026-07-16T20:25:16Z,D20260716.01
HSI,HK,index,2020-07-15,25888.78,25888.78,25299.36,25481.58,25477.89,184931.73,16417027.213099,0.00014483145974808487,0.00014483145974808487,0.00014482097268477738,PASS,2026-07-16T20:25:16Z,D20260716.01
HSI,HK,index,2020-07-16,25549.4,25576.49,24919.95,24970.69,25481.58,193505.17,19979235.247451,-0.020049384692786054,-0.020049384692786054,-0.02025310113092557,PASS,2026-07-16T20:25:16Z,D20260716.01
HSI,HK,index,2020-07-17,25142.06,25263.97,25015.28,25089.17,24970.69,136250.04,12952978.192498,0.004744762759859578,0.004744762759859578,0.004733541852732058,PASS,2026-07-16T20:25:16Z,D20260716.01
HSI,HK,index,2020-07-20,25019.6,25222.11,24766.17,25057.99,25089.17,165062.05,13075382.900069,-0.0012427672976027537,-0.0012427672976027537,-0.001243540173283523,PASS,2026-07-16T20:25:16Z,D20260716.01
HSI,HK,index,2020-07-21,25427.06,25635.66,25378.38,25635.66,25057.99,175217.19,16170725.720272,0.023053325506155797,0.023053325506155797,0.02279161220542841,PASS,2026-07-16T20:25:16Z,D20260716.01
HSI,HK,index,2020-07-22,25575.25,25779.66,25057.94,25057.94,25635.66,239005.12,15558627.405911,-0.022535795840637696,-0.022535795840637696,-0.022793607578955558,PASS,2026-07-16T20:25:16Z,D20260716.01
HSI,HK,index,2020-07-23,25235.9,25346.36,24992.37,25263.0,25057.94,191000.0,14057198.768608,0.008183434073192108,0.008183434073192108,0.008150131340358566,PASS,2026-07-16T20:25:16Z,D20260716.01
HSI,HK,index,2020-07-24,25040.76,25101.1,24598.46,24705.33,25263.0,302970.64,16665980.716928,-0.02207457546609659,-0.02207457546609659,-0.022321864887548625,PASS,2026-07-16T20:25:16Z,D20260716.01
HSI,HK,index,2020-07-27,24909.96,24972.46,24526.91,24603.26,24705.33,149121.1,12567748.77263,-0.004131497130376416,-0.004131497130376416,-0.0041400553449384625,PASS,2026-07-16T20:25:16Z,D20260716.01
HSI,HK,index,2020-07-28,24942.74,24942.74,24642.35,24772.76,24603.26,135841.82,11241634.120405,0.006889330926064252,0.006889330926064252,0.006865707921495225,PASS,2026-07-16T20:25:16Z,D20260716.01
HSI,HK,index,2020-07-29,24710.51,24905.44,24671.51,24883.14,24772.76,108033.51,10444761.724611,0.004455700535588303,0.004455700535588303,0.004445803290506631,PASS,2026-07-16T20:25:16Z,D20260716.01
HSI,HK,index,2020-07-30,24979.24,25197.31,24616.05,24710.59,24883.14,177968.19,12837134.792868,-0.006934414225857277,-0.006934414225857277,-0.006958569007125744,PASS,2026-07-16T20:25:16Z,D20260716.01
HSI,HK,index,2020-07-31,24747.29,24938.85,24534.79,24595.35,24710.59,176323.39,11915383.084799,-0.004663587554971427,-0.004663587554971427,-0.004674496007642302,PASS,2026-07-16T20:25:16Z,D20260716.01
HSI,HK,index,2020-08-03,24566.81,24647.28,24250.98,24458.13,24595.35,201272.31,13045672.314492,-0.005579103367099769,-0.005579103367099769,-0.005594724693379949,PASS,2026-07-16T20:25:16Z,D20260716.01
HSI,HK,index,2020-08-04,24664.6,25062.41,24539.44,24946.63,24458.13,190661.59,14597813.935203,0.019972908803739253,0.019972908803739253,0.019776066947122698,PASS,2026-07-16T20:25:16Z,D20260716.01
HSI,HK,index,2020-08-05,25029.39,25167.22,24868.29,25102.54,24946.63,147793.63,12280714.96098,0.006249741949112986,0.006249741949112986,0.006230293302516718,PASS,2026-07-16T20:25:16Z,D20260716.01
HSI,HK,index,2020-08-06,25201.44,25201.44,24641.09,24930.58,25102.54,159620.61,13587966.665731,-0.0068503027980435505,-0.0068503027980435505,-0.006873873829734927,PASS,2026-07-16T20:25:16Z,D20260716.01
HSI,HK,index,2020-08-07,24909.37,24909.37,24167.79,24531.62,24930.58,161016.47,17782807.005964,-0.016002836676884513,-0.016002836676884513,-0.01613226473575081,PASS,2026-07-16T20:25:16Z,D20260716.01
HSI,HK,index,2020-08-10,24376.82,24536.01,24272.67,24377.43,24531.62,125644.41,13528250.885223,-0.0062853574284942315,-0.0062853574284942315,-0.006305193448829921,PASS,2026-07-16T20:25:16Z,D20260716.01
HSI,HK,index,2020-08-11,24662.04,25031.57,24662.04,24890.68,24377.43,162836.39,14135875.98862,0.021054311303529527,0.021054311303529527,0.020835731992574446,PASS,2026-07-16T20:25:16Z,D20260716.01
HSI,HK,index,2020-08-12,24868.63,25291.8,24685.44,25244.02,24890.68,176395.01,14407505.875604,0.01419567484697093,0.01419567484697093,0.014095859773919073,PASS,2026-07-16T20:25:16Z,D20260716.01
HSI,HK,index,2020-08-13,25490.02,25490.02,25144.46,25230.67,25244.02,176119.65,11645337.073669,-0.0005288381169085143,-0.0005288381169085143,-0.0005289780011050328,PASS,2026-07-16T20:25:16Z,D20260716.01
HSI,HK,index,2020-08-14,25072.45,25378.53,25040.55,25183.01,25230.67,142976.68,10331915.206046,-0.0018889708438182273,-0.0018889708438182273,-0.0018907571991792274,PASS,2026-07-16T20:25:16Z,D20260716.01
HSI,HK,index,2020-08-17,25212.28,25588.67,25163.29,25347.34,25183.01,195568.91,12875679.327617,0.006525431233200596,0.006525431233200596,0.006504232776219358,PASS,2026-07-16T20:25:16Z,D20260716.01
HSI,HK,index,2020-08-18,25470.97,25470.97,25257.88,25367.38,25347.34,153477.6,12688300.0,0.0007906155044277163,0.0007906155044277163,0.0007903031326229474,PASS,2026-07-16T20:25:16Z,D20260716.01
HSI,HK,index,2020-08-19,25359.03,25382.51,25079.25,25178.91,25367.38,113223.86,8458063.387424,-0.007429620244581825,-0.007429620244581825,-0.007457357342538805,PASS,2026-07-16T20:25:16Z,D20260716.01
HSI,HK,index,2020-08-20,25055.35,25055.35,24621.32,24791.39,25178.91,199570.15,11818703.390755,-0.015390658292992021,-0.015390658292992021,-0.015510323883618756,PASS,2026-07-16T20:25:16Z,D20260716.01
HSI,HK,index,2020-08-21,25007.13,25178.79,24885.86,25113.84,24791.39,121026.79,11812692.958589,0.013006531703143809,0.013006531703143809,0.012922673126453612,PASS,2026-07-16T20:25:16Z,D20260716.01
HSI,HK,index,2020-08-24,25352.79,25551.58,25325.15,25551.58,25113.84,135226.38,14015367.596214,0.017430229706010714,0.017430229706010714,0.017280065670058596,PASS,2026-07-16T20:25:16Z,D20260716.01
HSI,HK,index,2020-08-25,25586.99,25621.08,25352.26,25486.22,25551.58,135083.74,12877145.301809,-0.0025579631474844655,-0.0025579631474844655,-0.0025612403250088807,PASS,2026-07-16T20:25:16Z,D20260716.01
HSI,HK,index,2020-08-26,25520.41,25603.17,25360.03,25491.79,25486.22,131987.62,13320515.365918,0.0002185494749711303,0.0002185494749711303,0.00021852559651364478,PASS,2026-07-16T20:25:16Z,D20260716.01
HSI,HK,index,2020-08-27,25469.77,25469.77,25186.42,25281.15,25491.79,170126.83,15060051.135196,-0.008263052535738002,-0.008263052535738002,-0.008297380789241991,PASS,2026-07-16T20:25:16Z,D20260716.01
HSI,HK,index,2020-08-28,25330.77,25749.4,25258.16,25422.06,25281.15,206527.26,16528555.65841,0.00557371796773487,0.00557371796773487,0.005558242279858841,PASS,2026-07-16T20:25:16Z,D20260716.01
HSI,HK,index,2020-08-31,25732.49,25847.11,25177.05,25177.05,25422.06,319537.82,18177037.364749,-0.009637692618143512,-0.009637692618143512,-0.009684435750729128,PASS,2026-07-16T20:25:16Z,D20260716.01
HSI,HK,index,2020-09-01,25085.67,25254.14,24995.45,25184.85,25177.05,172945.2,13906296.151144,0.0003098059542321341,0.0003098059542321341,0.00030975797427689,PASS,2026-07-16T20:25:16Z,D20260716.01
HSI,HK,index,2020-09-02,25239.86,25239.86,24931.17,25120.09,25184.85,234995.58,15958067.741361,-0.002571387163314398,-0.002571387163314398,-0.0025746988576031884,PASS,2026-07-16T20:25:16Z,D20260716.01
HSI,HK,index,2020-09-03,25026.99,25216.02,24854.58,25007.6,25120.09,200734.11,14082547.100766,-0.004478089051432654,-0.004478089051432654,-0.004488145726564157,PASS,2026-07-16T20:25:16Z,D20260716.01
HSI,HK,index,2020-09-04,24668.801,24813.96,24488.64,24695.45,25007.6,339374.51,21315733.981015,-0.012482205409555358,-0.012482205409555358,-0.012560762530790501,PASS,2026-07-16T20:25:16Z,D20260716.01
HSI,HK,index,2020-09-07,24621.021,24908.29,24475.61,24589.65,24695.45,168287.29,15824202.619846,-0.004284190002611821,-0.004284190002611821,-0.004293393440190656,PASS,2026-07-16T20:25:16Z,D20260716.01
HSI,HK,index,2020-09-08,24785.26,24785.26,24341.32,24624.34,24589.65,207459.1,14060005.245002,0.0014107561514702383,0.0014107561514702383,0.0014097619699327533,PASS,2026-07-16T20:25:16Z,D20260716.01
HSI,HK,index,2020-09-09,24295.42,24520.92,24213.36,24468.93,24624.34,174934.84,12076435.174432,-0.006311235143764304,-0.006311235143764304,-0.006331235182656903,PASS,2026-07-16T20:25:16Z,D20260716.01
HSI,HK,index,2020-09-10,24584.94,24615.6,24293.21,24313.54,24468.93,134947.8,10387768.85,-0.006350502453519646,-0.006350502453519646,-0.006370752672460554,PASS,2026-07-16T20:25:16Z,D20260716.01
HSI,HK,index,2020-09-11,24352.63,24572.66,24293.03,24503.31,24313.54,130659.89,9604950.863999,0.007805115997094658,0.007805115997094658,0.007774813652641351,PASS,2026-07-16T20:25:16Z,D20260716.01
HSI,HK,index,2020-09-14,24569.03,24750.95,24556.52,24640.28,24503.31,109138.07,9965031.331775,0.005589857043803326,0.005589857043803326,0.005574291771078081,PASS,2026-07-16T20:25:16Z,D20260716.01
HSI,HK,index,2020-09-15,24621.65,24826.87,24621.65,24732.76,24640.28,173376.96,11593632.152172,0.003753204103200014,0.003753204103200014,0.0037461784064419124,PASS,2026-07-16T20:25:16Z,D20260716.01
HSI,HK,index,2020-09-16,24823.96,24829.87,24635.24,24725.63,24732.76,130320.21,10299121.307208,-0.000288281615153263,-0.000288281615153263,-0.0002883231762858129,PASS,2026-07-16T20:25:16Z,D20260716.01
HSI,HK,index,2020-09-17,24676.41,24713.79,24250.9,24340.85,24725.63,163090.03,11769105.617564,-0.015561989724832137,-0.015561989724832137,-0.015684348578454087,PASS,2026-07-16T20:25:16Z,D20260716.01
HSI,HK,index,2020-09-18,24381.13,24501.16,24295.01,24455.41,24340.85,230181.29,14408781.627287,0.004706491350959352,0.004706491350959352,0.00469545044959246,PASS,2026-07-16T20:25:16Z,D20260716.01
HSI,HK,index,2020-09-21,24483.91,24542.55,23928.02,23950.69,24455.41,160208.15,11491458.004467,-0.020638378174808847,-0.020638378174808847,-0.020854325875611333,PASS,2026-07-16T20:25:16Z,D20260716.01
HSI,HK,index,2020-09-22,23839.67,23908.51,23675.62,23716.85,23950.69,155322.77,10551556.727197,-0.009763393037945933,-0.009763393037945933,-0.00981136747735065,PASS,2026-07-16T20:25:16Z,D20260716.01
HSI,HK,index,2020-09-23,23701.12,23795.19,23559.99,23742.51,23716.85,164293.34,9848397.17718,0.0010819312008130133,0.0010819312008130133,0.0010813463350696846,PASS,2026-07-16T20:25:16Z,D20260716.01
HSI,HK,index,2020-09-24,23537.83,23590.42,23225.33,23311.07,23742.51,191365.75,11716649.024148,-0.01817162549368201,-0.01817162549368201,-0.01833875728046315,PASS,2026-07-16T20:25:16Z,D20260716.01
HSI,HK,index,2020-09-25,23425.75,23495.26,23124.25,23235.42,23311.07,179407.54,11673311.7629,-0.003245239279020762,-0.003245239279020762,-0.0032505164883073704,PASS,2026-07-16T20:25:16Z,D20260716.01
HSI,HK,index,2020-09-28,23284.09,23523.81,23250.34,23476.05,23235.42,144683.94,9334340.498052,0.010356171741246811,0.010356171741246811,0.010302913976795865,PASS,2026-07-16T20:25:16Z,D20260716.01
HSI,HK,index,2020-09-29,23584.61,23601.4,23256.92,23275.53,23476.05,152674.66,8588218.748714,-0.008541470988518096,-0.008541470988518096,-0.008578158410925536,PASS,2026-07-16T20:25:16Z,D20260716.01
HSI,HK,index,2020-09-30,23548.89,23780.87,23368.49,23459.05,23275.53,145301.6,9829945.125869,0.007884675450999357,0.007884675450999357,0.007853753829134339,PASS,2026-07-16T20:25:16Z,D20260716.01
HSI,HK,index,2020-10-05,24039.39,24039.39,23674.52,23767.78,23459.05,142042.75,9258075.953463,0.013160379469756789,0.013160379469756789,0.013074534028001537,PASS,2026-07-16T20:25:16Z,D20260716.01
HSI,HK,index,2020-10-06,23895.21,24005.03,23842.25,23980.65,23767.78,132545.22,8273392.690775,0.00895624244250004,0.00895624244250004,0.008916373178855541,PASS,2026-07-16T20:25:16Z,D20260716.01
HSI,HK,index,2020-10-07,23999.79,24243.91,23905.42,24242.86,23980.65,153707.61,9217250.0,0.01093423239153224,0.01093423239153224,0.010874885886287919,PASS,2026-07-16T20:25:16Z,D20260716.01
HSI,HK,index,2020-10-08,24263.33,24263.33,24021.93,24193.35,24242.86,118203.03,8778889.870451,-0.0020422507905420995,-0.0020422507905420995,-0.0020443390283090487,PASS,2026-07-16T20:25:16Z,D20260716.01
HSI,HK,index,2020-10-09,24343.81,24343.81,24059.29,24119.13,24193.35,135896.95,11254702.500677,-0.0030677851558381652,-0.0030677851558381652,-0.0030725004548717134,PASS,2026-07-16T20:25:16Z,D20260716.01
HSI,HK,index,2020-10-12,24217.25,24702.81,24196.8,24649.68,24119.13,243040.35,14029100.752431,0.02199706208308516,0.02199706208308516,0.021758617103295838,PASS,2026-07-16T20:25:16Z,D20260716.01
HSI,HK,index,2020-10-14,24808.85,24808.85,24498.94,24667.09,24649.68,255004.28,15434936.303453,0.000706297201424011,0.000706297201424011,0.0007060478909402657,PASS,2026-07-16T20:25:16Z,D20260716.01
HSI,HK,index,2020-10-15,24533.75,24573.25,24102.21,24158.54,24667.09,213420.28,13053789.385214,-0.020616538067522283,-0.020616538067522283,-0.02083202577390992,PASS,2026-07-16T20:25:16Z,D20260716.01
HSI,HK,index,2020-10-16,24194.41,24456.97,24194.41,24386.79,24158.54,269752.51,11300786.182269,0.009448004722139691,0.009448004722139691,0.009403651473142524,PASS,2026-07-16T20:25:16Z,D20260716.01
HSI,HK,index,2020-10-19,24565.43,24771.85,24478.47,24542.26,24386.79,360553.76,12282765.494563,0.0063751727882184195,0.0063751727882184195,0.006354937331664291,PASS,2026-07-16T20:25:16Z,D20260716.01
HSI,HK,index,2020-10-20,24571.64,24600.39,24456.84,24569.54,24542.26,187905.2,9931922.750736,0.001111552073851385,0.001111552073851385,0.001110934757255623,PASS,2026-07-16T20:25:16Z,D20260716.01
HSI,HK,index,2020-10-21,24695.54,24903.0,24653.16,24754.42,24569.54,192944.72,10950362.862135,0.00752476440340355,0.00752476440340355,0.007496594589622447,PASS,2026-07-16T20:25:16Z,D20260716.01
HSI,HK,index,2020-10-22,24696.31,24817.01,24556.55,24786.13,24754.42,248687.12,10718207.872107,0.0012809833556999273,0.0012809833556999273,0.0012801635965117076,PASS,2026-07-16T20:25:16Z,D20260716.01
HSI,HK,index,2020-10-23,24773.12,24970.59,24683.25,24918.78,24786.13,236815.67,11164795.267794,0.005351783436946311,0.005351783436946311,0.005337513534279148,PASS,2026-07-16T20:25:16Z,D20260716.01
HSI,HK,index,2020-10-27,24839.97,24872.52,24602.11,24787.19,24918.78,243516.46,13052038.388756,-0.005280756120484287,-0.005280756120484287,-0.005294748595390318,PASS,2026-07-16T20:25:16Z,D20260716.01
HSI,HK,index,2020-10-28,24773.54,24844.79,24586.06,24708.8,24787.19,201194.04,13262381.566396,-0.0031625206407018824,-0.0031625206407018824,-0.0031675319775299627,PASS,2026-07-16T20:25:16Z,D20260716.01
HSI,HK,index,2020-10-29,24290.01,24678.9,24258.56,24586.6,24708.8,193674.9,13318625.998912,-0.004945606423622406,-0.004945606423622406,-0.004957876406793148,PASS,2026-07-16T20:25:16Z,D20260716.01
HSI,HK,index,2020-10-30,24535.9,24600.54,24029.95,24107.42,24586.6,253774.42,15172705.253311,-0.019489478008345995,-0.019489478008345995,-0.019681902152266076,PASS,2026-07-16T20:25:16Z,D20260716.01
HSI,HK,index,2020-11-02,24274.83,24486.02,24232.66,24460.01,24107.42,235541.32,11619320.427452,0.014625787413169888,0.014625787413169888,0.014519862162146511,PASS,2026-07-16T20:25:16Z,D20260716.01
HSI,HK,index,2020-11-03,24689.56,25048.53,24689.51,24939.73,24460.01,224435.3,12963235.599259,0.019612420436459388,0.019612420436459388,0.019422575121244606,PASS,2026-07-16T20:25:16Z,D20260716.01
HSI,HK,index,2020-11-04,24790.0,25093.72,24733.23,24886.14,24939.73,230556.15,17282786.611392,-0.0021487802794978306,-0.0021487802794978306,-0.00215109222033826,PASS,2026-07-16T20:25:16Z,D20260716.01
HSI,HK,index,2020-11-05,25500.91,25695.92,25343.44,25695.92,24886.14,261749.2,17667637.931616,0.03253939743166279,0.03253939743166279,0.03202120244388053,PASS,2026-07-16T20:25:16Z,D20260716.01
HSI,HK,index,2020-11-06,25750.78,25799.97,25540.98,25712.97,25695.92,237047.6,16455507.072602,0.0006635294630432664,0.0006635294630432664,0.0006633094246983396,PASS,2026-07-16T20:25:16Z,D20260716.01
HSI,HK,index,2020-11-09,26157.77,26172.23,25950.41,26016.17,25712.97,235010.15,16845276.432723,0.011791714453833979,0.011791714453833979,0.011722733925223246,PASS,2026-07-16T20:25:16Z,D20260716.01
HSI,HK,index,2020-11-10,26474.04,26474.04,26041.87,26301.48,26016.17,384714.41,23380607.668802,0.010966641131265664,0.010966641131265664,0.010906943580273415,PASS,2026-07-16T20:25:16Z,D20260716.01
HSI,HK,index,2020-11-11,26226.8,26432.56,26168.63,26226.98,26301.48,412077.37,26745683.528727,-0.0028325402220711338,-0.0028325402220711338,-0.00283655945568077,PASS,2026-07-16T20:25:16Z,D20260716.01
HSI,HK,index,2020-11-12,26409.34,26460.94,26071.15,26169.38,26226.98,267902.05,16713532.188327,-0.002196211687353955,-0.002196211687353955,-0.0021986268970976487,PASS,2026-07-16T20:25:16Z,D20260716.01
HSI,HK,index,2020-11-13,26114.6,26156.86,25909.18,26156.86,26169.38,243510.5,15140749.625961,-0.00047842172798895355,-0.00047842172798895355,-0.0004785362081785224,PASS,2026-07-16T20:25:16Z,D20260716.01
HSI,HK,index,2020-11-16,26362.07,26394.4,26191.54,26381.67,26156.86,209023.65,14530213.910409,0.00859468605941216,0.00859468605941216,0.008557962016241904,PASS,2026-07-16T20:25:16Z,D20260716.01
HSI,HK,index,2020-11-17,26515.09,26530.54,26339.88,26415.09,26381.67,239456.56,14357003.581319,0.001266788645298167,0.001266788645298167,0.0012659869455469077,PASS,2026-07-16T20:25:16Z,D20260716.01
HSI,HK,index,2020-11-18,26434.24,26618.01,26344.86,26544.29,26415.09,229275.86,13377230.170489,0.004891143660687991,0.004891143660687991,0.004879220879086656,PASS,2026-07-16T20:25:16Z,D20260716.01
HSI,HK,index,2020-11-19,26460.61,26460.61,26311.64,26356.97,26544.29,241389.01,13193661.279373,-0.0070568849270408185,-0.0070568849270408185,-0.007081902506406534,PASS,2026-07-16T20:25:16Z,D20260716.01
HSI,HK,index,2020-11-20,26406.87,26564.25,26313.28,26451.54,26356.97,214935.44,13264042.157304,0.00358804521157019,0.00358804521157019,0.003581623533613101,PASS,2026-07-16T20:25:16Z,D20260716.01
HSI,HK,index,2020-11-23,26659.79,26662.66,26369.34,26486.2,26451.54,223515.55,15203796.521988,0.0013103206845423987,0.0013103206845423987,0.0013094629635721578,PASS,2026-07-16T20:25:16Z,D20260716.01
HSI,HK,index,2020-11-24,26630.34,26630.34,26409.77,26588.2,26486.2,201498.94,14324238.359223,0.0038510620625080705,0.0038510620625080705,0.0038436657061401295,PASS,2026-07-16T20:25:16Z,D20260716.01
HSI,HK,index,2020-11-25,26819.96,27040.41,26591.3,26669.75,26588.2,285997.44,17806144.817172,0.0030671500891372716,0.0030671500891372716,0.0030624559802110702,PASS,2026-07-16T20:25:16Z,D20260716.01
HSI,HK,index,2020-11-26,26695.25,26819.45,26612.0,26819.45,26669.75,197765.29,11363884.045077,0.005613100985198516,0.005613100985198516,0.005597406237276961,PASS,2026-07-16T20:25:16Z,D20260716.01
HSI,HK,index,2020-11-27,26758.49,27009.15,26704.6,26894.68,26819.45,273359.72,11271956.037088,0.0028050537949138032,0.0028050537949138032,0.002801126973101276,PASS,2026-07-16T20:25:16Z,D20260716.01
HSI,HK,index,2020-11-30,26853.39,26960.93,26322.68,26341.49,26894.68,574206.01,24068680.096888,-0.020568751886990255,-0.020568751886990255,-0.020783234859387538,PASS,2026-07-16T20:25:16Z,D20260716.01
HSI,HK,index,2020-12-01,26422.71,26662.18,26375.24,26567.68,26341.49,356423.89,15312589.612308,0.008586833926250925,0.008586833926250925,0.008550176764311449,PASS,2026-07-16T20:25:16Z,D20260716.01
HSI,HK,index,2020-12-02,26670.12,26670.12,26379.48,26532.58,26567.68,370408.74,18173888.789705,-0.0013211541241086033,-0.0013211541241086033,-0.0013220276176495857,PASS,2026-07-16T20:25:16Z,D20260716.01
HSI,HK,index,2020-12-03,26623.42,26781.99,26556.02,26728.5,26532.58,283041.39,13545003.025279,0.0073841292478906695,0.0073841292478906695,0.007357000034072687,PASS,2026-07-16T20:25:16Z,D20260716.01
HSI,HK,index,2020-12-04,26811.59,26835.92,26652.34,26835.92,26728.5,320535.02,17226472.437084,0.004018931103503709,0.004018931103503709,0.004010876772551925,PASS,2026-07-16T20:25:16Z,D20260716.01
HSI,HK,index,2020-12-07,26870.58,26870.58,26256.4,26506.85,26835.92,280602.12,13527424.507162,-0.012262296205980627,-0.012262296205980627,-0.012338098470710001,PASS,2026-07-16T20:25:16Z,D20260716.01
HSI,HK,index,2020-12-08,26460.35,26460.35,26270.91,26304.56,26506.85,254268.03,13541750.714268,-0.007631612205901361,-0.007631612205901361,-0.007660881970420552,PASS,2026-07-16T20:25:16Z,D20260716.01
HSI,HK,index,2020-12-09,26510.42,26666.94,26445.66,26502.84,26304.56,253771.62,13660955.559484,0.007537856554148847,0.007537856554148847,0.007509588876360058,PASS,2026-07-16T20:25:16Z,D20260716.01
HSI,HK,index,2020-12-10,26335.26,26434.47,26287.02,26410.59,26502.84,200056.89,11000082.048301,-0.0034807590431817914,-0.0034807590431817914,-0.0034868309789983913,PASS,2026-07-16T20:25:16Z,D20260716.01
HSI,HK,index,2020-12-11,26634.21,26704.01,26443.01,26505.87,26410.59,249742.04,13591420.459146,0.00360764375199496,0.00360764375199496,0.0036011518143215086,PASS,2026-07-16T20:25:16Z,D20260716.01
HSI,HK,index,2020-12-14,26522.1,26544.12,26318.11,26389.52,26505.87,221097.67,14330735.287911,-0.0043895937013196384,-0.0043895937013196384,-0.004399256254574037,PASS,2026-07-16T20:25:16Z,D20260716.01
HSI,HK,index,2020-12-15,26418.93,26436.04,26127.68,26207.29,26389.52,258714.44,14400708.043936,-0.0069053927468176735,-0.0069053927468176735,-0.00692934530287112,PASS,2026-07-16T20:25:16Z,D20260716.01
HSI,HK,index,2020-12-16,26421.21,26510.19,26318.74,26460.29,26207.29,204344.45,12903893.03641,0.00965380243436087,0.00965380243436087,0.009607502227180199,PASS,2026-07-16T20:25:16Z,D20260716.01
HSI,HK,index,2020-12-17,26608.44,26678.38,26390.59,26678.38,26460.29,226242.28,12896223.297886,0.0082421621229396,0.0082421621229396,0.008208380997449692,PASS,2026-07-16T20:25:16Z,D20260716.01
HSI,HK,index,2020-12-18,26650.49,26668.1,26363.05,26498.6,26678.38,308002.67,16647422.43395,-0.006738789986498572,-0.006738789986498572,-0.006761598155797515,PASS,2026-07-16T20:25:16Z,D20260716.01
HSI,HK,index,2020-12-21,26422.62,26498.65,26274.65,26306.68,26498.6,204497.73,14388421.217465,-0.007242646781339346,-0.007242646781339346,-0.00726900207938518,PASS,2026-07-16T20:25:16Z,D20260716.01
HSI,HK,index,2020-12-22,26260.78,26365.2,25998.87,26119.25,26306.68,174753.39,12372564.796947,-0.007124806322956756,-0.007124806322956756,-0.007150308961965077,PASS,2026-07-16T20:25:16Z,D20260716.01
HSI,HK,index,2020-12-23,26083.11,26343.1,26071.76,26343.1,26119.25,200946.18,12915392.400366,0.008570307340371563,0.008570307340371563,0.008533790747038294,PASS,2026-07-16T20:25:16Z,D20260716.01
HSI,HK,index,2020-12-24,26342.87,26470.4,26221.3,26386.56,26343.1,129780.3,9798610.080726,0.0016497678709037622,0.0016497678709037622,0.0016484084987834283,PASS,2026-07-16T20:25:16Z,D20260716.01
HSI,HK,index,2020-12-28,26288.37,26514.08,26264.32,26314.63,26386.56,266962.96,19073517.615369,-0.0027260089985204905,-0.0027260089985204905,-0.002729731327324006,PASS,2026-07-16T20:25:16Z,D20260716.01
HSI,HK,index,2020-12-29,26490.45,26618.78,26432.91,26568.49,26314.63,230470.73,13881956.367641,0.009647105051448612,0.009647105051448612,0.009600868859278015,PASS,2026-07-16T20:25:16Z,D20260716.01
HSI,HK,index,2020-12-30,26695.11,27159.47,26670.97,27147.11,26568.49,255280.29,15332085.218325,0.021778430012394434,0.021778430012394434,0.021544667897651398,PASS,2026-07-16T20:25:16Z,D20260716.01
HSI,HK,index,2020-12-31,27194.79,27340.99,27163.51,27231.13,27147.11,205470.53,10570064.213745,0.00309498874834202,0.00309498874834202,0.003090209130036405,PASS,2026-07-16T20:25:16Z,D20260716.01
HSI,HK,index,2021-01-04,27087.13,27502.83,27079.24,27472.81,27231.13,287044.33,18264093.177509,0.008875136654262983,0.008875136654262983,0.008835984114515548,PASS,2026-07-16T20:25:16Z,D20260716.01
HSI,HK,index,2021-01-05,27281.34,27690.21,27150.38,27649.86,27472.81,328249.01,21502939.790689,0.00644455372420949,0.00644455372420949,0.0064238763778239425,PASS,2026-07-16T20:25:16Z,D20260716.01
HSI,HK,index,2021-01-06,27613.34,27756.43,27389.78,27692.3,27649.86,307938.26,21812221.999846,0.0015349083141831255,0.0015349083141831255,0.0015337315464165075,PASS,2026-07-16T20:25:16Z,D20260716.01
HSI,HK,index,2021-01-07,27715.94,27752.36,27457.47,27548.52,27692.3,377514.28,21771901.251205,-0.0051920569977935704,-0.0051920569977935704,-0.005205582563044204,PASS,2026-07-16T20:25:16Z,D20260716.01
HSI,HK,index,2021-01-08,27630.03,27920.77,27538.2,27878.22,27548.52,566728.4,27029204.114809,0.011967975049113289,0.011967975049113289,0.011896925156167552,PASS,2026-07-16T20:25:16Z,D20260716.01
HSI,HK,index,2021-01-11,28003.98,28176.65,27794.81,27908.22,27878.22,436609.46,25414680.106058,0.001076108876391757,0.001076108876391757,0.0010755302862815997,PASS,2026-07-16T20:25:16Z,D20260716.01
HSI,HK,index,2021-01-12,27894.29,28276.75,27781.42,28276.75,27908.22,339960.62,19906157.033339,0.01320507004746263,0.01320507004746263,0.01311864312759533,PASS,2026-07-16T20:25:16Z,D20260716.01
HSI,HK,index,2021-01-13,28309.32,28414.54,28136.64,28235.6,28276.75,355936.66,20213486.691983,-0.001455259179361179,-0.001455259179361179,-0.0014563190974292027,PASS,2026-07-16T20:25:16Z,D20260716.01
HSI,HK,index,2021-01-14,28408.12,28510.92,28280.09,28496.86,28235.6,320559.26,20771640.906013,0.00925285809403742,0.00925285809403742,0.009210312645875256,PASS,2026-07-16T20:25:16Z,D20260716.01
HSI,HK,index,2021-01-15,28394.37,28667.59,28294.66,28573.86,28496.86,448537.18,25398299.074755,0.0027020520857385932,0.0027020520857385932,0.002698408105674929,PASS,2026-07-16T20:25:16Z,D20260716.01
HSI,HK,index,2021-01-18,28454.59,28864.25,28390.29,28862.77,28573.86,295644.4,22439742.357447,0.01011098955478884,0.01011098955478884,0.010060215463938881,PASS,2026-07-16T20:25:16Z,D20260716.01
HSI,HK,index,2021-01-19,29100.17,29848.43,29100.17,29642.28,28862.77,456824.53,30157994.569851,0.027007456318295153,0.027007456318295153,0.02664919121051832,PASS,2026-07-16T20:25:16Z,D20260716.01
HSI,HK,index,2021-01-20,29794.41,29993.47,29676.54,29962.47,29642.28,393783.42,30027588.360593,0.010801800671203399,0.010801800671203399,0.01074387796205596,PASS,2026-07-16T20:25:16Z,D20260716.01
HSI,HK,index,2021-01-21,29951.78,30135.5,29745.87,29927.76,29962.47,300488.89,26490509.074021,-0.0011584492199743224,-0.0011584492199743224,-0.0011591207409373393,PASS,2026-07-16T20:25:16Z,D20260716.01
HSI,HK,index,2021-01-22,29809.23,29862.89,29413.52,29447.85,29927.76,338173.86,24418911.551308,-0.016035613757929057,-0.016035613757929057,-0.01616557542828423,PASS,2026-07-16T20:25:16Z,D20260716.01
HSI,HK,index,2021-01-25,29677.3,30191.16,29673.26,30159.01,29447.85,306651.53,28690932.554062,0.024149810597378085,0.024149810597378085,0.023862815328102836,PASS,2026-07-16T20:25:16Z,D20260716.01
HSI,HK,index,2021-01-26,29892.85,29965.11,29345.74,29391.26,30159.01,481072.36,27892653.475737,-0.025456737472483337,-0.025456737472483337,-0.025786366430381985,PASS,2026-07-16T20:25:16Z,D20260716.01
HSI,HK,index,2021-01-27,29556.58,29636.63,29194.37,29297.53,29391.26,380897.18,25512499.009552,-0.0031890432734085206,-0.0031890432734085206,-0.0031941391086852174,PASS,2026-07-16T20:25:16Z,D20260716.01
HSI,HK,index,2021-01-28,28914.85,29191.68,28467.01,28550.77,29297.53,299347.01,26988067.688918,-0.02548883813754943,-0.02548883813754943,-0.02581930616225124,PASS,2026-07-16T20:25:16Z,D20260716.01
HSI,HK,index,2021-01-29,28826.18,28972.06,28259.73,28283.71,28550.77,319675.76,24018362.819727,-0.009353863310866961,-0.009353863310866961,-0.009397885423224813,PASS,2026-07-16T20:25:16Z,D20260716.01
HSI,HK,index,2021-02-01,28457.85,28982.77,28382.26,28892.86,28283.71,246427.64,20121896.643718,0.021537132151333793,0.021537132151333793,0.021308485228023213,PASS,2026-07-16T20:25:16Z,D20260716.01
HSI,HK,index,2021-02-02,29378.12,29511.0,29198.86,29248.7,28892.86,273919.46,21575260.458227,0.012315845506467582,0.012315845506467582,0.012240622474939037,PASS,2026-07-16T20:25:16Z,D20260716.01
HSI,HK,index,2021-02-03,29305.41,29312.0,28967.01,29307.46,29248.7,268135.55,21195396.998611,0.0020089781768077852,0.0020089781768077852,0.002006962878825394,PASS,2026-07-16T20:25:16Z,D20260716.01
HSI,HK,index,2021-02-04,29093.54,29409.0,28775.38,29113.5,29307.46,303224.62,23978474.592281,-0.006618110201293437,-0.006618110201293437,-0.006640106997808462,PASS,2026-07-16T20:25:16Z,D20260716.01
HSI,HK,index,2021-02-05,29305.09,29495.64,29184.09,29288.68,29113.5,267526.65,23937488.432808,0.0060171398148625155,0.0060171398148625155,0.005999109121735943,PASS,2026-07-16T20:25:16Z,D20260716.01
HSI,HK,index,2021-02-08,29629.08,29706.08,29293.64,29319.47,29288.68,219673.41,18580176.116639,0.0010512593944145276,0.0010512593944145276,0.001050707208217423,PASS,2026-07-16T20:25:16Z,D20260716.01
HSI,HK,index,2021-02-09,29442.5,29527.67,29263.98,29476.19,29319.47,185104.34,14993795.295248,0.005345253512426984,0.005345253512426984,0.005331018349376247,PASS,2026-07-16T20:25:16Z,D20260716.01
HSI,HK,index,2021-02-10,29796.19,30075.5,29732.23,30038.72,29476.19,199828.49,17598213.712773,0.019084216786497965,0.019084216786497965,0.01890439732849576,PASS,2026-07-16T20:25:16Z,D20260716.01
HSI,HK,index,2021-02-11,29995.28,30184.17,29828.62,30173.57,30038.72,119211.12,9208716.317416,0.004489205931544227,0.004489205931544227,0.004479159502368062,PASS,2026-07-16T20:25:16Z,D20260716.01
HSI,HK,index,2021-02-16,30675.82,30793.48,30497.4,30746.66,30173.57,326967.62,21978221.200579,0.018993112183941063,0.018993112183941063,0.018814994830050225,PASS,2026-07-16T20:25:16Z,D20260716.01
HSI,HK,index,2021-02-17,30636.37,31168.3,30503.46,31084.94,30746.66,314403.29,20798885.881314,0.011002170642274711,0.011002170642274711,0.010942087061029223,PASS,2026-07-16T20:25:16Z,D20260716.01
HSI,HK,index,2021-02-18,31183.36,31183.36,30570.55,30595.27,31084.94,368758.1,28268097.961835,-0.015752644206487032,-0.015752644206487032,-0.015878035681062715,PASS,2026-07-16T20:25:16Z,D20260716.01
HSI,HK,index,2021-02-19,30483.46,30720.15,30099.71,30644.73,30595.27,331719.17,25328004.925828,0.0016165897539064389,0.0016165897539064389,0.0016152844792299878,PASS,2026-07-16T20:25:16Z,D20260716.01
HSI,HK,index,2021-02-22,31071.61,31071.61,30298.58,30319.83,30644.73,444991.01,30258813.394204,-0.010602149211299872,-0.010602149211299872,-0.010658752427900344,PASS,2026-07-16T20:25:16Z,D20260716.01
HSI,HK,index,2021-02-23,30189.97,30948.47,30126.4,30632.64,30319.83,460571.03,26746583.030781,0.01031701035263044,0.01031701035263044,0.010264153242038457,PASS,2026-07-16T20:25:16Z,D20260716.01
HSI,HK,index,2021-02-24,30702.65,30792.88,29532.68,29718.24,30632.64,484633.53,35300537.403815,-0.02985051239462211,-0.02985051239462211,-0.030305108425199255,PASS,2026-07-16T20:25:16Z,D20260716.01
HSI,HK,index,2021-02-25,30174.22,30453.12,29833.05,30074.17,29718.24,366389.23,25680156.684183,0.011976819623234602,0.011976819623234602,0.011905665092300842,PASS,2026-07-16T20:25:16Z,D20260716.01
HSI,HK,index,2021-02-26,29412.13,29579.67,28980.21,28980.21,30074.17,412639.32,32023912.67768,-0.0363754012163926,-0.0363754012163926,-0.037053480564341226,PASS,2026-07-16T20:25:16Z,D20260716.01
HSI,HK,index,2021-03-01,29457.89,29550.75,29195.97,29452.57,28980.21,262906.21,20922104.804205,0.016299398796627118,0.016299398796627118,0.016167989600479007,PASS,2026-07-16T20:25:16Z,D20260716.01
HSI,HK,index,2021-03-02,29708.39,29765.96,28957.31,29095.86,29452.57,289584.96,23272499.562583,-0.012111336973309905,-0.012111336973309905,-0.012185276828419965,PASS,2026-07-16T20:25:16Z,D20260716.01
HSI,HK,index,2021-03-03,29249.43,29912.0,29183.59,29880.42,29095.86,322861.8,18502270.568298,0.026964660951764197,0.026964660951764197,0.026607520375576288,PASS,2026-07-16T20:25:16Z,D20260716.01
HSI,HK,index,2021-03-04,29525.48,29597.16,29102.1,29236.79,29880.42,295790.9,22435412.239122,-0.021540192540800862,-0.021540192540800862,-0.021775568657289922,PASS,2026-07-16T20:25:16Z,D20260716.01
HSI,HK,index,2021-03-05,28667.14,29397.27,28513.13,29098.29,29236.79,399671.33,24043561.192081,-0.00473718215987462,-0.00473718215987462,-0.004748438169195516,PASS,2026-07-16T20:25:16Z,D20260716.01
HSI,HK,index,2021-03-08,29362.59,29386.33,28422.27,28540.83,29098.29,490690.61,27678002.78934,-0.01915782680013156,-0.01915782680013156,-0.01934371594823615,PASS,2026-07-16T20:25:16Z,D20260716.01
HSI,HK,index,2021-03-09,28665.26,29047.13,28326.13,28773.23,28540.83,437794.44,27595855.819345,0.008142720446462137,0.008142720446462137,0.008109747371084304,PASS,2026-07-16T20:25:16Z,D20260716.01
HSI,HK,index,2021-03-10,29255.37,29255.37,28710.91,28907.52,28773.23,284278.52,19047876.937699,0.004667185435907051,0.004667185435907051,0.004656327895623138,PASS,2026-07-16T20:25:16Z,D20260716.01
HSI,HK,index,2021-03-11,28909.98,29412.42,28893.21,29385.61,28907.52,360426.36,21526578.515073,0.016538603103967375,0.016538603103967375,0.01640332985702738,PASS,2026-07-16T20:25:16Z,D20260716.01
HSI,HK,index,2021-03-12,29550.37,29550.37,28707.35,28739.72,29385.61,355723.78,22547588.378454,-0.021979805762071924,-0.021979805762071924,-0.02222496065545823,PASS,2026-07-16T20:25:16Z,D20260716.01
HSI,HK,index,2021-03-15,28923.95,29178.99,28612.74,28833.76,28739.72,309671.96,19368271.928246,0.003272126520369678,0.003272126520369678,0.0032667847638173458,PASS,2026-07-16T20:25:16Z,D20260716.01
HSI,HK,index,2021-03-16,29036.82,29118.62,28872.4,29027.69,28833.76,235160.56,15458522.995936,0.006725796427521136,0.006725796427521136,0.006703279166683883,PASS,2026-07-16T20:25:16Z,D20260716.01
HSI,HK,index,2021-03-17,28992.24,29180.01,28780.23,29034.12,29027.69,190132.92,14870053.917328,0.0002215126315596727,0.0002215126315596727,0.00022148810125914987,PASS,2026-07-16T20:25:16Z,D20260716.01
HSI,HK,index,2021-03-18,29317.61,29596.58,29317.61,29405.72,29034.12,211374.52,17456889.69593,0.0127987347300349,0.0127987347300349,0.01271752312780289,PASS,2026-07-16T20:25:16Z,D20260716.01
HSI,HK,index,2021-03-19,29158.48,29271.4,28737.54,28990.94,29405.72,381444.08,20616229.917439,-0.01410541894570183,-0.01410541894570183,-0.014205845861831485,PASS,2026-07-16T20:25:16Z,D20260716.01
HSI,HK,index,2021-03-22,28801.09,29139.07,28801.09,28885.34,28990.94,206583.06,13423764.921166,-0.003642517282985591,-0.003642517282985591,-0.003649167402759553,PASS,2026-07-16T20:25:16Z,D20260716.01
HSI,HK,index,2021-03-23,29008.02,29043.18,28376.22,28497.38,28885.34,204956.03,16658442.670014,-0.013431034566323219,-0.013431034566323219,-0.01352204675501724,PASS,2026-07-16T20:25:16Z,D20260716.01
HSI,HK,index,2021-03-24,28437.49,28457.87,27827.05,27918.14,28497.38,268914.24,19017136.197563,-0.020326079099201477,-0.020326079099201477,-0.020535496460379492,PASS,2026-07-16T20:25:16Z,D20260716.01
HSI,HK,index,2021-03-25,27628.08,28032.01,27505.08,27899.61,27918.14,259500.76,20047888.150288,-0.0006637261651384341,-0.0006637261651384341,-0.0006639465288624201,PASS,2026-07-16T20:25:16Z,D20260716.01
HSI,HK,index,2021-03-26,28043.65,28415.15,28014.29,28336.43,27899.61,241538.41,18390434.17373,0.015656849683561846,0.015656849683561846,0.01553554573269063,PASS,2026-07-16T20:25:16Z,D20260716.01
HSI,HK,index,2021-03-29,28317.32,28484.66,28132.36,28338.3,28336.43,284774.41,19033139.258982,6.599278737651204e-05,6.599278737651204e-05,6.599060994831502e-05,PASS,2026-07-16T20:25:16Z,D20260716.01
HSI,HK,index,2021-03-30,28552.77,28694.15,28371.23,28577.5,28338.3,226983.98,16927611.051824,0.008440873305738172,0.008440873305738172,0.008405448340161206,PASS,2026-07-16T20:25:16Z,D20260716.01
HSI,HK,index,2021-03-31,28802.53,28802.53,28332.78,28378.35,28577.5,270375.54,16403866.236305,-0.006968769136558528,-0.006968769136558528,-0.006993164410951867,PASS,2026-07-16T20:25:16Z,D20260716.01
HSI,HK,index,2021-04-01,28594.55,28938.74,28511.65,28938.74,28378.35,223297.21,17825281.892847,0.01974709593757229,0.01974709593757229,0.01955465139345396,PASS,2026-07-16T20:25:16Z,D20260716.01
HSI,HK,index,2021-04-07,29101.4,29101.4,28598.86,28674.8,28938.74,222360.63,17100537.151255,-0.009120645888521794,-0.009120645888521794,-0.009162493625839652,PASS,2026-07-16T20:25:16Z,D20260716.01
HSI,HK,index,2021-04-08,28604.12,29054.82,28587.11,29008.07,28674.8,252232.93,28112680.234904,0.011622400156234836,0.011622400156234836,0.01155537886253807,PASS,2026-07-16T20:25:16Z,D20260716.01
HSI,HK,index,2021-04-09,29152.44,29152.44,28604.55,28698.8,29008.07,189726.58,14171378.392286,-0.010661515916088216,-0.010661515916088216,-0.010718757092250918,PASS,2026-07-16T20:25:16Z,D20260716.01
HSI,HK,index,2021-04-12,28791.97,28791.97,28274.27,28453.28,28698.8,199232.52,16070384.498162,-0.00855506153567398,-0.00855506153567398,-0.008591866135359946,PASS,2026-07-16T20:25:16Z,D20260716.01
HSI,HK,index,2021-04-13,28557.84,28877.15,28452.12,28497.25,28453.28,206211.73,14283552.256362,0.001545340291172037,0.001545340291172037,0.0015441474815706476,PASS,2026-07-16T20:25:16Z,D20260716.01
HSI,HK,index,2021-04-14,28796.55,28979.35,28685.06,28900.83,28497.25,194150.16,13810542.793248,0.01416206826974542,0.01416206826974542,0.01406272303820997,PASS,2026-07-16T20:25:16Z,D20260716.01
HSI,HK,index,2021-04-15,28872.82,28884.57,28530.99,28793.14,28900.83,190186.3,12450990.451421,-0.003726190562693299,-0.003726190562693299,-0.003733150104513097,PASS,2026-07-16T20:25:16Z,D20260716.01
HSI,HK,index,2021-04-16,28827.17,29079.18,28711.11,28969.71,28793.14,219240.98,14317257.60545,0.006132363472688196,0.006132363472688196,0.00611363705096125,PASS,2026-07-16T20:25:16Z,D20260716.01
HSI,HK,index,2021-04-19,28960.13,29319.76,28806.76,29106.15,28969.71,202012.83,15016309.917596,0.0047097468355741245,0.0047097468355741245,0.004698690678822132,PASS,2026-07-16T20:25:16Z,D20260716.01
HSI,HK,index,2021-04-20,28962.8,29220.19,28885.55,29135.73,29106.15,201421.05,19571129.905735,0.001016280064522368,0.001016280064522368,0.0010157640015510064,PASS,2026-07-16T20:25:16Z,D20260716.01
HSI,HK,index,2021-04-21,28702.27,28778.36,28506.76,28621.92,29135.73,220203.15,15435419.977988,-0.01763504810073413,-0.01763504810073413,-0.017792398223966884,PASS,2026-07-16T20:25:16Z,D20260716.01
HSI,HK,index,2021-04-22,28716.98,28848.02,28597.0,28755.34,28621.92,193489.13,15452225.719144,0.004661462263887417,0.004661462263887417,0.004650631294396454,PASS,2026-07-16T20:25:16Z,D20260716.01
HSI,HK,index,2021-04-23,28798.45,29078.75,28748.57,29078.75,28755.34,190100.2,14298766.37653,0.011246954478715931,0.011246954478715931,0.011184177745699042,PASS,2026-07-16T20:25:16Z,D20260716.01
HSI,HK,index,2021-04-26,29106.45,29238.99,28908.65,28952.83,29078.75,178635.36,14748281.442495,-0.004330309934230225,-0.004330309934230225,-0.0043397128812282535,PASS,2026-07-16T20:25:16Z,D20260716.01
HSI,HK,index,2021-04-27,28895.38,29045.11,28793.22,28941.54,28952.83,183487.28,14544680.672842,-0.00038994460990515734,-0.00038994460990515734,-0.00039002065807491285,PASS,2026-07-16T20:25:16Z,D20260716.01
HSI,HK,index,2021-04-28,28991.94,29071.34,28887.33,29071.34,28941.54,207407.43,13627061.224205,0.004484903014836172,0.004484903014836172,0.004474875806835204,PASS,2026-07-16T20:25:16Z,D20260716.01
HSI,HK,index,2021-04-29,29268.21,29405.12,29162.87,29303.26,29071.34,183813.58,11974629.188646,0.00797761644286088,0.00797761644286088,0.00794596349276177,PASS,2026-07-16T20:25:16Z,D20260716.01
HSI,HK,index,2021-04-30,29143.43,29154.75,28701.69,28724.88,29303.26,257758.43,12583370.639088,-0.019737735664905443,-0.019737735664905443,-0.019935126452008733,PASS,2026-07-16T20:25:16Z,D20260716.01
HSI,HK,index,2021-05-03,28659.91,28684.83,28256.03,28357.54,28724.88,172598.55,9584618.779684,-0.012788217043900652,-0.012788217043900652,-0.012870690168755989,PASS,2026-07-16T20:25:16Z,D20260716.01
HSI,HK,index,2021-05-04,28438.15,28577.52,28321.34,28557.14,28357.54,192112.48,9079953.283797,0.007038692354837561,0.007038692354837561,0.007014036389365521,PASS,2026-07-16T20:25:16Z,D20260716.01
HSI,HK,index,2021-05-05,28427.67,28677.36,28325.96,28417.98,28557.14,172083.77,10119825.016104,-0.004873037005806546,-0.004873037005806546,-0.004884948964669911,PASS,2026-07-16T20:25:16Z,D20260716.01
HSI,HK,index,2021-05-06,28647.97,28753.97,28384.12,28637.46,28417.98,247881.9,16106048.668911,0.007723279416763651,0.007723279416763651,0.00769360757232793,PASS,2026-07-16T20:25:16Z,D20260716.01
HSI,HK,index,2021-05-07,28721.13,28884.03,28530.71,28610.65,28637.46,220533.71,15349651.6344,-0.0009361863796578662,-0.0009361863796578662,-0.0009366248758240485,PASS,2026-07-16T20:25:16Z,D20260716.01
HSI,HK,index,2021-05-10,28776.99,28842.11,28453.14,28595.66,28610.65,235882.21,16351156.060882,-0.0005239307740300125,-0.0005239307740300125,-0.0005240680737171157,PASS,2026-07-16T20:25:16Z,D20260716.01
HSI,HK,index,2021-05-11,28286.56,28286.56,27910.71,28013.81,28595.66,238335.52,18874877.431896,-0.020347493290939878,-0.020347493290939878,-0.02055735518839693,PASS,2026-07-16T20:25:16Z,D20260716.01
HSI,HK,index,2021-05-12,28073.92,28231.04,27897.47,28231.04,28013.81,213231.53,16090925.830683,0.007754389709932363,0.007754389709932363,0.007724478956960698,PASS,2026-07-16T20:25:16Z,D20260716.01
HSI,HK,index,2021-05-13,27920.01,28060.93,27718.67,27718.67,28231.04,216738.15,16357888.395181,-0.01814917197524435,-0.01814917197524435,-0.01831588845503617,PASS,2026-07-16T20:25:16Z,D20260716.01
HSI,HK,index,2021-05-14,27872.69,28064.01,27715.88,28027.57,27718.67,188080.52,15087108.725018,0.011144113335885164,0.011144113335885164,0.01108247521688938,PASS,2026-07-16T20:25:16Z,D20260716.01
HSI,HK,index,2021-05-17,28130.51,28268.39,28074.14,28194.09,28027.57,185702.79,14563261.713399,0.0059412928056197245,0.0059412928056197245,0.005923712922640584,PASS,2026-07-16T20:25:16Z,D20260716.01
HSI,HK,index,2021-05-18,28438.03,28617.34,28438.03,28593.81,28194.09,206599.0,13053473.676098,0.014177439314409623,0.014177439314409623,0.014077879322063856,PASS,2026-07-16T20:25:16Z,D20260716.01
HSI,HK,index,2021-05-20,28413.49,28508.24,28293.23,28450.29,28593.81,246583.54,16879347.814229,-0.005019268156289836,-0.005019268156289836,-0.0050319069922437655,PASS,2026-07-16T20:25:16Z,D20260716.01
HSI,HK,index,2021-05-21,28584.34,28584.34,28286.92,28458.44,28450.29,165324.19,15190155.439558,0.0002864645667934873,0.0002864645667934873,0.00028642354365373683,PASS,2026-07-16T20:25:16Z,D20260716.01
HSI,HK,index,2021-05-24,28417.99,28444.36,28195.52,28412.26,28458.44,171964.06,12088477.863921,-0.0016227171974290133,-0.0016227171974290133,-0.0016240352290351132,PASS,2026-07-16T20:25:16Z,D20260716.01
HSI,HK,index,2021-05-25,28461.5,28929.24,28461.5,28910.86,28412.26,235207.79,16787007.766803,0.017548762400456885,0.017548762400456885,0.017396560921400257,PASS,2026-07-16T20:25:16Z,D20260716.01
HSI,HK,index,2021-05-26,29056.28,29261.86,29027.95,29166.01,28910.86,251853.84,16429633.847221,0.00882540332594739,0.00882540332594739,0.008786687078270364,PASS,2026-07-16T20:25:16Z,D20260716.01
HSI,HK,index,2021-05-27,28998.39,29157.95,28950.72,29113.2,29166.01,380495.5,25050185.289392,-0.0018106693373552973,-0.0018106693373552973,-0.0018123105805449545,PASS,2026-07-16T20:25:16Z,D20260716.01
HSI,HK,index,2021-05-28,29219.46,29336.13,29033.72,29124.41,29113.2,259155.95,17274286.723753,0.0003850487064287478,0.0003850487064287478,0.00038497459419952157,PASS,2026-07-16T20:25:16Z,D20260716.01
HSI,HK,index,2021-05-31,29225.46,29225.46,28909.52,29151.8,29124.41,218858.08,15223526.385227,0.0009404482356896171,0.0009404482356896171,0.0009400062913097817,PASS,2026-07-16T20:25:16Z,D20260716.01
HSI,HK,index,2021-06-01,29159.06,29480.16,29036.45,29468.0,29151.8,183203.67,15699380.522125,0.010846671560589716,0.010846671560589716,0.010788268359308505,PASS,2026-07-16T20:25:16Z,D20260716.01
HSI,HK,index,2021-06-02,29414.64,29490.61,29208.73,29297.62,29468.0,193316.04,15023057.045874,-0.005781865073978598,-0.005781865073978598,-0.005798644765714553,PASS,2026-07-16T20:25:16Z,D20260716.01
HSI,HK,index,2021-06-03,29365.32,29377.9,28902.67,28966.03,29297.62,224175.25,13893165.164099,-0.011317984191207331,-0.011317984191207331,-0.011382519979700285,PASS,2026-07-16T20:25:16Z,D20260716.01
HSI,HK,index,2021-06-04,28837.95,29023.18,28737.97,28918.1,28966.03,305457.98,19299612.420618,-0.0016546968984013644,-0.0016546968984013644,-0.00165606742138957,PASS,2026-07-16T20:25:16Z,D20260716.01
HSI,HK,index,2021-06-07,28985.6,29003.99,28615.61,28787.28,28918.1,257317.43,14447296.306083,-0.004523810347152768,-0.004523810347152768,-0.00453407374197948,PASS,2026-07-16T20:25:16Z,D20260716.01
HSI,HK,index,2021-06-08,28900.52,28979.2,28638.31,28781.38,28787.28,162686.3,12264160.476332,-0.0002049516314148736,-0.0002049516314148736,-0.0002049726368706007,PASS,2026-07-16T20:25:16Z,D20260716.01
HSI,HK,index,2021-06-09,28771.14,28859.58,28687.69,28742.63,28781.38,180702.88,11637693.494865,-0.0013463565680311707,-0.0013463565680311707,-0.001347263720360395,PASS,2026-07-16T20:25:16Z,D20260716.01
HSI,HK,index,2021-06-10,28792.02,28954.4,28664.94,28738.88,28742.63,194010.46,13403736.727415,-0.00013046822785522938,-0.00013046822785522938,-0.0001304767395748166,PASS,2026-07-16T20:25:16Z,D20260716.01
HSI,HK,index,2021-06-11,28864.9,28965.15,28743.82,28842.13,28738.88,203861.91,13086750.204354,0.0035926939393602364,0.0035926939393602364,0.0035862556304635533,PASS,2026-07-16T20:25:16Z,D20260716.01
HSI,HK,index,2021-06-15,28946.44,28946.44,28453.48,28638.53,28842.13,237645.98,14369431.519979,-0.007059118033238221,-0.007059118033238221,-0.0070841514859045635,PASS,2026-07-16T20:25:16Z,D20260716.01
HSI,HK,index,2021-06-16,28609.37,28648.64,28403.64,28436.84,28638.53,205381.88,13835108.90968,-0.00704261007810103,-0.00704261007810103,-0.0070675263089040605,PASS,2026-07-16T20:25:16Z,D20260716.01
HSI,HK,index,2021-06-17,28240.88,28558.59,28216.09,28558.59,28436.84,188802.2,14025807.292161,0.004281418047856311,0.004281418047856311,0.004272278854126216,PASS,2026-07-16T20:25:16Z,D20260716.01
HSI,HK,index,2021-06-18,28586.04,28830.85,28532.08,28801.27,28558.59,376137.52,20550297.571565,0.00849761840483021,0.00849761840483021,0.008461716887110185,PASS,2026-07-16T20:25:16Z,D20260716.01
HSI,HK,index,2021-06-21,28501.64,28590.22,28314.93,28489.0,28801.27,218267.3,15730215.442468,-0.01084223022109787,-0.01084223022109787,-0.010901435533172285,PASS,2026-07-16T20:25:16Z,D20260716.01
HSI,HK,index,2021-06-22,28575.16,28579.0,28299.66,28309.76,28489.0,198008.04,14137626.25662,-0.006291551124995687,-0.006291551124995687,-0.006311426340586217,PASS,2026-07-16T20:25:16Z,D20260716.01
HSI,HK,index,2021-06-23,28468.24,28893.79,28406.61,28817.07,28309.76,229338.72,15656145.776152,0.017919968237102735,0.017919968237102735,0.017761298374915264,PASS,2026-07-16T20:25:16Z,D20260716.01
HSI,HK,index,2021-06-24,28865.46,28993.37,28782.34,28882.46,28817.07,172321.65,13395616.336489,0.0022691411722288723,0.0022691411722288723,0.002266570559386962,PASS,2026-07-16T20:25:16Z,D20260716.01
HSI,HK,index,2021-06-25,29002.67,29305.17,28971.6,29288.22,28882.46,214943.43,15704874.51443,0.014048664829796387,0.014048664829796387,0.01395089694616094,PASS,2026-07-16T20:25:16Z,D20260716.01
HSI,HK,index,2021-06-28,29366.49,29394.69,29209.43,29268.3,29288.22,151261.11,10159657.226869,-0.0006801369287721126,-0.0006801369287721126,-0.0006803683268205733,PASS,2026-07-16T20:25:16Z,D20260716.01
HSI,HK,index,2021-06-29,29291.89,29291.89,28924.61,28994.1,29268.3,235650.71,14612642.030637,-0.009368497657875619,-0.009368497657875619,-0.009412658059548593,PASS,2026-07-16T20:25:16Z,D20260716.01
HSI,HK,index,2021-06-30,29107.9,29146.28,28827.7,28827.95,28994.1,205150.37,14029980.271377,-0.005730476200330292,-0.005730476200330292,-0.005746958376378167,PASS,2026-07-16T20:25:16Z,D20260716.01
HSI,HK,index,2021-07-02,28859.02,28859.02,28231.73,28310.42,28827.95,281617.27,17588830.43625,-0.017952369141753133,-0.017952369141753133,-0.018115467874980393,PASS,2026-07-16T20:25:16Z,D20260716.01
HSI,HK,index,2021-07-05,28098.91,28338.79,28042.71,28143.5,28310.42,182721.26,16539358.460261,-0.005896062297910065,-0.005896062297910065,-0.005913512699465436,PASS,2026-07-16T20:25:16Z,D20260716.01
HSI,HK,index,2021-07-06,28136.63,28151.35,27904.53,28072.86,28143.5,190417.62,14485764.885753,-0.00250999342654612,-0.00250999342654612,-0.0025131487410317032,PASS,2026-07-16T20:25:16Z,D20260716.01
HSI,HK,index,2021-07-07,27777.81,27969.41,27703.41,27960.62,28072.86,204070.23,15655969.025657,-0.003998167625243743,-0.003998167625243743,-0.004006181665540105,PASS,2026-07-16T20:25:16Z,D20260716.01
HSI,HK,index,2021-07-08,27881.5,27921.06,27110.62,27153.13,27960.62,294860.57,20525859.415471,-0.028879545589475364,-0.028879545589475364,-0.029304766468523518,PASS,2026-07-16T20:25:16Z,D20260716.01
HSI,HK,index,2021-07-09,27131.57,27450.79,26861.87,27344.54,27153.13,249997.69,18679360.222135,0.007049279401674768,0.007049279401674768,0.007024549382825356,PASS,2026-07-16T20:25:16Z,D20260716.01
HSI,HK,index,2021-07-12,27672.7,27741.19,27420.35,27515.24,27344.54,205416.47,15461600.883433,0.006242562500594184,0.006242562500594184,0.006223158419562921,PASS,2026-07-16T20:25:16Z,D20260716.01
HSI,HK,index,2021-07-13,27694.03,28052.32,27612.69,27963.41,27515.24,199558.84,15570004.358533,0.016288064359969212,0.016288064359969212,0.016156836883202654,PASS,2026-07-16T20:25:16Z,D20260716.01
HSI,HK,index,2021-07-14,27965.39,27965.39,27708.71,27787.46,27963.41,186566.37,14363304.559591,-0.006292151064551832,-0.006292151064551832,-0.006312030078773135,PASS,2026-07-16T20:25:16Z,D20260716.01
HSI,HK,index,2021-07-15,27801.4,28181.21,27741.09,27996.27,27787.46,208149.32,15109066.652925,0.007514540731682562,0.007514540731682562,0.007486447222576036,PASS,2026-07-16T20:25:16Z,D20260716.01
HSI,HK,index,2021-07-16,27972.56,28218.53,27878.53,28004.68,27996.27,196881.91,15369887.424024,0.0003003971600501476,0.0003003971600501476,0.000300352049857021,PASS,2026-07-16T20:25:16Z,D20260716.01
HSI,HK,index,2021-07-19,27786.54,27786.54,27397.29,27489.78,28004.68,187417.62,14289051.270845,-0.01838621259018136,-0.01838621259018136,-0.018557339830553975,PASS,2026-07-16T20:25:16Z,D20260716.01
HSI,HK,index,2021-07-20,27395.83,27532.86,27121.49,27259.25,27489.78,226338.08,13953477.724248,-0.008386025642984407,-0.008386025642984407,-0.008421386184405308,PASS,2026-07-16T20:25:16Z,D20260716.01
HSI,HK,index,2021-07-21,27339.22,27371.5,26971.03,27224.58,27259.25,167253.3,15685696.39612,-0.0012718618450616725,-0.0012718618450616725,-0.0012726713477946923,PASS,2026-07-16T20:25:16Z,D20260716.01
HSI,HK,index,2021-07-22,27464.28,27759.71,27455.43,27723.84,27224.58,180719.97,13715256.311073,0.018338574920164108,0.018338574920164108,0.018172451163312474,PASS,2026-07-16T20:25:16Z,D20260716.01
HSI,HK,index,2021-07-23,27740.95,27740.95,27222.04,27321.98,27723.84,118274.52,13957511.530102,-0.014495106017059722,-0.014495106017059722,-0.014601186411900379,PASS,2026-07-16T20:25:16Z,D20260716.01
HSI,HK,index,2021-07-26,26825.73,26878.75,26177.4,26192.32,27321.98,269521.57,26824583.547453,-0.04134619818915031,-0.04134619818915031,-0.04222526842906386,PASS,2026-07-16T20:25:16Z,D20260716.01
HSI,HK,index,2021-07-27,26011.51,26323.61,24748.84,25086.43,26192.32,465738.38,36067043.17227,-0.04222191848602952,-0.04222191848602952,-0.04313917553471268,PASS,2026-07-16T20:25:16Z,D20260716.01
HSI,HK,index,2021-07-28,25356.74,25520.75,24848.43,25473.88,25086.43,339183.77,28130575.020949,0.015444604911898585,0.015444604911898585,0.015326550980650453,PASS,2026-07-16T20:25:16Z,D20260716.01
HSI,HK,index,2021-07-29,26221.36,26335.36,25857.42,26315.32,25473.88,327215.44,25412155.2298,0.03303148165885994,0.03303148165885994,0.03249766562554885,PASS,2026-07-16T20:25:16Z,D20260716.01
HSI,HK,index,2021-07-30,26042.84,26151.0,25636.89,25961.03,26315.32,242505.88,18963500.394264,-0.013463260184561676,-0.013463260184561676,-0.013554711622546223,PASS,2026-07-16T20:25:16Z,D20260716.01
HSI,HK,index,2021-08-02,26054.81,26300.55,25743.09,26235.8,25961.03,176864.03,16694771.007509,0.010583940621770482,0.010583940621770482,0.010528322815083254,PASS,2026-07-16T20:25:16Z,D20260716.01
HSI,HK,index,2021-08-03,26289.06,26289.06,25774.62,26194.82,26235.8,201003.39,20370266.508207,-0.0015619878181720726,-0.0015619878181720726,-0.0015632089929498779,PASS,2026-07-16T20:25:16Z,D20260716.01
HSI,HK,index,2021-08-04,26161.83,26650.82,26009.83,26426.55,26194.82,177652.74,16845134.216317,0.008846405510707811,0.008846405510707811,0.008807505315080929,PASS,2026-07-16T20:25:16Z,D20260716.01
HSI,HK,index,2021-08-05,26390.01,26569.37,26126.37,26204.69,26426.55,169564.8,16174620.94417,-0.008395344833131868,-0.008395344833131868,-0.008430784230600313,PASS,2026-07-16T20:25:16Z,D20260716.01
HSI,HK,index,2021-08-06,26262.97,26276.87,26002.41,26179.4,26204.69,155962.66,14804056.594359,-0.0009650944163047681,-0.0009650944163047681,-0.0009655604197699799,PASS,2026-07-16T20:25:16Z,D20260716.01
HSI,HK,index,2021-08-09,25969.23,26527.24,25920.85,26283.4,26179.4,158511.33,14750400.231451,0.003972589134968674,0.003972589134968674,0.003964719238442658,PASS,2026-07-16T20:25:16Z,D20260716.01
HSI,HK,index,2021-08-10,26456.61,26610.95,26138.87,26605.62,26283.4,173529.62,16078711.264801,0.012259448929742733,0.012259448929742733,0.012184910467690485,PASS,2026-07-16T20:25:16Z,D20260716.01
HSI,HK,index,2021-08-11,26491.74,26822.47,26454.45,26660.16,26605.62,241441.19,15350652.815187,0.002049942831627405,0.002049942831627405,0.002047844565881493,PASS,2026-07-16T20:25:16Z,D20260716.01
HSI,HK,index,2021-08-12,26623.77,26713.24,26385.45,26517.82,26660.16,165501.79,13585862.719633,-0.005339052728865812,-0.005339052728865812,-0.0053533564056596,PASS,2026-07-16T20:25:16Z,D20260716.01
HSI,HK,index,2021-08-13,26296.19,26521.95,26200.24,26391.62,26517.82,133618.81,12587689.655748,-0.0047590639049515104,-0.0047590639049515104,-0.004770424307161357,PASS,2026-07-16T20:25:16Z,D20260716.01
HSI,HK,index,2021-08-16,26365.19,26449.71,26046.9,26181.46,26391.62,164828.81,13391323.728463,-0.00796313375230473,-0.00796313375230473,-0.007995008831667677,PASS,2026-07-16T20:25:16Z,D20260716.01
HSI,HK,index,2021-08-17,26137.9,26258.79,25615.38,25745.87,26181.46,229130.54,16614912.048177,-0.016637345663687242,-0.016637345663687242,-0.016777300791796422,PASS,2026-07-16T20:25:16Z,D20260716.01
HSI,HK,index,2021-08-18,25800.03,26025.14,25708.95,25867.01,25745.87,175686.09,13441071.778981,0.004705220681996636,0.004705220681996636,0.004694185732207658,PASS,2026-07-16T20:25:16Z,D20260716.01
HSI,HK,index,2021-08-19,25787.84,25832.92,25183.67,25316.33,25867.01,231288.69,16485224.66741,-0.021288892686089245,-0.021288892686089245,-0.02151876956611626,PASS,2026-07-16T20:25:16Z,D20260716.01
HSI,HK,index,2021-08-20,25241.32,25244.75,24581.6,24849.72,25316.33,285582.57,20432802.158766,-0.01843118651084108,-0.01843118651084108,-0.018603157189211284,PASS,2026-07-16T20:25:16Z,D20260716.01
HSI,HK,index,2021-08-23,25169.45,25458.33,25036.99,25109.59,24849.72,218498.04,16977735.092579,0.010457663104453507,0.010457663104453507,0.010403360006550781,PASS,2026-07-16T20:25:16Z,D20260716.01
HSI,HK,index,2021-08-24,25428.68,25727.92,25361.75,25727.92,25109.59,205290.48,17178322.714528,0.02462525274207983,0.02462525274207983,0.02432693865891045,PASS,2026-07-16T20:25:16Z,D20260716.01
HSI,HK,index,2021-08-25,25930.05,25982.64,25548.47,25693.95,25727.92,171637.53,16334025.614706,-0.0013203554737420964,-0.0013203554737420964,-0.0013212279110667718,PASS,2026-07-16T20:25:16Z,D20260716.01
HSI,HK,index,2021-08-26,25673.78,25706.62,25255.83,25415.69,25693.95,183410.66,13857634.696886,-0.010829786778599693,-0.010829786778599693,-0.010888855776321784,PASS,2026-07-16T20:25:16Z,D20260716.01
HSI,HK,index,2021-08-27,25337.55,25641.33,25304.62,25407.89,25415.69,152804.6,12891856.924738,-0.00030689703879760444,-0.00030689703879760444,-0.0003069441413311477,PASS,2026-07-16T20:25:16Z,D20260716.01
HSI,HK,index,2021-08-30,25406.49,25583.59,25219.8,25539.54,25407.89,199564.1,13658871.167185,0.005181461349210936,0.005181461349210936,0.005168083768733604,PASS,2026-07-16T20:25:16Z,D20260716.01
HSI,HK,index,2021-08-31,25524.23,25878.99,25110.72,25878.99,25539.54,291814.99,21337317.374778,0.013291155596381277,0.013291155596381277,0.013203603117040243,PASS,2026-07-16T20:25:16Z,D20260716.01
HSI,HK,index,2021-09-01,25871.82,26101.95,25694.11,26028.29,25878.99,218128.36,18183366.200293,0.005769158688186726,0.005769158688186726,0.005752580821870043,PASS,2026-07-16T20:25:16Z,D20260716.01
HSI,HK,index,2021-09-02,26203.52,26359.31,25967.98,26090.43,26028.29,202434.41,17107464.655982,0.002387402322626686,0.002387402322626686,0.0023845570054131047,PASS,2026-07-16T20:25:16Z,D20260716.01
HSI,HK,index,2021-09-03,26022.67,26052.81,25811.77,25901.99,26090.43,254936.54,17209983.435186,-0.0072225716479183966,-0.0072225716479183966,-0.00724878069257497,PASS,2026-07-16T20:25:16Z,D20260716.01
HSI,HK,index,2021-09-06,25827.17,26176.43,25827.17,26163.63,25901.99,191247.13,14631716.433143,0.010101154390067979,0.010101154390067979,0.010050478699658538,PASS,2026-07-16T20:25:16Z,D20260716.01
HSI,HK,index,2021-09-07,26207.22,26458.88,26135.4,26353.63,26163.63,184223.29,14482940.258404,0.0072619892576069045,0.0072619892576069045,0.007235747979618564,PASS,2026-07-16T20:25:16Z,D20260716.01
HSI,HK,index,2021-09-08,26396.11,26560.04,26164.79,26320.93,26353.63,186132.29,15219556.714677,-0.0012408157813553755,-0.0012408157813553755,-0.0012415862306467092,PASS,2026-07-16T20:25:16Z,D20260716.01
HSI,HK,index,2021-09-09,26076.93,26125.09,25624.52,25716.0,26320.93,209078.86,16599909.9493,-0.022982850529977505,-0.022982850529977505,-0.02325107389993745,PASS,2026-07-16T20:25:16Z,D20260716.01
HSI,HK,index,2021-09-10,25870.71,26205.91,25870.71,26205.91,25716.0,200131.7,14983334.902395,0.019050785503188727,0.019050785503188727,0.018871591569039517,PASS,2026-07-16T20:25:16Z,D20260716.01
HSI,HK,index,2021-09-13,25885.3,25886.9,25570.84,25813.81,26205.91,231555.52,15033623.742007,-0.014962273777174628,-0.014962273777174628,-0.015075337809669685,PASS,2026-07-16T20:25:16Z,D20260716.01
HSI,HK,index,2021-09-14,25827.7,25900.68,25377.83,25502.23,25813.81,239895.4,14094474.856753,-0.012070283309592922,-0.012070283309592922,-0.012143720717651555,PASS,2026-07-16T20:25:16Z,D20260716.01
HSI,HK,index,2021-09-15,25310.03,25411.91,24990.94,25033.21,25502.23,242086.1,15706843.383067,-0.01839133283638339,-0.01839133283638339,-0.018562555995630035,PASS,2026-07-16T20:25:16Z,D20260716.01
HSI,HK,index,2021-09-16,25042.03,25045.55,24505.21,24667.85,25033.21,249981.82,15082303.284679,-0.01459501198607771,-0.01459501198607771,-0.014702566967161827,PASS,2026-07-16T20:25:16Z,D20260716.01
HSI,HK,index,2021-09-17,24589.17,24920.76,24424.74,24920.76,24667.85,310231.21,19383069.515806,0.01025261625962548,0.01025261625962548,0.010200414688138955,PASS,2026-07-16T20:25:16Z,D20260716.01
HSI,HK,index,2021-09-20,24640.43,24640.43,23871.84,24099.14,24920.76,265159.06,14178734.026156,-0.03296929949166871,-0.03296929949166871,-0.03352503583391131,PASS,2026-07-16T20:25:16Z,D20260716.01
HSI,HK,index,2021-09-21,23867.16,24284.87,23771.46,24221.54,24099.14,207974.01,11920229.823422,0.005079019417290498,0.005079019417290498,0.005066164706015867,PASS,2026-07-16T20:25:16Z,D20260716.01
HSI,HK,index,2021-09-23,24614.14,24827.46,24313.68,24510.98,24221.54,271191.24,17898022.443891,0.011949694362951346,0.011949694362951346,0.011878860502215744,PASS,2026-07-16T20:25:16Z,D20260716.01
HSI,HK,index,2021-09-24,24487.24,24636.64,24095.79,24192.16,24510.98,201444.51,14753790.949532,-0.013007231860986401,-0.013007231860986401,-0.013092566688960295,PASS,2026-07-16T20:25:16Z,D20260716.01
HSI,HK,index,2021-09-27,24131.42,24509.0,24131.42,24208.78,24192.16,232361.11,14890004.907605,0.0006869994246070377,0.0006869994246070377,0.0006867635485273039,PASS,2026-07-16T20:25:16Z,D20260716.01
HSI,HK,index,2021-09-28,24323.0,24679.46,24232.98,24500.39,24208.78,245793.12,14747471.136907,0.012045629726074703,0.012045629726074703,0.011973658510939782,PASS,2026-07-16T20:25:16Z,D20260716.01
HSI,HK,index,2021-09-29,24276.71,24694.46,24045.99,24663.5,24500.39,215021.08,12352805.467748,0.006657445044752297,0.006657445044752297,0.006635382125139904,PASS,2026-07-16T20:25:16Z,D20260716.01
HSI,HK,index,2021-09-30,24494.26,24660.68,24346.75,24575.64,24663.5,158041.02,11512309.265285,-0.003562349220508021,-0.003562349220508021,-0.0035687094960000594,PASS,2026-07-16T20:25:16Z,D20260716.01
HSI,HK,index,2021-10-04,24478.68,24478.68,23908.05,24036.37,24575.64,159628.49,11329215.812905,-0.02194327390863471,-0.02194327390863471,-0.02218760849096839,PASS,2026-07-16T20:25:16Z,D20260716.01
HSI,HK,index,2021-10-05,23771.65,24180.08,23681.44,24104.15,24036.37,171698.01,9977840.647926,0.0028198933532810333,0.0028198933532810333,0.002815924912654831,PASS,2026-07-16T20:25:16Z,D20260716.01
HSI,HK,index,2021-10-06,24259.2,24259.2,23812.35,23966.49,24104.15,187872.23,10396920.870044,-0.005711049756991993,-0.005711049756991993,-0.005727420159531645,PASS,2026-07-16T20:25:16Z,D20260716.01
HSI,HK,index,2021-10-07,24339.32,24741.28,24310.11,24701.73,23966.49,176457.55,10533712.204624,0.030677833925618625,0.030677833925618625,0.030216676984414333,PASS,2026-07-16T20:25:16Z,D20260716.01
HSI,HK,index,2021-10-08,25064.8,25064.8,24595.58,24837.85,24701.73,235900.79,16335073.231159,0.005510545212825235,0.005510545212825235,0.005495417706978434,PASS,2026-07-16T20:25:16Z,D20260716.01
HSI,HK,index,2021-10-11,25161.8,25437.16,25161.8,25325.09,24837.85,211430.35,16292834.831515,0.019616834790450843,0.019616834790450843,0.01942690455500508,PASS,2026-07-16T20:25:16Z,D20260716.01
HSI,HK,index,2021-10-12,24995.95,25188.78,24865.8,24962.59,25325.09,183525.94,13698693.851594,-0.014313868183686629,-0.014313868183686629,-0.014417299785478356,PASS,2026-07-16T20:25:16Z,D20260716.01
HSI,HK,index,2021-10-15,25187.05,25330.96,24929.56,25330.96,24962.59,234524.77,17961089.27448,0.014756882198521781,0.014756882198521781,0.014649058875508932,PASS,2026-07-16T20:25:16Z,D20260716.01
HSI,HK,index,2021-10-18,25425.32,25425.32,25123.25,25409.75,25330.96,164800.53,12693194.1418,0.0031104229764684632,0.0031104229764684632,0.003105595618415457,PASS,2026-07-16T20:25:16Z,D20260716.01
HSI,HK,index,2021-10-19,25471.25,25808.62,25458.03,25787.21,25409.75,167119.46,12057732.425323,0.014854927734432533,0.014854927734432533,0.014745673938061468,PASS,2026-07-16T20:25:16Z,D20260716.01
HSI,HK,index,2021-10-20,26074.2,26214.63,25915.62,26136.02,25787.21,182360.52,15659235.647104,0.01352647300735521,0.01352647300735521,0.013435806950982003,PASS,2026-07-16T20:25:16Z,D20260716.01
HSI,HK,index,2021-10-21,26141.85,26229.8,25840.59,26017.53,26136.02,208512.21,14795874.127101,-0.004533590041636115,-0.004533590041636115,-0.004543897927252662,PASS,2026-07-16T20:25:16Z,D20260716.01
HSI,HK,index,2021-10-22,26114.84,26195.29,25976.03,26126.93,26017.53,169958.37,12433932.742525,0.0042048572635451364,0.0042048572635451364,0.00419604155513209,PASS,2026-07-16T20:25:16Z,D20260716.01
HSI,HK,index,2021-10-25,26020.78,26212.9,25929.67,26132.03,26126.93,145521.47,11121856.291288,0.00019520089042224242,0.00019520089042224242,0.00019518184120734044,PASS,2026-07-16T20:25:16Z,D20260716.01
HSI,HK,index,2021-10-26,26234.94,26234.94,25905.08,26038.27,26132.03,153346.44,11398927.654141,-0.0035879340410981397,-0.0035879340410981397,-0.0035943861141380274,PASS,2026-07-16T20:25:16Z,D20260716.01
HSI,HK,index,2021-10-27,25795.17,25795.17,25555.17,25628.74,26038.27,162078.01,12068777.675267,-0.01572800343494396,-0.01572800343494396,-0.015853000853221336,PASS,2026-07-16T20:25:16Z,D20260716.01
HSI,HK,index,2021-10-28,25648.42,25736.38,25473.16,25555.73,25628.74,202105.11,12931067.827519,-0.0028487549524479627,-0.0028487549524479627,-0.0028528203776065912,PASS,2026-07-16T20:25:16Z,D20260716.01
HSI,HK,index,2021-10-29,25466.86,25516.22,25314.24,25377.24,25555.73,205134.62,12626616.943429,-0.0069843436286107785,-0.0069843436286107785,-0.00700884832269904,PASS,2026-07-16T20:25:16Z,D20260716.01
HSI,HK,index,2021-11-01,25268.35,25270.41,24972.5,25154.32,25377.24,158672.28,13509342.594352,-0.00878424919337173,-0.00878424919337173,-0.008823058149161218,PASS,2026-07-16T20:25:16Z,D20260716.01
HSI,HK,index,2021-11-02,25609.01,25639.66,25030.69,25099.67,25154.32,196459.33,14601229.916225,-0.0021725890423593963,-0.0021725890423593963,-0.0021749525378229493,PASS,2026-07-16T20:25:16Z,D20260716.01
HSI,HK,index,2021-11-03,25060.93,25187.09,24808.59,25024.75,25099.67,169045.71,11984867.629779,-0.00298489980147143,-0.00298489980147143,-0.0029893634995578258,PASS,2026-07-16T20:25:16Z,D20260716.01
HSI,HK,index,2021-11-04,25141.1,25244.98,25010.36,25225.19,25024.75,163948.51,11860609.57591,0.008009670426277982,0.008009670426277982,0.007977763280020927,PASS,2026-07-16T20:25:16Z,D20260716.01
HSI,HK,index,2021-11-05,24950.68,25049.37,24724.39,24870.51,25225.19,202068.92,12833768.448262,-0.014060548205979795,-0.014060548205979795,-0.014160334181860159,PASS,2026-07-16T20:25:16Z,D20260716.01
HSI,HK,index,2021-11-08,24743.54,24837.77,24633.57,24763.77,24870.51,176262.37,12193990.381889,-0.00429182996247357,-0.00429182996247357,-0.004301066301357722,PASS,2026-07-16T20:25:16Z,D20260716.01
HSI,HK,index,2021-11-09,24952.82,24956.37,24678.66,24813.13,24763.77,115469.62,9857403.119671,0.001993234471165062,0.001993234471165062,0.0019912506150926664,PASS,2026-07-16T20:25:16Z,D20260716.01
HSI,HK,index,2021-11-10,24787.44,25013.11,24481.26,24996.14,24813.13,168805.26,13624954.680265,0.007375530616250181,0.007375530616250181,0.007348464394004213,PASS,2026-07-16T20:25:16Z,D20260716.01
HSI,HK,index,2021-11-11,24856.11,25324.66,24836.21,25247.99,24996.14,200186.25,13634414.536043,0.010075555665794989,0.010075555665794989,0.010025135645115896,PASS,2026-07-16T20:25:16Z,D20260716.01
HSI,HK,index,2021-11-12,25522.83,25527.13,25210.56,25327.97,25247.99,163211.22,13539242.56233,0.0031677769200637584,0.0031677769200637584,0.003162770085659209,PASS,2026-07-16T20:25:16Z,D20260716.01
HSI,HK,index,2021-11-15,25437.99,25483.26,25230.33,25390.91,25327.97,115580.12,11859593.305056,0.002484999784822861,0.002484999784822861,0.0024819172784865213,PASS,2026-07-16T20:25:16Z,D20260716.01
HSI,HK,index,2021-11-16,25446.65,25746.71,25410.87,25713.78,25390.91,152878.44,13103691.010166,0.012715968037380287,0.012715968037380287,0.012635799018283867,PASS,2026-07-16T20:25:16Z,D20260716.01
HSI,HK,index,2021-11-17,25667.81,25667.81,25520.67,25650.08,25713.78,119380.94,10978736.619825,-0.002477270941883991,-0.002477270941883991,-0.002480344454542069,PASS,2026-07-16T20:25:16Z,D20260716.01
HSI,HK,index,2021-11-18,25369.88,25414.21,25222.6,25319.72,25650.08,134285.12,11652675.410447,-0.012879491993787129,-0.012879491993787129,-0.012963151757283234,PASS,2026-07-16T20:25:16Z,D20260716.01
HSI,HK,index,2021-11-19,24934.4,25077.15,24825.43,25049.97,25319.72,164036.46,13651504.615525,-0.010653751305306658,-0.010653751305306658,-0.010710908837647271,PASS,2026-07-16T20:25:16Z,D20260716.01
HSI,HK,index,2021-11-22,25057.06,25099.95,24869.94,24951.34,25049.97,151035.89,12920179.713663,-0.003937330064666789,-0.003937330064666789,-0.003945101755200537,PASS,2026-07-16T20:25:16Z,D20260716.01
HSI,HK,index,2021-11-23,24688.99,24794.72,24618.74,24651.58,24951.34,148627.03,12986104.642741,-0.0120137836284544,-0.0120137836284544,-0.012086532372531662,PASS,2026-07-16T20:25:16Z,D20260716.01
HSI,HK,index,2021-11-24,24672.1,24851.53,24557.63,24685.5,24651.58,179103.1,13736882.79459,0.0013759767122432098,0.0013759767122432098,0.0013750309237760868,PASS,2026-07-16T20:25:16Z,D20260716.01
HSI,HK,index,2021-11-25,24699.69,24762.61,24532.82,24740.16,24685.5,118863.51,10861410.628427,0.0022142553320774194,0.0022142553320774194,0.002211807481517734,PASS,2026-07-16T20:25:16Z,D20260716.01
HSI,HK,index,2021-11-26,24502.68,24502.68,24062.26,24080.52,24740.16,180412.31,12979058.497322,-0.026662721663885725,-0.026662721663885725,-0.027024619311084127,PASS,2026-07-16T20:25:16Z,D20260716.01
HSI,HK,index,2021-11-29,23910.49,24134.32,23774.31,23852.24,24080.52,174100.85,14450997.33478,-0.00947986173056059,-0.00947986173056059,-0.009525081632302358,PASS,2026-07-16T20:25:16Z,D20260716.01
HSI,HK,index,2021-11-30,23782.86,23888.37,23175.37,23475.26,23852.24,334485.8,22384808.859647,-0.015804804915597104,-0.015804804915597104,-0.015931032614195477,PASS,2026-07-16T20:25:16Z,D20260716.01
HSI,HK,index,2021-12-01,23595.57,23864.3,23537.65,23658.92,23475.26,211863.49,13948951.916385,0.007823555521855763,0.007823555521855763,0.007793110202022863,PASS,2026-07-16T20:25:16Z,D20260716.01
HSI,HK,index,2021-12-02,23524.05,23807.0,23517.52,23788.93,23658.92,232824.14,14756314.541574,0.005495178985346794,0.005495178985346794,0.005480135574964745,PASS,2026-07-16T20:25:16Z,D20260716.01
HSI,HK,index,2021-12-03,23675.26,23802.77,23451.93,23766.69,23788.93,271788.97,16591467.386725,-0.0009348886225652997,-0.0009348886225652997,-0.0009353259034941543,PASS,2026-07-16T20:25:16Z,D20260716.01
HSI,HK,index,2021-12-06,23420.44,23628.3,23314.97,23349.38,23766.69,235740.28,17002045.98014,-0.017558608287481237,-0.017558608287481237,-0.017714589218982765,PASS,2026-07-16T20:25:16Z,D20260716.01
HSI,HK,index,2021-12-07,23704.51,23989.78,23512.5,23983.66,23349.38,212032.88,15344649.890651,0.02716474698685789,0.02716474698685789,0.026802333842491498,PASS,2026-07-16T20:25:16Z,D20260716.01
HSI,HK,index,2021-12-08,24090.02,24097.98,23907.3,23996.87,23983.66,177862.34,11611807.968259,0.0005507916639913013,0.0005507916639913013,0.0005506400339378983,PASS,2026-07-16T20:25:16Z,D20260716.01
HSI,HK,index,2021-12-09,24168.41,24324.84,24153.72,24254.86,23996.87,174325.18,12518131.293904,0.010750985441017935,0.010750985441017935,0.010693604498463755,PASS,2026-07-16T20:25:16Z,D20260716.01
HSI,HK,index,2021-12-10,24070.56,24214.68,23916.63,23995.72,24254.86,141393.81,11388318.909472,-0.010684044352348376,-0.010684044352348376,-0.010741528563417141,PASS,2026-07-16T20:25:16Z,D20260716.01
HSI,HK,index,2021-12-13,24242.26,24385.44,23936.93,23954.58,23995.72,153810.56,12969176.798056,-0.001714472414247159,-0.001714472414247159,-0.0017159438040887948,PASS,2026-07-16T20:25:16Z,D20260716.01
HSI,HK,index,2021-12-14,23693.73,23817.58,23560.13,23635.95,23954.58,155357.77,11998735.670554,-0.013301422942919472,-0.013301422942919472,-0.0133906792432134,PASS,2026-07-16T20:25:16Z,D20260716.01
HSI,HK,index,2021-12-15,23658.04,23745.75,23325.92,23420.76,23635.95,159712.19,12774177.165521,-0.009104351633846042,-0.009104351633846042,-0.009146049524308702,PASS,2026-07-16T20:25:16Z,D20260716.01
HSI,HK,index,2021-12-16,23287.93,23526.05,23155.62,23475.5,23420.76,149895.02,13811770.952234,0.0023372426855490236,0.0023372426855490236,0.00233451558230492,PASS,2026-07-16T20:25:16Z,D20260716.01
HSI,HK,index,2021-12-17,23463.78,23463.78,23158.7,23192.63,23475.5,218869.42,16261169.757544,-0.012049583608442771,-0.012049583608442771,-0.012122768332125394,PASS,2026-07-16T20:25:16Z,D20260716.01
HSI,HK,index,2021-12-20,23079.83,23145.3,22665.25,22744.86,23192.63,168161.56,12478230.538643,-0.019306564197333342,-0.019306564197333342,-0.01949536998582202,PASS,2026-07-16T20:25:16Z,D20260716.01
HSI,HK,index,2021-12-21,22795.57,23100.18,22730.08,22971.33,22744.86,165119.44,11029002.08437,0.00995697489454761,0.00995697489454761,0.009907730831490748,PASS,2026-07-16T20:25:16Z,D20260716.01
HSI,HK,index,2021-12-22,23221.13,23258.71,22979.76,23102.33,22971.33,123079.41,9278201.262617,0.0057027607892099486,0.0057027607892099486,0.005686561606430888,PASS,2026-07-16T20:25:16Z,D20260716.01
HSI,HK,index,2021-12-23,23141.79,23264.75,23027.15,23193.64,23102.33,138790.4,10918415.370401,0.003952415189290237,0.003952415189290237,0.00394462491655746,PASS,2026-07-16T20:25:16Z,D20260716.01
HSI,HK,index,2021-12-24,23375.99,23383.19,23186.57,23223.76,23193.64,62287.97,5172145.695117,0.0012986318663219532,0.0012986318663219532,0.0012977893732731736,PASS,2026-07-16T20:25:16Z,D20260716.01
HSI,HK,index,2021-12-28,23282.35,23319.44,23099.48,23280.56,23223.76,143302.67,9974145.664595,0.0024457710551608614,0.0024457710551608614,0.0024427850249069422,PASS,2026-07-16T20:25:16Z,D20260716.01
HSI,HK,index,2021-12-29,23253.98,23253.98,23008.28,23086.54,23280.56,82841.44,6294536.94081,-0.008333991965829068,-0.008333991965829068,-0.008368913837959758,PASS,2026-07-16T20:25:16Z,D20260716.01
HSI,HK,index,2021-12-30,23130.45,23248.26,22990.24,23112.01,23086.54,100836.6,6918804.292992,0.0011032402430160015,0.0011032402430160015,0.0011026321207279874,PASS,2026-07-16T20:25:16Z,D20260716.01
HSI,HK,index,2021-12-31,23553.79,23590.12,23394.77,23397.67,23112.01,67593.64,5762045.352171,0.012359807736324058,0.012359807736324058,0.012284048916890836,PASS,2026-07-16T20:25:16Z,D20260716.01
HSI,HK,index,2022-01-03,23510.54,23605.03,23193.19,23274.75,23397.67,73433.11,6998139.376812,-0.005253514559355632,-0.005253514559355632,-0.005267362789514018,PASS,2026-07-16T20:25:16Z,D20260716.01
HSI,HK,index,2022-01-04,23400.62,23439.3,23146.89,23289.84,23274.75,176014.12,11831268.862478,0.0006483420874552337,0.0006483420874552337,0.0006481320045228844,PASS,2026-07-16T20:25:16Z,D20260716.01
HSI,HK,index,2022-01-05,23323.77,23323.77,22851.5,22907.25,23289.84,276885.9,15530743.04297,-0.01642733483785208,-0.01642733483785208,-0.016563759630019177,PASS,2026-07-16T20:25:16Z,D20260716.01
HSI,HK,index,2022-01-06,22843.2,23082.95,22709.6,23072.86,22907.25,176578.61,13450856.666896,0.007229588885614868,0.007229588885614868,0.007203580685055146,PASS,2026-07-16T20:25:16Z,D20260716.01
HSI,HK,index,2022-01-07,23318.92,23497.5,23162.85,23493.38,23072.86,260229.06,14726631.382736,0.01822574227902396,0.01822574227902396,0.01806164431051367,PASS,2026-07-16T20:25:16Z,D20260716.01
HSI,HK,index,2022-01-10,23523.9,23790.52,23399.09,23746.54,23493.38,254491.72,13874645.533086,0.010775801523663198,0.010775801523663198,0.010718156320192292,PASS,2026-07-16T20:25:16Z,D20260716.01
HSI,HK,index,2022-01-11,23678.69,23863.83,23595.01,23739.06,23746.54,233148.24,12962412.7684,-0.0003149932579651349,-0.0003149932579651349,-0.0003150428787618345,PASS,2026-07-16T20:25:16Z,D20260716.01
HSI,HK,index,2022-01-12,24069.52,24402.17,24069.52,24402.17,23739.06,248949.12,15360245.410185,0.027933288007191415,0.027933288007191415,0.02755026999256729,PASS,2026-07-16T20:25:16Z,D20260716.01
HSI,HK,index,2022-01-13,24561.48,24561.48,24289.19,24429.77,24402.17,216054.51,13633115.521911,0.0011310469519720812,0.0011310469519720812,0.0011304078002632959,PASS,2026-07-16T20:25:16Z,D20260716.01
HSI,HK,index,2022-01-14,24185.86,24383.32,24140.81,24383.32,24429.77,184001.73,11989057.093774,-0.0019013686989276524,-0.0019013686989276524,-0.001903178594942581,PASS,2026-07-16T20:25:16Z,D20260716.01
HSI,HK,index,2022-01-17,24390.29,24408.88,24111.74,24218.03,24383.32,163351.19,10534503.654248,-0.006778814369823305,-0.006778814369823305,-0.006801894896828718,PASS,2026-07-16T20:25:16Z,D20260716.01
HSI,HK,index,2022-01-18,24274.75,24385.05,24009.71,24112.78,24218.03,163886.64,11231490.591191,-0.004345935652074084,-0.004345935652074084,-0.004355406680701639,PASS,2026-07-16T20:25:16Z,D20260716.01
HSI,HK,index,2022-01-19,24229.78,24286.14,23951.6,24127.85,24112.78,172989.49,11496167.719315,0.0006249797825053083,0.0006249797825053083,0.0006247845639752262,PASS,2026-07-16T20:25:16Z,D20260716.01
HSI,HK,index,2022-01-20,24263.15,24952.35,24233.18,24952.35,24127.85,253139.46,17837351.172926,0.03417212888840071,0.03417212888840071,0.0336012311761149,PASS,2026-07-16T20:25:16Z,D20260716.01
HSI,HK,index,2022-01-21,24897.59,24982.03,24723.92,24965.55,24952.35,237014.66,15417260.660491,0.0005290082898004034,0.0005290082898004034,0.0005288684142431101,PASS,2026-07-16T20:25:16Z,D20260716.01
HSI,HK,index,2022-01-24,24693.43,24795.54,24570.87,24656.46,24965.55,187154.1,12431643.211443,-0.012380660550238232,-0.012380660550238232,-0.012457939432934122,PASS,2026-07-16T20:25:16Z,D20260716.01
HSI,HK,index,2022-01-25,24251.52,24366.89,24001.96,24243.61,24656.46,218335.44,14648631.385449,-0.016744090595324668,-0.016744090595324668,-0.01688585761487369,PASS,2026-07-16T20:25:16Z,D20260716.01
HSI,HK,index,2022-01-26,24342.9,24487.3,24123.7,24289.9,24243.61,195962.13,13211156.003693,0.0019093691079834496,0.0019093691079834496,0.0019075485797933613,PASS,2026-07-16T20:25:16Z,D20260716.01
HSI,HK,index,2022-01-27,23952.01,23952.01,23565.0,23807.0,24289.9,184682.68,13348992.576472,-0.01988069115146629,-0.01988069115146629,-0.02008097100469149,PASS,2026-07-16T20:25:16Z,D20260716.01
HSI,HK,index,2022-01-28,23818.94,23848.02,23507.03,23550.08,23807.0,177718.83,12569881.530756,-0.01079178392909641,-0.01079178392909641,-0.010850437596113914,PASS,2026-07-16T20:25:16Z,D20260716.01
HSI,HK,index,2022-01-31,23624.14,23975.7,23469.76,23802.26,23550.08,99546.49,6513461.977416,0.010708243878576829,0.010708243878576829,0.010651316668140448,PASS,2026-07-16T20:25:16Z,D20260716.01
HSI,HK,index,2022-02-04,24392.86,24609.33,24140.89,24573.29,23802.26,183292.14,11390355.419194,0.032393142499913985,0.032393142499913985,0.031879546550368176,PASS,2026-07-16T20:25:16Z,D20260716.01
HSI,HK,index,2022-02-07,24609.43,24616.5,24365.89,24579.55,24573.29,0.0,12230929.849612,0.0002547481432073617,0.0002547481432073617,0.0002547157004088394,PASS,2026-07-16T20:25:16Z,D20260716.01
HSI,HK,index,2022-02-08,24548.05,24548.05,24149.75,24329.49,24579.55,229489.21,12951136.554997,-0.01017349788747135,-0.01017349788747135,-0.010225601603030857,PASS,2026-07-16T20:25:16Z,D20260716.01
HSI,HK,index,2022-02-09,24727.34,24896.43,24690.45,24829.99,24329.49,251112.37,14075843.638931,0.020571742358758804,0.020571742358758804,0.020363001981226998,PASS,2026-07-16T20:25:16Z,D20260716.01
HSI,HK,index,2022-02-10,25050.59,25050.59,24649.74,24924.35,24829.99,209793.41,12912950.889983,0.0038002431736781084,0.0038002431736781084,0.00379304049178316,PASS,2026-07-16T20:25:16Z,D20260716.01
HSI,HK,index,2022-02-11,24837.2,24957.81,24732.65,24906.66,24924.35,251471.05,13924094.92244,-0.0007097476965296501,-0.0007097476965296501,-0.0007099996866660153,PASS,2026-07-16T20:25:16Z,D20260716.01
HSI,HK,index,2022-02-14,24725.1,24733.11,24482.86,24556.57,24906.66,197881.2,11383787.735121,-0.014056079779464659,-0.014056079779464659,-0.014155802041086966,PASS,2026-07-16T20:25:16Z,D20260716.01
HSI,HK,index,2022-02-15,24458.5,24570.09,24219.9,24355.71,24556.57,262590.89,11413908.861081,-0.008179481092025487,-0.008179481092025487,-0.008213116586990457,PASS,2026-07-16T20:25:16Z,D20260716.01
HSI,HK,index,2022-02-16,24618.3,24728.93,24548.05,24718.9,24355.71,181517.3,10179022.410607,0.014911903615209887,0.014911903615209887,0.014801814259119363,PASS,2026-07-16T20:25:16Z,D20260716.01
HSI,HK,index,2022-02-17,24722.88,24861.82,24523.95,24792.77,24718.9,156620.67,10460173.234009,0.0029884015874492853,0.0029884015874492853,0.0029839451915515823,PASS,2026-07-16T20:25:16Z,D20260716.01
HSI,HK,index,2022-02-18,24633.66,24763.37,24284.53,24327.71,24792.77,167784.84,12621785.297067,-0.018757887884250146,-0.018757887884250146,-0.01893604852598166,PASS,2026-07-16T20:25:16Z,D20260716.01
HSI,HK,index,2022-02-21,24109.59,24231.08,23998.77,24170.07,24327.71,161829.46,14374938.973348,-0.006479853631928378,-0.006479853631928378,-0.006500939019647917,PASS,2026-07-16T20:25:16Z,D20260716.01
HSI,HK,index,2022-02-22,23692.54,23813.64,23336.78,23520.0,24170.07,205760.47,14692847.444602,-0.02689566062489679,-0.02689566062489679,-0.027263967833026457,PASS,2026-07-16T20:25:16Z,D20260716.01
HSI,HK,index,2022-02-23,23617.97,23745.07,23500.92,23660.28,23520.0,141604.79,11498830.134768,0.005964285714285644,0.005964285714285644,0.005946569769316098,PASS,2026-07-16T20:25:16Z,D20260716.01
HSI,HK,index,2022-02-24,23268.03,23376.37,22786.39,22901.56,23660.28,299772.69,17695658.49071,-0.032067245188983295,-0.032067245188983295,-0.03259266228902243,PASS,2026-07-16T20:25:16Z,D20260716.01
HSI,HK,index,2022-02-25,22908.1,23046.86,22718.15,22767.18,22901.56,252425.56,14269966.267079,-0.005867722548158372,-0.005867722548158372,-0.005885005272090748,PASS,2026-07-16T20:25:16Z,D20260716.01
HSI,HK,index,2022-02-28,22818.17,22818.17,22406.12,22713.02,22767.18,283384.9,15347850.562048,-0.0023788629070442546,-0.0023788629070442546,-0.0023816968967502756,PASS,2026-07-16T20:25:16Z,D20260716.01
HSI,HK,index,2022-03-01,22739.84,22937.56,22591.73,22761.71,22713.02,179604.31,11497065.553686,0.002143704359878207,0.002143704359878207,0.002141409904191585,PASS,2026-07-16T20:25:16Z,D20260716.01
HSI,HK,index,2022-03-02,22568.36,22712.44,22299.14,22343.92,22761.71,222789.6,11464386.872107,-0.018354947848821634,-0.018354947848821634,-0.018525489989124653,PASS,2026-07-16T20:25:16Z,D20260716.01
HSI,HK,index,2022-03-03,22434.26,22543.42,22378.11,22467.34,22343.92,193772.51,11561544.840076,0.005523650281597847,0.005523650281597847,0.0055084508705140495,PASS,2026-07-16T20:25:16Z,D20260716.01
HSI,HK,index,2022-03-04,21879.13,22017.94,21838.99,21905.29,22467.34,243820.5,16477820.167002,-0.02501631256748682,-0.02501631256748682,-0.025334538962699934,PASS,2026-07-16T20:25:16Z,D20260716.01
HSI,HK,index,2022-03-07,21308.9,21327.19,20826.36,21057.63,21905.29,332287.0,17759493.379586,-0.03869658881484794,-0.03869658881484794,-0.03946519540407327,PASS,2026-07-16T20:25:16Z,D20260716.01
HSI,HK,index,2022-03-08,21082.39,21303.52,20638.95,20765.87,21057.63,323198.97,17076993.954628,-0.013855310402927645,-0.013855310402927645,-0.01395219113209318,PASS,2026-07-16T20:25:16Z,D20260716.01
HSI,HK,index,2022-03-09,20820.02,20957.72,20102.57,20627.71,20765.87,367458.09,18529281.092292,-0.00665322473847707,-0.00665322473847707,-0.006675456099882475,PASS,2026-07-16T20:25:16Z,D20260716.01
HSI,HK,index,2022-03-10,21106.57,21114.44,20709.62,20890.26,20627.71,269433.06,14624697.533979,0.012728024584406139,0.012728024584406139,0.01264770410879233,PASS,2026-07-16T20:25:16Z,D20260716.01
HSI,HK,index,2022-03-11,20460.03,20778.86,20079.15,20553.79,20890.26,301999.75,19069210.070865,-0.016106549176506113,-0.016106549176506113,-0.016237669476209516,PASS,2026-07-16T20:25:16Z,D20260716.01
HSI,HK,index,2022-03-14,20203.84,20203.84,19416.78,19531.66,20553.79,409612.73,22305305.445602,-0.04972951460533559,-0.04972951460533559,-0.05100861344494779,PASS,2026-07-16T20:25:16Z,D20260716.01
HSI,HK,index,2022-03-15,18931.18,19392.69,18235.48,18415.08,19531.66,601276.01,28616817.90633,-0.05716769593572679,-0.05716769593572679,-0.05886684454420298,PASS,2026-07-16T20:25:16Z,D20260716.01
HSI,HK,index,2022-03-16,18956.02,20120.85,18584.04,20087.5,18415.08,550105.05,30979309.583021,0.09081796006316556,0.09081796006316556,0.08692783689148803,PASS,2026-07-16T20:25:16Z,D20260716.01
HSI,HK,index,2022-03-17,21430.71,21501.23,20786.69,21501.23,20087.5,482621.8,30095861.604914,0.07037859365276922,0.07037859365276922,0.06801241173592207,PASS,2026-07-16T20:25:16Z,D20260716.01
HSI,HK,index,2022-03-18,21232.88,21646.15,20922.37,21412.4,21501.23,459050.92,23668431.389404,-0.0041313915529482825,-0.0041313915529482825,-0.004139949329513502,PASS,2026-07-16T20:25:16Z,D20260716.01
HSI,HK,index,2022-03-21,21823.07,21823.07,21096.31,21221.34,21412.4,234003.41,14903168.198435,-0.00892286712372281,-0.00892286712372281,-0.008962914304341967,PASS,2026-07-16T20:25:16Z,D20260716.01
HSI,HK,index,2022-03-22,21319.19,21906.32,21266.9,21889.28,21221.34,259038.33,14031636.920388,0.03147492099933369,0.03147492099933369,0.030989740096744992,PASS,2026-07-16T20:25:16Z,D20260716.01
HSI,HK,index,2022-03-23,22088.79,22423.51,21983.1,22154.08,21889.28,283572.38,17733707.356987,0.012097245775100962,0.012097245775100962,0.012024658911812836,PASS,2026-07-16T20:25:16Z,D20260716.01
HSI,HK,index,2022-03-24,22002.87,22231.67,21900.13,21945.95,22154.08,240481.98,14995432.493363,-0.00939465777861237,-0.00939465777861237,-0.009439065927754814,PASS,2026-07-16T20:25:16Z,D20260716.01
HSI,HK,index,2022-03-25,21735.61,21944.08,21289.26,21404.88,21945.95,235815.26,14756869.946121,-0.024654662933251914,-0.024654662933251914,-0.02496367883208912,PASS,2026-07-16T20:25:16Z,D20260716.01
HSI,HK,index,2022-03-28,21422.2,21790.97,21202.69,21684.97,21404.88,220027.88,13430643.711539,0.013085333811728939,0.013085333811728939,0.01300046042718377,PASS,2026-07-16T20:25:16Z,D20260716.01
HSI,HK,index,2022-03-29,21771.29,21937.27,21722.17,21927.63,21684.97,225932.81,12510393.694061,0.01119023913798367,0.01119023913798367,0.011128091612664964,PASS,2026-07-16T20:25:16Z,D20260716.01
HSI,HK,index,2022-03-30,22101.63,22391.35,22033.78,22232.03,21927.63,272964.55,15535919.550196,0.013882029202426205,0.013882029202426205,0.013786556391293267,PASS,2026-07-16T20:25:16Z,D20260716.01
HSI,HK,index,2022-03-31,22262.16,22262.16,21922.58,21996.85,22232.03,222628.63,10239519.753268,-0.01057843120938573,-0.01057843120938573,-0.010634780556914442,PASS,2026-07-16T20:25:16Z,D20260716.01
HSI,HK,index,2022-04-01,21693.1,22039.55,21558.05,22039.55,21996.85,193749.78,9459988.609232,0.0019411870335981352,0.0019411870335981352,0.0019393053647690085,PASS,2026-07-16T20:25:16Z,D20260716.01
HSI,HK,index,2022-04-04,22227.11,22523.64,22124.03,22502.31,22039.55,186807.62,10280840.404539,0.02099679893645745,0.02099679893645745,0.02077940395377181,PASS,2026-07-16T20:25:16Z,D20260716.01
HSI,HK,index,2022-04-06,22220.21,22244.99,22015.12,22080.52,22502.31,274977.26,13422188.077665,-0.018744297807647303,-0.018744297807647303,-0.0189221987509613,PASS,2026-07-16T20:25:16Z,D20260716.01
HSI,HK,index,2022-04-07,21910.4,22236.93,21779.19,21808.98,22080.52,207897.32,11733085.976108,-0.012297717626215343,-0.012297717626215343,-0.012373960274142691,PASS,2026-07-16T20:25:16Z,D20260716.01
HSI,HK,index,2022-04-08,21667.53,21872.01,21568.22,21872.01,21808.98,173988.61,10313026.563189,0.0028900938971010426,0.0028900938971010426,0.0028859256049731784,PASS,2026-07-16T20:25:16Z,D20260716.01
HSI,HK,index,2022-04-11,21688.03,21688.03,21132.54,21208.3,21872.01,210490.6,12228230.477762,-0.0303451763235294,-0.0303451763235294,-0.03081512269494057,PASS,2026-07-16T20:25:16Z,D20260716.01
HSI,HK,index,2022-04-12,21279.18,21519.13,20988.2,21319.13,21208.3,204526.52,12835319.012297,0.005225784244847542,0.005225784244847542,0.005212177218695967,PASS,2026-07-16T20:25:16Z,D20260716.01
HSI,HK,index,2022-04-13,21192.62,21531.48,21141.06,21374.37,21319.13,169686.22,10020868.063741,0.0025911001058671612,0.0025911001058671612,0.002587748993451469,PASS,2026-07-16T20:25:16Z,D20260716.01
HSI,HK,index,2022-04-14,21463.35,21587.47,21358.73,21518.08,21374.37,171943.76,9890946.039479,0.006723473019321968,0.006723473019321968,0.006700971278191806,PASS,2026-07-16T20:25:16Z,D20260716.01
HSI,HK,index,2022-04-19,21106.0,21191.8,20896.43,21027.76,21518.08,224008.83,11558648.985813,-0.022786419606210417,-0.022786419606210417,-0.023050042444002543,PASS,2026-07-16T20:25:16Z,D20260716.01
HSI,HK,index,2022-04-20,20972.84,21214.98,20889.02,20944.67,21027.76,187642.91,9803482.735278,-0.0039514432350379325,-0.0039514432350379325,-0.003959270813817567,PASS,2026-07-16T20:25:16Z,D20260716.01
HSI,HK,index,2022-04-21,20780.86,20920.6,20483.86,20682.22,20944.67,222618.58,12008609.995961,-0.012530634285476738,-0.012530634285476738,-0.012609804749296478,PASS,2026-07-16T20:25:16Z,D20260716.01
HSI,HK,index,2022-04-22,20261.61,20709.49,20184.96,20638.52,20682.22,235134.61,10864776.412287,-0.0021129259818336577,-0.0021129259818336577,-0.0021151613592824614,PASS,2026-07-16T20:25:16Z,D20260716.01
HSI,HK,index,2022-04-25,20284.6,20284.6,19784.28,19869.34,20638.52,291229.25,13484306.815993,-0.03726914526816849,-0.03726914526816849,-0.037981392507355216,PASS,2026-07-16T20:25:16Z,D20260716.01
HSI,HK,index,2022-04-26,19989.04,20258.64,19858.36,19934.71,19869.34,256570.66,12279450.30352,0.003289993527716417,0.003289993527716417,0.003284593340156645,PASS,2026-07-16T20:25:16Z,D20260716.01
HSI,HK,index,2022-04-27,19723.46,20053.11,19665.49,19946.36,19934.71,236102.16,12514635.482704,0.0005844077992607222,0.0005844077992607222,0.0005842370995250705,PASS,2026-07-16T20:25:16Z,D20260716.01
HSI,HK,index,2022-04-28,20118.79,20286.83,19956.67,20276.17,19946.36,225566.7,10575399.152965,0.01653484645820069,0.01653484645820069,0.01639963432328511,PASS,2026-07-16T20:25:16Z,D20260716.01
HSI,HK,index,2022-04-29,20271.4,21176.58,20040.07,21089.39,20276.17,272710.85,16511627.981519,0.04010718000490243,0.04010718000490243,0.03932376554022323,PASS,2026-07-16T20:25:16Z,D20260716.01
HSI,HK,index,2022-05-03,20927.62,21291.8,20648.53,21101.89,21089.39,174166.69,10670478.919385,0.0005927151046094536,0.0005927151046094536,0.0005925395183901479,PASS,2026-07-16T20:25:16Z,D20260716.01
HSI,HK,index,2022-05-04,21025.7,21047.13,20772.8,20869.52,21101.89,113990.95,7244771.200599,-0.011011809842625397,-0.011011809842625397,-0.01107288862650055,PASS,2026-07-16T20:25:16Z,D20260716.01
HSI,HK,index,2022-05-05,21163.15,21284.85,20776.97,20793.4,20869.52,182713.62,10072592.141936,-0.0036474245694197993,-0.0036474245694197993,-0.0036540926415459525,PASS,2026-07-16T20:25:16Z,D20260716.01
HSI,HK,index,2022-05-06,20287.06,20320.28,19973.47,20001.96,20793.4,211055.9,11782644.966731,-0.03806207738994116,-0.03806207738994116,-0.038805359909922406,PASS,2026-07-16T20:25:16Z,D20260716.01
HSI,HK,index,2022-05-10,19300.68,19758.63,19178.89,19633.69,20001.96,278565.16,14368027.874206,-0.018411695653825944,-0.018411695653825944,-0.018583300544178952,PASS,2026-07-16T20:25:16Z,D20260716.01
HSI,HK,index,2022-05-11,19511.8,20083.49,19474.03,19824.57,19633.69,195841.9,12615180.006884,0.00972206447183388,0.00972206447183388,0.009675109291934906,PASS,2026-07-16T20:25:16Z,D20260716.01
HSI,HK,index,2022-05-12,19556.89,19731.27,19342.89,19380.34,19824.57,227363.93,11562471.249378,-0.022408052230136644,-0.022408052230136644,-0.02266292733168308,PASS,2026-07-16T20:25:16Z,D20260716.01
HSI,HK,index,2022-05-13,19615.99,19925.44,19608.26,19898.77,19380.34,207526.14,11664820.903322,0.026750304690217108,0.026750304690217108,0.026398770606585353,PASS,2026-07-16T20:25:16Z,D20260716.01
HSI,HK,index,2022-05-16,20131.53,20173.22,19764.96,19950.21,19898.77,179637.03,9301529.753222,0.0025850844047143884,0.0025850844047143884,0.0025817488212977594,PASS,2026-07-16T20:25:16Z,D20260716.01
HSI,HK,index,2022-05-17,20193.6,20626.42,20169.24,20602.52,19950.21,220740.93,12413653.832446,0.03269689892988592,0.03269689892988592,0.032173728814645905,PASS,2026-07-16T20:25:16Z,D20260716.01
HSI,HK,index,2022-05-18,20674.23,20711.93,20389.61,20644.28,20602.52,194597.21,11267550.372476,0.0020269365106790893,0.0020269365106790893,0.002024885046527249,PASS,2026-07-16T20:25:16Z,D20260716.01
HSI,HK,index,2022-05-19,20146.96,20277.94,19924.87,20120.68,20644.28,212094.05,12111452.057909,-0.02536295768125596,-0.02536295768125596,-0.02569014158030878,PASS,2026-07-16T20:25:16Z,D20260716.01
HSI,HK,index,2022-05-20,20470.95,20794.13,20408.68,20717.24,20120.68,217312.43,12266761.750979,0.029649097346610587,0.029649097346610587,0.029218062008427442,PASS,2026-07-16T20:25:16Z,D20260716.01
HSI,HK,index,2022-05-23,20608.65,20642.76,20303.55,20470.06,20717.24,169609.98,10513032.433276,-0.011931125960794042,-0.011931125960794042,-0.012002873097939895,PASS,2026-07-16T20:25:16Z,D20260716.01
HSI,HK,index,2022-05-24,20420.14,20509.62,19989.62,20112.1,20470.06,182520.64,11363899.279791,-0.017487002969214682,-0.017487002969214682,-0.017641706796155593,PASS,2026-07-16T20:25:16Z,D20260716.01
HSI,HK,index,2022-05-25,20115.56,20370.74,20067.98,20171.27,20112.1,209745.68,10340966.816254,0.0029420100337609334,0.0029420100337609334,0.0029376907916702534,PASS,2026-07-16T20:25:16Z,D20260716.01
HSI,HK,index,2022-05-26,20272.22,20272.22,19890.76,20116.2,20171.27,185550.03,9550620.641946,-0.002730120612137954,-0.002730120612137954,-0.002733854188373602,PASS,2026-07-16T20:25:16Z,D20260716.01
HSI,HK,index,2022-05-27,20646.06,20779.75,20494.15,20697.36,20116.2,256582.24,12005516.643837,0.028890148238732927,0.028890148238732927,0.028480695311248753,PASS,2026-07-16T20:25:16Z,D20260716.01
HSI,HK,index,2022-05-30,20933.5,21169.08,20885.02,21123.93,20697.36,260932.65,12881131.227016,0.020609874882593804,0.020609874882593804,0.020400365166861573,PASS,2026-07-16T20:25:16Z,D20260716.01
HSI,HK,index,2022-05-31,21106.41,21415.2,21029.72,21415.2,21123.93,391911.71,24560150.231864,0.01378862740029918,0.01378862740029918,0.013694429199050345,PASS,2026-07-16T20:25:16Z,D20260716.01
HSI,HK,index,2022-06-01,21407.79,21411.95,21154.04,21294.94,21415.2,207347.09,12608207.459293,-0.005615637491127923,-0.005615637491127923,-0.0056314644635151396,PASS,2026-07-16T20:25:16Z,D20260716.01
HSI,HK,index,2022-06-02,21057.04,21115.78,20884.16,21082.13,21294.94,181614.17,10360214.639617,-0.009993453843964661,-0.009993453843964661,-0.010043723596538887,PASS,2026-07-16T20:25:16Z,D20260716.01
HSI,HK,index,2022-06-06,21282.51,21691.92,21030.07,21653.9,21082.13,224470.49,13851571.969492,0.02712107362965699,0.02712107362965699,0.026759814581764307,PASS,2026-07-16T20:25:16Z,D20260716.01
HSI,HK,index,2022-06-07,21577.48,21744.46,21394.59,21531.67,21653.9,214540.18,14008028.395352,-0.00564471065258465,-0.00564471065258465,-0.005660702238737916,PASS,2026-07-16T20:25:16Z,D20260716.01
HSI,HK,index,2022-06-08,21788.89,22064.12,21734.49,22014.59,21531.67,294300.63,18402832.633243,0.022428357856125514,0.022428357856125514,0.022180540813725377,PASS,2026-07-16T20:25:16Z,D20260716.01
HSI,HK,index,2022-06-09,22121.53,22142.82,21737.94,21869.05,22014.59,254454.96,16370260.046807,-0.0066110702038966185,-0.0066110702038966185,-0.0066330201236431945,PASS,2026-07-16T20:25:16Z,D20260716.01
HSI,HK,index,2022-06-10,21522.5,21935.01,21487.91,21806.18,21869.05,268614.83,18034709.519312,-0.0028748390990920303,-0.0028748390990920303,-0.002878979386024634,PASS,2026-07-16T20:25:16Z,D20260716.01
HSI,HK,index,2022-06-13,21162.53,21320.15,20993.76,21067.58,21806.18,260701.16,15939195.946442,-0.03387113194516411,-0.03387113194516411,-0.03445804988363848,PASS,2026-07-16T20:25:16Z,D20260716.01
HSI,HK,index,2022-06-14,20783.54,21175.01,20717.64,21067.99,21067.58,196588.42,13304728.505487,1.9461181588020793e-05,1.9461181588020793e-05,1.946099222168325e-05,PASS,2026-07-16T20:25:16Z,D20260716.01
HSI,HK,index,2022-06-15,21111.32,21431.07,21111.32,21308.21,21067.99,230132.1,14906513.191362,0.011402131859754805,0.011402131859754805,0.01133761749201138,PASS,2026-07-16T20:25:16Z,D20260716.01
HSI,HK,index,2022-06-16,21515.64,21545.84,20697.41,20845.43,21308.21,234110.04,15848584.092345,-0.021718389296895402,-0.021718389296895402,-0.021957704891473095,PASS,2026-07-16T20:25:16Z,D20260716.01
HSI,HK,index,2022-06-17,20716.74,21145.94,20697.17,21075.0,20845.43,309748.01,18631486.937117,0.011012965431751676,0.011012965431751676,0.010952764319853335,PASS,2026-07-16T20:25:16Z,D20260716.01
HSI,HK,index,2022-06-20,20948.8,21175.98,20839.02,21163.91,21075.0,208520.58,13185245.574944,0.0042187425860023,0.0042187425860023,0.004209868640671639,PASS,2026-07-16T20:25:16Z,D20260716.01
HSI,HK,index,2022-06-21,21264.98,21564.87,21175.95,21559.59,21163.91,213339.69,11936168.661809,0.018695978200625518,0.018695978200625518,0.018523356633797748,PASS,2026-07-16T20:25:16Z,D20260716.01
HSI,HK,index,2022-06-22,21469.74,21519.58,21008.34,21008.34,21559.59,247063.12,12694038.899359,-0.02556866804980984,-0.02556866804980984,-0.025901227422173986,PASS,2026-07-16T20:25:16Z,D20260716.01
HSI,HK,index,2022-06-23,21157.58,21443.59,21010.89,21273.87,21008.34,200727.42,12056113.949508,0.012639266120026527,0.012639266120026527,0.012560057325076809,PASS,2026-07-16T20:25:16Z,D20260716.01
HSI,HK,index,2022-06-24,21450.68,21762.67,21408.66,21719.06,21273.87,241082.33,14840482.045496,0.020926610908123644,0.020926610908123644,0.020710656979205516,PASS,2026-07-16T20:25:16Z,D20260716.01
HSI,HK,index,2022-06-27,21976.8,22414.43,21976.8,22229.52,21719.06,299472.92,20000885.444305,0.02350285877933933,0.02350285877933933,0.023230919255843075,PASS,2026-07-16T20:25:16Z,D20260716.01
HSI,HK,index,2022-06-28,22144.63,22449.31,21952.44,22418.97,22229.52,287398.51,17592802.728883,0.008522451227017003,0.008522451227017003,0.008486340164351626,PASS,2026-07-16T20:25:16Z,D20260716.01
HSI,HK,index,2022-06-29,22125.61,22289.07,21844.05,21996.89,22418.97,283448.68,16082680.793109,-0.01882691310082496,-0.01882691310082496,-0.019006395735520123,PASS,2026-07-16T20:25:16Z,D20260716.01
HSI,HK,index,2022-06-30,21917.45,22111.91,21719.17,21859.79,21996.89,282273.01,15146973.795465,-0.006232699258849728,-0.006232699258849728,-0.0062522036142968265,PASS,2026-07-16T20:25:16Z,D20260716.01
HSI,HK,index,2022-07-04,21690.68,21886.35,21458.63,21830.35,21859.79,220370.8,13144548.911355,-0.0013467649963702089,-0.0013467649963702089,-0.0013476726994145884,PASS,2026-07-16T20:25:16Z,D20260716.01
HSI,HK,index,2022-07-05,22053.16,22198.51,21799.19,21853.07,21830.35,214381.0,12261425.625943,0.0010407528967699697,0.0010407528967699697,0.0010402116889504233,PASS,2026-07-16T20:25:16Z,D20260716.01
HSI,HK,index,2022-07-06,21777.64,21833.4,21286.66,21586.66,21853.07,288643.43,14125280.148006,-0.012190964473183907,-0.012190964473183907,-0.01226588379574641,PASS,2026-07-16T20:25:16Z,D20260716.01
HSI,HK,index,2022-07-07,21352.7,21643.58,21200.93,21643.58,21586.66,174459.48,11205825.819328,0.0026368136617709315,0.0026368136617709315,0.0026333433676348984,PASS,2026-07-16T20:25:16Z,D20260716.01
HSI,HK,index,2022-07-08,21961.75,21961.75,21614.65,21725.78,21643.58,156542.02,10585436.962345,0.0037978929548623253,0.0037978929548623253,0.0037906991678164858,PASS,2026-07-16T20:25:16Z,D20260716.01
HSI,HK,index,2022-07-11,21470.77,21470.77,21001.63,21124.2,21725.78,169392.94,11946471.274856,-0.027689684789222624,-0.027689684789222624,-0.02808027114044287,PASS,2026-07-16T20:25:16Z,D20260716.01
HSI,HK,index,2022-07-12,20905.07,21084.09,20779.59,20844.74,21124.2,174524.07,11549067.046576,-0.01322937673379343,-0.01322937673379343,-0.013317664463812488,PASS,2026-07-16T20:25:16Z,D20260716.01
HSI,HK,index,2022-07-13,20911.53,21040.34,20751.48,20797.95,20844.74,205695.93,10839575.410434,-0.0022446909867909204,-0.0022446909867909204,-0.002247214082023885,PASS,2026-07-16T20:25:16Z,D20260716.01
HSI,HK,index,2022-07-14,20818.27,20888.8,20554.15,20751.21,20797.95,237120.48,11281652.628223,-0.0022473368769518887,-0.0022473368769518887,-0.0022498659282684653,PASS,2026-07-16T20:25:16Z,D20260716.01
HSI,HK,index,2022-07-15,20522.11,20656.96,20215.97,20297.72,20751.21,252602.39,12955697.68052,-0.021853665400716316,-0.021853665400716316,-0.0220959937605943,PASS,2026-07-16T20:25:16Z,D20260716.01
HSI,HK,index,2022-07-18,20479.58,20866.33,20294.14,20846.18,20297.72,205360.85,11608891.977442,0.02702076883512028,0.02702076883512028,0.02666215356094982,PASS,2026-07-16T20:25:16Z,D20260716.01
HSI,HK,index,2022-07-19,20719.2,20758.71,20549.44,20661.06,20846.18,128750.12,8398236.806436,-0.008880284061636212,-0.008880284061636212,-0.008919948781398457,PASS,2026-07-16T20:25:16Z,D20260716.01
HSI,HK,index,2022-07-20,20968.42,21111.78,20884.92,20890.22,20661.06,140527.72,8930430.07935,0.011091396085195937,0.011091396085195937,0.011030337619210401,PASS,2026-07-16T20:25:16Z,D20260716.01
HSI,HK,index,2022-07-21,20811.6,20827.61,20527.35,20574.63,20890.22,176041.17,10163934.012498,-0.015107069241013238,-0.015107069241013238,-0.015222343455362022,PASS,2026-07-16T20:25:16Z,D20260716.01
HSI,HK,index,2022-07-22,20717.47,20788.46,20513.8,20609.14,20574.63,132766.02,8514767.711043,0.0016773084133225868,0.0016773084133225868,0.0016759033025492136,PASS,2026-07-16T20:25:16Z,D20260716.01
HSI,HK,index,2022-07-25,20516.34,20595.09,20353.68,20562.94,20609.14,137719.26,8936915.167934,-0.0022417238176848375,-0.0022417238176848375,-0.0022442402419777957,PASS,2026-07-16T20:25:16Z,D20260716.01
HSI,HK,index,2022-07-26,20676.68,20952.45,20631.82,20905.88,20562.94,170116.63,9653785.189871,0.01667757626098232,0.01667757626098232,0.016540032642143692,PASS,2026-07-16T20:25:16Z,D20260716.01
HSI,HK,index,2022-07-27,20684.48,20770.1,20572.42,20670.04,20905.88,172985.86,8723627.896053,-0.011281036722682769,-0.011281036722682769,-0.011345150251537272,PASS,2026-07-16T20:25:16Z,D20260716.01
HSI,HK,index,2022-07-28,20705.46,20772.63,20533.42,20622.68,20670.04,196516.62,9019064.220076,-0.0022912389139063682,-0.0022912389139063682,-0.002293867818186195,PASS,2026-07-16T20:25:16Z,D20260716.01
HSI,HK,index,2022-07-29,20647.45,20647.45,20050.05,20156.51,20622.68,218172.64,12964113.670313,-0.022604724507193197,-0.022604724507193197,-0.022864127907707095,PASS,2026-07-16T20:25:16Z,D20260716.01
HSI,HK,index,2022-08-01,20026.6,20251.43,19883.92,20165.84,20156.51,197070.74,11488524.950124,0.0004628777501660686,0.0004628777501660686,0.0004627706553068797,PASS,2026-07-16T20:25:16Z,D20260716.01
HSI,HK,index,2022-08-02,19943.16,19943.16,19515.54,19689.21,20165.84,229121.15,11808934.517484,-0.023635514315297645,-0.023635514315297645,-0.0239193138361191,PASS,2026-07-16T20:25:16Z,D20260716.01
HSI,HK,index,2022-08-03,19865.69,19921.91,19685.48,19767.09,19689.21,178974.31,9551773.185122,0.003955465963337401,0.003955465963337401,0.003947663675532214,PASS,2026-07-16T20:25:16Z,D20260716.01
HSI,HK,index,2022-08-04,20011.25,20216.58,19995.46,20174.04,19767.09,192440.95,8893859.584951,0.02058724880596996,0.02058724880596996,0.02037819574837456,PASS,2026-07-16T20:25:16Z,D20260716.01
HSI,HK,index,2022-08-05,20283.59,20283.59,20096.54,20201.94,20174.04,163542.4,8516996.147796,0.0013829654347863318,0.0013829654347863318,0.0013820100188594504,PASS,2026-07-16T20:25:16Z,D20260716.01
HSI,HK,index,2022-08-08,20065.35,20171.89,19954.04,20045.77,20201.94,137694.22,7492578.260685,-0.0077304456898692475,-0.0077304456898692475,-0.007760480473455114,PASS,2026-07-16T20:25:16Z,D20260716.01
HSI,HK,index,2022-08-09,20039.3,20250.87,19856.23,20003.44,20045.77,149720.76,8218388.453416,-0.0021116674490428977,-0.0021116674490428977,-0.0021139001624698164,PASS,2026-07-16T20:25:16Z,D20260716.01
HSI,HK,index,2022-08-10,19956.51,19956.51,19469.11,19610.84,20003.44,173031.8,8927238.555613,-0.019626624220633992,-0.019626624220633992,-0.019821784184718402,PASS,2026-07-16T20:25:16Z,D20260716.01
HSI,HK,index,2022-08-11,19840.57,20082.43,19789.96,20082.43,19610.84,160082.29,8271421.754199,0.024047414593153515,0.024047414593153515,0.023762828858977184,PASS,2026-07-16T20:25:16Z,D20260716.01
HSI,HK,index,2022-08-12,20158.29,20208.02,20011.38,20175.62,20082.43,156785.46,7499478.504207,0.004640374695691563,0.004640374695691563,0.004629641348726034,PASS,2026-07-16T20:25:16Z,D20260716.01
HSI,HK,index,2022-08-15,20038.48,20260.66,19984.04,20040.86,20175.62,139335.85,7379400.929197,-0.006679348639595628,-0.006679348639595628,-0.006701755319137792,PASS,2026-07-16T20:25:16Z,D20260716.01
HSI,HK,index,2022-08-16,20107.14,20173.4,19662.61,19830.52,20040.86,194779.28,9869626.668772,-0.010495557575872505,-0.010495557575872505,-0.010551024385039373,PASS,2026-07-16T20:25:16Z,D20260716.01
HSI,HK,index,2022-08-17,19995.77,20069.85,19800.58,19922.45,19830.52,141179.77,8419536.691323,0.004635783630484669,0.004635783630484669,0.004625071478936978,PASS,2026-07-16T20:25:16Z,D20260716.01
HSI,HK,index,2022-08-18,19991.94,19991.94,19675.46,19763.91,19922.45,158662.47,8933572.528256,-0.007957856588923562,-0.007957856588923562,-0.00798968932235833,PASS,2026-07-16T20:25:16Z,D20260716.01
HSI,HK,index,2022-08-19,19656.8,19898.18,19656.8,19773.03,19763.91,139980.23,8216589.658094,0.0004614471529165165,0.0004614471529165165,0.0004613407189202334,PASS,2026-07-16T20:25:16Z,D20260716.01
HSI,HK,index,2022-08-22,19572.42,19825.93,19564.19,19656.98,19773.03,159611.19,8308737.909908,-0.005869105544269115,-0.005869105544269115,-0.005886396432104458,PASS,2026-07-16T20:25:16Z,D20260716.01
HSI,HK,index,2022-08-23,19644.23,19701.55,19377.09,19503.25,19656.98,184747.94,8663052.493713,-0.007820631653489007,-0.007820631653489007,-0.007851373176867318,PASS,2026-07-16T20:25:16Z,D20260716.01
HSI,HK,index,2022-08-24,19542.24,19542.24,19189.54,19268.74,19503.25,199756.85,9912807.095175,-0.012024149821183605,-0.012024149821183605,-0.012097024671857427,PASS,2026-07-16T20:25:16Z,D20260716.01
HSI,HK,index,2022-08-25,19516.9,19990.31,19418.46,19968.38,19268.74,168429.94,9063298.920059,0.036309587445779945,0.036309587445779945,0.03566592877749387,PASS,2026-07-16T20:25:16Z,D20260716.01
HSI,HK,index,2022-08-26,20138.69,20185.15,20050.97,20170.04,19968.38,186893.78,10277763.776938,0.01009896646598274,0.01009896646598274,0.010048312652777685,PASS,2026-07-16T20:25:16Z,D20260716.01
HSI,HK,index,2022-08-29,19960.29,20073.94,19889.67,20023.22,20170.04,159520.47,9178983.08242,-0.007279112981431801,-0.007279112981431801,-0.0073057349927533955,PASS,2026-07-16T20:25:16Z,D20260716.01
HSI,HK,index,2022-08-30,20062.73,20062.73,19645.57,19949.03,20023.22,165892.54,9613800.743725,-0.0037051982648146353,-0.0037051982648146353,-0.0037120795147610203,PASS,2026-07-16T20:25:16Z,D20260716.01
HSI,HK,index,2022-08-31,19589.85,20173.02,19564.84,19954.39,19949.03,278330.51,13655446.134597,0.0002686847430677375,0.0002686847430677375,0.00026864865378644026,PASS,2026-07-16T20:25:16Z,D20260716.01
HSI,HK,index,2022-09-01,19761.72,19839.51,19532.86,19597.31,19954.39,200025.89,10564632.711717,-0.01789480911218022,-0.01789480911218022,-0.018056857334138445,PASS,2026-07-16T20:25:16Z,D20260716.01
HSI,HK,index,2022-09-02,19572.47,19630.8,19342.49,19452.09,19597.31,209556.08,11020077.979644,-0.007410200685706414,-0.007410200685706414,-0.00743779261513718,PASS,2026-07-16T20:25:16Z,D20260716.01
HSI,HK,index,2022-09-05,19299.09,19299.09,19064.79,19225.7,19452.09,218108.45,9844048.898602,-0.011638338091176759,-0.011638338091176759,-0.011706593652309267,PASS,2026-07-16T20:25:16Z,D20260716.01
HSI,HK,index,2022-09-06,19261.7,19358.02,19107.6,19202.73,19225.7,171631.9,8221855.393677,-0.0011947549374015098,-0.0011947549374015098,-0.0011954692260716902,PASS,2026-07-16T20:25:16Z,D20260716.01
HSI,HK,index,2022-09-07,18915.87,19068.9,18818.78,19044.3,19202.73,183959.25,8612989.288485,-0.008250389397757574,-0.008250389397757574,-0.008284612224787545,PASS,2026-07-16T20:25:16Z,D20260716.01
HSI,HK,index,2022-09-08,19043.84,19075.74,18803.76,18854.62,19044.3,171813.17,8001632.335614,-0.009959935518764174,-0.009959935518764174,-0.010009867499390849,PASS,2026-07-16T20:25:16Z,D20260716.01
HSI,HK,index,2022-09-09,18893.65,19417.56,18893.65,19362.25,18854.62,199483.4,9227750.06374,0.026923374748470286,0.026923374748470286,0.02656731740191673,PASS,2026-07-16T20:25:16Z,D20260716.01
HSI,HK,index,2022-09-13,19404.64,19492.06,19296.25,19326.86,19362.25,178722.3,9498588.89395,-0.001827783444589337,-0.001827783444589337,-0.0018294558789587688,PASS,2026-07-16T20:25:16Z,D20260716.01
HSI,HK,index,2022-09-14,18933.3,18989.22,18797.79,18847.1,19326.86,173197.66,9377014.010489,-0.024823484001022522,-0.024823484001022522,-0.025136782320190853,PASS,2026-07-16T20:25:16Z,D20260716.01
HSI,HK,index,2022-09-15,18833.9,19013.03,18833.9,18930.38,18847.1,179732.77,8185474.998583,0.004418716937884426,0.004418716937884426,0.0044089830717947325,PASS,2026-07-16T20:25:16Z,D20260716.01
HSI,HK,index,2022-09-16,18732.44,18905.28,18678.22,18761.69,18930.38,279391.95,12394270.784205,-0.008911073100487221,-0.008911073100487221,-0.008951014167945663,PASS,2026-07-16T20:25:16Z,D20260716.01
HSI,HK,index,2022-09-19,18695.35,18697.09,18494.54,18565.97,18761.69,174574.95,9104370.76089,-0.010431896060535961,-0.010431896060535961,-0.010486689688996548,PASS,2026-07-16T20:25:16Z,D20260716.01
HSI,HK,index,2022-09-20,18700.68,18861.47,18685.46,18781.42,18565.97,147816.94,7301225.568591,0.011604564695515407,0.011604564695515407,0.011537748155721944,PASS,2026-07-16T20:25:16Z,D20260716.01
HSI,HK,index,2022-09-21,18638.85,18638.85,18434.65,18444.62,18781.42,162937.54,8130279.459615,-0.017932616383638633,-0.017932616383638633,-0.01809535422789802,PASS,2026-07-16T20:25:16Z,D20260716.01
HSI,HK,index,2022-09-22,18080.93,18195.09,17965.33,18147.95,18444.62,172913.41,8519345.830191,-0.01608436498014043,-0.01608436498014043,-0.016215122373925847,PASS,2026-07-16T20:25:16Z,D20260716.01
HSI,HK,index,2022-09-23,18055.59,18165.95,17926.29,17933.27,18147.95,177679.54,8081133.82521,-0.0118294352805689,-0.0118294352805689,-0.011899959778510575,PASS,2026-07-16T20:25:16Z,D20260716.01
HSI,HK,index,2022-09-26,17781.87,18077.64,17727.4,17855.14,17933.27,255709.66,10435444.167994,-0.004356706835953572,-0.004356706835953572,-0.004366224938295323,PASS,2026-07-16T20:25:16Z,D20260716.01
HSI,HK,index,2022-09-27,17838.65,17904.21,17648.42,17860.31,17855.14,190050.0,9752856.227034,0.00028955247620587876,0.00028955247620587876,0.00028951056397797135,PASS,2026-07-16T20:25:16Z,D20260716.01
HSI,HK,index,2022-09-28,17703.39,17703.39,17184.54,17250.88,17860.31,294845.73,10875155.775374,-0.034122028117093195,-0.034122028117093195,-0.03471777585163512,PASS,2026-07-16T20:25:16Z,D20260716.01
HSI,HK,index,2022-09-29,17570.17,17629.67,17046.83,17165.87,17250.88,253466.56,9168357.848612,-0.004927864549518768,-0.004927864549518768,-0.004940046511210796,PASS,2026-07-16T20:25:16Z,D20260716.01
HSI,HK,index,2022-09-30,17165.93,17344.81,17016.28,17222.83,17165.87,211394.25,8490997.562015,0.00331821224324802,0.00331821224324802,0.0033127191252025814,PASS,2026-07-16T20:25:16Z,D20260716.01
HSI,HK,index,2022-10-03,17050.25,17252.11,16906.96,17079.51,17222.83,136100.16,6333089.554996,-0.008321512782742624,-0.008321512782742624,-0.008356329858609235,PASS,2026-07-16T20:25:16Z,D20260716.01
HSI,HK,index,2022-10-05,17811.97,18164.2,17682.85,18087.97,17079.51,225610.77,10546760.263286,0.059045019441424484,0.059045019441424484,0.05736757699182337,PASS,2026-07-16T20:25:16Z,D20260716.01
HSI,HK,index,2022-10-06,18100.48,18143.85,17958.14,18012.15,18087.97,108236.8,6249631.582948,-0.004191736275546698,-0.004191736275546698,-0.004200546230004782,PASS,2026-07-16T20:25:16Z,D20260716.01
HSI,HK,index,2022-10-07,17851.62,17881.87,17717.73,17740.05,18012.15,112925.1,5700057.267688,-0.015106469799552102,-0.015106469799552102,-0.015221734819377343,PASS,2026-07-16T20:25:16Z,D20260716.01
HSI,HK,index,2022-10-10,17449.36,17449.36,17174.61,17216.66,17740.05,177182.43,9510533.411177,-0.02950329903241533,-0.02950329903241533,-0.02994727569097274,PASS,2026-07-16T20:25:16Z,D20260716.01
HSI,HK,index,2022-10-11,17194.73,17206.51,16789.97,16832.36,17216.66,179769.35,9121046.685866,-0.022321402641394927,-0.022321402641394927,-0.02257429551649584,PASS,2026-07-16T20:25:16Z,D20260716.01
HSI,HK,index,2022-10-12,16758.27,17040.7,16438.6,16701.03,16832.36,240743.14,11280223.335766,-0.007802233317253271,-0.007802233317253271,-0.007832829991792781,PASS,2026-07-16T20:25:16Z,D20260716.01
HSI,HK,index,2022-10-13,16700.65,16736.59,16389.11,16389.11,16701.03,224193.4,8499178.979361,-0.018676692395618644,-0.018676692395618644,-0.018853304289420714,PASS,2026-07-16T20:25:16Z,D20260716.01
HSI,HK,index,2022-10-14,16671.68,17028.68,16535.37,16587.69,16389.11,232266.51,10193560.838185,0.012116582291533673,0.012116582291533673,0.012043764123095546,PASS,2026-07-16T20:25:16Z,D20260716.01
HSI,HK,index,2022-10-17,16479.74,16754.52,16308.95,16612.9,16587.69,206124.79,9576280.934227,0.0015198017324897783,0.0015198017324897783,0.0015186480026492168,PASS,2026-07-16T20:25:16Z,D20260716.01
HSI,HK,index,2022-10-18,16860.2,16914.58,16558.41,16914.58,16612.9,197128.2,9975627.91436,0.018159382166870408,0.018159382166870408,0.017996469888072235,PASS,2026-07-16T20:25:16Z,D20260716.01
HSI,HK,index,2022-10-19,16805.91,16923.12,16508.37,16511.28,16914.58,171397.49,8475120.169068,-0.02384333515818915,-0.02384333515818915,-0.024132188194607104,PASS,2026-07-16T20:25:16Z,D20260716.01
HSI,HK,index,2022-10-20,16230.79,16452.97,16010.72,16280.22,16511.28,229526.86,12677574.7725,-0.013994069508844853,-0.013994069508844853,-0.014092909700677938,PASS,2026-07-16T20:25:16Z,D20260716.01
HSI,HK,index,2022-10-21,16331.11,16359.04,16137.18,16211.12,16280.22,205241.31,9397025.79025,-0.004244414387520434,-0.004244414387520434,-0.004253447483463023,PASS,2026-07-16T20:25:16Z,D20260716.01
HSI,HK,index,2022-10-24,15894.75,15993.88,15082.84,15180.69,16211.12,359735.75,16175253.328631,-0.06356315911547139,-0.06356315911547139,-0.06567320103322608,PASS,2026-07-16T20:25:16Z,D20260716.01
HSI,HK,index,2022-10-25,15242.1,15435.37,14947.39,15165.59,15180.69,327532.56,14344885.218565,-0.0009946846948327703,-0.0009946846948327703,-0.00099517972194499,PASS,2026-07-16T20:25:16Z,D20260716.01
HSI,HK,index,2022-10-26,15096.32,15584.06,15041.4,15317.67,15165.59,271864.08,13075120.750274,0.010027964622543628,0.010027964622543628,0.009978018214962244,PASS,2026-07-16T20:25:16Z,D20260716.01
HSI,HK,index,2022-10-27,15721.27,15833.28,15410.97,15427.94,15317.67,252617.32,12293551.767287,0.00719887554699894,0.00719887554699894,0.007173087332562771,PASS,2026-07-16T20:25:16Z,D20260716.01
HSI,HK,index,2022-10-28,15424.94,15441.99,14770.09,14863.06,15427.94,305125.85,12461969.116974,-0.03661409105817115,-0.03661409105817115,-0.03730121127680215,PASS,2026-07-16T20:25:16Z,D20260716.01
HSI,HK,index,2022-10-31,14830.69,15113.15,14597.31,14687.02,14863.06,418364.17,13099193.373362,-0.0118441290016994,-0.0118441290016994,-0.011914829509406456,PASS,2026-07-16T20:25:16Z,D20260716.01
HSI,HK,index,2022-11-01,14859.92,15632.85,14859.92,15455.27,14687.02,378735.9,15381163.997312,0.052308092451702315,0.052308092451702315,0.05098593498660605,PASS,2026-07-16T20:25:16Z,D20260716.01
HSI,HK,index,2022-11-02,15389.55,15867.24,15276.76,15827.17,15455.27,277463.82,10601662.962724,0.02406298951749153,0.02406298951749153,0.023778037926132017,PASS,2026-07-16T20:25:16Z,D20260716.01
HSI,HK,index,2022-11-03,15477.74,15623.18,15301.67,15339.49,15827.17,254480.52,9865335.56792,-0.03081283640726673,-0.03081283640726673,-0.03129753446018767,PASS,2026-07-16T20:25:16Z,D20260716.01
HSI,HK,index,2022-11-04,15442.76,16513.16,15442.76,16161.14,15339.49,395112.11,18864523.046776,0.05356436230930761,0.05356436230930761,0.05217904618742127,PASS,2026-07-16T20:25:16Z,D20260716.01
HSI,HK,index,2022-11-07,16031.79,16821.89,15980.85,16595.91,16161.14,322783.01,14859583.088083,0.026902186355665547,0.026902186355665547,0.02654668430316992,PASS,2026-07-16T20:25:16Z,D20260716.01
HSI,HK,index,2022-11-08,16640.6,16719.01,16429.81,16557.31,16595.91,207120.87,10472934.426753,-0.0023258742666113497,-0.0023258742666113497,-0.002328583313580331,PASS,2026-07-16T20:25:16Z,D20260716.01
HSI,HK,index,2022-11-09,16552.8,16730.2,16213.03,16358.52,16557.31,327096.51,11129670.22748,-0.012006177331945866,-0.012006177331945866,-0.01207883361408442,PASS,2026-07-16T20:25:16Z,D20260716.01
HSI,HK,index,2022-11-10,16138.22,16138.22,15945.2,16081.04,16358.52,220474.78,9210859.981973,-0.01696241469277171,-0.01696241469277171,-0.01710792425846621,PASS,2026-07-16T20:25:16Z,D20260716.01
HSI,HK,index,2022-11-11,17120.05,17368.04,16829.0,17325.66,16081.04,511256.6,18258593.053673,0.07739673553451754,0.07739673553451754,0.07454770131216336,PASS,2026-07-16T20:25:16Z,D20260716.01
HSI,HK,index,2022-11-14,17999.26,18011.64,17518.88,17619.71,17325.66,554751.79,20490780.023801,0.016971936422623957,0.016971936422623957,0.016829522214325595,PASS,2026-07-16T20:25:16Z,D20260716.01
HSI,HK,index,2022-11-15,17665.8,18356.78,17552.3,18343.12,17619.71,490002.22,20508915.93347,0.041056861889327445,0.041056861889327445,0.040236410513156864,PASS,2026-07-16T20:25:16Z,D20260716.01
HSI,HK,index,2022-11-16,18169.21,18414.09,18031.87,18256.48,18343.12,391838.71,17329500.445996,-0.004723296800108079,-0.004723296800108079,-0.004734486816187954,PASS,2026-07-16T20:25:16Z,D20260716.01
HSI,HK,index,2022-11-17,18071.6,18220.81,17711.84,18045.66,18256.48,293044.85,15256317.208587,-0.011547680604366173,-0.011547680604366173,-0.011614872845261637,PASS,2026-07-16T20:25:16Z,D20260716.01
HSI,HK,index,2022-11-18,18316.36,18378.06,17910.19,17992.54,18045.66,279287.42,13954750.56913,-0.002943644067326945,-0.002943644067326945,-0.0029479851086044602,PASS,2026-07-16T20:25:16Z,D20260716.01
HSI,HK,index,2022-11-21,17654.15,17746.34,17389.45,17655.91,17992.54,223098.35,11029456.836511,-0.01870942068212722,-0.01870942068212722,-0.018886656021750436,PASS,2026-07-16T20:25:16Z,D20260716.01
HSI,HK,index,2022-11-22,17625.19,17751.93,17287.6,17424.41,17655.91,302490.2,12719650.991914,-0.013111756913124273,-0.013111756913124273,-0.013198474848207095,PASS,2026-07-16T20:25:16Z,D20260716.01
HSI,HK,index,2022-11-23,17460.9,17640.84,17375.96,17523.81,17424.41,242376.44,9631238.222578,0.005704640788411375,0.005704640788411375,0.005688430943493038,PASS,2026-07-16T20:25:16Z,D20260716.01
HSI,HK,index,2022-11-24,17684.53,17759.24,17517.12,17660.9,17523.81,291041.93,8613138.008985,0.007823070439590518,0.007823070439590518,0.00779262888524938,PASS,2026-07-16T20:25:16Z,D20260716.01
HSI,HK,index,2022-11-25,17673.2,17673.2,17412.04,17573.58,17660.9,317671.14,9479826.740976,-0.004944255389023211,-0.004944255389023211,-0.004956518658221076,PASS,2026-07-16T20:25:16Z,D20260716.01
HSI,HK,index,2022-11-28,17000.23,17364.21,16833.68,17297.94,17573.58,279925.4,11828691.206507,-0.015684908823358823,-0.015684908823358823,-0.01580921857723226,PASS,2026-07-16T20:25:16Z,D20260716.01
HSI,HK,index,2022-11-29,17558.6,18204.68,17536.45,18204.68,17297.94,427339.47,16675666.630141,0.052418958558071216,0.052418958558071216,0.05109128461511797,PASS,2026-07-16T20:25:16Z,D20260716.01
HSI,HK,index,2022-11-30,18141.56,18645.35,18052.32,18597.23,18204.68,535965.08,22208861.364051,0.021563136512149583,0.021563136512149583,0.02133394101324927,PASS,2026-07-16T20:25:16Z,D20260716.01
HSI,HK,index,2022-12-01,19058.9,19237.45,18679.35,18736.44,18597.23,426200.03,19856333.056356,0.007485523381707937,0.007485523381707937,0.0074576458835652615,PASS,2026-07-16T20:25:16Z,D20260716.01
HSI,HK,index,2022-12-02,18785.28,18841.22,18530.82,18675.35,18736.44,375739.4,14277514.891484,-0.0032604913206564223,-0.0032604913206564223,-0.003265818304690867,PASS,2026-07-16T20:25:16Z,D20260716.01
HSI,HK,index,2022-12-05,19221.68,19539.6,19035.14,19518.29,18675.35,489014.23,22298078.223325,0.04513650346579867,0.04513650346579867,0.044147502212152426,PASS,2026-07-16T20:25:16Z,D20260716.01
HSI,HK,index,2022-12-06,19211.7,19569.67,19202.87,19441.18,19518.29,355207.85,16500386.180345,-0.003950653464007359,-0.003950653464007359,-0.0039584779099856165,PASS,2026-07-16T20:25:16Z,D20260716.01
HSI,HK,index,2022-12-07,19380.8,19737.31,18799.81,18814.82,19441.18,530886.62,20741641.690568,-0.032218208977027096,-0.032218208977027096,-0.032748639613958866,PASS,2026-07-16T20:25:16Z,D20260716.01
HSI,HK,index,2022-12-08,18965.05,19521.6,18965.05,19450.23,18814.82,285616.66,16069411.563113,0.033771782031398745,0.033771782031398745,0.03321403802267438,PASS,2026-07-16T20:25:16Z,D20260716.01
HSI,HK,index,2022-12-09,19484.23,19926.48,19404.5,19900.87,19450.23,402327.75,19944692.638507,0.023168877694505374,0.023168877694505374,0.02290455418044135,PASS,2026-07-16T20:25:16Z,D20260716.01
HSI,HK,index,2022-12-12,19594.52,19718.08,19366.22,19463.63,19900.87,311519.85,15875137.821273,-0.021970898759702373,-0.021970898759702373,-0.02221585352059184,PASS,2026-07-16T20:25:16Z,D20260716.01
HSI,HK,index,2022-12-13,19458.02,19707.75,19382.3,19596.2,19463.63,258411.73,12408817.910461,0.006811165234850813,0.006811165234850813,0.0067880740415793995,PASS,2026-07-16T20:25:16Z,D20260716.01
HSI,HK,index,2022-12-14,19775.33,19859.75,19528.71,19673.45,19596.2,275865.61,13636407.326327,0.003942090813525034,0.003942090813525034,0.0039343411334857616,PASS,2026-07-16T20:25:16Z,D20260716.01
HSI,HK,index,2022-12-15,19612.67,19675.68,19233.86,19368.59,19673.45,224339.4,10561778.215414,-0.015496011121587716,-0.015496011121587716,-0.015617329231721192,PASS,2026-07-16T20:25:16Z,D20260716.01
HSI,HK,index,2022-12-16,19343.7,19621.13,19130.53,19450.67,19368.59,287597.86,13602619.434036,0.00423778912145889,0.00423778912145889,0.004228834981397938,PASS,2026-07-16T20:25:16Z,D20260716.01
HSI,HK,index,2022-12-19,19472.21,19786.29,19255.95,19352.81,19450.67,223822.47,10066536.170566,-0.005031189156980087,-0.005031189156980087,-0.005043888201248994,PASS,2026-07-16T20:25:16Z,D20260716.01
HSI,HK,index,2022-12-20,19156.94,19283.14,18885.2,19094.8,19352.81,193851.69,9625791.980086,-0.013331914073460238,-0.013331914073460238,-0.01342158189411467,PASS,2026-07-16T20:25:16Z,D20260716.01
HSI,HK,index,2022-12-21,19190.91,19255.74,19063.3,19160.49,19094.8,134843.1,6928608.375752,0.003440203615644233,0.003440203615644233,0.0034342996518692873,PASS,2026-07-16T20:25:16Z,D20260716.01
HSI,HK,index,2022-12-22,19537.45,19735.0,19475.68,19679.22,19160.49,193979.51,10146909.163845,0.02707289844883931,0.02707289844883931,0.026712910363875124,PASS,2026-07-16T20:25:16Z,D20260716.01
HSI,HK,index,2022-12-23,19382.23,19686.77,19380.47,19593.06,19679.22,136374.18,7995911.783587,-0.0043782223075914395,-0.0043782223075914395,-0.004387834790196608,PASS,2026-07-16T20:25:16Z,D20260716.01
HSI,HK,index,2022-12-28,19787.94,20099.77,19787.94,19898.91,19593.06,282378.06,12195263.132342,0.01561011909318899,0.01561011909318899,0.015489534458840949,PASS,2026-07-16T20:25:16Z,D20260716.01
HSI,HK,index,2022-12-29,19648.4,19764.52,19539.84,19741.14,19898.91,290236.29,9075267.782954,-0.00792857498224775,-0.00792857498224775,-0.007960173263253784,PASS,2026-07-16T20:25:16Z,D20260716.01
HSI,HK,index,2022-12-30,20030.85,20073.92,19781.41,19781.41,19741.14,174770.68,8702025.067574,0.002039902457507514,0.002039902457507514,0.00203782468164968,PASS,2026-07-16T20:25:16Z,D20260716.01
HSI,HK,index,2023-01-03,19570.43,20212.55,19303.73,20145.29,19781.41,228665.11,12065271.823741,0.018395048684598292,0.018395048684598292,0.018227906392012147,PASS,2026-07-16T20:25:16Z,D20260716.01
HSI,HK,index,2023-01-04,20319.98,20793.11,20233.39,20793.11,20145.29,301598.63,14963602.422476,0.03215739262130257,0.03215739262130257,0.031651167660507545,PASS,2026-07-16T20:25:16Z,D20260716.01
HSI,HK,index,2023-01-05,21295.87,21396.09,20962.4,21052.17,20793.11,287537.24,17416385.02577,0.012458934714431713,0.012458934714431713,0.01238196086931268,PASS,2026-07-16T20:25:16Z,D20260716.01
HSI,HK,index,2023-01-06,21220.89,21282.71,20862.77,20991.64,21052.17,275445.95,14827509.142881,-0.002875238039593997,-0.002875238039593997,-0.00287937947680302,PASS,2026-07-16T20:25:16Z,D20260716.01
HSI,HK,index,2023-01-09,21295.94,21470.69,21216.92,21388.34,20991.64,269792.44,15642273.705622,0.018897999394044573,0.018897999394044573,0.0187216505002917,PASS,2026-07-16T20:25:16Z,D20260716.01
HSI,HK,index,2023-01-10,21370.42,21395.42,21187.73,21331.46,21388.34,254315.97,13135583.711672,-0.002659392921563808,-0.002659392921563808,-0.002662935388854912,PASS,2026-07-16T20:25:16Z,D20260716.01
HSI,HK,index,2023-01-11,21463.82,21686.3,21327.41,21436.05,21331.46,297131.32,16584693.320112,0.004903086802309886,0.004903086802309886,0.0048911058187894475,PASS,2026-07-16T20:25:16Z,D20260716.01
HSI,HK,index,2023-01-12,21599.82,21698.94,21223.84,21514.1,21436.05,283462.75,15958355.325883,0.003641062602484979,0.003641062602484979,0.0036344499805002293,PASS,2026-07-16T20:25:16Z,D20260716.01
HSI,HK,index,2023-01-13,21605.07,21770.08,21474.98,21738.66,21514.1,246360.42,13301074.638375,0.010437805904035091,0.010437805904035091,0.010383708123785368,PASS,2026-07-16T20:25:16Z,D20260716.01
HSI,HK,index,2023-01-16,21818.65,21947.55,21572.51,21746.72,21738.66,255909.18,14076955.764143,0.000370768023420176,0.000370768023420176,0.00037069930594155166,PASS,2026-07-16T20:25:16Z,D20260716.01
HSI,HK,index,2023-01-17,21678.05,21797.62,21417.25,21577.64,21746.72,230753.42,12672004.254676,-0.007774965604008366,-0.007774965604008366,-0.007805348234143354,PASS,2026-07-16T20:25:16Z,D20260716.01
HSI,HK,index,2023-01-18,21514.8,21691.67,21422.19,21678.0,21577.64,248534.67,12783447.971703,0.004651111057557777,0.004651111057557777,0.004640328062866259,PASS,2026-07-16T20:25:16Z,D20260716.01
HSI,HK,index,2023-01-19,21452.26,21754.08,21383.03,21650.98,21678.0,166491.55,9259685.885309,-0.0012464249469508193,-0.0012464249469508193,-0.0012472023806006185,PASS,2026-07-16T20:25:16Z,D20260716.01
HSI,HK,index,2023-01-20,21812.46,22051.77,21754.35,22044.65,21650.98,195624.19,9513261.072471,0.018182548780701913,0.018182548780701913,0.018019223054895967,PASS,2026-07-16T20:25:16Z,D20260716.01
HSI,HK,index,2023-01-26,22386.37,22566.78,22329.07,22566.78,22044.65,245507.97,11955451.300063,0.02368511180717303,0.02368511180717303,0.023408971326228167,PASS,2026-07-16T20:25:16Z,D20260716.01
HSI,HK,index,2023-01-27,22614.92,22700.85,22483.78,22688.9,22566.78,201214.1,9725008.086773,0.0054114942406493505,0.0054114942406493505,0.005396904716108921,PASS,2026-07-16T20:25:16Z,D20260716.01
HSI,HK,index,2023-01-30,22579.88,22623.81,21992.51,22069.73,22688.9,380278.04,20324759.938003,-0.027289555685820033,-0.027289555685820033,-0.027668831717919805,PASS,2026-07-16T20:25:16Z,D20260716.01
HSI,HK,index,2023-01-31,22190.27,22284.32,21631.55,21842.33,22069.73,330437.22,17382184.083859,-0.01030370557319904,-0.01030370557319904,-0.010357156224319495,PASS,2026-07-16T20:25:16Z,D20260716.01
HSI,HK,index,2023-02-01,21920.8,22072.18,21703.6,22072.18,21842.33,254857.1,15557434.708955,0.010523144737763612,0.010523144737763612,0.010468161842450384,PASS,2026-07-16T20:25:16Z,D20260716.01
HSI,HK,index,2023-02-02,22276.23,22311.96,21930.53,21958.36,22072.18,240124.56,14005098.457059,-0.005156717641845998,-0.005156717641845998,-0.005170059396470236,PASS,2026-07-16T20:25:16Z,D20260716.01
HSI,HK,index,2023-02-03,21811.08,21820.78,21459.65,21660.47,21958.36,241466.47,12996036.215042,-0.013566131532591674,-0.013566131532591674,-0.013658992292203796,PASS,2026-07-16T20:25:16Z,D20260716.01
HSI,HK,index,2023-02-06,21349.17,21349.17,21085.72,21222.16,21660.47,231446.98,13602011.893153,-0.02023547965487371,-0.02023547965487371,-0.020443021552788394,PASS,2026-07-16T20:25:16Z,D20260716.01
HSI,HK,index,2023-02-07,21288.39,21512.21,21259.21,21298.7,21222.16,177794.2,10377655.012924,0.0036066074329852427,0.0036066074329852427,0.003600119220009162,PASS,2026-07-16T20:25:16Z,D20260716.01
HSI,HK,index,2023-02-08,21283.9,21443.48,21178.87,21283.52,21298.7,189449.89,11560136.64537,-0.0007127195556536625,-0.0007127195556536625,-0.0007129736609805656,PASS,2026-07-16T20:25:16Z,D20260716.01
HSI,HK,index,2023-02-09,21154.25,21637.55,21151.27,21624.36,21283.52,193382.97,11776466.001128,0.016014268316518976,0.016014268316518976,0.0158873926763005,PASS,2026-07-16T20:25:16Z,D20260716.01
HSI,HK,index,2023-02-10,21559.44,21579.99,21157.52,21190.42,21624.36,178269.2,11978075.413661,-0.02006718349121095,-0.02006718349121095,-0.02027126425036058,PASS,2026-07-16T20:25:16Z,D20260716.01
HSI,HK,index,2023-02-13,20910.08,21230.15,20799.91,21164.42,21190.42,177263.4,11207397.248699,-0.0012269695456720298,-0.0012269695456720298,-0.0012277228890877003,PASS,2026-07-16T20:25:16Z,D20260716.01
HSI,HK,index,2023-02-14,21235.92,21237.88,21074.94,21113.76,21164.42,140873.22,9767062.905746,-0.0023936398918562585,-0.0023936398918562585,-0.0023965092275075486,PASS,2026-07-16T20:25:16Z,D20260716.01
HSI,HK,index,2023-02-15,21116.84,21117.58,20726.83,20812.17,21113.76,214302.42,11231293.700965,-0.01428404983290521,-0.01428404983290521,-0.014387048878211694,PASS,2026-07-16T20:25:16Z,D20260716.01
HSI,HK,index,2023-02-16,20947.07,21306.54,20887.7,20987.67,20812.17,218046.38,12290440.308523,0.008432566137985598,0.008432566137985598,0.008397210671311828,PASS,2026-07-16T20:25:16Z,D20260716.01
HSI,HK,index,2023-02-17,20958.63,21056.68,20703.74,20719.81,20987.67,163165.08,8973939.19299,-0.01276273164195918,-0.01276273164195918,-0.012844874965344259,PASS,2026-07-16T20:25:16Z,D20260716.01
HSI,HK,index,2023-02-20,20681.47,20973.67,20606.85,20886.96,20719.81,191536.75,11206144.809451,0.008067158916997608,0.008067158916997608,0.00803479333948938,PASS,2026-07-16T20:25:16Z,D20260716.01
HSI,HK,index,2023-02-21,20859.5,20941.3,20503.05,20529.49,20886.96,200460.11,11117654.199181,-0.017114505892671716,-0.017114505892671716,-0.01726265177735645,PASS,2026-07-16T20:25:16Z,D20260716.01
HSI,HK,index,2023-02-22,20512.49,20620.98,20344.86,20423.84,20529.49,176638.83,11460721.450274,-0.00514625545982883,-0.00514625545982883,-0.005159543039581898,PASS,2026-07-16T20:25:16Z,D20260716.01
HSI,HK,index,2023-02-23,20339.15,20601.22,20323.24,20351.35,20423.84,172974.84,10266178.140006,-0.003549283582323426,-0.003549283582323426,-0.003555597233015497,PASS,2026-07-16T20:25:16Z,D20260716.01
HSI,HK,index,2023-02-24,20223.67,20233.64,20006.78,20010.04,20351.35,206188.01,11631293.765355,-0.016770877607627854,-0.016770877607627854,-0.016913101160460575,PASS,2026-07-16T20:25:16Z,D20260716.01
HSI,HK,index,2023-02-27,19821.03,20086.53,19804.56,19943.51,20010.04,189762.73,11241553.893186,-0.0033248309348707927,-0.0033248309348707927,-0.003330370467324195,PASS,2026-07-16T20:25:16Z,D20260716.01
HSI,HK,index,2023-02-28,20020.17,20185.05,19783.07,19785.94,19943.51,275187.53,14247295.969619,-0.007900815854380738,-0.007900815854380738,-0.007932192677571661,PASS,2026-07-16T20:25:16Z,D20260716.01
HSI,HK,index,2023-03-01,19849.97,20674.07,19849.97,20619.71,19785.94,288963.97,15392133.044513,0.0421395192747982,0.0421395192747982,0.04127583002514772,PASS,2026-07-16T20:25:16Z,D20260716.01
HSI,HK,index,2023-03-02,20390.02,20548.57,20321.25,20429.46,20619.71,199256.55,11050818.330981,-0.009226608909630674,-0.009226608909630674,-0.009269437712250793,PASS,2026-07-16T20:25:16Z,D20260716.01
HSI,HK,index,2023-03-03,20703.14,20727.25,20498.16,20567.54,20429.46,222614.54,10578348.924739,0.006758866852085266,0.006758866852085266,0.006736128112762507,PASS,2026-07-16T20:25:16Z,D20260716.01
HSI,HK,index,2023-03-06,20437.87,20702.75,20410.0,20603.19,20567.54,248535.58,10908409.73777,0.0017333137555584077,0.0017333137555584077,0.0017318133008597735,PASS,2026-07-16T20:25:16Z,D20260716.01
HSI,HK,index,2023-03-07,20606.83,21005.66,20358.78,20534.48,20603.19,363482.97,12771059.92682,-0.0033349204661996534,-0.0033349204661996534,-0.003340493707785565,PASS,2026-07-16T20:25:16Z,D20260716.01
HSI,HK,index,2023-03-08,20256.89,20269.93,19969.47,20051.25,20534.48,264354.29,11747873.983963,-0.02353261441244192,-0.02353261441244192,-0.023813928519067794,PASS,2026-07-16T20:25:16Z,D20260716.01
HSI,HK,index,2023-03-09,20082.42,20157.24,19907.58,19925.74,20051.25,219334.04,10293069.821587,-0.006259460133408057,-0.006259460133408057,-0.006279132690009819,PASS,2026-07-16T20:25:16Z,D20260716.01
HSI,HK,index,2023-03-10,19580.78,19637.72,19281.97,19319.92,19925.74,358798.98,16646517.698342,-0.030403889642241833,-0.030403889642241833,-0.030875675269854876,PASS,2026-07-16T20:25:16Z,D20260716.01
HSI,HK,index,2023-03-13,19411.88,19791.64,19390.38,19695.97,19319.92,313374.0,14518524.638685,0.01946436631207593,0.01946436631207593,0.01927735829997941,PASS,2026-07-16T20:25:16Z,D20260716.01
HSI,HK,index,2023-03-14,19524.51,19639.52,19122.82,19247.96,19695.97,302739.37,13089526.796494,-0.022746277537993964,-0.022746277537993964,-0.023008965196853467,PASS,2026-07-16T20:25:16Z,D20260716.01
HSI,HK,index,2023-03-15,19523.49,19745.44,19431.09,19539.87,19247.96,263391.08,10805595.394003,0.01516576302112016,0.01516576302112016,0.015051912480882593,PASS,2026-07-16T20:25:16Z,D20260716.01
HSI,HK,index,2023-03-16,19197.97,19388.77,19109.07,19203.91,19539.87,304739.34,11135350.495684,-0.017193563723811867,-0.017193563723811867,-0.017343089438986724,PASS,2026-07-16T20:25:16Z,D20260716.01
HSI,HK,index,2023-03-17,19439.84,19597.18,19303.29,19518.59,19203.91,433227.7,16492341.289293,0.01638624634254171,0.01638624634254171,0.01625344063534524,PASS,2026-07-16T20:25:16Z,D20260716.01
HSI,HK,index,2023-03-20,19352.9,19382.97,18829.11,19000.71,19518.59,283904.26,12943882.420696,-0.026532654254226462,-0.026532654254226462,-0.026890997880105526,PASS,2026-07-16T20:25:16Z,D20260716.01
HSI,HK,index,2023-03-21,19118.87,19295.64,19018.1,19258.76,19000.71,192968.38,10243288.556828,0.013581071444172421,0.013581071444172421,0.013489675268901154,PASS,2026-07-16T20:25:16Z,D20260716.01
HSI,HK,index,2023-03-22,19428.36,19775.69,19428.36,19591.43,19258.76,236413.32,10686538.883332,0.017273697787396625,0.017273697787396625,0.017126203560876224,PASS,2026-07-16T20:25:16Z,D20260716.01
HSI,HK,index,2023-03-23,19619.74,20051.26,19523.5,20049.64,19591.43,253121.32,13630552.432395,0.02338828763392975,0.02338828763392975,0.023118972760075587,PASS,2026-07-16T20:25:16Z,D20260716.01
HSI,HK,index,2023-03-24,19919.65,20118.29,19834.45,19915.68,20049.64,230689.4,12302690.300851,-0.006681416723691713,-0.006681416723691713,-0.006703837311741209,PASS,2026-07-16T20:25:16Z,D20260716.01
HSI,HK,index,2023-03-27,19851.79,19938.77,19509.49,19567.69,19915.68,250360.74,12719603.967015,-0.017473166871530443,-0.017473166871530443,-0.01762762453942765,PASS,2026-07-16T20:25:16Z,D20260716.01
HSI,HK,index,2023-03-28,19688.31,19875.11,19559.47,19784.65,19567.69,193509.42,10613492.178674,0.011087665432148786,0.011087665432148786,0.011026647883599791,PASS,2026-07-16T20:25:16Z,D20260716.01
HSI,HK,index,2023-03-29,20348.64,20437.69,20107.73,20192.4,19784.65,259742.74,14640981.410847,0.020609411842008818,0.020609411842008818,0.02039991147666964,PASS,2026-07-16T20:25:16Z,D20260716.01
HSI,HK,index,2023-03-30,20216.79,20320.02,20017.17,20309.13,20192.4,298198.46,13359384.043151,0.005780887858798378,0.005780887858798378,0.005764242645180796,PASS,2026-07-16T20:25:16Z,D20260716.01
HSI,HK,index,2023-03-31,20583.88,20721.97,20357.41,20400.11,20309.13,304498.28,14057302.30011,0.004479758611028561,0.004479758611028561,0.004469754359050793,PASS,2026-07-16T20:25:16Z,D20260716.01
HSI,HK,index,2023-04-03,20379.5,20475.43,20226.95,20409.18,20400.11,265115.23,12041583.985181,0.0004446054457549753,0.0004446054457549753,0.0004445066380396585,PASS,2026-07-16T20:25:16Z,D20260716.01
HSI,HK,index,2023-04-04,20364.36,20364.36,20126.9,20274.59,20409.18,241528.28,11939904.545249,-0.006594581457951776,-0.006594581457951776,-0.006616421781737287,PASS,2026-07-16T20:25:16Z,D20260716.01
HSI,HK,index,2023-04-06,20146.22,20343.86,20099.48,20331.2,20274.59,214323.87,10168628.922604,0.0027921649710302976,0.0027921649710302976,0.0027882741193347416,PASS,2026-07-16T20:25:16Z,D20260716.01
HSI,HK,index,2023-04-11,20566.59,20750.73,20293.37,20485.24,20331.2,306422.98,12689538.752267,0.0075765326198158345,0.0075765326198158345,0.0075479748517463885,PASS,2026-07-16T20:25:16Z,D20260716.01
HSI,HK,index,2023-04-12,20481.53,20494.81,20236.92,20309.86,20485.24,235192.67,10809214.202781,-0.008561286077195196,-0.008561286077195196,-0.008598144407424718,PASS,2026-07-16T20:25:16Z,D20260716.01
HSI,HK,index,2023-04-13,19977.96,20344.48,19885.53,20344.48,20309.86,232972.76,10999509.566709,0.0017045907751209732,0.0017045907751209732,0.0017031396091277296,PASS,2026-07-16T20:25:16Z,D20260716.01
HSI,HK,index,2023-04-14,20422.72,20482.68,20297.16,20438.81,20344.48,208626.22,10836388.751262,0.0046366385378247,0.0046366385378247,0.004625922441037089,PASS,2026-07-16T20:25:16Z,D20260716.01
HSI,HK,index,2023-04-17,20374.51,20864.74,20299.15,20782.45,20438.81,341123.26,13657934.273029,0.016813111917963974,0.016813111917963974,0.016673336087269116,PASS,2026-07-16T20:25:16Z,D20260716.01
HSI,HK,index,2023-04-18,20643.41,20742.39,20559.08,20650.51,20782.45,234965.9,10972019.519662,-0.006348625883858872,-0.006348625883858872,-0.006368864111259244,PASS,2026-07-16T20:25:16Z,D20260716.01
HSI,HK,index,2023-04-19,20633.0,20633.0,20336.71,20367.76,20650.51,218374.96,9990320.106154,-0.013692155786951488,-0.013692155786951488,-0.01378675788231748,PASS,2026-07-16T20:25:16Z,D20260716.01
HSI,HK,index,2023-04-20,20354.83,20472.5,20308.33,20396.97,20367.76,204718.16,10156059.43658,0.0014341292316879528,0.0014341292316879528,0.001433101850508981,PASS,2026-07-16T20:25:16Z,D20260716.01
HSI,HK,index,2023-04-21,20330.15,20378.9,19974.91,20075.73,20396.97,249422.39,10612145.453959,-0.015749398072360865,-0.015749398072360865,-0.015874737598772674,PASS,2026-07-16T20:25:16Z,D20260716.01
HSI,HK,index,2023-04-24,20049.87,20146.37,19734.68,19959.94,20075.73,224790.2,9644025.009585,-0.005767660752560522,-0.005767660752560522,-0.005784357941272297,PASS,2026-07-16T20:25:16Z,D20260716.01
HSI,HK,index,2023-04-25,19903.53,19910.28,19527.63,19617.88,19959.94,219627.45,10665739.54501,-0.01713732606410634,-0.01713732606410634,-0.01728586957484102,PASS,2026-07-16T20:25:16Z,D20260716.01
HSI,HK,index,2023-04-26,19520.97,19903.73,19520.97,19757.27,19617.88,194104.26,9788799.713668,0.007105252963113262,0.007105252963113262,0.007080129588369154,PASS,2026-07-16T20:25:16Z,D20260716.01
HSI,HK,index,2023-04-27,19736.35,19880.29,19662.6,19840.28,19757.27,215045.4,9708792.137578,0.00420149140038073,0.00420149140038073,0.004192689780062619,PASS,2026-07-16T20:25:16Z,D20260716.01
HSI,HK,index,2023-04-28,19936.02,20167.88,19879.07,19894.57,19840.28,257485.55,10151096.763629,0.0027363525111541165,0.0027363525111541165,0.0027326155142298305,PASS,2026-07-16T20:25:16Z,D20260716.01
HSI,HK,index,2023-05-02,20122.9,20286.46,19761.13,19933.81,19894.57,145941.29,7545597.727239,0.001972397493386513,0.001972397493386513,0.0019704548714462324,PASS,2026-07-16T20:25:16Z,D20260716.01
HSI,HK,index,2023-05-03,19686.15,19721.96,19538.72,19699.16,19933.81,146065.36,6624573.489806,-0.011771457639056515,-0.011771457639056515,-0.011841289805101548,PASS,2026-07-16T20:25:16Z,D20260716.01
HSI,HK,index,2023-05-04,19695.73,19979.77,19695.73,19948.73,19699.16,320629.43,10528875.554215,0.012669068122701743,0.012669068122701743,0.012589486920732435,PASS,2026-07-16T20:25:16Z,D20260716.01
HSI,HK,index,2023-05-05,20061.0,20208.75,19968.41,20049.31,19948.73,332124.3,9827466.28006,0.005041924974672707,0.005041924974672707,0.005029257033643723,PASS,2026-07-16T20:25:16Z,D20260716.01
HSI,HK,index,2023-05-08,20128.18,20321.74,20081.7,20297.03,20049.31,428809.89,10800010.40599,0.01235553742248463,0.01235553742248463,0.012279830730023587,PASS,2026-07-16T20:25:16Z,D20260716.01
HSI,HK,index,2023-05-09,20252.13,20297.83,19817.78,19867.58,20297.03,403791.94,12214024.235882,-0.02115826798304965,-0.02115826798304965,-0.02138531242451683,PASS,2026-07-16T20:25:16Z,D20260716.01
HSI,HK,index,2023-05-10,19860.5,19880.03,19696.59,19762.2,19867.58,277951.87,9880321.132887,-0.005304118569045668,-0.005304118569045668,-0.005318235346109386,PASS,2026-07-16T20:25:16Z,D20260716.01
HSI,HK,index,2023-05-11,19842.98,19854.49,19567.62,19743.79,19762.2,221379.24,9709190.305341,-0.0009315764439181695,-0.0009315764439181695,-0.0009320106309268047,PASS,2026-07-16T20:25:16Z,D20260716.01
HSI,HK,index,2023-05-12,19850.84,19853.37,19596.49,19627.24,19743.79,228417.9,10277322.421147,-0.005903121943659162,-0.005903121943659162,-0.005920614241415497,PASS,2026-07-16T20:25:16Z,D20260716.01
HSI,HK,index,2023-05-15,19525.06,20063.35,19498.04,19971.13,19627.24,258007.44,10162421.081454,0.017521057469109147,0.017521057469109147,0.017369333421803978,PASS,2026-07-16T20:25:16Z,D20260716.01
HSI,HK,index,2023-05-16,20183.28,20183.28,19891.49,19978.25,19971.13,172089.77,7839041.731676,0.0003565146288666554,0.0003565146288666554,0.0003564510926269748,PASS,2026-07-16T20:25:16Z,D20260716.01
HSI,HK,index,2023-05-17,19956.13,19987.93,19538.09,19560.57,19978.25,225803.05,10160454.190142,-0.020906736075482102,-0.020906736075482102,-0.021128376510431122,PASS,2026-07-16T20:25:16Z,D20260716.01
HSI,HK,index,2023-05-18,19702.73,19894.23,19630.76,19727.25,19560.57,209539.41,9862490.947107,0.008521224074758527,0.008521224074758527,0.008485123381320596,PASS,2026-07-16T20:25:16Z,D20260716.01
HSI,HK,index,2023-05-19,19535.49,19610.72,19352.81,19450.57,19727.25,194723.09,9523565.075902,-0.014025269614365898,-0.014025269614365898,-0.0141245531200508,PASS,2026-07-16T20:25:16Z,D20260716.01
HSI,HK,index,2023-05-22,19479.06,19806.44,19410.07,19678.17,19450.57,167793.96,9397761.605205,0.011701456563997903,0.011701456563997903,0.011633523947953557,PASS,2026-07-16T20:25:16Z,D20260716.01
HSI,HK,index,2023-05-23,19713.46,19769.14,19363.5,19431.25,19678.17,188853.86,8637964.047413,-0.012547914770529855,-0.012547914770529855,-0.012627304670668337,PASS,2026-07-16T20:25:16Z,D20260716.01
HSI,HK,index,2023-05-24,19279.39,19304.2,19046.8,19115.93,19431.25,247666.72,9796669.174239,-0.016227468639433917,-0.016227468639433917,-0.016360575969664067,PASS,2026-07-16T20:25:16Z,D20260716.01
HSI,HK,index,2023-05-25,18930.23,18930.23,18620.84,18746.92,19115.93,279243.87,11554730.33836,-0.019303795316262473,-0.019303795316262473,-0.019492546598756322,PASS,2026-07-16T20:25:16Z,D20260716.01
HSI,HK,index,2023-05-29,18827.08,18879.09,18517.86,18551.11,18746.92,219659.47,11048334.862992,-0.010444915751493977,-0.010444915751493977,-0.010499846718367846,PASS,2026-07-16T20:25:16Z,D20260716.01
HSI,HK,index,2023-05-30,18574.19,18666.71,18369.93,18595.78,18551.11,224498.0,9454157.869927,0.0024079421662637213,0.0024079421662637213,0.0024050477190355373,PASS,2026-07-16T20:25:16Z,D20260716.01
HSI,HK,index,2023-05-31,18415.0,18415.0,18044.86,18234.27,18595.78,437292.37,17095311.013132,-0.019440432184076095,-0.019440432184076095,-0.01963188270162529,PASS,2026-07-16T20:25:16Z,D20260716.01
HSI,HK,index,2023-06-01,18190.27,18465.64,18190.27,18216.91,18234.27,262276.5,12851379.062148,-0.0009520534685513171,-0.0009520534685513171,-0.0009525069593092877,PASS,2026-07-16T20:25:16Z,D20260716.01
HSI,HK,index,2023-06-02,18566.81,19024.91,18548.3,18949.94,18216.91,373152.8,14913699.362738,0.04023898674363546,0.04023898674363546,0.0394504817002702,PASS,2026-07-16T20:25:16Z,D20260716.01
HSI,HK,index,2023-06-05,19014.96,19123.8,18896.13,19108.5,18949.94,209639.45,9990061.773676,0.008367308814698271,0.008367308814698271,0.00833249693930445,PASS,2026-07-16T20:25:16Z,D20260716.01
HSI,HK,index,2023-06-06,19117.11,19377.38,19033.85,19099.28,19108.5,226363.66,10248887.705413,-0.00048250778449387965,-0.00048250778449387965,-0.00048262422883330156,PASS,2026-07-16T20:25:16Z,D20260716.01
HSI,HK,index,2023-06-07,19327.15,19410.48,19196.09,19252.0,19099.28,215605.91,8672447.321963,0.007996112942477485,0.007996112942477485,0.007964313433882047,PASS,2026-07-16T20:25:16Z,D20260716.01
HSI,HK,index,2023-06-08,19227.84,19339.82,19087.66,19299.18,19252.0,221210.32,8449799.650335,0.0024506544774569594,0.0024506544774569594,0.002447656520744749,PASS,2026-07-16T20:25:16Z,D20260716.01
HSI,HK,index,2023-06-09,19333.43,19463.61,19231.13,19389.95,19299.18,200301.34,8660954.332774,0.0047033086379835165,0.0047033086379835165,0.004692282640840003,PASS,2026-07-16T20:25:16Z,D20260716.01
HSI,HK,index,2023-06-12,19440.99,19440.99,19255.65,19404.31,19389.95,168819.31,8025405.487742,0.0007405898416448231,0.0007405898416448231,0.0007403157403108096,PASS,2026-07-16T20:25:16Z,D20260716.01
HSI,HK,index,2023-06-13,19355.65,19572.42,19273.42,19521.42,19404.31,246629.17,9977511.830682,0.00603525711555819,0.00603525711555819,0.0060171178979723915,PASS,2026-07-16T20:25:16Z,D20260716.01
HSI,HK,index,2023-06-14,19547.58,19641.16,19352.34,19408.42,19521.42,248261.28,9312762.241511,-0.005788513335607703,-0.005788513335607703,-0.0058053317125965976,PASS,2026-07-16T20:25:16Z,D20260716.01
HSI,HK,index,2023-06-15,19626.8,19832.2,19510.76,19828.92,19408.42,265748.03,12140778.535667,0.021665854304471877,0.021665854304471877,0.021434485585463636,PASS,2026-07-16T20:25:16Z,D20260716.01
HSI,HK,index,2023-06-16,19915.44,20155.92,19876.42,20040.37,19828.92,358236.87,17545954.874568,0.010663717438972986,0.010663717438972986,0.01060726100647784,PASS,2026-07-16T20:25:16Z,D20260716.01
HSI,HK,index,2023-06-19,19983.4,20000.22,19718.43,19912.89,20040.37,190605.43,10299154.293042,-0.00636115999854292,-0.00636115999854292,-0.006381478388323735,PASS,2026-07-16T20:25:16Z,D20260716.01
HSI,HK,index,2023-06-20,19863.86,19863.86,19504.63,19607.08,19912.89,212167.19,9443951.613875,-0.0153573891082609,-0.0153573891082609,-0.015476535231343578,PASS,2026-07-16T20:25:16Z,D20260716.01
HSI,HK,index,2023-06-21,19305.24,19377.69,19174.16,19218.35,19607.08,199561.59,9817226.488647,-0.019826001627983536,-0.019826001627983536,-0.020025173718341026,PASS,2026-07-16T20:25:16Z,D20260716.01
HSI,HK,index,2023-06-23,19135.02,19138.42,18800.34,18889.97,19218.35,168931.34,6979828.164712,-0.017086794651986148,-0.017086794651986148,-0.0172344584117844,PASS,2026-07-16T20:25:16Z,D20260716.01
HSI,HK,index,2023-06-26,18845.9,19001.62,18767.15,18794.13,18889.97,206605.22,8380508.322831,-0.005073591964412816,-0.005073591964412816,-0.00508650633213032,PASS,2026-07-16T20:25:16Z,D20260716.01
HSI,HK,index,2023-06-27,18851.66,19226.32,18842.42,19148.13,18794.13,205953.63,9168803.977955,0.0188356683709221,0.0188356683709221,0.01866047368986948,PASS,2026-07-16T20:25:16Z,D20260716.01
HSI,HK,index,2023-06-28,19099.39,19222.13,19019.26,19172.05,19148.13,167519.65,7931845.068336,0.0012492081472184058,0.0012492081472184058,0.001248428535917849,PASS,2026-07-16T20:25:16Z,D20260716.01
HSI,HK,index,2023-06-29,19180.28,19180.28,18837.32,18934.36,19172.05,169035.34,8217556.218995,-0.01239773524479637,-0.01239773524479637,-0.012475228322972804,PASS,2026-07-16T20:25:16Z,D20260716.01
HSI,HK,index,2023-06-30,18881.43,19070.11,18838.62,18916.43,18934.36,186955.52,8114765.053739,-0.000946955693247653,-0.000946955693247653,-0.0009474043390442963,PASS,2026-07-16T20:25:16Z,D20260716.01
HSI,HK,index,2023-07-03,19002.55,19371.71,19002.55,19306.59,18916.43,221444.75,8973574.761856,0.020625456283241528,0.020625456283241528,0.020415631805068474,PASS,2026-07-16T20:25:16Z,D20260716.01
HSI,HK,index,2023-07-04,19289.06,19449.11,19253.22,19415.68,19306.59,198740.12,7604579.057578,0.005650402271970334,0.005650402271970334,0.005634498628916035,PASS,2026-07-16T20:25:16Z,D20260716.01
HSI,HK,index,2023-07-05,19355.06,19378.9,19095.6,19110.38,19415.68,243261.11,8688814.42695,-0.015724404192899777,-0.015724404192899777,-0.015849344104399886,PASS,2026-07-16T20:25:16Z,D20260716.01
HSI,HK,index,2023-07-06,18840.41,18973.01,18483.08,18533.05,19110.38,327713.23,9729099.174706,-0.030210283625966672,-0.030210283625966672,-0.030676018229724225,PASS,2026-07-16T20:25:16Z,D20260716.01
HSI,HK,index,2023-07-07,18435.46,18537.75,18279.73,18365.7,18533.05,246326.61,9945586.871331,-0.009029814304715056,-0.009029814304715056,-0.009070830175062057,PASS,2026-07-16T20:25:16Z,D20260716.01
HSI,HK,index,2023-07-10,18747.5,18781.21,18417.63,18479.72,18365.7,195346.15,7829148.628664,0.006208312234219138,0.006208312234219138,0.006189120056879543,PASS,2026-07-16T20:25:16Z,D20260716.01
HSI,HK,index,2023-07-11,18671.42,18806.55,18573.67,18659.83,18479.72,211493.24,8390883.67819,0.009746359793330273,0.009746359793330273,0.009699170397526498,PASS,2026-07-16T20:25:16Z,D20260716.01
HSI,HK,index,2023-07-12,18797.01,18932.18,18739.6,18860.95,18659.83,181831.18,8384787.664209,0.01077823324221061,0.01077823324221061,0.010720562111485124,PASS,2026-07-16T20:25:16Z,D20260716.01
HSI,HK,index,2023-07-13,19181.31,19368.92,19163.21,19350.62,18860.95,272975.65,11133391.403606,0.025962106892812864,0.025962106892812864,0.02563081321353428,PASS,2026-07-16T20:25:16Z,D20260716.01
HSI,HK,index,2023-07-14,19534.82,19534.82,19364.6,19413.78,19350.62,246007.07,9124951.666447,0.0032639781050942673,0.0032639781050942673,0.0032586628912463296,PASS,2026-07-16T20:25:16Z,D20260716.01
HSI,HK,index,2023-07-18,19324.34,19324.34,18979.92,19015.72,19413.78,259122.96,9504957.218463,-0.020503992524897097,-0.020503992524897097,-0.02071711769048092,PASS,2026-07-16T20:25:16Z,D20260716.01
HSI,HK,index,2023-07-19,18826.59,19004.42,18711.03,18952.31,19015.72,198296.96,11171609.264104,-0.0033346094704802542,-0.0033346094704802542,-0.003340181671498487,PASS,2026-07-16T20:25:16Z,D20260716.01
HSI,HK,index,2023-07-20,19003.28,19215.74,18888.76,18928.02,18952.31,180792.64,10485801.969765,-0.0012816379639211117,-0.0012816379639211117,-0.0012824599642693587,PASS,2026-07-16T20:25:16Z,D20260716.01
HSI,HK,index,2023-07-21,18918.7,19169.75,18886.43,19075.26,18928.02,163701.32,7662294.148333,0.007778943597903876,0.007778943597903876,0.007748843612773589,PASS,2026-07-16T20:25:16Z,D20260716.01
HSI,HK,index,2023-07-24,18867.61,18946.56,18562.12,18668.15,19075.26,221287.19,9350334.636334,-0.02134230411538285,-0.02134230411538285,-0.021573344288283672,PASS,2026-07-16T20:25:16Z,D20260716.01
HSI,HK,index,2023-07-25,19172.28,19465.27,19111.82,19434.4,18668.15,367088.7,14210621.805585,0.04104584546406587,0.04104584546406587,0.040225828494102014,PASS,2026-07-16T20:25:16Z,D20260716.01
HSI,HK,index,2023-07-26,19340.77,19404.5,19245.66,19365.14,19434.4,213651.26,8749205.784346,-0.003563783806034726,-0.003563783806034726,-0.003570149211328239,PASS,2026-07-16T20:25:16Z,D20260716.01
HSI,HK,index,2023-07-27,19502.09,19685.79,19482.47,19639.11,19365.14,302876.71,11356397.128907,0.01414758684935924,0.01414758684935924,0.014048443738843744,PASS,2026-07-16T20:25:16Z,D20260716.01
HSI,HK,index,2023-07-28,19418.48,19940.59,19381.9,19916.56,19639.11,309485.99,13772762.163684,0.014127422271172252,0.014127422271172252,0.01402856026338112,PASS,2026-07-16T20:25:16Z,D20260716.01
HSI,HK,index,2023-07-31,20237.53,20361.03,20019.79,20078.94,19916.56,432787.3,18256143.444082,0.008153014375976486,0.008153014375976486,0.008119958104893495,PASS,2026-07-16T20:25:16Z,D20260716.01
HSI,HK,index,2023-08-01,20211.2,20331.28,19891.81,20011.12,20078.94,301363.53,13519026.952786,-0.0033776683430499777,-0.0033776683430499777,-0.003383385542266515,PASS,2026-07-16T20:25:16Z,D20260716.01
HSI,HK,index,2023-08-02,19902.77,19981.0,19475.15,19517.38,20011.12,295822.78,11336192.427735,-0.024673281655399504,-0.024673281655399504,-0.024982768378275528,PASS,2026-07-16T20:25:16Z,D20260716.01
HSI,HK,index,2023-08-03,19404.14,19650.16,19369.06,19420.87,19517.38,248807.14,10116240.838215,-0.004944823536765841,-0.004944823536765841,-0.004957089629152005,PASS,2026-07-16T20:25:16Z,D20260716.01
HSI,HK,index,2023-08-04,19671.13,19857.39,19461.61,19539.46,19420.87,277146.77,11441323.243659,0.006106317585154564,0.006106317585154564,0.00608774957769054,PASS,2026-07-16T20:25:16Z,D20260716.01
HSI,HK,index,2023-08-07,19474.66,19581.82,19352.35,19537.92,19539.46,227701.94,7897930.42545,-7.881487001182297e-05,-7.881487001182297e-05,-7.881797606689375e-05,PASS,2026-07-16T20:25:16Z,D20260716.01
HSI,HK,index,2023-08-08,19308.55,19370.8,19112.61,19184.17,19537.92,349104.85,10461976.849638,-0.018105816791142537,-0.018105816791142537,-0.018271732840268628,PASS,2026-07-16T20:25:16Z,D20260716.01
HSI,HK,index,2023-08-09,19059.58,19270.48,19056.1,19246.03,19184.17,226424.48,8503870.794561,0.003224533560743037,0.003224533560743037,0.003219345901264101,PASS,2026-07-16T20:25:16Z,D20260716.01
HSI,HK,index,2023-08-10,19125.0,19315.17,19030.39,19248.26,19246.03,259834.06,8108649.39574,0.00011586805174879089,0.00011586805174879089,0.000115861339564563,PASS,2026-07-16T20:25:16Z,D20260716.01
HSI,HK,index,2023-08-11,19319.91,19346.29,19049.92,19075.19,19248.26,336382.83,9657915.562756,-0.008991462085404023,-0.008991462085404023,-0.00903212923558278,PASS,2026-07-16T20:25:16Z,D20260716.01
HSI,HK,index,2023-08-14,18697.33,18792.72,18554.51,18773.55,19075.19,389051.04,10414670.528945,-0.015813210772736674,-0.015813210772736674,-0.01593957349417367,PASS,2026-07-16T20:25:16Z,D20260716.01
HSI,HK,index,2023-08-15,18599.2,18745.82,18513.78,18581.11,18773.55,266837.22,8190384.773109,-0.010250591923211094,-0.010250591923211094,-0.010303491049332866,PASS,2026-07-16T20:25:16Z,D20260716.01
HSI,HK,index,2023-08-16,18356.65,18440.96,18261.85,18329.3,18581.11,282362.55,9793036.6204,-0.013551935271897131,-0.013551935271897131,-0.013644600898115864,PASS,2026-07-16T20:25:16Z,D20260716.01
HSI,HK,index,2023-08-17,18023.11,18399.2,17900.77,18326.63,18329.3,316094.29,11292367.872613,-0.00014566841068663905,-0.00014566841068663905,-0.00014567902136001417,PASS,2026-07-16T20:25:16Z,D20260716.01
HSI,HK,index,2023-08-18,18208.98,18336.41,17936.43,17950.85,18326.63,304941.4,10638591.288102,-0.020504588132133517,-0.020504588132133517,-0.020717725765871692,PASS,2026-07-16T20:25:16Z,D20260716.01
HSI,HK,index,2023-08-21,17798.47,17867.66,17587.38,17623.29,17950.85,314186.39,10854313.449673,-0.01824760387391111,-0.01824760387391111,-0.018416144858711386,PASS,2026-07-16T20:25:16Z,D20260716.01
HSI,HK,index,2023-08-22,17641.86,17965.26,17573.7,17791.01,17623.29,289565.38,10226663.629395,0.009516951715598854,0.009516951715598854,0.009471950819563688,PASS,2026-07-16T20:25:16Z,D20260716.01
HSI,HK,index,2023-08-23,17762.76,18000.53,17730.79,17845.92,17791.01,249973.19,8422095.723799,0.0030863902611486527,0.0030863902611486527,0.0030816371362143253,PASS,2026-07-16T20:25:16Z,D20260716.01
HSI,HK,index,2023-08-24,17992.73,18272.95,17945.01,18212.17,17845.92,275891.32,10151991.884802,0.020522898231080333,0.020522898231080333,0.02031514126304523,PASS,2026-07-16T20:25:16Z,D20260716.01
HSI,HK,index,2023-08-25,18037.6,18137.65,17956.38,17956.38,18212.17,246769.68,8136565.319192,-0.014045003972618209,-0.014045003972618209,-0.0141445683954317,PASS,2026-07-16T20:25:16Z,D20260716.01
HSI,HK,index,2023-08-28,18519.08,18564.43,18113.23,18130.74,17956.38,298584.22,10102263.733292,0.009710197712456514,0.009710197712456514,0.009663356722066911,PASS,2026-07-16T20:25:16Z,D20260716.01
HSI,HK,index,2023-08-29,18261.69,18583.8,18239.92,18484.03,18130.74,307123.56,10138542.576935,0.019485691152153484,0.019485691152153484,0.019298275771695076,PASS,2026-07-16T20:25:16Z,D20260716.01
HSI,HK,index,2023-08-30,18659.96,18742.14,18427.22,18482.86,18484.03,328867.09,10808586.183318,-6.329788471448605e-05,-6.329788471448605e-05,-6.329988811013164e-05,PASS,2026-07-16T20:25:16Z,D20260716.01
HSI,HK,index,2023-08-31,18580.47,18667.18,18312.76,18382.06,18482.86,407488.12,13654209.661651,-0.00545370142932422,-0.00545370142932422,-0.0054686271506511185,PASS,2026-07-16T20:25:16Z,D20260716.01
HSI,HK,index,2023-09-04,18592.53,18899.49,18575.45,18844.16,18382.06,404029.6,15268748.415041,0.02513864060937676,0.02513864060937676,0.02482786257477928,PASS,2026-07-16T20:25:16Z,D20260716.01
HSI,HK,index,2023-09-05,18717.42,18725.5,18431.72,18456.91,18844.16,231566.39,10149891.528048,-0.020550133303898876,-0.020550133303898876,-0.020764225453506615,PASS,2026-07-16T20:25:16Z,D20260716.01
HSI,HK,index,2023-09-06,18405.09,18492.59,18256.1,18449.98,18456.91,235288.77,9292843.134245,-0.0003754691332406024,-0.0003754691332406024,-0.00037553963942476014,PASS,2026-07-16T20:25:16Z,D20260716.01
HSI,HK,index,2023-09-07,18437.48,18437.48,18173.44,18202.07,18449.98,212330.69,8684601.694602,-0.013436870934277478,-0.013436870934277478,-0.013527962596101116,PASS,2026-07-16T20:25:16Z,D20260716.01
HSI,HK,index,2023-09-11,17941.65,18164.61,17842.37,18096.45,18202.07,252242.29,12448280.256123,-0.005802636733074795,-0.005802636733074795,-0.005819537440425477,PASS,2026-07-16T20:25:16Z,D20260716.01
HSI,HK,index,2023-09-12,18015.56,18145.58,17892.01,18025.89,18096.45,188713.91,8411115.793482,-0.003899107283472758,-0.003899107283472758,-0.00390672861966558,PASS,2026-07-16T20:25:16Z,D20260716.01
HSI,HK,index,2023-09-13,18131.1,18200.52,17954.97,18009.22,18025.89,186596.12,7985892.146216,-0.0009247809678190055,-0.0009247809678190055,-0.0009252088415515546,PASS,2026-07-16T20:25:16Z,D20260716.01
HSI,HK,index,2023-09-14,18101.96,18173.54,17928.63,18047.92,18009.22,201384.08,8160393.450011,0.0021488992860321243,0.0021488992860321243,0.002146593704345793,PASS,2026-07-16T20:25:16Z,D20260716.01
HSI,HK,index,2023-09-15,18154.01,18372.65,18030.79,18182.89,18047.92,278139.07,11807854.14381,0.0074784241064898005,0.0074784241064898005,0.007450599330472324,PASS,2026-07-16T20:25:16Z,D20260716.01
HSI,HK,index,2023-09-18,18069.04,18114.82,17894.81,17930.55,18182.89,169154.65,8450558.196389,-0.013877881898862077,-0.013877881898862077,-0.01397508001897939,PASS,2026-07-16T20:25:16Z,D20260716.01
HSI,HK,index,2023-09-19,17942.07,18004.74,17832.3,17997.17,17930.55,177822.18,7623175.24592,0.003715446542353673,0.003715446542353673,0.003708561320029478,PASS,2026-07-16T20:25:16Z,D20260716.01
HSI,HK,index,2023-09-20,17939.25,17995.38,17833.2,17885.6,17997.17,165712.01,7129675.974686,-0.006199308002313719,-0.006199308002313719,-0.006218603499320998,PASS,2026-07-16T20:25:16Z,D20260716.01
HSI,HK,index,2023-09-21,17795.8,17823.82,17623.87,17655.41,17885.6,204644.96,7742993.645212,-0.012870130160576032,-0.012870130160576032,-0.012953667820173511,PASS,2026-07-16T20:25:16Z,D20260716.01
HSI,HK,index,2023-09-22,17578.26,18078.69,17573.81,18057.45,17655.41,192414.89,10184719.626164,0.02277149043834159,0.02277149043834159,0.022516090012716136,PASS,2026-07-16T20:25:16Z,D20260716.01
HSI,HK,index,2023-09-25,18046.89,18046.89,17722.49,17729.29,18057.45,155239.13,7426062.605245,-0.018173108606143185,-0.018173108606143185,-0.018340267843428994,PASS,2026-07-16T20:25:16Z,D20260716.01
HSI,HK,index,2023-09-26,17661.85,17718.18,17379.44,17466.9,17729.29,190938.71,8246790.079808,-0.01479980303779782,-0.01479980303779782,-0.014910412814740714,PASS,2026-07-16T20:25:16Z,D20260716.01
HSI,HK,index,2023-09-27,17472.11,17655.31,17472.11,17611.87,17466.9,157162.43,7593466.219546,0.008299698286473145,0.008299698286473145,0.008265445187069318,PASS,2026-07-16T20:25:16Z,D20260716.01
HSI,HK,index,2023-09-28,17587.08,17627.73,17352.83,17373.03,17611.87,199713.88,8018435.810024,-0.013561308367595282,-0.013561308367595282,-0.013654102807607631,PASS,2026-07-16T20:25:16Z,D20260716.01
HSI,HK,index,2023-09-29,17484.95,17935.15,17482.39,17809.66,17373.03,183991.03,6765023.442227,0.02513263374322161,0.02513263374322161,0.024822002992947054,PASS,2026-07-16T20:25:16Z,D20260716.01
HSI,HK,index,2023-10-03,17546.39,17546.39,17212.87,17331.22,17809.66,210288.4,8612079.988822,-0.02686407264372248,-0.02686407264372248,-0.027231507317521726,PASS,2026-07-16T20:25:16Z,D20260716.01
HSI,HK,index,2023-10-04,17266.82,17266.82,17094.0,17195.84,17331.22,129465.5,5762631.08106,-0.0078113369976262614,-0.0078113369976262614,-0.007842005301840127,PASS,2026-07-16T20:25:16Z,D20260716.01
HSI,HK,index,2023-10-05,17249.97,17336.43,17197.61,17213.87,17195.84,108825.99,4700482.4302,0.0010485094069263567,0.0010485094069263567,0.0010479601048702018,PASS,2026-07-16T20:25:16Z,D20260716.01
HSI,HK,index,2023-10-06,17370.03,17603.8,17370.03,17485.98,17213.87,114121.0,4798801.178259,0.01580760166075379,0.01580760166075379,0.01568396277968243,PASS,2026-07-16T20:25:16Z,D20260716.01
HSI,HK,index,2023-10-09,17500.37,17633.19,17447.76,17517.4,17485.98,122129.8,4687266.880585,0.00179686811948776,0.00179686811948776,0.001795255683236255,PASS,2026-07-16T20:25:16Z,D20260716.01
HSI,HK,index,2023-10-10,17726.63,17916.62,17638.01,17664.73,17517.4,159684.72,7967865.332636,0.008410494708118721,0.008410494708118721,0.00837532356438096,PASS,2026-07-16T20:25:16Z,D20260716.01
HSI,HK,index,2023-10-11,17956.83,18022.45,17889.71,17893.1,17664.73,202913.37,8879572.538985,0.012928020977393873,0.012928020977393873,0.012845167438340084,PASS,2026-07-16T20:25:16Z,D20260716.01
HSI,HK,index,2023-10-12,18258.26,18290.91,18175.35,18238.21,17893.1,386157.49,10111856.557003,0.019287323046313976,0.019287323046313976,0.019103680193782276,PASS,2026-07-16T20:25:16Z,D20260716.01
HSI,HK,index,2023-10-13,17946.77,18013.67,17776.95,17813.45,18238.21,213965.12,8419537.671719,-0.023289566245810245,-0.023289566245810245,-0.023565053925593153,PASS,2026-07-16T20:25:16Z,D20260716.01
HSI,HK,index,2023-10-16,17803.31,17858.18,17601.5,17640.36,17813.45,190458.25,7379114.075824,-0.009716815103194554,-0.009716815103194554,-0.009764331406364204,PASS,2026-07-16T20:25:16Z,D20260716.01
HSI,HK,index,2023-10-17,17806.23,17815.71,17671.99,17773.34,17640.36,173095.49,6353988.71981,0.007538394908040313,0.007538394908040313,0.007510123202434394,PASS,2026-07-16T20:25:16Z,D20260716.01
HSI,HK,index,2023-10-18,17728.25,17831.18,17625.89,17732.52,17773.34,193754.12,8888430.503443,-0.00229669831331647,-0.00229669831331647,-0.0022993397700822146,PASS,2026-07-16T20:25:16Z,D20260716.01
HSI,HK,index,2023-10-19,17540.46,17540.46,17292.36,17295.89,17732.52,227246.55,9119766.620039,-0.02462312181235382,-0.02462312181235382,-0.02493134094137952,PASS,2026-07-16T20:25:16Z,D20260716.01
HSI,HK,index,2023-10-20,17127.26,17309.74,17118.07,17172.13,17295.89,198991.07,8277587.224187,-0.007155457163522616,-0.007155457163522616,-0.0071811802274359135,PASS,2026-07-16T20:25:16Z,D20260716.01
HSI,HK,index,2023-10-24,17053.15,17139.53,16879.66,16991.53,17172.13,211617.4,8995489.479802,-0.010517041275601935,-0.010517041275601935,-0.010572736195551968,PASS,2026-07-16T20:25:16Z,D20260716.01
HSI,HK,index,2023-10-25,17465.43,17465.82,17001.43,17085.33,16991.53,249993.41,9547226.220274,0.005520397515703657,0.005520397515703657,0.0055052159678297885,PASS,2026-07-16T20:25:16Z,D20260716.01
HSI,HK,index,2023-10-26,17085.12,17174.08,16917.22,17044.61,17085.33,196721.59,8080735.227078,-0.00238333119699774,-0.00238333119699774,-0.00238617585152979,PASS,2026-07-16T20:25:16Z,D20260716.01
HSI,HK,index,2023-10-27,17160.23,17497.72,17078.24,17398.73,17044.61,245209.03,9147809.715262,0.02077606938498433,0.02077606938498433,0.020563190332993826,PASS,2026-07-16T20:25:16Z,D20260716.01
HSI,HK,index,2023-10-30,17225.65,17406.36,17225.65,17406.36,17398.73,266523.13,9247167.850176,0.00043853775534197226,0.00043853775534197226,0.00043844162576381487,PASS,2026-07-16T20:25:16Z,D20260716.01
HSI,HK,index,2023-10-31,17337.7,17337.7,17042.1,17112.48,17406.36,211280.35,8465186.43892,-0.016883483967929047,-0.016883483967929047,-0.017027634799129023,PASS,2026-07-16T20:25:16Z,D20260716.01
HSI,HK,index,2023-11-01,17139.4,17188.85,16979.26,17101.78,17112.48,152928.4,6796971.169636,-0.0006252746533524922,-0.0006252746533524922,-0.0006254702190743299,PASS,2026-07-16T20:25:16Z,D20260716.01
HSI,HK,index,2023-11-02,17282.39,17459.43,17176.01,17230.59,17101.78,180271.46,7112412.957486,0.007531964508957545,0.007531964508957545,0.007503740895183693,PASS,2026-07-16T20:25:16Z,D20260716.01
HSI,HK,index,2023-11-03,17405.91,17729.43,17352.6,17664.12,17230.59,199872.24,9091512.455034,0.025160484928258287,0.025160484928258287,0.024849170996180107,PASS,2026-07-16T20:25:16Z,D20260716.01
HSI,HK,index,2023-11-06,17913.54,18037.94,17899.35,17966.59,17664.12,276409.21,11518942.749596,0.01712341175218479,0.01712341175218479,0.01697845852645743,PASS,2026-07-16T20:25:16Z,D20260716.01
HSI,HK,index,2023-11-07,17850.59,17890.63,17658.91,17670.16,17966.59,197124.33,8962901.076691,-0.016498957231171896,-0.016498957231171896,-0.016636580890414955,PASS,2026-07-16T20:25:16Z,D20260716.01
HSI,HK,index,2023-11-08,17650.51,17753.59,17537.2,17568.46,17670.16,214077.78,9414613.629037,-0.0057554657116857255,-0.0057554657116857255,-0.005772092230730474,PASS,2026-07-16T20:25:16Z,D20260716.01
HSI,HK,index,2023-11-09,17553.26,17617.27,17457.0,17511.29,17568.46,164379.55,7531982.273924,-0.0032541269980407295,-0.0032541269980407295,-0.0032594331837622684,PASS,2026-07-16T20:25:16Z,D20260716.01
HSI,HK,index,2023-11-10,17350.87,17350.87,17177.53,17203.26,17511.29,167448.45,7509128.137022,-0.017590365986743572,-0.017590365986743572,-0.01774691502775839,PASS,2026-07-16T20:25:16Z,D20260716.01
HSI,HK,index,2023-11-13,17263.0,17456.08,17126.61,17426.21,17203.26,144026.95,7518828.53967,0.012959752977051986,0.012959752977051986,0.012876493951159468,PASS,2026-07-16T20:25:16Z,D20260716.01
HSI,HK,index,2023-11-14,17495.1,17565.22,17358.89,17396.86,17426.21,144931.8,7678002.9736,-0.0016842445947798934,-0.0016842445947798934,-0.0016856645292760563,PASS,2026-07-16T20:25:16Z,D20260716.01
HSI,HK,index,2023-11-15,17836.65,18102.28,17766.22,18079.0,17396.86,290867.97,13494874.029602,0.03921052419804494,0.03921052419804494,0.03846131353433251,PASS,2026-07-16T20:25:16Z,D20260716.01
HSI,HK,index,2023-11-16,18174.69,18174.69,17722.86,17832.82,18079.0,188019.94,11519962.470049,-0.013616903589800389,-0.013616903589800389,-0.013710463927052672,PASS,2026-07-16T20:25:16Z,D20260716.01
HSI,HK,index,2023-11-17,17584.32,17631.04,17413.46,17454.19,17832.82,194503.48,9798944.171262,-0.021232199954914655,-0.021232199954914655,-0.02146084533410813,PASS,2026-07-16T20:25:16Z,D20260716.01
HSI,HK,index,2023-11-20,17625.84,17788.9,17532.73,17778.07,17454.19,196456.56,10636471.979847,0.018556002885267153,0.018556002885267153,0.01838594082379665,PASS,2026-07-16T20:25:16Z,D20260716.01
HSI,HK,index,2023-11-21,17932.54,18057.62,17689.01,17733.89,17778.07,209043.22,10724410.036674,-0.0024850841514292288,-0.0024850841514292288,-0.0024881770982670883,PASS,2026-07-16T20:25:16Z,D20260716.01
HSI,HK,index,2023-11-22,17736.4,17796.86,17650.49,17734.6,17733.89,123583.77,8113523.475683,4.003633720506272e-05,4.003633720506272e-05,4.003553577230521e-05,PASS,2026-07-16T20:25:16Z,D20260716.01
HSI,HK,index,2023-11-23,17680.05,17927.36,17577.31,17910.84,17734.6,167197.43,9774196.237348,0.009937636033516384,0.009937636033516384,0.009888582445305459,PASS,2026-07-16T20:25:16Z,D20260716.01
HSI,HK,index,2023-11-24,17771.75,17771.75,17545.61,17559.42,17910.84,129821.18,8814900.856963,-0.01962052031060535,-0.01962052031060535,-0.019815558096599607,PASS,2026-07-16T20:25:16Z,D20260716.01
HSI,HK,index,2023-11-27,17677.52,17677.52,17358.24,17525.06,17559.42,150272.83,7591446.85274,-0.001956784449600124,-0.001956784449600124,-0.00195870145347502,PASS,2026-07-16T20:25:16Z,D20260716.01
HSI,HK,index,2023-11-28,17541.48,17541.48,17303.82,17354.14,17525.06,178576.55,9500937.55062,-0.009752891002941078,-0.009752891002941078,-0.009800761952124336,PASS,2026-07-16T20:25:16Z,D20260716.01
HSI,HK,index,2023-11-29,17359.08,17359.08,16881.98,16993.44,17354.14,281013.65,13016485.654492,-0.02078466579156335,-0.02078466579156335,-0.021003707411604473,PASS,2026-07-16T20:25:16Z,D20260716.01
HSI,HK,index,2023-11-30,16985.18,17068.26,16863.05,17042.88,16993.44,301399.33,13911925.19429,0.0029093579640144807,0.0029093579640144807,0.002905133972884692,PASS,2026-07-16T20:25:16Z,D20260716.01
HSI,HK,index,2023-12-01,17019.17,17038.98,16830.3,16830.3,17042.88,243441.08,11420047.184457,-0.012473243958767588,-0.012473243958767588,-0.012551687848616912,PASS,2026-07-16T20:25:16Z,D20260716.01
HSI,HK,index,2023-12-04,16919.08,16941.91,16617.03,16646.05,16830.3,247613.23,10638506.146628,-0.010947517275390228,-0.010947517275390228,-0.011007882311777874,PASS,2026-07-16T20:25:16Z,D20260716.01
HSI,HK,index,2023-12-05,16606.54,16606.54,16228.52,16327.86,16646.05,268237.97,11802515.059483,-0.019115045311049683,-0.019115045311049683,-0.01930009980154535,PASS,2026-07-16T20:25:16Z,D20260716.01
HSI,HK,index,2023-12-06,16311.96,16600.36,16234.84,16463.26,16327.86,198676.89,9886385.263611,0.00829257477709855,0.00829257477709855,0.008258380289053216,PASS,2026-07-16T20:25:16Z,D20260716.01
HSI,HK,index,2023-12-07,16376.44,16376.44,16157.98,16345.89,16463.26,194734.57,8903696.964211,-0.007129207702484153,-0.007129207702484153,-0.007154741935324702,PASS,2026-07-16T20:25:16Z,D20260716.01
HSI,HK,index,2023-12-08,16373.44,16464.14,16249.15,16334.37,16345.89,187723.57,8836735.780648,-0.0007047643169015849,-0.0007047643169015849,-0.0007050127800182583,PASS,2026-07-16T20:25:16Z,D20260716.01
HSI,HK,index,2023-12-11,16149.06,16276.88,15972.31,16201.49,16334.37,253229.06,9872849.468996,-0.008134993881000696,-0.008134993881000696,-0.008168263498664733,PASS,2026-07-16T20:25:16Z,D20260716.01
HSI,HK,index,2023-12-12,16236.06,16420.97,16157.68,16374.5,16201.49,198079.17,8662849.738634,0.010678647457733836,0.010678647457733836,0.010622033386476796,PASS,2026-07-16T20:25:16Z,D20260716.01
HSI,HK,index,2023-12-13,16311.71,16326.95,16145.25,16228.75,16374.5,186333.31,7545644.944384,-0.008901035146111291,-0.008901035146111291,-0.008940886011661611,PASS,2026-07-16T20:25:16Z,D20260716.01
HSI,HK,index,2023-12-14,16419.74,16577.75,16319.22,16402.19,16228.75,234165.2,10223479.844027,0.010687206346761124,0.010687206346761124,0.010630501807976278,PASS,2026-07-16T20:25:16Z,D20260716.01
HSI,HK,index,2023-12-15,16610.7,16964.33,16610.7,16792.19,16402.19,390026.85,13625893.138176,0.023777312663735728,0.023777312663735728,0.023499034865879054,PASS,2026-07-16T20:25:16Z,D20260716.01
HSI,HK,index,2023-12-18,16669.82,16713.41,16572.88,16629.23,16792.19,156662.0,9431681.171934,-0.009704511442521713,-0.009704511442521713,-0.009751907097410558,PASS,2026-07-16T20:25:16Z,D20260716.01
HSI,HK,index,2023-12-19,16551.44,16579.55,16408.02,16505.0,16629.23,152145.28,7659786.411496,-0.007470580417734296,-0.007470580417734296,-0.007498624963614532,PASS,2026-07-16T20:25:16Z,D20260716.01
HSI,HK,index,2023-12-20,16647.95,16741.05,16549.49,16613.81,16505.0,164732.07,9003611.210478,0.006592547712814367,0.006592547712814367,0.0065709119081337015,PASS,2026-07-16T20:25:16Z,D20260716.01
HSI,HK,index,2023-12-21,16455.14,16649.57,16444.73,16621.13,16613.81,140441.72,6956660.049507,0.0004405973103098759,0.0004405973103098759,0.00044050027581599485,PASS,2026-07-16T20:25:16Z,D20260716.01
HSI,HK,index,2023-12-22,16743.06,16857.84,16271.5,16340.41,16621.13,219755.39,14116329.484283,-0.016889345068596517,-0.016889345068596517,-0.017033596572777605,PASS,2026-07-16T20:25:16Z,D20260716.01
HSI,HK,index,2023-12-27,16561.78,16673.57,16439.26,16624.84,16340.41,222805.13,9924586.56437,0.017406539982778968,0.017406539982778968,0.017256781519127472,PASS,2026-07-16T20:25:16Z,D20260716.01
HSI,HK,index,2023-12-28,16678.23,17086.1,16644.43,17043.53,16624.84,230132.94,10994271.961543,0.025184603280392404,0.025184603280392404,0.024872697135534826,PASS,2026-07-16T20:25:16Z,D20260716.01
HSI,HK,index,2023-12-29,17066.52,17095.12,16950.9,17047.39,17043.53,157005.3,7516802.406884,0.0002264789043116,0.0002264789043116,0.000226453261836131,PASS,2026-07-16T20:25:16Z,D20260716.01
HSI,HK,index,2024-01-02,17135.12,17135.12,16725.28,16788.55,17047.39,172067.0,7664126.094156,-0.015183555957832828,-0.015183555957832828,-0.015300006401821577,PASS,2026-07-16T20:25:16Z,D20260716.01
HSI,HK,index,2024-01-03,16624.92,16657.51,16564.8,16646.41,16788.55,157746.17,7926970.935418,-0.008466484598133817,-0.008466484598133817,-0.00850252886855669,PASS,2026-07-16T20:25:16Z,D20260716.01
HSI,HK,index,2024-01-04,16673.4,16673.4,16516.33,16645.98,16646.41,178934.93,7039004.080701,-2.5831395478070895e-05,-2.5831395478070895e-05,-2.5831729114312607e-05,PASS,2026-07-16T20:25:16Z,D20260716.01
HSI,HK,index,2024-01-05,16573.12,16745.73,16455.57,16535.33,16645.98,193659.98,8183000.040225,-0.006647250567404117,-0.006647250567404117,-0.006669441933171592,PASS,2026-07-16T20:25:16Z,D20260716.01
HSI,HK,index,2024-01-08,16581.86,16592.06,16144.56,16224.45,16535.33,222717.2,8444205.718897,-0.01880095528785941,-0.01880095528785941,-0.01897994018965406,PASS,2026-07-16T20:25:16Z,D20260716.01
HSI,HK,index,2024-01-09,16256.1,16414.79,16190.02,16190.02,16224.45,193738.05,8190802.106597,-0.0021221058340961108,-0.0021221058340961108,-0.0021243606912768197,PASS,2026-07-16T20:25:16Z,D20260716.01
HSI,HK,index,2024-01-10,16143.97,16247.3,16036.42,16097.28,16190.02,178811.37,7451443.395309,-0.0057282202245581,-0.0057282202245581,-0.005744689400855118,PASS,2026-07-16T20:25:16Z,D20260716.01
HSI,HK,index,2024-01-11,16154.17,16459.92,16106.83,16302.04,16097.28,197086.61,9371676.551107,0.012720161418575016,0.012720161418575016,0.012639939737543042,PASS,2026-07-16T20:25:16Z,D20260716.01
HSI,HK,index,2024-01-12,16216.97,16393.74,16185.91,16244.58,16302.04,153459.98,6948304.801021,-0.0035247122446026014,-0.0035247122446026014,-0.0035309386780359156,PASS,2026-07-16T20:25:16Z,D20260716.01
HSI,HK,index,2024-01-15,16258.28,16334.71,16104.5,16216.33,16244.58,136841.54,7107930.692325,-0.0017390415757132516,-0.0017390415757132516,-0.0017405554639118852,PASS,2026-07-16T20:25:16Z,D20260716.01
HSI,HK,index,2024-01-16,16030.25,16197.04,15834.41,15865.92,16216.33,213916.41,8441288.597239,-0.02160846504727021,-0.02160846504727021,-0.021845346575537813,PASS,2026-07-16T20:25:16Z,D20260716.01
HSI,HK,index,2024-01-17,15764.38,15764.38,15194.94,15276.9,15865.92,395231.01,13054144.135393,-0.03712485629575846,-0.03712485629575846,-0.03783152906405761,PASS,2026-07-16T20:25:16Z,D20260716.01
HSI,HK,index,2024-01-18,15301.19,15463.69,15183.96,15391.79,15276.9,281598.7,10735217.268072,0.0075205048144584286,0.0075205048144584286,0.007492366804758059,PASS,2026-07-16T20:25:16Z,D20260716.01
HSI,HK,index,2024-01-19,15404.69,15540.75,15207.99,15308.69,15391.79,224225.73,9687186.543757,-0.005398982184658174,-0.005398982184658174,-0.005413609360637189,PASS,2026-07-16T20:25:16Z,D20260716.01
HSI,HK,index,2024-01-22,15349.05,15362.91,14794.16,14961.18,15308.69,281238.46,11217786.677946,-0.022700178787342318,-0.022700178787342318,-0.0229617945774459,PASS,2026-07-16T20:25:16Z,D20260716.01
HSI,HK,index,2024-01-23,15038.33,15516.8,14994.37,15353.98,14961.18,280400.97,12406708.755251,0.0262546136066808,0.0262546136066808,0.025915877371648667,PASS,2026-07-16T20:25:16Z,D20260716.01
HSI,HK,index,2024-01-24,15602.45,15975.11,15412.1,15899.87,15353.98,359768.35,12880683.785083,0.035553647979221115,0.035553647979221115,0.034936209279432515,PASS,2026-07-16T20:25:16Z,D20260716.01
HSI,HK,index,2024-01-25,15989.94,16254.93,15828.93,16211.96,15899.87,409640.48,13208622.873109,0.01962846237107585,0.01962846237107585,0.01943830836271896,PASS,2026-07-16T20:25:16Z,D20260716.01
HSI,HK,index,2024-01-26,16158.72,16240.96,15888.04,15952.23,16211.96,331402.15,13162425.834712,-0.01602088828247783,-0.01602088828247783,-0.0161506100845467,PASS,2026-07-16T20:25:16Z,D20260716.01
HSI,HK,index,2024-01-29,16046.25,16258.45,16012.59,16077.24,15952.23,292319.88,10012421.603408,0.007836521915744799,0.007836521915744799,0.007805975857332857,PASS,2026-07-16T20:25:16Z,D20260716.01
HSI,HK,index,2024-01-30,15896.66,15896.66,15654.97,15703.45,16077.24,256552.44,9486025.395939,-0.0232496373755694,-0.0232496373755694,-0.023524173790890245,PASS,2026-07-16T20:25:16Z,D20260716.01
HSI,HK,index,2024-01-31,15652.05,15744.04,15411.66,15485.07,15703.45,259493.78,9884546.357281,-0.0139064982535686,-0.0139064982535686,-0.014004099518085419,PASS,2026-07-16T20:25:16Z,D20260716.01
HSI,HK,index,2024-02-01,15522.86,15805.06,15434.82,15566.21,15485.07,245456.81,9490717.378066,0.005239885903002062,0.005239885903002062,0.005226205469328781,PASS,2026-07-16T20:25:16Z,D20260716.01
HSI,HK,index,2024-02-02,15756.12,15912.61,15435.85,15533.56,15566.21,247595.52,10315585.003387,-0.002097491939271001,-0.002097491939271001,-0.0020996947562882846,PASS,2026-07-16T20:25:16Z,D20260716.01
HSI,HK,index,2024-02-05,15336.86,15669.77,15336.86,15510.01,15533.56,231327.73,9471327.956751,-0.0015160722976573782,-0.0015160722976573782,-0.001517222698137123,PASS,2026-07-16T20:25:16Z,D20260716.01
HSI,HK,index,2024-02-06,15541.23,16154.05,15541.23,16136.87,15510.01,331417.11,12804066.038438,0.04041647942199922,0.04041647942199922,0.03962109397287427,PASS,2026-07-16T20:25:16Z,D20260716.01
HSI,HK,index,2024-02-07,16282.39,16408.15,16035.43,16081.89,16136.87,280964.51,10363269.575146,-0.003407104351711432,-0.003407104351711432,-0.003412921749155112,PASS,2026-07-16T20:25:16Z,D20260716.01
HSI,HK,index,2024-02-08,15988.62,16093.52,15821.86,15878.07,16081.89,194061.51,7771274.04961,-0.012673883480113335,-0.012673883480113335,-0.012754882248385922,PASS,2026-07-16T20:25:16Z,D20260716.01
HSI,HK,index,2024-02-09,15709.3,15754.01,15531.03,15746.58,15878.07,74546.64,3128185.264346,-0.008281233172545477,-0.008281233172545477,-0.008315713073322734,PASS,2026-07-16T20:25:16Z,D20260716.01
HSI,HK,index,2024-02-14,15579.41,15911.05,15456.32,15879.38,15746.58,140303.28,5706443.993422,0.008433577322821906,0.008433577322821906,0.008398213400064638,PASS,2026-07-16T20:25:16Z,D20260716.01
HSI,HK,index,2024-02-15,15824.21,16029.02,15751.36,15944.63,15879.38,105690.02,4701716.351393,0.004109102496445027,0.004109102496445027,0.0041006831907614985,PASS,2026-07-16T20:25:16Z,D20260716.01
HSI,HK,index,2024-02-16,16007.54,16394.16,15937.28,16339.96,15944.63,174296.11,7065830.230141,0.024793927485303735,0.024793927485303735,0.024491546022042527,PASS,2026-07-16T20:25:16Z,D20260716.01
HSI,HK,index,2024-02-19,16334.47,16334.47,16137.98,16155.61,16339.96,218582.08,8208742.749576,-0.011282157361462208,-0.011282157361462208,-0.011346283677167954,PASS,2026-07-16T20:25:16Z,D20260716.01
HSI,HK,index,2024-02-20,16222.09,16274.56,16055.08,16247.51,16155.61,220592.44,7696139.383457,0.005688426497049592,0.005688426497049592,0.005672308494205674,PASS,2026-07-16T20:25:16Z,D20260716.01
HSI,HK,index,2024-02-21,16182.93,16756.01,16138.81,16503.1,16247.51,384426.3,12244424.027531,0.015731025861808856,0.015731025861808856,0.015608575781922427,PASS,2026-07-16T20:25:16Z,D20260716.01
HSI,HK,index,2024-02-22,16489.84,16742.95,16424.79,16742.95,16503.1,273967.32,10009662.969095,0.014533633074998109,0.014533633074998109,0.014429032099900376,PASS,2026-07-16T20:25:16Z,D20260716.01
HSI,HK,index,2024-02-23,16654.68,16895.82,16654.68,16725.86,16742.95,290314.38,9605261.459227,-0.0010207281273610924,-0.0010207281273610924,-0.0010212494250817735,PASS,2026-07-16T20:25:16Z,D20260716.01
HSI,HK,index,2024-02-26,16684.96,16777.41,16590.71,16634.74,16725.86,225354.97,8354569.920361,-0.00544785141092885,-0.00544785141092885,-0.005462745070351131,PASS,2026-07-16T20:25:16Z,D20260716.01
HSI,HK,index,2024-02-27,16645.63,16828.67,16453.5,16790.8,16634.74,242390.96,10260075.776762,0.00938157133805495,0.00938157133805495,0.00933783771164774,PASS,2026-07-16T20:25:16Z,D20260716.01
HSI,HK,index,2024-02-28,16833.61,16844.33,16517.84,16536.85,16790.8,258772.18,10701665.652217,-0.015124353812802305,-0.015124353812802305,-0.015239893305625453,PASS,2026-07-16T20:25:16Z,D20260716.01
HSI,HK,index,2024-02-29,16429.57,16695.36,16429.57,16511.44,16536.85,338082.55,13035137.234411,-0.0015365683307280165,-0.0015365683307280165,-0.0015377500625417687,PASS,2026-07-16T20:25:16Z,D20260716.01
HSI,HK,index,2024-03-01,16390.89,16651.67,16321.12,16589.44,16511.44,288065.85,12183189.322693,0.004723997422393156,0.004723997422393156,0.004712874363016739,PASS,2026-07-16T20:25:16Z,D20260716.01
HSI,HK,index,2024-03-04,16629.55,16645.96,16473.65,16595.97,16589.44,251901.79,10686693.08364,0.0003936238956832039,0.0003936238956832039,0.0003935464461209099,PASS,2026-07-16T20:25:16Z,D20260716.01
HSI,HK,index,2024-03-05,16343.95,16450.37,16095.68,16162.64,16595.97,269788.95,11212931.912512,-0.02611055575540333,-0.02611055575540333,-0.026457488717734064,PASS,2026-07-16T20:25:16Z,D20260716.01
HSI,HK,index,2024-03-06,16167.45,16545.05,16145.22,16438.09,16162.64,248870.11,10237714.160163,0.017042389114649614,0.017042389114649614,0.01689879674319129,PASS,2026-07-16T20:25:16Z,D20260716.01
HSI,HK,index,2024-03-07,16417.77,16512.41,16136.12,16229.78,16438.09,253541.43,9800881.727122,-0.01267239685389232,-0.01267239685389232,-0.012753376540112913,PASS,2026-07-16T20:25:16Z,D20260716.01
HSI,HK,index,2024-03-08,16275.39,16489.73,16275.39,16353.39,16229.78,259631.33,8668790.639865,0.007616246184483089,0.007616246184483089,0.007587389011116252,PASS,2026-07-16T20:25:16Z,D20260716.01
HSI,HK,index,2024-03-11,16416.17,16625.64,16416.17,16587.57,16353.39,249403.1,9294503.154468,0.014319966685806484,0.014319966685806484,0.014218404393685654,PASS,2026-07-16T20:25:16Z,D20260716.01
HSI,HK,index,2024-03-12,16701.95,17154.87,16613.45,17093.5,16587.57,400175.3,14996550.672528,0.030500549507854302,0.030500549507854302,0.030044654592149393,PASS,2026-07-16T20:25:16Z,D20260716.01
HSI,HK,index,2024-03-13,17059.11,17214.67,17050.87,17082.11,17093.5,280101.4,12044913.398127,-0.0006663351566384978,-0.0006663351566384978,-0.0006665572565764625,PASS,2026-07-16T20:25:16Z,D20260716.01
HSI,HK,index,2024-03-14,17120.54,17209.82,16878.11,16961.66,17082.11,269909.64,11313047.554857,-0.007051236644653458,-0.007051236644653458,-0.00707621409763793,PASS,2026-07-16T20:25:16Z,D20260716.01
HSI,HK,index,2024-03-15,16758.36,16821.13,16550.42,16720.89,16961.66,377669.42,13908636.068427,-0.014194954974925844,-0.014194954974925844,-0.014296667027592516,PASS,2026-07-16T20:25:16Z,D20260716.01
HSI,HK,index,2024-03-18,16690.26,16801.64,16641.58,16737.12,16720.89,224177.68,9577693.788085,0.0009706421129496157,0.0009706421129496157,0.0009701713445010598,PASS,2026-07-16T20:25:16Z,D20260716.01
HSI,HK,index,2024-03-19,16628.07,16682.54,16492.09,16529.48,16737.12,243358.29,9068942.326356,-0.01240595753630247,-0.01240595753630247,-0.012483553866592036,PASS,2026-07-16T20:25:16Z,D20260716.01
HSI,HK,index,2024-03-20,16559.01,16654.08,16430.12,16543.07,16529.48,229167.26,8534255.451653,0.0008221674245045829,0.0008221674245045829,0.0008218296300040346,PASS,2026-07-16T20:25:16Z,D20260716.01
HSI,HK,index,2024-03-21,16762.83,16973.52,16762.83,16863.1,16543.07,322096.71,11805083.129484,0.019345260583434554,0.019345260583434554,0.01916051980048867,PASS,2026-07-16T20:25:16Z,D20260716.01
HSI,HK,index,2024-03-22,16745.27,16747.2,16341.61,16499.47,16863.1,311041.15,13565275.591955,-0.021563650811535107,-0.021563650811535107,-0.02179954363486416,PASS,2026-07-16T20:25:16Z,D20260716.01
HSI,HK,index,2024-03-25,16531.95,16612.64,16441.3,16473.64,16499.47,262450.65,11270861.099765,-0.0015655048313674147,-0.0015655048313674147,-0.001566731514475313,PASS,2026-07-16T20:25:16Z,D20260716.01
HSI,HK,index,2024-03-26,16548.5,16728.9,16452.55,16618.32,16473.64,274576.57,10865245.911241,0.008782515582469896,0.008782515582469896,0.008744173621535761,PASS,2026-07-16T20:25:16Z,D20260716.01
HSI,HK,index,2024-03-27,16530.44,16612.0,16354.81,16392.84,16618.32,276988.96,11560914.742712,-0.013568158514217998,-0.013568158514217998,-0.01366104715241663,PASS,2026-07-16T20:25:16Z,D20260716.01
HSI,HK,index,2024-03-28,16378.4,16725.61,16345.9,16541.42,16392.84,320342.13,11725673.117161,0.009063713182096533,0.009063713182096533,0.009022884256110803,PASS,2026-07-16T20:25:16Z,D20260716.01
HSI,HK,index,2024-04-02,16811.74,17007.34,16811.74,16931.52,16541.42,398314.13,14418428.20543,0.023583223205746684,0.023583223205746684,0.023309435178701297,PASS,2026-07-16T20:25:16Z,D20260716.01
HSI,HK,index,2024-04-03,16926.85,16926.85,16689.19,16725.1,16931.52,266736.32,9978714.741468,-0.012191463022812044,-0.012191463022812044,-0.012266388498311393,PASS,2026-07-16T20:25:16Z,D20260716.01
HSI,HK,index,2024-04-05,16787.93,16839.55,16480.36,16723.92,16725.1,180439.61,7361500.283976,-7.055264243560622e-05,-7.055264243560622e-05,-7.055513139035245e-05,PASS,2026-07-16T20:25:16Z,D20260716.01
HSI,HK,index,2024-04-08,16650.83,16895.06,16580.53,16732.85,16723.92,263677.3,9987106.603955,0.0005339657209553206,0.0005339657209553206,0.0005338232119874221,PASS,2026-07-16T20:25:16Z,D20260716.01
HSI,HK,index,2024-04-09,16819.18,17006.85,16805.99,16828.07,16732.85,212005.69,8293373.754989,0.005690602617007823,0.005690602617007823,0.005674472303141467,PASS,2026-07-16T20:25:16Z,D20260716.01
HSI,HK,index,2024-04-10,16926.02,17190.5,16918.36,17139.17,16828.07,254907.47,10729398.643859,0.018486968499655587,0.018486968499655587,0.018318161806262168,PASS,2026-07-16T20:25:16Z,D20260716.01
HSI,HK,index,2024-04-11,16856.19,17141.36,16856.19,17095.03,17139.17,248054.53,9879680.768521,-0.002575387256208983,-0.002575387256208983,-0.0025787092708439182,PASS,2026-07-16T20:25:16Z,D20260716.01
HSI,HK,index,2024-04-12,16978.7,17031.31,16721.69,16721.69,17095.03,284032.12,10621829.207064,-0.021839095924371055,-0.021839095924371055,-0.022081098885129442,PASS,2026-07-16T20:25:16Z,D20260716.01
HSI,HK,index,2024-04-15,16487.36,16647.09,16465.4,16600.46,16721.69,256179.06,9515487.237458,-0.007249865294716051,-0.007249865294716051,-0.007276273281756,PASS,2026-07-16T20:25:16Z,D20260716.01
HSI,HK,index,2024-04-16,16367.69,16449.24,16208.64,16248.97,16600.46,309291.16,11458009.873117,-0.021173509649732636,-0.021173509649732636,-0.021400883670460502,PASS,2026-07-16T20:25:16Z,D20260716.01
HSI,HK,index,2024-04-17,16225.54,16316.69,16155.83,16251.84,16248.97,245052.6,9919074.354504,0.00017662658002337572,0.00017662658002337572,0.00017661098338548386,PASS,2026-07-16T20:25:16Z,D20260716.01
HSI,HK,index,2024-04-18,16253.24,16507.6,16206.55,16385.87,16251.84,322801.49,9527989.279239,0.008247066178352691,0.008247066178352691,0.008213244951438905,PASS,2026-07-16T20:25:16Z,D20260716.01
HSI,HK,index,2024-04-19,16246.34,16254.9,16044.45,16224.14,16385.87,339374.33,10615273.057157,-0.00987008929034583,-0.00987008929034583,-0.009919121523433569,PASS,2026-07-16T20:25:16Z,D20260716.01
HSI,HK,index,2024-04-22,16410.83,16637.82,16410.83,16511.69,16224.14,291506.33,10492489.110896,0.017723589663304118,0.017723589663304118,0.017568358335245095,PASS,2026-07-16T20:25:16Z,D20260716.01
HSI,HK,index,2024-04-23,16679.39,16846.13,16599.21,16828.93,16511.69,299365.59,11600571.482063,0.01921305450865418,0.01921305450865418,0.019030814337577008,PASS,2026-07-16T20:25:16Z,D20260716.01
HSI,HK,index,2024-04-24,16993.17,17217.86,16934.65,17201.27,16828.93,331475.27,12958388.605651,0.02212499546911184,0.02212499546911184,0.021883789067192082,PASS,2026-07-16T20:25:16Z,D20260716.01
HSI,HK,index,2024-04-25,17144.12,17438.83,17109.57,17284.54,17201.27,314728.42,11991175.502867,0.004840921629623907,0.004840921629623907,0.0048292420466423585,PASS,2026-07-16T20:25:16Z,D20260716.01
HSI,HK,index,2024-04-26,17336.2,17758.24,17336.2,17651.15,17284.54,385096.87,15724222.278876,0.02121028387217705,0.02121028387217705,0.02098847671460431,PASS,2026-07-16T20:25:16Z,D20260716.01
HSI,HK,index,2024-04-29,17737.93,18031.16,17679.19,17746.91,17651.15,485088.22,16341704.583352,0.005425142271183292,0.005425142271183292,0.005410479195791991,PASS,2026-07-16T20:25:16Z,D20260716.01
HSI,HK,index,2024-04-30,17843.44,17902.02,17686.94,17763.03,17746.91,367996.24,13086035.157623,0.0009083271397667403,0.0009083271397667403,0.000907914860307848,PASS,2026-07-16T20:25:16Z,D20260716.01
HSI,HK,index,2024-05-02,17760.68,18217.82,17740.62,18207.13,17763.03,242496.33,11591175.565549,0.025001365195014724,0.025001365195014724,0.024693944487059867,PASS,2026-07-16T20:25:16Z,D20260716.01
HSI,HK,index,2024-05-03,18543.3,18604.17,18362.22,18475.92,18207.13,247608.58,11618992.677999,0.014762897831783306,0.014762897831783306,0.014654987010155102,PASS,2026-07-16T20:25:16Z,D20260716.01
HSI,HK,index,2024-05-06,18488.55,18590.17,18389.54,18578.3,18475.92,343862.73,14448604.039123,0.005541266686584612,0.005541266686584612,0.005525970349709951,PASS,2026-07-16T20:25:16Z,D20260716.01
HSI,HK,index,2024-05-07,18577.55,18638.81,18411.02,18479.37,18578.3,249439.97,11342372.838102,-0.005325029738996623,-0.005325029738996623,-0.005339258243809873,PASS,2026-07-16T20:25:16Z,D20260716.01
HSI,HK,index,2024-05-08,18510.54,18606.56,18298.36,18313.86,18479.37,291167.63,12865541.946342,-0.00895647416551526,-0.00895647416551526,-0.00899682449204722,PASS,2026-07-16T20:25:16Z,D20260716.01
HSI,HK,index,2024-05-09,18306.25,18560.76,18278.11,18537.81,18313.86,290497.45,12369442.200052,0.01222844337567297,0.01222844337567297,0.012154279952003005,PASS,2026-07-16T20:25:16Z,D20260716.01
HSI,HK,index,2024-05-10,18669.43,18993.28,18657.51,18963.68,18537.81,650689.98,17100096.755249,0.022973048056917023,0.022973048056917023,0.022713140637009504,PASS,2026-07-16T20:25:16Z,D20260716.01
HSI,HK,index,2024-05-13,18904.58,19123.48,18827.6,19115.06,18963.68,376062.59,14723778.243345,0.007982627844384638,0.007982627844384638,0.007950935219300494,PASS,2026-07-16T20:25:16Z,D20260716.01
HSI,HK,index,2024-05-14,19203.82,19301.13,19072.64,19073.71,19115.06,345524.26,14308505.404115,-0.002163215809942609,-0.002163215809942609,-0.002165558941004761,PASS,2026-07-16T20:25:16Z,D20260716.01
HSI,HK,index,2024-05-16,19262.79,19442.9,19114.38,19376.53,19073.71,581345.85,20489909.620392,0.01587630303700749,0.01587630303700749,0.01575159276495822,PASS,2026-07-16T20:25:16Z,D20260716.01
HSI,HK,index,2024-05-17,19525.12,19602.24,19342.96,19553.61,19376.53,437605.76,17930402.796106,0.009138891225622059,0.009138891225622059,0.009097384252688063,PASS,2026-07-16T20:25:16Z,D20260716.01
HSI,HK,index,2024-05-20,19621.43,19706.12,19574.56,19636.22,19553.61,350123.81,15647666.586988,0.00422479531912523,0.00422479531912523,0.00421589592798016,PASS,2026-07-16T20:25:16Z,D20260716.01
HSI,HK,index,2024-05-21,19473.67,19487.36,19175.8,19220.62,19636.22,351718.66,15058268.853528,-0.021164969632648356,-0.021164969632648356,-0.021392158957843986,PASS,2026-07-16T20:25:16Z,D20260716.01
HSI,HK,index,2024-05-22,19225.26,19359.68,19149.41,19195.6,19220.62,283760.51,12664792.276203,-0.0013017269994411995,-0.0013017269994411995,-0.0013025749820061532,PASS,2026-07-16T20:25:16Z,D20260716.01
HSI,HK,index,2024-05-23,19024.41,19024.41,18776.21,18868.71,19195.6,316600.59,12993540.452209,-0.017029423409531286,-0.017029423409531286,-0.017176091540865326,PASS,2026-07-16T20:25:16Z,D20260716.01
HSI,HK,index,2024-05-24,18742.28,18867.91,18532.41,18608.94,18868.71,354901.76,12671201.164314,-0.01376723686992909,-0.01376723686992909,-0.013862884155950944,PASS,2026-07-16T20:25:16Z,D20260716.01
HSI,HK,index,2024-05-27,18606.02,18871.13,18504.53,18827.35,18608.94,290607.07,11885775.88358,0.01173683186683383,0.01173683186683383,0.011668489484626253,PASS,2026-07-16T20:25:16Z,D20260716.01
HSI,HK,index,2024-05-28,18814.01,19000.52,18776.1,18821.16,18827.35,243270.54,9776395.617,-0.00032877701853939456,-0.00032877701853939456,-0.00032883107755258655,PASS,2026-07-16T20:25:16Z,D20260716.01
HSI,HK,index,2024-05-29,18659.41,18694.55,18425.09,18477.01,18821.16,321557.9,12319263.154,-0.018285270408412768,-0.018285270408412768,-0.01845451222836369,PASS,2026-07-16T20:25:16Z,D20260716.01
HSI,HK,index,2024-05-30,18423.78,18537.92,18163.21,18230.19,18477.01,349279.65,12550323.87032,-0.013358221920105051,-0.013358221920105051,-0.013448245569319697,PASS,2026-07-16T20:25:16Z,D20260716.01
HSI,HK,index,2024-05-31,18409.62,18551.18,18077.39,18079.61,18230.19,533705.42,19175092.283103,-0.008259924882845326,-0.008259924882845326,-0.008294227082032812,PASS,2026-07-16T20:25:16Z,D20260716.01
HSI,HK,index,2024-06-03,18283.56,18573.81,18283.56,18403.04,18079.61,314093.64,13230984.741702,0.017889213318207586,0.017889213318207586,0.017731084424436865,PASS,2026-07-16T20:25:16Z,D20260716.01
HSI,HK,index,2024-06-04,18335.45,18541.03,18335.45,18444.11,18403.04,297146.7,11623117.973066,0.0022316965023170265,0.0022316965023170265,0.0022292099664528715,PASS,2026-07-16T20:25:16Z,D20260716.01
HSI,HK,index,2024-06-05,18489.78,18724.62,18375.27,18424.96,18444.11,325080.5,11562695.810141,-0.0010382718385436585,-0.0010382718385436585,-0.0010388112161283734,PASS,2026-07-16T20:25:16Z,D20260716.01
HSI,HK,index,2024-06-06,18577.58,18700.68,18383.8,18476.8,18424.96,279774.68,11456332.987343,0.002813574629198623,0.002813574629198623,0.002809623936745422,PASS,2026-07-16T20:25:16Z,D20260716.01
HSI,HK,index,2024-06-07,18562.48,18575.69,18302.33,18366.95,18476.8,331005.92,13311171.621988,-0.00594529355732587,-0.00594529355732587,-0.005963037177374537,PASS,2026-07-16T20:25:16Z,D20260716.01
HSI,HK,index,2024-06-11,18163.12,18267.69,17994.1,18176.34,18366.95,352846.18,13980644.882835,-0.010377879833069703,-0.010377879833069703,-0.010432105519348015,PASS,2026-07-16T20:25:16Z,D20260716.01
HSI,HK,index,2024-06-12,18032.4,18063.72,17848.76,17937.84,18176.34,313946.34,11511812.840906,-0.013121453493937674,-0.013121453493937674,-0.013208300305667019,PASS,2026-07-16T20:25:16Z,D20260716.01
HSI,HK,index,2024-06-13,18104.13,18173.53,17971.57,18112.63,17937.84,233125.3,10732202.225875,0.009744205545372253,0.009744205545372253,0.009697036940708234,PASS,2026-07-16T20:25:16Z,D20260716.01
HSI,HK,index,2024-06-14,18028.07,18109.89,17927.16,17941.78,18112.63,262128.83,11622396.2657,-0.009432644513800659,-0.009432644513800659,-0.009477413655075,PASS,2026-07-16T20:25:16Z,D20260716.01
HSI,HK,index,2024-06-17,17848.87,18122.8,17752.96,17936.12,17941.78,211842.12,9632430.368,-0.0003154647978070857,-0.0003154647978070857,-0.00031551456729370266,PASS,2026-07-16T20:25:16Z,D20260716.01
HSI,HK,index,2024-06-18,17961.89,18043.48,17854.79,17915.55,17936.12,255003.08,9234229.371252,-0.0011468478132393711,-0.0011468478132393711,-0.001147505946426594,PASS,2026-07-16T20:25:16Z,D20260716.01
HSI,HK,index,2024-06-19,18056.22,18448.66,18039.01,18430.39,17915.55,351329.34,11275836.445773,0.028737046867107097,0.028737046867107097,0.028331881792189,PASS,2026-07-16T20:25:16Z,D20260716.01
HSI,HK,index,2024-06-20,18453.63,18520.37,18274.2,18335.32,18430.39,268289.76,10355547.479709,-0.0051583281742817455,-0.0051583281742817455,-0.005171678278326241,PASS,2026-07-16T20:25:16Z,D20260716.01
HSI,HK,index,2024-06-21,18199.14,18240.13,17968.37,18028.52,18335.32,342621.37,12907589.918353,-0.01673273223483418,-0.01673273223483418,-0.01687430589697636,PASS,2026-07-16T20:25:16Z,D20260716.01
HSI,HK,index,2024-06-24,17906.36,18032.67,17789.57,18027.71,18028.52,271625.95,9647349.353465,-4.492881279227756e-05,-4.492881279227756e-05,-4.4929822121619116e-05,PASS,2026-07-16T20:25:16Z,D20260716.01
HSI,HK,index,2024-06-25,18088.02,18231.46,17959.07,18072.9,18027.71,233370.98,9374306.682223,0.002506696635346417,0.002506696635346417,0.002503560111784177,PASS,2026-07-16T20:25:16Z,D20260716.01
HSI,HK,index,2024-06-26,17934.63,18156.35,17934.63,18089.93,18072.9,230852.56,9515001.827889,0.0009422948171018408,0.0009422948171018408,0.0009418511360377085,PASS,2026-07-16T20:25:16Z,D20260716.01
HSI,HK,index,2024-06-27,17946.0,17961.92,17677.33,17716.47,18089.93,280608.78,10422493.790845,-0.020644634888028812,-0.020644634888028812,-0.02086071445881321,PASS,2026-07-16T20:25:16Z,D20260716.01
HSI,HK,index,2024-06-28,17583.19,17865.47,17583.19,17718.61,17716.47,282659.63,9888699.241557,0.00012079155723454527,0.00012079155723454527,0.00012078426252181626,PASS,2026-07-16T20:25:16Z,D20260716.01
HSI,HK,index,2024-07-02,17669.42,17986.14,17669.42,17769.14,17718.61,337429.02,11843415.85123,0.002851803837885747,0.002851803837885747,0.0028477451598588927,PASS,2026-07-16T20:25:16Z,D20260716.01
HSI,HK,index,2024-07-03,17841.77,18017.76,17808.27,17978.57,17769.14,308969.18,11355021.893583,0.011786164102483232,0.011786164102483232,0.011717248244232583,PASS,2026-07-16T20:25:16Z,D20260716.01
HSI,HK,index,2024-07-04,18079.72,18133.3,17942.08,18028.28,17978.57,299463.08,9079628.676228,0.002764958503373771,0.002764958503373771,0.0027611430370636336,PASS,2026-07-16T20:25:16Z,D20260716.01
HSI,HK,index,2024-07-05,18035.77,18105.01,17799.61,17799.61,18028.28,288655.02,9032093.383751,-0.012683960976865194,-0.012683960976865194,-0.012765089157747862,PASS,2026-07-16T20:25:16Z,D20260716.01
HSI,HK,index,2024-07-08,17667.97,17735.58,17453.56,17524.06,17799.61,234897.01,8931035.234732,-0.015480676262007997,-0.015480676262007997,-0.01560175312403189,PASS,2026-07-16T20:25:16Z,D20260716.01
HSI,HK,index,2024-07-09,17481.0,17617.64,17376.48,17523.23,17524.06,261891.16,9433294.27732,-4.7363453446358506e-05,-4.7363453446358506e-05,-4.7364575130137704e-05,PASS,2026-07-16T20:25:16Z,D20260716.01
HSI,HK,index,2024-07-10,17613.5,17765.88,17455.08,17471.67,17523.23,264197.42,10233981.501553,-0.002942379915118476,-0.002942379915118476,-0.002946717224999338,PASS,2026-07-16T20:25:16Z,D20260716.01
HSI,HK,index,2024-07-11,17629.13,17864.09,17621.05,17832.33,17471.67,223159.74,10037985.150355,0.020642560213190997,0.020642560213190997,0.020432389947371832,PASS,2026-07-16T20:25:16Z,D20260716.01
HSI,HK,index,2024-07-12,18020.17,18317.31,18020.17,18293.38,17832.33,305902.72,11943189.29239,0.02585472565839675,0.02585472565839675,0.025526143797813934,PASS,2026-07-16T20:25:16Z,D20260716.01
HSI,HK,index,2024-07-15,18201.48,18243.39,17946.49,18015.94,18293.38,232633.95,9114693.362105,-0.015166142068879673,-0.015166142068879673,-0.015282324187942127,PASS,2026-07-16T20:25:16Z,D20260716.01
HSI,HK,index,2024-07-16,17845.06,17899.55,17727.98,17727.98,18015.94,233496.83,9424265.801849,-0.015983623391285673,-0.015983623391285673,-0.016112739173340183,PASS,2026-07-16T20:25:16Z,D20260716.01
HSI,HK,index,2024-07-17,17741.77,17807.68,17658.68,17739.41,17727.98,275701.58,10495679.139062,0.0006447435071565977,0.0006447435071565977,0.0006445357493571192,PASS,2026-07-16T20:25:16Z,D20260716.01
HSI,HK,index,2024-07-18,17653.23,17864.12,17623.74,17778.41,17739.41,201829.15,8753587.091244,0.0021984947639182018,0.0021984947639182018,0.0021960816105275525,PASS,2026-07-16T20:25:16Z,D20260716.01
HSI,HK,index,2024-07-19,17603.8,17629.97,17376.23,17417.68,17778.41,281163.88,10200189.918796,-0.020290340924750794,-0.020290340924750794,-0.02049901746278058,PASS,2026-07-16T20:25:16Z,D20260716.01
HSI,HK,index,2024-07-22,17465.13,17693.35,17313.88,17635.88,17417.68,213363.03,9342248.291047,0.012527500792298474,0.012527500792298474,0.012449680906040537,PASS,2026-07-16T20:25:16Z,D20260716.01
HSI,HK,index,2024-07-23,17679.55,17707.68,17451.86,17469.36,17635.88,221645.6,8582595.322628,-0.009442114598194107,-0.009442114598194107,-0.00948697396372997,PASS,2026-07-16T20:25:16Z,D20260716.01
HSI,HK,index,2024-07-24,17454.43,17516.95,17251.26,17311.05,17469.36,220818.24,8689904.052335,-0.009062152248279332,-0.009062152248279332,-0.009103463317489865,PASS,2026-07-16T20:25:16Z,D20260716.01
HSI,HK,index,2024-07-25,17260.83,17288.46,16964.52,17004.97,17311.05,240139.07,10573403.030537,-0.017681192070960305,-0.017681192070960305,-0.017839371656717905,PASS,2026-07-16T20:25:16Z,D20260716.01
HSI,HK,index,2024-07-26,17079.67,17229.19,16924.58,17021.31,17004.97,237421.07,10467018.16974,0.0009608955499480487,0.0009608955499480487,0.0009604341853442364,PASS,2026-07-16T20:25:16Z,D20260716.01
HSI,HK,index,2024-07-29,17196.45,17358.66,17154.12,17238.34,17021.31,225841.38,8472820.948619,0.012750487477168226,0.012750487477168226,0.012669884440629222,PASS,2026-07-16T20:25:16Z,D20260716.01
HSI,HK,index,2024-07-30,17194.37,17194.37,16971.6,17002.91,17238.34,255268.89,8997585.500688,-0.013657347517220364,-0.013657347517220364,-0.013751467018788394,PASS,2026-07-16T20:25:16Z,D20260716.01
HSI,HK,index,2024-07-31,17070.86,17400.24,17015.83,17344.6,17002.91,267895.05,11886666.554497,0.020095971807178703,0.020095971807178703,0.019896712877030584,PASS,2026-07-16T20:25:16Z,D20260716.01
HSI,HK,index,2024-08-01,17327.85,17408.95,17248.12,17304.96,17344.6,193387.47,9405119.749561,-0.0022854375425204188,-0.0022854375425204188,-0.0022880531408518002,PASS,2026-07-16T20:25:16Z,D20260716.01
HSI,HK,index,2024-08-02,17025.26,17075.52,16865.93,16945.51,17304.96,243381.86,10050239.08656,-0.020771501349902022,-0.020771501349902022,-0.020990263634008553,PASS,2026-07-16T20:25:16Z,D20260716.01
HSI,HK,index,2024-08-05,16676.82,16944.59,16441.44,16698.36,16945.51,366747.06,13501456.160018,-0.014584984459009909,-0.014584984459009909,-0.014692390972347688,PASS,2026-07-16T20:25:16Z,D20260716.01
HSI,HK,index,2024-08-06,16861.3,16908.97,16611.14,16647.34,16698.36,242595.8,9645531.74013,-0.0030553898706220384,-0.0030553898706220384,-0.003060067103863232,PASS,2026-07-16T20:25:16Z,D20260716.01
HSI,HK,index,2024-08-07,16684.78,16988.26,16684.78,16877.86,16647.34,226742.02,9566231.383214,0.013847257279541392,0.013847257279541392,0.013752259975967976,PASS,2026-07-16T20:25:16Z,D20260716.01
HSI,HK,index,2024-08-08,16773.04,17023.1,16665.06,16891.83,16877.86,211435.62,10283664.10917,0.0008277115700687787,0.0008277115700687787,0.0008273692057534107,PASS,2026-07-16T20:25:16Z,D20260716.01
HSI,HK,index,2024-08-09,17097.36,17252.22,17079.35,17090.23,16891.83,214540.65,8806955.058437,0.01174532303486342,0.01174532303486342,0.011676882114142723,PASS,2026-07-16T20:25:16Z,D20260716.01
HSI,HK,index,2024-08-12,17102.98,17162.76,17002.93,17111.65,17090.23,179307.46,7033369.680851,0.0012533476729104098,0.0012533476729104098,0.0012525628883859432,PASS,2026-07-16T20:25:16Z,D20260716.01
HSI,HK,index,2024-08-13,17160.21,17252.88,17074.69,17174.06,17111.65,193499.59,7084602.503502,0.003647222798502714,0.003647222798502714,0.003640587809393625,PASS,2026-07-16T20:25:16Z,D20260716.01
HSI,HK,index,2024-08-14,17233.68,17254.23,17055.7,17113.36,17174.06,157453.4,6804476.109823,-0.0035344001360191335,-0.0035344001360191335,-0.003540660884526627,PASS,2026-07-16T20:25:16Z,D20260716.01
HSI,HK,index,2024-08-15,17008.21,17283.65,16926.47,17109.14,17113.36,240702.75,8793465.416413,-0.0002465909675248845,-0.0002465909675248845,-0.00024662137607660246,PASS,2026-07-16T20:25:16Z,D20260716.01
HSI,HK,index,2024-08-16,17286.04,17473.89,17255.86,17430.16,17109.14,255171.68,10140513.959874,0.01876307049916015,0.01876307049916015,0.01858921542845838,PASS,2026-07-16T20:25:16Z,D20260716.01
HSI,HK,index,2024-08-19,17569.66,17685.86,17547.65,17569.57,17430.16,236157.06,9441468.204058,0.007998205409474046,0.007998205409474046,0.00796638929984805,PASS,2026-07-16T20:25:16Z,D20260716.01
HSI,HK,index,2024-08-20,17661.69,17661.69,17449.99,17511.08,17569.57,196180.0,7453272.049612,-0.0033290513085976192,-0.0033290513085976192,-0.0033346049288552238,PASS,2026-07-16T20:25:16Z,D20260716.01
HSI,HK,index,2024-08-21,17313.86,17415.48,17232.13,17391.01,17511.08,206022.43,9383047.063893,-0.006856801522236444,-0.006856801522236444,-0.006880417400632302,PASS,2026-07-16T20:25:16Z,D20260716.01
HSI,HK,index,2024-08-22,17497.63,17652.8,17389.94,17641.0,17391.01,294572.98,9740848.182303,0.014374668291260884,0.014374668291260884,0.01427233227866601,PASS,2026-07-16T20:25:16Z,D20260716.01
HSI,HK,index,2024-08-23,17521.18,17635.7,17493.08,17612.1,17641.0,205412.16,7877311.243934,-0.0016382291253330683,-0.0016382291253330683,-0.001639572490026528,PASS,2026-07-16T20:25:16Z,D20260716.01
HSI,HK,index,2024-08-26,17709.27,17826.05,17709.27,17798.73,17612.1,197009.85,8358566.545378,0.010596692046945133,0.010596692046945133,0.010540940613778449,PASS,2026-07-16T20:25:16Z,D20260716.01
HSI,HK,index,2024-08-27,17663.8,17879.27,17624.42,17874.67,17798.73,270269.88,9192255.331789,0.00426659654930428,0.00426659654930428,0.004257520433172786,PASS,2026-07-16T20:25:16Z,D20260716.01
HSI,HK,index,2024-08-28,17847.99,17879.01,17659.29,17692.45,17874.67,218459.24,9393005.190366,-0.010194314076847122,-0.010194314076847122,-0.010246631963622431,PASS,2026-07-16T20:25:16Z,D20260716.01
HSI,HK,index,2024-08-29,17614.41,17797.17,17502.53,17786.32,17692.45,285817.25,10813484.500482,0.005305652976269393,0.005305652976269393,0.005291627586877482,PASS,2026-07-16T20:25:16Z,D20260716.01
HSI,HK,index,2024-08-30,17794.41,18202.6,17778.1,17989.07,17786.32,475380.62,17349931.829429,0.011399210179508845,0.011399210179508845,0.011334728745415024,PASS,2026-07-16T20:25:16Z,D20260716.01
HSI,HK,index,2024-09-02,17862.59,17862.59,17645.92,17691.97,17989.07,307712.03,11288876.443494,-0.01651558418528576,-0.01651558418528576,-0.01665348691688475,PASS,2026-07-16T20:25:16Z,D20260716.01
HSI,HK,index,2024-09-03,17665.93,17725.51,17583.7,17651.49,17691.97,247076.04,7931540.79751,-0.00228804367179003,-0.00228804367179003,-0.0022906652433222017,PASS,2026-07-16T20:25:16Z,D20260716.01
HSI,HK,index,2024-09-04,17474.74,17531.05,17333.3,17457.34,17651.49,260123.72,9698215.943266,-0.010999071466488153,-0.010999071466488153,-0.011060008498883011,PASS,2026-07-16T20:25:16Z,D20260716.01
HSI,HK,index,2024-09-05,17469.96,17555.61,17332.49,17444.3,17457.34,255863.49,8495160.756523,-0.000746963741326101,-0.000746963741326101,-0.0007472428577434131,PASS,2026-07-16T20:25:16Z,D20260716.01
HSI,HK,index,2024-09-09,17261.89,17305.91,17067.45,17196.96,17444.3,384186.41,13366460.909464,-0.014178843519086493,-0.014178843519086493,-0.014280323710763591,PASS,2026-07-16T20:25:16Z,D20260716.01
HSI,HK,index,2024-09-10,17205.42,17297.95,17133.5,17234.09,17196.96,278672.65,10739421.648072,0.0021591025390534924,0.0021591025390534924,0.0021567750267894145,PASS,2026-07-16T20:25:16Z,D20260716.01
HSI,HK,index,2024-09-11,17051.84,17124.96,16964.28,17108.71,17234.09,307114.27,10578458.205848,-0.00727511577344675,-0.00727511577344675,-0.0073017084833992265,PASS,2026-07-16T20:25:16Z,D20260716.01
HSI,HK,index,2024-09-12,17177.3,17334.19,17127.25,17240.39,17108.71,237415.33,9168012.895467,0.0076966644475240376,0.0076966644475240376,0.0076671962337657735,PASS,2026-07-16T20:25:16Z,D20260716.01
HSI,HK,index,2024-09-13,17298.35,17540.81,17298.35,17369.09,17240.39,213997.79,8887964.893583,0.0074650283433264075,0.0074650283433264075,0.007437302914488735,PASS,2026-07-16T20:25:16Z,D20260716.01
HSI,HK,index,2024-09-16,17252.77,17422.12,17177.08,17422.12,17369.09,112792.45,4798957.888124,0.0030531248326768345,0.0030531248326768345,0.0030484735120250963,PASS,2026-07-16T20:25:16Z,D20260716.01
HSI,HK,index,2024-09-17,17386.75,17715.77,17368.14,17660.02,17422.12,166572.15,6307807.289558,0.013655054608738837,0.013655054608738837,0.013562664462067624,PASS,2026-07-16T20:25:16Z,D20260716.01
HSI,HK,index,2024-09-19,17633.93,18071.1,17602.45,18013.16,17660.02,343667.33,14875469.230296,0.019996579845322993,0.019996579845322993,0.019799274197737488,PASS,2026-07-16T20:25:16Z,D20260716.01
HSI,HK,index,2024-09-20,18069.33,18355.15,18047.13,18258.57,18013.16,400530.68,17680155.303949,0.013623928283543751,0.013623928283543751,0.013531956971426031,PASS,2026-07-16T20:25:16Z,D20260716.01
HSI,HK,index,2024-09-23,18237.41,18426.92,18212.58,18247.11,18258.57,272452.44,12428935.868554,-0.0006276504676980821,-0.0006276504676980821,-0.0006278475227116446,PASS,2026-07-16T20:25:16Z,D20260716.01
HSI,HK,index,2024-09-24,18573.92,19002.05,18532.28,19000.56,18247.11,600842.14,24239867.882698,0.041291470265702346,0.041291470265702346,0.040461741091854776,PASS,2026-07-16T20:25:16Z,D20260716.01
HSI,HK,index,2024-09-25,19592.43,19592.43,19072.72,19129.1,19000.56,650748.87,25484481.282477,0.0067650637665415125,0.0067650637665415125,0.0067422834053438695,PASS,2026-07-16T20:25:16Z,D20260716.01
HSI,HK,index,2024-09-26,19302.57,19954.06,19176.58,19924.58,19129.1,742825.63,30287023.90363,0.041584810576556386,0.041584810576556386,0.0407434095860342,PASS,2026-07-16T20:25:16Z,D20260716.01
HSI,HK,index,2024-09-27,20446.74,20743.2,20268.63,20632.3,19924.58,965609.34,44574768.44375,0.035519945715292156,0.035519945715292156,0.034903663585223926,PASS,2026-07-16T20:25:16Z,D20260716.01
HSI,HK,index,2024-09-30,21175.41,21488.75,20789.93,21133.68,20632.3,103570.62,50583840.296967,0.02430073234685426,0.02430073234685426,0.024010167433106386,PASS,2026-07-16T20:25:16Z,D20260716.01
HSI,HK,index,2024-10-02,21289.6,22667.74,21289.6,22443.73,21133.68,769628.66,43401731.002029,0.06198873078422684,0.06198873078422684,0.06014331144915935,PASS,2026-07-16T20:25:16Z,D20260716.01
HSI,HK,index,2024-10-03,22484.04,22484.04,21442.25,22113.51,22443.73,494218.09,31034354.285714,-0.014713240624441681,-0.014713240624441681,-0.014822553909475284,PASS,2026-07-16T20:25:16Z,D20260716.01
HSI,HK,index,2024-10-04,22015.08,22742.36,21824.68,22736.87,22113.51,461995.12,26152637.850974,0.028189102498879626,0.028189102498879626,0.02779910196306608,PASS,2026-07-16T20:25:16Z,D20260716.01
HSI,HK,index,2024-10-07,22948.35,23241.74,22719.91,23099.78,22736.87,509840.0,29683509.32067,0.01596129986229422,0.01596129986229422,0.015835257744103232,PASS,2026-07-16T20:25:16Z,D20260716.01
HSI,HK,index,2024-10-08,22849.23,22902.36,20762.82,20926.79,23099.78,1125790.0,62043772.652584,-0.0940697270709937,-0.0940697270709937,-0.09879293734785476,PASS,2026-07-16T20:25:16Z,D20260716.01
HSI,HK,index,2024-10-09,21290.04,21417.75,20190.53,20637.24,20926.79,795360.0,42701388.478164,-0.013836331324584394,-0.013836331324584394,-0.013932945583328726,PASS,2026-07-16T20:25:16Z,D20260716.01
HSI,HK,index,2024-10-10,21046.0,21622.65,20983.94,21251.98,20637.24,603990.0,32532652.337971,0.029787897994111523,0.029787897994111523,0.029352856758667552,PASS,2026-07-16T20:25:16Z,D20260716.01
HSI,HK,index,2024-10-14,21228.65,21348.86,20693.75,21092.87,21251.98,574330.0,27707326.487052,-0.007486831815200268,-0.007486831815200268,-0.007514998816313194,PASS,2026-07-16T20:25:16Z,D20260716.01
HSI,HK,index,2024-10-15,21046.19,21095.01,20154.71,20318.79,21092.87,490640.0,26128826.876811,-0.03669865693952501,-0.03669865693952501,-0.037388994990863976,PASS,2026-07-16T20:25:16Z,D20260716.01
HSI,HK,index,2024-10-16,20144.75,20548.18,20131.34,20286.85,20318.79,415870.0,20836867.632917,-0.0015719439986339179,-0.0015719439986339179,-0.001573180798891762,PASS,2026-07-16T20:25:16Z,D20260716.01
HSI,HK,index,2024-10-17,20471.99,20783.35,19977.35,20079.1,20286.85,364690.0,19125960.435222,-0.01024062385239699,-0.01024062385239699,-0.010293419792368887,PASS,2026-07-16T20:25:16Z,D20260716.01
HSI,HK,index,2024-10-18,20106.65,20952.99,20058.67,20804.11,20079.1,458620.0,25905574.86484,0.0361076940699534,0.0361076940699534,0.035471090239651164,PASS,2026-07-16T20:25:16Z,D20260716.01
HSI,HK,index,2024-10-21,20730.95,20845.57,20423.09,20478.46,20804.11,377500.0,19556326.209189,-0.015653156996382034,-0.015653156996382034,-0.015776961310072,PASS,2026-07-16T20:25:16Z,D20260716.01
HSI,HK,index,2024-10-22,20433.49,20629.48,20380.04,20498.95,20478.46,255660.0,15480381.613378,0.0010005635189365147,0.0010005635189365147,0.0010000632889056078,PASS,2026-07-16T20:25:16Z,D20260716.01
HSI,HK,index,2024-10-23,20525.44,20942.26,20448.84,20760.15,20498.95,354200.0,19264818.908716,0.01274211605960307,0.01274211605960307,0.012661618384707233,PASS,2026-07-16T20:25:16Z,D20260716.01
HSI,HK,index,2024-10-24,20576.05,20685.46,20448.46,20489.62,20760.15,272560.0,16524916.813692,-0.013031216055760741,-0.013031216055760741,-0.013116867258290239,PASS,2026-07-16T20:25:16Z,D20260716.01
HSI,HK,index,2024-10-25,20521.95,20784.47,20521.95,20590.15,20489.62,298460.0,16125848.176754,0.004906386746069691,0.004906386746069691,0.004894389656191191,PASS,2026-07-16T20:25:16Z,D20260716.01
HSI,HK,index,2024-10-28,20592.74,20669.41,20428.94,20599.36,20590.15,297860.0,13632102.758478,0.0004473012581258651,0.0004473012581258651,0.00044720124873987596,PASS,2026-07-16T20:25:16Z,D20260716.01
HSI,HK,index,2024-10-29,20729.98,20890.08,20563.74,20701.14,20599.36,313770.0,15424931.898798,0.004940930203656713,0.004940930203656713,0.004928763866907703,PASS,2026-07-16T20:25:16Z,D20260716.01
HSI,HK,index,2024-10-30,20586.55,20681.52,20270.07,20380.64,20701.14,362650.0,16664482.335188,-0.015482239142385446,-0.015482239142385446,-0.015603340580550282,PASS,2026-07-16T20:25:16Z,D20260716.01
HSI,HK,index,2024-10-31,20414.2,20553.3,20317.33,20317.33,20380.64,323820.0,15447928.149566,-0.003106379387497027,-0.003106379387497027,-0.003111214199048714,PASS,2026-07-16T20:25:16Z,D20260716.01
HSI,HK,index,2024-11-01,20427.88,20667.22,20353.34,20506.43,20317.33,327880.0,14148328.911722,0.009307325322766236,0.009307325322766236,0.009264279061332672,PASS,2026-07-16T20:25:16Z,D20260716.01
HSI,HK,index,2024-11-04,20584.45,20633.58,20446.26,20567.52,20506.43,246360.0,11623327.690927,0.0029790655906465346,0.0029790655906465346,0.0029746369680080055,PASS,2026-07-16T20:25:16Z,D20260716.01
HSI,HK,index,2024-11-05,20409.94,21006.97,20409.94,21006.97,20567.52,314730.0,16991014.827276,0.021366212358125747,0.021366212358125747,0.021141154948726138,PASS,2026-07-16T20:25:16Z,D20260716.01
HSI,HK,index,2024-11-06,20791.8,20859.66,20361.92,20538.38,21006.97,390390.0,21681771.660595,-0.022306405921463268,-0.022306405921463268,-0.022558956523747935,PASS,2026-07-16T20:25:16Z,D20260716.01
HSI,HK,index,2024-11-07,20386.36,20986.31,20370.44,20953.34,20538.38,431750.0,21977547.848287,0.020204125154953845,0.020204125154953845,0.020002729975238318,PASS,2026-07-16T20:25:16Z,D20260716.01
HSI,HK,index,2024-11-08,21199.96,21355.44,20705.12,20728.19,20953.34,415350.0,23309604.762056,-0.010745303612693768,-0.010745303612693768,-0.010803451305778615,PASS,2026-07-16T20:25:16Z,D20260716.01
HSI,HK,index,2024-11-11,20258.14,20505.01,20151.38,20426.93,20728.19,364970.0,20434039.187494,-0.014533830498466016,-0.014533830498466016,-0.014640481236800361,PASS,2026-07-16T20:25:16Z,D20260716.01
HSI,HK,index,2024-11-12,20334.09,20517.24,19761.31,19846.88,20426.93,431950.0,23422370.548693,-0.028396337579851605,-0.028396337579851605,-0.028807312388037163,PASS,2026-07-16T20:25:16Z,D20260716.01
HSI,HK,index,2024-11-13,19671.92,19840.28,19608.32,19823.45,19846.88,286230.0,18461848.998873,-0.0011805382004627107,-0.0011805382004627107,-0.0011812355845971904,PASS,2026-07-16T20:25:16Z,D20260716.01
HSI,HK,index,2024-11-14,19626.26,19859.17,19392.59,19435.81,19823.45,331000.0,17326184.106638,-0.019554618393871848,-0.019554618393871848,-0.01974833953153636,PASS,2026-07-16T20:25:16Z,D20260716.01
HSI,HK,index,2024-11-15,19503.03,19608.24,19332.34,19426.34,19435.81,294720.0,15549473.282409,-0.0004872449360228126,-0.0004872449360228126,-0.00048736367840930344,PASS,2026-07-16T20:25:16Z,D20260716.01
HSI,HK,index,2024-11-18,19595.5,19781.08,19470.43,19576.61,19426.34,317640.0,14108583.0035,0.007735373724541139,0.007735373724541139,0.007705609116253212,PASS,2026-07-16T20:25:16Z,D20260716.01
HSI,HK,index,2024-11-19,19699.81,19758.57,19522.59,19663.67,19576.61,252990.0,12197739.012346,0.00444714381090483,0.00444714381090483,0.004437284486615636,PASS,2026-07-16T20:25:16Z,D20260716.01
HSI,HK,index,2024-11-20,19623.39,19752.93,19575.91,19705.01,19663.67,205750.0,11467110.871673,0.002102354240078208,0.002102354240078208,0.0021001473859209984,PASS,2026-07-16T20:25:16Z,D20260716.01
HSI,HK,index,2024-11-21,19646.04,19764.62,19552.5,19601.11,19705.01,207920.0,11926790.291837,-0.005272770731910237,-0.005272770731910237,-0.005286720846283343,PASS,2026-07-16T20:25:16Z,D20260716.01
HSI,HK,index,2024-11-22,19613.55,19711.4,19134.59,19229.97,19601.11,323760.0,15798339.372363,-0.018934641966704913,-0.018934641966704913,-0.019116197748895614,PASS,2026-07-16T20:25:16Z,D20260716.01
HSI,HK,index,2024-11-25,19307.34,19351.06,19102.06,19150.99,19229.97,438560.0,18325828.844108,-0.004107130692351579,-0.004107130692351579,-0.004115588118727105,PASS,2026-07-16T20:25:16Z,D20260716.01
HSI,HK,index,2024-11-26,19054.4,19295.75,19054.4,19159.2,19150.99,238470.0,12228743.828973,0.0004286984641523883,0.0004286984641523883,0.00042860659921977097,PASS,2026-07-16T20:25:16Z,D20260716.01
HSI,HK,index,2024-11-27,19187.05,19660.99,19061.6,19603.13,19159.2,237480.0,13891212.526785,0.02317059167397395,0.02317059167397395,0.022906229346750982,PASS,2026-07-16T20:25:16Z,D20260716.01
HSI,HK,index,2024-11-28,19558.18,19558.18,19312.26,19366.96,19603.13,216080.0,10821548.332045,-0.01204756587340905,-0.01204756587340905,-0.012120725989777243,PASS,2026-07-16T20:25:16Z,D20260716.01
HSI,HK,index,2024-11-29,19346.62,19658.2,19312.41,19423.61,19366.96,248760.0,13350133.905626,0.002925084783569565,0.002925084783569565,0.002920815047274724,PASS,2026-07-16T20:25:16Z,D20260716.01
HSI,HK,index,2024-12-02,19442.31,19690.22,19387.2,19550.29,19423.61,239230.0,14609902.157253,0.006521959615128248,0.006521959615128248,0.006500783659136339,PASS,2026-07-16T20:25:16Z,D20260716.01
HSI,HK,index,2024-12-03,19585.35,19768.32,19386.82,19746.32,19550.29,262530.0,12668325.894285,0.010026961236892173,0.010026961236892173,0.009977024790834406,PASS,2026-07-16T20:25:16Z,D20260716.01
HSI,HK,index,2024-12-04,19722.15,19823.09,19615.61,19742.46,19746.32,258910.0,13119724.186908,-0.00019547946148956719,-0.00019547946148956719,-0.0001954985700897658,PASS,2026-07-16T20:25:16Z,D20260716.01
HSI,HK,index,2024-12-05,19578.66,19642.73,19466.69,19560.44,19742.46,200750.0,10935944.041988,-0.009219722364892768,-0.009219722364892768,-0.00926248706050048,PASS,2026-07-16T20:25:16Z,D20260716.01
HSI,HK,index,2024-12-06,19611.62,19934.72,19566.29,19865.85,19560.44,349330.0,16278505.275112,0.015613656952502053,0.015613656952502053,0.015493017934521756,PASS,2026-07-16T20:25:16Z,D20260716.01
HSI,HK,index,2024-12-09,19732.28,20433.73,19695.51,20414.09,19865.85,396060.0,20652961.615619,0.02759710759922185,0.02759710759922185,0.027223171534976432,PASS,2026-07-16T20:25:16Z,D20260716.01
HSI,HK,index,2024-12-10,21070.05,21070.05,20308.86,20311.28,20414.09,447240.0,24754243.141236,-0.005036227429192297,-0.005036227429192297,-0.005048951962960536,PASS,2026-07-16T20:25:16Z,D20260716.01
HSI,HK,index,2024-12-11,20404.5,20481.37,20100.07,20155.05,20311.28,230010.0,14161877.774691,-0.007691785057367118,-0.007691785057367118,-0.0077215194076747816,PASS,2026-07-16T20:25:16Z,D20260716.01
HSI,HK,index,2024-12-12,20213.24,20546.44,20121.47,20397.05,20155.05,277710.0,15775375.310483,0.012006916380758126,0.012006916380758126,0.011935405210257682,PASS,2026-07-16T20:25:16Z,D20260716.01
HSI,HK,index,2024-12-13,20238.21,20238.21,19927.27,19971.24,20397.05,310680.0,15847662.322367,-0.020876058057415103,-0.020876058057415103,-0.021097043910576936,PASS,2026-07-16T20:25:16Z,D20260716.01
HSI,HK,index,2024-12-16,19947.23,20049.21,19726.15,19795.49,19971.24,269960.0,13406977.723933,-0.008800154622346956,-0.008800154622346956,-0.008839104662320399,PASS,2026-07-16T20:25:16Z,D20260716.01
HSI,HK,index,2024-12-17,19678.03,19930.83,19620.63,19700.48,19795.49,278710.0,13198915.491493,-0.004799578085715628,-0.004799578085715628,-0.004811133048071193,PASS,2026-07-16T20:25:16Z,D20260716.01
HSI,HK,index,2024-12-18,19884.54,19953.53,19802.22,19864.55,19700.48,228810.0,10754114.368106,0.008328223474757923,0.008328223474757923,0.008293735173515372,PASS,2026-07-16T20:25:16Z,D20260716.01
HSI,HK,index,2024-12-19,19610.1,19849.03,19591.49,19752.51,19864.55,238500.0,14286956.692349,-0.0056401982425980934,-0.0056401982425980934,-0.005656164223205426,PASS,2026-07-16T20:25:16Z,D20260716.01
HSI,HK,index,2024-12-20,19697.06,19875.9,19692.68,19720.7,19752.51,350120.0,17846014.558978,-0.0016104282443091256,-0.0016104282443091256,-0.0016117263777618766,PASS,2026-07-16T20:25:16Z,D20260716.01
HSI,HK,index,2024-12-23,19843.65,19937.39,19746.46,19883.13,19720.7,340360.0,12730553.140241,0.00823652304431377,0.00823652304431377,0.008202788001434088,PASS,2026-07-16T20:25:16Z,D20260716.01
HSI,HK,index,2024-12-24,19911.5,20165.46,19908.57,20098.29,19883.13,220650.0,8459049.161922,0.010821233880178749,0.010821233880178749,0.010763103315787906,PASS,2026-07-16T20:25:16Z,D20260716.01
HSI,HK,index,2024-12-27,20083.44,20184.88,20009.95,20090.46,20098.29,290660.0,13951852.991955,-0.0003895853826371143,-0.0003895853826371143,-0.0003896612907380611,PASS,2026-07-16T20:25:16Z,D20260716.01
HSI,HK,index,2024-12-30,20124.75,20193.09,19968.07,20041.42,20090.46,272490.0,12856005.078783,-0.0024409595400006756,-0.0024409595400006756,-0.0024439435386075857,PASS,2026-07-16T20:25:16Z,D20260716.01
HSI,HK,index,2024-12-31,20003.36,20180.4,20003.36,20059.95,20041.42,172210.0,7452112.149839,0.0009245851840837815,0.0009245851840837815,0.0009241580184828481,PASS,2026-07-16T20:25:16Z,D20260716.01
HSI,HK,index,2025-01-02,19932.8,19932.8,19542.98,19623.32,20059.95,403340.0,16478438.536997,-0.021766255648693056,-0.021766255648693056,-0.022006635099645032,PASS,2026-07-16T20:25:16Z,D20260716.01
HSI,HK,index,2025-01-03,19708.74,19891.86,19634.07,19760.27,19623.32,339380.0,16035359.447731,0.006978941381988513,0.006978941381988513,0.006954701285376668,PASS,2026-07-16T20:25:16Z,D20260716.01
HSI,HK,index,2025-01-06,19848.71,19851.55,19627.84,19688.29,19760.27,246570.0,12163524.457254,-0.0036426627773810116,-0.0036426627773810116,-0.0036493134290689526,PASS,2026-07-16T20:25:16Z,D20260716.01
HSI,HK,index,2025-01-07,19501.45,19668.65,19252.61,19447.58,19688.29,358100.0,20571769.686582,-0.012226049088061908,-0.012226049088061908,-0.01230140203529648,PASS,2026-07-16T20:25:16Z,D20260716.01
HSI,HK,index,2025-01-08,19390.76,19483.59,19111.54,19279.84,19447.58,323240.0,16839705.411371,-0.00862523769024226,-0.00862523769024226,-0.00866265033683846,PASS,2026-07-16T20:25:16Z,D20260716.01
HSI,HK,index,2025-01-09,19254.38,19405.74,19227.73,19240.89,19279.84,245650.0,12906877.072384,-0.002020244981286168,-0.002020244981286168,-0.0020222884288186274,PASS,2026-07-16T20:25:16Z,D20260716.01
HSI,HK,index,2025-01-10,19328.07,19370.49,19036.64,19064.29,19240.89,260670.0,14469834.840361,-0.009178369607642844,-0.009178369607642844,-0.009220750365467632,PASS,2026-07-16T20:25:16Z,D20260716.01
HSI,HK,index,2025-01-13,18918.15,18929.12,18671.49,18874.14,19064.29,275480.0,13404666.822999,-0.009974145378611077,-0.009974145378611077,-0.010024220415331735,PASS,2026-07-16T20:25:16Z,D20260716.01
HSI,HK,index,2025-01-14,18901.56,19318.36,18901.56,19219.78,18874.14,283860.0,15768704.837194,0.018312887368642894,0.018312887368642894,0.01814722588348604,PASS,2026-07-16T20:25:16Z,D20260716.01
HSI,HK,index,2025-01-15,19149.94,19319.22,19149.94,19286.07,19219.78,245190.0,12852624.979844,0.003449050925661057,0.003449050925661057,0.0034431165908178226,PASS,2026-07-16T20:25:16Z,D20260716.01
HSI,HK,index,2025-01-16,19454.92,19664.39,19345.19,19522.89,19286.07,271070.0,14230717.511001,0.012279329070152611,0.012279329070152611,0.012204549647365923,PASS,2026-07-16T20:25:16Z,D20260716.01
HSI,HK,index,2025-01-17,19499.1,19640.37,19423.7,19584.06,19522.89,243580.0,12227155.067932,0.0031332451291792296,0.0031332451291792296,0.0031283467458827403,PASS,2026-07-16T20:25:16Z,D20260716.01
HSI,HK,index,2025-01-20,19804.64,20093.65,19786.73,19925.81,19584.06,276440.0,16137582.576152,0.017450416307956518,0.017450416307956518,0.01729990624595282,PASS,2026-07-16T20:25:16Z,D20260716.01
HSI,HK,index,2025-01-21,20128.34,20205.25,19920.31,20106.55,19925.81,241210.0,14798465.170931,0.009070647567150258,0.009070647567150258,0.009029756330823587,PASS,2026-07-16T20:25:16Z,D20260716.01
HSI,HK,index,2025-01-22,19997.09,20022.34,19733.21,19778.77,20106.55,228210.0,13531722.630634,-0.01630215029430704,-0.01630215029430704,-0.016436492390696555,PASS,2026-07-16T20:25:16Z,D20260716.01
HSI,HK,index,2025-01-23,19881.32,20044.06,19644.83,19700.56,19778.77,305970.0,14851491.314597,-0.0039542398238110454,-0.0039542398238110454,-0.003962078500932913,PASS,2026-07-16T20:25:16Z,D20260716.01
HSI,HK,index,2025-01-24,19842.85,20144.0,19768.13,20066.19,19700.56,320980.0,15980830.207256,0.018559370901131578,0.018559370901131578,0.01838924747584765,PASS,2026-07-16T20:25:16Z,D20260716.01
HSI,HK,index,2025-01-27,20118.02,20296.94,20118.02,20197.77,20066.19,275120.0,14733151.991874,0.0065572986202164785,0.0065572986202164785,0.00653589306175652,PASS,2026-07-16T20:25:16Z,D20260716.01
HSI,HK,index,2025-01-28,20337.46,20337.46,20165.73,20225.11,20197.77,94520.0,5166342.564949,0.0013536147802455378,0.0013536147802455378,0.0013526994696510827,PASS,2026-07-16T20:25:16Z,D20260716.01
HSI,HK,index,2025-02-03,20048.87,20222.0,19764.67,20217.26,20225.11,222440.0,12495591.201335,-0.0003881313871717529,-0.0003881313871717529,-0.00038820672965442574,PASS,2026-07-16T20:25:16Z,D20260716.01
HSI,HK,index,2025-02-04,20488.29,20885.49,20297.64,20789.96,20217.26,285400.0,16187520.207831,0.028327280749221195,0.028327280749221195,0.027933482852686098,PASS,2026-07-16T20:25:16Z,D20260716.01
HSI,HK,index,2025-02-05,20827.77,20827.77,20417.39,20597.09,20789.96,296790.0,19221082.407043,-0.009277074126164742,-0.009277074126164742,-0.00932037418496884,PASS,2026-07-16T20:25:16Z,D20260716.01
HSI,HK,index,2025-02-06,20598.98,20891.62,20532.06,20891.62,20597.09,295740.0,17844657.07051,0.014299592806556571,0.014299592806556571,0.014198317947062122,PASS,2026-07-16T20:25:16Z,D20260716.01
HSI,HK,index,2025-02-07,20858.52,21213.7,20806.1,21133.54,20891.62,412560.0,24637280.150197,0.011579762603378896,0.011579762603378896,0.01151323027882551,PASS,2026-07-16T20:25:16Z,D20260716.01
HSI,HK,index,2025-02-10,21223.61,21539.63,21223.61,21521.98,21133.54,373610.0,24249302.22048,0.018380261896492334,0.018380261896492334,0.018213386589037903,PASS,2026-07-16T20:25:16Z,D20260716.01
HSI,HK,index,2025-02-11,21656.82,21682.41,21279.37,21294.86,21521.98,358340.0,21961184.028869,-0.010552932397483783,-0.010552932397483783,-0.010609009455756524,PASS,2026-07-16T20:25:16Z,D20260716.01
HSI,HK,index,2025-02-12,21526.41,21858.83,21411.09,21857.92,21294.86,487300.0,28716273.956361,0.02644112241169916,0.02644112241169916,0.026097598220246893,PASS,2026-07-16T20:25:16Z,D20260716.01
HSI,HK,index,2025-02-13,21958.69,22523.57,21735.56,21814.37,21857.92,648720.0,37944835.997306,-0.001992412818786038,-0.001992412818786038,-0.0019944003135851335,PASS,2026-07-16T20:25:16Z,D20260716.01
HSI,HK,index,2025-02-14,22027.07,22620.33,22027.07,22620.33,21814.37,605700.0,36460082.485732,0.036946288157760465,0.036946288157760465,0.03628013249396591,PASS,2026-07-16T20:25:16Z,D20260716.01
HSI,HK,index,2025-02-17,22755.06,22977.25,22319.32,22616.23,22620.33,673620.0,40023681.455731,-0.00018125288181036758,-0.00018125288181036758,-0.0001812693100990963,PASS,2026-07-16T20:25:16Z,D20260716.01
HSI,HK,index,2025-02-18,22664.73,23141.41,22608.18,22976.81,22616.23,522260.0,33862555.96209,0.015943417625307266,0.015943417625307266,0.015817656291797412,PASS,2026-07-16T20:25:16Z,D20260716.01
HSI,HK,index,2025-02-19,22777.46,22975.34,22649.49,22944.24,22976.81,408040.0,26256653.50843,-0.0014175161826206484,-0.0014175161826206484,-0.0014185218091248835,PASS,2026-07-16T20:25:16Z,D20260716.01
HSI,HK,index,2025-02-20,22716.71,22849.66,22436.13,22576.98,22944.24,420040.0,28394294.325426,-0.016006631729793663,-0.016006631729793663,-0.016136121515393023,PASS,2026-07-16T20:25:16Z,D20260716.01
HSI,HK,index,2025-02-21,23090.03,23477.92,22901.69,23477.92,22576.98,616730.0,39359790.429877,0.03990524862049738,0.03990524862049738,0.039129601907102164,PASS,2026-07-16T20:25:16Z,D20260716.01
HSI,HK,index,2025-02-24,23472.14,23688.45,23221.57,23341.61,23477.92,526460.0,35603141.479068,-0.005805880589081047,-0.005805880589081047,-0.005822800234532688,PASS,2026-07-16T20:25:16Z,D20260716.01
HSI,HK,index,2025-02-25,22716.48,23248.52,22716.48,23034.02,23341.61,444980.0,32955184.09249,-0.013177754233748229,-0.013177754233748229,-0.013265351242715087,PASS,2026-07-16T20:25:16Z,D20260716.01
HSI,HK,index,2025-02-26,23238.34,23973.17,23238.34,23787.93,23034.02,513810.0,37013076.243421,0.03273028329401462,0.03273028329401462,0.032206055651843486,PASS,2026-07-16T20:25:16Z,D20260716.01
HSI,HK,index,2025-02-27,23783.75,24076.53,23441.74,23718.29,23787.93,625700.0,40646497.322051,-0.0029275350986823767,-0.0029275350986823767,-0.0029318287114082336,PASS,2026-07-16T20:25:16Z,D20260716.01
HSI,HK,index,2025-02-28,23616.18,23616.18,22798.34,22941.32,23718.29,657830.0,40626440.221768,-0.03275826377028024,-0.03275826377028024,-0.03330682901028338,PASS,2026-07-16T20:25:16Z,D20260716.01
HSI,HK,index,2025-03-03,23135.12,23405.98,22861.75,23006.27,22941.32,433820.0,30189775.534622,0.002831136133404799,0.002831136133404799,0.0028271360156419357,PASS,2026-07-16T20:25:16Z,D20260716.01
HSI,HK,index,2025-03-04,22678.25,23051.01,22547.53,22941.77,23006.27,399480.0,26952804.88065,-0.0028035835448336766,-0.0028035835448336766,-0.0028075209461243446,PASS,2026-07-16T20:25:16Z,D20260716.01
HSI,HK,index,2025-03-05,23200.42,23636.65,23090.63,23594.21,22941.77,407770.0,25868923.472874,0.028438956540842275,0.028438956540842275,0.02804207642030316,PASS,2026-07-16T20:25:16Z,D20260716.01
HSI,HK,index,2025-03-06,23987.09,24410.93,23987.09,24369.71,23594.21,488630.0,37714591.320484,0.0328682333504704,0.0328682333504704,0.032339624741431115,PASS,2026-07-16T20:25:16Z,D20260716.01
HSI,HK,index,2025-03-07,24182.02,24669.62,24065.01,24231.3,24369.71,483080.0,38316626.30582,-0.005679591591364885,-0.005679591591364885,-0.0056957818033176715,PASS,2026-07-16T20:25:16Z,D20260716.01
HSI,HK,index,2025-03-10,24115.98,24292.8,23632.42,23783.49,24231.3,368420.0,30181462.720395,-0.018480642804967085,-0.018480642804967085,-0.01865354340708476,PASS,2026-07-16T20:25:16Z,D20260716.01
HSI,HK,index,2025-03-11,23274.86,23858.61,23238.36,23782.14,23783.49,355410.0,30703387.725018,-5.676206477700507e-05,-5.676206477700507e-05,-5.676367580396771e-05,PASS,2026-07-16T20:25:16Z,D20260716.01
HSI,HK,index,2025-03-12,23859.23,23962.03,23363.98,23600.31,23782.14,363270.0,27849153.46047,-0.007645653418910103,-0.007645653418910103,-0.00767503126469303,PASS,2026-07-16T20:25:16Z,D20260716.01
HSI,HK,index,2025-03-13,23616.33,23712.61,23198.73,23462.65,23600.31,323130.0,23383267.886488,-0.005832974227880872,-0.005832974227880872,-0.005850052465715275,PASS,2026-07-16T20:25:16Z,D20260716.01
HSI,HK,index,2025-03-14,23653.33,24113.53,23454.49,23959.98,23462.65,426010.0,29061253.876176,0.021196667895570176,0.021196667895570176,0.020975143449561032,PASS,2026-07-16T20:25:16Z,D20260716.01
HSI,HK,index,2025-03-17,24226.0,24352.47,24077.15,24145.57,23959.98,328420.0,24482221.630154,0.007745832842932288,0.007745832842932288,0.007715987896623043,PASS,2026-07-16T20:25:16Z,D20260716.01
HSI,HK,index,2025-03-18,24679.35,24745.13,24475.26,24740.57,24145.57,393070.0,28593519.705303,0.02464220144730489,0.02464220144730489,0.024343479891916223,PASS,2026-07-16T20:25:16Z,D20260716.01
HSI,HK,index,2025-03-19,24697.63,24874.39,24601.73,24771.14,24740.57,359300.0,27185926.985121,0.0012356222997287336,0.0012356222997287336,0.0012348595467466818,PASS,2026-07-16T20:25:16Z,D20260716.01
HSI,HK,index,2025-03-20,24753.15,24753.15,24186.69,24219.95,24771.14,410220.0,29485534.296145,-0.022251297275781345,-0.022251297275781345,-0.022502592144408674,PASS,2026-07-16T20:25:16Z,D20260716.01
HSI,HK,index,2025-03-21,24109.07,24230.72,23577.78,23689.72,24219.95,493100.0,33909214.823263,-0.021892283014622205,-0.021892283014622205,-0.02213547494544309,PASS,2026-07-16T20:25:16Z,D20260716.01
HSI,HK,index,2025-03-24,23749.58,23967.51,23531.2,23905.56,23689.72,338610.0,23310843.388279,0.009111124994301223,0.009111124994301223,0.0090698690973808,PASS,2026-07-16T20:25:16Z,D20260716.01
HSI,HK,index,2025-03-25,23643.32,23747.32,23321.67,23344.25,23905.56,423440.0,28526894.689715,-0.023480311693179434,-0.023480311693179434,-0.02376036675209645,PASS,2026-07-16T20:25:16Z,D20260716.01
HSI,HK,index,2025-03-26,23460.31,23596.85,23350.73,23483.32,23344.25,311660.0,19976530.831157,0.005957355665742181,0.005957355665742181,0.005939680784774198,PASS,2026-07-16T20:25:16Z,D20260716.01
HSI,HK,index,2025-03-27,23543.86,23865.62,23372.36,23578.8,23483.32,379010.0,23964095.634861,0.0040658646222084815,0.0040658646222084815,0.004057621331161421,PASS,2026-07-16T20:25:16Z,D20260716.01
HSI,HK,index,2025-03-28,23672.82,23775.3,23254.3,23426.6,23578.8,354080.0,22962246.616575,-0.006454951057729863,-0.006454951057729863,-0.006475874342093711,PASS,2026-07-16T20:25:16Z,D20260716.01
HSI,HK,index,2025-03-31,23207.07,23399.73,23002.81,23119.58,23426.6,475280.0,25732544.948896,-0.01310561498467544,-0.01310561498467544,-0.013192251337713684,PASS,2026-07-16T20:25:16Z,D20260716.01
HSI,HK,index,2025-04-01,23217.11,23456.58,23123.35,23206.84,23119.58,397970.0,25023098.391941,0.003774290017379167,0.003774290017379167,0.003767185256152995,PASS,2026-07-16T20:25:16Z,D20260716.01
HSI,HK,index,2025-04-02,23167.31,23393.03,22980.96,23202.53,23206.84,357350.0,21659825.083323,-0.00018572110636350114,-0.00018572110636350114,-0.00018573835466379092,PASS,2026-07-16T20:25:16Z,D20260716.01
HSI,HK,index,2025-04-03,22638.21,22998.3,22638.21,22849.81,23202.53,424990.0,28949246.156199,-0.015201790494398515,-0.015201790494398515,-0.015318522243520219,PASS,2026-07-16T20:25:16Z,D20260716.01
HSI,HK,index,2025-04-07,20730.05,21047.83,19706.03,19828.3,22849.81,1268650.0,62089766.687769,-0.1322334846547959,-0.1322334846547959,-0.14183259204428295,PASS,2026-07-16T20:25:16Z,D20260716.01
HSI,HK,index,2025-04-08,20157.52,20454.26,19745.14,20127.68,19828.3,842070.0,43315667.3473,0.015098621667011258,0.015098621667011258,0.014985771977567118,PASS,2026-07-16T20:25:16Z,D20260716.01
HSI,HK,index,2025-04-09,19494.92,20441.14,19260.21,20264.49,20127.68,867240.0,41238506.198364,0.0067971072672061705,0.0067971072672061705,0.006774111079828747,PASS,2026-07-16T20:25:16Z,D20260716.01
HSI,HK,index,2025-04-10,20810.43,21211.13,20530.43,20681.78,20264.49,661180.0,39553449.133761,0.02059217873235375,0.02059217873235375,0.020383026216796187,PASS,2026-07-16T20:25:16Z,D20260716.01
HSI,HK,index,2025-04-11,20557.49,21127.37,20444.04,20914.69,20681.78,513920.0,27642603.800841,0.011261603208234439,0.011261603208234439,0.011198663449072794,PASS,2026-07-16T20:25:16Z,D20260716.01
HSI,HK,index,2025-04-14,21363.88,21517.32,21224.55,21417.4,20914.69,453830.0,25338905.998941,0.024036215693371554,0.024036215693371554,0.02375189287998056,PASS,2026-07-16T20:25:16Z,D20260716.01
HSI,HK,index,2025-04-15,21603.52,21603.52,21297.59,21466.27,21417.4,294280.0,18506430.737459,0.002281789572964099,0.002281789572964099,0.0022791902444659466,PASS,2026-07-16T20:25:16Z,D20260716.01
HSI,HK,index,2025-04-16,21316.47,21363.57,20868.36,21056.98,21466.27,344180.0,21999168.470271,-0.019066656666481885,-0.019066656666481885,-0.01925076939757635,PASS,2026-07-16T20:25:16Z,D20260716.01
HSI,HK,index,2025-04-17,21066.81,21417.64,21039.16,21395.14,21056.98,289280.0,19241098.0246,0.016059282955105614,0.016059282955105614,0.015931696819293583,PASS,2026-07-16T20:25:16Z,D20260716.01
HSI,HK,index,2025-04-22,21303.51,21592.67,21191.02,21562.32,21395.14,388360.0,25138167.69628,0.007813924096780944,0.007813924096780944,0.007783553498327599,PASS,2026-07-16T20:25:16Z,D20260716.01
HSI,HK,index,2025-04-23,22080.19,22138.81,21862.87,22072.62,21562.32,358530.0,26061947.061158,0.023666284518548908,0.023666284518548908,0.02339057947746352,PASS,2026-07-16T20:25:16Z,D20260716.01
HSI,HK,index,2025-04-24,22030.15,22093.68,21712.1,21909.76,22072.62,298580.0,20475986.032533,-0.00737837193772195,-0.00737837193772195,-0.0074057267630588935,PASS,2026-07-16T20:25:16Z,D20260716.01
HSI,HK,index,2025-04-25,22080.44,22267.96,21923.9,21980.74,21909.76,302570.0,20803607.178366,0.0032396521002513445,0.0032396521002513445,0.0032344157336754013,PASS,2026-07-16T20:25:16Z,D20260716.01
HSI,HK,index,2025-04-28,22072.35,22072.35,21817.85,21971.96,21980.74,246600.0,16903080.728784,-0.0003994406011809115,-0.0003994406011809115,-0.00039952039882816835,PASS,2026-07-16T20:25:16Z,D20260716.01
HSI,HK,index,2025-04-29,22073.36,22213.51,21918.1,22008.11,21971.96,304520.0,17765819.512287,0.0016452788007990105,0.0016452788007990105,0.001643926812361633,PASS,2026-07-16T20:25:16Z,D20260716.01
HSI,HK,index,2025-04-30,22038.73,22129.31,21848.33,22119.41,22008.11,468230.0,20155297.272164,0.005057226631455469,0.005057226631455469,0.00504448181175562,PASS,2026-07-16T20:25:16Z,D20260716.01
HSI,HK,index,2025-05-02,22192.51,22532.54,22058.3,22504.68,22119.41,183100.0,13372832.134448,0.017417734017317832,0.017417734017317832,0.01726778397735643,PASS,2026-07-16T20:25:16Z,D20260716.01
HSI,HK,index,2025-05-06,22576.56,22747.63,22449.16,22662.71,22504.68,331740.0,21336764.049287,0.007022094959803882,0.007022094959803882,0.006997554865929295,PASS,2026-07-16T20:25:16Z,D20260716.01
HSI,HK,index,2025-05-07,23169.83,23197.57,22691.88,22691.88,22662.71,369410.0,24005035.244242,0.001287136445729642,0.001287136445729642,0.001286308795737534,PASS,2026-07-16T20:25:16Z,D20260716.01
HSI,HK,index,2025-05-08,22589.13,22979.29,22589.13,22775.92,22691.88,277370.0,18589628.068582,0.003703527429194775,0.003703527429194775,0.003696686257261234,PASS,2026-07-16T20:25:16Z,D20260716.01
HSI,HK,index,2025-05-09,22856.21,22907.91,22692.44,22867.74,22775.92,263590.0,16162860.163189,0.004031450760276778,0.004031450760276778,0.004023346237348532,PASS,2026-07-16T20:25:16Z,D20260716.01
HSI,HK,index,2025-05-12,23183.81,23685.34,22982.91,23549.46,22867.74,516140.0,32242640.616528,0.02981142867637976,0.02981142867637976,0.029375706525575664,PASS,2026-07-16T20:25:16Z,D20260716.01
HSI,HK,index,2025-05-13,23494.44,23494.44,23070.48,23108.27,23549.46,347590.0,21984493.495248,-0.018734612173697318,-0.018734612173697318,-0.01891232814727778,PASS,2026-07-16T20:25:16Z,D20260716.01
HSI,HK,index,2025-05-14,23316.45,23640.65,23278.22,23640.65,23108.27,374290.0,22284051.246607,0.02303850526240181,0.02303850526240181,0.02277712581382918,PASS,2026-07-16T20:25:16Z,D20260716.01
HSI,HK,index,2025-05-15,23644.4,23710.82,23371.73,23453.16,23640.65,288760.0,20020898.205674,-0.00793083100506975,-0.00793083100506975,-0.007962447318659745,PASS,2026-07-16T20:25:16Z,D20260716.01
HSI,HK,index,2025-05-16,23249.16,23374.7,23190.31,23345.05,23453.16,275950.0,19072200.96523,-0.004609613374061294,-0.004609613374061294,-0.004620270404261118,PASS,2026-07-16T20:25:16Z,D20260716.01
HSI,HK,index,2025-05-19,23156.27,23402.2,23059.89,23332.72,23345.05,281400.0,18470365.201199,-0.0005281633579709011,-0.0005281633579709011,-0.0005283028853682548,PASS,2026-07-16T20:25:16Z,D20260716.01
HSI,HK,index,2025-05-20,23398.35,23709.04,23357.0,23681.48,23332.72,329060.0,20573616.182847,0.014947250042000926,0.014947250042000926,0.014836640741272993,PASS,2026-07-16T20:25:16Z,D20260716.01
HSI,HK,index,2025-05-21,23736.43,23917.0,23697.76,23827.78,23681.48,346370.0,21625393.559745,0.006177823345500322,0.006177823345500322,0.006158818825736976,PASS,2026-07-16T20:25:16Z,D20260716.01
HSI,HK,index,2025-05-22,23748.58,23778.24,23470.81,23544.31,23827.78,339770.0,19822918.270449,-0.01189661814906795,-0.01189661814906795,-0.011967949207447306,PASS,2026-07-16T20:25:16Z,D20260716.01
HSI,HK,index,2025-05-23,23557.38,23749.38,23487.4,23601.26,23544.31,334870.0,20367064.52462,0.0024188434487992794,0.0024188434487992794,0.0024159227558356077,PASS,2026-07-16T20:25:16Z,D20260716.01
HSI,HK,index,2025-05-26,23505.9,23571.02,23234.27,23282.33,23601.26,338180.0,22352032.865021,-0.01351326158010191,-0.01351326158010191,-0.013605396671257007,PASS,2026-07-16T20:25:16Z,D20260716.01
HSI,HK,index,2025-05-27,23216.87,23419.55,23167.56,23381.99,23282.33,308140.0,20326826.104455,0.004280499417369299,0.004280499417369299,0.004271364139494792,PASS,2026-07-16T20:25:16Z,D20260716.01
HSI,HK,index,2025-05-28,23385.18,23476.22,23180.17,23258.31,23381.99,287470.0,18081627.46622,-0.005289541223822303,-0.005289541223822303,-0.0053035803760019635,PASS,2026-07-16T20:25:16Z,D20260716.01
HSI,HK,index,2025-05-29,23240.71,23603.82,23207.37,23573.38,23258.31,371130.0,22685506.715555,0.013546556048139369,0.013546556048139369,0.013455621768205606,PASS,2026-07-16T20:25:16Z,D20260716.01
HSI,HK,index,2025-05-30,23339.64,23375.34,23163.22,23289.77,23573.38,529350.0,27156265.975742,-0.01203094337765731,-0.01203094337765731,-0.01210390093288105,PASS,2026-07-16T20:25:16Z,D20260716.01
HSI,HK,index,2025-06-02,23043.1,23163.35,22668.35,23157.97,23289.77,230930.0,14524538.000203,-0.00565913703742027,-0.00565913703742027,-0.005675210623861622,PASS,2026-07-16T20:25:16Z,D20260716.01
HSI,HK,index,2025-06-03,23281.1,23535.37,23281.1,23512.49,23157.97,367630.0,20368101.543787,0.015308768428320851,0.015308768428320851,0.01519277158078478,PASS,2026-07-16T20:25:16Z,D20260716.01
HSI,HK,index,2025-06-04,23499.78,23716.93,23481.46,23654.03,23512.49,349870.0,21268681.6592,0.006019779274759829,0.006019779274759829,0.006001732791184822,PASS,2026-07-16T20:25:16Z,D20260716.01
HSI,HK,index,2025-06-05,23828.69,23911.14,23732.31,23906.97,23654.03,327260.0,22202566.371691,0.010693315261712355,0.010693315261712355,0.010636546107786181,PASS,2026-07-16T20:25:16Z,D20260716.01
HSI,HK,index,2025-06-06,23941.57,23951.14,23773.36,23792.54,23906.97,437670.0,23562181.849455,-0.004786470221864181,-0.004786470221864181,-0.004797962055333235,PASS,2026-07-16T20:25:16Z,D20260716.01
HSI,HK,index,2025-06-09,23977.54,24181.43,23957.96,24181.43,23792.54,398720.0,24582833.494581,0.016345039243393034,0.016345039243393034,0.016212897057896986,PASS,2026-07-16T20:25:16Z,D20260716.01
HSI,HK,index,2025-06-10,24231.31,24296.47,24003.38,24162.87,24181.43,368520.0,25033936.964887,-0.0007675311178867439,-0.0007675311178867439,-0.0007678258207005752,PASS,2026-07-16T20:25:16Z,D20260716.01
HSI,HK,index,2025-06-11,24191.32,24439.35,24179.35,24366.94,24162.87,370330.0,23517313.416838,0.008445602695375198,0.008445602695375198,0.00841013813276313,PASS,2026-07-16T20:25:16Z,D20260716.01
HSI,HK,index,2025-06-12,24223.12,24288.76,24002.42,24035.38,24366.94,432870.0,24441225.526547,-0.013606960906867971,-0.013606960906867971,-0.01370038403734439,PASS,2026-07-16T20:25:16Z,D20260716.01
HSI,HK,index,2025-06-13,23959.81,24100.32,23774.92,23892.56,24035.38,492600.0,29428696.92272,-0.005942073726315167,-0.005942073726315167,-0.005959798094278619,PASS,2026-07-16T20:25:16Z,D20260716.01
HSI,HK,index,2025-06-16,23791.79,24125.05,23718.72,24060.99,23892.56,382590.0,22924100.278577,0.00704947481559115,0.00704947481559115,0.007024743428838217,PASS,2026-07-16T20:25:16Z,D20260716.01
HSI,HK,index,2025-06-17,24107.34,24131.44,23880.67,23980.3,24060.99,337420.0,20214394.413728,-0.003353561096197666,-0.003353561096197666,-0.0033591968857144884,PASS,2026-07-16T20:25:16Z,D20260716.01
HSI,HK,index,2025-06-18,23859.55,23880.24,23631.48,23710.69,23980.3,326430.0,18192802.531289,-0.011242978611610388,-0.011242978611610388,-0.011306658647722914,PASS,2026-07-16T20:25:16Z,D20260716.01
HSI,HK,index,2025-06-19,23620.02,23653.55,23185.58,23237.74,23710.69,387190.0,22009879.541827,-0.01994669914709346,-0.01994669914709346,-0.02014832017111227,PASS,2026-07-16T20:25:16Z,D20260716.01
HSI,HK,index,2025-06-20,23291.4,23538.63,23291.4,23530.48,23237.74,480150.0,22242278.131057,0.012597610611014609,0.012597610611014609,0.012518920893584381,PASS,2026-07-16T20:25:16Z,D20260716.01
HSI,HK,index,2025-06-23,23335.51,23689.13,23272.75,23689.13,23530.48,322590.0,19859059.593053,0.006742318898722122,0.006742318898722122,0.006719691118852969,PASS,2026-07-16T20:25:16Z,D20260716.01
HSI,HK,index,2025-06-24,23832.73,24229.21,23832.73,24177.07,23689.13,399570.0,24048154.869455,0.020597632753925454,0.020597632753925454,0.020388370179950446,PASS,2026-07-16T20:25:16Z,D20260716.01
HSI,HK,index,2025-06-25,24327.82,24533.39,24287.86,24474.67,24177.07,372430.0,26780083.985964,0.012309183867193152,0.012309183867193152,0.012234041859587746,PASS,2026-07-16T20:25:16Z,D20260716.01
HSI,HK,index,2025-06-26,24345.29,24411.48,24235.54,24325.4,24474.67,325850.0,26172933.098909,-0.006098958637644425,-0.006098958637644425,-0.0061176332550732185,PASS,2026-07-16T20:25:16Z,D20260716.01
HSI,HK,index,2025-06-27,24451.19,24471.53,24194.85,24284.15,24325.4,434160.0,27511450.052139,-0.0016957583431310708,-0.0016957583431310708,-0.0016971977688191309,PASS,2026-07-16T20:25:16Z,D20260716.01
HSI,HK,index,2025-06-30,24274.91,24274.91,24064.26,24072.28,24284.15,377590.0,24223353.898691,-0.00872462079175107,-0.00872462079175107,-0.00876290312426767,PASS,2026-07-16T20:25:16Z,D20260716.01
HSI,HK,index,2025-07-02,24304.31,24372.7,24122.57,24221.41,24072.28,406130.0,24022491.845952,0.006195092446581674,0.006195092446581674,0.006175981749115895,PASS,2026-07-16T20:25:16Z,D20260716.01
HSI,HK,index,2025-07-03,24234.28,24269.14,23920.0,24069.94,24221.41,359490.0,23124670.253943,-0.00625355831885932,-0.00625355831885932,-0.0062731937182293265,PASS,2026-07-16T20:25:16Z,D20260716.01
HSI,HK,index,2025-07-04,23900.69,24068.51,23690.94,23916.06,24069.94,402120.0,26780795.373451,-0.006393036293401488,-0.006393036293401488,-0.006413559266091168,PASS,2026-07-16T20:25:16Z,D20260716.01
HSI,HK,index,2025-07-07,23828.85,23910.95,23713.78,23887.83,23916.06,251650.0,19379040.148338,-0.0011803783733608242,-0.0011803783733608242,-0.0011810755686030977,PASS,2026-07-16T20:25:16Z,D20260716.01
HSI,HK,index,2025-07-08,23927.53,24159.01,23899.6,24148.07,23887.83,303990.0,21328874.830725,0.01089425033584046,0.01089425033584046,0.010835335493127906,PASS,2026-07-16T20:25:16Z,D20260716.01
HSI,HK,index,2025-07-09,24061.08,24061.08,23827.15,23892.32,24148.07,319760.0,23387841.156012,-0.010590908507387975,-0.010590908507387975,-0.010647391335848525,PASS,2026-07-16T20:25:16Z,D20260716.01
HSI,HK,index,2025-07-10,23865.64,24087.59,23820.58,24028.37,23892.32,350110.0,24672751.500053,0.0056942984189061185,0.0056942984189061185,0.0056781471859512125,PASS,2026-07-16T20:25:16Z,D20260716.01
HSI,HK,index,2025-07-11,24033.12,24506.3,24033.12,24139.57,24028.37,414200.0,32395021.454637,0.004627862813832095,0.004627862813832095,0.0046171871809588295,PASS,2026-07-16T20:25:16Z,D20260716.01
HSI,HK,index,2025-07-14,24100.57,24267.84,24097.32,24203.32,24139.57,273030.0,21036259.141957,0.0026408921119969175,0.0026408921119969175,0.0026374110837564598,PASS,2026-07-16T20:25:16Z,D20260716.01
HSI,HK,index,2025-07-15,24281.94,24590.12,24141.88,24590.12,24203.32,377490.0,28840028.068504,0.015981278601447935,0.015981278601447935,0.015854922413140744,PASS,2026-07-16T20:25:16Z,D20260716.01
HSI,HK,index,2025-07-16,24704.05,24867.81,24517.75,24517.76,24590.12,338170.0,25895055.084213,-0.0029426452575261886,-0.0029426452575261886,-0.0029469833504846407,PASS,2026-07-16T20:25:16Z,D20260716.01
HSI,HK,index,2025-07-17,24547.08,24672.51,24447.93,24498.95,24517.76,320830.0,23641247.680548,-0.0007671989610795737,-0.0007671989610795737,-0.0007674934088121432,PASS,2026-07-16T20:25:16Z,D20260716.01
HSI,HK,index,2025-07-18,24757.83,24825.66,24630.79,24825.66,24498.95,290420.0,23869056.421091,0.01333567356968346,0.01333567356968346,0.013247536191120448,PASS,2026-07-16T20:25:16Z,D20260716.01
HSI,HK,index,2025-07-21,24991.14,25010.9,24844.8,24994.14,24825.66,360900.0,26301238.068515,0.0067865265213493675,0.0067865265213493675,0.006763601711676014,PASS,2026-07-16T20:25:16Z,D20260716.01
HSI,HK,index,2025-07-22,25024.93,25130.03,24900.59,25130.03,24994.14,382240.0,26607335.079152,0.005436874403360159,0.005436874403360159,0.005422147954841309,PASS,2026-07-16T20:25:16Z,D20260716.01
HSI,HK,index,2025-07-23,25348.3,25538.07,25228.01,25538.07,25130.03,413980.0,33306660.517909,0.016237147349207337,0.016237147349207337,0.016106734665056282,PASS,2026-07-16T20:25:16Z,D20260716.01
HSI,HK,index,2025-07-24,25528.22,25735.89,25502.49,25667.18,25538.07,359570.0,29481092.10926,0.005055589557080964,0.005055589557080964,0.005042852973452295,PASS,2026-07-16T20:25:16Z,D20260716.01
HSI,HK,index,2025-07-25,25531.59,25585.73,25355.31,25388.35,25667.18,340630.0,28176957.802856,-0.010863289227722062,-0.010863289227722062,-0.010922725595730735,PASS,2026-07-16T20:25:16Z,D20260716.01
HSI,HK,index,2025-07-28,25458.87,25667.4,25399.36,25562.13,25388.35,342540.0,25029877.012553,0.006844871762048399,0.006844871762048399,0.0068215519807918994,PASS,2026-07-16T20:25:16Z,D20260716.01
HSI,HK,index,2025-07-29,25454.83,25530.42,25252.32,25524.45,25562.13,374500.0,26700987.146255,-0.001474055565792054,-0.001474055565792054,-0.0014751430545081495,PASS,2026-07-16T20:25:16Z,D20260716.01
HSI,HK,index,2025-07-30,25335.21,25499.57,25082.2,25176.93,25524.45,466760.0,31965234.989565,-0.013615180738468458,-0.013615180738468458,-0.01370871729348443,PASS,2026-07-16T20:25:16Z,D20260716.01
HSI,HK,index,2025-07-31,24982.87,25000.06,24744.92,24773.33,25176.93,418640.0,32063250.044619,-0.016030548601437822,-0.016030548601437822,-0.016160427738464208,PASS,2026-07-16T20:25:16Z,D20260716.01
HSI,HK,index,2025-08-01,24744.34,24856.54,24507.63,24507.81,24773.33,376530.0,25467428.882832,-0.010717977760761332,-0.010717977760761332,-0.01077582902141369,PASS,2026-07-16T20:25:16Z,D20260716.01
HSI,HK,index,2025-08-04,24431.88,24748.76,24372.51,24733.45,24507.81,285130.0,23468233.447141,0.009206860996555877,0.009206860996555877,0.009164736212464705,PASS,2026-07-16T20:25:16Z,D20260716.01
HSI,HK,index,2025-08-05,24746.81,24925.9,24686.85,24902.53,24733.45,305800.0,22939876.571554,0.006836086352692394,0.006836086352692394,0.00681282625954926,PASS,2026-07-16T20:25:16Z,D20260716.01
HSI,HK,index,2025-08-06,24864.15,25002.97,24806.46,24910.63,24902.53,244980.0,21523537.346795,0.00032526815548461485,0.00032526815548461485,0.00032521526726638666,PASS,2026-07-16T20:25:16Z,D20260716.01
HSI,HK,index,2025-08-07,24982.5,25115.16,24820.6,25081.63,24910.63,293780.0,24574802.908571,0.006864539355287302,0.006864539355287302,0.006841085676300246,PASS,2026-07-16T20:25:16Z,D20260716.01
HSI,HK,index,2025-08-08,24968.31,24999.11,24812.12,24858.82,25081.63,248740.0,20671990.060793,-0.00888339394210036,-0.00888339394210036,-0.008923086530848046,PASS,2026-07-16T20:25:16Z,D20260716.01
HSI,HK,index,2025-08-11,24946.55,24969.3,24775.73,24906.81,24858.82,252520.0,20090184.860539,0.0019305019305020377,0.0019305019305020377,0.0019286409064056863,PASS,2026-07-16T20:25:16Z,D20260716.01
HSI,HK,index,2025-08-12,24824.07,25016.29,24801.13,24969.68,24906.81,236860.0,21542126.200498,0.0025242092423718443,0.0025242092423718443,0.0025210287772042808,PASS,2026-07-16T20:25:16Z,D20260716.01
HSI,HK,index,2025-08-13,25176.52,25613.67,25176.52,25613.67,24969.68,327170.0,28404069.059134,0.02579087917826728,0.02579087917826728,0.025463904510483252,PASS,2026-07-16T20:25:16Z,D20260716.01
HSI,HK,index,2025-08-14,25766.62,25766.62,25449.8,25519.32,25613.67,333000.0,27012118.031988,-0.003683579900888856,-0.003683579900888856,-0.003690380988034139,PASS,2026-07-16T20:25:16Z,D20260716.01
HSI,HK,index,2025-08-15,25322.1,25356.54,25167.81,25270.07,25519.32,415790.0,31268724.805394,-0.009767109781922079,-0.009767109781922079,-0.009815120874190583,PASS,2026-07-16T20:25:16Z,D20260716.01
HSI,HK,index,2025-08-18,25293.34,25466.1,25176.85,25176.85,25270.07,372050.0,31278257.157445,-0.0036889490215105125,-0.0036889490215105125,-0.0036957699738828244,PASS,2026-07-16T20:25:16Z,D20260716.01
HSI,HK,index,2025-08-19,25241.29,25260.58,25083.2,25122.9,25176.85,319550.0,27821826.195692,-0.0021428415389532773,-0.0021428415389532773,-0.002145140708975681,PASS,2026-07-16T20:25:16Z,D20260716.01
HSI,HK,index,2025-08-20,24968.57,25210.9,24887.93,25165.94,25122.9,298420.0,28528580.566613,0.001713178016868877,0.001713178016868877,0.0017117122013066781,PASS,2026-07-16T20:25:16Z,D20260716.01
HSI,HK,index,2025-08-21,25216.42,25216.42,25000.85,25104.61,25165.94,286100.0,23948688.592653,-0.002437024009434907,-0.002437024009434907,-0.002439998385846678,PASS,2026-07-16T20:25:16Z,D20260716.01
HSI,HK,index,2025-08-22,25205.04,25349.08,25140.08,25339.14,25104.61,335940.0,28558411.697199,0.009342108879604183,0.009342108879604183,0.009298741267847627,PASS,2026-07-16T20:25:16Z,D20260716.01
HSI,HK,index,2025-08-25,25606.88,25918.86,25590.62,25829.91,25339.14,414330.0,36969816.176361,0.01936806063662777,0.01936806063662777,0.019182886901303535,PASS,2026-07-16T20:25:16Z,D20260716.01
HSI,HK,index,2025-08-26,25714.91,25819.7,25524.92,25524.92,25829.91,363540.0,31787091.683802,-0.011807629217446047,-0.011807629217446047,-0.011877892917478091,PASS,2026-07-16T20:25:16Z,D20260716.01
HSI,HK,index,2025-08-27,25626.17,25653.92,25140.17,25201.76,25524.92,387120.0,37137605.374235,-0.012660568573770292,-0.012660568573770292,-0.012741396515212429,PASS,2026-07-16T20:25:16Z,D20260716.01
HSI,HK,index,2025-08-28,25030.54,25093.65,24808.78,24998.82,25201.76,417880.0,39148833.44504,-0.008052612198513054,-0.008052612198513054,-0.008085209594185194,PASS,2026-07-16T20:25:16Z,D20260716.01
HSI,HK,index,2025-08-29,25095.45,25277.51,25066.85,25077.62,24998.82,381810.0,33560141.6508,0.003152148781422559,0.003152148781422559,0.0031471911757941225,PASS,2026-07-16T20:25:16Z,D20260716.01
HSI,HK,index,2025-09-01,25508.21,25638.34,25471.35,25617.42,25077.62,431680.0,38023103.92258,0.021525168656355786,0.021525168656355786,0.02129677389159122,PASS,2026-07-16T20:25:16Z,D20260716.01
HSI,HK,index,2025-09-02,25587.97,25724.73,25416.61,25496.55,25617.42,381110.0,32811856.983431,-0.004718273737167822,-0.004718273737167822,-0.004729439927972145,PASS,2026-07-16T20:25:16Z,D20260716.01
HSI,HK,index,2025-09-03,25660.65,25789.99,25276.87,25343.43,25496.55,318620.0,26764747.847473,-0.0060055183936650325,-0.0060055183936650325,-0.0060236240448621435,PASS,2026-07-16T20:25:16Z,D20260716.01
HSI,HK,index,2025-09-04,25489.13,25494.45,25013.26,25058.51,25343.43,363030.0,30223286.132173,-0.011242361432529102,-0.011242361432529102,-0.011306034451003887,PASS,2026-07-16T20:25:16Z,D20260716.01
HSI,HK,index,2025-09-05,25136.24,25471.8,25090.65,25417.98,25058.51,373940.0,29994538.263243,0.014345226432058489,0.014345226432058489,0.014243307217807645,PASS,2026-07-16T20:25:16Z,D20260716.01
HSI,HK,index,2025-09-08,25440.01,25664.01,25387.81,25633.91,25417.98,365500.0,28604317.063921,0.008495167593963071,0.008495167593963071,0.008459286723865029,PASS,2026-07-16T20:25:16Z,D20260716.01
HSI,HK,index,2025-09-09,25711.07,26027.94,25675.28,25938.13,25633.91,363270.0,29403288.238549,0.011867873453562217,0.011867873453562217,0.011798002513101652,PASS,2026-07-16T20:25:16Z,D20260716.01
HSI,HK,index,2025-09-10,26042.41,26296.6,26017.5,26200.26,25938.13,379320.0,28820855.682085,0.010105971401947578,0.010105971401947578,0.010055247529367244,PASS,2026-07-16T20:25:16Z,D20260716.01
HSI,HK,index,2025-09-11,25987.49,26241.46,25878.97,26086.32,26200.26,399250.0,32520532.979112,-0.0043488118056843605,-0.0043488118056843605,-0.0043582953926222315,PASS,2026-07-16T20:25:16Z,D20260716.01
HSI,HK,index,2025-09-12,26539.44,26585.95,26329.66,26388.16,26086.32,333250.0,32073387.243618,0.011570815661235523,0.011570815661235523,0.011504385715064859,PASS,2026-07-16T20:25:16Z,D20260716.01
HSI,HK,index,2025-09-15,26308.91,26532.75,26280.23,26446.56,26388.16,285770.0,29019496.778099,0.0022131137601106854,0.0022131137601106854,0.002210668431049419,PASS,2026-07-16T20:25:16Z,D20260716.01
HSI,HK,index,2025-09-16,26536.63,26601.59,26332.21,26438.51,26446.56,288250.0,29406907.976444,-0.0003043874137128588,-0.0003043874137128588,-0.000304433748964489,PASS,2026-07-16T20:25:16Z,D20260716.01
HSI,HK,index,2025-09-17,26554.19,26936.5,26540.57,26908.39,26438.51,370080.0,36028360.087889,0.017772559800079524,0.017772559800079524,0.017616474502694258,PASS,2026-07-16T20:25:16Z,D20260716.01
HSI,HK,index,2025-09-18,26863.69,27058.03,26322.08,26544.85,26908.39,411420.0,41331399.608479,-0.013510284338825174,-0.013510284338825174,-0.013602378651178176,PASS,2026-07-16T20:25:16Z,D20260716.01
HSI,HK,index,2025-09-19,26583.03,26637.64,26414.11,26545.1,26544.85,416590.0,37681227.936842,9.418022705043327e-06,9.418022705043327e-06,9.417978355745945e-06,PASS,2026-07-16T20:25:16Z,D20260716.01
HSI,HK,index,2025-09-22,26459.52,26479.14,26204.01,26344.14,26545.1,329840.0,29053714.883838,-0.007570512071907731,-0.007570512071907731,-0.007599313853323793,PASS,2026-07-16T20:25:16Z,D20260716.01
HSI,HK,index,2025-09-23,26435.58,26454.09,26003.67,26159.12,26344.14,312450.0,29456077.095032,-0.007023193772884628,-0.007023193772884628,-0.007047972483551064,PASS,2026-07-16T20:25:16Z,D20260716.01
HSI,HK,index,2025-09-24,26073.69,26562.88,26057.26,26518.65,26159.12,302320.0,28877244.004747,0.013743963864228048,0.013743963864228048,0.013650372165125676,PASS,2026-07-16T20:25:16Z,D20260716.01
HSI,HK,index,2025-09-25,26536.13,26640.53,26403.52,26484.68,26518.65,368700.0,31488968.731481,-0.0012809852688580037,-0.0012809852688580037,-0.001281806431827541,PASS,2026-07-16T20:25:16Z,D20260716.01
HSI,HK,index,2025-09-26,26272.3,26406.05,26072.93,26128.2,26484.68,344060.0,32367367.094683,-0.01345985679268169,-0.01345985679268169,-0.013551261790551055,PASS,2026-07-16T20:25:16Z,D20260716.01
HSI,HK,index,2025-09-29,26321.57,26687.72,26321.57,26622.88,26128.2,350280.0,30909614.140869,0.0189328005756233,0.0189328005756233,0.018755805624046454,PASS,2026-07-16T20:25:16Z,D20260716.01
HSI,HK,index,2025-09-30,26674.16,26888.4,26558.28,26855.56,26622.88,350190.0,31492613.527221,0.008739850835071117,0.008739850835071117,0.008701879421366968,PASS,2026-07-16T20:25:16Z,D20260716.01
HSI,HK,index,2025-10-02,26918.3,27381.84,26918.3,27287.12,26855.56,232460.0,22246790.078933,0.01606967048909036,0.01606967048909036,0.01594192012128161,PASS,2026-07-16T20:25:16Z,D20260716.01
HSI,HK,index,2025-10-03,27221.46,27262.0,26972.71,27140.92,27287.12,139200.0,13478100.893393,-0.005357839156349242,-0.005357839156349242,-0.00537224385162734,PASS,2026-07-16T20:25:16Z,D20260716.01
HSI,HK,index,2025-10-06,27003.92,27145.17,26873.34,26957.77,27140.92,113160.0,12125725.891112,-0.006748113181130111,-0.006748113181130111,-0.00677098464778337,PASS,2026-07-16T20:25:16Z,D20260716.01
HSI,HK,index,2025-10-08,26900.64,26906.2,26517.45,26829.46,26957.77,210570.0,17380330.47675,-0.00475966669349881,-0.00475966669349881,-0.004771029978318946,PASS,2026-07-16T20:25:16Z,D20260716.01
HSI,HK,index,2025-10-09,26862.03,26978.41,26480.58,26752.59,26829.46,401390.0,38681832.127823,-0.0028651340727692265,-0.0028651340727692265,-0.0028692464262377237,PASS,2026-07-16T20:25:16Z,D20260716.01
HSI,HK,index,2025-10-10,26523.89,26558.87,26247.04,26290.32,26752.59,343200.0,33373669.689191,-0.017279448457140023,-0.017279448457140023,-0.017430480488730707,PASS,2026-07-16T20:25:16Z,D20260716.01
HSI,HK,index,2025-10-13,25634.0,25895.62,25336.09,25889.48,26290.32,517280.0,49036553.132297,-0.015246676343232068,-0.015246676343232068,-0.0153641020093558,PASS,2026-07-16T20:25:16Z,D20260716.01
HSI,HK,index,2025-10-14,25969.21,26102.68,25331.64,25441.35,25889.48,475320.0,39891043.226495,-0.017309347271555864,-0.017309347271555864,-0.01746090548514181,PASS,2026-07-16T20:25:16Z,D20260716.01
HSI,HK,index,2025-10-15,25714.89,25982.21,25593.45,25910.6,25441.35,350390.0,31581323.888677,0.01844438286490302,0.01844438286490302,0.0182763482864003,PASS,2026-07-16T20:25:16Z,D20260716.01
HSI,HK,index,2025-10-16,25890.01,26062.8,25687.32,25888.51,25910.6,338090.0,27543124.444832,-0.0008525468341141762,-0.0008525468341141762,-0.000852910458852458,PASS,2026-07-16T20:25:16Z,D20260716.01
HSI,HK,index,2025-10-17,25851.94,25859.82,25145.34,25247.1,25888.51,400840.0,31462370.579498,-0.024775856161671772,-0.024775856161671772,-0.025087943288969246,PASS,2026-07-16T20:25:16Z,D20260716.01
HSI,HK,index,2025-10-20,25884.46,25912.77,25710.61,25858.83,25247.1,290160.0,23916061.4955,0.02422971351165093,0.02422971351165093,0.023940831060415065,PASS,2026-07-16T20:25:16Z,D20260716.01
HSI,HK,index,2025-10-21,26160.24,26367.35,26017.72,26027.55,25858.83,306500.0,26465694.762891,0.006524657148061053,0.006524657148061053,0.006503463709275609,PASS,2026-07-16T20:25:16Z,D20260716.01
HSI,HK,index,2025-10-22,25897.62,25947.88,25653.75,25781.77,26027.55,283030.0,22753644.93925,-0.009443070899873396,-0.009443070899873396,-0.009487939381455675,PASS,2026-07-16T20:25:16Z,D20260716.01
HSI,HK,index,2025-10-23,25718.53,26080.84,25591.66,25967.98,25781.77,310400.0,24525567.066555,0.007222545232542288,0.007222545232542288,0.007196587564738894,PASS,2026-07-16T20:25:16Z,D20260716.01
HSI,HK,index,2025-10-24,26177.11,26239.96,26063.99,26160.15,25967.98,259210.0,22661380.490097,0.007400267560280005,0.007400267560280005,0.007373019924255723,PASS,2026-07-16T20:25:16Z,D20260716.01
HSI,HK,index,2025-10-27,26495.97,26495.97,26319.22,26433.7,26160.15,316460.0,26707717.088103,0.010456744322949296,0.010456744322949296,0.010402450733500091,PASS,2026-07-16T20:25:16Z,D20260716.01
HSI,HK,index,2025-10-28,26508.75,26519.24,26245.33,26346.14,26433.7,285730.0,24269983.589769,-0.003312438289002295,-0.003312438289002295,-0.0033179365578532055,PASS,2026-07-16T20:25:16Z,D20260716.01
HSI,HK,index,2025-10-30,26545.92,26588.89,26138.79,26282.69,26346.14,431880.0,35380444.679034,-0.0024083224335709197,-0.0024083224335709197,-0.0024112271065728657,PASS,2026-07-16T20:25:16Z,D20260716.01
HSI,HK,index,2025-10-31,26263.01,26283.96,25906.65,25906.65,26282.69,337820.0,25761208.420063,-0.014307515707105978,-0.014307515707105978,-0.014410855080713108,PASS,2026-07-16T20:25:16Z,D20260716.01
HSI,HK,index,2025-11-03,25999.17,26217.12,25920.27,26158.36,25906.65,178970.0,22867552.214022,0.00971603816008626,0.00971603816008626,0.009669140986454501,PASS,2026-07-16T20:25:16Z,D20260716.01
HSI,HK,index,2025-11-04,26148.07,26291.65,25911.79,25952.4,26158.36,342120.0,23998643.002088,-0.007873582288797865,-0.007873582288797865,-0.007904742607822438,PASS,2026-07-16T20:25:16Z,D20260716.01
HSI,HK,index,2025-11-05,25701.63,25980.9,25496.13,25935.41,25952.4,277000.0,23882461.962136,-0.0006546600699742777,-0.0006546600699742777,-0.0006548744534485268,PASS,2026-07-16T20:25:16Z,D20260716.01
HSI,HK,index,2025-11-06,26061.58,26490.71,26061.58,26485.9,25935.41,270520.0,23465308.4614,0.021225421152007984,0.021225421152007984,0.021003299487036237,PASS,2026-07-16T20:25:16Z,D20260716.01
HSI,HK,index,2025-11-07,26350.74,26371.46,26167.23,26241.83,26485.9,269590.0,20964428.573794,-0.009215091803563391,-0.009215091803563391,-0.009257813420327051,PASS,2026-07-16T20:25:16Z,D20260716.01
HSI,HK,index,2025-11-10,26319.4,26668.89,26302.93,26649.06,26241.83,312450.0,21478784.570717,0.015518353712374422,0.015518353712374422,0.015399175446985582,PASS,2026-07-16T20:25:16Z,D20260716.01
HSI,HK,index,2025-11-11,26748.09,26788.43,26511.25,26696.41,26649.06,241760.0,21023145.494287,0.0017767981309659842,0.0017767981309659842,0.001775221492469507,PASS,2026-07-16T20:25:16Z,D20260716.01
HSI,HK,index,2025-11-12,26754.93,27016.4,26739.09,26922.73,26696.41,343730.0,23639516.262914,0.008477544358960643,0.008477544358960643,0.008441811787393713,PASS,2026-07-16T20:25:16Z,D20260716.01
HSI,HK,index,2025-11-13,26779.48,27188.81,26733.21,27073.03,26922.73,328570.0,27067306.616275,0.005582643364918871,0.005582643364918871,0.005567118165747838,PASS,2026-07-16T20:25:16Z,D20260716.01
HSI,HK,index,2025-11-14,26660.31,26881.88,26535.42,26572.46,27073.03,280990.0,23278808.912981,-0.018489618635224803,-0.018489618635224803,-0.018662688281542307,PASS,2026-07-16T20:25:16Z,D20260716.01
HSI,HK,index,2025-11-17,26441.7,26531.8,26252.36,26384.28,26572.46,252110.0,21761272.441656,-0.007081768116312892,-0.007081768116312892,-0.007106962855470188,PASS,2026-07-16T20:25:16Z,D20260716.01
HSI,HK,index,2025-11-18,26172.27,26188.82,25821.84,25930.03,26384.28,351410.0,24211163.987614,-0.01721669115094293,-0.01721669115094293,-0.017366621742397944,PASS,2026-07-16T20:25:16Z,D20260716.01
HSI,HK,index,2025-11-19,25954.23,26045.37,25742.07,25830.65,25930.03,288670.0,21142643.383948,-0.003832621867386865,-0.003832621867386865,-0.003839985182465492,PASS,2026-07-16T20:25:16Z,D20260716.01
HSI,HK,index,2025-11-20,25999.78,26046.76,25692.13,25835.57,25830.65,297920.0,24513566.879736,0.00019047139735151042,0.00019047139735151042,0.00019045325997796994,PASS,2026-07-16T20:25:16Z,D20260716.01
HSI,HK,index,2025-11-21,25460.42,25483.67,25178.63,25220.02,25835.57,395790.0,28570228.300765,-0.023825679092816632,-0.023825679092816632,-0.024114101030594567,PASS,2026-07-16T20:25:16Z,D20260716.01
HSI,HK,index,2025-11-24,25452.87,25770.45,25369.29,25716.5,25220.02,442270.0,30264183.124234,0.01968594790963696,0.01968594790963696,0.019494685680788736,PASS,2026-07-16T20:25:16Z,D20260716.01
HSI,HK,index,2025-11-25,25948.9,26069.22,25740.54,25894.55,25716.5,296210.0,23114853.152892,0.00692357047032055,0.00692357047032055,0.006899712614022376,PASS,2026-07-16T20:25:16Z,D20260716.01
HSI,HK,index,2025-11-26,26046.74,26136.27,25907.06,25928.08,25894.55,256470.0,20707751.347764,0.001294867066622185,0.001294867066622185,0.0012940294492528683,PASS,2026-07-16T20:25:16Z,D20260716.01
HSI,HK,index,2025-11-27,25945.54,26123.69,25822.66,25945.93,25928.08,268270.0,20472806.829772,0.0006884428002380538,0.0006884428002380538,0.0006882059322006161,PASS,2026-07-16T20:25:16Z,D20260716.01
HSI,HK,index,2025-11-28,26011.06,26011.06,25807.55,25858.89,25945.93,196160.0,14620401.198296,-0.0033546687283901866,-0.0033546687283901866,-0.0033603082455355582,PASS,2026-07-16T20:25:16Z,D20260716.01
HSI,HK,index,2025-12-01,25945.87,26179.72,25913.98,26033.26,25858.89,231860.0,20088423.219417,0.006743135532886413,0.006743135532886413,0.0067205022835549475,PASS,2026-07-16T20:25:16Z,D20260716.01
HSI,HK,index,2025-12-02,26188.55,26264.13,25989.45,26095.05,26033.26,245300.0,17824677.419453,0.002373502204487732,0.002373502204487732,0.002370689897262913,PASS,2026-07-16T20:25:16Z,D20260716.01
HSI,HK,index,2025-12-03,25980.89,25996.88,25724.82,25760.73,26095.05,217660.0,16436067.011799,-0.012811625193283827,-0.012811625193283827,-0.012894401825475866,PASS,2026-07-16T20:25:16Z,D20260716.01
HSI,HK,index,2025-12-04,25804.01,25990.73,25649.3,25935.9,25760.73,216920.0,17930587.409177,0.006799884941148804,0.006799884941148804,0.006776869997281825,PASS,2026-07-16T20:25:16Z,D20260716.01
HSI,HK,index,2025-12-05,25833.11,26131.61,25758.17,26085.08,25935.9,297310.0,21047262.014557,0.005751872886616605,0.005751872886616605,0.005735394025113546,PASS,2026-07-16T20:25:16Z,D20260716.01
HSI,HK,index,2025-12-08,26067.86,26151.46,25755.01,25765.36,26085.08,292310.0,20623025.346452,-0.012256815006892907,-0.012256815006892907,-0.012332549240526257,PASS,2026-07-16T20:25:16Z,D20260716.01
HSI,HK,index,2025-12-09,25780.97,25820.31,25386.58,25434.23,25765.36,285870.0,21023587.68426,-0.012851751343664564,-0.012851751343664564,-0.012935049554854335,PASS,2026-07-16T20:25:16Z,D20260716.01
HSI,HK,index,2025-12-10,25435.49,25540.78,25257.61,25540.78,25434.23,272990.0,19339185.889438,0.004189236316570311,0.004189236316570311,0.004180485895986234,PASS,2026-07-16T20:25:16Z,D20260716.01
HSI,HK,index,2025-12-11,25710.61,25801.34,25471.5,25530.51,25540.78,235260.0,18247705.75415,-0.00040210205013313516,-0.00040210205013313516,-0.0004021829148404654,PASS,2026-07-16T20:25:16Z,D20260716.01
HSI,HK,index,2025-12-12,25761.41,26006.47,25697.43,25976.79,25530.51,321950.0,24265694.533956,0.017480261851408496,0.017480261851408496,0.017329239474621932,PASS,2026-07-16T20:25:16Z,D20260716.01
HSI,HK,index,2025-12-15,25718.14,25824.44,25609.28,25628.88,25976.79,280320.0,20428866.521972,-0.013393109772223633,-0.013393109772223633,-0.013483606396044226,PASS,2026-07-16T20:25:16Z,D20260716.01
HSI,HK,index,2025-12-16,25547.92,25547.92,25086.54,25235.41,25628.88,291770.0,20152776.564505,-0.01535260222061996,-0.01535260222061996,-0.015471673694830549,PASS,2026-07-16T20:25:16Z,D20260716.01
HSI,HK,index,2025-12-17,25243.59,25494.94,25168.19,25468.78,25235.41,247190.0,18314054.00793,0.009247719771543261,0.009247719771543261,0.009205221418703448,PASS,2026-07-16T20:25:16Z,D20260716.01
HSI,HK,index,2025-12-18,25330.83,25511.84,25261.38,25498.13,25468.78,261350.0,16237745.143164,0.0011523912806188363,0.0011523912806188363,0.001151727787473902,PASS,2026-07-16T20:25:16Z,D20260716.01
HSI,HK,index,2025-12-19,25634.22,25747.01,25545.92,25690.53,25498.13,335800.0,22118635.534285,0.0075456513869840425,0.0075456513869840425,0.0075173253625200765,PASS,2026-07-16T20:25:16Z,D20260716.01
HSI,HK,index,2025-12-22,25795.94,25859.61,25671.33,25801.77,25690.53,236210.0,16977703.662726,0.004330000198516704,0.004330000198516704,0.0043206527209961754,PASS,2026-07-16T20:25:16Z,D20260716.01
HSI,HK,index,2025-12-23,25875.85,25927.66,25726.45,25774.14,25801.77,224090.0,15713142.568279,-0.0010708567668032964,-0.0010708567668032964,-0.001071430543569197,PASS,2026-07-16T20:25:16Z,D20260716.01
HSI,HK,index,2025-12-24,25780.09,25890.87,25772.87,25818.93,25774.14,123630.0,9252418.309866,0.0017377883413374207,0.0017377883413374207,0.0017362801342214699,PASS,2026-07-16T20:25:16Z,D20260716.01
HSI,HK,index,2025-12-29,25928.89,26082.94,25630.75,25635.23,25818.93,293160.0,22450835.838311,-0.0071149346622807474,-0.0071149346622807474,-0.007140366512335243,PASS,2026-07-16T20:25:16Z,D20260716.01
HSI,HK,index,2025-12-30,25636.4,25930.22,25611.23,25854.6,25635.23,313810.0,19976906.517452,0.008557364221034813,0.008557364221034813,0.008520957529270864,PASS,2026-07-16T20:25:16Z,D20260716.01
HSI,HK,index,2025-12-31,25801.49,25808.52,25554.31,25630.54,25854.6,165100.0,11896585.113207,-0.008666156119220503,-0.008666156119220503,-0.008703925619405242,PASS,2026-07-16T20:25:16Z,D20260716.01
HSI,HK,index,2026-01-02,25717.42,26345.63,25717.42,26338.47,25630.54,148970.0,14086393.602578,0.02762056515391409,0.02762056515391409,0.027245998853955095,PASS,2026-07-16T20:25:16Z,D20260716.01
HSI,HK,index,2026-01-05,26361.44,26445.5,26256.0,26347.24,26338.47,369220.0,28346230.893692,0.0003329730238696982,0.0003329730238696982,0.00033291760065500133,PASS,2026-07-16T20:25:16Z,D20260716.01
HSI,HK,index,2026-01-06,26502.4,26858.13,26498.36,26710.45,26347.24,380090.0,29175818.765262,0.013785504667661597,0.013785504667661597,0.013691348934227276,PASS,2026-07-16T20:25:16Z,D20260716.01
HSI,HK,index,2026-01-07,26601.83,26616.94,26313.51,26458.95,26710.45,364530.0,27613371.436303,-0.009415790449056494,-0.009415790449056494,-0.009460399242808915,PASS,2026-07-16T20:25:16Z,D20260716.01
HSI,HK,index,2026-01-08,26302.78,26305.69,25960.34,26149.31,26458.95,324330.0,26827475.178016,-0.01170265637903245,-0.01170265637903245,-0.011771671430214771,PASS,2026-07-16T20:25:16Z,D20260716.01
HSI,HK,index,2026-01-09,26272.54,26299.32,26114.41,26231.79,26149.31,324170.0,24512996.672935,0.0031541941259636275,0.0031541941259636275,0.0031492300912850687,PASS,2026-07-16T20:25:16Z,D20260716.01
HSI,HK,index,2026-01-12,26376.84,26608.48,26187.76,26608.48,26231.79,359960.0,30622339.888908,0.014360057014789929,0.014360057014789929,0.01425792795434608,PASS,2026-07-16T20:25:16Z,D20260716.01
HSI,HK,index,2026-01-13,26958.52,27143.66,26729.54,26848.47,26608.48,369170.0,31519246.697144,0.00901930512378013,0.00901930512378013,0.008978874115873014,PASS,2026-07-16T20:25:16Z,D20260716.01
HSI,HK,index,2026-01-14,26971.97,27097.72,26780.27,26999.81,26848.47,484960.0,34039344.064503,0.005636820273185128,0.005636820273185128,0.005620992851488358,PASS,2026-07-16T20:25:16Z,D20260716.01
HSI,HK,index,2026-01-15,26972.36,27206.84,26808.35,26923.62,26999.81,357370.0,29045533.018323,-0.0028218717094676826,-0.0028218717094676826,-0.002825860695478547,PASS,2026-07-16T20:25:16Z,D20260716.01
HSI,HK,index,2026-01-16,27094.85,27176.31,26741.54,26844.96,26923.62,336590.0,25507862.487863,-0.00292159821004756,-0.00292159821004756,-0.0029258744090191824,PASS,2026-07-16T20:25:16Z,D20260716.01
HSI,HK,index,2026-01-19,26641.6,26715.58,26533.67,26563.9,26844.96,274240.0,22568850.48116,-0.01046974925647115,-0.01046974925647115,-0.010524942659951969,PASS,2026-07-16T20:25:16Z,D20260716.01
HSI,HK,index,2026-01-20,26544.9,26638.55,26363.86,26487.51,26563.9,277080.0,23776578.686855,-0.0028757072568411646,-0.0028757072568411646,-0.002879850047162385,PASS,2026-07-16T20:25:16Z,D20260716.01
HSI,HK,index,2026-01-21,26397.04,26692.78,26397.04,26585.06,26487.51,299870.0,25045141.979871,0.003682867887544017,0.003682867887544017,0.0036761027346273387,PASS,2026-07-16T20:25:16Z,D20260716.01
HSI,HK,index,2026-01-22,26750.51,26779.22,26499.14,26629.96,26585.06,299090.0,23486006.290484,0.0016889185128790007,0.0016889185128790007,0.001687493893825535,PASS,2026-07-16T20:25:16Z,D20260716.01
HSI,HK,index,2026-01-23,26861.36,26895.94,26689.73,26749.51,26629.96,280350.0,24087217.40338,0.0044893045276823695,0.0044893045276823695,0.004479257657861144,PASS,2026-07-16T20:25:16Z,D20260716.01
HSI,HK,index,2026-01-26,26844.04,26911.44,26619.83,26765.52,26749.51,292650.0,26169884.619065,0.0005985156363612631,0.0005985156363612631,0.0005983365973126635,PASS,2026-07-16T20:25:16Z,D20260716.01
HSI,HK,index,2026-01-27,26863.15,27188.9,26829.71,27126.95,26765.52,306320.0,25437261.792274,0.013503567276107464,0.013503567276107464,0.013413206663079493,PASS,2026-07-16T20:25:16Z,D20260716.01
HSI,HK,index,2026-01-28,27325.89,27826.91,27258.1,27826.91,27126.95,505020.0,36152310.019239,0.025803121987543642,0.025803121987543642,0.02547583943451749,PASS,2026-07-16T20:25:16Z,D20260716.01
HSI,HK,index,2026-01-29,27627.11,28056.1,27611.9,27968.09,27826.91,439640.0,33199416.727675,0.005073506185199861,0.005073506185199861,0.005060679319190309,PASS,2026-07-16T20:25:16Z,D20260716.01
HSI,HK,index,2026-01-30,27785.98,27887.24,27384.02,27387.11,27968.09,442750.0,30161239.898331,-0.020772959469166463,-0.020772959469166463,-0.020991752684165952,PASS,2026-07-16T20:25:16Z,D20260716.01
HSI,HK,index,2026-02-02,27097.34,27100.09,26507.62,26775.57,27387.11,483500.0,34788574.125492,-0.0223294827384124,-0.0223294827384124,-0.02258256012454675,PASS,2026-07-16T20:25:16Z,D20260716.01
HSI,HK,index,2026-02-03,26995.76,27126.48,26431.8,26834.77,26775.57,342520.0,33515248.842491,0.002210970672146262,0.002210970672146262,0.0022085300732227805,PASS,2026-07-16T20:25:16Z,D20260716.01
HSI,HK,index,2026-02-04,26797.05,27004.22,26593.18,26847.32,26834.77,298480.0,28543280.393615,0.0004676768237625861,0.0004676768237625861,0.000467567497041898,PASS,2026-07-16T20:25:16Z,D20260716.01
HSI,HK,index,2026-02-05,26627.95,26919.39,26410.77,26885.24,26847.32,318980.0,31511224.033753,0.0014124314829191409,0.0014124314829191409,0.0014114349398276962,PASS,2026-07-16T20:25:16Z,D20260716.01
HSI,HK,index,2026-02-06,26354.34,26710.34,26295.03,26559.95,26885.24,291330.0,24786532.51395,-0.01209920387543506,-0.01209920387543506,-0.01217299505637305,PASS,2026-07-16T20:25:16Z,D20260716.01
HSI,HK,index,2026-02-09,26982.49,27111.54,26879.1,27027.16,26559.95,273450.0,25514160.801113,0.017590771066963606,0.017590771066963606,0.01743784424946879,PASS,2026-07-16T20:25:16Z,D20260716.01
HSI,HK,index,2026-02-10,27202.96,27397.65,27104.82,27183.15,27027.16,255430.0,23403958.514441,0.0057716016037201445,0.0057716016037201445,0.005755009721727946,PASS,2026-07-16T20:25:16Z,D20260716.01
HSI,HK,index,2026-02-11,27246.18,27325.98,27133.77,27266.38,27183.15,240370.0,21721751.545554,0.0030618232250492206,0.0030618232250492206,0.0030571453903547622,PASS,2026-07-16T20:25:16Z,D20260716.01
HSI,HK,index,2026-02-12,27210.56,27215.63,26932.56,27032.54,27266.38,266880.0,23870504.372179,-0.00857612928448881,-0.00857612928448881,-0.00861311590107121,PASS,2026-07-16T20:25:16Z,D20260716.01
HSI,HK,index,2026-02-13,26640.16,26774.44,26444.46,26567.12,27032.54,248900.0,25757759.252466,-0.017217028070614204,-0.017217028070614204,-0.01736696456438728,PASS,2026-07-16T20:25:16Z,D20260716.01
HSI,HK,index,2026-02-16,26501.2,26734.41,26382.41,26705.94,26567.12,80850.0,8499658.622961,0.005225255880200841,0.005225255880200841,0.00521165160067677,PASS,2026-07-16T20:25:16Z,D20260716.01
HSI,HK,index,2026-02-20,26657.84,26694.34,26356.96,26413.35,26705.94,169480.0,16537268.128763,-0.01095598956636612,-0.01095598956636612,-0.011016448416621846,PASS,2026-07-16T20:25:16Z,D20260716.01
HSI,HK,index,2026-02-23,26798.97,27156.28,26798.97,27081.91,26413.35,181640.0,17296334.561599,0.025311442887782087,0.025311442887782087,0.024996413158092874,PASS,2026-07-16T20:25:16Z,D20260716.01
HSI,HK,index,2026-02-24,26913.68,26913.68,26480.86,26590.32,27081.91,268380.0,25099214.484433,-0.018151969340419516,-0.018151969340419516,-0.018318737532594876,PASS,2026-07-16T20:25:16Z,D20260716.01
HSI,HK,index,2026-02-25,26745.2,26870.03,26632.53,26765.72,26590.32,249940.0,23676513.947821,0.006596385451547837,0.006596385451547837,0.006574724504825699,PASS,2026-07-16T20:25:16Z,D20260716.01
HSI,HK,index,2026-02-26,27019.74,27024.07,26373.01,26381.02,26765.72,290120.0,25927686.271395,-0.014372862004085829,-0.014372862004085829,-0.014477152089341182,PASS,2026-07-16T20:25:16Z,D20260716.01
HSI,HK,index,2026-02-27,26447.05,26701.5,26375.7,26630.54,26381.02,329440.0,28842037.517022,0.009458315106845694,0.009458315106845694,0.009413865304864015,PASS,2026-07-16T20:25:16Z,D20260716.01
HSI,HK,index,2026-03-02,26305.58,26403.85,25882.95,26059.85,26630.54,459350.0,35767866.420022,-0.021429907166734208,-0.021429907166734208,-0.02166286177001455,PASS,2026-07-16T20:25:16Z,D20260716.01
HSI,HK,index,2026-03-03,26190.24,26218.93,25727.0,25768.08,26059.85,470520.0,37054542.262422,-0.011196150399944593,-0.011196150399944593,-0.011259299082349697,PASS,2026-07-16T20:25:16Z,D20260716.01
HSI,HK,index,2026-03-04,25469.34,25470.05,24958.43,25249.48,25768.08,470370.0,36430385.504993,-0.020125674865958287,-0.020125674865958287,-0.0203309552000687,PASS,2026-07-16T20:25:16Z,D20260716.01
HSI,HK,index,2026-03-05,25583.65,25736.6,25236.68,25321.34,25249.48,348420.0,32187206.505896,0.0028459992047360494,0.0028459992047360494,0.00284195701655943,PASS,2026-07-16T20:25:16Z,D20260716.01
HSI,HK,index,2026-03-06,25358.56,25806.72,25267.63,25757.29,25321.34,366980.0,29276601.52384,0.017216703381416565,0.017216703381416565,0.017070175372232793,PASS,2026-07-16T20:25:16Z,D20260716.01
HSI,HK,index,2026-03-09,25075.74,25442.62,24906.0,25408.46,25757.29,530080.0,39233037.914463,-0.013542962011919846,-0.013542962011919846,-0.013635504403849624,PASS,2026-07-16T20:25:16Z,D20260716.01
HSI,HK,index,2026-03-10,25740.29,25959.9,25611.79,25959.9,25408.46,351860.0,33092874.970175,0.02170300758093968,0.02170300758093968,0.021470850313501644,PASS,2026-07-16T20:25:16Z,D20260716.01
HSI,HK,index,2026-03-11,26112.08,26149.64,25819.1,25898.76,25959.9,314480.0,25448133.554368,-0.0023551708596721843,-0.0023551708596721843,-0.0023579486368449456,PASS,2026-07-16T20:25:16Z,D20260716.01
HSI,HK,index,2026-03-12,25719.47,25932.58,25521.15,25716.76,25898.76,304650.0,24218028.816878,-0.007027363472227988,-0.007027363472227988,-0.007052171683443667,PASS,2026-07-16T20:25:16Z,D20260716.01
HSI,HK,index,2026-03-13,25583.55,25697.17,25419.87,25465.6,25716.76,278610.0,24654212.93422,-0.00976639358923903,-0.00976639358923903,-0.009814397617640405,PASS,2026-07-16T20:25:16Z,D20260716.01
HSI,HK,index,2026-03-16,25436.27,25856.73,25317.81,25834.02,25465.6,301810.0,26445339.600197,0.014467359889419606,0.014467359889419606,0.014363706172676216,PASS,2026-07-16T20:25:16Z,D20260716.01
HSI,HK,index,2026-03-17,25938.43,26250.14,25844.95,25868.54,25834.02,290140.0,26825875.696142,0.001336222546858723,0.001336222546858723,0.0013353305959861875,PASS,2026-07-16T20:25:16Z,D20260716.01
HSI,HK,index,2026-03-18,25923.03,26117.95,25791.82,26025.42,25868.54,253600.0,24037387.28268,0.006064509245593097,0.006064509245593097,0.00604619412026118,PASS,2026-07-16T20:25:16Z,D20260716.01
HSI,HK,index,2026-03-19,25550.56,25737.83,25449.06,25500.58,26025.42,355230.0,30621350.284506,-0.020166437275555893,-0.020166437275555893,-0.020372555695587474,PASS,2026-07-16T20:25:16Z,D20260716.01
HSI,HK,index,2026-03-20,25337.28,25563.88,25121.46,25277.32,25500.58,460250.0,34251750.775794,-0.008755094982153433,-0.008755094982153433,-0.00879364600306415,PASS,2026-07-16T20:25:16Z,D20260716.01
HSI,HK,index,2026-03-23,24789.14,24789.14,24203.54,24382.47,25277.32,509440.0,36867737.954443,-0.03540130045432022,-0.03540130045432022,-0.036043119528062606,PASS,2026-07-16T20:25:16Z,D20260716.01
HSI,HK,index,2026-03-24,24759.82,25077.09,24555.5,25063.71,24382.47,389070.0,30307335.990692,0.02793974523499876,0.02793974523499876,0.02755655173049853,PASS,2026-07-16T20:25:16Z,D20260716.01
HSI,HK,index,2026-03-25,25280.52,25390.3,25015.2,25335.95,25063.71,457470.0,35093289.805935,0.010861919484385973,0.010861919484385973,0.010803352554789583,PASS,2026-07-16T20:25:16Z,D20260716.01
HSI,HK,index,2026-03-26,25267.16,25278.03,24793.1,24856.43,25335.95,397370.0,26166236.642483,-0.018926466147904497,-0.018926466147904497,-0.019107864170845378,PASS,2026-07-16T20:25:16Z,D20260716.01
HSI,HK,index,2026-03-27,24768.66,25095.57,24712.92,24951.88,24856.43,340920.0,26308082.321959,0.0038400526543835856,0.0038400526543835856,0.0038326984731391033,PASS,2026-07-16T20:25:16Z,D20260716.01
HSI,HK,index,2026-03-30,24532.85,24811.86,24409.57,24750.79,24951.88,414910.0,28543488.370464,-0.008059112179122363,-0.008059112179122363,-0.00809176236299703,PASS,2026-07-16T20:25:16Z,D20260716.01
HSI,HK,index,2026-03-31,24818.2,24988.53,24559.57,24788.14,24750.79,380470.0,25575957.087139,0.0015090427416659669,0.0015090427416659669,0.0015079052808420932,PASS,2026-07-16T20:25:16Z,D20260716.01
HSI,HK,index,2026-04-01,25357.23,25429.76,25203.69,25294.03,24788.14,385770.0,29142111.509349,0.02040855021796717,0.02040855021796717,0.020203086531055372,PASS,2026-07-16T20:25:16Z,D20260716.01
HSI,HK,index,2026-04-02,25254.49,25254.49,24901.77,25116.53,25294.03,319460.0,24362753.873723,-0.007017466176801435,-0.007017466176801435,-0.007042204393572883,PASS,2026-07-16T20:25:16Z,D20260716.01
HSI,HK,index,2026-04-08,25772.56,25934.18,25668.67,25893.02,25116.53,487130.0,37243701.931686,0.030915496686843458,0.030915496686843458,0.03044723919932706,PASS,2026-07-16T20:25:16Z,D20260716.01
HSI,HK,index,2026-04-09,25756.41,25854.8,25653.63,25752.4,25893.02,291800.0,24497718.247135,-0.0054308072214055425,-0.0054308072214055425,-0.00544560766483518,PASS,2026-07-16T20:25:16Z,D20260716.01
HSI,HK,index,2026-04-10,25891.88,26073.97,25843.65,25893.54,25752.4,257290.0,24631651.021671,0.005480654230285209,0.005480654230285209,0.005465690095489626,PASS,2026-07-16T20:25:16Z,D20260716.01
HSI,HK,index,2026-04-13,25708.64,25717.38,25508.53,25660.85,25893.54,228880.0,20790896.747779,-0.008986411282505324,-0.008986411282505324,-0.009027032619525026,PASS,2026-07-16T20:25:16Z,D20260716.01
HSI,HK,index,2026-04-14,25929.4,25995.09,25668.53,25872.32,25660.85,270710.0,23677597.847876,0.008240958502933493,0.008240958502933493,0.008207187216064869,PASS,2026-07-16T20:25:16Z,D20260716.01
HSI,HK,index,2026-04-15,26168.25,26216.58,25947.32,25947.32,25872.32,302170.0,24558775.592414,0.0028988509727769785,0.0028988509727769785,0.002894657406689794,PASS,2026-07-16T20:25:16Z,D20260716.01
HSI,HK,index,2026-04-16,26122.8,26403.07,26122.8,26394.26,25947.32,280550.0,25622793.280587,0.017224900297988288,0.017224900297988288,0.017078233521021082,PASS,2026-07-16T20:25:16Z,D20260716.01
HSI,HK,index,2026-04-17,26210.97,26280.96,26015.44,26160.33,26394.26,279320.0,23804204.813905,-0.008862911860381684,-0.008862911860381684,-0.008902421081436237,PASS,2026-07-16T20:25:16Z,D20260716.01
HSI,HK,index,2026-04-20,26204.61,26411.69,26094.64,26361.07,26160.33,287320.0,24146279.953524,0.007673450602496246,0.007673450602496246,0.00764415942791511,PASS,2026-07-16T20:25:16Z,D20260716.01
HSI,HK,index,2026-04-21,26442.29,26529.49,26342.02,26487.48,26361.07,246000.0,20517736.82739,0.004795328869427573,0.004795328869427573,0.004783867904736993,PASS,2026-07-16T20:25:16Z,D20260716.01
HSI,HK,index,2026-04-22,26303.6,26303.6,26073.45,26163.24,26487.48,256210.0,22830262.159295,-0.012241255113736638,-0.012241255113736638,-0.012316796390153146,PASS,2026-07-16T20:25:16Z,D20260716.01
HSI,HK,index,2026-04-23,26098.81,26115.07,25840.55,25915.2,26163.24,260780.0,25537933.209537,-0.009480477188605119,-0.009480477188605119,-0.00952570298083628,PASS,2026-07-16T20:25:16Z,D20260716.01
HSI,HK,index,2026-04-24,25733.61,26004.59,25639.26,25978.07,25915.2,288580.0,23672257.687667,0.0024259893807494493,0.0024259893807494493,0.0024230514191946714,PASS,2026-07-16T20:25:16Z,D20260716.01
HSI,HK,index,2026-04-27,25976.97,26086.02,25858.24,25925.65,25978.07,260140.0,25163424.043912,-0.0020178558299365212,-0.0020178558299365212,-0.002019894443892744,PASS,2026-07-16T20:25:16Z,D20260716.01
HSI,HK,index,2026-04-28,25814.37,25896.66,25609.61,25679.78,25925.65,326360.0,26233339.987393,-0.009483658076075319,-0.009483658076075319,-0.009528914318426706,PASS,2026-07-16T20:25:16Z,D20260716.01
HSI,HK,index,2026-04-29,25842.63,26132.94,25811.46,26111.84,25679.78,378320.0,25828078.770716,0.01682491049378143,0.01682491049378143,0.01668493950507264,PASS,2026-07-16T20:25:16Z,D20260716.01
HSI,HK,index,2026-04-30,26008.32,26072.24,25734.16,25776.53,26111.84,412970.0,29155265.362132,-0.01284130111091375,-0.01284130111091375,-0.012924463325834674,PASS,2026-07-16T20:25:16Z,D20260716.01
HSI,HK,index,2026-05-04,26138.34,26326.44,26091.86,26095.88,25776.53,181110.0,17697914.216822,0.012389177286469488,0.012389177286469488,0.012313059476090757,PASS,2026-07-16T20:25:16Z,D20260716.01
HSI,HK,index,2026-05-05,25945.75,25945.75,25690.36,25898.61,26095.88,148200.0,12223472.304686,-0.007559430837358216,-0.007559430837358216,-0.007588148150551419,PASS,2026-07-16T20:25:16Z,D20260716.01
HSI,HK,index,2026-05-06,26029.65,26213.78,25877.82,26213.78,25898.61,354430.0,30473706.029586,0.012169378974392853,0.012169378974392853,0.012095927388445797,PASS,2026-07-16T20:25:16Z,D20260716.01
HSI,HK,index,2026-05-07,26531.35,26669.26,26518.79,26626.28,26213.78,398900.0,31248906.787192,0.015735998394737383,0.015735998394737383,0.01561347129129488,PASS,2026-07-16T20:25:16Z,D20260716.01
HSI,HK,index,2026-05-08,26359.79,26470.49,26274.8,26393.71,26626.28,306120.0,27975446.556669,-0.008734603557087217,-0.008734603557087217,-0.008772973802721134,PASS,2026-07-16T20:25:16Z,D20260716.01
HSI,HK,index,2026-05-11,26310.87,26427.14,26219.26,26406.84,26393.71,307950.0,28849137.730225,0.0004974670101323131,0.0004974670101323131,0.0004973433144405452,PASS,2026-07-16T20:25:16Z,D20260716.01
HSI,HK,index,2026-05-12,26497.03,26592.37,26328.84,26347.91,26406.84,308230.0,26264712.155907,-0.0022316187775591745,-0.0022316187775591745,-0.002234112549533044,PASS,2026-07-16T20:25:16Z,D20260716.01
HSI,HK,index,2026-05-13,26369.99,26458.9,26220.12,26388.44,26347.91,282040.0,27777070.445454,0.0015382624276460977,0.0015382624276460977,0.0015370805139050324,PASS,2026-07-16T20:25:16Z,D20260716.01
HSI,HK,index,2026-05-14,26836.66,26844.8,26366.86,26389.04,26388.44,312430.0,30670192.628048,2.273722887746743e-05,2.273722887746743e-05,2.2736970390597094e-05,PASS,2026-07-16T20:25:16Z,D20260716.01
HSI,HK,index,2026-05-15,26391.02,26391.02,25847.15,25962.73,26389.04,325990.0,32538551.586989,-0.016154812755598602,-0.016154812755598602,-0.01628672434372948,PASS,2026-07-16T20:25:16Z,D20260716.01
HSI,HK,index,2026-05-18,25838.96,25838.96,25505.71,25675.18,25962.73,301710.0,29271239.85539,-0.011075491675952343,-0.011075491675952343,-0.011137281593286032,PASS,2026-07-16T20:25:16Z,D20260716.01
HSI,HK,index,2026-05-19,25693.37,25845.46,25671.12,25797.85,25675.18,310010.0,27216587.755238,0.004777765920238819,0.004777765920238819,0.004766388620967979,PASS,2026-07-16T20:25:16Z,D20260716.01
HSI,HK,index,2026-05-20,25709.62,25713.53,25555.06,25651.12,25797.85,285950.0,26209778.587541,-0.005687683275931943,-0.005687683275931943,-0.005703919740971858,PASS,2026-07-16T20:25:16Z,D20260716.01
HSI,HK,index,2026-05-21,25833.24,25833.71,25341.73,25386.52,25651.12,302770.0,29855238.355773,-0.01031533905731985,-0.01031533905731985,-0.010368910893464296,PASS,2026-07-16T20:25:16Z,D20260716.01
HSI,HK,index,2026-05-22,25641.8,25732.36,25483.24,25606.03,25386.52,328080.0,28129817.682085,0.008646714870726546,0.008646714870726546,0.008609546136319882,PASS,2026-07-16T20:25:16Z,D20260716.01
HSI,HK,index,2026-05-26,25622.36,25768.38,25431.17,25599.45,25606.03,408280.0,35947574.551582,-0.00025697072134955867,-0.00025697072134955867,-0.0002570037439827285,PASS,2026-07-16T20:25:16Z,D20260716.01
HSI,HK,index,2026-05-27,25608.78,25638.41,25258.03,25328.23,25599.45,371710.0,32075819.4309,-0.010594758871772636,-0.010594758871772636,-0.01065128292317048,PASS,2026-07-16T20:25:16Z,D20260716.01
HSI,HK,index,2026-05-28,25230.58,25230.58,24727.26,25006.16,25328.23,423700.0,35634460.329832,-0.012715851048415105,-0.012715851048415105,-0.01279738943984739,PASS,2026-07-16T20:25:16Z,D20260716.01
HSI,HK,index,2026-05-29,25161.52,25313.33,25055.8,25182.39,25006.16,676610.0,46207014.12799,0.007047463504992413,0.007047463504992413,0.0070227461956758296,PASS,2026-07-16T20:25:16Z,D20260716.01
HSI,HK,index,2026-06-01,25180.05,25486.76,25174.3,25398.18,25182.39,370300.0,33093679.842239,0.008569083395182142,0.008569083395182142,0.008532577201563902,PASS,2026-07-16T20:25:16Z,D20260716.01
HSI,HK,index,2026-06-02,25395.07,26045.07,25394.64,26038.32,25398.18,375130.0,37378007.480919,0.025204168172680008,0.025204168172680008,0.024891781216135143,PASS,2026-07-16T20:25:16Z,D20260716.01
HSI,HK,index,2026-06-03,25953.01,25953.01,25569.45,25633.21,26038.32,317480.0,32292104.928994,-0.015558223418407957,-0.015558223418407957,-0.015680522741600738,PASS,2026-07-16T20:25:16Z,D20260716.01
HSI,HK,index,2026-06-04,25465.3,25499.09,25188.02,25253.4,25633.21,278300.0,27023040.551047,-0.014817106402202351,-0.014817106402202351,-0.014927976266729188,PASS,2026-07-16T20:25:16Z,D20260716.01
HSI,HK,index,2026-06-05,25186.12,25216.18,24928.14,24961.95,25253.4,357480.0,34280536.610194,-0.011541020219059672,-0.011541020219059672,-0.011608134672123266,PASS,2026-07-16T20:25:16Z,D20260716.01
HSI,HK,index,2026-06-08,24582.91,24837.98,24458.54,24657.06,24961.95,380670.0,36397470.97125,-0.012214189997175717,-0.012214189997175717,-0.012289396232059385,PASS,2026-07-16T20:25:16Z,D20260716.01
HSI,HK,index,2026-06-09,24551.93,24740.65,24486.39,24565.9,24657.06,335900.0,30891605.139532,-0.003697115552300234,-0.003697115552300234,-0.0037039667757264496,PASS,2026-07-16T20:25:16Z,D20260716.01
HSI,HK,index,2026-06-10,24442.52,24505.96,24207.03,24407.96,24565.9,394230.0,32055387.672599,-0.0064292372760615946,-0.0064292372760615946,-0.006449993835765152,PASS,2026-07-16T20:25:16Z,D20260716.01
HSI,HK,index,2026-06-11,24380.02,24492.71,23999.67,24249.29,24407.96,342080.0,28857374.423646,-0.006500748116597954,-0.006500748116597954,-0.006521970001719589,PASS,2026-07-16T20:25:16Z,D20260716.01
HSI,HK,index,2026-06-12,24501.5,24771.61,24445.51,24718.1,24249.29,375190.0,31643830.828132,0.019332937170531528,0.019332937170531528,0.01914843018976271,PASS,2026-07-16T20:25:16Z,D20260716.01
HSI,HK,index,2026-06-15,25001.42,25047.9,24796.3,24842.67,24718.1,363620.0,28335340.969964,0.005039626832159527,0.005039626832159527,0.00502697041745035,PASS,2026-07-16T20:25:16Z,D20260716.01
HSI,HK,index,2026-06-16,24826.19,24844.98,24378.69,24493.95,24842.67,314520.0,24988495.766775,-0.014037138520134773,-0.014037138520134773,-0.01413659093079895,PASS,2026-07-16T20:25:16Z,D20260716.01
HSI,HK,index,2026-06-17,24495.85,24560.19,24254.07,24312.16,24493.95,305500.0,27041205.825731,-0.0074218327382884475,-0.0074218327382884475,-0.007449511575726928,PASS,2026-07-16T20:25:16Z,D20260716.01
HSI,HK,index,2026-06-18,24145.19,24163.25,23749.99,23924.81,24312.16,483530.0,35871454.161026,-0.015932356483340016,-0.015932356483340016,-0.01606064088136382,PASS,2026-07-16T20:25:16Z,D20260716.01
HSI,HK,index,2026-06-22,23811.76,23863.71,23444.86,23768.52,23924.81,405030.0,34861649.242848,-0.006532549265804044,-0.006532549265804044,-0.006553979747194348,PASS,2026-07-16T20:25:16Z,D20260716.01
HSI,HK,index,2026-06-23,23800.02,23825.81,23252.13,23336.28,23768.52,368920.0,33436121.736623,-0.0181853981653044,-0.0181853981653044,-0.018352784954320932,PASS,2026-07-16T20:25:16Z,D20260716.01
HSI,HK,index,2026-06-24,23420.7,23565.65,23248.87,23412.18,23336.28,346010.0,32291815.591623,0.003252446405339837,0.003252446405339837,0.0032471686421948966,PASS,2026-07-16T20:25:16Z,D20260716.01
HSI,HK,index,2026-06-25,23388.5,23388.5,22978.59,23076.91,23412.18,426570.0,32578469.082164,-0.014320323865611884,-0.014320323865611884,-0.01442384923652315,PASS,2026-07-16T20:25:16Z,D20260716.01
HSI,HK,index,2026-06-26,22952.09,22962.46,22518.0,22671.86,23076.91,419450.0,34210075.586757,-0.017552176612900094,-0.017552176612900094,-0.0177080426162209,PASS,2026-07-16T20:25:16Z,D20260716.01
HSI,HK,index,2026-06-29,22827.65,23183.17,22783.64,23026.68,22671.86,345760.0,31537860.647576,0.01565023778375485,0.01565023778375485,0.015529035737379912,PASS,2026-07-16T20:25:16Z,D20260716.01
HSI,HK,index,2026-06-30,23007.87,23086.85,22685.14,22881.02,23026.68,449470.0,30804956.523974,-0.006325705659695591,-0.006325705659695591,-0.0063457977114958885,PASS,2026-07-16T20:25:16Z,D20260716.01
HSI,HK,index,2026-07-02,23071.43,23335.92,22953.7,23055.03,22881.02,414450.0,36963302.235156,0.007604993134047167,0.007604993134047167,0.00757622095649626,PASS,2026-07-16T20:25:16Z,D20260716.01
HSI,HK,index,2026-07-03,23240.85,23516.7,23226.2,23350.03,23055.03,339460.0,30495384.27861,0.012795472397997276,0.012795472397997276,0.012714302016658173,PASS,2026-07-16T20:25:16Z,D20260716.01
HSI,HK,index,2026-07-06,23404.61,23686.56,23229.38,23616.32,23350.03,339690.0,31471741.251275,0.011404268003081919,0.011404268003081919,0.011339729551106369,PASS,2026-07-16T20:25:16Z,D20260716.01
HSI,HK,index,2026-07-07,23568.49,23820.92,23398.27,23496.89,23616.32,369300.0,31971106.423845,-0.005057096109808867,-0.005057096109808867,-0.005069926494946579,PASS,2026-07-16T20:25:16Z,D20260716.01
HSI,HK,index,2026-07-08,23541.22,24310.92,23541.22,24199.46,23496.89,444770.0,37583505.687489,0.029900552796561675,0.029900552796561675,0.029462246897277344,PASS,2026-07-16T20:25:16Z,D20260716.01
HSI,HK,index,2026-07-09,24181.34,24353.76,23917.32,24030.18,24199.46,366620.0,37724754.024956,-0.006995197413495968,-0.006995197413495968,-0.007019778507064808,PASS,2026-07-16T20:25:16Z,D20260716.01
HSI,HK,index,2026-07-10,24213.44,24499.63,24064.62,24175.12,24030.18,334080.0,33959238.828172,0.006031581952361531,0.006031581952361531,0.006013464775595636,PASS,2026-07-16T20:25:16Z,D20260716.01
HSI,HK,index,2026-07-13,24157.65,24449.77,24095.73,24213.72,24175.12,299130.0,30951461.275206,0.0015966828706539538,0.0015966828706539538,0.0015954095277955268,PASS,2026-07-16T20:25:16Z,D20260716.01
HSI,HK,index,2026-07-14,24181.52,24436.58,23902.05,24340.73,24213.72,357140.0,31291554.177263,0.0052453732842372425,0.0052453732842372425,0.005231664232291721,PASS,2026-07-16T20:25:16Z,D20260716.01
HSI,HK,index,2026-07-15,24551.34,24774.84,24449.53,24681.1,24340.73,324690.0,30429716.76033,0.013983557600778518,0.013983557600778518,0.013886689653673047,PASS,2026-07-16T20:25:16Z,D20260716.01
HSI,HK,index,2026-07-16,24825.02,25221.44,24825.02,25008.6,24681.1,0.0,32289241.770493,0.01326926271519513,0.01326926271519513,0.013181997167383691,PASS,2026-07-16T20:25:16Z,D20260716.01
