ts_code,trade_date,open,high,low,close,pre_close,change,pct_chg,vol,amount
02057.HK,20200929,244.0,245.2,236.4,238.0,218.0,20.0,9.17,4253374.0,1010196218.25
02057.HK,20200930,228.0,228.0,220.0,224.2,238.0,-13.8,-5.8,793798.0,177979536.4
02057.HK,20201005,224.2,236.0,219.2,223.0,224.2,-1.2,-0.54,146646.0,32656665.8
02057.HK,20201006,224.0,227.0,222.0,224.0,223.0,1.0,0.45,410932.0,92234005.85
02057.HK,20201007,224.0,227.2,221.0,226.0,224.0,2.0,0.89,471444.0,105672582.4
02057.HK,20201008,225.6,225.6,221.8,223.8,226.0,-2.2,-0.97,111867.0,24975438.0
02057.HK,20201009,224.6,225.8,221.6,222.8,223.8,-1.0,-0.45,88524.0,19733730.4
02057.HK,20201012,227.8,238.0,227.8,235.0,222.8,12.2,5.48,654256.0,152905913.0
02057.HK,20201014,234.0,235.0,229.0,232.0,235.0,-3.0,-1.28,173100.0,40095140.0
02057.HK,20201015,228.0,230.2,224.2,225.2,232.0,-6.8,-2.93,379196.0,86154666.0
02057.HK,20201016,220.0,225.6,220.0,223.6,225.2,-1.6,-0.71,251500.0,56236148.35
02057.HK,20201019,223.2,227.8,223.2,225.0,223.6,1.4,0.63,104956.0,23740997.8
02057.HK,20201020,224.6,226.4,222.8,223.2,225.0,-1.8,-0.8,97600.0,21901990.0
02057.HK,20201021,228.4,237.0,228.4,235.8,223.2,12.6,5.65,303750.0,71144450.0
02057.HK,20201022,237.0,239.0,233.4,237.4,235.8,1.6,0.68,211900.0,50058683.06
02057.HK,20201023,237.4,238.2,236.8,237.8,237.4,0.4,0.17,3661950.0,855299423.2
02057.HK,20201027,237.6,237.6,229.0,233.0,237.8,-4.8,-2.02,88725.0,20664520.0
02057.HK,20201028,232.8,232.8,228.0,228.6,233.0,-4.4,-1.89,69773.0,16032359.4
02057.HK,20201029,226.0,238.0,226.0,231.8,228.6,3.2,1.4,250050.0,57719410.0
02057.HK,20201030,231.6,232.2,228.6,229.2,231.8,-2.6,-1.12,46950.0,10797390.0
02057.HK,20201102,229.2,229.2,224.0,227.8,229.2,-1.4,-0.61,92906.0,20946241.0
02057.HK,20201103,224.4,230.6,224.4,228.0,227.8,0.2,0.09,133550.0,30510242.5
02057.HK,20201104,226.8,229.0,225.4,228.0,228.0,0.0,0.0,104950.0,23827530.0
02057.HK,20201105,232.4,238.2,232.0,238.0,228.0,10.0,4.39,367250.0,86558380.0
02057.HK,20201106,239.0,246.8,238.0,242.2,238.0,4.2,1.76,281930.0,68736598.68
02057.HK,20201109,243.6,248.8,243.6,245.0,242.2,2.8,1.16,197558.0,48820608.6
02057.HK,20201110,244.0,244.8,235.6,237.0,245.0,-8.0,-3.27,222650.0,52910646.55
02057.HK,20201111,237.0,237.0,228.4,230.0,237.0,-7.0,-2.95,73150.0,16880980.0
02057.HK,20201112,231.2,233.2,227.4,228.6,230.0,-1.4,-0.61,69950.0,16066400.0
02057.HK,20201113,235.2,239.6,234.6,236.2,228.6,7.6,3.32,160950.0,38258660.0
02057.HK,20201116,249.0,259.8,245.0,252.6,236.2,16.4,6.94,346350.0,87484380.0
02057.HK,20201117,253.8,264.0,253.8,259.8,252.6,7.2,2.85,792952.0,204719925.2
02057.HK,20201118,255.8,259.0,253.2,257.0,259.8,-2.8,-1.08,268050.0,68973011.75
02057.HK,20201119,244.0,249.4,235.2,245.8,257.0,-11.2,-4.36,615255.0,151536164.0
02057.HK,20201120,242.2,242.2,232.4,235.0,245.8,-10.8,-4.39,536400.0,126636227.49
02057.HK,20201123,233.0,235.6,230.8,233.2,235.0,-1.8,-0.77,326850.0,76139575.0
02057.HK,20201124,233.0,233.0,228.0,228.4,233.2,-4.8,-2.06,374409.0,86015580.7
02057.HK,20201125,229.2,233.8,228.0,230.0,228.4,1.6,0.7,263300.0,60727050.0
02057.HK,20201126,230.0,230.0,228.0,228.6,230.0,-1.4,-0.61,49619.0,11345062.2
02057.HK,20201127,228.6,231.0,228.2,228.6,228.6,0.0,0.0,39400.0,9039100.0
02057.HK,20201130,228.6,228.6,222.6,222.6,228.6,-6.0,-2.62,100136.0,22552254.4
02057.HK,20201201,222.2,222.6,217.8,219.6,222.6,-3.0,-1.35,221250.0,48611860.0
02057.HK,20201202,220.2,222.4,218.8,221.2,219.6,1.6,0.73,213300.0,47038220.0
02057.HK,20201203,222.6,226.4,222.0,225.2,221.2,4.0,1.81,132100.0,29569930.0
02057.HK,20201204,225.2,227.0,221.2,222.0,225.2,-3.2,-1.42,48700.0,10852610.0
02057.HK,20201207,221.0,221.4,216.4,219.2,222.0,-2.8,-1.26,93200.0,20327830.0
02057.HK,20201208,218.0,219.0,216.2,217.8,219.2,-1.4,-0.64,44700.0,9711490.0
02057.HK,20201209,217.0,219.2,216.0,218.0,217.8,0.2,0.09,54000.0,11784790.0
02057.HK,20201210,218.0,219.8,216.2,217.0,218.0,-1.0,-0.46,152850.0,33357990.0
02057.HK,20201211,217.0,219.8,217.0,218.2,217.0,1.2,0.55,100300.0,21890570.0
02057.HK,20201214,220.0,220.0,214.0,215.4,218.2,-2.8,-1.28,217900.0,47035660.0
02057.HK,20201215,213.4,213.4,205.8,209.2,215.4,-6.2,-2.88,297500.0,61825520.0
02057.HK,20201216,209.2,209.2,206.2,207.2,209.2,-2.0,-0.96,74000.0,15329930.0
02057.HK,20201217,211.8,219.8,211.2,216.0,207.2,8.8,4.25,204850.0,44006960.0
02057.HK,20201218,217.2,218.4,214.0,215.8,216.0,-0.2,-0.09,140389.0,30407846.1
02057.HK,20201221,215.8,220.0,215.8,217.0,215.8,1.2,0.56,71150.0,15551260.0
02057.HK,20201222,217.0,219.0,217.0,218.0,217.0,1.0,0.46,50800.0,11078150.0
02057.HK,20201223,218.6,220.0,217.6,218.2,218.0,0.2,0.09,100600.0,21977057.51
02057.HK,20201224,218.4,219.4,214.4,214.8,218.2,-3.4,-1.56,181650.0,39216120.0
02057.HK,20201228,214.8,218.6,210.2,214.0,214.8,-0.8,-0.37,317600.0,68184070.0
02057.HK,20201229,214.0,216.8,211.2,213.0,214.0,-1.0,-0.47,415900.0,89063710.0
02057.HK,20201230,216.4,221.0,215.0,218.2,213.0,5.2,2.44,289126.0,63028786.0
02057.HK,20201231,222.4,228.4,222.4,226.0,218.2,7.8,3.57,113100.0,25542980.0
02057.HK,20210104,226.0,228.4,222.8,227.0,226.0,1.0,0.44,133915.0,30223389.0
02057.HK,20210105,224.0,224.0,218.2,221.0,227.0,-6.0,-2.64,258650.0,57182470.0
02057.HK,20210106,221.0,225.0,219.6,224.0,221.0,3.0,1.36,87751.0,19601892.2
02057.HK,20210107,226.8,226.8,218.2,221.0,224.0,-3.0,-1.34,240350.0,52986610.0
02057.HK,20210108,221.0,221.2,217.0,220.0,221.0,-1.0,-0.45,56320.0,12365976.0
02057.HK,20210111,220.0,221.6,217.8,220.4,220.0,0.4,0.18,215850.0,47422860.0
02057.HK,20210112,221.2,225.0,220.8,223.2,220.4,2.8,1.27,268950.0,59785007.08
02057.HK,20210113,233.8,238.2,233.0,235.0,223.2,11.8,5.29,284190.0,66757783.25
02057.HK,20210114,234.6,234.6,230.2,231.8,235.0,-3.2,-1.36,143400.0,33368640.0
02057.HK,20210115,230.0,233.6,229.4,233.4,231.8,1.6,0.69,144856.0,33692768.4
02057.HK,20210118,229.0,230.8,228.0,229.2,233.4,-4.2,-1.8,72150.0,16537475.0
02057.HK,20210119,230.0,232.8,229.6,230.6,229.2,1.4,0.61,111350.0,25682195.0
02057.HK,20210120,233.0,235.2,231.4,233.8,230.6,3.2,1.39,173900.0,40650295.0
02057.HK,20210121,240.0,244.2,238.8,243.6,233.8,9.8,4.19,367500.0,89144310.0
02057.HK,20210122,248.0,256.8,248.0,254.6,243.6,11.0,4.52,468900.0,119172995.0
02057.HK,20210125,255.6,267.4,255.0,264.4,254.6,9.8,3.85,392600.0,103278245.0
02057.HK,20210126,269.2,269.2,263.0,265.4,264.4,1.0,0.38,346130.0,91556140.0
02057.HK,20210127,268.0,278.8,266.0,269.8,265.4,4.4,1.66,406952.0,110868639.5
02057.HK,20210128,267.0,272.8,264.2,266.2,269.8,-3.6,-1.33,199900.0,53650209.5
02057.HK,20210129,260.0,260.0,249.8,250.0,266.2,-16.2,-6.09,612100.0,154935935.0
02057.HK,20210201,255.0,263.2,255.0,260.8,250.0,10.8,4.32,179100.0,46645790.0
02057.HK,20210202,262.0,270.0,262.0,263.2,260.8,2.4,0.92,176550.0,46815040.0
02057.HK,20210203,270.2,275.0,269.2,274.2,263.2,11.0,4.18,186800.0,50892670.0
02057.HK,20210204,271.0,275.0,268.0,271.0,274.2,-3.2,-1.17,365450.0,98801600.0
02057.HK,20210205,269.0,269.0,263.8,264.0,271.0,-7.0,-2.58,163400.0,43272190.0
02057.HK,20210208,276.8,277.0,267.4,276.6,264.0,12.6,4.77,246612.0,67787328.0
02057.HK,20210209,278.0,284.8,277.0,282.4,276.6,5.8,2.1,205550.0,57671004.35
02057.HK,20210210,284.0,287.8,282.4,287.8,282.4,5.4,1.91,77350.0,22049710.0
02057.HK,20210211,287.8,288.0,283.0,287.8,287.8,0.0,0.0,44650.0,12733430.0
02057.HK,20210216,292.8,299.0,292.8,297.6,287.8,9.8,3.41,170730.0,50523555.77
02057.HK,20210217,298.4,298.4,286.0,290.6,297.6,-7.0,-2.35,98685.0,28524036.0
02057.HK,20210218,290.0,290.0,280.2,280.8,290.6,-9.8,-3.37,296600.0,83828470.0
02057.HK,20210219,285.0,286.2,280.2,283.8,280.8,3.0,1.07,139506.0,39466720.4
02057.HK,20210222,284.2,284.2,265.2,271.0,283.8,-12.8,-4.51,425847.0,116988924.2
02057.HK,20210223,275.0,280.0,275.0,279.4,271.0,8.4,3.1,218382.0,60930735.92
02057.HK,20210224,284.2,284.2,264.2,266.4,279.4,-13.0,-4.65,152100.0,40690325.0
02057.HK,20210225,273.2,273.2,266.2,267.2,266.4,0.8,0.3,37150.0,9934840.0
02057.HK,20210226,258.2,262.8,256.0,259.0,267.2,-8.2,-3.07,120750.0,31221465.0
02057.HK,20210301,261.0,264.0,260.4,262.2,259.0,3.2,1.24,87550.0,23023141.25
02057.HK,20210302,271.0,275.8,268.0,272.0,262.2,9.8,3.74,111000.0,30033360.0
02057.HK,20210303,270.0,273.0,268.4,269.6,272.0,-2.4,-0.88,155550.0,41963014.95
02057.HK,20210304,267.8,268.4,265.2,268.0,269.6,-1.6,-0.59,64050.0,17093666.25
02057.HK,20210305,260.6,270.4,259.0,267.0,,,,307488.0,82171570.0
02057.HK,20210308,273.0,273.0,230.0,262.8,267.0,-4.2,-1.57,231300.0,60829680.0
02057.HK,20210309,252.6,252.6,242.2,246.2,262.8,-16.6,-6.32,150100.0,37067910.0
02057.HK,20210310,253.0,253.0,241.0,244.2,246.2,-2.0,-0.81,258893.0,63154211.8
02057.HK,20210311,247.0,254.0,245.6,247.4,244.2,3.2,1.31,124600.0,30971730.0
02057.HK,20210312,251.0,256.2,251.0,252.2,247.4,4.8,1.94,94850.0,24061170.0
02057.HK,20210315,256.4,256.4,247.2,252.6,252.2,0.4,0.16,134700.0,33895610.0
02057.HK,20210316,253.2,258.0,248.4,251.0,252.6,-1.6,-0.63,147300.0,36902195.0
02057.HK,20210317,250.4,254.0,247.0,252.6,251.0,1.6,0.64,100650.0,25337720.0
02057.HK,20210318,252.0,252.0,234.2,236.0,252.6,-16.6,-6.57,446750.0,106608335.7
02057.HK,20210319,233.0,233.0,223.8,223.8,236.0,-12.2,-5.17,771984.0,175880737.4
02057.HK,20210322,224.0,225.4,220.4,222.4,223.8,-1.4,-0.63,425750.0,95054975.0
02057.HK,20210323,218.8,218.8,202.0,210.0,222.4,-12.4,-5.58,639650.0,133847120.0
02057.HK,20210324,215.0,218.8,213.2,216.0,210.0,6.0,2.86,641775.0,138384587.15
02057.HK,20210325,216.6,216.6,210.2,213.8,216.0,-2.2,-1.02,257250.0,55134657.25
02057.HK,20210326,220.0,226.4,220.0,222.6,213.8,8.8,4.12,263255.0,58824617.0
02057.HK,20210329,222.4,222.4,218.0,218.2,222.6,-4.4,-1.98,188650.0,41382053.75
02057.HK,20210330,219.4,219.6,216.0,217.2,218.2,-1.0,-0.46,75450.0,16430380.0
02057.HK,20210331,218.0,219.0,217.0,217.0,217.2,-0.2,-0.09,154400.0,33623520.0
02057.HK,20210401,220.4,227.2,220.4,225.8,217.0,8.8,4.06,258497.0,57977661.0
02057.HK,20210407,228.4,230.0,223.6,225.0,223.85,1.15,0.51,234850.0,52713131.62
02057.HK,20210408,225.0,225.0,220.8,220.8,225.0,-4.2,-1.87,43500.0,9694530.0
02057.HK,20210409,220.0,220.0,216.8,217.0,220.8,-3.8,-1.72,89400.0,19457540.0
02057.HK,20210412,217.2,220.8,215.0,217.6,217.0,0.6,0.28,354200.0,76758316.72
02057.HK,20210413,218.8,223.8,218.4,221.0,217.6,3.4,1.56,211650.0,46660710.0
02057.HK,20210414,225.4,234.8,225.4,234.4,221.0,13.4,6.06,342400.0,79417685.0
02057.HK,20210415,233.0,233.0,225.6,230.2,234.4,-4.2,-1.79,204100.0,46553616.0
02057.HK,20210416,226.2,226.4,222.2,223.8,230.2,-6.4,-2.78,80090.0,17983268.0
02057.HK,20210419,225.4,231.8,225.4,228.6,223.8,4.8,2.14,60600.0,13845470.0
02057.HK,20210420,228.8,235.2,228.8,233.6,228.6,5.0,2.19,80750.0,18848030.0
02057.HK,20210421,231.4,233.6,230.0,233.0,233.6,-0.6,-0.26,65250.0,15140830.0
02057.HK,20210422,230.0,230.0,227.2,228.0,233.0,-5.0,-2.15,59250.0,13526175.0
02057.HK,20210423,250.0,250.0,238.0,244.4,228.0,16.4,7.19,258400.0,62907685.0
02057.HK,20210426,250.0,279.0,248.4,252.4,244.4,8.0,3.27,302800.0,76744710.0
02057.HK,20210427,256.8,256.8,249.4,249.4,252.4,-3.0,-1.19,62200.0,15579900.0
02057.HK,20210428,248.0,250.0,244.8,248.4,249.4,-1.0,-0.4,43617.0,10811025.0
02057.HK,20210429,249.0,252.0,249.0,249.8,248.4,1.4,0.56,135400.0,33882445.0
02057.HK,20210430,245.8,249.4,245.8,247.0,249.8,-2.8,-1.12,62200.0,15452070.0
02057.HK,20210503,251.8,251.8,247.2,250.8,247.0,3.8,1.54,31270.0,7816650.0
02057.HK,20210504,252.0,269.0,252.0,255.8,250.8,5.0,1.99,268900.0,68573000.0
02057.HK,20210505,251.0,255.6,250.6,251.8,255.8,-4.0,-1.56,60700.0,15294335.6
02057.HK,20210506,254.0,254.0,246.8,248.8,251.8,-3.0,-1.19,55250.0,13758380.0
02057.HK,20210507,242.6,250.0,240.8,243.2,248.8,-5.6,-2.25,143100.0,35108418.8
02057.HK,20210510,245.4,249.2,244.0,244.6,243.2,1.4,0.58,93650.0,22993075.0
02057.HK,20210511,239.4,242.0,237.8,238.6,244.6,-6.0,-2.45,258210.0,61728736.0
02057.HK,20210512,240.0,242.8,239.2,240.0,238.6,1.4,0.59,106550.0,25668847.15
02057.HK,20210513,230.0,234.8,229.0,233.0,240.0,-7.0,-2.92,232850.0,53943220.0
02057.HK,20210514,233.0,240.0,226.8,234.0,233.0,1.0,0.43,156250.0,36228958.55
02057.HK,20210517,238.4,243.6,237.2,242.4,234.0,8.4,3.59,147950.0,35841205.0
02057.HK,20210518,240.0,241.0,238.8,239.8,242.4,-2.6,-1.07,42700.0,10250780.0
02057.HK,20210520,255.0,255.0,247.2,250.6,239.8,10.8,4.5,202300.0,50655775.0
02057.HK,20210521,252.0,254.0,250.0,252.2,250.6,1.6,0.64,86700.0,21881415.0
02057.HK,20210524,250.0,250.0,246.8,249.0,252.2,-3.2,-1.27,18712.0,4642132.0
02057.HK,20210525,245.6,247.8,245.0,247.6,249.0,-1.4,-0.56,29100.0,7174010.0
02057.HK,20210526,247.6,251.0,247.6,249.0,247.6,1.4,0.57,84850.0,21110380.0
02057.HK,20210527,254.2,254.2,245.6,246.0,249.0,-3.0,-1.2,80493.0,19851655.0
02057.HK,20210528,245.0,249.6,240.8,241.6,246.0,-4.4,-1.79,89955.0,21960841.0
02057.HK,20210531,251.0,251.0,241.0,248.6,241.6,7.0,2.9,34400.0,8480550.0
02057.HK,20210601,249.0,251.4,247.2,247.6,248.6,-1.0,-0.4,100800.0,25053643.55
02057.HK,20210602,247.6,248.0,246.0,246.2,247.6,-1.4,-0.57,81900.0,20239260.0
02057.HK,20210603,250.0,251.2,248.2,250.2,246.2,4.0,1.62,199950.0,50113210.0
02057.HK,20210604,246.8,248.8,243.8,246.8,250.2,-3.4,-1.36,77500.0,19205140.0
02057.HK,20210607,246.6,247.2,243.0,246.2,246.8,-0.6,-0.24,60450.0,14867165.0
02057.HK,20210608,245.4,246.4,242.8,243.4,246.2,-2.8,-1.14,63950.0,15602940.0
02057.HK,20210609,248.8,250.0,245.8,250.0,243.4,6.6,2.71,50120.0,12418033.1
02057.HK,20210610,251.0,251.0,247.0,248.0,250.0,-2.0,-0.8,113250.0,28112240.0
02057.HK,20210611,247.0,247.4,246.2,247.0,248.0,-1.0,-0.4,105600.0,26084020.0
02057.HK,20210615,243.8,245.8,242.2,243.2,247.0,-3.8,-1.54,11100.0,2697100.0
02057.HK,20210616,243.2,243.2,237.4,238.8,243.2,-4.4,-1.81,50650.0,12144680.0
02057.HK,20210617,238.8,238.8,232.2,235.0,238.8,-3.8,-1.59,93950.0,22007280.0
02057.HK,20210618,232.2,234.2,230.0,230.0,235.0,-5.0,-2.13,322170.0,74328514.0
02057.HK,20210621,225.0,227.2,218.8,226.0,230.0,-4.0,-1.74,213250.0,48022819.77
02057.HK,20210622,227.6,232.0,226.4,227.4,226.0,1.4,0.62,183400.0,41862430.0
02057.HK,20210623,229.2,232.4,228.8,229.8,227.4,2.4,1.06,101450.0,23413590.0
02057.HK,20210624,230.8,231.6,230.4,230.8,229.8,1.0,0.44,53350.0,12313460.0
02057.HK,20210625,230.8,238.8,230.8,235.4,230.8,4.6,1.99,52850.0,12405585.0
02057.HK,20210628,236.2,238.2,233.6,236.4,235.4,1.0,0.42,24950.0,5904980.0
02057.HK,20210629,236.4,236.4,230.2,232.0,236.4,-4.4,-1.86,95200.0,22048990.0
02057.HK,20210630,234.6,235.8,232.4,234.0,232.0,2.0,0.86,88700.0,20762070.0
02057.HK,20210702,232.8,233.8,228.8,231.2,234.0,-2.8,-1.2,65948.0,15215130.4
02057.HK,20210705,227.0,227.8,222.0,223.8,231.2,-7.4,-3.2,145200.0,32494245.0
02057.HK,20210706,224.0,225.0,221.4,224.8,223.8,1.0,0.45,63100.0,14129110.0
02057.HK,20210707,224.0,227.6,222.6,224.0,224.8,-0.8,-0.36,55150.0,12392160.0
02057.HK,20210708,223.6,223.6,218.4,220.4,224.0,-3.6,-1.61,81350.0,17882314.05
02057.HK,20210709,223.2,223.8,218.4,222.0,220.4,1.6,0.73,55400.0,12288600.0
02057.HK,20210712,223.0,227.8,222.4,222.4,222.0,0.4,0.18,183000.0,40987957.35
02057.HK,20210713,221.8,228.0,221.8,227.0,222.4,4.6,2.07,76150.0,17300175.0
02057.HK,20210714,231.2,232.0,225.8,229.4,227.0,2.4,1.06,39950.0,9189981.35
02057.HK,20210715,228.2,230.2,225.2,227.4,229.4,-2.0,-0.87,23200.0,5294968.4
02057.HK,20210716,226.4,229.4,225.8,227.8,227.4,0.4,0.18,49600.0,11317609.85
02057.HK,20210719,227.4,227.4,223.2,224.0,227.8,-3.8,-1.67,32200.0,7224573.1
02057.HK,20210720,222.0,222.2,219.0,220.2,224.0,-3.8,-1.7,39250.0,8644687.5
02057.HK,20210721,221.6,224.8,221.6,221.6,220.2,1.4,0.64,19700.0,4394870.0
02057.HK,20210722,222.0,226.8,222.0,224.8,221.6,3.2,1.44,27200.0,6125520.0
02057.HK,20210723,223.8,226.6,223.0,225.0,224.8,0.2,0.09,77950.0,17563190.0
02057.HK,20210726,222.2,222.2,210.2,215.2,225.0,-9.8,-4.36,399750.0,86403510.65
02057.HK,20210727,215.2,215.2,199.0,200.0,215.2,-15.2,-7.06,93900.0,19199060.65
02057.HK,20210728,201.2,209.8,193.9,196.4,200.0,-3.6,-1.8,282800.0,55756755.0
02057.HK,20210729,212.6,218.8,210.4,215.8,196.4,19.4,9.88,171200.0,36796350.0
02057.HK,20210730,215.6,215.6,204.8,209.2,215.8,-6.6,-3.06,91250.0,18950920.0
02057.HK,20210802,207.0,212.4,207.0,210.8,209.2,1.6,0.76,25100.0,5285150.0
02057.HK,20210803,211.0,213.0,209.2,213.0,210.8,2.2,1.04,32950.0,6949190.0
02057.HK,20210804,214.0,213.8,208.4,212.0,213.0,-1.0,-0.47,106150.0,22267310.0
02057.HK,20210805,212.0,217.6,211.0,211.2,212.0,-0.8,-0.38,38400.0,8157620.0
02057.HK,20210806,212.0,214.2,207.6,212.2,211.2,1.0,0.47,80550.0,17081850.0
02057.HK,20210809,214.0,220.0,214.0,216.8,212.2,4.6,2.17,25100.0,5441530.0
02057.HK,20210810,217.2,222.0,216.8,218.6,216.8,1.8,0.83,36300.0,7945090.0
02057.HK,20210811,218.6,219.8,214.0,218.0,218.6,-0.6,-0.27,42150.0,9130260.0
02057.HK,20210812,218.0,218.2,213.4,216.6,218.0,-1.4,-0.64,7000.0,1503190.0
02057.HK,20210813,211.8,217.8,210.0,211.6,216.6,-5.0,-2.31,44733.0,9509185.4
02057.HK,20210816,210.2,212.2,206.6,212.2,211.6,0.6,0.28,28600.0,5966820.0
02057.HK,20210817,205.2,207.0,200.0,203.6,212.2,-8.6,-4.05,41689.0,8436742.2
02057.HK,20210818,200.4,207.2,196.4,205.0,203.6,1.4,0.69,16200.0,3299630.0
02057.HK,20210819,198.8,204.8,198.3,201.4,205.0,-3.6,-1.76,22050.0,4414370.0
02057.HK,20210820,206.0,206.0,190.0,193.2,201.4,-8.2,-4.07,64800.0,12666050.0
02057.HK,20210823,204.0,208.6,198.2,199.9,193.2,6.7,3.47,133250.0,27308409.6
02057.HK,20210824,199.9,204.6,199.9,204.0,199.9,4.1,2.05,82600.0,16837040.0
02057.HK,20210825,200.4,208.0,200.4,204.2,204.0,0.2,0.1,119450.0,24467320.0
02057.HK,20210826,204.8,206.0,202.0,202.6,204.2,-1.6,-0.78,70760.0,14492628.0
02057.HK,20210827,202.0,208.0,202.0,204.2,202.6,1.6,0.79,52350.0,10725115.0
02057.HK,20210830,207.0,223.0,207.0,219.0,204.2,14.8,7.25,432600.0,94496104.85
02057.HK,20210831,219.8,223.0,211.0,217.4,219.0,-1.6,-0.73,77300.0,16827280.0
02057.HK,20210901,218.6,222.8,215.6,221.0,217.4,3.6,1.66,115650.0,25417520.0
02057.HK,20210902,228.0,230.0,222.0,230.0,221.0,9.0,4.07,216100.0,49022610.0
02057.HK,20210903,230.2,238.6,230.2,238.0,230.0,8.0,3.48,134800.0,31927530.0
02057.HK,20210906,238.4,245.0,238.4,240.6,238.0,2.6,1.09,35900.0,8643850.0
02057.HK,20210907,240.6,244.2,239.8,244.0,240.6,3.4,1.41,69000.0,16707992.05
02057.HK,20210908,244.0,245.0,230.0,241.6,244.0,-2.4,-0.98,41007.0,9905198.6
02057.HK,20210909,236.0,245.0,234.2,242.0,241.6,0.4,0.17,143000.0,34580610.0
02057.HK,20210910,242.0,244.0,239.4,242.0,242.0,0.0,0.0,79450.0,19224164.25
02057.HK,20210913,240.8,242.0,238.0,242.0,242.0,0.0,0.0,24078.0,5788440.0
02057.HK,20210914,240.0,240.2,235.0,237.6,242.0,-4.4,-1.82,20800.0,4946230.0
02057.HK,20210915,237.2,237.4,233.4,235.2,237.6,-2.4,-1.01,29900.0,7026680.0
02057.HK,20210916,235.8,235.8,228.4,228.6,235.2,-6.6,-2.81,96700.0,22252050.0
02057.HK,20210917,237.0,242.0,236.6,239.0,228.6,10.4,4.55,28400.0,6784800.0
02057.HK,20210920,239.8,239.8,231.0,237.0,239.0,-2.0,-0.84,20750.0,4861690.0
02057.HK,20210921,231.4,239.8,231.4,236.8,237.0,-0.2,-0.08,35500.0,8396740.0
02057.HK,20210923,241.0,248.0,237.0,241.0,236.8,4.2,1.77,116669.0,27999551.6
02057.HK,20210924,242.0,250.0,241.4,247.4,241.0,6.4,2.66,161850.0,39954310.55
02057.HK,20210927,247.4,252.0,247.4,248.4,247.4,1.0,0.4,61090.0,15244657.1
02057.HK,20210928,249.0,249.0,235.0,246.2,248.4,-2.2,-0.89,17550.0,4304410.0
02057.HK,20210929,246.6,246.6,237.0,240.0,246.2,-6.2,-2.52,63550.0,15277250.0
02057.HK,20210930,245.8,245.8,232.8,242.0,240.0,2.0,0.83,21400.0,5177765.0
02057.HK,20211004,242.0,243.0,230.8,234.0,242.0,-8.0,-3.31,20350.0,4757760.0
02057.HK,20211005,235.0,235.0,227.8,231.4,234.0,-2.6,-1.11,27150.0,6250800.0
02057.HK,20211006,234.8,235.0,232.2,232.8,231.4,1.4,0.61,16200.0,3783729.0
02057.HK,20211007,233.6,244.2,233.6,244.0,232.8,11.2,4.81,63300.0,15332170.0
02057.HK,20211008,244.0,247.0,243.0,244.0,244.0,0.0,0.0,74000.0,18095950.0
02057.HK,20211011,244.2,251.0,245.0,251.0,244.0,7.0,2.87,93750.0,23353400.0
02057.HK,20211012,251.4,253.6,245.6,246.0,251.0,-5.0,-1.99,93300.0,23276430.0
02057.HK,20211015,247.2,254.0,244.2,248.2,246.0,2.2,0.89,83650.0,20682510.0
02057.HK,20211018,246.6,252.0,238.6,240.0,248.2,-8.2,-3.3,85950.0,20679130.0
02057.HK,20211019,241.2,243.6,235.4,241.2,240.0,1.2,0.5,158400.0,37873240.0
02057.HK,20211020,241.6,247.6,241.6,246.0,241.2,4.8,1.99,281800.0,69219140.0
02057.HK,20211021,247.4,248.8,244.0,246.8,246.0,0.8,0.33,230655.0,56978155.0
02057.HK,20211022,248.6,252.2,247.4,250.0,246.8,3.2,1.3,192700.0,48343815.0
02057.HK,20211025,247.4,247.4,239.8,241.2,250.0,-8.8,-3.52,63700.0,15375785.75
02057.HK,20211026,243.0,243.0,238.0,238.2,241.2,-3.0,-1.24,60800.0,14547690.0
02057.HK,20211027,239.0,241.6,236.2,240.2,238.2,2.0,0.84,71860.0,17116534.0
02057.HK,20211028,235.0,239.2,233.2,238.6,240.2,-1.6,-0.67,128550.0,30510090.0
02057.HK,20211029,235.0,236.0,233.6,234.2,238.6,-4.4,-1.84,19000.0,4458890.0
02057.HK,20211101,230.0,232.2,224.4,231.6,234.2,-2.6,-1.11,87950.0,20198470.0
02057.HK,20211102,235.0,235.0,226.8,231.4,231.6,-0.2,-0.09,42450.0,9742130.0
02057.HK,20211103,226.8,231.4,217.2,223.6,231.4,-7.8,-3.37,170450.0,38182060.0
02057.HK,20211104,232.0,235.0,226.8,227.8,223.6,4.2,1.88,52250.0,11920730.0
02057.HK,20211105,219.0,227.6,218.0,221.8,227.8,-6.0,-2.63,111150.0,24698590.0
02057.HK,20211108,225.8,225.8,216.8,220.6,221.8,-1.2,-0.54,18550.0,4051660.0
02057.HK,20211109,220.6,223.0,215.0,217.4,220.6,-3.2,-1.45,84850.0,18461590.0
02057.HK,20211110,218.0,220.6,216.8,219.2,217.4,1.8,0.83,20900.0,4580960.0
02057.HK,20211111,220.0,221.4,217.6,221.2,219.2,2.0,0.91,68000.0,14905660.0
02057.HK,20211112,230.0,231.0,223.8,223.8,221.2,2.6,1.18,49150.0,11064750.0
02057.HK,20211115,223.8,228.0,223.4,225.0,223.8,1.2,0.54,55390.0,12427452.0
02057.HK,20211116,225.0,229.0,224.6,226.8,225.0,1.8,0.8,90206.0,20365660.4
02057.HK,20211117,229.8,229.8,225.2,228.0,226.8,1.2,0.53,21800.0,4952100.0
02057.HK,20211118,227.8,253.8,227.8,240.2,228.0,12.2,5.35,579350.0,142140120.0
02057.HK,20211119,251.0,261.2,246.4,251.2,240.2,11.0,4.58,1057100.0,266909310.0
02057.HK,20211122,259.0,259.0,254.0,259.0,251.2,7.8,3.11,161350.0,41444930.0
02057.HK,20211123,259.0,259.0,252.0,255.2,259.0,-3.8,-1.47,142476.0,36174709.95
02057.HK,20211124,245.0,253.8,240.4,246.4,255.2,-8.8,-3.45,186600.0,45854875.0
02057.HK,20211125,247.8,249.0,245.6,248.0,246.4,1.6,0.65,50200.0,12404480.0
02057.HK,20211126,248.0,248.0,244.0,246.2,248.0,-1.8,-0.73,103050.0,25287200.0
02057.HK,20211129,245.0,248.6,242.0,243.6,246.2,-2.6,-1.06,28100.0,6849350.0
02057.HK,20211130,243.0,245.2,240.2,242.0,243.6,-1.6,-0.66,170700.0,41331435.6
02057.HK,20211201,246.8,252.6,242.6,248.2,242.0,6.2,2.56,81500.0,20152048.15
02057.HK,20211202,247.2,249.4,247.0,248.6,248.2,0.4,0.16,34090.0,8456062.0
02057.HK,20211203,246.2,248.6,243.6,243.8,248.6,-4.8,-1.93,185153.0,45341557.0
02057.HK,20211206,240.2,241.6,229.2,231.8,243.8,-12.0,-4.92,265500.0,62181046.95
02057.HK,20211207,231.0,231.0,223.6,227.0,231.8,-4.8,-2.07,367950.0,83107318.8
02057.HK,20211208,231.2,233.8,227.8,233.4,227.0,6.4,2.82,119650.0,27749815.9
02057.HK,20211209,249.0,249.0,237.0,242.6,233.4,9.2,3.94,311650.0,75620385.0
02057.HK,20211210,244.2,244.2,240.6,242.4,242.6,-0.2,-0.08,51500.0,12483085.0
02057.HK,20211213,244.0,246.8,235.2,240.8,242.4,-1.6,-0.66,106900.0,26036193.65
02057.HK,20211214,240.8,242.0,239.0,240.2,240.8,-0.6,-0.25,78800.0,18925777.25
02057.HK,20211215,235.8,237.0,229.6,230.2,240.2,-10.0,-4.16,52800.0,12294258.95
02057.HK,20211216,229.8,229.8,222.6,227.2,230.2,-3.0,-1.3,186017.0,42060832.7
02057.HK,20211217,222.0,222.0,218.0,219.6,227.2,-7.6,-3.35,139750.0,30953774.17
02057.HK,20211220,217.6,220.4,213.0,216.4,219.6,-3.2,-1.46,216150.0,46839342.15
02057.HK,20211221,211.6,223.4,206.6,214.4,216.4,-2.0,-0.92,109780.0,23422305.0
02057.HK,20211222,222.4,222.8,214.2,216.0,214.4,1.6,0.75,26450.0,5727365.0
02057.HK,20211223,222.0,222.0,214.2,215.4,216.0,-0.6,-0.28,61250.0,13375960.0
02057.HK,20211224,215.4,216.2,213.6,214.4,215.4,-1.0,-0.46,3650.0,786500.0
02057.HK,20211228,214.6,215.0,210.2,211.0,214.4,-3.4,-1.59,32000.0,6783350.0
02057.HK,20211229,212.0,212.0,207.8,209.0,211.0,-2.0,-0.95,39200.0,8187065.0
02057.HK,20211230,209.4,210.0,207.0,208.4,209.0,-0.6,-0.29,45500.0,9473960.0
02057.HK,20211231,220.0,220.0,213.0,216.4,208.4,8.0,3.84,29666.0,6428342.0
02057.HK,20220103,216.4,221.2,216.4,217.2,216.4,0.8,0.37,27800.0,6061755.0
02057.HK,20220104,217.2,219.2,213.0,215.8,217.2,-1.4,-0.64,133500.0,28969360.0
02057.HK,20220105,222.0,222.0,213.0,216.4,215.8,0.6,0.28,48450.0,10493510.0
02057.HK,20220106,214.4,216.6,214.0,215.6,216.4,-0.8,-0.37,122850.0,26498913.5
02057.HK,20220107,220.0,221.6,215.4,215.4,215.6,-0.2,-0.09,168100.0,36455120.0
02057.HK,20220110,216.0,222.0,214.0,219.0,215.4,3.6,1.67,132150.0,28721555.95
02057.HK,20220111,225.0,233.8,225.0,229.8,219.0,10.8,4.93,331850.0,76551835.0
02057.HK,20220112,259.2,259.2,241.0,244.2,229.8,14.4,6.27,288350.0,70656420.0
02057.HK,20220113,246.0,250.0,243.4,245.0,244.2,0.8,0.33,177900.0,43725636.1
02057.HK,20220114,245.0,246.2,244.0,246.0,245.0,1.0,0.41,135350.0,33255750.0
02057.HK,20220117,245.0,245.0,239.0,242.4,246.0,-3.6,-1.46,119250.0,28950255.0
02057.HK,20220118,245.0,245.0,238.6,239.8,242.4,-2.6,-1.07,98150.0,23606048.95
02057.HK,20220119,238.0,238.0,232.6,235.0,239.8,-4.8,-2.0,70150.0,16458970.0
02057.HK,20220120,236.4,239.4,233.2,238.2,235.0,3.2,1.36,142650.0,33725167.8
02057.HK,20220121,237.0,237.0,225.2,230.8,238.2,-7.4,-3.11,78150.0,17964168.25
02057.HK,20220124,225.0,228.8,222.2,225.0,230.8,-5.8,-2.51,65700.0,14724075.0
02057.HK,20220125,224.2,227.0,220.4,223.2,225.0,-1.8,-0.8,73150.0,16297806.95
02057.HK,20220126,241.6,241.6,225.4,229.6,223.2,6.4,2.87,65800.0,15046140.2
02057.HK,20220127,228.6,229.6,220.0,225.2,229.6,-4.4,-1.92,165400.0,36918705.0
02057.HK,20220128,226.8,226.8,215.2,219.8,225.2,-5.4,-2.4,72400.0,15872440.35
02057.HK,20220131,219.8,221.6,218.0,221.0,219.8,1.2,0.55,14658.0,3216987.2
02057.HK,20220204,228.8,230.8,226.0,229.2,221.0,8.2,3.71,50800.0,11644470.0
02057.HK,20220207,228.8,232.6,227.2,229.2,229.2,0.0,0.0,119600.0,27402320.0
02057.HK,20220208,232.8,232.8,225.2,229.2,229.2,0.0,0.0,131050.0,29835909.5
02057.HK,20220209,231.6,238.0,231.6,235.6,229.2,6.4,2.79,102200.0,24068130.0
02057.HK,20220210,238.8,240.4,236.6,238.2,235.6,2.6,1.1,118850.0,28257240.0
02057.HK,20220211,238.2,240.0,233.0,236.2,238.2,-2.0,-0.84,125750.0,29737105.0
02057.HK,20220214,236.2,238.0,234.8,235.2,236.2,-1.0,-0.42,45750.0,10785535.0
02057.HK,20220215,235.2,238.8,229.0,232.6,235.2,-2.6,-1.11,51050.0,11946225.0
02057.HK,20220216,232.8,238.4,232.8,235.6,232.6,3.0,1.29,25700.0,6070520.0
02057.HK,20220217,237.0,239.8,236.0,237.4,235.6,1.8,0.76,32700.0,7763550.0
02057.HK,20220218,237.8,241.8,237.8,240.0,237.4,2.6,1.1,53100.0,12757740.0
02057.HK,20220221,237.0,244.4,234.6,239.4,240.0,-0.6,-0.25,138700.0,33400220.0
02057.HK,20220222,236.8,238.8,230.8,236.2,239.4,-3.2,-1.34,402712.0,94661731.4
02057.HK,20220223,240.4,240.6,233.2,237.8,236.2,1.6,0.68,41800.0,9943910.0
02057.HK,20220224,230.8,231.2,223.2,230.0,237.8,-7.8,-3.28,193850.0,44112380.0
02057.HK,20220225,234.0,238.0,228.0,232.8,230.0,2.8,1.22,24700.0,5794535.0
02057.HK,20220228,229.0,229.0,223.6,225.2,232.8,-7.6,-3.26,235319.0,53348847.8
02057.HK,20220301,229.2,232.0,228.0,230.0,225.2,4.8,2.13,91550.0,21005530.0
02057.HK,20220302,224.0,233.2,224.0,227.0,230.0,-3.0,-1.3,157600.0,36036150.0
02057.HK,20220303,231.0,231.0,226.0,228.0,227.0,1.0,0.44,37200.0,8459812.5
02057.HK,20220304,228.0,228.0,218.4,220.2,228.0,-7.8,-3.42,129700.0,28645462.5
02057.HK,20220307,219.0,219.4,209.4,215.0,220.2,-5.2,-2.36,141150.0,30419215.6
02057.HK,20220308,211.0,211.0,199.6,201.2,215.0,-13.8,-6.42,118500.0,23850785.0
02057.HK,20220309,204.8,204.8,192.3,200.8,201.2,-0.4,-0.2,256916.0,50872721.19
02057.HK,20220310,224.2,225.0,205.8,215.2,200.8,14.4,7.17,165250.0,35775885.0
02057.HK,20220311,199.3,204.0,191.8,199.1,215.2,-16.1,-7.48,351450.0,69747910.55
02057.HK,20220314,175.1,180.0,166.8,169.6,199.1,-29.5,-14.82,357179.0,62210062.9
02057.HK,20220315,169.6,169.8,141.2,159.8,169.6,-9.8,-5.78,410600.0,66297982.1
02057.HK,20220316,181.0,195.9,174.8,191.8,159.8,32.0,20.03,451150.0,84324485.0
02057.HK,20220317,203.0,211.0,192.0,196.0,191.8,4.2,2.19,576350.0,114865023.8
02057.HK,20220318,196.8,204.8,183.0,201.4,196.0,5.4,2.76,460950.0,92005564.25
02057.HK,20220321,206.6,209.6,186.9,191.2,201.4,-10.2,-5.06,298499.0,57218553.45
02057.HK,20220322,191.2,201.0,190.0,198.2,191.2,7.0,3.66,103500.0,20228370.0
02057.HK,20220323,201.0,207.6,198.5,203.2,198.2,5.0,2.52,248470.0,50764213.0
02057.HK,20220324,209.6,220.2,205.0,211.8,203.2,8.6,4.23,279429.0,59428944.0
02057.HK,20220325,211.8,217.0,195.0,197.0,211.8,-14.8,-6.99,283950.0,58063264.91
02057.HK,20220328,199.5,201.6,194.2,200.8,197.0,3.8,1.93,92750.0,18521401.35
02057.HK,20220329,201.0,201.0,197.1,200.2,200.8,-0.6,-0.3,37300.0,7438660.0
02057.HK,20220330,201.0,207.6,201.0,207.0,200.2,6.8,3.4,97700.0,20121609.15
02057.HK,20220331,204.4,207.0,198.3,199.6,207.0,-7.4,-3.57,150200.0,29977708.3
02057.HK,20220401,200.8,204.8,199.0,204.4,199.6,4.8,2.4,136100.0,27481330.15
02057.HK,20220404,196.3,214.6,196.3,211.2,204.4,6.8,3.33,118650.0,24925715.0
02057.HK,20220406,206.0,206.0,197.1,199.9,211.2,-11.3,-5.35,255676.0,51094739.8
02057.HK,20220407,198.4,198.7,196.5,196.7,197.95,-1.25,-0.63,39491.0,7794369.8
02057.HK,20220408,196.6,199.2,194.5,197.6,196.7,0.9,0.46,158430.0,31195128.0
02057.HK,20220411,201.2,201.2,189.4,191.0,197.6,-6.6,-3.34,111950.0,21446415.0
02057.HK,20220412,194.7,200.2,192.8,198.7,191.0,7.7,4.03,66400.0,13068340.0
02057.HK,20220413,200.0,202.2,197.5,201.4,198.7,2.7,1.36,55850.0,11201280.0
02057.HK,20220414,203.6,207.0,202.8,204.2,201.4,2.8,1.39,60050.0,12279100.0
02057.HK,20220419,205.4,205.6,200.8,201.4,204.2,-2.8,-1.37,97800.0,19751992.0
02057.HK,20220420,202.4,203.6,197.8,200.4,201.4,-1.0,-0.5,167300.0,33689305.0
02057.HK,20220421,200.8,200.8,192.5,194.2,200.4,-6.2,-3.09,56790.0,11045855.8
02057.HK,20220422,192.8,192.9,186.4,190.2,194.2,-4.0,-2.06,34950.0,6646884.44
02057.HK,20220425,188.0,188.0,175.2,176.2,190.2,-14.0,-7.36,35500.0,6327670.0
02057.HK,20220426,181.3,192.2,181.3,190.0,176.2,13.8,7.83,83850.0,15820770.0
02057.HK,20220427,188.9,193.7,188.9,193.5,190.0,3.5,1.84,93850.0,17998375.0
02057.HK,20220428,205.0,206.0,198.6,204.2,193.5,10.7,5.53,173872.0,35224284.0
02057.HK,20220429,208.2,221.0,208.0,219.2,204.2,15.0,7.35,281303.0,60809382.2
02057.HK,20220503,220.0,227.2,216.8,221.8,219.2,2.6,1.19,64410.0,14382894.25
02057.HK,20220504,224.8,224.8,215.4,216.8,221.8,-5.0,-2.25,50679.0,11010289.2
02057.HK,20220505,217.2,221.4,215.6,216.2,216.8,-0.6,-0.28,63150.0,13862080.0
02057.HK,20220506,216.6,230.2,207.0,207.4,216.2,-8.8,-4.07,81250.0,17098710.0
02057.HK,20220510,222.8,222.8,190.9,197.8,207.4,-9.6,-4.63,157830.0,30812708.0
02057.HK,20220511,200.4,208.0,197.4,206.2,197.8,8.4,4.25,77900.0,16013815.0
02057.HK,20220512,202.4,203.4,196.2,202.8,206.2,-3.4,-1.65,114850.0,23006725.0
02057.HK,20220513,197.0,201.0,195.6,199.6,202.8,-3.2,-1.58,76500.0,15175510.0
02057.HK,20220516,201.6,201.6,196.5,198.7,199.6,-0.9,-0.45,19500.0,3864701.85
02057.HK,20220517,198.0,201.4,196.0,201.4,198.7,2.7,1.36,56950.0,11383160.0
02057.HK,20220518,201.4,204.6,200.4,203.6,201.4,2.2,1.09,70200.0,14232860.0
02057.HK,20220519,202.2,202.2,197.3,200.2,203.6,-3.4,-1.67,77090.0,15450915.0
02057.HK,20220520,202.2,205.0,199.0,203.2,200.2,3.0,1.5,290700.0,58557315.0
02057.HK,20220523,202.0,210.2,196.6,198.0,203.2,-5.2,-2.56,75900.0,15107390.0
02057.HK,20220524,201.8,201.8,195.2,196.7,198.0,-1.3,-0.66,89129.0,17652653.1
02057.HK,20220525,197.6,197.6,194.0,195.4,196.7,-1.3,-0.66,43750.0,8554330.0
02057.HK,20220526,197.2,204.0,190.2,192.1,195.4,-3.3,-1.69,71150.0,13854502.5
02057.HK,20220527,195.0,196.0,192.2,194.4,192.1,2.3,1.2,54400.0,10567014.15
02057.HK,20220530,195.6,196.6,182.6,182.6,194.4,-11.8,-6.07,98250.0,18758795.0
02057.HK,20220531,188.0,200.8,188.0,198.6,182.6,16.0,8.76,180350.0,35520511.4
02057.HK,20220601,207.0,210.0,201.6,204.2,198.6,5.6,2.82,237500.0,48586765.0
02057.HK,20220602,203.8,206.8,203.8,205.6,204.2,1.4,0.69,85450.0,17547420.0
02057.HK,20220606,204.0,209.2,201.8,208.6,205.6,3.0,1.46,59050.0,12182950.0
02057.HK,20220607,213.0,219.4,213.0,217.6,208.6,9.0,4.31,124650.0,27066950.0
02057.HK,20220608,205.2,219.8,205.2,218.4,217.6,0.8,0.37,171539.0,37480338.6
02057.HK,20220609,210.8,216.6,210.8,216.0,218.4,-2.4,-1.1,227706.0,48783081.85
02057.HK,20220610,208.0,215.8,207.8,213.8,216.0,-2.2,-1.02,93950.0,19942252.35
02057.HK,20220613,204.2,211.8,201.0,203.6,213.8,-10.2,-4.77,175408.0,35752812.0
02057.HK,20220614,200.0,202.4,195.2,200.4,203.6,-3.2,-1.57,89770.0,17897123.85
02057.HK,20220615,198.0,200.2,195.4,197.2,200.4,-3.2,-1.6,46300.0,9167635.0
02057.HK,20220616,197.2,197.2,186.6,189.7,197.2,-7.5,-3.8,230750.0,44286050.0
02057.HK,20220617,191.7,192.5,188.3,188.3,189.7,-1.4,-0.74,257569.0,48772963.54
02057.HK,20220620,189.6,192.2,188.6,192.2,188.3,3.9,2.07,46750.0,8889401.6
02057.HK,20220621,193.2,194.5,189.8,192.8,192.2,0.6,0.31,31125.0,6003195.0
02057.HK,20220622,191.6,191.6,184.7,185.5,192.8,-7.3,-3.79,69323.0,12951301.6
02057.HK,20220623,186.9,193.8,186.9,191.2,185.5,5.7,3.07,112800.0,21566930.0
02057.HK,20220624,195.0,197.0,194.8,196.2,191.2,5.0,2.62,95700.0,18776737.5
02057.HK,20220627,206.0,217.6,206.0,212.2,196.2,16.0,8.15,215450.0,46017560.0
02057.HK,20220628,209.0,211.0,202.4,210.4,212.2,-1.8,-0.85,192450.0,39993660.0
02057.HK,20220629,210.2,210.2,200.2,202.8,210.4,-7.6,-3.61,37750.0,7651355.0
02057.HK,20220630,210.2,211.0,201.6,203.2,202.8,0.4,0.2,82304.0,16771857.2
02057.HK,20220704,204.0,208.4,203.4,208.0,203.2,4.8,2.36,51600.0,10663440.0
02057.HK,20220705,208.0,215.4,206.8,210.0,208.0,2.0,0.96,93250.0,19612800.0
02057.HK,20220706,214.0,214.0,207.8,209.6,210.0,-0.4,-0.19,66455.0,13931479.75
02057.HK,20220707,209.8,212.4,207.0,211.0,209.6,1.4,0.67,41950.0,8817750.0
02057.HK,20220708,211.0,213.0,205.8,210.2,211.0,-0.8,-0.38,127100.0,26491440.0
02057.HK,20220711,207.2,208.8,203.4,205.8,210.2,-4.4,-2.09,60000.0,12274146.8
02057.HK,20220712,201.6,205.0,200.0,203.6,205.8,-2.2,-1.07,35080.0,7112951.7
02057.HK,20220713,203.2,206.6,203.2,204.0,203.6,0.4,0.2,17850.0,3654100.0
02057.HK,20220714,205.4,207.4,203.8,207.0,204.0,3.0,1.47,27600.0,5678020.0
02057.HK,20220715,206.4,207.2,203.6,204.8,207.0,-2.2,-1.06,48950.0,10049500.0
02057.HK,20220718,205.4,209.0,205.4,208.2,204.8,3.4,1.66,13950.0,2900850.0
02057.HK,20220719,208.2,208.2,204.0,207.0,208.2,-1.2,-0.58,63000.0,12982800.0
02057.HK,20220720,207.0,212.0,206.2,207.6,207.0,0.6,0.29,44255.0,9290440.0
02057.HK,20220721,211.4,211.4,205.0,207.4,207.6,-0.2,-0.1,51000.0,10612735.0
02057.HK,20220722,211.0,211.2,205.8,206.2,207.4,-1.2,-0.58,39354.0,8159388.04
02057.HK,20220725,205.0,205.0,200.0,201.8,206.2,-4.4,-2.13,25608.0,5173337.2
02057.HK,20220726,201.8,205.2,193.3,205.2,201.8,3.4,1.68,83950.0,17035615.0
02057.HK,20220727,203.4,205.2,201.4,203.6,205.2,-1.6,-0.78,29580.0,5989530.0
02057.HK,20220728,205.2,207.6,204.6,207.2,203.6,3.6,1.77,13550.0,2796555.0
02057.HK,20220729,207.6,207.6,200.0,201.4,207.2,-5.8,-2.8,49650.0,10025210.0
02057.HK,20220801,198.7,203.2,198.0,203.2,201.4,1.8,0.89,27491.0,5539377.6
02057.HK,20220802,197.4,200.0,194.4,196.4,203.2,-6.8,-3.35,71883.0,14093202.0
02057.HK,20220803,199.8,201.8,197.0,199.1,196.4,2.7,1.37,21950.0,4361885.0
02057.HK,20220804,202.8,207.6,202.8,207.0,199.1,7.9,3.97,30850.0,6366890.0
02057.HK,20220805,207.8,210.4,207.8,210.0,207.0,3.0,1.45,25650.0,5365870.0
02057.HK,20220808,209.6,210.0,205.8,208.2,210.0,-1.8,-0.86,29250.0,6083295.0
02057.HK,20220809,208.2,210.4,204.6,206.2,208.2,-2.0,-0.96,9300.0,1925820.0
02057.HK,20220810,208.2,208.2,201.8,201.8,206.2,-4.4,-2.13,8510.0,1724700.0
02057.HK,20220811,206.0,206.0,204.2,205.8,201.8,4.0,1.98,32300.0,6631605.0
02057.HK,20220812,203.8,207.8,203.2,205.0,205.8,-0.8,-0.39,77400.0,15855670.0
02057.HK,20220815,205.0,210.6,204.8,205.4,205.0,0.4,0.2,49250.0,10178950.0
02057.HK,20220816,210.0,211.8,205.6,209.0,205.4,3.6,1.75,114950.0,24012549.8
02057.HK,20220817,209.0,215.2,208.4,212.8,209.0,3.8,1.82,78950.0,16880440.0
02057.HK,20220818,216.0,219.8,213.2,216.8,212.8,4.0,1.88,160550.0,34861795.0
02057.HK,20220819,217.0,218.0,209.0,210.8,216.8,-6.0,-2.77,87250.0,18566170.0
02057.HK,20220822,210.4,213.8,207.8,212.2,210.8,1.4,0.66,119700.0,25410127.1
02057.HK,20220823,213.6,218.2,212.6,215.6,212.2,3.4,1.6,79100.0,17063755.0
02057.HK,20220824,216.8,216.8,211.8,213.6,215.6,-2.0,-0.93,70650.0,15103410.0
02057.HK,20220825,210.0,210.6,191.6,198.0,213.6,-15.6,-7.3,527350.0,103432092.5
02057.HK,20220826,198.0,201.0,198.0,200.2,198.0,2.2,1.11,132500.0,26462510.0
02057.HK,20220829,200.2,202.4,197.0,199.7,200.2,-0.5,-0.25,68650.0,13686433.55
02057.HK,20220830,200.6,214.2,200.6,207.6,199.7,7.9,3.96,516250.0,107277758.3
02057.HK,20220831,199.0,210.2,198.5,207.4,207.6,-0.2,-0.1,793200.0,164090649.45
02057.HK,20220901,205.0,214.2,203.4,210.2,207.4,2.8,1.35,1230835.0,258823491.0
02057.HK,20220902,209.6,212.0,208.0,209.0,210.2,-1.2,-0.57,647300.0,135836175.1
02057.HK,20220905,207.2,213.4,205.6,213.4,209.0,4.4,2.11,598650.0,126397039.5
02057.HK,20220906,211.6,216.8,211.2,214.6,213.4,1.2,0.56,793750.0,170576661.35
02057.HK,20220907,211.8,211.8,205.4,205.4,214.6,-9.2,-4.29,1391600.0,289766310.25
02057.HK,20220908,205.4,206.6,204.8,206.4,205.4,1.0,0.49,646200.0,132777820.8
02057.HK,20220909,206.4,214.0,205.8,212.4,206.4,6.0,2.91,1089200.0,230033340.0
02057.HK,20220913,212.4,219.0,212.2,215.2,212.4,2.8,1.32,1585550.0,343376881.3
02057.HK,20220914,213.6,220.0,213.6,216.4,215.2,1.2,0.56,2379450.0,515790432.5
02057.HK,20220915,215.4,217.4,214.2,215.8,216.4,-0.6,-0.28,1592550.0,343493930.0
02057.HK,20220916,215.8,222.8,214.4,218.4,215.8,2.6,1.2,16997739.0,3720112281.4
02057.HK,20220919,214.6,214.6,203.8,208.0,218.4,-10.4,-4.76,1227439.0,261234537.15
02057.HK,20220920,207.0,208.4,200.2,208.4,208.0,0.4,0.19,467150.0,96248298.1
02057.HK,20220921,203.8,207.8,202.8,205.4,208.4,-3.0,-1.44,434727.0,89383392.03
02057.HK,20220922,197.0,197.0,194.6,195.8,205.4,-9.6,-4.67,397350.0,77808080.0
02057.HK,20220923,195.7,197.0,194.3,195.1,195.8,-0.7,-0.36,606200.0,118481595.0
02057.HK,20220926,195.0,195.0,190.9,193.8,195.1,-1.3,-0.67,680176.0,131510243.7
02057.HK,20220927,194.3,194.9,190.4,194.3,193.8,0.5,0.26,437675.0,84210156.0
02057.HK,20220928,194.3,201.4,191.8,193.1,194.3,-1.2,-0.62,627085.0,121280365.5
02057.HK,20220929,194.6,195.6,190.6,191.0,193.1,-2.1,-1.09,351100.0,67768245.0
02057.HK,20220930,190.0,190.9,186.0,188.3,191.0,-2.7,-1.41,457830.0,86218837.5
02057.HK,20221003,190.9,193.0,188.3,191.5,188.3,3.2,1.7,415600.0,79354201.8
02057.HK,20221005,198.7,203.4,198.7,202.2,191.5,10.7,5.59,190945.0,38472713.85
02057.HK,20221006,196.3,202.0,196.3,198.9,202.2,-3.3,-1.63,218280.0,43594647.0
02057.HK,20221007,198.1,208.0,196.1,196.4,198.9,-2.5,-1.26,145150.0,28633730.0
02057.HK,20221010,191.2,191.5,186.9,188.0,196.4,-8.4,-4.28,363650.0,68739842.5
02057.HK,20221011,183.0,184.2,178.0,181.0,188.0,-7.0,-3.72,298079.0,53946233.5
02057.HK,20221012,178.0,183.2,173.4,178.6,181.0,-2.4,-1.33,192929.0,34446101.5
02057.HK,20221013,180.4,184.9,176.6,177.1,178.6,-1.5,-0.84,122272.0,21838306.6
02057.HK,20221014,178.9,186.0,178.6,181.4,177.1,4.3,2.43,269200.0,49098985.0
02057.HK,20221017,175.8,186.9,172.0,177.2,181.4,-4.2,-2.32,225450.0,39780835.0
02057.HK,20221018,182.3,186.6,180.4,186.6,177.2,9.4,5.3,161670.0,29741452.05
02057.HK,20221019,184.0,184.0,178.7,180.1,186.6,-6.5,-3.48,199856.0,36205502.75
02057.HK,20221020,180.1,180.1,172.5,175.0,180.1,-5.1,-2.83,256300.0,44873227.5
02057.HK,20221021,171.6,171.8,168.8,171.5,175.0,-3.5,-2.0,137300.0,23412585.0
02057.HK,20221024,168.1,168.1,153.6,154.4,171.5,-17.1,-9.97,490300.0,77084930.0
02057.HK,20221025,135.0,145.5,132.0,140.7,154.4,-13.7,-8.87,1646700.0,230294329.8
02057.HK,20221026,139.9,144.1,137.1,140.5,140.7,-0.2,-0.14,676100.0,95252353.76
02057.HK,20221027,147.0,149.6,144.9,145.8,140.5,5.3,3.77,535374.0,78683053.9
02057.HK,20221028,142.6,142.6,134.1,134.5,145.8,-11.3,-7.75,415625.0,56937205.0
02057.HK,20221031,134.5,136.1,123.0,131.9,134.5,-2.6,-1.93,617781.0,82308451.8
02057.HK,20221101,136.6,143.6,129.6,141.8,131.9,9.9,7.51,278200.0,38675395.0
02057.HK,20221102,141.9,147.8,135.0,147.5,141.8,5.7,4.02,201120.0,28993501.5
02057.HK,20221103,140.7,140.7,136.9,138.8,147.5,-8.7,-5.9,233301.0,32273848.15
02057.HK,20221104,139.0,153.6,139.0,146.0,138.8,7.2,5.19,566100.0,83666157.5
02057.HK,20221107,146.2,157.9,142.0,153.0,146.0,7.0,4.79,325710.0,49304552.61
02057.HK,20221108,159.3,159.3,148.9,150.8,153.0,-2.2,-1.44,469000.0,70259690.0
02057.HK,20221109,154.0,154.0,148.4,149.6,150.8,-1.2,-0.8,333495.0,50040120.25
02057.HK,20221110,148.7,148.7,143.2,147.2,149.6,-2.4,-1.6,138600.0,20372997.1
02057.HK,20221111,153.2,159.4,152.2,159.1,147.2,11.9,8.08,413770.0,64705493.76
02057.HK,20221114,167.3,170.9,160.3,170.4,159.1,11.3,7.1,702902.0,118638419.75
02057.HK,20221115,170.4,177.5,168.0,177.4,170.4,7.0,4.11,294450.0,51418940.3
02057.HK,20221116,175.1,178.8,173.4,174.4,177.4,-3.0,-1.69,339650.0,59652785.0
02057.HK,20221117,174.0,174.1,165.8,171.9,174.4,-2.5,-1.43,134350.0,22757918.1
02057.HK,20221118,173.1,177.0,171.0,172.0,171.9,0.1,0.06,241136.0,41993814.6
02057.HK,20221121,175.9,175.9,163.5,165.3,172.0,-6.7,-3.9,171790.0,28412721.4
02057.HK,20221122,170.2,170.2,161.7,169.1,165.3,3.8,2.3,379100.0,63089397.5
02057.HK,20221123,172.0,177.4,172.0,175.4,169.1,6.3,3.73,229300.0,40081208.1
02057.HK,20221124,185.0,185.0,178.4,180.6,175.4,5.2,2.96,232300.0,41863135.05
02057.HK,20221125,180.9,180.9,177.1,177.5,180.6,-3.1,-1.72,257900.0,46038807.5
02057.HK,20221128,177.5,179.5,169.5,179.0,177.5,1.5,0.85,206700.0,36365628.3
02057.HK,20221129,185.0,191.7,180.8,191.7,179.0,12.7,7.09,264662.0,49879533.0
02057.HK,20221130,191.7,194.2,186.8,193.7,191.7,2.0,1.04,326250.0,62171674.9
02057.HK,20221201,199.0,202.0,193.8,195.9,193.7,2.2,1.14,426175.0,84059262.5
02057.HK,20221202,197.6,197.6,192.3,194.2,195.9,-1.7,-0.87,185502.0,35926754.8
02057.HK,20221205,196.0,203.8,196.0,203.0,194.2,8.8,4.53,317400.0,64047270.0
02057.HK,20221206,204.0,204.0,194.9,199.3,203.0,-3.7,-1.82,219250.0,43475035.0
02057.HK,20221207,200.6,207.2,196.6,197.4,199.3,-1.9,-0.95,360104.0,71891252.9
02057.HK,20221208,197.3,205.0,195.1,204.0,197.4,6.6,3.34,273750.0,55198647.32
02057.HK,20221209,207.4,209.0,201.0,205.8,204.0,1.8,0.88,266700.0,54564497.5
02057.HK,20221212,205.8,207.0,202.2,202.8,205.8,-3.0,-1.46,343400.0,70267654.1
02057.HK,20221213,202.8,207.2,201.0,204.0,202.8,1.2,0.59,315350.0,64372790.18
02057.HK,20221214,205.0,215.2,205.0,207.2,204.0,3.2,1.57,130150.0,26849798.24
02057.HK,20221215,207.2,209.4,205.0,206.8,207.2,-0.4,-0.19,266852.0,55287758.27
02057.HK,20221216,207.2,214.6,196.5,210.2,206.8,3.4,1.64,522793.0,109607816.12
02057.HK,20221219,210.2,222.8,209.0,210.0,210.2,-0.2,-0.1,214394.0,45086624.42
02057.HK,20221220,212.6,212.6,204.6,209.8,210.0,-0.2,-0.1,125091.0,26060070.8
02057.HK,20221221,209.8,210.2,207.4,209.4,209.8,-0.4,-0.19,139800.0,29146560.4
02057.HK,20221222,211.0,215.6,207.8,214.0,209.4,4.6,2.2,103476.0,21912379.92
02057.HK,20221223,203.2,214.0,203.2,209.4,214.0,-4.6,-2.15,78350.0,16519580.0
02057.HK,20221228,210.4,214.8,209.8,212.6,209.4,3.2,1.53,169100.0,35947549.15
02057.HK,20221229,213.8,213.8,206.2,208.4,212.6,-4.2,-1.98,52700.0,10972510.0
02057.HK,20221230,210.6,212.8,210.0,211.6,208.4,3.2,1.54,26012.0,5503312.8
02057.HK,20230103,213.2,218.6,209.6,216.6,211.6,5.0,2.36,101450.0,21945600.0
02057.HK,20230104,220.0,220.8,214.8,220.0,216.6,3.4,1.57,100120.0,21947027.0
02057.HK,20230105,220.0,224.8,219.0,220.6,220.0,0.6,0.27,137450.0,30455610.0
02057.HK,20230106,220.6,220.6,213.2,215.8,220.6,-4.8,-2.18,79984.0,17271060.0
02057.HK,20230109,217.6,220.4,212.2,218.8,215.8,3.0,1.39,332930.0,72650283.7
02057.HK,20230110,220.2,223.2,218.2,218.2,218.8,-0.6,-0.27,98755.0,21705394.31
02057.HK,20230111,221.8,225.0,218.6,220.6,218.2,2.4,1.1,171500.0,38041490.0
02057.HK,20230112,221.6,224.0,216.8,219.0,220.6,-1.6,-0.73,65276.0,14270548.2
02057.HK,20230113,219.8,223.0,218.4,222.8,219.0,3.8,1.74,79700.0,17592160.0
02057.HK,20230116,221.0,228.2,221.0,227.2,222.8,4.4,1.97,53600.0,12143975.0
02057.HK,20230117,228.4,228.4,219.2,222.0,227.2,-5.2,-2.29,97100.0,21534385.0
02057.HK,20230118,226.6,226.6,219.6,223.0,222.0,1.0,0.45,179120.0,39781880.0
02057.HK,20230119,222.0,223.6,217.8,222.8,223.0,-0.2,-0.09,138953.0,30524362.0
02057.HK,20230120,221.2,225.6,219.6,225.2,222.8,2.4,1.08,87250.0,19519580.0
02057.HK,20230126,225.2,230.0,225.2,229.6,225.2,4.4,1.95,58850.0,13469560.0
02057.HK,20230127,227.4,233.8,227.4,232.2,229.6,2.6,1.13,60750.0,14090390.0
02057.HK,20230130,230.0,230.0,220.2,221.0,232.2,-11.2,-4.82,127541.0,28275754.6
02057.HK,20230131,224.2,229.6,218.0,220.8,221.0,-0.2,-0.09,115550.0,25518235.0
02057.HK,20230201,227.2,229.8,222.6,229.4,220.8,8.6,3.89,103450.0,23522290.0
02057.HK,20230202,230.0,235.8,228.0,228.8,229.4,-0.6,-0.26,149150.0,34335270.0
02057.HK,20230203,230.6,231.0,226.0,229.6,228.8,0.8,0.35,27828.0,6368584.0
02057.HK,20230206,228.8,228.8,218.0,221.0,229.6,-8.6,-3.75,120900.0,26661553.0
02057.HK,20230207,221.8,223.4,219.8,220.6,221.0,-0.4,-0.18,85340.0,18895064.3
02057.HK,20230208,223.2,224.0,221.0,221.6,220.6,1.0,0.45,79050.0,17527089.3
02057.HK,20230209,221.0,225.6,221.0,223.8,221.6,2.2,0.99,119650.0,26710817.99
02057.HK,20230210,222.2,223.4,218.6,219.0,223.8,-4.8,-2.14,147330.0,32490983.0
02057.HK,20230213,217.8,223.2,217.8,220.2,219.0,1.2,0.55,81600.0,17932775.0
02057.HK,20230214,217.6,217.6,211.4,211.4,220.2,-8.8,-4.0,146759.0,31229467.6
02057.HK,20230215,211.8,212.0,204.4,205.0,211.4,-6.4,-3.03,102235.0,21069797.0
02057.HK,20230216,204.4,208.0,201.0,203.2,205.0,-1.8,-0.88,279850.0,57270730.25
02057.HK,20230217,204.2,204.8,197.1,198.6,203.2,-4.6,-2.26,168350.0,33428442.5
02057.HK,20230220,200.2,204.4,191.6,195.8,198.6,-2.8,-1.41,306850.0,59889720.0
02057.HK,20230221,196.2,198.4,190.5,190.9,195.8,-4.9,-2.5,452150.0,88073205.0
02057.HK,20230222,193.9,207.8,191.4,195.3,190.9,4.4,2.3,146037.0,28416185.8
02057.HK,20230223,195.3,201.6,188.0,193.0,195.3,-2.3,-1.18,323630.0,63033082.35
02057.HK,20230224,191.6,194.3,189.5,191.9,193.0,-1.1,-0.57,92100.0,17724800.0
02057.HK,20230227,190.4,193.2,189.0,189.8,191.9,-2.1,-1.09,166353.0,31745425.3
02057.HK,20230228,187.4,192.0,187.4,188.0,189.8,-1.8,-0.95,132800.0,25063212.39
02057.HK,20230301,189.6,197.5,189.6,196.9,188.0,8.9,4.73,81000.0,15828655.0
02057.HK,20230302,192.7,192.8,189.6,190.6,196.9,-6.3,-3.2,79950.0,15302431.1
02057.HK,20230303,189.7,193.1,185.1,193.0,190.6,2.4,1.26,234843.0,44825443.7
02057.HK,20230306,191.8,198.6,191.8,196.2,193.0,3.2,1.66,205071.0,40225426.9
02057.HK,20230307,197.7,203.0,197.6,201.2,196.2,5.0,2.55,162050.0,32612707.5
02057.HK,20230308,198.6,199.6,196.9,197.8,201.2,-3.4,-1.69,63550.0,12562996.65
02057.HK,20230309,198.0,201.0,197.6,197.8,197.8,0.0,0.0,145650.0,29026993.35
02057.HK,20230310,194.9,195.9,192.2,194.5,197.8,-3.3,-1.67,199500.0,38776093.15
02057.HK,20230313,197.2,205.6,197.2,205.4,194.5,10.9,5.6,194150.0,39535628.7
02057.HK,20230314,205.4,205.4,198.2,200.4,205.4,-5.0,-2.43,197300.0,39693473.3
02057.HK,20230315,201.6,208.0,201.6,207.2,200.4,6.8,3.39,226550.0,46836051.9
02057.HK,20230316,207.8,207.8,200.6,204.4,207.2,-2.8,-1.35,160990.0,32783165.2
02057.HK,20230317,214.2,225.0,214.2,220.6,204.4,16.2,7.93,1402080.0,309513344.97
02057.HK,20230320,222.6,223.2,218.0,221.0,220.6,0.4,0.18,229350.0,50588950.0
02057.HK,20230321,222.0,222.0,215.0,221.0,221.0,0.0,0.0,269150.0,58800935.0
02057.HK,20230322,224.0,226.8,222.2,225.4,221.0,4.4,1.99,155006.0,34808053.56
02057.HK,20230323,219.0,226.0,219.0,225.4,225.4,0.0,0.0,76800.0,17239166.35
02057.HK,20230324,222.2,227.8,222.2,227.2,225.4,1.8,0.8,189394.0,42885401.8
02057.HK,20230327,226.0,227.0,219.2,220.4,227.2,-6.8,-2.99,191450.0,42787179.6
02057.HK,20230328,224.4,224.4,220.4,223.6,220.4,3.2,1.45,88100.0,19617030.95
02057.HK,20230329,224.2,226.0,221.0,226.0,223.6,2.4,1.07,124448.0,27936388.8
02057.HK,20230330,224.0,226.6,219.6,226.6,226.0,0.6,0.27,140310.0,31467309.45
02057.HK,20230331,226.8,229.6,222.8,224.0,226.6,-2.6,-1.15,232450.0,52185511.8
02057.HK,20230403,226.4,227.4,224.8,226.6,224.0,2.6,1.16,151900.0,34378600.0
02057.HK,20230404,218.8,227.6,218.8,226.0,223.7,2.304,1.03,115077.0,25816090.75
02057.HK,20230406,226.0,226.2,221.6,224.4,226.0,-1.6,-0.71,75998.0,17022261.75
02057.HK,20230411,224.0,227.8,222.4,225.8,224.4,1.4,0.62,61500.0,13873060.0
02057.HK,20230412,225.2,225.4,222.0,224.6,225.8,-1.2,-0.53,41478.0,9269325.6
02057.HK,20230413,221.6,227.4,220.2,226.8,224.6,2.2,0.98,167750.0,37921740.0
02057.HK,20230414,225.0,227.2,224.4,225.8,226.8,-1.0,-0.44,67387.0,15215876.3
02057.HK,20230417,225.8,230.0,225.6,228.8,225.8,3.0,1.33,120200.0,27365220.0
02057.HK,20230418,228.8,228.8,225.0,226.0,228.8,-2.8,-1.22,47250.0,10678476.4
02057.HK,20230419,223.8,226.8,223.8,225.2,226.0,-0.8,-0.35,58200.0,13113628.45
02057.HK,20230420,224.6,230.4,224.6,227.6,225.2,2.4,1.07,34200.0,7809029.0
02057.HK,20230421,227.8,229.2,222.2,224.2,227.6,-3.4,-1.49,94850.0,21391635.0
02057.HK,20230424,223.6,227.6,218.0,221.2,224.2,-3.0,-1.34,66500.0,14738851.2
02057.HK,20230425,223.8,228.8,220.2,221.4,221.2,0.2,0.09,134950.0,29912442.5
02057.HK,20230426,221.4,224.0,216.8,220.6,221.4,-0.8,-0.36,139300.0,30758856.8
02057.HK,20230427,220.6,220.6,213.2,217.0,220.6,-3.6,-1.63,99250.0,21493810.0
02057.HK,20230428,217.4,218.8,214.0,214.8,217.0,-2.2,-1.01,57550.0,12440464.8
02057.HK,20230502,214.0,219.6,214.0,218.0,214.8,3.2,1.49,92250.0,20105380.0
02057.HK,20230503,216.2,216.6,212.6,213.2,218.0,-4.8,-2.2,41724.0,8913568.1
02057.HK,20230504,212.4,217.6,212.0,214.4,213.2,1.2,0.56,115300.0,24722114.1
02057.HK,20230505,212.4,217.6,211.8,214.0,214.4,-0.4,-0.19,80750.0,17226050.0
02057.HK,20230508,214.0,219.2,213.6,219.2,214.0,5.2,2.43,113700.0,24573081.75
02057.HK,20230509,219.0,223.0,215.2,217.0,219.2,-2.2,-1.0,83750.0,18263176.0
02057.HK,20230510,219.8,222.2,218.2,220.0,217.0,3.0,1.38,73600.0,16166865.1
02057.HK,20230511,224.8,227.8,223.0,225.2,220.0,5.2,2.36,87050.0,19503230.0
02057.HK,20230512,223.6,227.4,221.4,222.2,225.2,-3.0,-1.33,103275.0,22990585.0
02057.HK,20230515,223.6,229.2,223.6,227.4,222.2,5.2,2.34,72796.0,16499588.0
02057.HK,20230516,226.6,228.4,224.6,225.2,227.4,-2.2,-0.97,76300.0,17248705.0
02057.HK,20230517,224.0,224.2,218.4,219.0,225.2,-6.2,-2.75,39240.0,8677448.0
02057.HK,20230518,222.2,236.4,221.4,234.8,219.0,15.8,7.21,286851.0,66505701.45
02057.HK,20230519,232.8,235.8,228.4,231.0,234.8,-3.8,-1.62,378756.0,87882093.15
02057.HK,20230522,225.0,229.4,222.2,228.6,231.0,-2.4,-1.04,323750.0,73427855.0
02057.HK,20230523,228.6,228.6,222.8,223.8,228.6,-4.8,-2.1,46350.0,10418110.0
02057.HK,20230524,224.0,224.8,220.4,220.8,223.8,-3.0,-1.34,70500.0,15673605.0
02057.HK,20230525,219.0,219.8,213.6,217.2,220.8,-3.6,-1.63,126250.0,27296873.9
02057.HK,20230529,214.0,214.4,210.6,213.4,217.2,-3.8,-1.75,102300.0,21814490.65
02057.HK,20230530,213.4,213.4,209.2,213.2,213.4,-0.2,-0.09,55950.0,11842002.8
02057.HK,20230531,200.0,200.0,195.0,197.8,213.2,-15.4,-7.22,289900.0,57137472.6
02057.HK,20230601,197.8,202.0,197.3,198.4,197.8,0.6,0.3,108290.0,21642786.1
02057.HK,20230602,199.2,206.2,199.2,205.0,198.4,6.6,3.33,117650.0,24123598.2
02057.HK,20230605,205.6,209.6,205.6,207.6,205.0,2.6,1.27,115744.0,24051295.8
02057.HK,20230606,208.4,213.4,208.4,209.4,207.6,1.8,0.87,72950.0,15353383.0
02057.HK,20230607,209.4,212.6,209.2,212.0,209.4,2.6,1.24,115400.0,24447650.0
02057.HK,20230608,212.0,213.8,210.8,213.6,212.0,1.6,0.75,108544.0,23112171.8
02057.HK,20230609,214.4,217.2,214.0,215.2,213.6,1.6,0.75,92900.0,20006296.2
02057.HK,20230612,213.8,213.8,210.0,211.4,215.2,-3.8,-1.77,83350.0,17587083.85
02057.HK,20230613,213.2,214.8,211.4,213.6,211.4,2.2,1.04,123450.0,26315145.0
02057.HK,20230614,212.4,214.8,211.6,212.2,213.6,-1.4,-0.66,66156.0,14088731.8
02057.HK,20230615,213.4,219.0,213.4,219.0,212.2,6.8,3.2,24182.0,5236177.2
02057.HK,20230616,218.0,219.0,215.2,215.6,219.0,-3.4,-1.55,416745.0,89969113.65
02057.HK,20230619,216.6,216.6,210.4,215.2,215.6,-0.4,-0.19,85511.0,18248483.6
02057.HK,20230620,214.0,214.6,208.4,209.2,215.2,-6.0,-2.79,104100.0,21803330.0
02057.HK,20230621,208.0,208.0,201.6,202.2,209.2,-7.0,-3.35,100279.0,20330306.4
02057.HK,20230623,202.2,202.2,197.1,198.6,202.2,-3.6,-1.78,52600.0,10417877.35
02057.HK,20230626,200.0,206.4,197.7,198.5,198.6,-0.1,-0.05,65497.0,13021622.95
02057.HK,20230627,200.0,205.0,200.0,203.8,198.5,5.3,2.67,54850.0,11132474.33
02057.HK,20230628,200.4,201.4,198.2,199.6,203.8,-4.2,-2.06,91950.0,18356520.0
02057.HK,20230629,199.4,202.2,194.7,195.7,199.6,-3.9,-1.95,161950.0,31779725.0
02057.HK,20230630,194.5,199.9,194.5,196.5,195.7,0.8,0.41,236050.0,46570113.1
02057.HK,20230703,196.5,202.0,196.5,200.6,196.5,4.1,2.09,114550.0,22827021.0
02057.HK,20230704,192.0,199.7,192.0,196.2,200.6,-4.4,-2.19,55100.0,10845149.4
02057.HK,20230705,195.0,196.8,193.1,194.4,196.2,-1.8,-0.92,139700.0,27092335.3
02057.HK,20230706,192.6,195.2,190.5,192.6,194.4,-1.8,-0.93,75400.0,14497627.5
02057.HK,20230707,203.0,203.0,193.6,194.2,192.6,1.6,0.83,53000.0,10315422.25
02057.HK,20230710,198.9,198.9,192.7,193.8,194.2,-0.4,-0.21,29000.0,5629913.75
02057.HK,20230711,194.4,197.6,194.4,197.5,193.8,3.7,1.91,194850.0,38328656.0
02057.HK,20230712,203.0,207.8,203.0,205.4,197.5,7.9,4.0,139950.0,28808840.0
02057.HK,20230713,207.0,211.0,207.0,210.0,205.4,4.6,2.24,89150.0,18644984.7
02057.HK,20230714,210.4,212.8,210.4,212.4,210.0,2.4,1.14,32500.0,6895050.3
02057.HK,20230718,212.4,212.4,208.4,209.2,212.4,-3.2,-1.51,83150.0,17409221.75
02057.HK,20230719,208.0,209.8,205.6,209.4,209.2,0.2,0.1,55425.0,11527393.35
02057.HK,20230720,206.0,208.4,202.8,203.2,209.4,-6.2,-2.96,158592.0,32413602.2
02057.HK,20230721,203.6,205.8,202.2,203.0,203.2,-0.2,-0.1,105850.0,21533498.5
02057.HK,20230724,203.4,203.4,199.3,200.6,203.0,-2.4,-1.18,132175.0,26544825.45
02057.HK,20230725,209.0,209.0,206.4,207.4,200.6,6.8,3.39,177154.0,36741718.1
02057.HK,20230726,207.4,209.0,206.6,208.0,207.4,0.6,0.29,49128.0,10201094.7
02057.HK,20230727,209.4,215.0,205.2,213.4,208.0,5.4,2.6,115750.0,24627764.1
02057.HK,20230728,210.2,211.8,207.2,211.4,213.4,-2.0,-0.94,74115.0,15565492.15
02057.HK,20230731,216.0,219.4,214.0,214.6,211.4,3.2,1.51,222775.0,48071976.9
02057.HK,20230801,216.0,216.4,209.8,210.2,214.6,-4.4,-2.05,173550.0,36689499.05
02057.HK,20230802,209.0,210.0,205.0,205.6,210.2,-4.6,-2.19,42300.0,8719656.55
02057.HK,20230803,206.2,208.6,203.0,206.6,205.6,1.0,0.49,146900.0,30431045.2
02057.HK,20230804,210.0,212.8,208.8,209.4,206.6,2.8,1.36,134700.0,28237388.4
02057.HK,20230807,208.0,209.8,207.2,207.8,209.4,-1.6,-0.76,99795.0,20772812.0
02057.HK,20230808,206.2,207.4,204.8,205.6,207.8,-2.2,-1.06,80365.0,16526031.0
02057.HK,20230809,205.8,208.2,205.8,207.6,205.6,2.0,0.97,67350.0,13971676.65
02057.HK,20230810,206.2,207.2,203.6,206.4,207.6,-1.2,-0.58,45800.0,9417873.0
02057.HK,20230811,206.0,206.0,201.0,201.4,206.4,-5.0,-2.42,42950.0,8677860.0
02057.HK,20230814,198.6,199.4,197.2,198.6,201.4,-2.8,-1.39,116605.0,23067041.5
02057.HK,20230815,199.9,202.0,199.4,199.5,198.6,0.9,0.45,175900.0,35233100.0
02057.HK,20230816,199.5,199.5,197.3,198.5,199.5,-1.0,-0.5,189715.0,37582418.0
02057.HK,20230817,197.3,200.2,196.7,198.9,198.5,0.4,0.2,183650.0,36441700.0
02057.HK,20230818,198.2,198.2,193.0,193.6,198.9,-5.3,-2.66,115400.0,22437411.15
02057.HK,20230821,190.0,190.0,176.0,179.6,193.6,-14.0,-7.23,1314531.0,236782814.4
02057.HK,20230822,184.6,186.6,182.4,184.3,179.6,4.7,2.62,970154.0,178027668.05
02057.HK,20230823,184.5,186.6,184.5,185.6,184.3,1.3,0.71,332720.0,61726424.0
02057.HK,20230824,189.0,192.1,188.1,192.1,185.6,6.5,3.5,437500.0,83357880.0
02057.HK,20230825,192.1,192.1,189.3,190.0,192.1,-2.1,-1.09,257550.0,48986589.1
02057.HK,20230828,196.5,196.5,191.4,192.0,190.0,2.0,1.05,412300.0,79284242.85
02057.HK,20230829,191.2,191.8,189.1,191.8,192.0,-0.2,-0.1,349250.0,66691939.15
02057.HK,20230830,193.4,194.1,182.8,184.5,191.8,-7.3,-3.81,794050.0,146760798.4
02057.HK,20230831,189.5,191.8,189.5,190.5,184.5,6.0,3.25,475100.0,90491674.15
02057.HK,20230904,198.9,199.1,196.2,197.2,190.5,6.7,3.52,435628.0,86045204.3
02057.HK,20230905,197.5,197.5,193.4,194.4,197.2,-2.8,-1.42,491350.0,95554149.7
02057.HK,20230906,196.8,197.9,195.2,197.8,194.4,3.4,1.75,610600.0,120019451.55
02057.HK,20230907,193.0,195.1,191.2,192.3,197.8,-5.5,-2.78,373400.0,71794905.0
02057.HK,20230911,189.3,191.8,188.0,190.2,192.3,-2.1,-1.09,911887.0,173028766.75
02057.HK,20230912,191.2,191.2,185.5,185.8,190.2,-4.4,-2.31,878500.0,163435875.0
02057.HK,20230913,187.0,189.5,184.5,186.1,185.8,0.3,0.16,1117200.0,207539271.9
02057.HK,20230914,188.6,192.8,188.6,191.8,186.1,5.7,3.06,1711750.0,328069037.5
02057.HK,20230915,195.0,203.4,194.6,203.4,191.8,11.6,6.05,22673670.0,4598247584.2
02057.HK,20230918,200.0,200.0,193.6,196.1,203.4,-7.3,-3.59,1838187.0,368403590.8
02057.HK,20230919,196.4,197.5,193.4,193.7,196.1,-2.4,-1.22,302400.0,58783673.0
02057.HK,20230920,192.7,194.2,190.5,191.7,193.7,-2.0,-1.03,291378.0,56055866.77
02057.HK,20230921,191.3,193.4,190.7,191.1,191.7,-0.6,-0.31,341050.0,65484862.5
02057.HK,20230922,188.6,193.9,187.5,192.9,191.1,1.8,0.94,235449.0,44929418.5
02057.HK,20230925,190.6,190.6,186.8,187.0,192.9,-5.9,-3.06,338100.0,63623761.2
02057.HK,20230926,189.4,189.4,187.0,187.8,187.0,0.8,0.43,228200.0,42866310.0
02057.HK,20230927,189.3,190.7,188.3,189.0,187.8,1.2,0.64,144912.0,27423107.1
02057.HK,20230928,189.0,189.0,186.9,188.2,189.0,-0.8,-0.42,137700.0,25858397.04
02057.HK,20230929,189.3,191.9,189.1,190.5,188.2,2.3,1.22,198900.0,37911747.5
02057.HK,20231003,187.0,187.0,184.6,185.8,190.5,-4.7,-2.47,163250.0,30283647.5
02057.HK,20231004,185.8,185.8,183.2,184.5,185.8,-1.3,-0.7,277450.0,51168870.0
02057.HK,20231005,185.8,187.4,184.4,185.0,184.5,0.5,0.27,70850.0,13153025.0
02057.HK,20231006,187.4,189.6,187.0,189.5,185.0,4.5,2.43,171800.0,32474120.0
02057.HK,20231009,190.5,192.7,190.5,192.0,189.5,2.5,1.32,84600.0,16235905.0
02057.HK,20231010,193.8,194.3,191.5,191.7,192.0,-0.3,-0.16,142400.0,27356375.0
02057.HK,20231011,194.4,194.4,191.5,192.2,191.7,0.5,0.26,166050.0,31925240.0
02057.HK,20231012,191.2,192.6,191.0,191.7,192.2,-0.5,-0.26,68950.0,13231935.0
02057.HK,20231013,189.7,189.7,186.7,186.7,191.7,-5.0,-2.61,158700.0,29821372.2
02057.HK,20231016,187.5,189.0,186.0,186.3,186.7,-0.4,-0.21,64100.0,11979728.55
02057.HK,20231017,186.5,187.2,184.9,185.8,186.3,-0.5,-0.27,74253.0,13817482.1
02057.HK,20231018,185.8,188.3,185.2,185.8,185.8,0.0,0.0,240972.0,44851120.4
02057.HK,20231019,185.5,185.5,182.6,184.0,185.8,-1.8,-0.97,175900.0,32246587.5
02057.HK,20231020,182.5,182.5,181.0,181.8,184.0,-2.2,-1.2,169500.0,30819602.5
02057.HK,20231024,184.8,184.8,181.0,181.5,181.8,-0.3,-0.17,134800.0,24582537.5
02057.HK,20231025,183.6,185.5,182.6,183.4,181.5,1.9,1.05,61650.0,11316941.7
02057.HK,20231026,184.4,185.4,183.3,185.4,183.4,2.0,1.09,90600.0,16698681.8
02057.HK,20231027,183.8,186.2,180.7,184.8,185.4,-0.6,-0.32,42900.0,7935943.7
02057.HK,20231030,185.7,186.1,184.7,185.2,184.8,0.4,0.22,67550.0,12499051.1
02057.HK,20231031,185.2,185.2,182.6,183.1,185.2,-2.1,-1.13,99200.0,18212803.75
02057.HK,20231101,183.1,183.2,180.8,182.8,183.1,-0.3,-0.16,99689.0,18162636.9
02057.HK,20231102,186.4,186.4,183.8,184.1,182.8,1.3,0.71,78011.0,14428565.1
02057.HK,20231103,185.4,189.5,185.4,188.5,184.1,4.4,2.39,64750.0,12188180.0
02057.HK,20231106,190.4,194.4,190.4,192.0,188.5,3.5,1.86,145750.0,28141704.6
02057.HK,20231107,191.6,191.6,189.2,189.9,192.0,-2.1,-1.09,42162.0,8013811.9
02057.HK,20231108,187.1,188.8,186.3,186.8,189.9,-3.1,-1.63,97450.0,18260941.5
02057.HK,20231109,186.8,187.8,186.5,186.7,186.8,-0.1,-0.05,114536.0,21408744.1
02057.HK,20231110,186.0,186.0,183.6,184.0,186.7,-2.7,-1.45,175050.0,32282875.0
02057.HK,20231113,187.3,189.1,186.3,187.9,184.0,3.9,2.12,82531.0,15458265.15
02057.HK,20231114,186.4,188.3,184.9,185.3,187.9,-2.6,-1.38,48400.0,8986327.85
02057.HK,20231115,188.1,191.5,188.1,190.9,185.3,5.6,3.02,74732.0,14216413.95
02057.HK,20231116,190.8,190.8,186.4,187.0,190.9,-3.9,-2.04,58650.0,10976922.15
02057.HK,20231117,183.6,183.6,175.0,179.0,187.0,-8.0,-4.28,944931.0,169394283.75
02057.HK,20231120,177.2,177.2,171.4,172.9,179.0,-6.1,-3.41,620726.0,107286564.9
02057.HK,20231121,172.9,178.5,170.1,170.5,172.9,-2.4,-1.39,237550.0,40755602.8
02057.HK,20231122,172.7,173.7,171.0,171.1,170.5,0.6,0.35,90565.0,15540205.95
02057.HK,20231123,170.1,175.6,170.1,174.9,171.1,3.8,2.22,106500.0,18567831.05
02057.HK,20231124,174.2,174.7,172.0,174.0,174.9,-0.9,-0.51,136250.0,23665833.8
02057.HK,20231127,172.0,173.3,169.0,170.9,174.0,-3.1,-1.78,316091.0,53888696.3
02057.HK,20231128,173.6,174.1,172.3,173.8,170.9,2.9,1.7,87850.0,15210540.0
02057.HK,20231129,173.0,173.2,171.2,172.4,173.8,-1.4,-0.81,157650.0,27122240.0
02057.HK,20231130,172.4,176.0,172.4,174.8,172.4,2.4,1.39,118600.0,20733235.4
02057.HK,20231201,174.0,174.3,171.0,171.0,174.8,-3.8,-2.17,117550.0,20215345.0
02057.HK,20231204,172.1,173.4,171.2,171.4,171.0,0.4,0.23,106350.0,18269380.0
02057.HK,20231205,170.3,170.4,167.8,169.2,171.4,-2.2,-1.28,124831.0,21118246.55
02057.HK,20231206,167.8,169.3,166.9,168.6,169.2,-0.6,-0.35,107050.0,18028747.5
02057.HK,20231207,167.0,168.0,164.8,168.0,168.6,-0.6,-0.36,76550.0,12760957.05
02057.HK,20231208,166.6,166.6,163.6,164.1,168.0,-3.9,-2.32,160050.0,26310102.7
02057.HK,20231211,164.4,165.6,163.1,164.4,164.1,0.3,0.18,155000.0,25457626.3
02057.HK,20231212,166.0,166.0,162.0,164.1,164.4,-0.3,-0.18,157559.0,25775005.9
02057.HK,20231213,164.1,164.1,160.8,161.7,164.1,-2.4,-1.46,150383.0,24359275.55
02057.HK,20231214,160.6,161.2,157.5,158.6,161.7,-3.1,-1.92,133250.0,21163405.0
02057.HK,20231215,159.7,160.7,157.0,158.8,158.6,0.2,0.13,243155.0,38616753.15
02057.HK,20231218,155.8,155.8,152.9,153.5,158.8,-5.3,-3.34,230313.0,35415274.5
02057.HK,20231219,160.0,160.1,155.1,156.0,153.5,2.5,1.63,116000.0,18115442.5
02057.HK,20231220,153.6,156.7,152.6,152.8,156.0,-3.2,-2.05,89242.0,13753261.8
02057.HK,20231221,154.3,158.2,154.2,157.3,152.8,4.5,2.95,101550.0,15780550.8
02057.HK,20231222,154.2,156.3,152.7,153.0,157.3,-4.3,-2.73,67450.0,10357210.0
02057.HK,20231227,155.7,156.5,154.7,155.6,153.0,2.6,1.7,173000.0,26874637.5
02057.HK,20231228,155.6,160.8,155.5,159.9,155.6,4.3,2.76,115400.0,18414881.5
02057.HK,20231229,161.7,162.7,161.1,162.0,159.9,2.1,1.31,146000.0,23624827.5
02057.HK,20240102,164.7,164.7,161.7,162.8,162.0,0.8,0.49,89400.0,14551593.05
02057.HK,20240103,162.5,162.5,160.4,161.9,162.8,-0.9,-0.55,127373.0,20575696.9
02057.HK,20240104,162.5,164.3,161.1,163.2,161.9,1.3,0.8,121900.0,19793150.0
02057.HK,20240105,158.2,162.2,158.2,160.0,163.2,-3.2,-1.96,82000.0,13163560.0
02057.HK,20240108,157.0,157.0,150.9,152.5,160.0,-7.5,-4.69,261250.0,39770222.5
02057.HK,20240109,152.7,153.2,151.2,151.2,152.5,-1.3,-0.85,130850.0,19888026.5
02057.HK,20240110,150.6,151.8,149.8,150.6,151.2,-0.6,-0.4,101331.0,15247977.05
02057.HK,20240111,149.9,151.7,149.9,150.4,150.6,-0.2,-0.13,52900.0,7976203.8
02057.HK,20240112,149.0,149.8,148.0,148.2,150.4,-2.2,-1.46,66000.0,9837373.35
02057.HK,20240115,148.5,149.1,146.0,146.8,148.2,-1.4,-0.94,38000.0,5594795.0
02057.HK,20240116,146.7,146.8,144.3,145.3,146.8,-1.5,-1.02,89600.0,13022574.3
02057.HK,20240117,140.0,140.1,136.6,136.9,145.3,-8.4,-5.78,216600.0,30015466.8
02057.HK,20240118,139.7,141.3,137.7,140.3,136.9,3.4,2.48,311320.0,43582712.35
02057.HK,20240119,139.6,140.6,136.6,136.8,140.3,-3.5,-2.49,132200.0,18225791.35
02057.HK,20240122,136.6,136.6,129.4,131.3,136.8,-5.5,-4.02,113300.0,14861234.45
02057.HK,20240123,131.8,134.4,129.5,132.8,131.3,1.5,1.14,234750.0,31101644.15
02057.HK,20240124,136.0,138.4,133.5,137.0,132.8,4.2,3.16,255890.0,34753056.85
02057.HK,20240125,137.0,137.2,133.1,136.6,137.0,-0.4,-0.29,319682.0,43285593.1
02057.HK,20240126,135.5,136.3,132.8,133.0,136.6,-3.6,-2.64,254700.0,34331450.0
02057.HK,20240129,133.0,135.1,132.1,133.4,133.0,0.4,0.3,145350.0,19473107.5
02057.HK,20240130,132.6,132.6,128.4,129.4,133.4,-4.0,-3.0,96800.0,12556440.0
02057.HK,20240131,127.4,128.7,126.1,126.8,129.4,-2.6,-2.01,63298.0,8046499.5
02057.HK,20240201,126.8,129.3,126.0,128.0,126.8,1.2,0.95,107650.0,13762710.0
02057.HK,20240202,129.5,130.2,125.8,126.7,128.0,-1.3,-1.02,151370.0,19277881.0
02057.HK,20240205,126.1,127.7,124.1,126.1,126.7,-0.6,-0.47,169850.0,21402087.5
02057.HK,20240206,128.1,135.1,128.0,134.4,126.1,8.3,6.58,336750.0,44782190.05
02057.HK,20240207,139.4,140.4,135.8,138.0,134.4,3.6,2.68,207950.0,28841652.5
02057.HK,20240208,138.0,138.8,136.6,138.5,138.0,0.5,0.36,151450.0,20903481.85
02057.HK,20240209,133.1,133.9,132.0,132.6,138.5,-5.9,-4.26,27200.0,3616115.0
02057.HK,20240214,134.1,137.5,132.5,137.0,132.6,4.4,3.32,59600.0,8059495.0
02057.HK,20240215,137.7,140.7,137.0,140.2,137.0,3.2,2.34,137200.0,19138311.65
02057.HK,20240216,139.9,145.6,139.9,144.1,140.2,3.9,2.78,93276.0,13413836.15
02057.HK,20240219,142.5,142.7,138.0,142.0,144.1,-2.1,-1.46,160043.0,22692567.3
02057.HK,20240220,142.0,144.7,142.0,144.3,142.0,2.3,1.62,94650.0,13599820.0
02057.HK,20240221,145.3,155.5,145.1,153.1,144.3,8.8,6.1,493984.0,75746998.7
02057.HK,20240222,149.8,153.6,149.3,150.4,153.1,-2.7,-1.76,337150.0,50710497.5
02057.HK,20240223,150.4,151.2,148.1,148.9,150.4,-1.5,-1.0,150900.0,22473587.5
02057.HK,20240226,149.9,152.0,149.1,150.1,148.9,1.2,0.81,201450.0,30270978.75
02057.HK,20240227,150.3,151.9,148.5,150.8,150.1,0.7,0.47,153250.0,23042397.5
02057.HK,20240228,150.0,150.5,148.1,148.9,150.8,-1.9,-1.26,167400.0,24988180.0
02057.HK,20240229,149.6,152.0,149.4,150.7,148.9,1.8,1.21,73800.0,11122386.2
02057.HK,20240301,149.4,156.3,149.4,155.0,150.7,4.3,2.85,477620.0,73999447.9
02057.HK,20240304,160.9,174.5,160.9,165.4,155.0,10.4,6.71,2832150.0,472478061.9
02057.HK,20240305,163.0,163.9,158.6,158.9,165.4,-6.5,-3.93,1421923.0,228394399.4
02057.HK,20240306,158.9,163.2,156.0,160.0,158.9,1.1,0.69,950050.0,152601586.4
02057.HK,20240307,160.0,164.7,159.0,160.0,160.0,0.0,0.0,1057417.0,171116799.25
02057.HK,20240308,160.7,161.4,156.8,159.6,160.0,-0.4,-0.25,1053650.0,168610157.45
02057.HK,20240311,159.6,159.6,156.9,158.6,159.6,-1.0,-0.63,1174900.0,185989682.85
02057.HK,20240312,158.6,171.0,157.1,167.4,158.6,8.8,5.55,3068725.0,510367910.9
02057.HK,20240313,167.4,177.7,165.7,172.5,167.4,5.1,3.05,3159588.0,543702767.1
02057.HK,20240314,172.5,182.9,169.5,173.9,172.5,1.4,0.81,2631100.0,464610050.35
02057.HK,20240315,171.2,172.5,168.2,169.8,173.9,-4.1,-2.36,2127725.0,363087134.5
02057.HK,20240318,170.0,176.9,170.0,173.4,169.8,3.6,2.12,1679150.0,293422561.75
02057.HK,20240319,171.9,172.2,167.9,168.7,173.4,-4.7,-2.71,1614511.0,274958057.4
02057.HK,20240320,171.2,181.0,171.2,180.2,168.7,11.5,6.82,2442868.0,436675602.4
02057.HK,20240321,178.4,179.8,174.9,176.2,180.2,-4.0,-2.22,1469100.0,260173890.35
02057.HK,20240322,170.4,170.4,164.0,164.4,176.2,-11.8,-6.7,1942400.0,323079667.5
02057.HK,20240325,165.0,170.7,164.2,166.9,164.4,2.5,1.52,1494450.0,252106332.3
02057.HK,20240326,166.7,168.1,163.8,166.0,166.9,-0.9,-0.54,950350.0,157776438.4
02057.HK,20240327,166.0,167.5,161.4,165.0,166.0,-1.0,-0.6,1167750.0,192834480.9
02057.HK,20240328,164.3,172.0,164.3,169.8,165.0,4.8,2.91,1189400.0,201398672.2
02057.HK,20240402,169.5,176.6,169.1,171.9,169.8,2.1,1.24,2373350.0,411571439.35
02057.HK,20240403,172.1,173.4,169.1,170.2,171.9,-1.7,-0.99,1175100.0,201229978.75
02057.HK,20240405,168.8,168.8,163.8,165.5,170.2,-4.7,-2.76,526197.0,86907494.5
02057.HK,20240408,164.4,167.6,162.3,165.5,165.5,0.0,0.0,1123950.0,185739085.25
02057.HK,20240409,160.5,162.8,156.0,160.1,160.645,-0.545,-0.34,1602400.0,257764680.0
02057.HK,20240410,160.6,165.2,159.2,163.1,160.1,3.0,1.87,1708245.0,278915010.1
02057.HK,20240411,162.0,163.7,160.3,162.1,163.1,-1.0,-0.61,1071900.0,174062492.5
02057.HK,20240412,159.8,160.5,156.6,157.0,162.1,-5.1,-3.15,1188759.0,187587099.75
02057.HK,20240415,155.0,155.0,152.5,154.3,157.0,-2.7,-1.72,1407695.0,216856018.35
02057.HK,20240416,153.3,156.0,151.7,152.3,154.3,-2.0,-1.3,1312395.0,201772214.1
02057.HK,20240417,152.9,154.6,152.0,153.3,152.3,1.0,0.66,1117550.0,171462933.2
02057.HK,20240418,153.0,156.4,150.7,154.8,153.3,1.5,0.98,2141027.0,331397637.8
02057.HK,20240419,159.9,159.9,154.0,155.3,154.8,0.5,0.32,1599300.0,248847834.1
02057.HK,20240422,155.3,163.8,154.9,159.8,155.3,4.5,2.9,2359690.0,379715045.5
02057.HK,20240423,159.0,160.7,156.1,160.0,159.8,0.2,0.13,2315450.0,368452031.2
02057.HK,20240424,159.9,165.5,158.3,164.1,160.0,4.1,2.56,3097195.0,506088060.0
02057.HK,20240425,164.1,171.6,163.4,166.7,164.1,2.6,1.58,2364450.0,396898232.8
02057.HK,20240426,166.7,172.7,164.3,171.0,166.7,4.3,2.58,2426850.0,414906539.1
02057.HK,20240429,171.0,171.2,167.7,168.5,171.0,-2.5,-1.46,1632344.0,276678426.4
02057.HK,20240430,168.9,169.9,166.0,166.8,168.5,-1.7,-1.01,916892.0,153883687.4
02057.HK,20240502,166.5,170.0,164.0,168.5,166.8,1.7,1.02,485751.0,81556893.95
02057.HK,20240503,168.5,172.6,168.5,170.0,168.5,1.5,0.89,423691.0,72131587.75
02057.HK,20240506,168.9,170.8,162.9,169.0,170.0,-1.0,-0.59,1863844.0,315105753.4
02057.HK,20240507,169.0,169.0,163.0,164.1,169.0,-4.9,-2.9,1376850.0,226231153.95
02057.HK,20240508,162.0,163.0,159.2,160.3,164.1,-3.8,-2.32,1411106.0,226948453.25
02057.HK,20240509,160.3,166.8,159.6,164.9,160.3,4.6,2.87,1823480.0,300092119.0
02057.HK,20240510,164.9,170.0,163.3,165.0,164.9,0.1,0.06,1254900.0,208109627.5
02057.HK,20240513,161.2,167.6,160.3,166.3,165.0,1.3,0.79,2823829.0,466579386.2
02057.HK,20240514,169.9,174.5,169.4,173.6,166.3,7.3,4.39,3444797.0,595541617.5
02057.HK,20240516,172.8,191.4,168.8,188.7,173.6,15.1,8.7,6808175.0,1255433807.1
02057.HK,20240517,188.3,195.9,181.1,186.9,188.7,-1.8,-0.95,4734540.0,900859783.15
02057.HK,20240520,190.1,198.0,189.7,190.7,186.9,3.8,2.03,2262132.0,435561339.0
02057.HK,20240521,190.0,196.0,189.3,193.1,190.7,2.4,1.26,2669165.0,516796994.95
02057.HK,20240522,195.5,198.8,193.7,195.7,193.1,2.6,1.35,2059165.0,404814434.65
02057.HK,20240523,194.8,197.0,192.4,192.6,195.7,-3.1,-1.58,2142963.0,417804466.5
02057.HK,20240524,190.2,193.9,188.8,190.9,192.6,-1.7,-0.88,2031380.0,387038238.1
02057.HK,20240527,186.2,193.0,184.4,191.8,190.9,0.9,0.47,1522509.0,288433342.45
02057.HK,20240528,192.2,194.0,189.2,190.2,191.8,-1.6,-0.83,1403558.0,269259466.65
02057.HK,20240529,191.0,191.7,187.7,188.2,190.2,-2.0,-1.05,730105.0,138271510.0
02057.HK,20240530,188.0,189.2,184.2,184.9,188.2,-3.3,-1.75,1183800.0,220227495.65
02057.HK,20240531,185.1,186.9,179.3,179.8,184.9,-5.1,-2.76,1018447.0,186233865.15
02057.HK,20240603,177.6,185.6,177.6,182.3,179.8,2.5,1.39,1654019.0,303591958.95
02057.HK,20240604,182.3,186.3,180.1,184.3,182.3,2.0,1.1,1393113.0,257388158.15
02057.HK,20240605,184.1,188.0,182.4,183.9,184.3,-0.4,-0.22,1272963.0,235628550.7
02057.HK,20240606,183.1,187.8,183.1,183.7,183.9,-0.2,-0.11,953963.0,176696184.9
02057.HK,20240607,185.1,191.1,184.5,187.9,183.7,4.2,2.29,1070533.0,201635210.5
02057.HK,20240611,186.8,186.8,181.0,182.3,187.9,-5.6,-2.98,950750.0,174053223.8
02057.HK,20240612,179.0,182.2,176.7,176.9,182.3,-5.4,-2.96,1080250.0,192279274.45
02057.HK,20240613,175.5,176.1,173.1,175.7,176.9,-1.2,-0.68,1939659.0,338565665.85
02057.HK,20240614,176.8,178.5,173.9,176.6,175.7,0.9,0.51,697500.0,123516064.0
02057.HK,20240617,176.6,177.3,173.5,175.2,176.6,-1.4,-0.79,588905.0,102763142.0
02057.HK,20240618,176.3,176.3,172.2,173.6,175.2,-1.6,-0.91,600284.0,104265811.6
02057.HK,20240619,172.3,173.5,165.1,173.2,173.6,-0.4,-0.23,1158599.0,198237534.2
02057.HK,20240620,175.0,175.0,165.3,169.0,173.2,-4.2,-2.42,2454611.0,412334947.0
02057.HK,20240621,165.2,168.3,163.2,165.7,169.0,-3.3,-1.95,1069868.0,177530542.3
02057.HK,20240624,167.1,167.1,162.2,165.6,165.7,-0.1,-0.06,713407.0,116964589.55
02057.HK,20240625,172.1,173.7,169.6,170.5,165.6,4.9,2.96,1342118.0,230594091.05
02057.HK,20240626,169.2,172.0,168.4,169.5,170.5,-1.0,-0.59,411326.0,69897983.16
02057.HK,20240627,166.2,167.4,162.2,165.2,169.5,-4.3,-2.54,1553721.0,257359067.1
02057.HK,20240628,164.0,166.0,162.5,164.2,165.2,-1.0,-0.61,825000.0,135706106.45
02057.HK,20240702,162.0,164.2,159.6,161.1,164.2,-3.1,-1.89,1252547.0,202972691.75
02057.HK,20240703,159.8,163.4,159.8,161.9,161.1,0.8,0.5,750150.0,121319874.25
02057.HK,20240704,162.9,163.7,157.1,157.4,161.9,-4.5,-2.78,1787005.0,283144315.3
02057.HK,20240705,157.4,160.7,157.0,157.5,157.4,0.1,0.06,874755.0,138053894.65
02057.HK,20240708,155.1,157.4,151.6,154.8,157.5,-2.7,-1.71,1002752.0,154222929.25
02057.HK,20240709,155.7,159.3,155.0,158.5,154.8,3.7,2.39,956800.0,150451798.8
02057.HK,20240710,158.7,159.6,156.4,156.4,158.5,-2.1,-1.32,496250.0,78294042.45
02057.HK,20240711,156.4,158.6,154.8,157.9,156.4,1.5,0.96,574150.0,90181287.5
02057.HK,20240712,156.2,161.8,156.2,160.0,157.9,2.1,1.33,914110.0,146238109.75
02057.HK,20240715,158.1,161.2,157.7,158.9,160.0,-1.1,-0.69,424479.0,67721169.55
02057.HK,20240716,156.9,156.9,153.8,154.2,158.9,-4.7,-2.96,508549.0,78537142.8
02057.HK,20240717,155.7,158.1,155.7,157.0,154.2,2.8,1.82,488850.0,76948542.5
02057.HK,20240718,158.5,158.5,155.0,157.2,157.0,0.2,0.13,478938.0,75128050.6
02057.HK,20240719,154.5,155.3,150.3,153.0,157.2,-4.2,-2.67,1239257.0,188929972.1
02057.HK,20240722,153.0,158.2,153.0,157.7,153.0,4.7,3.07,658050.0,103032365.7
02057.HK,20240723,158.3,161.2,156.8,157.4,157.7,-0.3,-0.19,698900.0,110687071.3
02057.HK,20240724,150.2,152.2,149.0,151.0,157.4,-6.4,-4.07,1382887.0,208881983.45
02057.HK,20240725,151.0,152.1,149.3,151.0,151.0,0.0,0.0,645770.0,97260456.8
02057.HK,20240726,147.5,150.0,146.4,148.5,151.0,-2.5,-1.66,1379050.0,204234194.8
02057.HK,20240729,148.5,151.4,148.5,149.1,148.5,0.6,0.4,689577.0,103392125.0
02057.HK,20240730,149.1,149.1,144.8,146.0,149.1,-3.1,-2.08,1136524.0,165841152.25
02057.HK,20240731,145.9,149.7,143.6,149.2,146.0,3.2,2.19,1084320.0,160903975.0
02057.HK,20240801,148.9,152.6,148.7,150.6,149.2,1.4,0.94,972300.0,146599959.2
02057.HK,20240802,145.1,147.6,143.8,144.2,150.6,-6.4,-4.25,1122250.0,162844875.7
02057.HK,20240805,144.0,154.3,141.7,146.7,144.2,2.5,1.73,1916850.0,282674565.3
02057.HK,20240806,148.8,155.4,148.8,153.3,146.7,6.6,4.5,948400.0,145671350.85
02057.HK,20240807,153.8,156.3,150.7,155.1,153.3,1.8,1.17,1184053.0,183249076.5
02057.HK,20240808,155.1,157.3,151.9,154.7,155.1,-0.4,-0.26,857373.0,133379097.6
02057.HK,20240809,155.9,159.7,155.3,156.0,154.7,1.3,0.84,465084.0,72989507.15
02057.HK,20240812,155.9,155.9,154.0,155.4,156.0,-0.6,-0.38,528850.0,82019719.9
02057.HK,20240813,155.4,156.9,151.7,155.7,155.4,0.3,0.19,733168.0,113429853.35
02057.HK,20240814,155.2,155.4,152.3,152.9,155.7,-2.8,-1.8,242500.0,37173515.25
02057.HK,20240815,153.1,155.0,150.6,152.6,152.9,-0.3,-0.2,431173.0,66073427.0
02057.HK,20240816,152.6,154.9,152.1,153.9,152.6,1.3,0.85,505150.0,77769348.85
02057.HK,20240819,153.9,156.1,152.5,155.2,153.9,1.3,0.84,464557.0,72065604.35
02057.HK,20240820,157.2,162.0,156.7,158.7,155.2,3.5,2.26,894450.0,141649176.5
02057.HK,20240821,157.0,166.0,152.0,161.2,158.7,2.5,1.58,1228630.0,198746100.5
02057.HK,20240822,161.9,165.9,161.9,165.5,161.2,4.3,2.67,1258424.0,206305777.1
02057.HK,20240823,165.3,165.3,160.7,161.5,165.5,-4.0,-2.42,847650.0,137216242.0
02057.HK,20240826,161.0,161.0,157.3,159.3,161.5,-2.2,-1.36,798000.0,126338159.5
02057.HK,20240827,160.3,163.1,159.6,161.2,159.3,1.9,1.19,568600.0,91719615.0
02057.HK,20240828,162.1,163.8,160.8,161.2,161.2,0.0,0.0,454011.0,73764085.7
02057.HK,20240829,161.2,165.4,159.7,164.4,161.2,3.2,1.99,872874.0,142931460.3
02057.HK,20240830,165.5,171.4,164.3,171.2,164.4,6.8,4.14,3647993.0,619865904.3
02057.HK,20240902,168.7,174.4,166.4,172.1,171.2,0.9,0.53,2394303.0,408729019.4
02057.HK,20240903,171.5,179.1,171.5,175.1,172.1,3.0,1.74,2442346.0,431474051.93
02057.HK,20240904,173.8,175.1,171.0,174.1,175.1,-1.0,-0.57,1355860.0,234873317.6
02057.HK,20240905,170.5,171.5,166.5,169.0,174.1,-5.1,-2.93,1425840.0,240887246.6
02057.HK,20240909,166.0,169.8,164.0,167.6,166.273,1.327,0.8,1173778.0,196227947.315
02057.HK,20240910,167.6,171.1,167.6,169.5,167.6,1.9,1.13,510650.0,86515394.25
02057.HK,20240911,168.2,171.2,167.4,170.7,169.5,1.2,0.71,587750.0,99418535.0
02057.HK,20240912,171.9,171.9,167.7,168.6,170.7,-2.1,-1.23,481750.0,81395418.1
02057.HK,20240913,169.7,173.2,169.7,172.0,168.6,3.4,2.02,601900.0,103527437.5
02057.HK,20240916,170.8,173.5,169.3,173.0,172.0,1.0,0.58,203760.0,35149804.0
02057.HK,20240917,174.4,174.4,170.2,173.0,173.0,0.0,0.0,203740.0,35143039.0
02057.HK,20240919,173.0,175.8,170.3,174.9,173.0,1.9,1.1,1007746.0,175538824.45
02057.HK,20240920,176.0,177.4,171.0,173.2,174.9,-1.7,-0.97,1403217.0,242922449.05
02057.HK,20240923,168.6,172.3,167.6,168.6,173.2,-4.6,-2.66,883300.0,149599514.65
02057.HK,20240924,168.8,177.0,166.8,176.0,168.6,7.4,4.39,1565040.0,272430975.4
02057.HK,20240925,176.2,180.4,167.0,168.7,176.0,-7.3,-4.15,2038494.0,351324245.2
02057.HK,20240926,172.3,184.2,171.8,182.4,168.7,13.7,8.12,2270689.0,407341268.1
02057.HK,20240927,184.6,190.3,180.2,188.7,182.4,6.3,3.45,3337063.0,620593032.9
02057.HK,20240930,192.5,204.2,190.2,195.9,188.7,7.2,3.82,2371667.0,465349592.5
02057.HK,20241002,197.9,212.6,197.9,211.4,195.9,15.5,7.91,1607485.0,336943066.5
02057.HK,20241003,210.2,211.6,200.4,210.0,211.4,-1.4,-0.66,1306384.0,272046888.6
02057.HK,20241004,207.0,219.0,205.0,215.4,210.0,5.4,2.57,1295038.0,276469945.25
02057.HK,20241007,214.8,214.8,207.6,211.2,215.4,-4.2,-1.95,899590.0,189882275.5
02057.HK,20241008,198.6,211.2,188.2,195.4,211.2,-15.8,-7.48,2677288.0,530991422.0
02057.HK,20241009,199.8,205.6,191.3,198.2,195.4,2.8,1.43,1699937.0,337100507.9
02057.HK,20241010,200.0,205.6,196.5,204.6,198.2,6.4,3.23,2090769.0,424823736.9
02057.HK,20241014,203.0,205.4,193.9,202.6,204.6,-2.0,-0.98,1881300.0,377276430.45
02057.HK,20241015,199.6,202.4,190.0,195.2,202.6,-7.4,-3.65,2151737.0,420274568.95
02057.HK,20241016,193.9,197.5,191.3,196.2,195.2,1.0,0.51,972520.0,189711450.2
02057.HK,20241017,196.9,200.8,191.5,192.7,196.2,-3.5,-1.78,742946.0,144870055.5
02057.HK,20241018,192.7,200.4,191.4,198.9,192.7,6.2,3.22,1718804.0,338766546.6
02057.HK,20241021,195.2,196.5,191.7,194.7,198.9,-4.2,-2.11,1206980.0,234283822.75
02057.HK,20241022,194.9,196.9,191.3,194.0,194.7,-0.7,-0.36,1010877.0,195666024.5
02057.HK,20241023,192.7,198.9,192.2,195.5,194.0,1.5,0.77,1176857.0,230360137.3
02057.HK,20241024,193.8,195.0,191.6,192.8,195.5,-2.7,-1.38,547322.0,105317357.45
02057.HK,20241025,189.4,194.0,181.7,184.2,192.8,-8.6,-4.46,3057500.0,574201815.0
02057.HK,20241028,186.0,191.8,180.1,188.2,184.2,4.0,2.17,5116203.0,943572116.63
02057.HK,20241029,188.1,192.5,183.5,185.4,188.2,-2.8,-1.49,1887950.0,351395542.5
02057.HK,20241030,184.0,184.9,177.0,180.6,185.4,-4.8,-2.59,1765064.0,317690134.4
02057.HK,20241031,180.6,183.6,178.7,179.7,180.6,-0.9,-0.5,1398502.0,251524608.8
02057.HK,20241101,179.7,183.2,178.6,181.7,179.7,2.0,1.11,939626.0,170609360.35
02057.HK,20241104,181.6,184.9,167.1,174.6,181.7,-7.1,-3.91,3652604.0,632198606.55
02057.HK,20241105,172.2,180.0,169.0,179.3,174.6,4.7,2.69,2538417.0,443088460.5
02057.HK,20241106,179.3,179.8,171.7,175.3,179.3,-4.0,-2.23,1992150.0,347916282.6
02057.HK,20241107,175.0,177.9,173.4,176.8,175.3,1.5,0.86,1450861.0,255516623.3
02057.HK,20241108,177.7,178.0,171.0,174.1,176.8,-2.7,-1.53,1096470.0,189912521.2
02057.HK,20241111,169.1,173.7,167.3,171.2,174.1,-2.9,-1.67,1142226.0,193415751.4
02057.HK,20241112,168.0,171.9,166.3,168.2,171.2,-3.0,-1.75,1422667.0,240240699.45
02057.HK,20241113,166.0,167.8,162.1,167.0,168.2,-1.2,-0.71,2490295.0,409813463.83
02057.HK,20241114,163.5,165.4,161.1,162.7,167.0,-4.3,-2.57,1399300.0,228611623.6
02057.HK,20241115,162.0,165.2,161.0,163.8,162.7,1.1,0.68,1049816.0,171707377.25
02057.HK,20241118,164.3,167.9,162.6,163.7,163.8,-0.1,-0.06,1076980.0,177155474.85
02057.HK,20241119,164.7,166.3,162.5,165.7,163.7,2.0,1.22,974850.0,160464253.95
02057.HK,20241120,162.0,165.8,156.0,161.6,165.7,-4.1,-2.47,4662543.0,745964531.1
02057.HK,20241121,161.4,161.4,154.4,156.8,161.6,-4.8,-2.97,2629057.0,410556344.35
02057.HK,20241122,156.8,156.8,150.6,151.9,156.8,-4.9,-3.13,2593364.0,396757842.1
02057.HK,20241125,151.9,154.9,148.9,150.1,151.9,-1.8,-1.18,2459633.0,369691117.75
02057.HK,20241126,148.9,150.6,147.2,148.8,150.1,-1.3,-0.87,1910769.0,285119293.7
02057.HK,20241127,147.7,151.7,145.8,150.5,148.8,1.7,1.14,1923724.0,286389180.7
02057.HK,20241128,150.8,150.9,146.2,147.8,150.5,-2.7,-1.79,1126274.0,166060188.2
02057.HK,20241129,147.5,149.7,146.0,147.5,147.8,-0.3,-0.2,1145583.0,169335085.1
02057.HK,20241202,148.6,149.4,146.4,148.8,147.5,1.3,0.88,996400.0,147611694.8
02057.HK,20241203,149.0,150.4,147.3,149.8,148.8,1.0,0.67,1140527.0,169799730.75
02057.HK,20241204,149.8,149.8,146.3,148.4,149.8,-1.4,-0.93,1186892.0,175208046.6
02057.HK,20241205,146.6,146.6,144.2,145.6,148.4,-2.8,-1.89,1266736.0,183936854.9
02057.HK,20241206,145.8,147.9,143.4,146.9,145.6,1.3,0.89,1466194.0,213601492.4
02057.HK,20241209,145.5,150.2,142.2,149.9,146.9,3.0,2.04,1557766.0,226961439.95
02057.HK,20241210,153.0,157.4,146.1,146.1,149.9,-3.8,-2.54,1851750.0,278570342.5
02057.HK,20241211,145.8,149.4,145.8,146.8,146.1,0.7,0.48,841295.0,124453477.45
02057.HK,20241212,145.9,150.2,144.6,148.0,146.8,1.2,0.82,1468550.0,217605235.35
02057.HK,20241213,148.0,152.8,147.4,152.0,148.0,4.0,2.7,1957512.0,296848776.15
02057.HK,20241216,150.6,153.9,150.0,151.4,152.0,-0.6,-0.39,2725389.0,414423452.3
02057.HK,20241217,152.8,156.7,150.1,153.4,151.4,2.0,1.32,2519776.0,388543027.8
02057.HK,20241218,156.7,158.5,155.2,155.6,153.4,2.2,1.43,2039900.0,319208319.6
02057.HK,20241219,154.5,155.3,151.6,154.3,155.6,-1.3,-0.84,1226396.0,189139786.1
02057.HK,20241220,153.5,155.9,152.7,153.2,154.3,-1.1,-0.71,1091618.0,168096401.3
02057.HK,20241223,153.2,155.5,152.1,155.2,153.2,2.0,1.31,775952.0,119574760.9
02057.HK,20241224,154.0,157.3,153.2,157.3,155.2,2.1,1.35,634700.0,99284272.65
02057.HK,20241227,156.0,156.0,151.1,153.5,157.3,-3.8,-2.42,1371290.0,210078027.5
02057.HK,20241230,152.5,154.7,152.2,152.4,153.5,-1.1,-0.72,781950.0,120025855.0
02057.HK,20241231,150.2,152.8,148.9,151.3,152.4,-1.1,-0.72,895261.0,135599650.1
02057.HK,20250102,151.4,152.2,148.7,150.1,151.3,-1.2,-0.79,1178700.0,177016770.45
02057.HK,20250103,149.0,152.7,147.5,151.3,150.1,1.2,0.8,1732350.0,260923221.75
02057.HK,20250106,150.4,150.5,147.2,149.7,151.3,-1.6,-1.06,1160170.0,173517470.5
02057.HK,20250107,148.0,148.7,144.6,148.0,149.7,-1.7,-1.14,1892912.0,277221084.5
02057.HK,20250108,147.0,148.7,145.6,146.7,148.0,-1.3,-0.88,882009.0,129309692.6
02057.HK,20250109,145.6,148.2,144.8,145.9,146.7,-0.8,-0.55,737245.0,107677234.6
02057.HK,20250110,146.2,146.9,141.2,142.0,145.9,-3.9,-2.67,1852937.0,264229573.5
02057.HK,20250113,140.3,140.8,138.0,140.4,142.0,-1.6,-1.13,1003470.0,140329880.0
02057.HK,20250114,139.5,146.4,139.1,145.7,140.4,5.3,3.77,2140194.0,309488043.6
02057.HK,20250115,147.1,147.1,143.0,144.0,145.7,-1.7,-1.17,1200738.0,173362649.7
02057.HK,20250116,141.6,147.1,141.6,146.0,144.0,2.0,1.39,1476130.0,215386019.35
02057.HK,20250117,145.7,151.4,145.2,150.4,146.0,4.4,3.01,758150.0,113422216.1
02057.HK,20250120,150.0,152.8,147.3,151.0,150.4,0.6,0.4,1898430.0,286429073.55
02057.HK,20250121,140.0,154.3,140.0,152.4,151.0,1.4,0.93,632600.0,96584382.5
02057.HK,20250122,152.4,152.7,149.6,150.7,152.4,-1.7,-1.12,1573339.0,237081452.25
02057.HK,20250123,147.5,148.0,144.0,144.6,150.7,-6.1,-4.05,2423645.0,352688547.5
02057.HK,20250124,142.9,146.6,142.9,145.7,144.6,1.1,0.76,923113.0,134398935.65
02057.HK,20250127,145.8,147.3,144.5,146.5,145.7,0.8,0.55,1226484.0,179654314.35
02057.HK,20250128,147.2,151.3,147.1,151.0,146.5,4.5,3.07,382312.0,57562890.2
02057.HK,20250203,146.8,146.8,141.2,142.4,151.0,-8.6,-5.7,1327000.0,188974033.3
02057.HK,20250204,143.8,147.7,142.9,146.9,142.4,4.5,3.16,793991.0,115622533.95
02057.HK,20250205,146.9,149.2,145.0,149.0,146.9,2.1,1.43,1641909.0,242660609.5
02057.HK,20250206,147.2,150.5,146.9,150.4,149.0,1.4,0.94,786469.0,117332900.5
02057.HK,20250207,149.0,151.4,147.5,150.5,150.4,0.1,0.07,1355532.0,203288092.45
02057.HK,20250210,150.5,154.1,150.5,152.6,150.5,2.1,1.4,1172313.0,179432974.85
02057.HK,20250211,152.6,153.9,148.1,148.9,152.6,-3.7,-2.42,1158143.0,174190651.5
02057.HK,20250212,146.0,152.1,146.0,151.7,148.9,2.8,1.88,1630319.0,246487666.8
02057.HK,20250213,152.4,160.8,152.3,154.6,151.7,2.9,1.91,2113694.0,330205789.0
02057.HK,20250214,155.0,157.8,153.0,157.3,154.6,2.7,1.75,1470096.0,228363941.06
02057.HK,20250217,157.5,159.2,154.4,157.2,157.3,-0.1,-0.06,2061950.0,323134115.5
02057.HK,20250218,154.4,159.6,154.1,158.4,157.2,1.2,0.76,1355054.0,213578175.45
02057.HK,20250219,155.1,159.8,154.2,157.0,158.4,-1.4,-0.88,1723100.0,271176312.9
02057.HK,20250220,157.0,157.5,154.3,155.4,157.0,-1.6,-1.02,1159918.0,180887862.55
02057.HK,20250221,159.0,162.2,158.8,162.0,155.4,6.6,4.25,2048853.0,329150516.6
02057.HK,20250224,162.2,162.7,157.2,157.5,162.0,-4.5,-2.78,1688880.0,268785471.35
02057.HK,20250225,154.9,156.3,152.1,152.9,157.5,-4.6,-2.92,1921268.0,294773870.7
02057.HK,20250226,152.1,156.4,152.1,154.9,152.9,2.0,1.31,2413029.0,373348447.85
02057.HK,20250227,152.5,156.5,151.2,154.2,154.9,-0.7,-0.45,1812244.0,278431497.1
02057.HK,20250228,153.0,153.8,148.2,149.7,154.2,-4.5,-2.92,1564563.0,235642726.75
02057.HK,20250303,150.4,155.3,150.4,152.2,149.7,2.5,1.67,2087227.0,319005029.72
02057.HK,20250304,152.9,162.0,151.1,158.9,152.2,6.7,4.4,1975390.0,312480950.5
02057.HK,20250305,159.3,162.5,157.3,161.0,158.9,2.1,1.32,1428850.0,228634908.95
02057.HK,20250306,161.5,162.3,159.3,162.1,161.0,1.1,0.68,2115084.0,339582132.7
02057.HK,20250307,161.0,161.1,157.0,158.5,162.1,-3.6,-2.22,5233427.0,830248647.91
02057.HK,20250310,158.5,160.9,154.8,158.5,158.5,0.0,0.0,1337706.0,210507998.7
02057.HK,20250311,157.0,159.6,155.1,159.1,158.5,0.6,0.38,1476005.0,231981660.4
02057.HK,20250312,154.6,155.4,150.2,151.7,159.1,-7.4,-4.65,2883049.0,440210345.1
02057.HK,20250313,151.4,151.6,149.0,150.2,151.7,-1.5,-0.99,2163226.0,324783456.95
02057.HK,20250314,152.8,157.4,151.4,154.6,150.2,4.4,2.93,2304158.0,356144404.2
02057.HK,20250317,155.0,161.7,155.0,159.5,154.6,4.9,3.17,2181970.0,348093741.79
02057.HK,20250318,162.0,165.0,160.8,165.0,159.5,5.5,3.45,2886317.0,470939119.91
02057.HK,20250319,165.0,176.0,165.0,172.2,165.0,7.2,4.36,3929752.0,677869476.05
02057.HK,20250320,172.1,172.1,161.7,162.7,172.2,-9.5,-5.52,3193800.0,527105940.0
02057.HK,20250321,159.8,162.9,155.0,156.4,162.7,-6.3,-3.87,22086537.0,3462571589.25
02057.HK,20250324,157.1,158.1,155.3,157.3,156.4,0.9,0.58,1681805.0,263396957.035
02057.HK,20250325,156.1,157.7,153.4,155.5,157.3,-1.8,-1.14,1775943.0,275838497.85
02057.HK,20250326,155.3,158.1,154.6,156.9,155.5,1.4,0.9,1667215.0,260780658.5
02057.HK,20250327,155.9,157.2,153.8,156.1,156.9,-0.8,-0.51,1831772.0,285246958.6
02057.HK,20250328,160.0,160.0,155.1,156.9,156.1,0.8,0.51,2011531.0,315608901.15
02057.HK,20250331,155.8,155.8,150.9,153.5,156.9,-3.4,-2.17,2002127.0,306261823.95
02057.HK,20250401,153.5,157.1,153.4,155.9,153.5,2.4,1.56,1732380.0,269861545.5
02057.HK,20250402,154.3,155.1,152.3,154.3,155.9,-1.6,-1.03,1301452.0,199958301.15
02057.HK,20250403,150.1,151.9,149.4,151.4,154.3,-2.9,-1.88,1922071.0,289910022.0
02057.HK,20250407,143.0,143.2,136.0,136.6,151.4,-14.8,-9.78,5501960.0,769744749.3
02057.HK,20250408,139.0,144.4,135.7,138.2,136.6,1.6,1.17,3235400.0,450959808.55
02057.HK,20250409,127.6,138.8,123.7,137.6,135.481,2.119,1.56,5582596.0,749953025.0
02057.HK,20250410,137.6,142.7,136.3,141.0,137.6,3.4,2.47,2671955.0,375145255.65
02057.HK,20250411,140.4,140.4,135.6,139.4,141.0,-1.6,-1.13,2732849.0,377804812.4
02057.HK,20250414,142.5,145.4,141.6,144.2,139.4,4.8,3.44,1434706.0,206839377.9
02057.HK,20250415,145.4,148.3,145.3,147.2,144.2,3.0,2.08,1493089.0,218526381.2
02057.HK,20250416,146.6,146.9,144.7,145.8,147.2,-1.4,-0.95,2172650.0,316697697.75
02057.HK,20250417,146.0,149.1,145.4,148.0,145.8,2.2,1.51,1113259.0,164412832.6
02057.HK,20250422,146.0,149.0,145.0,148.9,148.0,0.9,0.61,1365346.0,201121550.81
02057.HK,20250423,148.6,149.3,146.2,147.2,148.9,-1.7,-1.14,1515715.0,223184171.95
02057.HK,20250424,146.5,149.6,146.0,149.1,147.2,1.9,1.29,1372311.0,202861658.95
02057.HK,20250425,149.0,150.0,147.1,149.1,149.1,0.0,0.0,2446384.0,363772099.5
02057.HK,20250428,149.1,149.2,145.9,148.5,149.1,-0.6,-0.4,1335300.0,197167422.0
02057.HK,20250429,149.0,151.0,147.4,149.5,148.5,1.0,0.67,1529858.0,227674804.4
02057.HK,20250430,148.3,148.3,145.1,146.3,149.5,-3.2,-2.14,1715456.0,250761846.6
02057.HK,20250502,146.0,148.1,143.4,147.1,146.3,0.8,0.55,1474500.0,216349368.15
02057.HK,20250506,149.0,152.2,146.2,150.6,147.1,3.5,2.38,1386709.0,209040585.15
02057.HK,20250507,150.6,151.3,148.8,148.8,150.6,-1.8,-1.2,1610450.0,241136142.5
02057.HK,20250508,148.6,149.6,146.2,148.1,148.8,-0.7,-0.47,1257752.0,186605881.0
02057.HK,20250509,148.1,148.7,146.2,147.6,148.1,-0.5,-0.34,1098640.0,161826692.25
02057.HK,20250512,147.6,151.2,147.1,150.4,147.6,2.8,1.9,2089710.0,312185092.65
02057.HK,20250513,149.0,149.0,144.7,144.9,150.4,-5.5,-3.66,1812333.0,264609100.9
02057.HK,20250514,144.9,147.5,144.5,147.5,144.9,2.6,1.79,1397069.0,204565283.55
02057.HK,20250515,147.4,147.4,143.2,143.3,147.5,-4.2,-2.85,994724.0,143727216.7
02057.HK,20250516,143.3,143.9,141.1,143.7,143.3,0.4,0.28,1044300.0,149034687.6
02057.HK,20250519,147.8,150.7,146.8,149.5,143.7,5.8,4.04,3216929.0,479503138.8
02057.HK,20250520,149.5,149.5,143.5,144.4,149.5,-5.1,-3.41,3380222.0,490409373.9
02057.HK,20250521,142.9,142.9,135.1,136.2,144.4,-8.2,-5.68,6184229.0,844406013.33
02057.HK,20250522,134.8,134.9,132.9,133.8,136.2,-2.4,-1.76,4001209.0,534632758.65
02057.HK,20250523,134.0,136.1,133.7,134.1,133.8,0.3,0.22,3230996.0,434090486.2
02057.HK,20250526,134.1,136.4,133.9,134.4,134.1,0.3,0.22,1608251.0,216839426.95
02057.HK,20250527,134.5,136.2,133.9,134.3,134.4,-0.1,-0.07,1638244.0,220768828.35
02057.HK,20250528,132.8,137.1,132.0,134.5,134.3,0.2,0.15,3844069.0,518147771.05
02057.HK,20250529,137.9,141.3,137.2,140.4,134.5,5.9,4.39,2289050.0,320195850.0
02057.HK,20250530,141.3,141.3,138.2,138.3,140.4,-2.1,-1.5,2120725.0,294534364.25
02057.HK,20250602,138.0,138.3,134.6,135.7,138.3,-2.6,-1.88,852690.0,115784564.675
02057.HK,20250603,135.3,138.3,134.8,135.8,135.7,0.1,0.07,1745104.0,237590256.4
02057.HK,20250604,135.8,135.8,131.5,133.4,135.8,-2.4,-1.77,3231650.0,430071012.35
02057.HK,20250605,134.4,135.2,132.6,133.4,133.4,0.0,0.0,2822514.0,376875028.65
02057.HK,20250606,133.9,134.2,132.6,134.2,133.4,0.8,0.6,7072600.0,947529078.85
02057.HK,20250609,134.6,141.3,134.2,139.8,134.2,5.6,4.17,5970344.0,815721102.1
02057.HK,20250610,141.6,142.3,139.1,139.7,139.8,-0.1,-0.07,1409148.0,197894210.45
02057.HK,20250611,139.7,141.1,138.7,139.4,139.7,-0.3,-0.21,2109351.0,294784254.9
02057.HK,20250612,138.7,139.8,137.3,138.9,139.4,-0.5,-0.36,1246300.0,173189177.75
02057.HK,20250613,139.1,141.5,138.0,138.6,138.9,-0.3,-0.22,1783696.0,248973883.7
02057.HK,20250616,137.0,139.8,137.0,139.5,138.6,0.9,0.65,1411638.0,195728268.8
02057.HK,20250617,139.7,139.8,137.6,138.0,139.5,-1.5,-1.08,957020.0,132460620.85
02057.HK,20250618,137.0,137.1,134.8,135.0,138.0,-3.0,-2.17,1474230.0,199893145.35
02057.HK,20250619,134.9,135.0,132.0,132.9,135.0,-2.1,-1.56,1776650.0,236046239.5
02057.HK,20250620,134.8,135.4,133.5,135.0,132.9,2.1,1.58,2055390.0,276963826.35
02057.HK,20250623,133.5,135.5,133.5,135.0,135.0,0.0,0.0,952961.0,128452535.6
02057.HK,20250624,135.6,137.6,135.6,137.5,135.0,2.5,1.85,947500.0,129916912.35
02057.HK,20250625,137.5,142.3,137.5,141.4,137.5,3.9,2.84,2069706.0,291371096.0
02057.HK,20250626,141.0,141.8,138.4,139.6,141.4,-1.8,-1.27,1354793.0,189679389.15
02057.HK,20250627,139.5,141.2,138.7,139.8,139.6,0.2,0.14,1372696.0,192092180.8
02057.HK,20250630,141.6,141.6,138.2,138.5,139.8,-1.3,-0.93,893410.0,124328400.6
02057.HK,20250702,140.5,141.9,139.2,140.9,138.5,2.4,1.73,1017042.0,142854328.52
02057.HK,20250703,141.0,143.7,141.0,143.1,140.9,2.2,1.56,1444219.0,206177554.35
02057.HK,20250704,143.1,143.1,140.2,140.5,143.1,-2.6,-1.82,919632.0,129994535.4
02057.HK,20250707,140.5,140.5,138.4,139.2,140.5,-1.3,-0.93,1034082.0,143976802.9
02057.HK,20250708,141.0,141.0,138.9,140.0,139.2,0.8,0.57,744814.0,104076593.5
02057.HK,20250709,140.0,140.4,138.2,138.6,140.0,-1.4,-1.0,728050.0,101423020.0
02057.HK,20250710,138.7,149.0,138.7,148.8,138.6,10.2,7.36,5600392.0,819532788.4
02057.HK,20250711,150.3,155.0,146.8,147.6,148.8,-1.2,-0.81,5767094.0,864872395.95
02057.HK,20250714,147.3,147.3,144.7,144.7,147.6,-2.9,-1.96,1808722.0,264448002.05
02057.HK,20250715,145.0,146.1,141.1,145.1,144.7,0.4,0.28,2023852.0,291225930.4
02057.HK,20250716,144.6,148.0,142.4,142.5,145.1,-2.6,-1.79,1484700.0,214124287.5
02057.HK,20250717,142.6,143.6,141.7,142.8,142.5,0.3,0.21,1328025.0,189279157.5
02057.HK,20250718,142.8,152.2,142.8,152.1,142.8,9.3,6.51,4413521.0,659488171.9
02057.HK,20250721,153.3,153.5,148.1,148.6,152.1,-3.5,-2.3,2527365.0,379988676.8
02057.HK,20250722,148.7,152.3,146.8,152.2,148.6,3.6,2.42,2209372.0,331369863.0
02057.HK,20250723,154.6,157.5,151.3,152.0,152.2,-0.2,-0.13,2388200.0,365171670.0
02057.HK,20250724,151.9,160.0,151.7,158.2,152.0,6.2,4.08,4090487.0,645022204.05
02057.HK,20250725,158.2,165.7,158.0,160.6,158.2,2.4,1.52,4008494.0,648761115.2
02057.HK,20250728,161.3,164.3,157.6,158.2,160.6,-2.4,-1.49,2376037.0,381334877.8
02057.HK,20250729,156.4,157.1,150.8,156.0,158.2,-2.2,-1.39,3859554.0,595135361.45
02057.HK,20250730,157.1,163.8,156.2,159.6,156.0,3.6,2.31,6756413.0,1087446536.65
02057.HK,20250731,159.6,159.6,151.1,151.9,159.6,-7.7,-4.82,3681574.0,563820537.15
02057.HK,20250801,153.0,168.8,153.0,163.2,151.9,11.3,7.44,10135340.0,1650997331.0
02057.HK,20250804,161.5,163.5,157.8,161.3,163.2,-1.9,-1.16,3718880.0,599063536.45
02057.HK,20250805,161.9,165.7,155.1,158.6,161.3,-2.7,-1.67,4242032.0,671603279.8
02057.HK,20250806,156.0,158.1,154.6,156.6,158.6,-2.0,-1.26,2334882.0,365182502.95
02057.HK,20250807,157.6,166.7,157.6,163.1,156.6,6.5,4.15,6978020.0,1137004911.9
02057.HK,20250808,163.1,165.9,162.0,163.8,163.1,0.7,0.43,1895630.0,310770628.5
02057.HK,20250811,163.0,163.6,159.2,159.9,163.8,-3.9,-2.38,2364036.0,379292155.0
02057.HK,20250812,160.0,160.2,155.5,156.8,159.9,-3.1,-1.94,2976916.0,466621409.4
02057.HK,20250813,156.8,159.6,155.8,159.6,156.8,2.8,1.79,3870667.0,610241401.2
02057.HK,20250814,159.0,159.8,156.4,156.7,159.6,-2.9,-1.82,1649730.0,260146153.4
02057.HK,20250815,157.0,157.6,154.9,156.2,156.7,-0.5,-0.32,2354012.0,367606627.6
02057.HK,20250818,156.4,163.4,156.4,161.1,156.2,4.9,3.14,3865575.0,624068378.18
02057.HK,20250819,159.9,159.9,155.2,155.8,161.1,-5.3,-3.29,3053651.0,476321258.0
02057.HK,20250820,151.8,159.0,150.6,154.7,155.8,-1.1,-0.71,4855838.0,755056048.45
02057.HK,20250821,153.9,156.2,148.2,149.8,154.7,-4.9,-3.17,3152500.0,476492018.0
02057.HK,20250822,149.6,150.0,146.5,147.8,149.8,-2.0,-1.34,2602329.0,384019252.8
02057.HK,20250825,149.7,151.2,147.0,149.9,147.8,2.1,1.42,1984310.0,296497298.5
02057.HK,20250826,149.9,151.0,148.4,148.8,149.9,-1.1,-0.73,2204873.0,329091518.25
02057.HK,20250827,150.4,151.9,147.5,147.9,148.8,-0.9,-0.6,2544619.0,380876867.115
02057.HK,20250828,146.9,147.2,141.8,143.5,147.9,-4.4,-2.97,3912950.0,562287332.5
02057.HK,20250829,143.5,143.5,140.4,140.6,143.5,-2.9,-2.02,2862156.0,404794317.05
02057.HK,20250901,141.1,143.0,140.6,141.7,140.6,1.1,0.78,1308000.0,185653720.0
02057.HK,20250902,141.7,142.4,138.4,139.1,141.7,-2.6,-1.83,1995741.0,278788150.4
02057.HK,20250903,139.1,140.9,138.8,140.9,139.1,1.8,1.29,1963662.0,275256542.2
02057.HK,20250904,141.0,143.5,141.0,142.3,140.9,1.4,0.99,2666767.0,380830887.05
02057.HK,20250905,142.3,144.0,140.9,143.5,142.3,1.2,0.84,1800507.0,257618508.9
02057.HK,20250908,143.7,147.9,142.7,147.1,143.5,3.6,2.51,2737111.0,400136075.7
02057.HK,20250909,147.1,151.6,146.5,148.2,147.1,1.1,0.75,2257826.0,337804197.9
02057.HK,20250910,148.2,153.7,147.3,151.3,148.2,3.1,2.09,3484940.0,527240133.2
02057.HK,20250911,150.0,151.4,148.1,148.6,151.3,-2.7,-1.78,1687570.0,252202970.65
02057.HK,20250912,150.1,151.3,148.3,149.1,148.6,0.5,0.34,1409179.0,210658372.2
02057.HK,20250915,147.8,150.2,145.9,148.5,149.1,-0.6,-0.4,2095335.0,309832618.25
02057.HK,20250916,149.6,151.6,148.3,149.2,148.5,0.7,0.47,871786.0,130526853.0
02057.HK,20250917,150.5,151.5,147.3,149.6,149.2,0.4,0.27,2068044.0,307783450.9
02057.HK,20250918,148.0,149.8,145.4,145.9,149.6,-3.7,-2.47,1797878.0,264966773.95
02057.HK,20250919,146.8,151.2,145.5,147.5,145.9,1.6,1.1,4141712.0,612141015.9
02057.HK,20250922,146.2,149.7,145.0,146.6,147.5,-0.9,-0.61,2340007.0,344381419.45
02057.HK,20250923,146.6,146.9,143.0,144.4,146.6,-2.2,-1.5,2230066.0,321467204.9
02057.HK,20250924,144.4,147.2,143.2,145.4,144.4,1.0,0.69,1314448.0,191866834.16
02057.HK,20250925,146.9,147.5,144.2,146.1,145.4,0.7,0.48,1383200.0,201455625.0
02057.HK,20250926,148.0,151.0,146.5,148.4,146.1,2.3,1.57,2468472.0,368384749.05
02057.HK,20250929,149.3,150.5,148.0,150.3,146.066,4.234,2.9,1440288.0,215000002.4
02057.HK,20250930,148.2,150.3,146.2,147.5,150.3,-2.8,-1.86,2435838.0,358249369.3
02057.HK,20251002,147.5,149.7,147.1,148.6,147.5,1.1,0.75,1136638.0,168596288.05
02057.HK,20251003,146.6,148.1,145.6,146.6,148.6,-2.0,-1.35,516150.0,75528782.95
02057.HK,20251006,146.6,149.3,146.0,148.0,146.6,1.4,0.95,492255.0,72977444.0
02057.HK,20251008,148.0,148.0,144.3,145.4,148.0,-2.6,-1.76,938663.0,136143001.65
02057.HK,20251009,148.1,152.1,147.6,151.5,145.4,6.1,4.2,3190881.0,480365222.5
02057.HK,20251010,150.1,150.8,148.3,149.4,151.5,-2.1,-1.39,1296633.0,193590466.1
02057.HK,20251013,145.1,147.2,143.5,145.0,149.4,-4.4,-2.95,2261334.0,328306124.65
02057.HK,20251014,144.7,147.4,141.8,142.4,145.0,-2.6,-1.79,1626351.0,234239537.3
02057.HK,20251015,144.3,145.7,143.6,145.5,142.4,3.1,2.18,1368756.0,198135287.3
02057.HK,20251016,145.5,148.7,145.5,146.8,145.5,1.3,0.89,941946.0,138479240.8
02057.HK,20251017,146.8,146.8,142.0,142.6,146.8,-4.2,-2.86,1422366.0,204268645.7
02057.HK,20251020,145.9,149.5,145.9,148.2,142.6,5.6,3.93,1448746.0,214898803.3
02057.HK,20251021,148.1,150.6,147.4,149.9,148.2,1.7,1.15,787629.0,117823661.2
02057.HK,20251022,147.7,148.8,146.3,147.2,149.9,-2.7,-1.8,903873.0,133137635.3
02057.HK,20251023,147.1,149.5,146.6,148.6,147.2,1.4,0.95,511079.0,75768835.55
02057.HK,20251024,149.3,150.2,147.9,148.9,148.6,0.3,0.2,701450.0,104498590.95
02057.HK,20251027,148.8,150.7,148.2,149.6,148.9,0.7,0.47,1128249.0,168956591.05
02057.HK,20251028,151.1,151.3,148.1,148.9,149.6,-0.7,-0.47,698368.0,103954318.75
02057.HK,20251030,148.9,149.5,140.6,142.8,148.9,-6.1,-4.1,2926365.0,421517764.1
02057.HK,20251031,144.8,145.7,142.3,142.6,142.8,-0.2,-0.14,1806179.0,259138867.95
02057.HK,20251103,143.9,146.3,142.4,146.1,142.6,3.5,2.45,1017180.0,147232703.75
02057.HK,20251104,145.0,147.0,143.0,145.0,146.1,-1.1,-0.75,1538774.0,223427409.6
02057.HK,20251105,145.0,145.1,142.1,145.1,145.0,0.1,0.07,1287689.0,185764789.8
02057.HK,20251106,144.7,147.8,144.3,147.4,145.1,2.3,1.59,1328838.0,194967563.95
02057.HK,20251107,146.6,146.6,142.3,143.1,147.4,-4.3,-2.92,1508785.0,216704770.45
02057.HK,20251110,144.8,149.0,144.5,148.7,143.1,5.6,3.91,1199180.0,177318766.45
02057.HK,20251111,148.5,148.8,146.2,148.7,148.7,0.0,0.0,679251.0,100204823.95
02057.HK,20251112,148.3,151.3,148.3,150.6,148.7,1.9,1.28,795419.0,119590783.8
02057.HK,20251113,150.6,151.3,147.3,150.3,150.6,-0.3,-0.2,1459803.0,217634846.65
02057.HK,20251114,148.1,149.2,145.2,145.6,150.3,-4.7,-3.13,689950.0,101270178.35
02057.HK,20251117,146.8,147.7,144.9,145.8,145.6,0.2,0.14,1052150.0,153706567.3
02057.HK,20251118,145.1,146.4,143.9,146.1,145.8,0.3,0.21,1507012.0,219086695.0
02057.HK,20251119,146.2,150.4,146.0,147.5,146.1,1.4,0.96,1398311.0,206637613.05
02057.HK,20251120,148.2,152.9,147.4,149.3,147.5,1.8,1.22,2844918.0,427003494.5
02057.HK,20251121,147.6,150.3,146.3,148.8,149.3,-0.5,-0.33,1957255.0,292295295.85
02057.HK,20251124,148.8,149.5,145.1,149.4,148.8,0.6,0.4,3200993.0,472861315.6
02057.HK,20251125,151.0,156.5,150.9,155.5,149.4,6.1,4.08,2647055.0,408453115.23
02057.HK,20251126,157.6,163.0,157.6,162.1,155.5,6.6,4.24,2655440.0,428776785.9
02057.HK,20251127,162.9,163.5,160.0,161.3,162.1,-0.8,-0.49,1896881.0,305970950.9
02057.HK,20251128,161.9,161.9,157.5,159.5,161.3,-1.8,-1.12,1251925.0,198755240.9
02057.HK,20251201,159.7,162.1,159.2,161.2,159.5,1.7,1.07,1075192.0,172665091.9
02057.HK,20251202,159.7,162.8,159.2,160.8,161.2,-0.4,-0.25,1015817.0,163185983.2
02057.HK,20251203,160.4,162.0,158.6,161.5,160.8,0.7,0.44,1402816.0,225577189.1
02057.HK,20251204,161.4,164.7,160.7,164.5,161.5,3.0,1.86,1421348.0,232370913.75
02057.HK,20251205,164.0,169.8,163.0,168.8,164.5,4.3,2.61,2845488.0,478183449.02
02057.HK,20251208,169.3,169.3,163.7,165.2,168.8,-3.6,-2.13,2945542.0,486702949.6
02057.HK,20251209,163.5,165.1,162.2,163.5,165.2,-1.7,-1.03,1462750.0,239347281.25
02057.HK,20251210,163.4,163.4,160.6,161.3,163.5,-2.2,-1.35,1268238.0,205002610.2
02057.HK,20251211,162.7,163.2,160.3,162.8,161.3,1.5,0.93,1185440.0,191752673.8
02057.HK,20251212,165.8,170.3,163.1,169.9,162.8,7.1,4.36,2083861.0,350637768.8
02057.HK,20251215,169.6,169.6,163.0,163.4,169.9,-6.5,-3.83,1550668.0,255235995.6
02057.HK,20251216,164.5,165.9,161.4,162.2,163.4,-1.2,-0.73,1066928.0,173595763.4
02057.HK,20251217,163.8,164.4,161.1,162.2,162.2,0.0,0.0,760038.0,123332517.5
02057.HK,20251218,162.8,166.4,162.8,165.2,162.2,3.0,1.85,1299414.0,214816110.8
02057.HK,20251219,166.2,166.8,164.7,166.7,165.2,1.5,0.91,1267227.0,210777527.7
02057.HK,20251222,168.4,168.4,163.9,165.1,166.7,-1.6,-0.96,672212.0,110820807.1
02057.HK,20251223,165.0,167.5,165.0,165.8,165.1,0.7,0.42,616163.0,102493145.4
02057.HK,20251224,166.4,167.4,164.6,164.7,165.8,-1.1,-0.66,350289.0,57975463.7
02057.HK,20251229,167.5,169.0,164.8,165.6,164.7,0.9,0.55,1313506.0,219280991.2
02057.HK,20251230,167.4,167.4,163.0,165.5,165.6,-0.1,-0.06,949759.0,156779107.8
02057.HK,20251231,163.7,165.4,160.2,162.3,165.5,-3.2,-1.93,576612.0,94153220.85
02057.HK,20260102,162.7,167.1,162.7,166.7,162.3,4.4,2.71,423669.0,70485082.2
02057.HK,20260105,167.4,170.2,167.1,169.1,166.7,2.4,1.44,2075831.0,349663457.05
02057.HK,20260106,169.1,174.7,169.1,171.4,169.1,2.3,1.36,2537071.0,437416194.8
02057.HK,20260107,171.4,173.1,168.3,169.7,171.4,-1.7,-0.99,1455496.0,246742137.1
02057.HK,20260108,167.9,169.7,162.4,169.2,169.7,-0.5,-0.29,1728784.0,290727843.5
02057.HK,20260109,169.5,173.9,169.5,171.8,169.2,2.6,1.54,2386991.0,410158960.5
02057.HK,20260112,170.0,172.8,170.0,171.0,171.8,-0.8,-0.47,2228784.0,381823012.9
02057.HK,20260113,172.0,174.9,170.3,171.4,171.0,0.4,0.23,1907843.0,328550482.0
02057.HK,20260114,171.3,175.6,170.7,172.0,171.4,0.6,0.35,2258798.0,390258809.9
02057.HK,20260115,175.3,182.7,173.1,174.7,172.0,2.7,1.57,2902758.0,512394940.55
02057.HK,20260116,176.4,177.6,173.4,174.1,174.7,-0.6,-0.34,1624975.0,283018903.25
02057.HK,20260119,173.5,174.9,170.7,172.7,174.1,-1.4,-0.8,2135400.0,367401180.0
02057.HK,20260120,172.7,173.7,168.0,173.3,172.7,0.6,0.35,1478766.0,255446659.05
02057.HK,20260121,170.7,176.6,170.7,174.1,173.3,0.8,0.46,2195374.0,383450296.1
02057.HK,20260122,174.4,177.1,171.1,172.1,174.1,-2.0,-1.15,2079474.0,358091567.1
02057.HK,20260123,175.7,175.7,171.0,171.2,172.1,-0.9,-0.52,1613655.0,278041546.0
02057.HK,20260126,171.4,171.8,167.8,168.3,171.2,-2.9,-1.69,1554079.0,262349252.95
02057.HK,20260127,168.3,171.3,167.5,168.9,168.3,0.6,0.36,1480892.0,250910597.3
02057.HK,20260128,168.2,174.8,168.2,173.2,168.9,4.3,2.55,1719879.0,296793956.6
02057.HK,20260129,173.1,175.9,171.1,174.7,173.2,1.5,0.87,1497564.0,261249363.55
02057.HK,20260130,171.4,175.5,171.4,173.6,174.7,-1.1,-0.63,1546982.0,268753745.35
02057.HK,20260202,173.6,173.6,168.5,169.7,173.6,-3.9,-2.25,1219268.0,207748928.8
02057.HK,20260203,170.6,176.0,170.6,175.0,169.7,5.3,3.12,1888745.0,330231497.75
02057.HK,20260204,179.5,180.8,176.2,179.1,175.0,4.1,2.34,2567315.0,461061185.25
02057.HK,20260205,180.1,184.2,178.5,183.4,179.1,4.3,2.4,4230860.0,773750826.12
02057.HK,20260206,183.4,185.4,178.0,185.0,183.4,1.6,0.87,3771927.0,694497397.45
02057.HK,20260209,188.3,188.7,183.3,187.0,185.0,2.0,1.08,2681390.0,498086275.1
02057.HK,20260210,187.1,190.8,186.3,190.5,187.0,3.5,1.87,2286786.0,431660596.3
02057.HK,20260211,191.5,195.3,190.8,193.8,190.5,3.3,1.73,2820475.0,547545292.07
02057.HK,20260212,194.6,196.1,192.8,193.8,193.8,0.0,0.0,2177742.0,423322050.2
02057.HK,20260213,191.6,193.1,188.4,191.9,193.8,-1.9,-0.98,1278066.0,243765267.6
02057.HK,20260216,191.9,193.4,188.2,193.4,191.9,1.5,0.78,241465.0,46495372.45
02057.HK,20260220,193.5,197.6,193.5,194.1,193.4,0.7,0.36,1256983.0,245983334.5
02057.HK,20260223,194.1,198.0,194.0,195.1,194.1,1.0,0.52,984838.0,192644472.8
02057.HK,20260224,195.5,197.8,191.2,191.9,195.1,-3.2,-1.64,2142847.0,413552607.2
02057.HK,20260225,195.4,196.2,189.7,191.2,191.9,-0.7,-0.36,2478191.0,475958471.1
02057.HK,20260226,191.5,192.5,183.7,185.7,191.2,-5.5,-2.88,4011352.0,746728578.3
02057.HK,20260227,187.6,191.8,187.6,191.5,185.7,5.8,3.12,4059035.0,773323117.75
02057.HK,20260302,186.9,190.5,184.8,187.5,191.5,-4.0,-2.09,1939195.0,362554088.005
02057.HK,20260303,187.5,188.6,180.1,182.6,187.5,-4.9,-2.61,2382819.0,435486695.7
02057.HK,20260304,180.8,182.2,178.0,180.1,182.6,-2.5,-1.37,1963049.0,352085247.7
02057.HK,20260305,180.1,183.4,178.0,179.0,180.1,-1.1,-0.61,1679437.0,301473184.4
02057.HK,20260306,178.0,182.6,176.1,181.2,179.0,2.2,1.23,2009122.0,362336630.15
02057.HK,20260309,179.7,181.1,175.0,179.6,181.2,-1.6,-0.88,1456111.0,260334627.45
02057.HK,20260310,184.0,186.0,181.3,182.9,179.6,3.3,1.84,1863897.0,342039146.85
02057.HK,20260311,182.0,187.6,182.0,185.1,182.9,2.2,1.2,1530075.0,284519132.5
02057.HK,20260312,183.0,187.8,182.2,184.3,185.1,-0.8,-0.43,2019726.0,373774050.4
02057.HK,20260313,184.4,192.6,184.4,188.5,184.3,4.2,2.28,3092050.0,586900210.7
02057.HK,20260316,188.0,192.2,185.7,186.6,188.5,-1.9,-1.01,1707718.0,320793964.65
02057.HK,20260317,185.0,190.2,182.3,182.8,186.6,-3.8,-2.04,1634065.0,300917423.6
02057.HK,20260318,182.8,198.7,181.0,196.4,182.8,13.6,7.44,4629186.0,898867838.85
02057.HK,20260319,196.4,200.0,194.6,195.8,196.4,-0.6,-0.31,3074250.0,605268120.0
02057.HK,20260320,198.7,199.1,192.4,193.8,195.8,-2.0,-1.02,2049613.0,400187682.5
02057.HK,20260323,194.6,194.6,187.9,190.0,193.8,-3.8,-1.96,2563660.0,486055611.1
02057.HK,20260324,192.8,197.5,191.6,197.3,190.0,7.3,3.84,2794086.0,543262583.35
02057.HK,20260325,198.3,198.8,192.8,194.9,197.3,-2.4,-1.22,2672999.0,521138297.35
02057.HK,20260326,191.0,191.0,185.4,187.9,194.9,-7.0,-3.59,1806359.0,338592441.25
02057.HK,20260327,190.6,192.0,189.7,190.8,187.9,2.9,1.54,1889418.0,360144725.2
02057.HK,20260330,185.7,191.8,185.3,191.7,190.8,0.9,0.47,3676137.0,695408871.2
02057.HK,20260331,192.0,192.0,184.4,188.5,191.7,-3.2,-1.67,2269752.0,425308956.45
02057.HK,20260401,195.2,196.0,192.7,193.7,188.5,5.2,2.76,2308848.0,449141192.75
02057.HK,20260402,190.7,191.5,188.0,190.0,190.643,-0.643,-0.34,1630128.0,308787757.0
