symbol,market,asset_type,trade_date,open,high,low,close,prev_close,volume,amount,pct_change,ret_1d,log_ret_1d,quality_flag,ingest_time,data_version
2057.HK,HK,equity,2020-09-29,244.0,245.2,236.4,238.0,218.0,4253374.0,1010196218.25,0.09174311926605494,0.09174311926605494,0.08777561088238559,PASS,2026-05-29T14:16:23Z,D20260529.01
2057.HK,HK,equity,2020-09-30,228.0,228.0,220.0,224.2,238.0,793798.0,177979536.4,-0.05798319327731094,-0.05798319327731094,-0.05973216303341518,PASS,2026-05-29T14:16:23Z,D20260529.01
2057.HK,HK,equity,2020-10-05,224.2,236.0,219.2,223.0,224.2,146646.0,32656665.8,-0.005352363960749229,-0.005352363960749229,-0.005366739177940675,PASS,2026-05-29T14:16:23Z,D20260529.01
2057.HK,HK,equity,2020-10-06,224.0,227.0,222.0,224.0,223.0,410932.0,92234005.85,0.004484304932735439,0.004484304932735439,0.004474280394921107,PASS,2026-05-29T14:16:23Z,D20260529.01
2057.HK,HK,equity,2020-10-07,224.0,227.2,221.0,226.0,224.0,471444.0,105672582.4,0.008928571428571397,0.008928571428571397,0.008888947417245994,PASS,2026-05-29T14:16:23Z,D20260529.01
2057.HK,HK,equity,2020-10-08,225.6,225.6,221.8,223.8,226.0,111867.0,24975438.0,-0.009734513274336276,-0.009734513274336276,-0.009782203394461012,PASS,2026-05-29T14:16:23Z,D20260529.01
2057.HK,HK,equity,2020-10-09,224.6,225.8,221.6,222.8,223.8,88524.0,19733730.4,-0.0044682752457551045,-0.0044682752457551045,-0.004478287824695867,PASS,2026-05-29T14:16:23Z,D20260529.01
2057.HK,HK,equity,2020-10-12,227.8,238.0,227.8,235.0,222.8,654256.0,152905913.0,0.05475763016157975,0.05475763016157975,0.05331100609102987,PASS,2026-05-29T14:16:23Z,D20260529.01
2057.HK,HK,equity,2020-10-14,234.0,235.0,229.0,232.0,235.0,173100.0,40095140.0,-0.012765957446808529,-0.012765957446808529,-0.012848142477849024,PASS,2026-05-29T14:16:23Z,D20260529.01
2057.HK,HK,equity,2020-10-15,228.0,230.2,224.2,225.2,232.0,379196.0,86154666.0,-0.02931034482758621,-0.02931034482758621,-0.029748475400774643,PASS,2026-05-29T14:16:23Z,D20260529.01
2057.HK,HK,equity,2020-10-16,220.0,225.6,220.0,223.6,225.2,251500.0,56236148.35,-0.007104795737122527,-0.007104795737122527,-0.007130154984591191,PASS,2026-05-29T14:16:23Z,D20260529.01
2057.HK,HK,equity,2020-10-19,223.2,227.8,223.2,225.0,223.6,104956.0,23740997.8,0.0062611806797854275,0.0062611806797854275,0.006241660923476134,PASS,2026-05-29T14:16:23Z,D20260529.01
2057.HK,HK,equity,2020-10-20,224.6,226.4,222.8,223.2,225.0,97600.0,21901990.0,-0.008000000000000007,-0.008000000000000007,-0.008032171697264267,PASS,2026-05-29T14:16:23Z,D20260529.01
2057.HK,HK,equity,2020-10-21,228.4,237.0,228.4,235.8,223.2,303750.0,71144450.0,0.05645161290322598,0.05645161290322598,0.05491575759611484,PASS,2026-05-29T14:16:23Z,D20260529.01
2057.HK,HK,equity,2020-10-22,237.0,239.0,233.4,237.4,235.8,211900.0,50058683.06,0.006785411365564098,0.006785411365564098,0.006762494072297171,PASS,2026-05-29T14:16:23Z,D20260529.01
2057.HK,HK,equity,2020-10-23,237.4,238.2,236.8,237.8,237.4,3661950.0,855299423.2,0.0016849199663016012,0.0016849199663016012,0.0016835020811137944,PASS,2026-05-29T14:16:23Z,D20260529.01
2057.HK,HK,equity,2020-10-27,237.6,237.6,229.0,233.0,237.8,88725.0,20664520.0,-0.020185029436501356,-0.020185029436501356,-0.02039153069098099,PASS,2026-05-29T14:16:23Z,D20260529.01
2057.HK,HK,equity,2020-10-28,232.8,232.8,228.0,228.6,233.0,69773.0,16032359.4,-0.018884120171673846,-0.018884120171673846,-0.019064702204990312,PASS,2026-05-29T14:16:23Z,D20260529.01
2057.HK,HK,equity,2020-10-29,226.0,238.0,226.0,231.8,228.6,250050.0,57719410.0,0.013998250218722808,0.013998250218722808,0.0139011795449412,PASS,2026-05-29T14:16:23Z,D20260529.01
2057.HK,HK,equity,2020-10-30,231.6,232.2,228.6,229.2,231.8,46950.0,10797390.0,-0.011216566005176953,-0.011216566005176953,-0.011279946065066913,PASS,2026-05-29T14:16:23Z,D20260529.01
2057.HK,HK,equity,2020-11-02,229.2,229.2,224.0,227.8,229.2,92906.0,20946241.0,-0.006108202443280919,-0.006108202443280919,-0.006126933827502675,PASS,2026-05-29T14:16:23Z,D20260529.01
2057.HK,HK,equity,2020-11-03,224.4,230.6,224.4,228.0,227.8,133550.0,30510242.5,0.0008779631255486642,0.0008779631255486642,0.0008775779413589422,PASS,2026-05-29T14:16:23Z,D20260529.01
2057.HK,HK,equity,2020-11-04,226.8,229.0,225.4,228.0,228.0,104950.0,23827530.0,0.0,0.0,0.0,PASS,2026-05-29T14:16:23Z,D20260529.01
2057.HK,HK,equity,2020-11-05,232.4,238.2,232.0,238.0,228.0,367250.0,86558380.0,0.04385964912280693,0.04385964912280693,0.042925044717033844,PASS,2026-05-29T14:16:23Z,D20260529.01
2057.HK,HK,equity,2020-11-06,239.0,246.8,238.0,242.2,238.0,281930.0,68736598.68,0.01764705882352935,0.01764705882352935,0.01749315744751712,PASS,2026-05-29T14:16:23Z,D20260529.01
2057.HK,HK,equity,2020-11-09,243.6,248.8,243.6,245.0,242.2,197558.0,48820608.6,0.011560693641618602,0.011560693641618602,0.011494379425735212,PASS,2026-05-29T14:16:23Z,D20260529.01
2057.HK,HK,equity,2020-11-10,244.0,244.8,235.6,237.0,245.0,222650.0,52910646.55,-0.03265306122448974,-0.03265306122448974,-0.03319806940959574,PASS,2026-05-29T14:16:23Z,D20260529.01
2057.HK,HK,equity,2020-11-11,237.0,237.0,228.4,230.0,237.0,73150.0,16880980.0,-0.029535864978902926,-0.029535864978902926,-0.029980832211935784,PASS,2026-05-29T14:16:23Z,D20260529.01
2057.HK,HK,equity,2020-11-12,231.2,233.2,227.4,228.6,230.0,69950.0,16066400.0,-0.006086956521739184,-0.006086956521739184,-0.006105557562485147,PASS,2026-05-29T14:16:23Z,D20260529.01
2057.HK,HK,equity,2020-11-13,235.2,239.6,234.6,236.2,228.6,160950.0,38258660.0,0.03324584426946631,0.03324584426946631,0.03270515240255164,PASS,2026-05-29T14:16:23Z,D20260529.01
2057.HK,HK,equity,2020-11-16,249.0,259.8,245.0,252.6,236.2,346350.0,87484380.0,0.06943268416596116,0.06943268416596116,0.0671283061531289,PASS,2026-05-29T14:16:23Z,D20260529.01
2057.HK,HK,equity,2020-11-17,253.8,264.0,253.8,259.8,252.6,792952.0,204719925.2,0.028503562945368266,0.028503562945368266,0.02810489432010852,PASS,2026-05-29T14:16:23Z,D20260529.01
2057.HK,HK,equity,2020-11-18,255.8,259.0,253.2,257.0,259.8,268050.0,68973011.75,-0.010777521170130866,-0.010777521170130866,-0.010836019341279361,PASS,2026-05-29T14:16:23Z,D20260529.01
2057.HK,HK,equity,2020-11-19,244.0,249.4,235.2,245.8,257.0,615255.0,151536164.0,-0.04357976653696494,-0.04357976653696494,-0.04455788776328531,PASS,2026-05-29T14:16:23Z,D20260529.01
2057.HK,HK,equity,2020-11-20,242.2,242.2,232.4,235.0,245.8,536400.0,126636227.49,-0.04393816110659077,-0.04393816110659077,-0.04493268298777553,PASS,2026-05-29T14:16:23Z,D20260529.01
2057.HK,HK,equity,2020-11-23,233.0,235.6,230.8,233.2,235.0,326850.0,76139575.0,-0.007659574468085184,-0.007659574468085184,-0.0076890596678217266,PASS,2026-05-29T14:16:23Z,D20260529.01
2057.HK,HK,equity,2020-11-24,233.0,233.0,228.0,228.4,233.2,374409.0,86015580.7,-0.020583190394511064,-0.020583190394511064,-0.020797976694482075,PASS,2026-05-29T14:16:23Z,D20260529.01
2057.HK,HK,equity,2020-11-25,229.2,233.8,228.0,230.0,228.4,263300.0,60727050.0,0.007005253940455258,0.007005253940455258,0.006980831141340141,PASS,2026-05-29T14:16:23Z,D20260529.01
2057.HK,HK,equity,2020-11-26,230.0,230.0,228.0,228.6,230.0,49619.0,11345062.2,-0.006086956521739184,-0.006086956521739184,-0.006105557562485147,PASS,2026-05-29T14:16:23Z,D20260529.01
2057.HK,HK,equity,2020-11-27,228.6,231.0,228.2,228.6,228.6,39400.0,9039100.0,0.0,0.0,0.0,PASS,2026-05-29T14:16:23Z,D20260529.01
2057.HK,HK,equity,2020-11-30,228.6,228.6,222.6,222.6,228.6,100136.0,22552254.4,-0.026246719160105014,-0.026246719160105014,-0.026597312519265854,PASS,2026-05-29T14:16:23Z,D20260529.01
2057.HK,HK,equity,2020-12-01,222.2,222.6,217.8,219.6,222.6,221250.0,48611860.0,-0.013477088948787075,-0.013477088948787075,-0.013568729206068903,PASS,2026-05-29T14:16:23Z,D20260529.01
2057.HK,HK,equity,2020-12-02,220.2,222.4,218.8,221.2,219.6,213300.0,47038220.0,0.007285974499089187,0.007285974499089187,0.007259560012804102,PASS,2026-05-29T14:16:23Z,D20260529.01
2057.HK,HK,equity,2020-12-03,222.6,226.4,222.0,225.2,221.2,132100.0,29569930.0,0.018083182640144635,0.018083182640144635,0.01792162661735555,PASS,2026-05-29T14:16:23Z,D20260529.01
2057.HK,HK,equity,2020-12-04,225.2,227.0,221.2,222.0,225.2,48700.0,10852610.0,-0.014209591474245054,-0.014209591474245054,-0.014311514393255809,PASS,2026-05-29T14:16:23Z,D20260529.01
2057.HK,HK,equity,2020-12-07,221.0,221.4,216.4,219.2,222.0,93200.0,20327830.0,-0.012612612612612706,-0.012612612612612706,-0.012692826798419071,PASS,2026-05-29T14:16:23Z,D20260529.01
2057.HK,HK,equity,2020-12-08,218.0,219.0,216.2,217.8,219.2,44700.0,9711490.0,-0.006386861313868564,-0.006386861313868564,-0.006407344575000323,PASS,2026-05-29T14:16:23Z,D20260529.01
2057.HK,HK,equity,2020-12-09,217.0,219.2,216.0,218.0,217.8,54000.0,11784790.0,0.0009182736455464191,0.0009182736455464191,0.0009178522902289597,PASS,2026-05-29T14:16:23Z,D20260529.01
2057.HK,HK,equity,2020-12-10,218.0,219.8,216.2,217.0,218.0,152850.0,33357990.0,-0.004587155963302725,-0.004587155963302725,-0.0045977092486294314,PASS,2026-05-29T14:16:23Z,D20260529.01
2057.HK,HK,equity,2020-12-11,217.0,219.8,217.0,218.2,217.0,100300.0,21890570.0,0.0055299539170505785,0.0055299539170505785,0.005514719858510781,PASS,2026-05-29T14:16:23Z,D20260529.01
2057.HK,HK,equity,2020-12-14,220.0,220.0,214.0,215.4,218.2,217900.0,47035660.0,-0.012832263978001746,-0.012832263978001746,-0.012915308676682166,PASS,2026-05-29T14:16:23Z,D20260529.01
2057.HK,HK,equity,2020-12-15,213.4,213.4,205.8,209.2,215.4,297500.0,61825520.0,-0.028783658310120752,-0.028783658310120752,-0.0292060325315204,PASS,2026-05-29T14:16:23Z,D20260529.01
2057.HK,HK,equity,2020-12-16,209.2,209.2,206.2,207.2,209.2,74000.0,15329930.0,-0.009560229445506718,-0.009560229445506718,-0.009606221805439867,PASS,2026-05-29T14:16:23Z,D20260529.01
2057.HK,HK,equity,2020-12-17,211.8,219.8,211.2,216.0,207.2,204850.0,44006960.0,0.04247104247104261,0.04247104247104261,0.04159389729883714,PASS,2026-05-29T14:16:23Z,D20260529.01
2057.HK,HK,equity,2020-12-18,217.2,218.4,214.0,215.8,216.0,140389.0,30407846.1,-0.0009259259259258856,-0.0009259259259258856,-0.0009263548601306772,PASS,2026-05-29T14:16:23Z,D20260529.01
2057.HK,HK,equity,2020-12-21,215.8,220.0,215.8,217.0,215.8,71150.0,15551260.0,0.00556070435588496,0.00556070435588496,0.005545300716425148,PASS,2026-05-29T14:16:23Z,D20260529.01
2057.HK,HK,equity,2020-12-22,217.0,219.0,217.0,218.0,217.0,50800.0,11078150.0,0.004608294930875667,0.004608294930875667,0.004597709248629549,PASS,2026-05-29T14:16:23Z,D20260529.01
2057.HK,HK,equity,2020-12-23,218.6,220.0,217.6,218.2,218.0,100600.0,21977057.51,0.0009174311926605228,0.0009174311926605228,0.0009170106098814064,PASS,2026-05-29T14:16:23Z,D20260529.01
2057.HK,HK,equity,2020-12-24,218.4,219.4,214.4,214.8,218.2,181650.0,39216120.0,-0.015582034830430747,-0.015582034830430747,-0.01570471076426077,PASS,2026-05-29T14:16:23Z,D20260529.01
2057.HK,HK,equity,2020-12-28,214.8,218.6,210.2,214.0,214.8,317600.0,68184070.0,-0.003724394785847407,-0.003724394785847407,-0.003731347612858247,PASS,2026-05-29T14:16:23Z,D20260529.01
2057.HK,HK,equity,2020-12-29,214.0,216.8,211.2,213.0,214.0,415900.0,89063710.0,-0.004672897196261627,-0.004672897196261627,-0.004683849312426314,PASS,2026-05-29T14:16:23Z,D20260529.01
2057.HK,HK,equity,2020-12-30,216.4,221.0,215.0,218.2,213.0,289126.0,63028786.0,0.024413145539906145,0.024413145539906145,0.02411990768954537,PASS,2026-05-29T14:16:23Z,D20260529.01
2057.HK,HK,equity,2020-12-31,222.4,228.4,222.4,226.0,218.2,113100.0,25542980.0,0.03574702108157668,0.03574702108157668,0.03512292587331557,PASS,2026-05-29T14:16:23Z,D20260529.01
2057.HK,HK,equity,2021-01-04,226.0,228.4,222.8,227.0,226.0,133915.0,30223389.0,0.004424778761061843,0.004424778761061843,0.004415018209116693,PASS,2026-05-29T14:16:23Z,D20260529.01
2057.HK,HK,equity,2021-01-05,224.0,224.0,218.2,221.0,227.0,258650.0,57182470.0,-0.026431718061673992,-0.026431718061673992,-0.026787315963649843,PASS,2026-05-29T14:16:23Z,D20260529.01
2057.HK,HK,equity,2021-01-06,221.0,225.0,219.6,224.0,221.0,87751.0,19601892.2,0.013574660633484115,0.013574660633484115,0.013483350337286988,PASS,2026-05-29T14:16:23Z,D20260529.01
2057.HK,HK,equity,2021-01-07,226.8,226.8,218.2,221.0,224.0,240350.0,52986610.0,-0.013392857142857095,-0.013392857142857095,-0.013483350337286988,PASS,2026-05-29T14:16:23Z,D20260529.01
2057.HK,HK,equity,2021-01-08,221.0,221.2,217.0,220.0,221.0,56320.0,12365976.0,-0.004524886877828038,-0.004524886877828038,-0.004535155165391262,PASS,2026-05-29T14:16:23Z,D20260529.01
2057.HK,HK,equity,2021-01-11,220.0,221.6,217.8,220.4,220.0,215850.0,47422860.0,0.001818181818181941,0.001818181818181941,0.001816530926398007,PASS,2026-05-29T14:16:23Z,D20260529.01
2057.HK,HK,equity,2021-01-12,221.2,225.0,220.8,223.2,220.4,268950.0,59785007.08,0.012704174228675091,0.012704174228675091,0.012624153228396407,PASS,2026-05-29T14:16:23Z,D20260529.01
2057.HK,HK,equity,2021-01-13,233.8,238.2,233.0,235.0,223.2,284190.0,66757783.25,0.05286738351254483,0.05286738351254483,0.051517283637003114,PASS,2026-05-29T14:16:23Z,D20260529.01
2057.HK,HK,equity,2021-01-14,234.6,234.6,230.2,231.8,235.0,143400.0,33368640.0,-0.013617021276595698,-0.013617021276595698,-0.01371058323850758,PASS,2026-05-29T14:16:23Z,D20260529.01
2057.HK,HK,equity,2021-01-15,230.0,233.6,229.4,233.4,231.8,144856.0,33692768.4,0.00690250215703192,0.00690250215703192,0.0068787889468042715,PASS,2026-05-29T14:16:23Z,D20260529.01
2057.HK,HK,equity,2021-01-18,229.0,230.8,228.0,229.2,233.4,72150.0,16537475.0,-0.01799485861182526,-0.01799485861182526,-0.01815873501187118,PASS,2026-05-29T14:16:23Z,D20260529.01
2057.HK,HK,equity,2021-01-19,230.0,232.8,229.6,230.6,229.2,111350.0,25682195.0,0.00610820244328103,0.00610820244328103,0.006089622994374205,PASS,2026-05-29T14:16:23Z,D20260529.01
2057.HK,HK,equity,2021-01-20,233.0,235.2,231.4,233.8,230.6,173900.0,40650295.0,0.013876843018213458,0.013876843018213458,0.013781441203009486,PASS,2026-05-29T14:16:23Z,D20260529.01
2057.HK,HK,equity,2021-01-21,240.0,244.2,238.8,243.6,233.8,367500.0,89144310.0,0.041916167664670656,0.041916167664670656,0.04106148679777392,PASS,2026-05-29T14:16:23Z,D20260529.01
2057.HK,HK,equity,2021-01-22,248.0,256.8,248.0,254.6,243.6,468900.0,119172995.0,0.0451559934318555,0.0451559934318555,0.04416615028756419,PASS,2026-05-29T14:16:23Z,D20260529.01
2057.HK,HK,equity,2021-01-25,255.6,267.4,255.0,264.4,254.6,392600.0,103278245.0,0.03849175176747832,0.03849175176747832,0.037769421854225,PASS,2026-05-29T14:16:23Z,D20260529.01
2057.HK,HK,equity,2021-01-26,269.2,269.2,263.0,265.4,264.4,346130.0,91556140.0,0.0037821482602118373,0.0037821482602118373,0.0037750139205759508,PASS,2026-05-29T14:16:23Z,D20260529.01
2057.HK,HK,equity,2021-01-27,268.0,278.8,266.0,269.8,265.4,406952.0,110868639.5,0.01657874905802581,0.01657874905802581,0.016442821875548557,PASS,2026-05-29T14:16:23Z,D20260529.01
2057.HK,HK,equity,2021-01-28,267.0,272.8,264.2,266.2,269.8,199900.0,53650209.5,-0.013343217197924417,-0.013343217197924417,-0.013433037812644278,PASS,2026-05-29T14:16:23Z,D20260529.01
2057.HK,HK,equity,2021-01-29,260.0,260.0,249.8,250.0,266.2,612100.0,154935935.0,-0.0608564988730278,-0.0608564988730278,-0.06278698809876482,PASS,2026-05-29T14:16:23Z,D20260529.01
2057.HK,HK,equity,2021-02-01,255.0,263.2,255.0,260.8,250.0,179100.0,46645790.0,0.04320000000000013,0.04320000000000013,0.04229291219025157,PASS,2026-05-29T14:16:23Z,D20260529.01
2057.HK,HK,equity,2021-02-02,262.0,270.0,262.0,263.2,260.8,176550.0,46815040.0,0.009202453987730008,0.009202453987730008,0.009160369398664195,PASS,2026-05-29T14:16:23Z,D20260529.01
2057.HK,HK,equity,2021-02-03,270.2,275.0,269.2,274.2,263.2,186800.0,50892670.0,0.041793313069908855,0.041793313069908855,0.04094356767705192,PASS,2026-05-29T14:16:23Z,D20260529.01
2057.HK,HK,equity,2021-02-04,271.0,275.0,268.0,271.0,274.2,365450.0,98801600.0,-0.011670313639679075,-0.011670313639679075,-0.011738946248513125,PASS,2026-05-29T14:16:23Z,D20260529.01
2057.HK,HK,equity,2021-02-05,269.0,269.0,263.8,264.0,271.0,163400.0,43272190.0,-0.02583025830258301,-0.02583025830258301,-0.02616971773338472,PASS,2026-05-29T14:16:23Z,D20260529.01
2057.HK,HK,equity,2021-02-08,276.8,277.0,267.4,276.6,264.0,246612.0,67787328.0,0.04772727272727284,0.04772727272727284,0.04662331608434178,PASS,2026-05-29T14:16:23Z,D20260529.01
2057.HK,HK,equity,2021-02-09,278.0,284.8,277.0,282.4,276.6,205550.0,57671004.35,0.020968908170643452,0.020968908170643452,0.0207520863884291,PASS,2026-05-29T14:16:23Z,D20260529.01
2057.HK,HK,equity,2021-02-10,284.0,287.8,282.4,287.8,282.4,77350.0,22049710.0,0.019121813031161672,0.019121813031161672,0.018941288834180624,PASS,2026-05-29T14:16:23Z,D20260529.01
2057.HK,HK,equity,2021-02-11,287.8,288.0,283.0,287.8,287.8,44650.0,12733430.0,0.0,0.0,0.0,PASS,2026-05-29T14:16:23Z,D20260529.01
2057.HK,HK,equity,2021-02-16,292.8,299.0,292.8,297.6,287.8,170730.0,50523555.77,0.0340514246004171,0.0340514246004171,0.033484508505669495,PASS,2026-05-29T14:16:23Z,D20260529.01
2057.HK,HK,equity,2021-02-17,298.4,298.4,286.0,290.6,297.6,98685.0,28524036.0,-0.02352150537634412,-0.02352150537634412,-0.023802551822754307,PASS,2026-05-29T14:16:23Z,D20260529.01
2057.HK,HK,equity,2021-02-18,290.0,290.0,280.2,280.8,290.6,296600.0,83828470.0,-0.0337233310392292,-0.0337233310392292,-0.03430507898452649,PASS,2026-05-29T14:16:23Z,D20260529.01
2057.HK,HK,equity,2021-02-19,285.0,286.2,280.2,283.8,280.8,139506.0,39466720.4,0.010683760683760646,0.010683760683760646,0.010627092574286193,PASS,2026-05-29T14:16:23Z,D20260529.01
2057.HK,HK,equity,2021-02-22,284.2,284.2,265.2,271.0,283.8,425847.0,116988924.2,-0.04510218463706839,-0.04510218463706839,-0.04615094384624142,PASS,2026-05-29T14:16:23Z,D20260529.01
2057.HK,HK,equity,2021-02-23,275.0,280.0,275.0,279.4,271.0,218382.0,60930735.92,0.030996309963099655,0.030996309963099655,0.030525625943160564,PASS,2026-05-29T14:16:23Z,D20260529.01
2057.HK,HK,equity,2021-02-24,284.2,284.2,264.2,266.4,279.4,152100.0,40690325.0,-0.046528274874731546,-0.046528274874731546,-0.047645508156627346,PASS,2026-05-29T14:16:23Z,D20260529.01
2057.HK,HK,equity,2021-02-25,273.2,273.2,266.2,267.2,266.4,37150.0,9934840.0,0.0030030030030030463,0.0030030030030030463,0.002998502996256633,PASS,2026-05-29T14:16:23Z,D20260529.01
2057.HK,HK,equity,2021-02-26,258.2,262.8,256.0,259.0,267.2,120750.0,31221465.0,-0.030688622754491024,-0.030688622754491024,-0.03116937996295292,PASS,2026-05-29T14:16:23Z,D20260529.01
2057.HK,HK,equity,2021-03-01,261.0,264.0,260.4,262.2,259.0,87550.0,23023141.25,0.01235521235521242,0.01235521235521242,0.012279509630061781,PASS,2026-05-29T14:16:23Z,D20260529.01
2057.HK,HK,equity,2021-03-02,271.0,275.8,268.0,272.0,262.2,111000.0,30033360.0,0.037376048817696406,0.037376048817696406,0.03669449496639784,PASS,2026-05-29T14:16:23Z,D20260529.01
2057.HK,HK,equity,2021-03-03,270.0,273.0,268.4,269.6,272.0,155550.0,41963014.95,-0.008823529411764675,-0.008823529411764675,-0.008862687257845317,PASS,2026-05-29T14:16:23Z,D20260529.01
2057.HK,HK,equity,2021-03-04,267.8,268.4,265.2,268.0,269.6,64050.0,17093666.25,-0.005934718100890302,-0.005934718100890302,-0.005952398527295385,PASS,2026-05-29T14:16:23Z,D20260529.01
2057.HK,HK,equity,2021-03-08,273.0,273.0,230.0,262.8,267.0,231300.0,60829680.0,-0.01573033707865168,-0.01573033707865168,-0.015855371789794077,PASS,2026-05-29T14:16:23Z,D20260529.01
2057.HK,HK,equity,2021-03-09,252.6,252.6,242.2,246.2,262.8,150100.0,37067910.0,-0.06316590563165914,-0.06316590563165914,-0.0652490728601024,PASS,2026-05-29T14:16:23Z,D20260529.01
2057.HK,HK,equity,2021-03-10,253.0,253.0,241.0,244.2,246.2,258893.0,63154211.8,-0.008123476848091005,-0.008123476848091005,-0.008156652073748853,PASS,2026-05-29T14:16:23Z,D20260529.01
2057.HK,HK,equity,2021-03-11,247.0,254.0,245.6,247.4,244.2,124600.0,30971730.0,0.013104013104013212,0.013104013104013212,0.013018898281783327,PASS,2026-05-29T14:16:23Z,D20260529.01
2057.HK,HK,equity,2021-03-12,251.0,256.2,251.0,252.2,247.4,94850.0,24061170.0,0.019401778496362043,0.019401778496362043,0.01921596357243154,PASS,2026-05-29T14:16:23Z,D20260529.01
2057.HK,HK,equity,2021-03-15,256.4,256.4,247.2,252.6,252.2,134700.0,33895610.0,0.0015860428231562196,0.0015860428231562196,0.001584786385571545,PASS,2026-05-29T14:16:23Z,D20260529.01
2057.HK,HK,equity,2021-03-16,253.2,258.0,248.4,251.0,252.6,147300.0,36902195.0,-0.006334125098970689,-0.006334125098970689,-0.006354270784606832,PASS,2026-05-29T14:16:23Z,D20260529.01
2057.HK,HK,equity,2021-03-17,250.4,254.0,247.0,252.6,251.0,100650.0,25337720.0,0.0063745019920318224,0.0063745019920318224,0.006354270784606798,PASS,2026-05-29T14:16:23Z,D20260529.01
2057.HK,HK,equity,2021-03-18,252.0,252.0,234.2,236.0,252.6,446750.0,106608335.7,-0.06571654790182102,-0.06571654790182102,-0.06797540489078062,PASS,2026-05-29T14:16:23Z,D20260529.01
2057.HK,HK,equity,2021-03-19,233.0,233.0,223.8,223.8,236.0,771984.0,175880737.4,-0.051694915254237195,-0.051694915254237195,-0.053079009147785114,PASS,2026-05-29T14:16:23Z,D20260529.01
2057.HK,HK,equity,2021-03-22,224.0,225.4,220.4,222.4,223.8,425750.0,95054975.0,-0.006255585344057235,-0.006255585344057235,-0.006275233501397589,PASS,2026-05-29T14:16:23Z,D20260529.01
2057.HK,HK,equity,2021-03-23,218.8,218.8,202.0,210.0,222.4,639650.0,133847120.0,-0.055755395683453224,-0.055755395683453224,-0.05737003165895862,PASS,2026-05-29T14:16:23Z,D20260529.01
2057.HK,HK,equity,2021-03-24,215.0,218.8,213.2,216.0,210.0,641775.0,138384587.15,0.02857142857142847,0.02857142857142847,0.028170876966696224,PASS,2026-05-29T14:16:23Z,D20260529.01
2057.HK,HK,equity,2021-03-25,216.6,216.6,210.2,213.8,216.0,257250.0,55134657.25,-0.010185185185185186,-0.010185185185185186,-0.010237409093220153,PASS,2026-05-29T14:16:23Z,D20260529.01
2057.HK,HK,equity,2021-03-26,220.0,226.4,220.0,222.6,213.8,263255.0,58824617.0,0.04115996258185217,0.04115996258185217,0.04033544025049958,PASS,2026-05-29T14:16:23Z,D20260529.01
2057.HK,HK,equity,2021-03-29,222.4,222.4,218.0,218.2,222.6,188650.0,41382053.75,-0.019766397124887702,-0.019766397124887702,-0.019964365442474024,PASS,2026-05-29T14:16:23Z,D20260529.01
2057.HK,HK,equity,2021-03-30,219.4,219.6,216.0,217.2,218.2,75450.0,16430380.0,-0.004582951420714965,-0.004582951420714965,-0.004593485339190095,PASS,2026-05-29T14:16:23Z,D20260529.01
2057.HK,HK,equity,2021-03-31,218.0,219.0,217.0,217.0,217.2,154400.0,33623520.0,-0.0009208103130754486,-0.0009208103130754486,-0.0009212345193207641,PASS,2026-05-29T14:16:23Z,D20260529.01
2057.HK,HK,equity,2021-04-01,220.4,227.2,220.4,225.8,217.0,258497.0,57977661.0,0.040552995391705204,0.040552995391705204,0.03975229817510222,PASS,2026-05-29T14:16:23Z,D20260529.01
2057.HK,HK,equity,2021-04-07,228.4,230.0,223.6,225.0,223.85,234850.0,52713131.62,0.005137368773732387,0.005137368773732387,0.00512421751744557,PASS,2026-05-29T14:16:23Z,D20260529.01
2057.HK,HK,equity,2021-04-08,225.0,225.0,220.8,220.8,225.0,43500.0,9694530.0,-0.01866666666666661,-0.01866666666666661,-0.01884308780147983,PASS,2026-05-29T14:16:23Z,D20260529.01
2057.HK,HK,equity,2021-04-09,220.0,220.0,216.8,217.0,220.8,89400.0,19457540.0,-0.017210144927536253,-0.017210144927536253,-0.017359960862480716,PASS,2026-05-29T14:16:23Z,D20260529.01
2057.HK,HK,equity,2021-04-12,217.2,220.8,215.0,217.6,217.0,354200.0,76758316.72,0.0027649769585254003,0.0027649769585254003,0.0027611614413280655,PASS,2026-05-29T14:16:23Z,D20260529.01
2057.HK,HK,equity,2021-04-13,218.8,223.8,218.4,221.0,217.6,211650.0,46660710.0,0.015625,0.015625,0.015504186535965254,PASS,2026-05-29T14:16:23Z,D20260529.01
2057.HK,HK,equity,2021-04-14,225.4,234.8,225.4,234.4,221.0,342400.0,79417685.0,0.060633484162895934,0.060633484162895934,0.05886635618510474,PASS,2026-05-29T14:16:23Z,D20260529.01
2057.HK,HK,equity,2021-04-15,233.0,233.0,225.6,230.2,234.4,204100.0,46553616.0,-0.017918088737201465,-0.017918088737201465,-0.018080561415075382,PASS,2026-05-29T14:16:23Z,D20260529.01
2057.HK,HK,equity,2021-04-16,226.2,226.4,222.2,223.8,230.2,80090.0,17983268.0,-0.027801911381407418,-0.027801911381407418,-0.028195700409957357,PASS,2026-05-29T14:16:23Z,D20260529.01
2057.HK,HK,equity,2021-04-19,225.4,231.8,225.4,228.6,223.8,60600.0,13845470.0,0.02144772117962468,0.02144772117962468,0.021220955482885436,PASS,2026-05-29T14:16:23Z,D20260529.01
2057.HK,HK,equity,2021-04-20,228.8,235.2,228.8,233.6,228.6,80750.0,18848030.0,0.021872265966754068,0.021872265966754068,0.021636499593361624,PASS,2026-05-29T14:16:23Z,D20260529.01
2057.HK,HK,equity,2021-04-21,231.4,233.6,230.0,233.0,233.6,65250.0,15140830.0,-0.0025684931506848585,-0.0025684931506848585,-0.0025717973883713535,PASS,2026-05-29T14:16:23Z,D20260529.01
2057.HK,HK,equity,2021-04-22,230.0,230.0,227.2,228.0,233.0,59250.0,13526175.0,-0.02145922746781115,-0.02145922746781115,-0.021692824611259785,PASS,2026-05-29T14:16:23Z,D20260529.01
2057.HK,HK,equity,2021-04-23,250.0,250.0,238.0,244.4,228.0,258400.0,62907685.0,0.07192982456140351,0.07192982456140351,0.06946059834299949,PASS,2026-05-29T14:16:23Z,D20260529.01
2057.HK,HK,equity,2021-04-26,250.0,279.0,248.4,252.4,244.4,302800.0,76744710.0,0.032733224222585955,0.032733224222585955,0.03220890336961786,PASS,2026-05-29T14:16:23Z,D20260529.01
2057.HK,HK,equity,2021-04-27,256.8,256.8,249.4,249.4,252.4,62200.0,15579900.0,-0.011885895404120439,-0.011885895404120439,-0.01195709742112201,PASS,2026-05-29T14:16:23Z,D20260529.01
2057.HK,HK,equity,2021-04-28,248.0,250.0,244.8,248.4,249.4,43617.0,10811025.0,-0.004009623095429071,-0.004009623095429071,-0.004017683186612418,PASS,2026-05-29T14:16:23Z,D20260529.01
2057.HK,HK,equity,2021-04-29,249.0,252.0,249.0,249.8,248.4,135400.0,33882445.0,0.005636070853462183,0.005636070853462183,0.005620247632153626,PASS,2026-05-29T14:16:23Z,D20260529.01
2057.HK,HK,equity,2021-04-30,245.8,249.4,245.8,247.0,249.8,62200.0,15452070.0,-0.011208967173738982,-0.011208967173738982,-0.011272261063500096,PASS,2026-05-29T14:16:23Z,D20260529.01
2057.HK,HK,equity,2021-05-03,251.8,251.8,247.2,250.8,247.0,31270.0,7816650.0,0.01538461538461533,0.01538461538461533,0.01526747213078838,PASS,2026-05-29T14:16:23Z,D20260529.01
2057.HK,HK,equity,2021-05-04,252.0,269.0,252.0,255.8,250.8,268900.0,68573000.0,0.019936204146730363,0.019936204146730363,0.019740080385976588,PASS,2026-05-29T14:16:23Z,D20260529.01
2057.HK,HK,equity,2021-05-05,251.0,255.6,250.6,251.8,255.8,60700.0,15294335.6,-0.015637216575449586,-0.015637216575449586,-0.01576076753449554,PASS,2026-05-29T14:16:23Z,D20260529.01
2057.HK,HK,equity,2021-05-06,254.0,254.0,246.8,248.8,251.8,55250.0,13758380.0,-0.011914217633042123,-0.011914217633042123,-0.01198576074522244,PASS,2026-05-29T14:16:23Z,D20260529.01
2057.HK,HK,equity,2021-05-07,242.6,250.0,240.8,243.2,248.8,143100.0,35108418.8,-0.02250803858520911,-0.02250803858520911,-0.022765210773012547,PASS,2026-05-29T14:16:23Z,D20260529.01
2057.HK,HK,equity,2021-05-10,245.4,249.2,244.0,244.6,243.2,93650.0,22993075.0,0.005756578947368363,0.005756578947368363,0.0057400731610599805,PASS,2026-05-29T14:16:23Z,D20260529.01
2057.HK,HK,equity,2021-05-11,239.4,242.0,237.8,238.6,244.6,258210.0,61728736.0,-0.02452984464431729,-0.02452984464431729,-0.024835713589256278,PASS,2026-05-29T14:16:23Z,D20260529.01
2057.HK,HK,equity,2021-05-12,240.0,242.8,239.2,240.0,238.6,106550.0,25668847.15,0.005867560771165126,0.005867560771165126,0.0058504136781755605,PASS,2026-05-29T14:16:23Z,D20260529.01
2057.HK,HK,equity,2021-05-13,230.0,234.8,229.0,233.0,240.0,232850.0,53943220.0,-0.029166666666666674,-0.029166666666666674,-0.029600469776290744,PASS,2026-05-29T14:16:23Z,D20260529.01
2057.HK,HK,equity,2021-05-14,233.0,240.0,226.8,234.0,233.0,156250.0,36228958.55,0.0042918454935623185,0.0042918454935623185,0.004282661792000949,PASS,2026-05-29T14:16:23Z,D20260529.01
2057.HK,HK,equity,2021-05-17,238.4,243.6,237.2,242.4,234.0,147950.0,35841205.0,0.03589743589743599,0.03589743589743599,0.03526813883745805,PASS,2026-05-29T14:16:23Z,D20260529.01
2057.HK,HK,equity,2021-05-18,240.0,241.0,238.8,239.8,242.4,42700.0,10250780.0,-0.010726072607260662,-0.010726072607260662,-0.010784011601745452,PASS,2026-05-29T14:16:23Z,D20260529.01
2057.HK,HK,equity,2021-05-20,255.0,255.0,247.2,250.6,239.8,202300.0,50655775.0,0.04503753127606336,0.04503753127606336,0.04405279986855403,PASS,2026-05-29T14:16:23Z,D20260529.01
2057.HK,HK,equity,2021-05-21,252.0,254.0,250.0,252.2,250.6,86700.0,21881415.0,0.006384676775738285,0.006384676775738285,0.006364381068851313,PASS,2026-05-29T14:16:23Z,D20260529.01
2057.HK,HK,equity,2021-05-24,250.0,250.0,246.8,249.0,252.2,18712.0,4642132.0,-0.012688342585249757,-0.012688342585249757,-0.012769527066111524,PASS,2026-05-29T14:16:23Z,D20260529.01
2057.HK,HK,equity,2021-05-25,245.6,247.8,245.0,247.6,249.0,29100.0,7174010.0,-0.005622489959839383,-0.005622489959839383,-0.005638355654266604,PASS,2026-05-29T14:16:23Z,D20260529.01
2057.HK,HK,equity,2021-05-26,247.6,251.0,247.6,249.0,247.6,84850.0,21110380.0,0.0056542810985460434,0.0056542810985460434,0.0056383556542665796,PASS,2026-05-29T14:16:23Z,D20260529.01
2057.HK,HK,equity,2021-05-27,254.2,254.2,245.6,246.0,249.0,80493.0,19851655.0,-0.012048192771084376,-0.012048192771084376,-0.01212136053234485,PASS,2026-05-29T14:16:23Z,D20260529.01
2057.HK,HK,equity,2021-05-28,245.0,249.6,240.8,241.6,246.0,89955.0,21960841.0,-0.01788617886178867,-0.01788617886178867,-0.018048069871702977,PASS,2026-05-29T14:16:23Z,D20260529.01
2057.HK,HK,equity,2021-05-31,251.0,251.0,241.0,248.6,241.6,34400.0,8480550.0,0.0289735099337749,0.0289735099337749,0.02856171301595092,PASS,2026-05-29T14:16:23Z,D20260529.01
2057.HK,HK,equity,2021-06-01,249.0,251.4,247.2,247.6,248.6,100800.0,25053643.55,-0.004022526146419958,-0.004022526146419958,-0.004030638266169707,PASS,2026-05-29T14:16:23Z,D20260529.01
2057.HK,HK,equity,2021-06-02,247.6,248.0,246.0,246.2,247.6,81900.0,20239260.0,-0.0056542810985460434,-0.0056542810985460434,-0.005670327060087903,PASS,2026-05-29T14:16:23Z,D20260529.01
2057.HK,HK,equity,2021-06-03,250.0,251.2,248.2,250.2,246.2,199950.0,50113210.0,0.01624695369618201,0.01624695369618201,0.016116384282457673,PASS,2026-05-29T14:16:23Z,D20260529.01
2057.HK,HK,equity,2021-06-04,246.8,248.8,243.8,246.8,250.2,77500.0,19205140.0,-0.013589128697042319,-0.013589128697042319,-0.013682306001577969,PASS,2026-05-29T14:16:23Z,D20260529.01
2057.HK,HK,equity,2021-06-07,246.6,247.2,243.0,246.2,246.8,60450.0,14867165.0,-0.002431118314424774,-0.002431118314424774,-0.002434078280879752,PASS,2026-05-29T14:16:23Z,D20260529.01
2057.HK,HK,equity,2021-06-08,245.4,246.4,242.8,243.4,246.2,63950.0,15602940.0,-0.011372867587327362,-0.011372867587327362,-0.011438033196926323,PASS,2026-05-29T14:16:23Z,D20260529.01
2057.HK,HK,equity,2021-06-09,248.8,250.0,245.8,250.0,243.4,50120.0,12418033.1,0.027115858668857795,0.027115858668857795,0.026754737308819585,PASS,2026-05-29T14:16:23Z,D20260529.01
2057.HK,HK,equity,2021-06-10,251.0,251.0,247.0,248.0,250.0,113250.0,28112240.0,-0.008000000000000007,-0.008000000000000007,-0.008032171697264267,PASS,2026-05-29T14:16:23Z,D20260529.01
2057.HK,HK,equity,2021-06-11,247.0,247.4,246.2,247.0,248.0,105600.0,26084020.0,-0.0040322580645161255,-0.0040322580645161255,-0.004040409537004974,PASS,2026-05-29T14:16:23Z,D20260529.01
2057.HK,HK,equity,2021-06-15,243.8,245.8,242.2,243.2,247.0,11100.0,2697100.0,-0.015384615384615441,-0.015384615384615441,-0.015504186535965312,PASS,2026-05-29T14:16:23Z,D20260529.01
2057.HK,HK,equity,2021-06-16,243.2,243.2,237.4,238.8,243.2,50650.0,12144680.0,-0.018092105263157854,-0.018092105263157854,-0.01825776857356488,PASS,2026-05-29T14:16:23Z,D20260529.01
2057.HK,HK,equity,2021-06-17,238.8,238.8,232.2,235.0,238.8,93950.0,22007280.0,-0.01591289782244565,-0.01591289782244565,-0.01604086737428815,PASS,2026-05-29T14:16:23Z,D20260529.01
2057.HK,HK,equity,2021-06-18,232.2,234.2,230.0,230.0,235.0,322170.0,74328514.0,-0.021276595744680882,-0.021276595744680882,-0.02150620522096362,PASS,2026-05-29T14:16:23Z,D20260529.01
2057.HK,HK,equity,2021-06-21,225.0,227.2,218.8,226.0,230.0,213250.0,48022819.77,-0.017391304347826098,-0.017391304347826098,-0.017544309650909508,PASS,2026-05-29T14:16:23Z,D20260529.01
2057.HK,HK,equity,2021-06-22,227.6,232.0,226.4,227.4,226.0,183400.0,41862430.0,0.006194690265486802,0.006194690265486802,0.006175582044149862,PASS,2026-05-29T14:16:23Z,D20260529.01
2057.HK,HK,equity,2021-06-23,229.2,232.4,228.8,229.8,227.4,101450.0,23413590.0,0.01055408970976246,0.01055408970976246,0.01049878409821957,PASS,2026-05-29T14:16:23Z,D20260529.01
2057.HK,HK,equity,2021-06-24,230.8,231.6,230.4,230.8,229.8,53350.0,12313460.0,0.004351610095735481,0.004351610095735481,0.004342169219289248,PASS,2026-05-29T14:16:23Z,D20260529.01
2057.HK,HK,equity,2021-06-25,230.8,238.8,230.8,235.4,230.8,52850.0,12405585.0,0.019930675909878737,0.019930675909878737,0.019734660192231898,PASS,2026-05-29T14:16:23Z,D20260529.01
2057.HK,HK,equity,2021-06-28,236.2,238.2,233.6,236.4,235.4,24950.0,5904980.0,0.004248088360237823,0.004248088360237823,0.00423909070576672,PASS,2026-05-29T14:16:23Z,D20260529.01
2057.HK,HK,equity,2021-06-29,236.4,236.4,230.2,232.0,236.4,95200.0,22048990.0,-0.0186125211505922,-0.0186125211505922,-0.01878791386563316,PASS,2026-05-29T14:16:23Z,D20260529.01
2057.HK,HK,equity,2021-06-30,234.6,235.8,232.4,234.0,232.0,88700.0,20762070.0,0.008620689655172376,0.008620689655172376,0.008583743691391435,PASS,2026-05-29T14:16:23Z,D20260529.01
2057.HK,HK,equity,2021-07-02,232.8,233.8,228.8,231.2,234.0,65948.0,15215130.4,-0.011965811965812034,-0.011965811965812034,-0.012037978559479093,PASS,2026-05-29T14:16:23Z,D20260529.01
2057.HK,HK,equity,2021-07-05,227.0,227.8,222.0,223.8,231.2,145200.0,32494245.0,-0.03200692041522479,-0.03200692041522479,-0.03253034092039742,PASS,2026-05-29T14:16:23Z,D20260529.01
2057.HK,HK,equity,2021-07-06,224.0,225.0,221.4,224.8,223.8,63100.0,14129110.0,0.0044682752457552155,0.0044682752457552155,0.004458322141711228,PASS,2026-05-29T14:16:23Z,D20260529.01
2057.HK,HK,equity,2021-07-07,224.0,227.6,222.6,224.0,224.8,55150.0,12392160.0,-0.003558718861210064,-0.003558718861210064,-0.003565066164496257,PASS,2026-05-29T14:16:23Z,D20260529.01
2057.HK,HK,equity,2021-07-08,223.6,223.6,218.4,220.4,224.0,81350.0,17882314.05,-0.016071428571428514,-0.016071428571428514,-0.01620197457628037,PASS,2026-05-29T14:16:23Z,D20260529.01
2057.HK,HK,equity,2021-07-09,223.2,223.8,218.4,222.0,220.4,55400.0,12288600.0,0.007259528130671544,0.007259528130671544,0.007233304593520061,PASS,2026-05-29T14:16:23Z,D20260529.01
2057.HK,HK,equity,2021-07-12,223.0,227.8,222.4,222.4,222.0,183000.0,40987957.35,0.0018018018018017834,0.0018018018018017834,0.0018001805041478473,PASS,2026-05-29T14:16:23Z,D20260529.01
2057.HK,HK,equity,2021-07-13,221.8,228.0,221.8,227.0,222.4,76150.0,17300175.0,0.020683453237410054,0.020683453237410054,0.02047245510497535,PASS,2026-05-29T14:16:23Z,D20260529.01
2057.HK,HK,equity,2021-07-14,231.2,232.0,225.8,229.4,227.0,39950.0,9189981.35,0.010572687224669641,0.010572687224669641,0.010517187213867678,PASS,2026-05-29T14:16:23Z,D20260529.01
2057.HK,HK,equity,2021-07-15,228.2,230.2,225.2,227.4,229.4,23200.0,5294968.4,-0.008718395815169977,-0.008718395815169977,-0.00875662337883462,PASS,2026-05-29T14:16:23Z,D20260529.01
2057.HK,HK,equity,2021-07-16,226.4,229.4,225.8,227.8,227.4,49600.0,11317609.85,0.0017590149516271136,0.0017590149516271136,0.0017574696966461256,PASS,2026-05-29T14:16:23Z,D20260529.01
2057.HK,HK,equity,2021-07-19,227.4,227.4,223.2,224.0,227.8,32200.0,7224573.1,-0.01668129938542584,-0.01668129938542584,-0.01682199915804194,PASS,2026-05-29T14:16:23Z,D20260529.01
2057.HK,HK,equity,2021-07-20,222.0,222.2,219.0,220.2,224.0,39250.0,8644687.5,-0.016964285714285765,-0.016964285714285765,-0.017109827566460314,PASS,2026-05-29T14:16:23Z,D20260529.01
2057.HK,HK,equity,2021-07-21,221.6,224.8,221.6,221.6,220.2,19700.0,4394870.0,0.006357856494096259,0.006357856494096259,0.006337730584549139,PASS,2026-05-29T14:16:23Z,D20260529.01
2057.HK,HK,equity,2021-07-22,222.0,226.8,222.0,224.8,221.6,27200.0,6125520.0,0.014440433212996373,0.014440433212996373,0.01433716314640725,PASS,2026-05-29T14:16:23Z,D20260529.01
2057.HK,HK,equity,2021-07-23,223.8,226.6,223.0,225.0,224.8,77950.0,17563190.0,0.000889679715302405,0.000889679715302405,0.0008892841848840366,PASS,2026-05-29T14:16:23Z,D20260529.01
2057.HK,HK,equity,2021-07-26,222.2,222.2,210.2,215.2,225.0,399750.0,86403510.65,-0.04355555555555557,-0.04355555555555557,-0.044532573916790795,PASS,2026-05-29T14:16:23Z,D20260529.01
2057.HK,HK,equity,2021-07-27,215.2,215.2,199.0,200.0,215.2,93900.0,19199060.65,-0.07063197026022305,-0.07063197026022305,-0.07325046173959268,PASS,2026-05-29T14:16:23Z,D20260529.01
2057.HK,HK,equity,2021-07-28,201.2,209.8,193.9,196.4,200.0,282800.0,55756755.0,-0.018000000000000016,-0.018000000000000016,-0.01816397062767118,PASS,2026-05-29T14:16:23Z,D20260529.01
2057.HK,HK,equity,2021-07-29,212.6,218.8,210.4,215.8,196.4,171200.0,36796350.0,0.09877800407331971,0.09877800407331971,0.09419865690366873,PASS,2026-05-29T14:16:23Z,D20260529.01
2057.HK,HK,equity,2021-07-30,215.6,215.6,204.8,209.2,215.8,91250.0,18950920.0,-0.030583873957368057,-0.030583873957368057,-0.031061320633266578,PASS,2026-05-29T14:16:23Z,D20260529.01
2057.HK,HK,equity,2021-08-02,207.0,212.4,207.0,210.8,209.2,25100.0,5285150.0,0.007648183556405508,0.007648183556405508,0.007619084476439579,PASS,2026-05-29T14:16:23Z,D20260529.01
2057.HK,HK,equity,2021-08-03,211.0,213.0,209.2,213.0,210.8,32950.0,6949190.0,0.010436432637571214,0.010436432637571214,0.010382349042217907,PASS,2026-05-29T14:16:23Z,D20260529.01
2057.HK,HK,equity,2021-08-05,212.0,217.6,211.0,211.2,212.0,38400.0,8157620.0,-0.0037735849056603765,-0.0037735849056603765,-0.0037807228399060443,PASS,2026-05-29T14:16:23Z,D20260529.01
2057.HK,HK,equity,2021-08-06,212.0,214.2,207.6,212.2,211.2,80550.0,17081850.0,0.004734848484848397,0.004734848484848397,0.004723674347776266,PASS,2026-05-29T14:16:23Z,D20260529.01
2057.HK,HK,equity,2021-08-09,214.0,220.0,214.0,216.8,212.2,25100.0,5441530.0,0.021677662582469504,0.021677662582469504,0.021446043385608515,PASS,2026-05-29T14:16:23Z,D20260529.01
2057.HK,HK,equity,2021-08-10,217.2,222.0,216.8,218.6,216.8,36300.0,7945090.0,0.00830258302583009,0.00830258302583009,0.008268306176946875,PASS,2026-05-29T14:16:23Z,D20260529.01
2057.HK,HK,equity,2021-08-11,218.6,219.8,214.0,218.0,218.6,42150.0,9130260.0,-0.0027447392497712553,-0.0027447392497712553,-0.00274851295334916,PASS,2026-05-29T14:16:23Z,D20260529.01
2057.HK,HK,equity,2021-08-12,218.0,218.2,213.4,216.6,218.0,7000.0,1503190.0,-0.006422018348623881,-0.006422018348623881,-0.006442728222198801,PASS,2026-05-29T14:16:23Z,D20260529.01
2057.HK,HK,equity,2021-08-13,211.8,217.8,210.0,211.6,216.6,44733.0,9509185.4,-0.023084025854108958,-0.023084025854108958,-0.023354634582745924,PASS,2026-05-29T14:16:23Z,D20260529.01
2057.HK,HK,equity,2021-08-16,210.2,212.2,206.6,212.2,211.6,28600.0,5966820.0,0.002835538752362865,0.002835538752362865,0.0028315261957383604,PASS,2026-05-29T14:16:23Z,D20260529.01
2057.HK,HK,equity,2021-08-17,205.2,207.0,200.0,203.6,212.2,41689.0,8436742.2,-0.04052780395852962,-0.04052780395852962,-0.04137194150351501,PASS,2026-05-29T14:16:23Z,D20260529.01
2057.HK,HK,equity,2021-08-18,200.4,207.2,196.4,205.0,203.6,16200.0,3299630.0,0.006876227897838927,0.006876227897838927,0.006852694462040528,PASS,2026-05-29T14:16:23Z,D20260529.01
2057.HK,HK,equity,2021-08-19,198.8,204.8,198.3,201.4,205.0,22050.0,4414370.0,-0.017560975609756113,-0.017560975609756113,-0.017716998853946276,PASS,2026-05-29T14:16:23Z,D20260529.01
2057.HK,HK,equity,2021-08-20,206.0,206.0,190.0,193.2,201.4,64800.0,12666050.0,-0.04071499503475684,-0.04071499503475684,-0.04156705850604444,PASS,2026-05-29T14:16:23Z,D20260529.01
2057.HK,HK,equity,2021-08-23,204.0,208.6,198.2,199.9,193.2,133250.0,27308409.6,0.0346790890269153,0.0346790890269153,0.034091319727936935,PASS,2026-05-29T14:16:23Z,D20260529.01
2057.HK,HK,equity,2021-08-24,199.9,204.6,199.9,204.0,199.9,82600.0,16837040.0,0.02051025512756377,0.02051025512756377,0.020302752337862,PASS,2026-05-29T14:16:23Z,D20260529.01
2057.HK,HK,equity,2021-08-25,200.4,208.0,200.4,204.2,204.0,119450.0,24467320.0,0.0009803921568627416,0.0009803921568627416,0.000979911886348787,PASS,2026-05-29T14:16:23Z,D20260529.01
2057.HK,HK,equity,2021-08-26,204.8,206.0,202.0,202.6,204.2,70760.0,14492628.0,-0.007835455435847183,-0.007835455435847183,-0.00786631391598215,PASS,2026-05-29T14:16:23Z,D20260529.01
2057.HK,HK,equity,2021-08-27,202.0,208.0,202.0,204.2,202.6,52350.0,10725115.0,0.007897334649555665,0.007897334649555665,0.007866313915982066,PASS,2026-05-29T14:16:23Z,D20260529.01
2057.HK,HK,equity,2021-08-30,207.0,223.0,207.0,219.0,204.2,432600.0,94496104.85,0.0724779627815868,0.0724779627815868,0.06997182408593576,PASS,2026-05-29T14:16:23Z,D20260529.01
2057.HK,HK,equity,2021-08-31,219.8,223.0,211.0,217.4,219.0,77300.0,16827280.0,-0.007305936073059294,-0.007305936073059294,-0.007332755129391685,PASS,2026-05-29T14:16:23Z,D20260529.01
2057.HK,HK,equity,2021-09-01,218.6,222.8,215.6,221.0,217.4,115650.0,25417520.0,0.016559337626494974,0.016559337626494974,0.016423726830643783,PASS,2026-05-29T14:16:23Z,D20260529.01
2057.HK,HK,equity,2021-09-02,228.0,230.0,222.0,230.0,221.0,216100.0,49022610.0,0.040723981900452566,0.040723981900452566,0.03991660740544263,PASS,2026-05-29T14:16:23Z,D20260529.01
2057.HK,HK,equity,2021-09-03,230.2,238.6,230.2,238.0,230.0,134800.0,31927530.0,0.034782608695652195,0.034782608695652195,0.03419136474827934,PASS,2026-05-29T14:16:23Z,D20260529.01
2057.HK,HK,equity,2021-09-06,238.4,245.0,238.4,240.6,238.0,35900.0,8643850.0,0.01092436974789912,0.01092436974789912,0.01086512986910377,PASS,2026-05-29T14:16:23Z,D20260529.01
2057.HK,HK,equity,2021-09-07,240.6,244.2,239.8,244.0,240.6,69000.0,16707992.05,0.01413133832086455,0.01413133832086455,0.01403242175262341,PASS,2026-05-29T14:16:23Z,D20260529.01
2057.HK,HK,equity,2021-09-08,244.0,245.0,230.0,241.6,244.0,41007.0,9905198.6,-0.00983606557377048,-0.00983606557377048,-0.009884759232541973,PASS,2026-05-29T14:16:23Z,D20260529.01
2057.HK,HK,equity,2021-09-09,236.0,245.0,234.2,242.0,241.6,143000.0,34580610.0,0.0016556291390728006,0.0016556291390728006,0.001654260096026468,PASS,2026-05-29T14:16:23Z,D20260529.01
2057.HK,HK,equity,2021-09-10,242.0,244.0,239.4,242.0,242.0,79450.0,19224164.25,0.0,0.0,0.0,PASS,2026-05-29T14:16:23Z,D20260529.01
2057.HK,HK,equity,2021-09-13,240.8,242.0,238.0,242.0,242.0,24078.0,5788440.0,0.0,0.0,0.0,PASS,2026-05-29T14:16:23Z,D20260529.01
2057.HK,HK,equity,2021-09-14,240.0,240.2,235.0,237.6,242.0,20800.0,4946230.0,-0.018181818181818188,-0.018181818181818188,-0.01834913866819654,PASS,2026-05-29T14:16:23Z,D20260529.01
2057.HK,HK,equity,2021-09-15,237.2,237.4,233.4,235.2,237.6,29900.0,7026680.0,-0.010101010101010166,-0.010101010101010166,-0.010152371464018073,PASS,2026-05-29T14:16:23Z,D20260529.01
2057.HK,HK,equity,2021-09-16,235.8,235.8,228.4,228.6,235.2,96700.0,22252050.0,-0.028061224489795866,-0.028061224489795866,-0.02846246466376152,PASS,2026-05-29T14:16:23Z,D20260529.01
2057.HK,HK,equity,2021-09-17,237.0,242.0,236.6,239.0,228.6,28400.0,6784800.0,0.045494313210848736,0.045494313210848736,0.04448980057080047,PASS,2026-05-29T14:16:23Z,D20260529.01
2057.HK,HK,equity,2021-09-20,239.8,239.8,231.0,237.0,239.0,20750.0,4861690.0,-0.008368200836820106,-0.008368200836820106,-0.008403410796379504,PASS,2026-05-29T14:16:23Z,D20260529.01
2057.HK,HK,equity,2021-09-21,231.4,239.8,231.4,236.8,237.0,35500.0,8396740.0,-0.0008438818565400519,-0.0008438818565400519,-0.0008442381252805361,PASS,2026-05-29T14:16:23Z,D20260529.01
2057.HK,HK,equity,2021-09-23,241.0,248.0,237.0,241.0,236.8,116669.0,27999551.6,0.017736486486486402,0.017736486486486402,0.017581030480804297,PASS,2026-05-29T14:16:23Z,D20260529.01
2057.HK,HK,equity,2021-09-24,242.0,250.0,241.4,247.4,241.0,161850.0,39954310.55,0.0265560165975105,0.0265560165975105,0.026209526467732655,PASS,2026-05-29T14:16:23Z,D20260529.01
2057.HK,HK,equity,2021-09-27,247.4,252.0,247.4,248.4,247.4,61090.0,15244657.1,0.004042037186742009,0.004042037186742009,0.004033890100936067,PASS,2026-05-29T14:16:23Z,D20260529.01
2057.HK,HK,equity,2021-09-28,249.0,249.0,235.0,246.2,248.4,17550.0,4304410.0,-0.008856682769726287,-0.008856682769726287,-0.008896136308970603,PASS,2026-05-29T14:16:23Z,D20260529.01
2057.HK,HK,equity,2021-09-29,246.6,246.6,237.0,240.0,246.2,63550.0,15277250.0,-0.025182778229081992,-0.025182778229081992,-0.025505290408361775,PASS,2026-05-29T14:16:23Z,D20260529.01
2057.HK,HK,equity,2021-09-30,245.8,245.8,232.8,242.0,240.0,21400.0,5177765.0,0.008333333333333304,0.008333333333333304,0.008298802814695064,PASS,2026-05-29T14:16:23Z,D20260529.01
2057.HK,HK,equity,2021-10-04,242.0,243.0,230.8,234.0,242.0,20350.0,4757760.0,-0.03305785123966942,-0.03305785123966942,-0.033616610798984974,PASS,2026-05-29T14:16:23Z,D20260529.01
2057.HK,HK,equity,2021-10-05,235.0,235.0,227.8,231.4,234.0,27150.0,6250800.0,-0.011111111111111072,-0.011111111111111072,-0.011173300598125189,PASS,2026-05-29T14:16:23Z,D20260529.01
2057.HK,HK,equity,2021-10-06,234.8,235.0,232.2,232.8,231.4,16200.0,3783729.0,0.006050129645635227,0.006050129645635227,0.006031901097706522,PASS,2026-05-29T14:16:23Z,D20260529.01
2057.HK,HK,equity,2021-10-07,233.6,244.2,233.6,244.0,232.8,63300.0,15332170.0,0.04810996563573888,0.04810996563573888,0.04698850943591916,PASS,2026-05-29T14:16:23Z,D20260529.01
2057.HK,HK,equity,2021-10-08,244.0,247.0,243.0,244.0,244.0,74000.0,18095950.0,0.0,0.0,0.0,PASS,2026-05-29T14:16:23Z,D20260529.01
2057.HK,HK,equity,2021-10-12,251.4,253.6,245.6,246.0,251.0,93300.0,23276430.0,-0.019920318725099584,-0.019920318725099584,-0.020121403199421063,PASS,2026-05-29T14:16:23Z,D20260529.01
2057.HK,HK,equity,2021-10-15,247.2,254.0,244.2,248.2,246.0,83650.0,20682510.0,0.008943089430894169,0.008943089430894169,0.00890333683814389,PASS,2026-05-29T14:16:23Z,D20260529.01
2057.HK,HK,equity,2021-10-18,246.6,252.0,238.6,240.0,248.2,85950.0,20679130.0,-0.03303787268331981,-0.03303787268331981,-0.03359594942851544,PASS,2026-05-29T14:16:23Z,D20260529.01
2057.HK,HK,equity,2021-10-19,241.2,243.6,235.4,241.2,240.0,158400.0,37873240.0,0.004999999999999893,0.004999999999999893,0.004987541511038968,PASS,2026-05-29T14:16:23Z,D20260529.01
2057.HK,HK,equity,2021-10-20,241.6,247.6,241.6,246.0,241.2,281800.0,69219140.0,0.019900497512437942,0.019900497512437942,0.019705071079332556,PASS,2026-05-29T14:16:23Z,D20260529.01
2057.HK,HK,equity,2021-10-21,247.4,248.8,244.0,246.8,246.0,230655.0,56978155.0,0.003252032520325354,0.003252032520325354,0.0032467560988700944,PASS,2026-05-29T14:16:23Z,D20260529.01
2057.HK,HK,equity,2021-10-22,248.6,252.2,247.4,250.0,246.8,192700.0,48343815.0,0.01296596434359798,0.01296596434359798,0.01288262583101361,PASS,2026-05-29T14:16:23Z,D20260529.01
2057.HK,HK,equity,2021-10-25,247.4,247.4,239.8,241.2,250.0,63700.0,15375785.75,-0.03520000000000001,-0.03520000000000001,-0.03583445300921607,PASS,2026-05-29T14:16:23Z,D20260529.01
2057.HK,HK,equity,2021-10-26,243.0,243.0,238.0,238.2,241.2,60800.0,14547690.0,-0.01243781094527363,-0.01243781094527363,-0.012515807931830646,PASS,2026-05-29T14:16:23Z,D20260529.01
2057.HK,HK,equity,2021-10-27,239.0,241.6,236.2,240.2,238.2,71860.0,17116534.0,0.008396305625524736,0.008396305625524736,0.008361252724683403,PASS,2026-05-29T14:16:23Z,D20260529.01
2057.HK,HK,equity,2021-10-28,235.0,239.2,233.2,238.6,240.2,128550.0,30510090.0,-0.006661115736885881,-0.006661115736885881,-0.00668339998206738,PASS,2026-05-29T14:16:23Z,D20260529.01
2057.HK,HK,equity,2021-10-29,235.0,236.0,233.6,234.2,238.6,19000.0,4458890.0,-0.018440905280804665,-0.018440905280804665,-0.018613058500198742,PASS,2026-05-29T14:16:23Z,D20260529.01
2057.HK,HK,equity,2021-11-01,230.0,232.2,224.4,231.6,234.2,87950.0,20198470.0,-0.01110162254483349,-0.01110162254483349,-0.011163705464776803,PASS,2026-05-29T14:16:23Z,D20260529.01
2057.HK,HK,equity,2021-11-02,235.0,235.0,226.8,231.4,231.6,42450.0,9742130.0,-0.0008635578583764403,-0.0008635578583764403,-0.0008639309392639073,PASS,2026-05-29T14:16:23Z,D20260529.01
2057.HK,HK,equity,2021-11-03,226.8,231.4,217.2,223.6,231.4,170450.0,38182060.0,-0.03370786516853941,-0.03370786516853941,-0.03428907347863219,PASS,2026-05-29T14:16:23Z,D20260529.01
2057.HK,HK,equity,2021-11-04,232.0,235.0,226.8,227.8,223.6,52250.0,11920730.0,0.01878354203935606,0.01878354203935606,0.018609309732137737,PASS,2026-05-29T14:16:23Z,D20260529.01
2057.HK,HK,equity,2021-11-05,219.0,227.6,218.0,221.8,227.8,111150.0,24698590.0,-0.026338893766461813,-0.026338893766461813,-0.02669197609681511,PASS,2026-05-29T14:16:23Z,D20260529.01
2057.HK,HK,equity,2021-11-08,225.8,225.8,216.8,220.6,221.8,18550.0,4051660.0,-0.0054102795311091745,-0.0054102795311091745,-0.005424968096864632,PASS,2026-05-29T14:16:23Z,D20260529.01
2057.HK,HK,equity,2021-11-09,220.6,223.0,215.0,217.4,220.6,84850.0,18461590.0,-0.014505893019038929,-0.014505893019038929,-0.014612132132292972,PASS,2026-05-29T14:16:23Z,D20260529.01
2057.HK,HK,equity,2021-11-10,218.0,220.6,216.8,219.2,217.4,20900.0,4580960.0,0.008279668813247376,0.008279668813247376,0.008245580386751307,PASS,2026-05-29T14:16:23Z,D20260529.01
2057.HK,HK,equity,2021-11-11,220.0,221.4,217.6,221.2,219.2,68000.0,14905660.0,0.009124087591240837,0.009124087591240837,0.009082714574319226,PASS,2026-05-29T14:16:23Z,D20260529.01
2057.HK,HK,equity,2021-11-12,230.0,231.0,223.8,223.8,221.2,49150.0,11064750.0,0.01175406871609419,0.01175406871609419,0.01168552622964528,PASS,2026-05-29T14:16:23Z,D20260529.01
2057.HK,HK,equity,2021-11-15,223.8,228.0,223.4,225.0,223.8,55390.0,12427452.0,0.00536193029490617,0.00536193029490617,0.005347606326595277,PASS,2026-05-29T14:16:23Z,D20260529.01
2057.HK,HK,equity,2021-11-16,225.0,229.0,224.6,226.8,225.0,90206.0,20365660.4,0.008000000000000007,0.008000000000000007,0.007968169649176881,PASS,2026-05-29T14:16:23Z,D20260529.01
2057.HK,HK,equity,2021-11-17,229.8,229.8,225.2,228.0,226.8,21800.0,4952100.0,0.005291005291005346,0.005291005291005346,0.005277057100843819,PASS,2026-05-29T14:16:23Z,D20260529.01
2057.HK,HK,equity,2021-11-18,227.8,253.8,227.8,240.2,228.0,579350.0,142140120.0,0.05350877192982462,0.05350877192982462,0.05212628069144245,PASS,2026-05-29T14:16:23Z,D20260529.01
2057.HK,HK,equity,2021-11-19,251.0,261.2,246.4,251.2,240.2,1057100.0,266909310.0,0.04579517069109085,0.04579517069109085,0.04477752494816053,PASS,2026-05-29T14:16:23Z,D20260529.01
2057.HK,HK,equity,2021-11-22,259.0,259.0,254.0,259.0,251.2,161350.0,41444930.0,0.031050955414012815,0.031050955414012815,0.03057862710549421,PASS,2026-05-29T14:16:23Z,D20260529.01
2057.HK,HK,equity,2021-11-23,259.0,259.0,252.0,255.2,259.0,142476.0,36174709.95,-0.014671814671814665,-0.014671814671814665,-0.014780510228902926,PASS,2026-05-29T14:16:23Z,D20260529.01
2057.HK,HK,equity,2021-11-24,245.0,253.8,240.4,246.4,255.2,186600.0,45854875.0,-0.03448275862068961,-0.03448275862068961,-0.03509131981127006,PASS,2026-05-29T14:16:23Z,D20260529.01
2057.HK,HK,equity,2021-11-25,247.8,249.0,245.6,248.0,246.4,50200.0,12404480.0,0.006493506493506551,0.006493506493506551,0.00647251450561752,PASS,2026-05-29T14:16:23Z,D20260529.01
2057.HK,HK,equity,2021-11-26,248.0,248.0,244.0,246.2,248.0,103050.0,25287200.0,-0.007258064516129092,-0.007258064516129092,-0.007284532414629099,PASS,2026-05-29T14:16:23Z,D20260529.01
2057.HK,HK,equity,2021-11-29,245.0,248.6,242.0,243.6,246.2,28100.0,6849350.0,-0.010560519902518273,-0.010560519902518273,-0.010616677914611173,PASS,2026-05-29T14:16:23Z,D20260529.01
2057.HK,HK,equity,2021-11-30,243.0,245.2,240.2,242.0,243.6,170700.0,41331435.6,-0.006568144499178974,-0.006568144499178974,-0.0065898096790555525,PASS,2026-05-29T14:16:23Z,D20260529.01
2057.HK,HK,equity,2021-12-01,246.8,252.6,242.6,248.2,242.0,81500.0,20152048.15,0.025619834710743694,0.025619834710743694,0.02529714661382033,PASS,2026-05-29T14:16:23Z,D20260529.01
2057.HK,HK,equity,2021-12-02,247.2,249.4,247.0,248.6,248.2,34090.0,8456062.0,0.0016116035455278066,0.0016116035455278066,0.0016103063061039097,PASS,2026-05-29T14:16:23Z,D20260529.01
2057.HK,HK,equity,2021-12-03,246.2,248.6,243.6,243.8,248.6,185153.0,45341557.0,-0.019308125502815687,-0.019308125502815687,-0.019496962029439506,PASS,2026-05-29T14:16:23Z,D20260529.01
2057.HK,HK,equity,2021-12-06,240.2,241.6,229.2,231.8,243.8,265500.0,62181046.95,-0.04922067268252661,-0.04922067268252661,-0.05047328614151977,PASS,2026-05-29T14:16:23Z,D20260529.01
2057.HK,HK,equity,2021-12-07,231.0,231.0,223.6,227.0,231.8,367950.0,83107318.8,-0.02070750647109587,-0.02070750647109587,-0.02092491342424876,PASS,2026-05-29T14:16:23Z,D20260529.01
2057.HK,HK,equity,2021-12-08,231.2,233.8,227.8,233.4,227.0,119650.0,27749815.9,0.028193832599118895,0.028193832599118895,0.02780370237105289,PASS,2026-05-29T14:16:23Z,D20260529.01
2057.HK,HK,equity,2021-12-09,249.0,249.0,237.0,242.6,233.4,311650.0,75620385.0,0.03941730934018839,0.03941730934018839,0.038660276657494025,PASS,2026-05-29T14:16:23Z,D20260529.01
2057.HK,HK,equity,2021-12-10,244.2,244.2,240.6,242.4,242.6,51500.0,12483085.0,-0.0008244023083263663,-0.0008244023083263663,-0.0008247423147902726,PASS,2026-05-29T14:16:23Z,D20260529.01
2057.HK,HK,equity,2021-12-13,244.0,246.8,235.2,240.8,242.4,106900.0,26036193.65,-0.0066006600660065695,-0.0066006600660065695,-0.006622540760493382,PASS,2026-05-29T14:16:23Z,D20260529.01
2057.HK,HK,equity,2021-12-14,240.8,242.0,239.0,240.2,240.8,78800.0,18925777.25,-0.002491694352159568,-0.002491694352159568,-0.002494803788782906,PASS,2026-05-29T14:16:23Z,D20260529.01
2057.HK,HK,equity,2021-12-15,235.8,237.0,229.6,230.2,240.2,52800.0,12294258.95,-0.04163197335553703,-0.04163197335553703,-0.04252341335810088,PASS,2026-05-29T14:16:23Z,D20260529.01
2057.HK,HK,equity,2021-12-16,229.8,229.8,222.6,227.2,230.2,186017.0,42060832.7,-0.013032145960034769,-0.013032145960034769,-0.013117809440786,PASS,2026-05-29T14:16:23Z,D20260529.01
2057.HK,HK,equity,2021-12-17,222.0,222.0,218.0,219.6,227.2,139750.0,30953774.17,-0.033450704225352124,-0.033450704225352124,-0.03402297721162073,PASS,2026-05-29T14:16:23Z,D20260529.01
2057.HK,HK,equity,2021-12-20,217.6,220.4,213.0,216.4,219.6,216150.0,46839342.15,-0.014571948998178486,-0.014571948998178486,-0.014679162663049089,PASS,2026-05-29T14:16:23Z,D20260529.01
2057.HK,HK,equity,2021-12-21,211.6,223.4,206.6,214.4,216.4,109780.0,23422305.0,-0.009242144177449174,-0.009242144177449174,-0.00928511777567954,PASS,2026-05-29T14:16:23Z,D20260529.01
2057.HK,HK,equity,2021-12-22,222.4,222.8,214.2,216.0,214.4,26450.0,5727365.0,0.00746268656716409,0.00746268656716409,0.0074349784875179905,PASS,2026-05-29T14:16:23Z,D20260529.01
2057.HK,HK,equity,2021-12-23,222.0,222.0,214.2,215.4,216.0,61250.0,13375960.0,-0.002777777777777768,-0.002777777777777768,-0.0027816429618768026,PASS,2026-05-29T14:16:23Z,D20260529.01
2057.HK,HK,equity,2021-12-24,215.4,216.2,213.6,214.4,215.4,3650.0,786500.0,-0.00464252553389044,-0.00464252553389044,-0.004653335525641271,PASS,2026-05-29T14:16:23Z,D20260529.01
2057.HK,HK,equity,2021-12-28,214.6,215.0,210.2,211.0,214.4,32000.0,6783350.0,-0.01585820895522394,-0.01585820895522394,-0.015985295720580488,PASS,2026-05-29T14:16:23Z,D20260529.01
2057.HK,HK,equity,2021-12-29,212.0,212.0,207.8,209.0,211.0,39200.0,8187065.0,-0.009478672985781977,-0.009478672985781977,-0.009523881511255479,PASS,2026-05-29T14:16:23Z,D20260529.01
2057.HK,HK,equity,2021-12-30,209.4,210.0,207.0,208.4,209.0,45500.0,9473960.0,-0.002870813397129135,-0.002870813397129135,-0.0028749420855990995,PASS,2026-05-29T14:16:23Z,D20260529.01
2057.HK,HK,equity,2021-12-31,220.0,220.0,213.0,216.4,208.4,29666.0,6428342.0,0.03838771593090207,0.03838771593090207,0.03766923709311456,PASS,2026-05-29T14:16:23Z,D20260529.01
2057.HK,HK,equity,2022-01-03,216.4,221.2,216.4,217.2,216.4,27800.0,6061755.0,0.003696857670979492,0.003696857670979492,0.003690041087453742,PASS,2026-05-29T14:16:23Z,D20260529.01
2057.HK,HK,equity,2022-01-04,217.2,219.2,213.0,215.8,217.2,133500.0,28969360.0,-0.006445672191528473,-0.006445672191528473,-0.006466535235746015,PASS,2026-05-29T14:16:23Z,D20260529.01
2057.HK,HK,equity,2022-01-05,222.0,222.0,213.0,216.4,215.8,48450.0,10493510.0,0.002780352177942591,0.002780352177942591,0.002776494148292223,PASS,2026-05-29T14:16:23Z,D20260529.01
2057.HK,HK,equity,2022-01-06,214.4,216.6,214.0,215.6,216.4,122850.0,26498913.5,-0.003696857670979714,-0.003696857670979714,-0.0037037079374844144,PASS,2026-05-29T14:16:23Z,D20260529.01
2057.HK,HK,equity,2022-01-07,220.0,221.6,215.4,215.4,215.6,168100.0,36455120.0,-0.0009276437847866026,-0.0009276437847866026,-0.0009280743125538598,PASS,2026-05-29T14:16:23Z,D20260529.01
2057.HK,HK,equity,2022-01-10,216.0,222.0,214.0,219.0,215.4,132150.0,28721555.95,0.01671309192200554,0.01671309192200554,0.0165749650942126,PASS,2026-05-29T14:16:23Z,D20260529.01
2057.HK,HK,equity,2022-01-11,225.0,233.8,225.0,229.8,219.0,331850.0,76551835.0,0.049315068493150704,0.049315068493150704,0.0481376355981545,PASS,2026-05-29T14:16:23Z,D20260529.01
2057.HK,HK,equity,2022-01-12,259.2,259.2,241.0,244.2,229.8,288350.0,70656420.0,0.06266318537858995,0.06266318537858995,0.06077819626194887,PASS,2026-05-29T14:16:23Z,D20260529.01
2057.HK,HK,equity,2022-01-13,246.0,250.0,243.4,245.0,244.2,177900.0,43725636.1,0.003276003276003303,0.003276003276003303,0.0032706488681227067,PASS,2026-05-29T14:16:23Z,D20260529.01
2057.HK,HK,equity,2022-01-14,245.0,246.2,244.0,246.0,245.0,135350.0,33255750.0,0.004081632653061273,0.004081632653061273,0.004073325387635869,PASS,2026-05-29T14:16:23Z,D20260529.01
2057.HK,HK,equity,2022-01-17,245.0,245.0,239.0,242.4,246.0,119250.0,28950255.0,-0.014634146341463428,-0.014634146341463428,-0.014742281737203431,PASS,2026-05-29T14:16:23Z,D20260529.01
2057.HK,HK,equity,2022-01-18,245.0,245.0,238.6,239.8,242.4,98150.0,23606048.95,-0.010726072607260662,-0.010726072607260662,-0.010784011601745452,PASS,2026-05-29T14:16:23Z,D20260529.01
2057.HK,HK,equity,2022-01-19,238.0,238.0,232.6,235.0,239.8,70150.0,16458970.0,-0.020016680567139344,-0.020016680567139344,-0.020219728449254973,PASS,2026-05-29T14:16:23Z,D20260529.01
2057.HK,HK,equity,2022-01-20,236.4,239.4,233.2,238.2,235.0,142650.0,33725167.8,0.013617021276595587,0.013617021276595587,0.013525142777040613,PASS,2026-05-29T14:16:23Z,D20260529.01
2057.HK,HK,equity,2022-01-21,237.0,237.0,225.2,230.8,238.2,78150.0,17964168.25,-0.031066330814441545,-0.031066330814441545,-0.03155912228725513,PASS,2026-05-29T14:16:23Z,D20260529.01
2057.HK,HK,equity,2022-01-24,225.0,228.8,222.2,225.0,230.8,65700.0,14724075.0,-0.02512998266897748,-0.02512998266897748,-0.025451132429524376,PASS,2026-05-29T14:16:23Z,D20260529.01
2057.HK,HK,equity,2022-01-25,224.2,227.0,220.4,223.2,225.0,73150.0,16297806.95,-0.008000000000000007,-0.008000000000000007,-0.008032171697264267,PASS,2026-05-29T14:16:23Z,D20260529.01
2057.HK,HK,equity,2022-01-26,241.6,241.6,225.4,229.6,223.2,65800.0,15046140.2,0.028673835125448077,0.028673835125448077,0.028270433938255526,PASS,2026-05-29T14:16:23Z,D20260529.01
2057.HK,HK,equity,2022-01-27,228.6,229.6,220.0,225.2,229.6,165400.0,36918705.0,-0.019163763066202155,-0.019163763066202155,-0.019349768179876103,PASS,2026-05-29T14:16:23Z,D20260529.01
2057.HK,HK,equity,2022-01-28,226.8,226.8,215.2,219.8,225.2,72400.0,15872440.35,-0.023978685612788486,-0.023978685612788486,-0.02427085429601418,PASS,2026-05-29T14:16:23Z,D20260529.01
2057.HK,HK,equity,2022-01-31,219.8,221.6,218.0,221.0,219.8,14658.0,3216987.2,0.005459508644221955,0.005459508644221955,0.005444659548231764,PASS,2026-05-29T14:16:23Z,D20260529.01
2057.HK,HK,equity,2022-02-04,228.8,230.8,226.0,229.2,221.0,50800.0,11644470.0,0.03710407239818991,0.03710407239818991,0.036432283322831556,PASS,2026-05-29T14:16:23Z,D20260529.01
2057.HK,HK,equity,2022-02-07,228.8,232.6,227.2,229.2,229.2,119600.0,27402320.0,0.0,0.0,0.0,PASS,2026-05-29T14:16:23Z,D20260529.01
2057.HK,HK,equity,2022-02-08,232.8,232.8,225.2,229.2,229.2,131050.0,29835909.5,0.0,0.0,0.0,PASS,2026-05-29T14:16:23Z,D20260529.01
2057.HK,HK,equity,2022-02-09,231.6,238.0,231.6,235.6,229.2,102200.0,24068130.0,0.027923211169284423,0.027923211169284423,0.0275404669368471,PASS,2026-05-29T14:16:23Z,D20260529.01
2057.HK,HK,equity,2022-02-10,238.8,240.4,236.6,238.2,235.6,118850.0,28257240.0,0.011035653650254718,0.011035653650254718,0.010975205143768138,PASS,2026-05-29T14:16:23Z,D20260529.01
2057.HK,HK,equity,2022-02-11,238.2,240.0,233.0,236.2,238.2,125750.0,29737105.0,-0.008396305625524736,-0.008396305625524736,-0.008431753157937765,PASS,2026-05-29T14:16:23Z,D20260529.01
2057.HK,HK,equity,2022-02-14,236.2,238.0,234.8,235.2,236.2,45750.0,10785535.0,-0.0042337002540220325,-0.0042337002540220325,-0.004242687738790093,PASS,2026-05-29T14:16:23Z,D20260529.01
2057.HK,HK,equity,2022-02-15,235.2,238.8,229.0,232.6,235.2,51050.0,11946225.0,-0.011054421768707412,-0.011054421768707412,-0.011115975939907733,PASS,2026-05-29T14:16:23Z,D20260529.01
2057.HK,HK,equity,2022-02-16,232.8,238.4,232.8,235.6,232.6,25700.0,6070520.0,0.012897678417884695,0.012897678417884695,0.012815211692867506,PASS,2026-05-29T14:16:23Z,D20260529.01
2057.HK,HK,equity,2022-02-17,237.0,239.8,236.0,237.4,235.6,32700.0,7763550.0,0.007640067911714787,0.007640067911714787,0.007611030398136038,PASS,2026-05-29T14:16:23Z,D20260529.01
2057.HK,HK,equity,2022-02-18,237.8,241.8,237.8,240.0,237.4,53100.0,12757740.0,0.010951979780960297,0.010951979780960297,0.010892441166423536,PASS,2026-05-29T14:16:23Z,D20260529.01
2057.HK,HK,equity,2022-02-21,237.0,244.4,234.6,239.4,240.0,138700.0,33400220.0,-0.0024999999999999467,-0.0024999999999999467,-0.002503130218118477,PASS,2026-05-29T14:16:23Z,D20260529.01
2057.HK,HK,equity,2022-02-22,236.8,238.8,230.8,236.2,239.4,402712.0,94661731.4,-0.013366750208855582,-0.013366750208855582,-0.013456889360610954,PASS,2026-05-29T14:16:23Z,D20260529.01
2057.HK,HK,equity,2022-02-23,240.4,240.6,233.2,237.8,236.2,41800.0,9943910.0,0.00677392040643543,0.00677392040643543,0.00675108049341973,PASS,2026-05-29T14:16:23Z,D20260529.01
2057.HK,HK,equity,2022-02-24,230.8,231.2,223.2,230.0,237.8,193850.0,44112380.0,-0.03280067283431465,-0.03280067283431465,-0.033350675333486186,PASS,2026-05-29T14:16:23Z,D20260529.01
2057.HK,HK,equity,2022-02-25,234.0,238.0,228.0,232.8,230.0,24700.0,5794535.0,0.012173913043478368,0.012173913043478368,0.012100406934087489,PASS,2026-05-29T14:16:23Z,D20260529.01
2057.HK,HK,equity,2022-02-28,229.0,229.0,223.6,225.2,232.8,235319.0,53348847.8,-0.03264604810996574,-0.03264604810996574,-0.03319081959174755,PASS,2026-05-29T14:16:23Z,D20260529.01
2057.HK,HK,equity,2022-03-01,229.2,232.0,228.0,230.0,225.2,91550.0,21005530.0,0.02131438721136769,0.02131438721136769,0.021090412657660075,PASS,2026-05-29T14:16:23Z,D20260529.01
2057.HK,HK,equity,2022-03-02,224.0,233.2,224.0,227.0,230.0,157600.0,36036150.0,-0.013043478260869601,-0.013043478260869601,-0.013129291441792736,PASS,2026-05-29T14:16:23Z,D20260529.01
2057.HK,HK,equity,2022-03-03,231.0,231.0,226.0,228.0,227.0,37200.0,8459812.5,0.004405286343612369,0.004405286343612369,0.004395611473038129,PASS,2026-05-29T14:16:23Z,D20260529.01
2057.HK,HK,equity,2022-03-04,228.0,228.0,218.4,220.2,228.0,129700.0,28645462.5,-0.03421052631578947,-0.03421052631578947,-0.034809404665861174,PASS,2026-05-29T14:16:23Z,D20260529.01
2057.HK,HK,equity,2022-03-07,219.0,219.4,209.4,215.0,220.2,141150.0,30419215.6,-0.02361489554950036,-0.02361489554950036,-0.023898196160916693,PASS,2026-05-29T14:16:23Z,D20260529.01
2057.HK,HK,equity,2022-03-08,211.0,211.0,199.6,201.2,215.0,118500.0,23850785.0,-0.06418604651162796,-0.06418604651162796,-0.0663385899020787,PASS,2026-05-29T14:16:23Z,D20260529.01
2057.HK,HK,equity,2022-03-09,204.8,204.8,192.3,200.8,201.2,256916.0,50872721.19,-0.001988071570576455,-0.001988071570576455,-0.001990050408009925,PASS,2026-05-29T14:16:23Z,D20260529.01
2057.HK,HK,equity,2022-03-10,224.2,225.0,205.8,215.2,200.8,165250.0,35775885.0,0.0717131474103585,0.0717131474103585,0.06925844047005517,PASS,2026-05-29T14:16:23Z,D20260529.01
2057.HK,HK,equity,2022-03-11,199.3,204.0,191.8,199.1,215.2,351450.0,69747910.55,-0.07481412639405205,-0.07481412639405205,-0.07776061721747875,PASS,2026-05-29T14:16:23Z,D20260529.01
2057.HK,HK,equity,2022-03-14,175.1,180.0,166.8,169.6,199.1,357179.0,62210062.9,-0.14816675037669513,-0.14816675037669513,-0.1603644877123479,PASS,2026-05-29T14:16:23Z,D20260529.01
2057.HK,HK,equity,2022-03-15,169.6,169.8,141.2,159.8,169.6,410600.0,66297982.1,-0.057783018867924474,-0.057783018867924474,-0.05951969002562835,PASS,2026-05-29T14:16:23Z,D20260529.01
2057.HK,HK,equity,2022-03-16,181.0,195.9,174.8,191.8,159.8,451150.0,84324485.0,0.20025031289111395,0.20025031289111395,0.1825301291171636,PASS,2026-05-29T14:16:23Z,D20260529.01
2057.HK,HK,equity,2022-03-17,203.0,211.0,192.0,196.0,191.8,576350.0,114865023.8,0.021897810218977964,0.021897810218977964,0.02166149678117925,PASS,2026-05-29T14:16:23Z,D20260529.01
2057.HK,HK,equity,2022-03-18,196.8,204.8,183.0,201.4,196.0,460950.0,92005564.25,0.027551020408163263,0.027551020408163263,0.027178321053944687,PASS,2026-05-29T14:16:23Z,D20260529.01
2057.HK,HK,equity,2022-03-21,206.6,209.6,186.9,191.2,201.4,298499.0,57218553.45,-0.05064548162859983,-0.05064548162859983,-0.05197297966716104,PASS,2026-05-29T14:16:23Z,D20260529.01
2057.HK,HK,equity,2022-03-22,191.2,201.0,190.0,198.2,191.2,103500.0,20228370.0,0.03661087866108792,0.03661087866108792,0.03595662127858676,PASS,2026-05-29T14:16:23Z,D20260529.01
2057.HK,HK,equity,2022-03-23,201.0,207.6,198.5,203.2,198.2,248470.0,50764213.0,0.025227043390514625,0.025227043390514625,0.024914093808439206,PASS,2026-05-29T14:16:23Z,D20260529.01
2057.HK,HK,equity,2022-03-24,209.6,220.2,205.0,211.8,203.2,279429.0,59428944.0,0.04232283464566944,0.04232283464566944,0.0414517174629794,PASS,2026-05-29T14:16:23Z,D20260529.01
2057.HK,HK,equity,2022-03-25,211.8,217.0,195.0,197.0,211.8,283950.0,58063264.91,-0.06987724268177531,-0.06987724268177531,-0.07243870442931763,PASS,2026-05-29T14:16:23Z,D20260529.01
2057.HK,HK,equity,2022-03-28,199.5,201.6,194.2,200.8,197.0,92750.0,18521401.35,0.019289340101522834,0.019289340101522834,0.019105659079585616,PASS,2026-05-29T14:16:23Z,D20260529.01
2057.HK,HK,equity,2022-03-29,201.0,201.0,197.1,200.2,200.8,37300.0,7438660.0,-0.0029880478087650486,-0.0029880478087650486,-0.0029925209364540287,PASS,2026-05-29T14:16:23Z,D20260529.01
2057.HK,HK,equity,2022-03-30,201.0,207.6,201.0,207.0,200.2,97700.0,20121609.15,0.033966033966033926,0.033966033966033926,0.033401926384248826,PASS,2026-05-29T14:16:23Z,D20260529.01
2057.HK,HK,equity,2022-03-31,204.4,207.0,198.3,199.6,207.0,150200.0,29977708.3,-0.035748792270531404,-0.035748792270531404,-0.036403429388005476,PASS,2026-05-29T14:16:23Z,D20260529.01
2057.HK,HK,equity,2022-04-01,200.8,204.8,199.0,204.4,199.6,136100.0,27481330.15,0.024048096192384794,0.024048096192384794,0.023763494452185792,PASS,2026-05-29T14:16:23Z,D20260529.01
2057.HK,HK,equity,2022-04-04,196.3,214.6,196.3,211.2,204.4,118650.0,24925715.0,0.03326810176125239,0.03326810176125239,0.03272669350255698,PASS,2026-05-29T14:16:23Z,D20260529.01
2057.HK,HK,equity,2022-04-06,206.0,206.0,197.1,199.9,211.2,255676.0,51094739.8,-0.053503787878787845,-0.053503787878787845,-0.05498831032575199,PASS,2026-05-29T14:16:23Z,D20260529.01
2057.HK,HK,equity,2022-04-07,198.4,198.7,196.5,196.7,197.95,39491.0,7794369.8,-0.006314725940894217,-0.006314725940894217,-0.00633474815712629,PASS,2026-05-29T14:16:23Z,D20260529.01
2057.HK,HK,equity,2022-04-08,196.6,199.2,194.5,197.6,196.7,158430.0,31195128.0,0.004575495678698527,0.004575495678698527,0.004565059918754055,PASS,2026-05-29T14:16:23Z,D20260529.01
2057.HK,HK,equity,2022-04-11,201.2,201.2,189.4,191.0,197.6,111950.0,21446415.0,-0.0334008097165992,-0.0334008097165992,-0.03397135726713758,PASS,2026-05-29T14:16:23Z,D20260529.01
2057.HK,HK,equity,2022-04-12,194.7,200.2,192.8,198.7,191.0,66400.0,13068340.0,0.04031413612565449,0.04031413612565449,0.03952272151114133,PASS,2026-05-29T14:16:23Z,D20260529.01
2057.HK,HK,equity,2022-04-13,200.0,202.2,197.5,201.4,198.7,55850.0,11201280.0,0.013588324106693639,0.013588324106693639,0.013496830726690884,PASS,2026-05-29T14:16:23Z,D20260529.01
2057.HK,HK,equity,2022-04-14,203.6,207.0,202.8,204.2,201.4,60050.0,12279100.0,0.013902681231380276,0.013902681231380276,0.0138069254461032,PASS,2026-05-29T14:16:23Z,D20260529.01
2057.HK,HK,equity,2022-04-19,205.4,205.6,200.8,201.4,204.2,97800.0,19751992.0,-0.013712047012732542,-0.013712047012732542,-0.013806925446103189,PASS,2026-05-29T14:16:23Z,D20260529.01
2057.HK,HK,equity,2022-04-20,202.4,203.6,197.8,200.4,201.4,167300.0,33689305.0,-0.0049652432969214955,-0.0049652432969214955,-0.004977611073752132,PASS,2026-05-29T14:16:23Z,D20260529.01
2057.HK,HK,equity,2022-04-21,200.8,200.8,192.5,194.2,200.4,56790.0,11045855.8,-0.03093812375249505,-0.03093812375249505,-0.03142681335348524,PASS,2026-05-29T14:16:23Z,D20260529.01
2057.HK,HK,equity,2022-04-22,192.8,192.9,186.4,190.2,194.2,34950.0,6646884.44,-0.02059732234809475,-0.02059732234809475,-0.02081240574593461,PASS,2026-05-29T14:16:23Z,D20260529.01
2057.HK,HK,equity,2022-04-25,188.0,188.0,175.2,176.2,190.2,35500.0,6327670.0,-0.0736067297581493,-0.0736067297581493,-0.07645643660921078,PASS,2026-05-29T14:16:23Z,D20260529.01
2057.HK,HK,equity,2022-04-26,181.3,192.2,181.3,190.0,176.2,83850.0,15820770.0,0.07832009080590252,0.07832009080590252,0.07540435865840714,PASS,2026-05-29T14:16:23Z,D20260529.01
2057.HK,HK,equity,2022-04-27,188.9,193.7,188.9,193.5,190.0,93850.0,17998375.0,0.018421052631578894,0.018421052631578894,0.0182534403093503,PASS,2026-05-29T14:16:23Z,D20260529.01
2057.HK,HK,equity,2022-04-28,205.0,206.0,198.6,204.2,193.5,173872.0,35224284.0,0.05529715762273901,0.05529715762273901,0.05382239326072868,PASS,2026-05-29T14:16:23Z,D20260529.01
2057.HK,HK,equity,2022-04-29,208.2,221.0,208.0,219.2,204.2,281303.0,60809382.2,0.07345739471106749,0.07345739471106749,0.0708846493432952,PASS,2026-05-29T14:16:23Z,D20260529.01
2057.HK,HK,equity,2022-05-03,220.0,227.2,216.8,221.8,219.2,64410.0,14382894.25,0.011861313868613221,0.011861313868613221,0.011791519842406274,PASS,2026-05-29T14:16:23Z,D20260529.01
2057.HK,HK,equity,2022-05-04,224.8,224.8,215.4,216.8,221.8,50679.0,11010289.2,-0.02254283137962132,-0.02254283137962132,-0.022800805350775555,PASS,2026-05-29T14:16:23Z,D20260529.01
2057.HK,HK,equity,2022-05-05,217.2,221.4,215.6,216.2,216.8,63150.0,13862080.0,-0.002767527675276882,-0.002767527675276882,-0.002771364360383371,PASS,2026-05-29T14:16:23Z,D20260529.01
2057.HK,HK,equity,2022-05-06,216.6,230.2,207.0,207.4,216.2,81250.0,17098710.0,-0.04070305272895458,-0.04070305272895458,-0.04155460940968085,PASS,2026-05-29T14:16:23Z,D20260529.01
2057.HK,HK,equity,2022-05-10,222.8,222.8,190.9,197.8,207.4,157830.0,30812708.0,-0.04628736740597872,-0.04628736740597872,-0.04739287660681515,PASS,2026-05-29T14:16:23Z,D20260529.01
2057.HK,HK,equity,2022-05-11,200.4,208.0,197.4,206.2,197.8,77900.0,16013815.0,0.04246713852376116,0.04246713852376116,0.041590152394247605,PASS,2026-05-29T14:16:23Z,D20260529.01
2057.HK,HK,equity,2022-05-12,202.4,203.4,196.2,202.8,206.2,114850.0,23006725.0,-0.016488845780795236,-0.016488845780795236,-0.01662629986583134,PASS,2026-05-29T14:16:23Z,D20260529.01
2057.HK,HK,equity,2022-05-13,197.0,201.0,195.6,199.6,202.8,76500.0,15175510.0,-0.015779092702169706,-0.015779092702169706,-0.01590490783966458,PASS,2026-05-29T14:16:23Z,D20260529.01
2057.HK,HK,equity,2022-05-16,201.6,201.6,196.5,198.7,199.6,19500.0,3864701.85,-0.0045090180360721765,-0.0045090180360721765,-0.0045192143195924685,PASS,2026-05-29T14:16:23Z,D20260529.01
2057.HK,HK,equity,2022-05-17,198.0,201.4,196.0,201.4,198.7,56950.0,11383160.0,0.013588324106693639,0.013588324106693639,0.013496830726690884,PASS,2026-05-29T14:16:23Z,D20260529.01
2057.HK,HK,equity,2022-05-18,201.4,204.6,200.4,203.6,201.4,70200.0,14232860.0,0.010923535253227312,0.010923535253227312,0.010864304391905662,PASS,2026-05-29T14:16:23Z,D20260529.01
2057.HK,HK,equity,2022-05-19,202.2,202.2,197.3,200.2,203.6,77090.0,15450915.0,-0.016699410609037346,-0.016699410609037346,-0.016840417795247486,PASS,2026-05-29T14:16:23Z,D20260529.01
2057.HK,HK,equity,2022-05-20,202.2,205.0,199.0,203.2,200.2,290700.0,58557315.0,0.014985014985015033,0.014985014985015033,0.014873848823206663,PASS,2026-05-29T14:16:23Z,D20260529.01
2057.HK,HK,equity,2022-05-23,202.0,210.2,196.6,198.0,203.2,75900.0,15107390.0,-0.025590551181102317,-0.025590551181102317,-0.025923685009791544,PASS,2026-05-29T14:16:23Z,D20260529.01
2057.HK,HK,equity,2022-05-24,201.8,201.8,195.2,196.7,198.0,89129.0,17652653.1,-0.0065656565656566634,-0.0065656565656566634,-0.006587305299521949,PASS,2026-05-29T14:16:23Z,D20260529.01
2057.HK,HK,equity,2022-05-25,197.6,197.6,194.0,195.4,196.7,43750.0,8554330.0,-0.0066090493136755635,-0.0066090493136755635,-0.006630985786330935,PASS,2026-05-29T14:16:23Z,D20260529.01
2057.HK,HK,equity,2022-05-26,197.2,204.0,190.2,192.1,195.4,71150.0,13854502.5,-0.016888433981576356,-0.016888433981576356,-0.017032669834171506,PASS,2026-05-29T14:16:23Z,D20260529.01
2057.HK,HK,equity,2022-05-27,195.0,196.0,192.2,194.4,192.1,54400.0,10567014.15,0.011972930765226542,0.011972930765226542,0.011901822251827832,PASS,2026-05-29T14:16:23Z,D20260529.01
2057.HK,HK,equity,2022-05-30,195.6,196.6,182.6,182.6,194.4,98250.0,18758795.0,-0.06069958847736634,-0.06069958847736634,-0.0626199238654707,PASS,2026-05-29T14:16:23Z,D20260529.01
2057.HK,HK,equity,2022-05-31,188.0,200.8,188.0,198.6,182.6,180350.0,35520511.4,0.08762322015334068,0.08762322015334068,0.08399478345020416,PASS,2026-05-29T14:16:23Z,D20260529.01
2057.HK,HK,equity,2022-06-01,207.0,210.0,201.6,204.2,198.6,237500.0,48586765.0,0.028197381671701827,0.028197381671701827,0.027807154119492878,PASS,2026-05-29T14:16:23Z,D20260529.01
2057.HK,HK,equity,2022-06-02,203.8,206.8,203.8,205.6,204.2,85450.0,17547420.0,0.006856023506366382,0.006856023506366382,0.006832627850444936,PASS,2026-05-29T14:16:23Z,D20260529.01
2057.HK,HK,equity,2022-06-06,204.0,209.2,201.8,208.6,205.6,59050.0,12182950.0,0.014591439688715901,0.014591439688715901,0.014486008985661977,PASS,2026-05-29T14:16:23Z,D20260529.01
2057.HK,HK,equity,2022-06-07,213.0,219.4,213.0,217.6,208.6,124650.0,27066950.0,0.043144774688398835,0.043144774688398835,0.04223997241511548,PASS,2026-05-29T14:16:23Z,D20260529.01
2057.HK,HK,equity,2022-06-08,205.2,219.8,205.2,218.4,217.6,171539.0,37480338.6,0.003676470588235281,0.003676470588235281,0.0036697288889624017,PASS,2026-05-29T14:16:23Z,D20260529.01
2057.HK,HK,equity,2022-06-09,210.8,216.6,210.8,216.0,218.4,227706.0,48783081.85,-0.010989010989011061,-0.010989010989011061,-0.011049836186585046,PASS,2026-05-29T14:16:23Z,D20260529.01
2057.HK,HK,equity,2022-06-10,208.0,215.8,207.8,213.8,216.0,93950.0,19942252.35,-0.010185185185185186,-0.010185185185185186,-0.010237409093220153,PASS,2026-05-29T14:16:23Z,D20260529.01
2057.HK,HK,equity,2022-06-13,204.2,211.8,201.0,203.6,213.8,175408.0,35752812.0,-0.04770813844714694,-0.04770813844714694,-0.04888371391457725,PASS,2026-05-29T14:16:23Z,D20260529.01
2057.HK,HK,equity,2022-06-14,200.0,202.4,195.2,200.4,203.6,89770.0,17897123.85,-0.015717092337917404,-0.015717092337917404,-0.01584191546565786,PASS,2026-05-29T14:16:23Z,D20260529.01
2057.HK,HK,equity,2022-06-15,198.0,200.2,195.4,197.2,200.4,46300.0,9167635.0,-0.015968063872255578,-0.015968063872255578,-0.01609692704217478,PASS,2026-05-29T14:16:23Z,D20260529.01
2057.HK,HK,equity,2022-06-16,197.2,197.2,186.6,189.7,197.2,230750.0,44286050.0,-0.038032454361054735,-0.038032454361054735,-0.03877456522756649,PASS,2026-05-29T14:16:23Z,D20260529.01
2057.HK,HK,equity,2022-06-17,191.7,192.5,188.3,188.3,189.7,257569.0,48772963.54,-0.007380073800737907,-0.007380073800737907,-0.007407441277861694,PASS,2026-05-29T14:16:23Z,D20260529.01
2057.HK,HK,equity,2022-06-20,189.6,192.2,188.6,192.2,188.3,46750.0,8889401.6,0.02071163037705781,0.02071163037705781,0.020500060873085316,PASS,2026-05-29T14:16:23Z,D20260529.01
2057.HK,HK,equity,2022-06-21,193.2,194.5,189.8,192.8,192.2,31125.0,6003195.0,0.003121748178980255,0.003121748178980255,0.003116885640253148,PASS,2026-05-29T14:16:23Z,D20260529.01
2057.HK,HK,equity,2022-06-22,191.6,191.6,184.7,185.5,192.8,69323.0,12951301.6,-0.037863070539419175,-0.037863070539419175,-0.0385985001289555,PASS,2026-05-29T14:16:23Z,D20260529.01
2057.HK,HK,equity,2022-06-23,186.9,193.8,186.9,191.2,185.5,112800.0,21566930.0,0.030727762803234526,0.030727762803234526,0.030265118569811105,PASS,2026-05-29T14:16:23Z,D20260529.01
2057.HK,HK,equity,2022-06-24,195.0,197.0,194.8,196.2,191.2,95700.0,18776737.5,0.026150627615062705,0.026150627615062705,0.025814546513961742,PASS,2026-05-29T14:16:23Z,D20260529.01
2057.HK,HK,equity,2022-06-27,206.0,217.6,206.0,212.2,196.2,215450.0,46017560.0,0.08154943934760439,0.08154943934760439,0.07839467904861996,PASS,2026-05-29T14:16:23Z,D20260529.01
2057.HK,HK,equity,2022-06-28,209.0,211.0,202.4,210.4,212.2,192450.0,39993660.0,-0.008482563619227057,-0.008482563619227057,-0.008518745316327877,PASS,2026-05-29T14:16:23Z,D20260529.01
2057.HK,HK,equity,2022-06-29,210.2,210.2,200.2,202.8,210.4,37750.0,7651355.0,-0.0361216730038022,-0.0361216730038022,-0.036790209146526615,PASS,2026-05-29T14:16:23Z,D20260529.01
2057.HK,HK,equity,2022-06-30,210.2,211.0,201.6,203.2,202.8,82304.0,16771857.2,0.001972386587770991,0.001972386587770991,0.001970443987298517,PASS,2026-05-29T14:16:23Z,D20260529.01
2057.HK,HK,equity,2022-07-04,204.0,208.4,203.4,208.0,203.2,51600.0,10663440.0,0.023622047244094446,0.023622047244094446,0.023347363996991107,PASS,2026-05-29T14:16:23Z,D20260529.01
2057.HK,HK,equity,2022-07-05,208.0,215.4,206.8,210.0,208.0,93250.0,19612800.0,0.009615384615384581,0.009615384615384581,0.009569451016150672,PASS,2026-05-29T14:16:23Z,D20260529.01
2057.HK,HK,equity,2022-07-06,214.0,214.0,207.8,209.6,210.0,66455.0,13931479.75,-0.0019047619047619646,-0.0019047619047619646,-0.0019065782705816427,PASS,2026-05-29T14:16:23Z,D20260529.01
2057.HK,HK,equity,2022-07-07,209.8,212.4,207.0,211.0,209.6,41950.0,8817750.0,0.006679389312977069,0.006679389312977069,0.006657181029179368,PASS,2026-05-29T14:16:23Z,D20260529.01
2057.HK,HK,equity,2022-07-08,211.0,213.0,205.8,210.2,211.0,127100.0,26491440.0,-0.0037914691943128354,-0.0037914691943128354,-0.003798675033215784,PASS,2026-05-29T14:16:23Z,D20260529.01
2057.HK,HK,equity,2022-07-11,207.2,208.8,203.4,205.8,210.2,60000.0,12274146.8,-0.020932445290199664,-0.020932445290199664,-0.02115463504290137,PASS,2026-05-29T14:16:23Z,D20260529.01
2057.HK,HK,equity,2022-07-12,201.6,205.0,200.0,203.6,205.8,35080.0,7112951.7,-0.010689990281827044,-0.010689990281827044,-0.010747538723581583,PASS,2026-05-29T14:16:23Z,D20260529.01
2057.HK,HK,equity,2022-07-13,203.2,206.6,203.2,204.0,203.6,17850.0,3654100.0,0.0019646365422396617,0.0019646365422396617,0.001962709167848689,PASS,2026-05-29T14:16:23Z,D20260529.01
2057.HK,HK,equity,2022-07-14,205.4,207.4,203.8,207.0,204.0,27600.0,5678020.0,0.014705882352941124,0.014705882352941124,0.014598799421152631,PASS,2026-05-29T14:16:23Z,D20260529.01
2057.HK,HK,equity,2022-07-15,206.4,207.2,203.6,204.8,207.0,48950.0,10049500.0,-0.010628019323671412,-0.010628019323671412,-0.010684900100016267,PASS,2026-05-29T14:16:23Z,D20260529.01
2057.HK,HK,equity,2022-07-18,205.4,209.0,205.4,208.2,204.8,13950.0,2900850.0,0.016601562499999778,0.016601562499999778,0.016465263015515572,PASS,2026-05-29T14:16:23Z,D20260529.01
2057.HK,HK,equity,2022-07-19,208.2,208.2,204.0,207.0,208.2,63000.0,12982800.0,-0.0057636887608069065,-0.0057636887608069065,-0.005780362915499425,PASS,2026-05-29T14:16:23Z,D20260529.01
2057.HK,HK,equity,2022-07-20,207.0,212.0,206.2,207.6,207.0,44255.0,9290440.0,0.0028985507246377384,0.0028985507246377384,0.0028943580263645565,PASS,2026-05-29T14:16:23Z,D20260529.01
2057.HK,HK,equity,2022-07-21,211.4,211.4,205.0,207.4,207.6,51000.0,10612735.0,-0.0009633911368014392,-0.0009633911368014392,-0.0009638554963065164,PASS,2026-05-29T14:16:23Z,D20260529.01
2057.HK,HK,equity,2022-07-22,211.0,211.2,205.8,206.2,207.4,39354.0,8159388.04,-0.005785920925747479,-0.005785920925747479,-0.005802724212567535,PASS,2026-05-29T14:16:23Z,D20260529.01
2057.HK,HK,equity,2022-07-25,205.0,205.0,200.0,201.8,206.2,25608.0,5173337.2,-0.02133850630455858,-0.02133850630455858,-0.021569463663350864,PASS,2026-05-29T14:16:23Z,D20260529.01
2057.HK,HK,equity,2022-07-26,201.8,205.2,193.3,205.2,201.8,83950.0,17035615.0,0.01684836471754192,0.01684836471754192,0.01670800537710569,PASS,2026-05-29T14:16:23Z,D20260529.01
2057.HK,HK,equity,2022-07-27,203.4,205.2,201.4,203.6,205.2,29580.0,5989530.0,-0.007797270955165692,-0.007797270955165692,-0.007827828620246792,PASS,2026-05-29T14:16:23Z,D20260529.01
2057.HK,HK,equity,2022-07-28,205.2,207.6,204.6,207.2,203.6,13550.0,2796555.0,0.017681728880157177,0.017681728880157177,0.01752722570896032,PASS,2026-05-29T14:16:23Z,D20260529.01
2057.HK,HK,equity,2022-07-29,207.6,207.6,200.0,201.4,207.2,49650.0,10025210.0,-0.02799227799227788,-0.02799227799227788,-0.02839153010086596,PASS,2026-05-29T14:16:23Z,D20260529.01
2057.HK,HK,equity,2022-08-01,198.7,203.2,198.0,203.2,201.4,27491.0,5539377.6,0.00893743793445867,0.00893743793445867,0.00889773541986479,PASS,2026-05-29T14:16:23Z,D20260529.01
2057.HK,HK,equity,2022-08-02,197.4,200.0,194.4,196.4,203.2,71883.0,14093202.0,-0.0334645669291338,-0.0334645669291338,-0.03403731978396125,PASS,2026-05-29T14:16:23Z,D20260529.01
2057.HK,HK,equity,2022-08-03,199.8,201.8,197.0,199.1,196.4,21950.0,4361885.0,0.013747454175152773,0.013747454175152773,0.013653815149785116,PASS,2026-05-29T14:16:23Z,D20260529.01
2057.HK,HK,equity,2022-08-04,202.8,207.6,202.8,207.0,199.1,30850.0,6366890.0,0.03967855349070826,0.03967855349070826,0.038911582195218536,PASS,2026-05-29T14:16:23Z,D20260529.01
2057.HK,HK,equity,2022-08-05,207.8,210.4,207.8,210.0,207.0,25650.0,5365870.0,0.01449275362318847,0.01449275362318847,0.01438873745209967,PASS,2026-05-29T14:16:23Z,D20260529.01
2057.HK,HK,equity,2022-08-08,209.6,210.0,205.8,208.2,210.0,29250.0,6083295.0,-0.008571428571428674,-0.008571428571428674,-0.008608374536600275,PASS,2026-05-29T14:16:23Z,D20260529.01
2057.HK,HK,equity,2022-08-09,208.2,210.4,204.6,206.2,208.2,9300.0,1925820.0,-0.009606147934678178,-0.009606147934678178,-0.009652584598008941,PASS,2026-05-29T14:16:23Z,D20260529.01
2057.HK,HK,equity,2022-08-10,208.2,208.2,201.8,201.8,206.2,8510.0,1724700.0,-0.02133850630455858,-0.02133850630455858,-0.021569463663350864,PASS,2026-05-29T14:16:23Z,D20260529.01
2057.HK,HK,equity,2022-08-11,206.0,206.0,204.2,205.8,201.8,32300.0,6631605.0,0.019821605550049526,0.019821605550049526,0.019627715480440622,PASS,2026-05-29T14:16:23Z,D20260529.01
2057.HK,HK,equity,2022-08-12,203.8,207.8,203.2,205.0,205.8,77400.0,15855670.0,-0.0038872691933916625,-0.0038872691933916625,-0.0038948442615410737,PASS,2026-05-29T14:16:23Z,D20260529.01
2057.HK,HK,equity,2022-08-15,205.0,210.6,204.8,205.4,205.0,49250.0,10178950.0,0.0019512195121951237,0.0019512195121951237,0.001949318356049679,PASS,2026-05-29T14:16:23Z,D20260529.01
2057.HK,HK,equity,2022-08-16,210.0,211.8,205.6,209.0,205.4,114950.0,24012549.8,0.017526777020447915,0.017526777020447915,0.017374954470353157,PASS,2026-05-29T14:16:23Z,D20260529.01
2057.HK,HK,equity,2022-08-17,209.0,215.2,208.4,212.8,209.0,78950.0,16880440.0,0.0181818181818183,0.0181818181818183,0.01801850550267843,PASS,2026-05-29T14:16:23Z,D20260529.01
2057.HK,HK,equity,2022-08-18,216.0,219.8,213.2,216.8,212.8,160550.0,34861795.0,0.018796992481203034,0.018796992481203034,0.01862251209800185,PASS,2026-05-29T14:16:23Z,D20260529.01
2057.HK,HK,equity,2022-08-19,217.0,218.0,209.0,210.8,216.8,87250.0,18566170.0,-0.027675276752767486,-0.027675276752767486,-0.02806545289828384,PASS,2026-05-29T14:16:23Z,D20260529.01
2057.HK,HK,equity,2022-08-22,210.4,213.8,207.8,212.2,210.8,119700.0,25410127.1,0.006641366223908873,0.006641366223908873,0.006619409512675455,PASS,2026-05-29T14:16:23Z,D20260529.01
2057.HK,HK,equity,2022-08-23,213.6,218.2,212.6,215.6,212.2,79100.0,17063755.0,0.01602262016965139,0.01602262016965139,0.015895612854959447,PASS,2026-05-29T14:16:23Z,D20260529.01
2057.HK,HK,equity,2022-08-24,216.8,216.8,211.8,213.6,215.6,70650.0,15103410.0,-0.00927643784786647,-0.00927643784786647,-0.009319731948802366,PASS,2026-05-29T14:16:23Z,D20260529.01
2057.HK,HK,equity,2022-08-25,210.0,210.6,191.6,198.0,213.6,527350.0,103432092.5,-0.0730337078651685,-0.0730337078651685,-0.07583807639150449,PASS,2026-05-29T14:16:23Z,D20260529.01
2057.HK,HK,equity,2022-08-26,198.0,201.0,198.0,200.2,198.0,132500.0,26462510.0,0.011111111111111072,0.011111111111111072,0.011049836186584935,PASS,2026-05-29T14:16:23Z,D20260529.01
2057.HK,HK,equity,2022-08-29,200.2,202.4,197.0,199.7,200.2,68650.0,13686433.55,-0.0024975024975024684,-0.0024975024975024684,-0.0025006264593506497,PASS,2026-05-29T14:16:23Z,D20260529.01
2057.HK,HK,equity,2022-08-30,200.6,214.2,200.6,207.6,199.7,516250.0,107277758.3,0.03955933900851272,0.03955933900851272,0.038796910869963994,PASS,2026-05-29T14:16:23Z,D20260529.01
2057.HK,HK,equity,2022-08-31,199.0,210.2,198.5,207.4,207.6,793200.0,164090649.45,-0.0009633911368014392,-0.0009633911368014392,-0.0009638554963065164,PASS,2026-05-29T14:16:23Z,D20260529.01
2057.HK,HK,equity,2022-09-01,205.0,214.2,203.4,210.2,207.4,1230835.0,258823491.0,0.013500482160077043,0.013500482160077043,0.013410162647423696,PASS,2026-05-29T14:16:23Z,D20260529.01
2057.HK,HK,equity,2022-09-02,209.6,212.0,208.0,209.0,210.2,647300.0,135836175.1,-0.0057088487155090295,-0.0057088487155090295,-0.005725206478039737,PASS,2026-05-29T14:16:23Z,D20260529.01
2057.HK,HK,equity,2022-09-05,207.2,213.4,205.6,213.4,209.0,598650.0,126397039.5,0.021052631578947434,0.021052631578947434,0.020834086902842053,PASS,2026-05-29T14:16:23Z,D20260529.01
2057.HK,HK,equity,2022-09-06,211.6,216.8,211.2,214.6,213.4,793750.0,170576661.35,0.005623242736644718,0.005623242736644718,0.005607491328945025,PASS,2026-05-29T14:16:23Z,D20260529.01
2057.HK,HK,equity,2022-09-07,211.8,211.8,205.4,205.4,214.6,1391600.0,289766310.25,-0.04287045666356004,-0.04287045666356004,-0.04381653270214017,PASS,2026-05-29T14:16:23Z,D20260529.01
2057.HK,HK,equity,2022-09-08,205.4,206.6,204.8,206.4,205.4,646200.0,132777820.8,0.004868549172346581,0.004868549172346581,0.004856736112949754,PASS,2026-05-29T14:16:23Z,D20260529.01
2057.HK,HK,equity,2022-09-09,206.4,214.0,205.8,212.4,206.4,1089200.0,230033340.0,0.029069767441860517,0.029069767441860517,0.02865525576037615,PASS,2026-05-29T14:16:23Z,D20260529.01
2057.HK,HK,equity,2022-09-13,212.4,219.0,212.2,215.2,212.4,1585550.0,343376881.3,0.013182674199623268,0.013182674199623268,0.0130965389198455,PASS,2026-05-29T14:16:23Z,D20260529.01
2057.HK,HK,equity,2022-09-14,213.6,220.0,213.6,216.4,215.2,2379450.0,515790432.5,0.005576208178438735,0.005576208178438735,0.005560718684697179,PASS,2026-05-29T14:16:23Z,D20260529.01
2057.HK,HK,equity,2022-09-15,215.4,217.4,214.2,215.8,216.4,1592550.0,343493930.0,-0.0027726432532346745,-0.0027726432532346745,-0.002776494148292095,PASS,2026-05-29T14:16:23Z,D20260529.01
2057.HK,HK,equity,2022-09-16,215.8,222.8,214.4,218.4,215.8,16997739.0,3720112281.4,0.012048192771084265,0.012048192771084265,0.01197619104671562,PASS,2026-05-29T14:16:23Z,D20260529.01
2057.HK,HK,equity,2022-09-19,214.6,214.6,203.8,208.0,218.4,1227439.0,261234537.15,-0.04761904761904767,-0.04761904761904767,-0.048790164169432056,PASS,2026-05-29T14:16:23Z,D20260529.01
2057.HK,HK,equity,2022-09-20,207.0,208.4,200.2,208.4,208.0,467150.0,96248298.1,0.0019230769230769162,0.0019230769230769162,0.0019212301778938723,PASS,2026-05-29T14:16:23Z,D20260529.01
2057.HK,HK,equity,2022-09-21,203.8,207.8,202.8,205.4,208.4,434727.0,89383392.03,-0.014395393474088247,-0.014395393474088247,-0.014500012384753952,PASS,2026-05-29T14:16:23Z,D20260529.01
2057.HK,HK,equity,2022-09-22,197.0,197.0,194.6,195.8,205.4,397350.0,77808080.0,-0.046738072054527735,-0.046738072054527735,-0.04786556739804783,PASS,2026-05-29T14:16:23Z,D20260529.01
2057.HK,HK,equity,2022-09-23,195.7,197.0,194.3,195.1,195.8,606200.0,118481595.0,-0.003575076608784533,-0.003575076608784533,-0.0035814824673445402,PASS,2026-05-29T14:16:23Z,D20260529.01
2057.HK,HK,equity,2022-09-26,195.0,195.0,190.9,193.8,195.1,680176.0,131510243.7,-0.006663249615581623,-0.006663249615581623,-0.0066855481723995394,PASS,2026-05-29T14:16:23Z,D20260529.01
2057.HK,HK,equity,2022-09-27,194.3,194.9,190.4,194.3,193.8,437675.0,84210156.0,0.0025799793601650745,0.0025799793601650745,0.0025766569267285017,PASS,2026-05-29T14:16:23Z,D20260529.01
2057.HK,HK,equity,2022-09-28,194.3,201.4,191.8,193.1,194.3,627085.0,121280365.5,-0.006176016469377377,-0.006176016469377377,-0.006195166948925771,PASS,2026-05-29T14:16:23Z,D20260529.01
2057.HK,HK,equity,2022-09-29,194.6,195.6,190.6,191.0,193.1,351100.0,67768245.0,-0.010875194199896354,-0.010875194199896354,-0.01093476138783881,PASS,2026-05-29T14:16:23Z,D20260529.01
2057.HK,HK,equity,2022-09-30,190.0,190.9,186.0,188.3,191.0,457830.0,86218837.5,-0.014136125654450216,-0.014136125654450216,-0.014236992383523099,PASS,2026-05-29T14:16:23Z,D20260529.01
2057.HK,HK,equity,2022-10-03,190.9,193.0,188.3,191.5,188.3,415600.0,79354201.8,0.0169941582580988,0.0169941582580988,0.016851372957593976,PASS,2026-05-29T14:16:23Z,D20260529.01
2057.HK,HK,equity,2022-10-05,198.7,203.4,198.7,202.2,191.5,190945.0,38472713.85,0.05587467362924281,0.05587467362924281,0.05436949796567035,PASS,2026-05-29T14:16:23Z,D20260529.01
2057.HK,HK,equity,2022-10-06,196.3,202.0,196.3,198.9,202.2,218280.0,43594647.0,-0.016320474777448024,-0.016320474777448024,-0.016455120726444478,PASS,2026-05-29T14:16:23Z,D20260529.01
2057.HK,HK,equity,2022-10-07,198.1,208.0,196.1,196.4,198.9,145150.0,28633730.0,-0.012569130216188995,-0.012569130216188995,-0.012648789939560956,PASS,2026-05-29T14:16:23Z,D20260529.01
2057.HK,HK,equity,2022-10-10,191.2,191.5,186.9,188.0,196.4,363650.0,68739842.5,-0.04276985743380857,-0.04276985743380857,-0.04371143309041632,PASS,2026-05-29T14:16:23Z,D20260529.01
2057.HK,HK,equity,2022-10-11,183.0,184.2,178.0,181.0,188.0,298079.0,53946233.5,-0.037234042553191515,-0.037234042553191515,-0.037944931564123485,PASS,2026-05-29T14:16:23Z,D20260529.01
2057.HK,HK,equity,2022-10-12,178.0,183.2,173.4,178.6,181.0,192929.0,34446101.5,-0.013259668508287303,-0.013259668508287303,-0.013348362823427086,PASS,2026-05-29T14:16:23Z,D20260529.01
2057.HK,HK,equity,2022-10-13,180.4,184.9,176.6,177.1,178.6,122272.0,21838306.6,-0.008398656215005573,-0.008398656215005573,-0.00843412365361079,PASS,2026-05-29T14:16:23Z,D20260529.01
2057.HK,HK,equity,2022-10-14,178.9,186.0,178.6,181.4,177.1,269200.0,49098985.0,0.024280067758328583,0.024280067758328583,0.02398999289224833,PASS,2026-05-29T14:16:23Z,D20260529.01
2057.HK,HK,equity,2022-10-17,175.8,186.9,172.0,177.2,181.4,225450.0,39780835.0,-0.023153252480705766,-0.023153252480705766,-0.023425499510055802,PASS,2026-05-29T14:16:23Z,D20260529.01
2057.HK,HK,equity,2022-10-18,182.3,186.6,180.4,186.6,177.2,161670.0,29741452.05,0.053047404063205406,0.053047404063205406,0.05168825024226287,PASS,2026-05-29T14:16:23Z,D20260529.01
2057.HK,HK,equity,2022-10-19,184.0,184.0,178.7,180.1,186.6,199856.0,36205502.75,-0.03483386923901388,-0.03483386923901388,-0.035455036231333004,PASS,2026-05-29T14:16:23Z,D20260529.01
2057.HK,HK,equity,2022-10-20,180.1,180.1,172.5,175.0,180.1,256300.0,44873227.5,-0.02831760133259298,-0.02831760133259298,-0.028726278258396316,PASS,2026-05-29T14:16:23Z,D20260529.01
2057.HK,HK,equity,2022-10-21,171.6,171.8,168.8,171.5,175.0,137300.0,23412585.0,-0.020000000000000018,-0.020000000000000018,-0.020202707317519466,PASS,2026-05-29T14:16:23Z,D20260529.01
2057.HK,HK,equity,2022-10-24,168.1,168.1,153.6,154.4,171.5,490300.0,77084930.0,-0.09970845481049562,-0.09970845481049562,-0.1050366290153188,PASS,2026-05-29T14:16:23Z,D20260529.01
2057.HK,HK,equity,2022-10-25,135.0,145.5,132.0,140.7,154.4,1646700.0,230294329.8,-0.08873056994818662,-0.08873056994818662,-0.09291667347033253,PASS,2026-05-29T14:16:23Z,D20260529.01
2057.HK,HK,equity,2022-10-26,139.9,144.1,137.1,140.5,140.7,676100.0,95252353.76,-0.001421464108031234,-0.001421464108031234,-0.0014224753465428782,PASS,2026-05-29T14:16:23Z,D20260529.01
2057.HK,HK,equity,2022-10-27,147.0,149.6,144.9,145.8,140.5,535374.0,78683053.9,0.037722419928825746,0.037722419928825746,0.03702833080075744,PASS,2026-05-29T14:16:23Z,D20260529.01
2057.HK,HK,equity,2022-10-28,142.6,142.6,134.1,134.5,145.8,415625.0,56937205.0,-0.07750342935528132,-0.07750342935528132,-0.08067162053266409,PASS,2026-05-29T14:16:23Z,D20260529.01
2057.HK,HK,equity,2022-10-31,134.5,136.1,123.0,131.9,134.5,617781.0,82308451.8,-0.019330855018587334,-0.019330855018587334,-0.019520139318624855,PASS,2026-05-29T14:16:23Z,D20260529.01
2057.HK,HK,equity,2022-11-01,136.6,143.6,129.6,141.8,131.9,278200.0,38675395.0,0.07505686125852917,0.07505686125852917,0.07237355437475819,PASS,2026-05-29T14:16:23Z,D20260529.01
2057.HK,HK,equity,2022-11-02,141.9,147.8,135.0,147.5,141.8,201120.0,28993501.5,0.04019746121297585,0.04019746121297585,0.03941056168184722,PASS,2026-05-29T14:16:23Z,D20260529.01
2057.HK,HK,equity,2022-11-03,140.7,140.7,136.9,138.8,147.5,233301.0,32273848.15,-0.058983050847457585,-0.058983050847457585,-0.060794127707170346,PASS,2026-05-29T14:16:23Z,D20260529.01
2057.HK,HK,equity,2022-11-04,139.0,153.6,139.0,146.0,138.8,566100.0,83666157.5,0.05187319884726227,0.05187319884726227,0.050572573635632334,PASS,2026-05-29T14:16:23Z,D20260529.01
2057.HK,HK,equity,2022-11-07,146.2,157.9,142.0,153.0,146.0,325710.0,49304552.61,0.047945205479452024,0.047945205479452024,0.04683129968409899,PASS,2026-05-29T14:16:23Z,D20260529.01
2057.HK,HK,equity,2022-11-08,159.3,159.3,148.9,150.8,153.0,469000.0,70259690.0,-0.01437908496732021,-0.01437908496732021,-0.014483465818579714,PASS,2026-05-29T14:16:23Z,D20260529.01
2057.HK,HK,equity,2022-11-09,154.0,154.0,148.4,149.6,150.8,333495.0,50040120.25,-0.007957559681697757,-0.007957559681697757,-0.007989390033478976,PASS,2026-05-29T14:16:23Z,D20260529.01
2057.HK,HK,equity,2022-11-10,148.7,148.7,143.2,147.2,149.6,138600.0,20372997.1,-0.016042780748663166,-0.016042780748663166,-0.016172859245601072,PASS,2026-05-29T14:16:23Z,D20260529.01
2057.HK,HK,equity,2022-11-11,153.2,159.4,152.2,159.1,147.2,413770.0,64705493.76,0.0808423913043479,0.0808423913043479,0.07774072904896538,PASS,2026-05-29T14:16:23Z,D20260529.01
2057.HK,HK,equity,2022-11-14,167.3,170.9,160.3,170.4,159.1,702902.0,118638419.75,0.07102451288497802,0.07102451288497802,0.06861567905147418,PASS,2026-05-29T14:16:23Z,D20260529.01
2057.HK,HK,equity,2022-11-15,170.4,177.5,168.0,177.4,170.4,294450.0,51418940.3,0.04107981220657275,0.04107981220657275,0.040258455480263744,PASS,2026-05-29T14:16:23Z,D20260529.01
2057.HK,HK,equity,2022-11-16,175.1,178.8,173.4,174.4,177.4,339650.0,59652785.0,-0.016910935738444155,-0.016910935738444155,-0.017055558400599823,PASS,2026-05-29T14:16:23Z,D20260529.01
2057.HK,HK,equity,2022-11-17,174.0,174.1,165.8,171.9,174.4,134350.0,22757918.1,-0.014334862385321112,-0.014334862385321112,-0.014438599086075693,PASS,2026-05-29T14:16:23Z,D20260529.01
2057.HK,HK,equity,2022-11-18,173.1,177.0,171.0,172.0,171.9,241136.0,41993814.6,0.0005817335660267542,0.0005817335660267542,0.0005815644246494651,PASS,2026-05-29T14:16:23Z,D20260529.01
2057.HK,HK,equity,2022-11-21,175.9,175.9,163.5,165.3,172.0,171790.0,28412721.4,-0.038953488372093004,-0.038953488372093004,-0.039732471986474525,PASS,2026-05-29T14:16:23Z,D20260529.01
2057.HK,HK,equity,2022-11-22,170.2,170.2,161.7,169.1,165.3,379100.0,63089397.5,0.02298850574712641,0.02298850574712641,0.02272825107755609,PASS,2026-05-29T14:16:23Z,D20260529.01
2057.HK,HK,equity,2022-11-23,172.0,177.4,172.0,175.4,169.1,229300.0,40081208.1,0.03725606150206984,0.03725606150206984,0.036578824033548105,PASS,2026-05-29T14:16:23Z,D20260529.01
2057.HK,HK,equity,2022-11-24,185.0,185.0,178.4,180.6,175.4,232300.0,41863135.05,0.029646522234891615,0.029646522234891615,0.02921556104480232,PASS,2026-05-29T14:16:23Z,D20260529.01
2057.HK,HK,equity,2022-11-25,180.9,180.9,177.1,177.5,180.6,257900.0,46038807.5,-0.017165005537098543,-0.017165005537098543,-0.017314032067414543,PASS,2026-05-29T14:16:23Z,D20260529.01
2057.HK,HK,equity,2022-11-28,177.5,179.5,169.5,179.0,177.5,206700.0,36365628.3,0.008450704225352101,0.008450704225352101,0.008415196925284498,PASS,2026-05-29T14:16:23Z,D20260529.01
2057.HK,HK,equity,2022-11-29,185.0,191.7,180.8,191.7,179.0,264662.0,49879533.0,0.07094972067039107,0.07094972067039107,0.06854584421084382,PASS,2026-05-29T14:16:23Z,D20260529.01
2057.HK,HK,equity,2022-11-30,191.7,194.2,186.8,193.7,191.7,326250.0,62171674.9,0.010432968179447055,0.010432968179447055,0.010378920361351384,PASS,2026-05-29T14:16:23Z,D20260529.01
2057.HK,HK,equity,2022-12-01,199.0,202.0,193.8,195.9,193.7,426175.0,84059262.5,0.01135776974703151,0.01135776974703151,0.011293754537544894,PASS,2026-05-29T14:16:23Z,D20260529.01
2057.HK,HK,equity,2022-12-02,197.6,197.6,192.3,194.2,195.9,185502.0,35926754.8,-0.008677896886166492,-0.008677896886166492,-0.008715769093270613,PASS,2026-05-29T14:16:23Z,D20260529.01
2057.HK,HK,equity,2022-12-05,196.0,203.8,196.0,203.0,194.2,317400.0,64047270.0,0.04531410916580847,0.04531410916580847,0.04431742318456282,PASS,2026-05-29T14:16:23Z,D20260529.01
2057.HK,HK,equity,2022-12-06,204.0,204.0,194.9,199.3,203.0,219250.0,43475035.0,-0.018226600985221664,-0.018226600985221664,-0.018394751823038288,PASS,2026-05-29T14:16:23Z,D20260529.01
2057.HK,HK,equity,2022-12-07,200.6,207.2,196.6,197.4,199.3,360104.0,71891252.9,-0.009533366783743169,-0.009533366783743169,-0.009579100219367895,PASS,2026-05-29T14:16:23Z,D20260529.01
2057.HK,HK,equity,2022-12-08,197.3,205.0,195.1,204.0,197.4,273750.0,55198647.32,0.033434650455927084,0.033434650455927084,0.03288786684483521,PASS,2026-05-29T14:16:23Z,D20260529.01
2057.HK,HK,equity,2022-12-09,207.4,209.0,201.0,205.8,204.0,266700.0,54564497.5,0.008823529411764675,0.008823529411764675,0.008784829555732811,PASS,2026-05-29T14:16:23Z,D20260529.01
2057.HK,HK,equity,2022-12-12,205.8,207.0,202.2,202.8,205.8,343400.0,70267654.1,-0.014577259475218707,-0.014577259475218707,-0.014684551682921182,PASS,2026-05-29T14:16:23Z,D20260529.01
2057.HK,HK,equity,2022-12-13,202.8,207.2,201.0,204.0,202.8,315350.0,64372790.18,0.00591715976331364,0.00591715976331364,0.005899722127188322,PASS,2026-05-29T14:16:23Z,D20260529.01
2057.HK,HK,equity,2022-12-14,205.0,215.2,205.0,207.2,204.0,130150.0,26849798.24,0.015686274509803866,0.015686274509803866,0.015564516541111548,PASS,2026-05-29T14:16:23Z,D20260529.01
2057.HK,HK,equity,2022-12-15,207.2,209.4,205.0,206.8,207.2,266852.0,55287758.27,-0.0019305019305018156,-0.0019305019305018156,-0.0019323677510538128,PASS,2026-05-29T14:16:23Z,D20260529.01
2057.HK,HK,equity,2022-12-16,207.2,214.6,196.5,210.2,206.8,522793.0,109607816.12,0.016441005802707798,0.016441005802707798,0.016307315808576556,PASS,2026-05-29T14:16:23Z,D20260529.01
2057.HK,HK,equity,2022-12-19,210.2,222.8,209.0,210.0,210.2,214394.0,45086624.42,-0.0009514747859181716,-0.0009514747859181716,-0.000951927725382069,PASS,2026-05-29T14:16:23Z,D20260529.01
2057.HK,HK,equity,2022-12-20,212.6,212.6,204.6,209.8,210.0,125091.0,26060070.8,-0.0009523809523809268,-0.0009523809523809268,-0.0009528347552718544,PASS,2026-05-29T14:16:23Z,D20260529.01
2057.HK,HK,equity,2022-12-21,209.8,210.2,207.4,209.4,209.8,139800.0,29146560.4,-0.0019065776930410339,-0.0019065776930410339,-0.001908397525760363,PASS,2026-05-29T14:16:23Z,D20260529.01
2057.HK,HK,equity,2022-12-22,211.0,215.6,207.8,214.0,209.4,103476.0,21912379.92,0.021967526265520565,0.021967526265520565,0.021729716585415032,PASS,2026-05-29T14:16:23Z,D20260529.01
2057.HK,HK,equity,2022-12-23,203.2,214.0,203.2,209.4,214.0,78350.0,16519580.0,-0.021495327102803663,-0.021495327102803663,-0.021729716585414924,PASS,2026-05-29T14:16:23Z,D20260529.01
2057.HK,HK,equity,2022-12-28,210.4,214.8,209.8,212.6,209.4,169100.0,35947549.15,0.015281757402101137,0.015281757402101137,0.01516616747141097,PASS,2026-05-29T14:16:23Z,D20260529.01
2057.HK,HK,equity,2022-12-29,213.8,213.8,206.2,208.4,212.6,52700.0,10972510.0,-0.019755409219190945,-0.019755409219190945,-0.019953156028635677,PASS,2026-05-29T14:16:23Z,D20260529.01
2057.HK,HK,equity,2022-12-30,210.6,212.8,210.0,211.6,208.4,26012.0,5503312.8,0.015355086372360827,0.015355086372360827,0.015238390104932446,PASS,2026-05-29T14:16:23Z,D20260529.01
2057.HK,HK,equity,2023-01-03,213.2,218.6,209.6,216.6,211.6,101450.0,21945600.0,0.023629489603024467,0.023629489603024467,0.023354634582745816,PASS,2026-05-29T14:16:23Z,D20260529.01
2057.HK,HK,equity,2023-01-04,220.0,220.8,214.8,220.0,216.6,100120.0,21947027.0,0.015697137580794163,0.015697137580794163,0.015575211785471372,PASS,2026-05-29T14:16:23Z,D20260529.01
2057.HK,HK,equity,2023-01-05,220.0,224.8,219.0,220.6,220.0,137450.0,30455610.0,0.0027272727272726893,0.0027272727272726893,0.0027235604670405207,PASS,2026-05-29T14:16:23Z,D20260529.01
2057.HK,HK,equity,2023-01-06,220.6,220.6,213.2,215.8,220.6,79984.0,17271060.0,-0.021758839528558394,-0.021758839528558394,-0.021999053995367727,PASS,2026-05-29T14:16:23Z,D20260529.01
2057.HK,HK,equity,2023-01-09,217.6,220.4,212.2,218.8,215.8,332930.0,72650283.7,0.013901760889712733,0.013901760889712733,0.013806017723791891,PASS,2026-05-29T14:16:23Z,D20260529.01
2057.HK,HK,equity,2023-01-10,220.2,223.2,218.2,218.2,218.8,98755.0,21705394.31,-0.002742230347349328,-0.002742230347349328,-0.002745997148855848,PASS,2026-05-29T14:16:23Z,D20260529.01
2057.HK,HK,equity,2023-01-11,221.8,225.0,218.6,220.6,218.2,171500.0,38041490.0,0.010999083409715782,0.010999083409715782,0.010939033420431577,PASS,2026-05-29T14:16:23Z,D20260529.01
2057.HK,HK,equity,2023-01-12,221.6,224.0,216.8,219.0,220.6,65276.0,14270548.2,-0.0072529465095194645,-0.0072529465095194645,-0.007279377002901248,PASS,2026-05-29T14:16:23Z,D20260529.01
2057.HK,HK,equity,2023-01-13,219.8,223.0,218.4,222.8,219.0,79700.0,17592160.0,0.017351598173515947,0.017351598173515947,0.0172027782366281,PASS,2026-05-29T14:16:23Z,D20260529.01
2057.HK,HK,equity,2023-01-16,221.0,228.2,221.0,227.2,222.8,53600.0,12143975.0,0.019748653500897495,0.019748653500897495,0.01955617879386716,PASS,2026-05-29T14:16:23Z,D20260529.01
2057.HK,HK,equity,2023-01-17,228.4,228.4,219.2,222.0,227.2,97100.0,21534385.0,-0.022887323943661886,-0.022887323943661886,-0.02315330497471675,PASS,2026-05-29T14:16:23Z,D20260529.01
2057.HK,HK,equity,2023-01-18,226.6,226.6,219.6,223.0,222.0,179120.0,39781880.0,0.0045045045045044585,0.0045045045045044585,0.004494389587839267,PASS,2026-05-29T14:16:23Z,D20260529.01
2057.HK,HK,equity,2023-01-19,222.0,223.6,217.8,222.8,223.0,138953.0,30524362.0,-0.0008968609865470656,-0.0008968609865470656,-0.0008972634069897823,PASS,2026-05-29T14:16:23Z,D20260529.01
2057.HK,HK,equity,2023-01-20,221.2,225.6,219.6,225.2,222.8,87250.0,19519580.0,0.010771992818671361,0.010771992818671361,0.010714388212406268,PASS,2026-05-29T14:16:23Z,D20260529.01
2057.HK,HK,equity,2023-01-26,225.2,230.0,225.2,229.6,225.2,58850.0,13469560.0,0.019538188277087087,0.019538188277087087,0.01934976817987609,PASS,2026-05-29T14:16:23Z,D20260529.01
2057.HK,HK,equity,2023-01-27,227.4,233.8,227.4,232.2,229.6,60750.0,14090390.0,0.011324041811846763,0.011324041811846763,0.011260404818379843,PASS,2026-05-29T14:16:23Z,D20260529.01
2057.HK,HK,equity,2023-01-30,230.0,230.0,220.2,221.0,232.2,127541.0,28275754.6,-0.048234280792420314,-0.048234280792420314,-0.049436367746038296,PASS,2026-05-29T14:16:23Z,D20260529.01
2057.HK,HK,equity,2023-01-31,224.2,229.6,218.0,220.8,221.0,115550.0,25518235.0,-0.0009049773755656076,-0.0009049773755656076,-0.0009053871148125678,PASS,2026-05-29T14:16:23Z,D20260529.01
2057.HK,HK,equity,2023-02-01,227.2,229.8,222.6,229.4,220.8,103450.0,23522290.0,0.03894927536231885,0.03894927536231885,0.03820989029233007,PASS,2026-05-29T14:16:23Z,D20260529.01
2057.HK,HK,equity,2023-02-02,230.0,235.8,228.0,228.8,229.4,149150.0,34335270.0,-0.0026155187445510153,-0.0026155187445510153,-0.002618945189627495,PASS,2026-05-29T14:16:23Z,D20260529.01
2057.HK,HK,equity,2023-02-03,230.6,231.0,226.0,229.6,228.8,27828.0,6368584.0,0.0034965034965033226,0.0034965034965033226,0.003490404939768346,PASS,2026-05-29T14:16:23Z,D20260529.01
2057.HK,HK,equity,2023-02-06,228.8,228.8,218.0,221.0,229.6,120900.0,26661553.0,-0.03745644599303133,-0.03745644599303133,-0.038175962927658506,PASS,2026-05-29T14:16:23Z,D20260529.01
2057.HK,HK,equity,2023-02-07,221.8,223.4,219.8,220.6,221.0,85340.0,18895064.3,-0.0018099547511312153,-0.0018099547511312153,-0.001811594698350714,PASS,2026-05-29T14:16:23Z,D20260529.01
2057.HK,HK,equity,2023-02-08,223.2,224.0,221.0,221.6,220.6,79050.0,17527089.3,0.00453309156844961,0.00453309156844961,0.004522848053726576,PASS,2026-05-29T14:16:23Z,D20260529.01
2057.HK,HK,equity,2023-02-09,221.0,225.6,221.0,223.8,221.6,119650.0,26710817.99,0.00992779783393516,0.00992779783393516,0.009878841004696253,PASS,2026-05-29T14:16:23Z,D20260529.01
2057.HK,HK,equity,2023-02-10,222.2,223.4,218.6,219.0,223.8,147330.0,32490983.0,-0.02144772117962468,-0.02144772117962468,-0.021681066061324052,PASS,2026-05-29T14:16:23Z,D20260529.01
2057.HK,HK,equity,2023-02-13,217.8,223.2,217.8,220.2,219.0,81600.0,17932775.0,0.005479452054794498,0.005479452054794498,0.005464494472078745,PASS,2026-05-29T14:16:23Z,D20260529.01
2057.HK,HK,equity,2023-02-14,217.6,217.6,211.4,211.4,220.2,146759.0,31229467.6,-0.03996366939146223,-0.03996366939146223,-0.04078415085244225,PASS,2026-05-29T14:16:23Z,D20260529.01
2057.HK,HK,equity,2023-02-15,211.8,212.0,204.4,205.0,211.4,102235.0,21069797.0,-0.030274361400189242,-0.030274361400189242,-0.03074209429772911,PASS,2026-05-29T14:16:23Z,D20260529.01
2057.HK,HK,equity,2023-02-16,204.4,208.0,201.0,203.2,205.0,279850.0,57270730.25,-0.008780487804878057,-0.008780487804878057,-0.00881926343408136,PASS,2026-05-29T14:16:23Z,D20260529.01
2057.HK,HK,equity,2023-02-17,204.2,204.8,197.1,198.6,203.2,168350.0,33428442.5,-0.02263779527559051,-0.02263779527559051,-0.022897964093254567,PASS,2026-05-29T14:16:23Z,D20260529.01
2057.HK,HK,equity,2023-02-20,200.2,204.4,191.6,195.8,198.6,306850.0,59889720.0,-0.014098690835850913,-0.014098690835850913,-0.014199021514662166,PASS,2026-05-29T14:16:23Z,D20260529.01
2057.HK,HK,equity,2023-02-21,196.2,198.4,190.5,190.9,195.8,452150.0,88073205.0,-0.0250255362614914,-0.0250255362614914,-0.025343999364708162,PASS,2026-05-29T14:16:23Z,D20260529.01
2057.HK,HK,equity,2023-02-22,193.9,207.8,191.4,195.3,190.9,146037.0,28416185.8,0.023048716605552633,0.023048716605552633,0.022787107150931307,PASS,2026-05-29T14:16:23Z,D20260529.01
2057.HK,HK,equity,2023-02-23,195.3,201.6,188.0,193.0,195.3,323630.0,63033082.35,-0.011776753712237631,-0.011776753712237631,-0.011846648977747747,PASS,2026-05-29T14:16:23Z,D20260529.01
2057.HK,HK,equity,2023-02-24,191.6,194.3,189.5,191.9,193.0,92100.0,17724800.0,-0.0056994818652849055,-0.0056994818652849055,-0.005715785891231256,PASS,2026-05-29T14:16:23Z,D20260529.01
2057.HK,HK,equity,2023-02-27,190.4,193.2,189.0,189.8,191.9,166353.0,31745425.3,-0.010943199583116181,-0.010943199583116181,-0.01100351683782671,PASS,2026-05-29T14:16:23Z,D20260529.01
2057.HK,HK,equity,2023-02-28,187.4,192.0,187.4,188.0,189.8,132800.0,25063212.39,-0.0094836670179137,-0.0094836670179137,-0.009528923345878392,PASS,2026-05-29T14:16:23Z,D20260529.01
2057.HK,HK,equity,2023-03-01,189.6,197.5,189.6,196.9,188.0,81000.0,15828655.0,0.047340425531914976,0.047340425531914976,0.046254022815130726,PASS,2026-05-29T14:16:23Z,D20260529.01
2057.HK,HK,equity,2023-03-02,192.7,192.8,189.6,190.6,196.9,79950.0,15302431.1,-0.03199593702387005,-0.03199593702387005,-0.03251899442497818,PASS,2026-05-29T14:16:23Z,D20260529.01
2057.HK,HK,equity,2023-03-03,189.7,193.1,185.1,193.0,190.6,234843.0,44825443.7,0.012591815320041944,0.012591815320041944,0.012513197684783785,PASS,2026-05-29T14:16:23Z,D20260529.01
2057.HK,HK,equity,2023-03-06,191.8,198.6,191.8,196.2,193.0,205071.0,40225426.9,0.016580310880828897,0.016580310880828897,0.01644435822637704,PASS,2026-05-29T14:16:23Z,D20260529.01
2057.HK,HK,equity,2023-03-07,197.7,203.0,197.6,201.2,196.2,162050.0,32612707.5,0.025484199796126372,0.025484199796126372,0.025164891094321403,PASS,2026-05-29T14:16:23Z,D20260529.01
2057.HK,HK,equity,2023-03-08,198.6,199.6,196.9,197.8,201.2,63550.0,12562996.65,-0.016898608349900535,-0.016898608349900535,-0.017043019036972338,PASS,2026-05-29T14:16:23Z,D20260529.01
2057.HK,HK,equity,2023-03-09,198.0,201.0,197.6,197.8,197.8,145650.0,29026993.35,0.0,0.0,0.0,PASS,2026-05-29T14:16:23Z,D20260529.01
2057.HK,HK,equity,2023-03-10,194.9,195.9,192.2,194.5,197.8,199500.0,38776093.15,-0.016683518705763456,-0.016683518705763456,-0.016824256130110817,PASS,2026-05-29T14:16:23Z,D20260529.01
2057.HK,HK,equity,2023-03-13,197.2,205.6,197.2,205.4,194.5,194150.0,39535628.7,0.056041131105398545,0.056041131105398545,0.054527134435956956,PASS,2026-05-29T14:16:23Z,D20260529.01
2057.HK,HK,equity,2023-03-14,205.4,205.4,198.2,200.4,205.4,197300.0,39693473.3,-0.02434274586173324,-0.02434274586173324,-0.02464392828374816,PASS,2026-05-29T14:16:23Z,D20260529.01
2057.HK,HK,equity,2023-03-15,201.6,208.0,201.6,207.2,200.4,226550.0,46836051.9,0.03393213572854292,0.03393213572854292,0.03336914117461827,PASS,2026-05-29T14:16:23Z,D20260529.01
2057.HK,HK,equity,2023-03-16,207.8,207.8,200.6,204.4,207.2,160990.0,32783165.2,-0.013513513513513487,-0.013513513513513487,-0.013605652055778598,PASS,2026-05-29T14:16:23Z,D20260529.01
2057.HK,HK,equity,2023-03-17,214.2,225.0,214.2,220.6,204.4,1402080.0,309513344.97,0.07925636007827785,0.07925636007827785,0.0762722484898527,PASS,2026-05-29T14:16:23Z,D20260529.01
2057.HK,HK,equity,2023-03-20,222.6,223.2,218.0,221.0,220.6,229350.0,50588950.0,0.0018132366273799772,0.0018132366273799772,0.0018115946983508241,PASS,2026-05-29T14:16:23Z,D20260529.01
2057.HK,HK,equity,2023-03-21,222.0,222.0,215.0,221.0,221.0,269150.0,58800935.0,0.0,0.0,0.0,PASS,2026-05-29T14:16:23Z,D20260529.01
2057.HK,HK,equity,2023-03-22,224.0,226.8,222.2,225.4,221.0,155006.0,34808053.56,0.019909502262443368,0.019909502262443368,0.01971390008792304,PASS,2026-05-29T14:16:23Z,D20260529.01
2057.HK,HK,equity,2023-03-23,219.0,226.0,219.0,225.4,225.4,76800.0,17239166.35,0.0,0.0,0.0,PASS,2026-05-29T14:16:23Z,D20260529.01
2057.HK,HK,equity,2023-03-24,222.2,227.8,222.2,227.2,225.4,189394.0,42885401.8,0.007985803016858917,0.007985803016858917,0.007954085241320357,PASS,2026-05-29T14:16:23Z,D20260529.01
2057.HK,HK,equity,2023-03-27,226.0,227.0,219.2,220.4,227.2,191450.0,42787179.6,-0.029929577464788637,-0.029929577464788637,-0.030386609568236765,PASS,2026-05-29T14:16:23Z,D20260529.01
2057.HK,HK,equity,2023-03-28,224.4,224.4,220.4,223.6,220.4,88100.0,19617030.95,0.014519056261342866,0.014519056261342866,0.014414664002184528,PASS,2026-05-29T14:16:23Z,D20260529.01
2057.HK,HK,equity,2023-03-29,224.2,226.0,221.0,226.0,223.6,124448.0,27936388.8,0.01073345259391778,0.01073345259391778,0.010676257991341854,PASS,2026-05-29T14:16:23Z,D20260529.01
2057.HK,HK,equity,2023-03-30,224.0,226.6,219.6,226.6,226.0,140310.0,31467309.45,0.0026548672566371057,0.0026548672566371057,0.00265134932162,PASS,2026-05-29T14:16:23Z,D20260529.01
2057.HK,HK,equity,2023-03-31,226.8,229.6,222.8,224.0,226.6,232450.0,52185511.8,-0.011473962930273585,-0.011473962930273585,-0.011540296738866062,PASS,2026-05-29T14:16:23Z,D20260529.01
2057.HK,HK,equity,2023-04-03,226.4,227.4,224.8,226.6,224.0,151900.0,34378600.0,0.011607142857142927,0.011607142857142927,0.011540296738866158,PASS,2026-05-29T14:16:23Z,D20260529.01
2057.HK,HK,equity,2023-04-04,218.8,227.6,218.8,226.0,223.7,115077.0,25816090.75,0.010281627179258068,0.010281627179258068,0.010229130776202086,PASS,2026-05-29T14:16:23Z,D20260529.01
2057.HK,HK,equity,2023-04-06,226.0,226.2,221.6,224.4,226.0,75998.0,17022261.75,-0.0070796460176990594,-0.0070796460176990594,-0.007104825623744571,PASS,2026-05-29T14:16:23Z,D20260529.01
2057.HK,HK,equity,2023-04-11,224.0,227.8,222.4,225.8,224.4,61500.0,13873060.0,0.00623885918003575,0.00623885918003575,0.00621947806702049,PASS,2026-05-29T14:16:23Z,D20260529.01
2057.HK,HK,equity,2023-04-12,225.2,225.4,222.0,224.6,225.8,41478.0,9269325.6,-0.005314437555358764,-0.005314437555358764,-0.0053286094112188764,PASS,2026-05-29T14:16:23Z,D20260529.01
2057.HK,HK,equity,2023-04-13,221.6,227.4,220.2,226.8,224.6,167750.0,37921740.0,0.009795191451469343,0.009795191451469343,0.009747529549254263,PASS,2026-05-29T14:16:23Z,D20260529.01
2057.HK,HK,equity,2023-04-14,225.0,227.2,224.4,225.8,226.8,67387.0,15215876.3,-0.0044091710758377145,-0.0044091710758377145,-0.004418920138035335,PASS,2026-05-29T14:16:23Z,D20260529.01
2057.HK,HK,equity,2023-04-17,225.8,230.0,225.6,228.8,225.8,120200.0,27365220.0,0.013286093888396744,0.013286093888396744,0.013198607790081125,PASS,2026-05-29T14:16:23Z,D20260529.01
2057.HK,HK,equity,2023-04-18,228.8,228.8,225.0,226.0,228.8,47250.0,10678476.4,-0.012237762237762295,-0.012237762237762295,-0.012313260233357014,PASS,2026-05-29T14:16:23Z,D20260529.01
2057.HK,HK,equity,2023-04-19,223.8,226.8,223.8,225.2,226.0,58200.0,13113628.45,-0.0035398230088495852,-0.0035398230088495852,-0.003546103006750589,PASS,2026-05-29T14:16:23Z,D20260529.01
2057.HK,HK,equity,2023-04-20,224.6,230.4,224.6,227.6,225.2,34200.0,7809029.0,0.010657193605683846,0.010657193605683846,0.010600805986640548,PASS,2026-05-29T14:16:23Z,D20260529.01
2057.HK,HK,equity,2023-04-21,227.8,229.2,222.2,224.2,227.6,94850.0,21391635.0,-0.01493848857644997,-0.01493848857644997,-0.01505119161411638,PASS,2026-05-29T14:16:23Z,D20260529.01
2057.HK,HK,equity,2023-04-24,223.6,227.6,218.0,221.2,224.2,66500.0,14738851.2,-0.01338090990187335,-0.01338090990187335,-0.013471240989879825,PASS,2026-05-29T14:16:23Z,D20260529.01
2057.HK,HK,equity,2023-04-25,223.8,228.8,220.2,221.4,221.2,134950.0,29912442.5,0.000904159132007365,0.000904159132007365,0.000903750626356901,PASS,2026-05-29T14:16:23Z,D20260529.01
2057.HK,HK,equity,2023-04-26,221.4,224.0,216.8,220.6,221.4,139300.0,30758856.8,-0.0036133694670280603,-0.0036133694670280603,-0.003619913455134464,PASS,2026-05-29T14:16:23Z,D20260529.01
2057.HK,HK,equity,2023-04-27,220.6,220.6,213.2,217.0,220.6,99250.0,21493810.0,-0.016319129646418795,-0.016319129646418795,-0.016453753278942482,PASS,2026-05-29T14:16:23Z,D20260529.01
2057.HK,HK,equity,2023-04-28,217.4,218.8,214.0,214.8,217.0,57550.0,12440464.8,-0.010138248847926246,-0.010138248847926246,-0.010189990905749907,PASS,2026-05-29T14:16:23Z,D20260529.01
2057.HK,HK,equity,2023-05-02,214.0,219.6,214.0,218.0,214.8,92250.0,20105380.0,0.014897579143389184,0.014897579143389184,0.014787700154379371,PASS,2026-05-29T14:16:23Z,D20260529.01
2057.HK,HK,equity,2023-05-03,216.2,216.6,212.6,213.2,218.0,41724.0,8913568.1,-0.022018348623853212,-0.022018348623853212,-0.022264370497399537,PASS,2026-05-29T14:16:23Z,D20260529.01
2057.HK,HK,equity,2023-05-04,212.4,217.6,212.0,214.4,213.2,115300.0,24722114.1,0.005628517823639934,0.005628517823639934,0.0056127369049576055,PASS,2026-05-29T14:16:23Z,D20260529.01
2057.HK,HK,equity,2023-05-05,212.4,217.6,211.8,214.0,214.4,80750.0,17226050.0,-0.001865671641791078,-0.001865671641791078,-0.0018674141747954732,PASS,2026-05-29T14:16:23Z,D20260529.01
2057.HK,HK,equity,2023-05-08,214.0,219.2,213.6,219.2,214.0,113700.0,24573081.75,0.024299065420560595,0.024299065420560595,0.024008540052008837,PASS,2026-05-29T14:16:23Z,D20260529.01
2057.HK,HK,equity,2023-05-09,219.0,223.0,215.2,217.0,219.2,83750.0,18263176.0,-0.010036496350364965,-0.010036496350364965,-0.01008720153340092,PASS,2026-05-29T14:16:23Z,D20260529.01
2057.HK,HK,equity,2023-05-10,219.8,222.2,218.2,220.0,217.0,73600.0,16166865.1,0.01382488479262678,0.01382488479262678,0.013730192811902037,PASS,2026-05-29T14:16:23Z,D20260529.01
2057.HK,HK,equity,2023-05-11,224.8,227.8,223.0,225.2,220.0,87050.0,19503230.0,0.023636363636363678,0.023636363636363678,0.023361349913173818,PASS,2026-05-29T14:16:23Z,D20260529.01
2057.HK,HK,equity,2023-05-12,223.6,227.4,221.4,222.2,225.2,103275.0,22990585.0,-0.013321492007104752,-0.013321492007104752,-0.013411019060005651,PASS,2026-05-29T14:16:23Z,D20260529.01
2057.HK,HK,equity,2023-05-15,223.6,229.2,223.6,227.4,222.2,72796.0,16499588.0,0.023402340234023544,0.023402340234023544,0.023132704110906184,PASS,2026-05-29T14:16:23Z,D20260529.01
2057.HK,HK,equity,2023-05-16,226.6,228.4,224.6,225.2,227.4,76300.0,17248705.0,-0.009674582233949014,-0.009674582233949014,-0.009721685050900373,PASS,2026-05-29T14:16:23Z,D20260529.01
2057.HK,HK,equity,2023-05-17,224.0,224.2,218.4,219.0,225.2,39240.0,8677448.0,-0.027531083481349916,-0.027531083481349916,-0.0279171664490345,PASS,2026-05-29T14:16:23Z,D20260529.01
2057.HK,HK,equity,2023-05-18,222.2,236.4,221.4,234.8,219.0,286851.0,66505701.45,0.07214611872146115,0.07214611872146115,0.06966235813744052,PASS,2026-05-29T14:16:23Z,D20260529.01
2057.HK,HK,equity,2023-05-19,232.8,235.8,228.4,231.0,234.8,378756.0,87882093.15,-0.016183986371379966,-0.016183986371379966,-0.01631637743214791,PASS,2026-05-29T14:16:23Z,D20260529.01
2057.HK,HK,equity,2023-05-22,225.0,229.4,222.2,228.6,231.0,323750.0,73427855.0,-0.010389610389610393,-0.010389610389610393,-0.010443959161083262,PASS,2026-05-29T14:16:23Z,D20260529.01
2057.HK,HK,equity,2023-05-23,228.6,228.6,222.8,223.8,228.6,46350.0,10418110.0,-0.020997375328083878,-0.020997375328083878,-0.021220955482885308,PASS,2026-05-29T14:16:23Z,D20260529.01
2057.HK,HK,equity,2023-05-24,224.0,224.8,220.4,220.8,223.8,70500.0,15673605.0,-0.013404825737265424,-0.013404825737265424,-0.013495481474884621,PASS,2026-05-29T14:16:23Z,D20260529.01
2057.HK,HK,equity,2023-05-25,219.0,219.8,213.6,217.2,220.8,126250.0,27296873.9,-0.01630434782608703,-0.01630434782608703,-0.016438726343159946,PASS,2026-05-29T14:16:23Z,D20260529.01
2057.HK,HK,equity,2023-05-29,214.0,214.4,210.6,213.4,217.2,102300.0,21814490.65,-0.017495395948434522,-0.017495395948434522,-0.01765024919212728,PASS,2026-05-29T14:16:23Z,D20260529.01
2057.HK,HK,equity,2023-05-30,213.4,213.4,209.2,213.2,213.4,55950.0,11842002.8,-0.0009372071227742307,-0.0009372071227742307,-0.0009376465759636146,PASS,2026-05-29T14:16:23Z,D20260529.01
2057.HK,HK,equity,2023-05-31,200.0,200.0,195.0,197.8,213.2,289900.0,57137472.6,-0.07223264540337704,-0.07223264540337704,-0.07497427310307765,PASS,2026-05-29T14:16:23Z,D20260529.01
2057.HK,HK,equity,2023-06-01,197.8,202.0,197.3,198.4,197.8,108290.0,21642786.1,0.0030333670374114163,0.0030333670374114163,0.0030287756621605686,PASS,2026-05-29T14:16:23Z,D20260529.01
2057.HK,HK,equity,2023-06-02,199.2,206.2,199.2,205.0,198.4,117650.0,24123598.2,0.03326612903225801,0.03326612903225801,0.03272478428763571,PASS,2026-05-29T14:16:23Z,D20260529.01
2057.HK,HK,equity,2023-06-05,205.6,209.6,205.6,207.6,205.0,115744.0,24051295.8,0.012682926829268304,0.012682926829268304,0.012603172153325405,PASS,2026-05-29T14:16:23Z,D20260529.01
2057.HK,HK,equity,2023-06-06,208.4,213.4,208.4,209.4,207.6,72950.0,15353383.0,0.00867052023121384,0.00867052023121384,0.008633147144702875,PASS,2026-05-29T14:16:23Z,D20260529.01
2057.HK,HK,equity,2023-06-07,209.4,212.6,209.2,212.0,209.4,115400.0,24447650.0,0.01241642788920716,0.01241642788920716,0.012339976235575876,PASS,2026-05-29T14:16:23Z,D20260529.01
2057.HK,HK,equity,2023-06-08,212.0,213.8,210.8,213.6,212.0,108544.0,23112171.8,0.007547169811320753,0.007547169811320753,0.007518832414027319,PASS,2026-05-29T14:16:23Z,D20260529.01
2057.HK,HK,equity,2023-06-09,214.4,217.2,214.0,215.2,213.6,92900.0,20006296.2,0.0074906367041198685,0.0074906367041198685,0.007462721201589594,PASS,2026-05-29T14:16:23Z,D20260529.01
2057.HK,HK,equity,2023-06-12,213.8,213.8,210.0,211.4,215.2,83350.0,17587083.85,-0.017657992565055736,-0.017657992565055736,-0.017815754851492064,PASS,2026-05-29T14:16:23Z,D20260529.01
2057.HK,HK,equity,2023-06-13,213.2,214.8,211.4,213.6,211.4,123450.0,26315145.0,0.010406811731314969,0.010406811731314969,0.010353033649902442,PASS,2026-05-29T14:16:23Z,D20260529.01
2057.HK,HK,equity,2023-06-14,212.4,214.8,211.6,212.2,213.6,66156.0,14088731.8,-0.0065543071161049404,-0.0065543071161049404,-0.006575880906157085,PASS,2026-05-29T14:16:23Z,D20260529.01
2057.HK,HK,equity,2023-06-15,213.4,219.0,213.4,219.0,212.2,24182.0,5236177.2,0.03204524033930256,0.03204524033930256,0.03154250363661808,PASS,2026-05-29T14:16:23Z,D20260529.01
2057.HK,HK,equity,2023-06-16,218.0,219.0,215.2,215.6,219.0,416745.0,89969113.65,-0.015525114155251152,-0.015525114155251152,-0.01564689078165874,PASS,2026-05-29T14:16:23Z,D20260529.01
2057.HK,HK,equity,2023-06-19,216.6,216.6,210.4,215.2,215.6,85511.0,18248483.6,-0.0018552875695733162,-0.0018552875695733162,-0.0018570107472127711,PASS,2026-05-29T14:16:23Z,D20260529.01
2057.HK,HK,equity,2023-06-20,214.0,214.6,208.4,209.2,215.2,104100.0,21803330.0,-0.027881040892193343,-0.027881040892193343,-0.02827709609686155,PASS,2026-05-29T14:16:23Z,D20260529.01
2057.HK,HK,equity,2023-06-21,208.0,208.0,201.6,202.2,209.2,100279.0,20330306.4,-0.03346080305927346,-0.03346080305927346,-0.03403342560439683,PASS,2026-05-29T14:16:23Z,D20260529.01
2057.HK,HK,equity,2023-06-23,202.2,202.2,197.1,198.6,202.2,52600.0,10417877.35,-0.017804154302670572,-0.017804154302670572,-0.017964554975298773,PASS,2026-05-29T14:16:23Z,D20260529.01
2057.HK,HK,equity,2023-06-26,200.0,206.4,197.7,198.5,198.6,65497.0,13021622.95,-0.000503524672708977,-0.000503524672708977,-0.0005036514838271282,PASS,2026-05-29T14:16:23Z,D20260529.01
2057.HK,HK,equity,2023-06-27,200.0,205.0,200.0,203.8,198.5,54850.0,11132474.33,0.026700251889168802,0.026700251889168802,0.02635002066137937,PASS,2026-05-29T14:16:23Z,D20260529.01
2057.HK,HK,equity,2023-06-28,200.4,201.4,198.2,199.6,203.8,91950.0,18356520.0,-0.02060843964671255,-0.02060843964671255,-0.020823756911260927,PASS,2026-05-29T14:16:23Z,D20260529.01
2057.HK,HK,equity,2023-06-29,199.4,202.2,194.7,195.7,199.6,161950.0,31779725.0,-0.019539078156312617,-0.019539078156312617,-0.019732489475333046,PASS,2026-05-29T14:16:23Z,D20260529.01
2057.HK,HK,equity,2023-06-30,194.5,199.9,194.5,196.5,195.7,236050.0,46570113.1,0.004087889626980035,0.004087889626980035,0.004079556907285343,PASS,2026-05-29T14:16:23Z,D20260529.01
2057.HK,HK,equity,2023-07-03,196.5,202.0,196.5,200.6,196.5,114550.0,22827021.0,0.020865139949109324,0.020865139949109324,0.02065044421851914,PASS,2026-05-29T14:16:23Z,D20260529.01
2057.HK,HK,equity,2023-07-04,192.0,199.7,192.0,196.2,200.6,55100.0,10845149.4,-0.02193419740777669,-0.02193419740777669,-0.022178328396572466,PASS,2026-05-29T14:16:23Z,D20260529.01
2057.HK,HK,equity,2023-07-05,195.0,196.8,193.1,194.4,196.2,139700.0,27092335.3,-0.00917431192660545,-0.00917431192660545,-0.009216655104923952,PASS,2026-05-29T14:16:23Z,D20260529.01
2057.HK,HK,equity,2023-07-06,192.6,195.2,190.5,192.6,194.4,75400.0,14497627.5,-0.0092592592592593,-0.0092592592592593,-0.009302392662313561,PASS,2026-05-29T14:16:23Z,D20260529.01
2057.HK,HK,equity,2023-07-07,203.0,203.0,193.6,194.2,192.6,53000.0,10315422.25,0.008307372793354029,0.008307372793354029,0.008273056493199283,PASS,2026-05-29T14:16:23Z,D20260529.01
2057.HK,HK,equity,2023-07-10,198.9,198.9,192.7,193.8,194.2,29000.0,5629913.75,-0.002059732234809375,-0.002059732234809375,-0.0020618564005585797,PASS,2026-05-29T14:16:23Z,D20260529.01
2057.HK,HK,equity,2023-07-11,194.4,197.6,194.4,197.5,193.8,194850.0,38328656.0,0.01909184726522173,0.01909184726522173,0.018911884884510555,PASS,2026-05-29T14:16:23Z,D20260529.01
2057.HK,HK,equity,2023-07-12,203.0,207.8,203.0,205.4,197.5,139950.0,28808840.0,0.040000000000000036,0.040000000000000036,0.03922071315328133,PASS,2026-05-29T14:16:23Z,D20260529.01
2057.HK,HK,equity,2023-07-13,207.0,211.0,207.0,210.0,205.4,89150.0,18644984.7,0.022395326192794496,0.022395326192794496,0.022148233223010773,PASS,2026-05-29T14:16:23Z,D20260529.01
2057.HK,HK,equity,2023-07-14,210.4,212.8,210.4,212.4,210.0,32500.0,6895050.3,0.011428571428571566,0.011428571428571566,0.011363758650315223,PASS,2026-05-29T14:16:23Z,D20260529.01
2057.HK,HK,equity,2023-07-18,212.4,212.4,208.4,209.2,212.4,83150.0,17409221.75,-0.015065913370998163,-0.015065913370998163,-0.015180557177015979,PASS,2026-05-29T14:16:23Z,D20260529.01
2057.HK,HK,equity,2023-07-19,208.0,209.8,205.6,209.4,209.2,55425.0,11527393.35,0.0009560229445506607,0.0009560229445506607,0.0009555662456686359,PASS,2026-05-29T14:16:23Z,D20260529.01
2057.HK,HK,equity,2023-07-20,206.0,208.4,202.8,203.2,209.4,158592.0,32413602.2,-0.029608404966571245,-0.029608404966571245,-0.030055582732109745,PASS,2026-05-29T14:16:23Z,D20260529.01
2057.HK,HK,equity,2023-07-21,203.6,205.8,202.2,203.0,203.2,105850.0,21533498.5,-0.0009842519685039353,-0.0009842519685039353,-0.0009847366625394926,PASS,2026-05-29T14:16:23Z,D20260529.01
2057.HK,HK,equity,2023-07-24,203.4,203.4,199.3,200.6,203.0,132175.0,26544825.45,-0.011822660098522175,-0.011822660098522175,-0.011893103513952183,PASS,2026-05-29T14:16:23Z,D20260529.01
2057.HK,HK,equity,2023-07-25,209.0,209.0,206.4,207.4,200.6,177154.0,36741718.1,0.033898305084745894,0.033898305084745894,0.033336420267591926,PASS,2026-05-29T14:16:23Z,D20260529.01
2057.HK,HK,equity,2023-07-26,207.4,209.0,206.6,208.0,207.4,49128.0,10201094.7,0.0028929604628735728,0.0028929604628735728,0.0028887839058909185,PASS,2026-05-29T14:16:23Z,D20260529.01
2057.HK,HK,equity,2023-07-27,209.4,215.0,205.2,213.4,208.0,115750.0,24627764.1,0.02596153846153859,0.02596153846153859,0.025630259166335146,PASS,2026-05-29T14:16:23Z,D20260529.01
2057.HK,HK,equity,2023-07-28,210.2,211.8,207.2,211.4,213.4,74115.0,15565492.15,-0.009372071227741308,-0.009372071227741308,-0.009416265431515709,PASS,2026-05-29T14:16:23Z,D20260529.01
2057.HK,HK,equity,2023-07-31,216.0,219.4,214.0,214.6,211.4,222775.0,48071976.9,0.015137180700094621,0.015137180700094621,0.015023756760460851,PASS,2026-05-29T14:16:23Z,D20260529.01
2057.HK,HK,equity,2023-08-01,216.0,216.4,209.8,210.2,214.6,173550.0,36689499.05,-0.020503261882572232,-0.020503261882572232,-0.02071637175374735,PASS,2026-05-29T14:16:23Z,D20260529.01
2057.HK,HK,equity,2023-08-02,209.0,210.0,205.0,205.6,210.2,42300.0,8719656.55,-0.021883920076117946,-0.021883920076117946,-0.02212692486184067,PASS,2026-05-29T14:16:23Z,D20260529.01
2057.HK,HK,equity,2023-08-03,206.2,208.6,203.0,206.6,205.6,146900.0,30431045.2,0.004863813229571967,0.004863813229571967,0.004852023104528112,PASS,2026-05-29T14:16:23Z,D20260529.01
2057.HK,HK,equity,2023-08-04,210.0,212.8,208.8,209.4,206.6,134700.0,28237388.4,0.013552758954501476,0.013552758954501476,0.013461741750898332,PASS,2026-05-29T14:16:23Z,D20260529.01
2057.HK,HK,equity,2023-08-07,208.0,209.8,207.2,207.8,209.4,99795.0,20772812.0,-0.0076408787010505685,-0.0076408787010505685,-0.007670219771309409,PASS,2026-05-29T14:16:23Z,D20260529.01
2057.HK,HK,equity,2023-08-08,206.2,207.4,204.8,205.6,207.8,80365.0,16526031.0,-0.010587102983638186,-0.010587102983638186,-0.01064354508411705,PASS,2026-05-29T14:16:23Z,D20260529.01
2057.HK,HK,equity,2023-08-09,205.8,208.2,205.8,207.6,205.6,67350.0,13971676.65,0.009727626459143934,0.009727626459143934,0.009680617710723496,PASS,2026-05-29T14:16:23Z,D20260529.01
2057.HK,HK,equity,2023-08-10,206.2,207.2,203.6,206.4,207.6,45800.0,9417873.0,-0.00578034682080919,-0.00578034682080919,-0.005797117684325846,PASS,2026-05-29T14:16:23Z,D20260529.01
2057.HK,HK,equity,2023-08-11,206.0,206.0,201.0,201.4,206.4,42950.0,8677860.0,-0.02422480620155043,-0.02422480620155043,-0.024523053322945795,PASS,2026-05-29T14:16:23Z,D20260529.01
2057.HK,HK,equity,2023-08-14,198.6,199.4,197.2,198.6,201.4,116605.0,23067041.5,-0.013902681231380387,-0.013902681231380387,-0.014000228673389752,PASS,2026-05-29T14:16:23Z,D20260529.01
2057.HK,HK,equity,2023-08-15,199.9,202.0,199.4,199.5,198.6,175900.0,35233100.0,0.0045317220543807935,0.0045317220543807935,0.004521484718846057,PASS,2026-05-29T14:16:23Z,D20260529.01
2057.HK,HK,equity,2023-08-16,199.5,199.5,197.3,198.5,199.5,189715.0,37582418.0,-0.005012531328320802,-0.005012531328320802,-0.005025136202673043,PASS,2026-05-29T14:16:23Z,D20260529.01
2057.HK,HK,equity,2023-08-17,197.3,200.2,196.7,198.9,198.5,183650.0,36441700.0,0.002015113350126052,0.002015113350126052,0.0020130857326815187,PASS,2026-05-29T14:16:23Z,D20260529.01
2057.HK,HK,equity,2023-08-18,198.2,198.2,193.0,193.6,198.9,115400.0,22437411.15,-0.02664655605832078,-0.02664655605832078,-0.02700801101744989,PASS,2026-05-29T14:16:23Z,D20260529.01
2057.HK,HK,equity,2023-08-21,190.0,190.0,176.0,179.6,193.6,1314531.0,236782814.4,-0.0723140495867769,-0.0723140495867769,-0.07506201897437745,PASS,2026-05-29T14:16:23Z,D20260529.01
2057.HK,HK,equity,2023-08-22,184.6,186.6,182.4,184.3,179.6,970154.0,178027668.05,0.026169265033407774,0.026169265033407774,0.025832708807678566,PASS,2026-05-29T14:16:23Z,D20260529.01
2057.HK,HK,equity,2023-08-23,184.5,186.6,184.5,185.6,184.3,332720.0,61726424.0,0.007053716766141971,0.007053716766141971,0.007028955676322414,PASS,2026-05-29T14:16:23Z,D20260529.01
2057.HK,HK,equity,2023-08-24,189.0,192.1,188.1,192.1,185.6,437500.0,83357880.0,0.0350215517241379,0.0350215517241379,0.03442224942241073,PASS,2026-05-29T14:16:23Z,D20260529.01
2057.HK,HK,equity,2023-08-25,192.1,192.1,189.3,190.0,192.1,257550.0,48986589.1,-0.010931806350858886,-0.010931806350858886,-0.010991997614024779,PASS,2026-05-29T14:16:23Z,D20260529.01
2057.HK,HK,equity,2023-08-28,196.5,196.5,191.4,192.0,190.0,412300.0,79284242.85,0.010526315789473717,0.010526315789473717,0.010471299867295437,PASS,2026-05-29T14:16:23Z,D20260529.01
2057.HK,HK,equity,2023-08-29,191.2,191.8,189.1,191.8,192.0,349250.0,66691939.15,-0.0010416666666666075,-0.0010416666666666075,-0.0010422095784436427,PASS,2026-05-29T14:16:23Z,D20260529.01
2057.HK,HK,equity,2023-08-30,193.4,194.1,182.8,184.5,191.8,794050.0,146760798.4,-0.03806047966631909,-0.03806047966631909,-0.038803698968755976,PASS,2026-05-29T14:16:23Z,D20260529.01
2057.HK,HK,equity,2023-08-31,189.5,191.8,189.5,190.5,184.5,475100.0,90491674.15,0.03252032520325199,0.03252032520325199,0.032002731086173734,PASS,2026-05-29T14:16:23Z,D20260529.01
2057.HK,HK,equity,2023-09-04,198.9,199.1,196.2,197.2,190.5,435628.0,86045204.3,0.035170603674540724,0.035170603674540724,0.034566247601779426,PASS,2026-05-29T14:16:23Z,D20260529.01
2057.HK,HK,equity,2023-09-05,197.5,197.5,193.4,194.4,197.2,491350.0,95554149.7,-0.014198782961460377,-0.014198782961460377,-0.01430055014219627,PASS,2026-05-29T14:16:23Z,D20260529.01
2057.HK,HK,equity,2023-09-06,196.8,197.9,195.2,197.8,194.4,610600.0,120019451.55,0.017489711934156382,0.017489711934156382,0.01733852716227304,PASS,2026-05-29T14:16:23Z,D20260529.01
2057.HK,HK,equity,2023-09-07,193.0,195.1,191.2,192.3,197.8,373400.0,71794905.0,-0.02780586450960565,-0.02780586450960565,-0.028199766593877677,PASS,2026-05-29T14:16:23Z,D20260529.01
2057.HK,HK,equity,2023-09-11,189.3,191.8,188.0,190.2,192.3,911887.0,173028766.75,-0.01092043681747279,-0.01092043681747279,-0.010980502483444208,PASS,2026-05-29T14:16:23Z,D20260529.01
2057.HK,HK,equity,2023-09-12,191.2,191.2,185.5,185.8,190.2,878500.0,163435875.0,-0.023133543638275356,-0.023133543638275356,-0.02340532373155164,PASS,2026-05-29T14:16:23Z,D20260529.01
2057.HK,HK,equity,2023-09-13,187.0,189.5,184.5,186.1,185.8,1117200.0,207539271.9,0.0016146393972011897,0.0016146393972011897,0.0016133372684668287,PASS,2026-05-29T14:16:23Z,D20260529.01
2057.HK,HK,equity,2023-09-14,188.6,192.8,188.6,191.8,186.1,1711750.0,328069037.5,0.030628694250403043,0.030628694250403043,0.030168998801132805,PASS,2026-05-29T14:16:23Z,D20260529.01
2057.HK,HK,equity,2023-09-15,195.0,203.4,194.6,203.4,191.8,22673670.0,4598247584.2,0.060479666319082304,0.060479666319082304,0.05872132116512166,PASS,2026-05-29T14:16:23Z,D20260529.01
2057.HK,HK,equity,2023-09-18,200.0,200.0,193.6,196.1,203.4,1838187.0,368403590.8,-0.03588987217305806,-0.03588987217305806,-0.03654975041215903,PASS,2026-05-29T14:16:23Z,D20260529.01
2057.HK,HK,equity,2023-09-19,196.4,197.5,193.4,193.7,196.1,302400.0,58783673.0,-0.012238653748087747,-0.012238653748087747,-0.012314162789350437,PASS,2026-05-29T14:16:23Z,D20260529.01
2057.HK,HK,equity,2023-09-20,192.7,194.2,190.5,191.7,193.7,291378.0,56055866.77,-0.01032524522457412,-0.01032524522457412,-0.010378920361351419,PASS,2026-05-29T14:16:23Z,D20260529.01
2057.HK,HK,equity,2023-09-21,191.3,193.4,190.7,191.1,191.7,341050.0,65484862.5,-0.00312989045383405,-0.00312989045383405,-0.003134798805371392,PASS,2026-05-29T14:16:23Z,D20260529.01
2057.HK,HK,equity,2023-09-22,188.6,193.9,187.5,192.9,191.1,235449.0,44929418.5,0.009419152276295195,0.009419152276295195,0.009375068665456102,PASS,2026-05-29T14:16:23Z,D20260529.01
2057.HK,HK,equity,2023-09-25,190.6,190.6,186.8,187.0,192.9,338100.0,63623761.2,-0.030585795749092815,-0.030585795749092815,-0.031063303057096793,PASS,2026-05-29T14:16:23Z,D20260529.01
2057.HK,HK,equity,2023-09-26,189.4,189.4,187.0,187.8,187.0,228200.0,42866310.0,0.004278074866310266,0.004278074866310266,0.0042689499195760145,PASS,2026-05-29T14:16:23Z,D20260529.01
2057.HK,HK,equity,2023-09-27,189.3,190.7,188.3,189.0,187.8,144912.0,27423107.1,0.006389776357827337,0.006389776357827337,0.006369448285479707,PASS,2026-05-29T14:16:23Z,D20260529.01
2057.HK,HK,equity,2023-09-28,189.0,189.0,186.9,188.2,189.0,137700.0,25858397.04,-0.004232804232804255,-0.004232804232804255,-0.004241787908363141,PASS,2026-05-29T14:16:23Z,D20260529.01
2057.HK,HK,equity,2023-09-29,189.3,191.9,189.1,190.5,188.2,198900.0,37911747.5,0.01222104144527103,0.01222104144527103,0.012146967415476436,PASS,2026-05-29T14:16:23Z,D20260529.01
2057.HK,HK,equity,2023-10-03,187.0,187.0,184.6,185.8,190.5,163250.0,30283647.5,-0.024671916010498673,-0.024671916010498673,-0.0249813681870175,PASS,2026-05-29T14:16:23Z,D20260529.01
2057.HK,HK,equity,2023-10-04,185.8,185.8,183.2,184.5,185.8,277450.0,51168870.0,-0.006996770721205636,-0.006996770721205636,-0.007021362899156305,PASS,2026-05-29T14:16:23Z,D20260529.01
2057.HK,HK,equity,2023-10-05,185.8,187.4,184.4,185.0,184.5,70850.0,13153025.0,0.0027100271002709064,0.0027100271002709064,0.0027063615977428457,PASS,2026-05-29T14:16:23Z,D20260529.01
2057.HK,HK,equity,2023-10-06,187.4,189.6,187.0,189.5,185.0,171800.0,32474120.0,0.024324324324324298,0.024324324324324298,0.024033199444156193,PASS,2026-05-29T14:16:23Z,D20260529.01
2057.HK,HK,equity,2023-10-09,190.5,192.7,190.5,192.0,189.5,84600.0,16235905.0,0.013192612137203241,0.013192612137203241,0.013106347505300583,PASS,2026-05-29T14:16:23Z,D20260529.01
2057.HK,HK,equity,2023-10-10,193.8,194.3,191.5,191.7,192.0,142400.0,27356375.0,-0.0015625000000000222,-0.0015625000000000222,-0.0015637219761827587,PASS,2026-05-29T14:16:23Z,D20260529.01
2057.HK,HK,equity,2023-10-11,194.4,194.4,191.5,192.2,191.7,166050.0,31925240.0,0.002608242044861653,0.002608242044861653,0.0026048464845931955,PASS,2026-05-29T14:16:23Z,D20260529.01
2057.HK,HK,equity,2023-10-12,191.2,192.6,191.0,191.7,192.2,68950.0,13231935.0,-0.002601456815816805,-0.002601456815816805,-0.002604846484593253,PASS,2026-05-29T14:16:23Z,D20260529.01
2057.HK,HK,equity,2023-10-13,189.7,189.7,186.7,186.7,191.7,158700.0,29821372.2,-0.026082420448617638,-0.026082420448617638,-0.026428599503921887,PASS,2026-05-29T14:16:23Z,D20260529.01
2057.HK,HK,equity,2023-10-16,187.5,189.0,186.0,186.3,186.7,64100.0,11979728.55,-0.002142474558114449,-0.002142474558114449,-0.0021447729401339838,PASS,2026-05-29T14:16:23Z,D20260529.01
2057.HK,HK,equity,2023-10-17,186.5,187.2,184.9,185.8,186.3,74253.0,13817482.1,-0.0026838432635534204,-0.0026838432635534204,-0.0026874512278046415,PASS,2026-05-29T14:16:23Z,D20260529.01
2057.HK,HK,equity,2023-10-18,185.8,188.3,185.2,185.8,185.8,240972.0,44851120.4,0.0,0.0,0.0,PASS,2026-05-29T14:16:23Z,D20260529.01
2057.HK,HK,equity,2023-10-19,185.5,185.5,182.6,184.0,185.8,175900.0,32246587.5,-0.009687836383207804,-0.009687836383207804,-0.009735068770752578,PASS,2026-05-29T14:16:23Z,D20260529.01
2057.HK,HK,equity,2023-10-20,182.5,182.5,181.0,181.8,184.0,169500.0,30819602.5,-0.011956521739130421,-0.011956521739130421,-0.012028575865607146,PASS,2026-05-29T14:16:23Z,D20260529.01
2057.HK,HK,equity,2023-10-24,184.8,184.8,181.0,181.5,181.8,134800.0,24582537.5,-0.0016501650165017256,-0.0016501650165017256,-0.0016515280384730646,PASS,2026-05-29T14:16:23Z,D20260529.01
2057.HK,HK,equity,2023-10-25,183.6,185.5,182.6,183.4,181.5,61650.0,11316941.7,0.010468319559228778,0.010468319559228778,0.010413906117459132,PASS,2026-05-29T14:16:23Z,D20260529.01
2057.HK,HK,equity,2023-10-26,184.4,185.4,183.3,185.4,183.4,90600.0,16698681.8,0.010905125408942284,0.010905125408942284,0.010846093309390384,PASS,2026-05-29T14:16:23Z,D20260529.01
2057.HK,HK,equity,2023-10-27,183.8,186.2,180.7,184.8,185.4,42900.0,7935943.7,-0.003236245954692518,-0.003236245954692518,-0.0032414939241709557,PASS,2026-05-29T14:16:23Z,D20260529.01
2057.HK,HK,equity,2023-10-30,185.7,186.1,184.7,185.2,184.8,67550.0,12499051.1,0.0021645021645020357,0.0021645021645020357,0.0021621630044950956,PASS,2026-05-29T14:16:23Z,D20260529.01
2057.HK,HK,equity,2023-10-31,185.2,185.2,182.6,183.1,185.2,99200.0,18212803.75,-0.011339092872570178,-0.011339092872570178,-0.011403870531613965,PASS,2026-05-29T14:16:23Z,D20260529.01
2057.HK,HK,equity,2023-11-01,183.1,183.2,180.8,182.8,183.1,99689.0,18162636.9,-0.0016384489350080855,-0.0016384489350080855,-0.0016397926604152864,PASS,2026-05-29T14:16:23Z,D20260529.01
2057.HK,HK,equity,2023-11-02,186.4,186.4,183.8,184.1,182.8,78011.0,14428565.1,0.007111597374179324,0.007111597374179324,0.007086429218982431,PASS,2026-05-29T14:16:23Z,D20260529.01
2057.HK,HK,equity,2023-11-03,185.4,189.5,185.4,188.5,184.1,64750.0,12188180.0,0.02390005431830522,0.02390005431830522,0.023618918649033233,PASS,2026-05-29T14:16:23Z,D20260529.01
2057.HK,HK,equity,2023-11-06,190.4,194.4,190.4,192.0,188.5,145750.0,28141704.6,0.018567639257294433,0.018567639257294433,0.0183973651397161,PASS,2026-05-29T14:16:23Z,D20260529.01
2057.HK,HK,equity,2023-11-07,191.6,191.6,189.2,189.9,192.0,42162.0,8013811.9,-0.010937499999999933,-0.010937499999999933,-0.010997754209541286,PASS,2026-05-29T14:16:23Z,D20260529.01
2057.HK,HK,equity,2023-11-08,187.1,188.8,186.3,186.8,189.9,97450.0,18260941.5,-0.016324381253291165,-0.016324381253291165,-0.016459092023497907,PASS,2026-05-29T14:16:23Z,D20260529.01
2057.HK,HK,equity,2023-11-09,186.8,187.8,186.5,186.7,186.8,114536.0,21408744.1,-0.0005353319057816996,-0.0005353319057816996,-0.0005354752470654315,PASS,2026-05-29T14:16:23Z,D20260529.01
2057.HK,HK,equity,2023-11-10,186.0,186.0,183.6,184.0,186.7,175050.0,32282875.0,-0.014461703267273696,-0.014461703267273696,-0.014567292938691306,PASS,2026-05-29T14:16:23Z,D20260529.01
2057.HK,HK,equity,2023-11-13,187.3,189.1,186.3,187.9,184.0,82531.0,15458265.15,0.02119565217391317,0.02119565217391317,0.020974148810434138,PASS,2026-05-29T14:16:23Z,D20260529.01
2057.HK,HK,equity,2023-11-14,186.4,188.3,184.9,185.3,187.9,48400.0,8986327.85,-0.01383714741883979,-0.01383714741883979,-0.013933773128105516,PASS,2026-05-29T14:16:23Z,D20260529.01
2057.HK,HK,equity,2023-11-15,188.1,191.5,188.1,190.9,185.3,74732.0,14216413.95,0.030221262817053285,0.030221262817053285,0.029773597440387697,PASS,2026-05-29T14:16:23Z,D20260529.01
2057.HK,HK,equity,2023-11-16,190.8,190.8,186.4,187.0,190.9,58650.0,10976922.15,-0.020429544264012556,-0.020429544264012556,-0.02064111387711529,PASS,2026-05-29T14:16:23Z,D20260529.01
2057.HK,HK,equity,2023-11-17,183.6,183.6,175.0,179.0,187.0,944931.0,169394283.75,-0.04278074866310155,-0.04278074866310155,-0.043722811013831575,PASS,2026-05-29T14:16:23Z,D20260529.01
2057.HK,HK,equity,2023-11-20,177.2,177.2,171.4,172.9,179.0,620726.0,107286564.9,-0.034078212290502785,-0.034078212290502785,-0.03467241315151017,PASS,2026-05-29T14:16:23Z,D20260529.01
2057.HK,HK,equity,2023-11-21,172.9,178.5,170.1,170.5,172.9,237550.0,40755602.8,-0.013880855986119212,-0.013880855986119212,-0.013978095965673405,PASS,2026-05-29T14:16:23Z,D20260529.01
2057.HK,HK,equity,2023-11-22,172.7,173.7,171.0,171.1,170.5,90565.0,15540205.95,0.0035190615835776207,0.0035190615835776207,0.0035128841745762215,PASS,2026-05-29T14:16:23Z,D20260529.01
2057.HK,HK,equity,2023-11-23,170.1,175.6,170.1,174.9,171.1,106500.0,18567831.05,0.02220923436586797,0.02220923436586797,0.021966201126408645,PASS,2026-05-29T14:16:23Z,D20260529.01
2057.HK,HK,equity,2023-11-24,174.2,174.7,172.0,174.0,174.9,136250.0,23665833.8,-0.005145797598627766,-0.005145797598627766,-0.005159082810027336,PASS,2026-05-29T14:16:23Z,D20260529.01
2057.HK,HK,equity,2023-11-27,172.0,173.3,169.0,170.9,174.0,316091.0,53888696.3,-0.017816091954023006,-0.017816091954023006,-0.01797670909298384,PASS,2026-05-29T14:16:23Z,D20260529.01
2057.HK,HK,equity,2023-11-28,173.6,174.1,172.3,173.8,170.9,87850.0,15210540.0,0.016968987712112416,0.016968987712112416,0.016826622709746525,PASS,2026-05-29T14:16:23Z,D20260529.01
2057.HK,HK,equity,2023-11-29,173.0,173.2,171.2,172.4,173.8,157650.0,27122240.0,-0.008055235903337232,-0.008055235903337232,-0.008087854601699005,PASS,2026-05-29T14:16:23Z,D20260529.01
2057.HK,HK,equity,2023-11-30,172.4,176.0,172.4,174.8,172.4,118600.0,20733235.4,0.0139211136890951,0.0139211136890951,0.013825104991842335,PASS,2026-05-29T14:16:23Z,D20260529.01
2057.HK,HK,equity,2023-12-01,174.0,174.3,171.0,171.0,174.8,117550.0,20215345.0,-0.021739130434782705,-0.021739130434782705,-0.02197890671877534,PASS,2026-05-29T14:16:23Z,D20260529.01
2057.HK,HK,equity,2023-12-04,172.1,173.4,171.2,171.4,171.0,106350.0,18269380.0,0.002339181286549641,0.002339181286549641,0.0023364496610195056,PASS,2026-05-29T14:16:23Z,D20260529.01
2057.HK,HK,equity,2023-12-05,170.3,170.4,167.8,169.2,171.4,124831.0,21118246.55,-0.012835472578763274,-0.012835472578763274,-0.01291855899155666,PASS,2026-05-29T14:16:23Z,D20260529.01
2057.HK,HK,equity,2023-12-06,167.8,169.3,166.9,168.6,169.2,107050.0,18028747.5,-0.0035460992907800915,-0.0035460992907800915,-0.003552401604367772,PASS,2026-05-29T14:16:23Z,D20260529.01
2057.HK,HK,equity,2023-12-07,167.0,168.0,164.8,168.0,168.6,76550.0,12760957.05,-0.003558718861209953,-0.003558718861209953,-0.003565066164496146,PASS,2026-05-29T14:16:23Z,D20260529.01
2057.HK,HK,equity,2023-12-08,166.6,166.6,163.6,164.1,168.0,160050.0,26310102.7,-0.023214285714285743,-0.023214285714285743,-0.023487981307213742,PASS,2026-05-29T14:16:23Z,D20260529.01
2057.HK,HK,equity,2023-12-11,164.4,165.6,163.1,164.4,164.1,155000.0,25457626.3,0.001828153564899626,0.001828153564899626,0.0018264845260345028,PASS,2026-05-29T14:16:23Z,D20260529.01
2057.HK,HK,equity,2023-12-12,166.0,166.0,162.0,164.1,164.4,157559.0,25775005.9,-0.0018248175182482562,-0.0018248175182482562,-0.0018264845260344098,PASS,2026-05-29T14:16:23Z,D20260529.01
2057.HK,HK,equity,2023-12-13,164.1,164.1,160.8,161.7,164.1,150383.0,24359275.55,-0.014625228519195677,-0.014625228519195677,-0.014733231512984116,PASS,2026-05-29T14:16:23Z,D20260529.01
2057.HK,HK,equity,2023-12-14,160.6,161.2,157.5,158.6,161.7,133250.0,21163405.0,-0.0191713048855906,-0.0191713048855906,-0.019357457382313554,PASS,2026-05-29T14:16:23Z,D20260529.01
2057.HK,HK,equity,2023-12-15,159.7,160.7,157.0,158.8,158.6,243155.0,38616753.15,0.0012610340479193294,0.0012610340479193294,0.0012602396122877732,PASS,2026-05-29T14:16:23Z,D20260529.01
2057.HK,HK,equity,2023-12-18,155.8,155.8,152.9,153.5,158.8,230313.0,35415274.5,-0.03337531486146106,-0.03337531486146106,-0.03394498178578361,PASS,2026-05-29T14:16:23Z,D20260529.01
2057.HK,HK,equity,2023-12-19,160.0,160.1,155.1,156.0,153.5,116000.0,18115442.5,0.016286644951140072,0.016286644951140072,0.016155440222285208,PASS,2026-05-29T14:16:23Z,D20260529.01
2057.HK,HK,equity,2023-12-20,153.6,156.7,152.6,152.8,156.0,89242.0,13753261.8,-0.02051282051282044,-0.02051282051282044,-0.020726130517116855,PASS,2026-05-29T14:16:23Z,D20260529.01
2057.HK,HK,equity,2023-12-21,154.3,158.2,154.2,157.3,152.8,101550.0,15780550.8,0.02945026178010468,0.02945026178010468,0.029024933331811994,PASS,2026-05-29T14:16:23Z,D20260529.01
2057.HK,HK,equity,2023-12-22,154.2,156.3,152.7,153.0,157.3,67450.0,10357210.0,-0.027336300063572905,-0.027336300063572905,-0.027716888671796794,PASS,2026-05-29T14:16:23Z,D20260529.01
2057.HK,HK,equity,2023-12-27,155.7,156.5,154.7,155.6,153.0,173000.0,26874637.5,0.01699346405228752,0.01699346405228752,0.016850690351855706,PASS,2026-05-29T14:16:23Z,D20260529.01
2057.HK,HK,equity,2023-12-28,155.6,160.8,155.5,159.9,155.6,115400.0,18414881.5,0.027634961439588768,0.027634961439588768,0.027260008095617395,PASS,2026-05-29T14:16:23Z,D20260529.01
2057.HK,HK,equity,2023-12-29,161.7,162.7,161.1,162.0,159.9,146000.0,23624827.5,0.013133208255159401,0.013133208255159401,0.013047715392475455,PASS,2026-05-29T14:16:23Z,D20260529.01
2057.HK,HK,equity,2024-01-02,164.7,164.7,161.7,162.8,162.0,89400.0,14551593.05,0.004938271604938427,0.004938271604938427,0.004926118336056003,PASS,2026-05-29T14:16:23Z,D20260529.01
2057.HK,HK,equity,2024-01-03,162.5,162.5,160.4,161.9,162.8,127373.0,20575696.9,-0.005528255528255532,-0.005528255528255532,-0.005543592884850481,PASS,2026-05-29T14:16:23Z,D20260529.01
2057.HK,HK,equity,2024-01-04,162.5,164.3,161.1,163.2,161.9,121900.0,19793150.0,0.008029647930821282,0.008029647930821282,0.007997581846416978,PASS,2026-05-29T14:16:23Z,D20260529.01
2057.HK,HK,equity,2024-01-05,158.2,162.2,158.2,160.0,163.2,82000.0,13163560.0,-0.019607843137254832,-0.019607843137254832,-0.019802627296179643,PASS,2026-05-29T14:16:23Z,D20260529.01
2057.HK,HK,equity,2024-01-08,157.0,157.0,150.9,152.5,160.0,261250.0,39770222.5,-0.046875,-0.046875,-0.048009219186360606,PASS,2026-05-29T14:16:23Z,D20260529.01
2057.HK,HK,equity,2024-01-09,152.7,153.2,151.2,151.2,152.5,130850.0,19888026.5,-0.008524590163934476,-0.008524590163934476,-0.00856113230203374,PASS,2026-05-29T14:16:23Z,D20260529.01
2057.HK,HK,equity,2024-01-10,150.6,151.8,149.8,150.6,151.2,101331.0,15247977.05,-0.003968253968253954,-0.003968253968253954,-0.003976148379639406,PASS,2026-05-29T14:16:23Z,D20260529.01
2057.HK,HK,equity,2024-01-11,149.9,151.7,149.9,150.4,150.6,52900.0,7976203.8,-0.0013280212483398612,-0.0013280212483398612,-0.0013289038500536407,PASS,2026-05-29T14:16:23Z,D20260529.01
2057.HK,HK,equity,2024-01-12,149.0,149.8,148.0,148.2,150.4,66000.0,9837373.35,-0.01462765957446821,-0.01462765957446821,-0.014735698653753064,PASS,2026-05-29T14:16:23Z,D20260529.01
2057.HK,HK,equity,2024-01-15,148.5,149.1,146.0,146.8,148.2,38000.0,5594795.0,-0.00944669365721984,-0.00944669365721984,-0.009491596681571172,PASS,2026-05-29T14:16:23Z,D20260529.01
2057.HK,HK,equity,2024-01-16,146.7,146.8,144.3,145.3,146.8,89600.0,13022574.3,-0.01021798365122617,-0.01021798365122617,-0.010270545604177998,PASS,2026-05-29T14:16:23Z,D20260529.01
2057.HK,HK,equity,2024-01-17,140.0,140.1,136.6,136.9,145.3,216600.0,30015466.8,-0.05781142463867861,-0.05781142463867861,-0.05954983828183403,PASS,2026-05-29T14:16:23Z,D20260529.01
2057.HK,HK,equity,2024-01-18,139.7,141.3,137.7,140.3,136.9,311320.0,43582712.35,0.0248356464572681,0.0248356464572681,0.024532254814012073,PASS,2026-05-29T14:16:23Z,D20260529.01
2057.HK,HK,equity,2024-01-19,139.6,140.6,136.6,136.8,140.3,132200.0,18225791.35,-0.024946543121881715,-0.024946543121881715,-0.0252629819199652,PASS,2026-05-29T14:16:23Z,D20260529.01
2057.HK,HK,equity,2024-01-22,136.6,136.6,129.4,131.3,136.8,113300.0,14861234.45,-0.04020467836257313,-0.04020467836257313,-0.04103522387969962,PASS,2026-05-29T14:16:23Z,D20260529.01
2057.HK,HK,equity,2024-01-23,131.8,134.4,129.5,132.8,131.3,234750.0,31101644.15,0.011424219345011366,0.011424219345011366,0.011359455733582916,PASS,2026-05-29T14:16:23Z,D20260529.01
2057.HK,HK,equity,2024-01-24,136.0,138.4,133.5,137.0,132.8,255890.0,34753056.85,0.031626506024096335,0.031626506024096335,0.03113668878579139,PASS,2026-05-29T14:16:23Z,D20260529.01
2057.HK,HK,equity,2024-01-25,137.0,137.2,133.1,136.6,137.0,319682.0,43285593.1,-0.0029197080291971655,-0.0029197080291971655,-0.002923978691435312,PASS,2026-05-29T14:16:23Z,D20260529.01
2057.HK,HK,equity,2024-01-26,135.5,136.3,132.8,133.0,136.6,254700.0,34331450.0,-0.026354319180087793,-0.026354319180087793,-0.026707818914935868,PASS,2026-05-29T14:16:23Z,D20260529.01
2057.HK,HK,equity,2024-01-29,133.0,135.1,132.1,133.4,133.0,145350.0,19473107.5,0.003007518796992459,0.003007518796992459,0.003003005259769556,PASS,2026-05-29T14:16:23Z,D20260529.01
2057.HK,HK,equity,2024-01-30,132.6,132.6,128.4,129.4,133.4,96800.0,12556440.0,-0.02998500749625188,-0.02998500749625188,-0.03044375141472316,PASS,2026-05-29T14:16:23Z,D20260529.01
2057.HK,HK,equity,2024-01-31,127.4,128.7,126.1,126.8,129.4,63298.0,8046499.5,-0.020092735703245768,-0.020092735703245768,-0.02029734006367466,PASS,2026-05-29T14:16:23Z,D20260529.01
2057.HK,HK,equity,2024-02-01,126.8,129.3,126.0,128.0,126.8,107650.0,13762710.0,0.009463722397476282,0.009463722397476282,0.009419221916491558,PASS,2026-05-29T14:16:23Z,D20260529.01
2057.HK,HK,equity,2024-02-02,129.5,130.2,125.8,126.7,128.0,151370.0,19277881.0,-0.010156249999999978,-0.010156249999999978,-0.010208176592523776,PASS,2026-05-29T14:16:23Z,D20260529.01
2057.HK,HK,equity,2024-02-05,126.1,127.7,124.1,126.1,126.7,169850.0,21402087.5,-0.0047355958958169575,-0.0047355958958169575,-0.004746844356219562,PASS,2026-05-29T14:16:23Z,D20260529.01
2057.HK,HK,equity,2024-02-06,128.1,135.1,128.0,134.4,126.1,336750.0,44782190.05,0.06582077716098333,0.06582077716098333,0.06374518511817528,PASS,2026-05-29T14:16:23Z,D20260529.01
2057.HK,HK,equity,2024-02-07,139.4,140.4,135.8,138.0,134.4,207950.0,28841652.5,0.02678571428571419,0.02678571428571419,0.02643325706815543,PASS,2026-05-29T14:16:23Z,D20260529.01
2057.HK,HK,equity,2024-02-08,138.0,138.8,136.6,138.5,138.0,151450.0,20903481.85,0.0036231884057971175,0.0036231884057971175,0.003616640470188515,PASS,2026-05-29T14:16:23Z,D20260529.01
2057.HK,HK,equity,2024-02-09,133.1,133.9,132.0,132.6,138.5,27200.0,3616115.0,-0.0425992779783394,-0.0425992779783394,-0.043533247875631106,PASS,2026-05-29T14:16:23Z,D20260529.01
2057.HK,HK,equity,2024-02-14,134.1,137.5,132.5,137.0,132.6,59600.0,8059495.0,0.03318250377073917,0.03318250377073917,0.032643848076362884,PASS,2026-05-29T14:16:23Z,D20260529.01
2057.HK,HK,equity,2024-02-15,137.7,140.7,137.0,140.2,137.0,137200.0,19138311.65,0.023357664233576658,0.023357664233576658,0.023089048772364815,PASS,2026-05-29T14:16:23Z,D20260529.01
2057.HK,HK,equity,2024-02-16,139.9,145.6,139.9,144.1,140.2,93276.0,13413836.15,0.02781740370898711,0.02781740370898711,0.027437528404986637,PASS,2026-05-29T14:16:23Z,D20260529.01
2057.HK,HK,equity,2024-02-19,142.5,142.7,138.0,142.0,144.1,160043.0,22692567.3,-0.014573213046495503,-0.014573213046495503,-0.014680445404215687,PASS,2026-05-29T14:16:23Z,D20260529.01
2057.HK,HK,equity,2024-02-20,142.0,144.7,142.0,144.3,142.0,94650.0,13599820.0,0.01619718309859164,0.01619718309859164,0.016067408178564543,PASS,2026-05-29T14:16:23Z,D20260529.01
2057.HK,HK,equity,2024-02-21,145.3,155.5,145.1,153.1,144.3,493984.0,75746998.7,0.06098406098406084,0.06098406098406084,0.05919683688381275,PASS,2026-05-29T14:16:23Z,D20260529.01
2057.HK,HK,equity,2024-02-22,149.8,153.6,149.3,150.4,153.1,337150.0,50710497.5,-0.017635532331809256,-0.017635532331809256,-0.0177928911478986,PASS,2026-05-29T14:16:23Z,D20260529.01
2057.HK,HK,equity,2024-02-23,150.4,151.2,148.1,148.9,150.4,150900.0,22473587.5,-0.009973404255319118,-0.009973404255319118,-0.010023471825776118,PASS,2026-05-29T14:16:23Z,D20260529.01
2057.HK,HK,equity,2024-02-26,149.9,152.0,149.1,150.1,148.9,201450.0,30270978.75,0.008059100067159042,0.008059100067159042,0.008026798949452844,PASS,2026-05-29T14:16:23Z,D20260529.01
2057.HK,HK,equity,2024-02-27,150.3,151.9,148.5,150.8,150.1,153250.0,23042397.5,0.004663557628247883,0.004663557628247883,0.004652716934439476,PASS,2026-05-29T14:16:23Z,D20260529.01
2057.HK,HK,equity,2024-02-28,150.0,150.5,148.1,148.9,150.8,167400.0,24988180.0,-0.01259946949602131,-0.01259946949602131,-0.012679515883892488,PASS,2026-05-29T14:16:23Z,D20260529.01
2057.HK,HK,equity,2024-02-29,149.6,152.0,149.4,150.7,148.9,73800.0,11122386.2,0.012088650100738674,0.012088650100738674,0.012016165942486398,PASS,2026-05-29T14:16:23Z,D20260529.01
2057.HK,HK,equity,2024-03-01,149.4,156.3,149.4,155.0,150.7,477620.0,73999447.9,0.02853351028533524,0.02853351028533524,0.02813401128679698,PASS,2026-05-29T14:16:23Z,D20260529.01
2057.HK,HK,equity,2024-03-04,160.9,174.5,160.9,165.4,155.0,2832150.0,472478061.9,0.06709677419354843,0.06709677419354843,0.06494166567034436,PASS,2026-05-29T14:16:23Z,D20260529.01
2057.HK,HK,equity,2024-03-05,163.0,163.9,158.6,158.9,165.4,1421923.0,228394399.4,-0.03929866989117292,-0.03929866989117292,-0.04009170904692065,PASS,2026-05-29T14:16:23Z,D20260529.01
2057.HK,HK,equity,2024-03-06,158.9,163.2,156.0,160.0,158.9,950050.0,152601586.4,0.006922592825676421,0.006922592825676421,0.006898741691156522,PASS,2026-05-29T14:16:23Z,D20260529.01
2057.HK,HK,equity,2024-03-07,160.0,164.7,159.0,160.0,160.0,1057417.0,171116799.25,0.0,0.0,0.0,PASS,2026-05-29T14:16:23Z,D20260529.01
2057.HK,HK,equity,2024-03-08,160.7,161.4,156.8,159.6,160.0,1053650.0,168610157.45,-0.0025000000000000577,-0.0025000000000000577,-0.0025031302181185884,PASS,2026-05-29T14:16:23Z,D20260529.01
2057.HK,HK,equity,2024-03-11,159.6,159.6,156.9,158.6,159.6,1174900.0,185989682.85,-0.006265664160400974,-0.006265664160400974,-0.006285375814960753,PASS,2026-05-29T14:16:23Z,D20260529.01
2057.HK,HK,equity,2024-03-12,158.6,171.0,157.1,167.4,158.6,3068725.0,510367910.9,0.05548549810844894,0.05548549810844894,0.054000848854627345,PASS,2026-05-29T14:16:23Z,D20260529.01
2057.HK,HK,equity,2024-03-13,167.4,177.7,165.7,172.5,167.4,3159588.0,543702767.1,0.03046594982078843,0.03046594982078843,0.030011078416039404,PASS,2026-05-29T14:16:23Z,D20260529.01
2057.HK,HK,equity,2024-03-14,172.5,182.9,169.5,173.9,172.5,2631100.0,464610050.35,0.008115942028985579,0.008115942028985579,0.00808318488882297,PASS,2026-05-29T14:16:23Z,D20260529.01
2057.HK,HK,equity,2024-03-15,171.2,172.5,168.2,169.8,173.9,2127725.0,363087134.5,-0.02357676825761934,-0.02357676825761934,-0.023859147482990426,PASS,2026-05-29T14:16:23Z,D20260529.01
2057.HK,HK,equity,2024-03-18,170.0,176.9,170.0,173.4,169.8,1679150.0,293422561.75,0.021201413427561766,0.021201413427561766,0.020979790469194466,PASS,2026-05-29T14:16:23Z,D20260529.01
2057.HK,HK,equity,2024-03-19,171.9,172.2,167.9,168.7,173.4,1614511.0,274958057.4,-0.027104959630911307,-0.027104959630911307,-0.027479074794518984,PASS,2026-05-29T14:16:23Z,D20260529.01
2057.HK,HK,equity,2024-03-20,171.2,181.0,171.2,180.2,168.7,2442868.0,436675602.4,0.06816834617664491,0.06816834617664491,0.0659453556223149,PASS,2026-05-29T14:16:23Z,D20260529.01
2057.HK,HK,equity,2024-03-21,178.4,179.8,174.9,176.2,180.2,1469100.0,260173890.35,-0.02219755826859049,-0.02219755826859049,-0.022447631672158443,PASS,2026-05-29T14:16:23Z,D20260529.01
2057.HK,HK,equity,2024-03-22,170.4,170.4,164.0,164.4,176.2,1942400.0,323079667.5,-0.06696935300794538,-0.06696935300794538,-0.06931723087999944,PASS,2026-05-29T14:16:23Z,D20260529.01
2057.HK,HK,equity,2024-03-25,165.0,170.7,164.2,166.9,164.4,1494450.0,252106332.3,0.015206812652068136,0.015206812652068136,0.01509234804570986,PASS,2026-05-29T14:16:23Z,D20260529.01
2057.HK,HK,equity,2024-03-26,166.7,168.1,163.8,166.0,166.9,950350.0,157776438.4,-0.005392450569203122,-0.005392450569203122,-0.005407042311246166,PASS,2026-05-29T14:16:23Z,D20260529.01
2057.HK,HK,equity,2024-03-27,166.0,167.5,161.4,165.0,166.0,1167750.0,192834480.9,-0.0060240963855421326,-0.0060240963855421326,-0.006042314455962586,PASS,2026-05-29T14:16:23Z,D20260529.01
2057.HK,HK,equity,2024-03-28,164.3,172.0,164.3,169.8,165.0,1189400.0,201398672.2,0.029090909090909056,0.029090909090909056,0.028675799976666298,PASS,2026-05-29T14:16:23Z,D20260529.01
2057.HK,HK,equity,2024-04-02,169.5,176.6,169.1,171.9,169.8,2373350.0,411571439.35,0.012367491166077604,0.012367491166077604,0.012291638511556497,PASS,2026-05-29T14:16:23Z,D20260529.01
2057.HK,HK,equity,2024-04-03,172.1,173.4,169.1,170.2,171.9,1175100.0,201229978.75,-0.009889470622455043,-0.009889470622455043,-0.00993869624952994,PASS,2026-05-29T14:16:23Z,D20260529.01
2057.HK,HK,equity,2024-04-05,168.8,168.8,163.8,165.5,170.2,526197.0,86907494.5,-0.02761457109283194,-0.02761457109283194,-0.02800302132215615,PASS,2026-05-29T14:16:23Z,D20260529.01
2057.HK,HK,equity,2024-04-08,164.4,167.6,162.3,165.5,165.5,1123950.0,185739085.25,0.0,0.0,0.0,PASS,2026-05-29T14:16:23Z,D20260529.01
2057.HK,HK,equity,2024-04-09,160.5,162.8,156.0,160.1,160.645,1602400.0,257764680.0,-0.0033925736873230417,-0.0033925736873230417,-0.0033983415143151413,PASS,2026-05-29T14:16:23Z,D20260529.01
2057.HK,HK,equity,2024-04-10,160.6,165.2,159.2,163.1,160.1,1708245.0,278915010.1,0.01873828856964388,0.01873828856964388,0.018564889624299093,PASS,2026-05-29T14:16:23Z,D20260529.01
2057.HK,HK,equity,2024-04-11,162.0,163.7,160.3,162.1,163.1,1071900.0,174062492.5,-0.006131207847946074,-0.006131207847946074,-0.006150080885337797,PASS,2026-05-29T14:16:23Z,D20260529.01
2057.HK,HK,equity,2024-04-12,159.8,160.5,156.6,157.0,162.1,1188759.0,187587099.75,-0.031462060456508345,-0.031462060456508345,-0.031967623393322375,PASS,2026-05-29T14:16:23Z,D20260529.01
2057.HK,HK,equity,2024-04-15,155.0,155.0,152.5,154.3,157.0,1407695.0,216856018.35,-0.017197452229299248,-0.017197452229299248,-0.017347045979192784,PASS,2026-05-29T14:16:23Z,D20260529.01
2057.HK,HK,equity,2024-04-16,153.3,156.0,151.7,152.3,154.3,1312395.0,201772214.1,-0.012961762799740817,-0.012961762799740817,-0.013046499467999082,PASS,2026-05-29T14:16:23Z,D20260529.01
2057.HK,HK,equity,2024-04-17,152.9,154.6,152.0,153.3,152.3,1117550.0,171462933.2,0.006565988181221227,0.006565988181221227,0.006544525976652268,PASS,2026-05-29T14:16:23Z,D20260529.01
2057.HK,HK,equity,2024-04-18,153.0,156.4,150.7,154.8,153.3,2141027.0,331397637.8,0.009784735812133016,0.009784735812133016,0.009737175277858244,PASS,2026-05-29T14:16:23Z,D20260529.01
2057.HK,HK,equity,2024-04-19,159.9,159.9,154.0,155.3,154.8,1599300.0,248847834.1,0.00322997416020665,0.00322997416020665,0.003224768999014576,PASS,2026-05-29T14:16:23Z,D20260529.01
2057.HK,HK,equity,2024-04-22,155.3,163.8,154.9,159.8,155.3,2359690.0,379715045.5,0.028976175144880933,0.028976175144880933,0.028564303177532963,PASS,2026-05-29T14:16:23Z,D20260529.01
2057.HK,HK,equity,2024-04-23,159.0,160.7,156.1,160.0,159.8,2315450.0,368452031.2,0.0012515644555692873,0.0012515644555692873,0.0012507819016524548,PASS,2026-05-29T14:16:23Z,D20260529.01
2057.HK,HK,equity,2024-04-24,159.9,165.5,158.3,164.1,160.0,3097195.0,506088060.0,0.02562500000000001,0.02562500000000001,0.0253021828622183,PASS,2026-05-29T14:16:23Z,D20260529.01
2057.HK,HK,equity,2024-04-25,164.1,171.6,163.4,166.7,164.1,2364450.0,396898232.8,0.015843997562461798,0.015843997562461798,0.015719791660702993,PASS,2026-05-29T14:16:23Z,D20260529.01
2057.HK,HK,equity,2024-04-26,166.7,172.7,164.3,171.0,166.7,2426850.0,414906539.1,0.025794841031793636,0.025794841031793636,0.02546776674591152,PASS,2026-05-29T14:16:23Z,D20260529.01
2057.HK,HK,equity,2024-04-29,171.0,171.2,167.7,168.5,171.0,1632344.0,276678426.4,-0.014619883040935644,-0.014619883040935644,-0.014727806710243398,PASS,2026-05-29T14:16:23Z,D20260529.01
2057.HK,HK,equity,2024-04-30,168.9,169.9,166.0,166.8,168.5,916892.0,153883687.4,-0.010089020771513302,-0.010089020771513302,-0.01014025986776998,PASS,2026-05-29T14:16:23Z,D20260529.01
2057.HK,HK,equity,2024-05-02,166.5,170.0,164.0,168.5,166.8,485751.0,81556893.95,0.010191846522781711,0.010191846522781711,0.01014025986776997,PASS,2026-05-29T14:16:23Z,D20260529.01
2057.HK,HK,equity,2024-05-03,168.5,172.6,168.5,170.0,168.5,423691.0,72131587.75,0.008902077151335286,0.008902077151335286,0.008862687257845324,PASS,2026-05-29T14:16:23Z,D20260529.01
2057.HK,HK,equity,2024-05-06,168.9,170.8,162.9,169.0,170.0,1863844.0,315105753.4,-0.00588235294117645,-0.00588235294117645,-0.005899722127188271,PASS,2026-05-29T14:16:23Z,D20260529.01
2057.HK,HK,equity,2024-05-07,169.0,169.0,163.0,164.1,169.0,1376850.0,226231153.95,-0.028994082840236746,-0.028994082840236746,-0.02942271682702832,PASS,2026-05-29T14:16:23Z,D20260529.01
2057.HK,HK,equity,2024-05-08,162.0,163.0,159.2,160.3,164.1,1411106.0,226948453.25,-0.023156611822059636,-0.023156611822059636,-0.02342893848053786,PASS,2026-05-29T14:16:23Z,D20260529.01
2057.HK,HK,equity,2024-05-09,160.3,166.8,159.6,164.9,160.3,1823480.0,300092119.0,0.028696194635059236,0.028696194635059236,0.028292169950045923,PASS,2026-05-29T14:16:23Z,D20260529.01
2057.HK,HK,equity,2024-05-10,164.9,170.0,163.3,165.0,164.9,1254900.0,208109627.5,0.0006064281382656134,0.0006064281382656134,0.0006062443350273895,PASS,2026-05-29T14:16:23Z,D20260529.01
2057.HK,HK,equity,2024-05-13,161.2,167.6,160.3,166.3,165.0,2823829.0,466579386.2,0.00787878787878804,0.00787878787878804,0.007847912298301542,PASS,2026-05-29T14:16:23Z,D20260529.01
2057.HK,HK,equity,2024-05-14,169.9,174.5,169.4,173.6,166.3,3444797.0,595541617.5,0.0438965724594107,0.0438965724594107,0.0429604160273678,PASS,2026-05-29T14:16:23Z,D20260529.01
2057.HK,HK,equity,2024-05-16,172.8,191.4,168.8,188.7,173.6,6808175.0,1255433807.1,0.08698156682027647,0.08698156682027647,0.08340465014825471,PASS,2026-05-29T14:16:23Z,D20260529.01
2057.HK,HK,equity,2024-05-17,188.3,195.9,181.1,186.9,188.7,4734540.0,900859783.15,-0.009538950715421213,-0.009538950715421213,-0.00958473791298729,PASS,2026-05-29T14:16:23Z,D20260529.01
2057.HK,HK,equity,2024-05-20,190.1,198.0,189.7,190.7,186.9,2262132.0,435561339.0,0.02033172819689666,0.02033172819689666,0.020127798144856157,PASS,2026-05-29T14:16:23Z,D20260529.01
2057.HK,HK,equity,2024-05-21,190.0,196.0,189.3,193.1,190.7,2669165.0,516796994.95,0.012585212375458843,0.012585212375458843,0.012506676828095382,PASS,2026-05-29T14:16:23Z,D20260529.01
2057.HK,HK,equity,2024-05-22,195.5,198.8,193.7,195.7,193.1,2059165.0,404814434.65,0.013464526152252798,0.013464526152252798,0.013374684967561867,PASS,2026-05-29T14:16:23Z,D20260529.01
2057.HK,HK,equity,2024-05-23,194.8,197.0,192.4,192.6,195.7,2142963.0,417804466.5,-0.015840572304547718,-0.015840572304547718,-0.015967375038005306,PASS,2026-05-29T14:16:23Z,D20260529.01
2057.HK,HK,equity,2024-05-24,190.2,193.9,188.8,190.9,192.6,2031380.0,387038238.1,-0.008826583592938642,-0.008826583592938642,-0.008865768632323159,PASS,2026-05-29T14:16:23Z,D20260529.01
2057.HK,HK,equity,2024-05-27,186.2,193.0,184.4,191.8,190.9,1522509.0,288433342.45,0.004714510214772094,0.004714510214772094,0.004703431717635878,PASS,2026-05-29T14:16:23Z,D20260529.01
2057.HK,HK,equity,2024-05-28,192.2,194.0,189.2,190.2,191.8,1403558.0,269259466.65,-0.008342022940563187,-0.008342022940563187,-0.008377012338048016,PASS,2026-05-29T14:16:23Z,D20260529.01
2057.HK,HK,equity,2024-05-29,191.0,191.7,187.7,188.2,190.2,730105.0,138271510.0,-0.01051524710830709,-0.01051524710830709,-0.010570922960010717,PASS,2026-05-29T14:16:23Z,D20260529.01
2057.HK,HK,equity,2024-05-30,188.0,189.2,184.2,184.9,188.2,1183800.0,220227495.65,-0.017534537725823474,-0.017534537725823474,-0.017690088758199978,PASS,2026-05-29T14:16:23Z,D20260529.01
2057.HK,HK,equity,2024-05-31,185.1,186.9,179.3,179.8,184.9,1018447.0,186233865.15,-0.02758247701460248,-0.02758247701460248,-0.027970016355559256,PASS,2026-05-29T14:16:23Z,D20260529.01
2057.HK,HK,equity,2024-06-03,177.6,185.6,177.6,182.3,179.8,1654019.0,303591958.95,0.013904338153503781,0.013904338153503781,0.013808559647097344,PASS,2026-05-29T14:16:23Z,D20260529.01
2057.HK,HK,equity,2024-06-04,182.3,186.3,180.1,184.3,182.3,1393113.0,257388158.15,0.010970927043335132,0.010970927043335132,0.010911182991160215,PASS,2026-05-29T14:16:23Z,D20260529.01
2057.HK,HK,equity,2024-06-05,184.1,188.0,182.4,183.9,184.3,1272963.0,235628550.7,-0.0021703743895822303,-0.0021703743895822303,-0.0021727330655022187,PASS,2026-05-29T14:16:23Z,D20260529.01
2057.HK,HK,equity,2024-06-06,183.1,187.8,183.1,183.7,183.9,953963.0,176696184.9,-0.0010875475802066825,-0.0010875475802066825,-0.001088139389195488,PASS,2026-05-29T14:16:23Z,D20260529.01
2057.HK,HK,equity,2024-06-07,185.1,191.1,184.5,187.9,183.7,1070533.0,201635210.5,0.02286336418072965,0.02286336418072965,0.02260591419833986,PASS,2026-05-29T14:16:23Z,D20260529.01
2057.HK,HK,equity,2024-06-11,186.8,186.8,181.0,182.3,187.9,950750.0,174053223.8,-0.02980308674827037,-0.02980308674827037,-0.03025622473480229,PASS,2026-05-29T14:16:23Z,D20260529.01
2057.HK,HK,equity,2024-06-12,179.0,182.2,176.7,176.9,182.3,1080250.0,192279274.45,-0.029621503017004946,-0.029621503017004946,-0.030069080518877772,PASS,2026-05-29T14:16:23Z,D20260529.01
2057.HK,HK,equity,2024-06-13,175.5,176.1,173.1,175.7,176.9,1939659.0,338565665.85,-0.006783493499152193,-0.006783493499152193,-0.006806605972688216,PASS,2026-05-29T14:16:23Z,D20260529.01
2057.HK,HK,equity,2024-06-14,176.8,178.5,173.9,176.6,175.7,697500.0,123516064.0,0.00512236767216856,0.00512236767216856,0.005109292976808222,PASS,2026-05-29T14:16:23Z,D20260529.01
2057.HK,HK,equity,2024-06-17,176.6,177.3,173.5,175.2,176.6,588905.0,102763142.0,-0.007927519818799578,-0.007927519818799578,-0.007959109667568605,PASS,2026-05-29T14:16:23Z,D20260529.01
2057.HK,HK,equity,2024-06-18,176.3,176.3,172.2,173.6,175.2,600284.0,104265811.6,-0.0091324200913242,-0.0091324200913242,-0.00917437627604127,PASS,2026-05-29T14:16:23Z,D20260529.01
2057.HK,HK,equity,2024-06-19,172.3,173.5,165.1,173.2,173.6,1158599.0,198237534.2,-0.0023041474654378336,-0.0023041474654378336,-0.0023068060979150595,PASS,2026-05-29T14:16:23Z,D20260529.01
2057.HK,HK,equity,2024-06-20,175.0,175.0,165.3,169.0,173.2,2454611.0,412334947.0,-0.024249422632794393,-0.024249422632794393,-0.024548281205261244,PASS,2026-05-29T14:16:23Z,D20260529.01
2057.HK,HK,equity,2024-06-21,165.2,168.3,163.2,165.7,169.0,1069868.0,177530542.3,-0.019526627218934944,-0.019526627218934944,-0.019719790490556277,PASS,2026-05-29T14:16:23Z,D20260529.01
2057.HK,HK,equity,2024-06-24,167.1,167.1,162.2,165.6,165.7,713407.0,116964589.55,-0.0006035003017501595,-0.0006035003017501595,-0.0006036824813579186,PASS,2026-05-29T14:16:23Z,D20260529.01
2057.HK,HK,equity,2024-06-25,172.1,173.7,169.6,170.5,165.6,1342118.0,230594091.05,0.02958937198067635,0.02958937198067635,0.029160054772412184,PASS,2026-05-29T14:16:23Z,D20260529.01
2057.HK,HK,equity,2024-06-26,169.2,172.0,168.4,169.5,170.5,411326.0,69897983.16,-0.0058651026392961825,-0.0058651026392961825,-0.0058823699030665245,PASS,2026-05-29T14:16:23Z,D20260529.01
2057.HK,HK,equity,2024-06-27,166.2,167.4,162.2,165.2,169.5,1553721.0,257359067.1,-0.025368731563421898,-0.025368731563421898,-0.02569606573362733,PASS,2026-05-29T14:16:23Z,D20260529.01
2057.HK,HK,equity,2024-06-28,164.0,166.0,162.5,164.2,165.2,825000.0,135706106.45,-0.006053268765133124,-0.006053268765133124,-0.006071664068549795,PASS,2026-05-29T14:16:23Z,D20260529.01
2057.HK,HK,equity,2024-07-02,162.0,164.2,159.6,161.1,164.2,1252547.0,202972691.75,-0.01887941534713755,-0.01887941534713755,-0.019059906835399064,PASS,2026-05-29T14:16:23Z,D20260529.01
2057.HK,HK,equity,2024-07-03,159.8,163.4,159.8,161.9,161.1,750150.0,121319874.25,0.004965859714463061,0.004965859714463061,0.004953570500660746,PASS,2026-05-29T14:16:23Z,D20260529.01
2057.HK,HK,equity,2024-07-04,162.9,163.7,157.1,157.4,161.9,1787005.0,283144315.3,-0.0277949351451513,-0.0277949351451513,-0.028188524700286564,PASS,2026-05-29T14:16:23Z,D20260529.01
2057.HK,HK,equity,2024-07-05,157.4,160.7,157.0,157.5,157.4,874755.0,138053894.65,0.0006353240152476847,0.0006353240152476847,0.0006351222823848089,PASS,2026-05-29T14:16:23Z,D20260529.01
2057.HK,HK,equity,2024-07-08,155.1,157.4,151.6,154.8,157.5,1002752.0,154222929.25,-0.017142857142857015,-0.017142857142857015,-0.017291497110060883,PASS,2026-05-29T14:16:23Z,D20260529.01
2057.HK,HK,equity,2024-07-09,155.7,159.3,155.0,158.5,154.8,956800.0,150451798.8,0.02390180878552961,0.02390180878552961,0.02362063216170846,PASS,2026-05-29T14:16:23Z,D20260529.01
2057.HK,HK,equity,2024-07-10,158.7,159.6,156.4,156.4,158.5,496250.0,78294042.45,-0.013249211356466839,-0.013249211356466839,-0.01333776520612456,PASS,2026-05-29T14:16:23Z,D20260529.01
2057.HK,HK,equity,2024-07-11,156.4,158.6,154.8,157.9,156.4,574150.0,90181287.5,0.009590792838874762,0.009590792838874762,0.009545093150385781,PASS,2026-05-29T14:16:23Z,D20260529.01
2057.HK,HK,equity,2024-07-12,156.2,161.8,156.2,160.0,157.9,914110.0,146238109.75,0.013299556681444002,0.013299556681444002,0.013211893972230566,PASS,2026-05-29T14:16:23Z,D20260529.01
2057.HK,HK,equity,2024-07-15,158.1,161.2,157.7,158.9,160.0,424479.0,67721169.55,-0.0068749999999999645,-0.0068749999999999645,-0.00689874169115659,PASS,2026-05-29T14:16:23Z,D20260529.01
2057.HK,HK,equity,2024-07-16,156.9,156.9,153.8,154.2,158.9,508549.0,78537142.8,-0.029578351164254335,-0.029578351164254335,-0.03002461241344127,PASS,2026-05-29T14:16:23Z,D20260529.01
2057.HK,HK,equity,2024-07-17,155.7,158.1,155.7,157.0,154.2,488850.0,76948542.5,0.0181582360570689,0.0181582360570689,0.0179953442190791,PASS,2026-05-29T14:16:23Z,D20260529.01
2057.HK,HK,equity,2024-07-18,158.5,158.5,155.0,157.2,157.0,478938.0,75128050.6,0.001273885350318471,0.001273885350318471,0.0012730746467981126,PASS,2026-05-29T14:16:23Z,D20260529.01
2057.HK,HK,equity,2024-07-19,154.5,155.3,150.3,153.0,157.2,1239257.0,188929972.1,-0.026717557251908275,-0.026717557251908275,-0.027080958602670582,PASS,2026-05-29T14:16:23Z,D20260529.01
2057.HK,HK,equity,2024-07-22,153.0,158.2,153.0,157.7,153.0,658050.0,103032365.7,0.030718954248365904,0.030718954248365904,0.03025657257655713,PASS,2026-05-29T14:16:23Z,D20260529.01
2057.HK,HK,equity,2024-07-23,158.3,161.2,156.8,157.4,157.7,698900.0,110687071.3,-0.0019023462270132407,-0.0019023462270132407,-0.0019041579856897712,PASS,2026-05-29T14:16:23Z,D20260529.01
2057.HK,HK,equity,2024-07-24,150.2,152.2,149.0,151.0,157.4,1382887.0,208881983.45,-0.0406607369758577,-0.0406607369758577,-0.04151049916837854,PASS,2026-05-29T14:16:23Z,D20260529.01
2057.HK,HK,equity,2024-07-25,151.0,152.1,149.3,151.0,151.0,645770.0,97260456.8,0.0,0.0,0.0,PASS,2026-05-29T14:16:23Z,D20260529.01
2057.HK,HK,equity,2024-07-26,147.5,150.0,146.4,148.5,151.0,1379050.0,204234194.8,-0.01655629139072845,-0.01655629139072845,-0.016694878572169992,PASS,2026-05-29T14:16:23Z,D20260529.01
2057.HK,HK,equity,2024-07-29,148.5,151.4,148.5,149.1,148.5,689577.0,103392125.0,0.004040404040404066,0.004040404040404066,0.004032263527938451,PASS,2026-05-29T14:16:23Z,D20260529.01
2057.HK,HK,equity,2024-07-30,149.1,149.1,144.8,146.0,149.1,1136524.0,165841152.25,-0.020791415157612292,-0.020791415157612292,-0.021010600062356246,PASS,2026-05-29T14:16:23Z,D20260529.01
2057.HK,HK,equity,2024-07-31,145.9,149.7,143.6,149.2,146.0,1084320.0,160903975.0,0.021917808219177992,0.021917808219177992,0.021681066061323948,PASS,2026-05-29T14:16:23Z,D20260529.01
2057.HK,HK,equity,2024-08-01,148.9,152.6,148.7,150.6,149.2,972300.0,146599959.2,0.009383378016085908,0.009383378016085908,0.009339627596132842,PASS,2026-05-29T14:16:23Z,D20260529.01
2057.HK,HK,equity,2024-08-02,145.1,147.6,143.8,144.2,150.6,1122250.0,162844875.7,-0.04249667994687922,-0.04249667994687922,-0.04342609051494458,PASS,2026-05-29T14:16:23Z,D20260529.01
2057.HK,HK,equity,2024-08-05,144.0,154.3,141.7,146.7,144.2,1916850.0,282674565.3,0.01733703190013869,0.01733703190013869,0.017188460298087325,PASS,2026-05-29T14:16:23Z,D20260529.01
2057.HK,HK,equity,2024-08-06,148.8,155.4,148.8,153.3,146.7,948400.0,145671350.85,0.044989775051125,0.044989775051125,0.044007100728832654,PASS,2026-05-29T14:16:23Z,D20260529.01
2057.HK,HK,equity,2024-08-07,153.8,156.3,150.7,155.1,153.3,1184053.0,183249076.5,0.011741682974559575,0.011741682974559575,0.011673284304724587,PASS,2026-05-29T14:16:23Z,D20260529.01
2057.HK,HK,equity,2024-08-08,155.1,157.3,151.9,154.7,155.1,857373.0,133379097.6,-0.0025789813023855412,-0.0025789813023855412,-0.0025823126034726844,PASS,2026-05-29T14:16:23Z,D20260529.01
2057.HK,HK,equity,2024-08-09,155.9,159.7,155.3,156.0,154.7,465084.0,72989507.15,0.008403361344537785,0.008403361344537785,0.00836824967051658,PASS,2026-05-29T14:16:23Z,D20260529.01
2057.HK,HK,equity,2024-08-12,155.9,155.9,154.0,155.4,156.0,528850.0,82019719.9,-0.0038461538461538325,-0.0038461538461538325,-0.0038535693159899662,PASS,2026-05-29T14:16:23Z,D20260529.01
2057.HK,HK,equity,2024-08-13,155.4,156.9,151.7,155.7,155.4,733168.0,113429853.35,0.0019305019305018156,0.0019305019305018156,0.0019286409064054647,PASS,2026-05-29T14:16:23Z,D20260529.01
2057.HK,HK,equity,2024-08-14,155.2,155.4,152.3,152.9,155.7,242500.0,37173515.25,-0.017983301220295345,-0.017983301220295345,-0.018146965904935933,PASS,2026-05-29T14:16:23Z,D20260529.01
2057.HK,HK,equity,2024-08-15,153.1,155.0,150.6,152.6,152.9,431173.0,66073427.0,-0.0019620667102682177,-0.0019620667102682177,-0.001963994084660055,PASS,2026-05-29T14:16:23Z,D20260529.01
2057.HK,HK,equity,2024-08-16,152.6,154.9,152.1,153.9,152.6,505150.0,77769348.85,0.008519003931848124,0.008519003931848124,0.008482921994477064,PASS,2026-05-29T14:16:23Z,D20260529.01
2057.HK,HK,equity,2024-08-19,153.9,156.1,152.5,155.2,153.9,464557.0,72065604.35,0.008447043534762777,0.008447043534762777,0.00841156690428478,PASS,2026-05-29T14:16:23Z,D20260529.01
2057.HK,HK,equity,2024-08-20,157.2,162.0,156.7,158.7,155.2,894450.0,141649176.5,0.022551546391752497,0.022551546391752497,0.022301019783244936,PASS,2026-05-29T14:16:23Z,D20260529.01
2057.HK,HK,equity,2024-08-21,157.0,166.0,152.0,161.2,158.7,1228630.0,198746100.5,0.015752993068683052,0.015752993068683052,0.01563020254016453,PASS,2026-05-29T14:16:23Z,D20260529.01
2057.HK,HK,equity,2024-08-22,161.9,165.9,161.9,165.5,161.2,1258424.0,206305777.1,0.02667493796526066,0.02667493796526066,0.026325364744589786,PASS,2026-05-29T14:16:23Z,D20260529.01
2057.HK,HK,equity,2024-08-23,165.3,165.3,160.7,161.5,165.5,847650.0,137216242.0,-0.024169184290030232,-0.024169184290030232,-0.024466052154406382,PASS,2026-05-29T14:16:23Z,D20260529.01
2057.HK,HK,equity,2024-08-26,161.0,161.0,157.3,159.3,161.5,798000.0,126338159.5,-0.013622291021671784,-0.013622291021671784,-0.013715925746708347,PASS,2026-05-29T14:16:23Z,D20260529.01
2057.HK,HK,equity,2024-08-27,160.3,163.1,159.6,161.2,159.3,568600.0,91719615.0,0.011927181418706745,0.011927181418706745,0.011856613156524979,PASS,2026-05-29T14:16:23Z,D20260529.01
2057.HK,HK,equity,2024-08-28,162.1,163.8,160.8,161.2,161.2,454011.0,73764085.7,0.0,0.0,0.0,PASS,2026-05-29T14:16:23Z,D20260529.01
2057.HK,HK,equity,2024-08-29,161.2,165.4,159.7,164.4,161.2,872874.0,142931460.3,0.01985111662531036,0.01985111662531036,0.019656652549551807,PASS,2026-05-29T14:16:23Z,D20260529.01
2057.HK,HK,equity,2024-08-30,165.5,171.4,164.3,171.2,164.4,3647993.0,619865904.3,0.04136253041362514,0.04136253041362514,0.04052998108556203,PASS,2026-05-29T14:16:23Z,D20260529.01
2057.HK,HK,equity,2024-09-02,168.7,174.4,166.4,172.1,171.2,2394303.0,408729019.4,0.005257009345794428,0.005257009345794428,0.005243239509852043,PASS,2026-05-29T14:16:23Z,D20260529.01
2057.HK,HK,equity,2024-09-03,171.5,179.1,171.5,175.1,172.1,2442346.0,431474051.93,0.01743172574084828,0.01743172574084828,0.01728153607431237,PASS,2026-05-29T14:16:23Z,D20260529.01
2057.HK,HK,equity,2024-09-04,173.8,175.1,171.0,174.1,175.1,1355860.0,234873317.6,-0.00571102227298681,-0.00571102227298681,-0.005727392517662754,PASS,2026-05-29T14:16:23Z,D20260529.01
2057.HK,HK,equity,2024-09-05,170.5,171.5,166.5,169.0,174.1,1425840.0,240887246.6,-0.029293509477311908,-0.029293509477311908,-0.029731131851069903,PASS,2026-05-29T14:16:23Z,D20260529.01
2057.HK,HK,equity,2024-09-09,166.0,169.8,164.0,167.6,166.273,1173778.0,196227947.315,0.0079808507695176,0.0079808507695176,0.007949172216264089,PASS,2026-05-29T14:16:23Z,D20260529.01
2057.HK,HK,equity,2024-09-10,167.6,171.1,167.6,169.5,167.6,510650.0,86515394.25,0.011336515513126422,0.011336515513126422,0.011272738772522215,PASS,2026-05-29T14:16:23Z,D20260529.01
2057.HK,HK,equity,2024-09-11,168.2,171.2,167.4,170.7,169.5,587750.0,99418535.0,0.007079646017698948,0.007079646017698948,0.007054702979889812,PASS,2026-05-29T14:16:23Z,D20260529.01
2057.HK,HK,equity,2024-09-12,171.9,171.9,167.7,168.6,170.7,481750.0,81395418.1,-0.012302284710017597,-0.012302284710017597,-0.012378584232639869,PASS,2026-05-29T14:16:23Z,D20260529.01
2057.HK,HK,equity,2024-09-13,169.7,173.2,169.7,172.0,168.6,601900.0,103527437.5,0.02016607354685651,0.02016607354685651,0.019965431245698006,PASS,2026-05-29T14:16:23Z,D20260529.01
2057.HK,HK,equity,2024-09-16,170.8,173.5,169.3,173.0,172.0,203760.0,35149804.0,0.005813953488372103,0.005813953488372103,0.005797117684325915,PASS,2026-05-29T14:16:23Z,D20260529.01
2057.HK,HK,equity,2024-09-17,174.4,174.4,170.2,173.0,173.0,203740.0,35143039.0,0.0,0.0,0.0,PASS,2026-05-29T14:16:23Z,D20260529.01
2057.HK,HK,equity,2024-09-19,173.0,175.8,170.3,174.9,173.0,1007746.0,175538824.45,0.01098265895953765,0.01098265895953765,0.010922787526777515,PASS,2026-05-29T14:16:23Z,D20260529.01
2057.HK,HK,equity,2024-09-20,176.0,177.4,171.0,173.2,174.9,1403217.0,242922449.05,-0.009719839908519212,-0.009719839908519212,-0.009767385896221663,PASS,2026-05-29T14:16:23Z,D20260529.01
2057.HK,HK,equity,2024-09-23,168.6,172.3,167.6,168.6,173.2,883300.0,149599514.65,-0.026558891454965372,-0.026558891454965372,-0.026917950560579714,PASS,2026-05-29T14:16:23Z,D20260529.01
2057.HK,HK,equity,2024-09-24,168.8,177.0,166.8,176.0,168.6,1565040.0,272430975.4,0.043890865954922864,0.043890865954922864,0.04295494947039667,PASS,2026-05-29T14:16:23Z,D20260529.01
2057.HK,HK,equity,2024-09-25,176.2,180.4,167.0,168.7,176.0,2038494.0,351324245.2,-0.04147727272727275,-0.04147727272727275,-0.04236200548622919,PASS,2026-05-29T14:16:23Z,D20260529.01
2057.HK,HK,equity,2024-09-26,172.3,184.2,171.8,182.4,168.7,2270689.0,407341268.1,0.08120924718435107,0.08120924718435107,0.07808008808830855,PASS,2026-05-29T14:16:23Z,D20260529.01
2057.HK,HK,equity,2024-09-27,184.6,190.3,180.2,188.7,182.4,3337063.0,620593032.9,0.0345394736842104,0.0345394736842104,0.0339563747342734,PASS,2026-05-29T14:16:23Z,D20260529.01
2057.HK,HK,equity,2024-09-30,192.5,204.2,190.2,195.9,188.7,2371667.0,465349592.5,0.038155802861685295,0.038155802861685295,0.037445872575990614,PASS,2026-05-29T14:16:23Z,D20260529.01
2057.HK,HK,equity,2024-10-02,197.9,212.6,197.9,211.4,195.9,1607485.0,336943066.5,0.07912200102092903,0.07912200102092903,0.07614774848564218,PASS,2026-05-29T14:16:23Z,D20260529.01
2057.HK,HK,equity,2024-10-03,210.2,211.6,200.4,210.0,211.4,1306384.0,272046888.6,-0.0066225165562914245,-0.0066225165562914245,-0.006644542718668613,PASS,2026-05-29T14:16:23Z,D20260529.01
2057.HK,HK,equity,2024-10-04,207.0,219.0,205.0,215.4,210.0,1295038.0,276469945.25,0.0257142857142858,0.0257142857142858,0.025389234004819593,PASS,2026-05-29T14:16:23Z,D20260529.01
2057.HK,HK,equity,2024-10-07,214.8,214.8,207.6,211.2,215.4,899590.0,189882275.5,-0.01949860724233987,-0.01949860724233987,-0.01969121289018182,PASS,2026-05-29T14:16:23Z,D20260529.01
2057.HK,HK,equity,2024-10-08,198.6,211.2,188.2,195.4,211.2,2677288.0,530991422.0,-0.07481060606060597,-0.07481060606060597,-0.07775681222342394,PASS,2026-05-29T14:16:23Z,D20260529.01
2057.HK,HK,equity,2024-10-09,199.8,205.6,191.3,198.2,195.4,1699937.0,337100507.9,0.014329580348003912,0.014329580348003912,0.01422788228720507,PASS,2026-05-29T14:16:23Z,D20260529.01
2057.HK,HK,equity,2024-10-10,200.0,205.6,196.5,204.6,198.2,2090769.0,424823736.9,0.03229061553985879,0.03229061553985879,0.03178023162163855,PASS,2026-05-29T14:16:23Z,D20260529.01
2057.HK,HK,equity,2024-10-14,203.0,205.4,193.9,202.6,204.6,1881300.0,377276430.45,-0.009775171065493637,-0.009775171065493637,-0.009823261702943092,PASS,2026-05-29T14:16:23Z,D20260529.01
2057.HK,HK,equity,2024-10-15,199.6,202.4,190.0,195.2,202.6,2151737.0,420274568.95,-0.036525172754195534,-0.036525172754195534,-0.03720891783559097,PASS,2026-05-29T14:16:23Z,D20260529.01
2057.HK,HK,equity,2024-10-16,193.9,197.5,191.3,196.2,195.2,972520.0,189711450.2,0.0051229508196721785,0.0051229508196721785,0.005109873152270644,PASS,2026-05-29T14:16:23Z,D20260529.01
2057.HK,HK,equity,2024-10-17,196.9,200.8,191.5,192.7,196.2,742946.0,144870055.5,-0.01783893985728846,-0.01783893985728846,-0.017999971710941982,PASS,2026-05-29T14:16:23Z,D20260529.01
2057.HK,HK,equity,2024-10-18,192.7,200.4,191.4,198.9,192.7,1718804.0,338766546.6,0.03217436429683462,0.03217436429683462,0.03166761043960597,PASS,2026-05-29T14:16:23Z,D20260529.01
2057.HK,HK,equity,2024-10-21,195.2,196.5,191.7,194.7,198.9,1206980.0,234283822.75,-0.021116138763197623,-0.021116138763197623,-0.02134227348177255,PASS,2026-05-29T14:16:23Z,D20260529.01
2057.HK,HK,equity,2024-10-22,194.9,196.9,191.3,194.0,194.7,1010877.0,195666024.5,-0.0035952747817153963,-0.0035952747817153963,-0.003601753314825807,PASS,2026-05-29T14:16:23Z,D20260529.01
2057.HK,HK,equity,2024-10-23,192.7,198.9,192.2,195.5,194.0,1176857.0,230360137.3,0.0077319587628865705,0.0077319587628865705,0.007702220362092303,PASS,2026-05-29T14:16:23Z,D20260529.01
2057.HK,HK,equity,2024-10-24,193.8,195.0,191.6,192.8,195.5,547322.0,105317357.45,-0.013810741687979466,-0.013810741687979466,-0.013906997248975147,PASS,2026-05-29T14:16:23Z,D20260529.01
2057.HK,HK,equity,2024-10-25,189.4,194.0,181.7,184.2,192.8,3057500.0,574201815.0,-0.04460580912863077,-0.04460580912863077,-0.04563125835523884,PASS,2026-05-29T14:16:23Z,D20260529.01
2057.HK,HK,equity,2024-10-28,186.0,191.8,180.1,188.2,184.2,5116203.0,943572116.63,0.021715526601520097,0.021715526601520097,0.0214831033300728,PASS,2026-05-29T14:16:23Z,D20260529.01
2057.HK,HK,equity,2024-10-29,188.1,192.5,183.5,185.4,188.2,1887950.0,351395542.5,-0.014877789585547196,-0.014877789585547196,-0.014989574019524386,PASS,2026-05-29T14:16:23Z,D20260529.01
2057.HK,HK,equity,2024-10-30,184.0,184.9,177.0,180.6,185.4,1765064.0,317690134.4,-0.02588996763754048,-0.02588996763754048,-0.02623101214886976,PASS,2026-05-29T14:16:23Z,D20260529.01
2057.HK,HK,equity,2024-10-31,180.6,183.6,178.7,179.7,180.6,1398502.0,251524608.8,-0.004983388704318914,-0.004983388704318914,-0.004995847193371666,PASS,2026-05-29T14:16:23Z,D20260529.01
2057.HK,HK,equity,2024-11-01,179.7,183.2,178.6,181.7,179.7,939626.0,170609360.35,0.01112966054535347,0.01112966054535347,0.011068181612612247,PASS,2026-05-29T14:16:23Z,D20260529.01
2057.HK,HK,equity,2024-11-04,181.6,184.9,167.1,174.6,181.7,3652604.0,632198606.55,-0.03907539900935608,-0.03907539900935608,-0.03985933199662367,PASS,2026-05-29T14:16:23Z,D20260529.01
2057.HK,HK,equity,2024-11-05,172.2,180.0,169.0,179.3,174.6,2538417.0,443088460.5,0.026918671248568282,0.026918671248568282,0.026562737205585486,PASS,2026-05-29T14:16:23Z,D20260529.01
2057.HK,HK,equity,2024-11-06,179.3,179.8,171.7,175.3,179.3,1992150.0,347916282.6,-0.02230897936419407,-0.02230897936419407,-0.022561588683898362,PASS,2026-05-29T14:16:23Z,D20260529.01
2057.HK,HK,equity,2024-11-07,175.0,177.9,173.4,176.8,175.3,1450861.0,255516623.3,0.00855675984027382,0.00855675984027382,0.008520358276354249,PASS,2026-05-29T14:16:23Z,D20260529.01
2057.HK,HK,equity,2024-11-08,177.7,178.0,171.0,174.1,176.8,1096470.0,189912521.2,-0.01527149321266974,-0.01527149321266974,-0.01538930342939976,PASS,2026-05-29T14:16:23Z,D20260529.01
2057.HK,HK,equity,2024-11-11,169.1,173.7,167.3,171.2,174.1,1142226.0,193415751.4,-0.016657093624353858,-0.016657093624353858,-0.01679738306650167,PASS,2026-05-29T14:16:23Z,D20260529.01
2057.HK,HK,equity,2024-11-12,168.0,171.9,166.3,168.2,171.2,1422667.0,240240699.45,-0.017523364485981352,-0.017523364485981352,-0.01767871616879409,PASS,2026-05-29T14:16:23Z,D20260529.01
2057.HK,HK,equity,2024-11-13,166.0,167.8,162.1,167.0,168.2,2490295.0,409813463.83,-0.007134363852556391,-0.007134363852556391,-0.007159935122092483,PASS,2026-05-29T14:16:23Z,D20260529.01
2057.HK,HK,equity,2024-11-14,163.5,165.4,161.1,162.7,167.0,1399300.0,228611623.6,-0.02574850299401199,-0.02574850299401199,-0.02608579819176301,PASS,2026-05-29T14:16:23Z,D20260529.01
2057.HK,HK,equity,2024-11-15,162.0,165.2,161.0,163.8,162.7,1049816.0,171707377.25,0.006760909649662139,0.006760909649662139,0.006738157193977118,PASS,2026-05-29T14:16:23Z,D20260529.01
2057.HK,HK,equity,2024-11-18,164.3,167.9,162.6,163.7,163.8,1076980.0,177155474.85,-0.0006105006105007194,-0.0006105006105007194,-0.000610687041879939,PASS,2026-05-29T14:16:23Z,D20260529.01
2057.HK,HK,equity,2024-11-19,164.7,166.3,162.5,165.7,163.7,974850.0,160464253.95,0.01221747098350634,0.01221747098350634,0.012143440055427935,PASS,2026-05-29T14:16:23Z,D20260529.01
2057.HK,HK,equity,2024-11-20,162.0,165.8,156.0,161.6,165.7,4662543.0,745964531.1,-0.024743512371756204,-0.024743512371756204,-0.025054778345522243,PASS,2026-05-29T14:16:23Z,D20260529.01
2057.HK,HK,equity,2024-11-21,161.4,161.4,154.4,156.8,161.6,2629057.0,410556344.35,-0.02970297029702962,-0.02970297029702962,-0.030153038170687443,PASS,2026-05-29T14:16:23Z,D20260529.01
2057.HK,HK,equity,2024-11-22,156.8,156.8,150.6,151.9,156.8,2593364.0,396757842.1,-0.03125,-0.03125,-0.0317486983145803,PASS,2026-05-29T14:16:23Z,D20260529.01
2057.HK,HK,equity,2024-11-25,151.9,154.9,148.9,150.1,151.9,2459633.0,369691117.75,-0.01184990125082297,-0.01184990125082297,-0.011920670962310963,PASS,2026-05-29T14:16:23Z,D20260529.01
2057.HK,HK,equity,2024-11-26,148.9,150.6,147.2,148.8,150.1,1910769.0,285119293.7,-0.008660892738174386,-0.008660892738174386,-0.008698616240424614,PASS,2026-05-29T14:16:23Z,D20260529.01
2057.HK,HK,equity,2024-11-27,147.7,151.7,145.8,150.5,148.8,1923724.0,286389180.7,0.011424731182795522,0.011424731182795522,0.011359961789938753,PASS,2026-05-29T14:16:23Z,D20260529.01
2057.HK,HK,equity,2024-11-28,150.8,150.9,146.2,147.8,150.5,1126274.0,166060188.2,-0.017940199335548135,-0.017940199335548135,-0.01810307567482898,PASS,2026-05-29T14:16:23Z,D20260529.01
2057.HK,HK,equity,2024-11-29,147.5,149.7,146.0,147.5,147.8,1145583.0,169335085.1,-0.002029769959404626,-0.002029769959404626,-0.0020318327342269088,PASS,2026-05-29T14:16:23Z,D20260529.01
2057.HK,HK,equity,2024-12-02,148.6,149.4,146.4,148.8,147.5,996400.0,147611694.8,0.008813559322033981,0.008813559322033981,0.008774946619117057,PASS,2026-05-29T14:16:23Z,D20260529.01
2057.HK,HK,equity,2024-12-03,149.0,150.4,147.3,149.8,148.8,1140527.0,169799730.75,0.006720430107526987,0.006720430107526987,0.006697948684127718,PASS,2026-05-29T14:16:23Z,D20260529.01
2057.HK,HK,equity,2024-12-04,149.8,149.8,146.3,148.4,149.8,1186892.0,175208046.6,-0.009345794392523366,-0.009345794392523366,-0.009389740349839032,PASS,2026-05-29T14:16:23Z,D20260529.01
2057.HK,HK,equity,2024-12-05,146.6,146.6,144.2,145.6,148.4,1266736.0,183936854.9,-0.018867924528301994,-0.018867924528301994,-0.019048194970694588,PASS,2026-05-29T14:16:23Z,D20260529.01
2057.HK,HK,equity,2024-12-06,145.8,147.9,143.4,146.9,145.6,1466194.0,213601492.4,0.008928571428571397,0.008928571428571397,0.008888947417245994,PASS,2026-05-29T14:16:23Z,D20260529.01
2057.HK,HK,equity,2024-12-09,145.5,150.2,142.2,149.9,146.9,1557766.0,226961439.95,0.02042205582028589,0.02042205582028589,0.02021632192872038,PASS,2026-05-29T14:16:23Z,D20260529.01
2057.HK,HK,equity,2024-12-10,153.0,157.4,146.1,146.1,149.9,1851750.0,278570342.5,-0.02535023348899279,-0.02535023348899279,-0.025677086351898352,PASS,2026-05-29T14:16:23Z,D20260529.01
2057.HK,HK,equity,2024-12-11,145.8,149.4,145.8,146.8,146.1,841295.0,124453477.45,0.004791238877481341,0.004791238877481341,0.004779797423761571,PASS,2026-05-29T14:16:23Z,D20260529.01
2057.HK,HK,equity,2024-12-12,145.9,150.2,144.6,148.0,146.8,1468550.0,217605235.35,0.008174386920980936,0.008174386920980936,0.008141157583699866,PASS,2026-05-29T14:16:23Z,D20260529.01
2057.HK,HK,equity,2024-12-13,148.0,152.8,147.4,152.0,148.0,1957512.0,296848776.15,0.027027027027026973,0.027027027027026973,0.026668247082161273,PASS,2026-05-29T14:16:23Z,D20260529.01
2057.HK,HK,equity,2024-12-16,150.6,153.9,150.0,151.4,152.0,2725389.0,414423452.3,-0.003947368421052588,-0.003947368421052588,-0.003955179842927943,PASS,2026-05-29T14:16:23Z,D20260529.01
2057.HK,HK,equity,2024-12-17,152.8,156.7,150.1,153.4,151.4,2519776.0,388543027.8,0.013210039630118908,0.013210039630118908,0.013123547929807428,PASS,2026-05-29T14:16:23Z,D20260529.01
2057.HK,HK,equity,2024-12-18,156.7,158.5,155.2,155.6,153.4,2039900.0,319208319.6,0.014341590612777066,0.014341590612777066,0.014239722811135428,PASS,2026-05-29T14:16:23Z,D20260529.01
2057.HK,HK,equity,2024-12-19,154.5,155.3,151.6,154.3,155.6,1226396.0,189139786.1,-0.00835475578406164,-0.00835475578406164,-0.008389852375176015,PASS,2026-05-29T14:16:23Z,D20260529.01
2057.HK,HK,equity,2024-12-20,153.5,155.9,152.7,153.2,154.3,1091618.0,168096401.3,-0.007128969539857533,-0.007128969539857533,-0.007154502062624343,PASS,2026-05-29T14:16:23Z,D20260529.01
2057.HK,HK,equity,2024-12-23,153.2,155.5,152.1,155.2,153.2,775952.0,119574760.9,0.01305483028720622,0.01305483028720622,0.012970350442627405,PASS,2026-05-29T14:16:23Z,D20260529.01
2057.HK,HK,equity,2024-12-24,154.0,157.3,153.2,157.3,155.2,634700.0,99284272.65,0.01353092783505172,0.01353092783505172,0.013440202315113937,PASS,2026-05-29T14:16:23Z,D20260529.01
2057.HK,HK,equity,2024-12-27,156.0,156.0,151.1,153.5,157.3,1371290.0,210078027.5,-0.024157660521296975,-0.024157660521296975,-0.024454243036980388,PASS,2026-05-29T14:16:23Z,D20260529.01
2057.HK,HK,equity,2024-12-30,152.5,154.7,152.2,152.4,153.5,781950.0,120025855.0,-0.007166123778501565,-0.007166123778501565,-0.007191923774705881,PASS,2026-05-29T14:16:23Z,D20260529.01
2057.HK,HK,equity,2024-12-31,150.2,152.8,148.9,151.3,152.4,895261.0,135599650.1,-0.0072178477690287846,-0.0072178477690287846,-0.007244022458235577,PASS,2026-05-29T14:16:23Z,D20260529.01
2057.HK,HK,equity,2025-01-02,151.4,152.2,148.7,150.1,151.3,1178700.0,177016770.45,-0.00793126239259756,-0.00793126239259756,-0.007962882154894036,PASS,2026-05-29T14:16:23Z,D20260529.01
2057.HK,HK,equity,2025-01-03,149.0,152.7,147.5,151.3,150.1,1732350.0,260923221.75,0.00799467021985345,0.00799467021985345,0.007962882154893984,PASS,2026-05-29T14:16:23Z,D20260529.01
2057.HK,HK,equity,2025-01-06,150.4,150.5,147.2,149.7,151.3,1160170.0,173517470.5,-0.010575016523463487,-0.010575016523463487,-0.010631329368727733,PASS,2026-05-29T14:16:23Z,D20260529.01
2057.HK,HK,equity,2025-01-07,148.0,148.7,144.6,148.0,149.7,1892912.0,277221084.5,-0.011356045424181671,-0.011356045424181671,-0.011421017661467584,PASS,2026-05-29T14:16:23Z,D20260529.01
2057.HK,HK,equity,2025-01-08,147.0,148.7,145.6,146.7,148.0,882009.0,129309692.6,-0.00878378378378386,-0.00878378378378386,-0.008822588615179108,PASS,2026-05-29T14:16:23Z,D20260529.01
2057.HK,HK,equity,2025-01-09,145.6,148.2,144.8,145.9,146.7,737245.0,107677234.6,-0.005453306066802832,-0.005453306066802832,-0.005468229620195903,PASS,2026-05-29T14:16:23Z,D20260529.01
2057.HK,HK,equity,2025-01-10,146.2,146.9,141.2,142.0,145.9,1852937.0,264229573.5,-0.02673063742289239,-0.02673063742289239,-0.027094397927479228,PASS,2026-05-29T14:16:23Z,D20260529.01
2057.HK,HK,equity,2025-01-13,140.3,140.8,138.0,140.4,142.0,1003470.0,140329880.0,-0.011267605633802802,-0.011267605633802802,-0.01133156600954997,PASS,2026-05-29T14:16:23Z,D20260529.01
2057.HK,HK,equity,2025-01-14,139.5,146.4,139.1,145.7,140.4,2140194.0,309488043.6,0.03774928774928754,0.03774928774928754,0.037054221609448205,PASS,2026-05-29T14:16:23Z,D20260529.01
2057.HK,HK,equity,2025-01-15,147.1,147.1,143.0,144.0,145.7,1200738.0,173362649.7,-0.011667810569663595,-0.011667810569663595,-0.01173641362515843,PASS,2026-05-29T14:16:23Z,D20260529.01
2057.HK,HK,equity,2025-01-16,141.6,147.1,141.6,146.0,144.0,1476130.0,215386019.35,0.01388888888888884,0.01388888888888884,0.01379332213233577,PASS,2026-05-29T14:16:23Z,D20260529.01
2057.HK,HK,equity,2025-01-17,145.7,151.4,145.2,150.4,146.0,758150.0,113422216.1,0.03013698630136985,0.03013698630136985,0.029691789807403,PASS,2026-05-29T14:16:23Z,D20260529.01
2057.HK,HK,equity,2025-01-20,150.0,152.8,147.3,151.0,150.4,1898430.0,286429073.55,0.003989361702127603,0.003989361702127603,0.003981425299184822,PASS,2026-05-29T14:16:23Z,D20260529.01
2057.HK,HK,equity,2025-01-21,140.0,154.3,140.0,152.4,151.0,632600.0,96584382.5,0.009271523178808083,0.009271523178808083,0.009228806437621705,PASS,2026-05-29T14:16:23Z,D20260529.01
2057.HK,HK,equity,2025-01-22,152.4,152.7,149.6,150.7,152.4,1573339.0,237081452.25,-0.011154855643044748,-0.011154855643044748,-0.011217537620096254,PASS,2026-05-29T14:16:23Z,D20260529.01
2057.HK,HK,equity,2025-01-23,147.5,148.0,144.0,144.6,150.7,2423645.0,352688547.5,-0.040477770404777624,-0.040477770404777624,-0.04131979590778538,PASS,2026-05-29T14:16:23Z,D20260529.01
2057.HK,HK,equity,2025-01-24,142.9,146.6,142.9,145.7,144.6,923113.0,134398935.65,0.007607192254495132,0.007607192254495132,0.00757840347649481,PASS,2026-05-29T14:16:23Z,D20260529.01
2057.HK,HK,equity,2025-01-27,145.8,147.3,144.5,146.5,145.7,1226484.0,179654314.35,0.0054907343857242275,0.0054907343857242275,0.005475715255962984,PASS,2026-05-29T14:16:23Z,D20260529.01
2057.HK,HK,equity,2025-01-28,147.2,151.3,147.1,151.0,146.5,382312.0,57562890.2,0.030716723549488067,0.030716723549488067,0.030254408357802343,PASS,2026-05-29T14:16:23Z,D20260529.01
2057.HK,HK,equity,2025-02-03,146.8,146.8,141.2,142.4,151.0,1327000.0,188974033.3,-0.05695364238410594,-0.05695364238410594,-0.058639837837048917,PASS,2026-05-29T14:16:23Z,D20260529.01
2057.HK,HK,equity,2025-02-04,143.8,147.7,142.9,146.9,142.4,793991.0,115622533.95,0.0316011235955056,0.0316011235955056,0.03111208420195621,PASS,2026-05-29T14:16:23Z,D20260529.01
2057.HK,HK,equity,2025-02-05,146.9,149.2,145.0,149.0,146.9,1641909.0,242660609.5,0.014295439074200056,0.014295439074200056,0.014194222765627441,PASS,2026-05-29T14:16:23Z,D20260529.01
2057.HK,HK,equity,2025-02-06,147.2,150.5,146.9,150.4,149.0,786469.0,117332900.5,0.00939597315436247,0.00939597315436247,0.009352105570280362,PASS,2026-05-29T14:16:23Z,D20260529.01
2057.HK,HK,equity,2025-02-07,149.0,151.4,147.5,150.5,150.4,1355532.0,203288092.45,0.0006648936170212671,0.0006648936170212671,0.0006646726731909598,PASS,2026-05-29T14:16:23Z,D20260529.01
2057.HK,HK,equity,2025-02-10,150.5,154.1,150.5,152.6,150.5,1172313.0,179432974.85,0.013953488372093092,0.013953488372093092,0.01385703466142628,PASS,2026-05-29T14:16:23Z,D20260529.01
2057.HK,HK,equity,2025-02-11,152.6,153.9,148.1,148.9,152.6,1158143.0,174190651.5,-0.02424639580602872,-0.02424639580602872,-0.024545179160393213,PASS,2026-05-29T14:16:23Z,D20260529.01
2057.HK,HK,equity,2025-02-12,146.0,152.1,146.0,151.7,148.9,1630319.0,246487666.8,0.01880456682337117,0.01880456682337117,0.01862994666452305,PASS,2026-05-29T14:16:23Z,D20260529.01
2057.HK,HK,equity,2025-02-13,152.4,160.8,152.3,154.6,151.7,2113694.0,330205789.0,0.01911667765326297,0.01911667765326297,0.018936249798834976,PASS,2026-05-29T14:16:23Z,D20260529.01
2057.HK,HK,equity,2025-02-14,155.0,157.8,153.0,157.3,154.6,1470096.0,228363941.06,0.017464424320827954,0.017464424320827954,0.017313673910910564,PASS,2026-05-29T14:16:23Z,D20260529.01
2057.HK,HK,equity,2025-02-17,157.5,159.2,154.4,157.2,157.3,2061950.0,323134115.5,-0.0006357279084553413,-0.0006357279084553413,-0.00063593006912613,PASS,2026-05-29T14:16:23Z,D20260529.01
2057.HK,HK,equity,2025-02-18,154.4,159.6,154.1,158.4,157.2,1355054.0,213578175.45,0.007633587786259666,0.007633587786259666,0.007604599385219433,PASS,2026-05-29T14:16:23Z,D20260529.01
2057.HK,HK,equity,2025-02-19,155.1,159.8,154.2,157.0,158.4,1723100.0,271176312.9,-0.008838383838383868,-0.008838383838383868,-0.008877674032017453,PASS,2026-05-29T14:16:23Z,D20260529.01
2057.HK,HK,equity,2025-02-20,157.0,157.5,154.3,155.4,157.0,1159918.0,180887862.55,-0.010191082802547768,-0.010191082802547768,-0.01024336741476099,PASS,2026-05-29T14:16:23Z,D20260529.01
2057.HK,HK,equity,2025-02-21,159.0,162.2,158.8,162.0,155.4,2048853.0,329150516.6,0.042471042471042386,0.042471042471042386,0.041593897298836925,PASS,2026-05-29T14:16:23Z,D20260529.01
2057.HK,HK,equity,2025-02-24,162.2,162.7,157.2,157.5,162.0,1688880.0,268785471.35,-0.02777777777777779,-0.02777777777777779,-0.028170876966696335,PASS,2026-05-29T14:16:23Z,D20260529.01
2057.HK,HK,equity,2025-02-25,154.9,156.3,152.1,152.9,157.5,1921268.0,294773870.7,-0.029206349206349125,-0.029206349206349125,-0.029641345330671053,PASS,2026-05-29T14:16:23Z,D20260529.01
2057.HK,HK,equity,2025-02-26,152.1,156.4,152.1,154.9,152.9,2413029.0,373348447.85,0.013080444735120933,0.013080444735120933,0.01299563448780627,PASS,2026-05-29T14:16:23Z,D20260529.01
2057.HK,HK,equity,2025-02-27,152.5,156.5,151.2,154.2,154.9,1812244.0,278431497.1,-0.004519044544867734,-0.004519044544867734,-0.00452928629359391,PASS,2026-05-29T14:16:23Z,D20260529.01
2057.HK,HK,equity,2025-02-28,153.0,153.8,148.2,149.7,154.2,1564563.0,235642726.75,-0.029182879377431914,-0.029182879377431914,-0.02961716970364645,PASS,2026-05-29T14:16:23Z,D20260529.01
2057.HK,HK,equity,2025-03-03,150.4,155.3,150.4,152.2,149.7,2087227.0,319005029.72,0.016700066800267255,0.016700066800267255,0.01656215400200284,PASS,2026-05-29T14:16:23Z,D20260529.01
2057.HK,HK,equity,2025-03-04,152.9,162.0,151.1,158.9,152.2,1975390.0,312480950.5,0.04402102496714866,0.04402102496714866,0.043079628115085,PASS,2026-05-29T14:16:23Z,D20260529.01
2057.HK,HK,equity,2025-03-05,159.3,162.5,157.3,161.0,158.9,1428850.0,228634908.95,0.013215859030836885,0.013215859030836885,0.013129291441792581,PASS,2026-05-29T14:16:23Z,D20260529.01
2057.HK,HK,equity,2025-03-06,161.5,162.3,159.3,162.1,161.0,2115084.0,339582132.7,0.006832298136645987,0.006832298136645987,0.0068090637571674465,PASS,2026-05-29T14:16:23Z,D20260529.01
2057.HK,HK,equity,2025-03-07,161.0,161.1,157.0,158.5,162.1,5233427.0,830248647.91,-0.022208513263417662,-0.022208513263417662,-0.022458835424295134,PASS,2026-05-29T14:16:23Z,D20260529.01
2057.HK,HK,equity,2025-03-10,158.5,160.9,154.8,158.5,158.5,1337706.0,210507998.7,0.0,0.0,0.0,PASS,2026-05-29T14:16:23Z,D20260529.01
2057.HK,HK,equity,2025-03-11,157.0,159.6,155.1,159.1,158.5,1476005.0,231981660.4,0.003785488958990557,0.003785488958990557,0.0037783420264058997,PASS,2026-05-29T14:16:23Z,D20260529.01
2057.HK,HK,equity,2025-03-12,154.6,155.4,150.2,151.7,159.1,2883049.0,440210345.1,-0.04651162790697683,-0.04651162790697683,-0.047628048989254705,PASS,2026-05-29T14:16:23Z,D20260529.01
2057.HK,HK,equity,2025-03-13,151.4,151.6,149.0,150.2,151.7,2163226.0,324783456.95,-0.009887936717205004,-0.009887936717205004,-0.009937147024452189,PASS,2026-05-29T14:16:23Z,D20260529.01
2057.HK,HK,equity,2025-03-14,152.8,157.4,151.4,154.6,150.2,2304158.0,356144404.2,0.02929427430093212,0.02929427430093212,0.028873396823287246,PASS,2026-05-29T14:16:23Z,D20260529.01
2057.HK,HK,equity,2025-03-17,155.0,161.7,155.0,159.5,154.6,2181970.0,348093741.79,0.03169469598965069,0.03169469598965069,0.031202786071577653,PASS,2026-05-29T14:16:23Z,D20260529.01
2057.HK,HK,equity,2025-03-18,162.0,165.0,160.8,165.0,159.5,2886317.0,470939119.91,0.034482758620689724,0.034482758620689724,0.033901551675681416,PASS,2026-05-29T14:16:23Z,D20260529.01
2057.HK,HK,equity,2025-03-19,165.0,176.0,165.0,172.2,165.0,3929752.0,677869476.05,0.04363636363636347,0.04363636363636347,0.04271111809304966,PASS,2026-05-29T14:16:23Z,D20260529.01
2057.HK,HK,equity,2025-03-20,172.1,172.1,161.7,162.7,172.2,3193800.0,527105940.0,-0.0551684088269454,-0.0551684088269454,-0.0567485777686383,PASS,2026-05-29T14:16:23Z,D20260529.01
2057.HK,HK,equity,2025-03-21,159.8,162.9,155.0,156.4,162.7,22086537.0,3462571589.25,-0.03872157344806382,-0.03872157344806382,-0.0394911861137813,PASS,2026-05-29T14:16:23Z,D20260529.01
2057.HK,HK,equity,2025-03-24,157.1,158.1,155.3,157.3,156.4,1681805.0,263396957.035,0.005754475703324768,0.005754475703324768,0.005737981953021395,PASS,2026-05-29T14:16:23Z,D20260529.01
2057.HK,HK,equity,2025-03-25,156.1,157.7,153.4,155.5,157.3,1775943.0,275838497.85,-0.011443102352193368,-0.011443102352193368,-0.011509078444943423,PASS,2026-05-29T14:16:23Z,D20260529.01
2057.HK,HK,equity,2025-03-26,155.3,158.1,154.6,156.9,155.5,1667215.0,260780658.5,0.009003215434083556,0.009003215434083556,0.008962928119698038,PASS,2026-05-29T14:16:23Z,D20260529.01
2057.HK,HK,equity,2025-03-27,155.9,157.2,153.8,156.1,156.9,1831772.0,285246958.6,-0.005098789037603635,-0.005098789037603635,-0.005111832217600595,PASS,2026-05-29T14:16:23Z,D20260529.01
2057.HK,HK,equity,2025-03-28,160.0,160.0,155.1,156.9,156.1,2011531.0,315608901.15,0.005124919923126248,0.005124919923126248,0.005111832217600575,PASS,2026-05-29T14:16:23Z,D20260529.01
2057.HK,HK,equity,2025-03-31,155.8,155.8,150.9,153.5,156.9,2002127.0,306261823.95,-0.0216698534098152,-0.0216698534098152,-0.021908092711735095,PASS,2026-05-29T14:16:23Z,D20260529.01
2057.HK,HK,equity,2025-04-01,153.5,157.1,153.4,155.9,153.5,1732380.0,269861545.5,0.015635179153094425,0.015635179153094425,0.015514209036478955,PASS,2026-05-29T14:16:23Z,D20260529.01
2057.HK,HK,equity,2025-04-02,154.3,155.1,152.3,154.3,155.9,1301452.0,199958301.15,-0.010262989095574104,-0.010262989095574104,-0.010316016694615699,PASS,2026-05-29T14:16:23Z,D20260529.01
2057.HK,HK,equity,2025-04-03,150.1,151.9,149.4,151.4,154.3,1922071.0,289910022.0,-0.0187945560596241,-0.0187945560596241,-0.018973418365766746,PASS,2026-05-29T14:16:23Z,D20260529.01
2057.HK,HK,equity,2025-04-07,143.0,143.2,136.0,136.6,151.4,5501960.0,769744749.3,-0.09775429326287988,-0.09775429326287988,-0.10286839386665882,PASS,2026-05-29T14:16:23Z,D20260529.01
2057.HK,HK,equity,2025-04-08,139.0,144.4,135.7,138.2,136.6,3235400.0,450959808.55,0.01171303074670571,0.01171303074670571,0.011644964196879834,PASS,2026-05-29T14:16:23Z,D20260529.01
2057.HK,HK,equity,2025-04-09,127.6,138.8,123.7,137.6,135.481,5582596.0,749953025.0,0.015640569526354176,0.015640569526354176,0.015519516413641575,PASS,2026-05-29T14:16:23Z,D20260529.01
2057.HK,HK,equity,2025-04-10,137.6,142.7,136.3,141.0,137.6,2671955.0,375145255.65,0.024709302325581328,0.024709302325581328,0.024408964878924928,PASS,2026-05-29T14:16:23Z,D20260529.01
2057.HK,HK,equity,2025-04-11,140.4,140.4,135.6,139.4,141.0,2732849.0,377804812.4,-0.01134751773049636,-0.01134751773049636,-0.011412392051744673,PASS,2026-05-29T14:16:23Z,D20260529.01
2057.HK,HK,equity,2025-04-14,142.5,145.4,141.6,144.2,139.4,1434706.0,206839377.9,0.03443328550932545,0.03443328550932545,0.03385372652442497,PASS,2026-05-29T14:16:23Z,D20260529.01
2057.HK,HK,equity,2025-04-15,145.4,148.3,145.3,147.2,144.2,1493089.0,218526381.2,0.020804438280166426,0.020804438280166426,0.020590981443927153,PASS,2026-05-29T14:16:23Z,D20260529.01
2057.HK,HK,equity,2025-04-16,146.6,146.9,144.7,145.8,147.2,2172650.0,316697697.75,-0.009510869565217184,-0.009510869565217184,-0.00955638672021788,PASS,2026-05-29T14:16:23Z,D20260529.01
2057.HK,HK,equity,2025-04-17,146.0,149.1,145.4,148.0,145.8,1113259.0,164412832.6,0.015089163237311354,0.015089163237311354,0.014976454189557259,PASS,2026-05-29T14:16:23Z,D20260529.01
2057.HK,HK,equity,2025-04-22,146.0,149.0,145.0,148.9,148.0,1365346.0,201121550.81,0.0060810810810811855,0.0060810810810811855,0.006062665925848342,PASS,2026-05-29T14:16:23Z,D20260529.01
2057.HK,HK,equity,2025-04-23,148.6,149.3,146.2,147.2,148.9,1515715.0,223184171.95,-0.011417058428475624,-0.011417058428475624,-0.011482733395187576,PASS,2026-05-29T14:16:23Z,D20260529.01
2057.HK,HK,equity,2025-04-24,146.5,149.6,146.0,149.1,147.2,1372311.0,202861658.95,0.012907608695652106,0.012907608695652106,0.012825015475916805,PASS,2026-05-29T14:16:23Z,D20260529.01
2057.HK,HK,equity,2025-04-25,149.0,150.0,147.1,149.1,149.1,2446384.0,363772099.5,0.0,0.0,0.0,PASS,2026-05-29T14:16:23Z,D20260529.01
2057.HK,HK,equity,2025-04-28,149.1,149.2,145.9,148.5,149.1,1335300.0,197167422.0,-0.004024144869215207,-0.004024144869215207,-0.00403226352793834,PASS,2026-05-29T14:16:23Z,D20260529.01
2057.HK,HK,equity,2025-04-29,149.0,151.0,147.4,149.5,148.5,1529858.0,227674804.4,0.006734006734006703,0.006734006734006703,0.006711434587986778,PASS,2026-05-29T14:16:23Z,D20260529.01
2057.HK,HK,equity,2025-04-30,148.3,148.3,145.1,146.3,149.5,1715456.0,250761846.6,-0.02140468227424741,-0.02140468227424741,-0.02163708480466241,PASS,2026-05-29T14:16:23Z,D20260529.01
2057.HK,HK,equity,2025-05-02,146.0,148.1,143.4,147.1,146.3,1474500.0,216349368.15,0.005468215994531622,0.005468215994531622,0.005453319581313048,PASS,2026-05-29T14:16:23Z,D20260529.01
2057.HK,HK,equity,2025-05-06,149.0,152.2,146.2,150.6,147.1,1386709.0,209040585.15,0.023793337865397612,0.023793337865397612,0.023514687758401296,PASS,2026-05-29T14:16:23Z,D20260529.01
2057.HK,HK,equity,2025-05-07,150.6,151.3,148.8,148.8,150.6,1610450.0,241136142.5,-0.01195219123505964,-0.01195219123505964,-0.01202419296680159,PASS,2026-05-29T14:16:23Z,D20260529.01
2057.HK,HK,equity,2025-05-08,148.6,149.6,146.2,148.1,148.8,1257752.0,186605881.0,-0.0047043010752689796,-0.0047043010752689796,-0.004715401125238556,PASS,2026-05-29T14:16:23Z,D20260529.01
2057.HK,HK,equity,2025-05-09,148.1,148.7,146.2,147.6,148.1,1098640.0,161826692.25,-0.0033760972316002613,-0.0033760972316002613,-0.003381809107380968,PASS,2026-05-29T14:16:23Z,D20260529.01
2057.HK,HK,equity,2025-05-12,147.6,151.2,147.1,150.4,147.6,2089710.0,312185092.65,0.01897018970189701,0.01897018970189701,0.01879249934936732,PASS,2026-05-29T14:16:23Z,D20260529.01
2057.HK,HK,equity,2025-05-13,149.0,149.0,144.7,144.9,150.4,1812333.0,264609100.9,-0.03656914893617025,-0.03656914893617025,-0.037254562189102794,PASS,2026-05-29T14:16:23Z,D20260529.01
2057.HK,HK,equity,2025-05-14,144.9,147.5,144.5,147.5,144.9,1397069.0,204565283.55,0.01794340924775706,0.01794340924775706,0.017784326453237805,PASS,2026-05-29T14:16:23Z,D20260529.01
2057.HK,HK,equity,2025-05-15,147.4,147.4,143.2,143.3,147.5,994724.0,143727216.7,-0.028474576271186325,-0.028474576271186325,-0.02888784094574823,PASS,2026-05-29T14:16:23Z,D20260529.01
2057.HK,HK,equity,2025-05-16,143.3,143.9,141.1,143.7,143.3,1044300.0,149034687.6,0.002791346824842833,0.002791346824842833,0.002787458250852923,PASS,2026-05-29T14:16:23Z,D20260529.01
2057.HK,HK,equity,2025-05-19,147.8,150.7,146.8,149.5,143.7,3216929.0,479503138.8,0.0403618649965205,0.0403618649965205,0.03956859974576185,PASS,2026-05-29T14:16:23Z,D20260529.01
2057.HK,HK,equity,2025-05-20,149.5,149.5,143.5,144.4,149.5,3380222.0,490409373.9,-0.03411371237458194,-0.03411371237458194,-0.034709166372015265,PASS,2026-05-29T14:16:23Z,D20260529.01
2057.HK,HK,equity,2025-05-21,142.9,142.9,135.1,136.2,144.4,6184229.0,844406013.33,-0.05678670360110816,-0.05678670360110816,-0.05846283274331399,PASS,2026-05-29T14:16:23Z,D20260529.01
2057.HK,HK,equity,2025-05-22,134.8,134.9,132.9,133.8,136.2,4001209.0,534632758.65,-0.017621145374449143,-0.017621145374449143,-0.017778246021283715,PASS,2026-05-29T14:16:23Z,D20260529.01
2057.HK,HK,equity,2025-05-23,134.0,136.1,133.7,134.1,133.8,3230996.0,434090486.2,0.0022421524663676085,0.0022421524663676085,0.00223964259350466,PASS,2026-05-29T14:16:23Z,D20260529.01
2057.HK,HK,equity,2025-05-26,134.1,136.4,133.9,134.4,134.1,1608251.0,216839426.95,0.0022371364653244186,0.0022371364653244186,0.0022346378014163628,PASS,2026-05-29T14:16:23Z,D20260529.01
2057.HK,HK,equity,2025-05-27,134.5,136.2,133.9,134.3,134.4,1638244.0,220768828.35,-0.0007440476190475609,-0.0007440476190475609,-0.0007443245598572204,PASS,2026-05-29T14:16:23Z,D20260529.01
2057.HK,HK,equity,2025-05-28,132.8,137.1,132.0,134.5,134.3,3844069.0,518147771.05,0.0014892032762470198,0.0014892032762470198,0.0014880955127017188,PASS,2026-05-29T14:16:23Z,D20260529.01
2057.HK,HK,equity,2025-05-29,137.9,141.3,137.2,140.4,134.5,2289050.0,320195850.0,0.04386617100371759,0.04386617100371759,0.04293129254981706,PASS,2026-05-29T14:16:23Z,D20260529.01
2057.HK,HK,equity,2025-05-30,141.3,141.3,138.2,138.3,140.4,2120725.0,294534364.25,-0.014957264957264904,-0.014957264957264904,-0.015070252920998166,PASS,2026-05-29T14:16:23Z,D20260529.01
2057.HK,HK,equity,2025-06-02,138.0,138.3,134.6,135.7,138.3,852690.0,115784564.675,-0.01879971077368059,-0.01879971077368059,-0.018978671829889257,PASS,2026-05-29T14:16:23Z,D20260529.01
2057.HK,HK,equity,2025-06-03,135.3,138.3,134.8,135.8,135.7,1745104.0,237590256.4,0.0007369196757556207,0.0007369196757556207,0.000736648283772573,PASS,2026-05-29T14:16:23Z,D20260529.01
2057.HK,HK,equity,2025-06-04,135.8,135.8,131.5,133.4,135.8,3231650.0,430071012.35,-0.0176730486008837,-0.0176730486008837,-0.01783108164307246,PASS,2026-05-29T14:16:23Z,D20260529.01
2057.HK,HK,equity,2025-06-05,134.4,135.2,132.6,133.4,133.4,2822514.0,376875028.65,0.0,0.0,0.0,PASS,2026-05-29T14:16:23Z,D20260529.01
2057.HK,HK,equity,2025-06-06,133.9,134.2,132.6,134.2,133.4,7072600.0,947529078.85,0.0059970014992503096,0.0059970014992503096,0.0059790910560580095,PASS,2026-05-29T14:16:23Z,D20260529.01
2057.HK,HK,equity,2025-06-09,134.6,141.3,134.2,139.8,134.2,5970344.0,815721102.1,0.04172876304023854,0.04172876304023854,0.04088160526212855,PASS,2026-05-29T14:16:23Z,D20260529.01
2057.HK,HK,equity,2025-06-10,141.6,142.3,139.1,139.7,139.8,1409148.0,197894210.45,-0.0007153075822605715,-0.0007153075822605715,-0.0007155635367939486,PASS,2026-05-29T14:16:23Z,D20260529.01
2057.HK,HK,equity,2025-06-11,139.7,141.1,138.7,139.4,139.7,2109351.0,294784254.9,-0.0021474588403721517,-0.0021474588403721517,-0.002149767936492549,PASS,2026-05-29T14:16:23Z,D20260529.01
2057.HK,HK,equity,2025-06-12,138.7,139.8,137.3,138.9,139.4,1246300.0,173189177.75,-0.0035868005738880493,-0.0035868005738880493,-0.0035932485661253856,PASS,2026-05-29T14:16:23Z,D20260529.01
2057.HK,HK,equity,2025-06-13,139.1,141.5,138.0,138.6,138.9,1783696.0,248973883.7,-0.002159827213823018,-0.002159827213823018,-0.002162163004495348,PASS,2026-05-29T14:16:23Z,D20260529.01
2057.HK,HK,equity,2025-06-16,137.0,139.8,137.0,139.5,138.6,1411638.0,195728268.8,0.006493506493506551,0.006493506493506551,0.00647251450561752,PASS,2026-05-29T14:16:23Z,D20260529.01
2057.HK,HK,equity,2025-06-17,139.7,139.8,137.6,138.0,139.5,957020.0,132460620.85,-0.010752688172043001,-0.010752688172043001,-0.010810916104215617,PASS,2026-05-29T14:16:23Z,D20260529.01
2057.HK,HK,equity,2025-06-18,137.0,137.1,134.8,135.0,138.0,1474230.0,199893145.35,-0.021739130434782594,-0.021739130434782594,-0.02197890671877523,PASS,2026-05-29T14:16:23Z,D20260529.01
2057.HK,HK,equity,2025-06-19,134.9,135.0,132.0,132.9,135.0,1776650.0,236046239.5,-0.015555555555555545,-0.015555555555555545,-0.015677812719229793,PASS,2026-05-29T14:16:23Z,D20260529.01
2057.HK,HK,equity,2025-06-20,134.8,135.4,133.5,135.0,132.9,2055390.0,276963826.35,0.015801354401805856,0.015801354401805856,0.01567781271922979,PASS,2026-05-29T14:16:23Z,D20260529.01
2057.HK,HK,equity,2025-06-23,133.5,135.5,133.5,135.0,135.0,952961.0,128452535.6,0.0,0.0,0.0,PASS,2026-05-29T14:16:23Z,D20260529.01
2057.HK,HK,equity,2025-06-24,135.6,137.6,135.6,137.5,135.0,947500.0,129916912.35,0.0185185185185186,0.0185185185185186,0.018349138668196617,PASS,2026-05-29T14:16:23Z,D20260529.01
2057.HK,HK,equity,2025-06-25,137.5,142.3,137.5,141.4,137.5,2069706.0,291371096.0,0.02836363636363637,0.02836363636363637,0.0279688363558464,PASS,2026-05-29T14:16:23Z,D20260529.01
2057.HK,HK,equity,2025-06-26,141.0,141.8,138.4,139.6,141.4,1354793.0,189679389.15,-0.012729844413012836,-0.012729844413012836,-0.012811563134200392,PASS,2026-05-29T14:16:23Z,D20260529.01
2057.HK,HK,equity,2025-06-27,139.5,141.2,138.7,139.8,139.6,1372696.0,192092180.8,0.0014326647564470996,0.0014326647564470996,0.0014316394714378922,PASS,2026-05-29T14:16:23Z,D20260529.01
2057.HK,HK,equity,2025-06-30,141.6,141.6,138.2,138.5,139.8,893410.0,124328400.6,-0.009298998569384875,-0.009298998569384875,-0.009342504172316732,PASS,2026-05-29T14:16:23Z,D20260529.01
2057.HK,HK,equity,2025-07-02,140.5,141.9,139.2,140.9,138.5,1017042.0,142854328.52,0.017328519855595692,0.017328519855595692,0.017180093277241366,PASS,2026-05-29T14:16:23Z,D20260529.01
2057.HK,HK,equity,2025-07-03,141.0,143.7,141.0,143.1,140.9,1444219.0,206177554.35,0.015613910574875822,0.015613910574875822,0.015493267657770714,PASS,2026-05-29T14:16:23Z,D20260529.01
2057.HK,HK,equity,2025-07-04,143.1,143.1,140.2,140.5,143.1,919632.0,129994535.4,-0.018169112508735097,-0.018169112508735097,-0.018336197788604715,PASS,2026-05-29T14:16:23Z,D20260529.01
2057.HK,HK,equity,2025-07-07,140.5,140.5,138.4,139.2,140.5,1034082.0,143976802.9,-0.009252669039146011,-0.009252669039146011,-0.009295740873481288,PASS,2026-05-29T14:16:23Z,D20260529.01
2057.HK,HK,equity,2025-07-08,141.0,141.0,138.9,140.0,139.2,744814.0,104076593.5,0.005747126436781658,0.005747126436781658,0.0057306747089850745,PASS,2026-05-29T14:16:23Z,D20260529.01
2057.HK,HK,equity,2025-07-09,140.0,140.4,138.2,138.6,140.0,728050.0,101423020.0,-0.010000000000000009,-0.010000000000000009,-0.01005033585350145,PASS,2026-05-29T14:16:23Z,D20260529.01
2057.HK,HK,equity,2025-07-10,138.7,149.0,138.7,148.8,138.6,5600392.0,819532788.4,0.07359307359307365,0.07359307359307365,0.0710110356431887,PASS,2026-05-29T14:16:23Z,D20260529.01
2057.HK,HK,equity,2025-07-11,150.3,155.0,146.8,147.6,148.8,5767094.0,864872395.95,-0.008064516129032362,-0.008064516129032362,-0.008097210232619475,PASS,2026-05-29T14:16:23Z,D20260529.01
2057.HK,HK,equity,2025-07-14,147.3,147.3,144.7,144.7,147.6,1808722.0,264448002.05,-0.01964769647696485,-0.01964769647696485,-0.019843278528934024,PASS,2026-05-29T14:16:23Z,D20260529.01
2057.HK,HK,equity,2025-07-15,145.0,146.1,141.1,145.1,144.7,2023852.0,291225930.4,0.0027643400138217533,0.0027643400138217533,0.0027605262527040384,PASS,2026-05-29T14:16:23Z,D20260529.01
2057.HK,HK,equity,2025-07-16,144.6,148.0,142.4,142.5,145.1,1484700.0,214124287.5,-0.017918676774638098,-0.017918676774638098,-0.01808116018143686,PASS,2026-05-29T14:16:23Z,D20260529.01
2057.HK,HK,equity,2025-07-17,142.6,143.6,141.7,142.8,142.5,1328025.0,189279157.5,0.002105263157894832,0.002105263157894832,0.00210305019677889,PASS,2026-05-29T14:16:23Z,D20260529.01
2057.HK,HK,equity,2025-07-18,142.8,152.2,142.8,152.1,142.8,4413521.0,659488171.9,0.06512605042016784,0.06512605042016784,0.06309314935976294,PASS,2026-05-29T14:16:23Z,D20260529.01
2057.HK,HK,equity,2025-07-21,153.3,153.5,148.1,148.6,152.1,2527365.0,379988676.8,-0.023011176857330673,-0.023011176857330673,-0.02328006698158835,PASS,2026-05-29T14:16:23Z,D20260529.01
2057.HK,HK,equity,2025-07-22,148.7,152.3,146.8,152.2,148.6,2209372.0,331369863.0,0.024226110363391617,0.024226110363391617,0.023937313143926633,PASS,2026-05-29T14:16:23Z,D20260529.01
2057.HK,HK,equity,2025-07-23,154.6,157.5,151.3,152.0,152.2,2388200.0,365171670.0,-0.0013140604467805073,-0.0013140604467805073,-0.0013149245813090288,PASS,2026-05-29T14:16:23Z,D20260529.01
2057.HK,HK,equity,2025-07-24,151.9,160.0,151.7,158.2,152.0,4090487.0,645022204.05,0.04078947368421049,0.04078947368421049,0.03997953448727707,PASS,2026-05-29T14:16:23Z,D20260529.01
2057.HK,HK,equity,2025-07-25,158.2,165.7,158.0,160.6,158.2,4008494.0,648761115.2,0.015170670037926604,0.015170670037926604,0.01505674617910773,PASS,2026-05-29T14:16:23Z,D20260529.01
2057.HK,HK,equity,2025-07-28,161.3,164.3,157.6,158.2,160.6,2376037.0,381334877.8,-0.014943960149439661,-0.014943960149439661,-0.01505674617910786,PASS,2026-05-29T14:16:23Z,D20260529.01
2057.HK,HK,equity,2025-07-29,156.4,157.1,150.8,156.0,158.2,3859554.0,595135361.45,-0.013906447534765998,-0.013906447534765998,-0.01400404808401633,PASS,2026-05-29T14:16:23Z,D20260529.01
2057.HK,HK,equity,2025-07-30,157.1,163.8,156.2,159.6,156.0,6756413.0,1087446536.65,0.023076923076922995,0.023076923076922995,0.022814677766171264,PASS,2026-05-29T14:16:23Z,D20260529.01
2057.HK,HK,equity,2025-07-31,159.6,159.6,151.1,151.9,159.6,3681574.0,563820537.15,-0.04824561403508765,-0.04824561403508765,-0.04944827541398114,PASS,2026-05-29T14:16:23Z,D20260529.01
2057.HK,HK,equity,2025-08-01,153.0,168.8,153.0,163.2,151.9,10135340.0,1650997331.0,0.07439104674127694,0.07439104674127694,0.07175403292827927,PASS,2026-05-29T14:16:23Z,D20260529.01
2057.HK,HK,equity,2025-08-04,161.5,163.5,157.8,161.3,163.2,3718880.0,599063536.45,-0.011642156862744946,-0.011642156862744946,-0.011710457398843303,PASS,2026-05-29T14:16:23Z,D20260529.01
2057.HK,HK,equity,2025-08-05,161.9,165.7,155.1,158.6,161.3,4242032.0,671603279.8,-0.01673899566026049,-0.01673899566026049,-0.016880675930415676,PASS,2026-05-29T14:16:23Z,D20260529.01
2057.HK,HK,equity,2025-08-06,156.0,158.1,154.6,156.6,158.6,2334882.0,365182502.95,-0.01261034047919296,-0.01261034047919296,-0.012690525644044907,PASS,2026-05-29T14:16:23Z,D20260529.01
2057.HK,HK,equity,2025-08-07,157.6,166.7,157.6,163.1,156.6,6978020.0,1137004911.9,0.04150702426564501,0.04150702426564501,0.04066872607026551,PASS,2026-05-29T14:16:23Z,D20260529.01
2057.HK,HK,equity,2025-08-08,163.1,165.9,162.0,163.8,163.1,1895630.0,310770628.5,0.0042918454935623185,0.0042918454935623185,0.004282661792000949,PASS,2026-05-29T14:16:23Z,D20260529.01
2057.HK,HK,equity,2025-08-11,163.0,163.6,159.2,159.9,163.8,2364036.0,379292155.0,-0.023809523809523836,-0.023809523809523836,-0.02409755157906053,PASS,2026-05-29T14:16:23Z,D20260529.01
2057.HK,HK,equity,2025-08-12,160.0,160.2,155.5,156.8,159.9,2976916.0,466621409.4,-0.019387116948092475,-0.019387116948092475,-0.01957751192360099,PASS,2026-05-29T14:16:23Z,D20260529.01
2057.HK,HK,equity,2025-08-13,156.8,159.6,155.8,159.6,156.8,3870667.0,610241401.2,0.017857142857142794,0.017857142857142794,0.017699577099400857,PASS,2026-05-29T14:16:23Z,D20260529.01
2057.HK,HK,equity,2025-08-14,159.0,159.8,156.4,156.7,159.6,1649730.0,260146153.4,-0.018170426065162948,-0.018170426065162948,-0.01833753565373329,PASS,2026-05-29T14:16:23Z,D20260529.01
2057.HK,HK,equity,2025-08-15,157.0,157.6,154.9,156.2,156.7,2354012.0,367606627.6,-0.0031908104658583403,-0.0031908104658583403,-0.0031959119563895653,PASS,2026-05-29T14:16:23Z,D20260529.01
2057.HK,HK,equity,2025-08-18,156.4,163.4,156.4,161.1,156.2,3865575.0,624068378.18,0.03137003841229191,0.03137003841229191,0.030888052777343085,PASS,2026-05-29T14:16:23Z,D20260529.01
2057.HK,HK,equity,2025-08-19,159.9,159.9,155.2,155.8,161.1,3053651.0,476321258.0,-0.032898820608317725,-0.032898820608317725,-0.033452156746280715,PASS,2026-05-29T14:16:23Z,D20260529.01
2057.HK,HK,equity,2025-08-20,151.8,159.0,150.6,154.7,155.8,4855838.0,755056048.45,-0.007060333761232496,-0.007060333761232496,-0.0070853758576276,PASS,2026-05-29T14:16:23Z,D20260529.01
2057.HK,HK,equity,2025-08-21,153.9,156.2,148.2,149.8,154.7,3152500.0,476492018.0,-0.03167420814479627,-0.03167420814479627,-0.032186686495901215,PASS,2026-05-29T14:16:23Z,D20260529.01
2057.HK,HK,equity,2025-08-22,149.6,150.0,146.5,147.8,149.8,2602329.0,384019252.8,-0.013351134846461998,-0.013351134846461998,-0.013441062569017753,PASS,2026-05-29T14:16:23Z,D20260529.01
2057.HK,HK,equity,2025-08-25,149.7,151.2,147.0,149.9,147.8,1984310.0,296497298.5,0.01420838971583227,0.01420838971583227,0.014108396594450684,PASS,2026-05-29T14:16:23Z,D20260529.01
2057.HK,HK,equity,2025-08-26,149.9,151.0,148.4,148.8,149.9,2204873.0,329091518.25,-0.007338225483655703,-0.007338225483655703,-0.007365282709560461,PASS,2026-05-29T14:16:23Z,D20260529.01
2057.HK,HK,equity,2025-08-27,150.4,151.9,147.5,147.9,148.8,2544619.0,380876867.115,-0.006048387096774244,-0.006048387096774244,-0.006066752682237426,PASS,2026-05-29T14:16:23Z,D20260529.01
2057.HK,HK,equity,2025-08-28,146.9,147.2,141.8,143.5,147.9,3912950.0,562287332.5,-0.02974983096686956,-0.02974983096686956,-0.030201334517078373,PASS,2026-05-29T14:16:23Z,D20260529.01
2057.HK,HK,equity,2025-08-29,143.5,143.5,140.4,140.6,143.5,2862156.0,404794317.05,-0.02020905923344951,-0.02020905923344951,-0.020416055823111304,PASS,2026-05-29T14:16:23Z,D20260529.01
2057.HK,HK,equity,2025-09-01,141.1,143.0,140.6,141.7,140.6,1308000.0,185653720.0,0.007823613086771042,0.007823613086771042,0.007793167320070283,PASS,2026-05-29T14:16:23Z,D20260529.01
2057.HK,HK,equity,2025-09-02,141.7,142.4,138.4,139.1,141.7,1995741.0,278788150.4,-0.01834862385321101,-0.01834862385321101,-0.018519047767237527,PASS,2026-05-29T14:16:23Z,D20260529.01
2057.HK,HK,equity,2025-09-03,139.1,140.9,138.8,140.9,139.1,1963662.0,275256542.2,0.01294033069734013,0.01294033069734013,0.012857319975237393,PASS,2026-05-29T14:16:23Z,D20260529.01
2057.HK,HK,equity,2025-09-04,141.0,143.5,141.0,142.3,140.9,2666767.0,380830887.05,0.009936124911284594,0.009936124911284594,0.009887086191172147,PASS,2026-05-29T14:16:23Z,D20260529.01
2057.HK,HK,equity,2025-09-05,142.3,144.0,140.9,143.5,142.3,1800507.0,257618508.9,0.008432888264230387,0.008432888264230387,0.008397530103869004,PASS,2026-05-29T14:16:23Z,D20260529.01
2057.HK,HK,equity,2025-09-08,143.7,147.9,142.7,147.1,143.5,2737111.0,400136075.7,0.02508710801393721,0.02508710801393721,0.024777592407715963,PASS,2026-05-29T14:16:23Z,D20260529.01
2057.HK,HK,equity,2025-09-09,147.1,151.6,146.5,148.2,147.1,2257826.0,337804197.9,0.007477906186267758,0.007477906186267758,0.007450085254594592,PASS,2026-05-29T14:16:23Z,D20260529.01
2057.HK,HK,equity,2025-09-10,148.2,153.7,147.3,151.3,148.2,3484940.0,527240133.2,0.020917678812415907,0.020917678812415907,0.02070190793232397,PASS,2026-05-29T14:16:23Z,D20260529.01
2057.HK,HK,equity,2025-09-11,150.0,151.4,148.1,148.6,151.3,1687570.0,252202970.65,-0.01784534038334451,-0.01784534038334451,-0.01800648851065161,PASS,2026-05-29T14:16:23Z,D20260529.01
2057.HK,HK,equity,2025-09-12,150.1,151.3,148.3,149.1,148.6,1409179.0,210658372.2,0.003364737550471064,0.003364737550471064,0.0033590894870339444,PASS,2026-05-29T14:16:23Z,D20260529.01
2057.HK,HK,equity,2025-09-15,147.8,150.2,145.9,148.5,149.1,2095335.0,309832618.25,-0.004024144869215207,-0.004024144869215207,-0.00403226352793834,PASS,2026-05-29T14:16:23Z,D20260529.01
2057.HK,HK,equity,2025-09-16,149.6,151.6,148.3,149.2,148.5,871786.0,130526853.0,0.00471380471380467,0.00471380471380467,0.004702729526906124,PASS,2026-05-29T14:16:23Z,D20260529.01
2057.HK,HK,equity,2025-09-17,150.5,151.5,147.3,149.6,149.2,2068044.0,307783450.9,0.002680965147453085,0.002680965147453085,0.0026773777707163942,PASS,2026-05-29T14:16:23Z,D20260529.01
2057.HK,HK,equity,2025-09-18,148.0,149.8,145.4,145.9,149.6,1797878.0,264966773.95,-0.024732620320855547,-0.024732620320855547,-0.025043610011636838,PASS,2026-05-29T14:16:23Z,D20260529.01
2057.HK,HK,equity,2025-09-19,146.8,151.2,145.5,147.5,145.9,4141712.0,612141015.9,0.010966415352981373,0.010966415352981373,0.010906720251134434,PASS,2026-05-29T14:16:23Z,D20260529.01
2057.HK,HK,equity,2025-09-22,146.2,149.7,145.0,146.6,147.5,2340007.0,344381419.45,-0.006101694915254252,-0.006101694915254252,-0.006120386327323413,PASS,2026-05-29T14:16:23Z,D20260529.01
2057.HK,HK,equity,2025-09-23,146.6,146.9,143.0,144.4,146.6,2230066.0,321467204.9,-0.01500682128240105,-0.01500682128240105,-0.01512056299382522,PASS,2026-05-29T14:16:23Z,D20260529.01
2057.HK,HK,equity,2025-09-24,144.4,147.2,143.2,145.4,144.4,1314448.0,191866834.16,0.006925207756232732,0.006925207756232732,0.006901338640693181,PASS,2026-05-29T14:16:23Z,D20260529.01
2057.HK,HK,equity,2025-09-25,146.9,147.5,144.2,146.1,145.4,1383200.0,201455625.0,0.004814305364511551,0.004814305364511551,0.004802753657234667,PASS,2026-05-29T14:16:23Z,D20260529.01
2057.HK,HK,equity,2025-09-26,148.0,151.0,146.5,148.4,146.1,2468472.0,368384749.05,0.015742642026009612,0.015742642026009612,0.015620011976626305,PASS,2026-05-29T14:16:23Z,D20260529.01
2057.HK,HK,equity,2025-09-29,149.3,150.5,148.0,150.3,146.066,1440288.0,215000002.4,0.028986896334533663,0.028986896334533663,0.028574722402057842,PASS,2026-05-29T14:16:23Z,D20260529.01
2057.HK,HK,equity,2025-09-30,148.2,150.3,146.2,147.5,150.3,2435838.0,358249369.3,-0.018629407850964785,-0.018629407850964785,-0.01880512097905434,PASS,2026-05-29T14:16:23Z,D20260529.01
2057.HK,HK,equity,2025-10-02,147.5,149.7,147.1,148.6,147.5,1136638.0,168596288.05,0.00745762711864395,0.00745762711864395,0.007429956503784157,PASS,2026-05-29T14:16:23Z,D20260529.01
2057.HK,HK,equity,2025-10-03,146.6,148.1,145.6,146.6,148.6,516150.0,75528782.95,-0.013458950201884257,-0.013458950201884257,-0.013550342831107676,PASS,2026-05-29T14:16:23Z,D20260529.01
2057.HK,HK,equity,2025-10-06,146.6,149.3,146.0,148.0,146.6,492255.0,72977444.0,0.009549795361528002,0.009549795361528002,0.00950448431156398,PASS,2026-05-29T14:16:23Z,D20260529.01
2057.HK,HK,equity,2025-10-08,148.0,148.0,144.3,145.4,148.0,938663.0,136143001.65,-0.0175675675675675,-0.0175675675675675,-0.017723708664696,PASS,2026-05-29T14:16:23Z,D20260529.01
2057.HK,HK,equity,2025-10-09,148.1,152.1,147.6,151.5,145.4,3190881.0,480365222.5,0.041953232462173196,0.041953232462173196,0.041097059850004725,PASS,2026-05-29T14:16:23Z,D20260529.01
2057.HK,HK,equity,2025-10-10,150.1,150.8,148.3,149.4,151.5,1296633.0,193590466.1,-0.013861386138613874,-0.013861386138613874,-0.013958352250706914,PASS,2026-05-29T14:16:23Z,D20260529.01
2057.HK,HK,equity,2025-10-13,145.1,147.2,143.5,145.0,149.4,2261334.0,328306124.65,-0.029451137884872858,-0.029451137884872858,-0.029893530278142563,PASS,2026-05-29T14:16:23Z,D20260529.01
2057.HK,HK,equity,2025-10-14,144.7,147.4,141.8,142.4,145.0,1626351.0,234239537.3,-0.017931034482758568,-0.017931034482758568,-0.018093743442698956,PASS,2026-05-29T14:16:23Z,D20260529.01
2057.HK,HK,equity,2025-10-15,144.3,145.7,143.6,145.5,142.4,1368756.0,198135287.3,0.021769662921348187,0.021769662921348187,0.021536087633671687,PASS,2026-05-29T14:16:23Z,D20260529.01
2057.HK,HK,equity,2025-10-16,145.5,148.7,145.5,146.8,145.5,941946.0,138479240.8,0.008934707903780037,0.008934707903780037,0.00889502956886797,PASS,2026-05-29T14:16:23Z,D20260529.01
2057.HK,HK,equity,2025-10-17,146.8,146.8,142.0,142.6,146.8,1422366.0,204268645.7,-0.028610354223433387,-0.028610354223433387,-0.029027608200219792,PASS,2026-05-29T14:16:23Z,D20260529.01
2057.HK,HK,equity,2025-10-20,145.9,149.5,145.9,148.2,142.6,1448746.0,214898803.3,0.039270687237026536,0.039270687237026536,0.03851920488179084,PASS,2026-05-29T14:16:23Z,D20260529.01
2057.HK,HK,equity,2025-10-21,148.1,150.6,147.4,149.9,148.2,787629.0,117823661.2,0.011470985155195734,0.011470985155195734,0.01140569224656556,PASS,2026-05-29T14:16:23Z,D20260529.01
2057.HK,HK,equity,2025-10-22,147.7,148.8,146.3,147.2,149.9,903873.0,133137635.3,-0.018012008005336977,-0.018012008005336977,-0.018176198813776245,PASS,2026-05-29T14:16:23Z,D20260529.01
2057.HK,HK,equity,2025-10-23,147.1,149.5,146.6,148.6,147.2,511079.0,75768835.55,0.009510869565217517,0.009510869565217517,0.009465925988883052,PASS,2026-05-29T14:16:23Z,D20260529.01
2057.HK,HK,equity,2025-10-24,149.3,150.2,147.9,148.9,148.6,701450.0,104498590.95,0.0020188425302827273,0.0020188425302827273,0.0020168074063046,PASS,2026-05-29T14:16:23Z,D20260529.01
2057.HK,HK,equity,2025-10-27,148.8,150.7,148.2,149.6,148.9,1128249.0,168956591.05,0.004701141705842682,0.004701141705842682,0.004690125850413403,PASS,2026-05-29T14:16:23Z,D20260529.01
2057.HK,HK,equity,2025-10-28,151.1,151.3,148.1,148.9,149.6,698368.0,103954318.75,-0.004679144385026701,-0.004679144385026701,-0.00469012585041353,PASS,2026-05-29T14:16:23Z,D20260529.01
2057.HK,HK,equity,2025-10-30,148.9,149.5,140.6,142.8,148.9,2926365.0,421517764.1,-0.040967092008059036,-0.040967092008059036,-0.04182988978447922,PASS,2026-05-29T14:16:23Z,D20260529.01
2057.HK,HK,equity,2025-10-31,144.8,145.7,142.3,142.6,142.8,1806179.0,259138867.95,-0.001400560224089742,-0.001400560224089742,-0.0014015419252885557,PASS,2026-05-29T14:16:23Z,D20260529.01
2057.HK,HK,equity,2025-11-03,143.9,146.3,142.4,146.1,142.6,1017180.0,147232703.75,0.024544179523141585,0.024544179523141585,0.024247810776458167,PASS,2026-05-29T14:16:23Z,D20260529.01
2057.HK,HK,equity,2025-11-04,145.0,147.0,143.0,145.0,146.1,1538774.0,223427409.6,-0.007529089664613187,-0.007529089664613187,-0.007557576336079304,PASS,2026-05-29T14:16:23Z,D20260529.01
2057.HK,HK,equity,2025-11-05,145.0,145.1,142.1,145.1,145.0,1287689.0,185764789.8,0.0006896551724138167,0.0006896551724138167,0.0006894174695677843,PASS,2026-05-29T14:16:23Z,D20260529.01
2057.HK,HK,equity,2025-11-06,144.7,147.8,144.3,147.4,145.1,1328838.0,194967563.95,0.015851137146795313,0.015851137146795313,0.015726819865094065,PASS,2026-05-29T14:16:23Z,D20260529.01
2057.HK,HK,equity,2025-11-07,146.6,146.6,142.3,143.1,147.4,1508785.0,216704770.45,-0.02917232021709637,-0.02917232021709637,-0.029606293192831038,PASS,2026-05-29T14:16:23Z,D20260529.01
2057.HK,HK,equity,2025-11-10,144.8,149.0,144.5,148.7,143.1,1199180.0,177318766.45,0.039133473095737115,0.039133473095737115,0.038387166903704036,PASS,2026-05-29T14:16:23Z,D20260529.01
2057.HK,HK,equity,2025-11-11,148.5,148.8,146.2,148.7,148.7,679251.0,100204823.95,0.0,0.0,0.0,PASS,2026-05-29T14:16:23Z,D20260529.01
2057.HK,HK,equity,2025-11-12,148.3,151.3,148.3,150.6,148.7,795419.0,119590783.8,0.01277740416946882,0.01277740416946882,0.012696461899683903,PASS,2026-05-29T14:16:23Z,D20260529.01
2057.HK,HK,equity,2025-11-13,150.6,151.3,147.3,150.3,150.6,1459803.0,217634846.65,-0.0019920318725098474,-0.0019920318725098474,-0.001994018606864284,PASS,2026-05-29T14:16:23Z,D20260529.01
2057.HK,HK,equity,2025-11-14,148.1,149.2,145.2,145.6,150.3,689950.0,101270178.35,-0.031270791749833826,-0.031270791749833826,-0.031770160996343375,PASS,2026-05-29T14:16:23Z,D20260529.01
2057.HK,HK,equity,2025-11-17,146.8,147.7,144.9,145.8,145.6,1052150.0,153706567.3,0.0013736263736265908,0.0013736263736265908,0.0013726838119723958,PASS,2026-05-29T14:16:23Z,D20260529.01
2057.HK,HK,equity,2025-11-18,145.1,146.4,143.9,146.1,145.8,1507012.0,219086695.0,0.002057613168724215,0.002057613168724215,0.0020554991820959595,PASS,2026-05-29T14:16:23Z,D20260529.01
2057.HK,HK,equity,2025-11-19,146.2,150.4,146.0,147.5,146.1,1398311.0,206637613.05,0.00958247775496246,0.00958247775496246,0.009536857023220822,PASS,2026-05-29T14:16:23Z,D20260529.01
2057.HK,HK,equity,2025-11-20,148.2,152.9,147.4,149.3,147.5,2844918.0,427003494.5,0.012203389830508504,0.012203389830508504,0.012129528765270216,PASS,2026-05-29T14:16:23Z,D20260529.01
2057.HK,HK,equity,2025-11-21,147.6,150.3,146.3,148.8,149.3,1957255.0,292295295.85,-0.0033489618218351946,-0.0033489618218351946,-0.003354582146153174,PASS,2026-05-29T14:16:23Z,D20260529.01
2057.HK,HK,equity,2025-11-24,148.8,149.5,145.1,149.4,148.8,3200993.0,472861315.6,0.004032258064516014,0.004032258064516014,0.004024150299725327,PASS,2026-05-29T14:16:23Z,D20260529.01
2057.HK,HK,equity,2025-11-25,151.0,156.5,150.9,155.5,149.4,2647055.0,408453115.23,0.04082998661311921,0.04082998661311921,0.04001845892057195,PASS,2026-05-29T14:16:23Z,D20260529.01
2057.HK,HK,equity,2025-11-26,157.6,163.0,157.6,162.1,155.5,2655440.0,428776785.9,0.04244372990353695,0.04244372990353695,0.04156769712234157,PASS,2026-05-29T14:16:23Z,D20260529.01
2057.HK,HK,equity,2025-11-27,162.9,163.5,160.0,161.3,162.1,1896881.0,305970950.9,-0.004935225169648283,-0.004935225169648283,-0.004947443610467159,PASS,2026-05-29T14:16:23Z,D20260529.01
2057.HK,HK,equity,2025-11-28,161.9,161.9,157.5,159.5,161.3,1251925.0,198755240.9,-0.011159330440173698,-0.011159330440173698,-0.011222062906264025,PASS,2026-05-29T14:16:23Z,D20260529.01
2057.HK,HK,equity,2025-12-01,159.7,162.1,159.2,161.2,159.5,1075192.0,172665091.9,0.010658307210031248,0.010658307210031248,0.010601907847628557,PASS,2026-05-29T14:16:23Z,D20260529.01
2057.HK,HK,equity,2025-12-02,159.7,162.8,159.2,160.8,161.2,1015817.0,163185983.2,-0.002481389578163684,-0.002481389578163684,-0.0024844733276618335,PASS,2026-05-29T14:16:23Z,D20260529.01
2057.HK,HK,equity,2025-12-03,160.4,162.0,158.6,161.5,160.8,1402816.0,225577189.1,0.004353233830845626,0.004353233830845626,0.004343785917845092,PASS,2026-05-29T14:16:23Z,D20260529.01
2057.HK,HK,equity,2025-12-04,161.4,164.7,160.7,164.5,161.5,1421348.0,232370913.75,0.018575851393188847,0.018575851393188847,0.018405427542715343,PASS,2026-05-29T14:16:23Z,D20260529.01
2057.HK,HK,equity,2025-12-05,164.0,169.8,163.0,168.8,164.5,2845488.0,478183449.02,0.026139817629179385,0.026139817629179385,0.02580401195643021,PASS,2026-05-29T14:16:23Z,D20260529.01
2057.HK,HK,equity,2025-12-08,169.3,169.3,163.7,165.2,168.8,2945542.0,486702949.6,-0.021327014218009643,-0.021327014218009643,-0.02155772107497922,PASS,2026-05-29T14:16:23Z,D20260529.01
2057.HK,HK,equity,2025-12-09,163.5,165.1,162.2,163.5,165.2,1462750.0,239347281.25,-0.010290556900726333,-0.010290556900726333,-0.010343870749569549,PASS,2026-05-29T14:16:23Z,D20260529.01
2057.HK,HK,equity,2025-12-10,163.4,163.4,160.6,161.3,163.5,1268238.0,205002610.2,-0.013455657492354667,-0.013455657492354667,-0.013547005206144831,PASS,2026-05-29T14:16:23Z,D20260529.01
2057.HK,HK,equity,2025-12-11,162.7,163.2,160.3,162.8,161.3,1185440.0,191752673.8,0.00929944203347799,0.00929944203347799,0.009256468437276743,PASS,2026-05-29T14:16:23Z,D20260529.01
2057.HK,HK,equity,2025-12-12,165.8,170.3,163.1,169.9,162.8,2083861.0,350637768.8,0.04361179361179368,0.04361179361179368,0.042687575109446485,PASS,2026-05-29T14:16:23Z,D20260529.01
2057.HK,HK,equity,2025-12-15,169.6,169.6,163.0,163.4,169.9,1550668.0,255235995.6,-0.038257798705120694,-0.038257798705120694,-0.039008846251983864,PASS,2026-05-29T14:16:23Z,D20260529.01
2057.HK,HK,equity,2025-12-16,164.5,165.9,161.4,162.2,163.4,1066928.0,173595763.4,-0.007343941248470154,-0.007343941248470154,-0.0073710407445901046,PASS,2026-05-29T14:16:23Z,D20260529.01
2057.HK,HK,equity,2025-12-17,163.8,164.4,161.1,162.2,162.2,760038.0,123332517.5,0.0,0.0,0.0,PASS,2026-05-29T14:16:23Z,D20260529.01
2057.HK,HK,equity,2025-12-18,162.8,166.4,162.8,165.2,162.2,1299414.0,214816110.8,0.018495684340320562,0.018495684340320562,0.018326719405565114,PASS,2026-05-29T14:16:23Z,D20260529.01
2057.HK,HK,equity,2025-12-19,166.2,166.8,164.7,166.7,165.2,1267227.0,210777527.7,0.009079903147699797,0.009079903147699797,0.009038928669870666,PASS,2026-05-29T14:16:23Z,D20260529.01
2057.HK,HK,equity,2025-12-22,168.4,168.4,163.9,165.1,166.7,672212.0,110820807.1,-0.00959808038392318,-0.00959808038392318,-0.009644438830665958,PASS,2026-05-29T14:16:23Z,D20260529.01
2057.HK,HK,equity,2025-12-23,165.0,167.5,165.0,165.8,165.1,616163.0,102493145.4,0.004239854633555584,0.004239854633555584,0.004230891775112437,PASS,2026-05-29T14:16:23Z,D20260529.01
2057.HK,HK,equity,2025-12-24,166.4,167.4,164.6,164.7,165.8,350289.0,57975463.7,-0.00663449939686378,-0.00663449939686378,-0.006656605517600051,PASS,2026-05-29T14:16:23Z,D20260529.01
2057.HK,HK,equity,2025-12-29,167.5,169.0,164.8,165.6,164.7,1313506.0,219280991.2,0.005464480874316946,0.005464480874316946,0.005449604767564685,PASS,2026-05-29T14:16:23Z,D20260529.01
2057.HK,HK,equity,2025-12-30,167.4,167.4,163.0,165.5,165.6,949759.0,156779107.8,-0.0006038647342995196,-0.0006038647342995196,-0.0006040471340417291,PASS,2026-05-29T14:16:23Z,D20260529.01
2057.HK,HK,equity,2025-12-31,163.7,165.4,160.2,162.3,165.5,576612.0,94153220.85,-0.01933534743202414,-0.01933534743202414,-0.019524720296572033,PASS,2026-05-29T14:16:23Z,D20260529.01
2057.HK,HK,equity,2026-01-02,162.7,167.1,162.7,166.7,162.3,423669.0,70485082.2,0.027110289587183978,0.027110289587183978,0.026749315236202546,PASS,2026-05-29T14:16:23Z,D20260529.01
2057.HK,HK,equity,2026-01-05,167.4,170.2,167.1,169.1,166.7,2075831.0,349663457.05,0.014397120575884825,0.014397120575884825,0.0142944661477863,PASS,2026-05-29T14:16:23Z,D20260529.01
2057.HK,HK,equity,2026-01-06,169.1,174.7,169.1,171.4,169.1,2537071.0,437416194.8,0.013601419278533422,0.013601419278533422,0.01350975025914481,PASS,2026-05-29T14:16:23Z,D20260529.01
2057.HK,HK,equity,2026-01-07,171.4,173.1,168.3,169.7,171.4,1455496.0,246742137.1,-0.009918319719953383,-0.009918319719953383,-0.009967833923498842,PASS,2026-05-29T14:16:23Z,D20260529.01
2057.HK,HK,equity,2026-01-08,167.9,169.7,162.4,169.2,169.7,1728784.0,290727843.5,-0.0029463759575721893,-0.0029463759575721893,-0.00295072506805773,PASS,2026-05-29T14:16:23Z,D20260529.01
2057.HK,HK,equity,2026-01-09,169.5,173.9,169.5,171.8,169.2,2386991.0,410158960.5,0.015366430260047359,0.015366430260047359,0.01524956237803217,PASS,2026-05-29T14:16:23Z,D20260529.01
2057.HK,HK,equity,2026-01-12,170.0,172.8,170.0,171.0,171.8,2228784.0,381823012.9,-0.00465657741559955,-0.00465657741559955,-0.0046674530474951695,PASS,2026-05-29T14:16:23Z,D20260529.01
2057.HK,HK,equity,2026-01-13,172.0,174.9,170.3,171.4,171.0,1907843.0,328550482.0,0.002339181286549641,0.002339181286549641,0.0023364496610195056,PASS,2026-05-29T14:16:23Z,D20260529.01
2057.HK,HK,equity,2026-01-14,171.3,175.6,170.7,172.0,171.4,2258798.0,390258809.9,0.003500583430571691,0.003500583430571691,0.003494470649773557,PASS,2026-05-29T14:16:23Z,D20260529.01
2057.HK,HK,equity,2026-01-15,175.3,182.7,173.1,174.7,172.0,2902758.0,512394940.55,0.01569767441860459,0.01569767441860459,0.015575740326557778,PASS,2026-05-29T14:16:23Z,D20260529.01
2057.HK,HK,equity,2026-01-16,176.4,177.6,173.4,174.1,174.7,1624975.0,283018903.25,-0.0034344590726960167,-0.0034344590726960167,-0.003440370365867489,PASS,2026-05-29T14:16:23Z,D20260529.01
2057.HK,HK,equity,2026-01-19,173.5,174.9,170.7,172.7,174.1,2135400.0,367401180.0,-0.008041355542791506,-0.008041355542791506,-0.008073861621510447,PASS,2026-05-29T14:16:23Z,D20260529.01
2057.HK,HK,equity,2026-01-20,172.7,173.7,168.0,173.3,172.7,1478766.0,255446659.05,0.003474232773595931,0.003474232773595931,0.0034682115689275783,PASS,2026-05-29T14:16:23Z,D20260529.01
2057.HK,HK,equity,2026-01-21,170.7,176.6,170.7,174.1,173.3,2195374.0,383450296.1,0.004616272360069118,0.004616272360069118,0.004605650052582837,PASS,2026-05-29T14:16:23Z,D20260529.01
2057.HK,HK,equity,2026-01-22,174.4,177.1,171.1,172.1,174.1,2079474.0,358091567.1,-0.01148765077541647,-0.01148765077541647,-0.011554143556649667,PASS,2026-05-29T14:16:23Z,D20260529.01
2057.HK,HK,equity,2026-01-23,175.7,175.7,171.0,171.2,172.1,1613655.0,278041546.0,-0.005229517722254551,-0.005229517722254551,-0.005243239509852056,PASS,2026-05-29T14:16:23Z,D20260529.01
2057.HK,HK,equity,2026-01-26,171.4,171.8,167.8,168.3,171.2,1554079.0,262349252.95,-0.01693925233644844,-0.01693925233644844,-0.017084362510881242,PASS,2026-05-29T14:16:23Z,D20260529.01
2057.HK,HK,equity,2026-01-27,168.3,171.3,167.5,168.9,168.3,1480892.0,250910597.3,0.0035650623885916666,0.0035650623885916666,0.0035587226169939328,PASS,2026-05-29T14:16:23Z,D20260529.01
2057.HK,HK,equity,2026-01-28,168.2,174.8,168.2,173.2,168.9,1719879.0,296793956.6,0.02545885139135562,0.02545885139135562,0.025140172314580184,PASS,2026-05-29T14:16:23Z,D20260529.01
2057.HK,HK,equity,2026-01-29,173.1,175.9,171.1,174.7,173.2,1497564.0,261249363.55,0.008660508083140783,0.008660508083140783,0.008623221011676006,PASS,2026-05-29T14:16:23Z,D20260529.01
2057.HK,HK,equity,2026-01-30,171.4,175.5,171.4,173.6,174.7,1546982.0,268753745.35,-0.006296508299942771,-0.006296508299942771,-0.006316414913761098,PASS,2026-05-29T14:16:23Z,D20260529.01
2057.HK,HK,equity,2026-02-02,173.6,173.6,168.5,169.7,173.6,1219268.0,207748928.8,-0.02246543778801846,-0.02246543778801846,-0.02272162998606919,PASS,2026-05-29T14:16:23Z,D20260529.01
2057.HK,HK,equity,2026-02-03,170.6,176.0,170.6,175.0,169.7,1888745.0,330231497.75,0.03123158515026514,0.03123158515026514,0.03075380168333339,PASS,2026-05-29T14:16:23Z,D20260529.01
2057.HK,HK,equity,2026-02-04,179.5,180.8,176.2,179.1,175.0,2567315.0,461061185.25,0.023428571428571354,0.023428571428571354,0.023158335143151968,PASS,2026-05-29T14:16:23Z,D20260529.01
2057.HK,HK,equity,2026-02-05,180.1,184.2,178.5,183.4,179.1,4230860.0,773750826.12,0.02400893355667222,0.02400893355667222,0.02372525075569835,PASS,2026-05-29T14:16:23Z,D20260529.01
2057.HK,HK,equity,2026-02-06,183.4,185.4,178.0,185.0,183.4,3771927.0,694497397.45,0.00872410032715365,0.00872410032715365,0.008686265255960232,PASS,2026-05-29T14:16:23Z,D20260529.01
2057.HK,HK,equity,2026-02-09,188.3,188.7,183.3,187.0,185.0,2681390.0,498086275.1,0.0108108108108107,0.0108108108108107,0.010752791776261697,PASS,2026-05-29T14:16:23Z,D20260529.01
2057.HK,HK,equity,2026-02-10,187.1,190.8,186.3,190.5,187.0,2286786.0,431660596.3,0.018716577540107027,0.018716577540107027,0.018543577712169104,PASS,2026-05-29T14:16:23Z,D20260529.01
2057.HK,HK,equity,2026-02-11,191.5,195.3,190.8,193.8,190.5,2820475.0,547545292.07,0.017322834645669305,0.017322834645669305,0.017174504889910215,PASS,2026-05-29T14:16:23Z,D20260529.01
2057.HK,HK,equity,2026-02-12,194.6,196.1,192.8,193.8,193.8,2177742.0,423322050.2,0.0,0.0,0.0,PASS,2026-05-29T14:16:23Z,D20260529.01
2057.HK,HK,equity,2026-02-13,191.6,193.1,188.4,191.9,193.8,1278066.0,243765267.6,-0.009803921568627527,-0.009803921568627527,-0.009852296443011707,PASS,2026-05-29T14:16:23Z,D20260529.01
2057.HK,HK,equity,2026-02-16,191.9,193.4,188.2,193.4,191.9,241465.0,46495372.45,0.007816571130797367,0.007816571130797367,0.007786180005539801,PASS,2026-05-29T14:16:23Z,D20260529.01
2057.HK,HK,equity,2026-02-20,193.5,197.6,193.5,194.1,193.4,1256983.0,245983334.5,0.003619441571871773,0.003619441571871773,0.003612907155770626,PASS,2026-05-29T14:16:23Z,D20260529.01
2057.HK,HK,equity,2026-02-23,194.1,198.0,194.0,195.1,194.1,984838.0,192644472.8,0.005151983513652647,0.005151983513652647,0.005138757454100846,PASS,2026-05-29T14:16:23Z,D20260529.01
2057.HK,HK,equity,2026-02-24,195.5,197.8,191.2,191.9,195.1,2142847.0,413552607.2,-0.016401845207585808,-0.016401845207585808,-0.016537844615411253,PASS,2026-05-29T14:16:23Z,D20260529.01
2057.HK,HK,equity,2026-02-25,195.4,196.2,189.7,191.2,191.9,2478191.0,475958471.1,-0.0036477331943721714,-0.0036477331943721714,-0.0036544023963534186,PASS,2026-05-29T14:16:23Z,D20260529.01
2057.HK,HK,equity,2026-02-26,191.5,192.5,183.7,185.7,191.2,4011352.0,746728578.3,-0.028765690376569064,-0.028765690376569064,-0.02918753225864083,PASS,2026-05-29T14:16:23Z,D20260529.01
2057.HK,HK,equity,2026-02-27,187.6,191.8,187.6,191.5,185.7,4059035.0,773323117.75,0.03123317178244478,0.03123317178244478,0.030755340262040548,PASS,2026-05-29T14:16:23Z,D20260529.01
2057.HK,HK,equity,2026-03-02,186.9,190.5,184.8,187.5,191.5,1939195.0,362554088.005,-0.02088772845953002,-0.02088772845953002,-0.021108963210235168,PASS,2026-05-29T14:16:23Z,D20260529.01
2057.HK,HK,equity,2026-03-03,187.5,188.6,180.1,182.6,187.5,2382819.0,435486695.7,-0.026133333333333342,-0.026133333333333342,-0.026480877249597422,PASS,2026-05-29T14:16:23Z,D20260529.01
2057.HK,HK,equity,2026-03-04,180.8,182.2,178.0,180.1,182.6,1963049.0,352085247.7,-0.013691128148959453,-0.013691128148959453,-0.013785715978957678,PASS,2026-05-29T14:16:23Z,D20260529.01
2057.HK,HK,equity,2026-03-05,180.1,183.4,178.0,179.0,180.1,1679437.0,301473184.4,-0.0061077179344808386,-0.0061077179344808386,-0.006126446341155393,PASS,2026-05-29T14:16:23Z,D20260529.01
2057.HK,HK,equity,2026-03-06,178.0,182.6,176.1,181.2,179.0,2009122.0,362336630.15,0.012290502793296021,0.012290502793296021,0.01221558776812389,PASS,2026-05-29T14:16:23Z,D20260529.01
2057.HK,HK,equity,2026-03-09,179.7,181.1,175.0,179.6,181.2,1456111.0,260334627.45,-0.008830022075055122,-0.008830022075055122,-0.00886923774077966,PASS,2026-05-29T14:16:23Z,D20260529.01
2057.HK,HK,equity,2026-03-10,184.0,186.0,181.3,182.9,179.6,1863897.0,342039146.85,0.01837416481069054,0.01837416481069054,0.0182073995287209,PASS,2026-05-29T14:16:23Z,D20260529.01
2057.HK,HK,equity,2026-03-11,182.0,187.6,182.0,185.1,182.9,1530075.0,284519132.5,0.012028430836522608,0.012028430836522608,0.011956664182631728,PASS,2026-05-29T14:16:23Z,D20260529.01
2057.HK,HK,equity,2026-03-12,183.0,187.8,182.2,184.3,185.1,2019726.0,373774050.4,-0.004321988114532549,-0.004321988114532549,-0.004331354903674087,PASS,2026-05-29T14:16:23Z,D20260529.01
2057.HK,HK,equity,2026-03-13,184.4,192.6,184.4,188.5,184.3,3092050.0,586900210.7,0.022788931090613085,0.022788931090613085,0.02253314221228781,PASS,2026-05-29T14:16:23Z,D20260529.01
2057.HK,HK,equity,2026-03-16,188.0,192.2,185.7,186.6,188.5,1707718.0,320793964.65,-0.010079575596817048,-0.010079575596817048,-0.010130718474822074,PASS,2026-05-29T14:16:23Z,D20260529.01
2057.HK,HK,equity,2026-03-17,185.0,190.2,182.3,182.8,186.6,1634065.0,300917423.6,-0.020364415862808016,-0.020364415862808016,-0.020574629393193686,PASS,2026-05-29T14:16:23Z,D20260529.01
2057.HK,HK,equity,2026-03-18,182.8,198.7,181.0,196.4,182.8,4629186.0,898867838.85,0.07439824945295404,0.07439824945295404,0.07176073690031587,PASS,2026-05-29T14:16:23Z,D20260529.01
2057.HK,HK,equity,2026-03-19,196.4,200.0,194.6,195.8,196.4,3074250.0,605268120.0,-0.003054989816700604,-0.003054989816700604,-0.003059665823955499,PASS,2026-05-29T14:16:23Z,D20260529.01
2057.HK,HK,equity,2026-03-20,198.7,199.1,192.4,193.8,195.8,2049613.0,400187682.5,-0.010214504596527063,-0.010214504596527063,-0.010267030639744145,PASS,2026-05-29T14:16:23Z,D20260529.01
2057.HK,HK,equity,2026-03-23,194.6,194.6,187.9,190.0,193.8,2563660.0,486055611.1,-0.019607843137254943,-0.019607843137254943,-0.019802627296179754,PASS,2026-05-29T14:16:23Z,D20260529.01
2057.HK,HK,equity,2026-03-24,192.8,197.5,191.6,197.3,190.0,2794086.0,543262583.35,0.03842105263157891,0.03842105263157891,0.03770134086808348,PASS,2026-05-29T14:16:23Z,D20260529.01
2057.HK,HK,equity,2026-03-25,198.3,198.8,192.8,194.9,197.3,2672999.0,521138297.35,-0.012164216928535199,-0.012164216928535199,-0.012238806515054507,PASS,2026-05-29T14:16:23Z,D20260529.01
2057.HK,HK,equity,2026-03-26,191.0,191.0,185.4,187.9,194.9,1806359.0,338592441.25,-0.03591585428424837,-0.03591585428424837,-0.036576700094095534,PASS,2026-05-29T14:16:23Z,D20260529.01
2057.HK,HK,equity,2026-03-27,190.6,192.0,189.7,190.8,187.9,1889418.0,360144725.2,0.015433741351782881,0.015433741351782881,0.015315852594766538,PASS,2026-05-29T14:16:23Z,D20260529.01
2057.HK,HK,equity,2026-03-30,185.7,191.8,185.3,191.7,190.8,3676137.0,695408871.2,0.004716981132075304,0.004716981132075304,0.004705891037412493,PASS,2026-05-29T14:16:23Z,D20260529.01
2057.HK,HK,equity,2026-03-31,192.0,192.0,184.4,188.5,191.7,2269752.0,425308956.45,-0.016692749087115266,-0.016692749087115266,-0.01683364316353334,PASS,2026-05-29T14:16:23Z,D20260529.01
2057.HK,HK,equity,2026-04-01,195.2,196.0,192.7,193.7,188.5,2308848.0,449141192.75,0.027586206896551557,0.027586206896551557,0.027212563524884575,PASS,2026-05-29T14:16:23Z,D20260529.01
2057.HK,HK,equity,2026-04-02,190.7,191.5,188.0,190.0,190.643,1630128.0,308787757.0,-0.003372796273663381,-0.003372796273663381,-0.0033784969728223794,PASS,2026-05-29T14:16:23Z,D20260529.01
2057.HK,HK,equity,2026-04-08,195.4,196.0,187.2,191.8,190.0,3340756.0,634836837.95,0.0094736842105263,0.0094736842105263,0.009429090288851687,PASS,2026-05-29T14:16:23Z,D20260529.01
2057.HK,HK,equity,2026-04-09,188.9,192.9,188.9,189.9,191.8,1718862.0,327672643.9,-0.009906152241918709,-0.009906152241918709,-0.009955544631097695,PASS,2026-05-29T14:16:23Z,D20260529.01
2057.HK,HK,equity,2026-04-10,193.1,195.0,191.6,193.6,189.9,2054699.0,397693090.9,0.01948393891521838,0.01948393891521838,0.019296557024236292,PASS,2026-05-29T14:16:23Z,D20260529.01
2057.HK,HK,equity,2026-04-13,193.0,195.2,189.3,194.5,193.6,1781224.0,345125842.7,0.004648760330578483,0.004648760330578483,0.004637988216024312,PASS,2026-05-29T14:16:23Z,D20260529.01
2057.HK,HK,equity,2026-04-14,195.3,197.7,192.9,193.6,194.5,1464207.0,284181025.2,-0.004627249357326502,-0.004627249357326502,-0.004637988216024365,PASS,2026-05-29T14:16:23Z,D20260529.01
2057.HK,HK,equity,2026-04-15,193.6,203.0,193.6,199.4,193.6,2461305.0,491483887.71,0.029958677685950397,0.029958677685950397,0.029518682685261297,PASS,2026-05-29T14:16:23Z,D20260529.01
2057.HK,HK,equity,2026-04-16,200.2,204.8,197.6,198.6,199.4,1281406.0,254956692.9,-0.004012036108325012,-0.004012036108325012,-0.004020105916665776,PASS,2026-05-29T14:16:23Z,D20260529.01
2057.HK,HK,equity,2026-04-17,196.7,199.0,193.1,194.7,198.6,1430636.0,278506692.7,-0.01963746223564955,-0.01963746223564955,-0.019832839232918217,PASS,2026-05-29T14:16:23Z,D20260529.01
2057.HK,HK,equity,2026-04-20,198.0,200.4,195.0,197.3,194.7,1340800.0,264605106.5,0.01335387776065744,0.01335387776065744,0.013265500650415677,PASS,2026-05-29T14:16:23Z,D20260529.01
2057.HK,HK,equity,2026-04-21,200.0,205.6,199.8,204.0,197.3,2196083.0,446464680.22,0.033958438925494105,0.033958438925494105,0.03339458081564666,PASS,2026-05-29T14:16:23Z,D20260529.01
2057.HK,HK,equity,2026-04-22,200.2,204.0,200.0,200.8,204.0,2530348.0,510655445.6,-0.015686274509803866,-0.015686274509803866,-0.015810606026642204,PASS,2026-05-29T14:16:23Z,D20260529.01
2057.HK,HK,equity,2026-04-23,201.4,202.6,197.7,200.6,200.8,1990016.0,398655935.5,-0.0009960159362550902,-0.0009960159362550902,-0.0009965122897390845,PASS,2026-05-29T14:16:23Z,D20260529.01
2057.HK,HK,equity,2026-04-24,200.6,202.8,199.4,202.8,200.6,1936988.0,390186265.65,0.010967098703888345,0.010967098703888345,0.010907396189192953,PASS,2026-05-29T14:16:23Z,D20260529.01
2057.HK,HK,equity,2026-04-27,202.8,204.2,200.8,203.4,202.8,2085005.0,422495816.1,0.002958579881656709,0.002958579881656709,0.0029542118974313827,PASS,2026-05-29T14:16:23Z,D20260529.01
2057.HK,HK,equity,2026-04-28,200.4,202.4,199.3,202.2,203.4,1929316.0,388247273.65,-0.005899705014749346,-0.005899705014749346,-0.005917177028088619,PASS,2026-05-29T14:16:23Z,D20260529.01
2057.HK,HK,equity,2026-04-29,202.6,203.2,198.9,202.0,202.2,2292905.0,461810535.1,-0.0009891196834816984,-0.0009891196834816984,-0.0009896091851662782,PASS,2026-05-29T14:16:23Z,D20260529.01
2057.HK,HK,equity,2026-04-30,198.0,200.8,193.6,195.5,202.0,2421602.0,473432911.5,-0.03217821782178221,-0.03217821782178221,-0.03270731797578433,PASS,2026-05-29T14:16:23Z,D20260529.01
2057.HK,HK,equity,2026-05-04,195.5,199.4,195.5,197.9,195.5,579111.0,114672088.45,0.012276214833759624,0.012276214833759624,0.012201473183099614,PASS,2026-05-29T14:16:23Z,D20260529.01
2057.HK,HK,equity,2026-05-05,197.3,198.1,195.7,196.7,197.9,934258.0,183674700.5,-0.0060636685194543904,-0.0060636685194543904,-0.006082127213506778,PASS,2026-05-29T14:16:23Z,D20260529.01
2057.HK,HK,equity,2026-05-06,200.6,201.6,198.1,199.4,196.7,1926740.0,384616660.5,0.01372648703609558,0.01372648703609558,0.013633132132724574,PASS,2026-05-29T14:16:23Z,D20260529.01
2057.HK,HK,equity,2026-05-07,201.8,205.0,200.0,200.8,199.4,2539619.0,511224628.8,0.007021063189568633,0.007021063189568633,0.006996530289836102,PASS,2026-05-29T14:16:23Z,D20260529.01
2057.HK,HK,equity,2026-05-08,199.8,200.4,194.0,195.0,200.8,1449166.0,283580147.75,-0.028884462151394508,-0.028884462151394508,-0.029309829253827416,PASS,2026-05-29T14:16:23Z,D20260529.01
2057.HK,HK,equity,2026-05-11,195.0,197.7,193.8,196.4,195.0,1418822.0,278605752.3,0.007179487179487243,0.007179487179487243,0.007153837356618774,PASS,2026-05-29T14:16:23Z,D20260529.01
2057.HK,HK,equity,2026-05-12,195.5,198.9,195.5,195.7,196.4,984584.0,193635623.35,-0.003564154786150797,-0.003564154786150797,-0.0035705215183350516,PASS,2026-05-29T14:16:23Z,D20260529.01
2057.HK,HK,equity,2026-05-13,194.9,195.1,191.2,192.7,195.7,2229997.0,428934031.1,-0.015329586101175297,-0.015329586101175297,-0.015448298981709869,PASS,2026-05-29T14:16:23Z,D20260529.01
2057.HK,HK,equity,2026-05-14,194.5,194.5,186.6,187.5,192.7,3439520.0,647566220.35,-0.02698495070057083,-0.02698495070057083,-0.027355730009855195,PASS,2026-05-29T14:16:23Z,D20260529.01
2057.HK,HK,equity,2026-05-15,187.5,188.2,182.8,184.4,187.5,2201364.0,405741639.9,-0.01653333333333329,-0.01653333333333329,-0.016671534287972006,PASS,2026-05-29T14:16:23Z,D20260529.01
2057.HK,HK,equity,2026-05-18,184.4,186.5,180.5,182.9,184.4,1853128.0,337177490.1,-0.00813449023861168,-0.00813449023861168,-0.008167755725673407,PASS,2026-05-29T14:16:23Z,D20260529.01
2057.HK,HK,equity,2026-05-19,182.9,184.0,179.5,180.0,182.9,2033097.0,367921678.8,-0.01585565882996176,-0.01585565882996176,-0.01598270450660967,PASS,2026-05-29T14:16:23Z,D20260529.01
2057.HK,HK,equity,2026-05-20,180.6,180.7,166.4,174.1,180.0,6575199.0,1126951943.1,-0.032777777777777795,-0.032777777777777795,-0.03332700411606704,PASS,2026-05-29T14:16:23Z,D20260529.01
2057.HK,HK,equity,2026-05-21,174.9,179.8,173.1,178.0,174.1,2743246.0,486618358.5,0.02240091901206198,0.02240091901206198,0.02215370351794174,PASS,2026-05-29T14:16:23Z,D20260529.01
2057.HK,HK,equity,2026-05-22,180.1,181.6,178.0,178.6,178.0,2534634.0,454683503.7,0.003370786516853963,0.003370786516853963,0.003365118150313555,PASS,2026-05-29T14:16:23Z,D20260529.01
2057.HK,HK,equity,2026-05-26,178.6,180.3,176.7,178.2,178.6,2684670.0,478206757.55,-0.002239641657334812,-0.002239641657334812,-0.002242153405689723,PASS,2026-05-29T14:16:23Z,D20260529.01
2057.HK,HK,equity,2026-05-27,179.3,179.4,174.0,175.7,178.2,1442813.0,253106371.8,-0.014029180695847354,-0.014029180695847354,-0.014128519843657419,PASS,2026-05-29T14:16:23Z,D20260529.01
2057.HK,HK,equity,2026-05-28,173.5,175.3,171.3,174.1,175.7,1942001.0,336158208.4,-0.009106431417188365,-0.009106431417188365,-0.009148148418908125,PASS,2026-05-29T14:16:23Z,D20260529.01
2057.HK,HK,equity,2026-05-29,174.1,176.5,172.4,173.7,174.1,5103019.0,885878156.8,-0.0022975301550832716,-0.0022975301550832716,-0.0023001735270840934,PASS,2026-05-29T14:16:23Z,D20260529.01
