ts_code,trade_date,open,high,low,close,pre_close,change,pct_chg,vol,amount
09988.HK,20191126,187.0,189.5,187.0,187.6,176.0,11.6,6.59,74549578.0,13996288126.5
09988.HK,20191127,190.0,195.3,189.3,193.2,187.6,5.6,2.99,53617241.0,10354262260.994
09988.HK,20191128,197.0,204.2,196.9,204.0,193.2,10.8,5.59,41816834.0,8369008729.5
09988.HK,20191129,204.0,204.8,197.5,198.4,204.0,-5.6,-2.75,36509531.0,7303350200.08
09988.HK,20191202,198.0,198.9,194.0,195.5,198.4,-2.9,-1.46,26592325.0,5215712264.95
09988.HK,20191203,191.7,194.2,190.4,192.6,195.5,-2.9,-1.48,19911922.0,3833266643.9
09988.HK,20191204,190.0,191.6,188.5,189.0,192.6,-3.6,-1.87,19276308.0,3662461874.104
09988.HK,20191205,191.4,193.8,190.9,192.4,189.0,3.4,1.8,17932572.0,3449250867.82
09988.HK,20191206,196.1,198.1,195.4,197.5,192.4,5.1,2.65,19205791.0,3786161450.1
09988.HK,20191209,197.0,198.3,196.0,196.6,197.5,-0.9,-0.46,8558132.0,1684030748.18
09988.HK,20191210,195.0,196.5,193.7,195.4,196.6,-1.2,-0.61,6639899.0,1297729168.96
09988.HK,20191211,196.2,198.4,195.4,197.6,195.4,2.2,1.13,6534411.0,1289656822.53
09988.HK,20191212,199.6,201.2,199.6,200.2,197.6,2.6,1.32,8825275.0,1767082379.8
09988.HK,20191213,202.8,203.0,199.4,202.0,200.2,1.8,0.9,18576570.0,3730374498.6
09988.HK,20191216,201.6,202.8,200.0,201.0,202.0,-1.0,-0.5,6616578.0,1332865469.7
09988.HK,20191217,203.2,205.8,202.2,203.8,201.0,2.8,1.39,11225195.0,2289954265.136
09988.HK,20191218,203.8,203.8,201.6,202.6,203.8,-1.2,-0.59,8179646.0,1656570056.98
09988.HK,20191219,204.0,205.4,202.6,204.8,202.6,2.2,1.09,7525360.0,1535639844.08
09988.HK,20191220,205.0,208.4,204.8,207.0,204.8,2.2,1.07,16804751.0,3479251966.1
09988.HK,20191223,209.0,210.2,207.8,208.4,207.0,1.4,0.68,9892858.0,2067031118.3
09988.HK,20191224,209.8,211.0,209.0,210.4,208.4,2.0,0.96,7770434.0,1632437670.69
09988.HK,20191227,211.0,213.6,210.8,212.8,210.4,2.4,1.14,10774808.0,2294376491.08
09988.HK,20191230,211.0,212.0,210.4,210.6,212.8,-2.2,-1.03,9970904.0,2104804089.58
09988.HK,20191231,207.8,208.2,206.2,207.2,210.6,-3.4,-1.61,8813067.0,1824228978.26
09988.HK,20200102,208.0,211.0,208.0,210.0,207.2,2.8,1.35,9516678.0,1999240664.27
09988.HK,20200103,215.0,215.0,211.2,212.0,210.0,2.0,0.95,11307103.0,2407183770.64
09988.HK,20200106,211.0,211.8,209.2,211.0,212.0,-1.0,-0.47,11303411.0,2381117912.14
09988.HK,20200107,211.8,214.0,211.6,212.6,211.0,1.6,0.76,11676599.0,2486592839.14
09988.HK,20200108,210.0,211.6,207.8,210.8,212.6,-1.8,-0.85,15095573.0,3163855655.1
09988.HK,20200109,214.0,215.8,213.2,215.6,210.8,4.8,2.28,12261435.0,2629511294.315
09988.HK,20200110,216.6,219.0,216.4,218.0,215.6,2.4,1.11,11860220.0,2585804054.978
09988.HK,20200113,219.8,224.6,219.6,222.8,218.0,4.8,2.2,17692255.0,3930617128.002
09988.HK,20200114,225.0,227.4,222.8,223.6,222.8,0.8,0.36,16784465.0,3771477930.582
09988.HK,20200115,220.2,221.6,218.2,220.8,223.6,-2.8,-1.25,21735164.0,4780256003.804
09988.HK,20200116,219.4,220.6,218.6,219.4,220.8,-1.4,-0.63,12993720.0,2850033985.63
09988.HK,20200117,218.8,221.2,216.2,220.4,219.4,1.0,0.46,21245436.0,4647552730.902
09988.HK,20200120,221.0,222.8,220.2,220.2,220.4,-0.2,-0.09,11229916.0,2488900485.36
09988.HK,20200121,218.0,219.0,214.6,215.8,220.2,-4.4,-2.0,20241728.0,4381192303.714
09988.HK,20200122,215.8,219.8,212.4,218.4,215.8,2.6,1.2,14632484.0,3181729613.37
09988.HK,20200123,216.0,216.8,212.2,213.4,218.4,-5.0,-2.29,16013394.0,3428512744.636
09988.HK,20200124,213.4,215.4,211.8,214.6,213.4,1.2,0.56,7583855.0,1624461364.4
09988.HK,20200129,205.8,209.6,205.6,207.4,214.6,-7.2,-3.36,24946947.0,5186071401.84
09988.HK,20200130,207.2,207.2,199.8,201.8,207.4,-5.6,-2.7,26416987.0,5340558392.21
09988.HK,20200131,204.8,204.8,199.6,200.4,201.8,-1.4,-0.69,18257747.0,3674404242.778
09988.HK,20200203,201.2,206.0,200.0,205.0,200.4,4.6,2.3,23784275.0,4857391412.5
09988.HK,20200204,208.4,214.8,207.2,213.2,205.0,8.2,4.0,25035681.0,5308523103.01
09988.HK,20200205,215.6,218.6,214.0,215.6,213.2,2.4,1.13,23975014.0,5184838688.11
09988.HK,20200206,215.2,219.2,213.8,217.4,215.6,1.8,0.83,18777127.0,4076443195.48
09988.HK,20200207,215.0,216.2,214.2,215.4,217.4,-2.0,-0.92,14223318.0,3062984328.5
09988.HK,20200210,211.2,214.8,211.2,212.6,215.4,-2.8,-1.3,23432236.0,4986098867.33
09988.HK,20200211,211.8,213.6,207.2,212.2,212.6,-0.4,-0.19,29376694.0,6218579635.358
09988.HK,20200212,212.0,215.8,210.2,215.0,212.2,2.8,1.32,24402441.0,5221494115.95
09988.HK,20200213,217.4,218.0,215.0,217.2,215.0,2.2,1.02,20547490.0,4451042438.08
09988.HK,20200214,214.4,217.0,213.8,215.0,217.2,-2.2,-1.01,15926098.0,3434147137.246
09988.HK,20200217,214.4,217.8,213.4,217.4,215.0,2.4,1.12,15531105.0,3362598300.87
09988.HK,20200218,215.8,216.0,213.4,214.0,217.4,-3.4,-1.56,13177196.0,2824341325.56
09988.HK,20200219,214.6,216.8,214.0,214.0,214.0,0.0,0.0,10179246.0,2189766091.59
09988.HK,20200220,216.8,216.8,213.8,215.6,214.0,1.6,0.75,12728604.0,2737328615.22
09988.HK,20200221,213.0,214.0,212.0,212.6,215.6,-3.0,-1.39,15106823.0,3217183492.77
09988.HK,20200224,206.4,207.6,205.0,205.2,212.6,-7.4,-3.48,30852998.0,6358341266.27
09988.HK,20200225,203.4,207.4,203.0,206.6,205.2,1.4,0.68,23465654.0,4821241929.054
09988.HK,20200226,201.8,204.4,201.0,203.0,206.6,-3.6,-1.74,29014994.0,5890163456.532
09988.HK,20200227,203.0,205.6,201.4,205.2,203.0,2.2,1.08,23397941.0,4750201205.12
09988.HK,20200228,200.6,202.0,199.5,200.0,205.2,-5.2,-2.53,38816951.0,7774082289.03
09988.HK,20200302,201.2,205.0,200.6,204.6,200.0,4.6,2.3,17004513.0,3458226393.696
09988.HK,20200303,206.2,206.6,202.4,203.2,204.6,-1.4,-0.68,19156355.0,3925179562.84
09988.HK,20200304,203.0,203.2,200.6,202.2,203.2,-1.0,-0.49,14553445.0,2941426278.05
09988.HK,20200305,205.2,208.2,204.0,207.2,202.2,5.0,2.47,19343293.0,3991385561.022
09988.HK,20200306,205.0,205.2,202.8,203.8,207.2,-3.4,-1.64,12734463.0,2594124248.84
09988.HK,20200309,193.5,198.5,193.5,193.5,203.8,-10.3,-5.05,56936906.0,11126651004.432
09988.HK,20200310,197.0,201.0,193.6,199.3,193.5,5.8,3.0,28569375.0,5659658149.35
09988.HK,20200311,200.0,200.4,196.7,197.0,199.3,-2.3,-1.15,17860192.0,3541240837.727
09988.HK,20200312,192.0,192.2,187.2,188.8,197.0,-8.2,-4.16,41842108.0,7939492279.399
09988.HK,20200313,178.8,194.0,177.0,191.7,188.8,2.9,1.54,53292364.0,9826000501.367
09988.HK,20200316,185.0,185.1,178.0,179.3,191.7,-12.4,-6.47,47207430.0,8574736900.169
09988.HK,20200317,182.0,185.9,175.0,183.2,179.3,3.9,2.18,36872240.0,6637652712.765
09988.HK,20200318,177.8,181.8,172.8,173.0,183.2,-10.2,-5.57,58603973.0,10381441963.377
09988.HK,20200319,176.1,176.5,167.6,174.0,173.0,1.0,0.58,34599488.0,5958311139.392
09988.HK,20200320,177.0,183.0,177.0,183.0,174.0,9.0,5.17,27899247.0,5018390033.67
09988.HK,20200323,172.5,176.9,170.0,170.0,183.0,-13.0,-7.1,37535058.0,6480078812.642
09988.HK,20200324,173.7,175.0,170.2,174.5,170.0,4.5,2.65,26729551.0,4628111939.902
09988.HK,20200325,181.0,181.7,177.8,179.7,174.5,5.2,2.98,28012053.0,5027743853.13
09988.HK,20200326,181.0,182.4,178.3,180.9,179.7,1.2,0.67,17816738.0,3220118016.474
09988.HK,20200327,186.0,186.0,182.9,183.9,180.9,3.0,1.66,23922455.0,4412411150.28
09988.HK,20200330,180.2,182.1,177.5,180.3,183.9,-3.6,-1.96,18129547.0,3260759192.913
09988.HK,20200331,185.2,185.7,182.7,183.4,180.3,3.1,1.72,13598127.0,2501430739.38
09988.HK,20200401,185.4,187.4,181.1,184.0,183.4,0.6,0.33,22814764.0,4214464447.98
09988.HK,20200402,183.2,186.5,182.2,186.0,184.0,2.0,1.09,12304930.0,2277644390.66
09988.HK,20200403,183.5,184.9,182.6,183.7,186.0,-2.3,-1.24,9290512.0,1705499825.018
09988.HK,20200406,186.0,189.7,185.2,188.6,183.7,4.9,2.67,18253609.0,3431759028.064
09988.HK,20200407,191.5,191.7,188.5,191.5,188.6,2.9,1.54,16381930.0,3115543717.07
09988.HK,20200408,189.4,191.5,189.0,190.1,191.5,-1.4,-0.73,9180063.0,1744973659.246
09988.HK,20200409,191.3,191.9,189.3,191.7,190.1,1.6,0.84,13161858.0,2510374793.838
09988.HK,20200414,194.0,198.0,194.0,197.0,191.7,5.3,2.76,18233007.0,3585101875.96
09988.HK,20200415,199.0,201.2,196.8,197.9,197.0,0.9,0.46,20722474.0,4136142959.44
09988.HK,20200416,200.0,202.8,199.9,202.8,197.9,4.9,2.48,19818106.0,3987061443.258
09988.HK,20200417,210.0,211.8,206.2,207.6,202.8,4.8,2.37,33397811.0,6970853930.403
09988.HK,20200420,205.4,207.6,203.4,205.8,207.6,-1.8,-0.87,22875450.0,4707381790.47
09988.HK,20200421,207.0,207.8,200.6,204.2,205.8,-1.6,-0.78,17778769.0,3617090991.29
09988.HK,20200422,201.0,206.6,200.6,205.6,204.2,1.4,0.69,12962733.0,2647113581.53
09988.HK,20200423,204.4,205.2,202.4,204.4,205.6,-1.2,-0.58,16359183.0,3336824002.56
09988.HK,20200424,198.6,200.6,197.3,198.0,204.4,-6.4,-3.13,23966198.0,4761095408.14
09988.HK,20200427,198.5,202.4,198.5,200.6,198.0,2.6,1.31,13936896.0,2796341140.796
09988.HK,20200428,198.0,199.2,196.3,199.0,200.6,-1.6,-0.8,19944823.0,3951671874.308
09988.HK,20200429,196.5,197.9,196.5,197.0,199.0,-2.0,-1.01,14850119.0,2927529397.37
09988.HK,20200504,189.8,189.9,188.2,189.7,197.0,-7.3,-3.71,26903568.0,5093926432.992
09988.HK,20200505,187.7,189.2,186.9,188.5,189.7,-1.2,-0.63,27110375.0,5096035902.245
09988.HK,20200506,189.9,195.6,189.5,193.6,188.5,5.1,2.71,23022901.0,4446536870.7
09988.HK,20200507,189.9,190.9,189.5,190.5,193.6,-3.1,-1.6,20506910.0,3901364742.21
09988.HK,20200508,192.5,194.8,191.6,193.4,190.5,2.9,1.52,17851592.0,3456453226.84
09988.HK,20200511,196.9,199.5,196.5,198.7,193.4,5.3,2.74,19839300.0,3937522789.165
09988.HK,20200512,198.9,199.7,197.2,199.7,198.7,1.0,0.5,14037259.0,2790595183.13
09988.HK,20200513,195.5,197.4,194.3,196.3,199.7,-3.4,-1.7,26074457.0,5112304497.06
09988.HK,20200514,194.5,195.9,194.1,194.5,196.3,-1.8,-0.92,19248894.0,3749540377.14
09988.HK,20200515,195.0,197.1,194.1,196.9,194.5,2.4,1.23,16672799.0,3267430447.88
09988.HK,20200518,198.3,203.0,197.4,203.0,196.9,6.1,3.1,26818890.0,5405898386.55
09988.HK,20200519,210.0,211.8,205.6,209.8,203.0,6.8,3.35,45308325.0,9454817732.86
09988.HK,20200520,211.0,211.6,208.6,211.0,209.8,1.2,0.57,22533385.0,4735067369.234
09988.HK,20200521,209.4,209.6,205.6,206.2,211.0,-4.8,-2.27,23271613.0,4822053672.56
09988.HK,20200522,205.0,205.0,196.0,198.2,206.2,-8.0,-3.88,40226609.0,8012203848.696
09988.HK,20200525,193.7,199.6,190.3,198.2,198.2,0.0,0.0,40103124.0,7821602801.008
09988.HK,20200526,200.0,203.2,200.0,201.0,198.2,2.8,1.41,26834881.0,5416027399.125
09988.HK,20200527,198.9,199.6,196.1,197.3,201.0,-3.7,-1.84,33136407.0,6548476863.24
09988.HK,20200528,195.4,196.5,191.5,193.5,197.3,-3.8,-1.93,30919109.0,6005725353.29
09988.HK,20200529,193.0,196.3,192.0,194.3,193.5,0.8,0.41,19459191.0,3787995192.945
09988.HK,20200601,200.0,204.0,200.0,202.8,194.3,8.5,4.37,26826195.0,5433910737.26
09988.HK,20200602,201.6,201.8,199.5,200.0,202.8,-2.8,-1.38,22818103.0,4574799209.92
09988.HK,20200603,208.0,209.8,206.8,209.6,200.0,9.6,4.8,38794267.0,8085784227.38
09988.HK,20200604,213.0,213.0,207.4,211.0,209.6,1.4,0.67,22860283.0,4803200381.6
09988.HK,20200605,212.0,213.6,209.4,212.2,211.0,1.2,0.57,22415326.0,4747813114.942
09988.HK,20200608,214.6,214.6,210.8,212.4,212.2,0.2,0.09,17992461.0,3820890251.16
09988.HK,20200609,212.8,214.6,211.6,212.4,212.4,0.0,0.0,23063431.0,4923939771.097
09988.HK,20200610,214.2,216.8,213.8,215.6,212.4,3.2,1.51,19038860.0,4106913929.489
09988.HK,20200611,218.0,220.6,211.8,213.0,215.6,-2.6,-1.21,33036598.0,7170604189.75
09988.HK,20200612,208.2,214.0,207.4,212.0,213.0,-1.0,-0.47,25058536.0,5304963065.36
09988.HK,20200615,209.8,212.4,205.4,206.8,212.0,-5.2,-2.45,31716109.0,6621760870.42
09988.HK,20200616,211.2,214.4,211.0,213.2,206.8,6.4,3.09,18039173.0,3843338219.65
09988.HK,20200617,216.0,218.4,214.2,217.8,213.2,4.6,2.16,21385682.0,4641106088.19
09988.HK,20200618,218.8,218.8,215.2,217.8,217.8,0.0,0.0,16168952.0,3508457243.39
09988.HK,20200619,217.0,219.8,216.2,219.0,217.8,1.2,0.55,27295880.0,5963502386.67
09988.HK,20200622,216.2,216.2,212.6,213.0,219.0,-6.0,-2.74,28166629.0,6034961256.86
09988.HK,20200623,216.0,220.0,212.0,220.0,213.0,7.0,3.29,40290287.0,8751727916.71
09988.HK,20200624,222.8,224.8,221.4,221.4,220.0,1.4,0.64,30207600.0,6733812318.05
09988.HK,20200626,217.0,217.0,214.4,214.6,221.4,-6.8,-3.07,33158894.0,7148083315.024
09988.HK,20200629,211.0,211.6,208.6,209.4,214.6,-5.2,-2.42,33824007.0,7101463811.31
09988.HK,20200630,210.6,212.2,208.4,209.6,209.4,0.2,0.1,24171917.0,5079256128.655
09988.HK,20200702,211.8,215.0,210.2,214.4,209.6,4.8,2.29,31018228.0,6615651264.84
09988.HK,20200703,220.0,221.4,217.2,220.8,214.4,6.4,2.99,31233712.0,6866483138.42
09988.HK,20200706,224.0,226.8,223.0,225.4,220.8,4.6,2.08,42489587.0,9565812073.33
09988.HK,20200707,233.2,239.0,232.0,232.4,225.4,7.0,3.11,46585757.0,10976670178.89
09988.HK,20200708,231.0,238.6,231.0,237.8,232.4,5.4,2.32,31883443.0,7525714270.66
09988.HK,20200709,254.8,263.8,252.0,261.6,237.8,23.8,10.01,61690256.0,15896897807.13
09988.HK,20200710,257.0,262.0,253.0,255.4,261.6,-6.2,-2.37,44519242.0,11429206656.99
09988.HK,20200713,254.0,258.4,251.2,254.4,255.4,-1.0,-0.39,30979669.0,7896896064.27
09988.HK,20200714,244.4,246.4,238.4,240.4,254.4,-14.0,-5.5,53646972.0,12924583705.49
09988.HK,20200715,244.0,245.2,239.0,243.4,240.4,3.0,1.25,23131222.0,5619625834.23
09988.HK,20200716,242.8,242.8,231.6,233.2,243.4,-10.2,-4.19,34282035.0,8078911546.3
09988.HK,20200717,235.4,240.6,233.4,238.8,233.2,5.6,2.4,20224245.0,4824925245.5
09988.HK,20200720,238.0,241.8,235.2,239.6,238.8,0.8,0.34,11353749.0,2722802020.61
09988.HK,20200721,251.8,257.6,250.8,257.0,239.6,17.4,7.26,45185546.0,11501209014.29
09988.HK,20200722,251.4,254.8,247.6,248.0,257.0,-9.0,-3.5,36503672.0,9180126163.92
09988.HK,20200723,245.0,248.0,242.0,246.6,248.0,-1.4,-0.56,31183903.0,7670621903.18
09988.HK,20200724,244.2,244.4,237.2,239.0,246.6,-7.6,-3.08,27470849.0,6595339176.66
09988.HK,20200727,240.8,244.2,235.6,239.0,239.0,0.0,0.0,18243796.0,4369419976.9
09988.HK,20200728,244.0,245.6,242.8,244.6,239.0,5.6,2.34,14674368.0,3588968903.25
09988.HK,20200729,242.2,244.0,241.2,243.0,244.6,-1.6,-0.65,10549764.0,2560835321.97
09988.HK,20200730,246.0,249.6,243.4,244.8,243.0,1.8,0.74,21715110.0,5362170243.68
09988.HK,20200731,249.0,249.0,245.0,246.0,244.8,1.2,0.49,14687907.0,3628134990.33
09988.HK,20200803,244.8,246.6,243.4,245.6,246.0,-0.4,-0.16,18274346.0,4483790231.27
09988.HK,20200804,250.8,255.0,250.4,253.8,245.6,8.2,3.34,24914559.0,6311001118.88
09988.HK,20200805,255.8,256.0,252.0,255.8,253.8,2.0,0.79,18116054.0,4617249502.02
09988.HK,20200806,257.0,257.8,253.2,257.0,255.8,1.2,0.47,15966937.0,4079735543.65
09988.HK,20200807,256.0,256.2,240.6,249.2,257.0,-7.8,-3.04,36237559.0,8999484090.67
09988.HK,20200810,244.8,244.8,240.4,242.4,249.2,-6.8,-2.73,26039892.0,6316686647.51
09988.HK,20200811,242.0,246.8,241.6,244.0,242.4,1.6,0.66,16702416.0,4081411473.6
09988.HK,20200812,242.2,244.6,238.0,243.4,244.0,-0.6,-0.25,15796928.0,3817896100.49
09988.HK,20200813,247.8,251.0,246.2,248.2,243.4,4.8,1.97,12489234.0,3101672580.04
09988.HK,20200814,246.2,248.8,244.4,246.8,248.2,-1.4,-0.56,12607886.0,3113579750.03
09988.HK,20200817,242.6,246.6,241.2,242.8,246.8,-4.0,-1.62,20853111.0,5079606007.3
09988.HK,20200818,249.4,252.6,247.6,252.0,242.8,9.2,3.79,23158760.0,5792981325.72
09988.HK,20200819,252.0,256.0,251.0,255.4,252.0,3.4,1.35,15227171.0,3875288324.29
09988.HK,20200820,254.0,255.8,250.4,255.0,255.4,-0.4,-0.16,22881516.0,5796326521.08
09988.HK,20200821,251.8,258.6,250.6,252.8,255.0,-2.2,-0.86,32079272.0,8158819307.65
09988.HK,20200824,261.0,266.0,259.2,264.4,252.8,11.6,4.59,43488850.0,11431948544.81
09988.HK,20200825,270.0,274.4,266.6,269.2,264.4,4.8,1.82,30708120.0,8315663515.94
09988.HK,20200826,279.8,280.4,276.8,280.4,269.2,11.2,4.16,31949336.0,8913609882.95
09988.HK,20200827,282.6,284.0,278.0,280.6,280.4,0.2,0.07,28072548.0,7901575149.54
09988.HK,20200828,277.0,279.6,275.2,277.0,280.6,-3.6,-1.28,29542320.0,8204484945.04
09988.HK,20200831,282.8,287.6,281.0,282.8,277.0,5.8,2.09,26933353.0,7672605677.37
09988.HK,20200901,279.0,285.4,278.2,282.8,282.8,0.0,0.0,24207208.0,6827407275.2
09988.HK,20200902,290.0,292.0,287.4,291.2,282.8,8.4,2.97,24662027.0,7149828845.98
09988.HK,20200903,287.8,289.2,283.4,284.2,291.2,-7.0,-2.4,28987875.0,8292935672.05
09988.HK,20200904,268.0,275.4,265.2,274.0,284.2,-10.2,-3.59,78861798.0,21490059248.64
09988.HK,20200907,271.2,274.6,265.4,265.6,274.0,-8.4,-3.07,47493625.0,12878180490.73
09988.HK,20200908,270.0,271.8,262.2,269.6,265.6,4.0,1.51,27608738.0,7384451840.29
09988.HK,20200909,262.0,264.6,258.6,263.2,269.6,-6.4,-2.37,27066740.0,7086766586.07
09988.HK,20200910,266.8,268.0,262.0,262.6,263.2,-0.6,-0.23,25531787.0,6781491107.76
09988.HK,20200911,263.4,267.0,260.8,266.0,262.6,3.4,1.29,20757663.0,5483130633.82
09988.HK,20200914,266.8,268.6,264.0,268.2,266.0,2.2,0.83,16063671.0,4291080634.59
09988.HK,20200915,268.0,269.6,266.2,267.4,268.2,-0.8,-0.3,19666515.0,5271527041.67
09988.HK,20200916,269.8,273.0,269.2,273.0,267.4,5.6,2.09,20927130.0,5679417751.41
09988.HK,20200917,270.8,271.6,265.6,267.8,273.0,-5.2,-1.9,19364862.0,5187765056.61
09988.HK,20200918,266.6,269.6,264.4,269.6,267.8,1.8,0.67,20935638.0,5608151516.41
09988.HK,20200921,267.0,268.2,262.0,262.0,269.6,-7.6,-2.82,20930001.0,5559122667.18
09988.HK,20200922,267.0,267.0,262.4,264.8,262.0,2.8,1.07,16372015.0,4341925779.47
09988.HK,20200923,266.8,269.2,264.8,267.0,264.8,2.2,0.83,20296916.0,5436694780.18
09988.HK,20200924,264.0,265.4,261.0,261.0,267.0,-6.0,-2.25,16462927.0,4320316470.26
09988.HK,20200925,264.4,264.4,255.4,258.0,261.0,-3.0,-1.15,15319675.0,3979294977.85
09988.HK,20200928,262.0,264.6,261.2,263.4,258.0,5.4,2.09,11818697.0,3114018882.8
09988.HK,20200929,268.2,270.0,265.4,265.4,263.4,2.0,0.76,16607941.0,4451841614.22
09988.HK,20200930,269.4,276.0,268.8,275.6,265.4,10.2,3.84,35325185.0,9671374120.88
09988.HK,20201005,285.0,285.0,278.6,282.0,275.6,6.4,2.32,25233089.0,7104519506.11
09988.HK,20201006,279.8,281.2,277.4,280.0,282.0,-2.0,-0.71,18023022.0,5042914323.6
09988.HK,20201007,283.8,289.0,282.6,288.2,280.0,8.2,2.93,21555736.0,6180850470.7
09988.HK,20201008,289.8,289.8,285.2,289.6,288.2,1.4,0.49,17175080.0,4950003160.18
09988.HK,20201009,291.0,293.0,283.8,286.2,289.6,-3.4,-1.17,22209544.0,6415637279.47
09988.HK,20201012,288.0,293.0,287.6,292.0,286.2,5.8,2.03,15212791.0,4435100158.49
09988.HK,20201014,298.0,298.0,294.6,297.6,292.0,5.6,1.92,27640402.0,8197627652.25
09988.HK,20201015,290.4,291.0,284.2,284.8,297.6,-12.8,-4.3,26871063.0,7735200069.26
09988.HK,20201016,290.0,294.0,288.8,294.0,284.8,9.2,3.23,18581210.0,5427453488.81
09988.HK,20201019,298.2,299.4,295.4,297.2,294.0,3.2,1.09,19704407.0,5859766176.7
09988.HK,20201020,297.8,300.4,296.2,299.4,297.2,2.2,0.74,19447954.0,5810052698.02
09988.HK,20201021,300.0,303.8,299.2,300.2,299.4,0.8,0.27,17439667.0,5247408793.36
09988.HK,20201022,298.6,301.6,297.0,300.0,300.2,-0.2,-0.07,14381076.0,4311092175.82
09988.HK,20201023,297.8,300.4,297.0,298.0,300.0,-2.0,-0.67,15074407.0,4499506348.5
09988.HK,20201027,296.6,300.6,294.2,300.0,298.0,2.0,0.67,18285289.0,5447408480.62
09988.HK,20201028,304.4,309.4,304.2,307.4,300.0,7.4,2.47,27847200.0,8559878076.14
09988.HK,20201029,300.0,305.6,299.0,302.6,307.4,-4.8,-1.56,24070737.0,7283180469.51
09988.HK,20201030,301.0,303.0,292.6,293.2,302.6,-9.4,-3.11,26853552.0,7981680464.72
09988.HK,20201102,298.4,298.4,291.4,297.8,293.2,4.6,1.57,18371445.0,5429222549.7
09988.HK,20201103,300.4,301.6,299.0,299.8,297.8,2.0,0.67,17260262.0,5177454907.54
09988.HK,20201104,272.0,282.0,272.0,277.2,299.8,-22.6,-7.54,101173866.0,28120207117.37
09988.HK,20201105,285.6,294.6,285.6,294.6,277.2,17.4,6.28,42593676.0,12378945900.52
09988.HK,20201106,282.8,289.8,282.0,282.0,294.6,-12.6,-4.28,52373045.0,14888842669.58
09988.HK,20201109,291.4,293.0,289.4,290.2,282.0,8.2,2.91,35794135.0,10404585724.93
09988.HK,20201110,283.4,283.8,273.0,275.4,290.2,-14.8,-5.1,63855746.0,17801275351.41
09988.HK,20201111,255.0,258.8,248.4,248.4,275.4,-27.0,-9.8,116686276.0,29589258768.57
09988.HK,20201112,257.8,258.6,252.2,253.0,248.4,4.6,1.85,54771508.0,13952038363.91
09988.HK,20201113,258.6,260.0,252.4,257.0,253.0,4.0,1.58,42011134.0,10763226917.28
09988.HK,20201116,253.4,254.6,245.0,254.0,257.0,-3.0,-1.17,40495713.0,10134007532.66
09988.HK,20201117,255.0,255.6,249.8,249.8,254.0,-4.2,-1.65,27731447.0,6983949594.03
09988.HK,20201118,251.0,252.0,247.6,250.0,249.8,0.2,0.08,21190712.0,5298100093.52
09988.HK,20201119,250.0,250.0,245.0,245.2,250.0,-4.8,-1.92,19558960.0,4824224160.22
09988.HK,20201120,251.0,255.0,249.2,253.0,245.2,7.8,3.18,24969028.0,6315914812.45
09988.HK,20201123,263.2,266.2,260.6,264.0,253.0,11.0,4.35,44892281.0,11848363431.4
09988.HK,20201124,273.0,274.6,267.8,270.0,264.0,6.0,2.27,41400443.0,11226366736.39
09988.HK,20201125,274.8,275.0,264.6,267.0,270.0,-3.0,-1.11,27982144.0,7535209591.21
09988.HK,20201126,270.0,271.8,267.2,269.0,267.0,2.0,0.75,18539582.0,4994667750.68
09988.HK,20201127,271.0,271.0,267.2,269.6,269.0,0.6,0.22,11575149.0,3115603306.14
09988.HK,20201130,264.0,264.8,258.6,261.4,269.6,-8.2,-3.04,19453729.0,5075038557.55
09988.HK,20201201,256.8,259.6,254.6,257.2,261.4,-4.2,-1.61,19622885.0,5041333082.48
09988.HK,20201202,257.0,257.2,254.0,255.2,257.2,-2.0,-0.78,17518631.0,4478535316.74
09988.HK,20201203,255.2,258.4,254.6,257.4,255.2,2.2,0.86,14374923.0,3693312031.9
09988.HK,20201204,259.0,266.6,258.4,264.0,257.4,6.6,2.56,28041474.0,7385523768.16
09988.HK,20201207,261.0,261.2,255.0,258.0,264.0,-6.0,-2.27,16021766.0,4132888474.91
09988.HK,20201208,257.0,259.2,255.4,258.0,258.0,0.0,0.0,11781749.0,3034744808.1
09988.HK,20201209,262.0,262.8,259.4,260.8,258.0,2.8,1.09,17024320.0,4449526999.03
09988.HK,20201210,255.6,256.2,253.0,255.4,260.8,-5.4,-2.07,21316945.0,5438671596.38
09988.HK,20201211,259.0,260.6,257.0,258.4,255.4,3.0,1.17,12567160.0,3253601138.99
09988.HK,20201214,258.8,258.8,250.0,251.6,258.4,-6.8,-2.63,22655912.0,5729615165.6
09988.HK,20201215,250.0,250.0,245.0,246.0,251.6,-5.6,-2.23,27969305.0,6886326966.48
09988.HK,20201216,248.8,252.4,246.8,251.0,246.0,5.0,2.03,16279191.0,4076138256.05
09988.HK,20201217,255.4,258.0,254.4,258.0,251.0,7.0,2.79,18134098.0,4647504439.65
09988.HK,20201218,257.4,257.4,252.6,255.6,258.0,-2.4,-0.93,23943869.0,6105691990.2
09988.HK,20201221,255.0,255.0,248.4,250.0,255.6,-5.6,-2.19,14314027.0,3601283485.7
09988.HK,20201222,252.0,252.2,247.6,248.8,250.0,-1.2,-0.48,12519867.0,3121808250.7
09988.HK,20201223,249.2,249.8,245.2,248.4,248.8,-0.4,-0.16,15189316.0,3760136050.75
09988.HK,20201224,240.0,240.0,226.2,228.2,248.4,-20.2,-8.13,69173505.0,15959593163.35
09988.HK,20201228,219.4,219.8,207.2,210.0,228.2,-18.2,-7.98,104426789.0,22291605377.69
09988.HK,20201229,216.2,225.0,216.2,222.0,210.0,12.0,5.71,42704055.0,9455648618.61
09988.HK,20201230,229.8,236.4,229.4,236.2,222.0,14.2,6.4,40430776.0,9470326477.44
09988.HK,20201231,233.0,233.0,229.0,232.6,236.2,-3.6,-1.52,15576728.0,3603968705.31
09988.HK,20210104,224.8,228.6,223.4,227.6,232.6,-5.0,-2.15,27907724.0,6309314743.49
09988.HK,20210105,220.0,224.2,219.2,223.0,227.6,-4.6,-2.02,35061260.0,7765442681.08
09988.HK,20210106,228.0,232.6,227.8,230.0,223.0,7.0,3.14,31462508.0,7246448767.88
09988.HK,20210107,221.0,221.8,216.4,221.0,230.0,-9.0,-3.91,47362360.0,10400576927.92
09988.HK,20210108,223.4,226.4,219.6,224.2,221.0,3.2,1.45,29880895.0,6686597383.42
09988.HK,20210111,227.2,230.4,220.0,221.0,224.2,-3.2,-1.43,49219037.0,11073011901.3
09988.HK,20210112,221.0,221.0,217.2,220.0,221.0,-1.0,-0.45,36773693.0,8063156455.41
09988.HK,20210113,221.6,225.6,221.0,223.8,220.0,3.8,1.73,25521304.0,5704300238.14
09988.HK,20210114,231.8,235.4,229.4,235.0,223.8,11.2,5.0,56102214.0,13089969050.25
09988.HK,20210115,238.0,244.2,236.2,241.0,235.0,6.0,2.55,56724043.0,13633874912.64
09988.HK,20210118,238.6,243.6,236.6,242.0,241.0,1.0,0.41,28459710.0,6862396379.73
09988.HK,20210119,245.0,248.8,242.2,244.2,242.0,2.2,0.91,35728468.0,8764559076.85
09988.HK,20210120,245.2,270.0,244.4,265.0,244.2,20.8,8.52,105283224.0,27424669105.97
09988.HK,20210121,259.6,262.6,255.2,258.6,265.0,-6.4,-2.42,52014003.0,13453226086.68
09988.HK,20210122,252.4,253.4,247.2,250.6,258.6,-8.0,-3.09,39959960.0,10005166192.52
09988.HK,20210125,252.6,262.8,251.0,258.0,250.6,7.4,2.95,47792619.0,12345860291.66
09988.HK,20210126,255.4,256.0,252.2,253.4,258.0,-4.6,-1.78,33317774.0,8464356033.5
09988.HK,20210127,261.8,263.2,255.2,260.0,253.4,6.6,2.6,34684877.0,9026580124.14
09988.HK,20210128,252.8,257.6,250.4,251.6,260.0,-8.4,-3.23,34740164.0,8786240128.38
09988.HK,20210129,251.6,254.0,242.0,246.8,251.6,-4.8,-1.91,34866053.0,8617470107.38
09988.HK,20210201,246.0,252.0,245.0,251.2,246.8,4.4,1.78,27611659.0,6872671609.66
09988.HK,20210202,260.0,261.4,255.8,260.0,251.2,8.8,3.5,35793652.0,9290978799.96
09988.HK,20210203,249.8,266.0,247.2,261.0,260.0,1.0,0.38,58494910.0,14797214450.37
09988.HK,20210204,260.8,267.4,257.4,262.2,261.0,1.2,0.46,72252607.0,18961247185.76
09988.HK,20210205,259.8,261.4,256.4,258.0,262.2,-4.2,-1.6,30738742.0,7966043399.28
09988.HK,20210208,259.6,262.4,255.4,256.4,258.0,-1.6,-0.62,14861452.0,3834836472.23
09988.HK,20210209,255.8,257.4,253.0,255.4,256.4,-1.0,-0.39,21534617.0,5484390734.67
09988.HK,20210210,258.6,263.0,257.4,262.0,255.4,6.6,2.58,28952395.0,7556389277.6
09988.HK,20210211,261.0,262.0,257.6,261.0,262.0,-1.0,-0.38,13576585.0,3527164461.62
09988.HK,20210216,264.8,266.0,263.2,264.2,261.0,3.2,1.23,35490449.0,9359589456.3
09988.HK,20210217,263.4,269.4,262.2,267.0,264.2,2.8,1.06,36931302.0,9850583544.88
09988.HK,20210218,263.4,263.8,260.0,260.4,267.0,-6.6,-2.47,29507989.0,7726721657.91
09988.HK,20210219,256.0,258.0,252.4,257.0,260.4,-3.4,-1.31,27537542.0,7040845064.97
09988.HK,20210222,256.0,256.4,249.8,250.6,257.0,-6.4,-2.49,30923499.0,7816051357.28
09988.HK,20210223,246.4,248.8,243.2,247.6,250.6,-3.0,-1.2,24370829.0,6016334362.66
09988.HK,20210224,247.6,248.8,240.0,242.8,247.6,-4.8,-1.94,31209824.0,7594054253.81
09988.HK,20210225,243.4,248.8,239.2,243.4,242.8,0.6,0.25,27601154.0,6728205572.19
09988.HK,20210226,232.8,234.4,230.8,232.4,243.4,-11.0,-4.52,42971525.0,10057303513.57
09988.HK,20210301,234.8,236.6,232.4,234.6,232.4,2.2,0.95,25781049.0,6032555638.19
09988.HK,20210302,234.6,235.4,229.0,229.4,234.6,-5.2,-2.22,28438280.0,6572874941.94
09988.HK,20210303,229.6,234.0,227.4,232.4,229.4,3.0,1.31,18744515.0,4345926328.44
09988.HK,20210304,231.0,231.2,227.0,227.2,232.4,-5.2,-2.24,17756272.0,4054005938.89
09988.HK,20210305,223.8,229.8,221.2,227.0,,,,26560051.0,6010215072.79
09988.HK,20210308,228.8,231.6,220.2,220.6,227.0,-6.4,-2.82,24540546.0,5500393865.83
09988.HK,20210309,224.0,230.0,218.6,224.0,220.6,3.4,1.54,35249748.0,7921617125.79
09988.HK,20210310,231.0,231.6,228.0,228.4,224.0,4.4,1.96,30292760.0,6944357102.68
09988.HK,20210311,229.0,230.4,226.4,227.6,228.4,-0.8,-0.35,29228815.0,6684606598.78
09988.HK,20210312,233.0,234.4,225.8,226.0,227.6,-1.6,-0.7,34231547.0,7869147069.06
09988.HK,20210315,227.0,227.8,219.4,221.4,226.0,-4.6,-2.04,33908103.0,7554639710.05
09988.HK,20210316,222.4,222.6,220.6,221.4,221.4,0.0,0.0,20868000.0,4622070303.3
09988.HK,20210317,221.0,223.4,219.4,222.6,221.4,1.2,0.54,18718973.0,4148452141.49
09988.HK,20210318,226.6,238.6,226.4,233.6,222.6,11.0,4.94,58621778.0,13742631451.48
09988.HK,20210319,232.0,234.6,229.6,234.6,233.6,1.0,0.43,44914799.0,10463877725.57
09988.HK,20210322,232.4,234.4,230.6,231.2,234.6,-3.4,-1.45,14508251.0,3370902191.69
09988.HK,20210323,231.4,232.8,228.0,230.0,231.2,-1.2,-0.52,26218754.0,6046866155.4
09988.HK,20210324,232.6,233.6,228.4,230.0,230.0,0.0,0.0,15811948.0,3642246790.24
09988.HK,20210325,218.6,222.2,215.2,221.0,230.0,-9.0,-3.91,30783245.0,6763730544.24
09988.HK,20210326,217.8,218.6,214.0,216.0,221.0,-5.0,-2.26,32976932.0,7121902938.96
09988.HK,20210329,216.0,217.6,214.4,216.2,216.0,0.2,0.09,25704513.0,5548199167.4
09988.HK,20210330,224.4,225.2,220.8,221.6,216.2,5.4,2.5,33848578.0,7538783515.97
09988.HK,20210331,224.0,224.2,219.8,220.0,221.6,-1.6,-0.72,19946806.0,4406987803.76
09988.HK,20210401,223.0,226.2,220.6,225.6,220.0,5.6,2.55,23025316.0,5149546298.51
09988.HK,20210407,224.2,225.6,221.4,222.0,225.6,-3.6,-1.6,24885227.0,5550631946.32
09988.HK,20210408,221.8,225.0,220.8,223.0,222.0,1.0,0.45,25337633.0,5664406310.73
09988.HK,20210409,223.0,223.0,216.8,218.0,223.0,-5.0,-2.24,22699587.0,4972340264.99
09988.HK,20210412,230.0,237.6,226.6,232.2,218.0,14.2,6.51,77835113.0,18147041010.38
09988.HK,20210413,240.0,241.6,232.4,233.2,232.2,1.0,0.43,35951883.0,8516949881.11
09988.HK,20210414,236.6,238.0,235.0,237.8,233.2,4.6,1.97,21526494.0,5098805723.46
09988.HK,20210415,234.0,234.8,230.6,233.8,237.8,-4.0,-1.68,20324396.0,4744676727.0
09988.HK,20210416,232.0,237.4,231.6,235.6,233.8,1.8,0.77,31491743.0,7393839935.73
09988.HK,20210419,232.0,234.4,231.2,232.0,235.6,-3.6,-1.53,24351578.0,5679238436.54
09988.HK,20210420,228.4,228.6,225.2,228.2,232.0,-3.8,-1.64,19985710.0,4543897861.74
09988.HK,20210421,222.0,222.8,220.2,221.8,228.2,-6.4,-2.8,21338590.0,4721783380.29
09988.HK,20210422,221.8,224.4,220.6,221.4,221.8,-0.4,-0.18,15020535.0,3331485472.04
09988.HK,20210423,223.6,226.6,222.8,224.4,221.4,3.0,1.36,16197504.0,3638145390.5
09988.HK,20210426,226.0,227.8,224.4,224.6,224.4,0.2,0.09,14207473.0,3208411996.76
09988.HK,20210427,226.0,228.6,225.4,226.4,224.6,1.8,0.8,14100733.0,3200336205.82
09988.HK,20210428,228.8,232.0,227.0,231.6,226.4,5.2,2.3,27538276.0,6357138869.02
09988.HK,20210429,233.8,233.8,230.4,231.4,231.6,-0.2,-0.09,13445304.0,3120067844.3
09988.HK,20210430,227.0,227.4,223.4,225.0,231.4,-6.4,-2.77,18390472.0,4141220775.82
09988.HK,20210503,225.0,226.8,222.4,223.8,225.0,-1.2,-0.53,10743054.0,2401662834.03
09988.HK,20210504,223.4,225.6,223.0,225.2,223.8,1.4,0.63,8757722.0,1965706404.15
09988.HK,20210505,221.6,222.6,219.4,220.0,225.2,-5.2,-2.31,15431071.0,3408118991.2
09988.HK,20210506,220.8,222.8,219.6,221.6,220.0,1.6,0.73,11577986.0,2560554195.68
09988.HK,20210507,221.0,222.4,219.0,219.8,221.6,-1.8,-0.81,15513681.0,3424316508.18
09988.HK,20210510,219.8,221.2,213.0,215.2,219.8,-4.6,-2.09,22333260.0,4815713487.14
09988.HK,20210511,210.6,211.4,207.0,207.6,215.2,-7.6,-3.53,24014630.0,5001804340.96
09988.HK,20210512,215.0,220.8,214.0,220.2,207.6,12.6,6.07,31199699.0,6807868392.98
09988.HK,20210513,215.8,218.0,213.2,213.2,220.2,-7.0,-3.18,18348468.0,3966144932.12
09988.HK,20210514,202.0,205.2,200.2,204.6,213.2,-8.6,-4.03,52690766.0,10704069341.43
09988.HK,20210517,204.6,208.8,203.2,205.4,204.6,0.8,0.39,27817583.0,5733812100.82
09988.HK,20210518,207.2,208.6,206.6,207.6,205.4,2.2,1.07,18530861.0,3845032384.86
09988.HK,20210520,207.0,208.0,204.4,206.0,207.6,-1.6,-0.77,30886478.0,6357357815.42
09988.HK,20210521,210.2,210.6,206.0,208.0,206.0,2.0,0.97,38645780.0,8006115533.38
09988.HK,20210524,206.0,206.0,204.0,205.0,208.0,-3.0,-1.44,17159113.0,3520654616.28
09988.HK,20210525,203.6,207.0,203.4,206.0,205.0,1.0,0.49,23472797.0,4825599754.07
09988.HK,20210526,207.8,208.6,206.4,207.0,206.0,1.0,0.49,16688924.0,3462679023.4
09988.HK,20210527,205.4,208.8,205.0,208.8,207.0,1.8,0.87,31113636.0,6457812433.49
09988.HK,20210528,208.4,209.4,206.6,207.4,208.8,-1.4,-0.67,24377407.0,5072496490.97
09988.HK,20210531,208.4,211.4,207.8,211.0,207.4,3.6,1.74,21707496.0,4545266466.74
09988.HK,20210601,213.6,219.6,212.4,218.2,211.0,7.2,3.41,38847778.0,8428381502.22
09988.HK,20210602,215.8,215.8,212.6,214.4,218.2,-3.8,-1.74,31538468.0,6760807899.05
09988.HK,20210603,213.8,213.8,209.6,210.8,214.4,-3.6,-1.68,18209307.0,3851552375.5
09988.HK,20210604,208.8,213.8,208.6,210.2,210.8,-0.6,-0.28,39982639.0,8422125693.99
09988.HK,20210607,211.6,212.6,209.0,212.0,210.2,1.8,0.86,23713310.0,4999389893.26
09988.HK,20210608,211.8,212.0,208.8,210.2,212.0,-1.8,-0.85,14131162.0,2968615171.8
09988.HK,20210609,209.2,210.4,207.2,208.0,210.2,-2.2,-1.05,14721409.0,3065981586.04
09988.HK,20210610,208.8,211.2,206.0,207.6,208.0,-0.4,-0.19,15353710.0,3191739630.48
09988.HK,20210611,207.8,208.0,204.4,205.2,207.6,-2.4,-1.16,21751657.0,4471789824.97
09988.HK,20210615,209.6,209.6,204.4,206.4,205.2,1.2,0.58,16521833.0,3416462988.89
09988.HK,20210616,205.4,205.4,203.4,203.4,206.4,-3.0,-1.45,15362004.0,3133564451.74
09988.HK,20210617,202.0,204.0,201.2,203.8,203.4,0.4,0.2,12114454.0,2457271206.13
09988.HK,20210618,204.4,207.6,203.8,207.0,203.8,3.2,1.57,26572314.0,5484834338.94
09988.HK,20210621,206.0,207.6,203.8,205.4,207.0,-1.6,-0.77,14510523.0,2978268160.57
09988.HK,20210622,204.0,204.4,201.8,203.0,205.4,-2.4,-1.17,16162775.0,3284650437.73
09988.HK,20210623,205.0,207.6,204.2,207.2,203.0,4.2,2.07,16558423.0,3415871148.8
09988.HK,20210624,209.6,212.6,209.2,210.2,207.2,3.0,1.45,16482032.0,3469139076.03
09988.HK,20210625,212.8,216.4,211.2,215.6,210.2,5.4,2.57,29426102.0,6310805455.16
09988.HK,20210628,220.8,225.0,219.2,222.0,215.6,6.4,2.97,23248108.0,5138780379.27
09988.HK,20210629,222.0,222.8,218.0,219.4,222.0,-2.6,-1.17,22735870.0,4995780387.66
09988.HK,20210630,222.0,222.8,220.0,220.0,219.4,0.6,0.27,17882516.0,3953022291.21
09988.HK,20210702,216.2,216.2,210.6,212.0,220.0,-8.0,-3.64,27196447.0,5775348343.32
09988.HK,20210705,209.0,209.8,205.0,206.0,212.0,-6.0,-2.83,21390710.0,4424221111.58
09988.HK,20210706,205.2,209.4,203.6,209.4,206.0,3.4,1.65,18506503.0,3831531354.52
09988.HK,20210707,207.0,207.0,204.4,205.8,209.4,-3.6,-1.72,16935600.0,3485370834.27
09988.HK,20210708,202.2,203.2,197.0,197.3,205.8,-8.5,-4.13,37789548.0,7536824126.76
09988.HK,20210709,195.0,196.6,189.9,195.5,197.3,-1.8,-0.91,35815396.0,6949893725.27
09988.HK,20210712,199.3,200.8,195.3,197.4,195.5,1.9,0.97,19585720.0,3860325694.13
09988.HK,20210713,199.4,207.4,197.6,205.2,197.4,7.8,3.95,30179190.0,6158281848.03
09988.HK,20210714,205.2,206.8,203.8,206.4,205.2,1.2,0.58,25764588.0,5301107250.18
09988.HK,20210715,206.4,214.2,206.0,210.6,206.4,4.2,2.03,45293673.0,9575940689.26
09988.HK,20210716,210.4,211.6,207.8,209.4,210.6,-1.2,-0.57,55141154.0,11568748321.62
09988.HK,20210719,205.8,205.8,201.8,202.6,209.4,-6.8,-3.25,43294441.0,8938676268.57
09988.HK,20210720,204.0,206.4,200.4,202.8,202.6,0.2,0.1,14790988.0,3004026921.82
09988.HK,20210721,205.6,206.0,201.4,203.0,202.8,0.2,0.1,14800334.0,3003592349.93
09988.HK,20210722,205.6,207.6,205.4,207.4,203.0,4.4,2.17,12066102.0,2493377839.54
09988.HK,20210723,208.8,208.8,203.4,205.2,207.4,-2.2,-1.06,11735052.0,2416973322.2
09988.HK,20210726,199.2,199.2,192.0,192.1,205.2,-13.1,-6.38,43322099.0,8446825053.8
09988.HK,20210727,183.8,188.5,174.5,179.9,192.1,-12.2,-6.35,66752350.0,12137007766.37
09988.HK,20210728,179.5,184.6,176.2,183.2,179.9,3.3,1.83,52598759.0,9511125623.24
09988.HK,20210729,191.8,197.3,189.3,197.3,183.2,14.1,7.7,57050274.0,11034896844.32
09988.HK,20210730,190.4,190.7,185.6,189.0,197.3,-8.3,-4.21,26604358.0,5013843337.01
09988.HK,20210802,189.0,193.3,187.2,191.9,189.0,2.9,1.53,24424086.0,4661555040.69
09988.HK,20210803,195.5,195.5,187.2,193.5,191.9,1.6,0.83,25920558.0,4971672774.27
09988.HK,20210804,191.3,194.5,186.5,192.3,193.5,-1.2,-0.62,23029276.0,4419809672.51
09988.HK,20210805,194.9,197.6,191.8,192.5,192.3,0.2,0.1,21169911.0,4115268662.45
09988.HK,20210806,192.2,194.3,190.3,193.5,192.5,1.0,0.52,15486524.0,2984418119.7
09988.HK,20210809,187.0,191.6,185.1,188.7,193.5,-4.8,-2.48,28015589.0,5268905113.77
09988.HK,20210810,190.0,192.9,187.6,192.9,188.7,4.2,2.23,17983679.0,3433989554.67
09988.HK,20210811,190.6,192.4,188.4,191.2,192.9,-1.7,-0.88,13796247.0,2629768302.3
09988.HK,20210812,190.0,190.8,186.4,188.7,191.2,-2.5,-1.31,14517317.0,2733942590.58
09988.HK,20210813,185.5,185.8,181.5,184.0,188.7,-4.7,-2.49,21527678.0,3944021088.9
09988.HK,20210816,183.9,183.9,179.6,180.4,184.0,-3.6,-1.96,19542473.0,3535678619.62
09988.HK,20210817,177.9,178.9,171.0,171.8,180.4,-8.6,-4.77,42641139.0,7423462698.28
09988.HK,20210818,170.0,172.7,169.4,171.6,171.8,-0.2,-0.12,23291029.0,3989823219.61
09988.HK,20210819,168.6,169.4,160.3,162.1,171.6,-9.5,-5.54,45396323.0,7465024146.23
09988.HK,20210820,158.1,160.7,155.1,157.9,162.1,-4.2,-2.59,54863086.0,8667704071.43
09988.HK,20210823,155.9,160.0,151.2,152.1,157.9,-5.8,-3.67,69681080.0,10752794232.59
09988.HK,20210824,156.8,166.6,156.3,166.5,152.1,14.4,9.47,52107427.0,8431895586.8
09988.HK,20210825,170.8,172.3,162.4,164.1,166.5,-2.4,-1.44,53797802.0,8926318762.85
09988.HK,20210826,164.3,165.9,160.1,162.2,164.1,-1.9,-1.16,25997432.0,4228107633.47
09988.HK,20210827,160.7,163.1,153.7,155.9,162.2,-6.3,-3.88,51566566.0,8137562763.04
09988.HK,20210830,155.9,160.1,154.3,158.2,155.9,2.3,1.48,33016759.0,5205951121.99
09988.HK,20210831,158.5,165.5,154.7,165.5,158.2,7.3,4.61,49830778.0,8068832103.21
09988.HK,20210901,163.5,167.6,161.7,165.2,165.5,-0.3,-0.18,36318509.0,5990303590.5
09988.HK,20210902,170.0,171.9,167.6,171.0,165.2,5.8,3.51,32232099.0,5482550520.6
09988.HK,20210903,168.4,168.5,164.0,164.9,171.0,-6.1,-3.57,48210742.0,7969997734.39
09988.HK,20210906,164.5,168.0,163.8,168.0,164.9,3.1,1.88,24264531.0,4022363154.8
09988.HK,20210907,168.4,171.8,168.3,170.0,168.0,2.0,1.19,24179489.0,4114852274.64
09988.HK,20210908,170.0,173.4,169.3,170.9,170.0,0.9,0.53,24995877.0,4279542760.81
09988.HK,20210909,165.0,166.1,160.3,161.0,170.9,-9.9,-5.79,28379942.0,4632163922.95
09988.HK,20210910,163.7,168.2,163.4,167.9,161.0,6.9,4.29,27766697.0,4624973117.02
09988.HK,20210913,161.5,163.0,156.9,160.8,167.9,-7.1,-4.23,25905101.0,4149204466.64
09988.HK,20210914,160.4,162.1,156.4,158.3,160.8,-2.5,-1.55,22361537.0,3546557742.33
09988.HK,20210915,155.5,156.9,153.6,154.0,158.3,-4.3,-2.72,28239189.0,4369306956.26
09988.HK,20210916,153.6,153.9,149.1,151.5,154.0,-2.5,-1.62,33935111.0,5123135373.18
09988.HK,20210917,150.6,155.7,150.2,154.9,151.5,3.4,2.24,30179321.0,4647387717.05
09988.HK,20210920,154.2,154.3,150.7,151.5,154.9,-3.4,-2.19,17981515.0,2738711003.13
09988.HK,20210921,146.0,149.5,145.5,148.7,151.5,-2.8,-1.85,23944111.0,3537636053.62
09988.HK,20210923,148.0,150.8,146.4,148.4,148.7,-0.3,-0.2,32529431.0,4818547949.38
09988.HK,20210924,146.7,148.3,143.8,144.3,148.4,-4.1,-2.76,30354881.0,4425802658.35
09988.HK,20210927,142.2,145.5,141.2,141.9,144.3,-2.4,-1.66,31609172.0,4513012652.04
09988.HK,20210928,145.4,153.0,144.5,150.9,141.9,9.0,6.34,42597994.0,6395197877.08
09988.HK,20210929,148.3,149.3,145.5,148.3,150.9,-2.6,-1.72,24903515.0,3682628903.58
09988.HK,20210930,144.9,144.9,141.0,142.2,148.3,-6.1,-4.11,38043224.0,5421289300.13
09988.HK,20211004,143.5,143.5,136.4,137.0,142.2,-5.2,-3.66,41840351.0,5829085747.43
09988.HK,20211005,132.0,135.9,132.0,135.3,137.0,-1.7,-1.24,30437300.0,4082575636.24
09988.HK,20211006,138.6,139.2,135.7,137.3,135.3,2.0,1.48,18712471.0,2572493738.28
09988.HK,20211007,141.3,147.8,141.1,147.3,137.3,10.0,7.28,32227036.0,4680382293.12
09988.HK,20211008,154.4,155.5,150.8,155.5,147.3,8.2,5.57,55270783.0,8501337801.33
09988.HK,20211011,163.0,170.5,162.0,167.8,155.5,12.3,7.91,87174082.0,14547536338.38
09988.HK,20211012,160.2,163.0,159.0,161.3,167.8,-6.5,-3.87,51876960.0,8353973669.77
09988.HK,20211015,161.3,162.2,158.8,161.8,161.3,0.5,0.31,41251499.0,6636668133.09
09988.HK,20211018,162.5,162.9,159.9,162.9,161.8,1.1,0.68,20485496.0,3302423184.9
09988.HK,20211019,162.7,165.9,162.2,164.8,162.9,1.9,1.17,22621183.0,3721441865.0
09988.HK,20211020,172.6,179.9,171.0,175.8,164.8,11.0,6.67,73819843.0,13003598263.04
09988.HK,20211021,173.0,175.5,170.5,173.9,175.8,-1.9,-1.08,39498418.0,6847932868.91
09988.HK,20211022,172.6,175.0,171.3,174.4,173.9,0.5,0.29,24304039.0,4217454712.33
09988.HK,20211025,174.4,176.8,173.3,174.0,174.4,-0.4,-0.23,22993063.0,4015251524.88
09988.HK,20211026,173.0,173.0,168.1,169.5,174.0,-4.5,-2.59,27007684.0,4596663138.2
09988.HK,20211027,165.3,165.6,163.3,164.5,169.5,-5.0,-2.95,25552560.0,4199976258.07
09988.HK,20211028,166.9,169.1,165.0,165.2,164.5,0.7,0.43,26244370.0,4362904796.21
09988.HK,20211029,165.0,166.2,162.5,163.0,165.2,-2.2,-1.33,24508214.0,4013487545.3
09988.HK,20211101,161.1,161.2,158.0,159.5,163.0,-3.5,-2.15,20955824.0,3344991399.8
09988.HK,20211102,166.2,166.9,160.1,161.6,159.5,2.1,1.32,28075255.0,4565536327.14
09988.HK,20211103,159.9,161.0,156.6,160.6,161.6,-1.0,-0.62,20797548.0,3313986713.42
09988.HK,20211104,162.9,165.6,162.0,165.6,160.6,5.0,3.11,23357978.0,3839705248.68
09988.HK,20211105,162.0,162.0,158.4,159.9,165.6,-5.7,-3.44,26167989.0,4200786163.11
09988.HK,20211108,156.0,157.7,154.7,157.3,159.9,-2.6,-1.63,25006375.0,3910356636.75
09988.HK,20211109,160.3,161.2,156.8,157.1,157.3,-0.2,-0.13,16113085.0,2550305484.61
09988.HK,20211110,157.6,161.6,155.7,161.2,157.1,4.1,2.61,17191925.0,2725572224.88
09988.HK,20211111,158.0,164.2,157.6,163.2,161.2,2.0,1.24,23548938.0,3794799938.28
09988.HK,20211112,164.8,165.7,159.0,162.4,163.2,-0.8,-0.49,24265602.0,3940520629.2
09988.HK,20211115,163.3,164.2,159.6,161.5,162.4,-0.9,-0.55,19121584.0,3085282010.18
09988.HK,20211116,162.0,166.0,161.5,165.2,161.5,3.7,2.29,19860348.0,3263026420.36
09988.HK,20211117,164.9,165.1,163.2,164.8,165.2,-0.4,-0.24,16275917.0,2673814251.86
09988.HK,20211118,158.2,158.9,155.3,156.0,164.8,-8.8,-5.34,39030221.0,6115636458.0
09988.HK,20211119,140.0,142.2,139.2,139.3,156.0,-16.7,-10.71,106644709.0,14967875746.93
09988.HK,20211122,139.0,139.7,137.1,137.1,139.3,-2.2,-1.58,42684873.0,5901327662.37
09988.HK,20211123,133.0,133.8,132.5,133.0,137.1,-4.1,-2.99,46352819.0,6173683386.71
09988.HK,20211124,131.0,134.8,130.7,131.8,133.0,-1.2,-0.9,44830998.0,5914082084.56
09988.HK,20211125,132.0,135.9,132.0,135.4,131.8,3.6,2.73,23796814.0,3194392687.21
09988.HK,20211126,133.2,133.9,129.1,129.1,135.4,-6.3,-4.65,37945230.0,4981629586.34
09988.HK,20211129,133.0,133.2,129.8,130.0,129.1,0.9,0.7,29532407.0,3875018424.57
09988.HK,20211130,129.5,130.1,123.6,127.3,130.0,-2.7,-2.08,61241018.0,7769481682.868
09988.HK,20211201,125.0,127.0,124.2,125.7,127.3,-1.6,-1.26,42728524.0,5370581793.35
09988.HK,20211202,120.3,123.7,120.1,122.6,125.7,-3.1,-2.47,63847691.0,7785567225.81
09988.HK,20211203,120.5,120.5,116.0,119.4,122.6,-3.2,-2.61,84752440.0,10051287625.57
09988.HK,20211206,109.9,114.2,109.5,112.7,119.4,-6.7,-5.61,105384522.0,11863863061.86
09988.HK,20211207,122.0,126.7,120.7,126.5,112.7,13.8,12.24,82401598.0,10214647362.34
09988.HK,20211208,122.7,123.0,119.2,120.6,126.5,-5.9,-4.66,61244054.0,7409000417.48
09988.HK,20211209,122.6,124.3,122.1,123.4,120.6,2.8,2.32,35851860.0,4418065311.31
09988.HK,20211210,122.3,123.2,120.3,121.2,123.4,-2.2,-1.78,41285795.0,5028733687.68
09988.HK,20211213,124.8,126.7,120.8,121.1,121.2,-0.1,-0.08,41769452.0,5163363737.18
09988.HK,20211214,121.0,121.0,117.8,118.7,121.1,-2.4,-1.98,32130092.0,3834316810.7
09988.HK,20211215,122.2,123.8,120.0,121.0,118.7,2.3,1.94,35292960.0,4301317271.5
09988.HK,20211216,119.4,121.3,117.0,120.7,121.0,-0.3,-0.25,37563320.0,4483159271.18
09988.HK,20211217,118.0,118.3,115.4,117.0,120.7,-3.7,-3.07,49369280.0,5769375560.76
09988.HK,20211220,118.2,118.9,114.3,114.5,117.0,-2.5,-2.14,33663120.0,3909510677.0
09988.HK,20211221,112.6,115.5,112.0,113.9,114.5,-0.6,-0.52,37940314.0,4307942398.55
09988.HK,20211222,119.9,119.9,113.1,114.9,113.9,1.0,0.88,45188386.0,5221862362.61
09988.HK,20211223,114.9,115.6,113.0,113.3,114.9,-1.6,-1.39,25067293.0,2854956312.23
09988.HK,20211224,113.8,114.8,112.8,113.0,113.3,-0.3,-0.26,19524988.0,2214279196.89
09988.HK,20211228,113.3,114.2,112.3,113.5,113.0,0.5,0.44,22985751.0,2603896349.12
09988.HK,20211229,112.3,112.3,110.1,110.6,113.5,-2.9,-2.56,19990686.0,2220646463.55
09988.HK,20211230,110.0,112.2,109.2,109.9,110.6,-0.7,-0.63,23838394.0,2630362086.7
09988.HK,20211231,119.5,120.3,118.1,118.9,109.9,9.0,8.19,31837667.0,3798519747.14
09988.HK,20220103,117.0,117.5,114.0,115.0,118.9,-3.9,-3.28,22176946.0,2552514931.37
09988.HK,20220104,118.4,118.9,115.7,116.9,115.0,1.9,1.65,23228903.0,2716909458.73
09988.HK,20220105,119.0,119.1,113.9,114.5,116.9,-2.4,-2.05,30717509.0,3570167501.56
09988.HK,20220106,117.5,121.1,117.3,121.0,114.5,6.5,5.68,47231895.0,5633945989.75
09988.HK,20220107,126.5,128.8,122.8,128.8,121.0,7.8,6.45,58778943.0,7448366564.66
09988.HK,20220110,128.8,129.5,125.4,127.6,128.8,-1.2,-0.93,36814976.0,4710957522.89
09988.HK,20220111,125.0,126.5,123.9,125.6,127.6,-2.0,-1.57,31659059.0,3968553804.8
09988.HK,20220112,128.6,133.1,128.4,133.0,125.6,7.4,5.89,44483108.0,5849372123.77
09988.HK,20220113,135.0,135.0,130.4,132.2,133.0,-0.8,-0.6,36032047.0,4773530199.44
09988.HK,20220114,126.9,129.3,126.6,129.3,132.2,-2.9,-2.19,28235556.0,3613581310.57
09988.HK,20220117,129.3,130.1,127.4,128.5,129.3,-0.8,-0.62,23534494.0,3023201331.11
09988.HK,20220118,129.2,130.9,125.4,126.4,128.5,-2.1,-1.63,23468279.0,3002246418.5
09988.HK,20220119,126.2,127.3,123.5,124.2,126.4,-2.2,-1.74,29730153.0,3716037900.11
09988.HK,20220120,125.0,132.5,125.0,131.5,124.2,7.3,5.88,44796183.0,5816357771.84
09988.HK,20220121,126.1,127.5,124.0,127.1,131.5,-4.4,-3.35,61817387.0,7800472996.63
09988.HK,20220124,122.0,122.0,118.7,119.1,127.1,-8.0,-6.29,54758602.0,6601581578.32
09988.HK,20220125,116.4,118.8,115.1,116.8,119.1,-2.3,-1.93,41283512.0,4830037594.72
09988.HK,20220126,116.3,118.7,114.1,116.9,116.8,0.1,0.09,35353738.0,4122275949.4
09988.HK,20220127,110.5,111.9,108.0,108.5,116.9,-8.4,-7.19,75467681.0,8256004736.63
09988.HK,20220128,110.0,111.5,108.6,110.0,108.5,1.5,1.38,43809950.0,4814678228.56
09988.HK,20220131,112.1,116.2,111.5,114.0,110.0,4.0,3.64,29579311.0,3382465823.78
09988.HK,20220204,120.0,120.8,118.4,120.4,114.0,6.4,5.61,43293069.0,5187008301.27
09988.HK,20220207,117.4,118.7,113.6,115.0,120.4,-5.4,-4.49,54757312.0,6342326763.12
09988.HK,20220208,112.6,113.5,110.6,111.2,115.0,-3.8,-3.3,41696354.0,4663920828.08
09988.HK,20220209,118.0,119.4,117.0,118.8,111.2,7.6,6.83,44480636.0,5249249534.6
09988.HK,20220210,123.0,123.0,119.4,122.2,118.8,3.4,2.86,32353947.0,3927646327.27
09988.HK,20220211,120.4,122.9,120.0,122.4,122.2,0.2,0.16,24203787.0,2943214197.38
09988.HK,20220214,119.0,119.9,118.2,118.7,122.4,-3.7,-3.02,19512374.0,2320807311.09
09988.HK,20220215,118.0,120.0,117.4,118.4,118.7,-0.3,-0.25,16132479.0,1910117881.1
09988.HK,20220216,122.4,123.0,121.1,122.5,118.4,4.1,3.46,20308833.0,2479111422.78
09988.HK,20220217,122.0,123.3,120.9,123.0,122.5,0.5,0.41,18965828.0,2320687752.08
09988.HK,20220218,122.6,124.0,118.7,119.5,123.0,-3.5,-2.85,36059936.0,4381820565.62
09988.HK,20220221,115.8,117.1,114.0,114.9,119.5,-4.6,-3.85,36333556.0,4203338917.99
09988.HK,20220222,109.0,111.9,108.8,111.4,114.9,-3.5,-3.05,43059975.0,4751759639.47
09988.HK,20220223,110.0,113.3,110.0,112.4,111.4,1.0,0.9,27244901.0,3054348453.05
09988.HK,20220224,107.5,108.4,103.6,104.9,112.4,-7.5,-6.67,64889871.0,6868650892.86
09988.HK,20220225,107.4,108.2,104.9,105.3,104.9,0.4,0.38,42605788.0,4532486046.7
09988.HK,20220228,103.3,104.2,100.7,104.2,105.3,-1.1,-1.04,56081193.0,5772124752.97
09988.HK,20220301,102.2,104.8,101.9,103.8,104.2,-0.4,-0.38,30377847.0,3137297359.58
09988.HK,20220302,103.9,106.6,103.9,103.9,103.8,0.1,0.1,32172998.0,3381365604.38
09988.HK,20220303,103.5,104.5,103.0,104.4,103.9,0.5,0.48,23582886.0,2449304977.58
09988.HK,20220304,98.2,100.2,98.2,99.0,104.4,-5.4,-5.17,67845622.0,6721226929.53
09988.HK,20220307,96.25,98.0,93.4,96.0,99.0,-3.0,-3.03,59539428.0,5739080851.99
09988.HK,20220308,97.55,99.95,95.8,96.9,96.0,0.9,0.94,49195657.0,4796602938.97
09988.HK,20220309,96.9,97.35,92.6,96.25,96.9,-0.65,-0.67,60560894.0,5738667528.87
09988.HK,20220310,99.7,99.7,94.4,96.1,96.25,-0.15,-0.16,46922499.0,4535955041.66
09988.HK,20220311,90.55,92.15,88.05,90.8,96.1,-5.3,-5.52,74997978.0,6753693080.6
09988.HK,20220314,86.15,86.6,80.25,80.9,90.8,-9.9,-10.9,99109140.0,8261698869.8
09988.HK,20220315,73.8,79.35,71.0,71.25,80.9,-9.65,-11.93,166892058.0,12377788046.51
09988.HK,20220316,74.5,91.05,73.7,90.7,71.25,19.45,27.3,159307067.0,13244362569.98
09988.HK,20220317,104.0,104.0,95.3,102.0,90.7,11.3,12.46,147199025.0,14694743139.53
09988.HK,20220318,97.15,100.2,95.0,98.35,102.0,-3.65,-3.58,69216323.0,6760237461.62
09988.HK,20220321,104.8,104.8,97.25,99.1,98.35,0.75,0.76,78145126.0,7830241956.95
09988.HK,20220322,102.3,111.4,102.1,110.2,99.1,11.1,11.2,82216795.0,8808957053.45
09988.HK,20220323,114.6,119.4,112.5,117.6,110.2,7.4,6.72,109736384.0,12811574707.9
09988.HK,20220324,116.4,119.0,113.5,113.8,117.6,-3.8,-3.23,56175392.0,6501869443.2
09988.HK,20220325,111.4,113.5,104.8,107.4,113.8,-6.4,-5.62,59754137.0,6483447090.74
09988.HK,20220328,107.4,113.5,106.1,111.1,107.4,3.7,3.45,35856686.0,3951711929.11
09988.HK,20220329,112.7,114.8,112.2,113.5,111.1,2.4,2.16,28129247.0,3189176268.97
09988.HK,20220330,115.0,115.7,112.6,113.9,113.5,0.4,0.35,43050119.0,4916729701.01
09988.HK,20220331,114.9,114.9,109.7,112.1,113.9,-1.8,-1.58,26780152.0,3006258675.19
09988.HK,20220401,106.8,109.7,105.7,109.7,112.1,-2.4,-2.14,38709405.0,4178585460.27
09988.HK,20220404,110.6,114.6,110.0,113.7,109.7,4.0,3.65,41875311.0,4731418332.2
09988.HK,20220406,109.1,109.8,107.1,107.6,113.7,-6.1,-5.36,46638063.0,5068858963.9
09988.HK,20220407,106.4,108.9,105.2,105.2,107.6,-2.4,-2.23,35575706.0,3782776273.21
09988.HK,20220408,102.8,103.8,101.5,103.8,105.2,-1.4,-1.33,38153586.0,3919481547.5
09988.HK,20220411,102.8,103.0,97.85,98.5,103.8,-5.3,-5.11,40131164.0,3989829801.9
09988.HK,20220412,98.5,100.6,96.35,99.0,98.5,0.5,0.51,39683531.0,3907706451.15
09988.HK,20220413,98.4,99.5,97.0,98.5,99.0,-0.5,-0.51,24650087.0,2422957401.9
09988.HK,20220414,97.65,98.0,93.85,95.5,98.5,-3.0,-3.05,52348941.0,5002048354.45
09988.HK,20220419,92.55,93.45,90.9,91.5,95.5,-4.0,-4.19,34060706.0,3125896416.2
09988.HK,20220420,91.1,92.95,90.3,90.7,91.5,-0.8,-0.87,24190299.0,2205598483.2
09988.HK,20220421,88.75,89.7,86.5,87.9,90.7,-2.8,-3.09,37481397.0,3293346189.42
09988.HK,20220422,83.5,87.35,83.4,86.65,87.9,-1.25,-1.42,33414007.0,2859940169.91
09988.HK,20220425,84.8,84.95,81.2,81.85,86.65,-4.8,-5.54,43001305.0,3556386902.68
09988.HK,20220426,84.5,87.9,83.75,84.9,81.85,3.05,3.73,38304821.0,3265629395.35
09988.HK,20220427,84.35,85.45,83.0,84.55,84.9,-0.35,-0.41,27917828.0,2358172975.1
09988.HK,20220428,88.0,88.55,86.3,88.25,84.55,3.7,4.38,40675166.0,3563551981.9
09988.HK,20220429,88.25,103.8,87.15,102.1,88.25,13.85,15.69,102134425.0,10061608128.65
09988.HK,20220503,100.0,103.1,92.5,100.3,102.1,-1.8,-1.76,103238870.0,10171090312.77
09988.HK,20220504,98.5,98.55,95.85,96.55,100.3,-3.75,-3.74,29177225.0,2831638657.57
09988.HK,20220505,99.5,101.1,96.2,96.7,96.55,0.15,0.16,27991225.0,2749628579.04
09988.HK,20220506,92.05,92.85,89.3,90.35,96.7,-6.35,-6.57,50887668.0,4618635657.5
09988.HK,20220510,83.5,87.2,83.15,86.0,90.35,-4.35,-4.81,64139439.0,5494002313.61
09988.HK,20220511,83.7,87.95,83.6,85.65,86.0,-0.35,-0.41,63211009.0,5422492128.08
09988.HK,20220512,81.85,82.55,79.9,80.0,85.65,-5.65,-6.6,69966835.0,5667870125.87
09988.HK,20220513,82.2,82.85,81.25,82.2,80.0,2.2,2.75,53688518.0,4409693981.83
09988.HK,20220516,86.0,86.25,83.1,84.6,82.2,2.4,2.92,37186669.0,3142473119.9
09988.HK,20220517,87.5,91.8,86.65,90.55,84.6,5.95,7.03,65364000.0,5848381824.18
09988.HK,20220518,90.55,90.55,87.8,90.0,90.55,-0.55,-0.61,40887159.0,3645645079.35
09988.HK,20220519,85.0,85.4,82.75,83.35,90.0,-6.65,-7.39,63967045.0,5369663306.2
09988.HK,20220520,86.3,88.8,85.6,88.05,83.35,4.7,5.64,37411832.0,3266774104.45
09988.HK,20220523,86.2,86.55,83.85,85.1,88.05,-2.95,-3.35,48116001.0,4088570448.6
09988.HK,20220524,84.8,86.3,82.9,83.6,85.1,-1.5,-1.76,41592157.0,3506078201.45
09988.HK,20220525,82.0,84.15,81.35,82.35,83.6,-1.25,-1.5,39360501.0,3245900064.13
09988.HK,20220526,82.0,82.0,79.65,81.1,82.35,-1.25,-1.52,44520428.0,3591818494.15
09988.HK,20220527,91.0,92.4,89.85,91.0,81.1,9.9,12.21,94943603.0,8608615771.84
09988.HK,20220530,91.7,94.9,91.3,94.9,91.0,3.9,4.29,58244941.0,5426962293.75
09988.HK,20220531,94.6,97.5,93.1,96.25,94.9,1.35,1.42,87590516.0,8413075197.38
09988.HK,20220601,96.0,96.2,94.0,94.6,96.25,-1.65,-1.71,34758451.0,3304712425.65
09988.HK,20220602,91.75,93.0,91.0,92.3,94.6,-2.3,-2.43,38921083.0,3582676327.97
09988.HK,20220606,92.85,98.6,91.25,96.95,92.3,4.65,5.04,61560025.0,5828153251.15
09988.HK,20220607,96.95,101.8,96.15,98.8,96.95,1.85,1.91,88847430.0,8825937938.95
09988.HK,20220608,103.4,110.4,102.5,108.8,98.8,10.0,10.12,116293353.0,12457798648.19
09988.HK,20220609,116.2,116.3,108.1,111.3,108.8,2.5,2.3,113806634.0,12758906321.95
09988.HK,20220610,107.6,116.0,107.0,112.8,111.3,1.5,1.35,107826465.0,12053174168.47
09988.HK,20220613,106.2,108.4,103.5,103.8,112.8,-9.0,-7.98,85883479.0,9102013309.7
09988.HK,20220614,98.25,102.4,97.2,101.2,103.8,-2.6,-2.5,79243938.0,7913186996.55
09988.HK,20220615,105.0,106.7,104.3,105.6,101.2,4.4,4.35,62840727.0,6629985119.31
09988.HK,20220616,108.8,109.8,100.4,102.4,105.6,-3.2,-3.03,51964072.0,5445864491.52
09988.HK,20220617,100.1,104.8,100.0,104.5,102.4,2.1,2.05,98242313.0,10186202249.96
09988.HK,20220620,102.0,104.6,99.65,104.4,104.5,-0.1,-0.1,64777753.0,6651453609.08
09988.HK,20220621,104.5,106.1,103.4,105.8,104.4,1.4,1.34,56377679.0,5925778666.05
09988.HK,20220622,104.8,105.1,101.5,101.5,105.8,-4.3,-4.06,56378203.0,5830427726.1
09988.HK,20220623,104.9,109.9,103.4,108.0,101.5,6.5,6.4,80541807.0,8632220851.6
09988.HK,20220624,112.6,115.5,111.5,113.9,108.0,5.9,5.46,88759544.0,10104820479.8
09988.HK,20220627,117.3,120.4,116.1,118.1,113.9,4.2,3.69,98194624.0,11660976210.28
09988.HK,20220628,117.6,119.1,112.6,118.1,118.1,0.0,0.0,70432843.0,8190697828.59
09988.HK,20220629,114.5,116.3,113.0,114.5,118.1,-3.6,-3.05,54735988.0,6272101115.56
09988.HK,20220630,113.6,114.4,110.7,111.9,114.5,-2.6,-2.27,47263509.0,5318321956.08
09988.HK,20220704,111.6,114.1,109.4,113.2,111.9,1.3,1.16,38788782.0,4366248950.48
09988.HK,20220705,116.3,118.4,114.7,115.2,113.2,2.0,1.77,45974352.0,5337959352.6
09988.HK,20220706,119.0,119.0,114.6,117.0,115.2,1.8,1.56,52058276.0,6092622728.84
09988.HK,20220707,115.3,117.5,113.5,116.7,117.0,-0.3,-0.26,40428095.0,4699537429.86
09988.HK,20220708,122.0,122.0,119.8,121.0,116.7,4.3,3.68,58168745.0,7041167123.72
09988.HK,20220711,117.3,117.9,112.0,114.0,121.0,-7.0,-5.79,59279763.0,6780072525.69
09988.HK,20220712,108.3,109.6,107.1,107.8,114.0,-6.2,-5.44,61833006.0,6688214417.98
09988.HK,20220713,107.5,109.5,107.0,107.4,107.8,-0.4,-0.37,37018374.0,4003044676.1
09988.HK,20220714,107.8,110.4,107.5,108.7,107.4,1.3,1.21,39688425.0,4315935562.05
09988.HK,20220715,102.5,106.1,102.1,102.2,108.7,-6.5,-5.98,60291037.0,6248000814.75
09988.HK,20220718,100.8,104.3,99.85,103.9,102.2,1.7,1.66,54210503.0,5553446606.32
09988.HK,20220719,101.8,102.2,100.1,100.9,103.9,-3.0,-2.89,40614536.0,4104522785.5
09988.HK,20220720,104.8,105.7,103.2,103.2,100.9,2.3,2.28,40062258.0,4185126303.2
09988.HK,20220721,102.8,104.0,101.2,102.0,103.2,-1.2,-1.16,38969577.0,3985628226.5
09988.HK,20220722,102.7,103.7,101.7,102.1,102.0,0.1,0.1,25271063.0,2592947005.72
09988.HK,20220725,100.0,100.7,99.1,99.6,102.1,-2.5,-2.45,41783554.0,4174742881.65
09988.HK,20220726,103.0,106.1,102.5,104.4,99.6,4.8,4.82,62335905.0,6505185657.99
09988.HK,20220727,101.0,101.2,99.9,101.0,104.4,-3.4,-3.26,59523684.0,5988137668.41
09988.HK,20220728,100.8,100.8,99.1,99.15,101.0,-1.85,-1.83,47788609.0,4768296865.25
09988.HK,20220729,98.7,98.7,91.7,93.1,99.15,-6.05,-6.1,101884460.0,9558313395.5
09988.HK,20220801,88.1,91.65,87.8,89.6,93.1,-3.5,-3.76,90581313.0,8158062690.71
09988.HK,20220802,89.0,89.0,86.1,87.05,89.6,-2.55,-2.85,67822076.0,5907662938.02
09988.HK,20220803,90.85,91.85,89.2,90.35,87.05,3.3,3.79,43309986.0,3910306658.26
09988.HK,20220804,95.55,96.2,93.35,95.0,90.35,4.65,5.15,52297501.0,4955463100.69
09988.HK,20220805,95.4,95.65,91.9,92.9,95.0,-2.1,-2.21,50440861.0,4697596671.75
09988.HK,20220808,90.0,90.25,88.5,88.8,92.9,-4.1,-4.41,47770883.0,4263045933.03
09988.HK,20220809,90.0,91.7,88.45,89.6,88.8,0.8,0.9,44942429.0,4039594200.85
09988.HK,20220810,89.35,89.65,86.8,87.95,89.6,-1.65,-1.84,37209371.0,3266721119.0
09988.HK,20220811,91.0,92.4,89.4,91.75,87.95,3.8,4.32,52998669.0,4818725626.6
09988.HK,20220812,92.9,93.4,91.25,92.9,91.75,1.15,1.25,26387695.0,2442730030.06
09988.HK,20220815,91.8,93.8,91.7,91.75,92.9,-1.15,-1.24,23076972.0,2133946517.7
09988.HK,20220816,92.0,92.4,88.55,89.95,91.75,-1.8,-1.96,33043745.0,2981731861.65
09988.HK,20220817,90.8,91.4,89.65,90.35,89.95,0.4,0.44,24355633.0,2203875136.94
09988.HK,20220818,89.0,89.05,87.5,88.25,90.35,-2.1,-2.32,41421479.0,3662939244.31
09988.HK,20220819,88.0,90.25,87.85,89.5,88.25,1.25,1.42,26850751.0,2400876513.0
09988.HK,20220822,87.8,89.75,87.7,88.5,89.5,-1.0,-1.12,34067261.0,3023250249.03
09988.HK,20220823,89.0,89.3,86.75,88.4,88.5,-0.1,-0.11,36228033.0,3191041211.3
09988.HK,20220824,86.85,87.5,85.5,86.25,88.4,-2.15,-2.43,35976874.0,3105693383.5
09988.HK,20220825,90.0,95.2,88.9,93.8,86.25,7.55,8.75,66382425.0,6132896415.81
09988.HK,20220826,97.65,97.65,94.7,95.8,93.8,2.0,2.13,54668306.0,5236519205.71
09988.HK,20220829,94.75,96.8,93.8,95.15,95.8,-0.65,-0.68,37070401.0,3535487558.29
09988.HK,20220830,95.4,95.45,92.7,95.2,95.15,0.05,0.05,35706777.0,3370857982.32
09988.HK,20220831,91.9,96.9,91.5,94.3,95.2,-0.9,-0.95,52002425.0,4891663950.18
09988.HK,20220901,93.85,95.55,91.85,92.2,94.3,-2.1,-2.23,41471390.0,3861146592.9
09988.HK,20220902,92.0,92.75,90.2,90.65,92.2,-1.55,-1.68,40477868.0,3688940724.02
09988.HK,20220905,89.5,89.5,87.55,88.5,90.65,-2.15,-2.37,35505940.0,3152449497.6
09988.HK,20220906,88.85,89.5,87.2,88.05,88.5,-0.45,-0.51,29242315.0,2576506110.85
09988.HK,20220907,86.1,87.85,85.95,87.4,88.05,-0.65,-0.74,28479263.0,2466880090.65
09988.HK,20220908,88.5,89.2,86.75,87.2,87.4,-0.2,-0.23,33528981.0,2947114997.65
09988.HK,20220909,87.2,90.35,86.55,89.8,87.2,2.6,2.98,31544613.0,2819189936.79
09988.HK,20220913,91.8,92.3,90.8,91.2,89.8,1.4,1.56,41280098.0,3781457427.3
09988.HK,20220914,87.8,88.3,86.9,87.1,91.2,-4.1,-4.5,35250138.0,3082889658.24
09988.HK,20220915,86.9,88.55,86.9,88.1,87.1,1.0,1.15,21920813.0,1926008697.6
09988.HK,20220916,86.7,87.65,86.05,86.8,88.1,-1.3,-1.48,39457544.0,3428158230.43
09988.HK,20220919,85.05,85.5,83.2,83.7,86.8,-3.1,-3.57,41066371.0,3458138894.88
09988.HK,20220920,85.3,87.35,85.1,86.2,83.7,2.5,2.99,36089021.0,3112115059.8
09988.HK,20220921,84.1,84.15,82.6,83.05,86.2,-3.15,-3.65,37225757.0,3102561293.35
09988.HK,20220922,80.0,81.0,79.7,80.85,83.05,-2.2,-2.65,49260960.0,3959602358.16
09988.HK,20220923,79.15,80.35,78.4,78.4,80.85,-2.45,-3.03,45213463.0,3585039308.3
09988.HK,20220926,77.4,80.3,76.7,78.7,78.4,0.3,0.38,47488911.0,3741475853.76
09988.HK,20220927,78.6,79.2,76.05,77.9,78.7,-0.8,-1.02,49807775.0,3858462189.95
09988.HK,20220928,76.55,77.25,74.45,74.7,77.9,-3.2,-4.11,53790769.0,4070767759.55
09988.HK,20220929,78.85,79.2,75.85,76.85,74.7,2.15,2.88,62711018.0,4853441073.99
09988.HK,20220930,77.3,78.75,75.9,77.95,76.85,1.1,1.43,46992673.0,3643907800.84
09988.HK,20221003,77.9,78.75,76.8,77.65,77.95,-0.3,-0.38,30742228.0,2389071660.22
09988.HK,20221005,82.0,84.6,81.4,84.2,77.65,6.55,8.44,65113124.0,5423607593.25
09988.HK,20221006,83.0,84.55,82.65,83.15,84.2,-1.05,-1.25,29151683.0,2429908982.43
09988.HK,20221007,81.7,82.8,81.2,81.35,83.15,-1.8,-2.16,27043107.0,2214195373.4
09988.HK,20221010,79.25,79.55,78.0,78.7,81.35,-2.65,-3.26,28520208.0,2251699319.3
09988.HK,20221011,78.15,78.6,75.6,76.0,78.7,-2.7,-3.43,39298810.0,3012002160.32
09988.HK,20221012,74.5,77.35,72.3,74.35,76.0,-1.65,-2.17,56354876.0,4168574583.53
09988.HK,20221013,74.35,74.95,72.6,72.75,74.35,-1.6,-2.15,25774888.0,1891531502.9
09988.HK,20221014,74.0,76.1,72.35,73.25,72.75,0.5,0.69,43037199.0,3202910575.85
09988.HK,20221017,72.15,74.65,70.9,73.2,73.25,-0.05,-0.07,45035937.0,3265826842.08
09988.HK,20221018,75.3,76.4,73.85,76.0,73.2,2.8,3.83,35967664.0,2715845792.05
09988.HK,20221019,75.1,75.6,72.5,72.7,76.0,-3.3,-4.34,39088213.0,2880951910.1
09988.HK,20221020,69.0,71.2,68.0,69.9,72.7,-2.8,-3.85,63153613.0,4390043866.4
09988.HK,20221021,70.1,71.1,69.35,69.6,69.9,-0.3,-0.43,55066786.0,3856309228.59
09988.HK,20221024,66.0,67.25,60.8,61.65,69.6,-7.95,-11.42,169668961.0,10739955871.08
09988.HK,20221025,61.85,65.95,60.25,63.6,61.65,1.95,3.16,102026681.0,6445429326.85
09988.HK,20221026,61.8,64.65,61.25,62.3,63.6,-1.3,-2.04,93276020.0,5867079891.71
09988.HK,20221027,67.55,67.95,64.65,64.85,62.3,2.55,4.09,91203977.0,6040769334.85
09988.HK,20221028,64.25,64.55,60.9,61.75,64.85,-3.1,-4.78,69414690.0,4313920963.65
09988.HK,20221031,61.0,64.55,60.3,61.45,61.75,-0.3,-0.49,65768272.0,4090302695.77
09988.HK,20221101,63.05,68.25,62.85,66.1,61.45,4.65,7.57,112728864.0,7392520577.95
09988.HK,20221102,65.3,68.0,64.15,67.4,66.1,1.3,1.97,44674540.0,2963614644.78
09988.HK,20221103,63.6,65.0,62.85,63.0,67.4,-4.4,-6.53,58022487.0,3694656046.05
09988.HK,20221104,64.0,76.2,64.0,69.9,63.0,6.9,10.95,151997251.0,10700496096.1
09988.HK,20221107,66.7,71.8,66.3,69.7,69.9,-0.2,-0.29,99793174.0,6924208516.56
09988.HK,20221108,68.75,69.0,66.4,67.1,69.7,-2.6,-3.73,64928791.0,4394262278.75
09988.HK,20221109,66.7,67.75,65.15,66.0,67.1,-1.1,-1.64,63076446.0,4172919175.34
09988.HK,20221110,63.9,64.5,62.6,63.0,66.0,-3.0,-4.55,58517362.0,3708498185.94
09988.HK,20221111,68.75,71.45,67.05,70.8,63.0,7.8,12.38,110961720.0,7658818031.61
09988.HK,20221114,73.0,73.7,70.0,71.05,70.8,0.25,0.35,93784730.0,6716066122.95
09988.HK,20221115,71.0,80.85,69.75,78.9,71.05,7.85,11.05,187288574.0,14492427395.45
09988.HK,20221116,77.75,80.8,77.0,78.8,78.9,-0.1,-0.13,100509510.0,7905373511.01
09988.HK,20221117,77.0,79.7,74.0,78.25,78.8,-0.55,-0.7,89532516.0,6836417312.5
09988.HK,20221118,83.25,83.5,79.25,79.95,78.25,1.7,2.17,110896755.0,9022200446.84
09988.HK,20221121,77.15,77.3,75.0,76.15,79.95,-3.8,-4.75,49675006.0,3782585294.69
09988.HK,20221122,75.2,75.7,72.2,73.1,76.15,-3.05,-4.01,60909746.0,4484891829.7
09988.HK,20221123,73.75,76.45,73.05,75.4,73.1,2.3,3.15,54202563.0,4073376336.1
09988.HK,20221124,76.7,77.2,74.9,76.4,75.4,1.0,1.33,31644335.0,2408797867.7
09988.HK,20221125,75.9,76.0,73.85,74.75,76.4,-1.65,-2.16,28359869.0,2121533464.95
09988.HK,20221128,70.6,73.35,69.8,72.2,74.75,-2.55,-3.41,65982901.0,4728879741.84
09988.HK,20221129,73.65,78.8,73.2,78.75,72.2,6.55,9.07,94542048.0,7233842582.18
09988.HK,20221130,77.7,80.9,76.45,79.9,78.75,1.15,1.46,109081005.0,8636922836.4
09988.HK,20221201,85.6,86.9,82.45,82.8,79.9,2.9,3.63,106301600.0,8884990410.39
09988.HK,20221202,83.6,85.75,82.95,84.8,82.8,2.0,2.42,74134786.0,6256870311.71
09988.HK,20221205,88.8,92.85,87.25,92.65,84.8,7.85,9.26,132953207.0,11938737277.72
09988.HK,20221206,88.15,91.75,88.15,89.85,92.65,-2.8,-3.02,66889543.0,6007062216.1
09988.HK,20221207,89.2,92.0,84.8,85.05,89.85,-4.8,-5.34,83595457.0,7357163471.37
09988.HK,20221208,86.8,91.1,86.3,89.4,85.05,4.35,5.11,70524387.0,6275633592.58
09988.HK,20221209,90.65,93.2,88.85,91.85,89.4,2.45,2.74,85186929.0,7821417169.3
09988.HK,20221212,89.8,90.9,87.6,88.35,91.85,-3.5,-3.81,48772508.0,4350279089.85
09988.HK,20221213,87.7,90.25,87.1,88.35,88.35,0.0,0.0,49026085.0,4345395218.39
09988.HK,20221214,89.7,90.5,88.55,89.5,88.35,1.15,1.3,42497183.0,3809543697.36
09988.HK,20221215,88.5,88.55,85.2,85.9,89.5,-3.6,-4.02,46551464.0,4019716740.81
09988.HK,20221216,84.15,88.75,84.15,86.45,85.9,0.55,0.64,77057783.0,6657895945.22
09988.HK,20221219,86.9,90.8,86.4,87.05,86.45,0.6,0.69,70038366.0,6181060141.96
09988.HK,20221220,85.0,85.55,82.5,84.05,87.05,-3.0,-3.45,57291122.0,4817031100.3
09988.HK,20221221,84.45,85.4,83.7,84.45,84.05,0.4,0.48,31475853.0,2660728500.03
09988.HK,20221222,86.5,89.15,86.45,87.9,84.45,3.45,4.09,53772623.0,4732112517.2
09988.HK,20221223,85.4,87.55,85.4,86.5,87.9,-1.4,-1.59,34114821.0,2956036760.0
09988.HK,20221228,87.3,89.35,87.3,87.7,86.5,1.2,1.39,55669943.0,4911579684.05
09988.HK,20221229,85.4,85.85,84.65,85.55,87.7,-2.15,-2.45,44950446.0,3831241322.3
09988.HK,20221230,87.3,88.3,85.7,86.25,85.55,0.7,0.82,35928445.0,3112837964.25
09988.HK,20230103,85.7,89.15,84.6,88.65,86.25,2.4,2.78,45393323.0,3981720309.04
09988.HK,20230104,90.75,96.5,89.5,96.4,88.65,7.75,8.74,118636981.0,11215891204.85
09988.HK,20230105,102.1,103.8,98.2,99.6,96.4,3.2,3.32,104685426.0,10542913372.09
09988.HK,20230106,101.5,102.7,99.7,101.6,99.6,2.0,2.01,73315739.0,7432622618.83
09988.HK,20230109,105.6,110.9,105.0,110.4,101.6,8.8,8.66,123720147.0,13462350052.93
09988.HK,20230110,109.0,110.0,107.0,109.5,110.4,-0.9,-0.82,76284815.0,8313926191.33
09988.HK,20230111,112.2,115.0,110.5,112.9,109.5,3.4,3.11,108863653.0,12310611466.56
09988.HK,20230112,113.1,113.1,107.8,110.8,112.9,-2.1,-1.86,91858342.0,10170394577.05
09988.HK,20230113,110.8,113.0,109.0,112.7,110.8,1.9,1.71,72120768.0,8039148039.81
09988.HK,20230116,114.2,115.4,110.9,113.4,112.7,0.7,0.62,65734884.0,7432431778.89
09988.HK,20230117,114.0,116.8,112.8,114.5,113.4,1.1,0.97,62173474.0,7101579912.17
09988.HK,20230118,112.9,114.9,110.7,114.1,114.5,-0.4,-0.35,55425698.0,6293490371.4
09988.HK,20230119,111.0,113.6,110.3,112.2,114.1,-1.9,-1.67,55515129.0,6216237303.9
09988.HK,20230120,114.8,117.0,114.3,116.3,112.2,4.1,3.65,64593525.0,7480330950.17
09988.HK,20230126,117.8,118.5,116.3,117.5,116.3,1.2,1.03,54550091.0,6403019484.09
09988.HK,20230127,117.7,118.2,115.8,117.3,117.5,-0.2,-0.17,49008508.0,5720745120.5
09988.HK,20230130,114.5,115.4,107.8,109.0,117.3,-8.3,-7.08,131046567.0,14474980648.9
09988.HK,20230131,109.6,110.5,105.5,107.6,109.0,-1.4,-1.28,94863420.0,10187275398.04
09988.HK,20230201,109.0,110.5,107.2,110.0,107.6,2.4,2.23,55654697.0,6078158836.35
09988.HK,20230202,111.4,112.3,108.7,109.0,110.0,-1.0,-0.91,39931077.0,4401948945.92
09988.HK,20230203,107.2,107.7,105.3,106.1,109.0,-2.9,-2.66,55271792.0,5864673873.0
09988.HK,20230206,102.2,103.8,101.5,103.2,106.1,-2.9,-2.73,53151968.0,5454890269.5
09988.HK,20230207,103.5,106.7,103.5,104.8,103.2,1.6,1.55,38073535.0,3996466725.51
09988.HK,20230208,104.4,104.8,102.1,103.5,104.8,-1.3,-1.24,39292294.0,4065464001.39
09988.HK,20230209,103.5,108.5,103.1,107.6,103.5,4.1,3.96,60791720.0,6465398858.8
09988.HK,20230210,107.3,107.6,103.4,104.1,107.6,-3.5,-3.25,44532345.0,4674403221.81
09988.HK,20230213,101.1,104.9,100.7,104.0,104.1,-0.1,-0.1,41478273.0,4285465396.06
09988.HK,20230214,103.6,103.9,102.3,102.5,104.0,-1.5,-1.44,39436631.0,4064906197.1
09988.HK,20230215,102.3,102.5,100.1,100.9,102.5,-1.6,-1.56,46755321.0,4718058087.38
09988.HK,20230216,102.0,105.4,101.5,102.1,100.9,1.2,1.19,43292397.0,4471815261.25
09988.HK,20230217,102.1,102.9,99.45,99.45,102.1,-2.65,-2.6,37616027.0,3784208940.8
09988.HK,20230220,98.8,100.5,98.0,99.4,99.45,-0.05,-0.05,38508675.0,3824673185.65
09988.HK,20230221,99.5,99.5,95.0,95.2,99.4,-4.2,-4.23,58373987.0,5638266290.05
09988.HK,20230222,92.1,94.8,92.1,92.95,95.2,-2.25,-2.36,59459217.0,5541294257.36
09988.HK,20230223,92.75,96.25,92.6,95.15,92.95,2.2,2.37,48408447.0,4578969958.01
09988.HK,20230224,93.25,93.25,90.0,90.05,95.15,-5.1,-5.36,81538617.0,7432997094.92
09988.HK,20230227,88.0,92.15,87.75,89.4,90.05,-0.65,-0.72,77371929.0,6956325434.96
09988.HK,20230228,88.25,89.25,86.05,86.5,89.4,-2.9,-3.24,82590338.0,7221961673.79
09988.HK,20230301,86.7,92.15,86.6,91.9,86.5,5.4,6.24,76906503.0,6942511379.64
09988.HK,20230302,88.6,89.0,87.45,87.6,91.9,-4.3,-4.68,79258745.0,6978647320.57
09988.HK,20230303,89.5,89.5,87.3,88.0,87.6,0.4,0.46,50893726.0,4494361618.1
09988.HK,20230306,87.35,88.25,86.55,87.25,88.0,-0.75,-0.85,53347406.0,4654852132.45
09988.HK,20230307,89.0,91.65,87.8,88.6,87.25,1.35,1.55,62222775.0,5565606880.0
09988.HK,20230308,87.0,87.1,85.1,85.75,88.6,-2.85,-3.22,51977469.0,4469355423.19
09988.HK,20230309,86.3,86.5,84.5,84.5,85.75,-1.25,-1.46,43587344.0,3717316636.05
09988.HK,20230310,81.5,82.2,81.0,81.15,84.5,-3.35,-3.96,77303637.0,6294461204.5
09988.HK,20230313,82.4,84.95,81.45,83.25,81.15,2.1,2.59,64694323.0,5385260284.25
09988.HK,20230314,81.5,82.05,79.5,80.0,83.25,-3.25,-3.9,73040873.0,5893449494.05
09988.HK,20230315,82.7,83.7,81.55,82.05,80.0,2.05,2.56,46739487.0,3846714198.67
09988.HK,20230316,80.2,81.45,79.8,80.5,82.05,-1.55,-1.89,45643767.0,3673397423.99
09988.HK,20230317,81.4,82.2,80.55,81.5,80.5,1.0,1.24,67317247.0,5488652447.98
09988.HK,20230320,80.95,81.15,78.1,79.2,81.5,-2.3,-2.82,52567854.0,4171456783.65
09988.HK,20230321,79.35,80.65,78.7,80.5,79.2,1.3,1.64,36073232.0,2879610227.02
09988.HK,20230322,82.2,84.4,82.1,82.85,80.5,2.35,2.92,44553051.0,3707677753.55
09988.HK,20230323,82.55,86.7,82.35,86.2,82.85,3.35,4.04,67377220.0,5731577658.64
09988.HK,20230324,85.45,86.6,84.5,85.3,86.2,-0.9,-1.04,48345392.0,4125743507.45
09988.HK,20230327,86.35,89.95,83.8,85.25,85.3,-0.05,-0.06,100519321.0,8693567252.16
09988.HK,20230328,85.1,85.65,83.3,84.25,85.25,-1.0,-1.17,53162509.0,4477007402.14
09988.HK,20230329,96.85,98.0,94.35,94.55,84.25,10.3,12.23,163130347.0,15573764787.92
09988.HK,20230330,97.1,97.2,94.65,96.9,94.55,2.35,2.49,88453938.0,8510556291.25
09988.HK,20230331,101.2,102.0,99.6,100.4,96.9,3.5,3.61,89687911.0,9038124507.3
09988.HK,20230403,99.0,99.95,97.6,98.55,100.4,-1.85,-1.84,53752683.0,5312957962.67
09988.HK,20230404,96.15,96.45,93.7,95.65,98.55,-2.9,-2.94,53862168.0,5132905365.3
09988.HK,20230406,96.2,98.0,95.9,97.75,95.65,2.1,2.2,40751702.0,3955412935.22
09988.HK,20230411,100.2,101.5,98.1,99.3,97.75,1.55,1.59,60954920.0,6067653674.85
09988.HK,20230412,97.65,98.15,95.7,96.05,99.3,-3.25,-3.27,38659231.0,3736338312.25
09988.HK,20230413,91.6,94.35,91.1,94.15,96.05,-1.9,-1.98,65547652.0,6095685968.15
09988.HK,20230414,94.5,95.15,93.75,94.5,94.15,0.35,0.37,26025094.0,2455631220.55
09988.HK,20230417,93.2,96.35,92.8,95.4,94.5,0.9,0.95,37951973.0,3601793515.78
09988.HK,20230418,94.1,95.6,94.1,94.8,95.4,-0.6,-0.63,26770456.0,2536954173.0
09988.HK,20230419,94.5,94.5,91.95,92.25,94.8,-2.55,-2.69,35119559.0,3272431431.6
09988.HK,20230420,92.2,92.95,91.45,91.75,92.25,-0.5,-0.54,29866001.0,2755119255.85
09988.HK,20230421,89.35,89.85,87.3,87.95,91.75,-3.8,-4.14,62592264.0,5550598016.28
09988.HK,20230424,87.45,88.5,86.0,86.9,87.95,-1.05,-1.19,35872549.0,3114871557.75
09988.HK,20230425,85.7,85.95,83.3,84.1,86.9,-2.8,-3.22,56529023.0,4765231764.85
09988.HK,20230426,81.6,84.7,81.25,83.3,84.1,-0.8,-0.95,72936666.0,6053405487.5
09988.HK,20230427,81.8,82.2,80.8,81.8,83.3,-1.5,-1.8,63401706.0,5172163340.43
09988.HK,20230428,82.85,83.9,81.65,82.05,81.8,0.25,0.31,46940162.0,3869293711.63
09988.HK,20230502,83.65,84.1,81.5,82.3,82.05,0.25,0.3,26572826.0,2194011746.9
09988.HK,20230503,80.1,80.6,79.7,80.35,82.3,-1.95,-2.37,39306160.0,3149484432.66
09988.HK,20230504,80.5,81.45,80.35,80.7,80.35,0.35,0.44,34428742.0,2783543722.8
09988.HK,20230505,82.0,82.45,81.1,81.65,80.7,0.95,1.18,33666492.0,2751499174.56
09988.HK,20230508,81.65,82.4,81.4,81.95,81.65,0.3,0.37,40005891.0,3277679180.35
09988.HK,20230509,81.95,81.95,78.9,79.45,81.95,-2.5,-3.05,53328129.0,4279965024.9
09988.HK,20230510,80.05,80.7,78.8,80.2,79.45,0.75,0.94,41918692.0,3350076622.9
09988.HK,20230511,81.8,82.75,80.8,82.65,80.2,2.45,3.05,45547433.0,3726730244.36
09988.HK,20230512,85.15,85.5,83.8,84.65,82.65,2.0,2.42,60973363.0,5160931674.2
09988.HK,20230515,84.0,86.5,83.0,85.45,84.65,0.8,0.95,41392670.0,3524241701.38
09988.HK,20230516,86.8,86.8,84.95,85.75,85.45,0.3,0.35,26388517.0,2265883763.5
09988.HK,20230517,87.35,87.5,85.0,85.45,85.75,-0.3,-0.35,43307971.0,3739523551.78
09988.HK,20230518,88.2,89.2,87.25,87.75,85.45,2.3,2.69,72221529.0,6362232231.81
09988.HK,20230519,83.45,84.35,82.0,82.45,87.75,-5.3,-6.04,92873084.0,7710411589.2
09988.HK,20230522,82.45,85.1,81.4,83.6,82.45,1.15,1.39,54249146.0,4532902107.12
09988.HK,20230523,83.6,84.65,82.35,83.0,83.6,-0.6,-0.72,32115656.0,2675575991.1
09988.HK,20230524,81.05,81.9,80.6,81.05,83.0,-1.95,-2.35,39045036.0,3170442322.95
09988.HK,20230525,80.0,80.3,77.6,78.65,81.05,-2.4,-2.96,75187196.0,5926262153.39
09988.HK,20230529,78.95,79.55,77.6,77.8,78.65,-0.85,-1.08,48515697.0,3798972318.78
09988.HK,20230530,78.9,79.35,77.55,78.8,77.8,1.0,1.29,40606239.0,3188115210.88
09988.HK,20230531,77.95,77.95,75.8,77.9,78.8,-0.9,-1.14,177424030.0,13749145148.9
09988.HK,20230601,77.05,79.7,76.9,77.3,77.9,-0.6,-0.77,76088679.0,5932898607.94
09988.HK,20230602,80.75,82.85,80.1,82.5,77.3,5.2,6.73,69157566.0,5653368026.17
09988.HK,20230605,82.8,83.35,81.75,82.75,82.5,0.25,0.3,34970258.0,2888665812.76
09988.HK,20230606,83.0,84.2,81.8,82.35,82.75,-0.4,-0.48,32679498.0,2705787627.1
09988.HK,20230607,84.6,84.9,83.3,84.05,82.35,1.7,2.06,33719527.0,2831228546.3
09988.HK,20230608,83.4,83.9,82.05,83.35,84.05,-0.7,-0.83,30975757.0,2567083397.97
09988.HK,20230609,83.8,84.35,83.0,83.9,83.35,0.55,0.66,32630311.0,2734210845.15
09988.HK,20230612,84.5,84.5,83.0,84.0,83.9,0.1,0.12,21072194.0,1763746010.15
09988.HK,20230613,83.55,86.5,83.5,85.7,84.0,1.7,2.02,44562105.0,3802898744.64
09988.HK,20230614,85.9,86.45,84.45,85.15,85.7,-0.55,-0.64,36808428.0,3141054574.58
09988.HK,20230615,87.3,89.15,86.65,89.0,85.15,3.85,4.52,58981505.0,5186945843.45
09988.HK,20230616,90.6,92.7,89.5,91.6,89.0,2.6,2.92,176510302.0,16132343836.99
09988.HK,20230619,90.4,91.1,87.9,89.7,91.6,-1.9,-2.07,54103067.0,4838210954.71
09988.HK,20230620,89.5,89.75,87.95,88.35,89.7,-1.35,-1.51,37315367.0,3302667830.85
09988.HK,20230621,85.3,86.15,84.5,84.7,88.35,-3.65,-4.13,43362403.0,3690417634.55
09988.HK,20230623,85.0,85.1,83.1,84.05,84.7,-0.65,-0.77,29149129.0,2447742502.78
09988.HK,20230626,83.1,84.75,83.1,83.25,84.05,-0.8,-0.95,31955957.0,2678039605.2
09988.HK,20230627,84.25,85.75,83.65,85.45,83.25,2.2,2.64,33586916.0,2860143191.8
09988.HK,20230628,84.65,84.95,83.55,84.35,85.45,-1.1,-1.29,36259869.0,3054634990.77
09988.HK,20230629,83.35,83.95,81.6,82.2,84.35,-2.15,-2.55,36238490.0,2982443286.66
09988.HK,20230630,81.4,81.95,80.8,81.2,82.2,-1.0,-1.22,51987596.0,4225195115.54
09988.HK,20230703,82.0,84.0,82.0,83.55,81.2,2.35,2.89,27847744.0,2312809091.93
09988.HK,20230704,83.15,84.0,82.6,84.0,83.55,0.45,0.54,19606487.0,1636645796.6
09988.HK,20230705,84.45,84.45,82.2,82.65,84.0,-1.35,-1.61,23226533.0,1926361127.35
09988.HK,20230706,81.75,83.7,80.5,81.5,82.65,-1.15,-1.39,33922544.0,2768904696.75
09988.HK,20230707,82.3,86.7,81.5,84.3,81.5,2.8,3.44,69003665.0,5807596657.18
09988.HK,20230710,88.95,89.0,86.0,87.0,84.3,2.7,3.2,67683238.0,5908957081.4
09988.HK,20230711,88.5,89.25,87.7,88.75,87.0,1.75,2.01,51083010.0,4523053823.15
09988.HK,20230712,89.9,90.95,89.05,89.85,88.75,1.1,1.24,47490900.0,4275539231.0
09988.HK,20230713,92.0,92.75,91.55,92.75,89.85,2.9,3.23,61069223.0,5633304334.95
09988.HK,20230714,95.0,95.0,92.0,92.95,92.75,0.2,0.22,48280964.0,4487039120.09
09988.HK,20230718,91.45,91.5,89.55,89.7,92.95,-3.25,-3.5,44406679.0,4002001241.25
09988.HK,20230719,88.5,91.15,87.5,90.35,89.7,0.65,0.72,46154569.0,4129470208.44
09988.HK,20230720,90.4,92.15,89.2,89.5,90.35,-0.85,-0.94,27696550.0,2499455640.72
09988.HK,20230721,89.5,91.4,89.5,91.3,89.5,1.8,2.01,32113785.0,2912105508.05
09988.HK,20230724,90.0,90.75,88.75,89.55,91.3,-1.75,-1.92,29727637.0,2667571178.16
09988.HK,20230725,94.05,95.15,92.95,95.15,89.55,5.6,6.25,69490852.0,6550888235.02
09988.HK,20230726,93.0,94.2,92.65,93.85,95.15,-1.3,-1.37,38602996.0,3609103704.7
09988.HK,20230727,94.85,95.7,94.35,95.45,93.85,1.6,1.7,42983693.0,4088656583.73
09988.HK,20230728,93.4,96.5,93.3,95.9,95.45,0.45,0.47,46062057.0,4400781252.72
09988.HK,20230731,99.0,99.75,96.8,97.5,95.9,1.6,1.67,74290881.0,7294140775.3
09988.HK,20230801,99.7,100.0,96.9,97.85,97.5,0.35,0.36,53949339.0,5328697006.35
09988.HK,20230802,97.65,98.6,94.6,95.15,97.85,-2.7,-2.76,37885551.0,3640015432.85
09988.HK,20230803,93.7,94.75,93.05,93.15,95.15,-2.0,-2.1,50021614.0,4688949927.53
09988.HK,20230804,95.25,96.6,94.4,95.15,93.15,2.0,2.15,32949492.0,3139454593.01
09988.HK,20230807,94.35,96.05,93.6,95.6,95.15,0.45,0.47,22359341.0,2129468874.03
09988.HK,20230808,94.1,94.3,92.7,93.05,95.6,-2.55,-2.67,35528837.0,3316089560.2
09988.HK,20230809,92.35,94.4,92.05,94.1,93.05,1.05,1.13,30298227.0,2834523178.06
09988.HK,20230810,93.8,94.7,92.35,94.3,94.1,0.2,0.21,34598900.0,3237417780.2
09988.HK,20230811,97.15,97.95,95.3,95.3,94.3,1.0,1.06,61924422.0,5979795208.7
09988.HK,20230814,92.3,93.35,91.45,92.8,95.3,-2.5,-2.62,41572767.0,3839165184.8
09988.HK,20230815,91.1,92.7,90.85,91.2,92.8,-1.6,-1.72,27712822.0,2536955184.9
09988.HK,20230816,90.0,90.65,88.9,89.25,91.2,-1.95,-2.14,42124798.0,3772268372.25
09988.HK,20230817,86.6,90.6,86.2,90.1,89.25,0.85,0.95,55171505.0,4901126208.05
09988.HK,20230818,89.25,89.85,86.8,87.0,90.1,-3.1,-3.44,42258149.0,3714119542.5
09988.HK,20230821,85.7,87.55,85.15,85.7,87.0,-1.3,-1.49,39147534.0,3367342741.46
09988.HK,20230822,86.35,88.7,85.4,87.35,85.7,1.65,1.93,37262451.0,3234032468.14
09988.HK,20230823,86.6,88.2,86.1,87.3,87.35,-0.05,-0.06,32126401.0,2799033407.7
09988.HK,20230824,88.1,90.3,87.7,89.55,87.3,2.25,2.58,39372255.0,3518152507.59
09988.HK,20230825,87.8,88.5,87.3,87.5,89.55,-2.05,-2.29,23103924.0,2028674524.52
09988.HK,20230828,91.85,91.9,88.7,88.9,87.5,1.4,1.6,30525112.0,2739757791.18
09988.HK,20230829,90.05,91.5,89.65,90.9,88.9,2.0,2.25,33359481.0,3026358136.1
09988.HK,20230830,92.0,92.0,89.85,90.35,90.9,-0.55,-0.61,39173999.0,3550080441.54
09988.HK,20230831,91.25,91.7,89.6,90.2,90.35,-0.15,-0.17,68704748.0,6210883505.98
09988.HK,20230904,92.95,94.0,92.0,93.15,90.2,2.95,3.27,85600311.0,7955628793.72
09988.HK,20230905,93.0,93.95,91.75,92.35,93.15,-0.8,-0.86,54564801.0,5065356017.38
09988.HK,20230906,92.1,92.95,91.15,92.25,92.35,-0.1,-0.11,26538431.0,2444257802.09
09988.HK,20230907,93.05,93.05,90.5,90.8,92.25,-1.45,-1.57,26196625.0,2393143285.09
09988.HK,20230911,87.95,88.8,86.85,88.05,90.8,-2.75,-3.03,64101748.0,5635207422.74
09988.HK,20230912,86.7,87.15,85.9,86.3,88.05,-1.75,-1.99,33461787.0,2893192275.6
09988.HK,20230913,86.85,87.1,85.3,85.55,86.3,-0.75,-0.87,31205429.0,2677424489.65
09988.HK,20230914,85.8,86.55,85.1,85.9,85.55,0.35,0.41,32653822.0,2799761719.2
09988.HK,20230915,86.0,87.45,85.2,86.25,85.9,0.35,0.41,53342662.0,4607434730.42
09988.HK,20230918,85.1,85.75,84.2,84.2,86.25,-2.05,-2.38,31917296.0,2718920429.88
09988.HK,20230919,84.8,85.15,84.05,84.8,84.2,0.6,0.71,21904464.0,1853466932.85
09988.HK,20230920,84.85,85.5,84.45,84.5,84.8,-0.3,-0.35,21150734.0,1794782138.0
09988.HK,20230921,84.25,84.3,82.35,82.65,84.5,-1.85,-2.19,33742916.0,2799507670.78
09988.HK,20230922,82.65,86.3,82.15,85.9,82.65,3.25,3.93,40153148.0,3398252681.8
09988.HK,20230925,86.2,86.5,84.25,84.35,85.9,-1.55,-1.8,20742680.0,1760007984.05
09988.HK,20230926,84.45,84.95,83.4,83.95,84.35,-0.4,-0.47,27428051.0,2309118592.78
09988.HK,20230927,83.9,85.65,83.9,84.5,83.95,0.55,0.66,27246265.0,2306023295.43
09988.HK,20230928,84.85,84.85,82.85,83.0,84.5,-1.5,-1.78,27187837.0,2269694301.52
09988.HK,20230929,84.0,86.65,83.6,85.6,83.0,2.6,3.13,34608437.0,2963404403.0
09988.HK,20231003,84.15,84.25,82.35,83.1,85.6,-2.5,-2.92,36631880.0,3044468945.25
09988.HK,20231004,82.1,82.9,81.2,81.75,83.1,-1.35,-1.62,25898508.0,2116775642.3
09988.HK,20231005,82.15,82.8,81.35,81.35,81.75,-0.4,-0.49,21793205.0,1783152140.54
09988.HK,20231006,82.0,83.35,82.0,82.9,81.35,1.55,1.91,15175175.0,1255642472.6
09988.HK,20231009,83.2,83.45,81.55,82.1,82.9,-0.8,-0.97,24082283.0,1981410837.98
09988.HK,20231010,83.9,85.3,83.25,83.4,82.1,1.3,1.58,29317215.0,2463491090.9
09988.HK,20231011,85.35,85.55,84.3,84.6,83.4,1.2,1.44,31718059.0,2689648568.9
09988.HK,20231012,86.9,86.9,85.65,85.85,84.6,1.25,1.48,26037608.0,2237901397.25
09988.HK,20231013,83.25,83.9,82.5,82.6,85.85,-3.25,-3.79,28548643.0,2370896274.6
09988.HK,20231016,82.2,82.8,81.1,81.3,82.6,-1.3,-1.57,22249354.0,1815655384.6
09988.HK,20231017,81.85,82.2,81.35,82.0,81.3,0.7,0.86,17701849.0,1448993113.55
09988.HK,20231018,81.9,82.7,81.0,81.45,82.0,-0.55,-0.67,21876252.0,1788631760.05
09988.HK,20231019,80.9,81.15,79.05,79.15,81.45,-2.3,-2.82,41786984.0,3338095763.9
09988.HK,20231020,78.2,79.15,78.1,78.5,79.15,-0.65,-0.82,35074847.0,2755409851.05
09988.HK,20231024,78.0,78.55,77.05,77.2,78.5,-1.3,-1.66,38345055.0,2975650851.78
09988.HK,20231025,80.8,81.4,79.0,79.3,77.2,2.1,2.72,45615979.0,3648077305.6
09988.HK,20231026,79.2,80.3,79.0,79.75,79.3,0.45,0.57,23719270.0,1888812275.09
09988.HK,20231027,80.45,82.8,80.25,82.4,79.75,2.65,3.32,42806617.0,3504969871.15
09988.HK,20231030,80.75,82.0,80.7,81.85,82.4,-0.55,-0.67,31881265.0,2596801060.89
09988.HK,20231031,81.3,81.3,79.9,80.05,81.85,-1.8,-2.2,27394938.0,2199943752.1
09988.HK,20231101,80.1,80.7,79.1,79.6,80.05,-0.45,-0.56,20894177.0,1663988273.3
09988.HK,20231102,81.2,82.2,80.3,80.5,79.6,0.9,1.13,17414151.0,1409952817.55
09988.HK,20231103,81.9,83.1,81.05,82.85,80.5,2.35,2.92,26892338.0,2212401299.9
09988.HK,20231106,84.3,84.95,83.55,84.85,82.85,2.0,2.41,30546035.0,2583048522.55
09988.HK,20231107,84.4,84.75,82.75,83.15,84.85,-1.7,-2.0,24603820.0,2053966686.95
09988.HK,20231108,83.0,84.15,82.3,82.5,83.15,-0.65,-0.78,22210760.0,1841575679.21
09988.HK,20231109,82.5,82.8,81.4,82.15,82.5,-0.35,-0.42,18303691.0,1501706088.55
09988.HK,20231110,80.9,81.0,79.55,79.6,82.15,-2.55,-3.1,34168743.0,2729448929.65
09988.HK,20231113,80.0,81.1,79.1,80.65,79.6,1.05,1.32,31021604.0,2482770559.58
09988.HK,20231114,80.25,80.45,79.1,79.2,80.65,-1.45,-1.8,28959042.0,2301419639.2
09988.HK,20231115,82.15,83.25,81.25,83.2,79.2,4.0,5.05,50397502.0,4150058318.11
09988.HK,20231116,84.2,84.2,81.0,81.35,83.2,-1.85,-2.22,58203453.0,4761614365.02
09988.HK,20231117,75.0,76.65,72.9,73.25,81.35,-8.1,-9.96,190538032.0,14123669530.5
09988.HK,20231120,74.8,75.25,73.6,74.45,73.25,1.2,1.64,109101660.0,8098766988.58
09988.HK,20231121,76.0,77.5,75.75,76.0,74.45,1.55,2.08,86788578.0,6645019447.25
09988.HK,20231122,76.55,77.2,76.1,76.85,76.0,0.85,1.12,47284218.0,3628287513.23
09988.HK,20231123,76.45,77.5,76.0,77.25,76.85,0.4,0.52,39544273.0,3036472809.51
09988.HK,20231124,77.1,77.35,75.9,76.2,77.25,-1.05,-1.36,29509755.0,2253312230.81
09988.HK,20231127,75.95,76.25,74.7,76.1,76.2,-0.1,-0.13,36613788.0,2768854303.3
09988.HK,20231128,75.0,75.45,74.0,74.35,76.1,-1.75,-2.3,56690172.0,4227671861.2
09988.HK,20231129,73.95,74.15,71.9,72.7,74.35,-1.65,-2.22,91555012.0,6652549313.85
09988.HK,20231130,72.5,73.0,71.65,72.75,72.7,0.05,0.07,85244702.0,6177520043.7
09988.HK,20231201,72.6,73.05,71.65,71.85,72.75,-0.9,-1.24,93686293.0,6749928096.08
09988.HK,20231204,72.35,72.55,70.55,70.8,71.85,-1.05,-1.46,78421903.0,5598047160.46
09988.HK,20231205,70.8,71.05,69.9,70.5,70.8,-0.3,-0.42,56325918.0,3961486211.55
09988.HK,20231206,70.0,70.85,69.4,70.15,70.5,-0.35,-0.5,74529931.0,5225070421.8
09988.HK,20231207,69.4,69.95,68.65,69.7,70.15,-0.45,-0.64,39815379.0,2762502141.82
09988.HK,20231208,69.7,71.0,69.3,70.5,69.7,0.8,1.15,52123073.0,3665442200.37
09988.HK,20231211,69.25,69.5,67.8,68.8,70.5,-1.7,-2.41,70139100.0,4804564789.55
09988.HK,20231212,69.05,70.2,68.85,70.1,68.8,1.3,1.89,37921483.0,2650102140.15
09988.HK,20231213,69.0,69.8,68.85,69.4,70.1,-0.7,-1.0,27833190.0,1928760908.53
09988.HK,20231214,69.55,70.6,68.6,69.1,69.4,-0.3,-0.43,44998398.0,3115703474.19
09988.HK,20231215,70.4,72.95,70.4,71.65,69.1,2.55,3.69,62228683.0,4468602552.24
09988.HK,20231218,71.9,72.8,71.7,72.1,71.65,0.45,0.63,37723193.0,2718314416.23
09988.HK,20231219,71.85,72.15,71.15,71.65,72.1,-0.45,-0.62,31969362.0,2290946853.85
09988.HK,20231220,72.65,73.7,72.25,72.55,70.68,1.875,2.65,44579808.0,3245079570.85
09988.HK,20231221,72.25,73.55,72.0,73.35,72.55,0.8,1.1,34236257.0,2501776061.27
09988.HK,20231222,74.2,74.8,71.65,71.85,73.35,-1.5,-2.04,59400452.0,4321936883.35
09988.HK,20231227,73.5,74.3,72.85,73.8,71.85,1.95,2.71,36876901.0,2715957138.85
09988.HK,20231228,73.8,76.15,73.65,75.85,73.8,2.05,2.78,49312462.0,3712233098.6
09988.HK,20231229,76.0,76.05,75.05,75.6,75.85,-0.25,-0.33,26301974.0,1988685995.25
09988.HK,20240102,76.1,76.2,74.15,74.7,75.6,-0.9,-1.19,28567849.0,2132936430.1
09988.HK,20240103,73.4,73.4,72.6,73.3,74.7,-1.4,-1.87,37529342.0,2741363236.8
09988.HK,20240104,74.0,74.2,73.3,74.05,73.3,0.75,1.02,37563294.0,2770764104.55
09988.HK,20240105,73.05,73.05,71.4,71.65,74.05,-2.4,-3.24,52087626.0,3745407397.9
09988.HK,20240108,71.3,71.35,69.65,70.35,71.65,-1.3,-1.81,34239253.0,2401979747.67
09988.HK,20240109,70.25,71.1,69.55,69.75,70.35,-0.6,-0.85,50769600.0,3558450448.122
09988.HK,20240110,69.9,70.35,68.9,69.3,69.75,-0.45,-0.65,52717505.0,3658998002.45
09988.HK,20240111,69.4,71.9,69.05,70.85,69.3,1.55,2.24,44861174.0,3177218871.55
09988.HK,20240112,70.4,71.75,70.1,70.55,70.85,-0.3,-0.42,28180147.0,1997972067.85
09988.HK,20240115,70.1,70.8,69.4,70.0,70.55,-0.55,-0.78,19966338.0,1397443899.5
09988.HK,20240116,68.85,70.0,68.05,68.4,70.0,-1.6,-2.29,42678068.0,2933181040.45
09988.HK,20240117,68.0,68.0,65.1,65.65,68.4,-2.75,-4.02,68277439.0,4511474288.188
09988.HK,20240118,67.1,67.4,66.15,66.65,65.65,1.0,1.52,57626977.0,3843480447.269
09988.HK,20240119,66.1,66.85,65.15,65.55,66.65,-1.1,-1.65,54296782.0,3574430053.2
09988.HK,20240122,67.1,67.2,64.6,65.45,65.55,-0.1,-0.15,74043690.0,4850578903.294
09988.HK,20240123,66.6,69.35,66.3,67.65,65.45,2.2,3.36,74570912.0,5051957131.465
09988.HK,20240124,71.7,73.0,70.15,72.6,67.65,4.95,7.32,103474200.0,7403885128.31
09988.HK,20240125,73.0,73.7,71.9,73.35,72.6,0.75,1.03,64649639.0,4722161495.65
09988.HK,20240126,72.4,72.6,70.25,70.9,73.35,-2.45,-3.34,60517346.0,4317998717.98
09988.HK,20240129,72.2,73.5,72.1,72.6,70.9,1.7,2.4,52527482.0,3817126682.748
09988.HK,20240130,71.65,72.0,70.75,71.15,72.6,-1.45,-2.0,39880218.0,2843766710.05
09988.HK,20240131,70.95,71.0,69.15,69.55,71.15,-1.6,-2.25,51391419.0,3584357919.28
09988.HK,20240201,70.2,72.65,69.75,71.05,69.55,1.5,2.16,50417313.0,3585224673.75
09988.HK,20240202,72.0,72.75,70.05,70.7,71.05,-0.35,-0.49,34666865.0,2465238705.819
09988.HK,20240205,69.05,71.5,69.05,70.65,70.7,-0.05,-0.07,38569568.0,2722777487.65
09988.HK,20240206,72.8,76.7,72.65,76.0,70.65,5.35,7.57,109957108.0,8246364197.368
09988.HK,20240207,76.85,77.05,74.55,74.9,76.0,-1.1,-1.45,62186756.0,4692609390.72
09988.HK,20240208,71.35,71.9,69.4,70.3,74.9,-4.6,-6.14,113581630.0,7979619091.15
09988.HK,20240209,68.5,69.5,68.05,69.3,70.3,-1.0,-1.42,42137510.0,2889866839.118
09988.HK,20240214,68.7,70.95,68.3,70.8,69.3,1.5,2.16,42049345.0,2947323636.34
09988.HK,20240215,70.7,71.9,70.6,71.3,70.8,0.5,0.71,32587285.0,2321953131.75
09988.HK,20240216,71.8,73.4,71.35,73.0,71.3,1.7,2.38,52343661.0,3800298813.24
09988.HK,20240219,72.5,72.7,71.5,71.5,73.0,-1.5,-2.05,29322068.0,2107007262.741
09988.HK,20240220,72.2,72.6,70.8,72.15,71.5,0.65,0.91,32254405.0,2311515875.505
09988.HK,20240221,71.4,74.2,71.15,72.9,72.15,0.75,1.04,51979465.0,3796996404.462
09988.HK,20240222,73.7,74.85,73.45,74.85,72.9,1.95,2.67,42773596.0,3176706048.135
09988.HK,20240223,74.1,75.2,73.75,74.55,74.85,-0.3,-0.4,27579751.0,2052723907.37
09988.HK,20240226,74.3,74.7,73.7,74.15,74.55,-0.4,-0.54,22212373.0,1647911267.19
09988.HK,20240227,74.45,75.85,73.15,75.5,74.15,1.35,1.82,40440438.0,3021872309.155
09988.HK,20240228,75.6,76.2,74.1,74.25,75.5,-1.25,-1.66,42583119.0,3190630550.85
09988.HK,20240229,72.75,74.1,72.4,72.9,74.25,-1.35,-1.82,49333481.0,3604559091.7
09988.HK,20240301,72.0,73.4,71.5,73.05,72.9,0.15,0.21,60262868.0,4385990925.228
09988.HK,20240304,73.3,73.45,71.5,72.1,73.05,-0.95,-1.3,55605212.0,4028580844.37
09988.HK,20240305,70.2,70.9,69.05,69.7,72.1,-2.4,-3.33,59448363.0,4150243867.23
09988.HK,20240306,70.55,72.7,70.3,71.85,69.7,2.15,3.08,56159854.0,4020413558.72
09988.HK,20240307,72.05,72.65,70.1,70.7,71.85,-1.15,-1.6,42526429.0,3022002677.23
09988.HK,20240308,70.8,72.35,70.75,71.25,70.7,0.55,0.78,33041436.0,2364597096.19
09988.HK,20240311,72.15,73.2,72.1,72.8,71.25,1.55,2.18,37032890.0,2692528333.95
09988.HK,20240312,73.55,75.0,72.95,74.85,72.8,2.05,2.82,73206579.0,5441374802.85
09988.HK,20240313,74.5,75.05,73.75,74.0,74.85,-0.85,-1.14,47435359.0,3524759767.33
09988.HK,20240314,74.3,75.2,72.8,73.45,74.0,-0.55,-0.74,48282142.0,3553513547.6
09988.HK,20240315,71.4,72.0,70.8,71.9,73.45,-1.55,-2.11,66420792.0,4755136168.896
09988.HK,20240318,71.15,72.5,71.15,72.0,71.9,0.1,0.14,29947868.0,2154925267.336
09988.HK,20240319,71.25,71.7,70.6,71.1,72.0,-0.9,-1.25,38328086.0,2726090902.42
09988.HK,20240320,71.3,71.75,70.35,71.25,71.1,0.15,0.21,30531961.0,2172730999.7
09988.HK,20240321,72.5,73.25,72.25,72.55,71.25,1.3,1.82,38991190.0,2835897713.38
09988.HK,20240322,72.2,72.4,70.1,71.0,72.55,-1.55,-2.14,46657792.0,3304243778.771
09988.HK,20240325,70.15,70.95,69.8,70.3,71.0,-0.7,-0.99,42502492.0,2984026416.802
09988.HK,20240326,69.5,70.85,69.3,70.3,70.3,0.0,0.0,46925401.0,3287495719.22
09988.HK,20240327,69.7,69.95,68.5,68.8,70.3,-1.5,-2.13,66012638.0,4546645483.528
09988.HK,20240328,69.35,71.7,69.35,70.25,68.8,1.45,2.11,63275589.0,4458788315.229
09988.HK,20240402,71.65,72.0,69.7,71.0,70.25,0.75,1.07,63731872.0,4519870252.16
09988.HK,20240403,71.85,71.85,70.15,70.35,71.0,-0.65,-0.92,42103303.0,2976979625.0
09988.HK,20240405,70.4,70.95,68.9,70.05,70.35,-0.3,-0.43,41301670.0,2887906481.35
09988.HK,20240408,69.9,71.0,69.25,70.4,70.05,0.35,0.5,29316176.0,2059853837.45
09988.HK,20240409,70.1,71.45,69.85,70.5,70.4,0.1,0.14,34509483.0,2433902608.3
09988.HK,20240410,71.3,74.6,71.3,73.95,70.5,3.45,4.89,87693112.0,6454070097.74
09988.HK,20240411,72.75,74.45,72.5,74.2,73.95,0.25,0.34,41223561.0,3035911013.2
09988.HK,20240412,73.15,73.5,71.45,71.65,74.2,-2.55,-3.44,44688721.0,3222917797.36
09988.HK,20240415,70.0,70.65,69.8,70.4,71.65,-1.25,-1.74,42987921.0,3022157211.438
09988.HK,20240416,68.8,69.25,68.2,68.45,70.4,-1.95,-2.77,53443746.0,3672300732.55
09988.HK,20240417,68.1,68.55,67.3,68.0,68.45,-0.45,-0.66,40972640.0,2777927877.86
09988.HK,20240418,67.7,68.55,67.2,67.9,68.0,-0.1,-0.15,31609984.0,2146488504.3
09988.HK,20240419,66.85,67.05,65.8,66.7,67.9,-1.2,-1.77,51647818.0,3437397565.75
09988.HK,20240422,67.6,69.45,67.6,68.45,66.7,1.75,2.62,42767591.0,2935199008.09
09988.HK,20240423,69.3,70.35,68.8,69.8,68.45,1.35,1.97,47335665.0,3302883951.47
09988.HK,20240424,71.25,73.0,70.75,72.5,69.8,2.7,3.87,64630900.0,4663976163.38
09988.HK,20240425,72.5,74.1,72.05,73.0,72.5,0.5,0.69,43558815.0,3190874796.15
09988.HK,20240426,73.2,75.7,73.2,75.3,73.0,2.3,3.15,76974505.0,5765181471.453
09988.HK,20240429,74.3,76.0,74.1,74.35,75.3,-0.95,-1.26,55367962.0,4144691996.96
09988.HK,20240430,75.15,75.4,73.8,74.35,74.35,0.0,0.0,47495457.0,3538039148.1
09988.HK,20240502,73.5,76.75,73.35,76.1,74.35,1.75,2.35,68356381.0,5166213612.64
09988.HK,20240503,78.7,80.45,78.5,79.2,76.1,3.1,4.07,79294381.0,6286246926.38
09988.HK,20240506,79.5,79.6,78.5,79.5,79.2,0.3,0.38,56218498.0,4454527428.1
09988.HK,20240507,79.05,79.35,77.4,78.05,79.5,-1.45,-1.82,45448994.0,3548411188.9
09988.HK,20240508,78.25,78.45,75.55,76.15,78.05,-1.9,-2.43,54000423.0,4144334382.96
09988.HK,20240509,75.75,76.95,75.3,76.8,76.15,0.65,0.85,52298823.0,3992273038.86
09988.HK,20240510,77.5,78.75,77.1,77.95,76.8,1.15,1.5,47295135.0,3681137923.8
09988.HK,20240513,77.65,81.6,77.3,81.15,77.95,3.2,4.11,78841984.0,6350064921.84
09988.HK,20240514,82.0,83.45,82.0,82.65,81.15,1.5,1.85,78159136.0,6476823622.2
09988.HK,20240516,79.3,81.0,78.8,79.7,82.65,-2.95,-3.57,111040078.0,8857616055.11
09988.HK,20240517,85.0,85.9,84.45,85.7,79.7,6.0,7.53,111456576.0,9498089547.6
09988.HK,20240520,85.9,86.3,84.85,85.35,85.7,-0.35,-0.41,53129878.0,4546038072.418
09988.HK,20240521,85.5,85.9,83.95,84.4,85.35,-0.95,-1.11,43053288.0,3643147571.23
09988.HK,20240522,84.15,84.3,83.0,83.0,84.4,-1.4,-1.66,34490738.0,2879757468.05
09988.HK,20240523,81.0,81.05,77.55,78.65,83.0,-4.35,-5.24,100353257.0,7941567454.49
09988.HK,20240524,78.45,79.9,77.65,78.15,78.65,-0.5,-0.64,48522482.0,3805988248.476
09988.HK,20240527,78.9,79.65,77.9,79.25,78.15,1.1,1.41,39037400.0,3081574996.21
09988.HK,20240528,79.2,80.2,78.85,79.55,79.25,0.3,0.38,32245775.0,2566669649.915
09988.HK,20240529,78.5,78.8,76.1,76.8,79.55,-2.75,-3.46,67568273.0,5202466984.45
09988.HK,20240530,76.4,77.6,75.9,76.3,76.8,-0.5,-0.65,46353905.0,3539034262.25
09988.HK,20240531,77.45,77.9,74.9,74.9,76.3,-1.4,-1.83,148283968.0,11191941852.68
09988.HK,20240603,76.5,77.5,76.45,76.65,74.9,1.75,2.34,73997961.0,5633628318.6
09988.HK,20240604,76.0,76.85,75.9,76.4,76.65,-0.25,-0.33,30437293.0,2327154095.97
09988.HK,20240605,77.15,78.4,76.6,76.95,76.4,0.55,0.72,41354457.0,3200557887.73
09988.HK,20240606,78.1,78.45,76.65,77.1,76.95,0.15,0.19,39115156.0,3026556413.19
09988.HK,20240607,78.1,78.1,76.9,77.1,77.1,0.0,0.0,46037914.0,3556948879.5
09988.HK,20240611,76.6,77.05,75.75,76.45,77.1,-0.65,-0.84,45378373.0,3473458264.3
09988.HK,20240612,74.5,75.2,74.05,74.15,74.83,-0.68,-0.91,34449076.0,2564307420.035
09988.HK,20240613,75.3,75.35,73.7,74.5,74.15,0.35,0.47,51382442.0,3814621432.25
09988.HK,20240614,73.75,73.9,72.25,72.8,74.5,-1.7,-2.28,61962416.0,4519514028.731
09988.HK,20240617,71.85,73.0,71.15,72.5,72.8,-0.3,-0.41,35419261.0,2561568875.86
09988.HK,20240618,72.5,73.4,71.85,72.1,72.5,-0.4,-0.55,34574126.0,2501126455.34
09988.HK,20240619,72.9,74.45,72.25,74.2,72.1,2.1,2.91,31831878.0,2345008910.54
09988.HK,20240620,73.95,74.45,73.3,73.4,74.2,-0.8,-1.08,24354943.0,1793977813.786
09988.HK,20240621,72.45,72.65,71.5,72.0,73.4,-1.4,-1.91,57906313.0,4175699076.12
09988.HK,20240624,71.05,72.1,71.0,72.05,72.0,0.05,0.07,32160122.0,2300551286.38
09988.HK,20240625,72.25,73.2,72.1,72.65,72.05,0.6,0.83,27467171.0,1993273258.01
09988.HK,20240626,71.7,73.45,71.7,72.85,72.65,0.2,0.28,29066186.0,2119772792.93
09988.HK,20240627,72.0,72.6,71.25,71.55,72.85,-1.3,-1.78,37688869.0,2699129260.23
09988.HK,20240628,70.6,71.6,70.5,70.5,71.55,-1.05,-1.47,39388456.0,2790425645.33
09988.HK,20240702,69.8,72.0,69.8,70.45,70.5,-0.05,-0.07,43280648.0,3061446919.76
09988.HK,20240703,71.65,72.75,71.1,72.2,70.45,1.75,2.48,38913160.0,2801224946.5
09988.HK,20240704,73.4,73.95,73.0,73.15,72.2,0.95,1.32,30491758.0,2234968434.0
09988.HK,20240705,73.1,73.8,72.75,72.9,73.15,-0.25,-0.34,30464780.0,2228296706.43
09988.HK,20240708,72.05,72.65,71.45,71.8,72.9,-1.1,-1.51,41071018.0,2950944152.51
09988.HK,20240709,71.25,73.0,71.25,72.5,71.8,0.7,0.97,33931545.0,2451025590.89
09988.HK,20240710,73.7,74.6,73.1,73.1,72.5,0.6,0.83,35940892.0,2646344968.02
09988.HK,20240711,74.0,76.0,73.8,75.45,73.1,2.35,3.21,48693395.0,3659830845.27
09988.HK,20240712,76.4,78.7,76.4,78.4,75.45,2.95,3.91,65804366.0,5123475515.99
09988.HK,20240715,77.2,77.95,76.35,76.65,78.4,-1.75,-2.23,40320270.0,3106823769.57
09988.HK,20240716,75.7,75.95,75.1,75.5,76.65,-1.15,-1.5,33288019.0,2517170527.5
09988.HK,20240717,75.95,76.95,75.8,76.3,75.5,0.8,1.06,43176485.0,3297440992.37
09988.HK,20240718,75.55,76.1,75.1,75.8,76.3,-0.5,-0.66,35852222.0,2715242921.57
09988.HK,20240719,74.55,74.95,73.45,73.8,75.8,-2.0,-2.64,42933703.0,3173454212.55
09988.HK,20240722,73.8,75.2,73.7,74.75,73.8,0.95,1.29,33903557.0,2528413996.482
09988.HK,20240723,75.15,75.2,74.0,74.1,74.75,-0.65,-0.87,29397901.0,2187002705.55
09988.HK,20240724,74.05,74.85,74.05,74.2,74.1,0.1,0.13,24392950.0,1815039555.9
09988.HK,20240725,74.5,74.55,73.2,73.3,74.2,-0.9,-1.21,28685062.0,2111761338.8
09988.HK,20240726,73.6,73.9,72.8,73.1,73.3,-0.2,-0.27,24685769.0,1808410389.6
09988.HK,20240729,74.8,77.3,74.75,76.55,73.1,3.45,4.72,74410239.0,5697867168.602
09988.HK,20240730,76.65,76.95,75.6,76.2,76.55,-0.35,-0.46,42711031.0,3258301923.87
09988.HK,20240731,76.3,78.3,76.1,77.3,76.2,1.1,1.44,63322191.0,4910095294.02
09988.HK,20240801,77.2,78.0,76.8,77.5,77.3,0.2,0.26,38913402.0,3017478732.675
09988.HK,20240802,76.0,76.75,74.85,75.35,77.5,-2.15,-2.77,36160705.0,2734314359.26
09988.HK,20240805,74.15,75.8,72.8,74.2,75.35,-1.15,-1.53,49548357.0,3681907809.156
09988.HK,20240806,75.35,76.2,75.2,75.25,74.2,1.05,1.42,47939836.0,3627138218.794
09988.HK,20240807,76.0,77.5,75.75,76.5,75.25,1.25,1.66,39385356.0,3025204199.822
09988.HK,20240808,75.75,78.25,75.35,76.55,76.5,0.05,0.07,49320546.0,3792679989.5
09988.HK,20240809,78.1,78.95,77.85,77.85,76.55,1.3,1.7,37944538.0,2969955116.867
09988.HK,20240812,77.85,78.85,77.2,78.45,77.85,0.6,0.77,36296039.0,2841592931.8
09988.HK,20240813,78.6,79.15,78.0,78.65,78.45,0.2,0.25,31992760.0,2511736513.41
09988.HK,20240814,78.85,79.35,78.05,78.3,78.65,-0.35,-0.45,35577408.0,2793406063.41
09988.HK,20240815,77.65,77.95,75.5,76.4,78.3,-1.9,-2.43,69314475.0,5299291460.8
09988.HK,20240816,77.75,80.65,77.55,80.1,76.4,3.7,4.84,86304798.0,6867704721.65
09988.HK,20240819,81.3,82.65,81.2,81.45,80.1,1.35,1.69,58682838.0,4806394072.59
09988.HK,20240820,81.7,81.75,79.95,80.4,81.45,-1.05,-1.29,42535840.0,3430402004.9
09988.HK,20240821,78.4,79.95,78.3,79.95,80.4,-0.45,-0.56,51464907.0,4084730213.9
09988.HK,20240822,81.1,81.95,79.95,81.65,79.95,1.7,2.13,40296293.0,3265803440.95
09988.HK,20240823,81.65,82.85,81.1,82.65,81.65,1.0,1.22,43575656.0,3580871167.5
09988.HK,20240826,83.4,83.95,81.95,83.3,82.65,0.65,0.79,47740986.0,3965261914.82
09988.HK,20240827,80.05,80.35,79.0,79.95,83.3,-3.35,-4.02,85310659.0,6792242277.8
09988.HK,20240828,79.9,80.1,78.6,79.1,79.95,-0.85,-1.06,38782872.0,3069939501.75
09988.HK,20240829,77.55,79.1,77.3,79.05,79.1,-0.05,-0.06,42829550.0,3348731951.84
09988.HK,20240830,78.7,82.05,78.4,81.45,79.05,2.4,3.04,109667309.0,8893009540.53
09988.HK,20240902,81.35,81.45,79.4,79.5,81.45,-1.95,-2.39,53674093.0,4311909308.72
09988.HK,20240903,79.65,80.55,79.0,80.1,79.5,0.6,0.75,27709377.0,2217170895.77
09988.HK,20240904,79.4,80.4,79.0,80.1,80.1,0.0,0.0,28553946.0,2277966220.266
09988.HK,20240905,80.3,80.85,79.2,79.8,80.1,-0.3,-0.37,29214099.0,2330735150.4
09988.HK,20240909,78.8,79.4,77.65,78.3,79.8,-1.5,-1.88,79250807.0,6204373104.2
09988.HK,20240910,80.0,82.45,80.0,81.6,78.3,3.3,4.21,206633087.0,16854040557.742
09988.HK,20240911,81.55,82.4,80.15,81.45,81.6,-0.15,-0.18,83945417.0,6833095116.11
09988.HK,20240912,82.55,83.9,82.35,83.2,81.45,1.75,2.15,83669607.0,6976595011.0
09988.HK,20240913,83.5,84.65,82.25,82.75,83.2,-0.45,-0.54,59196273.0,4940263104.65
09988.HK,20240916,81.85,82.3,81.4,82.0,82.75,-0.75,-0.91,26558684.0,2173252533.14
09988.HK,20240917,81.4,83.1,81.35,82.85,82.0,0.85,1.04,30485324.0,2519588149.9
09988.HK,20240919,82.85,86.5,82.5,85.7,82.85,2.85,3.44,109112014.0,9287384305.89
09988.HK,20240920,86.0,89.0,85.4,87.2,85.7,1.5,1.75,122726621.0,10736051744.48
09988.HK,20240923,86.9,88.7,86.55,86.75,87.2,-0.45,-0.52,69609537.0,6089340260.2
09988.HK,20240924,89.15,92.2,88.05,92.0,86.75,5.25,6.05,141958511.0,12837936390.18
09988.HK,20240925,95.0,95.0,90.6,91.3,92.0,-0.7,-0.76,159777709.0,14802039248.44
09988.HK,20240926,92.5,99.25,91.8,97.75,91.3,6.45,7.06,203287208.0,19638039087.446
09988.HK,20240927,102.0,104.9,100.4,102.5,97.75,4.75,4.86,198337444.0,20325976018.288
09988.HK,20240930,107.6,112.8,106.3,110.0,102.5,7.5,7.32,250502801.0,27460811205.84
09988.HK,20241002,110.4,118.7,110.4,115.1,110.0,5.1,4.64,179685038.0,20648653034.92
09988.HK,20241003,113.0,113.0,106.5,110.0,115.1,-5.1,-4.43,138390517.0,15179797380.95
09988.HK,20241004,110.0,114.3,108.8,113.9,110.0,3.9,3.55,90914228.0,10237637542.61
09988.HK,20241007,114.2,116.9,113.0,114.6,113.9,0.7,0.61,105041570.0,12045023109.1
09988.HK,20241008,111.3,111.8,103.0,104.5,114.6,-10.1,-8.81,252168999.0,27228001309.65
09988.HK,20241009,107.2,107.7,99.65,102.9,104.5,-1.6,-1.53,177757025.0,18450021969.35
09988.HK,20241010,105.0,107.8,104.4,105.8,102.9,2.9,2.82,104808386.0,11130581105.8
09988.HK,20241014,107.0,107.1,102.7,105.2,105.8,-0.6,-0.57,79240625.0,8330300347.47
09988.HK,20241015,105.2,105.2,98.75,99.85,105.2,-5.35,-5.09,113107803.0,11427419448.45
09988.HK,20241016,98.5,100.9,97.85,98.95,99.85,-0.9,-0.9,67551937.0,6704176034.25
09988.HK,20241017,100.0,102.7,97.7,98.5,98.95,-0.45,-0.45,65933840.0,6604103319.55
09988.HK,20241018,97.65,102.5,95.3,100.5,98.5,2.0,2.03,119104755.0,11761178545.0
09988.HK,20241021,100.2,100.8,96.55,97.8,100.5,-2.7,-2.69,63514538.0,6246641190.637
09988.HK,20241022,97.6,98.7,96.1,97.25,97.8,-0.55,-0.56,48715559.0,4729240106.4
09988.HK,20241023,96.4,98.35,96.1,97.3,97.25,0.05,0.05,61919784.0,6014383546.95
09988.HK,20241024,95.05,95.3,93.5,94.15,97.3,-3.15,-3.24,76909887.0,7247521682.94
09988.HK,20241025,95.0,97.2,94.6,95.35,94.15,1.2,1.27,53441957.0,5127205625.79
09988.HK,20241028,95.7,98.4,95.05,96.65,95.35,1.3,1.36,69415882.0,6746531908.038
09988.HK,20241029,97.35,99.2,96.85,97.55,96.65,0.9,0.93,57004880.0,5589116781.52
09988.HK,20241030,96.15,97.15,95.2,95.85,97.55,-1.7,-1.74,51472115.0,4943795665.27
09988.HK,20241031,95.35,96.8,94.55,94.55,95.85,-1.3,-1.36,47207811.0,4506636096.3
09988.HK,20241101,95.75,95.95,94.05,95.0,94.55,0.45,0.48,38347683.0,3635903247.17
09988.HK,20241104,95.6,96.45,95.2,96.05,95.0,1.05,1.11,31007532.0,2974835663.44
09988.HK,20241105,95.1,98.65,95.1,98.4,96.05,2.35,2.45,50986901.0,4966869898.55
09988.HK,20241106,96.5,96.75,93.75,94.4,98.4,-4.0,-4.07,88756404.0,8430966462.02
09988.HK,20241107,93.8,96.15,93.25,95.65,94.4,1.25,1.32,57481876.0,5459536920.75
09988.HK,20241108,98.0,99.5,94.0,94.0,95.65,-1.65,-1.73,74794561.0,7162453971.781
09988.HK,20241111,91.35,96.75,90.05,94.1,94.0,0.1,0.11,103787086.0,9629283359.37
09988.HK,20241112,93.65,95.0,89.95,90.55,94.1,-3.55,-3.77,89444897.0,8174459883.01
09988.HK,20241113,89.45,90.9,89.45,90.55,90.55,0.0,0.0,63573164.0,5732849662.94
09988.HK,20241114,89.15,90.45,87.65,87.95,90.55,-2.6,-2.87,67262128.0,5969140130.62
09988.HK,20241115,88.0,88.75,87.0,87.2,87.95,-0.75,-0.85,49182995.0,4313307796.55
09988.HK,20241118,86.85,87.15,85.3,86.3,87.2,-0.9,-1.03,70101208.0,6042070447.46
09988.HK,20241119,86.95,87.45,84.7,85.25,86.3,-1.05,-1.22,68824611.0,5886874237.5
09988.HK,20241120,84.8,85.25,83.5,84.75,85.25,-0.5,-0.59,70389532.0,5938312904.7
09988.HK,20241121,84.35,84.95,83.6,84.4,84.75,-0.35,-0.41,45741828.0,3856588923.03
09988.HK,20241122,83.6,84.05,80.2,80.7,84.4,-3.7,-4.38,110110185.0,9004779038.16
09988.HK,20241125,80.7,82.8,79.9,81.95,80.7,1.25,1.55,163133423.0,13340401555.94
09988.HK,20241126,81.8,84.45,81.8,83.35,81.95,1.4,1.71,78159824.0,6504231679.08
09988.HK,20241127,83.2,85.7,82.5,85.0,83.35,1.65,1.98,56559911.0,4769027231.05
09988.HK,20241128,84.3,84.35,82.75,83.4,85.0,-1.6,-1.88,45005738.0,3752457992.85
09988.HK,20241129,82.9,84.8,82.85,83.65,83.4,0.25,0.3,36163262.0,3022413327.5
09988.HK,20241202,84.25,85.65,83.75,84.0,83.65,0.35,0.42,55668722.0,4697832400.8
09988.HK,20241203,83.7,84.8,82.85,84.45,84.0,0.45,0.54,45041216.0,3777819788.034
09988.HK,20241204,83.35,84.25,82.6,84.0,84.45,-0.45,-0.53,57896484.0,4837529514.05
09988.HK,20241205,82.8,83.15,81.65,81.95,84.0,-2.05,-2.44,66632997.0,5469882440.022
09988.HK,20241206,82.2,84.7,81.75,83.95,81.95,2.0,2.44,73451040.0,6141975617.23
09988.HK,20241209,82.75,87.25,82.65,86.9,83.95,2.95,3.51,90092033.0,7629665747.05
09988.HK,20241210,91.25,91.4,86.55,86.6,86.9,-0.3,-0.35,97398890.0,8645274222.72
09988.HK,20241211,87.3,87.7,86.15,86.2,86.6,-0.4,-0.46,51946094.0,4510324050.43
09988.HK,20241212,85.95,88.75,85.95,88.0,86.2,1.8,2.09,64845532.0,5684834944.51
09988.HK,20241213,86.55,87.45,85.75,85.75,88.0,-2.25,-2.56,61023463.0,5275697665.098
09988.HK,20241216,85.75,85.9,83.5,84.35,85.75,-1.4,-1.63,47958063.0,4048428768.45
09988.HK,20241217,83.9,84.1,82.55,83.4,84.35,-0.95,-1.13,52558686.0,4380517942.75
09988.HK,20241218,84.85,84.85,83.65,84.05,83.4,0.65,0.78,35976303.0,3027714444.82
09988.HK,20241219,82.7,83.45,82.05,82.95,84.05,-1.1,-1.31,56263173.0,4650030256.94
09988.HK,20241220,81.8,82.25,79.35,80.1,82.95,-2.85,-3.44,132887681.0,10682159019.104
09988.HK,20241223,80.7,81.35,79.9,81.0,80.1,0.9,1.12,57974855.0,4672586711.81
09988.HK,20241224,82.3,83.95,82.15,83.15,81.0,2.15,2.65,46601344.0,3879417367.57
09988.HK,20241227,83.0,83.35,81.35,82.35,83.15,-0.8,-0.96,44013080.0,3619241037.9
09988.HK,20241230,82.35,82.95,81.55,82.0,82.35,-0.35,-0.43,39010940.0,3200573362.24
09988.HK,20241231,82.0,83.5,81.8,82.4,82.0,0.4,0.49,31449160.0,2607697475.255
09988.HK,20250102,82.4,82.7,80.8,81.3,82.4,-1.1,-1.33,48562393.0,3960395420.2
09988.HK,20250103,83.1,83.75,82.0,82.6,81.3,1.3,1.6,57859265.0,4781998642.7
09988.HK,20250106,83.15,83.35,81.9,82.15,82.6,-0.45,-0.54,36259231.0,2984825773.0
09988.HK,20250107,82.15,82.45,80.5,81.4,82.15,-0.75,-0.91,57807719.0,4701374386.889
09988.HK,20250108,81.6,82.25,80.4,80.9,81.4,-0.5,-0.61,51033856.0,4139230361.85
09988.HK,20250109,80.9,81.6,80.45,80.6,80.9,-0.3,-0.37,38857402.0,3144059265.0
09988.HK,20250110,80.9,81.2,79.5,79.6,80.6,-1.0,-1.24,49178401.0,3939500967.35
09988.HK,20250113,78.5,78.55,77.35,78.1,79.6,-1.5,-1.88,47082642.0,3675105334.59
09988.HK,20250114,78.75,80.35,78.35,79.95,78.1,1.85,2.37,62238203.0,4940666700.65
09988.HK,20250115,79.1,80.15,79.1,79.95,79.95,0.0,0.0,34729525.0,2766342005.556
09988.HK,20250116,80.1,81.45,79.25,80.45,79.95,0.5,0.63,40303852.0,3238879269.89
09988.HK,20250117,80.0,80.75,79.6,80.75,80.45,0.3,0.37,40613226.0,3261068532.98
09988.HK,20250120,82.7,86.1,82.4,84.55,80.75,3.8,4.71,92760400.0,7854543215.3
09988.HK,20250121,85.8,85.95,83.9,84.8,84.55,0.25,0.3,45376591.0,3852994881.75
09988.HK,20250122,83.3,83.9,81.65,82.2,84.8,-2.6,-3.07,50020729.0,4123030430.877
09988.HK,20250123,83.85,84.25,82.55,82.9,82.2,0.7,0.85,35695244.0,2969428730.24
09988.HK,20250124,83.75,85.0,83.0,84.75,82.9,1.85,2.23,56000920.0,4724454919.972
09988.HK,20250127,86.6,87.95,86.1,87.25,84.75,2.5,2.95,77324541.0,6751684422.27
09988.HK,20250128,88.5,88.5,87.65,88.3,87.25,1.05,1.2,28186080.0,2486488809.95
09988.HK,20250203,92.55,94.1,90.4,94.0,88.3,5.7,6.46,137951734.0,12779330954.63
09988.HK,20250204,96.8,97.95,94.75,97.65,94.0,3.65,3.88,119029715.0,11520580337.59
09988.HK,20250205,99.0,99.65,95.3,97.55,97.65,-0.1,-0.1,130268715.0,12660016346.7
09988.HK,20250206,96.95,98.9,96.5,98.55,97.55,1.0,1.03,82663790.0,8088821329.15
09988.HK,20250207,98.0,100.9,97.7,100.0,98.55,1.45,1.47,111035834.0,11068566114.15
09988.HK,20250210,103.0,106.5,103.0,105.5,100.0,5.5,5.5,154940987.0,16237333754.582
09988.HK,20250211,107.9,108.6,104.6,104.9,105.5,-0.6,-0.57,133001073.0,14110191458.69
09988.HK,20250212,109.2,113.9,109.1,113.8,104.9,8.9,8.48,215324934.0,24162106001.91
09988.HK,20250213,115.2,124.3,115.2,116.7,113.8,2.9,2.55,336901993.0,40055136971.1
09988.HK,20250214,116.9,124.3,116.8,124.1,116.7,7.4,6.34,267121701.0,32288035569.03
09988.HK,20250217,124.9,129.5,118.8,122.2,124.1,-1.9,-1.53,293596265.0,36437601894.41
09988.HK,20250218,122.0,128.6,122.0,126.3,122.2,4.1,3.36,197776235.0,24916497421.65
09988.HK,20250219,123.7,125.4,122.3,124.1,126.3,-2.2,-1.74,148288754.0,18407447195.835
09988.HK,20250220,122.4,123.6,118.4,120.9,124.1,-3.2,-2.58,178330455.0,21563930453.22
09988.HK,20250221,133.0,139.6,131.0,138.5,120.9,17.6,14.56,329402607.0,44457851497.26
09988.HK,20250224,138.9,140.9,134.3,135.7,138.5,-2.8,-2.02,222538792.0,30616680233.1
09988.HK,20250225,125.1,133.3,125.0,130.6,135.7,-5.1,-3.76,234415866.0,30430762258.013
09988.HK,20250226,132.3,139.1,132.0,136.9,130.6,6.3,4.82,197155020.0,26983707379.15
09988.HK,20250227,137.5,139.7,133.2,135.7,136.9,-1.2,-0.88,180178311.0,24571142385.66
09988.HK,20250228,133.6,133.8,127.1,127.5,135.7,-8.2,-6.04,209019085.0,27079502355.6
09988.HK,20250303,129.8,134.5,128.6,130.4,127.5,2.9,2.27,164140645.0,21565128084.94
09988.HK,20250304,126.6,129.3,124.5,127.8,130.4,-2.6,-1.99,133778504.0,16999549768.3
09988.HK,20250305,128.4,131.5,126.6,129.9,127.8,2.1,1.64,132295744.0,17122580154.7
09988.HK,20250306,138.0,141.5,137.3,140.8,129.9,10.9,8.39,198863431.0,27717472476.98
09988.HK,20250307,137.8,145.9,137.2,140.0,140.8,-0.8,-0.57,250700100.0,35296333286.71
09988.HK,20250310,137.2,138.7,133.6,134.5,140.0,-5.5,-3.93,179071477.0,24435484593.35
09988.HK,20250311,127.8,134.8,127.7,133.6,134.5,-0.9,-0.67,157697693.0,20807506312.9
09988.HK,20250312,138.0,138.0,131.9,134.8,133.6,1.2,0.9,124456918.0,16836940998.1
09988.HK,20250313,133.8,133.9,129.1,131.5,134.8,-3.3,-2.45,101846984.0,13383022409.457
09988.HK,20250314,134.5,137.6,132.8,135.8,131.5,4.3,3.27,108673140.0,14720179876.35
09988.HK,20250317,137.6,139.0,135.1,135.5,135.8,-0.3,-0.22,72542321.0,9927403706.31
09988.HK,20250318,143.3,143.5,140.6,143.4,135.5,7.9,5.83,145909264.0,20795168713.507
09988.HK,20250319,140.3,142.3,139.6,141.1,143.4,-2.3,-1.6,83578664.0,11795285228.38
09988.HK,20250320,140.0,140.0,135.1,135.5,141.1,-5.6,-3.97,113971960.0,15628616449.984
09988.HK,20250321,133.6,135.3,130.4,130.7,135.5,-4.8,-3.54,143069660.0,18866090140.28
09988.HK,20250324,132.0,134.1,130.4,132.8,130.7,2.1,1.61,90778453.0,11965649101.299
09988.HK,20250325,130.7,132.1,127.6,127.7,132.8,-5.1,-3.84,104041459.0,13408694807.0
09988.HK,20250326,128.6,130.7,128.0,129.5,127.7,1.8,1.41,57480050.0,7426520767.73
09988.HK,20250327,129.4,133.0,128.3,130.1,129.5,0.6,0.46,63397449.0,8292535601.62
09988.HK,20250328,132.0,133.5,129.0,131.0,130.1,0.9,0.69,66594496.0,8745528299.35
09988.HK,20250331,128.8,130.0,126.1,128.0,131.0,-3.0,-2.29,78698386.0,10062802878.641
09988.HK,20250401,129.1,131.5,128.9,129.8,128.0,1.8,1.41,59194990.0,7698043579.1
09988.HK,20250402,129.0,132.0,128.4,130.0,129.8,0.2,0.15,61236236.0,7968615270.2
09988.HK,20250403,122.5,126.4,121.5,123.5,130.0,-6.5,-5.0,165415092.0,20482562422.479
09988.HK,20250407,108.0,112.2,100.0,101.3,123.5,-22.2,-17.98,392361045.0,41586049753.34
09988.HK,20250408,105.7,106.3,97.55,102.5,101.3,1.2,1.18,291748687.0,29853923966.95
09988.HK,20250409,97.4,105.7,95.7,103.6,102.5,1.1,1.07,251724654.0,25366769583.54
09988.HK,20250410,108.0,110.4,104.4,104.8,103.6,1.2,1.16,239469665.0,25574348772.8
09988.HK,20250411,103.0,106.6,101.5,103.0,104.8,-1.8,-1.72,178687575.0,18536289392.26
09988.HK,20250414,107.4,109.9,105.7,108.2,103.0,5.2,5.05,166612582.0,17996607007.91
09988.HK,20250415,111.8,111.8,108.6,109.9,108.2,1.7,1.57,103926447.0,11443754999.4
09988.HK,20250416,107.0,107.5,104.0,105.4,109.9,-4.5,-4.09,116440525.0,12271273997.66
09988.HK,20250417,105.1,109.3,104.5,108.7,105.4,3.3,3.13,113941562.0,12282860744.48
09988.HK,20250422,108.4,111.5,107.2,110.0,108.7,1.3,1.2,118989644.0,13051530685.38
09988.HK,20250423,116.4,116.9,113.9,116.0,110.0,6.0,5.45,142919552.0,16484076978.03
09988.HK,20250424,115.7,116.3,112.5,113.8,116.0,-2.2,-1.9,91662927.0,10454633683.1
09988.HK,20250425,116.2,117.9,114.9,115.6,113.8,1.8,1.58,82127311.0,9561057082.43
09988.HK,20250428,117.8,117.8,114.4,115.2,115.6,-0.4,-0.35,67368966.0,7795494614.68
09988.HK,20250429,115.7,117.4,114.2,115.0,115.2,-0.2,-0.17,63943734.0,7385709519.2
09988.HK,20250430,116.4,117.6,114.6,117.5,115.0,2.5,2.17,68302501.0,7968424155.74
09988.HK,20250502,119.2,123.1,118.1,122.0,117.5,4.5,3.83,72747697.0,8836144199.0
09988.HK,20250506,122.5,124.7,120.8,123.8,122.0,1.8,1.48,89828348.0,11054407583.7
09988.HK,20250507,126.9,127.8,121.3,121.3,123.8,-2.5,-2.02,105915833.0,13093737936.5
09988.HK,20250508,120.8,123.7,120.3,121.5,121.3,0.2,0.16,70065236.0,8556852315.38
09988.HK,20250509,122.9,124.4,121.8,123.6,121.5,2.1,1.73,64212711.0,7908432289.46
09988.HK,20250512,126.1,131.9,124.9,131.2,123.6,7.6,6.15,163626351.0,21025747903.9
09988.HK,20250513,131.0,131.0,125.6,126.1,131.2,-5.1,-3.89,110675822.0,14127362101.0
09988.HK,20250514,127.8,130.8,126.8,130.4,126.1,4.3,3.41,88967136.0,11457409234.08
09988.HK,20250515,131.4,131.7,127.9,128.9,130.4,-1.5,-1.15,83762982.0,10849921558.9
09988.HK,20250516,121.0,124.2,120.3,123.4,128.9,-5.5,-4.27,146404177.0,17936191340.0
09988.HK,20250519,119.9,120.8,117.5,119.2,123.4,-4.2,-3.4,124103481.0,14770522224.23
09988.HK,20250520,120.0,122.6,119.2,121.7,119.2,2.5,2.1,63599789.0,7733518744.66
09988.HK,20250521,123.1,123.7,122.1,123.1,121.7,1.4,1.15,48764348.0,5991396868.7
09988.HK,20250522,121.6,121.8,118.6,119.1,123.1,-4.0,-3.25,77869662.0,9348943709.4
09988.HK,20250523,119.0,120.1,117.7,118.8,119.1,-0.3,-0.25,66708012.0,7918138827.28
09988.HK,20250526,118.5,119.6,116.8,116.9,118.8,-1.9,-1.6,61541743.0,7243831537.08
09988.HK,20250527,116.0,118.2,115.1,118.0,116.9,1.1,0.94,52883817.0,6186958021.9
09988.HK,20250528,118.2,118.5,115.2,115.7,118.0,-2.3,-1.95,68081387.0,7905426666.992
09988.HK,20250529,115.3,118.8,115.3,118.1,115.7,2.4,2.07,74783592.0,8757428965.08
09988.HK,20250530,115.1,115.4,112.8,113.9,118.1,-4.2,-3.56,204654182.0,23268231953.22
09988.HK,20250602,112.0,113.6,109.8,113.2,113.9,-0.7,-0.61,73453819.0,8228475785.569
09988.HK,20250603,113.2,114.4,112.9,113.9,113.2,0.7,0.62,59256715.0,6744305512.46
09988.HK,20250604,113.2,115.6,112.6,114.6,113.9,0.7,0.61,73216251.0,8377790000.05
09988.HK,20250605,117.9,118.5,117.2,118.3,114.6,3.7,3.23,77117941.0,9090687613.09
09988.HK,20250606,118.3,118.3,115.7,116.6,118.3,-1.7,-1.44,75163798.0,8758946101.8
09988.HK,20250609,118.0,120.3,117.6,119.3,116.6,2.7,2.32,84322573.0,9999684867.1
09988.HK,20250610,120.4,120.5,117.6,118.8,119.3,-0.5,-0.42,54323007.0,6455197439.34
09988.HK,20250611,118.6,119.0,117.9,118.4,116.838,1.562,1.34,50080516.0,5933895929.1
09988.HK,20250612,115.7,116.3,114.3,114.6,118.4,-3.8,-3.21,82878015.0,9554878160.2
09988.HK,20250613,112.8,114.1,110.6,112.0,114.6,-2.6,-2.27,122464076.0,13708980145.7
09988.HK,20250616,111.1,113.8,110.3,112.9,112.0,0.9,0.8,73900525.0,8286339983.54
09988.HK,20250617,114.3,115.5,113.9,114.8,112.9,1.9,1.68,59968684.0,6875194906.3
09988.HK,20250618,114.1,114.1,111.4,112.2,114.8,-2.6,-2.26,55865417.0,6265194604.8
09988.HK,20250619,111.6,111.9,109.6,110.0,112.2,-2.2,-1.96,55573686.0,6137505477.2
09988.HK,20250620,111.0,111.7,110.0,111.7,110.0,1.7,1.55,106839365.0,11893234427.94
09988.HK,20250623,110.0,111.1,108.6,110.8,111.7,-0.9,-0.81,68537835.0,7548896743.89
09988.HK,20250624,112.1,113.6,111.6,112.7,110.8,1.9,1.71,66616313.0,7513645430.563
09988.HK,20250625,115.0,116.2,113.6,115.5,112.7,2.8,2.48,79338255.0,9113396950.68
09988.HK,20250626,113.0,113.3,112.1,112.2,115.5,-3.3,-2.86,86859946.0,9779790079.38
09988.HK,20250627,112.6,113.5,111.4,112.1,112.2,-0.1,-0.09,75942306.0,8527342871.616
09988.HK,20250630,111.5,112.0,109.8,109.8,112.1,-2.3,-2.05,90192013.0,9964296763.5
09988.HK,20250702,111.7,112.0,108.7,109.4,109.8,-0.4,-0.36,88248907.0,9684701634.4
09988.HK,20250703,108.8,109.6,105.2,106.2,109.4,-3.2,-2.93,155395466.0,16470648163.76
09988.HK,20250704,105.2,106.4,103.1,105.1,106.2,-1.1,-1.04,106812953.0,11171143948.16
09988.HK,20250707,104.0,105.6,102.3,105.4,105.1,0.3,0.29,81216305.0,8464981799.7
09988.HK,20250708,104.7,107.6,104.2,107.0,105.4,1.6,1.52,81928731.0,8709027454.6
09988.HK,20250709,106.1,106.3,102.7,102.9,107.0,-4.1,-3.83,134137844.0,13950844741.5
09988.HK,20250710,102.0,103.8,101.8,103.2,102.9,0.3,0.29,98855593.0,10134491273.64
09988.HK,20250711,103.3,106.9,103.3,105.1,103.2,1.9,1.84,115975182.0,12260558674.73
09988.HK,20250714,104.4,106.7,104.4,106.1,105.1,1.0,0.95,65552727.0,6943468088.4
09988.HK,20250715,106.5,113.7,106.5,113.5,106.1,7.4,6.97,195489816.0,21651880562.77
09988.HK,20250716,115.7,117.7,113.5,113.8,113.5,0.3,0.26,144295161.0,16700161408.96
09988.HK,20250717,113.4,115.0,112.1,112.5,113.8,-1.3,-1.14,74908706.0,8471113726.7
09988.HK,20250718,115.3,116.3,114.4,115.8,112.5,3.3,2.93,83105716.0,9596749189.56
09988.HK,20250721,118.8,118.8,117.0,117.9,115.8,2.1,1.81,95474095.0,11260049850.67
09988.HK,20250722,117.7,118.2,116.0,118.0,117.9,0.1,0.08,63352702.0,7425803538.0
09988.HK,20250723,119.0,122.0,117.7,120.9,118.0,2.9,2.46,119661760.0,14368327297.49
09988.HK,20250724,120.9,121.8,119.9,120.3,120.9,-0.6,-0.5,77592812.0,9381948604.98
09988.HK,20250725,119.1,119.3,117.5,118.0,120.3,-2.3,-1.91,63455940.0,7500431291.1
09988.HK,20250728,119.5,121.7,118.9,120.6,118.0,2.6,2.2,69215231.0,8337951775.7
09988.HK,20250729,119.2,121.0,118.1,120.7,120.6,0.1,0.08,59019387.0,7050020911.2
09988.HK,20250730,117.7,119.6,117.1,117.1,120.7,-3.6,-2.98,88754280.0,10470600968.74
09988.HK,20250731,116.0,118.0,114.3,115.7,117.1,-1.4,-1.2,97698587.0,11334093168.34
09988.HK,20250801,117.8,119.3,116.7,116.9,115.7,1.2,1.04,75031091.0,8850693078.5
09988.HK,20250804,115.5,116.7,114.7,116.2,116.9,-0.7,-0.6,50516068.0,5852281779.1
09988.HK,20250805,116.1,116.3,114.6,116.0,116.2,-0.2,-0.17,52371110.0,6050231794.5
09988.HK,20250806,115.6,119.2,115.1,116.7,116.0,0.7,0.6,73715023.0,8636796056.3
09988.HK,20250807,119.1,119.8,117.9,119.2,116.7,2.5,2.14,66845112.0,7959246749.6
09988.HK,20250808,118.6,118.6,116.1,116.3,119.2,-2.9,-2.43,60373207.0,7063571880.4
09988.HK,20250811,118.0,119.0,116.9,118.5,116.3,2.2,1.89,43065055.0,5086535236.94
09988.HK,20250812,116.8,117.5,116.1,116.6,118.5,-1.9,-1.6,55676119.0,6496837115.7
09988.HK,20250813,120.0,123.8,119.2,123.7,116.6,7.1,6.09,150500459.0,18308914947.8
09988.HK,20250814,124.8,125.2,121.0,121.8,123.7,-1.9,-1.54,83916791.0,10311184942.7
09988.HK,20250815,119.3,119.8,117.8,118.1,121.8,-3.7,-3.04,110541625.0,13097069023.2
09988.HK,20250818,118.3,120.8,118.3,118.6,118.1,0.5,0.42,76093381.0,9087497702.48
09988.HK,20250819,118.4,119.7,117.9,118.3,118.6,-0.3,-0.25,55732895.0,6612360159.732
09988.HK,20250820,117.2,118.0,116.1,117.5,118.3,-0.8,-0.68,62830049.0,7348177075.6
09988.HK,20250821,117.3,117.6,115.0,115.7,117.5,-1.8,-1.53,66716053.0,7746247569.09
09988.HK,20250822,115.5,118.3,115.3,118.0,115.7,2.3,1.99,73604857.0,8619159505.9
09988.HK,20250825,120.4,126.0,120.4,124.5,118.0,6.5,5.51,162992103.0,20176124341.7
09988.HK,20250826,122.0,123.9,121.1,121.3,124.5,-3.2,-2.57,90253630.0,11045099957.0
09988.HK,20250827,121.3,124.3,121.0,121.5,121.3,0.2,0.16,114213258.0,13972168865.02
09988.HK,20250828,119.1,119.3,115.6,115.8,121.5,-5.7,-4.69,171962832.0,20064065645.66
09988.HK,20250829,116.8,119.0,115.7,115.7,115.8,-0.1,-0.09,110429482.0,12885953477.9
09988.HK,20250901,133.0,138.0,133.0,137.1,115.7,21.4,18.5,404948185.0,54916950662.24
09988.HK,20250902,139.9,139.9,134.7,134.7,137.1,-2.4,-1.75,166594096.0,22727724666.65
09988.HK,20250903,136.5,137.8,133.0,134.1,134.7,-0.6,-0.45,104631522.0,14119905258.92
09988.HK,20250904,134.3,134.8,128.5,129.8,134.1,-4.3,-3.21,148595855.0,19356945374.4
09988.HK,20250905,128.5,133.0,128.1,131.8,129.8,2.0,1.54,127450276.0,16688212150.69
09988.HK,20250908,133.2,138.0,133.1,137.3,131.8,5.5,4.17,147299900.0,20077519569.54
09988.HK,20250909,138.6,142.8,138.0,141.9,137.3,4.6,3.35,181120225.0,25571992786.33
09988.HK,20250910,144.7,147.9,142.6,142.8,141.9,0.9,0.63,181722198.0,26367188569.49
09988.HK,20250911,140.9,146.5,139.1,143.3,142.8,0.5,0.35,174456621.0,24964367964.14
09988.HK,20250912,151.7,153.8,150.1,151.1,143.3,7.8,5.44,170663495.0,25931662331.58
09988.HK,20250915,150.4,156.8,150.1,154.6,151.1,3.5,2.32,146193613.0,22604762191.04
09988.HK,20250916,154.0,156.8,152.5,153.5,154.6,-1.1,-0.71,111088746.0,17147548902.2
09988.HK,20250917,157.7,162.3,156.7,161.6,153.5,8.1,5.28,156646724.0,25103703723.5
09988.HK,20250918,162.1,164.8,156.3,158.4,161.6,-3.2,-1.98,209809246.0,33703774014.28
09988.HK,20250919,158.9,162.8,156.6,159.1,158.4,0.7,0.44,138827373.0,22168296850.5
09988.HK,20250922,157.6,161.5,157.3,159.2,159.1,0.1,0.06,103208970.0,16452375762.5
09988.HK,20250923,160.0,163.1,156.7,159.4,159.2,0.2,0.13,119175251.0,19010074240.899
09988.HK,20250924,158.5,174.9,157.6,174.0,159.4,14.6,9.16,261023658.0,44091254771.5
09988.HK,20250925,174.0,177.8,171.1,172.0,174.0,-2.0,-1.15,172333447.0,30033316446.283
09988.HK,20250926,168.4,171.9,165.0,166.5,172.0,-5.5,-3.2,152987253.0,25743281451.37
09988.HK,20250929,166.9,174.3,166.9,173.4,166.5,6.9,4.14,134259119.0,23097912213.96
09988.HK,20250930,176.6,178.0,173.7,177.0,173.4,3.6,2.08,135460219.0,23892748734.37
09988.HK,20251002,179.7,185.0,179.1,183.1,177.0,6.1,3.45,96036992.0,17573327509.75
09988.HK,20251003,185.0,186.2,183.3,185.1,183.1,2.0,1.09,56780997.0,10471400436.96
09988.HK,20251006,181.8,183.8,179.8,180.5,185.1,-4.6,-2.49,49211980.0,8914874905.43
09988.HK,20251008,178.1,178.3,173.5,177.6,180.5,-2.9,-1.61,75252197.0,13249751058.6
09988.HK,20251009,179.0,179.0,171.5,173.3,177.6,-4.3,-2.42,158029622.0,27615986108.4
09988.HK,20251010,169.1,170.3,164.8,165.4,173.3,-7.9,-4.56,186753966.0,31172922959.36
09988.HK,20251013,159.0,163.6,156.1,162.6,165.4,-2.8,-1.69,282816644.0,45255101764.68
09988.HK,20251014,164.8,166.1,154.0,155.6,162.6,-7.0,-4.31,201534774.0,32056081179.05
09988.HK,20251015,158.7,162.7,156.1,161.6,155.6,6.0,3.86,111159729.0,17818995617.4
09988.HK,20251016,162.6,164.2,158.6,161.2,161.6,-0.4,-0.25,73190193.0,11792460019.2
09988.HK,20251017,161.0,161.0,153.0,154.4,161.2,-6.8,-4.22,133552318.0,20779808164.3
09988.HK,20251020,162.1,162.9,160.0,161.9,154.4,7.5,4.86,98042110.0,15824574921.0
09988.HK,20251021,167.5,169.0,164.8,165.1,161.9,3.2,1.98,110624314.0,18485325920.4
09988.HK,20251022,162.7,163.6,160.0,161.9,165.1,-3.2,-1.94,67640668.0,10948294006.64
09988.HK,20251023,161.9,165.5,159.1,164.6,161.9,2.7,1.67,86447894.0,14053583938.78
09988.HK,20251024,168.0,169.3,166.6,168.3,164.6,3.7,2.25,84064278.0,14125845046.618
09988.HK,20251027,174.8,175.0,172.1,173.6,168.3,5.3,3.15,96795907.0,16798028487.9
09988.HK,20251028,174.0,174.2,169.5,171.0,173.6,-2.6,-1.5,78492657.0,13467273059.79
09988.HK,20251030,173.4,174.8,169.0,172.1,171.0,1.1,0.64,112254088.0,19352270084.76
09988.HK,20251031,169.8,170.6,165.1,165.1,172.1,-7.0,-4.07,97457096.0,16298385332.4
09988.HK,20251103,164.9,166.3,161.5,163.2,165.1,-1.9,-1.15,74773287.0,12210171385.7
09988.HK,20251104,164.0,164.0,158.1,159.0,163.2,-4.2,-2.57,89529769.0,14354452995.3
09988.HK,20251105,156.6,159.3,154.2,158.5,159.0,-0.5,-0.31,94071358.0,14714389756.9
09988.HK,20251106,160.8,165.3,159.9,165.0,158.5,6.5,4.1,83528391.0,13600934138.64
09988.HK,20251107,163.2,163.2,158.9,160.1,165.0,-4.9,-2.97,66709927.0,10713546254.9
09988.HK,20251110,162.8,164.2,160.4,163.4,160.1,3.3,2.06,57596575.0,9360847588.82
09988.HK,20251111,161.5,162.4,158.6,160.4,163.4,-3.0,-1.84,73054852.0,11669987979.3
09988.HK,20251112,157.1,158.4,155.2,156.8,160.4,-3.6,-2.24,96741580.0,15147545432.44
09988.HK,20251113,153.9,166.0,153.3,162.0,156.8,5.2,3.32,155447392.0,24785001720.09
09988.HK,20251114,156.5,158.4,154.5,154.9,162.0,-7.1,-4.38,101354219.0,15847725884.37
09988.HK,20251117,152.3,158.0,152.1,154.9,154.9,0.0,0.0,113907864.0,17641626942.25
09988.HK,20251118,153.2,158.4,153.2,154.6,154.9,-0.3,-0.19,102880519.0,16010863976.57
09988.HK,20251119,155.8,157.9,155.1,156.4,154.6,1.8,1.16,71141046.0,11135128038.12
09988.HK,20251120,158.3,159.8,154.0,154.8,156.4,-1.6,-1.02,65486765.0,10209807053.07
09988.HK,20251121,150.0,150.6,146.9,147.6,154.8,-7.2,-4.65,141043093.0,20975029429.187
09988.HK,20251124,147.8,156.3,147.8,154.5,147.6,6.9,4.67,199790253.0,30721048113.36
09988.HK,20251125,159.0,160.5,153.4,157.8,154.5,3.3,2.14,147102629.0,23217856626.84
09988.HK,20251126,154.0,158.0,153.4,154.8,157.8,-3.0,-1.9,110863259.0,17256390544.06
09988.HK,20251127,154.0,154.9,150.1,150.6,154.8,-4.2,-2.71,103303822.0,15705984411.84
09988.HK,20251128,151.8,153.2,151.0,151.5,150.6,0.9,0.6,66572166.0,10111444029.85
09988.HK,20251201,153.0,156.9,152.0,154.9,151.5,3.4,2.24,93259220.0,14494289977.2
09988.HK,20251202,160.1,160.1,156.3,157.0,154.9,2.1,1.36,74133971.0,11717077172.6
09988.HK,20251203,155.8,156.6,153.1,153.6,157.0,-3.4,-2.17,54076752.0,8332496257.03
09988.HK,20251204,153.1,155.1,152.5,154.4,153.6,0.8,0.52,57110210.0,8771618515.079
09988.HK,20251205,153.2,155.1,152.6,155.0,154.4,0.6,0.39,78815068.0,12166046512.2
09988.HK,20251208,155.0,155.5,152.8,153.4,155.0,-1.6,-1.03,75226835.0,11582000738.84
09988.HK,20251209,155.1,156.8,150.4,150.9,153.4,-2.5,-1.63,69789164.0,10648884303.7
09988.HK,20251210,150.5,153.4,149.6,153.2,150.9,2.3,1.52,61369895.0,9321713276.7
09988.HK,20251211,155.0,155.5,150.5,150.6,153.2,-2.6,-1.7,59433982.0,9052893590.1
09988.HK,20251212,152.7,154.1,150.8,154.1,150.6,3.5,2.32,88532981.0,13539596437.06
09988.HK,20251215,150.8,151.7,148.5,148.6,154.1,-5.5,-3.57,94298860.0,14139023980.2
09988.HK,20251216,146.9,147.0,141.6,144.2,148.6,-4.4,-2.96,118119058.0,16974022049.36
09988.HK,20251217,144.2,147.3,143.1,146.0,144.2,1.8,1.25,60486179.0,8790893882.831
09988.HK,20251218,143.1,144.9,142.9,144.1,146.0,-1.9,-1.3,47014025.0,6764239879.949
09988.HK,20251219,145.0,146.7,144.2,145.3,144.1,1.2,0.83,70392591.0,10237987194.7
09988.HK,20251222,146.0,148.5,145.0,146.4,145.3,1.1,0.76,58877432.0,8625656120.64
09988.HK,20251223,146.7,148.0,146.4,147.2,146.4,0.8,0.55,47601549.0,7009550959.3
09988.HK,20251224,147.0,148.1,145.1,146.0,147.2,-1.2,-0.82,28967695.0,4234823630.19
09988.HK,20251229,147.1,148.5,143.3,143.3,146.0,-2.7,-1.85,62656820.0,9131340598.0
09988.HK,20251230,143.3,145.7,143.2,144.5,143.3,1.2,0.84,60201594.0,8701232705.6
09988.HK,20251231,143.7,143.8,142.4,142.8,144.5,-1.7,-1.18,35628222.0,5089590813.63
09988.HK,20260102,143.2,149.7,142.9,149.0,142.8,6.2,4.34,48902470.0,7215810283.8
09988.HK,20260105,151.1,153.8,150.0,152.8,149.0,3.8,2.55,102834720.0,15681695666.3
09988.HK,20260106,150.9,153.2,150.5,150.8,152.8,-2.0,-1.31,112004139.0,16966606124.0
09988.HK,20260107,147.1,147.8,143.5,145.9,150.8,-4.9,-3.25,149677478.0,21758990525.344
09988.HK,20260108,143.6,144.9,141.0,142.6,145.9,-3.3,-2.26,107421412.0,15345323864.76
09988.HK,20260109,148.0,149.5,145.9,146.5,142.6,3.9,2.73,115234256.0,17002974129.97
09988.HK,20260112,146.9,154.6,146.0,154.3,146.5,7.8,5.32,164580300.0,25051108936.92
09988.HK,20260113,162.0,164.0,157.4,159.9,154.3,5.6,3.63,153153842.0,24540402269.35
09988.HK,20260114,163.8,169.8,162.1,169.0,159.9,9.1,5.69,244622843.0,40785747086.66
09988.HK,20260115,168.9,170.1,163.1,164.6,169.0,-4.4,-2.6,133061563.0,22058494327.68
09988.HK,20260116,167.9,168.7,165.0,166.2,164.6,1.6,0.97,79370877.0,13213026136.9
09988.HK,20260119,162.0,162.5,160.1,160.4,166.2,-5.8,-3.49,72500898.0,11677672896.59
09988.HK,20260120,159.8,162.2,158.6,159.7,160.4,-0.7,-0.44,55456218.0,8868225709.4
09988.HK,20260121,158.3,164.9,158.3,163.2,159.7,3.5,2.19,67441221.0,10924846933.0
09988.HK,20260122,166.0,166.5,162.8,164.8,163.2,1.6,0.98,59810988.0,9836717328.78
09988.HK,20260123,171.2,172.0,168.3,168.5,164.8,3.7,2.25,93252549.0,15805618024.44
09988.HK,20260126,169.5,170.2,164.5,165.2,168.5,-3.3,-1.96,67819829.0,11255344158.25
09988.HK,20260127,166.8,169.9,164.9,169.9,165.2,4.7,2.85,73661350.0,12414178175.48
09988.HK,20260128,170.5,173.8,168.6,173.5,169.9,3.6,2.12,102209414.0,17569439693.96
09988.HK,20260129,171.1,174.2,170.3,173.3,173.5,-0.2,-0.12,67539478.0,11666256998.58
09988.HK,20260130,170.0,170.7,167.0,169.2,173.3,-4.1,-2.37,75134065.0,12703476269.115
09988.HK,20260202,164.7,167.9,161.0,163.3,169.2,-5.9,-3.49,100747598.0,16482826406.12
09988.HK,20260203,165.4,166.0,155.2,161.0,163.3,-2.3,-1.41,111086312.0,17742273746.48
09988.HK,20260204,159.4,162.3,157.1,159.5,161.0,-1.5,-0.93,71689072.0,11420543580.2
09988.HK,20260205,155.5,160.4,154.0,159.6,159.5,0.1,0.06,89720504.0,14067922076.65
09988.HK,20260206,153.5,156.8,153.2,155.0,159.6,-4.6,-2.88,78125091.0,12098851447.5
09988.HK,20260209,159.5,160.2,157.6,157.9,155.0,2.9,1.87,58582947.0,9290992817.6
09988.HK,20260210,159.7,162.6,158.7,160.5,157.9,2.6,1.65,58402811.0,9385856574.8
09988.HK,20260211,161.3,162.7,159.6,160.1,160.5,-0.4,-0.25,51639528.0,8312329228.27
09988.HK,20260212,157.9,159.5,156.1,158.6,160.1,-1.5,-0.94,56768511.0,8953857552.885
09988.HK,20260213,154.0,156.4,153.9,155.4,158.6,-3.2,-2.02,69945660.0,10844812894.5
09988.HK,20260216,152.6,154.9,150.5,154.7,155.4,-0.7,-0.45,29215118.0,4460519828.38
09988.HK,20260220,150.0,151.7,147.1,147.1,154.7,-7.6,-4.91,70273864.0,10443089472.9
09988.HK,20260223,150.1,153.3,149.5,152.2,147.1,5.1,3.47,44852186.0,6820099085.31
09988.HK,20260224,149.9,150.4,147.0,148.0,152.2,-4.2,-2.76,82838070.0,12279106621.95
09988.HK,20260225,149.8,150.2,148.1,148.3,148.0,0.3,0.2,47742854.0,7109781788.7
09988.HK,20260226,148.3,148.8,143.0,143.0,148.3,-5.3,-3.57,98872855.0,14310258859.86
09988.HK,20260227,143.0,145.5,142.2,142.9,143.0,-0.1,-0.07,88719769.0,12741757997.72
09988.HK,20260302,139.6,140.5,135.6,136.4,142.9,-6.5,-4.55,134838521.0,18547876671.314
09988.HK,20260303,139.0,139.2,134.6,134.8,136.4,-1.6,-1.17,88507248.0,12087707586.4
09988.HK,20260304,131.2,133.0,127.7,129.9,134.8,-4.9,-3.64,163124992.0,21165511185.91
09988.HK,20260305,130.5,131.4,125.1,126.3,129.9,-3.6,-2.77,141677427.0,18111397452.14
09988.HK,20260306,126.9,132.0,126.5,130.7,126.3,4.4,3.48,100859931.0,13113260131.26
09988.HK,20260309,125.2,129.4,125.1,128.7,130.7,-2.0,-1.53,102893047.0,13083539474.75
09988.HK,20260310,131.0,134.2,130.0,133.5,128.7,4.8,3.73,98445281.0,13053180189.2
09988.HK,20260311,135.5,136.1,132.4,133.2,133.5,-0.3,-0.22,61695884.0,8269461529.0
09988.HK,20260312,130.6,133.5,129.6,131.6,133.2,-1.6,-1.2,57889342.0,7595848286.8
09988.HK,20260313,131.3,134.6,130.4,132.5,131.6,0.9,0.68,51862084.0,6898531818.58
09988.HK,20260316,132.9,135.1,130.8,134.0,132.5,1.5,1.13,50025123.0,6678437801.13
09988.HK,20260317,135.2,138.5,134.6,134.6,134.0,0.6,0.45,76247583.0,10410748974.96
09988.HK,20260318,134.4,140.2,133.1,137.7,134.6,3.1,2.3,108384226.0,14850301303.7
09988.HK,20260319,132.7,134.2,131.2,132.0,137.7,-5.7,-4.14,112049539.0,14846319222.92
09988.HK,20260320,123.5,126.8,122.4,123.7,132.0,-8.3,-6.29,206068855.0,25680463346.71
09988.HK,20260323,120.8,121.6,117.7,119.7,123.7,-4.0,-3.23,136352855.0,16319053679.36
09988.HK,20260324,122.0,124.0,119.8,123.2,119.7,3.5,2.92,86973171.0,10604404820.34
09988.HK,20260325,125.2,131.4,123.4,128.9,123.2,5.7,4.63,148277825.0,18912791030.17
09988.HK,20260326,128.0,128.0,122.6,123.0,128.9,-5.9,-4.58,87500096.0,10891175248.2
09988.HK,20260327,123.0,124.1,121.4,122.6,123.0,-0.4,-0.33,53442572.0,6564444594.408
09988.HK,20260330,118.2,121.4,117.9,120.5,122.6,-2.1,-1.71,80519074.0,9640039986.64
09988.HK,20260331,120.8,122.1,117.8,119.0,120.5,-1.5,-1.24,72026359.0,8583525817.24
09988.HK,20260401,123.3,124.0,121.5,122.7,119.0,3.7,3.11,67832865.0,8329040909.05
09988.HK,20260402,121.0,121.0,117.5,118.5,122.7,-4.2,-3.42,95121535.0,11273432323.99
09988.HK,20260408,121.9,127.9,121.3,126.5,118.5,8.0,6.75,181819816.0,22722795317.2
09988.HK,20260409,123.1,124.0,122.0,122.9,126.5,-3.6,-2.85,82451818.0,10139617697.27
09988.HK,20260410,125.1,127.5,125.0,125.5,122.9,2.6,2.12,78382509.0,9887959095.961
09988.HK,20260413,124.5,124.5,122.5,123.2,125.5,-2.3,-1.83,51100996.0,6291794741.5
09988.HK,20260414,125.5,126.8,123.2,124.5,123.2,1.3,1.06,52390198.0,6550932873.6
09988.HK,20260415,129.5,131.0,128.4,128.6,124.5,4.1,3.29,95222677.0,12319289108.68
09988.HK,20260416,131.7,136.1,131.2,135.8,128.6,7.2,5.6,127392595.0,17104219068.25
09988.HK,20260417,135.0,137.2,134.6,136.4,135.8,0.6,0.44,83379143.0,11353024551.9
09988.HK,20260420,135.7,138.4,134.7,137.0,136.4,0.6,0.44,71204282.0,9746287442.48
09988.HK,20260421,138.2,138.2,134.9,136.3,137.0,-0.7,-0.51,44920044.0,6115422609.1
09988.HK,20260422,133.3,133.4,130.6,131.5,136.3,-4.8,-3.52,69494718.0,9148238696.5
09988.HK,20260423,132.6,132.7,129.5,130.4,131.5,-1.1,-0.84,54768842.0,7161788152.17
09988.HK,20260424,128.1,132.8,126.7,131.8,130.4,1.4,1.07,63648525.0,8283631636.0
09988.HK,20260427,131.8,133.9,130.1,130.2,131.8,-1.6,-1.21,51858735.0,6820012508.6
09988.HK,20260428,128.8,130.6,126.0,126.5,130.2,-3.7,-2.84,72924924.0,9306248433.9
09988.HK,20260429,128.8,130.6,128.2,130.6,126.5,4.1,3.24,59643280.0,7735762914.78
09988.HK,20260430,128.2,128.5,126.0,126.0,130.6,-4.6,-3.52,88190461.0,11183416857.45
09988.HK,20260504,128.8,134.2,128.7,131.7,126.0,5.7,4.52,67792478.0,8957290415.09
09988.HK,20260505,131.2,132.7,129.9,131.2,131.7,-0.5,-0.38,25517465.0,3347356379.6
09988.HK,20260506,132.4,137.3,130.9,134.2,131.2,3.0,2.29,115976497.0,15604618769.2
09988.HK,20260507,139.5,140.9,138.5,140.9,134.2,6.7,4.99,116084635.0,16253115343.56
09988.HK,20260508,138.9,139.8,138.2,139.0,140.9,-1.9,-1.35,59348966.0,8242013574.05
09988.HK,20260511,136.8,137.6,133.3,133.9,139.0,-5.1,-3.67,98275069.0,13225583140.69
09988.HK,20260512,133.5,136.0,133.1,133.3,133.9,-0.6,-0.45,57483637.0,7718103629.96
09988.HK,20260513,132.0,134.2,130.3,132.8,133.3,-0.5,-0.38,89332520.0,11780427346.46
09988.HK,20260514,143.1,144.0,137.4,137.9,132.8,5.1,3.84,171292701.0,24092298077.4
09988.HK,20260515,138.0,138.0,131.1,132.3,137.9,-5.6,-4.06,90144879.0,12041180806.45
09988.HK,20260518,130.4,134.9,128.6,131.7,132.3,-0.6,-0.45,94625028.0,12384199321.24
09988.HK,20260519,130.5,135.3,130.5,133.3,131.7,1.6,1.21,75905647.0,10147522603.12
09988.HK,20260520,132.9,135.5,131.0,131.9,133.3,-1.4,-1.05,64904996.0,8615357094.78
09988.HK,20260521,132.6,132.6,125.5,126.0,131.9,-5.9,-4.47,124833824.0,15933605430.89
09988.HK,20260522,128.2,128.6,126.0,127.0,126.0,1.0,0.79,67105437.0,8539784522.76
09988.HK,20260526,127.2,129.3,124.3,127.6,127.0,0.6,0.47,81943801.0,10417642518.19
09988.HK,20260527,127.7,127.9,123.6,124.3,127.6,-3.3,-2.59,73913384.0,9225920936.0
09988.HK,20260528,123.7,123.9,120.0,121.8,124.3,-2.5,-2.01,113734767.0,13820600269.5
09988.HK,20260529,123.2,124.3,120.6,120.9,121.8,-0.9,-0.74,106781469.0,12992250705.5
09988.HK,20260601,121.3,124.2,121.2,122.8,120.9,1.9,1.57,64910941.0,7989481867.87
09988.HK,20260602,124.1,131.2,123.4,130.9,122.8,8.1,6.6,126607691.0,16323985377.73
09988.HK,20260603,130.0,130.3,126.5,126.6,130.9,-4.3,-3.28,90810223.0,11582210653.42
09988.HK,20260604,125.2,125.6,122.8,123.5,126.6,-3.1,-2.45,60737375.0,7519180151.5
09988.HK,20260605,123.5,125.1,121.6,122.4,123.5,-1.1,-0.89,75982909.0,9340266199.48
09988.HK,20260608,118.3,120.2,117.8,118.8,122.4,-3.6,-2.94,84021112.0,9986447583.06
09988.HK,20260609,117.6,119.2,117.1,117.1,118.8,-1.7,-1.43,66707175.0,7866884580.4
09988.HK,20260610,116.1,116.6,111.1,113.5,116.071,-2.571,-2.22,115892674.0,13078729533.32
09988.HK,20260611,112.3,112.9,106.1,107.4,113.5,-6.1,-5.37,160350719.0,17325119047.02
09988.HK,20260612,109.0,111.2,108.8,110.2,107.4,2.8,2.61,74743889.0,8208807030.18
09988.HK,20260615,113.1,113.2,108.0,109.3,110.2,-0.9,-0.82,83179704.0,9126968571.03
09988.HK,20260616,110.0,110.2,106.3,107.0,109.3,-2.3,-2.1,69138026.0,7418751148.1
09988.HK,20260617,108.3,108.4,105.8,106.9,107.0,-0.1,-0.09,71467113.0,7642795081.78
09988.HK,20260618,105.4,106.0,102.4,104.9,106.9,-2.0,-1.87,160333163.0,16645497803.57
09988.HK,20260622,102.8,103.8,100.8,102.9,104.9,-2.0,-1.91,99214294.0,10149385138.75
09988.HK,20260623,103.4,103.4,98.7,98.95,102.9,-3.95,-3.84,98049349.0,9816311239.91
09988.HK,20260624,99.15,101.5,97.65,99.4,98.95,0.45,0.45,103216499.0,10243189718.22
09988.HK,20260625,97.3,98.25,94.0,95.0,99.4,-4.4,-4.43,141402714.0,13446851868.5
09988.HK,20260626,92.0,92.5,88.65,89.5,95.0,-5.5,-5.79,176208269.0,15849126241.65
09988.HK,20260629,91.7,95.45,91.15,93.0,89.5,3.5,3.91,123324036.0,11541132641.62
09988.HK,20260630,93.0,93.95,91.3,92.85,93.0,-0.15,-0.16,89897596.0,8343059796.5
09988.HK,20260702,95.3,97.4,93.55,94.5,92.85,1.65,1.78,106165597.0,10101039459.47
09988.HK,20260703,94.15,96.0,93.5,94.1,94.5,-0.4,-0.42,67295654.0,6350916976.55
09988.HK,20260706,94.25,97.4,92.5,95.95,94.1,1.85,1.97,81423639.0,7766974941.532
09988.HK,20260707,96.15,100.5,95.3,95.8,95.95,-0.15,-0.16,100211364.0,9754845807.9
09988.HK,20260708,96.95,109.0,96.55,107.5,95.8,11.7,12.21,282125685.0,29630941467.5
09988.HK,20260709,110.1,112.9,107.5,108.0,107.5,0.5,0.47,190535828.0,20908356771.16
09988.HK,20260710,110.0,113.0,109.0,110.2,108.0,2.2,2.04,103843838.0,11534119545.73
09988.HK,20260713,110.8,115.1,110.3,110.7,110.2,0.5,0.45,100489536.0,11286121152.84
09988.HK,20260714,110.3,112.6,107.0,110.8,110.7,0.1,0.09,100890456.0,11054026633.19
09988.HK,20260715,111.6,114.8,109.1,113.4,110.8,2.6,2.35,112769038.0,12751668829.86
09988.HK,20260716,116.2,119.8,116.0,116.9,113.4,3.5,3.09,153608858.0,18135647280.5
09988.HK,20260717,116.3,118.0,110.7,112.6,116.9,-4.3,-3.68,125635830.0,14220829654.4
09988.HK,20260720,116.0,118.9,115.3,116.8,112.6,4.2,3.73,125351835.0,14728208517.4
09988.HK,20260721,119.9,121.0,115.5,117.0,116.8,0.2,0.17,98262426.0,11598808357.5
09988.HK,20260722,115.9,116.3,112.7,113.6,117.0,-3.4,-2.91,120611396.0,13794570899.03
09988.HK,20260723,114.1,115.1,110.5,114.9,113.6,1.3,1.14,52344763.0,5951761807.35
09988.HK,20260724,111.5,112.2,108.2,110.0,114.9,-4.9,-4.26,107488512.0,11772781208.82
09988.HK,20260727,111.4,111.6,108.8,111.0,110.0,1.0,0.91,58415973.0,6456017992.47
09988.HK,20260728,113.0,114.2,111.0,112.0,111.0,1.0,0.9,75913853.0,8519671787.2
09988.HK,20260729,113.9,115.5,111.7,113.6,112.0,1.6,1.43,93154775.0,10608035011.7
09988.HK,20260730,114.0,114.8,110.3,111.8,113.6,-1.8,-1.58,74326961.0,8321221060.9
09988.HK,20260731,114.1,119.3,113.3,117.0,111.8,5.2,4.65,144668807.0,16905002497.6
09988.HK,20260803,121.0,126.0,120.1,125.2,117.0,8.2,7.01,192268809.0,23935012441.35
09988.HK,20260804,126.8,129.2,124.7,125.8,125.2,0.6,0.48,125358922.0,15834149010.2
09988.HK,20260805,128.4,129.0,125.6,128.1,125.8,2.3,1.83,93382622.0,11950363003.79
09988.HK,20260806,126.5,126.5,123.7,124.4,128.1,-3.7,-2.89,67212277.0,8365358088.56
09988.HK,20260807,125.3,125.8,121.6,123.8,124.4,-0.6,-0.48,58259425.0,7185130922.04
09988.HK,20260810,125.4,127.5,124.2,126.7,123.8,2.9,2.34,53629555.0,6772683643.55
09988.HK,20260811,129.4,130.3,125.9,126.4,126.7,-0.3,-0.24,74286963.0,9505493713.5
09988.HK,20260812,124.4,124.9,121.3,122.6,126.4,-3.8,-3.01,65057854.0,7967252052.3
09988.HK,20260813,121.2,124.1,121.1,121.9,122.6,-0.7,-0.57,58154432.0,7128159159.63
09988.HK,20260814,120.3,120.8,118.5,119.9,121.9,-2.0,-1.64,56905091.0,6805551124.04
09988.HK,20260817,122.0,123.4,120.8,122.2,119.9,2.3,1.92,48563292.0,5947873105.0
09988.HK,20260818,122.0,128.3,121.0,126.7,122.2,4.5,3.68,120433806.0,15107198487.6
09988.HK,20260819,124.6,126.5,123.2,124.2,126.7,-2.5,-1.97,70727616.0,8821998554.0
09988.HK,20260820,126.6,129.0,124.3,126.2,124.2,2.0,1.61,92028319.0,11675957748.27
09988.HK,20260821,129.2,129.8,121.5,123.0,126.2,-3.2,-2.54,146890540.0,18249523099.44
09988.HK,20260824,113.1,113.5,110.1,112.5,123.0,-10.5,-8.54,362953456.0,40582490038.3
09988.HK,20260825,114.8,115.0,112.2,114.2,112.5,1.7,1.51,124296637.0,14126312436.0
09988.HK,20260826,115.7,117.8,115.6,116.6,114.2,2.4,2.1,133860910.0,15581136692.4
09988.HK,20260827,117.4,117.4,115.1,115.5,116.6,-1.1,-0.94,83206714.0,9656341302.0
09988.HK,20260828,113.1,114.8,112.5,113.9,115.5,-1.6,-1.39,73086522.0,8318480257.75
