symbol,market,asset_type,trade_date,open,high,low,close,prev_close,volume,amount,pct_change,ret_1d,log_ret_1d,quality_flag,ingest_time,data_version
HSCEI,HK,index,2020-01-03,11424.41015625,11428.3896484375,11243.76953125,11253.5498046875,11320.5595703125,0.0,0.0,-0.005919298000138573,-0.005919298000138573,-0.005936886486552987,PASS,2026-04-08T12:05:22Z,D20260408.01
HSCEI,HK,index,2020-01-06,11210.4404296875,11239.1298828125,11095.1796875,11165.41015625,11253.5498046875,0.0,0.0,-0.007832164069757508,-0.007832164069757508,-0.007862996562375433,PASS,2026-04-08T12:05:22Z,D20260408.01
HSCEI,HK,index,2020-01-07,11195.1904296875,11271.580078125,11179.080078125,11198.75,11165.41015625,0.0,0.0,0.0029859936431746448,0.0029859936431746448,0.0029815444188594016,PASS,2026-04-08T12:05:22Z,D20260408.01
HSCEI,HK,index,2020-01-08,11073.75,11129.7998046875,11023.26953125,11079.7900390625,11198.75,0.0,0.0,-0.010622610642928909,-0.010622610642928909,-0.010679433333153899,PASS,2026-04-08T12:05:22Z,D20260408.01
HSCEI,HK,index,2020-01-09,11186.8701171875,11290.150390625,11178.1796875,11281.259765625,11079.7900390625,0.0,0.0,0.018183532887555254,0.018183532887555254,0.01802018958725201,PASS,2026-04-08T12:05:22Z,D20260408.01
HSCEI,HK,index,2020-01-10,11312.75,11312.75,11218.7197265625,11267.48046875,11281.259765625,0.0,0.0,-0.0012214324606713012,-0.0012214324606713012,-0.001222179017273521,PASS,2026-04-08T12:05:22Z,D20260408.01
HSCEI,HK,index,2020-01-13,11327.8701171875,11407.6904296875,11289.099609375,11396.759765625,11267.48046875,0.0,0.0,0.011473665051699111,0.011473665051699111,0.01140834174713702,PASS,2026-04-08T12:05:22Z,D20260408.01
HSCEI,HK,index,2020-01-14,11475.3203125,11475.3203125,11325.6396484375,11355.3701171875,11396.759765625,0.0,0.0,-0.003631703158501254,-0.003631703158501254,-0.0036383138025348006,PASS,2026-04-08T12:05:22Z,D20260408.01
HSCEI,HK,index,2020-01-15,11362.3203125,11419.2001953125,11258.26953125,11295.4697265625,11355.3701171875,0.0,0.0,-0.005275071618699112,-0.005275071618699112,-0.005289033932104512,PASS,2026-04-08T12:05:22Z,D20260408.01
HSCEI,HK,index,2020-01-16,11315.2802734375,11368.6796875,11276.2900390625,11328.3798828125,11295.4697265625,0.0,0.0,0.002913571285362959,0.002913571285362959,0.002909335062908188,PASS,2026-04-08T12:05:22Z,D20260408.01
HSCEI,HK,index,2020-01-17,11372.2197265625,11419.91015625,11307.6201171875,11419.91015625,11328.3798828125,0.0,0.0,0.008079731999133477,0.008079731999133477,0.008047265726489236,PASS,2026-04-08T12:05:22Z,D20260408.01
HSCEI,HK,index,2020-01-20,11502.4697265625,11502.4697265625,11330.7900390625,11331.490234375,11419.91015625,0.0,0.0,-0.007742610989510124,-0.007742610989510124,-0.007772740624099048,PASS,2026-04-08T12:05:22Z,D20260408.01
HSCEI,HK,index,2020-01-21,11214.1904296875,11227.51953125,10970.1298828125,10970.1298828125,11331.490234375,0.0,0.0,-0.031889923045274604,-0.031889923045274604,-0.03240948230839896,PASS,2026-04-08T12:05:22Z,D20260408.01
HSCEI,HK,index,2020-01-22,11048.009765625,11208.41015625,10971.98046875,11174.7001953125,10970.1298828125,0.0,0.0,0.01864793896565531,0.01864793896565531,0.018476197943922815,PASS,2026-04-08T12:05:22Z,D20260408.01
HSCEI,HK,index,2020-01-23,11056.599609375,11066.4296875,10866.509765625,10952.2197265625,11174.7001953125,0.0,0.0,-0.019909300908432903,-0.019909300908432903,-0.020110161506579304,PASS,2026-04-08T12:05:22Z,D20260408.01
HSCEI,HK,index,2020-01-24,10946.16015625,10988.6298828125,10884.4599609375,10976.1904296875,10952.2197265625,0.0,0.0,0.0021886616342132736,0.0021886616342132736,0.002186270003350148,PASS,2026-04-08T12:05:22Z,D20260408.01
HSCEI,HK,index,2020-01-29,10615.8798828125,10710.8798828125,10584.73046875,10618.7197265625,10976.1904296875,0.0,0.0,-0.032567829923772273,-0.032567829923772273,-0.03310996498425575,PASS,2026-04-08T12:05:22Z,D20260408.01
HSCEI,HK,index,2020-01-30,10560.6103515625,10613.509765625,10272.23046875,10325.08984375,10618.7197265625,0.0,0.0,-0.027652098404856718,-0.027652098404856718,-0.02804161510922282,PASS,2026-04-08T12:05:22Z,D20260408.01
HSCEI,HK,index,2020-01-31,10439.169921875,10467.98046875,10230.41015625,10240.509765625,10325.08984375,0.0,0.0,-0.008191703840349507,-0.008191703840349507,-0.00822544021148243,PASS,2026-04-08T12:05:22Z,D20260408.01
HSCEI,HK,index,2020-02-03,10194.8203125,10344.6201171875,10188.990234375,10268.1201171875,10240.509765625,0.0,0.0,0.002696189173627017,0.002696189173627017,0.00269256097567255,PASS,2026-04-08T12:05:22Z,D20260408.01
HSCEI,HK,index,2020-02-04,10312.5302734375,10456.2001953125,10312.5302734375,10435.3603515625,10268.1201171875,0.0,0.0,0.01628732742374739,0.01628732742374739,0.01615611175760603,PASS,2026-04-08T12:05:22Z,D20260408.01
HSCEI,HK,index,2020-02-05,10507.1103515625,10551.419921875,10425.5595703125,10493.849609375,10435.3603515625,0.0,0.0,0.005604910213162118,0.005604910213162118,0.005589261151074633,PASS,2026-04-08T12:05:22Z,D20260408.01
HSCEI,HK,index,2020-02-06,10644.6298828125,10820.990234375,10574.240234375,10764.33984375,10493.849609375,0.0,0.0,0.025776073075542305,0.025776073075542305,0.02544947056504563,PASS,2026-04-08T12:05:22Z,D20260408.01
HSCEI,HK,index,2020-02-07,10676.1396484375,10713.16015625,10625.7802734375,10705.169921875,10764.33984375,0.0,0.0,-0.005496846321640048,-0.005496846321640048,-0.005512009573620854,PASS,2026-04-08T12:05:22Z,D20260408.01
HSCEI,HK,index,2020-02-10,10566.740234375,10667.0302734375,10543.150390625,10654.4296875,10705.169921875,0.0,0.0,-0.004739787854400768,-0.004739787854400768,-0.004751056269550947,PASS,2026-04-08T12:05:22Z,D20260408.01
HSCEI,HK,index,2020-02-11,10756.26953125,10846.98046875,10732.509765625,10808.51953125,10654.4296875,0.0,0.0,0.014462514491111689,0.014462514491111689,0.014358929863382228,PASS,2026-04-08T12:05:22Z,D20260408.01
HSCEI,HK,index,2020-02-12,10847.990234375,10927.240234375,10808.1298828125,10884.6904296875,10808.51953125,0.0,0.0,0.007047301734272926,0.007047301734272926,0.007022585557038286,PASS,2026-04-08T12:05:22Z,D20260408.01
HSCEI,HK,index,2020-02-13,10915.2001953125,10915.2001953125,10825.83984375,10835.3798828125,10884.6904296875,0.0,0.0,-0.004530266358380497,-0.004530266358380497,-0.004540559112729348,PASS,2026-04-08T12:05:22Z,D20260408.01
HSCEI,HK,index,2020-02-14,10809.76953125,10927.1396484375,10809.7099609375,10863.4501953125,10835.3798828125,0.0,0.0,0.0025906163700384344,0.0025906163700384344,0.002587266507674991,PASS,2026-04-08T12:05:22Z,D20260408.01
HSCEI,HK,index,2020-02-17,10842.5,11005.490234375,10842.5,10957.83984375,10863.4501953125,0.0,0.0,0.008688735782875767,0.008688735782875767,0.008651205952630237,PASS,2026-04-08T12:05:22Z,D20260408.01
HSCEI,HK,index,2020-02-18,10863.990234375,10887.6298828125,10797.23046875,10805.150390625,10957.83984375,0.0,0.0,-0.013934265813538849,-0.013934265813538849,-0.014032259069774915,PASS,2026-04-08T12:05:22Z,D20260408.01
HSCEI,HK,index,2020-02-19,10811.490234375,10933.990234375,10807.4697265625,10908.5703125,10805.150390625,0.0,0.0,0.009571354227955187,0.009571354227955187,0.009525839014754907,PASS,2026-04-08T12:05:22Z,D20260408.01
HSCEI,HK,index,2020-02-20,10951.3203125,10954.919921875,10812.4296875,10913.9697265625,10908.5703125,0.0,0.0,0.0004949699096967741,0.0004949699096967741,0.0004948474524977744,PASS,2026-04-08T12:05:22Z,D20260408.01
HSCEI,HK,index,2020-02-21,10843.9599609375,10857.150390625,10755.330078125,10790.83984375,10913.9697265625,0.0,0.0,-0.011281860395198406,-0.011281860395198406,-0.01134598332229784,PASS,2026-04-08T12:05:22Z,D20260408.01
HSCEI,HK,index,2020-02-24,10699.080078125,10699.080078125,10559.98046875,10568.330078125,10790.83984375,0.0,0.0,-0.020620245397662607,-0.020620245397662607,-0.020835811152468218,PASS,2026-04-08T12:05:22Z,D20260408.01
HSCEI,HK,index,2020-02-25,10536.330078125,10597.9697265625,10475.5703125,10579.919921875,10568.330078125,0.0,0.0,0.0010966580021936068,0.0010966580021936068,0.0010960571120805617,PASS,2026-04-08T12:05:22Z,D20260408.01
HSCEI,HK,index,2020-02-26,10382.9296875,10547.4697265625,10382.9296875,10501.6201171875,10579.919921875,0.0,0.0,-0.007400793698410513,-0.007400793698410513,-0.007428315444682014,PASS,2026-04-08T12:05:22Z,D20260408.01
HSCEI,HK,index,2020-02-27,10447.0400390625,10629.759765625,10415.4697265625,10593.1103515625,10501.6201171875,0.0,0.0,0.008712011418624988,0.008712011418624988,0.008674280828341015,PASS,2026-04-08T12:05:22Z,D20260408.01
HSCEI,HK,index,2020-02-28,10372.83984375,10400.740234375,10239.7900390625,10302.3603515625,10593.1103515625,0.0,0.0,-0.02744708497793702,-0.02744708497793702,-0.027830793636037767,PASS,2026-04-08T12:05:22Z,D20260408.01
HSCEI,HK,index,2020-03-02,10315.919921875,10522.5498046875,10315.919921875,10485.169921875,10302.3603515625,0.0,0.0,0.017744435651076307,0.017744435651076307,0.01758884108173255,PASS,2026-04-08T12:05:22Z,D20260408.01
HSCEI,HK,index,2020-03-03,10527.9697265625,10582.919921875,10459.080078125,10485.16015625,10485.169921875,0.0,0.0,-9.313749870232257e-07,-9.313749870232257e-07,-9.313754207531783e-07,PASS,2026-04-08T12:05:22Z,D20260408.01
HSCEI,HK,index,2020-03-04,10527.66015625,10574.91015625,10428.4501953125,10521.7802734375,10485.16015625,0.0,0.0,0.003492566316754875,0.003492566316754875,0.0034864814707194396,PASS,2026-04-08T12:05:22Z,D20260408.01
HSCEI,HK,index,2020-03-05,10545.150390625,10747.150390625,10531.9296875,10728.0703125,10521.7802734375,0.0,0.0,0.019606001427656228,0.019606001427656228,0.019416279563363843,PASS,2026-04-08T12:05:22Z,D20260408.01
HSCEI,HK,index,2020-03-06,10558.7197265625,10573.4697265625,10445.48046875,10456.9296875,10728.0703125,0.0,0.0,-0.025273941827550828,-0.025273941827550828,-0.025598813439600077,PASS,2026-04-08T12:05:22Z,D20260408.01
HSCEI,HK,index,2020-03-09,10018.3798828125,10096.3798828125,9922.7900390625,9984.4404296875,10456.9296875,0.0,0.0,-0.045184320056900096,-0.045184320056900096,-0.04623696242450903,PASS,2026-04-08T12:05:22Z,D20260408.01
HSCEI,HK,index,2020-03-10,10115.259765625,10247.5302734375,9956.400390625,10153.3701171875,9984.4404296875,0.0,0.0,0.01691929444515572,0.01691929444515572,0.016777757423090883,PASS,2026-04-08T12:05:22Z,D20260408.01
HSCEI,HK,index,2020-03-11,10158.9404296875,10179.580078125,10019.5,10070.4697265625,10153.3701171875,0.0,0.0,-0.008164815196155195,-0.008164815196155195,-0.008198329851728773,PASS,2026-04-08T12:05:22Z,D20260408.01
HSCEI,HK,index,2020-03-12,9817.1904296875,9817.1904296875,9613.33984375,9725.7197265625,10070.4697265625,0.0,0.0,-0.03423375565994369,-0.03423375565994369,-0.03483345713707759,PASS,2026-04-08T12:05:22Z,D20260408.01
HSCEI,HK,index,2020-03-13,9006.099609375,9707.669921875,9006.099609375,9650.150390625,9725.7197265625,0.0,0.0,-0.007770050758414082,-0.007770050758414082,-0.007800394888630537,PASS,2026-04-08T12:05:22Z,D20260408.01
HSCEI,HK,index,2020-03-16,9372.169921875,9464.5400390625,9106.400390625,9227.599609375,9650.150390625,0.0,0.0,-0.04378696332655119,-0.04378696332655119,-0.04477454904763281,PASS,2026-04-08T12:05:22Z,D20260408.01
HSCEI,HK,index,2020-03-17,9190.9599609375,9329.3896484375,8954.669921875,9216.169921875,9227.599609375,0.0,0.0,-0.0012386414651528455,-0.0012386414651528455,-0.0012394092155362324,PASS,2026-04-08T12:05:22Z,D20260408.01
HSCEI,HK,index,2020-03-18,9086.349609375,9271.5498046875,8738.73046875,8800.6201171875,9216.169921875,0.0,0.0,-0.0450892082296761,-0.0450892082296761,-0.046137354623380006,PASS,2026-04-08T12:05:22Z,D20260408.01
HSCEI,HK,index,2020-03-19,8724.080078125,8781.830078125,8290.33984375,8559.6396484375,8800.6201171875,0.0,0.0,-0.027382214610010114,-0.027382214610010114,-0.027764094741244406,PASS,2026-04-08T12:05:22Z,D20260408.01
HSCEI,HK,index,2020-03-20,8780.0302734375,9126.8798828125,8780.0302734375,9118.669921875,8559.6396484375,0.0,0.0,0.0653100242998601,0.0653100242998601,0.06326585942821572,PASS,2026-04-08T12:05:22Z,D20260408.01
HSCEI,HK,index,2020-03-23,8669.5498046875,8882.0302734375,8669.5498046875,8751.759765625,9118.669921875,0.0,0.0,-0.04023724505805504,-0.04023724505805504,-0.0410691553307793,PASS,2026-04-08T12:05:22Z,D20260408.01
HSCEI,HK,index,2020-03-24,9127.009765625,9237.490234375,9062.1396484375,9184.4404296875,8751.759765625,0.0,0.0,0.04943927571709361,0.04943927571709361,0.04825599840171993,PASS,2026-04-08T12:05:22Z,D20260408.01
HSCEI,HK,index,2020-03-25,9427.009765625,9557.169921875,9345.650390625,9529.490234375,9184.4404296875,0.0,0.0,0.03756895233074542,0.03756895233074542,0.036880430992170095,PASS,2026-04-08T12:05:22Z,D20260408.01
HSCEI,HK,index,2020-03-26,9452.099609375,9566.01953125,9380.2998046875,9447.5595703125,9529.490234375,0.0,0.0,-0.008597591481541933,-0.008597591481541933,-0.008634763987218477,PASS,2026-04-08T12:05:22Z,D20260408.01
HSCEI,HK,index,2020-03-27,9633.9404296875,9637.9599609375,9452.7900390625,9504.919921875,9447.5595703125,0.0,0.0,0.006071446402174274,0.006071446402174274,0.006053089436218069,PASS,2026-04-08T12:05:22Z,D20260408.01
HSCEI,HK,index,2020-03-30,9315.23046875,9537.5595703125,9303.76953125,9402.169921875,9504.919921875,0.0,0.0,-0.010810191021549453,-0.010810191021549453,-0.010869045674185682,PASS,2026-04-08T12:05:22Z,D20260408.01
HSCEI,HK,index,2020-03-31,9564.990234375,9595.2001953125,9423.9404296875,9594.76953125,9402.169921875,0.0,0.0,0.020484591426804588,0.020484591426804588,0.020277604110953088,PASS,2026-04-08T12:05:22Z,D20260408.01
HSCEI,HK,index,2020-04-01,9474.8798828125,9636.9296875,9358.150390625,9404.98046875,9594.76953125,0.0,0.0,-0.019780471212139106,-0.019780471212139106,-0.019978723436576855,PASS,2026-04-08T12:05:22Z,D20260408.01
HSCEI,HK,index,2020-04-02,9266.849609375,9526.5595703125,9266.849609375,9526.5595703125,9404.98046875,0.0,0.0,0.012927097718753666,0.012927097718753666,0.012844255962853327,PASS,2026-04-08T12:05:22Z,D20260408.01
HSCEI,HK,index,2020-04-03,9438.6904296875,9514.2099609375,9430.740234375,9491.099609375,9526.5595703125,0.0,0.0,-0.003722221088923172,-0.003722221088923172,-0.003729165792344374,PASS,2026-04-08T12:05:22Z,D20260408.01
HSCEI,HK,index,2020-04-06,9631.080078125,9700.009765625,9466.6796875,9652.3095703125,9491.099609375,0.0,0.0,0.016985382892648504,0.016985382892648504,0.016842744192876524,PASS,2026-04-08T12:05:22Z,D20260408.01
HSCEI,HK,index,2020-04-07,9774.91015625,9853.849609375,9670.3203125,9846.919921875,9652.3095703125,0.0,0.0,0.020162050351250738,0.020162050351250738,0.019961487570601188,PASS,2026-04-08T12:05:22Z,D20260408.01
HSCEI,HK,index,2020-04-08,9815.5595703125,9815.5595703125,9665.0703125,9681.9501953125,9846.919921875,0.0,0.0,-0.01675343436032406,-0.01675343436032406,-0.016895360542144865,PASS,2026-04-08T12:05:22Z,D20260408.01
HSCEI,HK,index,2020-04-09,9766.1298828125,9824.16015625,9711.16015625,9811.1201171875,9681.9501953125,0.0,0.0,0.013341312366752067,0.013341312366752067,0.013253100765157408,PASS,2026-04-08T12:05:22Z,D20260408.01
HSCEI,HK,index,2020-04-14,9839.150390625,9901.2900390625,9796.2099609375,9847.4697265625,9811.1201171875,0.0,0.0,0.0037049397969679543,0.0037049397969679543,0.0036980934126023,PASS,2026-04-08T12:05:22Z,D20260408.01
HSCEI,HK,index,2020-04-15,9860.5498046875,9913.900390625,9714.0703125,9724.7001953125,9847.4697265625,0.0,0.0,-0.01246711436124981,-0.01246711436124981,-0.01254548084869808,PASS,2026-04-08T12:05:22Z,D20260408.01
HSCEI,HK,index,2020-04-16,9670.6103515625,9724.16015625,9627.7802734375,9672.599609375,9724.7001953125,0.0,0.0,-0.005357551892716805,-0.005357551892716805,-0.005371955040633535,PASS,2026-04-08T12:05:22Z,D20260408.01
HSCEI,HK,index,2020-04-17,9845.8203125,9926.2197265625,9802.1796875,9815.2001953125,9672.599609375,0.0,0.0,0.014742736357999053,0.014742736357999053,0.014635118650644029,PASS,2026-04-08T12:05:22Z,D20260408.01
HSCEI,HK,index,2020-04-20,9815.6201171875,9886.98046875,9752.76953125,9824.419921875,9815.2001953125,0.0,0.0,0.0009393314837229383,0.0009393314837229383,0.0009388905879813476,PASS,2026-04-08T12:05:22Z,D20260408.01
HSCEI,HK,index,2020-04-21,9767.5595703125,9782.900390625,9568.0302734375,9614.9296875,9824.419921875,0.0,0.0,-0.021323420216246114,-0.021323420216246114,-0.02155404876030762,PASS,2026-04-08T12:05:22Z,D20260408.01
HSCEI,HK,index,2020-04-22,9521.650390625,9694.099609375,9516.7197265625,9670.2001953125,9614.9296875,0.0,0.0,0.005748404783901373,0.005748404783901373,0.005731945750456332,PASS,2026-04-08T12:05:22Z,D20260408.01
HSCEI,HK,index,2020-04-23,9716.900390625,9780.169921875,9651.3603515625,9703.990234375,9670.2001953125,0.0,0.0,0.003494244005297853,0.003494244005297853,0.003488153318819637,PASS,2026-04-08T12:05:22Z,D20260408.01
HSCEI,HK,index,2020-04-24,9661.4697265625,9710.91015625,9605.6904296875,9656.1904296875,9703.990234375,0.0,0.0,-0.004925788622310856,-0.004925788622310856,-0.004937960305629764,PASS,2026-04-08T12:05:22Z,D20260408.01
HSCEI,HK,index,2020-04-27,9750.0400390625,9900.419921875,9739.1103515625,9875.58984375,9656.1904296875,0.0,0.0,0.022721115087785293,0.022721115087785293,0.022466835030879106,PASS,2026-04-08T12:05:22Z,D20260408.01
HSCEI,HK,index,2020-04-28,9907.3798828125,9993.1796875,9826.6103515625,9983.6904296875,9875.58984375,0.0,0.0,0.010946240948424446,0.010946240948424446,0.010886764488461183,PASS,2026-04-08T12:05:22Z,D20260408.01
HSCEI,HK,index,2020-04-29,10065.41015625,10108.3203125,10011.0595703125,10040.8701171875,9983.6904296875,0.0,0.0,0.005727309746100584,0.005727309746100584,0.005710971062420895,PASS,2026-04-08T12:05:22Z,D20260408.01
HSCEI,HK,index,2020-05-04,9716.33984375,9716.33984375,9580.4404296875,9599.01953125,10040.8701171875,0.0,0.0,-0.044005208789740236,-0.044005208789740236,-0.04500281447041191,PASS,2026-04-08T12:05:22Z,D20260408.01
HSCEI,HK,index,2020-05-05,9652.919921875,9729.169921875,9632.3701171875,9698.2197265625,9599.01953125,0.0,0.0,0.010334409153929691,0.010334409153929691,0.010281374224471864,PASS,2026-04-08T12:05:22Z,D20260408.01
HSCEI,HK,index,2020-05-06,9699.8095703125,9849.75,9699.8095703125,9807.759765625,9698.2197265625,0.0,0.0,0.011294860515737692,0.011294860515737692,0.011231549856055982,PASS,2026-04-08T12:05:22Z,D20260408.01
HSCEI,HK,index,2020-05-07,9792.259765625,9798.509765625,9728.6103515625,9764.259765625,9807.759765625,0.0,0.0,-0.004435263611621276,-0.004435263611621276,-0.004445128573217002,PASS,2026-04-08T12:05:22Z,D20260408.01
HSCEI,HK,index,2020-05-08,9838.0,9892.990234375,9819.4296875,9868.33984375,9764.259765625,0.0,0.0,0.010659290168765656,0.010659290168765656,0.010602880439699869,PASS,2026-04-08T12:05:22Z,D20260408.01
HSCEI,HK,index,2020-05-11,9971.330078125,10076.2900390625,9971.330078125,9990.48046875,9868.33984375,0.0,0.0,0.01237701851921491,0.01237701851921491,0.012301049430407546,PASS,2026-04-08T12:05:22Z,D20260408.01
HSCEI,HK,index,2020-05-12,9894.26953125,9924.6103515625,9814.2802734375,9832.099609375,9990.48046875,0.0,0.0,-0.01585317741928549,-0.01585317741928549,-0.015980183120828977,PASS,2026-04-08T12:05:22Z,D20260408.01
HSCEI,HK,index,2020-05-13,9778.2998046875,9892.01953125,9746.6201171875,9835.7099609375,9832.099609375,0.0,0.0,0.0003672004664250217,0.0003672004664250217,0.00036713306483317616,PASS,2026-04-08T12:05:22Z,D20260408.01
HSCEI,HK,index,2020-05-14,9783.5703125,9798.849609375,9669.66015625,9687.099609375,9835.7099609375,0.0,0.0,-0.01510926533546697,-0.01510926533546697,-0.015224573237740952,PASS,2026-04-08T12:05:22Z,D20260408.01
HSCEI,HK,index,2020-05-15,9701.650390625,9744.4599609375,9612.5302734375,9674.5703125,9687.099609375,0.0,0.0,-0.0012934002312595672,-0.0012934002312595672,-0.0012942373952752907,PASS,2026-04-08T12:05:22Z,D20260408.01
HSCEI,HK,index,2020-05-18,9662.5498046875,9740.9296875,9628.759765625,9726.4296875,9674.5703125,0.0,0.0,0.005360380184843416,0.005360380184843416,0.005346064482597551,PASS,2026-04-08T12:05:22Z,D20260408.01
HSCEI,HK,index,2020-05-19,9956.240234375,9975.2197265625,9858.6103515625,9883.3701171875,9726.4296875,0.0,0.0,0.01613546128742316,0.01613546128742316,0.016006668307699454,PASS,2026-04-08T12:05:22Z,D20260408.01
HSCEI,HK,index,2020-05-20,9925.7099609375,9945.0498046875,9869.400390625,9898.0,9883.3701171875,0.0,0.0,0.0014802524482067092,0.0014802524482067092,0.0014791579545030264,PASS,2026-04-08T12:05:22Z,D20260408.01
HSCEI,HK,index,2020-05-21,9931.5400390625,9931.5400390625,9803.48046875,9850.0703125,9898.0,0.0,0.0,-0.004842360830470849,-0.004842360830470849,-0.004854123046301475,PASS,2026-04-08T12:05:22Z,D20260408.01
HSCEI,HK,index,2020-05-22,9665.83984375,9665.83984375,9364.259765625,9426.7802734375,9850.0703125,0.0,0.0,-0.04297330126926446,-0.04297330126926446,-0.04392398955810958,PASS,2026-04-08T12:05:22Z,D20260408.01
HSCEI,HK,index,2020-05-25,9400.990234375,9469.5,9306.509765625,9465.9404296875,9426.7802734375,0.0,0.0,0.004154139071252505,0.004154139071252505,0.0041455344571521245,PASS,2026-04-08T12:05:22Z,D20260408.01
HSCEI,HK,index,2020-05-26,9570.8203125,9646.490234375,9556.919921875,9595.2001953125,9465.9404296875,0.0,0.0,0.013655248158926714,0.013655248158926714,0.013562855404902189,PASS,2026-04-08T12:05:22Z,D20260408.01
HSCEI,HK,index,2020-05-27,9648.41015625,9648.41015625,9508.740234375,9567.4296875,9595.2001953125,0.0,0.0,-0.002894208275723842,-0.002894208275723842,-0.0028984045951328604,PASS,2026-04-08T12:05:22Z,D20260408.01
HSCEI,HK,index,2020-05-28,9549.51953125,9659.9404296875,9419.98046875,9551.5595703125,9567.4296875,0.0,0.0,-0.0016587649667532123,-0.0016587649667532123,-0.001660142240620488,PASS,2026-04-08T12:05:22Z,D20260408.01
HSCEI,HK,index,2020-05-29,9408.1103515625,9578.9697265625,9408.1103515625,9561.0302734375,9551.5595703125,0.0,0.0,0.0009915347389379825,0.0009915347389379825,0.0009910434930668027,PASS,2026-04-08T12:05:22Z,D20260408.01
HSCEI,HK,index,2020-06-01,9781.080078125,9875.4697265625,9768.599609375,9833.830078125,9561.0302734375,0.0,0.0,0.028532469502308144,0.028532469502308144,0.02813299937659349,PASS,2026-04-08T12:05:22Z,D20260408.01
HSCEI,HK,index,2020-06-02,9829.2001953125,9890.7998046875,9803.1298828125,9876.25,9833.830078125,0.0,0.0,0.004313672448882588,0.004313672448882588,0.004304395233561429,PASS,2026-04-08T12:05:22Z,D20260408.01
HSCEI,HK,index,2020-06-03,10026.7802734375,10052.2197265625,9954.2900390625,9967.5302734375,9876.25,0.0,0.0,0.009242402069358224,0.009242402069358224,0.00919995242865241,PASS,2026-04-08T12:05:22Z,D20260408.01
HSCEI,HK,index,2020-06-04,10072.3203125,10072.3203125,9911.0400390625,9967.9296875,9967.5302734375,0.0,0.0,4.007151737117631e-05,4.007151737117631e-05,4.007071452937142e-05,PASS,2026-04-08T12:05:22Z,D20260408.01
HSCEI,HK,index,2020-06-05,9977.8203125,10081.740234375,9917.33984375,10066.25,9967.9296875,0.0,0.0,0.009863664329744948,0.009863664329744948,0.00981533592962968,PASS,2026-04-08T12:05:22Z,D20260408.01
HSCEI,HK,index,2020-06-08,10155.2998046875,10155.2998046875,9981.8203125,10008.8798828125,10066.25,0.0,0.0,-0.005699254159940437,-0.005699254159940437,-0.005715556880671328,PASS,2026-04-08T12:05:22Z,D20260408.01
HSCEI,HK,index,2020-06-09,10047.6796875,10188.66015625,10028.740234375,10121.1298828125,10008.8798828125,0.0,0.0,0.01121504117486305,0.01121504117486305,0.011152618879402307,PASS,2026-04-08T12:05:22Z,D20260408.01
HSCEI,HK,index,2020-06-10,10187.7900390625,10224.169921875,10117.1103515625,10143.48046875,10121.1298828125,0.0,0.0,0.0022083093682510047,0.0022083093682510047,0.002205874636885923,PASS,2026-04-08T12:05:22Z,D20260408.01
HSCEI,HK,index,2020-06-11,10129.6298828125,10165.9697265625,9943.2802734375,9944.599609375,10143.48046875,0.0,0.0,-0.01960676712374132,-0.01960676712374132,-0.01980152976299815,PASS,2026-04-08T12:05:22Z,D20260408.01
HSCEI,HK,index,2020-06-12,9755.650390625,9862.169921875,9743.48046875,9832.5302734375,9944.599609375,0.0,0.0,-0.011269366323391261,-0.011269366323391261,-0.01133334676556259,PASS,2026-04-08T12:05:22Z,D20260408.01
HSCEI,HK,index,2020-06-15,9723.08984375,9821.3203125,9612.0703125,9655.830078125,9832.5302734375,0.0,0.0,-0.017970979025597744,-0.017970979025597744,-0.018134418137260435,PASS,2026-04-08T12:05:22Z,D20260408.01
HSCEI,HK,index,2020-06-16,9861.25,9942.919921875,9849.169921875,9867.6298828125,9655.830078125,0.0,0.0,0.0219349142408094,0.0219349142408094,0.021697805057675133,PASS,2026-04-08T12:05:22Z,D20260408.01
HSCEI,HK,index,2020-06-17,9859.4296875,9930.4697265625,9809.3095703125,9909.6298828125,9867.6298828125,0.0,0.0,0.004256341238857653,0.004256341238857653,0.004247308639965176,PASS,2026-04-08T12:05:22Z,D20260408.01
HSCEI,HK,index,2020-06-18,9862.83984375,9929.41015625,9784.66015625,9916.4501953125,9909.6298828125,0.0,0.0,0.0006882509821914962,0.0006882509821914962,0.0006880142461005895,PASS,2026-04-08T12:05:22Z,D20260408.01
HSCEI,HK,index,2020-06-19,9887.51953125,10034.509765625,9887.51953125,9974.58984375,9916.4501953125,0.0,0.0,0.005862949673763662,0.005862949673763662,0.005845829468334798,PASS,2026-04-08T12:05:22Z,D20260408.01
HSCEI,HK,index,2020-06-22,9900.1201171875,9943.1396484375,9832.51953125,9879.01953125,9974.58984375,0.0,0.0,-0.009581377680394909,-0.009581377680394909,-0.009627574401834515,PASS,2026-04-08T12:05:22Z,D20260408.01
HSCEI,HK,index,2020-06-23,9851.8798828125,9993.48046875,9736.919921875,9993.48046875,9879.01953125,0.0,0.0,0.011586264926183087,0.011586264926183087,0.011519658147537951,PASS,2026-04-08T12:05:22Z,D20260408.01
HSCEI,HK,index,2020-06-24,10039.3701171875,10056.6103515625,9930.3798828125,9936.66015625,9993.48046875,0.0,0.0,-0.0056857380847122885,-0.0056857380847122885,-0.005701963424747838,PASS,2026-04-08T12:05:22Z,D20260408.01
HSCEI,HK,index,2020-06-26,9879.9697265625,9921.1298828125,9850.3701171875,9853.1796875,9936.66015625,0.0,0.0,-0.008401260326639237,-0.008401260326639237,-0.008436749824974322,PASS,2026-04-08T12:05:22Z,D20260408.01
HSCEI,HK,index,2020-06-29,9888.9404296875,9888.9404296875,9703.009765625,9757.6904296875,9853.1796875,0.0,0.0,-0.009691212465519183,-0.009691212465519183,-0.00973847788576716,PASS,2026-04-08T12:05:22Z,D20260408.01
HSCEI,HK,index,2020-06-30,9832.580078125,9863.41015625,9720.08984375,9758.6298828125,9757.6904296875,0.0,0.0,9.627822605873249e-05,9.627822605873249e-05,9.627359160778807e-05,PASS,2026-04-08T12:05:22Z,D20260408.01
HSCEI,HK,index,2020-07-02,9788.9501953125,10059.3095703125,9788.9501953125,10056.8603515625,9758.6298828125,0.0,0.0,0.030560690622692954,0.030560690622692954,0.03010301395933822,PASS,2026-04-08T12:05:22Z,D20260408.01
HSCEI,HK,index,2020-07-03,10146.51953125,10273.1904296875,10134.23046875,10243.2900390625,10056.8603515625,0.0,0.0,0.01853756351215874,0.01853756351215874,0.01836783721440621,PASS,2026-04-08T12:05:22Z,D20260408.01
HSCEI,HK,index,2020-07-06,10317.5400390625,10795.4599609375,10317.5400390625,10726.830078125,10243.2900390625,0.0,0.0,0.04720554013588729,0.04720554013588729,0.046125226027258714,PASS,2026-04-08T12:05:22Z,D20260408.01
HSCEI,HK,index,2020-07-07,10825.0302734375,10934.6796875,10561.6396484375,10600.41015625,10726.830078125,0.0,0.0,-0.011785394282771922,-0.011785394282771922,-0.011855392557036697,PASS,2026-04-08T12:05:22Z,D20260408.01
HSCEI,HK,index,2020-07-08,10684.8203125,10786.580078125,10622.3896484375,10748.1103515625,10600.41015625,0.0,0.0,0.013933441549468295,0.013933441549468295,0.013837263517059542,PASS,2026-04-08T12:05:22Z,D20260408.01
HSCEI,HK,index,2020-07-09,10820.259765625,10853.740234375,10727.4296875,10781.8896484375,10748.1103515625,0.0,0.0,0.003142812621949709,0.003142812621949709,0.003137884309503248,PASS,2026-04-08T12:05:22Z,D20260408.01
HSCEI,HK,index,2020-07-10,10657.33984375,10717.66015625,10472.2197265625,10541.259765625,10781.8896484375,0.0,0.0,-0.022317969359607726,-0.022317969359607726,-0.02257078385553873,PASS,2026-04-08T12:05:22Z,D20260408.01
HSCEI,HK,index,2020-07-13,10577.419921875,10703.4697265625,10515.3095703125,10575.8798828125,10541.259765625,0.0,0.0,0.003284248558260261,0.003284248558260261,0.0032788671932385033,PASS,2026-04-08T12:05:22Z,D20260408.01
HSCEI,HK,index,2020-07-14,10509.1298828125,10518.4599609375,10333.3603515625,10405.26953125,10575.8798828125,0.0,0.0,-0.016132024328280203,-0.016132024328280203,-0.016263561996951614,PASS,2026-04-08T12:05:22Z,D20260408.01
HSCEI,HK,index,2020-07-15,10556.9296875,10556.9296875,10314.3896484375,10390.5400390625,10405.26953125,0.0,0.0,-0.0014155800715457412,-0.0014155800715457412,-0.0014165829515649304,PASS,2026-04-08T12:05:22Z,D20260408.01
HSCEI,HK,index,2020-07-16,10419.7099609375,10419.7099609375,10118.2998046875,10133.919921875,10390.5400390625,0.0,0.0,-0.024697476379741068,-0.024697476379741068,-0.025007575475208446,PASS,2026-04-08T12:05:22Z,D20260408.01
HSCEI,HK,index,2020-07-17,10201.1396484375,10292.580078125,10166.5703125,10203.5703125,10133.919921875,0.0,0.0,0.006872995954374295,0.006872995954374295,0.006849484585233274,PASS,2026-04-08T12:05:22Z,D20260408.01
HSCEI,HK,index,2020-07-20,10194.7998046875,10373.9501953125,10114.41015625,10295.3203125,10203.5703125,0.0,0.0,0.008991950581023644,0.008991950581023644,0.008951763719257702,PASS,2026-04-08T12:05:22Z,D20260408.01
HSCEI,HK,index,2020-07-21,10451.1904296875,10464.0595703125,10374.91015625,10445.419921875,10295.3203125,0.0,0.0,0.014579401594019048,0.014579401594019048,0.014474143947536962,PASS,2026-04-08T12:05:22Z,D20260408.01
HSCEI,HK,index,2020-07-22,10437.7900390625,10537.9501953125,10243.509765625,10243.509765625,10445.419921875,0.0,0.0,-0.019330018109387392,-0.019330018109387392,-0.019519285912716133,PASS,2026-04-08T12:05:22Z,D20260408.01
HSCEI,HK,index,2020-07-23,10306.58984375,10364.490234375,10193.2998046875,10325.25,10243.509765625,0.0,0.0,0.007979709713295868,0.007979709713295868,0.007948040193898078,PASS,2026-04-08T12:05:22Z,D20260408.01
HSCEI,HK,index,2020-07-24,10239.1103515625,10266.2197265625,10033.7001953125,10080.8603515625,10325.25,0.0,0.0,-0.023669126504200833,-0.023669126504200833,-0.02395374029055653,PASS,2026-04-08T12:05:22Z,D20260408.01
HSCEI,HK,index,2020-07-27,10166.26953125,10222.91015625,10051.16015625,10075.4501953125,10080.8603515625,0.0,0.0,-0.0005366760436436024,-0.0005366760436436024,-0.0005368201057769493,PASS,2026-04-08T12:05:22Z,D20260408.01
HSCEI,HK,index,2020-07-28,10218.0302734375,10227.98046875,10112.080078125,10151.8896484375,10075.4501953125,0.0,0.0,0.007586703486516466,0.007586703486516466,0.007558069187052316,PASS,2026-04-08T12:05:22Z,D20260408.01
HSCEI,HK,index,2020-07-29,10134.900390625,10217.75,10106.4296875,10184.41015625,10151.8896484375,0.0,0.0,0.0032033945342879733,0.0032033945342879733,0.003198274597221881,PASS,2026-04-08T12:05:22Z,D20260408.01
HSCEI,HK,index,2020-07-30,10221.7998046875,10259.419921875,10068.259765625,10097.080078125,10184.41015625,0.0,0.0,-0.008574878346921944,-0.008574878346921944,-0.008611854143295726,PASS,2026-04-08T12:05:22Z,D20260408.01
HSCEI,HK,index,2020-07-31,10127.580078125,10216.9501953125,10039.9599609375,10039.9599609375,10097.080078125,0.0,0.0,-0.005657092619404835,-0.005657092619404835,-0.005673154572471327,PASS,2026-04-08T12:05:22Z,D20260408.01
HSCEI,HK,index,2020-08-03,10030.349609375,10073.33984375,9939.8798828125,10033.2001953125,10039.9599609375,0.0,0.0,-0.000673286113819227,-0.000673286113819227,-0.0006735128727028757,PASS,2026-04-08T12:05:22Z,D20260408.01
HSCEI,HK,index,2020-08-04,10114.8095703125,10269.4296875,10088.169921875,10203.8798828125,10033.2001953125,0.0,0.0,0.01701149027004778,0.01701149027004778,0.016868415203235662,PASS,2026-04-08T12:05:22Z,D20260408.01
HSCEI,HK,index,2020-08-05,10226.8603515625,10285.0400390625,10162.2998046875,10256.6396484375,10203.8798828125,0.0,0.0,0.005170559260881724,0.005170559260881724,0.005157237819151092,PASS,2026-04-08T12:05:22Z,D20260408.01
HSCEI,HK,index,2020-08-06,10291.580078125,10312.9296875,10093.4697265625,10202.41015625,10256.6396484375,0.0,0.0,-0.0052872572349522695,-0.0052872572349522695,-0.005301284244270651,PASS,2026-04-08T12:05:22Z,D20260408.01
HSCEI,HK,index,2020-08-07,10205.349609375,10205.349609375,9908.9501953125,10063.4296875,10202.41015625,0.0,0.0,-0.01362231733693442,-0.01362231733693442,-0.013715952425396184,PASS,2026-04-08T12:05:22Z,D20260408.01
HSCEI,HK,index,2020-08-10,10005.400390625,10063.990234375,9937.5302734375,9990.669921875,10063.4296875,0.0,0.0,-0.007230116161627942,-0.007230116161627942,-0.007256380122377787,PASS,2026-04-08T12:05:22Z,D20260408.01
HSCEI,HK,index,2020-08-11,10086.73046875,10244.669921875,10086.73046875,10153.400390625,9990.669921875,0.0,0.0,0.016288243933842095,0.016288243933842095,0.016157013579026717,PASS,2026-04-08T12:05:22Z,D20260408.01
HSCEI,HK,index,2020-08-12,10113.0,10238.5400390625,10036.83984375,10215.91015625,10153.400390625,0.0,0.0,0.006156535073975622,0.006156535073975622,0.006137661038079646,PASS,2026-04-08T12:05:22Z,D20260408.01
HSCEI,HK,index,2020-08-13,10286.4697265625,10311.8203125,10212.9404296875,10244.599609375,10215.91015625,0.0,0.0,0.0028083110252734578,0.0028083110252734578,0.0028043750870366847,PASS,2026-04-08T12:05:22Z,D20260408.01
HSCEI,HK,index,2020-08-14,10199.5,10349.4599609375,10185.7998046875,10266.4599609375,10244.599609375,0.0,0.0,0.002133841477073961,0.002133841477073961,0.002131568070833913,PASS,2026-04-08T12:05:22Z,D20260408.01
HSCEI,HK,index,2020-08-17,10301.1298828125,10495.9599609375,10279.150390625,10385.900390625,10266.4599609375,0.0,0.0,0.011634042322471005,0.011634042322471005,0.01156688720719658,PASS,2026-04-08T12:05:22Z,D20260408.01
HSCEI,HK,index,2020-08-18,10433.01953125,10451.599609375,10381.0400390625,10425.419921875,10385.900390625,0.0,0.0,0.0038051136409582575,0.0038051136409582575,0.003797892508404481,PASS,2026-04-08T12:05:22Z,D20260408.01
HSCEI,HK,index,2020-08-19,10401.2802734375,10407.4296875,10284.759765625,10313.3095703125,10425.419921875,0.0,0.0,-0.010753557401296243,-0.010753557401296243,-0.010811794781998955,PASS,2026-04-08T12:05:22Z,D20260408.01
HSCEI,HK,index,2020-08-20,10233.3203125,10233.3203125,10086.6396484375,10155.8095703125,10313.3095703125,0.0,0.0,-0.015271528399901202,-0.015271528399901202,-0.015389339162327006,PASS,2026-04-08T12:05:22Z,D20260408.01
HSCEI,HK,index,2020-08-21,10236.66015625,10264.5498046875,10175.3203125,10212.2099609375,10155.8095703125,0.0,0.0,0.005553510060869016,0.005553510060869016,0.005538146179935473,PASS,2026-04-08T12:05:22Z,D20260408.01
HSCEI,HK,index,2020-08-24,10304.23046875,10349.23046875,10286.1201171875,10336.9501953125,10212.2099609375,0.0,0.0,0.012214812939818298,0.012214812939818298,0.012140814090895407,PASS,2026-04-08T12:05:22Z,D20260408.01
HSCEI,HK,index,2020-08-25,10342.5302734375,10347.7998046875,10229.9501953125,10291.849609375,10336.9501953125,0.0,0.0,-0.00436304568420498,-0.00436304568420498,-0.004372591544160522,PASS,2026-04-08T12:05:22Z,D20260408.01
HSCEI,HK,index,2020-08-26,10308.5595703125,10365.8095703125,10264.169921875,10300.3603515625,10291.849609375,0.0,0.0,0.0008269400069496058,0.0008269400069496058,0.00082659828044063,PASS,2026-04-08T12:05:22Z,D20260408.01
HSCEI,HK,index,2020-08-27,10309.83984375,10309.83984375,10166.8798828125,10201.9404296875,10300.3603515625,0.0,0.0,-0.009554997933647114,-0.009554997933647114,-0.009600939810311302,PASS,2026-04-08T12:05:22Z,D20260408.01
HSCEI,HK,index,2020-08-28,10198.33984375,10336.7802734375,10161.169921875,10182.830078125,10201.9404296875,0.0,0.0,-0.0018732075230403211,-0.0018732075230403211,-0.001874964170305205,PASS,2026-04-08T12:05:22Z,D20260408.01
HSCEI,HK,index,2020-08-31,10302.7197265625,10363.509765625,9991.48046875,9991.48046875,10182.830078125,0.0,0.0,-0.018791397667143772,-0.018791397667143772,-0.018970199480856775,PASS,2026-04-08T12:05:22Z,D20260408.01
HSCEI,HK,index,2020-09-01,9968.009765625,10064.150390625,9940.400390625,10013.3203125,9991.48046875,0.0,0.0,0.0021858466138533483,0.0021858466138533483,0.00218346112671722,PASS,2026-04-08T12:05:22Z,D20260408.01
HSCEI,HK,index,2020-09-02,10027.2900390625,10046.0302734375,9937.8095703125,10000.9599609375,10013.3203125,0.0,0.0,-0.001234390908984473,-0.001234390908984473,-0.0012351533969793187,PASS,2026-04-08T12:05:22Z,D20260408.01
HSCEI,HK,index,2020-09-03,9957.48046875,10068.1201171875,9916.3203125,9940.1298828125,10000.9599609375,0.0,0.0,-0.006082423923562841,-0.006082423923562841,-0.006100997216013207,PASS,2026-04-08T12:05:22Z,D20260408.01
HSCEI,HK,index,2020-09-04,9823.6103515625,9906.009765625,9774.1396484375,9883.98046875,9940.1298828125,0.0,0.0,-0.005648760602171565,-0.005648760602171565,-0.005664775187187958,PASS,2026-04-08T12:05:22Z,D20260408.01
HSCEI,HK,index,2020-09-07,9850.9599609375,9938.0302734375,9733.5302734375,9764.8203125,9883.98046875,0.0,0.0,-0.012055887466263848,-0.012055887466263848,-0.012129149095601192,PASS,2026-04-08T12:05:22Z,D20260408.01
HSCEI,HK,index,2020-09-08,9852.4697265625,9871.580078125,9701.4296875,9830.3896484375,9764.8203125,0.0,0.0,0.006714853303912305,0.006714853303912305,0.006692409093498068,PASS,2026-04-08T12:05:22Z,D20260408.01
HSCEI,HK,index,2020-09-09,9690.9599609375,9773.419921875,9651.5400390625,9728.51953125,9830.3896484375,0.0,0.0,-0.010362775111736444,-0.010362775111736444,-0.01041684251566809,PASS,2026-04-08T12:05:22Z,D20260408.01
HSCEI,HK,index,2020-09-10,9791.8798828125,9800.26953125,9675.9599609375,9683.75,9728.51953125,0.0,0.0,-0.004601885323475052,-0.004601885323475052,-0.004612506595517774,PASS,2026-04-08T12:05:22Z,D20260408.01
HSCEI,HK,index,2020-09-11,9701.7900390625,9782.76953125,9674.7998046875,9752.5,9683.75,0.0,0.0,0.007099522395766167,0.007099522395766167,0.007074439434699362,PASS,2026-04-08T12:05:22Z,D20260408.01
HSCEI,HK,index,2020-09-14,9775.3896484375,9847.1904296875,9775.3896484375,9806.6396484375,9752.5,0.0,0.0,0.005551361029223267,0.005551361029223267,0.0055360090147616005,PASS,2026-04-08T12:05:22Z,D20260408.01
HSCEI,HK,index,2020-09-15,9785.490234375,9872.0498046875,9774.5302734375,9829.0703125,9806.6396484375,0.0,0.0,0.0022872935956277374,0.0022872935956277374,0.002284681721621677,PASS,2026-04-08T12:05:22Z,D20260408.01
HSCEI,HK,index,2020-09-16,9874.8896484375,9879.669921875,9816.2998046875,9845.7900390625,9829.0703125,0.0,0.0,0.0017010486272783787,0.0017010486272783787,0.0016996034826709278,PASS,2026-04-08T12:05:22Z,D20260408.01
HSCEI,HK,index,2020-09-17,9842.5703125,9871.259765625,9688.5595703125,9732.150390625,9845.7900390625,0.0,0.0,-0.01154195325988494,-0.01154195325988494,-0.011609078607364607,PASS,2026-04-08T12:05:22Z,D20260408.01
HSCEI,HK,index,2020-09-18,9746.6796875,9831.76953125,9706.1201171875,9803.099609375,9732.150390625,0.0,0.0,0.00729018931092007,0.00729018931092007,0.007263744328995869,PASS,2026-04-08T12:05:22Z,D20260408.01
HSCEI,HK,index,2020-09-21,9852.650390625,9872.8603515625,9629.0703125,9640.419921875,9803.099609375,0.0,0.0,-0.016594719423683513,-0.016594719423683513,-0.0167339543051533,PASS,2026-04-08T12:05:22Z,D20260408.01
HSCEI,HK,index,2020-09-22,9631.3798828125,9660.1298828125,9551.490234375,9576.8095703125,9640.419921875,0.0,0.0,-0.0065982967627957745,-0.0065982967627957745,-0.0066201617571010505,PASS,2026-04-08T12:05:22Z,D20260408.01
HSCEI,HK,index,2020-09-23,9558.7802734375,9607.3095703125,9511.83984375,9558.7802734375,9576.8095703125,0.0,0.0,-0.001882599496484727,-0.001882599496484727,-0.0018843738141528876,PASS,2026-04-08T12:05:22Z,D20260408.01
HSCEI,HK,index,2020-09-24,9470.76953125,9487.8203125,9353.8798828125,9371.1904296875,9558.7802734375,0.0,0.0,-0.019624872461111553,-0.019624872461111553,-0.019819997357372138,PASS,2026-04-08T12:05:22Z,D20260408.01
HSCEI,HK,index,2020-09-25,9421.9501953125,9452.419921875,9274.8896484375,9302.58984375,9371.1904296875,0.0,0.0,-0.007320370496386119,-0.007320370496386119,-0.007347295891541241,PASS,2026-04-08T12:05:22Z,D20260408.01
HSCEI,HK,index,2020-09-28,9345.6103515625,9403.8798828125,9336.509765625,9383.400390625,9302.58984375,0.0,0.0,0.008686887010211697,0.008686887010211697,0.00864937310341447,PASS,2026-04-08T12:05:22Z,D20260408.01
HSCEI,HK,index,2020-09-29,9420.76953125,9430.9501953125,9269.8701171875,9281.51953125,9383.400390625,0.0,0.0,-0.010857562837965351,-0.010857562837965351,-0.010916936332104613,PASS,2026-04-08T12:05:22Z,D20260408.01
HSCEI,HK,index,2020-09-30,9415.3798828125,9535.98046875,9351.9404296875,9397.3701171875,9281.51953125,0.0,0.0,0.012481855535340092,0.012481855535340092,0.012404599379060445,PASS,2026-04-08T12:05:22Z,D20260408.01
HSCEI,HK,index,2020-10-05,9555.16015625,9555.16015625,9401.7998046875,9447.990234375,9397.3701171875,0.0,0.0,0.005386625891739438,0.005386625891739438,0.005372169911891437,PASS,2026-04-08T12:05:22Z,D20260408.01
HSCEI,HK,index,2020-10-06,9514.8896484375,9559.1904296875,9485.7998046875,9536.490234375,9447.990234375,0.0,0.0,0.009367071493999513,0.009367071493999513,0.009323472531408812,PASS,2026-04-08T12:05:22Z,D20260408.01
HSCEI,HK,index,2020-10-07,9533.8203125,9641.2900390625,9486.7099609375,9629.2900390625,9536.490234375,0.0,0.0,0.009731022882296436,0.009731022882296436,0.009683981407379146,PASS,2026-04-08T12:05:22Z,D20260408.01
HSCEI,HK,index,2020-10-08,9618.2197265625,9629.3603515625,9545.1298828125,9624.48046875,9629.2900390625,0.0,0.0,-0.0004994729926078856,-0.0004994729926078856,-0.000499597770793677,PASS,2026-04-08T12:05:22Z,D20260408.01
HSCEI,HK,index,2020-10-09,9690.349609375,9690.5595703125,9600.0400390625,9617.849609375,9624.48046875,0.0,0.0,-0.0006889576426000188,-0.0006889576426000188,-0.0006891950829805074,PASS,2026-04-08T12:05:22Z,D20260408.01
HSCEI,HK,index,2020-10-12,9656.080078125,9908.9296875,9656.080078125,9878.740234375,9617.849609375,0.0,0.0,0.02712567107991548,0.02712567107991548,0.02676429062659226,PASS,2026-04-08T12:05:22Z,D20260408.01
HSCEI,HK,index,2020-10-14,9962.599609375,9962.599609375,9824.8896484375,9920.76953125,9878.740234375,0.0,0.0,0.0042545198960441954,0.0042545198960441954,0.004245495014907228,PASS,2026-04-08T12:05:22Z,D20260408.01
HSCEI,HK,index,2020-10-15,9879.580078125,9921.2197265625,9739.990234375,9762.2802734375,9920.76953125,0.0,0.0,-0.01597550041992868,-0.01597550041992868,-0.016104484292605418,PASS,2026-04-08T12:05:22Z,D20260408.01
HSCEI,HK,index,2020-10-16,9793.669921875,9948.4296875,9793.669921875,9914.900390625,9762.2802734375,0.0,0.0,0.01563365452667531,0.01563365452667531,0.015512707879769577,PASS,2026-04-08T12:05:22Z,D20260408.01
HSCEI,HK,index,2020-10-19,10001.4404296875,10104.3603515625,9970.5498046875,9978.16015625,9914.900390625,0.0,0.0,0.006380272431664169,0.006380272431664169,0.006360004657113959,PASS,2026-04-08T12:05:22Z,D20260408.01
HSCEI,HK,index,2020-10-20,10000.349609375,10004.169921875,9931.0595703125,9988.330078125,9978.16015625,0.0,0.0,0.0010192181440011883,0.0010192181440011883,0.0010186990938422786,PASS,2026-04-08T12:05:22Z,D20260408.01
HSCEI,HK,index,2020-10-21,10034.0,10127.4697265625,10010.400390625,10077.7802734375,9988.330078125,0.0,0.0,0.00895547049535339,0.00895547049535339,0.00891560808379048,PASS,2026-04-08T12:05:22Z,D20260408.01
HSCEI,HK,index,2020-10-22,10034.58984375,10108.3203125,9980.4404296875,10085.1796875,10077.7802734375,0.0,0.0,0.0007342305410253935,0.0007342305410253935,0.0007339611256489723,PASS,2026-04-08T12:05:22Z,D20260408.01
HSCEI,HK,index,2020-10-23,10076.3095703125,10161.73046875,10039.0302734375,10125.58984375,10085.1796875,0.0,0.0,0.004006885102908475,0.004006885102908475,0.003998878918243323,PASS,2026-04-08T12:05:22Z,D20260408.01
HSCEI,HK,index,2020-10-27,10054.1298828125,10077.51953125,9958.6298828125,10003.099609375,10125.58984375,0.0,0.0,-0.012097096195399115,-0.012097096195399115,-0.012170861565038842,PASS,2026-04-08T12:05:22Z,D20260408.01
HSCEI,HK,index,2020-10-28,10014.58984375,10014.58984375,9916.2802734375,9963.3603515625,10003.099609375,0.0,0.0,-0.003972694401168986,-0.003972694401168986,-0.003980606513459691,PASS,2026-04-08T12:05:22Z,D20260408.01
HSCEI,HK,index,2020-10-29,9803.009765625,10005.150390625,9786.7802734375,9955.4599609375,9963.3603515625,0.0,0.0,-0.0007929443828418314,-0.0007929443828418314,-0.0007932589295286494,PASS,2026-04-08T12:05:22Z,D20260408.01
HSCEI,HK,index,2020-10-30,9907.4697265625,9955.66015625,9726.669921875,9760.240234375,9955.4599609375,0.0,0.0,-0.019609312611219232,-0.019609312611219232,-0.019804126160746626,PASS,2026-04-08T12:05:22Z,D20260408.01
HSCEI,HK,index,2020-11-02,9820.6396484375,9948.009765625,9820.6396484375,9936.5595703125,9760.240234375,0.0,0.0,0.018065061074676647,0.018065061074676647,0.017903826768523912,PASS,2026-04-08T12:05:22Z,D20260408.01
HSCEI,HK,index,2020-11-03,9994.73046875,10137.1103515625,9994.73046875,10071.41015625,9936.5595703125,0.0,0.0,0.013571154581550893,0.013571154581550893,0.013479891235423758,PASS,2026-04-08T12:05:22Z,D20260408.01
HSCEI,HK,index,2020-11-04,10014.0400390625,10173.5,9990.7099609375,10099.16015625,10071.41015625,0.0,0.0,0.0027553241869291423,0.0027553241869291423,0.002751535239498227,PASS,2026-04-08T12:05:22Z,D20260408.01
HSCEI,HK,index,2020-11-05,10381.9697265625,10478.83984375,10299.6201171875,10478.83984375,10099.16015625,0.0,0.0,0.03759517441309512,0.03759517441309512,0.03690570328944351,PASS,2026-04-08T12:05:22Z,D20260408.01
HSCEI,HK,index,2020-11-06,10491.849609375,10514.08984375,10408.5498046875,10497.7998046875,10478.83984375,0.0,0.0,0.0018093568773080992,0.0018093568773080992,0.001807721962951992,PASS,2026-04-08T12:05:22Z,D20260408.01
HSCEI,HK,index,2020-11-09,10686.3798828125,10707.3798828125,10597.4599609375,10633.0703125,10497.7998046875,0.0,0.0,0.012885605586810511,0.012885605586810511,0.01280329251950908,PASS,2026-04-08T12:05:22Z,D20260408.01
HSCEI,HK,index,2020-11-10,10705.6298828125,10705.6298828125,10485.7900390625,10586.8896484375,10633.0703125,0.0,0.0,-0.004343116588649942,-0.004343116588649942,-0.004352575316341075,PASS,2026-04-08T12:05:22Z,D20260408.01
HSCEI,HK,index,2020-11-11,10513.1396484375,10616.400390625,10508.2900390625,10541.33984375,10586.8896484375,0.0,0.0,-0.004302472794190604,-0.004302472794190604,-0.004311755064307299,PASS,2026-04-08T12:05:22Z,D20260408.01
HSCEI,HK,index,2020-11-12,10645.6396484375,10676.2197265625,10536.1396484375,10579.4697265625,10541.33984375,0.0,0.0,0.0036171761253962487,0.0036171761253962487,0.003610649876827474,PASS,2026-04-08T12:05:22Z,D20260408.01
HSCEI,HK,index,2020-11-13,10555.9697265625,10555.9697265625,10429.6103515625,10545.26953125,10579.4697265625,0.0,0.0,-0.0032326946620615526,-0.0032326946620615526,-0.0032379311077159485,PASS,2026-04-08T12:05:22Z,D20260408.01
HSCEI,HK,index,2020-11-16,10645.8095703125,10645.8095703125,10500.990234375,10578.9404296875,10545.26953125,0.0,0.0,0.00319298604343099,0.00319298604343099,0.0031878992885761587,PASS,2026-04-08T12:05:22Z,D20260408.01
HSCEI,HK,index,2020-11-17,10597.98046875,10637.7197265625,10518.419921875,10550.2001953125,10578.9404296875,0.0,0.0,-0.0027167403546717317,-0.0027167403546717317,-0.0027204373911927466,PASS,2026-04-08T12:05:22Z,D20260408.01
HSCEI,HK,index,2020-11-18,10571.2802734375,10670.3603515625,10531.2001953125,10640.0498046875,10550.2001953125,0.0,0.0,0.00851638904586105,0.00851638904586105,0.008480329193184456,PASS,2026-04-08T12:05:22Z,D20260408.01
HSCEI,HK,index,2020-11-19,10591.990234375,10591.990234375,10522.01953125,10555.3603515625,10640.0498046875,0.0,0.0,-0.00795949781059202,-0.00795949781059202,-0.007991343710770121,PASS,2026-04-08T12:05:22Z,D20260408.01
HSCEI,HK,index,2020-11-20,10555.8603515625,10601.1796875,10517.26953125,10553.349609375,10555.3603515625,0.0,0.0,-0.00019049488795541691,-0.00019049488795541691,-0.0001905130344111601,PASS,2026-04-08T12:05:22Z,D20260408.01
HSCEI,HK,index,2020-11-23,10646.0703125,10676.58984375,10587.5302734375,10666.5302734375,10553.349609375,0.0,0.0,0.010724619978661254,0.010724619978661254,0.010667519135585777,PASS,2026-04-08T12:05:22Z,D20260408.01
HSCEI,HK,index,2020-11-24,10709.98046875,10709.98046875,10590.5302734375,10612.580078125,10666.5302734375,0.0,0.0,-0.005057895485174768,-0.005057895485174768,-0.005070729933700602,PASS,2026-04-08T12:05:22Z,D20260408.01
HSCEI,HK,index,2020-11-25,10671.5400390625,10737.900390625,10546.669921875,10557.830078125,10612.580078125,0.0,0.0,-0.0051589716729537605,-0.0051589716729537605,-0.005172325113796003,PASS,2026-04-08T12:05:22Z,D20260408.01
HSCEI,HK,index,2020-11-26,10579.9296875,10701.490234375,10578.6103515625,10701.490234375,10557.830078125,0.0,0.0,0.013606977493192618,0.013606977493192618,0.013515233873624763,PASS,2026-04-08T12:05:22Z,D20260408.01
HSCEI,HK,index,2020-11-27,10689.5302734375,10821.9501953125,10664.7900390625,10790.2998046875,10701.490234375,0.0,0.0,0.008298804032659701,0.008298804032659701,0.008264558293805818,PASS,2026-04-08T12:05:22Z,D20260408.01
HSCEI,HK,index,2020-11-30,10781.26953125,10886.5703125,10543.4404296875,10546.4697265625,10790.2998046875,0.0,0.0,-0.022597155087301313,-0.022597155087301313,-0.022856383455926724,PASS,2026-04-08T12:05:22Z,D20260408.01
HSCEI,HK,index,2020-12-01,10587.830078125,10705.33984375,10570.3095703125,10659.6396484375,10546.4697265625,0.0,0.0,0.010730597518330498,0.010730597518330498,0.010673433231151707,PASS,2026-04-08T12:05:22Z,D20260408.01
HSCEI,HK,index,2020-12-02,10680.4697265625,10680.4697265625,10534.6298828125,10573.7900390625,10659.6396484375,0.0,0.0,-0.008053706523520554,-0.008053706523520554,-0.008086312803513221,PASS,2026-04-08T12:05:22Z,D20260408.01
HSCEI,HK,index,2020-12-03,10589.7900390625,10623.6201171875,10531.0,10586.3701171875,10573.7900390625,0.0,0.0,0.0011897416232520275,0.0011897416232520275,0.0011890344415404139,PASS,2026-04-08T12:05:22Z,D20260408.01
HSCEI,HK,index,2020-12-04,10608.91015625,10641.0,10561.08984375,10624.650390625,10586.3701171875,0.0,0.0,0.003615996135951205,0.003615996135951205,0.003609474139537606,PASS,2026-04-08T12:05:22Z,D20260408.01
HSCEI,HK,index,2020-12-07,10620.5498046875,10620.5498046875,10376.669921875,10473.3203125,10624.650390625,0.0,0.0,-0.014243299549746236,-0.014243299549746236,-0.014345708935553075,PASS,2026-04-08T12:05:22Z,D20260408.01
HSCEI,HK,index,2020-12-08,10475.23046875,10475.23046875,10406.7099609375,10409.58984375,10473.3203125,0.0,0.0,-0.0060850300428544335,-0.0060850300428544335,-0.00610361928727046,PASS,2026-04-08T12:05:22Z,D20260408.01
HSCEI,HK,index,2020-12-09,10462.3095703125,10566.7998046875,10462.3095703125,10488.3203125,10409.58984375,0.0,0.0,0.007563263291999078,0.007563263291999078,0.007534805216722686,PASS,2026-04-08T12:05:22Z,D20260408.01
HSCEI,HK,index,2020-12-10,10407.16015625,10454.8603515625,10391.16015625,10415.7197265625,10488.3203125,0.0,0.0,-0.00692204125869178,-0.00692204125869178,-0.006946109719175662,PASS,2026-04-08T12:05:22Z,D20260408.01
HSCEI,HK,index,2020-12-11,10505.0595703125,10533.7802734375,10407.3701171875,10452.5,10415.7197265625,0.0,0.0,0.003531227260628267,0.003531227260628267,0.003525007116505894,PASS,2026-04-08T12:05:22Z,D20260408.01
HSCEI,HK,index,2020-12-14,10453.9501953125,10494.98046875,10410.849609375,10443.1201171875,10452.5,0.0,0.0,-0.0008973817567567988,-0.0008973817567567988,-0.0008977846448131064,PASS,2026-04-08T12:05:22Z,D20260408.01
HSCEI,HK,index,2020-12-15,10431.9501953125,10439.740234375,10339.0400390625,10399.5595703125,10443.1201171875,0.0,0.0,-0.004171219557582928,-0.004171219557582928,-0.004179943361601038,PASS,2026-04-08T12:05:22Z,D20260408.01
HSCEI,HK,index,2020-12-16,10476.400390625,10517.740234375,10426.3095703125,10461.900390625,10399.5595703125,0.0,0.0,0.0059945635092530924,0.0059945635092530924,0.00597666759659663,PASS,2026-04-08T12:05:22Z,D20260408.01
HSCEI,HK,index,2020-12-17,10511.3603515625,10545.73046875,10436.3896484375,10545.73046875,10461.900390625,0.0,0.0,0.008012892017220885,0.008012892017220885,0.007980959267013256,PASS,2026-04-08T12:05:22Z,D20260408.01
HSCEI,HK,index,2020-12-18,10529.8095703125,10566.2802734375,10424.400390625,10483.33984375,10545.73046875,0.0,0.0,-0.005916197572551352,-0.005916197572551352,-0.005933767602194756,PASS,2026-04-08T12:05:22Z,D20260408.01
HSCEI,HK,index,2020-12-21,10441.9296875,10487.7802734375,10401.830078125,10401.830078125,10483.33984375,0.0,0.0,-0.007775171542644843,-0.007775171542644843,-0.0078055557865137435,PASS,2026-04-08T12:05:22Z,D20260408.01
HSCEI,HK,index,2020-12-22,10404.23046875,10479.5400390625,10323.1904296875,10384.1796875,10401.830078125,0.0,0.0,-0.0016968543508626421,-0.0016968543508626421,-0.0016982956388746457,PASS,2026-04-08T12:05:22Z,D20260408.01
HSCEI,HK,index,2020-12-23,10371.7998046875,10497.2900390625,10371.7998046875,10482.51953125,10384.1796875,0.0,0.0,0.009470160061692434,0.009470160061692434,0.009425599207270723,PASS,2026-04-08T12:05:22Z,D20260408.01
HSCEI,HK,index,2020-12-24,10463.1103515625,10509.9599609375,10411.1796875,10430.5302734375,10482.51953125,0.0,0.0,-0.004959614685907554,-0.004959614685907554,-0.004971954391855939,PASS,2026-04-08T12:05:22Z,D20260408.01
HSCEI,HK,index,2020-12-28,10372.9404296875,10418.8603515625,10298.1298828125,10311.48046875,10430.5302734375,0.0,0.0,-0.01141359083062854,-0.01141359083062854,-0.011479225756506258,PASS,2026-04-08T12:05:22Z,D20260408.01
HSCEI,HK,index,2020-12-29,10403.1298828125,10471.759765625,10403.1298828125,10449.169921875,10311.48046875,0.0,0.0,0.013353024674030323,0.013353024674030323,0.0132646588053259,PASS,2026-04-08T12:05:22Z,D20260408.01
HSCEI,HK,index,2020-12-30,10521.669921875,10669.259765625,10511.8798828125,10662.9296875,10449.169921875,0.0,0.0,0.02045710493974262,0.02045710493974262,0.02025066900828694,PASS,2026-04-08T12:05:22Z,D20260408.01
HSCEI,HK,index,2020-12-31,10684.73046875,10765.509765625,10679.8896484375,10738.400390625,10662.9296875,0.0,0.0,0.007077858087489064,0.007077858087489064,0.007052927617033391,PASS,2026-04-08T12:05:22Z,D20260408.01
HSCEI,HK,index,2021-01-04,10661.8095703125,10756.8701171875,10652.349609375,10722.990234375,10738.400390625,0.0,0.0,-0.0014350513753849103,-0.0014350513753849103,-0.0014360820477731355,PASS,2026-04-08T12:05:22Z,D20260408.01
HSCEI,HK,index,2021-01-05,10647.0302734375,10806.01953125,10614.1298828125,10774.150390625,10722.990234375,0.0,0.0,0.0047710717935742775,0.0047710717935742775,0.00475972630299995,PASS,2026-04-08T12:05:22Z,D20260408.01
HSCEI,HK,index,2021-01-06,10799.3203125,10921.8798828125,10744.7802734375,10899.830078125,10774.150390625,0.0,0.0,0.011664927900891353,0.011664927900891353,0.011597417127764213,PASS,2026-04-08T12:05:22Z,D20260408.01
HSCEI,HK,index,2021-01-07,10844.2998046875,10848.150390625,10728.599609375,10796.73046875,10899.830078125,0.0,0.0,-0.009458827214372079,-0.009458827214372079,-0.009503846028869065,PASS,2026-04-08T12:05:22Z,D20260408.01
HSCEI,HK,index,2021-01-08,10794.4599609375,10996.599609375,10785.16015625,10955.5498046875,10796.73046875,0.0,0.0,0.01470994727498165,0.01470994727498165,0.01460280542325549,PASS,2026-04-08T12:05:22Z,D20260408.01
HSCEI,HK,index,2021-01-11,11035.3203125,11171.3095703125,10992.4404296875,11059.509765625,10955.5498046875,0.0,0.0,0.009489250908522928,0.009489250908522928,0.00944451077798119,PASS,2026-04-08T12:05:22Z,D20260408.01
HSCEI,HK,index,2021-01-12,11063.7001953125,11217.6904296875,11025.01953125,11217.6904296875,11059.509765625,0.0,0.0,0.014302683158177176,0.014302683158177176,0.014201364726272835,PASS,2026-04-08T12:05:22Z,D20260408.01
HSCEI,HK,index,2021-01-13,11242.4599609375,11304.3701171875,11129.259765625,11184.900390625,11217.6904296875,0.0,0.0,-0.002923065070125408,-0.002923065070125408,-0.0029273455683123807,PASS,2026-04-08T12:05:22Z,D20260408.01
HSCEI,HK,index,2021-01-14,11282.650390625,11314.759765625,11210.5498046875,11299.169921875,11184.900390625,0.0,0.0,0.010216410272708254,0.010216410272708254,0.010164575497885946,PASS,2026-04-08T12:05:22Z,D20260408.01
HSCEI,HK,index,2021-01-15,11249.240234375,11367.7802734375,11195.0302734375,11320.5302734375,11299.169921875,0.0,0.0,0.001890435466515683,0.001890435466515683,0.0018886508421799468,PASS,2026-04-08T12:05:22Z,D20260408.01
HSCEI,HK,index,2021-01-18,11266.7802734375,11463.3701171875,11241.6396484375,11462.51953125,11320.5302734375,0.0,0.0,0.012542633108421075,0.012542633108421075,0.01246462588584105,PASS,2026-04-08T12:05:22Z,D20260408.01
HSCEI,HK,index,2021-01-19,11575.900390625,11834.3798828125,11575.900390625,11734.330078125,11462.51953125,0.0,0.0,0.023712984403993387,0.023712984403993387,0.023436198661130603,PASS,2026-04-08T12:05:22Z,D20260408.01
HSCEI,HK,index,2021-01-20,11867.01953125,11958.7197265625,11795.919921875,11949.349609375,11734.330078125,0.0,0.0,0.018323971613073642,0.018323971613073642,0.01815811073454034,PASS,2026-04-08T12:05:22Z,D20260408.01
HSCEI,HK,index,2021-01-21,11962.3896484375,12005.76953125,11831.8603515625,11889.4501953125,11949.349609375,0.0,0.0,-0.005012776094148741,-0.005012776094148741,-0.005025382201608459,PASS,2026-04-08T12:05:22Z,D20260408.01
HSCEI,HK,index,2021-01-22,11873.3701171875,11873.3701171875,11662.26953125,11677.4501953125,11889.4501953125,0.0,0.0,-0.017830933854585007,-0.017830933854585007,-0.017991820328853648,PASS,2026-04-08T12:05:22Z,D20260408.01
HSCEI,HK,index,2021-01-25,11748.669921875,11989.9296875,11748.2900390625,11960.490234375,11677.4501953125,0.0,0.0,0.02423817137547002,0.02423817137547002,0.023949088806491083,PASS,2026-04-08T12:05:22Z,D20260408.01
HSCEI,HK,index,2021-01-26,11884.349609375,11923.7802734375,11666.01953125,11695.4296875,11960.490234375,0.0,0.0,-0.022161344700838748,-0.022161344700838748,-0.022410596688785606,PASS,2026-04-08T12:05:22Z,D20260408.01
HSCEI,HK,index,2021-01-27,11773.73046875,11814.0,11598.75,11651.240234375,11695.4296875,0.0,0.0,-0.0037783522543194392,-0.0037783522543194392,-0.0037855082581540627,PASS,2026-04-08T12:05:22Z,D20260408.01
HSCEI,HK,index,2021-01-28,11519.2998046875,11622.490234375,11309.8203125,11334.0302734375,11651.240234375,0.0,0.0,-0.02722542446611187,-0.02722542446611187,-0.027602903459334294,PASS,2026-04-08T12:05:22Z,D20260408.01
HSCEI,HK,index,2021-01-29,11446.830078125,11519.3203125,11203.0400390625,11208.7802734375,11334.0302734375,0.0,0.0,-0.011050791022990003,-0.011050791022990003,-0.011112304616497717,PASS,2026-04-08T12:05:22Z,D20260408.01
HSCEI,HK,index,2021-02-01,11274.0,11497.4404296875,11260.6103515625,11454.1796875,11208.7802734375,0.0,0.0,0.021893498496357022,0.021893498496357022,0.021657277443713076,PASS,2026-04-08T12:05:22Z,D20260408.01
HSCEI,HK,index,2021-02-02,11655.669921875,11748.23046875,11600.830078125,11609.01953125,11454.1796875,0.0,0.0,0.013518195800523047,0.013518195800523047,0.013427640177985256,PASS,2026-04-08T12:05:22Z,D20260408.01
HSCEI,HK,index,2021-02-03,11647.599609375,11668.169921875,11523.83984375,11651.83984375,11609.01953125,0.0,0.0,0.0036885382425908553,0.0036885382425908553,0.003681752267174766,PASS,2026-04-08T12:05:22Z,D20260408.01
HSCEI,HK,index,2021-02-04,11569.3603515625,11666.91015625,11413.7802734375,11563.5,11651.83984375,0.0,0.0,-0.007581621866986521,-0.007581621866986521,-0.007610508459488701,PASS,2026-04-08T12:05:22Z,D20260408.01
HSCEI,HK,index,2021-02-05,11600.6396484375,11669.4296875,11542.4599609375,11561.3203125,11563.5,0.0,0.0,-0.00018849721105196338,-0.00018849721105196338,-0.00018851497888407683,PASS,2026-04-08T12:05:22Z,D20260408.01
HSCEI,HK,index,2021-02-08,11693.3798828125,11702.2802734375,11560.009765625,11560.009765625,11561.3203125,0.0,0.0,-0.00011335615998664395,-0.00011335615998664395,-0.00011336258528171651,PASS,2026-04-08T12:05:22Z,D20260408.01
HSCEI,HK,index,2021-02-09,11576.5302734375,11631.7001953125,11516.2802734375,11602.759765625,11560.009765625,0.0,0.0,0.0036980937617476783,0.0036980937617476783,0.003691272624643077,PASS,2026-04-08T12:05:22Z,D20260408.01
HSCEI,HK,index,2021-02-10,11726.650390625,11826.8203125,11705.5400390625,11810.25,11602.759765625,0.0,0.0,0.017882834650228885,0.017882834650228885,0.01772481784072472,PASS,2026-04-08T12:05:22Z,D20260408.01
HSCEI,HK,index,2021-02-11,11786.9404296875,11886.169921875,11709.48046875,11880.490234375,11810.25,0.0,0.0,0.005947396064858834,0.005947396064858834,0.005929780116390309,PASS,2026-04-08T12:05:22Z,D20260408.01
HSCEI,HK,index,2021-02-16,12062.6298828125,12092.759765625,11991.009765625,12036.150390625,11880.490234375,0.0,0.0,0.013102166087356704,0.013102166087356704,0.013017075153736953,PASS,2026-04-08T12:05:22Z,D20260408.01
HSCEI,HK,index,2021-02-17,11992.1396484375,12260.0302734375,11939.48046875,12228.6298828125,12036.150390625,0.0,0.0,0.01599178191869588,0.01599178191869588,0.015865260460875837,PASS,2026-04-08T12:05:22Z,D20260408.01
HSCEI,HK,index,2021-02-18,12268.240234375,12271.599609375,12030.330078125,12041.5302734375,12228.6298828125,0.0,0.0,-0.015300128564523119,-0.015300128564523119,-0.015418383290512797,PASS,2026-04-08T12:05:22Z,D20260408.01
HSCEI,HK,index,2021-02-19,12018.169921875,12146.7099609375,11852.1396484375,12106.76953125,12041.5302734375,0.0,0.0,0.005417854403141131,0.005417854403141131,0.005403230625859633,PASS,2026-04-08T12:05:22Z,D20260408.01
HSCEI,HK,index,2021-02-22,12244.26953125,12244.26953125,11891.83984375,11893.6796875,12106.76953125,0.0,0.0,-0.01760088380306346,-0.01760088380306346,-0.01775762122633254,PASS,2026-04-08T12:05:22Z,D20260408.01
HSCEI,HK,index,2021-02-23,11822.990234375,12018.6796875,11771.849609375,11909.6298828125,11893.6796875,0.0,0.0,0.0013410648118650226,0.0013410648118650226,0.0013401663875906304,PASS,2026-04-08T12:05:22Z,D20260408.01
HSCEI,HK,index,2021-02-24,11968.08984375,11978.76953125,11404.8798828125,11509.73046875,11909.6298828125,0.0,0.0,-0.03357782046943536,-0.03357782046943536,-0.03415450139176561,PASS,2026-04-08T12:05:22Z,D20260408.01
HSCEI,HK,index,2021-02-25,11684.8203125,11861.83984375,11583.76953125,11717.41015625,11509.73046875,0.0,0.0,0.018043835871210945,0.018043835871210945,0.017882977978463315,PASS,2026-04-08T12:05:22Z,D20260408.01
HSCEI,HK,index,2021-02-26,11398.58984375,11532.8095703125,11247.1298828125,11247.2099609375,11717.41015625,0.0,0.0,-0.04012833800664539,-0.04012833800664539,-0.0409556888805368,PASS,2026-04-08T12:05:22Z,D20260408.01
HSCEI,HK,index,2021-03-01,11465.7001953125,11499.7900390625,11348.66015625,11453.6796875,11247.2099609375,0.0,0.0,0.018357417286561484,0.018357417286561484,0.018190954039019023,PASS,2026-04-08T12:05:22Z,D20260408.01
HSCEI,HK,index,2021-03-02,11599.0302734375,11634.2998046875,11307.740234375,11361.349609375,11453.6796875,0.0,0.0,-0.008061171662218314,-0.008061171662218314,-0.008093838580702345,PASS,2026-04-08T12:05:22Z,D20260408.01
HSCEI,HK,index,2021-03-03,11404.490234375,11679.099609375,11359.3203125,11666.240234375,11361.349609375,0.0,0.0,0.026835775280466212,0.026835775280466212,0.026482010935424818,PASS,2026-04-08T12:05:22Z,D20260408.01
HSCEI,HK,index,2021-03-04,11485.6396484375,11536.6796875,11312.5498046875,11325.580078125,11666.240234375,0.0,0.0,-0.02920050928200779,-0.02920050928200779,-0.02963532973016599,PASS,2026-04-08T12:05:22Z,D20260408.01
HSCEI,HK,index,2021-03-05,11129.7197265625,11414.2998046875,11052.2099609375,11292.2197265625,11325.580078125,0.0,0.0,-0.0029455755318824606,-0.0029455755318824606,-0.0029499222773660956,PASS,2026-04-08T12:05:22Z,D20260408.01
HSCEI,HK,index,2021-03-08,11393.9697265625,11433.3203125,10989.2001953125,11014.7900390625,11292.2197265625,0.0,0.0,-0.024568215480912703,-0.024568215480912703,-0.024875050099017325,PASS,2026-04-08T12:05:22Z,D20260408.01
HSCEI,HK,index,2021-03-09,11041.849609375,11137.240234375,10861.509765625,10973.150390625,11014.7900390625,0.0,0.0,-0.0037803397331979127,-0.0037803397331979127,-0.0037875032768986366,PASS,2026-04-08T12:05:22Z,D20260408.01
HSCEI,HK,index,2021-03-10,11221.75,11221.75,10994.599609375,11059.669921875,10973.150390625,0.0,0.0,0.007884657383709914,0.007884657383709914,0.007853735903185027,PASS,2026-04-08T12:05:22Z,D20260408.01
HSCEI,HK,index,2021-03-11,11099.58984375,11352.33984375,11098.6904296875,11340.400390625,11059.669921875,0.0,0.0,0.025383259241285483,0.025383259241285483,0.025066454157816716,PASS,2026-04-08T12:05:22Z,D20260408.01
HSCEI,HK,index,2021-03-12,11475.740234375,11475.740234375,11154.66015625,11172.9501953125,11340.400390625,0.0,0.0,-0.014765809807820274,-0.014765809807820274,-0.014875909529371227,PASS,2026-04-08T12:05:22Z,D20260408.01
HSCEI,HK,index,2021-03-15,11272.4697265625,11344.4599609375,11074.2802734375,11144.080078125,11172.9501953125,0.0,0.0,-0.0025839296410371526,-0.0025839296410371526,-0.0025872737491008336,PASS,2026-04-08T12:05:22Z,D20260408.01
HSCEI,HK,index,2021-03-16,11281.1904296875,11386.8603515625,11246.7197265625,11329.4296875,11144.080078125,0.0,0.0,0.016632113918386704,0.016632113918386704,0.01649531506387928,PASS,2026-04-08T12:05:22Z,D20260408.01
HSCEI,HK,index,2021-03-17,11332.6298828125,11433.5302734375,11243.75,11358.66015625,11329.4296875,0.0,0.0,0.002580047677267494,0.002580047677267494,0.002576725068025454,PASS,2026-04-08T12:05:22Z,D20260408.01
HSCEI,HK,index,2021-03-18,11475.98046875,11576.919921875,11440.9599609375,11470.4296875,11358.66015625,0.0,0.0,0.0098400277596562,0.0098400277596562,0.009791929951631615,PASS,2026-04-08T12:05:22Z,D20260408.01
HSCEI,HK,index,2021-03-19,11336.91015625,11389.26953125,11171.1904296875,11283.919921875,11470.4296875,0.0,0.0,-0.016260050469447562,-0.016260050469447562,-0.01639369579008001,PASS,2026-04-08T12:05:22Z,D20260408.01
HSCEI,HK,index,2021-03-22,11245.91015625,11413.3896484375,11245.91015625,11306.7099609375,11283.919921875,0.0,0.0,0.0020196916692327704,0.0020196916692327704,0.0020176548340716336,PASS,2026-04-08T12:05:22Z,D20260408.01
HSCEI,HK,index,2021-03-23,11362.349609375,11378.0,11047.5,11111.1796875,11306.7099609375,0.0,0.0,-0.01729329523026768,-0.01729329523026768,-0.017444570832785326,PASS,2026-04-08T12:05:22Z,D20260408.01
HSCEI,HK,index,2021-03-24,11083.51953125,11113.91015625,10794.919921875,10847.98046875,11111.1796875,0.0,0.0,-0.023687783489461323,-0.023687783489461323,-0.023972849758494164,PASS,2026-04-08T12:05:22Z,D20260408.01
HSCEI,HK,index,2021-03-25,10680.169921875,10793.919921875,10605.33984375,10744.26953125,10847.98046875,0.0,0.0,-0.009560391245058253,-0.009560391245058253,-0.00960638516677648,PASS,2026-04-08T12:05:22Z,D20260408.01
HSCEI,HK,index,2021-03-26,10792.330078125,11005.4599609375,10786.400390625,10966.0595703125,10744.26953125,0.0,0.0,0.020642635445566437,0.020642635445566437,0.020432463658165013,PASS,2026-04-08T12:05:22Z,D20260408.01
HSCEI,HK,index,2021-03-29,10937.3701171875,11018.2802734375,10849.5,10942.9404296875,10966.0595703125,0.0,0.0,-0.002108245033392686,-0.002108245033392686,-0.0021104705104038196,PASS,2026-04-08T12:05:22Z,D20260408.01
HSCEI,HK,index,2021-03-30,11040.759765625,11075.1796875,10953.01953125,11020.8701171875,10942.9404296875,0.0,0.0,0.007121457710633328,0.007121457710633328,0.007096219879928235,PASS,2026-04-08T12:05:22Z,D20260408.01
HSCEI,HK,index,2021-03-31,11120.419921875,11120.419921875,10934.150390625,10972.0400390625,11020.8701171875,0.0,0.0,-0.004430691733572578,-0.004430691733572578,-0.0044405363378916315,PASS,2026-04-08T12:05:22Z,D20260408.01
HSCEI,HK,index,2021-04-01,11085.5400390625,11217.41015625,11051.6298828125,11217.41015625,10972.0400390625,0.0,0.0,0.02236321744305858,0.02236321744305858,0.022116827314632506,PASS,2026-04-08T12:05:22Z,D20260408.01
HSCEI,HK,index,2021-04-07,11281.1396484375,11281.1396484375,11039.4599609375,11070.580078125,11217.41015625,0.0,0.0,-0.013089481090534094,-0.013089481090534094,-0.013175903324686029,PASS,2026-04-08T12:05:22Z,D20260408.01
HSCEI,HK,index,2021-04-08,11008.6201171875,11129.4296875,10989.3203125,11109.48046875,11070.580078125,0.0,0.0,0.0035138529643867766,0.0035138529643867766,0.0035076938070908643,PASS,2026-04-08T12:05:22Z,D20260408.01
HSCEI,HK,index,2021-04-09,11144.2001953125,11144.2001953125,10925.259765625,10977.3701171875,11109.48046875,0.0,0.0,-0.01189167683710457,-0.01189167683710457,-0.01196294841532483,PASS,2026-04-08T12:05:22Z,D20260408.01
HSCEI,HK,index,2021-04-12,11024.3603515625,11024.3603515625,10813.919921875,10874.830078125,10977.3701171875,0.0,0.0,-0.009341038697597615,-0.009341038697597615,-0.009384939801389462,PASS,2026-04-08T12:05:22Z,D20260408.01
HSCEI,HK,index,2021-04-13,10903.8603515625,11005.01953125,10832.7197265625,10850.5302734375,10874.830078125,0.0,0.0,-0.0022344997129085664,-0.0022344997129085664,-0.002236999932579845,PASS,2026-04-08T12:05:22Z,D20260408.01
HSCEI,HK,index,2021-04-14,10990.3095703125,11056.2001953125,10938.3203125,10999.2998046875,10850.5302734375,0.0,0.0,0.013710807444516693,0.013710807444516693,0.013617664732946651,PASS,2026-04-08T12:05:22Z,D20260408.01
HSCEI,HK,index,2021-04-15,10984.5498046875,10984.5498046875,10792.6298828125,10905.8896484375,10999.2998046875,0.0,0.0,-0.008492372960885342,-0.008492372960885342,-0.008528638627148113,PASS,2026-04-08T12:05:22Z,D20260408.01
HSCEI,HK,index,2021-04-16,10916.669921875,11049.6396484375,10891.0703125,11027.509765625,10905.8896484375,0.0,0.0,0.01115178322063115,0.01115178322063115,0.011090060540836368,PASS,2026-04-08T12:05:22Z,D20260408.01
HSCEI,HK,index,2021-04-19,11008.2900390625,11153.099609375,10930.330078125,11092.9501953125,11027.509765625,0.0,0.0,0.00593428898077164,0.00593428898077164,0.005916750439561094,PASS,2026-04-08T12:05:22Z,D20260408.01
HSCEI,HK,index,2021-04-20,11014.1796875,11124.900390625,10994.3701171875,11085.8701171875,11092.9501953125,0.0,0.0,-0.0006382502400481549,-0.0006382502400481549,-0.0006384540084407124,PASS,2026-04-08T12:05:22Z,D20260408.01
HSCEI,HK,index,2021-04-21,10925.4599609375,10965.08984375,10850.6103515625,10888.51953125,11085.8701171875,0.0,0.0,-0.01780199333487842,-0.01780199333487842,-0.01796235483830531,PASS,2026-04-08T12:05:22Z,D20260408.01
HSCEI,HK,index,2021-04-22,10923.2197265625,10976.4296875,10871.0595703125,10939.1201171875,10888.51953125,0.0,0.0,0.004647150220218332,0.004647150220218332,0.00463638555476203,PASS,2026-04-08T12:05:22Z,D20260408.01
HSCEI,HK,index,2021-04-23,10961.509765625,11084.2197265625,10935.8896484375,11067.83984375,10939.1201171875,0.0,0.0,0.011766917739595595,0.011766917739595595,0.011698225898774072,PASS,2026-04-08T12:05:22Z,D20260408.01
HSCEI,HK,index,2021-04-26,11087.650390625,11118.2001953125,10955.7099609375,10981.3095703125,11067.83984375,0.0,0.0,-0.007818171807605578,-0.007818171807605578,-0.00784889394487294,PASS,2026-04-08T12:05:22Z,D20260408.01
HSCEI,HK,index,2021-04-27,10961.080078125,11030.6396484375,10907.6298828125,10983.4599609375,10981.3095703125,0.0,0.0,0.0001958227851817096,0.0001958227851817096,0.00019580361440278747,PASS,2026-04-08T12:05:22Z,D20260408.01
HSCEI,HK,index,2021-04-28,10985.509765625,11024.6904296875,10958.98046875,11014.6904296875,10983.4599609375,0.0,0.0,0.002843408985972573,0.002843408985972573,0.002839374145300401,PASS,2026-04-08T12:05:22Z,D20260408.01
HSCEI,HK,index,2021-04-29,11095.330078125,11119.7099609375,11020.1396484375,11049.8798828125,11014.6904296875,0.0,0.0,0.003194774592135241,0.003194774592135241,0.0031896821430565762,PASS,2026-04-08T12:05:22Z,D20260408.01
HSCEI,HK,index,2021-04-30,10971.6796875,10980.08984375,10810.7998046875,10825.25,11049.8798828125,0.0,0.0,-0.02032871716206619,-0.02032871716206619,-0.020538189260871902,PASS,2026-04-08T12:05:22Z,D20260408.01
HSCEI,HK,index,2021-05-03,10805.08984375,10814.2900390625,10672.0400390625,10713.0,10825.25,0.0,0.0,-0.0103692755363618,-0.0103692755363618,-0.010423411029676016,PASS,2026-04-08T12:05:22Z,D20260408.01
HSCEI,HK,index,2021-05-04,10715.509765625,10775.1796875,10689.8701171875,10765.7197265625,10713.0,0.0,0.0,0.004921098344301322,0.004921098344301322,0.004909029318889637,PASS,2026-04-08T12:05:22Z,D20260408.01
HSCEI,HK,index,2021-05-05,10707.509765625,10825.0400390625,10682.9599609375,10721.8701171875,10765.7197265625,0.0,0.0,-0.004073077368604405,-0.004073077368604405,-0.004081394941323902,PASS,2026-04-08T12:05:22Z,D20260408.01
HSCEI,HK,index,2021-05-06,10802.150390625,10838.6201171875,10680.3603515625,10756.3701171875,10721.8701171875,0.0,0.0,0.0032177222464853106,0.0032177222464853106,0.003212556456675762,PASS,2026-04-08T12:05:22Z,D20260408.01
HSCEI,HK,index,2021-05-07,10796.1298828125,10829.259765625,10666.099609375,10699.0,10756.3701171875,0.0,0.0,-0.00533359456419491,-0.00533359456419491,-0.005347868958193009,PASS,2026-04-08T12:05:22Z,D20260408.01
HSCEI,HK,index,2021-05-10,10766.3896484375,10777.349609375,10604.849609375,10651.0703125,10699.0,0.0,0.0,-0.004479828722310453,-0.004479828722310453,-0.004489893224412975,PASS,2026-04-08T12:05:22Z,D20260408.01
HSCEI,HK,index,2021-05-11,10496.900390625,10496.900390625,10357.1201171875,10431.5498046875,10651.0703125,0.0,0.0,-0.020610182955498213,-0.020610182955498213,-0.02082553690448098,PASS,2026-04-08T12:05:22Z,D20260408.01
HSCEI,HK,index,2021-05-12,10495.919921875,10557.75,10449.900390625,10556.5703125,10431.5498046875,0.0,0.0,0.011984845028139679,0.011984845028139679,0.011913595484506666,PASS,2026-04-08T12:05:22Z,D20260408.01
HSCEI,HK,index,2021-05-13,10415.4599609375,10472.4599609375,10339.990234375,10339.990234375,10556.5703125,0.0,0.0,-0.02051614034802085,-0.02051614034802085,-0.020729519883405673,PASS,2026-04-08T12:05:22Z,D20260408.01
HSCEI,HK,index,2021-05-14,10358.16015625,10424.5302734375,10279.4697265625,10404.9501953125,10339.990234375,0.0,0.0,0.006282400608227157,0.006282400608227157,0.006262748594461062,PASS,2026-04-08T12:05:22Z,D20260408.01
HSCEI,HK,index,2021-05-17,10451.740234375,10524.8203125,10440.23046875,10503.83984375,10404.9501953125,0.0,0.0,0.009504096279293162,0.009504096279293162,0.009459216493372653,PASS,2026-04-08T12:05:22Z,D20260408.01
HSCEI,HK,index,2021-05-18,10601.51953125,10658.58984375,10593.669921875,10654.2998046875,10503.83984375,0.0,0.0,0.014324281707991382,0.014324281707991382,0.01422265848820057,PASS,2026-04-08T12:05:22Z,D20260408.01
HSCEI,HK,index,2021-05-20,10578.1201171875,10656.330078125,10559.75,10642.7998046875,10654.2998046875,0.0,0.0,-0.0010793764218030022,-0.0010793764218030022,-0.0010799593680496833,PASS,2026-04-08T12:05:22Z,D20260408.01
HSCEI,HK,index,2021-05-21,10720.7099609375,10732.1396484375,10637.8203125,10702.5703125,10642.7998046875,0.0,0.0,0.0056160511246461375,0.0056160511246461375,0.005600339905421667,PASS,2026-04-08T12:05:22Z,D20260408.01
HSCEI,HK,index,2021-05-24,10649.1103515625,10670.3203125,10554.259765625,10641.400390625,10702.5703125,0.0,0.0,-0.005715442187149811,-0.005715442187149811,-0.005731837828921317,PASS,2026-04-08T12:05:22Z,D20260408.01
HSCEI,HK,index,2021-05-25,10661.8701171875,10796.2099609375,10641.330078125,10792.6298828125,10641.400390625,0.0,0.0,0.014211427691484202,0.014211427691484202,0.014111392005583884,PASS,2026-04-08T12:05:22Z,D20260408.01
HSCEI,HK,index,2021-05-26,10838.669921875,10881.6103515625,10810.8798828125,10855.580078125,10792.6298828125,0.0,0.0,0.005832702130622369,0.005832702130622369,0.005815757779193907,PASS,2026-04-08T12:05:22Z,D20260408.01
HSCEI,HK,index,2021-05-27,10812.7099609375,10848.5703125,10775.4501953125,10848.349609375,10855.580078125,0.0,0.0,-0.0006660600997794308,-0.0006660600997794308,-0.0006662820163530114,PASS,2026-04-08T12:05:22Z,D20260408.01
HSCEI,HK,index,2021-05-28,10875.26953125,10914.8896484375,10765.8203125,10793.5498046875,10848.349609375,0.0,0.0,-0.00505144161653337,-0.00505144161653337,-0.005064243277160366,PASS,2026-04-08T12:05:22Z,D20260408.01
HSCEI,HK,index,2021-05-31,10862.8798828125,10889.1201171875,10760.7099609375,10889.1201171875,10793.5498046875,0.0,0.0,0.008854391208580337,0.008854391208580337,0.008815420956374772,PASS,2026-04-08T12:05:22Z,D20260408.01
HSCEI,HK,index,2021-06-01,10888.6396484375,10990.98046875,10852.349609375,10990.75,10889.1201171875,0.0,0.0,0.00933315839285176,0.00933315839285176,0.009289873584275543,PASS,2026-04-08T12:05:22Z,D20260408.01
HSCEI,HK,index,2021-06-02,11009.25,11036.9697265625,10916.51953125,10951.83984375,10990.75,0.0,0.0,-0.0035402639719764872,-0.0035402639719764872,-0.0035465455364518794,PASS,2026-04-08T12:05:22Z,D20260408.01
HSCEI,HK,index,2021-06-03,10953.6298828125,10990.6298828125,10806.080078125,10826.7802734375,10951.83984375,0.0,0.0,-0.011419046671310551,-0.011419046671310551,-0.011484744602088589,PASS,2026-04-08T12:05:22Z,D20260408.01
HSCEI,HK,index,2021-06-04,10764.08984375,10849.0703125,10741.099609375,10805.6396484375,10826.7802734375,0.0,0.0,-0.0019526234453900448,-0.0019526234453900448,-0.001954532299803796,PASS,2026-04-08T12:05:22Z,D20260408.01
HSCEI,HK,index,2021-06-07,10831.98046875,10842.7001953125,10692.4404296875,10748.2001953125,10805.6396484375,0.0,0.0,-0.005315692082449308,-0.005315692082449308,-0.005329870641831881,PASS,2026-04-08T12:05:22Z,D20260408.01
HSCEI,HK,index,2021-06-08,10795.3701171875,10823.01953125,10672.3095703125,10729.51953125,10748.2001953125,0.0,0.0,-0.0017380271787872381,-0.0017380271787872381,-0.0017395393003505875,PASS,2026-04-08T12:05:22Z,D20260408.01
HSCEI,HK,index,2021-06-09,10715.6298828125,10750.3603515625,10681.6298828125,10704.75,10729.51953125,0.0,0.0,-0.002308540580764906,-0.002308540580764906,-0.0023112093686993946,PASS,2026-04-08T12:05:22Z,D20260408.01
HSCEI,HK,index,2021-06-10,10730.8798828125,10800.2802734375,10681.58984375,10716.2802734375,10704.75,0.0,0.0,0.001077117488731627,0.001077117488731627,0.00107653781390395,PASS,2026-04-08T12:05:22Z,D20260408.01
HSCEI,HK,index,2021-06-11,10766.9599609375,10791.4404296875,10698.0595703125,10750.9501953125,10716.2802734375,0.0,0.0,0.003235257103244793,0.003235257103244793,0.0032300349193563195,PASS,2026-04-08T12:05:22Z,D20260408.01
HSCEI,HK,index,2021-06-15,10784.9599609375,10785.6298828125,10569.599609375,10668.9296875,10750.9501953125,0.0,0.0,-0.0076291403385220224,-0.0076291403385220224,-0.007658391096737765,PASS,2026-04-08T12:05:22Z,D20260408.01
HSCEI,HK,index,2021-06-16,10632.259765625,10649.419921875,10547.1396484375,10562.9697265625,10668.9296875,0.0,0.0,-0.009931639259151304,-0.009931639259151304,-0.009981286984046975,PASS,2026-04-08T12:05:22Z,D20260408.01
HSCEI,HK,index,2021-06-17,10481.0,10591.98046875,10471.5302734375,10589.669921875,10562.9697265625,0.0,0.0,0.0025277167315322924,0.0025277167315322924,0.0025245274289000448,PASS,2026-04-08T12:05:22Z,D20260408.01
HSCEI,HK,index,2021-06-18,10624.2900390625,10694.7197265625,10585.150390625,10646.3896484375,10589.669921875,0.0,0.0,0.005356137347145573,0.005356137347145573,0.005341844257955385,PASS,2026-04-08T12:05:22Z,D20260408.01
HSCEI,HK,index,2021-06-21,10546.4501953125,10601.48046875,10483.6298828125,10547.8603515625,10646.3896484375,0.0,0.0,-0.009254714520941842,-0.009254714520941842,-0.009297805460327447,PASS,2026-04-08T12:05:22Z,D20260408.01
HSCEI,HK,index,2021-06-22,10568.330078125,10568.4501953125,10469.7998046875,10469.7998046875,10547.8603515625,0.0,0.0,-0.007400604887932261,-0.007400604887932261,-0.00742812522645587,PASS,2026-04-08T12:05:22Z,D20260408.01
HSCEI,HK,index,2021-06-23,10522.3203125,10693.08984375,10522.3203125,10673.91015625,10469.7998046875,0.0,0.0,0.01949515323789819,0.01949515323789819,0.019307556963100873,PASS,2026-04-08T12:05:22Z,D20260408.01
HSCEI,HK,index,2021-06-24,10688.490234375,10730.98046875,10649.1298828125,10677.3095703125,10673.91015625,0.0,0.0,0.00031847879668633894,0.00031847879668633894,0.00031842809307943304,PASS,2026-04-08T12:05:22Z,D20260408.01
HSCEI,HK,index,2021-06-25,10726.8095703125,10890.66015625,10720.33984375,10878.4501953125,10677.3095703125,0.0,0.0,0.018838137423612622,0.018838137423612622,0.018662897093147772,PASS,2026-04-08T12:05:22Z,D20260408.01
HSCEI,HK,index,2021-06-28,10904.1201171875,10905.3603515625,10823.740234375,10863.5703125,10878.4501953125,0.0,0.0,-0.0013678311290069578,-0.0013678311290069578,-0.0013687674639351352,PASS,2026-04-08T12:05:22Z,D20260408.01
HSCEI,HK,index,2021-06-29,10874.23046875,10875.7099609375,10720.830078125,10757.2998046875,10863.5703125,0.0,0.0,-0.009782281952943395,-0.009782281952943395,-0.009830442812499262,PASS,2026-04-08T12:05:22Z,D20260408.01
HSCEI,HK,index,2021-06-30,10807.099609375,10812.73046875,10660.5,10663.3896484375,10757.2998046875,0.0,0.0,-0.008729900435523685,-0.008729900435523685,-0.008768229250532271,PASS,2026-04-08T12:05:22Z,D20260408.01
HSCEI,HK,index,2021-07-02,10662.2001953125,10662.2001953125,10389.9501953125,10415.580078125,10663.3896484375,0.0,0.0,-0.02323928680115439,-0.02323928680115439,-0.02351357689738582,PASS,2026-04-08T12:05:22Z,D20260408.01
HSCEI,HK,index,2021-07-05,10339.849609375,10394.5302734375,10249.9501953125,10274.1796875,10415.580078125,0.0,0.0,-0.013575853631231927,-0.013575853631231927,-0.013668848144543113,PASS,2026-04-08T12:05:22Z,D20260408.01
HSCEI,HK,index,2021-07-06,10271.9296875,10296.76953125,10188.91015625,10269.599609375,10274.1796875,0.0,0.0,-0.0004457852854736766,-0.0004457852854736766,-0.00044588467727341445,PASS,2026-04-08T12:05:22Z,D20260408.01
HSCEI,HK,index,2021-07-07,10142.7099609375,10159.9296875,10082.1396484375,10149.83984375,10269.599609375,0.0,0.0,-0.01166158079967139,-0.01166158079967139,-0.011730110329136295,PASS,2026-04-08T12:05:22Z,D20260408.01
HSCEI,HK,index,2021-07-08,10092.91015625,10106.66015625,9804.259765625,9822.5595703125,10149.83984375,0.0,0.0,-0.032244870704933426,-0.032244870704933426,-0.03277618931102549,PASS,2026-04-08T12:05:22Z,D20260408.01
HSCEI,HK,index,2021-07-09,9810.5302734375,9917.7802734375,9682.349609375,9885.419921875,9822.5595703125,0.0,0.0,0.006399589751788115,0.006399589751788115,0.006379199324635706,PASS,2026-04-08T12:05:22Z,D20260408.01
HSCEI,HK,index,2021-07-12,10010.23046875,10046.2197265625,9912.490234375,9945.73046875,9885.419921875,0.0,0.0,0.00610095952945211,0.00610095952945211,0.006082424027223245,PASS,2026-04-08T12:05:22Z,D20260408.01
HSCEI,HK,index,2021-07-13,9995.7099609375,10163.2099609375,9964.0,10113.3203125,9945.73046875,0.0,0.0,0.016850430873486477,0.016850430873486477,0.01671003729643321,PASS,2026-04-08T12:05:22Z,D20260408.01
HSCEI,HK,index,2021-07-14,10109.3798828125,10110.599609375,10027.1396484375,10065.0703125,10113.3203125,0.0,0.0,-0.004770935608591653,-0.004770935608591653,-0.004782352850306828,PASS,2026-04-08T12:05:22Z,D20260408.01
HSCEI,HK,index,2021-07-15,10057.7001953125,10226.2900390625,10044.76953125,10174.26953125,10065.0703125,0.0,0.0,0.010849324978324582,0.010849324978324582,0.010790893301673144,PASS,2026-04-08T12:05:22Z,D20260408.01
HSCEI,HK,index,2021-07-16,10175.7197265625,10224.740234375,10120.7900390625,10152.9501953125,10174.26953125,0.0,0.0,-0.002095416862313182,-0.002095416862313182,-0.0020976153198868698,PASS,2026-04-08T12:05:22Z,D20260408.01
HSCEI,HK,index,2021-07-19,10058.9404296875,10058.9404296875,9913.2099609375,9958.5595703125,10152.9501953125,0.0,0.0,-0.019146220680738457,-0.019146220680738457,-0.01933188320791945,PASS,2026-04-08T12:05:22Z,D20260408.01
HSCEI,HK,index,2021-07-20,9939.9697265625,9978.7197265625,9798.7802734375,9864.5703125,9958.5595703125,0.0,0.0,-0.009438037413833644,-0.009438037413833644,-0.009482857923638191,PASS,2026-04-08T12:05:22Z,D20260408.01
HSCEI,HK,index,2021-07-21,9914.2802734375,9937.23046875,9756.580078125,9831.01953125,9864.5703125,0.0,0.0,-0.0034011396530354565,-0.0034011396530354565,-0.003406936676561818,PASS,2026-04-08T12:05:22Z,D20260408.01
HSCEI,HK,index,2021-07-22,9919.0302734375,10014.33984375,9913.3203125,10006.5703125,9831.01953125,0.0,0.0,0.017856823566668067,0.017856823566668067,0.017699263410464204,PASS,2026-04-08T12:05:22Z,D20260408.01
HSCEI,HK,index,2021-07-23,10023.66015625,10027.0302734375,9810.080078125,9839.0498046875,10006.5703125,0.0,0.0,-0.01674105138733062,-0.01674105138733062,-0.016882766656286057,PASS,2026-04-08T12:05:22Z,D20260408.01
HSCEI,HK,index,2021-07-26,9646.3095703125,9646.3095703125,9343.6396484375,9355.240234375,9839.0498046875,0.0,0.0,-0.049172387569580644,-0.049172387569580644,-0.05042250265735479,PASS,2026-04-08T12:05:22Z,D20260408.01
HSCEI,HK,index,2021-07-27,9268.2802734375,9376.08984375,8721.0,8879.580078125,9355.240234375,0.0,0.0,-0.05084424817892208,-0.05084424817892208,-0.0521823717933657,PASS,2026-04-08T12:05:22Z,D20260408.01
HSCEI,HK,index,2021-07-28,9012.650390625,9095.919921875,8838.48046875,9071.099609375,8879.580078125,0.0,0.0,0.021568534724047517,0.021568534724047517,0.021339225265824803,PASS,2026-04-08T12:05:22Z,D20260408.01
HSCEI,HK,index,2021-07-29,9375.4599609375,9440.83984375,9259.08984375,9415.6904296875,9071.099609375,0.0,0.0,0.0379877672114155,0.0379877672114155,0.037283999714153034,PASS,2026-04-08T12:05:22Z,D20260408.01
HSCEI,HK,index,2021-07-30,9287.150390625,9301.740234375,9091.509765625,9233.2197265625,9415.6904296875,0.0,0.0,-0.019379428889215955,-0.019379428889215955,-0.01956967189939557,PASS,2026-04-08T12:05:22Z,D20260408.01
HSCEI,HK,index,2021-08-02,9258.26953125,9361.51953125,9112.9404296875,9336.599609375,9233.2197265625,0.0,0.0,0.011196514961632875,0.011196514961632875,0.011134297966258314,PASS,2026-04-08T12:05:22Z,D20260408.01
HSCEI,HK,index,2021-08-03,9396.7802734375,9396.7802734375,9148.0,9320.3798828125,9336.599609375,0.0,0.0,-0.0017372198917273707,-0.0017372198917273707,-0.0017387306080880118,PASS,2026-04-08T12:05:22Z,D20260408.01
HSCEI,HK,index,2021-08-04,9299.1298828125,9508.8896484375,9232.25,9419.25,9320.3798828125,0.0,0.0,0.010607949292906316,0.010607949292906316,0.010552079758950643,PASS,2026-04-08T12:05:22Z,D20260408.01
HSCEI,HK,index,2021-08-05,9402.599609375,9465.8798828125,9267.1796875,9296.4296875,9419.25,0.0,0.0,-0.013039287894471396,-0.013039287894471396,-0.013125045705116078,PASS,2026-04-08T12:05:22Z,D20260408.01
HSCEI,HK,index,2021-08-06,9305.5498046875,9308.2001953125,9191.8896484375,9273.5498046875,9296.4296875,0.0,0.0,-0.0024611472986521,-0.0024611472986521,-0.0024641809001138167,PASS,2026-04-08T12:05:22Z,D20260408.01
HSCEI,HK,index,2021-08-09,9162.6201171875,9405.4296875,9136.6201171875,9313.9697265625,9273.5498046875,0.0,0.0,0.004358624553304269,0.004358624553304269,0.004349153260539022,PASS,2026-04-08T12:05:22Z,D20260408.01
HSCEI,HK,index,2021-08-10,9394.1298828125,9500.6396484375,9297.7197265625,9499.1796875,9313.9697265625,0.0,0.0,0.01988517961458469,0.01988517961458469,0.019690051954504587,PASS,2026-04-08T12:05:22Z,D20260408.01
HSCEI,HK,index,2021-08-11,9449.0400390625,9617.5498046875,9435.830078125,9548.1298828125,9499.1796875,0.0,0.0,0.005153097101312287,0.005153097101312287,0.0051398653333679075,PASS,2026-04-08T12:05:22Z,D20260408.01
HSCEI,HK,index,2021-08-12,9524.4296875,9558.3603515625,9411.669921875,9465.4599609375,9548.1298828125,0.0,0.0,-0.008658231809750894,-0.008658231809750894,-0.008695932068244976,PASS,2026-04-08T12:05:22Z,D20260408.01
HSCEI,HK,index,2021-08-13,9374.7802734375,9450.9599609375,9308.6201171875,9377.7900390625,9465.4599609375,0.0,0.0,-0.009262087868608604,-0.009262087868608604,-0.009305247711339908,PASS,2026-04-08T12:05:22Z,D20260408.01
HSCEI,HK,index,2021-08-16,9374.5400390625,9397.9404296875,9225.3095703125,9265.240234375,9377.7900390625,0.0,0.0,-0.012001740731950927,-0.012001740731950927,-0.012074343110265598,PASS,2026-04-08T12:05:22Z,D20260408.01
HSCEI,HK,index,2021-08-17,9228.400390625,9279.0400390625,9003.3095703125,9057.8798828125,9265.240234375,0.0,0.0,-0.0223804614146077,-0.0223804614146077,-0.02263470448650922,PASS,2026-04-08T12:05:22Z,D20260408.01
HSCEI,HK,index,2021-08-18,9072.7197265625,9212.66015625,9044.91015625,9150.3603515625,9057.8798828125,0.0,0.0,0.010209946471633424,0.010209946471633424,0.010158177045348169,PASS,2026-04-08T12:05:22Z,D20260408.01
HSCEI,HK,index,2021-08-19,9141.2001953125,9169.8896484375,8870.33984375,8916.01953125,9150.3603515625,0.0,0.0,-0.025610010022445118,-0.025610010022445118,-0.025943655090812773,PASS,2026-04-08T12:05:22Z,D20260408.01
HSCEI,HK,index,2021-08-20,8894.9404296875,8903.2998046875,8644.6396484375,8742.4404296875,8916.01953125,0.0,0.0,-0.019468228053350245,-0.019468228053350245,-0.019660230049566133,PASS,2026-04-08T12:05:22Z,D20260408.01
HSCEI,HK,index,2021-08-23,8863.1904296875,8994.8701171875,8787.3798828125,8815.5595703125,8742.4404296875,0.0,0.0,0.008363699039538597,0.008363699039538597,0.008328917111210749,PASS,2026-04-08T12:05:22Z,D20260408.01
HSCEI,HK,index,2021-08-24,8938.3896484375,9098.6796875,8920.5400390625,9098.6796875,8815.5595703125,0.0,0.0,0.032115955309398814,0.032115955309398814,0.031611020543411,PASS,2026-04-08T12:05:22Z,D20260408.01
HSCEI,HK,index,2021-08-25,9190.740234375,9223.9404296875,9019.8095703125,9076.0302734375,9098.6796875,0.0,0.0,-0.0024893077721612755,-0.0024893077721612755,-0.0024924112501646424,PASS,2026-04-08T12:05:22Z,D20260408.01
HSCEI,HK,index,2021-08-26,9082.91015625,9086.009765625,8877.0595703125,8937.2900390625,9076.0302734375,0.0,0.0,-0.01528644464541351,-0.01528644464541351,-0.0154044868491423,PASS,2026-04-08T12:05:22Z,D20260408.01
HSCEI,HK,index,2021-08-27,8922.0595703125,9069.669921875,8913.759765625,8957.8095703125,8937.2900390625,0.0,0.0,0.002295945545049305,0.002295945545049305,0.002293313889398686,PASS,2026-04-08T12:05:22Z,D20260408.01
HSCEI,HK,index,2021-08-30,8957.900390625,9005.5498046875,8893.8798828125,8995.8203125,8957.8095703125,0.0,0.0,0.004243307684667963,0.004243307684667963,0.004234330241689769,PASS,2026-04-08T12:05:22Z,D20260408.01
HSCEI,HK,index,2021-08-31,8995.91015625,9183.759765625,8847.1201171875,9183.759765625,8995.8203125,0.0,0.0,0.020891863843017333,0.020891863843017333,0.020676621568575883,PASS,2026-04-08T12:05:22Z,D20260408.01
HSCEI,HK,index,2021-09-01,9179.7802734375,9342.5498046875,9135.5,9271.3203125,9183.759765625,0.0,0.0,0.009534281068930062,0.009534281068930062,0.009489116657706125,PASS,2026-04-08T12:05:22Z,D20260408.01
HSCEI,HK,index,2021-09-02,9381.2099609375,9434.080078125,9288.1298828125,9341.2998046875,9271.3203125,0.0,0.0,0.0075479532395348325,0.0075479532395348325,0.007519609973562964,PASS,2026-04-08T12:05:22Z,D20260408.01
HSCEI,HK,index,2021-09-03,9319.6298828125,9327.9296875,9223.91015625,9291.7099609375,9341.2998046875,0.0,0.0,-0.005308666329830847,-0.005308666329830847,-0.005322807367836142,PASS,2026-04-08T12:05:22Z,D20260408.01
HSCEI,HK,index,2021-09-06,9260.76953125,9377.5703125,9260.76953125,9371.150390625,9291.7099609375,0.0,0.0,0.008549602820306257,0.008549602820306257,0.008513261952531095,PASS,2026-04-08T12:05:22Z,D20260408.01
HSCEI,HK,index,2021-09-07,9386.3896484375,9504.5498046875,9370.76953125,9468.2197265625,9371.150390625,0.0,0.0,0.010358315883459701,0.010358315883459701,0.010305036139254759,PASS,2026-04-08T12:05:22Z,D20260408.01
HSCEI,HK,index,2021-09-08,9494.400390625,9551.3798828125,9403.8603515625,9449.3896484375,9468.2197265625,0.0,0.0,-0.0019887664913577074,-0.0019887664913577074,-0.001990746713337943,PASS,2026-04-08T12:05:22Z,D20260408.01
HSCEI,HK,index,2021-09-09,9339.919921875,9343.9501953125,9149.0703125,9183.580078125,9449.3896484375,0.0,0.0,-0.02812981369187717,-0.02812981369187717,-0.028533036621661755,PASS,2026-04-08T12:05:22Z,D20260408.01
HSCEI,HK,index,2021-09-10,9241.9501953125,9394.599609375,9241.9501953125,9386.83984375,9183.580078125,0.0,0.0,0.022132955110736985,0.022132955110736985,0.02189157638348739,PASS,2026-04-08T12:05:22Z,D20260408.01
HSCEI,HK,index,2021-09-13,9258.1796875,9258.1796875,9140.6904296875,9238.990234375,9386.83984375,0.0,0.0,-0.015750733136609574,-0.015750733136609574,-0.01587609402685263,PASS,2026-04-08T12:05:22Z,D20260408.01
HSCEI,HK,index,2021-09-14,9245.990234375,9278.4501953125,9029.25,9081.73046875,9238.990234375,0.0,0.0,-0.01702131527749562,-0.01702131527749562,-0.017167842973931,PASS,2026-04-08T12:05:22Z,D20260408.01
HSCEI,HK,index,2021-09-15,9013.2099609375,9082.26953125,8909.7802734375,8936.5302734375,9081.73046875,0.0,0.0,-0.015988163909084308,-0.015988163909084308,-0.01611735345454748,PASS,2026-04-08T12:05:22Z,D20260408.01
HSCEI,HK,index,2021-09-16,8944.259765625,8944.259765625,8733.240234375,8805.7998046875,8936.5302734375,0.0,0.0,-0.014628772549294289,-0.014628772549294289,-0.014736828151110529,PASS,2026-04-08T12:05:22Z,D20260408.01
HSCEI,HK,index,2021-09-17,8791.9404296875,8940.4697265625,8726.7998046875,8940.4697265625,8805.7998046875,0.0,0.0,0.01529332086374624,0.01529332086374624,0.015177556817974905,PASS,2026-04-08T12:05:22Z,D20260408.01
HSCEI,HK,index,2021-09-20,8828.169921875,8828.169921875,8523.4296875,8638.5498046875,8940.4697265625,0.0,0.0,-0.03377002899277026,-0.03377002899277026,-0.034353407877772545,PASS,2026-04-08T12:05:22Z,D20260408.01
HSCEI,HK,index,2021-09-21,8527.9296875,8676.4501953125,8492.41015625,8640.3701171875,8638.5498046875,0.0,0.0,0.00021071968572927702,0.00021071968572927702,0.0002106974874546543,PASS,2026-04-08T12:05:22Z,D20260408.01
HSCEI,HK,index,2021-09-23,8792.25,8912.8701171875,8679.3095703125,8733.73046875,8640.3701171875,0.0,0.0,0.01080513337927358,0.01080513337927358,0.010747175050143708,PASS,2026-04-08T12:05:22Z,D20260408.01
HSCEI,HK,index,2021-09-24,8714.0,8776.33984375,8557.419921875,8604.990234375,8733.73046875,0.0,0.0,-0.014740577904899022,-0.014740577904899022,-0.014850299801163742,PASS,2026-04-08T12:05:22Z,D20260408.01
HSCEI,HK,index,2021-09-27,8587.0,8715.259765625,8555.26953125,8583.8203125,8604.990234375,0.0,0.0,-0.002460191272551482,-0.002460191272551482,-0.0024632225157462215,PASS,2026-04-08T12:05:22Z,D20260408.01
HSCEI,HK,index,2021-09-28,8616.150390625,8797.1796875,8597.849609375,8720.2998046875,8583.8203125,0.0,0.0,0.015899621289690247,0.015899621289690247,0.015774546332233616,PASS,2026-04-08T12:05:22Z,D20260408.01
HSCEI,HK,index,2021-09-29,8630.830078125,8766.6904296875,8536.08984375,8760.4404296875,8720.2998046875,0.0,0.0,0.004603124422215776,0.004603124422215776,0.004592562444654519,PASS,2026-04-08T12:05:22Z,D20260408.01
HSCEI,HK,index,2021-09-30,8663.4697265625,8760.98046875,8609.83984375,8726.3798828125,8760.4404296875,0.0,0.0,-0.003887994804413597,-0.003887994804413597,-0.0038955727044810914,PASS,2026-04-08T12:05:22Z,D20260408.01
HSCEI,HK,index,2021-10-04,8668.7802734375,8668.7802734375,8476.66015625,8521.1904296875,8726.3798828125,0.0,0.0,-0.02351369707490525,-0.02351369707490525,-0.023794555466190467,PASS,2026-04-08T12:05:22Z,D20260408.01
HSCEI,HK,index,2021-10-05,8405.66015625,8545.6298828125,8359.2001953125,8515.5498046875,8521.1904296875,0.0,0.0,-0.0006619526985746083,-0.0006619526985746083,-0.0006621718859953241,PASS,2026-04-08T12:05:22Z,D20260408.01
HSCEI,HK,index,2021-10-06,8565.990234375,8567.8603515625,8372.919921875,8412.7197265625,8515.5498046875,0.0,0.0,-0.012075565346161832,-0.012075565346161832,-0.012149067303142523,PASS,2026-04-08T12:05:22Z,D20260408.01
HSCEI,HK,index,2021-10-07,8551.3203125,8734.849609375,8543.6103515625,8713.0498046875,8412.7197265625,0.0,0.0,0.035699522614158985,0.035699522614158985,0.03507706568197192,PASS,2026-04-08T12:05:22Z,D20260408.01
HSCEI,HK,index,2021-10-08,8838.7998046875,8838.7998046875,8676.51953125,8775.650390625,8713.0498046875,0.0,0.0,0.007184692770127565,0.007184692770127565,0.007159005826840941,PASS,2026-04-08T12:05:22Z,D20260408.01
HSCEI,HK,index,2021-10-11,8898.669921875,9043.5703125,8898.669921875,8999.259765625,8775.650390625,0.0,0.0,0.025480661266870985,0.025480661266870985,0.025161440494730385,PASS,2026-04-08T12:05:22Z,D20260408.01
HSCEI,HK,index,2021-10-12,8855.2802734375,8946.509765625,8814.4599609375,8849.169921875,8999.259765625,0.0,0.0,-0.016678021043831537,-0.016678021043831537,-0.016818665207281782,PASS,2026-04-08T12:05:22Z,D20260408.01
HSCEI,HK,index,2021-10-15,8916.580078125,8966.169921875,8832.25,8966.169921875,8849.169921875,0.0,0.0,0.013221579089670144,0.013221579089670144,0.013134936875227309,PASS,2026-04-08T12:05:22Z,D20260408.01
HSCEI,HK,index,2021-10-18,8992.83984375,8992.83984375,8851.8701171875,8971.400390625,8966.169921875,0.0,0.0,0.0005833559697814295,0.0005833559697814295,0.0005831858838315779,PASS,2026-04-08T12:05:22Z,D20260408.01
HSCEI,HK,index,2021-10-19,8989.7802734375,9136.0703125,8983.4599609375,9136.0703125,8971.400390625,0.0,0.0,0.01835498525370438,0.01835498525370438,0.018188565844344046,PASS,2026-04-08T12:05:22Z,D20260408.01
HSCEI,HK,index,2021-10-20,9229.900390625,9311.259765625,9195.66015625,9276.6904296875,9136.0703125,0.0,0.0,0.015391750761276857,0.015391750761276857,0.015274499370991198,PASS,2026-04-08T12:05:22Z,D20260408.01
HSCEI,HK,index,2021-10-21,9283.330078125,9361.3701171875,9198.349609375,9273.5703125,9276.6904296875,0.0,0.0,-0.0003363394748535642,-0.0003363394748535642,-0.0003363960496606528,PASS,2026-04-08T12:05:22Z,D20260408.01
HSCEI,HK,index,2021-10-22,9323.66015625,9397.9501953125,9288.330078125,9356.849609375,9273.5703125,0.0,0.0,0.008980284191380639,0.008980284191380639,0.00894020123148695,PASS,2026-04-08T12:05:22Z,D20260408.01
HSCEI,HK,index,2021-10-25,9301.23046875,9370.01953125,9257.8603515625,9322.080078125,9356.849609375,0.0,0.0,-0.00371594422284649,-0.00371594422284649,-0.003722865494940871,PASS,2026-04-08T12:05:22Z,D20260408.01
HSCEI,HK,index,2021-10-26,9356.1201171875,9356.1201171875,9206.8603515625,9259.4296875,9322.080078125,0.0,0.0,-0.00672064497407765,-0.00672064497407765,-0.006743330205229823,PASS,2026-04-08T12:05:22Z,D20260408.01
HSCEI,HK,index,2021-10-27,9149.4296875,9149.4296875,9062.599609375,9093.7998046875,9259.4296875,0.0,0.0,-0.017887698098306926,-0.017887698098306926,-0.018049616777632425,PASS,2026-04-08T12:05:22Z,D20260408.01
HSCEI,HK,index,2021-10-28,9102.8701171875,9144.6904296875,9012.7197265625,9052.7001953125,9093.7998046875,0.0,0.0,-0.004519519921014181,-0.004519519921014181,-0.004529763827852447,PASS,2026-04-08T12:05:22Z,D20260408.01
HSCEI,HK,index,2021-10-29,9020.2001953125,9043.599609375,8952.66015625,8961.73046875,9052.7001953125,0.0,0.0,-0.010048905254766316,-0.010048905254766316,-0.010099736320923142,PASS,2026-04-08T12:05:22Z,D20260408.01
HSCEI,HK,index,2021-11-01,8926.6904296875,8926.6904296875,8827.6103515625,8899.3203125,8961.73046875,0.0,0.0,-0.006964074234058648,-0.006964074234058648,-0.006988436572334509,PASS,2026-04-08T12:05:22Z,D20260408.01
HSCEI,HK,index,2021-11-02,9070.8203125,9091.3798828125,8835.7001953125,8863.830078125,8899.3203125,0.0,0.0,-0.00398797134261486,-0.00398797134261486,-0.003995944505218651,PASS,2026-04-08T12:05:22Z,D20260408.01
HSCEI,HK,index,2021-11-03,8845.58984375,8919.7197265625,8772.76953125,8856.990234375,8863.830078125,0.0,0.0,-0.0007716578149303821,-0.0007716578149303821,-0.0007719556960734532,PASS,2026-04-08T12:05:22Z,D20260408.01
HSCEI,HK,index,2021-11-04,8897.259765625,8953.1201171875,8874.5595703125,8953.1201171875,8856.990234375,0.0,0.0,0.01085356089017786,0.01085356089017786,0.010795083741210916,PASS,2026-04-08T12:05:22Z,D20260408.01
HSCEI,HK,index,2021-11-05,8870.0498046875,8915.990234375,8769.9296875,8820.830078125,8953.1201171875,0.0,0.0,-0.014775858843727563,-0.014775858843727563,-0.014886109223267316,PASS,2026-04-08T12:05:22Z,D20260408.01
HSCEI,HK,index,2021-11-08,8781.23046875,8816.98046875,8741.0,8793.73046875,8820.830078125,0.0,0.0,-0.003072228932536114,-0.003072228932536114,-0.0030769579160067535,PASS,2026-04-08T12:05:22Z,D20260408.01
HSCEI,HK,index,2021-11-09,8872.580078125,8876.73046875,8762.0400390625,8806.01953125,8793.73046875,0.0,0.0,0.0013974800050640113,0.0013974800050640113,0.0013965044386656572,PASS,2026-04-08T12:05:22Z,D20260408.01
HSCEI,HK,index,2021-11-10,8802.9501953125,8918.5595703125,8679.5498046875,8910.98046875,8806.01953125,0.0,0.0,0.011919226062073074,0.011919226062073074,0.011848751535599293,PASS,2026-04-08T12:05:22Z,D20260408.01
HSCEI,HK,index,2021-11-11,8841.58984375,9075.8203125,8835.2099609375,9048.3896484375,8910.98046875,0.0,0.0,0.015420208827679582,0.015420208827679582,0.015302525664878445,PASS,2026-04-08T12:05:22Z,D20260408.01
HSCEI,HK,index,2021-11-12,9186.0703125,9186.0703125,9045.7802734375,9114.3701171875,9048.3896484375,0.0,0.0,0.007291957056844156,0.007291957056844156,0.0072654992794477765,PASS,2026-04-08T12:05:22Z,D20260408.01
HSCEI,HK,index,2021-11-15,9145.490234375,9160.669921875,9028.080078125,9085.599609375,9114.3701171875,0.0,0.0,-0.003156609556402068,-0.003156609556402068,-0.00316160215757797,PASS,2026-04-08T12:05:22Z,D20260408.01
HSCEI,HK,index,2021-11-16,9100.5595703125,9228.169921875,9085.6396484375,9225.8095703125,9085.599609375,0.0,0.0,0.015432108717714499,0.015432108717714499,0.015314244774074367,PASS,2026-04-08T12:05:22Z,D20260408.01
HSCEI,HK,index,2021-11-17,9182.3095703125,9201.0595703125,9139.349609375,9193.2099609375,9225.8095703125,0.0,0.0,-0.0035335228986193012,-0.0035335228986193012,-0.0035397805360090117,PASS,2026-04-08T12:05:22Z,D20260408.01
HSCEI,HK,index,2021-11-18,9075.8603515625,9080.259765625,9001.900390625,9036.0400390625,9193.2099609375,0.0,0.0,-0.017096305049359772,-0.017096305049359772,-0.017244134183085635,PASS,2026-04-08T12:05:22Z,D20260408.01
HSCEI,HK,index,2021-11-19,8908.5,8985.26953125,8865.2197265625,8970.669921875,9036.0400390625,0.0,0.0,-0.007234376663328934,-0.007234376663328934,-0.007260671661547551,PASS,2026-04-08T12:05:22Z,D20260408.01
HSCEI,HK,index,2021-11-22,8981.3798828125,9001.48046875,8899.48046875,8929.7802734375,8970.669921875,0.0,0.0,-0.004558148810914431,-0.004558148810914431,-0.004568568847313445,PASS,2026-04-08T12:05:22Z,D20260408.01
HSCEI,HK,index,2021-11-23,8833.4697265625,8881.7197265625,8806.9599609375,8827.669921875,8929.7802734375,0.0,0.0,-0.011434811208763662,-0.011434811208763662,-0.011500691362034762,PASS,2026-04-08T12:05:22Z,D20260408.01
HSCEI,HK,index,2021-11-24,8825.51953125,8858.66015625,8759.759765625,8794.8203125,8827.669921875,0.0,0.0,-0.003721209522526303,-0.003721209522526303,-0.003728150447121649,PASS,2026-04-08T12:05:22Z,D20260408.01
HSCEI,HK,index,2021-11-25,8789.75,8822.2998046875,8726.2998046875,8809.7197265625,8794.8203125,0.0,0.0,0.0016941123903717603,0.0016941123903717603,0.001692679000630028,PASS,2026-04-08T12:05:22Z,D20260408.01
HSCEI,HK,index,2021-11-26,8719.75,8719.75,8568.9404296875,8576.0703125,8809.7197265625,0.0,0.0,-0.026521776096691818,-0.026521776096691818,-0.02687982329186399,PASS,2026-04-08T12:05:22Z,D20260408.01
HSCEI,HK,index,2021-11-29,8558.6201171875,8636.099609375,8464.2099609375,8498.259765625,8576.0703125,0.0,0.0,-0.009072983783911859,-0.009072983783911859,-0.009114393967535247,PASS,2026-04-08T12:05:22Z,D20260408.01
HSCEI,HK,index,2021-11-30,8465.9296875,8514.509765625,8265.76953125,8368.490234375,8498.259765625,0.0,0.0,-0.01527012998295374,-0.01527012998295374,-0.01538791905922768,PASS,2026-04-08T12:05:22Z,D20260408.01
HSCEI,HK,index,2021-12-01,8412.8701171875,8520.900390625,8384.5,8426.240234375,8368.490234375,0.0,0.0,0.006900886346593582,0.006900886346593582,0.006877184211756588,PASS,2026-04-08T12:05:22Z,D20260408.01
HSCEI,HK,index,2021-12-02,8362.849609375,8514.150390625,8362.849609375,8506.3603515625,8426.240234375,0.0,0.0,0.009508406472990005,0.009508406472990005,0.009463486099123954,PASS,2026-04-08T12:05:22Z,D20260408.01
HSCEI,HK,index,2021-12-03,8445.3798828125,8478.9404296875,8359.6103515625,8455.4501953125,8506.3603515625,0.0,0.0,-0.005984951747388445,-0.005984951747388445,-0.006002933353023478,PASS,2026-04-08T12:05:22Z,D20260408.01
HSCEI,HK,index,2021-12-06,8330.6298828125,8401.080078125,8258.419921875,8274.76953125,8455.4501953125,0.0,0.0,-0.021368544535057987,-0.021368544535057987,-0.021600157311447488,PASS,2026-04-08T12:05:22Z,D20260408.01
HSCEI,HK,index,2021-12-07,8409.080078125,8530.7998046875,8342.919921875,8527.1201171875,8274.76953125,0.0,0.0,0.030496388447374567,0.030496388447374567,0.030040616681754565,PASS,2026-04-08T12:05:22Z,D20260408.01
HSCEI,HK,index,2021-12-08,8562.01953125,8567.73046875,8489.6298828125,8522.900390625,8527.1201171875,0.0,0.0,-0.0004948595193345895,-0.0004948595193345895,-0.0004949820027162393,PASS,2026-04-08T12:05:22Z,D20260408.01
HSCEI,HK,index,2021-12-09,8586.150390625,8688.9697265625,8586.150390625,8657.76953125,8522.900390625,0.0,0.0,0.015824324401743972,0.015824324401743972,0.015700425152394764,PASS,2026-04-08T12:05:22Z,D20260408.01
HSCEI,HK,index,2021-12-10,8597.0,8665.400390625,8544.3701171875,8578.330078125,8657.76953125,0.0,0.0,-0.009175510255645558,-0.009175510255645558,-0.009217864530334675,PASS,2026-04-08T12:05:22Z,D20260408.01
HSCEI,HK,index,2021-12-13,8671.51953125,8737.650390625,8541.7900390625,8551.1396484375,8578.330078125,0.0,0.0,-0.0031696646596564015,-0.0031696646596564015,-0.0031746986869505348,PASS,2026-04-08T12:05:22Z,D20260408.01
HSCEI,HK,index,2021-12-14,8461.6904296875,8504.83984375,8387.150390625,8418.6103515625,8551.1396484375,0.0,0.0,-0.015498436737519161,-0.015498436737519161,-0.015619793029681344,PASS,2026-04-08T12:05:22Z,D20260408.01
HSCEI,HK,index,2021-12-15,8427.3798828125,8453.8603515625,8311.08984375,8342.91015625,8418.6103515625,0.0,0.0,-0.008992006061719016,-0.008992006061719016,-0.009032678147568378,PASS,2026-04-08T12:05:22Z,D20260408.01
HSCEI,HK,index,2021-12-16,8271.26953125,8368.830078125,8224.25,8349.650390625,8342.91015625,0.0,0.0,0.0008078996715492615,0.0008078996715492615,0.0008075734962757253,PASS,2026-04-08T12:05:22Z,D20260408.01
HSCEI,HK,index,2021-12-17,8315.669921875,8315.669921875,8194.0703125,8218.0,8349.650390625,0.0,0.0,-0.01576717400920369,-0.01576717400920369,-0.01589279813877133,PASS,2026-04-08T12:05:22Z,D20260408.01
HSCEI,HK,index,2021-12-20,8182.58984375,8220.6796875,8011.02978515625,8042.740234375,8218.0,0.0,0.0,-0.021326328258091998,-0.021326328258091998,-0.02155702016702813,PASS,2026-04-08T12:05:22Z,D20260408.01
HSCEI,HK,index,2021-12-21,8048.75,8195.5498046875,8039.81982421875,8141.47021484375,8042.740234375,0.0,0.0,0.012275664461569136,0.012275664461569136,0.012200929485310373,PASS,2026-04-08T12:05:22Z,D20260408.01
HSCEI,HK,index,2021-12-22,8245.5703125,8270.83984375,8151.3701171875,8195.23046875,8141.47021484375,0.0,0.0,0.006603261141732375,0.006603261141732375,0.0065815551141954155,PASS,2026-04-08T12:05:22Z,D20260408.01
HSCEI,HK,index,2021-12-23,8194.7802734375,8252.2802734375,8136.47998046875,8204.3095703125,8195.23046875,0.0,0.0,0.001107851889842637,0.001107851889842637,0.0011072386747969004,PASS,2026-04-08T12:05:22Z,D20260408.01
HSCEI,HK,index,2021-12-24,8273.0595703125,8273.0595703125,8181.4599609375,8201.9501953125,8204.3095703125,0.0,0.0,-0.00028757752005570403,-0.00028757752005570403,-0.0002876188784000682,PASS,2026-04-08T12:05:22Z,D20260408.01
HSCEI,HK,index,2021-12-28,8220.990234375,8240.2197265625,8136.64990234375,8194.4501953125,8201.9501953125,0.0,0.0,-0.0009144166718162428,-0.0009144166718162428,-0.0009148350057815678,PASS,2026-04-08T12:05:22Z,D20260408.01
HSCEI,HK,index,2021-12-29,8186.759765625,8186.759765625,8075.18994140625,8098.759765625,8194.4501953125,0.0,0.0,-0.011677467969997357,-0.011677467969997357,-0.011746185084208905,PASS,2026-04-08T12:05:22Z,D20260408.01
HSCEI,HK,index,2021-12-30,8111.0,8159.60986328125,8049.2900390625,8096.43994140625,8098.759765625,0.0,0.0,-0.0002864419103523197,-0.0002864419103523197,-0.00028648294267209393,PASS,2026-04-08T12:05:22Z,D20260408.01
HSCEI,HK,index,2021-12-31,8283.5,8312.490234375,8233.150390625,8236.349609375,8096.43994140625,0.0,0.0,0.017280393479266465,0.017280393479266465,0.017132785535667265,PASS,2026-04-08T12:05:22Z,D20260408.01
HSCEI,HK,index,2022-01-03,8286.08984375,8320.080078125,8156.5,8188.759765625,8236.349609375,0.0,0.0,-0.005778026189639962,-0.005778026189639962,-0.005794783563838998,PASS,2026-04-08T12:05:22Z,D20260408.01
HSCEI,HK,index,2022-01-04,8234.5498046875,8252.2001953125,8133.68994140625,8180.16015625,8188.759765625,0.0,0.0,-0.0010501723852126554,-0.0010501723852126554,-0.001050724202601405,PASS,2026-04-08T12:05:22Z,D20260408.01
HSCEI,HK,index,2022-01-05,8155.81982421875,8155.81982421875,8000.0,8015.7001953125,8180.16015625,0.0,0.0,-0.020104736068259688,-0.020104736068259688,-0.020309586567943554,PASS,2026-04-08T12:05:22Z,D20260408.01
HSCEI,HK,index,2022-01-06,8005.47021484375,8082.330078125,7941.72998046875,8068.93017578125,8015.7001953125,0.0,0.0,0.006640714993292551,0.006640714993292551,0.006618762578376086,PASS,2026-04-08T12:05:22Z,D20260408.01
HSCEI,HK,index,2022-01-07,8128.9599609375,8233.66015625,8087.77001953125,8231.2802734375,8068.93017578125,0.0,0.0,0.020120399373827924,0.020120399373827924,0.019920658931964205,PASS,2026-04-08T12:05:22Z,D20260408.01
HSCEI,HK,index,2022-01-10,8230.8603515625,8385.3095703125,8198.0498046875,8365.3701171875,8231.2802734375,0.0,0.0,0.016290277975676615,0.016290277975676615,0.016159015018885097,PASS,2026-04-08T12:05:22Z,D20260408.01
HSCEI,HK,index,2022-01-11,8325.1103515625,8423.8701171875,8299.98046875,8369.009765625,8365.3701171875,0.0,0.0,0.00043508516497348104,0.00043508516497348104,0.00043499054286787913,PASS,2026-04-08T12:05:22Z,D20260408.01
HSCEI,HK,index,2022-01-12,8493.26953125,8616.66015625,8493.26953125,8612.849609375,8369.009765625,0.0,0.0,0.02913604483430654,0.02913604483430654,0.0287196588361751,PASS,2026-04-08T12:05:22Z,D20260408.01
HSCEI,HK,index,2022-01-13,8651.7001953125,8658.4404296875,8547.1396484375,8602.3798828125,8612.849609375,0.0,0.0,-0.0012155937973309383,-0.0012155937973309383,-0.0012163332307655323,PASS,2026-04-08T12:05:22Z,D20260408.01
HSCEI,HK,index,2022-01-14,8483.75,8554.7900390625,8459.099609375,8554.7900390625,8602.3798828125,0.0,0.0,-0.005532171840618716,-0.005532171840618716,-0.005547530975697563,PASS,2026-04-08T12:05:22Z,D20260408.01
HSCEI,HK,index,2022-01-17,8532.76953125,8540.2802734375,8424.900390625,8463.8798828125,8554.7900390625,0.0,0.0,-0.010626813263083013,-0.010626813263083013,-0.010683681084441891,PASS,2026-04-08T12:05:22Z,D20260408.01
HSCEI,HK,index,2022-01-18,8487.4404296875,8556.98046875,8412.2900390625,8449.0,8463.8798828125,0.0,0.0,-0.0017580451304273215,-0.0017580451304273215,-0.0017595923053691225,PASS,2026-04-08T12:05:22Z,D20260408.01
HSCEI,HK,index,2022-01-19,8485.5,8533.1201171875,8383.009765625,8441.6904296875,8449.0,0.0,0.0,-0.0008651402902710714,-0.0008651402902710714,-0.0008655147401153387,PASS,2026-04-08T12:05:22Z,D20260408.01
HSCEI,HK,index,2022-01-20,8505.3798828125,8761.5595703125,8480.5498046875,8761.5595703125,8441.6904296875,0.0,0.0,0.03789159805008868,0.03789159805008868,0.03719134581238499,PASS,2026-04-08T12:05:22Z,D20260408.01
HSCEI,HK,index,2022-01-21,8708.7802734375,8787.2998046875,8679.3701171875,8787.2998046875,8761.5595703125,0.0,0.0,0.0029378598830986924,0.0029378598830986924,0.002933552806415514,PASS,2026-04-08T12:05:22Z,D20260408.01
HSCEI,HK,index,2022-01-24,8682.2900390625,8706.509765625,8631.8203125,8658.1103515625,8787.2998046875,0.0,0.0,-0.01470183742406117,-0.01470183742406117,-0.014810980492614522,PASS,2026-04-08T12:05:22Z,D20260408.01
HSCEI,HK,index,2022-01-25,8503.1103515625,8581.25,8414.75,8503.349609375,8658.1103515625,0.0,0.0,-0.017874655774001602,-0.017874655774001602,-0.018036336995187335,PASS,2026-04-08T12:05:22Z,D20260408.01
HSCEI,HK,index,2022-01-26,8530.33984375,8600.1298828125,8452.9404296875,8512.2900390625,8503.349609375,0.0,0.0,0.0010514009300104377,0.0010514009300104377,0.0010508485951689665,PASS,2026-04-08T12:05:22Z,D20260408.01
HSCEI,HK,index,2022-01-27,8363.919921875,8367.4404296875,8216.7998046875,8291.2998046875,8512.2900390625,0.0,0.0,-0.02596131397789392,-0.02596131397789392,-0.026304257419841166,PASS,2026-04-08T12:05:22Z,D20260408.01
HSCEI,HK,index,2022-01-28,8289.1796875,8301.8896484375,8170.10009765625,8210.2900390625,8291.2998046875,0.0,0.0,-0.009770454275359941,-0.009770454275359941,-0.009818498361566428,PASS,2026-04-08T12:05:22Z,D20260408.01
HSCEI,HK,index,2022-01-31,8252.5595703125,8412.75,8217.669921875,8349.9501953125,8210.2900390625,0.0,0.0,0.01701038033803104,0.01701038033803104,0.016867323836389732,PASS,2026-04-08T12:05:22Z,D20260408.01
HSCEI,HK,index,2022-02-04,8532.400390625,8603.76953125,8437.7900390625,8584.3701171875,8349.9501953125,0.0,0.0,0.028074409594275096,0.028074409594275096,0.027687547287268018,PASS,2026-04-08T12:05:22Z,D20260408.01
HSCEI,HK,index,2022-02-07,8588.0595703125,8603.419921875,8504.9296875,8589.5302734375,8584.3701171875,0.0,0.0,0.000601110644060876,0.000601110644060876,0.000600930049425622,PASS,2026-04-08T12:05:22Z,D20260408.01
HSCEI,HK,index,2022-02-08,8583.6904296875,8593.3701171875,8439.2998046875,8513.2998046875,8589.5302734375,0.0,0.0,-0.008874812279984323,-0.008874812279984323,-0.008914427988642925,PASS,2026-04-08T12:05:22Z,D20260408.01
HSCEI,HK,index,2022-02-09,8661.8701171875,8752.8798828125,8657.5,8723.330078125,8513.2998046875,0.0,0.0,0.024670841889281814,0.024670841889281814,0.02437143115301995,PASS,2026-04-08T12:05:22Z,D20260408.01
HSCEI,HK,index,2022-02-10,8818.830078125,8818.830078125,8667.2197265625,8789.919921875,8723.330078125,0.0,0.0,0.0076335348030660555,0.0076335348030660555,0.007604546803412271,PASS,2026-04-08T12:05:22Z,D20260408.01
HSCEI,HK,index,2022-02-11,8757.240234375,8822.7998046875,8713.990234375,8784.3896484375,8789.919921875,0.0,0.0,-0.0006291608440865959,-0.0006291608440865959,-0.0006293588488260369,PASS,2026-04-08T12:05:22Z,D20260408.01
HSCEI,HK,index,2022-02-14,8687.580078125,8699.150390625,8592.23046875,8618.48046875,8784.3896484375,0.0,0.0,-0.018886819270023003,-0.018886819270023003,-0.01906745325827294,PASS,2026-04-08T12:05:22Z,D20260408.01
HSCEI,HK,index,2022-02-15,8574.25,8620.1201171875,8477.7900390625,8528.26953125,8618.48046875,0.0,0.0,-0.010467151121024032,-0.010467151121024032,-0.010522317038315533,PASS,2026-04-08T12:05:22Z,D20260408.01
HSCEI,HK,index,2022-02-16,8627.9501953125,8689.01953125,8597.9404296875,8678.9404296875,8528.26953125,0.0,0.0,0.017667229897624592,0.017667229897624592,0.017512978537761202,PASS,2026-04-08T12:05:22Z,D20260408.01
HSCEI,HK,index,2022-02-17,8693.8603515625,8741.5595703125,8614.0302734375,8711.400390625,8678.9404296875,0.0,0.0,0.0037400833892655694,0.0037400833892655694,0.003733106667655657,PASS,2026-04-08T12:05:22Z,D20260408.01
HSCEI,HK,index,2022-02-18,8654.400390625,8718.740234375,8523.5,8537.9697265625,8711.400390625,0.0,0.0,-0.019908471231461444,-0.019908471231461444,-0.020109314976129566,PASS,2026-04-08T12:05:22Z,D20260408.01
HSCEI,HK,index,2022-02-21,8451.8896484375,8502.5498046875,8405.1298828125,8455.990234375,8537.9697265625,0.0,0.0,-0.00960175484488468,-0.00960175484488468,-0.009648148908064834,PASS,2026-04-08T12:05:22Z,D20260408.01
HSCEI,HK,index,2022-02-22,8287.9697265625,8345.2900390625,8183.89990234375,8270.6904296875,8455.990234375,0.0,0.0,-0.021913436457651758,-0.021913436457651758,-0.02215710208467046,PASS,2026-04-08T12:05:22Z,D20260408.01
HSCEI,HK,index,2022-02-23,8304.01953125,8352.509765625,8259.26953125,8317.2197265625,8270.6904296875,0.0,0.0,0.0056258056410845025,0.0056258056410845025,0.0056100398988915,PASS,2026-04-08T12:05:22Z,D20260408.01
HSCEI,HK,index,2022-02-24,8166.97021484375,8219.7998046875,7970.68994140625,8030.89990234375,8317.2197265625,0.0,0.0,-0.034424944107745215,-0.034424944107745215,-0.03503144228698667,PASS,2026-04-08T12:05:22Z,D20260408.01
HSCEI,HK,index,2022-02-25,8074.31982421875,8124.33984375,7977.02001953125,7991.64013671875,8030.89990234375,0.0,0.0,-0.004888588589373688,-0.004888588589373688,-0.004900576824897567,PASS,2026-04-08T12:05:22Z,D20260408.01
HSCEI,HK,index,2022-02-28,8010.72998046875,8030.2099609375,7873.27978515625,8023.93017578125,7991.64013671875,0.0,0.0,0.004040477112343677,0.004040477112343677,0.0040323363058233416,PASS,2026-04-08T12:05:22Z,D20260408.01
HSCEI,HK,index,2022-03-01,8045.740234375,8120.6298828125,7985.490234375,8053.0400390625,8023.93017578125,0.0,0.0,0.003627880931605487,0.003627880931605487,0.0036213160445399857,PASS,2026-04-08T12:05:22Z,D20260408.01
HSCEI,HK,index,2022-03-02,8029.06005859375,8085.259765625,7893.41015625,7908.18017578125,8053.0400390625,0.0,0.0,-0.017988220917639186,-0.017988220917639186,-0.01815197570738972,PASS,2026-04-08T12:05:22Z,D20260408.01
HSCEI,HK,index,2022-03-03,7907.7099609375,7946.7998046875,7863.3701171875,7900.0400390625,7908.18017578125,0.0,0.0,-0.0010293312162612533,-0.0010293312162612533,-0.001029861341451798,PASS,2026-04-08T12:05:22Z,D20260408.01
HSCEI,HK,index,2022-03-04,7690.990234375,7754.580078125,7670.669921875,7686.8701171875,7900.0400390625,0.0,0.0,-0.02698339765633606,-0.02698339765633606,-0.027354133895800773,PASS,2026-04-08T12:05:22Z,D20260408.01
HSCEI,HK,index,2022-03-07,7488.330078125,7520.0,7318.14013671875,7412.58984375,7686.8701171875,0.0,0.0,-0.0356816583675873,-0.0356816583675873,-0.03633380897634499,PASS,2026-04-08T12:05:22Z,D20260408.01
HSCEI,HK,index,2022-03-08,7411.490234375,7478.08984375,7195.75,7237.7998046875,7412.58984375,0.0,0.0,-0.023580157913347333,-0.023580157913347333,-0.023862618991554962,PASS,2026-04-08T12:05:22Z,D20260408.01
HSCEI,HK,index,2022-03-09,7280.06982421875,7336.419921875,6982.7900390625,7189.580078125,7237.7998046875,0.0,0.0,-0.006662207834385092,-0.006662207834385092,-0.006684499403540606,PASS,2026-04-08T12:05:22Z,D20260408.01
HSCEI,HK,index,2022-03-10,7374.2001953125,7387.85009765625,7191.009765625,7255.81982421875,7189.580078125,0.0,0.0,0.009213298325348784,0.009213298325348784,0.009171114794013448,PASS,2026-04-08T12:05:22Z,D20260408.01
HSCEI,HK,index,2022-03-11,7051.60986328125,7156.8701171875,6853.91015625,7060.60009765625,7255.81982421875,0.0,0.0,-0.026905261058287055,-0.026905261058287055,-0.027273833661756217,PASS,2026-04-08T12:05:22Z,D20260408.01
HSCEI,HK,index,2022-03-14,6888.18017578125,6888.18017578125,6513.2099609375,6555.5498046875,7060.60009765625,0.0,0.0,-0.07153078859917306,-0.07153078859917306,-0.07421805824285171,PASS,2026-04-08T12:05:22Z,D20260408.01
HSCEI,HK,index,2022-03-15,6297.2900390625,6546.85009765625,6051.6201171875,6123.93994140625,6555.5498046875,0.0,0.0,-0.06583885046112081,-0.06583885046112081,-0.06810631865655918,PASS,2026-04-08T12:05:22Z,D20260408.01
HSCEI,HK,index,2022-03-16,6358.43994140625,6916.60986328125,6212.64013671875,6889.4501953125,6123.93994140625,0.0,0.0,0.12500290029468597,0.12500290029468597,0.11778561369278118,PASS,2026-04-08T12:05:22Z,D20260408.01
HSCEI,HK,index,2022-03-17,7415.740234375,7455.240234375,7157.9599609375,7407.56982421875,6889.4501953125,0.0,0.0,0.07520478619016258,0.07520478619016258,0.07251114221858387,PASS,2026-04-08T12:05:22Z,D20260408.01
HSCEI,HK,index,2022-03-18,7281.7099609375,7462.2900390625,7139.669921875,7366.419921875,7407.56982421875,0.0,0.0,-0.005555115013457179,-0.005555115013457179,-0.005570602046326088,PASS,2026-04-08T12:05:22Z,D20260408.01
HSCEI,HK,index,2022-03-21,7529.33984375,7529.33984375,7196.16015625,7244.47998046875,7366.419921875,0.0,0.0,-0.01655348767779885,-0.01655348767779885,-0.01669202766274987,PASS,2026-04-08T12:05:22Z,D20260408.01
HSCEI,HK,index,2022-03-22,7289.2001953125,7550.580078125,7268.35009765625,7538.5498046875,7244.47998046875,0.0,0.0,0.0405922612819094,0.0405922612819094,0.039790033061778626,PASS,2026-04-08T12:05:22Z,D20260408.01
HSCEI,HK,index,2022-03-23,7614.64990234375,7758.68017578125,7581.7099609375,7635.1298828125,7538.5498046875,0.0,0.0,0.012811493009563524,0.012811493009563524,0.01273012010164719,PASS,2026-04-08T12:05:22Z,D20260408.01
HSCEI,HK,index,2022-03-24,7585.27001953125,7673.9501953125,7500.39990234375,7528.14013671875,7635.1298828125,0.0,0.0,-0.0140128259421749,-0.0140128259421749,-0.014111932519051233,PASS,2026-04-08T12:05:22Z,D20260408.01
HSCEI,HK,index,2022-03-25,7444.18994140625,7537.1298828125,7240.490234375,7283.919921875,7528.14013671875,0.0,0.0,-0.032440976178506276,-0.032440976178506276,-0.03297884940517944,PASS,2026-04-08T12:05:22Z,D20260408.01
HSCEI,HK,index,2022-03-28,7302.4599609375,7454.77978515625,7194.02001953125,7396.25,7283.919921875,0.0,0.0,0.015421651985444207,0.015421651985444207,0.015303946905785945,PASS,2026-04-08T12:05:22Z,D20260408.01
HSCEI,HK,index,2022-03-29,7430.31005859375,7516.35986328125,7427.1298828125,7513.0,7396.25,0.0,0.0,0.01578502619570732,0.01578502619570732,0.015661738378256816,PASS,2026-04-08T12:05:22Z,D20260408.01
HSCEI,HK,index,2022-03-30,7597.68017578125,7662.740234375,7523.16015625,7609.3701171875,7513.0,0.0,0.0,0.012827115291827562,0.012827115291827562,0.012745544651910329,PASS,2026-04-08T12:05:22Z,D20260408.01
HSCEI,HK,index,2022-03-31,7615.490234375,7617.39013671875,7484.9599609375,7525.89013671875,7609.3701171875,0.0,0.0,-0.01097068209104346,-0.01097068209104346,-0.011031303805921211,PASS,2026-04-08T12:05:22Z,D20260408.01
HSCEI,HK,index,2022-04-01,7391.830078125,7537.16015625,7348.02978515625,7537.16015625,7525.89013671875,0.0,0.0,0.0014974998739702983,0.0014974998739702983,0.0014963797391624111,PASS,2026-04-08T12:05:22Z,D20260408.01
HSCEI,HK,index,2022-04-04,7618.64990234375,7780.330078125,7595.27978515625,7770.97998046875,7537.16015625,0.0,0.0,0.03102227090462728,0.03102227090462728,0.030550806066918783,PASS,2026-04-08T12:05:22Z,D20260408.01
HSCEI,HK,index,2022-04-06,7639.14013671875,7685.02978515625,7584.330078125,7608.7998046875,7770.97998046875,0.0,0.0,-0.020869977298727638,-0.020869977298727638,-0.02109083352234612,PASS,2026-04-08T12:05:22Z,D20260408.01
HSCEI,HK,index,2022-04-07,7543.5498046875,7691.14013671875,7493.66015625,7495.5400390625,7608.7998046875,0.0,0.0,-0.014885365436375975,-0.014885365436375975,-0.014997264314067527,PASS,2026-04-08T12:05:22Z,D20260408.01
HSCEI,HK,index,2022-04-08,7433.490234375,7490.3701171875,7364.419921875,7490.3701171875,7495.5400390625,0.0,0.0,-0.0006897330743425023,-0.0006897330743425023,-0.0006899710496320005,PASS,2026-04-08T12:05:22Z,D20260408.01
HSCEI,HK,index,2022-04-11,7420.66015625,7420.66015625,7177.2900390625,7208.490234375,7490.3701171875,0.0,0.0,-0.037632303664901,-0.037632303664901,-0.038358680621606925,PASS,2026-04-08T12:05:22Z,D20260408.01
HSCEI,HK,index,2022-04-12,7247.77001953125,7347.240234375,7118.5,7264.43017578125,7208.490234375,0.0,0.0,0.007760285383961563,0.007760285383961563,0.007730329248305207,PASS,2026-04-08T12:05:22Z,D20260408.01
HSCEI,HK,index,2022-04-13,7234.18017578125,7383.7001953125,7209.580078125,7314.81982421875,7264.43017578125,0.0,0.0,0.0069364901607138485,0.0069364901607138485,0.006912543386771728,PASS,2026-04-08T12:05:22Z,D20260408.01
HSCEI,HK,index,2022-04-14,7368.669921875,7416.080078125,7328.43994140625,7385.580078125,7314.81982421875,0.0,0.0,0.009673547073841604,0.009673547073841604,0.00962705788712426,PASS,2026-04-08T12:05:22Z,D20260408.01
HSCEI,HK,index,2022-04-19,7228.97998046875,7251.64013671875,7131.93994140625,7167.669921875,7385.580078125,0.0,0.0,-0.029504812613895814,-0.029504812613895814,-0.02994883528685726,PASS,2026-04-08T12:05:22Z,D20260408.01
HSCEI,HK,index,2022-04-20,7137.14013671875,7215.830078125,7080.52001953125,7098.2900390625,7167.669921875,0.0,0.0,-0.009679558848093683,-0.009679558848093683,-0.00972671029468363,PASS,2026-04-08T12:05:22Z,D20260408.01
HSCEI,HK,index,2022-04-21,7012.93017578125,7075.93017578125,6892.240234375,6962.2001953125,7098.2900390625,0.0,0.0,-0.019172201051392057,-0.019172201051392057,-0.019358371065014035,PASS,2026-04-08T12:05:22Z,D20260408.01
HSCEI,HK,index,2022-04-22,6799.169921875,6998.8701171875,6789.4501953125,6972.3798828125,6962.2001953125,0.0,0.0,0.0014621365681000142,0.0014621365681000142,0.0014610686872265112,PASS,2026-04-08T12:05:22Z,D20260408.01
HSCEI,HK,index,2022-04-25,6843.8798828125,6843.8798828125,6659.080078125,6684.72998046875,6972.3798828125,0.0,0.0,-0.041255626798653244,-0.041255626798653244,-0.0421307952082746,PASS,2026-04-08T12:05:22Z,D20260408.01
HSCEI,HK,index,2022-04-26,6761.68994140625,6878.759765625,6713.31005859375,6747.419921875,6684.72998046875,0.0,0.0,0.009378081327056753,0.009378081327056753,0.009334380132144809,PASS,2026-04-08T12:05:22Z,D20260408.01
HSCEI,HK,index,2022-04-27,6682.2998046875,6826.77978515625,6657.39990234375,6786.02001953125,6747.419921875,0.0,0.0,0.0057207196384960746,0.0057207196384960746,0.005704418461997459,PASS,2026-04-08T12:05:22Z,D20260408.01
HSCEI,HK,index,2022-04-28,6851.77001953125,6918.6201171875,6792.8701171875,6918.6201171875,6786.02001953125,0.0,0.0,0.019540186629954714,0.019540186629954714,0.01935172823486193,PASS,2026-04-08T12:05:22Z,D20260408.01
HSCEI,HK,index,2022-04-29,6897.919921875,7307.14990234375,6828.6298828125,7298.68994140625,6918.6201171875,0.0,0.0,0.05493433918630197,0.05493433918630197,0.053478527253079035,PASS,2026-04-08T12:05:22Z,D20260408.01
HSCEI,HK,index,2022-05-03,7206.85009765625,7355.16015625,7085.7998046875,7267.25,7298.68994140625,0.0,0.0,-0.004307614333346033,-0.004307614333346033,-0.004316918833714992,PASS,2026-04-08T12:05:22Z,D20260408.01
HSCEI,HK,index,2022-05-04,7229.990234375,7237.919921875,7098.52001953125,7137.6298828125,7267.25,0.0,0.0,-0.017836199000653585,-0.017836199000653585,-0.01799718107616553,PASS,2026-04-08T12:05:22Z,D20260408.01
HSCEI,HK,index,2022-05-05,7249.56982421875,7298.2001953125,7110.2001953125,7117.75,7137.6298828125,0.0,0.0,-0.002785221864805676,-0.002785221864805676,-0.0027891078123851,PASS,2026-04-08T12:05:22Z,D20260408.01
HSCEI,HK,index,2022-05-06,6929.93017578125,6936.830078125,6796.72998046875,6809.52001953125,7117.75,0.0,0.0,-0.043304412274770776,-0.043304412274770776,-0.04427002828186141,PASS,2026-04-08T12:05:22Z,D20260408.01
HSCEI,HK,index,2022-05-10,6515.0498046875,6705.52001953125,6479.2099609375,6658.25,6809.52001953125,0.0,0.0,-0.022214490756672034,-0.022214490756672034,-0.022464948702643855,PASS,2026-04-08T12:05:22Z,D20260408.01
HSCEI,HK,index,2022-05-11,6612.4599609375,6881.18994140625,6597.509765625,6769.72021484375,6658.25,0.0,0.0,0.01674166858314874,0.01674166858314874,0.016603071607030208,PASS,2026-04-08T12:05:22Z,D20260408.01
HSCEI,HK,index,2022-05-12,6660.330078125,6739.35009765625,6576.89990234375,6594.81005859375,6769.72021484375,0.0,0.0,-0.02583713221507733,-0.02583713221507733,-0.026176773933605253,PASS,2026-04-08T12:05:22Z,D20260408.01
HSCEI,HK,index,2022-05-13,6685.8798828125,6818.490234375,6683.85986328125,6807.02978515625,6594.81005859375,0.0,0.0,0.032179808770376184,0.032179808770376184,0.031672885187139704,PASS,2026-04-08T12:05:22Z,D20260408.01
HSCEI,HK,index,2022-05-16,6912.60986328125,6926.0,6752.240234375,6826.31005859375,6807.02978515625,0.0,0.0,0.002832406210347971,0.002832406210347971,0.00282840250617373,PASS,2026-04-08T12:05:22Z,D20260408.01
HSCEI,HK,index,2022-05-17,6930.22021484375,7090.77978515625,6912.60986328125,7076.7998046875,6826.31005859375,0.0,0.0,0.03669475074288564,0.03669475074288564,0.03603752790484965,PASS,2026-04-08T12:05:22Z,D20260408.01
HSCEI,HK,index,2022-05-18,7072.759765625,7120.33984375,6977.740234375,7089.2900390625,7076.7998046875,0.0,0.0,0.00176495516613695,0.00176495516613695,0.0017633994629962678,PASS,2026-04-08T12:05:22Z,D20260408.01
HSCEI,HK,index,2022-05-19,6891.10009765625,6960.72021484375,6819.7001953125,6899.18994140625,7089.2900390625,0.0,0.0,-0.02681511076691523,-0.02681511076691523,-0.027181195080813104,PASS,2026-04-08T12:05:22Z,D20260408.01
HSCEI,HK,index,2022-05-20,7039.06005859375,7149.10009765625,7007.27001953125,7121.18017578125,6899.18994140625,0.0,0.0,0.03217627522366073,0.03217627522366073,0.031669461798371795,PASS,2026-04-08T12:05:22Z,D20260408.01
HSCEI,HK,index,2022-05-23,7082.91015625,7110.02978515625,6956.83984375,7022.4501953125,7121.18017578125,0.0,0.0,-0.013864272217760432,-0.013864272217760432,-0.013961278901513672,PASS,2026-04-08T12:05:22Z,D20260408.01
HSCEI,HK,index,2022-05-24,7015.0400390625,7069.39013671875,6839.81005859375,6883.14013671875,7022.4501953125,0.0,0.0,-0.01983781368598947,-0.01983781368598947,-0.020037224771724982,PASS,2026-04-08T12:05:22Z,D20260408.01
HSCEI,HK,index,2022-05-25,6863.77001953125,6972.91015625,6841.81005859375,6898.56005859375,6883.14013671875,0.0,0.0,0.0022402452323673216,0.0022402452323673216,0.0022377396244364586,PASS,2026-04-08T12:05:22Z,D20260408.01
HSCEI,HK,index,2022-05-26,6926.02978515625,6926.02978515625,6775.47021484375,6877.2099609375,6898.56005859375,0.0,0.0,-0.0030948629097826696,-0.0030948629097826696,-0.0030996619020378013,PASS,2026-04-08T12:05:22Z,D20260408.01
HSCEI,HK,index,2022-05-27,7088.22021484375,7123.1201171875,7003.58984375,7082.3798828125,6877.2099609375,0.0,0.0,0.02983330784436755,0.02983330784436755,0.029396952100213525,PASS,2026-04-08T12:05:22Z,D20260408.01
HSCEI,HK,index,2022-05-30,7167.89013671875,7267.759765625,7153.2099609375,7255.1298828125,7082.3798828125,0.0,0.0,0.024391518509086163,0.024391518509086163,0.02409879583715624,PASS,2026-04-08T12:05:22Z,D20260408.01
HSCEI,HK,index,2022-05-31,7251.39013671875,7416.75,7223.5400390625,7416.75,7255.1298828125,0.0,0.0,0.02227666765420433,0.02227666765420433,0.02203216713604871,PASS,2026-04-08T12:05:22Z,D20260408.01
HSCEI,HK,index,2022-06-01,7393.85009765625,7398.85009765625,7285.60986328125,7345.64013671875,7416.75,0.0,0.0,-0.009587739007145935,-0.009587739007145935,-0.009633997289123519,PASS,2026-04-08T12:05:22Z,D20260408.01
HSCEI,HK,index,2022-06-02,7249.759765625,7289.14013671875,7193.68017578125,7267.56982421875,7345.64013671875,0.0,0.0,-0.010628115596045706,-0.010628115596045706,-0.010684997406571192,PASS,2026-04-08T12:05:22Z,D20260408.01
HSCEI,HK,index,2022-06-06,7347.259765625,7518.97021484375,7266.35986328125,7499.97021484375,7267.56982421875,0.0,0.0,0.03197773069211385,0.03197773069211385,0.03147708803983423,PASS,2026-04-08T12:05:22Z,D20260408.01
HSCEI,HK,index,2022-06-07,7468.2001953125,7546.9501953125,7402.8798828125,7467.8701171875,7499.97021484375,0.0,0.0,-0.004280030018348424,-0.004280030018348424,-0.004289215565809544,PASS,2026-04-08T12:05:22Z,D20260408.01
HSCEI,HK,index,2022-06-08,7574.4501953125,7698.22021484375,7560.97998046875,7679.60009765625,7467.8701171875,0.0,0.0,0.02835212411922483,0.02835212411922483,0.02795764157178061,PASS,2026-04-08T12:05:22Z,D20260408.01
HSCEI,HK,index,2022-06-09,7729.5498046875,7747.2001953125,7542.43017578125,7606.35009765625,7679.60009765625,0.0,0.0,-0.009538257079604318,-0.009538257079604318,-0.009584037597134875,PASS,2026-04-08T12:05:22Z,D20260408.01
HSCEI,HK,index,2022-06-10,7470.68017578125,7668.33984375,7451.68994140625,7609.56005859375,7606.35009765625,0.0,0.0,0.00042201067480296395,0.00042201067480296395,0.00042192165334259727,PASS,2026-04-08T12:05:22Z,D20260408.01
HSCEI,HK,index,2022-06-13,7380.669921875,7458.93017578125,7308.490234375,7340.52001953125,7609.56005859375,0.0,0.0,-0.03535553133044311,-0.03535553133044311,-0.03599567177793992,PASS,2026-04-08T12:05:22Z,D20260408.01
HSCEI,HK,index,2022-06-14,7231.47021484375,7391.64013671875,7208.8701171875,7333.60986328125,7340.52001953125,0.0,0.0,-0.0009413714875259327,-0.0009413714875259327,-0.0009418148559361216,PASS,2026-04-08T12:05:22Z,D20260408.01
HSCEI,HK,index,2022-06-15,7361.58984375,7510.91015625,7361.58984375,7452.89013671875,7333.60986328125,0.0,0.0,0.0162648785061128,0.0162648785061128,0.016134022369131768,PASS,2026-04-08T12:05:22Z,D20260408.01
HSCEI,HK,index,2022-06-16,7527.75,7545.240234375,7204.81982421875,7259.41015625,7452.89013671875,0.0,0.0,-0.02596039615766199,-0.02596039615766199,-0.026303315137144723,PASS,2026-04-08T12:05:22Z,D20260408.01
HSCEI,HK,index,2022-06-17,7213.56005859375,7394.77978515625,7209.259765625,7367.68017578125,7259.41015625,0.0,0.0,0.014914437564605088,0.014914437564605088,0.01480431097457112,PASS,2026-04-08T12:05:22Z,D20260408.01
HSCEI,HK,index,2022-06-20,7325.580078125,7404.740234375,7261.72021484375,7399.60009765625,7367.68017578125,0.0,0.0,0.004332425012139707,0.004332425012139707,0.004323067077527737,PASS,2026-04-08T12:05:22Z,D20260408.01
HSCEI,HK,index,2022-06-21,7425.2099609375,7551.330078125,7387.35009765625,7549.580078125,7399.60009765625,0.0,0.0,0.02026866026398566,0.02026866026398566,0.020065985030159408,PASS,2026-04-08T12:05:22Z,D20260408.01
HSCEI,HK,index,2022-06-22,7507.669921875,7531.490234375,7335.0,7335.0,7549.580078125,0.0,0.0,-0.02842278324151415,-0.02842278324151415,-0.028834531327815282,PASS,2026-04-08T12:05:22Z,D20260408.01
HSCEI,HK,index,2022-06-23,7397.41015625,7520.7900390625,7342.81982421875,7463.080078125,7335.0,0.0,0.0,0.017461496676891564,0.017461496676891564,0.017310796514828294,PASS,2026-04-08T12:05:22Z,D20260408.01
HSCEI,HK,index,2022-06-24,7535.2001953125,7651.77001953125,7519.6298828125,7629.06005859375,7463.080078125,0.0,0.0,0.022240144649560145,0.022240144649560145,0.021996439374429654,PASS,2026-04-08T12:05:22Z,D20260408.01
HSCEI,HK,index,2022-06-27,7714.64013671875,7891.5,7714.64013671875,7816.93994140625,7629.06005859375,0.0,0.0,0.024626871642052794,0.024626871642052794,0.024328518649926394,PASS,2026-04-08T12:05:22Z,D20260408.01
HSCEI,HK,index,2022-06-28,7780.7001953125,7918.1201171875,7703.89013671875,7893.759765625,7816.93994140625,0.0,0.0,0.009827352492736363,0.009827352492736363,0.009779378115577879,PASS,2026-04-08T12:05:22Z,D20260408.01
HSCEI,HK,index,2022-06-29,7741.740234375,7817.16015625,7636.39990234375,7694.64013671875,7893.759765625,0.0,0.0,-0.025224941576428184,-0.025224941576428184,-0.025548543910933665,PASS,2026-04-08T12:05:22Z,D20260408.01
HSCEI,HK,index,2022-06-30,7656.06982421875,7752.68017578125,7603.330078125,7666.8798828125,7694.64013671875,0.0,0.0,-0.0036077390772023543,-0.0036077390772023543,-0.0036142626628163986,PASS,2026-04-08T12:05:22Z,D20260408.01
HSCEI,HK,index,2022-07-04,7595.919921875,7678.14990234375,7529.18994140625,7647.7001953125,7666.8798828125,0.0,0.0,-0.0025016287972630114,-0.0025016287972630114,-0.002504763098913345,PASS,2026-04-08T12:05:22Z,D20260408.01
HSCEI,HK,index,2022-07-05,7742.43994140625,7794.66015625,7615.1201171875,7642.4501953125,7647.7001953125,0.0,0.0,-0.0006864808852232729,-0.0006864808852232729,-0.0006867166211177924,PASS,2026-04-08T12:05:22Z,D20260408.01
HSCEI,HK,index,2022-07-06,7623.740234375,7645.06005859375,7428.02001953125,7545.919921875,7642.4501953125,0.0,0.0,-0.01263080176782927,-0.01263080176782927,-0.01271124846653709,PASS,2026-04-08T12:05:22Z,D20260408.01
HSCEI,HK,index,2022-07-07,7428.56982421875,7538.97998046875,7368.5400390625,7538.97998046875,7545.919921875,0.0,0.0,-0.0009196945472654816,-0.0009196945472654816,-0.0009201177257788261,PASS,2026-04-08T12:05:22Z,D20260408.01
HSCEI,HK,index,2022-07-08,7641.52978515625,7641.52978515625,7510.43994140625,7551.7001953125,7538.97998046875,0.0,0.0,0.0016872594007020236,0.0016872594007020236,0.0016858375776575897,PASS,2026-04-08T12:05:22Z,D20260408.01
HSCEI,HK,index,2022-07-11,7467.56982421875,7467.56982421875,7269.990234375,7320.91015625,7551.7001953125,0.0,0.0,-0.03056133494358748,-0.03056133494358748,-0.031038070811892575,PASS,2026-04-08T12:05:22Z,D20260408.01
HSCEI,HK,index,2022-07-12,7228.83984375,7299.6201171875,7163.06982421875,7191.64013671875,7320.91015625,0.0,0.0,-0.01765764321269392,-0.01765764321269392,-0.017815399219444313,PASS,2026-04-08T12:05:22Z,D20260408.01
HSCEI,HK,index,2022-07-13,7223.4599609375,7254.72998046875,7133.419921875,7145.830078125,7191.64013671875,0.0,0.0,-0.006369904183588848,-0.006369904183588848,-0.006390278591344455,PASS,2026-04-08T12:05:22Z,D20260408.01
HSCEI,HK,index,2022-07-14,7162.39013671875,7177.02978515625,7052.22021484375,7125.9501953125,7145.830078125,0.0,0.0,-0.0027820256842318036,-0.0027820256842318036,-0.00278590271001206,PASS,2026-04-08T12:05:22Z,D20260408.01
HSCEI,HK,index,2022-07-15,7043.580078125,7106.009765625,6935.2998046875,6958.02001953125,7125.9501953125,0.0,0.0,-0.02356600469811254,-0.02356600469811254,-0.023848124086750445,PASS,2026-04-08T12:05:22Z,D20260408.01
HSCEI,HK,index,2022-07-18,7016.02978515625,7179.60009765625,6955.919921875,7168.89013671875,6958.02001953125,0.0,0.0,0.03030605209464543,0.03030605209464543,0.02985589606077132,PASS,2026-04-08T12:05:22Z,D20260408.01
HSCEI,HK,index,2022-07-19,7117.2001953125,7141.39990234375,7054.27001953125,7097.39013671875,7168.89013671875,0.0,0.0,-0.009973649844873478,-0.009973649844873478,-0.010023719889399738,PASS,2026-04-08T12:05:22Z,D20260408.01
HSCEI,HK,index,2022-07-20,7206.25,7254.740234375,7179.06982421875,7179.06982421875,7097.39013671875,0.0,0.0,0.011508411673387675,0.011508411673387675,0.011442693630024911,PASS,2026-04-08T12:05:22Z,D20260408.01
HSCEI,HK,index,2022-07-21,7158.2099609375,7177.509765625,7075.080078125,7099.5498046875,7179.06982421875,0.0,0.0,-0.011076646623910502,-0.011076646623910502,-0.011138449476802783,PASS,2026-04-08T12:05:22Z,D20260408.01
HSCEI,HK,index,2022-07-22,7149.68994140625,7190.6201171875,7075.490234375,7106.7001953125,7099.5498046875,0.0,0.0,0.0010071611329889318,0.0010071611329889318,0.0010066542865038693,PASS,2026-04-08T12:05:22Z,D20260408.01
HSCEI,HK,index,2022-07-25,7069.0400390625,7089.81005859375,7004.31982421875,7077.08984375,7106.7001953125,0.0,0.0,-0.004166540130964069,-0.004166540130964069,-0.004175244345348026,PASS,2026-04-08T12:05:22Z,D20260408.01
HSCEI,HK,index,2022-07-26,7109.419921875,7207.68994140625,7087.08984375,7185.18994140625,7077.08984375,0.0,0.0,0.015274653853902365,0.015274653853902365,0.015159170819498791,PASS,2026-04-08T12:05:22Z,D20260408.01
HSCEI,HK,index,2022-07-27,7105.02978515625,7131.7900390625,7055.5498046875,7091.47021484375,7185.18994140625,0.0,0.0,-0.013043458464809587,-0.013043458464809587,-0.013129271384110986,PASS,2026-04-08T12:05:22Z,D20260408.01
HSCEI,HK,index,2022-07-28,7105.64013671875,7136.77978515625,7053.81982421875,7082.580078125,7091.47021484375,0.0,0.0,-0.0012536380256017443,-0.0012536380256017443,-0.0012544244871121116,PASS,2026-04-08T12:05:22Z,D20260408.01
HSCEI,HK,index,2022-07-29,7095.7998046875,7097.1201171875,6839.2099609375,6885.47998046875,7082.580078125,0.0,0.0,-0.027828855513403417,-0.027828855513403417,-0.02822341544631873,PASS,2026-04-08T12:05:22Z,D20260408.01
HSCEI,HK,index,2022-08-01,6850.43017578125,6904.419921875,6794.240234375,6876.7099609375,6885.47998046875,0.0,0.0,-0.0012736976298133307,-0.0012736976298133307,-0.0012745094720736881,PASS,2026-04-08T12:05:22Z,D20260408.01
HSCEI,HK,index,2022-08-02,6782.66015625,6782.66015625,6627.740234375,6702.06982421875,6876.7099609375,0.0,0.0,-0.02539588519957603,-0.02539588519957603,-0.025723926541397806,PASS,2026-04-08T12:05:22Z,D20260408.01
HSCEI,HK,index,2022-08-03,6777.0498046875,6804.6298828125,6707.259765625,6736.9599609375,6702.06982421875,0.0,0.0,0.005205874846703429,0.005205874846703429,0.005192371125755946,PASS,2026-04-08T12:05:22Z,D20260408.01
HSCEI,HK,index,2022-08-04,6825.1201171875,6897.490234375,6812.1298828125,6879.68994140625,6736.9599609375,0.0,0.0,0.021186110841734607,0.021186110841734607,0.02096480547183661,PASS,2026-04-08T12:05:22Z,D20260408.01
HSCEI,HK,index,2022-08-05,6930.2099609375,6930.2099609375,6849.47021484375,6902.18017578125,6879.68994140625,0.0,0.0,0.0032690767413281474,0.0032690767413281474,0.0032637449268714857,PASS,2026-04-08T12:05:22Z,D20260408.01
HSCEI,HK,index,2022-08-08,6841.7998046875,6884.7099609375,6790.08984375,6821.52001953125,6902.18017578125,0.0,0.0,-0.01168618526259646,-0.01168618526259646,-0.011755005414375772,PASS,2026-04-08T12:05:22Z,D20260408.01
HSCEI,HK,index,2022-08-09,6819.4599609375,6896.169921875,6759.89013671875,6794.77001953125,6821.52001953125,0.0,0.0,-0.003921413398100371,-0.003921413398100371,-0.003929122299411922,PASS,2026-04-08T12:05:22Z,D20260408.01
HSCEI,HK,index,2022-08-10,6777.7900390625,6782.919921875,6580.81982421875,6644.1298828125,6794.77001953125,0.0,0.0,-0.02217001256639184,-0.02217001256639184,-0.022419461038669576,PASS,2026-04-08T12:05:22Z,D20260408.01
HSCEI,HK,index,2022-08-11,6726.47998046875,6823.39013671875,6705.97021484375,6823.39013671875,6644.1298828125,0.0,0.0,0.0269802452793666,0.0269802452793666,0.02662269539566122,PASS,2026-04-08T12:05:22Z,D20260408.01
HSCEI,HK,index,2022-08-12,6854.39013671875,6878.52001953125,6794.580078125,6857.47998046875,6823.39013671875,0.0,0.0,0.004996027351060084,0.004996027351060084,0.004983588618709076,PASS,2026-04-08T12:05:22Z,D20260408.01
HSCEI,HK,index,2022-08-15,6809.47998046875,6900.4501953125,6789.91015625,6814.47021484375,6857.47998046875,0.0,0.0,-0.00627194913401119,-0.00627194913401119,-0.006291700436399908,PASS,2026-04-08T12:05:22Z,D20260408.01
HSCEI,HK,index,2022-08-16,6852.02978515625,6876.75,6665.0400390625,6727.93994140625,6814.47021484375,0.0,0.0,-0.012698019172350916,-0.012698019172350916,-0.012779328058988135,PASS,2026-04-08T12:05:22Z,D20260408.01
HSCEI,HK,index,2022-08-17,6785.419921875,6813.509765625,6701.009765625,6755.31005859375,6727.93994140625,0.0,0.0,0.004068127454446291,0.004068127454446291,0.004059874997746159,PASS,2026-04-08T12:05:22Z,D20260408.01
HSCEI,HK,index,2022-08-18,6784.83984375,6784.83984375,6671.43994140625,6700.419921875,6755.31005859375,0.0,0.0,-0.008125479991687667,-0.008125479991687667,-0.00815867162514727,PASS,2026-04-08T12:05:22Z,D20260408.01
HSCEI,HK,index,2022-08-19,6654.93994140625,6769.60009765625,6654.93994140625,6719.8798828125,6700.419921875,0.0,0.0,0.0029042897556268432,0.0029042897556268432,0.002900080454185774,PASS,2026-04-08T12:05:22Z,D20260408.01
HSCEI,HK,index,2022-08-22,6640.22021484375,6757.0400390625,6640.22021484375,6695.2900390625,6719.8798828125,0.0,0.0,-0.0036592683468782417,-0.0036592683468782417,-0.0036659798470847866,PASS,2026-04-08T12:05:22Z,D20260408.01
HSCEI,HK,index,2022-08-23,6689.669921875,6714.72021484375,6602.1201171875,6648.85009765625,6695.2900390625,0.0,0.0,-0.0069362105502979166,-0.0069362105502979166,-0.006960377876641545,PASS,2026-04-08T12:05:22Z,D20260408.01
HSCEI,HK,index,2022-08-24,6666.43017578125,6666.43017578125,6537.330078125,6565.68994140625,6648.85009765625,0.0,0.0,-0.01250744941284121,-0.01250744941284121,-0.012586325944520324,PASS,2026-04-08T12:05:22Z,D20260408.01
HSCEI,HK,index,2022-08-25,6628.33984375,6858.60986328125,6628.33984375,6848.89013671875,6565.68994140625,0.0,0.0,0.04313334894578391,0.04313334894578391,0.04222901918458921,PASS,2026-04-08T12:05:22Z,D20260408.01
HSCEI,HK,index,2022-08-26,6920.1298828125,6928.31982421875,6865.06005859375,6920.990234375,6848.89013671875,0.0,0.0,0.010527267369891291,0.010527267369891291,0.010472241534973625,PASS,2026-04-08T12:05:22Z,D20260408.01
HSCEI,HK,index,2022-08-29,6846.740234375,6895.7900390625,6821.240234375,6872.259765625,6920.990234375,0.0,0.0,-0.00704096770834417,-0.00704096770834417,-0.007065872291908693,PASS,2026-04-08T12:05:22Z,D20260408.01
HSCEI,HK,index,2022-08-30,6889.06005859375,6889.06005859375,6730.169921875,6840.169921875,6872.259765625,0.0,0.0,-0.004669474793504325,-0.004669474793504325,-0.004680410847961959,PASS,2026-04-08T12:05:22Z,D20260408.01
HSCEI,HK,index,2022-08-31,6702.259765625,6952.60986328125,6695.4599609375,6865.1201171875,6840.169921875,0.0,0.0,0.003647598758140358,0.003647598758140358,0.0036409624027354762,PASS,2026-04-08T12:05:22Z,D20260408.01
HSCEI,HK,index,2022-09-01,6805.39013671875,6853.08984375,6717.06005859375,6742.0400390625,6865.1201171875,0.0,0.0,-0.01792832113991083,-0.01792832113991083,-0.018090980562295755,PASS,2026-04-08T12:05:22Z,D20260408.01
HSCEI,HK,index,2022-09-02,6742.16015625,6766.60009765625,6633.490234375,6672.419921875,6742.0400390625,0.0,0.0,-0.010326268723432341,-0.010326268723432341,-0.01037995453887542,PASS,2026-04-08T12:05:22Z,D20260408.01
HSCEI,HK,index,2022-09-05,6606.52001953125,6606.7099609375,6520.830078125,6577.52978515625,6672.419921875,0.0,0.0,-0.014221247737670084,-0.014221247737670084,-0.01432333874479974,PASS,2026-04-08T12:05:22Z,D20260408.01
HSCEI,HK,index,2022-09-06,6583.02001953125,6619.3798828125,6516.39013671875,6555.7998046875,6577.52978515625,0.0,0.0,-0.0033036688815593074,-0.0033036688815593074,-0.0033091380444563736,PASS,2026-04-08T12:05:22Z,D20260408.01
HSCEI,HK,index,2022-09-07,6457.10009765625,6527.39013671875,6437.6298828125,6513.22021484375,6555.7998046875,0.0,0.0,-0.0064949496800230655,-0.0064949496800230655,-0.0065161336413569314,PASS,2026-04-08T12:05:22Z,D20260408.01
HSCEI,HK,index,2022-09-08,6518.5400390625,6531.22998046875,6418.93994140625,6436.60009765625,6513.22021484375,0.0,0.0,-0.011763784220420126,-0.011763784220420126,-0.01183352501333906,PASS,2026-04-08T12:05:22Z,D20260408.01
HSCEI,HK,index,2022-09-09,6452.08984375,6649.39013671875,6449.8798828125,6628.14013671875,6436.60009765625,0.0,0.0,0.02975795235939005,0.02975795235939005,0.029323776915926063,PASS,2026-04-08T12:05:22Z,D20260408.01
HSCEI,HK,index,2022-09-13,6647.97998046875,6690.89013671875,6614.14990234375,6633.0498046875,6628.14013671875,0.0,0.0,0.0007407308637834564,0.0007407308637834564,0.0007404566580772404,PASS,2026-04-08T12:05:22Z,D20260408.01
HSCEI,HK,index,2022-09-14,6488.7001953125,6518.5498046875,6449.31982421875,6470.64990234375,6633.0498046875,0.0,0.0,-0.024483443834385832,-0.024483443834385832,-0.024788147083891387,PASS,2026-04-08T12:05:22Z,D20260408.01
HSCEI,HK,index,2022-09-15,6461.85009765625,6535.2900390625,6461.85009765625,6508.990234375,6470.64990234375,0.0,0.0,0.005925267571246895,0.005925267571246895,0.005907782209651183,PASS,2026-04-08T12:05:22Z,D20260408.01
HSCEI,HK,index,2022-09-16,6434.47021484375,6489.7900390625,6398.8701171875,6420.66015625,6508.990234375,0.0,0.0,-0.013570473290697938,-0.013570473290697938,-0.01366339377090413,PASS,2026-04-08T12:05:22Z,D20260408.01
HSCEI,HK,index,2022-09-19,6389.56982421875,6394.22021484375,6309.740234375,6338.2998046875,6420.66015625,0.0,0.0,-0.012827396180177586,-0.012827396180177586,-0.012910377614163776,PASS,2026-04-08T12:05:22Z,D20260408.01
HSCEI,HK,index,2022-09-20,6390.5498046875,6441.68017578125,6381.2001953125,6405.3798828125,6338.2998046875,0.0,0.0,0.010583292080218465,0.010583292080218465,0.010527681065561963,PASS,2026-04-08T12:05:22Z,D20260408.01
HSCEI,HK,index,2022-09-21,6356.990234375,6356.990234375,6265.419921875,6267.16015625,6405.3798828125,0.0,0.0,-0.021578693081636513,-0.021578693081636513,-0.021814917538075525,PASS,2026-04-08T12:05:22Z,D20260408.01
HSCEI,HK,index,2022-09-22,6144.669921875,6202.58984375,6114.33984375,6195.89990234375,6267.16015625,0.0,0.0,-0.011370421710890088,-0.011370421710890088,-0.011435559186926472,PASS,2026-04-08T12:05:22Z,D20260408.01
HSCEI,HK,index,2022-09-23,6164.27978515625,6218.759765625,6114.39990234375,6114.39990234375,6195.89990234375,0.0,0.0,-0.013153860017843466,-0.013153860017843466,-0.01324113824312664,PASS,2026-04-08T12:05:22Z,D20260408.01
HSCEI,HK,index,2022-09-26,6074.4599609375,6215.8701171875,6066.52978515625,6137.77978515625,6114.39990234375,0.0,0.0,0.0038237411987949166,0.0038237411987949166,0.0038164492827726998,PASS,2026-04-08T12:05:22Z,D20260408.01
HSCEI,HK,index,2022-09-27,6131.9599609375,6162.43017578125,6052.10009765625,6150.47021484375,6137.77978515625,0.0,0.0,0.0020675928644737773,0.0020675928644737773,0.002065458336064586,PASS,2026-04-08T12:05:22Z,D20260408.01
HSCEI,HK,index,2022-09-28,6092.7900390625,6092.7900390625,5940.60009765625,5958.6201171875,6150.47021484375,0.0,0.0,-0.031192752904197873,-0.031192752904197873,-0.031689606284236845,PASS,2026-04-08T12:05:22Z,D20260408.01
HSCEI,HK,index,2022-09-29,6068.66015625,6085.39013671875,5862.669921875,5912.25,5958.6201171875,0.0,0.0,-0.007782022729347471,-0.007782022729347471,-0.007812460683629326,PASS,2026-04-08T12:05:22Z,D20260408.01
HSCEI,HK,index,2022-09-30,5921.02978515625,5968.93017578125,5835.33984375,5914.080078125,5912.25,0.0,0.0,0.00030954004397654167,0.00030954004397654167,0.0003094921463410317,PASS,2026-04-08T12:05:22Z,D20260408.01
HSCEI,HK,index,2022-10-03,5864.31005859375,5940.1201171875,5803.0,5856.81982421875,5914.080078125,0.0,0.0,-0.009682022081176078,-0.009682022081176078,-0.009729197606914554,PASS,2026-04-08T12:05:22Z,D20260408.01
HSCEI,HK,index,2022-10-05,6088.52978515625,6253.66015625,6059.1201171875,6224.60986328125,5856.81982421875,0.0,0.0,0.06279688467479194,0.06279688467479194,0.06090400365608635,PASS,2026-04-08T12:05:22Z,D20260408.01
HSCEI,HK,index,2022-10-06,6233.52978515625,6238.919921875,6169.31005859375,6185.580078125,6224.60986328125,0.0,0.0,-0.0062702379769189465,-0.0062702379769189465,-0.006289978480762765,PASS,2026-04-08T12:05:22Z,D20260408.01
HSCEI,HK,index,2022-10-07,6129.169921875,6132.490234375,6061.2099609375,6074.64990234375,6185.580078125,0.0,0.0,-0.017933673864080957,-0.017933673864080957,-0.018096431018583985,PASS,2026-04-08T12:05:22Z,D20260408.01
HSCEI,HK,index,2022-10-10,5952.7900390625,5970.7998046875,5863.22998046875,5880.7099609375,6074.64990234375,0.0,0.0,-0.031926110067910796,-0.031926110067910796,-0.032446862044270434,PASS,2026-04-08T12:05:22Z,D20260408.01
HSCEI,HK,index,2022-10-11,5867.97998046875,5871.7099609375,5712.4501953125,5729.580078125,5880.7099609375,0.0,0.0,-0.025699258051557927,-0.025699258051557927,-0.02603525303163841,PASS,2026-04-08T12:05:22Z,D20260408.01
HSCEI,HK,index,2022-10-12,5705.41015625,5819.2998046875,5585.7001953125,5692.419921875,5729.580078125,0.0,0.0,-0.006485668363703345,-0.006485668363703345,-0.006506791692904823,PASS,2026-04-08T12:05:22Z,D20260408.01
HSCEI,HK,index,2022-10-13,5683.89990234375,5697.97021484375,5560.7998046875,5560.7998046875,5692.419921875,0.0,0.0,-0.023121997146012818,-0.023121997146012818,-0.023393503872298084,PASS,2026-04-08T12:05:22Z,D20260408.01
HSCEI,HK,index,2022-10-14,5641.7900390625,5781.5400390625,5604.52978515625,5629.2998046875,5560.7998046875,0.0,0.0,0.01231837189000351,0.01231837189000351,0.012243118119351467,PASS,2026-04-08T12:05:22Z,D20260408.01
HSCEI,HK,index,2022-10-17,5597.669921875,5689.009765625,5508.4599609375,5633.22998046875,5629.2998046875,0.0,0.0,0.0006981642331391757,0.0006981642331391757,0.0006979206298677582,PASS,2026-04-08T12:05:22Z,D20260408.01
HSCEI,HK,index,2022-10-18,5714.39013671875,5756.31005859375,5616.22021484375,5756.31005859375,5633.22998046875,0.0,0.0,0.02184893543344346,0.02184893543344346,0.021613668168707776,PASS,2026-04-08T12:05:22Z,D20260408.01
HSCEI,HK,index,2022-10-19,5716.47998046875,5758.75,5596.1201171875,5597.7900390625,5756.31005859375,0.0,0.0,-0.02753847828168865,-0.02753847828168865,-0.027924770628796808,PASS,2026-04-08T12:05:22Z,D20260408.01
HSCEI,HK,index,2022-10-20,5491.75,5573.66015625,5413.22998046875,5512.2998046875,5597.7900390625,0.0,0.0,-0.015272140215769392,-0.015272140215769392,-0.0153899604666519,PASS,2026-04-08T12:05:22Z,D20260408.01
HSCEI,HK,index,2022-10-21,5535.58984375,5557.10986328125,5487.43017578125,5517.43994140625,5512.2998046875,0.0,0.0,0.0009324849701350946,0.0009324849701350946,0.0009320504761104503,PASS,2026-04-08T12:05:22Z,D20260408.01
HSCEI,HK,index,2022-10-24,5387.22021484375,5429.47021484375,5100.7001953125,5114.47998046875,5517.43994140625,0.0,0.0,-0.0730338644764289,-0.0730338644764289,-0.07583824534184817,PASS,2026-04-08T12:05:22Z,D20260408.01
HSCEI,HK,index,2022-10-25,5150.47021484375,5254.06982421875,5025.8798828125,5180.31005859375,5114.47998046875,0.0,0.0,0.012871314068369166,0.012871314068369166,0.012789182713635614,PASS,2026-04-08T12:05:22Z,D20260408.01
HSCEI,HK,index,2022-10-26,5146.669921875,5313.6201171875,5122.8798828125,5217.5400390625,5180.31005859375,0.0,0.0,0.007186824735903263,0.007186824735903263,0.007161122582123838,PASS,2026-04-08T12:05:22Z,D20260408.01
HSCEI,HK,index,2022-10-27,5370.64013671875,5396.77001953125,5238.77978515625,5242.85986328125,5217.5400390625,0.0,0.0,0.004852827966663753,0.004852827966663753,0.004841090953514241,PASS,2026-04-08T12:05:22Z,D20260408.01
HSCEI,HK,index,2022-10-28,5233.43994140625,5233.43994140625,4995.1201171875,5028.97998046875,5242.85986328125,0.0,0.0,-0.040794506889345494,-0.040794506889345494,-0.041649948522663155,PASS,2026-04-08T12:05:22Z,D20260408.01
HSCEI,HK,index,2022-10-31,5013.85009765625,5104.47998046875,4919.02978515625,4938.56005859375,5028.97998046875,0.0,0.0,-0.017979773677001543,-0.017979773677001543,-0.01814337376952471,PASS,2026-04-08T12:05:22Z,D20260408.01
HSCEI,HK,index,2022-11-01,5005.740234375,5277.7099609375,4994.77978515625,5209.60009765625,4938.56005859375,0.0,0.0,0.054882402126679386,0.054882402126679386,0.053429293536599226,PASS,2026-04-08T12:05:22Z,D20260408.01
HSCEI,HK,index,2022-11-02,5176.06982421875,5374.93017578125,5137.2900390625,5355.02978515625,5209.60009765625,0.0,0.0,0.02791571037581697,0.02791571037581697,0.02753316987345475,PASS,2026-04-08T12:05:22Z,D20260408.01
HSCEI,HK,index,2022-11-03,5223.2998046875,5288.47021484375,5165.16015625,5170.509765625,5355.02978515625,0.0,0.0,-0.03445732833134296,-0.03445732833134296,-0.03506498164415645,PASS,2026-04-08T12:05:22Z,D20260408.01
HSCEI,HK,index,2022-11-04,5217.02001953125,5626.5,5217.02001953125,5482.52001953125,5170.509765625,0.0,0.0,0.060344195843238024,0.060344195843238024,0.05859356847575838,PASS,2026-04-08T12:05:22Z,D20260408.01
HSCEI,HK,index,2022-11-07,5414.14013671875,5711.64990234375,5395.68994140625,5636.2099609375,5482.52001953125,0.0,0.0,0.028032718687526215,0.028032718687526215,0.02764699404353754,PASS,2026-04-08T12:05:22Z,D20260408.01
HSCEI,HK,index,2022-11-08,5647.009765625,5680.240234375,5549.25,5602.60986328125,5636.2099609375,0.0,0.0,-0.005961470188144191,-0.005961470188144191,-0.005979310690632048,PASS,2026-04-08T12:05:22Z,D20260408.01
HSCEI,HK,index,2022-11-09,5605.259765625,5674.330078125,5486.490234375,5534.759765625,5602.60986328125,0.0,0.0,-0.01211044483052981,-0.01211044483052981,-0.012184373748537942,PASS,2026-04-08T12:05:22Z,D20260408.01
HSCEI,HK,index,2022-11-10,5454.27001953125,5454.27001953125,5384.16015625,5417.1298828125,5534.759765625,0.0,0.0,-0.02125293378460069,-0.02125293378460069,-0.021482029162690153,PASS,2026-04-08T12:05:22Z,D20260408.01
HSCEI,HK,index,2022-11-11,5785.6298828125,5882.16015625,5672.97998046875,5867.31005859375,5417.1298828125,0.0,0.0,0.08310307958640317,0.08310307958640317,0.0798301431630583,PASS,2026-04-08T12:05:22Z,D20260408.01
HSCEI,HK,index,2022-11-14,6137.06982421875,6137.06982421875,5939.77001953125,5979.7998046875,5867.31005859375,0.0,0.0,0.01917228593177689,0.01917228593177689,0.018990813483887665,PASS,2026-04-08T12:05:22Z,D20260408.01
HSCEI,HK,index,2022-11-15,5986.56005859375,6276.580078125,5945.60009765625,6269.2900390625,5979.7998046875,0.0,0.0,0.04841135887995307,0.04841135887995307,0.04727602689902921,PASS,2026-04-08T12:05:22Z,D20260408.01
HSCEI,HK,index,2022-11-16,6209.81982421875,6299.7900390625,6135.72021484375,6225.7099609375,6269.2900390625,0.0,0.0,-0.006951357785883627,-0.006951357785883627,-0.006975631026810205,PASS,2026-04-08T12:05:22Z,D20260408.01
HSCEI,HK,index,2022-11-17,6145.06982421875,6200.77978515625,6010.509765625,6140.56982421875,6225.7099609375,0.0,0.0,-0.013675570698434725,-0.013675570698434725,-0.013769942697105485,PASS,2026-04-08T12:05:22Z,D20260408.01
HSCEI,HK,index,2022-11-18,6252.02978515625,6276.14990234375,6095.72998046875,6125.39990234375,6140.56982421875,0.0,0.0,-0.0024704420451615583,-0.0024704420451615583,-0.0024734986222128487,PASS,2026-04-08T12:05:22Z,D20260408.01
HSCEI,HK,index,2022-11-21,5996.35009765625,6044.06005859375,5899.6201171875,6001.89990234375,6125.39990234375,0.0,0.0,-0.020161948928876572,-0.020161948928876572,-0.020367974982525416,PASS,2026-04-08T12:05:22Z,D20260408.01
HSCEI,HK,index,2022-11-22,5993.41015625,6033.419921875,5854.18994140625,5901.22021484375,6001.89990234375,0.0,0.0,-0.016774636221554506,-0.016774636221554506,-0.01691692389213638,PASS,2026-04-08T12:05:22Z,D20260408.01
HSCEI,HK,index,2022-11-23,5918.31982421875,6001.1298828125,5887.35009765625,5945.10986328125,5901.22021484375,0.0,0.0,0.007437385293146859,0.007437385293146859,0.007409864314987141,PASS,2026-04-08T12:05:22Z,D20260408.01
HSCEI,HK,index,2022-11-24,5997.18017578125,6030.85009765625,5937.0,5992.35009765625,5945.10986328125,0.0,0.0,0.007946065835851002,0.007946065835851002,0.007914662102446447,PASS,2026-04-08T12:05:22Z,D20260408.01
HSCEI,HK,index,2022-11-25,5992.2998046875,5994.509765625,5902.14013671875,5971.10009765625,5992.35009765625,0.0,0.0,-0.0035461879986470324,-0.0035461879986470324,-0.0035524906279250346,PASS,2026-04-08T12:05:22Z,D20260408.01
HSCEI,HK,index,2022-11-28,5751.9599609375,5892.56005859375,5701.8798828125,5872.3798828125,5971.10009765625,0.0,0.0,-0.016533002835189325,-0.016533002835189325,-0.01667119823378773,PASS,2026-04-08T12:05:22Z,D20260408.01
HSCEI,HK,index,2022-11-29,5987.9501953125,6236.72021484375,5974.16015625,6236.72021484375,5872.3798828125,0.0,0.0,0.062043045460600244,0.062043045460600244,0.06019445444710571,PASS,2026-04-08T12:05:22Z,D20260408.01
HSCEI,HK,index,2022-11-30,6189.7001953125,6398.3798828125,6148.0,6374.43994140625,6236.72021484375,0.0,0.0,0.022082075484918917,0.022082075484918917,0.021841797250600623,PASS,2026-04-08T12:05:22Z,D20260408.01
HSCEI,HK,index,2022-12-01,6546.27978515625,6607.5400390625,6368.080078125,6384.89990234375,6374.43994140625,0.0,0.0,0.0016409223451232524,0.0016409223451232524,0.0016395775030385088,PASS,2026-04-08T12:05:22Z,D20260408.01
HSCEI,HK,index,2022-12-02,6401.93017578125,6435.22998046875,6313.33984375,6368.740234375,6384.89990234375,0.0,0.0,-0.0025309195470422097,-0.0025309195470422097,-0.002534127738178004,PASS,2026-04-08T12:05:22Z,D20260408.01
HSCEI,HK,index,2022-12-05,6576.669921875,6710.5,6506.85986328125,6706.2900390625,6368.740234375,0.0,0.0,0.05300103195693073,0.05300103195693073,0.0516442131674368,PASS,2026-04-08T12:05:22Z,D20260408.01
HSCEI,HK,index,2022-12-06,6582.72021484375,6726.22021484375,6573.89013671875,6652.9501953125,6706.2900390625,0.0,0.0,-0.007953703678085566,-0.007953703678085566,-0.007985503106910635,PASS,2026-04-08T12:05:22Z,D20260408.01
HSCEI,HK,index,2022-12-07,6633.02978515625,6780.830078125,6424.77978515625,6432.9501953125,6652.9501953125,0.0,0.0,-0.03306803651634227,-0.03306803651634227,-0.03362714434572253,PASS,2026-04-08T12:05:22Z,D20260408.01
HSCEI,HK,index,2022-12-08,6499.5400390625,6690.5498046875,6499.5400390625,6666.77001953125,6432.9501953125,0.0,0.0,0.03634721505991578,0.03634721505991578,0.035702237358918906,PASS,2026-04-08T12:05:22Z,D20260408.01
HSCEI,HK,index,2022-12-09,6675.35986328125,6840.77978515625,6641.58984375,6834.2099609375,6666.77001953125,0.0,0.0,0.02511560184552808,0.02511560184552808,0.024805388519247448,PASS,2026-04-08T12:05:22Z,D20260408.01
HSCEI,HK,index,2022-12-12,6702.669921875,6753.25,6587.759765625,6628.2998046875,6834.2099609375,0.0,0.0,-0.03012932839741933,-0.03012932839741933,-0.03059254461847128,PASS,2026-04-08T12:05:22Z,D20260408.01
HSCEI,HK,index,2022-12-13,6622.52978515625,6727.0498046875,6601.66015625,6654.85009765625,6628.2998046875,0.0,0.0,0.004005596269193168,0.004005596269193168,0.00399759522730289,PASS,2026-04-08T12:05:22Z,D20260408.01
HSCEI,HK,index,2022-12-14,6727.3701171875,6764.10009765625,6633.27001953125,6702.35986328125,6654.85009765625,0.0,0.0,0.007139118827294455,0.007139118827294455,0.0071137559592888665,PASS,2026-04-08T12:05:22Z,D20260408.01
HSCEI,HK,index,2022-12-15,6684.7900390625,6702.8798828125,6543.3798828125,6591.4599609375,6702.35986328125,0.0,0.0,-0.016546396285182063,-0.016546396285182063,-0.01668481693297361,PASS,2026-04-08T12:05:22Z,D20260408.01
HSCEI,HK,index,2022-12-16,6577.81005859375,6704.02001953125,6515.5498046875,6634.75,6591.4599609375,0.0,0.0,0.006567594936333743,0.006567594936333743,0.006546122249374546,PASS,2026-04-08T12:05:22Z,D20260408.01
HSCEI,HK,index,2022-12-19,6651.10009765625,6782.5,6564.740234375,6604.6201171875,6634.75,0.0,0.0,-0.004541223529522576,-0.004541223529522576,-0.004551566209253946,PASS,2026-04-08T12:05:22Z,D20260408.01
HSCEI,HK,index,2022-12-20,6529.0400390625,6546.89013671875,6393.35009765625,6472.2900390625,6604.6201171875,0.0,0.0,-0.020035986290964924,-0.020035986290964924,-0.020239428696807293,PASS,2026-04-08T12:05:22Z,D20260408.01
HSCEI,HK,index,2022-12-21,6496.68017578125,6524.02978515625,6452.06982421875,6500.18017578125,6472.2900390625,0.0,0.0,0.004309160521302813,0.004309160521302813,0.004299902675271517,PASS,2026-04-08T12:05:22Z,D20260408.01
HSCEI,HK,index,2022-12-22,6633.97021484375,6734.4501953125,6617.31982421875,6716.31982421875,6500.18017578125,0.0,0.0,0.03325133190043039,0.03325133190043039,0.032710463448729084,PASS,2026-04-08T12:05:22Z,D20260408.01
HSCEI,HK,index,2022-12-23,6599.18994140625,6703.7998046875,6597.06005859375,6642.89990234375,6716.31982421875,0.0,0.0,-0.010931570234379073,-0.010931570234379073,-0.010991758887865,PASS,2026-04-08T12:05:22Z,D20260408.01
HSCEI,HK,index,2022-12-28,6706.06005859375,6840.31005859375,6706.06005859375,6772.759765625,6642.89990234375,0.0,0.0,0.01954867078991107,0.01954867078991107,0.019360049755452396,PASS,2026-04-08T12:05:22Z,D20260408.01
HSCEI,HK,index,2022-12-29,6670.81005859375,6718.27001953125,6617.7900390625,6695.56982421875,6772.759765625,0.0,0.0,-0.011397117877711471,-0.011397117877711471,-0.011462562756165317,PASS,2026-04-08T12:05:22Z,D20260408.01
HSCEI,HK,index,2022-12-30,6810.3701171875,6821.6201171875,6702.60986328125,6704.93994140625,6695.56982421875,0.0,0.0,0.0013994502982563883,0.0013994502982563883,0.0013984719803195975,PASS,2026-04-08T12:05:22Z,D20260408.01
HSCEI,HK,index,2023-01-03,6624.7900390625,6860.7998046875,6536.2998046875,6833.97998046875,6704.93994140625,0.0,0.0,0.019245517512485932,0.019245517512485932,0.01906266487825521,PASS,2026-04-08T12:05:22Z,D20260408.01
HSCEI,HK,index,2023-01-04,6891.31982421875,7065.52978515625,6855.35986328125,7065.52978515625,6833.97998046875,0.0,0.0,0.03388213096164461,0.03388213096164461,0.03332077632124282,PASS,2026-04-08T12:05:22Z,D20260408.01
HSCEI,HK,index,2023-01-05,7240.18994140625,7286.72998046875,7136.2001953125,7172.43017578125,7065.52978515625,0.0,0.0,0.015129847849425726,0.015129847849425726,0.01501653322723511,PASS,2026-04-08T12:05:22Z,D20260408.01
HSCEI,HK,index,2023-01-06,7250.47998046875,7260.60009765625,7099.89013671875,7143.64013671875,7172.43017578125,0.0,0.0,-0.004013986662388724,-0.004013986662388724,-0.00402206432986395,PASS,2026-04-08T12:05:22Z,D20260408.01
HSCEI,HK,index,2023-01-09,7243.64013671875,7318.72998046875,7199.490234375,7286.06982421875,7143.64013671875,0.0,0.0,0.019937970666789706,0.019937970666789706,0.019741812375215096,PASS,2026-04-08T12:05:22Z,D20260408.01
HSCEI,HK,index,2023-01-10,7279.43017578125,7290.3701171875,7202.419921875,7263.6298828125,7286.06982421875,0.0,0.0,-0.0030798416632874526,-0.0030798416632874526,-0.0030845941360404952,PASS,2026-04-08T12:05:22Z,D20260408.01
HSCEI,HK,index,2023-01-11,7304.81005859375,7403.9501953125,7271.35986328125,7310.919921875,7263.6298828125,0.0,0.0,0.006510524328118494,0.006510524328118494,0.006489422404808762,PASS,2026-04-08T12:05:22Z,D20260408.01
HSCEI,HK,index,2023-01-12,7365.85986328125,7403.2001953125,7219.31982421875,7311.83984375,7310.919921875,0.0,0.0,0.0001258284709488855,0.0001258284709488855,0.00012582055521084468,PASS,2026-04-08T12:05:22Z,D20260408.01
HSCEI,HK,index,2023-01-13,7326.77978515625,7407.06005859375,7283.31982421875,7391.18017578125,7311.83984375,0.0,0.0,0.010850939534605475,0.010850939534605475,0.010792490527838896,PASS,2026-04-08T12:05:22Z,D20260408.01
HSCEI,HK,index,2023-01-16,7423.4501953125,7445.02001953125,7288.18017578125,7350.33984375,7391.18017578125,0.0,0.0,-0.005525549514416084,-0.005525549514416084,-0.005540871832017266,PASS,2026-04-08T12:05:22Z,D20260408.01
HSCEI,HK,index,2023-01-17,7333.7998046875,7389.14990234375,7249.5498046875,7314.0400390625,7350.33984375,0.0,0.0,-0.00493852059348876,-0.00493852059348876,-0.004950755384113141,PASS,2026-04-08T12:05:22Z,D20260408.01
HSCEI,HK,index,2023-01-18,7291.080078125,7358.52001953125,7242.81982421875,7340.72998046875,7314.0400390625,0.0,0.0,0.0036491379953766945,0.0036491379953766945,0.003642496044681038,PASS,2026-04-08T12:05:22Z,D20260408.01
HSCEI,HK,index,2023-01-19,7249.27978515625,7353.259765625,7229.02978515625,7312.759765625,7340.72998046875,0.0,0.0,-0.0038102770321438717,-0.0038102770321438717,-0.0038175546299991816,PASS,2026-04-08T12:05:22Z,D20260408.01
HSCEI,HK,index,2023-01-20,7378.2900390625,7494.52978515625,7370.52978515625,7483.580078125,7312.759765625,0.0,0.0,0.023359212933942164,0.023359212933942164,0.023090562123217376,PASS,2026-04-08T12:05:22Z,D20260408.01
HSCEI,HK,index,2023-01-26,7608.06982421875,7706.72021484375,7588.240234375,7706.72021484375,7483.580078125,0.0,0.0,0.029817297922822172,0.029817297922822172,0.029381405850280772,PASS,2026-04-08T12:05:22Z,D20260408.01
HSCEI,HK,index,2023-01-27,7727.4501953125,7773.60986328125,7692.3798828125,7773.60986328125,7706.72021484375,0.0,0.0,0.008679392344964842,0.008679392344964842,0.008641942955182506,PASS,2026-04-08T12:05:22Z,D20260408.01
HSCEI,HK,index,2023-01-30,7719.8798828125,7734.1201171875,7465.0498046875,7496.06982421875,7773.60986328125,0.0,0.0,-0.0357028515636556,-0.0357028515636556,-0.036355786603485596,PASS,2026-04-08T12:05:22Z,D20260408.01
HSCEI,HK,index,2023-01-31,7551.419921875,7586.240234375,7349.509765625,7424.919921875,7496.06982421875,0.0,0.0,-0.009491627481093445,-0.009491627481093445,-0.009536960058553083,PASS,2026-04-08T12:05:22Z,D20260408.01
HSCEI,HK,index,2023-02-01,7459.16015625,7563.66015625,7406.39013671875,7560.39990234375,7424.919921875,0.0,0.0,0.018246658804979665,0.018246658804979665,0.018082186229908506,PASS,2026-04-08T12:05:22Z,D20260408.01
HSCEI,HK,index,2023-02-02,7639.02001953125,7644.85009765625,7495.7099609375,7505.7900390625,7560.39990234375,0.0,0.0,-0.007223144805385329,-0.007223144805385329,-0.007249358019996015,PASS,2026-04-08T12:05:22Z,D20260408.01
HSCEI,HK,index,2023-02-03,7456.7001953125,7463.27978515625,7318.43994140625,7387.02001953125,7505.7900390625,0.0,0.0,-0.015823786558527897,-0.015823786558527897,-0.01595031926187707,PASS,2026-04-08T12:05:22Z,D20260408.01
HSCEI,HK,index,2023-02-06,7242.02978515625,7244.16015625,7142.41015625,7189.3701171875,7387.02001953125,0.0,0.0,-0.02675637832592359,-0.02675637832592359,-0.027120846148725085,PASS,2026-04-08T12:05:22Z,D20260408.01
HSCEI,HK,index,2023-02-07,7216.02978515625,7315.72998046875,7210.2900390625,7232.25,7189.3701171875,0.0,0.0,0.005964344874940908,0.005964344874940908,0.005946628579210608,PASS,2026-04-08T12:05:22Z,D20260408.01
HSCEI,HK,index,2023-02-08,7219.14013671875,7270.58984375,7143.68994140625,7189.2900390625,7232.25,0.0,0.0,-0.0059400547461024855,-0.0059400547461024855,-0.005957767047486478,PASS,2026-04-08T12:05:22Z,D20260408.01
HSCEI,HK,index,2023-02-09,7137.14013671875,7315.1201171875,7137.14013671875,7313.72998046875,7189.2900390625,0.0,0.0,0.017309072346520127,0.017309072346520127,0.01716097684181258,PASS,2026-04-08T12:05:22Z,D20260408.01
HSCEI,HK,index,2023-02-10,7272.10986328125,7284.41015625,7115.669921875,7126.18994140625,7313.72998046875,0.0,0.0,-0.025642187989346588,-0.025642187989346588,-0.02597667934040686,PASS,2026-04-08T12:05:22Z,D20260408.01
HSCEI,HK,index,2023-02-13,7040.89990234375,7170.52978515625,7003.4599609375,7144.4501953125,7126.18994140625,0.0,0.0,0.0025624147063707525,0.0025624147063707525,0.002559137319296384,PASS,2026-04-08T12:05:22Z,D20260408.01
HSCEI,HK,index,2023-02-14,7167.3798828125,7170.72998046875,7105.31005859375,7110.419921875,7144.4501953125,0.0,0.0,-0.004763175962767208,-0.004763175962767208,-0.004774556036636626,PASS,2026-04-08T12:05:22Z,D20260408.01
HSCEI,HK,index,2023-02-15,7122.56005859375,7127.68017578125,6975.68017578125,7018.14013671875,7110.419921875,0.0,0.0,-0.012978106239879605,-0.012978106239879605,-0.013063057666893672,PASS,2026-04-08T12:05:22Z,D20260408.01
HSCEI,HK,index,2023-02-16,7061.27978515625,7212.39013671875,7040.10009765625,7089.9501953125,7018.14013671875,0.0,0.0,0.010232063936432612,0.010232063936432612,0.010180070734636093,PASS,2026-04-08T12:05:22Z,D20260408.01
HSCEI,HK,index,2023-02-17,7086.2001953125,7128.60009765625,6986.52001953125,6991.27001953125,7089.9501953125,0.0,0.0,-0.013918317204328456,-0.013918317204328456,-0.014016085218800685,PASS,2026-04-08T12:05:22Z,D20260408.01
HSCEI,HK,index,2023-02-20,6976.06982421875,7100.85986328125,6946.2900390625,7063.93994140625,6991.27001953125,0.0,0.0,0.010394380659305869,0.010394380659305869,0.010340730537596227,PASS,2026-04-08T12:05:22Z,D20260408.01
HSCEI,HK,index,2023-02-21,7056.7001953125,7085.72998046875,6919.83984375,6925.06982421875,7063.93994140625,0.0,0.0,-0.01965901725374164,-0.01965901725374164,-0.019854826257338254,PASS,2026-04-08T12:05:22Z,D20260408.01
HSCEI,HK,index,2023-02-22,6879.66015625,6923.06982421875,6822.27978515625,6832.759765625,6925.06982421875,0.0,0.0,-0.013329837956422952,-0.013329837956422952,-0.013419477726682226,PASS,2026-04-08T12:05:22Z,D20260408.01
HSCEI,HK,index,2023-02-23,6806.6298828125,6935.009765625,6806.18017578125,6859.9501953125,6832.759765625,0.0,0.0,0.003979421290982943,0.003979421290982943,0.003971524337348231,PASS,2026-04-08T12:05:22Z,D20260408.01
HSCEI,HK,index,2023-02-24,6802.240234375,6813.5,6703.4501953125,6703.4501953125,6859.9501953125,0.0,0.0,-0.022813576708900718,-0.022813576708900718,-0.023077833175317367,PASS,2026-04-08T12:05:22Z,D20260408.01
HSCEI,HK,index,2023-02-27,6644.75,6743.89013671875,6628.68994140625,6670.22021484375,6703.4501953125,0.0,0.0,-0.004957145872730773,-0.004957145872730773,-0.004969473276365035,PASS,2026-04-08T12:05:22Z,D20260408.01
HSCEI,HK,index,2023-02-28,6688.31005859375,6738.89013671875,6578.89013671875,6581.47021484375,6670.22021484375,0.0,0.0,-0.013305407788861023,-0.013305407788861023,-0.013394717815965768,PASS,2026-04-08T12:05:22Z,D20260408.01
HSCEI,HK,index,2023-03-01,6594.8798828125,6935.64990234375,6594.8798828125,6914.2998046875,6581.47021484375,0.0,0.0,0.05057070517360862,0.05057070517360862,0.04933354524796018,PASS,2026-04-08T12:05:22Z,D20260408.01
HSCEI,HK,index,2023-03-02,6833.240234375,6900.58984375,6810.2900390625,6857.2001953125,6914.2998046875,0.0,0.0,-0.00825819113835502,-0.00825819113835502,-0.008292478899199068,PASS,2026-04-08T12:05:22Z,D20260408.01
HSCEI,HK,index,2023-03-03,6967.5,6993.10986328125,6892.1201171875,6939.6201171875,6857.2001953125,0.0,0.0,0.012019471435490647,0.012019471435490647,0.011947811229080616,PASS,2026-04-08T12:05:22Z,D20260408.01
HSCEI,HK,index,2023-03-06,6887.93017578125,6973.2001953125,6859.14990234375,6937.5,6939.6201171875,0.0,0.0,-0.0003055091131356491,-0.0003055091131356491,-0.000305555790551913,PASS,2026-04-08T12:05:22Z,D20260408.01
HSCEI,HK,index,2023-03-07,6932.8701171875,7100.9501953125,6846.2099609375,6912.27978515625,6937.5,0.0,0.0,-0.0036353462837838135,-0.0036353462837838135,-0.003641970213476913,PASS,2026-04-08T12:05:22Z,D20260408.01
HSCEI,HK,index,2023-03-08,6808.419921875,6813.5400390625,6696.52001953125,6727.18017578125,6912.27978515625,0.0,0.0,-0.0267783734351279,-0.0267783734351279,-0.027143446202052668,PASS,2026-04-08T12:05:22Z,D20260408.01
HSCEI,HK,index,2023-03-09,6727.14990234375,6751.9599609375,6645.08984375,6649.6298828125,6727.18017578125,0.0,0.0,-0.011527904849039317,-0.011527904849039317,-0.011594866258078028,PASS,2026-04-08T12:05:22Z,D20260408.01
HSCEI,HK,index,2023-03-10,6517.68017578125,6547.10009765625,6424.64990234375,6445.89990234375,6649.6298828125,0.0,0.0,-0.030637792487569482,-0.030637792487569482,-0.03111694177291121,PASS,2026-04-08T12:05:22Z,D20260408.01
HSCEI,HK,index,2023-03-13,6490.2001953125,6645.41015625,6488.58984375,6590.22998046875,6445.89990234375,0.0,0.0,0.022390989669653694,0.022390989669653694,0.02214399168138154,PASS,2026-04-08T12:05:22Z,D20260408.01
HSCEI,HK,index,2023-03-14,6549.669921875,6597.93994140625,6398.4599609375,6439.0,6590.22998046875,0.0,0.0,-0.02294760287834341,-0.02294760287834341,-0.023214997751369044,PASS,2026-04-08T12:05:22Z,D20260408.01
HSCEI,HK,index,2023-03-15,6527.330078125,6621.6201171875,6520.39990234375,6559.85986328125,6439.0,0.0,0.0,0.018769974107974763,0.018769974107974763,0.018595991867086367,PASS,2026-04-08T12:05:22Z,D20260408.01
HSCEI,HK,index,2023-03-16,6464.7099609375,6565.9599609375,6451.7099609375,6482.47021484375,6559.85986328125,0.0,0.0,-0.011797454526534579,-0.011797454526534579,-0.011867596705088683,PASS,2026-04-08T12:05:22Z,D20260408.01
HSCEI,HK,index,2023-03-17,6573.52001953125,6659.6201171875,6523.080078125,6615.7099609375,6482.47021484375,0.0,0.0,0.020553853959660806,0.020553853959660806,0.020345474006338318,PASS,2026-04-08T12:05:22Z,D20260408.01
HSCEI,HK,index,2023-03-20,6568.77978515625,6590.81005859375,6408.7900390625,6469.64990234375,6615.7099609375,0.0,0.0,-0.022077760279117786,-0.022077760279117786,-0.0223251215962171,PASS,2026-04-08T12:05:22Z,D20260408.01
HSCEI,HK,index,2023-03-21,6489.60986328125,6567.080078125,6447.72021484375,6549.77978515625,6469.64990234375,0.0,0.0,0.012385505247118678,0.012385505247118678,0.01230943236697833,PASS,2026-04-08T12:05:22Z,D20260408.01
HSCEI,HK,index,2023-03-22,6603.25,6726.8798828125,6603.25,6639.990234375,6549.77978515625,0.0,0.0,0.013773050725032654,0.013773050725032654,0.013679064265460523,PASS,2026-04-08T12:05:22Z,D20260408.01
HSCEI,HK,index,2023-03-23,6654.85009765625,6837.72021484375,6630.97021484375,6836.4599609375,6639.990234375,0.0,0.0,0.029588857758462206,0.029588857758462206,0.029159555328307038,PASS,2026-04-08T12:05:22Z,D20260408.01
HSCEI,HK,index,2023-03-24,6798.68994140625,6881.93994140625,6764.06982421875,6794.7998046875,6836.4599609375,0.0,0.0,-0.006093819972330716,-0.006093819972330716,-0.006112463070300345,PASS,2026-04-08T12:05:22Z,D20260408.01
HSCEI,HK,index,2023-03-27,6777.259765625,6777.259765625,6626.0400390625,6648.68017578125,6794.7998046875,0.0,0.0,-0.021504626053213127,-0.021504626053213127,-0.021739219855917685,PASS,2026-04-08T12:05:22Z,D20260408.01
HSCEI,HK,index,2023-03-28,6680.06982421875,6762.5400390625,6645.419921875,6729.759765625,6648.68017578125,0.0,0.0,0.012194839832887938,0.012194839832887938,0.012121081812990438,PASS,2026-04-08T12:05:22Z,D20260408.01
HSCEI,HK,index,2023-03-29,6935.72021484375,6976.009765625,6851.85986328125,6878.93017578125,6729.759765625,0.0,0.0,0.0221657853105246,0.0221657853105246,0.02192369517233297,PASS,2026-04-08T12:05:22Z,D20260408.01
HSCEI,HK,index,2023-03-30,6892.1298828125,6934.14013671875,6809.41015625,6922.66015625,6878.93017578125,0.0,0.0,0.006357090325282089,0.006357090325282089,0.006336969255861854,PASS,2026-04-08T12:05:22Z,D20260408.01
HSCEI,HK,index,2023-03-31,7030.1298828125,7088.16015625,6952.56982421875,6968.85986328125,6922.66015625,0.0,0.0,0.006673692769612494,0.006673692769612494,0.006651522266774218,PASS,2026-04-08T12:05:22Z,D20260408.01
HSCEI,HK,index,2023-04-03,6958.31982421875,6998.77001953125,6885.9501953125,6940.4501953125,6968.85986328125,0.0,0.0,-0.004076659385624848,-0.004076659385624848,-0.004084991614313376,PASS,2026-04-08T12:05:22Z,D20260408.01
HSCEI,HK,index,2023-04-04,6910.89013671875,6910.89013671875,6817.93994140625,6875.47021484375,6940.4501953125,0.0,0.0,-0.00936250223546542,-0.00936250223546542,-0.009406605956164455,PASS,2026-04-08T12:05:22Z,D20260408.01
HSCEI,HK,index,2023-04-06,6816.509765625,6897.25,6795.52001953125,6894.0498046875,6875.47021484375,0.0,0.0,0.0027023009718867286,0.0027023009718867286,0.0026986563211011654,PASS,2026-04-08T12:05:22Z,D20260408.01
HSCEI,HK,index,2023-04-11,6978.5400390625,7046.3798828125,6873.31982421875,6950.3701171875,6894.0498046875,0.0,0.0,0.008169408996973937,0.008169408996973937,0.008136220009049068,PASS,2026-04-08T12:05:22Z,D20260408.01
HSCEI,HK,index,2023-04-12,6945.52001953125,6957.1201171875,6839.33984375,6866.5,6950.3701171875,0.0,0.0,-0.012067000141488649,-0.012067000141488649,-0.0121403974421256,PASS,2026-04-08T12:05:22Z,D20260408.01
HSCEI,HK,index,2023-04-13,6741.2001953125,6875.4501953125,6710.5,6875.4501953125,6866.5,0.0,0.0,0.0013034581391537792,0.0013034581391537792,0.0013026093750657635,PASS,2026-04-08T12:05:22Z,D20260408.01
HSCEI,HK,index,2023-04-14,6898.97998046875,6935.2900390625,6857.81982421875,6914.39990234375,6875.4501953125,0.0,0.0,0.005665040968197976,0.005665040968197976,0.005649054969421549,PASS,2026-04-08T12:05:22Z,D20260408.01
HSCEI,HK,index,2023-04-17,6880.22021484375,7092.240234375,6852.47998046875,7056.16015625,6914.39990234375,0.0,0.0,0.020502177471424243,0.020502177471424243,0.020294836995446097,PASS,2026-04-08T12:05:22Z,D20260408.01
HSCEI,HK,index,2023-04-18,7004.52001953125,7052.25,6973.490234375,7002.91015625,7056.16015625,0.0,0.0,-0.007546597415711065,-0.007546597415711065,-0.007575217060195962,PASS,2026-04-08T12:05:22Z,D20260408.01
HSCEI,HK,index,2023-04-19,6999.490234375,7000.3798828125,6874.81982421875,6889.009765625,7002.91015625,0.0,0.0,-0.016264722534437448,-0.016264722534437448,-0.016398445090021162,PASS,2026-04-08T12:05:22Z,D20260408.01
HSCEI,HK,index,2023-04-20,6891.0400390625,6926.60009765625,6861.169921875,6895.2900390625,6889.009765625,0.0,0.0,0.0009116365996224562,0.0009116365996224562,0.0009112213113530628,PASS,2026-04-08T12:05:22Z,D20260408.01
HSCEI,HK,index,2023-04-21,6872.0400390625,6889.7900390625,6727.27978515625,6764.18994140625,6895.2900390625,0.0,0.0,-0.01901299247943955,-0.01901299247943955,-0.019196063622153453,PASS,2026-04-08T12:05:22Z,D20260408.01
HSCEI,HK,index,2023-04-24,6762.22021484375,6800.39990234375,6651.47998046875,6733.14013671875,6764.18994140625,0.0,0.0,-0.004590321229365868,-0.004590321229365868,-0.00460088910622787,PASS,2026-04-08T12:05:22Z,D20260408.01
HSCEI,HK,index,2023-04-25,6709.669921875,6709.669921875,6562.66015625,6601.35986328125,6733.14013671875,0.0,0.0,-0.019571889305978418,-0.019571889305978418,-0.019765955060712347,PASS,2026-04-08T12:05:22Z,D20260408.01
HSCEI,HK,index,2023-04-26,6568.5498046875,6710.259765625,6567.31982421875,6654.39990234375,6601.35986328125,0.0,0.0,0.008034714083309469,0.008034714083309469,0.008002607630894549,PASS,2026-04-08T12:05:22Z,D20260408.01
HSCEI,HK,index,2023-04-27,6625.22998046875,6691.89013671875,6599.7998046875,6675.39990234375,6654.39990234375,0.0,0.0,0.0031558067306118875,0.0031558067306118875,0.0031508376241664,PASS,2026-04-08T12:05:22Z,D20260408.01
HSCEI,HK,index,2023-04-28,6709.60009765625,6801.259765625,6695.3701171875,6702.14990234375,6675.39990234375,0.0,0.0,0.004007250560465803,0.004007250560465803,0.003999242917232013,PASS,2026-04-08T12:05:22Z,D20260408.01
HSCEI,HK,index,2023-05-02,6785.72021484375,6845.0,6632.56982421875,6680.2099609375,6702.14990234375,0.0,0.0,-0.003273567694834445,-0.003273567694834445,-0.003278937539797289,PASS,2026-04-08T12:05:22Z,D20260408.01
HSCEI,HK,index,2023-05-03,6589.93017578125,6610.52978515625,6533.56982421875,6589.35009765625,6680.2099609375,0.0,0.0,-0.013601348432542237,-0.013601348432542237,-0.013694694157006472,PASS,2026-04-08T12:05:22Z,D20260408.01
HSCEI,HK,index,2023-05-04,6598.830078125,6729.85009765625,6598.830078125,6718.7998046875,6589.35009765625,0.0,0.0,0.019645292041364337,0.019645292041364337,0.01945481391549475,PASS,2026-04-08T12:05:22Z,D20260408.01
HSCEI,HK,index,2023-05-05,6776.2998046875,6841.66015625,6746.77978515625,6797.75,6718.7998046875,0.0,0.0,0.011750639639153793,0.011750639639153793,0.01168213698431638,PASS,2026-04-08T12:05:22Z,D20260408.01
HSCEI,HK,index,2023-05-08,6811.240234375,6907.77001953125,6806.06982421875,6897.68017578125,6797.75,0.0,0.0,0.014700478214298762,0.014700478214298762,0.014593473589177942,PASS,2026-04-08T12:05:22Z,D20260408.01
HSCEI,HK,index,2023-05-09,6889.35986328125,6900.33984375,6719.2900390625,6735.1298828125,6897.68017578125,0.0,0.0,-0.0235659364926033,-0.0235659364926033,-0.02384805423511973,PASS,2026-04-08T12:05:22Z,D20260408.01
HSCEI,HK,index,2023-05-10,6741.75,6744.259765625,6659.16015625,6683.22998046875,6735.1298828125,0.0,0.0,-0.0077058502577944665,-0.0077058502577944665,-0.007735693733653496,PASS,2026-04-08T12:05:22Z,D20260408.01
HSCEI,HK,index,2023-05-11,6729.93994140625,6738.58984375,6622.259765625,6695.10986328125,6683.22998046875,0.0,0.0,0.0017775660641963231,0.0017775660641963231,0.0017759880633637763,PASS,2026-04-08T12:05:22Z,D20260408.01
HSCEI,HK,index,2023-05-12,6748.18994140625,6758.14990234375,6655.68017578125,6663.5498046875,6695.10986328125,0.0,0.0,-0.0047138970439960515,-0.0047138970439960515,-0.00472504249613633,PASS,2026-04-08T12:05:22Z,D20260408.01
HSCEI,HK,index,2023-05-15,6632.47021484375,6821.4501953125,6606.490234375,6780.080078125,6663.5498046875,0.0,0.0,0.017487717035674644,0.017487717035674644,0.017336566552338662,PASS,2026-04-08T12:05:22Z,D20260408.01
HSCEI,HK,index,2023-05-16,6852.2998046875,6854.66015625,6755.1298828125,6789.3701171875,6780.080078125,0.0,0.0,0.0013701960678123015,0.0013701960678123015,0.0013692582057856686,PASS,2026-04-08T12:05:22Z,D20260408.01
HSCEI,HK,index,2023-05-17,6787.7099609375,6804.56982421875,6625.81982421875,6636.66015625,6789.3701171875,0.0,0.0,-0.02249250789125634,-0.02249250789125634,-0.02274932259061423,PASS,2026-04-08T12:05:22Z,D20260408.01
HSCEI,HK,index,2023-05-18,6687.740234375,6769.580078125,6668.77978515625,6715.56005859375,6636.66015625,0.0,0.0,0.011888495189775083,0.011888495189775083,0.011818382175923818,PASS,2026-04-08T12:05:22Z,D20260408.01
HSCEI,HK,index,2023-05-19,6641.22998046875,6659.85986328125,6566.35009765625,6593.919921875,6715.56005859375,0.0,0.0,-0.018113178298969967,-0.018113178298969967,-0.018279230120066183,PASS,2026-04-08T12:05:22Z,D20260408.01
HSCEI,HK,index,2023-05-22,6609.93017578125,6739.7099609375,6581.56005859375,6693.64013671875,6593.919921875,0.0,0.0,0.015123055181931022,0.015123055181931022,0.015009841777628426,PASS,2026-04-08T12:05:22Z,D20260408.01
HSCEI,HK,index,2023-05-23,6721.7099609375,6753.330078125,6579.1201171875,6603.56982421875,6693.64013671875,0.0,0.0,-0.013456103205475411,-0.013456103205475411,-0.01354745699852985,PASS,2026-04-08T12:05:22Z,D20260408.01
HSCEI,HK,index,2023-05-24,6545.43994140625,6557.6298828125,6448.93994140625,6478.080078125,6603.56982421875,0.0,0.0,-0.019003319330934243,-0.019003319330934243,-0.019186203042207133,PASS,2026-04-08T12:05:22Z,D20260408.01
HSCEI,HK,index,2023-05-25,6413.41015625,6423.89013671875,6289.22021484375,6333.6298828125,6478.080078125,0.0,0.0,-0.022298303443372913,-0.022298303443372913,-0.022550669219253333,PASS,2026-04-08T12:05:22Z,D20260408.01
HSCEI,HK,index,2023-05-29,6359.990234375,6378.43994140625,6239.3701171875,6251.0400390625,6333.6298828125,0.0,0.0,-0.013039891070067644,-0.013039891070067644,-0.013125656849787962,PASS,2026-04-08T12:05:22Z,D20260408.01
HSCEI,HK,index,2023-05-30,6268.990234375,6306.66015625,6189.3798828125,6283.7099609375,6251.0400390625,0.0,0.0,0.005226317808052272,0.005226317808052272,0.005212708007968873,PASS,2026-04-08T12:05:22Z,D20260408.01
HSCEI,HK,index,2023-05-31,6207.89013671875,6213.330078125,6084.02001953125,6163.33984375,6283.7099609375,0.0,0.0,-0.019155899609590077,-0.019155899609590077,-0.019341751117704958,PASS,2026-04-08T12:05:22Z,D20260408.01
HSCEI,HK,index,2023-06-01,6136.93017578125,6247.10009765625,6136.93017578125,6149.64013671875,6163.33984375,0.0,0.0,-0.002222773265560307,-0.002222773265560307,-0.002225247292869748,PASS,2026-04-08T12:05:22Z,D20260408.01
HSCEI,HK,index,2023-06-02,6271.64990234375,6453.669921875,6271.64990234375,6428.330078125,6149.64013671875,0.0,0.0,0.045318089385788074,0.045318089385788074,0.04432123085573747,PASS,2026-04-08T12:05:22Z,D20260408.01
HSCEI,HK,index,2023-06-05,6435.72998046875,6468.330078125,6387.6201171875,6463.89990234375,6428.330078125,0.0,0.0,0.00553329150595272,0.00553329150595272,0.0055180390866949175,PASS,2026-04-08T12:05:22Z,D20260408.01
HSCEI,HK,index,2023-06-06,6471.7099609375,6586.4599609375,6454.1201171875,6479.64013671875,6463.89990234375,0.0,0.0,0.0024350987194732276,0.0024350987194732276,0.00243213867095282,PASS,2026-04-08T12:05:22Z,D20260408.01
HSCEI,HK,index,2023-06-07,6564.169921875,6595.990234375,6509.22021484375,6541.16015625,6479.64013671875,0.0,0.0,0.009494357438560419,0.009494357438560419,0.009449569293579227,PASS,2026-04-08T12:05:22Z,D20260408.01
HSCEI,HK,index,2023-06-08,6526.990234375,6559.240234375,6458.60009765625,6540.02978515625,6541.16015625,0.0,0.0,-0.00017280896152194192,-0.00017280896152194192,-0.00017282389471095044,PASS,2026-04-08T12:05:22Z,D20260408.01
HSCEI,HK,index,2023-06-09,6559.3798828125,6614.27978515625,6520.2001953125,6589.31982421875,6540.02978515625,0.0,0.0,0.007536668896275023,0.007536668896275023,0.007508410103209164,PASS,2026-04-08T12:05:22Z,D20260408.01
HSCEI,HK,index,2023-06-12,6603.759765625,6603.759765625,6527.93017578125,6585.68017578125,6589.31982421875,0.0,0.0,-0.0005523557111498656,-0.0005523557111498656,-0.0005525083157629593,PASS,2026-04-08T12:05:22Z,D20260408.01
HSCEI,HK,index,2023-06-13,6570.58984375,6638.7099609375,6536.35009765625,6618.2900390625,6585.68017578125,0.0,0.0,0.004951631784545496,0.004951631784545496,0.004939412775303382,PASS,2026-04-08T12:05:22Z,D20260408.01
HSCEI,HK,index,2023-06-14,6632.6298828125,6675.33984375,6549.2900390625,6576.7900390625,6618.2900390625,0.0,0.0,-0.006270501860005884,-0.006270501860005884,-0.006290244028934974,PASS,2026-04-08T12:05:22Z,D20260408.01
HSCEI,HK,index,2023-06-15,6672.47998046875,6773.68017578125,6635.56982421875,6772.60986328125,6576.7900390625,0.0,0.0,0.029774376718078033,0.029774376718078033,0.02933972651618865,PASS,2026-04-08T12:05:22Z,D20260408.01
HSCEI,HK,index,2023-06-16,6804.3701171875,6877.10986328125,6775.81005859375,6833.0,6772.60986328125,0.0,0.0,0.008916819060575731,0.008916819060575731,0.0088772989846642,PASS,2026-04-08T12:05:22Z,D20260408.01
HSCEI,HK,index,2023-06-19,6805.72021484375,6822.509765625,6703.490234375,6776.5498046875,6833.0,0.0,0.0,-0.008261407187545755,-0.008261407187545755,-0.008295721733550266,PASS,2026-04-08T12:05:22Z,D20260408.01
HSCEI,HK,index,2023-06-20,6758.6298828125,6758.6298828125,6614.77978515625,6654.93994140625,6776.5498046875,0.0,0.0,-0.017945690179555607,-0.017945690179555607,-0.018108666840818955,PASS,2026-04-08T12:05:22Z,D20260408.01
HSCEI,HK,index,2023-06-21,6546.509765625,6573.5,6489.2099609375,6505.81005859375,6654.93994140625,0.0,0.0,-0.02240889987370609,-0.02240889987370609,-0.022663794405045196,PASS,2026-04-08T12:05:22Z,D20260408.01
HSCEI,HK,index,2023-06-23,6477.06005859375,6480.93017578125,6355.9501953125,6394.5400390625,6505.81005859375,0.0,0.0,-0.01710317678031037,-0.01710317678031037,-0.017251125463113397,PASS,2026-04-08T12:05:22Z,D20260408.01
HSCEI,HK,index,2023-06-26,6384.68017578125,6444.39990234375,6363.2099609375,6372.18994140625,6394.5400390625,0.0,0.0,-0.0034951845667896553,-0.0034951845667896553,-0.0035013069945405663,PASS,2026-04-08T12:05:22Z,D20260408.01
HSCEI,HK,index,2023-06-27,6386.31005859375,6534.0498046875,6379.8701171875,6504.6201171875,6372.18994140625,0.0,0.0,0.020782521707446877,0.020782521707446877,0.020569511310006897,PASS,2026-04-08T12:05:22Z,D20260408.01
HSCEI,HK,index,2023-06-28,6481.0400390625,6541.22998046875,6458.2099609375,6521.22021484375,6504.6201171875,0.0,0.0,0.0025520472152380513,0.0025520472152380513,0.002548796272608348,PASS,2026-04-08T12:05:22Z,D20260408.01
HSCEI,HK,index,2023-06-29,6518.830078125,6519.0400390625,6390.52001953125,6426.58984375,6521.22021484375,0.0,0.0,-0.01451114484346816,-0.01451114484346816,-0.014617461274685504,PASS,2026-04-08T12:05:22Z,D20260408.01
HSCEI,HK,index,2023-06-30,6406.64990234375,6474.669921875,6393.91015625,6424.8798828125,6426.58984375,0.0,0.0,-0.0002660759405959112,-0.0002660759405959112,-0.00026611134507931996,PASS,2026-04-08T12:05:22Z,D20260408.01
HSCEI,HK,index,2023-07-03,6457.5498046875,6614.7001953125,6457.5498046875,6590.81982421875,6424.8798828125,0.0,0.0,0.025827711090780747,0.025827711090780747,0.025499809734477734,PASS,2026-04-08T12:05:22Z,D20260408.01
HSCEI,HK,index,2023-07-04,6575.240234375,6638.9501953125,6555.91015625,6613.39990234375,6590.81982421875,0.0,0.0,0.003425989289227216,0.003425989289227216,0.003420133957646615,PASS,2026-04-08T12:05:22Z,D20260408.01
HSCEI,HK,index,2023-07-05,6587.31005859375,6596.7099609375,6479.56005859375,6489.93994140625,6613.39990234375,0.0,0.0,-0.018668152956204387,-0.018668152956204387,-0.018844602363976413,PASS,2026-04-08T12:05:22Z,D20260408.01
HSCEI,HK,index,2023-07-06,6368.52001953125,6431.68017578125,6243.02978515625,6268.52978515625,6489.93994140625,0.0,0.0,-0.03411590218846072,-0.03411590218846072,-0.03471143352953594,PASS,2026-04-08T12:05:22Z,D20260408.01
HSCEI,HK,index,2023-07-07,6229.27978515625,6263.52001953125,6166.83984375,6198.85986328125,6268.52978515625,0.0,0.0,-0.011114236393991006,-0.011114236393991006,-0.01117646100153717,PASS,2026-04-08T12:05:22Z,D20260408.01
HSCEI,HK,index,2023-07-10,6334.1201171875,6348.240234375,6209.18994140625,6235.240234375,6198.85986328125,0.0,0.0,0.005868881035567153,0.005868881035567153,0.005851726240173833,PASS,2026-04-08T12:05:22Z,D20260408.01
HSCEI,HK,index,2023-07-11,6310.56005859375,6347.6298828125,6265.169921875,6295.85009765625,6235.240234375,0.0,0.0,0.009720533773038387,0.009720533773038387,0.009673593330256348,PASS,2026-04-08T12:05:22Z,D20260408.01
HSCEI,HK,index,2023-07-12,6359.10986328125,6415.66015625,6332.81005859375,6377.990234375,6295.85009765625,0.0,0.0,0.013046710999254696,0.013046710999254696,0.012962335752557714,PASS,2026-04-08T12:05:22Z,D20260408.01
HSCEI,HK,index,2023-07-13,6486.18994140625,6550.39013671875,6482.18994140625,6543.91015625,6377.990234375,0.0,0.0,0.026014452167197222,0.026014452167197222,0.02568183258231273,PASS,2026-04-08T12:05:22Z,D20260408.01
HSCEI,HK,index,2023-07-14,6610.5,6610.5,6533.47021484375,6558.8798828125,6543.91015625,0.0,0.0,0.0022875813091967068,0.0022875813091967068,0.0022849687785658416,PASS,2026-04-08T12:05:22Z,D20260408.01
HSCEI,HK,index,2023-07-18,6521.93994140625,6521.93994140625,6390.759765625,6400.08984375,6558.8798828125,0.0,0.0,-0.024209932473166385,-0.024209932473166385,-0.024507810452334095,PASS,2026-04-08T12:05:22Z,D20260408.01
HSCEI,HK,index,2023-07-19,6323.35986328125,6400.1201171875,6283.97021484375,6381.93994140625,6400.08984375,0.0,0.0,-0.0028358824308496455,-0.0028358824308496455,-0.0028399111639087074,PASS,2026-04-08T12:05:22Z,D20260408.01
HSCEI,HK,index,2023-07-20,6405.18017578125,6491.169921875,6349.77001953125,6364.1201171875,6381.93994140625,0.0,0.0,-0.002792226874956061,-0.002792226874956061,-0.002796132412208229,PASS,2026-04-08T12:05:22Z,D20260408.01
HSCEI,HK,index,2023-07-21,6362.02001953125,6455.33984375,6346.7099609375,6415.02001953125,6364.1201171875,0.0,0.0,0.00799794809125065,0.00799794809125065,0.007966134023345714,PASS,2026-04-08T12:05:22Z,D20260408.01
HSCEI,HK,index,2023-07-24,6343.81982421875,6381.89990234375,6239.1298828125,6271.02978515625,6415.02001953125,0.0,0.0,-0.022445796573760557,-0.022445796573760557,-0.0227015375845335,PASS,2026-04-08T12:05:22Z,D20260408.01
HSCEI,HK,index,2023-07-25,6479.330078125,6614.47998046875,6470.419921875,6604.2001953125,6271.02978515625,0.0,0.0,0.05312850067223018,0.05312850067223018,0.05176525863352071,PASS,2026-04-08T12:05:22Z,D20260408.01
HSCEI,HK,index,2023-07-26,6559.7998046875,6576.22998046875,6507.83984375,6549.18994140625,6604.2001953125,0.0,0.0,-0.008329586063320016,-0.008329586063320016,-0.008364470917978808,PASS,2026-04-08T12:05:22Z,D20260408.01
HSCEI,HK,index,2023-07-27,6619.25,6696.89013671875,6613.52978515625,6670.68017578125,6549.18994140625,0.0,0.0,0.0185504215730401,0.0185504215730401,0.01838046117662647,PASS,2026-04-08T12:05:22Z,D20260408.01
HSCEI,HK,index,2023-07-28,6597.60009765625,6823.85986328125,6590.27978515625,6808.47021484375,6670.68017578125,0.0,0.0,0.020656070360375534,0.020656070360375534,0.020445626763369633,PASS,2026-04-08T12:05:22Z,D20260408.01
HSCEI,HK,index,2023-07-31,6961.58984375,7023.8798828125,6875.759765625,6899.31005859375,6808.47021484375,0.0,0.0,0.013342181265910913,0.013342181265910913,0.013253958224313292,PASS,2026-04-08T12:05:22Z,D20260408.01
HSCEI,HK,index,2023-08-01,6951.14990234375,7008.64013671875,6812.919921875,6854.52001953125,6899.31005859375,0.0,0.0,-0.00649195914984424,-0.00649195914984424,-0.006513123565387007,PASS,2026-04-08T12:05:22Z,D20260408.01
HSCEI,HK,index,2023-08-02,6822.85009765625,6866.06982421875,6648.580078125,6669.3701171875,6854.52001953125,0.0,0.0,-0.02701135919308495,-0.02701135919308495,-0.027382871266215605,PASS,2026-04-08T12:05:22Z,D20260408.01
HSCEI,HK,index,2023-08-03,6654.35009765625,6730.85009765625,6623.97021484375,6652.16015625,6669.3701171875,0.0,0.0,-0.0025804477237135748,-0.0025804477237135748,-0.0025837828175332674,PASS,2026-04-08T12:05:22Z,D20260408.01
HSCEI,HK,index,2023-08-04,6762.509765625,6841.81982421875,6700.0498046875,6732.580078125,6652.16015625,0.0,0.0,0.012089294302308984,0.012089294302308984,0.012016802449343012,PASS,2026-04-08T12:05:22Z,D20260408.01
HSCEI,HK,index,2023-08-07,6705.39990234375,6754.080078125,6649.7099609375,6734.31005859375,6732.580078125,0.0,0.0,0.0002569565380099448,0.0002569565380099448,0.00025692353033296964,PASS,2026-04-08T12:05:22Z,D20260408.01
HSCEI,HK,index,2023-08-08,6639.89013671875,6661.56982421875,6560.5400390625,6587.75,6734.31005859375,0.0,0.0,-0.02176318840661673,-0.02176318840661673,-0.02200349961460846,PASS,2026-04-08T12:05:22Z,D20260408.01
HSCEI,HK,index,2023-08-09,6526.259765625,6618.5498046875,6526.259765625,6613.22998046875,6587.75,0.0,0.0,0.003867781939015602,0.003867781939015602,0.0038603213016762,PASS,2026-04-08T12:05:22Z,D20260408.01
HSCEI,HK,index,2023-08-10,6571.5498046875,6647.8798828125,6540.77001953125,6628.5498046875,6613.22998046875,0.0,0.0,0.0023165418810466853,0.0023165418810466853,0.0023138628345212926,PASS,2026-04-08T12:05:22Z,D20260408.01
HSCEI,HK,index,2023-08-11,6648.0400390625,6652.6201171875,6524.6201171875,6540.6298828125,6628.5498046875,0.0,0.0,-0.01326382458691433,-0.01326382458691433,-0.013352574759685248,PASS,2026-04-08T12:05:22Z,D20260408.01
HSCEI,HK,index,2023-08-14,6401.06982421875,6432.990234375,6335.259765625,6423.83984375,6540.6298828125,0.0,0.0,-0.017856084376430048,-0.017856084376430048,-0.018017427777442384,PASS,2026-04-08T12:05:22Z,D20260408.01
HSCEI,HK,index,2023-08-15,6366.85986328125,6427.259765625,6341.259765625,6366.47998046875,6423.83984375,0.0,0.0,-0.008929217520430188,-0.008929217520430188,-0.008969321895479039,PASS,2026-04-08T12:05:22Z,D20260408.01
HSCEI,HK,index,2023-08-16,6290.2001953125,6329.14990234375,6257.8701171875,6272.85986328125,6366.47998046875,0.0,0.0,-0.014705161639510411,-0.014705161639510411,-0.014814354315060521,PASS,2026-04-08T12:05:22Z,D20260408.01
HSCEI,HK,index,2023-08-17,6164.16015625,6323.18017578125,6133.2099609375,6292.330078125,6272.85986328125,0.0,0.0,0.0031038816852455575,0.0031038816852455575,0.0030990745890242008,PASS,2026-04-08T12:05:22Z,D20260408.01
HSCEI,HK,index,2023-08-18,6249.91015625,6295.77978515625,6142.35009765625,6146.990234375,6292.330078125,0.0,0.0,-0.023097937003538238,-0.023097937003538238,-0.023368874546923817,PASS,2026-04-08T12:05:22Z,D20260408.01
HSCEI,HK,index,2023-08-21,6080.5400390625,6136.27001953125,6016.22021484375,6030.64013671875,6146.990234375,0.0,0.0,-0.01892797828205428,-0.01892797828205428,-0.019109405477651584,PASS,2026-04-08T12:05:22Z,D20260408.01
HSCEI,HK,index,2023-08-22,6044.75,6165.419921875,6003.58984375,6097.58984375,6030.64013671875,0.0,0.0,0.011101592121806947,0.011101592121806947,0.011040421757243277,PASS,2026-04-08T12:05:22Z,D20260408.01
HSCEI,HK,index,2023-08-23,6086.5,6177.009765625,6065.89013671875,6117.27001953125,6097.58984375,0.0,0.0,0.0032275335477709444,0.0032275335477709444,0.00322233624135454,PASS,2026-04-08T12:05:22Z,D20260408.01
HSCEI,HK,index,2023-08-24,6163.25,6292.72998046875,6151.669921875,6267.9501953125,6117.27001953125,0.0,0.0,0.024631931449839106,0.024631931449839106,0.024333456833213626,PASS,2026-04-08T12:05:22Z,D20260408.01
HSCEI,HK,index,2023-08-25,6199.7001953125,6251.4599609375,6175.2900390625,6175.2900390625,6267.9501953125,0.0,0.0,-0.014783167281593235,-0.014783167281593235,-0.014893527296645412,PASS,2026-04-08T12:05:22Z,D20260408.01
HSCEI,HK,index,2023-08-28,6407.85009765625,6427.56005859375,6239.25,6246.22021484375,6175.2900390625,0.0,0.0,0.011486128640529225,0.011486128640529225,0.011420663879162712,PASS,2026-04-08T12:05:22Z,D20260408.01
HSCEI,HK,index,2023-08-29,6301.93994140625,6417.47998046875,6286.39013671875,6386.7998046875,6246.22021484375,0.0,0.0,0.022506345439065933,0.022506345439065933,0.02225681472394125,PASS,2026-04-08T12:05:22Z,D20260408.01
HSCEI,HK,index,2023-08-30,6449.669921875,6465.35009765625,6332.93017578125,6356.5,6386.7998046875,0.0,0.0,-0.004744129394076535,-0.004744129394076535,-0.004755418494717972,PASS,2026-04-08T12:05:22Z,D20260408.01
HSCEI,HK,index,2023-08-31,6396.8701171875,6430.31005859375,6303.77001953125,6332.419921875,6356.5,0.0,0.0,-0.003788260540391719,-0.003788260540391719,-0.003795454172668434,PASS,2026-04-08T12:05:22Z,D20260408.01
HSCEI,HK,index,2023-09-04,6428.740234375,6561.08984375,6428.740234375,6533.4501953125,6332.419921875,0.0,0.0,0.03174620064962075,0.03174620064962075,0.03125270721064652,PASS,2026-04-08T12:05:22Z,D20260408.01
HSCEI,HK,index,2023-09-05,6496.02001953125,6496.02001953125,6390.919921875,6396.759765625,6533.4501953125,0.0,0.0,-0.020921630318016415,-0.020921630318016415,-0.02114358890783182,PASS,2026-04-08T12:05:22Z,D20260408.01
HSCEI,HK,index,2023-09-06,6371.919921875,6419.0400390625,6322.7099609375,6403.7001953125,6396.759765625,0.0,0.0,0.001084991455329698,0.001084991455329698,0.0010844032775074583,PASS,2026-04-08T12:05:22Z,D20260408.01
HSCEI,HK,index,2023-09-07,6403.72998046875,6403.72998046875,6304.77001953125,6314.669921875,6403.7001953125,0.0,0.0,-0.013902942161887921,-0.013902942161887921,-0.01400049328271085,PASS,2026-04-08T12:05:22Z,D20260408.01
HSCEI,HK,index,2023-09-11,6216.4599609375,6326.35009765625,6197.10009765625,6298.72021484375,6314.669921875,0.0,0.0,-0.0025258180124344554,-0.0025258180124344554,-0.002529013272314424,PASS,2026-04-08T12:05:22Z,D20260408.01
HSCEI,HK,index,2023-09-12,6266.31005859375,6313.85009765625,6218.9501953125,6260.18994140625,6298.72021484375,0.0,0.0,-0.006117159061407196,-0.006117159061407196,-0.006135945531297344,PASS,2026-04-08T12:05:22Z,D20260408.01
HSCEI,HK,index,2023-09-13,6298.3798828125,6315.27978515625,6220.4599609375,6235.7099609375,6260.18994140625,0.0,0.0,-0.003910421360673766,-0.003910421360673766,-0.0039180870488557664,PASS,2026-04-08T12:05:22Z,D20260408.01
HSCEI,HK,index,2023-09-14,6269.93994140625,6301.6201171875,6213.43994140625,6275.14990234375,6235.7099609375,0.0,0.0,0.006324851805698861,0.006324851805698861,0.006304933871719786,PASS,2026-04-08T12:05:22Z,D20260408.01
HSCEI,HK,index,2023-09-15,6314.64990234375,6379.72021484375,6260.27978515625,6309.58984375,6275.14990234375,0.0,0.0,0.005488305768343027,0.005488305768343027,0.005473299897739245,PASS,2026-04-08T12:05:22Z,D20260408.01
HSCEI,HK,index,2023-09-18,6259.58984375,6288.06005859375,6201.43994140625,6209.52001953125,6309.58984375,0.0,0.0,-0.01585995709655752,-0.01585995709655752,-0.015987072032593766,PASS,2026-04-08T12:05:22Z,D20260408.01
HSCEI,HK,index,2023-09-19,6214.47021484375,6242.6298828125,6169.169921875,6235.64990234375,6209.52001953125,0.0,0.0,0.0042080358434004594,0.0042080358434004594,0.004199206820467953,PASS,2026-04-08T12:05:22Z,D20260408.01
HSCEI,HK,index,2023-09-20,6210.6201171875,6229.5400390625,6169.33984375,6181.72998046875,6235.64990234375,0.0,0.0,-0.008647041241801157,-0.008647041241801157,-0.008684643827248765,PASS,2026-04-08T12:05:22Z,D20260408.01
HSCEI,HK,index,2023-09-21,6146.18994140625,6165.669921875,6084.2099609375,6099.259765625,6181.72998046875,0.0,0.0,-0.01334096039528021,-0.01334096039528021,-0.013430750492369864,PASS,2026-04-08T12:05:22Z,D20260408.01
HSCEI,HK,index,2023-09-22,6064.240234375,6271.0,6064.240234375,6262.60986328125,6099.259765625,0.0,0.0,0.026781954521248652,0.026781954521248652,0.026429595377798057,PASS,2026-04-08T12:05:22Z,D20260408.01
HSCEI,HK,index,2023-09-25,6257.35986328125,6257.35986328125,6129.25,6130.25,6262.60986328125,0.0,0.0,-0.021134936738962162,-0.021134936738962162,-0.021361477145255537,PASS,2026-04-08T12:05:22Z,D20260408.01
HSCEI,HK,index,2023-09-26,6105.5400390625,6122.259765625,5998.7998046875,6030.77001953125,6130.25,0.0,0.0,-0.016227719990008604,-0.016227719990008604,-0.016360831466335077,PASS,2026-04-08T12:05:22Z,D20260408.01
HSCEI,HK,index,2023-09-27,6036.6298828125,6110.83984375,6036.6298828125,6069.83984375,6030.77001953125,0.0,0.0,0.00647841388284065,0.00647841388284065,0.0064575191542036135,PASS,2026-04-08T12:05:22Z,D20260408.01
HSCEI,HK,index,2023-09-28,6069.490234375,6086.5400390625,5984.0400390625,5990.56005859375,6069.83984375,0.0,0.0,-0.013061264744552159,-0.013061264744552159,-0.013147313151526332,PASS,2026-04-08T12:05:22Z,D20260408.01
HSCEI,HK,index,2023-09-29,6027.2001953125,6191.27001953125,6024.0498046875,6148.330078125,5990.56005859375,0.0,0.0,0.026336438995369305,0.026336438995369305,0.025995606247625324,PASS,2026-04-08T12:05:22Z,D20260408.01
HSCEI,HK,index,2023-10-03,6054.68017578125,6054.68017578125,5915.02978515625,5949.18017578125,6148.330078125,0.0,0.0,-0.032390893106455154,-0.032390893106455154,-0.03292708845349015,PASS,2026-04-08T12:05:22Z,D20260408.01
HSCEI,HK,index,2023-10-04,5915.58984375,5916.77001953125,5850.10986328125,5882.68017578125,5949.18017578125,0.0,0.0,-0.011178010756964007,-0.011178010756964007,-0.011240954213846455,PASS,2026-04-08T12:05:22Z,D20260408.01
HSCEI,HK,index,2023-10-05,5904.4599609375,5938.759765625,5882.68017578125,5887.97998046875,5882.68017578125,0.0,0.0,0.0009009166789857304,0.0009009166789857304,0.0009005110971331839,PASS,2026-04-08T12:05:22Z,D20260408.01
HSCEI,HK,index,2023-10-06,5936.39013671875,6023.5400390625,5936.39013671875,5974.2998046875,5887.97998046875,0.0,0.0,0.014660346078805508,0.014660346078805508,0.014553922086046441,PASS,2026-04-08T12:05:22Z,D20260408.01
HSCEI,HK,index,2023-10-09,5979.33984375,6039.3798828125,5970.81982421875,5998.2998046875,5974.2998046875,0.0,0.0,0.004017207168138581,0.004017207168138581,0.004009159736356937,PASS,2026-04-08T12:05:22Z,D20260408.01
HSCEI,HK,index,2023-10-10,6071.85009765625,6144.85009765625,6040.990234375,6052.509765625,5998.2998046875,0.0,0.0,0.009037554424194738,0.009037554424194738,0.00899696012799776,PASS,2026-04-08T12:05:22Z,D20260408.01
HSCEI,HK,index,2023-10-11,6160.58984375,6180.39013671875,6123.52978515625,6132.8701171875,6052.509765625,0.0,0.0,0.013277194862022945,0.013277194862022945,0.013189825408180441,PASS,2026-04-08T12:05:22Z,D20260408.01
HSCEI,HK,index,2023-10-12,6272.1298828125,6289.47021484375,6239.89990234375,6267.33984375,6132.8701171875,0.0,0.0,0.021926067892037215,0.021926067892037215,0.02168914855035925,PASS,2026-04-08T12:05:22Z,D20260408.01
HSCEI,HK,index,2023-10-13,6152.60009765625,6191.02001953125,6106.8798828125,6115.8798828125,6267.33984375,0.0,0.0,-0.024166546687035106,-0.024166546687035106,-0.024463349227435805,PASS,2026-04-08T12:05:22Z,D20260408.01
HSCEI,HK,index,2023-10-16,6117.97021484375,6137.330078125,6031.72021484375,6049.81982421875,6115.8798828125,0.0,0.0,-0.01080139895804677,-0.01080139895804677,-0.010860157567625607,PASS,2026-04-08T12:05:22Z,D20260408.01
HSCEI,HK,index,2023-10-17,6108.89013671875,6111.3798828125,6051.93994140625,6092.5498046875,6049.81982421875,0.0,0.0,0.00706301703361345,0.00706301703361345,0.007038190759190724,PASS,2026-04-08T12:05:22Z,D20260408.01
HSCEI,HK,index,2023-10-18,6083.64990234375,6126.18017578125,6045.669921875,6075.68017578125,6092.5498046875,0.0,0.0,-0.00276889470698638,-0.00276889470698638,-0.0027727351868299796,PASS,2026-04-08T12:05:22Z,D20260408.01
HSCEI,HK,index,2023-10-19,6007.7001953125,6007.7001953125,5924.22998046875,5924.22998046875,6075.68017578125,0.0,0.0,-0.02492728236687103,-0.02492728236687103,-0.02524322857757838,PASS,2026-04-08T12:05:22Z,D20260408.01
HSCEI,HK,index,2023-10-20,5870.31005859375,5938.02001953125,5855.39013671875,5871.7099609375,5924.22998046875,0.0,0.0,-0.008865290460431163,-0.008865290460431163,-0.008904820954200674,PASS,2026-04-08T12:05:22Z,D20260408.01
HSCEI,HK,index,2023-10-24,5841.47998046875,5858.740234375,5763.66015625,5799.3798828125,5871.7099609375,0.0,0.0,-0.01231840104606452,-0.01231840104606452,-0.012394901439093404,PASS,2026-04-08T12:05:22Z,D20260408.01
HSCEI,HK,index,2023-10-25,5993.2001953125,5999.91015625,5818.31005859375,5853.97021484375,5799.3798828125,0.0,0.0,0.009413132633893984,0.009413132633893984,0.009369105176119991,PASS,2026-04-08T12:05:22Z,D20260408.01
HSCEI,HK,index,2023-10-26,5857.490234375,5897.22998046875,5802.93017578125,5859.5498046875,5853.97021484375,0.0,0.0,0.0009531291822431065,0.0009531291822431065,0.0009526752430429853,PASS,2026-04-08T12:05:22Z,D20260408.01
HSCEI,HK,index,2023-10-27,5892.1201171875,6015.64990234375,5862.35009765625,5979.009765625,5859.5498046875,0.0,0.0,0.02038722511445079,0.02038722511445079,0.020182187719155704,PASS,2026-04-08T12:05:22Z,D20260408.01
HSCEI,HK,index,2023-10-30,5915.5400390625,5972.02978515625,5897.60009765625,5960.330078125,5979.009765625,0.0,0.0,-0.0031242109031824894,-0.0031242109031824894,-0.0031291014387657056,PASS,2026-04-08T12:05:22Z,D20260408.01
HSCEI,HK,index,2023-10-31,5939.39013671875,5939.39013671875,5833.580078125,5861.740234375,5960.330078125,0.0,0.0,-0.016541004014498206,-0.016541004014498206,-0.01667933395352176,PASS,2026-04-08T12:05:22Z,D20260408.01
HSCEI,HK,index,2023-11-01,5871.2001953125,5891.72021484375,5811.740234375,5859.56982421875,5861.740234375,0.0,0.0,-0.000370267202139396,-0.000370267202139396,-0.00037033576796552614,PASS,2026-04-08T12:05:22Z,D20260408.01
HSCEI,HK,index,2023-11-02,5934.06005859375,5995.93017578125,5887.990234375,5911.080078125,5859.56982421875,0.0,0.0,0.008790791039531287,0.008790791039531287,0.008752376998368986,PASS,2026-04-08T12:05:22Z,D20260408.01
HSCEI,HK,index,2023-11-03,5972.83984375,6074.3798828125,5948.39013671875,6052.31005859375,5911.080078125,0.0,0.0,0.023892415362701147,0.023892415362701147,0.023611457975437438,PASS,2026-04-08T12:05:22Z,D20260408.01
HSCEI,HK,index,2023-11-06,6150.2900390625,6202.3798828125,6145.77978515625,6182.0498046875,6052.31005859375,0.0,0.0,0.021436401115889847,0.021436401115889847,0.021209873049367643,PASS,2026-04-08T12:05:22Z,D20260408.01
HSCEI,HK,index,2023-11-07,6131.16015625,6159.72021484375,6074.830078125,6087.10009765625,6182.0498046875,0.0,0.0,-0.015358935956687914,-0.015358935956687914,-0.01547810620707115,PASS,2026-04-08T12:05:22Z,D20260408.01
HSCEI,HK,index,2023-11-08,6084.56005859375,6116.43017578125,6029.490234375,6039.91015625,6087.10009765625,0.0,0.0,-0.007752450370320019,-0.007752450370320019,-0.007782656831026422,PASS,2026-04-08T12:05:22Z,D20260408.01
HSCEI,HK,index,2023-11-09,6044.02001953125,6072.02978515625,6003.6298828125,6030.259765625,6039.91015625,0.0,0.0,-0.001597770558724898,-0.001597770558724898,-0.0015990483553693473,PASS,2026-04-08T12:05:22Z,D20260408.01
HSCEI,HK,index,2023-11-10,5955.93017578125,5961.6201171875,5892.58984375,5900.81982421875,6030.259765625,0.0,0.0,-0.02146506890865829,-0.02146506890865829,-0.02169879417169768,PASS,2026-04-08T12:05:22Z,D20260408.01
HSCEI,HK,index,2023-11-13,5925.93017578125,5997.27001953125,5870.64990234375,5989.10009765625,5900.81982421875,0.0,0.0,0.01496067937461354,0.01496067937461354,0.014849872210955135,PASS,2026-04-08T12:05:22Z,D20260408.01
HSCEI,HK,index,2023-11-14,6014.10986328125,6031.18017578125,5953.9501953125,5964.5400390625,5989.10009765625,0.0,0.0,-0.004100792805810882,-0.004100792805810882,-0.004109224114556701,PASS,2026-04-08T12:05:22Z,D20260408.01
HSCEI,HK,index,2023-11-15,6116.72021484375,6208.9501953125,6079.14990234375,6204.22021484375,5964.5400390625,0.0,0.0,0.04018418423072956,0.04018418423072956,0.03939779769474366,PASS,2026-04-08T12:05:22Z,D20260408.01
HSCEI,HK,index,2023-11-16,6252.259765625,6252.259765625,6079.10986328125,6116.7001953125,6204.22021484375,0.0,0.0,-0.014106530152146468,-0.014106530152146468,-0.014206972967195704,PASS,2026-04-08T12:05:22Z,D20260408.01
HSCEI,HK,index,2023-11-17,6029.14013671875,6047.240234375,5956.68017578125,5974.47021484375,6116.7001953125,0.0,0.0,-0.023252730381938203,-0.023252730381938203,-0.023527340425256987,PASS,2026-04-08T12:05:22Z,D20260408.01
HSCEI,HK,index,2023-11-20,6045.509765625,6106.5498046875,6014.5400390625,6103.33984375,5974.47021484375,0.0,0.0,0.02157005128020706,0.02157005128020706,0.0213407098015973,PASS,2026-04-08T12:05:22Z,D20260408.01
HSCEI,HK,index,2023-11-21,6167.919921875,6216.830078125,6057.81005859375,6076.669921875,6103.33984375,0.0,0.0,-0.0043697258481044665,-0.0043697258481044665,-0.0043793010041506325,PASS,2026-04-08T12:05:22Z,D20260408.01
HSCEI,HK,index,2023-11-22,6080.10986328125,6105.47998046875,6045.259765625,6074.830078125,6076.669921875,0.0,0.0,-0.000302771711094052,-0.000302771711094052,-0.0003028175557024386,PASS,2026-04-08T12:05:22Z,D20260408.01
HSCEI,HK,index,2023-11-23,6075.41015625,6175.72021484375,6039.27001953125,6171.009765625,6074.830078125,0.0,0.0,0.015832490170603508,0.015832490170603508,0.01570846368410052,PASS,2026-04-08T12:05:22Z,D20260408.01
HSCEI,HK,index,2023-11-24,6130.52978515625,6130.52978515625,6035.3701171875,6041.14990234375,6171.009765625,0.0,0.0,-0.021043535533620705,-0.021043535533620705,-0.02126810683124744,PASS,2026-04-08T12:05:22Z,D20260408.01
HSCEI,HK,index,2023-11-27,6089.8798828125,6089.8798828125,5956.4501953125,6025.22021484375,6041.14990234375,0.0,0.0,-0.0026368634709461602,-0.0026368634709461602,-0.0026403461189537483,PASS,2026-04-08T12:05:22Z,D20260408.01
HSCEI,HK,index,2023-11-28,6032.419921875,6032.419921875,5937.18017578125,5957.080078125,6025.22021484375,0.0,0.0,-0.01130915290878165,-0.01130915290878165,-0.011373587640644323,PASS,2026-04-08T12:05:22Z,D20260408.01
HSCEI,HK,index,2023-11-29,5959.22021484375,5959.22021484375,5784.330078125,5818.8701171875,5957.080078125,0.0,0.0,-0.023200957369201913,-0.023200957369201913,-0.023474336293823,PASS,2026-04-08T12:05:22Z,D20260408.01
HSCEI,HK,index,2023-11-30,5820.509765625,5869.43994140625,5784.35009765625,5857.5400390625,5818.8701171875,0.0,0.0,0.006645606637752266,0.006645606637752266,0.006623621941306403,PASS,2026-04-08T12:05:22Z,D20260408.01
HSCEI,HK,index,2023-12-01,5842.72998046875,5847.1298828125,5761.72998046875,5761.72998046875,5857.5400390625,0.0,0.0,-0.016356705708337693,-0.016356705708337693,-0.01649195345215109,PASS,2026-04-08T12:05:22Z,D20260408.01
HSCEI,HK,index,2023-12-04,5804.7998046875,5806.740234375,5692.240234375,5703.330078125,5761.72998046875,0.0,0.0,-0.010135827701352795,-0.010135827701352795,-0.01018754496457717,PASS,2026-04-08T12:05:22Z,D20260408.01
HSCEI,HK,index,2023-12-05,5700.3701171875,5700.3701171875,5573.33984375,5609.6298828125,5703.330078125,0.0,0.0,-0.016429032517666364,-0.016429032517666364,-0.016565485665460726,PASS,2026-04-08T12:05:22Z,D20260408.01
HSCEI,HK,index,2023-12-06,5611.64990234375,5711.1298828125,5576.35009765625,5663.919921875,5609.6298828125,0.0,0.0,0.009678007318957071,0.009678007318957071,0.009631475389471261,PASS,2026-04-08T12:05:22Z,D20260408.01
HSCEI,HK,index,2023-12-07,5627.5498046875,5628.0498046875,5547.72998046875,5615.7998046875,5663.919921875,0.0,0.0,-0.008495903517571346,-0.008495903517571346,-0.008532199429783952,PASS,2026-04-08T12:05:22Z,D20260408.01
HSCEI,HK,index,2023-12-08,5625.8701171875,5650.2998046875,5564.080078125,5598.16015625,5615.7998046875,0.0,0.0,-0.0031410750117509822,-0.0031410750117509822,-0.0031460185425807277,PASS,2026-04-08T12:05:22Z,D20260408.01
HSCEI,HK,index,2023-12-11,5518.490234375,5562.89990234375,5443.60009765625,5532.490234375,5598.16015625,0.0,0.0,-0.011730625784559523,-0.011730625784559523,-0.011799972428381487,PASS,2026-04-08T12:05:22Z,D20260408.01
HSCEI,HK,index,2023-12-12,5550.3798828125,5634.58984375,5522.990234375,5614.5,5532.490234375,0.0,0.0,0.014823300566433772,0.014823300566433772,0.014714509226768488,PASS,2026-04-08T12:05:22Z,D20260408.01
HSCEI,HK,index,2023-12-13,5589.66015625,5590.68017578125,5518.419921875,5550.89990234375,5614.5,0.0,0.0,-0.01132782930915488,-0.01132782930915488,-0.01139247784968114,PASS,2026-04-08T12:05:22Z,D20260408.01
HSCEI,HK,index,2023-12-14,5612.97021484375,5659.02978515625,5542.3798828125,5573.52978515625,5550.89990234375,0.0,0.0,0.0040767953324010175,0.0040767953324010175,0.00406850771927579,PASS,2026-04-08T12:05:22Z,D20260408.01
HSCEI,HK,index,2023-12-15,5651.64990234375,5780.740234375,5651.64990234375,5700.39013671875,5573.52978515625,0.0,0.0,0.022761222502185596,0.022761222502185596,0.022506050636576,PASS,2026-04-08T12:05:22Z,D20260408.01
HSCEI,HK,index,2023-12-18,5652.7001953125,5672.669921875,5612.169921875,5634.419921875,5700.39013671875,0.0,0.0,-0.011572929792788456,-0.011572929792788456,-0.011640417335791966,PASS,2026-04-08T12:05:22Z,D20260408.01
HSCEI,HK,index,2023-12-19,5607.89990234375,5622.97998046875,5557.93994140625,5592.759765625,5634.419921875,0.0,0.0,-0.007393867838685453,-0.007393867838685453,-0.007421337970270777,PASS,2026-04-08T12:05:22Z,D20260408.01
HSCEI,HK,index,2023-12-20,5651.009765625,5665.72021484375,5591.1298828125,5612.64990234375,5592.759765625,0.0,0.0,0.0035564082049441836,0.0035564082049441836,0.0035500991392679163,PASS,2026-04-08T12:05:22Z,D20260408.01
HSCEI,HK,index,2023-12-21,5556.77001953125,5629.990234375,5549.91015625,5619.91015625,5612.64990234375,0.0,0.0,0.0012935518930583534,0.0012935518930583534,0.0012927159755990907,PASS,2026-04-08T12:05:22Z,D20260408.01
HSCEI,HK,index,2023-12-22,5656.4501953125,5698.72998046875,5464.91015625,5488.990234375,5619.91015625,0.0,0.0,-0.023295732179882234,-0.023295732179882234,-0.02357136690569619,PASS,2026-04-08T12:05:22Z,D20260408.01
HSCEI,HK,index,2023-12-27,5579.39990234375,5621.83984375,5530.18994140625,5603.7001953125,5488.990234375,0.0,0.0,0.020898190020292695,0.020898190020292695,0.02068281826569801,PASS,2026-04-08T12:05:22Z,D20260408.01
HSCEI,HK,index,2023-12-28,5617.91015625,5789.93017578125,5606.64013671875,5764.77001953125,5603.7001953125,0.0,0.0,0.028743476382531163,0.028743476382531163,0.028338131684084875,PASS,2026-04-08T12:05:22Z,D20260408.01
HSCEI,HK,index,2023-12-29,5780.4501953125,5791.93017578125,5728.9501953125,5768.5,5764.77001953125,0.0,0.0,0.0006470302294996344,0.0006470302294996344,0.00064682099568956,PASS,2026-04-08T12:05:22Z,D20260408.01
HSCEI,HK,index,2024-01-02,5805.47021484375,5805.47021484375,5651.14013671875,5672.52978515625,5768.5,0.0,0.0,-0.016636944585897595,-0.016636944585897595,-0.016776892928322976,PASS,2026-04-08T12:05:22Z,D20260408.01
HSCEI,HK,index,2024-01-03,5615.10986328125,5637.919921875,5602.43994140625,5628.7900390625,5672.52978515625,0.0,0.0,-0.0077108006040280674,-0.0077108006040280674,-0.007740682535192883,PASS,2026-04-08T12:05:22Z,D20260408.01
HSCEI,HK,index,2024-01-04,5650.47998046875,5659.3798828125,5599.2099609375,5649.22998046875,5628.7900390625,0.0,0.0,0.0036313206327471814,0.0036313206327471814,0.003624743306090479,PASS,2026-04-08T12:05:22Z,D20260408.01
HSCEI,HK,index,2024-01-05,5620.93017578125,5692.33984375,5576.27978515625,5606.97998046875,5649.22998046875,0.0,0.0,-0.007478895379737116,-0.007478895379737116,-0.007507002545848827,PASS,2026-04-08T12:05:22Z,D20260408.01
HSCEI,HK,index,2024-01-08,5615.81005859375,5615.81005859375,5451.02978515625,5480.81982421875,5606.97998046875,0.0,0.0,-0.022500554075360335,-0.022500554075360335,-0.022757553951789994,PASS,2026-04-08T12:05:22Z,D20260408.01
HSCEI,HK,index,2024-01-09,5486.22998046875,5538.6298828125,5449.759765625,5449.759765625,5480.81982421875,0.0,0.0,-0.005667046097100559,-0.005667046097100559,-0.005683164728364085,PASS,2026-04-08T12:05:22Z,D20260408.01
HSCEI,HK,index,2024-01-10,5436.47021484375,5483.14013671875,5398.68994140625,5421.22998046875,5449.759765625,0.0,0.0,-0.0052350537240567485,-0.0052350537240567485,-0.005248804629952718,PASS,2026-04-08T12:05:22Z,D20260408.01
HSCEI,HK,index,2024-01-11,5434.4599609375,5548.18994140625,5414.25,5494.47998046875,5421.22998046875,0.0,0.0,0.013511693889375787,0.013511693889375787,0.013421224968046465,PASS,2026-04-08T12:05:22Z,D20260408.01
HSCEI,HK,index,2024-01-12,5464.47998046875,5541.85986328125,5454.02978515625,5481.93994140625,5494.47998046875,0.0,0.0,-0.0022822977073492234,-0.0022822977073492234,-0.0022849061182976757,PASS,2026-04-08T12:05:22Z,D20260408.01
HSCEI,HK,index,2024-01-15,5486.22021484375,5494.9599609375,5416.669921875,5446.52001953125,5481.93994140625,0.0,0.0,-0.006461202102464814,-0.006461202102464814,-0.0064821660189597,PASS,2026-04-08T12:05:22Z,D20260408.01
HSCEI,HK,index,2024-01-16,5391.5,5454.580078125,5329.89990234375,5343.2998046875,5446.52001953125,0.0,0.0,-0.018951590093050585,-0.018951590093050585,-0.019133473124689836,PASS,2026-04-08T12:05:22Z,D20260408.01
HSCEI,HK,index,2024-01-17,5301.5498046875,5301.5498046875,5101.259765625,5132.81982421875,5343.2998046875,0.0,0.0,-0.03939138512948548,-0.03939138512948548,-0.0401882215733111,PASS,2026-04-08T12:05:22Z,D20260408.01
HSCEI,HK,index,2024-01-18,5149.64990234375,5197.56982421875,5102.580078125,5172.0498046875,5132.81982421875,0.0,0.0,0.007642968545992446,0.007642968545992446,0.0076139090352556745,PASS,2026-04-08T12:05:22Z,D20260408.01
HSCEI,HK,index,2024-01-19,5167.81982421875,5209.8701171875,5087.8798828125,5127.240234375,5172.0498046875,0.0,0.0,-0.008663793274358733,-0.008663793274358733,-0.008701542121595258,PASS,2026-04-08T12:05:22Z,D20260408.01
HSCEI,HK,index,2024-01-22,5148.419921875,5148.5,4943.240234375,5001.9501953125,5127.240234375,0.0,0.0,-0.024436155384822245,-0.024436155384822245,-0.024739672967136462,PASS,2026-04-08T12:05:22Z,D20260408.01
HSCEI,HK,index,2024-01-23,5030.740234375,5206.56005859375,5011.18017578125,5140.93017578125,5001.9501953125,0.0,0.0,0.027785158796461706,0.027785158796461706,0.02740615569401984,PASS,2026-04-08T12:05:22Z,D20260408.01
HSCEI,HK,index,2024-01-24,5232.10986328125,5382.10986328125,5167.89990234375,5353.0498046875,5140.93017578125,0.0,0.0,0.04126094338054598,0.04126094338054598,0.04043242429295116,PASS,2026-04-08T12:05:22Z,D20260408.01
HSCEI,HK,index,2024-01-25,5373.330078125,5479.6298828125,5313.85986328125,5468.7099609375,5353.0498046875,0.0,0.0,0.021606403913656758,0.021606403913656758,0.021376294230304984,PASS,2026-04-08T12:05:22Z,D20260408.01
HSCEI,HK,index,2024-01-26,5438.18017578125,5460.259765625,5345.85986328125,5360.240234375,5468.7099609375,0.0,0.0,-0.019834609503391,-0.019834609503391,-0.020033955744000864,PASS,2026-04-08T12:05:22Z,D20260408.01
HSCEI,HK,index,2024-01-29,5394.85009765625,5472.5498046875,5380.3701171875,5408.93017578125,5360.240234375,0.0,0.0,0.009083537169473077,0.009083537169473077,0.009042529985503173,PASS,2026-04-08T12:05:22Z,D20260408.01
HSCEI,HK,index,2024-01-30,5344.3701171875,5344.3701171875,5258.10986328125,5275.3701171875,5408.93017578125,0.0,0.0,-0.024692509286174835,-0.024692509286174835,-0.02500248261345777,PASS,2026-04-08T12:05:22Z,D20260408.01
HSCEI,HK,index,2024-01-31,5268.58984375,5288.58984375,5165.7099609375,5194.0400390625,5275.3701171875,0.0,0.0,-0.015416942568640124,-0.015416942568640124,-0.015537019371232016,PASS,2026-04-08T12:05:22Z,D20260408.01
HSCEI,HK,index,2024-02-01,5203.6298828125,5312.81982421875,5171.080078125,5223.47998046875,5194.0400390625,0.0,0.0,0.005668023577955372,0.005668023577955372,0.005652020773355241,PASS,2026-04-08T12:05:22Z,D20260408.01
HSCEI,HK,index,2024-02-02,5299.0,5349.0,5176.7998046875,5218.990234375,5223.47998046875,0.0,0.0,-0.0008595315978117135,-0.0008595315978117135,-0.0008599012069045052,PASS,2026-04-08T12:05:22Z,D20260408.01
HSCEI,HK,index,2024-02-05,5142.81982421875,5282.91015625,5142.81982421875,5217.35986328125,5218.990234375,0.0,0.0,-0.00031239205680277937,-0.00031239205680277937,-0.00031244086136572596,PASS,2026-04-08T12:05:22Z,D20260408.01
HSCEI,HK,index,2024-02-06,5230.9501953125,5482.33984375,5230.9501953125,5473.75,5217.35986328125,0.0,0.0,0.049141739009259,0.049141739009259,0.047972438503159555,PASS,2026-04-08T12:05:22Z,D20260408.01
HSCEI,HK,index,2024-02-07,5507.8798828125,5554.5400390625,5403.009765625,5421.52978515625,5473.75,0.0,0.0,-0.009540116893126283,-0.009540116893126283,-0.009585915322631462,PASS,2026-04-08T12:05:22Z,D20260408.01
HSCEI,HK,index,2024-02-08,5397.56982421875,5436.7001953125,5338.35009765625,5360.080078125,5421.52978515625,0.0,0.0,-0.011334385213467746,-0.011334385213467746,-0.011399108891034862,PASS,2026-04-08T12:05:22Z,D20260408.01
HSCEI,HK,index,2024-02-09,5300.43017578125,5311.759765625,5226.72021484375,5306.7900390625,5360.080078125,0.0,0.0,-0.009942022933571826,-0.009942022933571826,-0.009991774874867231,PASS,2026-04-08T12:05:22Z,D20260408.01
HSCEI,HK,index,2024-02-14,5245.4599609375,5402.2998046875,5207.509765625,5386.31005859375,5306.7900390625,0.0,0.0,0.014984579933616127,0.014984579933616127,0.014873420194718833,PASS,2026-04-08T12:05:22Z,D20260408.01
HSCEI,HK,index,2024-02-15,5361.6298828125,5434.2099609375,5331.39013671875,5410.93994140625,5386.31005859375,0.0,0.0,0.004572681955655966,0.004572681955655966,0.004562259007329119,PASS,2026-04-08T12:05:22Z,D20260408.01
HSCEI,HK,index,2024-02-16,5428.5498046875,5580.18994140625,5402.509765625,5558.85986328125,5410.93994140625,0.0,0.0,0.027337195288949623,0.027337195288949623,0.026970207426787744,PASS,2026-04-08T12:05:22Z,D20260408.01
HSCEI,HK,index,2024-02-19,5541.9501953125,5541.9501953125,5470.7001953125,5484.8798828125,5558.85986328125,0.0,0.0,-0.013308480927432753,-0.013308480927432753,-0.01339783240013575,PASS,2026-04-08T12:05:22Z,D20260408.01
HSCEI,HK,index,2024-02-20,5514.56982421875,5533.06005859375,5441.43994140625,5519.22998046875,5484.8798828125,0.0,0.0,0.006262689136345534,0.006262689136345534,0.006243159992960705,PASS,2026-04-08T12:05:22Z,D20260408.01
HSCEI,HK,index,2024-02-21,5498.0498046875,5740.39013671875,5478.43994140625,5642.77978515625,5519.22998046875,0.0,0.0,0.022385333665151386,0.022385333665151386,0.022138459531544148,PASS,2026-04-08T12:05:22Z,D20260408.01
HSCEI,HK,index,2024-02-22,5642.60009765625,5758.4599609375,5618.06005859375,5758.4599609375,5642.77978515625,0.0,0.0,0.020500565357087774,0.020500565357087774,0.020293257267694986,PASS,2026-04-08T12:05:22Z,D20260408.01
HSCEI,HK,index,2024-02-23,5728.06005859375,5832.669921875,5727.60986328125,5765.10009765625,5758.4599609375,0.0,0.0,0.0011531098182140376,0.0011531098182140376,0.0011524454977282132,PASS,2026-04-08T12:05:22Z,D20260408.01
HSCEI,HK,index,2024-02-26,5750.91015625,5793.3701171875,5712.97998046875,5723.35986328125,5765.10009765625,0.0,0.0,-0.007240157788755308,-0.007240157788755308,-0.00726649493153497,PASS,2026-04-08T12:05:22Z,D20260408.01
HSCEI,HK,index,2024-02-27,5739.83984375,5819.5498046875,5666.580078125,5806.89990234375,5723.35986328125,0.0,0.0,0.014596328215959131,0.014596328215959131,0.014490827196495455,PASS,2026-04-08T12:05:22Z,D20260408.01
HSCEI,HK,index,2024-02-28,5824.259765625,5827.009765625,5680.58984375,5688.4599609375,5806.89990234375,0.0,0.0,-0.020396415195386042,-0.020396415195386042,-0.02060729445327224,PASS,2026-04-08T12:05:22Z,D20260408.01
HSCEI,HK,index,2024-02-29,5643.8701171875,5737.72021484375,5643.8701171875,5677.8798828125,5688.4599609375,0.0,0.0,-0.0018599195911815913,-0.0018599195911815913,-0.0018616513892944005,PASS,2026-04-08T12:05:22Z,D20260408.01
HSCEI,HK,index,2024-03-01,5633.6201171875,5749.2099609375,5606.18017578125,5728.83984375,5677.8798828125,0.0,0.0,0.008975174182842549,0.008975174182842549,0.008935136691021604,PASS,2026-04-08T12:05:22Z,D20260408.01
HSCEI,HK,index,2024-03-04,5742.43017578125,5742.43017578125,5665.6201171875,5712.830078125,5728.83984375,0.0,0.0,-0.002794591236909172,-0.002794591236909172,-0.0027985033972925473,PASS,2026-04-08T12:05:22Z,D20260408.01
HSCEI,HK,index,2024-03-05,5613.0400390625,5658.93994140625,5538.89013671875,5562.72998046875,5712.830078125,0.0,0.0,-0.026274210085645344,-0.026274210085645344,-0.026625544838631943,PASS,2026-04-08T12:05:22Z,D20260408.01
HSCEI,HK,index,2024-03-06,5561.93017578125,5718.72021484375,5561.93017578125,5672.97021484375,5562.72998046875,0.0,0.0,0.019817649744291677,0.019817649744291677,0.019623836553569033,PASS,2026-04-08T12:05:22Z,D20260408.01
HSCEI,HK,index,2024-03-07,5693.35986328125,5724.85986328125,5575.97998046875,5613.830078125,5672.97021484375,0.0,0.0,-0.010424898153705286,-0.010424898153705286,-0.01047961803616188,PASS,2026-04-08T12:05:22Z,D20260408.01
HSCEI,HK,index,2024-03-08,5624.83984375,5712.16015625,5624.83984375,5656.72021484375,5613.830078125,0.0,0.0,0.007640084598548258,0.007640084598548258,0.007611046958447467,PASS,2026-04-08T12:05:22Z,D20260408.01
HSCEI,HK,index,2024-03-11,5679.10986328125,5763.14013671875,5679.10986328125,5748.89013671875,5656.72021484375,0.0,0.0,0.016293880265306093,0.016293880265306093,0.01616255956056115,PASS,2026-04-08T12:05:22Z,D20260408.01
HSCEI,HK,index,2024-03-12,5793.97998046875,5971.52978515625,5760.7099609375,5949.52001953125,5748.89013671875,0.0,0.0,0.034898889705867964,0.034898889705867964,0.03430373083980398,PASS,2026-04-08T12:05:22Z,D20260408.01
HSCEI,HK,index,2024-03-13,5940.27001953125,5986.77978515625,5913.4501953125,5932.4599609375,5949.52001953125,0.0,0.0,-0.002867468054186695,-0.002867468054186695,-0.002871587116778981,PASS,2026-04-08T12:05:22Z,D20260408.01
HSCEI,HK,index,2024-03-14,5940.97998046875,5999.2001953125,5872.5498046875,5906.8798828125,5932.4599609375,0.0,0.0,-0.004311883821118578,-0.004311883821118578,-0.004321206801552978,PASS,2026-04-08T12:05:22Z,D20260408.01
HSCEI,HK,index,2024-03-15,5828.97998046875,5857.89013671875,5745.43017578125,5820.5,5906.8798828125,0.0,0.0,-0.014623605782782767,-0.014623605782782767,-0.01473158469278565,PASS,2026-04-08T12:05:22Z,D20260408.01
HSCEI,HK,index,2024-03-18,5803.2001953125,5869.60009765625,5792.39013671875,5848.14990234375,5820.5,0.0,0.0,0.004750434214199739,0.004750434214199739,0.004739186508512989,PASS,2026-04-08T12:05:22Z,D20260408.01
HSCEI,HK,index,2024-03-19,5807.169921875,5838.52978515625,5759.7900390625,5780.2099609375,5848.14990234375,0.0,0.0,-0.011617339251003389,-0.011617339251003389,-0.011685347768424875,PASS,2026-04-08T12:05:22Z,D20260408.01
HSCEI,HK,index,2024-03-20,5794.18017578125,5844.35009765625,5741.4599609375,5803.990234375,5780.2099609375,0.0,0.0,0.004114084712874888,0.004114084712874888,0.004105645006222652,PASS,2026-04-08T12:05:22Z,D20260408.01
HSCEI,HK,index,2024-03-21,5872.89013671875,5958.08984375,5872.89013671875,5905.27001953125,5803.990234375,0.0,0.0,0.01745002680335417,0.01745002680335417,0.017299523421718182,PASS,2026-04-08T12:05:22Z,D20260408.01
HSCEI,HK,index,2024-03-22,5847.1298828125,5853.9599609375,5696.22998046875,5757.669921875,5905.27001953125,0.0,0.0,-0.024994639900982274,-0.024994639900982274,-0.0253123104619472,PASS,2026-04-08T12:05:22Z,D20260408.01
HSCEI,HK,index,2024-03-25,5773.8701171875,5811.0400390625,5739.919921875,5754.64990234375,5757.669921875,0.0,0.0,-0.0005245211295937802,-0.0005245211295937802,-0.0005246587389229131,PASS,2026-04-08T12:05:22Z,D20260408.01
HSCEI,HK,index,2024-03-26,5811.830078125,5870.27978515625,5760.14990234375,5825.419921875,5754.64990234375,0.0,0.0,0.012297884446875962,0.012297884446875962,0.01222287977239152,PASS,2026-04-08T12:05:22Z,D20260408.01
HSCEI,HK,index,2024-03-27,5783.68017578125,5811.89013671875,5709.85009765625,5728.1298828125,5825.419921875,0.0,0.0,-0.016700948664175597,-0.016700948664175597,-0.016841981972425594,PASS,2026-04-08T12:05:22Z,D20260408.01
HSCEI,HK,index,2024-03-28,5731.31005859375,5884.06005859375,5727.83984375,5810.7900390625,5728.1298828125,0.0,0.0,0.014430565985946942,0.014430565985946942,0.014327436330800533,PASS,2026-04-08T12:05:22Z,D20260408.01
HSCEI,HK,index,2024-04-02,5917.08984375,5985.2001953125,5917.08984375,5960.72021484375,5810.7900390625,0.0,0.0,0.02580202946128818,0.02580202946128818,0.025474774389175125,PASS,2026-04-08T12:05:22Z,D20260408.01
HSCEI,HK,index,2024-04-03,5965.06005859375,5965.06005859375,5864.259765625,5874.990234375,5960.72021484375,0.0,0.0,-0.014382486910769599,-0.014382486910769599,-0.014486917398460522,PASS,2026-04-08T12:05:22Z,D20260408.01
HSCEI,HK,index,2024-04-05,5885.7099609375,5905.77001953125,5756.83984375,5863.56982421875,5874.990234375,0.0,0.0,-0.0019439028322852936,-0.0019439028322852936,-0.0019457946634842272,PASS,2026-04-08T12:05:22Z,D20260408.01
HSCEI,HK,index,2024-04-08,5831.990234375,5934.08984375,5809.740234375,5868.97021484375,5863.56982421875,0.0,0.0,0.0009210073021888032,0.0009210073021888032,0.0009205834351998902,PASS,2026-04-08T12:05:22Z,D20260408.01
HSCEI,HK,index,2024-04-09,5898.64013671875,5966.52978515625,5886.08984375,5895.31982421875,5868.97021484375,0.0,0.0,0.004489647827545129,0.004489647827545129,0.0044795994233757675,PASS,2026-04-08T12:05:22Z,D20260408.01
HSCEI,HK,index,2024-04-10,5935.75,6042.6298828125,5929.919921875,6016.830078125,5895.31982421875,0.0,0.0,0.020611308212163504,0.020611308212163504,0.020401769551238503,PASS,2026-04-08T12:05:22Z,D20260408.01
HSCEI,HK,index,2024-04-11,5910.919921875,6029.02001953125,5910.919921875,6003.97021484375,6016.830078125,0.0,0.0,-0.002137315349490021,-0.002137315349490021,-0.002139602667669588,PASS,2026-04-08T12:05:22Z,D20260408.01
HSCEI,HK,index,2024-04-12,5972.7998046875,5997.39990234375,5879.580078125,5879.580078125,6003.97021484375,0.0,0.0,-0.020717980314295614,-0.020717980314295614,-0.02093560879798019,PASS,2026-04-08T12:05:22Z,D20260408.01
HSCEI,HK,index,2024-04-15,5795.02001953125,5871.419921875,5795.02001953125,5856.43994140625,5879.580078125,0.0,0.0,-0.003935678468746984,-0.003935678468746984,-0.003943443632071961,PASS,2026-04-08T12:05:22Z,D20260408.01
HSCEI,HK,index,2024-04-16,5773.68017578125,5819.27001953125,5727.10009765625,5743.77978515625,5856.43994140625,0.0,0.0,-0.01923696945194797,-0.01923696945194797,-0.019424407671227238,PASS,2026-04-08T12:05:22Z,D20260408.01
HSCEI,HK,index,2024-04-17,5742.2900390625,5776.56005859375,5714.169921875,5749.68994140625,5743.77978515625,0.0,0.0,0.0010289663725049358,0.0010289663725049358,0.001028437349473902,PASS,2026-04-08T12:05:22Z,D20260408.01
HSCEI,HK,index,2024-04-18,5740.02978515625,5848.27978515625,5726.3798828125,5803.85986328125,5749.68994140625,0.0,0.0,0.009421364008673994,0.009421364008673994,0.009377259757185199,PASS,2026-04-08T12:05:22Z,D20260408.01
HSCEI,HK,index,2024-04-19,5745.66015625,5759.91015625,5678.08984375,5746.60986328125,5803.85986328125,0.0,0.0,-0.009864125142338143,-0.009864125142338143,-0.009913097940083118,PASS,2026-04-08T12:05:22Z,D20260408.01
HSCEI,HK,index,2024-04-22,5805.08984375,5889.68994140625,5805.08984375,5831.259765625,5746.60986328125,0.0,0.0,0.014730407032611081,0.014730407032611081,0.014622968378610839,PASS,2026-04-08T12:05:22Z,D20260408.01
HSCEI,HK,index,2024-04-23,5887.39990234375,5961.6298828125,5856.14013671875,5954.6201171875,5831.259765625,0.0,0.0,0.021155008783814377,0.021155008783814377,0.0209343482111726,PASS,2026-04-08T12:05:22Z,D20260408.01
HSCEI,HK,index,2024-04-24,6008.93017578125,6106.0400390625,5989.330078125,6100.22021484375,5954.6201171875,0.0,0.0,0.0244516182041552,0.0244516182041552,0.024157462793166044,PASS,2026-04-08T12:05:22Z,D20260408.01
HSCEI,HK,index,2024-04-25,6080.3701171875,6183.7998046875,6066.14013671875,6120.3701171875,6100.22021484375,0.0,0.0,0.0033031434332024823,0.0033031434332024823,0.0032977000385142102,PASS,2026-04-08T12:05:22Z,D20260408.01
HSCEI,HK,index,2024-04-26,6146.56005859375,6314.5498046875,6146.56005859375,6269.759765625,6120.3701171875,0.0,0.0,0.024408597123559028,0.024408597123559028,0.024115467658231363,PASS,2026-04-08T12:05:22Z,D20260408.01
HSCEI,HK,index,2024-04-29,6275.75,6383.39990234375,6254.6298828125,6282.85986328125,6269.759765625,0.0,0.0,0.0020894098252493,0.0020894098252493,0.0020872300443160897,PASS,2026-04-08T12:05:22Z,D20260408.01
HSCEI,HK,index,2024-04-30,6313.58984375,6340.419921875,6245.759765625,6273.75,6282.85986328125,0.0,0.0,-0.00144995487397237,-0.00144995487397237,-0.0014510070757603791,PASS,2026-04-08T12:05:22Z,D20260408.01
HSCEI,HK,index,2024-05-02,6269.47998046875,6441.330078125,6256.240234375,6437.08984375,6273.75,0.0,0.0,0.02603544032675842,0.02603544032675842,0.02570228838081812,PASS,2026-04-08T12:05:22Z,D20260408.01
HSCEI,HK,index,2024-05-03,6580.81005859375,6607.18994140625,6497.56005859375,6547.2900390625,6437.08984375,0.0,0.0,0.017119567690902615,0.017119567690902615,0.016974679173330957,PASS,2026-04-08T12:05:22Z,D20260408.01
HSCEI,HK,index,2024-05-06,6553.4599609375,6578.1298828125,6506.35009765625,6572.4501953125,6547.2900390625,0.0,0.0,0.0038428351424619756,0.0038428351424619756,0.003835470313348834,PASS,2026-04-08T12:05:22Z,D20260408.01
HSCEI,HK,index,2024-05-07,6568.39990234375,6596.0498046875,6511.91015625,6526.669921875,6572.4501953125,0.0,0.0,-0.006965480464218743,-0.006965480464218743,-0.006989852665266583,PASS,2026-04-08T12:05:22Z,D20260408.01
HSCEI,HK,index,2024-05-08,6536.22998046875,6580.93017578125,6450.60986328125,6456.72021484375,6526.669921875,0.0,0.0,-0.010717518714529195,-0.010717518714529195,-0.010775365001937631,PASS,2026-04-08T12:05:22Z,D20260408.01
HSCEI,HK,index,2024-05-09,6468.72998046875,6569.0498046875,6455.52001953125,6560.669921875,6456.72021484375,0.0,0.0,0.016099459721403697,0.016099459721403697,0.015971237791619793,PASS,2026-04-08T12:05:22Z,D20260408.01
HSCEI,HK,index,2024-05-10,6612.77978515625,6735.1298828125,6601.080078125,6718.85986328125,6560.669921875,0.0,0.0,0.024111857979442375,0.024111857979442375,0.023825756959514194,PASS,2026-04-08T12:05:22Z,D20260408.01
HSCEI,HK,index,2024-05-13,6679.6298828125,6777.58984375,6656.81005859375,6761.64013671875,6718.85986328125,0.0,0.0,0.006367192396926624,0.006367192396926624,0.006347007463013563,PASS,2026-04-08T12:05:22Z,D20260408.01
HSCEI,HK,index,2024-05-14,6803.259765625,6839.1298828125,6741.41015625,6741.41015625,6761.64013671875,0.0,0.0,-0.002991874761108959,-0.002991874761108959,-0.002996359365552343,PASS,2026-04-08T12:05:22Z,D20260408.01
HSCEI,HK,index,2024-05-16,6814.990234375,6896.330078125,6763.009765625,6871.3798828125,6741.41015625,0.0,0.0,0.01927930856454485,0.01927930856454485,0.01909581733402102,PASS,2026-04-08T12:05:22Z,D20260408.01
HSCEI,HK,index,2024-05-17,6933.14013671875,6966.0498046875,6864.77978515625,6934.7001953125,6871.3798828125,0.0,0.0,0.009215079588072772,0.009215079588072772,0.009172879793696844,PASS,2026-04-08T12:05:22Z,D20260408.01
HSCEI,HK,index,2024-05-20,6952.10986328125,6986.2001953125,6930.85009765625,6964.990234375,6934.7001953125,0.0,0.0,0.004367894531760008,0.004367894531760008,0.004358382967388342,PASS,2026-04-08T12:05:22Z,D20260408.01
HSCEI,HK,index,2024-05-21,6909.7099609375,6924.2001953125,6802.52001953125,6820.97021484375,6964.990234375,0.0,0.0,-0.020677705881115838,-0.020677705881115838,-0.020894483152640198,PASS,2026-04-08T12:05:22Z,D20260408.01
HSCEI,HK,index,2024-05-22,6833.85009765625,6881.9599609375,6800.2001953125,6817.68017578125,6820.97021484375,0.0,0.0,-0.00048234180166040197,-0.00048234180166040197,-0.00048245816588694134,PASS,2026-04-08T12:05:22Z,D20260408.01
HSCEI,HK,index,2024-05-23,6773.419921875,6773.419921875,6659.33984375,6701.77978515625,6817.68017578125,0.0,0.0,-0.016999974718192035,-0.016999974718192035,-0.01714613311593933,PASS,2026-04-08T12:05:22Z,D20260408.01
HSCEI,HK,index,2024-05-24,6660.75,6710.1298828125,6579.72998046875,6605.240234375,6701.77978515625,0.0,0.0,-0.014405061621850845,-0.014405061621850845,-0.014509821790186974,PASS,2026-04-08T12:05:22Z,D20260408.01
HSCEI,HK,index,2024-05-27,6607.91015625,6703.5400390625,6565.31005859375,6688.1298828125,6605.240234375,0.0,0.0,0.012549073992210946,0.012549073992210946,0.01247098696447004,PASS,2026-04-08T12:05:22Z,D20260408.01
HSCEI,HK,index,2024-05-28,6688.25,6761.52001953125,6671.009765625,6686.1298828125,6688.1298828125,0.0,0.0,-0.00029903725481461585,-0.00029903725481461585,-0.0002990819753701297,PASS,2026-04-08T12:05:22Z,D20260408.01
HSCEI,HK,index,2024-05-29,6636.33984375,6650.52978515625,6540.1298828125,6557.47998046875,6686.1298828125,0.0,0.0,-0.01924131068324897,-0.01924131068324897,-0.019428834062489735,PASS,2026-04-08T12:05:22Z,D20260408.01
HSCEI,HK,index,2024-05-30,6531.4599609375,6579.47998046875,6440.0498046875,6462.9501953125,6557.47998046875,0.0,0.0,-0.014415565954879583,-0.014415565954879583,-0.014520479707143485,PASS,2026-04-08T12:05:22Z,D20260408.01
HSCEI,HK,index,2024-05-31,6538.47998046875,6592.2998046875,6392.580078125,6392.580078125,6462.9501953125,0.0,0.0,-0.010888234484390469,-0.010888234484390469,-0.010947945134093822,PASS,2026-04-08T12:05:22Z,D20260408.01
HSCEI,HK,index,2024-06-03,6470.330078125,6594.330078125,6466.06982421875,6531.990234375,6392.580078125,0.0,0.0,0.02180812043748226,0.02180812043748226,0.021573725071748942,PASS,2026-04-08T12:05:22Z,D20260408.01
HSCEI,HK,index,2024-06-04,6498.56982421875,6589.77001953125,6498.56982421875,6554.31982421875,6531.990234375,0.0,0.0,0.0034184971260733388,0.0034184971260733388,0.0034126673470501008,PASS,2026-04-08T12:05:22Z,D20260408.01
HSCEI,HK,index,2024-06-05,6566.64990234375,6659.72021484375,6523.31982421875,6542.47021484375,6554.31982421875,0.0,0.0,-0.0018079083250125416,-0.0018079083250125416,-0.0018095445636787742,PASS,2026-04-08T12:05:22Z,D20260408.01
HSCEI,HK,index,2024-06-06,6598.47021484375,6640.7998046875,6518.56005859375,6555.06005859375,6542.47021484375,0.0,0.0,0.0019243257266094993,0.0019243257266094993,0.0019224765837139283,PASS,2026-04-08T12:05:22Z,D20260408.01
HSCEI,HK,index,2024-06-07,6585.43994140625,6588.64013671875,6482.3701171875,6510.3701171875,6555.06005859375,0.0,0.0,-0.006817625011331652,-0.006817625011331652,-0.006840971187551026,PASS,2026-04-08T12:05:22Z,D20260408.01
HSCEI,HK,index,2024-06-11,6434.58984375,6483.60009765625,6381.52978515625,6452.06005859375,6510.3701171875,0.0,0.0,-0.008956489038896676,-0.008956489038896676,-0.008996839499845704,PASS,2026-04-08T12:05:22Z,D20260408.01
HSCEI,HK,index,2024-06-12,6410.18994140625,6424.8701171875,6334.85986328125,6359.35986328125,6452.06005859375,0.0,0.0,-0.014367534472812138,-0.014367534472812138,-0.014471746884198052,PASS,2026-04-08T12:05:22Z,D20260408.01
HSCEI,HK,index,2024-06-13,6420.669921875,6441.2900390625,6366.2998046875,6421.81005859375,6359.35986328125,0.0,0.0,0.009820201506929305,0.009820201506929305,0.009772296696057007,PASS,2026-04-08T12:05:22Z,D20260408.01
HSCEI,HK,index,2024-06-14,6391.85986328125,6435.2900390625,6364.18017578125,6374.66015625,6421.81005859375,0.0,0.0,-0.007342151498338612,-0.007342151498338612,-0.007369237755022557,PASS,2026-04-08T12:05:22Z,D20260408.01
HSCEI,HK,index,2024-06-17,6342.39990234375,6447.169921875,6305.490234375,6373.47998046875,6374.66015625,0.0,0.0,-0.00018513548209986297,-0.00018513548209986297,-0.0001851526217887048,PASS,2026-04-08T12:05:22Z,D20260408.01
HSCEI,HK,index,2024-06-18,6381.56982421875,6416.0,6348.259765625,6368.10009765625,6373.47998046875,0.0,0.0,-0.0008441044498431749,-0.0008441044498431749,-0.0008444609066095756,PASS,2026-04-08T12:05:22Z,D20260408.01
HSCEI,HK,index,2024-06-19,6419.990234375,6596.009765625,6413.60009765625,6587.77001953125,6368.10009765625,0.0,0.0,0.03449536258951835,0.03449536258951835,0.03391373543799342,PASS,2026-04-08T12:05:22Z,D20260408.01
HSCEI,HK,index,2024-06-20,6595.64013671875,6624.419921875,6531.43994140625,6556.10009765625,6587.77001953125,0.0,0.0,-0.004807381220216511,-0.004807381220216511,-0.0048189738456839125,PASS,2026-04-08T12:05:22Z,D20260408.01
HSCEI,HK,index,2024-06-21,6500.7900390625,6522.0498046875,6408.7998046875,6439.81982421875,6556.10009765625,0.0,0.0,-0.017736195559166168,-0.017736195559166168,-0.01789536674480828,PASS,2026-04-08T12:05:22Z,D20260408.01
HSCEI,HK,index,2024-06-24,6395.509765625,6444.39990234375,6346.39013671875,6441.16015625,6439.81982421875,0.0,0.0,0.00020813191484170268,0.00020813191484170268,0.00020811025839959392,PASS,2026-04-08T12:05:22Z,D20260408.01
HSCEI,HK,index,2024-06-25,6463.2998046875,6522.39990234375,6421.43017578125,6464.490234375,6441.16015625,0.0,0.0,0.003622030435365353,0.003622030435365353,0.003615486679489805,PASS,2026-04-08T12:05:22Z,D20260408.01
HSCEI,HK,index,2024-06-26,6417.97998046875,6499.10009765625,6416.43994140625,6477.240234375,6464.490234375,0.0,0.0,0.001972313289639205,0.001972313289639205,0.0019703708334517156,PASS,2026-04-08T12:05:22Z,D20260408.01
HSCEI,HK,index,2024-06-27,6426.35986328125,6435.8701171875,6314.16015625,6324.0498046875,6477.240234375,0.0,0.0,-0.02365057094447598,-0.02365057094447598,-0.02393473507019233,PASS,2026-04-08T12:05:22Z,D20260408.01
HSCEI,HK,index,2024-06-28,6267.33984375,6384.009765625,6267.33984375,6331.85986328125,6324.0498046875,0.0,0.0,0.0012349774013420411,0.0012349774013420411,0.0012342154440199912,PASS,2026-04-08T12:05:22Z,D20260408.01
HSCEI,HK,index,2024-07-02,6323.89990234375,6449.830078125,6323.77978515625,6374.91015625,6331.85986328125,0.0,0.0,0.006798996487335618,0.006798996487335618,0.006775987543659726,PASS,2026-04-08T12:05:22Z,D20260408.01
HSCEI,HK,index,2024-07-03,6394.18017578125,6471.27978515625,6376.35009765625,6455.7001953125,6374.91015625,0.0,0.0,0.012673125908024385,0.012673125908024385,0.012593493932816228,PASS,2026-04-08T12:05:22Z,D20260408.01
HSCEI,HK,index,2024-07-04,6486.64990234375,6511.240234375,6436.580078125,6470.85986328125,6455.7001953125,0.0,0.0,0.002348260840823624,0.002348260840823624,0.0023455079851085812,PASS,2026-04-08T12:05:22Z,D20260408.01
HSCEI,HK,index,2024-07-05,6473.490234375,6506.06005859375,6371.5400390625,6382.27001953125,6470.85986328125,0.0,0.0,-0.01369058295524228,-0.01369058295524228,-0.013785163217462723,PASS,2026-04-08T12:05:22Z,D20260408.01
HSCEI,HK,index,2024-07-08,6320.89013671875,6362.39013671875,6260.27001953125,6284.72998046875,6382.27001953125,0.0,0.0,-0.015282969658758527,-0.015282969658758527,-0.015400957923898399,PASS,2026-04-08T12:05:22Z,D20260408.01
HSCEI,HK,index,2024-07-09,6257.14013671875,6322.4501953125,6221.2001953125,6275.64013671875,6284.72998046875,0.0,0.0,-0.0014463379935572007,-0.0014463379935572007,-0.0014473849499766697,PASS,2026-04-08T12:05:22Z,D20260408.01
HSCEI,HK,index,2024-07-10,6311.9501953125,6373.27978515625,6244.0,6251.18017578125,6275.64013671875,0.0,0.0,-0.003897604133542454,-0.003897604133542454,-0.003905219586989127,PASS,2026-04-08T12:05:22Z,D20260408.01
HSCEI,HK,index,2024-07-11,6303.83984375,6387.02001953125,6303.16015625,6371.77978515625,6251.18017578125,0.0,0.0,0.01929229457218895,0.01929229457218895,0.01910855763475345,PASS,2026-04-08T12:05:22Z,D20260408.01
HSCEI,HK,index,2024-07-12,6443.080078125,6543.16015625,6443.080078125,6532.6298828125,6371.77978515625,0.0,0.0,0.025244139483754147,0.025244139483754147,0.02493076909105981,PASS,2026-04-08T12:05:22Z,D20260408.01
HSCEI,HK,index,2024-07-15,6483.72998046875,6514.2900390625,6399.7099609375,6421.669921875,6532.6298828125,0.0,0.0,-0.016985496335777173,-0.016985496335777173,-0.017131404453254537,PASS,2026-04-08T12:05:22Z,D20260408.01
HSCEI,HK,index,2024-07-16,6360.18994140625,6389.81005859375,6316.52978515625,6316.52978515625,6421.669921875,0.0,0.0,-0.01637270959078685,-0.01637270959078685,-0.01650822359066073,PASS,2026-04-08T12:05:22Z,D20260408.01
HSCEI,HK,index,2024-07-17,6325.39013671875,6347.22021484375,6278.72998046875,6297.490234375,6316.52978515625,0.0,0.0,-0.003014242222999175,-0.003014242222999175,-0.0030187942005653,PASS,2026-04-08T12:05:22Z,D20260408.01
HSCEI,HK,index,2024-07-18,6258.8798828125,6343.8798828125,6242.31982421875,6306.7998046875,6297.490234375,0.0,0.0,0.0014782984913075392,0.0014782984913075392,0.0014772068837749237,PASS,2026-04-08T12:05:22Z,D20260408.01
HSCEI,HK,index,2024-07-19,6242.93017578125,6257.97021484375,6150.25,6165.0400390625,6306.7998046875,0.0,0.0,-0.02247728959457973,-0.02247728959457973,-0.022733754241176612,PASS,2026-04-08T12:05:22Z,D20260408.01
HSCEI,HK,index,2024-07-22,6181.0,6276.02001953125,6126.06005859375,6253.93994140625,6165.0400390625,0.0,0.0,0.014420004051955537,0.014420004051955537,0.014317024589149888,PASS,2026-04-08T12:05:22Z,D20260408.01
HSCEI,HK,index,2024-07-23,6266.0,6277.2998046875,6186.830078125,6194.68994140625,6253.93994140625,0.0,0.0,-0.00947402766178107,-0.00947402766178107,-0.009519191745390287,PASS,2026-04-08T12:05:22Z,D20260408.01
HSCEI,HK,index,2024-07-24,6189.5400390625,6218.509765625,6117.81982421875,6142.31982421875,6194.68994140625,0.0,0.0,-0.00845403364540498,-0.00845403364540498,-0.008489971678748067,PASS,2026-04-08T12:05:22Z,D20260408.01
HSCEI,HK,index,2024-07-25,6115.830078125,6131.06005859375,5998.60986328125,6016.509765625,6142.31982421875,0.0,0.0,-0.020482498826858486,-0.020482498826858486,-0.020695174301173406,PASS,2026-04-08T12:05:22Z,D20260408.01
HSCEI,HK,index,2024-07-26,6050.43017578125,6102.6298828125,5970.0400390625,6010.64013671875,6016.509765625,0.0,0.0,-0.0009755870321670468,-0.0009755870321670468,-0.000976063226933865,PASS,2026-04-08T12:05:22Z,D20260408.01
HSCEI,HK,index,2024-07-29,6074.7099609375,6133.60986328125,6050.5498046875,6080.56005859375,6010.64013671875,0.0,0.0,0.01163269140800205,0.01163269140800205,0.01156555182768736,PASS,2026-04-08T12:05:22Z,D20260408.01
HSCEI,HK,index,2024-07-30,6065.35009765625,6065.35009765625,5970.7998046875,5986.68994140625,6080.56005859375,0.0,0.0,-0.01543774196504022,-0.01543774196504022,-0.015558144674923424,PASS,2026-04-08T12:05:22Z,D20260408.01
HSCEI,HK,index,2024-07-31,6009.5498046875,6132.1201171875,5984.6201171875,6107.16015625,5986.68994140625,0.0,0.0,0.020123008878500936,0.020123008878500936,0.019923216964660165,PASS,2026-04-08T12:05:22Z,D20260408.01
HSCEI,HK,index,2024-08-01,6101.52001953125,6139.8701171875,6065.7900390625,6086.39990234375,6107.16015625,0.0,0.0,-0.0033993301919558183,-0.0033993301919558183,-0.003405121041897788,PASS,2026-04-08T12:05:22Z,D20260408.01
HSCEI,HK,index,2024-08-02,5995.4599609375,6011.580078125,5936.7099609375,5974.85009765625,6086.39990234375,0.0,0.0,-0.018327715312387638,-0.018327715312387638,-0.018497748639395024,PASS,2026-04-08T12:05:22Z,D20260408.01
HSCEI,HK,index,2024-08-05,5888.08984375,5981.72021484375,5771.60986328125,5876.64013671875,5974.85009765625,0.0,0.0,-0.01643722592739605,-0.01643722592739605,-0.016573815968130696,PASS,2026-04-08T12:05:22Z,D20260408.01
HSCEI,HK,index,2024-08-06,5939.85986328125,5959.02001953125,5839.43994140625,5852.60986328125,5876.64013671875,0.0,0.0,-0.0040891177404844825,-0.0040891177404844825,-0.004097501043779672,PASS,2026-04-08T12:05:22Z,D20260408.01
HSCEI,HK,index,2024-08-07,5868.66015625,5979.47998046875,5859.58984375,5933.169921875,5852.60986328125,0.0,0.0,0.013764809286054946,0.013764809286054946,0.013670934761059843,PASS,2026-04-08T12:05:22Z,D20260408.01
HSCEI,HK,index,2024-08-08,5897.3701171875,5994.52001953125,5857.2001953125,5941.47021484375,5933.169921875,0.0,0.0,0.0013989643104856953,0.0013989643104856953,0.0013979866715964147,PASS,2026-04-08T12:05:22Z,D20260408.01
HSCEI,HK,index,2024-08-09,6018.7001953125,6082.83984375,6011.35986328125,6017.85009765625,5941.47021484375,0.0,0.0,0.01285538428210553,0.01285538428210553,0.01277345523541564,PASS,2026-04-08T12:05:22Z,D20260408.01
HSCEI,HK,index,2024-08-12,6025.669921875,6048.39013671875,5986.14013671875,6029.66015625,6017.85009765625,0.0,0.0,0.0019625046157845105,0.0019625046157845105,0.001960581419377834,PASS,2026-04-08T12:05:22Z,D20260408.01
HSCEI,HK,index,2024-08-13,6046.6298828125,6085.27001953125,6012.75,6049.41015625,6029.66015625,0.0,0.0,0.0032754748175198856,0.0032754748175198856,0.0032701221350792866,PASS,2026-04-08T12:05:22Z,D20260408.01
HSCEI,HK,index,2024-08-14,6074.25,6083.06005859375,6001.18994140625,6025.16015625,6049.41015625,0.0,0.0,-0.004008655285994478,-0.004008655285994478,-0.004016711481476683,PASS,2026-04-08T12:05:22Z,D20260408.01
HSCEI,HK,index,2024-08-15,5988.259765625,6100.02978515625,5956.91015625,6035.27001953125,6025.16015625,0.0,0.0,0.0016779410039022835,0.0016779410039022835,0.0016765348336567202,PASS,2026-04-08T12:05:22Z,D20260408.01
HSCEI,HK,index,2024-08-16,6104.509765625,6180.06005859375,6094.35009765625,6161.89990234375,6035.27001953125,0.0,0.0,0.02098164330720942,0.02098164330720942,0.020764559889863223,PASS,2026-04-08T12:05:22Z,D20260408.01
HSCEI,HK,index,2024-08-19,6215.81982421875,6271.77001953125,6214.02978515625,6225.85986328125,6161.89990234375,0.0,0.0,0.010379909111015051,0.010379909111015051,0.010326407762049919,PASS,2026-04-08T12:05:22Z,D20260408.01
HSCEI,HK,index,2024-08-20,6261.06982421875,6261.06982421875,6171.0,6195.580078125,6225.85986328125,0.0,0.0,-0.004863550709651165,-0.004863550709651165,-0.0048754162605093455,PASS,2026-04-08T12:05:22Z,D20260408.01
HSCEI,HK,index,2024-08-21,6107.43017578125,6148.740234375,6073.41015625,6141.77978515625,6195.580078125,0.0,0.0,-0.008683657105604148,-0.008683657105604148,-0.00872157975375616,PASS,2026-04-08T12:05:22Z,D20260408.01
HSCEI,HK,index,2024-08-22,6192.240234375,6230.4501953125,6127.10009765625,6224.240234375,6141.77978515625,0.0,0.0,0.013426148788018066,0.013426148788018066,0.013336816754230185,PASS,2026-04-08T12:05:22Z,D20260408.01
HSCEI,HK,index,2024-08-23,6169.39990234375,6227.240234375,6164.47998046875,6219.240234375,6224.240234375,0.0,0.0,-0.0008033108960651125,-0.0008033108960651125,-0.0008036337231615755,PASS,2026-04-08T12:05:22Z,D20260408.01
HSCEI,HK,index,2024-08-26,6250.27001953125,6295.740234375,6246.58984375,6278.6298828125,6219.240234375,0.0,0.0,0.009549341430684866,0.009549341430684866,0.009504034674560164,PASS,2026-04-08T12:05:22Z,D20260408.01
HSCEI,HK,index,2024-08-27,6222.580078125,6310.43994140625,6210.08984375,6306.35986328125,6278.6298828125,0.0,0.0,0.004416565554319352,0.004416565554319352,0.004406841150469649,PASS,2026-04-08T12:05:22Z,D20260408.01
HSCEI,HK,index,2024-08-28,6290.08984375,6300.39013671875,6204.02001953125,6225.990234375,6306.35986328125,0.0,0.0,-0.012744218637791627,-0.012744218637791627,-0.012826122805977865,PASS,2026-04-08T12:05:22Z,D20260408.01
HSCEI,HK,index,2024-08-29,6191.2900390625,6253.64990234375,6135.97021484375,6247.1298828125,6225.990234375,0.0,0.0,0.003395387342688627,0.003395387342688627,0.0033896360300310333,PASS,2026-04-08T12:05:22Z,D20260408.01
HSCEI,HK,index,2024-08-30,6254.8701171875,6404.4501953125,6247.240234375,6331.14013671875,6247.1298828125,0.0,0.0,0.013447816114306343,0.013447816114306343,0.01335819679725634,PASS,2026-04-08T12:05:22Z,D20260408.01
HSCEI,HK,index,2024-09-02,6279.39013671875,6279.39013671875,6196.7900390625,6211.60986328125,6331.14013671875,0.0,0.0,-0.01887973901324025,-0.01887973901324025,-0.019060236729767963,PASS,2026-04-08T12:05:22Z,D20260408.01
HSCEI,HK,index,2024-09-03,6204.240234375,6229.18994140625,6173.18017578125,6203.5498046875,6211.60986328125,0.0,0.0,-0.0012975796566676578,-0.0012975796566676578,-0.0012984222421103795,PASS,2026-04-08T12:05:22Z,D20260408.01
HSCEI,HK,index,2024-09-04,6139.9599609375,6163.25,6084.68994140625,6133.97998046875,6203.5498046875,0.0,0.0,-0.011214518527147499,-0.011214518527147499,-0.011277875362990802,PASS,2026-04-08T12:05:22Z,D20260408.01
HSCEI,HK,index,2024-09-05,6130.16015625,6155.5400390625,6066.10986328125,6105.5400390625,6133.97998046875,0.0,0.0,-0.004636458139218869,-0.004636458139218869,-0.004647239850132922,PASS,2026-04-08T12:05:22Z,D20260408.01
HSCEI,HK,index,2024-09-09,6036.740234375,6045.22021484375,5955.31982421875,6002.91015625,6105.5400390625,0.0,0.0,-0.016809304689820448,-0.016809304689820448,-0.016952184454731258,PASS,2026-04-08T12:05:22Z,D20260408.01
HSCEI,HK,index,2024-09-10,6002.52001953125,6052.02978515625,5978.4599609375,6026.33984375,6002.91015625,0.0,0.0,0.0039030548334304527,0.0039030548334304527,0.0038954576765776123,PASS,2026-04-08T12:05:22Z,D20260408.01
HSCEI,HK,index,2024-09-11,5956.0400390625,5987.580078125,5928.3701171875,5982.5498046875,6026.33984375,0.0,0.0,-0.00726644035980073,-0.00726644035980073,-0.007292969530768035,PASS,2026-04-08T12:05:22Z,D20260408.01
HSCEI,HK,index,2024-09-12,6001.68017578125,6059.490234375,5976.2099609375,6017.52978515625,5982.5498046875,0.0,0.0,0.005847001965840981,0.005847001965840981,0.005829974590339074,PASS,2026-04-08T12:05:22Z,D20260408.01
HSCEI,HK,index,2024-09-13,6041.7001953125,6127.85986328125,6041.7001953125,6071.52001953125,6017.52978515625,0.0,0.0,0.008972159059051243,0.008972159059051243,0.008932148383307484,PASS,2026-04-08T12:05:22Z,D20260408.01
HSCEI,HK,index,2024-09-16,6027.7900390625,6090.580078125,5994.31982421875,6090.16015625,6071.52001953125,0.0,0.0,0.003070093923562389,0.003070093923562389,0.00306539080875673,PASS,2026-04-08T12:05:22Z,D20260408.01
HSCEI,HK,index,2024-09-17,6072.81982421875,6195.6201171875,6071.52978515625,6176.02978515625,6090.16015625,0.0,0.0,0.014099732470602921,0.014099732470602921,0.014001255826098229,PASS,2026-04-08T12:05:22Z,D20260408.01
HSCEI,HK,index,2024-09-19,6173.3798828125,6330.7001953125,6147.97021484375,6305.509765625,6176.02978515625,0.0,0.0,0.020964921636218214,0.020964921636218214,0.020748181722795918,PASS,2026-04-08T12:05:22Z,D20260408.01
HSCEI,HK,index,2024-09-20,6316.5498046875,6430.3701171875,6304.89013671875,6381.5,6305.509765625,0.0,0.0,0.012051402217988283,0.012051402217988283,0.011979362280890032,PASS,2026-04-08T12:05:22Z,D20260408.01
HSCEI,HK,index,2024-09-23,6378.97998046875,6453.52978515625,6374.47021484375,6389.080078125,6381.5,0.0,0.0,0.001187820751390678,0.001187820751390678,0.0011871158504640415,PASS,2026-04-08T12:05:22Z,D20260408.01
HSCEI,HK,index,2024-09-24,6511.43017578125,6721.7001953125,6498.77001953125,6714.47021484375,6389.080078125,0.0,0.0,0.050929106027771454,0.050929106027771454,0.04967463579265333,PASS,2026-04-08T12:05:22Z,D20260408.01
HSCEI,HK,index,2024-09-25,6944.7998046875,6944.7998046875,6742.47021484375,6765.60009765625,6714.47021484375,0.0,0.0,0.007614879681715925,0.007614879681715925,0.007586032836383116,PASS,2026-04-08T12:05:22Z,D20260408.01
HSCEI,HK,index,2024-09-26,6845.240234375,7102.14990234375,6783.64013671875,7086.7001953125,6765.60009765625,0.0,0.0,0.04746069720666557,0.04746069720666557,0.046368851543812636,PASS,2026-04-08T12:05:22Z,D20260408.01
HSCEI,HK,index,2024-09-27,7255.919921875,7358.64990234375,7165.47998046875,7299.89990234375,7086.7001953125,0.0,0.0,0.030084482362083165,0.030084482362083165,0.029640820588708164,PASS,2026-04-08T12:05:22Z,D20260408.01
HSCEI,HK,index,2024-09-30,7499.1201171875,7646.2001953125,7345.259765625,7509.7900390625,7299.89990234375,0.0,0.0,0.028752467777176216,0.028752467777176216,0.02834687181761528,PASS,2026-04-08T12:05:22Z,D20260408.01
HSCEI,HK,index,2024-10-02,7578.97998046875,8146.25,7578.97998046875,8041.27001953125,7509.7900390625,0.0,0.0,0.07077161647718966,0.07077161647718966,0.06837952547411295,PASS,2026-04-08T12:05:22Z,D20260408.01
HSCEI,HK,index,2024-10-03,8034.10009765625,8034.10009765625,7645.58984375,7914.16015625,8041.27001953125,0.0,0.0,-0.01580718754282795,-0.01580718754282795,-0.015933453506033587,PASS,2026-04-08T12:05:22Z,D20260408.01
HSCEI,HK,index,2024-10-04,7874.93017578125,8161.9501953125,7804.990234375,8156.5,7914.16015625,0.0,0.0,0.030621043669253778,0.030621043669253778,0.030161575555896134,PASS,2026-04-08T12:05:22Z,D20260408.01
HSCEI,HK,index,2024-10-07,8243.759765625,8372.9697265625,8162.31005859375,8330.849609375,8156.5,0.0,0.0,0.021375542128976965,0.021375542128976965,0.021150289506073672,PASS,2026-04-08T12:05:22Z,D20260408.01
HSCEI,HK,index,2024-10-08,8234.3798828125,8259.1796875,7421.27978515625,7483.669921875,8330.849609375,0.0,0.0,-0.10169187144449698,-0.10169187144449698,-0.10724214196736315,PASS,2026-04-08T12:05:22Z,D20260408.01
HSCEI,HK,index,2024-10-09,7616.08984375,7671.330078125,7197.52001953125,7365.58984375,7483.669921875,0.0,0.0,-0.01577836534182886,-0.01577836534182886,-0.01590416881850918,PASS,2026-04-08T12:05:22Z,D20260408.01
HSCEI,HK,index,2024-10-10,7525.419921875,7780.18017578125,7502.169921875,7620.740234375,7365.58984375,0.0,0.0,0.03464086326249971,0.03464086326249971,0.03405437448476403,PASS,2026-04-08T12:05:22Z,D20260408.01
HSCEI,HK,index,2024-10-14,7606.47021484375,7680.1298828125,7418.7998046875,7579.93994140625,7620.740234375,0.0,0.0,-0.005353849063731597,-0.005353849063731597,-0.005368232273623265,PASS,2026-04-08T12:05:22Z,D20260408.01
HSCEI,HK,index,2024-10-15,7555.39990234375,7570.47021484375,7216.919921875,7277.830078125,7579.93994140625,0.0,0.0,-0.0398564982858165,-0.0398564982858165,-0.04067252473914496,PASS,2026-04-08T12:05:22Z,D20260408.01
HSCEI,HK,index,2024-10-16,7212.66015625,7370.47021484375,7203.740234375,7267.97998046875,7277.830078125,0.0,0.0,-0.0013534388066926972,-0.0013534388066926972,-0.00135435553224241,PASS,2026-04-08T12:05:22Z,D20260408.01
HSCEI,HK,index,2024-10-17,7331.60986328125,7462.43017578125,7143.4599609375,7179.43994140625,7267.97998046875,0.0,0.0,-0.012182207339650586,-0.012182207339650586,-0.012257018626061085,PASS,2026-04-08T12:05:22Z,D20260408.01
HSCEI,HK,index,2024-10-18,7185.5400390625,7534.3701171875,7170.5498046875,7471.9501953125,7179.43994140625,0.0,0.0,0.04074276772192831,0.04074276772192831,0.03993465796664392,PASS,2026-04-08T12:05:22Z,D20260408.01
HSCEI,HK,index,2024-10-21,7442.72021484375,7496.169921875,7321.60009765625,7340.56005859375,7471.9501953125,0.0,0.0,-0.01758445028195943,-0.01758445028195943,-0.01774089341847412,PASS,2026-04-08T12:05:22Z,D20260408.01
HSCEI,HK,index,2024-10-22,7334.35009765625,7416.240234375,7317.3798828125,7363.0,7340.56005859375,0.0,0.0,0.0030569794712025367,0.0030569794712025367,0.0030523164102961705,PASS,2026-04-08T12:05:22Z,D20260408.01
HSCEI,HK,index,2024-10-23,7369.8798828125,7550.14990234375,7345.669921875,7478.22998046875,7363.0,0.0,0.0,0.01564986832388282,0.01564986832388282,0.015528671970479179,PASS,2026-04-08T12:05:22Z,D20260408.01
HSCEI,HK,index,2024-10-24,7389.7099609375,7437.0400390625,7347.14013671875,7359.14013671875,7478.22998046875,0.0,0.0,-0.015924870465475416,-0.015924870465475416,-0.016053033691512415,PASS,2026-04-08T12:05:22Z,D20260408.01
HSCEI,HK,index,2024-10-25,7364.31005859375,7463.06005859375,7364.31005859375,7385.259765625,7359.14013671875,0.0,0.0,0.0035492772825354013,0.0035492772825354013,0.0035429934622122706,PASS,2026-04-08T12:05:22Z,D20260408.01
HSCEI,HK,index,2024-10-28,7391.89013671875,7425.31982421875,7318.14990234375,7391.22021484375,7385.259765625,0.0,0.0,0.0008070737398422345,0.0008070737398422345,0.0008067482309594698,PASS,2026-04-08T12:05:22Z,D20260408.01
HSCEI,HK,index,2024-10-29,7447.6201171875,7504.72998046875,7373.16015625,7417.52978515625,7391.22021484375,0.0,0.0,0.0035595706186188902,0.0035595706186188902,0.0035532503410002276,PASS,2026-04-08T12:05:22Z,D20260408.01
HSCEI,HK,index,2024-10-30,7365.740234375,7404.9599609375,7243.22998046875,7286.5,7417.52978515625,0.0,0.0,-0.017664881564542267,-0.017664881564542267,-0.017822767708104325,PASS,2026-04-08T12:05:22Z,D20260408.01
HSCEI,HK,index,2024-10-31,7302.64013671875,7358.35986328125,7264.10986328125,7264.10986328125,7286.5,0.0,0.0,-0.0030728246371715118,-0.0030728246371715118,-0.0030775554566016337,PASS,2026-04-08T12:05:22Z,D20260408.01
HSCEI,HK,index,2024-11-01,7311.25,7409.4599609375,7278.58984375,7342.66015625,7264.10986328125,0.0,0.0,0.010813478106355134,0.010813478106355134,0.010755430541099512,PASS,2026-04-08T12:05:22Z,D20260408.01
HSCEI,HK,index,2024-11-04,7376.6298828125,7398.85986328125,7321.22998046875,7367.64990234375,7342.66015625,0.0,0.0,0.003403364116270513,0.003403364116270513,0.0033975857794278064,PASS,2026-04-08T12:05:22Z,D20260408.01
HSCEI,HK,index,2024-11-05,7303.2998046875,7556.6201171875,7303.2998046875,7556.6201171875,7367.64990234375,0.0,0.0,0.02564864201590744,0.02564864201590744,0.025325233922227287,PASS,2026-04-08T12:05:22Z,D20260408.01
HSCEI,HK,index,2024-11-06,7473.97998046875,7494.64990234375,7306.60986328125,7363.47021484375,7556.6201171875,0.0,0.0,-0.025560356263567008,-0.025560356263567008,-0.025892697574537504,PASS,2026-04-08T12:05:22Z,D20260408.01
HSCEI,HK,index,2024-11-07,7308.97021484375,7561.0400390625,7303.9501953125,7546.9501953125,7363.47021484375,0.0,0.0,0.024917596610750214,0.024917596610750214,0.024612215808149217,PASS,2026-04-08T12:05:22Z,D20260408.01
HSCEI,HK,index,2024-11-08,7644.27978515625,7706.60009765625,7450.64013671875,7461.43994140625,7546.9501953125,0.0,0.0,-0.01133043834837566,-0.01133043834837566,-0.011395116785761945,PASS,2026-04-08T12:05:22Z,D20260408.01
HSCEI,HK,index,2024-11-11,7284.7900390625,7395.16015625,7242.97021484375,7355.56982421875,7461.43994140625,0.0,0.0,-0.01418896593940111,-0.01418896593940111,-0.014290591772284667,PASS,2026-04-08T12:05:22Z,D20260408.01
HSCEI,HK,index,2024-11-12,7317.39013671875,7398.919921875,7098.75,7127.14013671875,7355.56982421875,0.0,0.0,-0.031055335338926238,-0.031055335338926238,-0.031547774334885384,PASS,2026-04-08T12:05:22Z,D20260408.01
HSCEI,HK,index,2024-11-13,7059.41015625,7139.0400390625,7035.669921875,7130.93017578125,7127.14013671875,0.0,0.0,0.0005317755775522404,0.0005317755775522404,0.0005316342350259156,PASS,2026-04-08T12:05:22Z,D20260408.01
HSCEI,HK,index,2024-11-14,7046.91015625,7141.919921875,6952.68017578125,6973.080078125,7130.93017578125,0.0,0.0,-0.02213597577947901,-0.02213597577947901,-0.022384653152861842,PASS,2026-04-08T12:05:22Z,D20260408.01
HSCEI,HK,index,2024-11-15,6993.97021484375,7052.02978515625,6934.759765625,6980.06005859375,6973.080078125,0.0,0.0,0.0010009895757037146,0.0010009895757037146,0.0010004889197114792,PASS,2026-04-08T12:05:22Z,D20260408.01
HSCEI,HK,index,2024-11-18,7044.509765625,7130.080078125,6999.89013671875,7057.10009765625,6980.06005859375,0.0,0.0,0.011037159912062666,0.011037159912062666,0.010976694963321465,PASS,2026-04-08T12:05:22Z,D20260408.01
HSCEI,HK,index,2024-11-19,7103.6298828125,7126.9501953125,7023.08984375,7082.2099609375,7057.10009765625,0.0,0.0,0.003558099351543831,0.003558099351543831,0.003551784291353939,PASS,2026-04-08T12:05:22Z,D20260408.01
HSCEI,HK,index,2024-11-20,7061.0,7114.89990234375,7041.169921875,7090.85986328125,7082.2099609375,0.0,0.0,0.0012213563833125551,0.0012213563833125551,0.0012206111343530212,PASS,2026-04-08T12:05:22Z,D20260408.01
HSCEI,HK,index,2024-11-21,7060.85986328125,7104.64013671875,7015.64013671875,7034.89013671875,7090.85986328125,0.0,0.0,-0.00789322136407311,-0.00789322136407311,-0.007924537736048336,PASS,2026-04-08T12:05:22Z,D20260408.01
HSCEI,HK,index,2024-11-22,7041.2900390625,7073.08984375,6853.7001953125,6887.0498046875,7034.89013671875,0.0,0.0,-0.021015300759224975,-0.021015300759224975,-0.02123926554130364,PASS,2026-04-08T12:05:22Z,D20260408.01
HSCEI,HK,index,2024-11-25,6925.81982421875,6942.669921875,6836.22021484375,6862.2001953125,6887.0498046875,0.0,0.0,-0.0036081646103512943,-0.0036081646103512943,-0.0036146897368278053,PASS,2026-04-08T12:05:22Z,D20260408.01
HSCEI,HK,index,2024-11-26,6813.43994140625,6911.81982421875,6813.43994140625,6851.56005859375,6862.2001953125,0.0,0.0,-0.0015505430351649974,-0.0015505430351649974,-0.001551746371060532,PASS,2026-04-08T12:05:22Z,D20260408.01
HSCEI,HK,index,2024-11-27,6858.6201171875,7052.2998046875,6802.4599609375,7027.39990234375,6851.56005859375,0.0,0.0,0.025664205268032036,0.025664205268032036,0.025340407865241877,PASS,2026-04-08T12:05:22Z,D20260408.01
HSCEI,HK,index,2024-11-28,7016.3798828125,7016.3798828125,6906.47021484375,6924.509765625,7027.39990234375,0.0,0.0,-0.014641281006995799,-0.014641281006995799,-0.014749522389328454,PASS,2026-04-08T12:05:22Z,D20260408.01
HSCEI,HK,index,2024-11-29,6919.39013671875,7042.2900390625,6899.740234375,6946.68017578125,6924.509765625,0.0,0.0,0.003201729928421715,0.003201729928421715,0.0031966153053411303,PASS,2026-04-08T12:05:22Z,D20260408.01
HSCEI,HK,index,2024-12-02,6947.56982421875,7053.56982421875,6927.56005859375,7009.0498046875,6946.68017578125,0.0,0.0,0.008978336029301426,0.008978336029301426,0.008938270406880645,PASS,2026-04-08T12:05:22Z,D20260408.01
HSCEI,HK,index,2024-12-03,7018.2001953125,7089.39990234375,6932.240234375,7072.1298828125,7009.0498046875,0.0,0.0,0.008999804521693244,0.008999804521693244,0.008959547636758632,PASS,2026-04-08T12:05:22Z,D20260408.01
HSCEI,HK,index,2024-12-04,7073.4501953125,7122.669921875,7028.85009765625,7085.0,7072.1298828125,0.0,0.0,0.0018198360890937515,0.0018198360890937515,0.00181818219363992,PASS,2026-04-08T12:05:22Z,D20260408.01
HSCEI,HK,index,2024-12-05,7026.81005859375,7054.0498046875,6981.56982421875,7014.1298828125,7085.0,0.0,0.0,-0.010002839405434005,-0.010002839405434005,-0.010053203943911383,PASS,2026-04-08T12:05:22Z,D20260408.01
HSCEI,HK,index,2024-12-06,7041.2099609375,7160.43017578125,7021.0400390625,7136.5498046875,7014.1298828125,0.0,0.0,0.01745332976724301,0.01745332976724301,0.017302769732043612,PASS,2026-04-08T12:05:22Z,D20260408.01
HSCEI,HK,index,2024-12-09,7087.9599609375,7372.35009765625,7074.41015625,7360.669921875,7136.5498046875,0.0,0.0,0.03140454748039323,0.03140454748039323,0.030921511661644398,PASS,2026-04-08T12:05:22Z,D20260408.01
HSCEI,HK,index,2024-12-10,7615.06982421875,7615.06982421875,7304.330078125,7306.16015625,7360.669921875,0.0,0.0,-0.007405544088181948,-0.007405544088181948,-0.00743310126468725,PASS,2026-04-08T12:05:22Z,D20260408.01
HSCEI,HK,index,2024-12-11,7343.75,7382.740234375,7228.35986328125,7249.3798828125,7306.16015625,0.0,0.0,-0.007771561562187723,-0.007771561562187723,-0.00780191752451247,PASS,2026-04-08T12:05:22Z,D20260408.01
HSCEI,HK,index,2024-12-12,7279.9599609375,7415.3701171875,7244.169921875,7360.10009765625,7249.3798828125,0.0,0.0,0.015273060128391913,0.015273060128391913,0.015157601070115925,PASS,2026-04-08T12:05:22Z,D20260408.01
HSCEI,HK,index,2024-12-13,7295.330078125,7295.330078125,7169.10009765625,7186.58984375,7360.10009765625,0.0,0.0,-0.023574442141283236,-0.023574442141283236,-0.02385676520296087,PASS,2026-04-08T12:05:22Z,D20260408.01
HSCEI,HK,index,2024-12-16,7180.8701171875,7226.830078125,7110.72021484375,7132.68994140625,7186.58984375,0.0,0.0,-0.007500066584518628,-0.007500066584518628,-0.007528333508470023,PASS,2026-04-08T12:05:22Z,D20260408.01
HSCEI,HK,index,2024-12-17,7095.14013671875,7196.68017578125,7079.169921875,7105.43994140625,7132.68994140625,0.0,0.0,-0.0038204380428497053,-0.0038204380428497053,-0.003827754557073749,PASS,2026-04-08T12:05:22Z,D20260408.01
HSCEI,HK,index,2024-12-18,7180.490234375,7215.52978515625,7160.509765625,7180.7900390625,7105.43994140625,0.0,0.0,0.010604564710645858,0.010604564710645858,0.010548730697694578,PASS,2026-04-08T12:05:22Z,D20260408.01
HSCEI,HK,index,2024-12-19,7091.27978515625,7186.68017578125,7083.10986328125,7152.1298828125,7180.7900390625,0.0,0.0,-0.003991226048121854,-0.003991226048121854,-0.003999212247706816,PASS,2026-04-08T12:05:22Z,D20260408.01
HSCEI,HK,index,2024-12-20,7134.41015625,7201.9501953125,7123.7900390625,7143.8798828125,7152.1298828125,0.0,0.0,-0.0011535025419247003,-0.0011535025419247003,-0.0011541683380293926,PASS,2026-04-08T12:05:22Z,D20260408.01
HSCEI,HK,index,2024-12-23,7194.2001953125,7232.35986328125,7144.3798828125,7213.85009765625,7143.8798828125,0.0,0.0,0.009794427676771411,0.009794427676771411,0.009746773183019562,PASS,2026-04-08T12:05:22Z,D20260408.01
HSCEI,HK,index,2024-12-24,7225.68994140625,7332.490234375,7221.06982421875,7303.919921875,7213.85009765625,0.0,0.0,0.012485680045945635,0.012485680045945635,0.012408376734043521,PASS,2026-04-08T12:05:22Z,D20260408.01
HSCEI,HK,index,2024-12-27,7301.3798828125,7343.169921875,7263.7900390625,7305.35986328125,7303.919921875,0.0,0.0,0.00019714638463352863,0.00019714638463352863,0.00019712695383880693,PASS,2026-04-08T12:05:22Z,D20260408.01
HSCEI,HK,index,2024-12-30,7321.490234375,7348.72021484375,7254.97998046875,7280.47998046875,7305.35986328125,0.0,0.0,-0.0034057025633402738,-0.0034057025633402738,-0.003411515169405832,PASS,2026-04-08T12:05:22Z,D20260408.01
HSCEI,HK,index,2024-12-31,7266.6201171875,7336.58984375,7266.6201171875,7289.89013671875,7280.47998046875,0.0,0.0,0.0012925186629513252,0.0012925186629513252,0.001291684079769773,PASS,2026-04-08T12:05:22Z,D20260408.01
HSCEI,HK,index,2025-01-02,7226.7001953125,7226.7001953125,7066.52001953125,7090.56005859375,7289.89013671875,0.0,0.0,-0.027343358320447986,-0.027343358320447986,-0.027724145324312183,PASS,2026-04-08T12:05:22Z,D20260408.01
HSCEI,HK,index,2025-01-03,7122.330078125,7204.27978515625,7087.580078125,7159.27978515625,7090.56005859375,0.0,0.0,0.009691720540355941,0.009691720540355941,0.00964505707410275,PASS,2026-04-08T12:05:22Z,D20260408.01
HSCEI,HK,index,2025-01-06,7189.419921875,7195.2001953125,7117.3701171875,7135.47998046875,7159.27978515625,0.0,0.0,-0.003324329457949915,-0.003324329457949915,-0.0033298673176418475,PASS,2026-04-08T12:05:22Z,D20260408.01
HSCEI,HK,index,2025-01-07,7069.66015625,7125.9599609375,6959.990234375,7049.7099609375,7135.47998046875,0.0,0.0,-0.01202021724761615,-0.01202021724761615,-0.012093044244866132,PASS,2026-04-08T12:05:22Z,D20260408.01
HSCEI,HK,index,2025-01-08,7032.18017578125,7076.6201171875,6930.02001953125,6990.64990234375,7049.7099609375,0.0,0.0,-0.008377657935007554,-0.008377657935007554,-0.008412947746779278,PASS,2026-04-08T12:05:22Z,D20260408.01
HSCEI,HK,index,2025-01-09,6990.41015625,7048.4501953125,6970.27978515625,6978.97021484375,6990.64990234375,0.0,0.0,-0.0016707584649725549,-0.0016707584649725549,-0.0016721557384512373,PASS,2026-04-08T12:05:22Z,D20260408.01
HSCEI,HK,index,2025-01-10,7011.64990234375,7030.18017578125,6891.02001953125,6898.14990234375,6978.97021484375,0.0,0.0,-0.01158054985363044,-0.01158054985363044,-0.01164812664530443,PASS,2026-04-08T12:05:22Z,D20260408.01
HSCEI,HK,index,2025-01-13,6850.81005859375,6863.43017578125,6762.64990234375,6843.7099609375,6898.14990234375,0.0,0.0,-0.007891962653312823,-0.007891962653312823,-0.007923269011764907,PASS,2026-04-08T12:05:22Z,D20260408.01
HSCEI,HK,index,2025-01-14,6847.64990234375,7028.1298828125,6847.64990234375,6987.35986328125,6843.7099609375,0.0,0.0,0.020990062869945536,0.020990062869945536,0.020772806392702313,PASS,2026-04-08T12:05:22Z,D20260408.01
HSCEI,HK,index,2025-01-15,6962.8701171875,7024.39013671875,6959.89013671875,7011.60009765625,6987.35986328125,0.0,0.0,0.003469154995491719,0.003469154995491719,0.003463151358325557,PASS,2026-04-08T12:05:22Z,D20260408.01
HSCEI,HK,index,2025-01-16,7076.3798828125,7146.9501953125,7018.72998046875,7098.759765625,7011.60009765625,0.0,0.0,0.012430781384392464,0.012430781384392464,0.0123541535968304,PASS,2026-04-08T12:05:22Z,D20260408.01
HSCEI,HK,index,2025-01-17,7085.3701171875,7123.8798828125,7045.41015625,7108.81005859375,7098.759765625,0.0,0.0,0.001415781530939686,0.001415781530939686,0.0014147802572131618,PASS,2026-04-08T12:05:22Z,D20260408.01
HSCEI,HK,index,2025-01-20,7196.25,7295.81982421875,7180.39990234375,7235.7099609375,7108.81005859375,0.0,0.0,0.017851075116339876,0.017851075116339876,0.017693615792422415,PASS,2026-04-08T12:05:22Z,D20260408.01
HSCEI,HK,index,2025-01-21,7307.580078125,7353.990234375,7232.919921875,7320.8798828125,7235.7099609375,0.0,0.0,0.011770776100036517,0.011770776100036517,0.01170203937895057,PASS,2026-04-08T12:05:22Z,D20260408.01
HSCEI,HK,index,2025-01-22,7269.740234375,7280.43017578125,7161.22021484375,7177.14013671875,7320.8798828125,0.0,0.0,-0.019634217251837893,-0.019634217251837893,-0.01982952925490881,PASS,2026-04-08T12:05:22Z,D20260408.01
HSCEI,HK,index,2025-01-23,7221.0498046875,7294.10009765625,7140.14013671875,7164.22021484375,7177.14013671875,0.0,0.0,-0.0018001490327465008,-0.0018001490327465008,-0.0018017712481285116,PASS,2026-04-08T12:05:22Z,D20260408.01
HSCEI,HK,index,2025-01-24,7202.830078125,7342.330078125,7174.22021484375,7312.16015625,7164.22021484375,0.0,0.0,0.02064983165924028,0.02064983165924028,0.020439514302587444,PASS,2026-04-08T12:05:22Z,D20260408.01
HSCEI,HK,index,2025-01-27,7345.2900390625,7417.68994140625,7340.06982421875,7382.81005859375,7312.16015625,0.0,0.0,0.009661974140892315,0.009661974140892315,0.009615595767206265,PASS,2026-04-08T12:05:22Z,D20260408.01
HSCEI,HK,index,2025-01-28,7428.93017578125,7428.93017578125,7347.18017578125,7382.1298828125,7382.81005859375,0.0,0.0,-9.212966009575219e-05,-9.212966009575219e-05,-9.213390429356654e-05,PASS,2026-04-08T12:05:22Z,D20260408.01
HSCEI,HK,index,2025-02-03,7313.8798828125,7384.3798828125,7195.39013671875,7384.10986328125,7382.1298828125,0.0,0.0,0.0002682126297126608,0.0002682126297126608,0.00026817666713555997,PASS,2026-04-08T12:05:22Z,D20260408.01
HSCEI,HK,index,2025-02-04,7499.2001953125,7676.169921875,7444.419921875,7643.6298828125,7384.10986328125,0.0,0.0,0.03514574191559072,0.03514574191559072,0.034542230249065047,PASS,2026-04-08T12:05:22Z,D20260408.01
HSCEI,HK,index,2025-02-05,7652.330078125,7652.330078125,7472.3701171875,7566.27001953125,7643.6298828125,0.0,0.0,-0.010120827992365466,-0.010120827992365466,-0.010172391779159722,PASS,2026-04-08T12:05:22Z,D20260408.01
HSCEI,HK,index,2025-02-06,7566.60986328125,7690.35009765625,7533.990234375,7690.35009765625,7566.27001953125,0.0,0.0,0.016399107856936768,0.016399107856936768,0.01626609471549065,PASS,2026-04-08T12:05:22Z,D20260408.01
HSCEI,HK,index,2025-02-07,7669.64990234375,7805.14013671875,7650.4599609375,7784.06982421875,7690.35009765625,0.0,0.0,0.012186665804858832,0.012186665804858832,0.012113006232368518,PASS,2026-04-08T12:05:22Z,D20260408.01
HSCEI,HK,index,2025-02-10,7816.60986328125,7954.490234375,7814.580078125,7946.81005859375,7784.06982421875,0.0,0.0,0.020906831265652626,0.020906831265652626,0.02069128258552277,PASS,2026-04-08T12:05:22Z,D20260408.01
HSCEI,HK,index,2025-02-11,7990.64990234375,7997.81005859375,7837.2099609375,7842.72021484375,7946.81005859375,0.0,0.0,-0.01309831781337678,-0.01309831781337678,-0.013184857289848306,PASS,2026-04-08T12:05:22Z,D20260408.01
HSCEI,HK,index,2025-02-12,7934.0498046875,8058.080078125,7879.68994140625,8058.080078125,7842.72021484375,0.0,0.0,0.027459842679794066,0.027459842679794066,0.027089584074431093,PASS,2026-04-08T12:05:22Z,D20260408.01
HSCEI,HK,index,2025-02-13,8082.41015625,8293.5302734375,7973.43994140625,8002.6298828125,8058.080078125,0.0,0.0,-0.006881315992754766,-0.006881315992754766,-0.006905101427180601,PASS,2026-04-08T12:05:22Z,D20260408.01
HSCEI,HK,index,2025-02-14,8083.0,8331.400390625,8083.0,8331.400390625,8002.6298828125,0.0,0.0,0.04108280810519682,0.04108280810519682,0.0402613331600327,PASS,2026-04-08T12:05:22Z,D20260408.01
HSCEI,HK,index,2025-02-17,8376.1298828125,8468.6396484375,8207.349609375,8323.669921875,8331.400390625,0.0,0.0,-0.0009278714726876913,-0.0009278714726876913,-0.0009283022118902965,PASS,2026-04-08T12:05:22Z,D20260408.01
HSCEI,HK,index,2025-02-18,8343.9697265625,8537.3203125,8321.1796875,8475.400390625,8323.669921875,0.0,0.0,0.0182287945310331,0.0182287945310331,0.01806464192421333,PASS,2026-04-08T12:05:22Z,D20260408.01
HSCEI,HK,index,2025-02-19,8394.099609375,8477.23046875,8334.6904296875,8463.099609375,8475.400390625,0.0,0.0,-0.0014513510492798476,-0.0014513510492798476,-0.0014524052793760732,PASS,2026-04-08T12:05:22Z,D20260408.01
HSCEI,HK,index,2025-02-20,8390.6298828125,8440.259765625,8262.1396484375,8322.5595703125,8463.099609375,0.0,0.0,-0.0166062135091517,-0.0166062135091517,-0.016745642418759598,PASS,2026-04-08T12:05:22Z,D20260408.01
HSCEI,HK,index,2025-02-21,8526.509765625,8666.7197265625,8449.169921875,8666.7197265625,8322.5595703125,0.0,0.0,0.0413526816290577,0.0413526816290577,0.04052052344631248,PASS,2026-04-08T12:05:22Z,D20260408.01
HSCEI,HK,index,2025-02-24,8670.5302734375,8766.1201171875,8560.58984375,8618.8798828125,8666.7197265625,0.0,0.0,-0.005519948176399003,-0.005519948176399003,-0.005535239387423293,PASS,2026-04-08T12:05:22Z,D20260408.01
HSCEI,HK,index,2025-02-25,8379.8203125,8595.5595703125,8379.8203125,8499.1904296875,8618.8798828125,0.0,0.0,-0.013886891887619934,-0.013886891887619934,-0.013984216848743068,PASS,2026-04-08T12:05:22Z,D20260408.01
HSCEI,HK,index,2025-02-26,8568.7998046875,8869.5498046875,8568.7998046875,8792.8896484375,8499.1904296875,0.0,0.0,0.03455614051476186,0.03455614051476186,0.03397248499079073,PASS,2026-04-08T12:05:22Z,D20260408.01
HSCEI,HK,index,2025-02-27,8795.8896484375,8911.669921875,8624.1201171875,8734.580078125,8792.8896484375,0.0,0.0,-0.00663144570714147,-0.00663144570714147,-0.006653531437589405,PASS,2026-04-08T12:05:22Z,D20260408.01
HSCEI,HK,index,2025-02-28,8712.6298828125,8712.6298828125,8364.419921875,8417.4296875,8734.580078125,0.0,0.0,-0.03630974675236831,-0.03630974675236831,-0.03698535006248732,PASS,2026-04-08T12:05:22Z,D20260408.01
HSCEI,HK,index,2025-03-03,8480.759765625,8587.1396484375,8359.830078125,8419.6904296875,8417.4296875,0.0,0.0,0.000268578683924936,0.000268578683924936,0.00026854262312683657,PASS,2026-04-08T12:05:22Z,D20260408.01
HSCEI,HK,index,2025-03-04,8262.5703125,8419.419921875,8209.08984375,8367.4697265625,8419.6904296875,0.0,0.0,-0.006202211775016342,-0.006202211775016342,-0.006221525389965933,PASS,2026-04-08T12:05:22Z,D20260408.01
HSCEI,HK,index,2025-03-05,8462.599609375,8652.2001953125,8429.2197265625,8630.400390625,8367.4697265625,0.0,0.0,0.03142295970642439,0.03142295970642439,0.030939363106777355,PASS,2026-04-08T12:05:22Z,D20260408.01
HSCEI,HK,index,2025-03-06,8802.6396484375,8956.490234375,8795.66015625,8938.08984375,8630.400390625,0.0,0.0,0.03565181674065032,0.03565181674065032,0.03503100312115888,PASS,2026-04-08T12:05:22Z,D20260408.01
HSCEI,HK,index,2025-03-07,8875.1396484375,9083.509765625,8838.0703125,8914.0302734375,8938.08984375,0.0,0.0,-0.002691802245568531,-0.002691802245568531,-0.00269543165980652,PASS,2026-04-08T12:05:22Z,D20260408.01
HSCEI,HK,index,2025-03-10,8873.7001953125,8934.240234375,8661.080078125,8725.009765625,8914.0302734375,0.0,0.0,-0.021204831261988577,-0.021204831261988577,-0.021432883328937103,PASS,2026-04-08T12:05:22Z,D20260408.01
HSCEI,HK,index,2025-03-11,8547.4599609375,8784.349609375,8539.01953125,8755.3701171875,8725.009765625,0.0,0.0,0.003479692559441583,0.003479692559441583,0.0034736524370778117,PASS,2026-04-08T12:05:22Z,D20260408.01
HSCEI,HK,index,2025-03-12,8803.669921875,8849.7998046875,8590.33984375,8682.1298828125,8755.3701171875,0.0,0.0,-0.00836517855838248,-0.00836517855838248,-0.00840036301812697,PASS,2026-04-08T12:05:22Z,D20260408.01
HSCEI,HK,index,2025-03-13,8690.900390625,8724.669921875,8530.7900390625,8640.6103515625,8682.1298828125,0.0,0.0,-0.004782182691391634,-0.004782182691391634,-0.004793653913302786,PASS,2026-04-08T12:05:22Z,D20260408.01
HSCEI,HK,index,2025-03-14,8737.5703125,8937.0595703125,8667.4697265625,8877.990234375,8640.6103515625,0.0,0.0,0.027472582740590168,0.027472582740590168,0.027101983568096837,PASS,2026-04-08T12:05:22Z,D20260408.01
HSCEI,HK,index,2025-03-17,8956.6904296875,8991.91015625,8879.8603515625,8928.4501953125,8877.990234375,0.0,0.0,0.005683714399923767,0.005683714399923767,0.005667623038908742,PASS,2026-04-08T12:05:22Z,D20260408.01
HSCEI,HK,index,2025-03-18,9130.3603515625,9177.83984375,9051.0595703125,9177.7998046875,8928.4501953125,0.0,0.0,0.027927535453567298,0.027927535453567298,0.027544673744457022,PASS,2026-04-08T12:05:22Z,D20260408.01
HSCEI,HK,index,2025-03-19,9141.2099609375,9211.1298828125,9100.150390625,9163.669921875,9177.7998046875,0.0,0.0,-0.0015395719140968156,-0.0015395719140968156,-0.0015407582727488115,PASS,2026-04-08T12:05:22Z,D20260408.01
HSCEI,HK,index,2025-03-20,9158.2900390625,9158.2900390625,8934.7900390625,8950.1796875,9163.669921875,0.0,0.0,-0.02329746010005973,-0.02329746010005973,-0.02357313604069733,PASS,2026-04-08T12:05:22Z,D20260408.01
HSCEI,HK,index,2025-03-21,8911.1298828125,8965.9296875,8706.0703125,8742.4404296875,8950.1796875,0.0,0.0,-0.023210624262955615,-0.023210624262955615,-0.02348423284487018,PASS,2026-04-08T12:05:22Z,D20260408.01
HSCEI,HK,index,2025-03-24,8770.58984375,8880.26953125,8683.990234375,8850.6904296875,8742.4404296875,0.0,0.0,0.012382126120345616,0.012382126120345616,0.01230609457480829,PASS,2026-04-08T12:05:22Z,D20260408.01
HSCEI,HK,index,2025-03-25,8738.1298828125,8782.599609375,8605.0,8616.0498046875,8850.6904296875,0.0,0.0,-0.026510996725515823,-0.026510996725515823,-0.02686875030509191,PASS,2026-04-08T12:05:22Z,D20260408.01
HSCEI,HK,index,2025-03-26,8643.080078125,8707.8203125,8603.2900390625,8654.259765625,8616.0498046875,0.0,0.0,0.004434742347556142,0.004434742347556142,0.004424937853959636,PASS,2026-04-08T12:05:22Z,D20260408.01
HSCEI,HK,index,2025-03-27,8674.650390625,8794.330078125,8589.849609375,8677.6796875,8654.259765625,0.0,0.0,0.0027061727414312564,0.0027061727414312564,0.002702517648701286,PASS,2026-04-08T12:05:22Z,D20260408.01
HSCEI,HK,index,2025-03-28,8709.3701171875,8744.7900390625,8536.919921875,8606.509765625,8677.6796875,0.0,0.0,-0.008201492154350731,-0.008201492154350731,-0.0082353094194137,PASS,2026-04-08T12:05:22Z,D20260408.01
HSCEI,HK,index,2025-03-31,8528.7099609375,8629.759765625,8470.5,8516.5498046875,8606.509765625,0.0,0.0,-0.010452548522840943,-0.010452548522840943,-0.010507560084612618,PASS,2026-04-08T12:05:22Z,D20260408.01
HSCEI,HK,index,2025-04-01,8561.0595703125,8648.8095703125,8506.73046875,8537.33984375,8516.5498046875,0.0,0.0,0.0024411339731797987,0.0024411339731797987,0.0024381592457974662,PASS,2026-04-08T12:05:22Z,D20260408.01
HSCEI,HK,index,2025-04-02,8516.0400390625,8604.5595703125,8450.5400390625,8531.509765625,8537.33984375,0.0,0.0,-0.0006828916538057506,-0.0006828916538057506,-0.0006831249305190289,PASS,2026-04-08T12:05:22Z,D20260408.01
HSCEI,HK,index,2025-04-03,8312.4599609375,8471.259765625,8312.4599609375,8420.1396484375,8531.509765625,0.0,0.0,-0.013053975233812687,-0.013053975233812687,-0.013139927197809941,PASS,2026-04-08T12:05:22Z,D20260408.01
HSCEI,HK,index,2025-04-07,7656.83984375,7805.66015625,7214.89990234375,7262.72021484375,8420.1396484375,0.0,0.0,-0.13745846053854094,-0.13745846053854094,-0.14787196954191412,PASS,2026-04-08T12:05:22Z,D20260408.01
HSCEI,HK,index,2025-04-08,7387.68017578125,7531.89990234375,7277.22998046875,7430.6201171875,7262.72021484375,0.0,0.0,0.02311804632107295,0.02311804632107295,0.02285487261052433,PASS,2026-04-08T12:05:22Z,D20260408.01
HSCEI,HK,index,2025-04-09,7198.02978515625,7610.89990234375,7100.60986328125,7535.68017578125,7430.6201171875,0.0,0.0,0.014138800926014161,0.014138800926014161,0.014039780343577586,PASS,2026-04-08T12:05:22Z,D20260408.01
HSCEI,HK,index,2025-04-10,7719.14013671875,7882.72021484375,7605.66015625,7668.3798828125,7535.68017578125,0.0,0.0,0.017609519503989812,0.017609519503989812,0.017456268418444786,PASS,2026-04-08T12:05:22Z,D20260408.01
HSCEI,HK,index,2025-04-11,7638.240234375,7886.16015625,7600.58984375,7801.509765625,7668.3798828125,0.0,0.0,0.017360887807722047,0.017360887807722047,0.017211909388346262,PASS,2026-04-08T12:05:22Z,D20260408.01
HSCEI,HK,index,2025-04-14,7970.1201171875,8010.56982421875,7901.830078125,7965.81005859375,7801.509765625,0.0,0.0,0.02106006374467273,0.02106006374467273,0.02084136580154568,PASS,2026-04-08T12:05:22Z,D20260408.01
HSCEI,HK,index,2025-04-15,8031.39990234375,8031.39990234375,7914.06982421875,7982.8798828125,7965.81005859375,0.0,0.0,0.0021428861714238856,0.0021428861714238856,0.002140593465606218,PASS,2026-04-08T12:05:22Z,D20260408.01
HSCEI,HK,index,2025-04-16,7911.81005859375,7922.52978515625,7717.27001953125,7779.009765625,7982.8798828125,0.0,0.0,-0.025538417235419164,-0.025538417235419164,-0.025870183321018193,PASS,2026-04-08T12:05:22Z,D20260408.01
HSCEI,HK,index,2025-04-17,7776.47021484375,7912.43994140625,7757.9599609375,7897.43994140625,7779.009765625,0.0,0.0,0.015224325376808956,0.015224325376808956,0.015109598298046175,PASS,2026-04-08T12:05:22Z,D20260408.01
HSCEI,HK,index,2025-04-22,7866.10009765625,7963.990234375,7810.27978515625,7950.7900390625,7897.43994140625,0.0,0.0,0.006755366049260525,0.006755366049260525,0.006732650806501105,PASS,2026-04-08T12:05:22Z,D20260408.01
HSCEI,HK,index,2025-04-23,8152.85986328125,8152.85986328125,8035.2998046875,8116.27978515625,7950.7900390625,0.0,0.0,0.02081425182663521,0.02081425182663521,0.020600594939842343,PASS,2026-04-08T12:05:22Z,D20260408.01
HSCEI,HK,index,2025-04-24,8092.7001953125,8121.93017578125,7978.81982421875,8056.85009765625,8116.27978515625,0.0,0.0,-0.007322281768636141,-0.007322281768636141,-0.007349221260041982,PASS,2026-04-08T12:05:22Z,D20260408.01
HSCEI,HK,index,2025-04-25,8117.97998046875,8180.7900390625,8057.8798828125,8080.5400390625,8056.85009765625,0.0,0.0,0.0029403477933815925,0.0029403477933815925,0.002936033425900167,PASS,2026-04-08T12:05:22Z,D20260408.01
HSCEI,HK,index,2025-04-28,8113.169921875,8113.169921875,8011.2001953125,8080.18994140625,8080.5400390625,0.0,0.0,-4.332602209233816e-05,-4.332602209233816e-05,-4.332696069154394e-05,PASS,2026-04-08T12:05:22Z,D20260408.01
HSCEI,HK,index,2025-04-29,8114.41015625,8169.56982421875,8042.6201171875,8067.93994140625,8080.18994140625,0.0,0.0,-0.0015160534701326167,-0.0015160534701326167,-0.0015172038420253103,PASS,2026-04-08T12:05:22Z,D20260408.01
HSCEI,HK,index,2025-04-30,8051.33984375,8080.18994140625,7951.22021484375,8076.259765625,8067.93994140625,0.0,0.0,0.001031220395686372,0.001031220395686372,0.0010306890531902378,PASS,2026-04-08T12:05:22Z,D20260408.01
HSCEI,HK,index,2025-05-02,8100.22021484375,8241.150390625,8059.490234375,8231.0400390625,8076.259765625,0.0,0.0,0.0191648458481104,0.0191648458481104,0.01898351333363232,PASS,2026-04-08T12:05:22Z,D20260408.01
HSCEI,HK,index,2025-05-06,8222.490234375,8296.0400390625,8165.27978515625,8261.6103515625,8231.0400390625,0.0,0.0,0.003714027918090723,0.003714027918090723,0.0037071479460793607,PASS,2026-04-08T12:05:22Z,D20260408.01
HSCEI,HK,index,2025-05-07,8444.8203125,8456.080078125,8242.25,8242.25,8261.6103515625,0.0,0.0,-0.0023434113615439234,-0.0023434113615439234,-0.002346161447176642,PASS,2026-04-08T12:05:22Z,D20260408.01
HSCEI,HK,index,2025-05-08,8216.240234375,8374.33984375,8216.240234375,8300.25,8242.25,0.0,0.0,0.007036913464163241,0.007036913464163241,0.007012269930679282,PASS,2026-04-08T12:05:22Z,D20260408.01
HSCEI,HK,index,2025-05-09,8320.169921875,8337.48046875,8248.41015625,8308.830078125,8300.25,0.0,0.0,0.0010337132164692786,0.0010337132164692786,0.0010331793028730094,PASS,2026-04-08T12:05:22Z,D20260408.01
HSCEI,HK,index,2025-05-12,8429.25,8605.4599609375,8334.849609375,8559.23046875,8308.830078125,0.0,0.0,0.030136660428793594,0.030136660428793594,0.029691473468282926,PASS,2026-04-08T12:05:22Z,D20260408.01
HSCEI,HK,index,2025-05-13,8544.91015625,8544.91015625,8369.7001953125,8386.2099609375,8559.23046875,0.0,0.0,-0.020214493399167477,-0.020214493399167477,-0.020421602088708933,PASS,2026-04-08T12:05:22Z,D20260408.01
HSCEI,HK,index,2025-05-14,8468.919921875,8593.0703125,8449.0703125,8593.0703125,8386.2099609375,0.0,0.0,0.024666726987047083,0.024666726987047083,0.02436741531658848,PASS,2026-04-08T12:05:22Z,D20260408.01
HSCEI,HK,index,2025-05-15,8579.2001953125,8614.25,8481.1396484375,8509.669921875,8593.0703125,0.0,0.0,-0.009705540347281993,-0.009705540347281993,-0.009752946085577908,PASS,2026-04-08T12:05:22Z,D20260408.01
HSCEI,HK,index,2025-05-16,8431.66015625,8482.7900390625,8406.2001953125,8468.2900390625,8509.669921875,0.0,0.0,-0.004862689527607711,-0.004862689527607711,-0.004874550869967738,PASS,2026-04-08T12:05:22Z,D20260408.01
HSCEI,HK,index,2025-05-19,8399.16015625,8492.150390625,8351.6904296875,8460.5498046875,8468.2900390625,0.0,0.0,-0.0009140256579894812,-0.0009140256579894812,-0.0009144436341545815,PASS,2026-04-08T12:05:22Z,D20260408.01
HSCEI,HK,index,2025-05-20,8486.650390625,8604.8896484375,8468.8095703125,8589.080078125,8460.5498046875,0.0,0.0,0.015191716425602575,0.015191716425602575,0.015077477835502708,PASS,2026-04-08T12:05:22Z,D20260408.01
HSCEI,HK,index,2025-05-21,8614.009765625,8692.650390625,8590.5498046875,8660.9404296875,8589.080078125,0.0,0.0,0.008366478238515551,0.008366478238515551,0.008331673254802259,PASS,2026-04-08T12:05:22Z,D20260408.01
HSCEI,HK,index,2025-05-22,8640.6298828125,8652.51953125,8528.5595703125,8557.6396484375,8660.9404296875,0.0,0.0,-0.011927201449846159,-0.011927201449846159,-0.011998901205638523,PASS,2026-04-08T12:05:22Z,D20260408.01
HSCEI,HK,index,2025-05-23,8566.33984375,8650.8203125,8538.5302734375,8583.8603515625,8557.6396484375,0.0,0.0,0.0030640111294926164,0.0030640111294926164,0.003059326613891122,PASS,2026-04-08T12:05:22Z,D20260408.01
HSCEI,HK,index,2025-05-26,8550.6904296875,8561.33984375,8419.33984375,8437.6396484375,8583.8603515625,0.0,0.0,-0.01703437580952538,-0.01703437580952538,-0.017181129751151235,PASS,2026-04-08T12:05:22Z,D20260408.01
HSCEI,HK,index,2025-05-27,8411.8603515625,8487.6396484375,8381.990234375,8469.9697265625,8437.6396484375,0.0,0.0,0.003831649545615212,0.003831649545615212,0.0038243274742758783,PASS,2026-04-08T12:05:22Z,D20260408.01
HSCEI,HK,index,2025-05-28,8488.1396484375,8513.8603515625,8416.76953125,8443.8701171875,8469.9697265625,0.0,0.0,-0.003081428885530646,-0.003081428885530646,-0.0030861862630463047,PASS,2026-04-08T12:05:22Z,D20260408.01
HSCEI,HK,index,2025-05-29,8434.0595703125,8571.73046875,8410.2900390625,8559.7099609375,8443.8701171875,0.0,0.0,0.013718809283222777,0.013718809283222777,0.013625558312718895,PASS,2026-04-08T12:05:22Z,D20260408.01
HSCEI,HK,index,2025-05-30,8462.33984375,8479.01953125,8384.5400390625,8432.01953125,8559.7099609375,0.0,0.0,-0.014917611726357416,-0.014917611726357416,-0.015029998390518301,PASS,2026-04-08T12:05:22Z,D20260408.01
HSCEI,HK,index,2025-06-02,8327.16015625,8362.0302734375,8173.75,8359.259765625,8432.01953125,0.0,0.0,-0.00862898447463789,-0.00862898447463789,-0.008666429726448082,PASS,2026-04-08T12:05:22Z,D20260408.01
HSCEI,HK,index,2025-06-03,8407.0,8520.8896484375,8407.0,8519.8603515625,8359.259765625,0.0,0.0,0.01921229755269982,0.01921229755269982,0.01903007165062642,PASS,2026-04-08T12:05:22Z,D20260408.01
HSCEI,HK,index,2025-06-04,8512.919921875,8608.1904296875,8508.6796875,8576.75,8519.8603515625,0.0,0.0,0.006677298229080364,0.006677298229080364,0.006655103817615571,PASS,2026-04-08T12:05:22Z,D20260408.01
HSCEI,HK,index,2025-06-05,8643.669921875,8684.73046875,8613.2802734375,8684.73046875,8576.75,0.0,0.0,0.012589905121403788,0.012589905121403788,0.012511311238131739,PASS,2026-04-08T12:05:22Z,D20260408.01
HSCEI,HK,index,2025-06-06,8691.0595703125,8691.0595703125,8617.9296875,8629.75,8684.73046875,0.0,0.0,-0.006330705247311275,-0.006330705247311275,-0.006350829139018671,PASS,2026-04-08T12:05:22Z,D20260408.01
HSCEI,HK,index,2025-06-09,8708.9599609375,8780.1298828125,8689.419921875,8780.1298828125,8629.75,0.0,0.0,0.017425751940959966,0.017425751940959966,0.017275664606699673,PASS,2026-04-08T12:05:22Z,D20260408.01
HSCEI,HK,index,2025-06-10,8799.3203125,8819.6201171875,8701.1904296875,8767.3603515625,8780.1298828125,0.0,0.0,-0.0014543670105606754,-0.0014543670105606754,-0.0014554256287988357,PASS,2026-04-08T12:05:22Z,D20260408.01
HSCEI,HK,index,2025-06-11,8786.16015625,8887.3798828125,8781.400390625,8865.7197265625,8767.3603515625,0.0,0.0,0.01121881285311499,0.01121881285311499,0.011156348720301116,PASS,2026-04-08T12:05:22Z,D20260408.01
HSCEI,HK,index,2025-06-12,8796.990234375,8839.6396484375,8716.8095703125,8729.9599609375,8865.7197265625,0.0,0.0,-0.015312887144204645,-0.015312887144204645,-0.01543134019515721,PASS,2026-04-08T12:05:22Z,D20260408.01
HSCEI,HK,index,2025-06-13,8688.9501953125,8738.41015625,8615.4296875,8655.330078125,8729.9599609375,0.0,0.0,-0.008548708487373768,-0.008548708487373768,-0.008585458287884935,PASS,2026-04-08T12:05:22Z,D20260408.01
HSCEI,HK,index,2025-06-16,8622.7802734375,8754.5,8586.0400390625,8729.990234375,8655.330078125,0.0,0.0,0.00862591669827717,0.00862591669827717,0.008588926045485716,PASS,2026-04-08T12:05:22Z,D20260408.01
HSCEI,HK,index,2025-06-17,8744.0498046875,8756.5703125,8655.3798828125,8694.669921875,8729.990234375,0.0,0.0,-0.004045859336809343,-0.004045859336809343,-0.004054065968426557,PASS,2026-04-08T12:05:22Z,D20260408.01
HSCEI,HK,index,2025-06-18,8657.2099609375,8663.1796875,8567.3603515625,8594.1904296875,8694.669921875,0.0,0.0,-0.011556447006079273,-0.011556447006079273,-0.011623741700557046,PASS,2026-04-08T12:05:22Z,D20260408.01
HSCEI,HK,index,2025-06-19,8559.240234375,8570.0,8390.0302734375,8410.9404296875,8594.1904296875,0.0,0.0,-0.021322543583277676,-0.021322543583277676,-0.021553153027647893,PASS,2026-04-08T12:05:22Z,D20260408.01
HSCEI,HK,index,2025-06-20,8429.4599609375,8530.0302734375,8429.4599609375,8527.0703125,8410.9404296875,0.0,0.0,0.013807003364642245,0.013807003364642245,0.013712555066027712,PASS,2026-04-08T12:05:22Z,D20260408.01
HSCEI,HK,index,2025-06-23,8457.6396484375,8598.7099609375,8435.0703125,8597.3603515625,8527.0703125,0.0,0.0,0.008243164004342773,0.008243164004342773,0.008209374688194862,PASS,2026-04-08T12:05:22Z,D20260408.01
HSCEI,HK,index,2025-06-24,8649.1103515625,8783.41015625,8649.1103515625,8760.4501953125,8597.3603515625,0.0,0.0,0.018969757818789068,0.018969757818789068,0.018792075506546567,PASS,2026-04-08T12:05:22Z,D20260408.01
HSCEI,HK,index,2025-06-25,8825.5302734375,8888.75,8785.009765625,8859.2900390625,8760.4501953125,0.0,0.0,0.011282507353661764,0.011282507353661764,0.011219334588277034,PASS,2026-04-08T12:05:22Z,D20260408.01
HSCEI,HK,index,2025-06-26,8810.4599609375,8839.26953125,8765.8798828125,8803.830078125,8859.2900390625,0.0,0.0,-0.00626009089813806,-0.00626009089813806,-0.006279767428057512,PASS,2026-04-08T12:05:22Z,D20260408.01
HSCEI,HK,index,2025-06-27,8840.2099609375,8844.0498046875,8730.2197265625,8762.4697265625,8803.830078125,0.0,0.0,-0.004697995212932238,-0.004697995212932238,-0.00470906547808594,PASS,2026-04-08T12:05:22Z,D20260408.01
HSCEI,HK,index,2025-06-30,8766.419921875,8766.419921875,8673.990234375,8678.2998046875,8762.4697265625,0.0,0.0,-0.009605730404961932,-0.009605730404961932,-0.009652163018626796,PASS,2026-04-08T12:05:22Z,D20260408.01
HSCEI,HK,index,2025-07-02,8773.490234375,8796.8798828125,8689.2001953125,8724.900390625,8678.2998046875,0.0,0.0,0.005369782905210174,0.005369782905210174,0.005355417025807403,PASS,2026-04-08T12:05:22Z,D20260408.01
HSCEI,HK,index,2025-07-03,8727.2900390625,8739.26953125,8600.009765625,8648.4404296875,8724.900390625,0.0,0.0,-0.008763419353148949,-0.008763419353148949,-0.008802043933693778,PASS,2026-04-08T12:05:22Z,D20260408.01
HSCEI,HK,index,2025-07-04,8585.48046875,8676.169921875,8518.01953125,8609.26953125,8648.4404296875,0.0,0.0,-0.0045292441748269185,-0.0045292441748269185,-0.004539532277865135,PASS,2026-04-08T12:05:22Z,D20260408.01
HSCEI,HK,index,2025-07-07,8576.599609375,8615.599609375,8528.919921875,8608.5400390625,8609.26953125,0.0,0.0,-8.473334292202761e-05,-8.473334292202761e-05,-8.473693299452964e-05,PASS,2026-04-08T12:05:22Z,D20260408.01
HSCEI,HK,index,2025-07-08,8627.6103515625,8713.3095703125,8615.849609375,8708.66015625,8608.5400390625,0.0,0.0,0.0116303248556886,0.0116303248556886,0.011563212485452142,PASS,2026-04-08T12:05:22Z,D20260408.01
HSCEI,HK,index,2025-07-09,8670.419921875,8670.419921875,8581.330078125,8597.26953125,8708.66015625,0.0,0.0,-0.01279078790553767,-0.01279078790553767,-0.012873294336401558,PASS,2026-04-08T12:05:22Z,D20260408.01
HSCEI,HK,index,2025-07-10,8588.740234375,8695.169921875,8569.759765625,8668.259765625,8597.26953125,0.0,0.0,0.00825730007846781,0.00825730007846781,0.008223395090745773,PASS,2026-04-08T12:05:22Z,D20260408.01
HSCEI,HK,index,2025-07-11,8662.8095703125,8838.08984375,8662.8095703125,8687.5595703125,8668.259765625,0.0,0.0,0.0022264912692204764,0.0022264912692204764,0.0022240163105030322,PASS,2026-04-08T12:05:22Z,D20260408.01
HSCEI,HK,index,2025-07-14,8679.4296875,8756.8798828125,8679.4296875,8732.740234375,8687.5595703125,0.0,0.0,0.005200616317716289,0.005200616317716289,0.005187139816555281,PASS,2026-04-08T12:05:22Z,D20260408.01
HSCEI,HK,index,2025-07-15,8763.0400390625,8877.099609375,8700.41015625,8877.099609375,8732.740234375,0.0,0.0,0.016530822070230933,0.016530822070230933,0.016395675387740564,PASS,2026-04-08T12:05:22Z,D20260408.01
HSCEI,HK,index,2025-07-16,8927.080078125,8990.1396484375,8859.3095703125,8861.3896484375,8877.099609375,0.0,0.0,-0.0017697177714338652,-0.0017697177714338652,-0.0017712855719117545,PASS,2026-04-08T12:05:22Z,D20260408.01
HSCEI,HK,index,2025-07-17,8869.990234375,8925.5302734375,8830.5595703125,8853.099609375,8861.3896484375,0.0,0.0,-0.0009355235907002601,-0.0009355235907002601,-0.0009359614660110617,PASS,2026-04-08T12:05:22Z,D20260408.01
HSCEI,HK,index,2025-07-18,8945.759765625,8986.4697265625,8902.919921875,8986.4697265625,8853.099609375,0.0,0.0,0.01506479347033074,0.01506479347033074,0.01495244638768463,PASS,2026-04-08T12:05:22Z,D20260408.01
HSCEI,HK,index,2025-07-21,9055.849609375,9065.2900390625,8979.7900390625,9040.2001953125,8986.4697265625,0.0,0.0,0.005979040756258547,0.005979040756258547,0.005961237222200122,PASS,2026-04-08T12:05:22Z,D20260408.01
HSCEI,HK,index,2025-07-22,9051.990234375,9081.5498046875,8976.490234375,9075.599609375,9040.2001953125,0.0,0.0,0.00391577767059359,0.00391577767059359,0.003908130968567249,PASS,2026-04-08T12:05:22Z,D20260408.01
HSCEI,HK,index,2025-07-23,9156.259765625,9242.990234375,9111.1796875,9241.2001953125,9075.599609375,0.0,0.0,0.01824679283630326,0.01824679283630326,0.018082317859424414,PASS,2026-04-08T12:05:22Z,D20260408.01
HSCEI,HK,index,2025-07-24,9225.349609375,9295.8603515625,9217.919921875,9257.6201171875,9241.2001953125,0.0,0.0,0.0017768170289536034,0.0017768170289536034,0.0017752403569385945,PASS,2026-04-08T12:05:22Z,D20260408.01
HSCEI,HK,index,2025-07-25,9216.1796875,9216.1796875,9124.150390625,9150.490234375,9257.6201171875,0.0,0.0,-0.011572075917611335,-0.011572075917611335,-0.011639553463449697,PASS,2026-04-08T12:05:22Z,D20260408.01
HSCEI,HK,index,2025-07-28,9173.080078125,9234.4501953125,9143.400390625,9177.150390625,9150.490234375,0.0,0.0,0.0029135221793743504,0.0029135221793743504,0.0029092860995765346,PASS,2026-04-08T12:05:22Z,D20260408.01
HSCEI,HK,index,2025-07-29,9136.900390625,9149.1904296875,9049.58984375,9145.919921875,9177.150390625,0.0,0.0,-0.003403068209703042,-0.003403068209703042,-0.0034088718167775396,PASS,2026-04-08T12:05:22Z,D20260408.01
HSCEI,HK,index,2025-07-30,9055.8896484375,9144.259765625,8994.080078125,9038.26953125,9145.919921875,0.0,0.0,-0.011770318518482092,-0.011770318518482092,-0.011840137116356921,PASS,2026-04-08T12:05:22Z,D20260408.01
HSCEI,HK,index,2025-07-31,8976.6298828125,8976.6298828125,8871.98046875,8882.9501953125,9038.26953125,0.0,0.0,-0.017184632013958034,-0.017184632013958034,-0.017334001515934054,PASS,2026-04-08T12:05:22Z,D20260408.01
HSCEI,HK,index,2025-08-01,8870.099609375,8932.419921875,8804.419921875,8804.419921875,8882.9501953125,0.0,0.0,-0.008840562168066612,-0.008840562168066612,-0.00887987178871116,PASS,2026-04-08T12:05:22Z,D20260408.01
HSCEI,HK,index,2025-08-04,8773.83984375,8902.8603515625,8752.66015625,8893.48046875,8804.419921875,0.0,0.0,0.010115436072480444,0.010115436072480444,0.010064617463274406,PASS,2026-04-08T12:05:22Z,D20260408.01
HSCEI,HK,index,2025-08-05,8896.0302734375,8958.73046875,8877.8603515625,8951.0703125,8893.48046875,0.0,0.0,0.006475512478197887,0.006475512478197887,0.006454636420918198,PASS,2026-04-08T12:05:22Z,D20260408.01
HSCEI,HK,index,2025-08-06,8932.0498046875,8974.1796875,8897.1396484375,8932.6796875,8951.0703125,0.0,0.0,-0.0020545727335330444,-0.0020545727335330444,-0.0020566862635219892,PASS,2026-04-08T12:05:22Z,D20260408.01
HSCEI,HK,index,2025-08-07,8954.0400390625,8992.1298828125,8875.080078125,8981.73046875,8932.6796875,0.0,0.0,0.005491160879600221,0.005491160879600221,0.005476139420772222,PASS,2026-04-08T12:05:22Z,D20260408.01
HSCEI,HK,index,2025-08-08,8932.419921875,8958.2998046875,8881.580078125,8895.2802734375,8981.73046875,0.0,0.0,-0.009625115740589774,-0.009625115740589774,-0.009671736562157337,PASS,2026-04-08T12:05:22Z,D20260408.01
HSCEI,HK,index,2025-08-11,8918.849609375,8922.25,8847.48046875,8888.080078125,8895.2802734375,0.0,0.0,-0.0008094399604249292,-0.0008094399604249292,-0.0008097677338368966,PASS,2026-04-08T12:05:22Z,D20260408.01
HSCEI,HK,index,2025-08-12,8858.009765625,8940.1796875,8848.5302734375,8916.849609375,8888.080078125,0.0,0.0,0.0032368667920541494,0.0032368667920541494,0.003231639415915416,PASS,2026-04-08T12:05:22Z,D20260408.01
HSCEI,HK,index,2025-08-13,8989.3798828125,9150.0498046875,8978.2001953125,9150.0498046875,8916.849609375,0.0,0.0,0.026152756357729512,0.026152756357729512,0.025816621005173356,PASS,2026-04-08T12:05:22Z,D20260408.01
HSCEI,HK,index,2025-08-14,9213.0302734375,9225.73046875,9105.4404296875,9128.9296875,9150.0498046875,0.0,0.0,-0.0023081969648602874,-0.0023081969648602874,-0.002310864957767335,PASS,2026-04-08T12:05:22Z,D20260408.01
HSCEI,HK,index,2025-08-15,9054.9404296875,9061.1796875,8990.3203125,9039.08984375,9128.9296875,0.0,0.0,-0.009841224198825382,-0.009841224198825382,-0.009889969115788044,PASS,2026-04-08T12:05:22Z,D20260408.01
HSCEI,HK,index,2025-08-18,9057.7802734375,9150.9599609375,9033.6796875,9033.6796875,9039.08984375,0.0,0.0,-0.0005985288722116788,-0.0005985288722116788,-0.0005987080621209045,PASS,2026-04-08T12:05:22Z,D20260408.01
HSCEI,HK,index,2025-08-19,9054.08984375,9062.26953125,8988.3896484375,9006.23046875,9033.6796875,0.0,0.0,-0.0030385423990604288,-0.0030385423990604288,-0.0030431681417359053,PASS,2026-04-08T12:05:22Z,D20260408.01
HSCEI,HK,index,2025-08-20,8949.01953125,9036.080078125,8921.8095703125,9013.26953125,9006.23046875,0.0,0.0,0.0007815769898875669,0.0007815769898875669,0.0007812717176441578,PASS,2026-04-08T12:05:22Z,D20260408.01
HSCEI,HK,index,2025-08-21,9022.009765625,9022.009765625,8935.2900390625,8974.76953125,9013.26953125,0.0,0.0,-0.004271479940383016,-0.004271479940383016,-0.004280628772821206,PASS,2026-04-08T12:05:22Z,D20260408.01
HSCEI,HK,index,2025-08-22,9024.900390625,9082.400390625,9002.75,9079.9296875,8974.76953125,0.0,0.0,0.01171730994136766,0.01171730994136766,0.011649193840545748,PASS,2026-04-08T12:05:22Z,D20260408.01
HSCEI,HK,index,2025-08-25,9176.9501953125,9278.48046875,9157.669921875,9248.0,9079.9296875,0.0,0.0,0.01851008964655043,0.01851008964655043,0.01834086301420292,PASS,2026-04-08T12:05:22Z,D20260408.01
HSCEI,HK,index,2025-08-26,9211.7802734375,9256.58984375,9147.16015625,9148.66015625,9248.0,0.0,0.0,-0.010741765111375479,-0.010741765111375479,-0.010799874375587906,PASS,2026-04-08T12:05:22Z,D20260408.01
HSCEI,HK,index,2025-08-27,9181.8603515625,9198.9404296875,8997.8203125,9020.259765625,9148.66015625,0.0,0.0,-0.014034884718860385,-0.014034884718860385,-0.014134305044802148,PASS,2026-04-08T12:05:22Z,D20260408.01
HSCEI,HK,index,2025-08-28,8942.740234375,8973.26953125,8850.5595703125,8916.9296875,9020.259765625,0.0,0.0,-0.011455332862893464,-0.011455332862893464,-0.011521450607221876,PASS,2026-04-08T12:05:22Z,D20260408.01
HSCEI,HK,index,2025-08-29,8958.0,9033.4296875,8942.099609375,8947.7900390625,8916.9296875,0.0,0.0,0.0034608719193738313,0.0034608719193738313,0.0034548968840719947,PASS,2026-04-08T12:05:22Z,D20260408.01
HSCEI,HK,index,2025-09-01,9084.5,9139.01953125,9061.849609375,9121.8701171875,8947.7900390625,0.0,0.0,0.019455091968523464,0.019455091968523464,0.019268260987660508,PASS,2026-04-08T12:05:22Z,D20260408.01
HSCEI,HK,index,2025-09-02,9111.8798828125,9182.7001953125,9070.1103515625,9108.1201171875,9121.8701171875,0.0,0.0,-0.0015073663430147377,-0.0015073663430147377,-0.0015085035626087925,PASS,2026-04-08T12:05:22Z,D20260408.01
HSCEI,HK,index,2025-09-03,9173.25,9214.330078125,9026.26953125,9050.01953125,9108.1201171875,0.0,0.0,-0.006378987671436298,-0.006378987671436298,-0.0063994203528564084,PASS,2026-04-08T12:05:22Z,D20260408.01
HSCEI,HK,index,2025-09-04,9102.1796875,9106.2802734375,8911.9501953125,8937.08984375,9050.01953125,0.0,0.0,-0.012478391578056858,-0.012478391578056858,-0.012556900499994875,PASS,2026-04-08T12:05:22Z,D20260408.01
HSCEI,HK,index,2025-09-05,8960.01953125,9083.91015625,8947.6298828125,9057.2197265625,8937.08984375,0.0,0.0,0.013441722631501785,0.013441722631501785,0.01335218415306622,PASS,2026-04-08T12:05:22Z,D20260408.01
HSCEI,HK,index,2025-09-08,9059.2197265625,9136.2802734375,9031.2900390625,9121.66015625,9057.2197265625,0.0,0.0,0.007114813555699984,0.007114813555699984,0.0070896226847251215,PASS,2026-04-08T12:05:22Z,D20260408.01
HSCEI,HK,index,2025-09-09,9141.5595703125,9279.7001953125,9127.509765625,9242.400390625,9121.66015625,0.0,0.0,0.013236651257202414,0.013236651257202414,0.013149812254652197,PASS,2026-04-08T12:05:22Z,D20260408.01
HSCEI,HK,index,2025-09-10,9277.6396484375,9370.1201171875,9269.400390625,9328.16015625,9242.400390625,0.0,0.0,0.009278949407124815,0.009278949407124815,0.009236164418923259,PASS,2026-04-08T12:05:22Z,D20260408.01
HSCEI,HK,index,2025-09-11,9232.6201171875,9325.5498046875,9190.66015625,9260.25,9328.16015625,0.0,0.0,-0.007280123316118159,-0.007280123316118159,-0.00730675273622359,PASS,2026-04-08T12:05:22Z,D20260408.01
HSCEI,HK,index,2025-09-12,9420.330078125,9440.76953125,9345.259765625,9364.9404296875,9260.25,0.0,0.0,0.011305356733079641,0.011305356733079641,0.011241928790313509,PASS,2026-04-08T12:05:22Z,D20260408.01
HSCEI,HK,index,2025-09-15,9342.2998046875,9418.83984375,9322.33984375,9384.759765625,9364.9404296875,0.0,0.0,0.0021163333697959974,0.0021163333697959974,0.0021140970909152043,PASS,2026-04-08T12:05:22Z,D20260408.01
HSCEI,HK,index,2025-09-16,9407.83984375,9447.58984375,9342.0,9386.3896484375,9384.759765625,0.0,0.0,0.0001736733654569278,0.0001736733654569278,0.00017365828598390318,PASS,2026-04-08T12:05:22Z,D20260408.01
HSCEI,HK,index,2025-09-17,9434.7802734375,9607.7099609375,9434.7802734375,9596.76953125,9386.3896484375,0.0,0.0,0.022413291019462545,0.022413291019462545,0.022165804380054315,PASS,2026-04-08T12:05:22Z,D20260408.01
HSCEI,HK,index,2025-09-18,9574.740234375,9666.669921875,9365.6298828125,9456.51953125,9596.76953125,0.0,0.0,-0.014614292814191576,-0.014614292814191576,-0.014722133558542072,PASS,2026-04-08T12:05:22Z,D20260408.01
HSCEI,HK,index,2025-09-19,9472.3095703125,9512.1396484375,9418.3603515625,9472.349609375,9456.51953125,0.0,0.0,0.0016739856638257056,0.0016739856638257056,0.001672586111493698,PASS,2026-04-08T12:05:22Z,D20260408.01
HSCEI,HK,index,2025-09-22,9432.259765625,9442.2001953125,9319.3896484375,9370.73046875,9472.349609375,0.0,0.0,-0.010727976142732909,-0.010727976142732909,-0.010785935777902236,PASS,2026-04-08T12:05:22Z,D20260408.01
HSCEI,HK,index,2025-09-23,9392.7099609375,9401.1904296875,9233.91015625,9290.33984375,9370.73046875,0.0,0.0,-0.008578906977219192,-0.008578906977219192,-0.008615917625644922,PASS,2026-04-08T12:05:22Z,D20260408.01
HSCEI,HK,index,2025-09-24,9262.759765625,9460.8896484375,9260.3701171875,9442.990234375,9290.33984375,0.0,0.0,0.016431087903387542,0.016431087903387542,0.016297558284381067,PASS,2026-04-08T12:05:22Z,D20260408.01
HSCEI,HK,index,2025-09-25,9437.490234375,9501.9697265625,9403.73046875,9444.2197265625,9442.990234375,0.0,0.0,0.00013020157354648454,0.00013020157354648454,0.00013019309805728093,PASS,2026-04-08T12:05:22Z,D20260408.01
HSCEI,HK,index,2025-09-26,9366.8203125,9421.759765625,9282.5,9303.099609375,9444.2197265625,0.0,0.0,-0.014942485591540211,-0.014942485591540211,-0.01505524925229746,PASS,2026-04-08T12:05:22Z,D20260408.01
HSCEI,HK,index,2025-09-29,9362.58984375,9477.830078125,9361.0400390625,9454.1201171875,9303.099609375,0.0,0.0,0.016233353844810283,0.016233353844810283,0.016103001765223463,PASS,2026-04-08T12:05:22Z,D20260408.01
HSCEI,HK,index,2025-09-30,9475.4697265625,9570.0302734375,9430.580078125,9555.330078125,9454.1201171875,0.0,0.0,0.010705381324011443,0.010705381324011443,0.010648484437735252,PASS,2026-04-08T12:05:22Z,D20260408.01
HSCEI,HK,index,2025-10-02,9567.16015625,9770.2099609375,9567.16015625,9724.3798828125,9555.330078125,0.0,0.0,0.017691676091284858,0.017691676091284858,0.017537000044326467,PASS,2026-04-08T12:05:22Z,D20260408.01
HSCEI,HK,index,2025-10-03,9693.7802734375,9711.990234375,9595.5595703125,9658.33984375,9724.3798828125,0.0,0.0,-0.006791182559540254,-0.006791182559540254,-0.00681434757796824,PASS,2026-04-08T12:05:22Z,D20260408.01
HSCEI,HK,index,2025-10-06,9587.080078125,9644.2900390625,9537.2001953125,9573.3798828125,9658.33984375,0.0,0.0,-0.008796538774981988,-0.008796538774981988,-0.008835456719086114,PASS,2026-04-08T12:05:22Z,D20260408.01
HSCEI,HK,index,2025-10-08,9564.3701171875,9564.3701171875,9408.4501953125,9523.8701171875,9573.3798828125,0.0,0.0,-0.005171607753066132,-0.005171607753066132,-0.005185026801806966,PASS,2026-04-08T12:05:22Z,D20260408.01
HSCEI,HK,index,2025-10-09,9556.830078125,9623.48046875,9440.9501953125,9530.1298828125,9523.8701171875,0.0,0.0,0.0006572712088652732,0.0006572712088652732,0.0006570553007458854,PASS,2026-04-08T12:05:22Z,D20260408.01
HSCEI,HK,index,2025-10-10,9440.759765625,9475.0302734375,9341.3203125,9358.3203125,9530.1298828125,0.0,0.0,-0.018028040795368017,-0.018028040795368017,-0.01819252581680052,PASS,2026-04-08T12:05:22Z,D20260408.01
HSCEI,HK,index,2025-10-13,9134.83984375,9228.0703125,9017.6103515625,9222.5400390625,9358.3203125,0.0,0.0,-0.014509043172644676,-0.014509043172644676,-0.014615328659413946,PASS,2026-04-08T12:05:22Z,D20260408.01
HSCEI,HK,index,2025-10-14,9251.66015625,9308.33984375,9039.1396484375,9079.16015625,9222.5400390625,0.0,0.0,-0.015546680437841132,-0.015546680437841132,-0.0156687974032731,PASS,2026-04-08T12:05:22Z,D20260408.01
HSCEI,HK,index,2025-10-15,9187.26953125,9281.0498046875,9121.509765625,9250.91015625,9079.16015625,0.0,0.0,0.018916947938380613,0.018916947938380613,0.018740247423787024,PASS,2026-04-08T12:05:22Z,D20260408.01
HSCEI,HK,index,2025-10-16,9245.1904296875,9329.3095703125,9186.58984375,9259.4599609375,9250.91015625,0.0,0.0,0.0009242122713433165,0.0009242122713433165,0.0009237854501440814,PASS,2026-04-08T12:05:22Z,D20260408.01
HSCEI,HK,index,2025-10-17,9259.650390625,9259.650390625,8973.2001953125,9011.9697265625,9259.4599609375,0.0,0.0,-0.026728365954286404,-0.026728365954286404,-0.0270920640761913,PASS,2026-04-08T12:05:22Z,D20260408.01
HSCEI,HK,index,2025-10-20,9265.6298828125,9265.6298828125,9172.259765625,9232.669921875,9011.9697265625,0.0,0.0,0.024489673402030343,0.024489673402030343,0.024194608999390126,PASS,2026-04-08T12:05:22Z,D20260408.01
HSCEI,HK,index,2025-10-21,9357.1796875,9435.919921875,9298.259765625,9302.66015625,9232.669921875,0.0,0.0,0.007580714459332283,0.007580714459332283,0.007552125237055044,PASS,2026-04-08T12:05:22Z,D20260408.01
HSCEI,HK,index,2025-10-22,9261.4404296875,9274.6904296875,9156.98046875,9223.7802734375,9302.66015625,0.0,0.0,-0.008479282429714963,-0.008479282429714963,-0.008515436061278437,PASS,2026-04-08T12:05:22Z,D20260408.01
HSCEI,HK,index,2025-10-23,9191.7900390625,9338.0595703125,9144.3203125,9300.740234375,9223.7802734375,0.0,0.0,0.008343646385325032,0.008343646385325032,0.008309030582548355,PASS,2026-04-08T12:05:22Z,D20260408.01
HSCEI,HK,index,2025-10-24,9380.4296875,9394.7001953125,9317.4296875,9363.9404296875,9300.740234375,0.0,0.0,0.0067951790631584075,0.0067951790631584075,0.006772195891673873,PASS,2026-04-08T12:05:22Z,D20260408.01
HSCEI,HK,index,2025-10-27,9486.349609375,9486.349609375,9398.41015625,9467.2197265625,9363.9404296875,0.0,0.0,0.011029469660823743,0.011029469660823743,0.010969088635096184,PASS,2026-04-08T12:05:22Z,D20260408.01
HSCEI,HK,index,2025-10-28,9489.76953125,9489.76953125,9347.099609375,9375.7900390625,9467.2197265625,0.0,0.0,-0.009657501372179245,-0.009657501372179245,-0.00970443747332433,PASS,2026-04-08T12:05:22Z,D20260408.01
HSCEI,HK,index,2025-10-30,9431.4697265625,9473.01953125,9293.6201171875,9346.8603515625,9375.7900390625,0.0,0.0,-0.003085573309499212,-0.003085573309499212,-0.0030903435058777097,PASS,2026-04-08T12:05:22Z,D20260408.01
HSCEI,HK,index,2025-10-31,9313.830078125,9320.2197265625,9168.580078125,9168.580078125,9346.8603515625,0.0,0.0,-0.019073813744066137,-0.019073813744066137,-0.019258065615757457,PASS,2026-04-08T12:05:22Z,D20260408.01
HSCEI,HK,index,2025-11-03,9198.849609375,9287.98046875,9172.23046875,9258.73046875,9168.580078125,0.0,0.0,0.009832535666028264,0.009832535666028264,0.009784510834529522,PASS,2026-04-08T12:05:22Z,D20260408.01
HSCEI,HK,index,2025-11-04,9241.3603515625,9311.349609375,9158.3095703125,9173.2099609375,9258.73046875,0.0,0.0,-0.009236742348332494,-0.009236742348332494,-0.00927966557122917,PASS,2026-04-08T12:05:22Z,D20260408.01
HSCEI,HK,index,2025-11-05,9075.099609375,9182.3603515625,9006.5,9163.240234375,9173.2099609375,0.0,0.0,-0.0010868307391801446,-0.0010868307391801446,-0.0010874217679789427,PASS,2026-04-08T12:05:22Z,D20260408.01
HSCEI,HK,index,2025-11-06,9203.3203125,9365.8095703125,9201.1396484375,9355.9697265625,9163.240234375,0.0,0.0,0.021032897453074906,0.021032897453074906,0.020814759479389325,PASS,2026-04-08T12:05:22Z,D20260408.01
HSCEI,HK,index,2025-11-07,9313.0703125,9324.73046875,9244.6904296875,9267.5595703125,9355.9697265625,0.0,0.0,-0.00944959836701853,-0.00944959836701853,-0.009494529097261475,PASS,2026-04-08T12:05:22Z,D20260408.01
HSCEI,HK,index,2025-11-10,9291.7197265625,9449.4697265625,9288.849609375,9443.240234375,9267.5595703125,0.0,0.0,0.01895651845878299,0.01895651845878299,0.018779082534072167,PASS,2026-04-08T12:05:22Z,D20260408.01
HSCEI,HK,index,2025-11-11,9484.7099609375,9493.4404296875,9382.3095703125,9461.490234375,9443.240234375,0.0,0.0,0.0019325993564758281,0.0019325993564758281,0.0019307342889051636,PASS,2026-04-08T12:05:22Z,D20260408.01
HSCEI,HK,index,2025-11-12,9490.25,9575.8203125,9473.8798828125,9538.990234375,9461.490234375,0.0,0.0,0.00819109866207235,0.00819109866207235,0.008157733686803479,PASS,2026-04-08T12:05:22Z,D20260408.01
HSCEI,HK,index,2025-11-13,9491.6396484375,9645.900390625,9464.580078125,9599.0595703125,9538.990234375,0.0,0.0,0.006297242628578559,0.006297242628578559,0.0062774978446599764,PASS,2026-04-08T12:05:22Z,D20260408.01
HSCEI,HK,index,2025-11-14,9439.2099609375,9522.6298828125,9381.9501953125,9397.9599609375,9599.0595703125,0.0,0.0,-0.02094992826140496,-0.02094992826140496,-0.02117249195912501,PASS,2026-04-08T12:05:22Z,D20260408.01
HSCEI,HK,index,2025-11-17,9364.2001953125,9391.9501953125,9286.1796875,9328.400390625,9397.9599609375,0.0,0.0,-0.0074015606154551605,-0.0074015606154551605,-0.007429088080138553,PASS,2026-04-08T12:05:22Z,D20260408.01
HSCEI,HK,index,2025-11-18,9261.580078125,9274.5,9132.6201171875,9174.83984375,9328.400390625,0.0,0.0,-0.016461616187629313,-0.016461616187629313,-0.01659861414400157,PASS,2026-04-08T12:05:22Z,D20260408.01
HSCEI,HK,index,2025-11-19,9192.4501953125,9242.5302734375,9116.16015625,9151.0400390625,9174.83984375,0.0,0.0,-0.0025940294427823085,-0.0025940294427823085,-0.0025973997668989964,PASS,2026-04-08T12:05:22Z,D20260408.01
HSCEI,HK,index,2025-11-20,9203.0703125,9216.4296875,9085.6796875,9143.33984375,9151.0400390625,0.0,0.0,-0.0008414557558081848,-0.0008414557558081848,-0.0008418099784250559,PASS,2026-04-08T12:05:22Z,D20260408.01
HSCEI,HK,index,2025-11-21,9012.3701171875,9025.7802734375,8902.01953125,8919.7802734375,9143.33984375,0.0,0.0,-0.02445053712679357,-0.02445053712679357,-0.02475441505506789,PASS,2026-04-08T12:05:22Z,D20260408.01
HSCEI,HK,index,2025-11-24,8991.6201171875,9099.740234375,8948.2099609375,9079.419921875,8919.7802734375,0.0,0.0,0.017897262437382766,0.017897262437382766,0.017738992050576524,PASS,2026-04-08T12:05:22Z,D20260408.01
HSCEI,HK,index,2025-11-25,9157.599609375,9218.1103515625,9101.3896484375,9158.3095703125,9079.419921875,0.0,0.0,0.008688842361771476,0.008688842361771476,0.008651311613461271,PASS,2026-04-08T12:05:22Z,D20260408.01
HSCEI,HK,index,2025-11-26,9216.48046875,9242.419921875,9160.3798828125,9162.3701171875,9158.3095703125,0.0,0.0,0.00044337296570140516,0.00044337296570140516,0.00044327470495108173,PASS,2026-04-08T12:05:22Z,D20260408.01
HSCEI,HK,index,2025-11-27,9156.98046875,9240.5595703125,9118.080078125,9164.8701171875,9162.3701171875,0.0,0.0,0.00027285516389596864,0.00027285516389596864,0.0002728179456957011,PASS,2026-04-08T12:05:22Z,D20260408.01
HSCEI,HK,index,2025-11-28,9196.2197265625,9196.2197265625,9112.5400390625,9130.1796875,9164.8701171875,0.0,0.0,-0.003785152352835053,-0.003785152352835053,-0.0037923341705797422,PASS,2026-04-08T12:05:22Z,D20260408.01
HSCEI,HK,index,2025-12-01,9158.33984375,9222.8701171875,9125.8896484375,9172.83984375,9130.1796875,0.0,0.0,0.00467243337044132,0.00467243337044132,0.0046615514372137816,PASS,2026-04-08T12:05:22Z,D20260408.01
HSCEI,HK,index,2025-12-02,9224.099609375,9248.48046875,9147.1298828125,9182.650390625,9172.83984375,0.0,0.0,0.0010695212215749983,0.0010695212215749983,0.0010689496912262239,PASS,2026-04-08T12:05:22Z,D20260408.01
HSCEI,HK,index,2025-12-03,9132.5302734375,9136.3701171875,9016.1103515625,9028.5498046875,9182.650390625,0.0,0.0,-0.01678171109452542,-0.01678171109452542,-0.01692411949416778,PASS,2026-04-08T12:05:22Z,D20260408.01
HSCEI,HK,index,2025-12-04,9051.900390625,9130.66015625,8999.25,9106.48046875,9028.5498046875,0.0,0.0,0.008631581566071578,0.008631581566071578,0.008594542450728278,PASS,2026-04-08T12:05:22Z,D20260408.01
HSCEI,HK,index,2025-12-05,9077.1396484375,9214.08984375,9045.740234375,9198.2998046875,9106.48046875,0.0,0.0,0.010082856516586025,0.010082856516586025,0.010032363643422406,PASS,2026-04-08T12:05:22Z,D20260408.01
HSCEI,HK,index,2025-12-08,9198.599609375,9219.01953125,9083.5302734375,9083.5302734375,9198.2998046875,0.0,0.0,-0.012477254893509038,-0.012477254893509038,-0.012555749452884677,PASS,2026-04-08T12:05:22Z,D20260408.01
HSCEI,HK,index,2025-12-09,9083.1103515625,9099.169921875,8919.25,8936.41015625,9083.5302734375,0.0,0.0,-0.01619635898805949,-0.01619635898805949,-0.01632895366013029,PASS,2026-04-08T12:05:22Z,D20260408.01
HSCEI,HK,index,2025-12-10,8936.8701171875,8954.6904296875,8867.1201171875,8954.6904296875,8936.41015625,0.0,0.0,0.0020455947206849956,0.0020455947206849956,0.0020435053406689797,PASS,2026-04-08T12:05:22Z,D20260408.01
HSCEI,HK,index,2025-12-11,9006.26953125,9031.5703125,8907.6396484375,8934.2802734375,8954.6904296875,0.0,0.0,-0.002279269887693114,-0.002279269887693114,-0.002281871377052903,PASS,2026-04-08T12:05:22Z,D20260408.01
HSCEI,HK,index,2025-12-12,9013.0595703125,9084.9501953125,8969.0,9079.349609375,8934.2802734375,0.0,0.0,0.016237383594155386,0.016237383594155386,0.0161069671353229,PASS,2026-04-08T12:05:22Z,D20260408.01
HSCEI,HK,index,2025-12-15,8980.1298828125,9008.580078125,8915.48046875,8917.7001953125,9079.349609375,0.0,0.0,-0.01780407419222918,-0.01780407419222918,-0.01796447341270769,PASS,2026-04-08T12:05:22Z,D20260408.01
HSCEI,HK,index,2025-12-16,8886.240234375,8894.5595703125,8707.509765625,8757.9296875,8917.7001953125,0.0,0.0,-0.017916111140009128,-0.017916111140009128,-0.018078547738641128,PASS,2026-04-08T12:05:22Z,D20260408.01
HSCEI,HK,index,2025-12-17,8768.330078125,8868.080078125,8736.1298828125,8843.5703125,8757.9296875,0.0,0.0,0.009778638109213533,0.009778638109213533,0.009731136642974841,PASS,2026-04-08T12:05:22Z,D20260408.01
HSCEI,HK,index,2025-12-18,8788.919921875,8848.33984375,8756.41015625,8841.509765625,8843.5703125,0.0,0.0,-0.0002329994337341157,-0.0002329994337341157,-0.00023302658231932777,PASS,2026-04-08T12:05:22Z,D20260408.01
HSCEI,HK,index,2025-12-19,8893.099609375,8924.16015625,8850.51953125,8901.23046875,8841.509765625,0.0,0.0,0.006754582046291313,0.006754582046291313,0.0067318720639178336,PASS,2026-04-08T12:05:22Z,D20260408.01
HSCEI,HK,index,2025-12-22,8944.740234375,8966.51953125,8891.73046875,8939.6796875,8901.23046875,0.0,0.0,0.0043195397405995095,0.0043195397405995095,0.004310237307347057,PASS,2026-04-08T12:05:22Z,D20260408.01
HSCEI,HK,index,2025-12-23,8966.0,8985.240234375,8895.3798828125,8913.830078125,8939.6796875,0.0,0.0,-0.002891558789421156,-0.002891558789421156,-0.002895747421937593,PASS,2026-04-08T12:05:22Z,D20260408.01
HSCEI,HK,index,2025-12-24,8922.0703125,8937.8701171875,8890.7998046875,8915.1201171875,8913.830078125,0.0,0.0,0.00014472331772008573,0.00014472331772008573,0.0001447128463110323,PASS,2026-04-08T12:05:22Z,D20260408.01
HSCEI,HK,index,2025-12-29,8967.7900390625,9053.0595703125,8887.9599609375,8891.7099609375,8915.1201171875,0.0,0.0,-0.00262589353169429,-0.00262589353169429,-0.002629347237481523,PASS,2026-04-08T12:05:22Z,D20260408.01
HSCEI,HK,index,2025-12-30,8902.4501953125,9020.7900390625,8895.66015625,8991.01953125,8891.7099609375,0.0,0.0,0.011168782017045187,0.011168782017045187,0.011106871719743049,PASS,2026-04-08T12:05:22Z,D20260408.01
HSCEI,HK,index,2025-12-31,8970.490234375,8981.51953125,8882.9296875,8913.6796875,8991.01953125,0.0,0.0,-0.008601899204110364,-0.008601899204110364,-0.00863910907644778,PASS,2026-04-08T12:05:22Z,D20260408.01
HSCEI,HK,index,2026-01-02,8949.759765625,9172.830078125,8941.75,9168.990234375,8913.6796875,0.0,0.0,0.028642553448833485,0.028642553448833485,0.028240023762367433,PASS,2026-04-08T12:05:22Z,D20260408.01
HSCEI,HK,index,2026-01-05,9166.25,9196.83984375,9112.900390625,9148.4697265625,9168.990234375,0.0,0.0,-0.002238033555272856,-0.002238033555272856,-0.0022405416952698677,PASS,2026-04-08T12:05:22Z,D20260408.01
HSCEI,HK,index,2026-01-06,9192.41015625,9309.8095703125,9181.2001953125,9244.240234375,9148.4697265625,0.0,0.0,0.01046847294410691,0.01046847294410691,0.010414057913278476,PASS,2026-04-08T12:05:22Z,D20260408.01
HSCEI,HK,index,2026-01-07,9216.740234375,9219.2099609375,9092.7099609375,9138.75,9244.240234375,0.0,0.0,-0.011411455317088315,-0.011411455317088315,-0.01147706559001612,PASS,2026-04-08T12:05:22Z,D20260408.01
HSCEI,HK,index,2026-01-08,9099.6298828125,9099.6298828125,8968.099609375,9039.33984375,9138.75,0.0,0.0,-0.01087787238407878,-0.01087787238407878,-0.010937469021690974,PASS,2026-04-08T12:05:22Z,D20260408.01
HSCEI,HK,index,2026-01-09,9070.91015625,9103.580078125,9024.58984375,9048.5302734375,9039.33984375,0.0,0.0,0.0010167146989008558,0.0010167146989008558,0.0010161981945734238,PASS,2026-04-08T12:05:22Z,D20260408.01
HSCEI,HK,index,2026-01-12,9116.009765625,9220.080078125,9036.1396484375,9220.080078125,9048.5302734375,0.0,0.0,0.018958858455841776,0.018958858455841776,0.01878137899553008,PASS,2026-04-08T12:05:22Z,D20260408.01
HSCEI,HK,index,2026-01-13,9335.5302734375,9389.76953125,9238.3896484375,9285.41015625,9220.080078125,0.0,0.0,0.00708563023004527,0.00708563023004527,0.007060645106305066,PASS,2026-04-08T12:05:22Z,D20260408.01
HSCEI,HK,index,2026-01-14,9328.0498046875,9370.330078125,9241.490234375,9315.5595703125,9285.41015625,0.0,0.0,0.00324696632191368,0.00324696632191368,0.0032417063097452477,PASS,2026-04-08T12:05:22Z,D20260408.01
HSCEI,HK,index,2026-01-15,9305.1298828125,9389.4501953125,9233.1103515625,9266.8603515625,9315.5595703125,0.0,0.0,-0.005227728767383755,-0.005227728767383755,-0.00524144115204583,PASS,2026-04-08T12:05:22Z,D20260408.01
HSCEI,HK,index,2026-01-16,9330.2197265625,9355.9501953125,9186.2099609375,9220.8095703125,9266.8603515625,0.0,0.0,-0.004969404901222552,-0.004969404901222552,-0.004981793453287853,PASS,2026-04-08T12:05:22Z,D20260408.01
HSCEI,HK,index,2026-01-19,9151.0703125,9193.9296875,9119.3896484375,9134.4501953125,9220.8095703125,0.0,0.0,-0.00936570420866778,-0.00936570420866778,-0.009409838196398002,PASS,2026-04-08T12:05:22Z,D20260408.01
HSCEI,HK,index,2026-01-20,9119.419921875,9150.33984375,9045.8603515625,9094.759765625,9134.4501953125,0.0,0.0,-0.004345136142716921,-0.004345136142716921,-0.00435460368188429,PASS,2026-04-08T12:05:22Z,D20260408.01
HSCEI,HK,index,2026-01-21,9067.5400390625,9161.259765625,9061.3896484375,9122.9501953125,9094.759765625,0.0,0.0,0.0030996343404308124,0.0030996343404308124,0.003094840377708326,PASS,2026-04-08T12:05:22Z,D20260408.01
HSCEI,HK,index,2026-01-22,9173.5400390625,9180.919921875,9075.1298828125,9114.2998046875,9122.9501953125,0.0,0.0,-0.0009482010139050256,-0.0009482010139050256,-0.0009486508408598071,PASS,2026-04-08T12:05:22Z,D20260408.01
HSCEI,HK,index,2026-01-23,9201.849609375,9210.0,9130.990234375,9160.8095703125,9114.2998046875,0.0,0.0,0.005102944452307856,0.005102944452307856,0.005089968556063782,PASS,2026-04-08T12:05:22Z,D20260408.01
HSCEI,HK,index,2026-01-26,9188.1904296875,9202.2001953125,9097.009765625,9147.2099609375,9160.8095703125,0.0,0.0,-0.001484542307163772,-0.001484542307163772,-0.001485645331887722,PASS,2026-04-08T12:05:22Z,D20260408.01
HSCEI,HK,index,2026-01-27,9173.2001953125,9271.4296875,9150.509765625,9244.8798828125,9147.2099609375,0.0,0.0,0.01067756422910282,0.01067756422910282,0.010620961602468858,PASS,2026-04-08T12:05:22Z,D20260408.01
HSCEI,HK,index,2026-01-28,9302.9296875,9512.240234375,9270.4501953125,9512.240234375,9244.8798828125,0.0,0.0,0.0289198296734563,0.0289198296734563,0.028509542906550573,PASS,2026-04-08T12:05:22Z,D20260408.01
HSCEI,HK,index,2026-01-29,9452.2099609375,9585.8203125,9432.4296875,9552.580078125,9512.240234375,0.0,0.0,0.004240835256054787,0.004240835256054787,0.00423186825699164,PASS,2026-04-08T12:05:22Z,D20260408.01
HSCEI,HK,index,2026-01-30,9487.759765625,9525.650390625,9313.4501953125,9317.08984375,9552.580078125,0.0,0.0,-0.024652003170772985,-0.024652003170772985,-0.024960951840170182,PASS,2026-04-08T12:05:22Z,D20260408.01
HSCEI,HK,index,2026-02-02,9191.349609375,9200.7001953125,8990.400390625,9080.1904296875,9317.08984375,0.0,0.0,-0.025426331401259827,-0.025426331401259827,-0.02575516658727313,PASS,2026-04-08T12:05:22Z,D20260408.01
HSCEI,HK,index,2026-02-03,9133.8798828125,9178.3896484375,8919.66015625,9053.1103515625,9080.1904296875,0.0,0.0,-0.0029823249120923823,-0.0029823249120923823,-0.0029867809047168965,PASS,2026-04-08T12:05:22Z,D20260408.01
HSCEI,HK,index,2026-02-04,9039.66015625,9118.150390625,8957.240234375,9048.3798828125,9053.1103515625,0.0,0.0,-0.0005225241454372975,-0.0005225241454372975,-0.0005226607087524051,PASS,2026-04-08T12:05:22Z,D20260408.01
HSCEI,HK,index,2026-02-05,8978.4599609375,9108.26953125,8915.169921875,9093.33984375,9048.3798828125,0.0,0.0,0.004968840999138635,0.004968840999138635,0.00495653704944914,PASS,2026-04-08T12:05:22Z,D20260408.01
HSCEI,HK,index,2026-02-06,8922.1396484375,9089.33984375,8918.1201171875,9031.3798828125,9093.33984375,0.0,0.0,-0.006813773817118007,-0.006813773817118007,-0.006837093564625072,PASS,2026-04-08T12:05:22Z,D20260408.01
HSCEI,HK,index,2026-02-09,9170.5703125,9206.5,9123.4697265625,9168.330078125,9031.3798828125,0.0,0.0,0.015163817388871959,0.015163817388871959,0.01504999591298448,PASS,2026-04-08T12:05:22Z,D20260408.01
HSCEI,HK,index,2026-02-10,9226.5595703125,9311.3798828125,9205.580078125,9242.75,9168.330078125,0.0,0.0,0.008117063984482975,0.008117063984482975,0.008084297811281883,PASS,2026-04-08T12:05:22Z,D20260408.01
HSCEI,HK,index,2026-02-11,9258.26953125,9292.759765625,9220.849609375,9268.1796875,9242.75,0.0,0.0,0.0027513118390090074,0.0027513118390090074,0.0027475339085147594,PASS,2026-04-08T12:05:22Z,D20260408.01
HSCEI,HK,index,2026-02-12,9250.26953125,9252.16015625,9146.509765625,9175.1796875,9268.1796875,0.0,0.0,-0.010034332861007078,-0.010034332861007078,-0.010085016112437577,PASS,2026-04-08T12:05:22Z,D20260408.01
HSCEI,HK,index,2026-02-13,9062.5595703125,9106.900390625,8979.1298828125,9032.7099609375,9175.1796875,0.0,0.0,-0.0155277314902722,-0.0155277314902722,-0.015649549395441505,PASS,2026-04-08T12:05:22Z,D20260408.01
HSCEI,HK,index,2026-02-16,9025.599609375,9085.6396484375,8949.2998046875,9070.3203125,9032.7099609375,0.0,0.0,0.004163794888261574,0.004163794888261574,0.004155150282262152,PASS,2026-04-08T12:05:22Z,D20260408.01
HSCEI,HK,index,2026-02-20,9052.669921875,9072.509765625,8945.41015625,8959.5595703125,9070.3203125,0.0,0.0,-0.012211337457935012,-0.012211337457935012,-0.012286508424709828,PASS,2026-04-08T12:05:22Z,D20260408.01
HSCEI,HK,index,2026-02-23,9091.150390625,9235.6796875,9090.75,9197.3798828125,8959.5595703125,0.0,0.0,0.026543750352195694,0.026543750352195694,0.02619757746699493,PASS,2026-04-08T12:05:22Z,D20260408.01
HSCEI,HK,index,2026-02-24,9130.1298828125,9130.1298828125,8977.5703125,9007.8603515625,9197.3798828125,0.0,0.0,-0.020605817489844358,-0.020605817489844358,-0.020821079582331262,PASS,2026-04-08T12:05:22Z,D20260408.01
HSCEI,HK,index,2026-02-25,9069.1904296875,9105.7001953125,9016.5400390625,9034.75,9007.8603515625,0.0,0.0,0.0029851315837545744,0.0029851315837545744,0.00298068492551054,PASS,2026-04-08T12:05:22Z,D20260408.01
HSCEI,HK,index,2026-02-26,9078.9599609375,9078.9599609375,8814.2900390625,8814.2900390625,9034.75,0.0,0.0,-0.024401334949777254,-0.024401334949777254,-0.024703980978513066,PASS,2026-04-08T12:05:22Z,D20260408.01
HSCEI,HK,index,2026-02-27,8817.5302734375,8892.2998046875,8790.7197265625,8859.490234375,8814.2900390625,0.0,0.0,0.005128058540413871,0.005128058540413871,0.005114954826865429,PASS,2026-04-08T12:05:22Z,D20260408.01
HSCEI,HK,index,2026-03-02,8771.0498046875,8802.4296875,8625.080078125,8701.91015625,8859.490234375,0.0,0.0,-0.017786585227396734,-0.017786585227396734,-0.017946667587341637,PASS,2026-04-08T12:05:22Z,D20260408.01
HSCEI,HK,index,2026-03-03,8744.01953125,8755.33984375,8586.419921875,8608.7099609375,8701.91015625,0.0,0.0,-0.010710314590591463,-0.010710314590591463,-0.010768082857713598,PASS,2026-04-08T12:05:22Z,D20260408.01
HSCEI,HK,index,2026-03-04,8516.83984375,8543.3095703125,8364.580078125,8483.9501953125,8608.7099609375,0.0,0.0,-0.014492271918917554,-0.014492271918917554,-0.014598310633114953,PASS,2026-04-08T12:05:22Z,D20260408.01
HSCEI,HK,index,2026-03-05,8577.419921875,8603.98046875,8432.7998046875,8451.4296875,8483.9501953125,0.0,0.0,-0.0038331799531859945,-0.0038331799531859945,-0.0038405454155826463,PASS,2026-04-08T12:05:22Z,D20260408.01
HSCEI,HK,index,2026-03-06,8469.509765625,8641.91015625,8450.73046875,8628.1298828125,8451.4296875,0.0,0.0,0.020907728259734082,0.020907728259734082,0.020692161209957365,PASS,2026-04-08T12:05:22Z,D20260408.01
HSCEI,HK,index,2026-03-09,8438.849609375,8588.669921875,8402.7099609375,8581.4599609375,8628.1298828125,0.0,0.0,-0.0054090425745638715,-0.0054090425745638715,-0.0054237244124079615,PASS,2026-04-08T12:05:22Z,D20260408.01
HSCEI,HK,index,2026-03-10,8676.5498046875,8717.6904296875,8605.4501953125,8710.259765625,8581.4599609375,0.0,0.0,0.015009078323944047,0.015009078323944047,0.01489755661527311,PASS,2026-04-08T12:05:22Z,D20260408.01
HSCEI,HK,index,2026-03-11,8765.7001953125,8783.7802734375,8677.0302734375,8704.51953125,8710.259765625,0.0,0.0,-0.0006590198833855698,-0.0006590198833855698,-0.0006592371324417941,PASS,2026-04-08T12:05:22Z,D20260408.01
HSCEI,HK,index,2026-03-12,8668.900390625,8745.3798828125,8622.41015625,8699.5498046875,8704.51953125,0.0,0.0,-0.0005709363445803861,-0.0005709363445803861,-0.0005710993907974618,PASS,2026-04-08T12:05:22Z,D20260408.01
HSCEI,HK,index,2026-03-13,8670.9404296875,8730.0703125,8640.48046875,8671.48046875,8699.5498046875,0.0,0.0,-0.0032265274143697953,-0.0032265274143697953,-0.003231743877677744,PASS,2026-04-08T12:05:22Z,D20260408.01
HSCEI,HK,index,2026-03-16,8682.400390625,8820.490234375,8621.83984375,8816.3203125,8671.48046875,0.0,0.0,0.016703012164067,0.016703012164067,0.016565050981780453,PASS,2026-04-08T12:05:22Z,D20260408.01
HSCEI,HK,index,2026-03-17,8839.8095703125,8959.8603515625,8813.83984375,8826.73046875,8816.3203125,0.0,0.0,0.0011807824444898252,0.0011807824444898252,0.0011800858691812263,PASS,2026-04-08T12:05:22Z,D20260408.01
HSCEI,HK,index,2026-03-18,8833.9501953125,8868.8896484375,8763.599609375,8835.5,8826.73046875,0.0,0.0,0.0009935197728137002,0.0009935197728137002,0.000993026558695834,PASS,2026-04-08T12:05:22Z,D20260408.01
HSCEI,HK,index,2026-03-19,8692.2099609375,8770.16015625,8672.5400390625,8695.8798828125,8835.5,0.0,0.0,-0.015802174997170515,-0.015802174997170515,-0.015928360466509774,PASS,2026-04-08T12:05:22Z,D20260408.01
HSCEI,HK,index,2026-03-20,8624.7001953125,8698.490234375,8529.490234375,8574.0703125,8695.8798828125,0.0,0.0,-0.014007733772088748,-0.014007733772088748,-0.014106767992502798,PASS,2026-04-08T12:05:22Z,D20260408.01
HSCEI,HK,index,2026-03-23,8433.849609375,8433.849609375,8242.669921875,8307.8203125,8574.0703125,0.0,0.0,-0.03105292939012161,-0.03105292939012161,-0.03154529127686843,PASS,2026-04-08T12:05:22Z,D20260408.01
HSCEI,HK,index,2026-03-24,8396.8896484375,8508.7802734375,8328.3701171875,8499.5302734375,8307.8203125,0.0,0.0,0.023075843449460676,0.023075843449460676,0.022813622490651293,PASS,2026-04-08T12:05:22Z,D20260408.01
HSCEI,HK,index,2026-03-25,8559.9599609375,8610.3896484375,8459.5302734375,8582.740234375,8499.5302734375,0.0,0.0,0.009789948180730201,0.009789948180730201,0.009742337125685422,PASS,2026-04-08T12:05:22Z,D20260408.01
HSCEI,HK,index,2026-03-26,8547.8203125,8557.6201171875,8365.669921875,8389.9296875,8582.740234375,0.0,0.0,-0.022464916985692862,-0.022464916985692862,-0.0227210972149458,PASS,2026-04-08T12:05:22Z,D20260408.01
HSCEI,HK,index,2026-03-27,8377.4599609375,8509.7001953125,8353.73046875,8453.76953125,8389.9296875,0.0,0.0,0.007609103547686846,0.007609103547686846,0.007580300338083014,PASS,2026-04-08T12:05:22Z,D20260408.01
HSCEI,HK,index,2026-03-30,8301.099609375,8424.6298828125,8286.240234375,8399.1201171875,8453.76953125,0.0,0.0,-0.0064645024755506375,-0.0064645024755506375,-0.006485487860617489,PASS,2026-04-08T12:05:22Z,D20260408.01
HSCEI,HK,index,2026-03-31,8411.3603515625,8469.7802734375,8310.3896484375,8374.2998046875,8399.1201171875,0.0,0.0,-0.002955108648727278,-0.002955108648727278,-0.002959483603393604,PASS,2026-04-08T12:05:22Z,D20260408.01
HSCEI,HK,index,2026-04-01,8547.9296875,8565.26953125,8478.900390625,8504.8095703125,8374.2998046875,0.0,0.0,0.015584558550429284,0.015584558550429284,0.015464366469733466,PASS,2026-04-08T12:05:22Z,D20260408.01
HSCEI,HK,index,2026-04-02,8477.349609375,8500.8095703125,8380.5703125,8456.919921875,8504.8095703125,0.0,0.0,-0.005630890150047252,-0.005630890150047252,-0.0056468033771931,PASS,2026-04-08T12:05:22Z,D20260408.01
HSCEI,HK,index,2026-04-08,8598.1904296875,8691.9697265625,8585.1103515625,8677.3095703125,8456.919921875,0.0,0.0,0.02606027377265696,0.02606027377265696,0.025726491390189593,PASS,2026-04-08T12:05:22Z,D20260408.01
