symbol,market,asset_type,trade_date,open,high,low,close,prev_close,volume,amount,pct_change,ret_1d,log_ret_1d,quality_flag,ingest_time,data_version
HKTECH,HK,index,2020-07-27,6918.05,7014.84,6677.16,6774.78,6862.7,0.0,0.0,-0.01281128418843891,-0.01281128418843891,-0.012894056395166189,PASS,2026-06-08T21:24:34Z,D20260608.01
HKTECH,HK,index,2020-07-28,6930.58,7012.62,6902.57,7012.62,6774.78,0.0,0.0,0.03510667505070275,0.03510667505070275,0.03450448908806222,PASS,2026-06-08T21:24:34Z,D20260608.01
HKTECH,HK,index,2020-07-29,6971.98,7099.94,6951.1,7085.15,7012.62,0.0,0.0,0.010342782012999319,0.010342782012999319,0.010289661405726026,PASS,2026-06-08T21:24:34Z,D20260608.01
HKTECH,HK,index,2020-07-30,7160.24,7244.19,7083.79,7100.21,7085.15,0.0,0.0,0.002125572500229378,0.002125572500229378,0.0021233166670615628,PASS,2026-06-08T21:24:34Z,D20260608.01
HKTECH,HK,index,2020-07-31,7193.55,7285.56,7108.15,7155.03,7100.21,0.0,0.0,0.007720898395962905,0.007720898395962905,0.0076912447970876536,PASS,2026-06-08T21:24:34Z,D20260608.01
HKTECH,HK,index,2020-08-03,7255.44,7311.53,7127.2,7292.45,7155.03,0.0,0.0,0.019206069017180916,0.019206069017180916,0.019023960505219695,PASS,2026-06-08T21:24:34Z,D20260608.01
HKTECH,HK,index,2020-08-04,7390.33,7448.95,7330.11,7436.59,7292.45,0.0,0.0,0.01976564803323999,0.01976564803323999,0.019572844067878827,PASS,2026-06-08T21:24:34Z,D20260608.01
HKTECH,HK,index,2020-08-05,7488.74,7547.2,7398.66,7547.2,7436.59,0.0,0.0,0.014873752620488734,0.014873752620488734,0.014764223103020252,PASS,2026-06-08T21:24:34Z,D20260608.01
HKTECH,HK,index,2020-08-06,7579.88,7588.85,7420.51,7576.84,7547.2,0.0,0.0,0.003927284290862865,0.003927284290862865,0.003919592641531032,PASS,2026-06-08T21:24:34Z,D20260608.01
HKTECH,HK,index,2020-08-07,7551.8,7551.8,7144.76,7386.66,7576.84,0.0,0.0,-0.025100173687183647,-0.025100173687183647,-0.02542055550590097,PASS,2026-06-08T21:24:34Z,D20260608.01
HKTECH,HK,index,2020-08-10,7279.54,7279.54,7119.29,7176.17,7386.66,0.0,0.0,-0.028495964346538227,-0.028495964346538227,-0.028909856129562855,PASS,2026-06-08T21:24:34Z,D20260608.01
HKTECH,HK,index,2020-08-11,7217.05,7274.64,7085.29,7129.84,7176.17,0.0,0.0,-0.006456090087051947,-0.006456090087051947,-0.006477020772219054,PASS,2026-06-08T21:24:34Z,D20260608.01
HKTECH,HK,index,2020-08-12,7086.93,7086.93,6833.88,7010.72,7129.84,0.0,0.0,-0.01670724728745665,-0.01670724728745665,-0.01684838759586825,PASS,2026-06-08T21:24:34Z,D20260608.01
HKTECH,HK,index,2020-08-13,7116.74,7133.18,7008.4,7031.81,7010.72,0.0,0.0,0.0030082502225163843,0.0030082502225163843,0.00300373449184761,PASS,2026-06-08T21:24:34Z,D20260608.01
HKTECH,HK,index,2020-08-14,7019.18,7091.0,6975.84,7038.26,7031.81,0.0,0.0,0.0009172602786480244,0.0009172602786480244,0.0009168398525124524,PASS,2026-06-08T21:24:34Z,D20260608.01
HKTECH,HK,index,2020-08-17,7037.86,7117.17,7004.77,7075.03,7038.26,0.0,0.0,0.005224302597516939,0.005224302597516939,0.005210703272796688,PASS,2026-06-08T21:24:34Z,D20260608.01
HKTECH,HK,index,2020-08-18,7147.73,7196.01,7075.06,7196.01,7075.03,0.0,0.0,0.01709957413608154,0.01709957413608154,0.016955021945247103,PASS,2026-06-08T21:24:34Z,D20260608.01
HKTECH,HK,index,2020-08-19,7187.71,7251.57,7131.43,7150.41,7196.01,0.0,0.0,-0.00633684500160514,-0.00633684500160514,-0.006357008029012295,PASS,2026-06-08T21:24:34Z,D20260608.01
HKTECH,HK,index,2020-08-20,7183.25,7183.25,7060.78,7167.6,7150.41,0.0,0.0,0.0024040579491246827,0.0024040579491246827,0.0024011728248920267,PASS,2026-06-08T21:24:34Z,D20260608.01
HKTECH,HK,index,2020-08-21,7205.57,7208.73,7104.01,7168.87,7167.6,0.0,0.0,0.00017718622690998664,0.00017718622690998664,0.00017717053128448842,PASS,2026-06-08T21:24:34Z,D20260608.01
HKTECH,HK,index,2020-08-24,7247.6,7332.19,7198.76,7329.91,7168.87,0.0,0.0,0.02246379136460841,0.02246379136460841,0.022215196439451114,PASS,2026-06-08T21:24:34Z,D20260608.01
HKTECH,HK,index,2020-08-25,7348.1,7355.49,7153.69,7223.67,7329.91,0.0,0.0,-0.014494038808116283,-0.014494038808116283,-0.01460010350670923,PASS,2026-06-08T21:24:34Z,D20260608.01
HKTECH,HK,index,2020-08-26,7311.5,7326.57,7219.82,7275.44,7223.67,0.0,0.0,0.007166717194999173,0.007166717194999173,0.0071411583201547255,PASS,2026-06-08T21:24:34Z,D20260608.01
HKTECH,HK,index,2020-08-27,7352.09,7574.23,7311.0,7540.86,7275.44,0.0,0.0,0.036481642347404364,0.036481642347404364,0.03583194154283806,PASS,2026-06-08T21:24:34Z,D20260608.01
HKTECH,HK,index,2020-08-28,7521.87,7745.92,7430.02,7580.9,7540.86,0.0,0.0,0.005309739207464359,0.005309739207464359,0.005295692244107161,PASS,2026-06-08T21:24:34Z,D20260608.01
HKTECH,HK,index,2020-08-31,7746.63,7771.28,7543.86,7543.86,7580.9,0.0,0.0,-0.004885963408038596,-0.004885963408038596,-0.004897938750565106,PASS,2026-06-08T21:24:34Z,D20260608.01
HKTECH,HK,index,2020-09-01,7556.9,7683.66,7526.33,7674.71,7543.86,0.0,0.0,0.017345231751384693,0.017345231751384693,0.017196520378417835,PASS,2026-06-08T21:24:34Z,D20260608.01
HKTECH,HK,index,2020-09-02,7874.07,7909.39,7764.78,7909.39,7674.71,0.0,0.0,0.03057835410067611,0.03057835410067611,0.030120153490054313,PASS,2026-06-08T21:24:34Z,D20260608.01
HKTECH,HK,index,2020-09-03,7889.48,7889.48,7678.15,7706.06,7909.39,0.0,0.0,-0.025707418650490088,-0.025707418650490088,-0.026043628918833175,PASS,2026-06-08T21:24:34Z,D20260608.01
HKTECH,HK,index,2020-09-04,7342.83,7622.35,7290.83,7588.02,7706.06,0.0,0.0,-0.015317814810681507,-0.015317814810681507,-0.015436344504386326,PASS,2026-06-08T21:24:34Z,D20260608.01
HKTECH,HK,index,2020-09-07,7481.19,7487.95,7213.81,7240.96,7588.02,0.0,0.0,-0.045737886826866636,-0.045737886826866636,-0.04681689351739297,PASS,2026-06-08T21:24:34Z,D20260608.01
HKTECH,HK,index,2020-09-08,7301.72,7326.01,7007.09,7123.28,7240.96,0.0,0.0,-0.016251988686583063,-0.016251988686583063,-0.01638550078911941,PASS,2026-06-08T21:24:34Z,D20260608.01
HKTECH,HK,index,2020-09-09,6984.19,7086.74,6906.75,7015.64,7123.28,0.0,0.0,-0.015111016273402056,-0.015111016273402056,-0.015226351038495765,PASS,2026-06-08T21:24:34Z,D20260608.01
HKTECH,HK,index,2020-09-10,7133.84,7200.8,6994.63,6999.72,7015.64,0.0,0.0,-0.002269215638202704,-0.002269215638202704,-0.0022717942096373424,PASS,2026-06-08T21:24:34Z,D20260608.01
HKTECH,HK,index,2020-09-11,7001.26,7195.96,6986.97,7178.27,6999.72,0.0,0.0,0.02550816318367022,0.02550816318367022,0.02518825869722181,PASS,2026-06-08T21:24:34Z,D20260608.01
HKTECH,HK,index,2020-09-14,7235.43,7345.08,7232.97,7317.31,7178.27,0.0,0.0,0.019369569548094434,0.019369569548094434,0.01918436714225688,PASS,2026-06-08T21:24:34Z,D20260608.01
HKTECH,HK,index,2020-09-15,7327.13,7374.48,7281.24,7348.72,7317.31,0.0,0.0,0.0042925610641069145,0.0042925610641069145,0.004283374304297928,PASS,2026-06-08T21:24:34Z,D20260608.01
HKTECH,HK,index,2020-09-16,7401.88,7464.42,7370.02,7430.09,7348.72,0.0,0.0,0.011072676602183806,0.011072676602183806,0.011011823312418482,PASS,2026-06-08T21:24:34Z,D20260608.01
HKTECH,HK,index,2020-09-17,7403.11,7433.0,7245.87,7301.56,7430.09,0.0,0.0,-0.01729857915583788,-0.01729857915583788,-0.01744994775730431,PASS,2026-06-08T21:24:34Z,D20260608.01
HKTECH,HK,index,2020-09-18,7314.72,7371.82,7237.95,7371.82,7301.56,0.0,0.0,0.009622601197552205,0.009622601197552205,0.009576598843418542,PASS,2026-06-08T21:24:34Z,D20260608.01
HKTECH,HK,index,2020-09-21,7408.78,7422.87,7188.84,7195.75,7371.82,0.0,0.0,-0.023884196846911565,-0.023884196846911565,-0.024174048835883626,PASS,2026-06-08T21:24:34Z,D20260608.01
HKTECH,HK,index,2020-09-22,7202.01,7319.08,7144.89,7233.32,7195.75,0.0,0.0,0.005221137476982829,0.005221137476982829,0.005207554596915192,PASS,2026-06-08T21:24:34Z,D20260608.01
HKTECH,HK,index,2020-09-23,7270.29,7327.99,7235.37,7298.62,7233.32,0.0,0.0,0.009027666410444946,0.009027666410444946,0.008987160629301893,PASS,2026-06-08T21:24:34Z,D20260608.01
HKTECH,HK,index,2020-09-24,7218.71,7223.84,7051.11,7054.28,7298.62,0.0,0.0,-0.033477561511628284,-0.033477561511628284,-0.03405076437109531,PASS,2026-06-08T21:24:34Z,D20260608.01
HKTECH,HK,index,2020-09-25,7110.42,7134.45,6860.75,6918.77,7054.28,0.0,0.0,-0.01920961458859005,-0.01920961458859005,-0.019396516650633935,PASS,2026-06-08T21:24:34Z,D20260608.01
HKTECH,HK,index,2020-09-28,6921.46,6998.21,6897.62,6978.59,6918.77,0.0,0.0,0.008646045467619157,0.008646045467619157,0.008608882471510737,PASS,2026-06-08T21:24:34Z,D20260608.01
HKTECH,HK,index,2020-09-29,7063.95,7078.74,6965.7,6977.3,6978.59,0.0,0.0,-0.0001848510945621218,-0.0001848510945621218,-0.00018486818163144362,PASS,2026-06-08T21:24:34Z,D20260608.01
HKTECH,HK,index,2020-09-30,7017.17,7143.14,6981.22,7087.64,6977.3,0.0,0.0,0.015814140140168798,0.015814140140168798,0.01569039948911559,PASS,2026-06-08T21:24:34Z,D20260608.01
HKTECH,HK,index,2020-10-05,7255.73,7255.73,7049.82,7092.06,7087.64,0.0,0.0,0.0006236208385301811,0.0006236208385301811,0.0006234264678599253,PASS,2026-06-08T21:24:34Z,D20260608.01
HKTECH,HK,index,2020-10-06,7154.8,7350.2,7141.42,7336.35,7092.06,0.0,0.0,0.03444556306630231,0.03444556306630231,0.03386559532668514,PASS,2026-06-08T21:24:34Z,D20260608.01
HKTECH,HK,index,2020-10-07,7358.22,7494.59,7300.09,7494.59,7336.35,0.0,0.0,0.02156930898880227,0.02156930898880227,0.021339983183120633,PASS,2026-06-08T21:24:34Z,D20260608.01
HKTECH,HK,index,2020-10-08,7527.52,7527.52,7438.45,7511.11,7494.59,0.0,0.0,0.0022042566704782995,0.0022042566704782995,0.0022018308608276636,PASS,2026-06-08T21:24:34Z,D20260608.01
HKTECH,HK,index,2020-10-09,7567.75,7597.29,7467.87,7503.27,7511.11,0.0,0.0,-0.0010437871366547613,-0.0010437871366547613,-0.0010443322618108482,PASS,2026-06-08T21:24:34Z,D20260608.01
HKTECH,HK,index,2020-10-12,7575.67,7749.98,7575.67,7748.85,7503.27,0.0,0.0,0.032729729837790655,0.032729729837790655,0.03220551973614389,PASS,2026-06-08T21:24:34Z,D20260608.01
HKTECH,HK,index,2020-10-14,7878.84,7878.84,7725.8,7819.84,7748.85,0.0,0.0,0.009161359427527938,0.009161359427527938,0.009119648731820479,PASS,2026-06-08T21:24:34Z,D20260608.01
HKTECH,HK,index,2020-10-15,7766.27,7769.07,7504.74,7541.04,7819.84,0.0,0.0,-0.03565290338421245,-0.03565290338421245,-0.03630399044711051,PASS,2026-06-08T21:24:34Z,D20260608.01
HKTECH,HK,index,2020-10-16,7661.68,7675.58,7540.76,7604.61,7541.04,0.0,0.0,0.008429871741828743,0.008429871741828743,0.00839453880226786,PASS,2026-06-08T21:24:34Z,D20260608.01
HKTECH,HK,index,2020-10-19,7687.37,7723.86,7559.62,7570.71,7604.61,0.0,0.0,-0.004457822294634428,-0.004457822294634428,-0.004467788012400744,PASS,2026-06-08T21:24:34Z,D20260608.01
HKTECH,HK,index,2020-10-20,7592.77,7644.48,7516.3,7644.48,7570.71,0.0,0.0,0.009744132320482324,0.009744132320482324,0.00969696442244848,PASS,2026-06-08T21:24:34Z,D20260608.01
HKTECH,HK,index,2020-10-21,7707.12,7732.2,7609.39,7618.06,7644.48,0.0,0.0,-0.0034560885763320615,-0.0034560885763320615,-0.0034620746466949978,PASS,2026-06-08T21:24:34Z,D20260608.01
HKTECH,HK,index,2020-10-22,7624.14,7624.14,7495.48,7620.34,7618.06,0.0,0.0,0.00029928879531015973,0.00029928879531015973,0.00029924401735279845,PASS,2026-06-08T21:24:34Z,D20260608.01
HKTECH,HK,index,2020-10-23,7600.35,7600.35,7441.65,7484.48,7620.34,0.0,0.0,-0.017828600823585394,-0.017828600823585394,-0.017989444945318258,PASS,2026-06-08T21:24:34Z,D20260608.01
HKTECH,HK,index,2020-10-27,7457.47,7603.44,7449.86,7547.66,7484.48,0.0,0.0,0.00844146821155256,0.00844146821155256,0.008406038266308253,PASS,2026-06-08T21:24:34Z,D20260608.01
HKTECH,HK,index,2020-10-28,7577.04,7694.83,7520.69,7656.45,7547.66,0.0,0.0,0.014413738827663058,0.014413738827663058,0.014310848406094489,PASS,2026-06-08T21:24:34Z,D20260608.01
HKTECH,HK,index,2020-10-29,7508.24,7729.82,7485.71,7675.42,7656.45,0.0,0.0,0.0024776495634399875,0.0024776495634399875,0.002474585250246199,PASS,2026-06-08T21:24:34Z,D20260608.01
HKTECH,HK,index,2020-10-30,7691.83,7778.82,7509.78,7534.39,7675.42,0.0,0.0,-0.018374238803870013,-0.018374238803870013,-0.01854514184246842,PASS,2026-06-08T21:24:34Z,D20260608.01
HKTECH,HK,index,2020-11-02,7601.14,7643.02,7474.7,7585.76,7534.39,0.0,0.0,0.006818070208736149,0.006818070208736149,0.0067949322791971516,PASS,2026-06-08T21:24:34Z,D20260608.01
HKTECH,HK,index,2020-11-03,7626.98,7774.11,7626.98,7714.73,7585.76,0.0,0.0,0.01700159245744648,0.01700159245744648,0.016858682903394106,PASS,2026-06-08T21:24:34Z,D20260608.01
HKTECH,HK,index,2020-11-04,7594.79,7817.48,7574.61,7758.72,7714.73,0.0,0.0,0.005702079009894057,0.005702079009894057,0.005685883692862817,PASS,2026-06-08T21:24:34Z,D20260608.01
HKTECH,HK,index,2020-11-05,8062.58,8181.62,8045.11,8181.62,7758.72,0.0,0.0,0.054506413429019185,0.054506413429019185,0.0530728028802827,PASS,2026-06-08T21:24:34Z,D20260608.01
HKTECH,HK,index,2020-11-06,8200.2,8229.28,8020.85,8152.54,8181.62,0.0,0.0,-0.003554308315468102,-0.003554308315468102,-0.0035606398766012434,PASS,2026-06-08T21:24:34Z,D20260608.01
HKTECH,HK,index,2020-11-09,8325.85,8524.94,8324.45,8394.19,8152.54,0.0,0.0,0.029641068918398572,0.029641068918398572,0.029210264731148527,PASS,2026-06-08T21:24:34Z,D20260608.01
HKTECH,HK,index,2020-11-10,8214.52,8214.52,7841.11,7961.74,8394.19,0.0,0.0,-0.051517775985532976,-0.051517775985532976,-0.052892230937702116,PASS,2026-06-08T21:24:34Z,D20260608.01
HKTECH,HK,index,2020-11-11,7724.61,7827.5,7450.35,7465.44,7961.74,0.0,0.0,-0.06233562010314331,-0.06233562010314331,-0.06436319795093215,PASS,2026-06-08T21:24:34Z,D20260608.01
HKTECH,HK,index,2020-11-12,7679.1,7812.5,7672.13,7706.58,7465.44,0.0,0.0,0.03230084228123187,0.03230084228123187,0.03179013841587081,PASS,2026-06-08T21:24:34Z,D20260608.01
HKTECH,HK,index,2020-11-13,7772.01,7939.72,7714.36,7939.72,7706.58,0.0,0.0,0.030252070308749213,0.030252070308749213,0.029803500755517222,PASS,2026-06-08T21:24:34Z,D20260608.01
HKTECH,HK,index,2020-11-16,8075.93,8079.54,7890.32,8075.83,7939.72,0.0,0.0,0.017142921916641907,0.017142921916641907,0.016997640050660828,PASS,2026-06-08T21:24:34Z,D20260608.01
HKTECH,HK,index,2020-11-17,8044.21,8044.21,7838.9,7933.13,8075.83,0.0,0.0,-0.017670010389025048,-0.017670010389025048,-0.01782798877551351,PASS,2026-06-08T21:24:34Z,D20260608.01
HKTECH,HK,index,2020-11-18,7940.06,7986.66,7885.91,7972.21,7933.13,0.0,0.0,0.004926176679318273,0.004926176679318273,0.004914082772532676,PASS,2026-06-08T21:24:34Z,D20260608.01
HKTECH,HK,index,2020-11-19,7946.25,7946.25,7799.56,7903.37,7972.21,0.0,0.0,-0.008634995816718338,-0.008634995816718338,-0.008672493410186827,PASS,2026-06-08T21:24:34Z,D20260608.01
HKTECH,HK,index,2020-11-20,7975.98,8038.46,7949.21,7997.52,7903.37,0.0,0.0,0.011912639797959645,0.011912639797959645,0.01184224282879953,PASS,2026-06-08T21:24:34Z,D20260608.01
HKTECH,HK,index,2020-11-23,8100.09,8105.54,8038.79,8088.86,7997.52,0.0,0.0,0.011421040522561876,0.011421040522561876,0.011356312811568505,PASS,2026-06-08T21:24:34Z,D20260608.01
HKTECH,HK,index,2020-11-24,8186.2,8186.2,8044.51,8107.1,8088.86,0.0,0.0,0.0022549531083491114,0.0022549531083491114,0.0022524145171418427,PASS,2026-06-08T21:24:34Z,D20260608.01
HKTECH,HK,index,2020-11-25,8131.23,8159.03,7869.31,7921.35,8107.1,0.0,0.0,-0.022912015393913965,-0.022912015393913965,-0.023178575102550013,PASS,2026-06-08T21:24:34Z,D20260608.01
HKTECH,HK,index,2020-11-26,7983.53,8057.14,7936.82,8057.14,7921.35,0.0,0.0,0.01714228004064955,0.01714228004064955,0.016997008992644242,PASS,2026-06-08T21:24:34Z,D20260608.01
HKTECH,HK,index,2020-11-27,8075.11,8139.55,8042.46,8090.05,8057.14,0.0,0.0,0.004084575916516231,0.004084575916516231,0.004076256682308988,PASS,2026-06-08T21:24:34Z,D20260608.01
HKTECH,HK,index,2020-11-30,8095.44,8143.4,7993.32,8019.36,8090.05,0.0,0.0,-0.008737894079764663,-0.008737894079764663,-0.008776293325576204,PASS,2026-06-08T21:24:34Z,D20260608.01
HKTECH,HK,index,2020-12-01,8041.66,8049.23,7941.87,7985.36,8019.36,0.0,0.0,-0.004239739829612343,-0.004239739829612343,-0.004248753011241777,PASS,2026-06-08T21:24:34Z,D20260608.01
HKTECH,HK,index,2020-12-02,7998.06,7998.06,7820.79,7848.25,7985.36,0.0,0.0,-0.01717017141368704,-0.01717017141368704,-0.017319288178759603,PASS,2026-06-08T21:24:34Z,D20260608.01
HKTECH,HK,index,2020-12-03,7895.37,7942.15,7869.1,7940.19,7848.25,0.0,0.0,0.011714713471155935,0.011714713471155935,0.011646627438332398,PASS,2026-06-08T21:24:34Z,D20260608.01
HKTECH,HK,index,2020-12-04,7969.58,8012.79,7928.56,7952.8,7940.19,0.0,0.0,0.0015881232061198958,0.0015881232061198958,0.0015868634720265895,PASS,2026-06-08T21:24:34Z,D20260608.01
HKTECH,HK,index,2020-12-07,7974.95,8011.29,7847.39,7944.79,7952.8,0.0,0.0,-0.0010071924353687312,-0.0010071924353687312,-0.001007699994504765,PASS,2026-06-08T21:24:34Z,D20260608.01
HKTECH,HK,index,2020-12-08,7939.81,8136.73,7916.24,8085.11,7944.79,0.0,0.0,0.017661889112235762,0.017661889112235762,0.017507730457400183,PASS,2026-06-08T21:24:34Z,D20260608.01
HKTECH,HK,index,2020-12-09,8144.8,8206.08,8066.77,8101.77,8085.11,0.0,0.0,0.002060578025530946,0.002060578025530946,0.0020584579465238863,PASS,2026-06-08T21:24:34Z,D20260608.01
HKTECH,HK,index,2020-12-10,8004.56,8044.07,7955.62,8025.83,8101.77,0.0,0.0,-0.00937326041099662,-0.00937326041099662,-0.00941746586604268,PASS,2026-06-08T21:24:34Z,D20260608.01
HKTECH,HK,index,2020-12-11,8123.04,8143.59,8037.63,8080.6,8025.83,0.0,0.0,0.006824216311583919,0.006824216311583919,0.006801036742625371,PASS,2026-06-08T21:24:34Z,D20260608.01
HKTECH,HK,index,2020-12-14,8056.27,8156.09,8005.06,8128.81,8080.6,0.0,0.0,0.005966141128133984,0.005966141128133984,0.0059484141808559664,PASS,2026-06-08T21:24:34Z,D20260608.01
HKTECH,HK,index,2020-12-15,8149.85,8149.85,8028.9,8094.42,8128.81,0.0,0.0,-0.004230631543854502,-0.004230631543854502,-0.004239605986134059,PASS,2026-06-08T21:24:34Z,D20260608.01
HKTECH,HK,index,2020-12-16,8158.8,8173.26,8085.68,8146.4,8094.42,0.0,0.0,0.006421707793764053,0.006421707793764053,0.0064011764787961865,PASS,2026-06-08T21:24:34Z,D20260608.01
HKTECH,HK,index,2020-12-17,8205.81,8332.66,8186.12,8332.66,8146.4,0.0,0.0,0.022864087204163885,0.022864087204163885,0.02260662106027667,PASS,2026-06-08T21:24:34Z,D20260608.01
HKTECH,HK,index,2020-12-18,8324.89,8345.77,8221.54,8253.83,8332.66,0.0,0.0,-0.009460364397443355,-0.009460364397443355,-0.009505397891937717,PASS,2026-06-08T21:24:34Z,D20260608.01
HKTECH,HK,index,2020-12-21,8243.12,8277.37,8159.95,8159.95,8253.83,0.0,0.0,-0.011374113593325741,-0.011374113593325741,-0.011439293537395165,PASS,2026-06-08T21:24:34Z,D20260608.01
HKTECH,HK,index,2020-12-22,8164.53,8253.32,8091.29,8186.66,8159.95,0.0,0.0,0.003273304370737584,0.003273304370737584,0.0032679587719905705,PASS,2026-06-08T21:24:34Z,D20260608.01
HKTECH,HK,index,2020-12-23,8207.8,8480.35,8204.42,8426.07,8186.66,0.0,0.0,0.029243916322407415,0.029243916322407415,0.02882447086333748,PASS,2026-06-08T21:24:34Z,D20260608.01
HKTECH,HK,index,2020-12-24,8348.44,8352.8,8122.62,8142.81,8426.07,0.0,0.0,-0.03361709551427883,-0.03361709551427883,-0.03419514185279675,PASS,2026-06-08T21:24:34Z,D20260608.01
HKTECH,HK,index,2020-12-28,8063.45,8070.26,7768.81,7795.78,8142.81,0.0,0.0,-0.042617966033838495,-0.042617966033838495,-0.04355276764145441,PASS,2026-06-08T21:24:34Z,D20260608.01
HKTECH,HK,index,2020-12-29,7908.69,8072.71,7908.69,7997.83,7795.78,0.0,0.0,0.02591786838520327,0.02591786838520327,0.025587693237561555,PASS,2026-06-08T21:24:34Z,D20260608.01
HKTECH,HK,index,2020-12-30,8078.28,8311.5,8078.28,8295.37,7997.83,0.0,0.0,0.037202591202863955,0.037202591202863955,0.036527272946571265,PASS,2026-06-08T21:24:34Z,D20260608.01
HKTECH,HK,index,2020-12-31,8332.26,8445.6,8332.01,8425.9,8295.37,0.0,0.0,0.0157352836582334,0.0157352836582334,0.015612767627393453,PASS,2026-06-08T21:24:34Z,D20260608.01
HKTECH,HK,index,2021-01-04,8376.85,8544.87,8360.83,8489.69,8425.9,0.0,0.0,0.007570704613157231,0.007570704613157231,0.007542190652407563,PASS,2026-06-08T21:24:34Z,D20260608.01
HKTECH,HK,index,2021-01-05,8422.18,8504.65,8385.74,8463.55,8489.69,0.0,0.0,-0.003079028798460448,-0.003079028798460448,-0.0030837787603167606,PASS,2026-06-08T21:24:34Z,D20260608.01
HKTECH,HK,index,2021-01-06,8574.37,8699.84,8510.4,8609.6,8463.55,0.0,0.0,0.01725635223989941,0.01725635223989941,0.017109152402062025,PASS,2026-06-08T21:24:34Z,D20260608.01
HKTECH,HK,index,2021-01-07,8559.09,8559.09,8301.0,8400.85,8609.6,0.0,0.0,-0.024246190299200943,-0.024246190299200943,-0.024544968546970674,PASS,2026-06-08T21:24:34Z,D20260608.01
HKTECH,HK,index,2021-01-08,8450.05,8694.4,8450.05,8630.32,8400.85,0.0,0.0,0.02731509311557745,0.02731509311557745,0.026948693155494485,PASS,2026-06-08T21:24:34Z,D20260608.01
HKTECH,HK,index,2021-01-11,8730.59,8839.76,8614.55,8665.47,8630.32,0.0,0.0,0.004072850137654127,0.004072850137654127,0.004064578535257263,PASS,2026-06-08T21:24:34Z,D20260608.01
HKTECH,HK,index,2021-01-12,8685.24,8758.24,8619.41,8726.64,8665.47,0.0,0.0,0.007059051615203815,0.007059051615203815,0.0070342531444141775,PASS,2026-06-08T21:24:34Z,D20260608.01
HKTECH,HK,index,2021-01-13,8781.51,8813.34,8600.12,8669.71,8726.64,0.0,0.0,-0.006523702135071474,-0.006523702135071474,-0.006545074481769632,PASS,2026-06-08T21:24:34Z,D20260608.01
HKTECH,HK,index,2021-01-14,8774.84,8901.83,8711.66,8895.21,8669.71,0.0,0.0,0.026010097223551965,0.026010097223551965,0.025677588048643233,PASS,2026-06-08T21:24:34Z,D20260608.01
HKTECH,HK,index,2021-01-15,8814.55,8818.39,8640.52,8775.54,8895.21,0.0,0.0,-0.013453308016336707,-0.013453308016336707,-0.013544623688032498,PASS,2026-06-08T21:24:34Z,D20260608.01
HKTECH,HK,index,2021-01-18,8715.32,9122.71,8688.63,9116.24,8775.54,0.0,0.0,0.03882382166795417,0.03882382166795417,0.03808913245337602,PASS,2026-06-08T21:24:34Z,D20260608.01
HKTECH,HK,index,2021-01-19,9228.15,9526.28,9228.15,9374.79,9116.24,0.0,0.0,0.028361473589989084,0.028361473589989084,0.027966733232160288,PASS,2026-06-08T21:24:34Z,D20260608.01
HKTECH,HK,index,2021-01-20,9493.74,9885.22,9474.55,9885.22,9374.79,0.0,0.0,0.05444708628139927,0.05444708628139927,0.05301654071267805,PASS,2026-06-08T21:24:34Z,D20260608.01
HKTECH,HK,index,2021-01-21,9915.87,9981.71,9736.29,9809.84,9885.22,0.0,0.0,-0.007625525784959675,-0.007625525784959675,-0.007654748761874287,PASS,2026-06-08T21:24:34Z,D20260608.01
HKTECH,HK,index,2021-01-22,9811.68,9952.94,9707.08,9765.76,9809.84,0.0,0.0,-0.004493447395676142,-0.004493447395676142,-0.004503573275215457,PASS,2026-06-08T21:24:34Z,D20260608.01
HKTECH,HK,index,2021-01-25,9841.33,10228.7,9841.33,10206.61,9765.76,0.0,0.0,0.04514241595124191,0.04514241595124191,0.044153159337991785,PASS,2026-06-08T21:24:34Z,D20260608.01
HKTECH,HK,index,2021-01-26,10142.51,10279.96,9843.29,9967.45,10206.61,0.0,0.0,-0.023431874050247825,-0.023431874050247825,-0.023710765661364153,PASS,2026-06-08T21:24:34Z,D20260608.01
HKTECH,HK,index,2021-01-27,10055.5,10057.24,9603.17,9807.73,9967.45,0.0,0.0,-0.01602415863636142,-0.01602415863636142,-0.016153933690992536,PASS,2026-06-08T21:24:34Z,D20260608.01
HKTECH,HK,index,2021-01-28,9564.89,9791.85,9339.48,9372.88,9807.73,0.0,0.0,-0.04433747666381527,-0.04433747666381527,-0.045350437315670504,PASS,2026-06-08T21:24:34Z,D20260608.01
HKTECH,HK,index,2021-01-29,9543.2,9709.45,9283.93,9358.11,9372.88,0.0,0.0,-0.0015758230127771444,-0.0015758230127771444,-0.0015770659277752606,PASS,2026-06-08T21:24:34Z,D20260608.01
HKTECH,HK,index,2021-02-01,9438.36,9792.88,9385.43,9765.89,9358.11,0.0,0.0,0.04357503812201391,0.04357503812201391,0.04265235498518665,PASS,2026-06-08T21:24:34Z,D20260608.01
HKTECH,HK,index,2021-02-02,9987.0,10096.4,9951.12,9976.44,9765.89,0.0,0.0,0.021559734955032273,0.021559734955032273,0.021330611250595422,PASS,2026-06-08T21:24:34Z,D20260608.01
HKTECH,HK,index,2021-02-03,10056.56,10137.86,9907.63,10125.72,9976.44,0.0,0.0,0.014963253425069434,0.014963253425069434,0.014852408316288252,PASS,2026-06-08T21:24:34Z,D20260608.01
HKTECH,HK,index,2021-02-04,10034.24,10042.8,9678.4,9897.37,10125.72,0.0,0.0,-0.022551482758756736,-0.022551482758756736,-0.022809656293507004,PASS,2026-06-08T21:24:34Z,D20260608.01
HKTECH,HK,index,2021-02-05,9935.47,9996.24,9770.24,9795.16,9897.37,0.0,0.0,-0.010326985855838577,-0.010326985855838577,-0.010380679154113144,PASS,2026-06-08T21:24:34Z,D20260608.01
HKTECH,HK,index,2021-02-08,9930.31,9947.75,9727.46,9756.81,9795.16,0.0,0.0,-0.003915198934984265,-0.003915198934984265,-0.0039228833903399065,PASS,2026-06-08T21:24:34Z,D20260608.01
HKTECH,HK,index,2021-02-09,9810.07,9970.91,9780.07,9961.71,9756.81,0.0,0.0,0.021000716422683308,0.021000716422683308,0.020783240869533356,PASS,2026-06-08T21:24:34Z,D20260608.01
HKTECH,HK,index,2021-02-10,10100.71,10219.76,10021.7,10214.73,9961.71,0.0,0.0,0.025399253742580452,0.025399253742580452,0.025082052595187847,PASS,2026-06-08T21:24:34Z,D20260608.01
HKTECH,HK,index,2021-02-11,10219.06,10411.2,10094.85,10411.2,10214.73,0.0,0.0,0.01923398856357439,0.01923398856357439,0.0190513535563829,PASS,2026-06-08T21:24:34Z,D20260608.01
HKTECH,HK,index,2021-02-16,10620.97,10785.98,10585.65,10694.68,10411.2,0.0,0.0,0.027228369448286438,0.027228369448286438,0.026864271804549398,PASS,2026-06-08T21:24:34Z,D20260608.01
HKTECH,HK,index,2021-02-17,10658.24,10945.22,10555.63,10945.22,10694.68,0.0,0.0,0.023426600889414173,0.023426600889414173,0.023156409712194435,PASS,2026-06-08T21:24:34Z,D20260608.01
HKTECH,HK,index,2021-02-18,10964.67,11001.78,10565.4,10591.53,10945.22,0.0,0.0,-0.03231456288681256,-0.03231456288681256,-0.032848206176972025,PASS,2026-06-08T21:24:34Z,D20260608.01
HKTECH,HK,index,2021-02-19,10517.13,10560.97,10214.36,10560.97,10591.53,0.0,0.0,-0.002885324405444867,-0.002885324405444867,-0.0028894949781425403,PASS,2026-06-08T21:24:34Z,D20260608.01
HKTECH,HK,index,2021-02-22,10686.39,10686.39,9977.41,9977.41,10560.97,0.0,0.0,-0.05525628801142313,-0.05525628801142313,-0.056841592515808254,PASS,2026-06-08T21:24:34Z,D20260608.01
HKTECH,HK,index,2021-02-23,9786.09,10000.12,9637.21,9863.82,9977.41,0.0,0.0,-0.011384718078138567,-0.011384718078138567,-0.011450020084042879,PASS,2026-06-08T21:24:34Z,D20260608.01
HKTECH,HK,index,2021-02-24,9931.55,9988.84,9201.58,9360.95,9863.82,0.0,0.0,-0.05098126283731852,-0.05098126283731852,-0.05232673645470698,PASS,2026-06-08T21:24:34Z,D20260608.01
HKTECH,HK,index,2021-02-25,9606.37,9665.98,9380.89,9496.79,9360.95,0.0,0.0,0.014511347673046071,0.014511347673046071,0.014407065704710143,PASS,2026-06-08T21:24:34Z,D20260608.01
HKTECH,HK,index,2021-02-26,9052.15,9184.17,8937.09,8954.44,9496.79,0.0,0.0,-0.05710877043716878,-0.05710877043716878,-0.05880434810978256,PASS,2026-06-08T21:24:34Z,D20260608.01
HKTECH,HK,index,2021-03-01,9209.95,9312.06,9130.98,9298.79,8954.44,0.0,0.0,0.03845578282952378,0.03845578282952378,0.03773478550702895,PASS,2026-06-08T21:24:34Z,D20260608.01
HKTECH,HK,index,2021-03-02,9570.95,9629.89,9221.54,9257.99,9298.79,0.0,0.0,-0.004387667642779425,-0.004387667642779425,-0.004397321706014679,PASS,2026-06-08T21:24:34Z,D20260608.01
HKTECH,HK,index,2021-03-03,9282.48,9368.76,9117.0,9366.51,9257.99,0.0,0.0,0.011721766819795754,0.011721766819795754,0.011653599091466606,PASS,2026-06-08T21:24:34Z,D20260608.01
HKTECH,HK,index,2021-03-04,9149.65,9150.36,8807.47,8819.62,9366.51,0.0,0.0,-0.05838780933346566,-0.05838780933346566,-0.060161776362726606,PASS,2026-06-08T21:24:34Z,D20260608.01
HKTECH,HK,index,2021-03-05,8500.51,8774.2,8384.91,8634.22,8819.62,0.0,0.0,-0.021021313843453737,-0.021021313843453737,-0.021245407723811883,PASS,2026-06-08T21:24:34Z,D20260608.01
HKTECH,HK,index,2021-03-08,8736.53,8748.88,8023.24,8081.63,8634.22,0.0,0.0,-0.06399999073454221,-0.06399999073454221,-0.0661397926055517,PASS,2026-06-08T21:24:34Z,D20260608.01
HKTECH,HK,index,2021-03-09,8029.83,8324.1,7706.83,8063.12,8081.63,0.0,0.0,-0.0022903795397710702,-0.0022903795397710702,-0.002293006470868514,PASS,2026-06-08T21:24:34Z,D20260608.01
HKTECH,HK,index,2021-03-10,8526.69,8526.69,8174.61,8216.58,8063.12,0.0,0.0,0.019032334877814083,0.019032334877814083,0.01885348570751636,PASS,2026-06-08T21:24:34Z,D20260608.01
HKTECH,HK,index,2021-03-11,8232.88,8652.11,8219.81,8640.16,8216.58,0.0,0.0,0.05155186221031127,0.05155186221031127,0.050267037065397466,PASS,2026-06-08T21:24:34Z,D20260608.01
HKTECH,HK,index,2021-03-12,8836.77,8894.41,8449.29,8456.43,8640.16,0.0,0.0,-0.021264652506435056,-0.021264652506435056,-0.02149400242155821,PASS,2026-06-08T21:24:34Z,D20260608.01
HKTECH,HK,index,2021-03-15,8549.04,8607.84,8171.97,8264.42,8456.43,0.0,0.0,-0.022705799019207884,-0.022705799019207884,-0.0229675453694792,PASS,2026-06-08T21:24:34Z,D20260608.01
HKTECH,HK,index,2021-03-16,8405.94,8549.58,8405.94,8530.82,8264.42,0.0,0.0,0.03223456697505678,0.03223456697505678,0.03172593481258001,PASS,2026-06-08T21:24:34Z,D20260608.01
HKTECH,HK,index,2021-03-17,8523.48,8643.75,8402.95,8574.04,8530.82,0.0,0.0,0.005066335944258649,0.005066335944258649,0.005053545247429763,PASS,2026-06-08T21:24:34Z,D20260608.01
HKTECH,HK,index,2021-03-18,8689.32,8819.38,8643.42,8676.33,8574.04,0.0,0.0,0.011930198599493291,0.011930198599493291,0.011859594770561954,PASS,2026-06-08T21:24:34Z,D20260608.01
HKTECH,HK,index,2021-03-19,8516.42,8597.79,8387.79,8551.32,8676.33,0.0,0.0,-0.01440816566451486,-0.01440816566451486,-0.01451297120525711,PASS,2026-06-08T21:24:34Z,D20260608.01
HKTECH,HK,index,2021-03-22,8529.34,8646.1,8441.96,8508.85,8551.32,0.0,0.0,-0.004966484706454555,-0.004966484706454555,-0.0049788586787217985,PASS,2026-06-08T21:24:34Z,D20260608.01
HKTECH,HK,index,2021-03-23,8580.99,8584.66,8223.0,8295.42,8508.85,0.0,0.0,-0.025083295627493785,-0.025083295627493785,-0.025403243046575017,PASS,2026-06-08T21:24:34Z,D20260608.01
HKTECH,HK,index,2021-03-24,8283.7,8328.41,7981.65,8040.99,8295.42,0.0,0.0,-0.03067114142502736,-0.03067114142502736,-0.031151345333173618,PASS,2026-06-08T21:24:34Z,D20260608.01
HKTECH,HK,index,2021-03-25,7812.59,7995.82,7642.57,7944.8,8040.99,0.0,0.0,-0.011962457359106282,-0.011962457359106282,-0.012034583331812322,PASS,2026-06-08T21:24:34Z,D20260608.01
HKTECH,HK,index,2021-03-26,7985.26,8206.02,7955.34,8129.63,7944.8,0.0,0.0,0.023264273487060727,0.023264273487060727,0.02299778546197075,PASS,2026-06-08T21:24:34Z,D20260608.01
HKTECH,HK,index,2021-03-29,8110.96,8160.82,7906.57,7981.07,8129.63,0.0,0.0,-0.018273894383877276,-0.018273894383877276,-0.01844292438285123,PASS,2026-06-08T21:24:34Z,D20260608.01
HKTECH,HK,index,2021-03-30,8077.65,8239.15,8045.83,8180.32,7981.07,0.0,0.0,0.024965324198384486,0.024965324198384486,0.024658781967765844,PASS,2026-06-08T21:24:34Z,D20260608.01
HKTECH,HK,index,2021-03-31,8283.46,8343.46,8151.33,8183.8,8180.32,0.0,0.0,0.00042541123085659827,0.00042541123085659827,0.0004253207691536358,PASS,2026-06-08T21:24:34Z,D20260608.01
HKTECH,HK,index,2021-04-01,8336.0,8569.73,8308.08,8569.64,8183.8,0.0,0.0,0.047146802219018014,0.047146802219018014,0.046069134303152126,PASS,2026-06-08T21:24:34Z,D20260608.01
HKTECH,HK,index,2021-04-07,8650.5,8669.17,8421.21,8451.85,8569.64,0.0,0.0,-0.013745034797260969,-0.013745034797260969,-0.013840372408627857,PASS,2026-06-08T21:24:34Z,D20260608.01
HKTECH,HK,index,2021-04-08,8375.56,8524.03,8338.03,8458.11,8451.85,0.0,0.0,0.0007406662446682866,0.0007406662446682866,0.0007403920867899296,PASS,2026-06-08T21:24:34Z,D20260608.01
HKTECH,HK,index,2021-04-09,8503.03,8503.03,8246.54,8305.93,8458.11,0.0,0.0,-0.017992199202895187,-0.017992199202895187,-0.018156026873983742,PASS,2026-06-08T21:24:34Z,D20260608.01
HKTECH,HK,index,2021-04-12,8365.23,8374.97,8137.17,8169.5,8305.93,0.0,0.0,-0.016425613989041632,-0.016425613989041632,-0.01656201004163998,PASS,2026-06-08T21:24:34Z,D20260608.01
HKTECH,HK,index,2021-04-13,8175.37,8233.38,8018.65,8038.81,8169.5,0.0,0.0,-0.01599730705673541,-0.01599730705673541,-0.01612664520266852,PASS,2026-06-08T21:24:34Z,D20260608.01
HKTECH,HK,index,2021-04-14,8191.8,8293.81,8176.63,8225.67,8038.81,0.0,0.0,0.023244733984258747,0.023244733984258747,0.022978690014326748,PASS,2026-06-08T21:24:34Z,D20260608.01
HKTECH,HK,index,2021-04-15,8212.39,8212.39,8023.97,8142.92,8225.67,0.0,0.0,-0.010059970798731332,-0.010059970798731332,-0.0101109142527107,PASS,2026-06-08T21:24:34Z,D20260608.01
HKTECH,HK,index,2021-04-16,8135.42,8250.13,8117.83,8232.13,8142.92,0.0,0.0,0.010955529466088132,0.010955529466088132,0.010895952390464798,PASS,2026-06-08T21:24:34Z,D20260608.01
HKTECH,HK,index,2021-04-19,8206.45,8406.12,8145.27,8346.39,8232.13,0.0,0.0,0.013879761374030908,0.013879761374030908,0.013784319611405376,PASS,2026-06-08T21:24:34Z,D20260608.01
HKTECH,HK,index,2021-04-20,8272.34,8354.44,8249.22,8311.69,8346.39,0.0,0.0,-0.004157486050855419,-0.004157486050855419,-0.004166152424545913,PASS,2026-06-08T21:24:34Z,D20260608.01
HKTECH,HK,index,2021-04-21,8161.73,8222.84,8113.46,8185.0,8311.69,0.0,0.0,-0.015242387528890067,-0.015242387528890067,-0.01535974680191487,PASS,2026-06-08T21:24:34Z,D20260608.01
HKTECH,HK,index,2021-04-22,8263.03,8314.54,8200.21,8279.74,8185.0,0.0,0.0,0.011574832009773939,0.011574832009773939,0.011508356114865826,PASS,2026-06-08T21:24:34Z,D20260608.01
HKTECH,HK,index,2021-04-23,8312.99,8506.39,8299.72,8467.75,8279.74,0.0,0.0,0.022707234768241547,0.022707234768241547,0.022453262989066997,PASS,2026-06-08T21:24:34Z,D20260608.01
HKTECH,HK,index,2021-04-26,8527.83,8612.36,8461.7,8485.24,8467.75,0.0,0.0,0.0020654837471583143,0.0020654837471583143,0.0020633535683322658,PASS,2026-06-08T21:24:34Z,D20260608.01
HKTECH,HK,index,2021-04-27,8486.64,8571.05,8418.32,8516.45,8485.24,0.0,0.0,0.003678151708142785,0.003678151708142785,0.0036714038495187793,PASS,2026-06-08T21:24:34Z,D20260608.01
HKTECH,HK,index,2021-04-28,8531.36,8565.31,8487.53,8532.76,8516.45,0.0,0.0,0.0019151172143321293,0.0019151172143321293,0.0019132857153438358,PASS,2026-06-08T21:24:34Z,D20260608.01
HKTECH,HK,index,2021-04-29,8585.77,8599.89,8468.4,8500.13,8532.76,0.0,0.0,-0.0038240850557148542,-0.0038240850557148542,-0.0038314155632620875,PASS,2026-06-08T21:24:34Z,D20260608.01
HKTECH,HK,index,2021-04-30,8435.37,8440.3,8300.33,8313.18,8500.13,0.0,0.0,-0.02199378127158047,-0.02199378127158047,-0.022239250349519762,PASS,2026-06-08T21:24:34Z,D20260608.01
HKTECH,HK,index,2021-05-03,8314.65,8323.99,8188.44,8227.89,8313.18,0.0,0.0,-0.010259611845286787,-0.010259611845286787,-0.01031260443005645,PASS,2026-06-08T21:24:34Z,D20260608.01
HKTECH,HK,index,2021-05-04,8231.32,8295.95,8187.8,8284.12,8227.89,0.0,0.0,0.006834072891105825,0.006834072891105825,0.006810826466706001,PASS,2026-06-08T21:24:34Z,D20260608.01
HKTECH,HK,index,2021-05-05,8180.23,8240.29,8096.39,8107.9,8284.12,0.0,0.0,-0.02127202406532025,-0.02127202406532025,-0.021501534168178443,PASS,2026-06-08T21:24:34Z,D20260608.01
HKTECH,HK,index,2021-05-06,8164.63,8232.76,8065.8,8136.87,8107.9,0.0,0.0,0.0035730583751649725,0.0035730583751649725,0.003566690166900569,PASS,2026-06-08T21:24:34Z,D20260608.01
HKTECH,HK,index,2021-05-07,8158.71,8158.71,7934.46,7954.82,8136.87,0.0,0.0,-0.02237346793054329,-0.02237346793054329,-0.022627550927507723,PASS,2026-06-08T21:24:34Z,D20260608.01
HKTECH,HK,index,2021-05-10,7987.35,8045.17,7841.34,7886.02,7954.82,0.0,0.0,-0.008648844348457807,-0.008648844348457807,-0.008686462663093756,PASS,2026-06-08T21:24:34Z,D20260608.01
HKTECH,HK,index,2021-05-11,7673.06,7673.06,7533.21,7649.68,7886.02,0.0,0.0,-0.029969490313237923,-0.029969490313237923,-0.030427754694031025,PASS,2026-06-08T21:24:34Z,D20260608.01
HKTECH,HK,index,2021-05-12,7755.31,7868.98,7723.66,7861.18,7649.68,0.0,0.0,0.02764821535018469,0.02764821535018469,0.02727290550143065,PASS,2026-06-08T21:24:34Z,D20260608.01
HKTECH,HK,index,2021-05-13,7699.22,7738.78,7597.26,7599.62,7861.18,0.0,0.0,-0.03327235860265254,-0.03327235860265254,-0.033838476357370244,PASS,2026-06-08T21:24:34Z,D20260608.01
HKTECH,HK,index,2021-05-14,7548.11,7590.53,7433.44,7565.31,7599.62,0.0,0.0,-0.004514699419181367,-0.004514699419181367,-0.004524921452478998,PASS,2026-06-08T21:24:34Z,D20260608.01
HKTECH,HK,index,2021-05-17,7628.91,7738.08,7602.06,7699.96,7565.31,0.0,0.0,0.017798345342094235,0.017798345342094235,0.017641809451185566,PASS,2026-06-08T21:24:34Z,D20260608.01
HKTECH,HK,index,2021-05-18,7764.25,7825.64,7741.87,7817.69,7699.96,0.0,0.0,0.015289689816570418,0.015289689816570418,0.015173980458715788,PASS,2026-06-08T21:24:34Z,D20260608.01
HKTECH,HK,index,2021-05-20,7810.78,7939.08,7795.83,7915.72,7817.69,0.0,0.0,0.012539509752881095,0.012539509752881095,0.012461541215373738,PASS,2026-06-08T21:24:34Z,D20260608.01
HKTECH,HK,index,2021-05-21,8016.44,8048.64,7945.27,8025.31,7915.72,0.0,0.0,0.01384460289146161,0.01384460289146161,0.013749641838437396,PASS,2026-06-08T21:24:34Z,D20260608.01
HKTECH,HK,index,2021-05-24,7961.23,7998.24,7800.37,7876.61,8025.31,0.0,0.0,-0.018528879258246866,-0.018528879258246866,-0.01870268929325349,PASS,2026-06-08T21:24:34Z,D20260608.01
HKTECH,HK,index,2021-05-25,7884.97,8024.63,7846.99,8004.37,7876.61,0.0,0.0,0.016220175938633563,0.016220175938633563,0.01609003427939041,PASS,2026-06-08T21:24:34Z,D20260608.01
HKTECH,HK,index,2021-05-26,8044.39,8092.55,7993.66,8072.46,8004.37,0.0,0.0,0.008506603267964818,0.008506603267964818,0.008470626003946059,PASS,2026-06-08T21:24:34Z,D20260608.01
HKTECH,HK,index,2021-05-27,8082.33,8132.89,8033.36,8123.88,8072.46,0.0,0.0,0.006369805486803326,0.006369805486803326,0.006349604016740603,PASS,2026-06-08T21:24:34Z,D20260608.01
HKTECH,HK,index,2021-05-28,8135.72,8136.36,7942.25,7957.63,8123.88,0.0,0.0,-0.02046435939477198,-0.02046435939477198,-0.02067665573044126,PASS,2026-06-08T21:24:34Z,D20260608.01
HKTECH,HK,index,2021-05-31,8036.81,8105.52,7991.08,8104.35,7957.63,0.0,0.0,0.01843765040596268,0.01843765040596268,0.01826973773278905,PASS,2026-06-08T21:24:34Z,D20260608.01
HKTECH,HK,index,2021-06-01,8141.8,8311.71,8132.19,8305.74,8104.35,0.0,0.0,0.02484961779784922,0.02484961779784922,0.024545887483207667,PASS,2026-06-08T21:24:34Z,D20260608.01
HKTECH,HK,index,2021-06-02,8338.03,8338.03,8201.54,8235.1,8305.74,0.0,0.0,-0.008504961628945651,-0.008504961628945651,-0.008541335199149819,PASS,2026-06-08T21:24:34Z,D20260608.01
HKTECH,HK,index,2021-06-03,8227.63,8316.21,8140.48,8164.34,8235.1,0.0,0.0,-0.008592488251508823,-0.008592488251508823,-0.008629616514451714,PASS,2026-06-08T21:24:34Z,D20260608.01
HKTECH,HK,index,2021-06-04,8080.0,8195.37,8059.76,8095.64,8164.34,0.0,0.0,-0.008414642212352774,-0.008414642212352774,-0.008450245178966795,PASS,2026-06-08T21:24:34Z,D20260608.01
HKTECH,HK,index,2021-06-07,8106.01,8120.51,7988.96,8042.73,8095.64,0.0,0.0,-0.006535616702323832,-0.006535616702323832,-0.006557067358422123,PASS,2026-06-08T21:24:34Z,D20260608.01
HKTECH,HK,index,2021-06-08,8079.96,8100.21,7935.76,7981.01,8042.73,0.0,0.0,-0.007674011187743357,-0.007674011187743357,-0.0077036079259613175,PASS,2026-06-08T21:24:34Z,D20260608.01
HKTECH,HK,index,2021-06-09,7970.55,8009.22,7926.25,7972.09,7981.01,0.0,0.0,-0.0011176530288773412,-0.0011176530288773412,-0.0011182780687857203,PASS,2026-06-08T21:24:34Z,D20260608.01
HKTECH,HK,index,2021-06-10,7991.27,8048.2,7933.71,7969.17,7972.09,0.0,0.0,-0.00036627785185572304,-0.00036627785185572304,-0.00036634494797248426,PASS,2026-06-08T21:24:34Z,D20260608.01
HKTECH,HK,index,2021-06-11,8017.11,8065.26,7958.83,7991.12,7969.17,0.0,0.0,0.002754364632703288,0.002754364632703288,0.0027505783214327555,PASS,2026-06-08T21:24:34Z,D20260608.01
HKTECH,HK,index,2021-06-15,8036.32,8038.7,7850.64,7961.02,7991.12,0.0,0.0,-0.0037666810159275865,-0.0037666810159275865,-0.0037737928230884036,PASS,2026-06-08T21:24:34Z,D20260608.01
HKTECH,HK,index,2021-06-16,7922.42,7931.53,7816.77,7830.67,7961.02,0.0,0.0,-0.016373530025047045,-0.016373530025047045,-0.01650905768159167,PASS,2026-06-08T21:24:34Z,D20260608.01
HKTECH,HK,index,2021-06-17,7776.48,7901.52,7747.45,7901.52,7830.67,0.0,0.0,0.00904775708847394,0.00904775708847394,0.009007071359887795,PASS,2026-06-08T21:24:34Z,D20260608.01
HKTECH,HK,index,2021-06-18,7991.03,8075.46,7973.41,8041.45,7901.52,0.0,0.0,0.017709250878311877,0.017709250878311877,0.017554269160002484,PASS,2026-06-08T21:24:34Z,D20260608.01
HKTECH,HK,index,2021-06-21,7955.06,7992.79,7885.41,7955.95,8041.45,0.0,0.0,-0.010632410821431404,-0.010632410821431404,-0.010689338781919537,PASS,2026-06-08T21:24:34Z,D20260608.01
HKTECH,HK,index,2021-06-22,7961.52,7961.52,7808.26,7812.23,7955.95,0.0,0.0,-0.0180644674740289,-0.0180644674740289,-0.01822962194156041,PASS,2026-06-08T21:24:34Z,D20260608.01
HKTECH,HK,index,2021-06-23,7868.36,8030.9,7836.94,8020.23,7812.23,0.0,0.0,0.026624920157240606,0.026624920157240606,0.02627664530613847,PASS,2026-06-08T21:24:34Z,D20260608.01
HKTECH,HK,index,2021-06-24,8045.78,8080.01,8004.0,8039.76,8020.23,0.0,0.0,0.0024350922604465808,0.0024350922604465808,0.0024321322276163126,PASS,2026-06-08T21:24:34Z,D20260608.01
HKTECH,HK,index,2021-06-25,8105.22,8243.81,8095.3,8235.63,8039.76,0.0,0.0,0.02436266754231453,0.02436266754231453,0.02407063143659519,PASS,2026-06-08T21:24:34Z,D20260608.01
HKTECH,HK,index,2021-06-28,8284.5,8316.61,8231.2,8276.63,8235.63,0.0,0.0,0.004978368382261067,0.004978368382261067,0.004966017281644328,PASS,2026-06-08T21:24:34Z,D20260608.01
HKTECH,HK,index,2021-06-29,8299.52,8330.92,8168.09,8201.05,8276.63,0.0,0.0,-0.009131735984331812,-0.009131735984331812,-0.009173685864153645,PASS,2026-06-08T21:24:34Z,D20260608.01
HKTECH,HK,index,2021-06-30,8249.78,8260.28,8145.77,8155.37,8201.05,0.0,0.0,-0.0055700184732442315,-0.0055700184732442315,-0.005585588871327762,PASS,2026-06-08T21:24:34Z,D20260608.01
HKTECH,HK,index,2021-07-02,8137.63,8137.63,7856.77,7892.4,8155.37,0.0,0.0,-0.03224501156906434,-0.03224501156906434,-0.032776334868653556,PASS,2026-06-08T21:24:34Z,D20260608.01
HKTECH,HK,index,2021-07-05,7832.43,7842.1,7665.73,7712.19,7892.4,0.0,0.0,-0.02283335867416758,-0.02283335867416758,-0.02309807717894771,PASS,2026-06-08T21:24:34Z,D20260608.01
HKTECH,HK,index,2021-07-06,7700.96,7709.41,7570.7,7646.94,7712.19,0.0,0.0,-0.008460631804973695,-0.008460631804973695,-0.008496626117116185,PASS,2026-06-08T21:24:34Z,D20260608.01
HKTECH,HK,index,2021-07-07,7555.25,7608.42,7499.8,7603.77,7646.94,0.0,0.0,-0.005645395413067078,-0.005645395413067078,-0.005661390886674466,PASS,2026-06-08T21:24:34Z,D20260608.01
HKTECH,HK,index,2021-07-08,7548.54,7559.8,7301.85,7321.98,7603.77,0.0,0.0,-0.037059248241333,-0.037059248241333,-0.0377633937302436,PASS,2026-06-08T21:24:34Z,D20260608.01
HKTECH,HK,index,2021-07-09,7295.5,7450.48,7152.11,7429.49,7321.98,0.0,0.0,0.014683186788273073,0.014683186788273073,0.014576432527574554,PASS,2026-06-08T21:24:34Z,D20260608.01
HKTECH,HK,index,2021-07-12,7520.26,7555.22,7410.21,7514.15,7429.49,0.0,0.0,0.011395129409959459,0.011395129409959459,0.011330693960988823,PASS,2026-06-08T21:24:34Z,D20260608.01
HKTECH,HK,index,2021-07-13,7554.72,7721.17,7524.66,7659.59,7514.15,0.0,0.0,0.019355482656055578,0.019355482656055578,0.019170547827068844,PASS,2026-06-08T21:24:34Z,D20260608.01
HKTECH,HK,index,2021-07-14,7677.74,7706.21,7642.65,7667.56,7659.59,0.0,0.0,0.001040525667822978,0.001040525667822978,0.0010399846962209824,PASS,2026-06-08T21:24:34Z,D20260608.01
HKTECH,HK,index,2021-07-15,7670.52,7705.1,7634.88,7661.25,7667.56,0.0,0.0,-0.0008229475869768743,-0.0008229475869768743,-0.0008232863942354935,PASS,2026-06-08T21:24:34Z,D20260608.01
HKTECH,HK,index,2021-07-16,7639.31,7675.81,7583.68,7614.35,7661.25,0.0,0.0,-0.00612171643008641,-0.00612171643008641,-0.006140530960223417,PASS,2026-06-08T21:24:34Z,D20260608.01
HKTECH,HK,index,2021-07-19,7509.75,7511.47,7408.19,7431.99,7614.35,0.0,0.0,-0.02394951637368925,-0.02394951637368925,-0.02424096887977991,PASS,2026-06-08T21:24:34Z,D20260608.01
HKTECH,HK,index,2021-07-20,7403.79,7465.83,7274.06,7337.55,7431.99,0.0,0.0,-0.012707229153968158,-0.012707229153968158,-0.012788656536752499,PASS,2026-06-08T21:24:34Z,D20260608.01
HKTECH,HK,index,2021-07-21,7380.33,7404.26,7277.52,7327.7,7337.55,0.0,0.0,-0.0013424099324707006,-0.0013424099324707006,-0.001343311771866559,PASS,2026-06-08T21:24:34Z,D20260608.01
HKTECH,HK,index,2021-07-22,7417.24,7490.13,7405.44,7490.13,7327.7,0.0,0.0,0.02216657341321282,0.02216657341321282,0.021924466184624448,PASS,2026-06-08T21:24:34Z,D20260608.01
HKTECH,HK,index,2021-07-23,7495.42,7495.42,7233.42,7268.14,7490.13,0.0,0.0,-0.02963766984017635,-0.02963766984017635,-0.03008574098476345,PASS,2026-06-08T21:24:34Z,D20260608.01
HKTECH,HK,index,2021-07-26,7038.32,7038.32,6752.62,6790.96,7268.14,0.0,0.0,-0.06565366104670523,-0.06565366104670523,-0.06790809690346211,PASS,2026-06-08T21:24:34Z,D20260608.01
HKTECH,HK,index,2021-07-27,6667.97,6773.97,6118.1,6249.65,6790.96,0.0,0.0,-0.0797103796812233,-0.0797103796812233,-0.08306685378532953,PASS,2026-06-08T21:24:34Z,D20260608.01
HKTECH,HK,index,2021-07-28,6397.65,6493.05,6204.56,6443.31,6249.65,0.0,0.0,0.030987335290776352,0.030987335290776352,0.030516921051301684,PASS,2026-06-08T21:24:34Z,D20260608.01
HKTECH,HK,index,2021-07-29,6827.16,6958.77,6736.9,6958.77,6443.31,0.0,0.0,0.07999925504127536,0.07999925504127536,0.07696035135929355,PASS,2026-06-08T21:24:34Z,D20260608.01
HKTECH,HK,index,2021-07-30,6824.84,6824.84,6614.99,6780.97,6958.77,0.0,0.0,-0.025550492400237435,-0.025550492400237435,-0.02588257502516327,PASS,2026-06-08T21:24:34Z,D20260608.01
HKTECH,HK,index,2021-08-02,6791.01,6821.6,6672.2,6796.25,6780.97,0.0,0.0,0.0022533649315656934,0.0022533649315656934,0.0022508299123096998,PASS,2026-06-08T21:24:34Z,D20260608.01
HKTECH,HK,index,2021-08-03,6838.76,6838.76,6557.67,6696.66,6796.25,0.0,0.0,-0.014653669302924444,-0.014653669302924444,-0.014762094839914863,PASS,2026-06-08T21:24:34Z,D20260608.01
HKTECH,HK,index,2021-08-04,6645.89,6932.31,6610.04,6859.4,6696.66,0.0,0.0,0.02430166680106205,0.02430166680106205,0.0240110797177041,PASS,2026-06-08T21:24:34Z,D20260608.01
HKTECH,HK,index,2021-08-05,6835.52,6914.53,6680.42,6715.33,6859.4,0.0,0.0,-0.021003294748811796,-0.021003294748811796,-0.021227001879977968,PASS,2026-06-08T21:24:34Z,D20260608.01
HKTECH,HK,index,2021-08-06,6755.31,6755.31,6644.74,6697.1,6715.33,0.0,0.0,-0.0027146841629525076,-0.0027146841629525076,-0.0027183756002425634,PASS,2026-06-08T21:24:34Z,D20260608.01
HKTECH,HK,index,2021-08-09,6609.65,6749.9,6558.23,6664.91,6697.1,0.0,0.0,-0.00480655806244501,-0.00480655806244501,-0.004818146711905449,PASS,2026-06-08T21:24:34Z,D20260608.01
HKTECH,HK,index,2021-08-10,6773.14,6837.15,6682.62,6830.15,6664.91,0.0,0.0,0.024792532832401237,0.024792532832401237,0.024490185110532327,PASS,2026-06-08T21:24:34Z,D20260608.01
HKTECH,HK,index,2021-08-11,6798.28,6884.37,6764.44,6820.68,6830.15,0.0,0.0,-0.001386499564431154,-0.001386499564431154,-0.0013874616443373103,PASS,2026-06-08T21:24:34Z,D20260608.01
HKTECH,HK,index,2021-08-12,6804.51,6825.77,6680.94,6719.19,6820.68,0.0,0.0,-0.014879748060310782,-0.014879748060310782,-0.014991562074092296,PASS,2026-06-08T21:24:34Z,D20260608.01
HKTECH,HK,index,2021-08-13,6634.41,6669.37,6531.95,6589.54,6719.19,0.0,0.0,-0.01929548055643604,-0.01929548055643604,-0.01948406820907878,PASS,2026-06-08T21:24:34Z,D20260608.01
HKTECH,HK,index,2021-08-16,6562.4,6562.4,6389.74,6420.14,6589.54,0.0,0.0,-0.025707409014893212,-0.025707409014893212,-0.026043619028994113,PASS,2026-06-08T21:24:34Z,D20260608.01
HKTECH,HK,index,2021-08-17,6367.53,6393.18,6180.97,6218.89,6420.14,0.0,0.0,-0.031346668452712834,-0.031346668452712834,-0.03184849008351037,PASS,2026-06-08T21:24:34Z,D20260608.01
HKTECH,HK,index,2021-08-18,6242.54,6298.71,6193.32,6226.69,6218.89,0.0,0.0,0.001254243120556664,0.001254243120556664,0.0012534572147299443,PASS,2026-06-08T21:24:34Z,D20260608.01
HKTECH,HK,index,2021-08-19,6209.67,6259.03,6012.44,6044.03,6226.69,0.0,0.0,-0.029335007845259664,-0.029335007845259664,-0.029773883450466887,PASS,2026-06-08T21:24:34Z,D20260608.01
HKTECH,HK,index,2021-08-20,6020.96,6021.9,5769.65,5895.06,6044.03,0.0,0.0,-0.02464746204105528,-0.02464746204105528,-0.024956295943853214,PASS,2026-06-08T21:24:34Z,D20260608.01
HKTECH,HK,index,2021-08-23,6010.78,6158.63,5990.78,6021.27,5895.06,0.0,0.0,0.021409451303294524,0.021409451303294524,0.021183488471632646,PASS,2026-06-08T21:24:34Z,D20260608.01
HKTECH,HK,index,2021-08-24,6171.4,6446.18,6171.01,6446.18,6021.27,0.0,0.0,0.07056816917361286,0.07056816917361286,0.06818950677128749,PASS,2026-06-08T21:24:34Z,D20260608.01
HKTECH,HK,index,2021-08-25,6609.64,6671.2,6410.07,6458.97,6446.18,0.0,0.0,0.0019841208281494715,0.0019841208281494715,0.0019821550602037324,PASS,2026-06-08T21:24:34Z,D20260608.01
HKTECH,HK,index,2021-08-26,6492.16,6492.16,6268.7,6337.03,6458.97,0.0,0.0,-0.01887917113719373,-0.01887917113719373,-0.01905965792622597,PASS,2026-06-08T21:24:34Z,D20260608.01
HKTECH,HK,index,2021-08-27,6336.68,6460.35,6282.02,6322.28,6337.03,0.0,0.0,-0.0023275887915947813,-0.0023275887915947813,-0.002330301837106635,PASS,2026-06-08T21:24:34Z,D20260608.01
HKTECH,HK,index,2021-08-30,6327.87,6416.95,6287.59,6391.17,6322.28,0.0,0.0,0.01089638548118721,0.01089638548118721,0.010837447626114305,PASS,2026-06-08T21:24:34Z,D20260608.01
HKTECH,HK,index,2021-08-31,6401.96,6607.78,6297.45,6607.78,6391.17,0.0,0.0,0.03389207296942498,0.03389207296942498,0.033330392465753714,PASS,2026-06-08T21:24:34Z,D20260608.01
HKTECH,HK,index,2021-09-01,6633.47,6759.26,6584.32,6693.66,6607.78,0.0,0.0,0.012996800740944892,0.012996800740944892,0.012913067059135594,PASS,2026-06-08T21:24:34Z,D20260608.01
HKTECH,HK,index,2021-09-02,6824.57,6907.8,6747.02,6801.47,6693.66,0.0,0.0,0.01610628564940564,0.01610628564940564,0.01597795554450236,PASS,2026-06-08T21:24:34Z,D20260608.01
HKTECH,HK,index,2021-09-03,6778.13,6778.13,6669.79,6728.84,6801.47,0.0,0.0,-0.010678573896525378,-0.010678573896525378,-0.01073599904509967,PASS,2026-06-08T21:24:34Z,D20260608.01
HKTECH,HK,index,2021-09-06,6687.53,6780.16,6669.47,6778.49,6728.84,0.0,0.0,0.0073786863709048855,0.0073786863709048855,0.007351597038798402,PASS,2026-06-08T21:24:34Z,D20260608.01
HKTECH,HK,index,2021-09-07,6814.06,6933.33,6812.59,6887.94,6778.49,0.0,0.0,0.016146663932527616,0.016146663932527616,0.01601769300251476,PASS,2026-06-08T21:24:34Z,D20260608.01
HKTECH,HK,index,2021-09-08,6930.72,6958.01,6807.11,6871.28,6887.94,0.0,0.0,-0.002418720255983664,-0.002418720255983664,-0.0024216500850667753,PASS,2026-06-08T21:24:34Z,D20260608.01
HKTECH,HK,index,2021-09-09,6732.15,6740.81,6545.34,6560.39,6871.28,0.0,0.0,-0.04524484521079031,-0.04524484521079031,-0.046300353792673665,PASS,2026-06-08T21:24:34Z,D20260608.01
HKTECH,HK,index,2021-09-10,6618.74,6749.6,6618.74,6748.36,6560.39,0.0,0.0,0.02865226000283516,0.02865226000283516,0.02824945999283696,PASS,2026-06-08T21:24:34Z,D20260608.01
HKTECH,HK,index,2021-09-13,6648.44,6648.44,6498.6,6595.03,6748.36,0.0,0.0,-0.022721075935486557,-0.022721075935486557,-0.022983177341579123,PASS,2026-06-08T21:24:34Z,D20260608.01
HKTECH,HK,index,2021-09-14,6621.27,6631.16,6457.14,6502.35,6595.03,0.0,0.0,-0.0140530065822293,-0.0140530065822293,-0.014152685035765722,PASS,2026-06-08T21:24:34Z,D20260608.01
HKTECH,HK,index,2021-09-15,6425.22,6433.48,6282.82,6298.09,6502.35,0.0,0.0,-0.03141325828354369,-0.03141325828354369,-0.031917237196246784,PASS,2026-06-08T21:24:34Z,D20260608.01
HKTECH,HK,index,2021-09-16,6303.82,6342.91,6161.18,6232.93,6298.09,0.0,0.0,-0.010345993785417451,-0.010345993785417451,-0.01039988561103911,PASS,2026-06-08T21:24:34Z,D20260608.01
HKTECH,HK,index,2021-09-17,6240.24,6462.64,6214.06,6452.19,6232.93,0.0,0.0,0.0351776772721657,0.0351776772721657,0.0345730808459153,PASS,2026-06-08T21:24:34Z,D20260608.01
HKTECH,HK,index,2021-09-20,6379.63,6379.63,6156.93,6271.37,6452.19,0.0,0.0,-0.02802459320013817,-0.02802459320013817,-0.02842477648802271,PASS,2026-06-08T21:24:34Z,D20260608.01
HKTECH,HK,index,2021-09-21,6147.52,6272.61,6124.65,6242.61,6271.37,0.0,0.0,-0.004585919822941431,-0.004585919822941431,-0.0045964674125398555,PASS,2026-06-08T21:24:34Z,D20260608.01
HKTECH,HK,index,2021-09-23,6369.07,6440.99,6247.32,6300.49,6242.61,0.0,0.0,0.009271762932491434,0.009271762932491434,0.009229043988815184,PASS,2026-06-08T21:24:34Z,D20260608.01
HKTECH,HK,index,2021-09-24,6289.86,6317.54,6129.89,6159.96,6300.49,0.0,0.0,-0.022304614403006684,-0.022304614403006684,-0.022557124132878185,PASS,2026-06-08T21:24:34Z,D20260608.01
HKTECH,HK,index,2021-09-27,6148.61,6236.89,6078.66,6103.89,6159.96,0.0,0.0,-0.00910233183332354,-0.00910233183332354,-0.009144011167931523,PASS,2026-06-08T21:24:34Z,D20260608.01
HKTECH,HK,index,2021-09-28,6150.98,6272.47,6129.13,6231.55,6103.89,0.0,0.0,0.020914531552829407,0.020914531552829407,0.020698825152484838,PASS,2026-06-08T21:24:34Z,D20260608.01
HKTECH,HK,index,2021-09-29,6111.29,6179.43,6016.25,6179.43,6231.55,0.0,0.0,-0.00836389020388184,-0.00836389020388184,-0.00839906379624019,PASS,2026-06-08T21:24:34Z,D20260608.01
HKTECH,HK,index,2021-09-30,6057.5,6146.34,6035.75,6101.52,6179.43,0.0,0.0,-0.01260795898650846,-0.01260795898650846,-0.012688113739292238,PASS,2026-06-08T21:24:34Z,D20260608.01
HKTECH,HK,index,2021-10-04,6054.19,6071.09,5936.81,5973.8,6101.52,0.0,0.0,-0.020932488953572248,-0.020932488953572248,-0.021154679639797006,PASS,2026-06-08T21:24:34Z,D20260608.01
HKTECH,HK,index,2021-10-05,5852.97,5970.05,5824.6,5955.22,5973.8,0.0,0.0,-0.0031102480832970736,-0.0031102480832970736,-0.0031150949574634498,PASS,2026-06-08T21:24:34Z,D20260608.01
HKTECH,HK,index,2021-10-06,5998.92,6009.03,5855.22,5866.15,5955.22,0.0,0.0,-0.014956626287526031,-0.014956626287526031,-0.015069604553664337,PASS,2026-06-08T21:24:34Z,D20260608.01
HKTECH,HK,index,2021-10-07,5987.7,6189.27,5975.23,6172.04,5866.15,0.0,0.0,0.052144933218550626,0.052144933218550626,0.050830874045365376,PASS,2026-06-08T21:24:34Z,D20260608.01
HKTECH,HK,index,2021-10-08,6301.87,6301.87,6134.75,6206.77,6172.04,0.0,0.0,0.005626988807590383,0.005626988807590383,0.005611216445677808,PASS,2026-06-08T21:24:34Z,D20260608.01
HKTECH,HK,index,2021-10-11,6303.67,6448.16,6303.67,6403.69,6206.77,0.0,0.0,0.031726646871077735,0.031726646871077735,0.03123375491033678,PASS,2026-06-08T21:24:34Z,D20260608.01
HKTECH,HK,index,2021-10-12,6270.39,6317.78,6179.36,6199.75,6403.69,0.0,0.0,-0.031847263062390496,-0.031847263062390496,-0.032365418059904456,PASS,2026-06-08T21:24:34Z,D20260608.01
HKTECH,HK,index,2021-10-15,6282.22,6318.91,6223.04,6318.91,6199.75,0.0,0.0,0.019220129843945388,0.019220129843945388,0.019037756272535237,PASS,2026-06-08T21:24:34Z,D20260608.01
HKTECH,HK,index,2021-10-18,6346.49,6346.49,6206.04,6324.27,6318.91,0.0,0.0,0.0008482475616840013,0.0008482475616840013,0.0008478880030365142,PASS,2026-06-08T21:24:34Z,D20260608.01
HKTECH,HK,index,2021-10-19,6349.32,6521.01,6334.29,6518.59,6324.27,0.0,0.0,0.030726075894925264,0.030726075894925264,0.030263481949793142,PASS,2026-06-08T21:24:34Z,D20260608.01
HKTECH,HK,index,2021-10-20,6612.97,6735.2,6612.94,6691.33,6518.59,0.0,0.0,0.0264995957714782,0.0264995957714782,0.026154563683766563,PASS,2026-06-08T21:24:34Z,D20260608.01
HKTECH,HK,index,2021-10-21,6704.99,6713.93,6555.14,6636.18,6691.33,0.0,0.0,-0.008242008688855496,-0.008242008688855496,-0.008276161832266695,PASS,2026-06-08T21:24:34Z,D20260608.01
HKTECH,HK,index,2021-10-22,6673.86,6784.89,6666.01,6754.34,6636.18,0.0,0.0,0.017805424204888842,0.017805424204888842,0.017648764500985077,PASS,2026-06-08T21:24:34Z,D20260608.01
HKTECH,HK,index,2021-10-25,6722.5,6794.8,6685.84,6744.74,6754.34,0.0,0.0,-0.001421308373579122,-0.001421308373579122,-0.0014223193904168746,PASS,2026-06-08T21:24:34Z,D20260608.01
HKTECH,HK,index,2021-10-26,6749.35,6770.79,6616.45,6654.19,6744.74,0.0,0.0,-0.013425276585902535,-0.013425276585902535,-0.013516210403155746,PASS,2026-06-08T21:24:34Z,D20260608.01
HKTECH,HK,index,2021-10-27,6532.77,6532.77,6395.62,6441.62,6654.19,0.0,0.0,-0.03194528560200416,-0.03194528560200416,-0.032466670164506974,PASS,2026-06-08T21:24:34Z,D20260608.01
HKTECH,HK,index,2021-10-28,6484.06,6540.83,6409.0,6445.17,6441.62,0.0,0.0,0.0005511036043728268,0.0005511036043728268,0.0005509518025512438,PASS,2026-06-08T21:24:34Z,D20260608.01
HKTECH,HK,index,2021-10-29,6424.23,6442.69,6362.01,6375.85,6445.17,0.0,0.0,-0.010755340821110959,-0.010755340821110959,-0.010813597590020799,PASS,2026-06-08T21:24:34Z,D20260608.01
HKTECH,HK,index,2021-11-01,6339.81,6339.81,6236.14,6279.39,6375.85,0.0,0.0,-0.015128963197063916,-0.015128963197063916,-0.015244573485367778,PASS,2026-06-08T21:24:34Z,D20260608.01
HKTECH,HK,index,2021-11-02,6463.03,6532.05,6287.79,6314.31,6279.39,0.0,0.0,0.0055610497197975395,0.0055610497197975395,0.005545644170432226,PASS,2026-06-08T21:24:34Z,D20260608.01
HKTECH,HK,index,2021-11-03,6309.58,6343.64,6189.94,6273.44,6314.31,0.0,0.0,-0.006472599539775636,-0.006472599539775636,-0.0064936376421198825,PASS,2026-06-08T21:24:34Z,D20260608.01
HKTECH,HK,index,2021-11-04,6322.65,6383.19,6313.69,6375.32,6273.44,0.0,0.0,0.016239893901910385,0.016239893901910385,0.01610943733047125,PASS,2026-06-08T21:24:34Z,D20260608.01
HKTECH,HK,index,2021-11-05,6295.68,6353.68,6244.66,6276.52,6375.32,0.0,0.0,-0.015497261313941801,-0.015497261313941801,-0.015618599102805514,PASS,2026-06-08T21:24:34Z,D20260608.01
HKTECH,HK,index,2021-11-08,6238.31,6239.69,6164.09,6193.98,6276.52,0.0,0.0,-0.013150599376724803,-0.013150599376724803,-0.013237834145760472,PASS,2026-06-08T21:24:34Z,D20260608.01
HKTECH,HK,index,2021-11-09,6240.55,6260.78,6151.64,6221.85,6193.98,0.0,0.0,0.004499530188990075,0.004499530188990075,0.004489437566411245,PASS,2026-06-08T21:24:34Z,D20260608.01
HKTECH,HK,index,2021-11-10,6209.09,6355.5,6152.22,6349.94,6221.85,0.0,0.0,0.0205871244083351,0.0205871244083351,0.02037807386007683,PASS,2026-06-08T21:24:34Z,D20260608.01
HKTECH,HK,index,2021-11-11,6281.34,6504.59,6272.93,6464.53,6349.94,0.0,0.0,0.01804583980321084,0.01804583980321084,0.01788494639078212,PASS,2026-06-08T21:24:34Z,D20260608.01
HKTECH,HK,index,2021-11-12,6576.31,6604.1,6495.25,6565.53,6464.53,0.0,0.0,0.015623718971062184,0.015623718971062184,0.015502925214369478,PASS,2026-06-08T21:24:34Z,D20260608.01
HKTECH,HK,index,2021-11-15,6603.57,6642.87,6564.11,6601.15,6565.53,0.0,0.0,0.005425304583179136,0.005425304583179136,0.005410640631960551,PASS,2026-06-08T21:24:34Z,D20260608.01
HKTECH,HK,index,2021-11-16,6612.39,6724.95,6588.83,6712.31,6601.15,0.0,0.0,0.01683949008884822,0.01683949008884822,0.016699277755831084,PASS,2026-06-08T21:24:34Z,D20260608.01
HKTECH,HK,index,2021-11-17,6672.32,6683.52,6601.91,6672.28,6712.31,0.0,0.0,-0.005963669735158383,-0.005963669735158383,-0.005981523431267084,PASS,2026-06-08T21:24:34Z,D20260608.01
HKTECH,HK,index,2021-11-18,6546.19,6546.75,6448.35,6474.55,6672.28,0.0,0.0,-0.029634547710827408,-0.029634547710827408,-0.030082523501737568,PASS,2026-06-08T21:24:34Z,D20260608.01
HKTECH,HK,index,2021-11-19,6371.12,6457.97,6341.95,6457.97,6474.55,0.0,0.0,-0.00256079573097745,-0.00256079573097745,-0.002564080176760049,PASS,2026-06-08T21:24:34Z,D20260608.01
HKTECH,HK,index,2021-11-22,6456.97,6460.13,6380.03,6410.89,6457.97,0.0,0.0,-0.007290216585087883,-0.007290216585087883,-0.007316920075991556,PASS,2026-06-08T21:24:34Z,D20260608.01
HKTECH,HK,index,2021-11-23,6315.78,6340.53,6281.36,6323.48,6410.89,0.0,0.0,-0.013634612354914921,-0.013634612354914921,-0.013728417320765188,PASS,2026-06-08T21:24:34Z,D20260608.01
HKTECH,HK,index,2021-11-24,6317.25,6369.53,6269.61,6292.16,6323.48,0.0,0.0,-0.004952968934826996,-0.004952968934826996,-0.004965275538428812,PASS,2026-06-08T21:24:34Z,D20260608.01
HKTECH,HK,index,2021-11-25,6302.97,6370.38,6267.05,6358.54,6292.16,0.0,0.0,0.010549636372883198,0.010549636372883198,0.010494377261675954,PASS,2026-06-08T21:24:34Z,D20260608.01
HKTECH,HK,index,2021-11-26,6292.96,6292.96,6149.86,6151.99,6358.54,0.0,0.0,-0.03248387208384318,-0.03248387208384318,-0.03302318453635552,PASS,2026-06-08T21:24:34Z,D20260608.01
HKTECH,HK,index,2021-11-29,6098.72,6221.93,6071.83,6099.35,6151.99,0.0,0.0,-0.008556580878707476,-0.008556580878707476,-0.008593398589799637,PASS,2026-06-08T21:24:34Z,D20260608.01
HKTECH,HK,index,2021-11-30,6076.79,6127.12,5922.26,6028.63,6099.35,0.0,0.0,-0.011594678121439217,-0.011594678121439217,-0.011662420545309077,PASS,2026-06-08T21:24:34Z,D20260608.01
HKTECH,HK,index,2021-12-01,6036.58,6117.35,6011.06,6058.8,6028.63,0.0,0.0,0.005004453748198134,0.005004453748198134,0.0049919730914665065,PASS,2026-06-08T21:24:34Z,D20260608.01
HKTECH,HK,index,2021-12-02,5986.14,6044.63,5961.03,6017.56,6058.8,0.0,0.0,-0.006806628375255808,-0.006806628375255808,-0.006829899127197184,PASS,2026-06-08T21:24:34Z,D20260608.01
HKTECH,HK,index,2021-12-03,5948.62,5948.62,5855.73,5925.52,6017.56,0.0,0.0,-0.01529523594280735,-0.01529523594280735,-0.015413414660270333,PASS,2026-06-08T21:24:34Z,D20260608.01
HKTECH,HK,index,2021-12-06,5773.63,5835.55,5710.19,5727.49,5925.52,0.0,0.0,-0.03341985175984563,-0.03341985175984563,-0.03399105750173825,PASS,2026-06-08T21:24:34Z,D20260608.01
HKTECH,HK,index,2021-12-07,5846.18,5968.5,5796.26,5968.5,5727.49,0.0,0.0,0.04207951476126537,0.04207951476126537,0.0412182501714284,PASS,2026-06-08T21:24:34Z,D20260608.01
HKTECH,HK,index,2021-12-08,5999.53,6018.52,5950.8,5970.23,5968.5,0.0,0.0,0.00028985507246370723,0.00028985507246370723,0.00028981307259791085,PASS,2026-06-08T21:24:34Z,D20260608.01
HKTECH,HK,index,2021-12-09,6024.76,6118.93,6024.76,6103.16,5970.23,0.0,0.0,0.02226547385946609,0.02226547385946609,0.022021217207934176,PASS,2026-06-08T21:24:34Z,D20260608.01
HKTECH,HK,index,2021-12-10,6058.03,6122.97,6004.99,6035.23,6103.16,0.0,0.0,-0.01113029971359103,-0.01113029971359103,-0.011192704991144218,PASS,2026-06-08T21:24:34Z,D20260608.01
HKTECH,HK,index,2021-12-13,6089.33,6160.95,6019.73,6022.23,6035.23,0.0,0.0,-0.0021540189851919633,-0.0021540189851919633,-0.0021563422208816436,PASS,2026-06-08T21:24:34Z,D20260608.01
HKTECH,HK,index,2021-12-14,5938.33,5979.35,5863.06,5884.82,6022.23,0.0,0.0,-0.022817129202969633,-0.022817129202969633,-0.023081468613184372,PASS,2026-06-08T21:24:34Z,D20260608.01
HKTECH,HK,index,2021-12-15,5863.61,5904.96,5757.09,5795.44,5884.82,0.0,0.0,-0.015188230056314422,-0.015188230056314422,-0.015304752575184056,PASS,2026-06-08T21:24:34Z,D20260608.01
HKTECH,HK,index,2021-12-16,5743.2,5834.93,5681.4,5822.14,5795.44,0.0,0.0,0.004607070386372758,0.004607070386372758,0.004596490320560366,PASS,2026-06-08T21:24:34Z,D20260608.01
HKTECH,HK,index,2021-12-17,5775.4,5775.4,5662.9,5680.47,5822.14,0.0,0.0,-0.024332977221434016,-0.024332977221434016,-0.024633915965021985,PASS,2026-06-08T21:24:34Z,D20260608.01
HKTECH,HK,index,2021-12-20,5644.12,5687.6,5474.31,5498.49,5680.47,0.0,0.0,-0.032036081521423454,-0.032036081521423454,-0.03256046669925515,PASS,2026-06-08T21:24:34Z,D20260608.01
HKTECH,HK,index,2021-12-21,5467.21,5656.57,5456.11,5612.69,5498.49,0.0,0.0,0.020769338491112954,0.020769338491112954,0.02055659641267696,PASS,2026-06-08T21:24:34Z,D20260608.01
HKTECH,HK,index,2021-12-22,5729.24,5750.26,5632.31,5685.29,5612.69,0.0,0.0,0.012934974138960165,0.012934974138960165,0.012852031833003574,PASS,2026-06-08T21:24:34Z,D20260608.01
HKTECH,HK,index,2021-12-23,5667.56,5708.37,5589.86,5638.31,5685.29,0.0,0.0,-0.008263430713296827,-0.008263430713296827,-0.00829776211781092,PASS,2026-06-08T21:24:34Z,D20260608.01
HKTECH,HK,index,2021-12-24,5692.18,5693.69,5614.74,5619.39,5638.31,0.0,0.0,-0.003355615423770608,-0.003355615423770608,-0.003361258127906289,PASS,2026-06-08T21:24:34Z,D20260608.01
HKTECH,HK,index,2021-12-28,5635.13,5660.66,5528.96,5569.42,5619.39,0.0,0.0,-0.008892424266690901,-0.008892424266690901,-0.008932197835889683,PASS,2026-06-08T21:24:34Z,D20260608.01
HKTECH,HK,index,2021-12-29,5559.33,5559.8,5455.47,5471.87,5569.42,0.0,0.0,-0.017515288845158072,-0.017515288845158072,-0.017670496525352235,PASS,2026-06-08T21:24:34Z,D20260608.01
HKTECH,HK,index,2021-12-30,5470.58,5534.31,5427.94,5475.7,5471.87,0.0,0.0,0.000699943529360203,0.000699943529360203,0.0006996986831337492,PASS,2026-06-08T21:24:34Z,D20260608.01
HKTECH,HK,index,2021-12-31,5693.66,5723.5,5668.34,5670.96,5475.7,0.0,0.0,0.03565936775206824,0.03565936775206824,0.03503829416605304,PASS,2026-06-08T21:24:34Z,D20260608.01
HKTECH,HK,index,2022-01-03,5704.38,5741.8,5609.79,5640.47,5670.96,0.0,0.0,-0.005376514734718563,-0.005376514734718563,-0.005391020206013593,PASS,2026-06-08T21:24:34Z,D20260608.01
HKTECH,HK,index,2022-01-04,5665.89,5678.69,5550.56,5581.9,5640.47,0.0,0.0,-0.01038388644917898,-0.01038388644917898,-0.010438175143516516,PASS,2026-06-08T21:24:34Z,D20260608.01
HKTECH,HK,index,2022-01-05,5501.75,5505.46,5306.25,5323.47,5581.9,0.0,0.0,-0.04629785556889221,-0.04629785556889221,-0.04740387386136086,PASS,2026-06-08T21:24:34Z,D20260608.01
HKTECH,HK,index,2022-01-06,5285.43,5410.44,5230.94,5396.65,5323.47,0.0,0.0,0.013746672752922295,0.013746672752922295,0.013653044324143652,PASS,2026-06-08T21:24:34Z,D20260608.01
HKTECH,HK,index,2022-01-07,5470.06,5517.49,5399.22,5503.91,5396.65,0.0,0.0,0.01987529300584634,0.01987529300584634,0.01968035806262744,PASS,2026-06-08T21:24:34Z,D20260608.01
HKTECH,HK,index,2022-01-10,5499.95,5643.25,5460.7,5625.5,5503.91,0.0,0.0,0.02209156763101139,0.02209156763101139,0.021851084275824245,PASS,2026-06-08T21:24:34Z,D20260608.01
HKTECH,HK,index,2022-01-11,5597.18,5664.76,5564.64,5619.67,5625.5,0.0,0.0,-0.0010363523242378214,-0.0010363523242378214,-0.0010368897086195825,PASS,2026-06-08T21:24:34Z,D20260608.01
HKTECH,HK,index,2022-01-12,5750.01,5902.24,5750.01,5899.82,5619.67,0.0,0.0,0.04985168168237619,0.04985168168237619,0.04864889865133443,PASS,2026-06-08T21:24:34Z,D20260608.01
HKTECH,HK,index,2022-01-13,5920.51,5923.45,5750.24,5796.78,5899.82,0.0,0.0,-0.017464939608327068,-0.017464939608327068,-0.017619250998390033,PASS,2026-06-08T21:24:34Z,D20260608.01
HKTECH,HK,index,2022-01-14,5649.35,5769.05,5606.3,5769.05,5796.78,0.0,0.0,-0.00478369025562464,-0.00478369025562464,-0.004795168722773259,PASS,2026-06-08T21:24:34Z,D20260608.01
HKTECH,HK,index,2022-01-17,5752.41,5778.48,5678.19,5724.5,5769.05,0.0,0.0,-0.007722241963581511,-0.007722241963581511,-0.007752212868811228,PASS,2026-06-08T21:24:34Z,D20260608.01
HKTECH,HK,index,2022-01-18,5749.82,5834.81,5677.01,5698.54,5724.5,0.0,0.0,-0.0045348938771945235,-0.0045348938771945235,-0.004545207701645078,PASS,2026-06-08T21:24:34Z,D20260608.01
HKTECH,HK,index,2022-01-19,5716.16,5750.48,5612.36,5642.91,5698.54,0.0,0.0,-0.00976214960323174,-0.00976214960323174,-0.009810111783585377,PASS,2026-06-08T21:24:34Z,D20260608.01
HKTECH,HK,index,2022-01-20,5692.56,5902.63,5652.66,5896.71,5642.91,0.0,0.0,0.044976793888259925,0.044976793888259925,0.04399467836470668,PASS,2026-06-08T21:24:34Z,D20260608.01
HKTECH,HK,index,2022-01-21,5840.58,5908.29,5789.56,5870.57,5896.71,0.0,0.0,-0.004432980424677546,-0.004432980424677546,-0.004442835217253097,PASS,2026-06-08T21:24:34Z,D20260608.01
HKTECH,HK,index,2022-01-24,5749.7,5760.65,5688.93,5703.63,5870.57,0.0,0.0,-0.02843676167731579,-0.02843676167731579,-0.028848918796065794,PASS,2026-06-08T21:24:34Z,D20260608.01
HKTECH,HK,index,2022-01-25,5592.17,5638.12,5490.94,5552.68,5703.63,0.0,0.0,-0.02646560173082757,-0.02646560173082757,-0.026822120157081887,PASS,2026-06-08T21:24:34Z,D20260608.01
HKTECH,HK,index,2022-01-26,5581.67,5665.59,5526.26,5597.03,5552.68,0.0,0.0,0.007987134140631014,0.007987134140631014,0.007955405818345538,PASS,2026-06-08T21:24:34Z,D20260608.01
HKTECH,HK,index,2022-01-27,5471.5,5485.77,5322.15,5383.63,5597.03,0.0,0.0,-0.038127363976966255,-0.038127363976966255,-0.03887323206787183,PASS,2026-06-08T21:24:34Z,D20260608.01
HKTECH,HK,index,2022-01-28,5360.71,5373.83,5228.19,5291.7,5383.63,0.0,0.0,-0.017075839164281348,-0.017075839164281348,-0.01722331253787502,PASS,2026-06-08T21:24:34Z,D20260608.01
HKTECH,HK,index,2022-01-31,5332.84,5450.47,5304.62,5416.29,5291.7,0.0,0.0,0.023544418617835516,0.023544418617835516,0.023271523924783346,PASS,2026-06-08T21:24:34Z,D20260608.01
HKTECH,HK,index,2022-02-04,5555.18,5591.66,5463.49,5581.63,5416.29,0.0,0.0,0.03052643045331771,0.03052643045331771,0.03006976920318205,PASS,2026-06-08T21:24:34Z,D20260608.01
HKTECH,HK,index,2022-02-07,5583.0,5591.34,5451.68,5529.51,5581.63,0.0,0.0,-0.009337774091080941,-0.009337774091080941,-0.009381644417947596,PASS,2026-06-08T21:24:34Z,D20260608.01
HKTECH,HK,index,2022-02-08,5497.32,5503.4,5387.09,5436.92,5529.51,0.0,0.0,-0.016744702514327692,-0.016744702514327692,-0.016886479954579543,PASS,2026-06-08T21:24:34Z,D20260608.01
HKTECH,HK,index,2022-02-09,5559.83,5648.36,5559.83,5635.5,5436.92,0.0,0.0,0.03652435570138968,0.03652435570138968,0.035873150641153796,PASS,2026-06-08T21:24:34Z,D20260608.01
HKTECH,HK,index,2022-02-10,5721.07,5726.59,5579.84,5666.99,5635.5,0.0,0.0,0.005587791677757137,0.005587791677757137,0.0055722378838468836,PASS,2026-06-08T21:24:34Z,D20260608.01
HKTECH,HK,index,2022-02-11,5619.98,5665.52,5536.2,5597.05,5666.99,0.0,0.0,-0.012341648741218791,-0.012341648741218791,-0.012418439357367007,PASS,2026-06-08T21:24:34Z,D20260608.01
HKTECH,HK,index,2022-02-14,5499.94,5536.33,5451.81,5502.18,5597.05,0.0,0.0,-0.016950000446663838,-0.016950000446663838,-0.017095295883002543,PASS,2026-06-08T21:24:34Z,D20260608.01
HKTECH,HK,index,2022-02-15,5464.63,5549.66,5460.1,5490.28,5502.18,0.0,0.0,-0.0021627791166410892,-0.0021627791166410892,-0.0021651213010892138,PASS,2026-06-08T21:24:34Z,D20260608.01
HKTECH,HK,index,2022-02-16,5597.02,5626.48,5572.77,5616.38,5490.28,0.0,0.0,0.02296786320551969,0.02296786320551969,0.022708072209696867,PASS,2026-06-08T21:24:34Z,D20260608.01
HKTECH,HK,index,2022-02-17,5608.52,5676.45,5576.31,5662.28,5616.38,0.0,0.0,0.008172523938907217,0.008172523938907217,0.008139309705178878,PASS,2026-06-08T21:24:34Z,D20260608.01
HKTECH,HK,index,2022-02-18,5611.48,5664.61,5446.92,5479.9,5662.28,0.0,0.0,-0.0322096399330305,-0.0322096399330305,-0.03273978533901817,PASS,2026-06-08T21:24:34Z,D20260608.01
HKTECH,HK,index,2022-02-21,5395.85,5459.28,5298.32,5327.44,5479.9,0.0,0.0,-0.02782167557802151,-0.02782167557802151,-0.028216030009187442,PASS,2026-06-08T21:24:34Z,D20260608.01
HKTECH,HK,index,2022-02-22,5207.5,5269.3,5160.34,5226.7,5327.44,0.0,0.0,-0.01890964515789939,-0.01890964515789939,-0.01909071882421818,PASS,2026-06-08T21:24:34Z,D20260608.01
HKTECH,HK,index,2022-02-23,5234.98,5325.61,5200.68,5299.24,5226.7,0.0,0.0,0.013878738018252346,0.013878738018252346,0.013783310264603112,PASS,2026-06-08T21:24:34Z,D20260608.01
HKTECH,HK,index,2022-02-24,5163.46,5210.72,5015.99,5069.79,5299.24,0.0,0.0,-0.0432986616948845,-0.0432986616948845,-0.04426401742252735,PASS,2026-06-08T21:24:34Z,D20260608.01
HKTECH,HK,index,2022-02-25,5157.11,5209.67,5107.35,5112.62,5069.79,0.0,0.0,0.00844808167596689,0.00844808167596689,0.008412596349188617,PASS,2026-06-08T21:24:34Z,D20260608.01
HKTECH,HK,index,2022-02-28,5134.83,5144.02,5028.61,5118.02,5112.62,0.0,0.0,0.0010562099275910342,0.0010562099275910342,0.001055652530336613,PASS,2026-06-08T21:24:34Z,D20260608.01
HKTECH,HK,index,2022-03-01,5136.66,5190.18,5100.91,5155.69,5118.02,0.0,0.0,0.007360268228728817,0.007360268228728817,0.0073333136357455805,PASS,2026-06-08T21:24:34Z,D20260608.01
HKTECH,HK,index,2022-03-02,5131.28,5162.07,5007.11,5015.74,5155.69,0.0,0.0,-0.027144766267948595,-0.027144766267948595,-0.02751999128577964,PASS,2026-06-08T21:24:34Z,D20260608.01
HKTECH,HK,index,2022-03-03,5025.97,5052.16,4933.19,4957.61,5015.74,0.0,0.0,-0.011589516202992978,-0.011589516202992978,-0.011657198087625938,PASS,2026-06-08T21:24:34Z,D20260608.01
HKTECH,HK,index,2022-03-04,4763.47,4803.8,4718.51,4737.93,4957.61,0.0,0.0,-0.044311674375354104,-0.044311674375354104,-0.04532343830763725,PASS,2026-06-08T21:24:34Z,D20260608.01
HKTECH,HK,index,2022-03-07,4568.66,4613.66,4455.17,4527.83,4737.93,0.0,0.0,-0.04434426004605396,-0.04434426004605396,-0.04535753543466932,PASS,2026-06-08T21:24:34Z,D20260608.01
HKTECH,HK,index,2022-03-08,4515.12,4579.12,4367.79,4382.32,4527.83,0.0,0.0,-0.03213680725645618,-0.03213680725645618,-0.03266453150394738,PASS,2026-06-08T21:24:34Z,D20260608.01
HKTECH,HK,index,2022-03-09,4431.96,4471.21,4233.0,4393.91,4382.32,0.0,0.0,0.0026447178663355775,0.0026447178663355775,0.0026412267540227075,PASS,2026-06-08T21:24:34Z,D20260608.01
HKTECH,HK,index,2022-03-10,4553.79,4586.42,4385.19,4436.65,4393.91,0.0,0.0,0.009727099553700436,0.009727099553700436,0.009680095881304187,PASS,2026-06-08T21:24:34Z,D20260608.01
HKTECH,HK,index,2022-03-11,4229.75,4320.2,4040.32,4246.97,4436.65,0.0,0.0,-0.04275297803522915,-0.04275297803522915,-0.043693799661412756,PASS,2026-06-08T21:24:34Z,D20260608.01
HKTECH,HK,index,2022-03-14,4073.27,4073.27,3749.9,3778.6,4246.97,0.0,0.0,-0.11028333141039381,-0.11028333141039381,-0.11685221683935676,PASS,2026-06-08T21:24:34Z,D20260608.01
HKTECH,HK,index,2022-03-15,3569.09,3841.87,3463.44,3472.42,3778.6,0.0,0.0,-0.08103001111522778,-0.08103001111522778,-0.08450181343304852,PASS,2026-06-08T21:24:34Z,D20260608.01
HKTECH,HK,index,2022-03-16,3689.86,4247.54,3608.91,4243.39,3472.42,0.0,0.0,0.22202671335840707,0.22202671335840707,0.20051072086923133,PASS,2026-06-08T21:24:34Z,D20260608.01
HKTECH,HK,index,2022-03-17,4705.18,4735.01,4405.93,4572.79,4243.39,0.0,0.0,0.07762661456995468,0.07762661456995468,0.07476104381380996,PASS,2026-06-08T21:24:34Z,D20260608.01
HKTECH,HK,index,2022-03-18,4442.71,4547.76,4300.88,4484.93,4572.79,0.0,0.0,-0.01921365293398558,-0.01921365293398558,-0.019400634098938326,PASS,2026-06-08T21:24:34Z,D20260608.01
HKTECH,HK,index,2022-03-21,4631.51,4631.51,4370.11,4416.33,4484.93,0.0,0.0,-0.015295667936846336,-0.015295667936846336,-0.015413853364488606,PASS,2026-06-08T21:24:34Z,D20260608.01
HKTECH,HK,index,2022-03-22,4440.63,4660.39,4423.63,4653.7,4416.33,0.0,0.0,0.05374824797965738,0.05374824797965738,0.05235356767978902,PASS,2026-06-08T21:24:34Z,D20260608.01
HKTECH,HK,index,2022-03-23,4753.59,4883.76,4710.96,4749.12,4653.7,0.0,0.0,0.020504115005264723,0.020504115005264723,0.020296735601881187,PASS,2026-06-08T21:24:34Z,D20260608.01
HKTECH,HK,index,2022-03-24,4722.12,4752.7,4581.33,4609.02,4749.12,0.0,0.0,-0.02950020214271265,-0.02950020214271265,-0.029944084660278394,PASS,2026-06-08T21:24:34Z,D20260608.01
HKTECH,HK,index,2022-03-25,4550.94,4634.92,4333.99,4379.33,4609.02,0.0,0.0,-0.04983488897856825,-0.04983488897856825,-0.05111950841401632,PASS,2026-06-08T21:24:34Z,D20260608.01
HKTECH,HK,index,2022-03-28,4380.77,4550.83,4301.62,4494.01,4379.33,0.0,0.0,0.026186654122891007,0.026186654122891007,0.0258496542987811,PASS,2026-06-08T21:24:34Z,D20260608.01
HKTECH,HK,index,2022-03-29,4537.06,4611.37,4520.1,4607.09,4494.01,0.0,0.0,0.025162382816237505,0.025162382816237505,0.0248510223026344,PASS,2026-06-08T21:24:34Z,D20260608.01
HKTECH,HK,index,2022-03-30,4685.52,4713.32,4578.03,4622.57,4607.09,0.0,0.0,0.003360038549279354,0.003360038549279354,0.0033544062327604293,PASS,2026-06-08T21:24:34Z,D20260608.01
HKTECH,HK,index,2022-03-31,4645.45,4645.45,4514.61,4557.99,4622.57,0.0,0.0,-0.013970583463311481,-0.013970583463311481,-0.01406909060882456,PASS,2026-06-08T21:24:34Z,D20260608.01
HKTECH,HK,index,2022-04-01,4420.86,4524.25,4379.43,4524.25,4557.99,0.0,0.0,-0.007402385700714498,-0.007402385700714498,-0.007429919318199707,PASS,2026-06-08T21:24:34Z,D20260608.01
HKTECH,HK,index,2022-04-04,4606.19,4773.69,4606.19,4769.99,4524.25,0.0,0.0,0.05431618500303914,0.05431618500303914,0.05289239090382015,PASS,2026-06-08T21:24:34Z,D20260608.01
HKTECH,HK,index,2022-04-06,4638.08,4648.96,4568.08,4587.73,4769.99,0.0,0.0,-0.038209723710112664,-0.038209723710112664,-0.03895886009830228,PASS,2026-06-08T21:24:34Z,D20260608.01
HKTECH,HK,index,2022-04-07,4519.06,4652.87,4470.85,4474.13,4587.73,0.0,0.0,-0.02476170132069666,-0.02476170132069666,-0.025073428945430194,PASS,2026-06-08T21:24:34Z,D20260608.01
HKTECH,HK,index,2022-04-08,4419.93,4448.93,4338.98,4422.74,4474.13,0.0,0.0,-0.01148603192128983,-0.01148603192128983,-0.011552505890916569,PASS,2026-06-08T21:24:34Z,D20260608.01
HKTECH,HK,index,2022-04-11,4365.71,4365.71,4169.65,4191.03,4422.74,0.0,0.0,-0.05239059949262226,-0.05239059949262226,-0.05381288641389546,PASS,2026-06-08T21:24:34Z,D20260608.01
HKTECH,HK,index,2022-04-12,4246.92,4315.06,4119.72,4249.59,4191.03,0.0,0.0,0.01397269883536989,0.01397269883536989,0.013875980581054475,PASS,2026-06-08T21:24:34Z,D20260608.01
HKTECH,HK,index,2022-04-13,4213.07,4317.42,4186.76,4268.91,4249.59,0.0,0.0,0.004546320939196491,0.004546320939196491,0.0045360176384276205,PASS,2026-06-08T21:24:34Z,D20260608.01
HKTECH,HK,index,2022-04-14,4314.95,4344.74,4276.52,4320.1,4268.91,0.0,0.0,0.011991351422260044,0.011991351422260044,0.011920024803321579,PASS,2026-06-08T21:24:34Z,D20260608.01
HKTECH,HK,index,2022-04-19,4215.98,4247.04,4140.37,4156.42,4320.1,0.0,0.0,-0.03788801185157753,-0.03788801185157753,-0.038624423295061,PASS,2026-06-08T21:24:34Z,D20260608.01
HKTECH,HK,index,2022-04-20,4149.6,4227.24,4121.28,4134.04,4156.42,0.0,0.0,-0.00538444141833605,-0.00538444141833605,-0.005398989769693783,PASS,2026-06-08T21:24:34Z,D20260608.01
HKTECH,HK,index,2022-04-21,4054.04,4088.92,3946.62,3990.08,4134.04,0.0,0.0,-0.03482307863494305,-0.03482307863494305,-0.03544385624541386,PASS,2026-06-08T21:24:34Z,D20260608.01
HKTECH,HK,index,2022-04-22,3864.43,4026.73,3847.02,4001.08,3990.08,0.0,0.0,0.0027568369556500993,0.0027568369556500993,0.0027530438503660815,PASS,2026-06-08T21:24:34Z,D20260608.01
HKTECH,HK,index,2022-04-25,3885.68,3927.52,3780.07,3806.19,4001.08,0.0,0.0,-0.04870934847591146,-0.04870934847591146,-0.04993563587142418,PASS,2026-06-08T21:24:34Z,D20260608.01
HKTECH,HK,index,2022-04-26,3884.85,4028.24,3884.85,3915.27,3806.19,0.0,0.0,0.02865857983968212,0.02865857983968212,0.028255603776969708,PASS,2026-06-08T21:24:34Z,D20260608.01
HKTECH,HK,index,2022-04-27,3865.45,4010.34,3846.9,3981.14,3915.27,0.0,0.0,0.016823871661469036,0.016823871661469036,0.01668391786129471,PASS,2026-06-08T21:24:34Z,D20260608.01
HKTECH,HK,index,2022-04-28,4041.69,4073.87,3960.94,4066.89,3981.14,0.0,0.0,0.021539056652114752,0.021539056652114752,0.021310369152657552,PASS,2026-06-08T21:24:34Z,D20260608.01
HKTECH,HK,index,2022-04-29,4053.99,4515.73,4032.58,4471.75,4066.89,0.0,0.0,0.09955027059989341,0.09955027059989341,0.09490125129527013,PASS,2026-06-08T21:24:34Z,D20260608.01
HKTECH,HK,index,2022-05-03,4379.76,4489.5,4266.7,4409.93,4471.75,0.0,0.0,-0.013824565326773564,-0.013824565326773564,-0.013921014574314106,PASS,2026-06-08T21:24:34Z,D20260608.01
HKTECH,HK,index,2022-05-04,4370.05,4375.4,4239.39,4264.91,4409.93,0.0,0.0,-0.032884875723651064,-0.032884875723651064,-0.03343773758887783,PASS,2026-06-08T21:24:34Z,D20260608.01
HKTECH,HK,index,2022-05-05,4353.86,4382.82,4251.05,4258.88,4264.91,0.0,0.0,-0.001413863364056911,-0.001413863364056911,-0.0014148638119719815,PASS,2026-06-08T21:24:34Z,D20260608.01
HKTECH,HK,index,2022-05-06,4098.85,4114.23,4023.01,4036.26,4258.88,0.0,0.0,-0.05227195882485536,-0.05227195882485536,-0.05368769428154721,PASS,2026-06-08T21:24:34Z,D20260608.01
HKTECH,HK,index,2022-05-10,3796.93,3946.26,3755.89,3906.43,4036.26,0.0,0.0,-0.032165915971716474,-0.032165915971716474,-0.03269460719358314,PASS,2026-06-08T21:24:34Z,D20260608.01
HKTECH,HK,index,2022-05-11,3872.67,4141.88,3864.22,4019.28,3906.43,0.0,0.0,0.02888826882857254,0.02888826882857254,0.02847886867127158,PASS,2026-06-08T21:24:34Z,D20260608.01
HKTECH,HK,index,2022-05-12,3917.92,3995.37,3854.92,3864.95,4019.28,0.0,0.0,-0.038397424414323034,-0.038397424414323034,-0.039154036767096896,PASS,2026-06-08T21:24:34Z,D20260608.01
HKTECH,HK,index,2022-05-13,3952.22,4046.42,3949.0,4038.97,3864.95,0.0,0.0,0.045025162033144106,0.045025162033144106,0.044040963627508256,PASS,2026-06-08T21:24:34Z,D20260608.01
HKTECH,HK,index,2022-05-16,4134.58,4158.94,3997.25,4039.36,4038.97,0.0,0.0,9.655927129936792e-05,9.655927129936792e-05,9.655460975300559e-05,PASS,2026-06-08T21:24:34Z,D20260608.01
HKTECH,HK,index,2022-05-17,4130.09,4287.7,4121.4,4272.95,4039.36,0.0,0.0,0.05782846787609919,0.05782846787609919,0.056218191630303505,PASS,2026-06-08T21:24:34Z,D20260608.01
HKTECH,HK,index,2022-05-18,4265.55,4286.74,4173.91,4260.37,4272.95,0.0,0.0,-0.002944101850009928,-0.002944101850009928,-0.002948444242920541,PASS,2026-06-08T21:24:34Z,D20260608.01
HKTECH,HK,index,2022-05-19,4077.38,4143.75,4043.16,4090.72,4260.37,0.0,0.0,-0.03982048507523994,-0.03982048507523994,-0.04063501728829556,PASS,2026-06-08T21:24:34Z,D20260608.01
HKTECH,HK,index,2022-05-20,4220.73,4304.95,4201.8,4284.42,4090.72,0.0,0.0,0.0473510775609185,0.0473510775609185,0.04626419331421175,PASS,2026-06-08T21:24:34Z,D20260608.01
HKTECH,HK,index,2022-05-23,4243.12,4264.23,4142.39,4177.65,4284.42,0.0,0.0,-0.02492052599885175,-0.02492052599885175,-0.02523629951014632,PASS,2026-06-08T21:24:34Z,D20260608.01
HKTECH,HK,index,2022-05-24,4140.7,4194.97,4001.61,4032.34,4177.65,0.0,0.0,-0.03478271276914047,-0.03478271276914047,-0.03540203487480601,PASS,2026-06-08T21:24:34Z,D20260608.01
HKTECH,HK,index,2022-05-25,4015.37,4090.63,3992.21,4043.69,4032.34,0.0,0.0,0.0028147428044262846,0.0028147428044262846,0.0028107888337679733,PASS,2026-06-08T21:24:34Z,D20260608.01
HKTECH,HK,index,2022-05-26,4063.05,4063.05,3961.26,4033.79,4043.69,0.0,0.0,-0.002448258892249422,-0.002448258892249422,-0.002451260778648806,PASS,2026-06-08T21:24:34Z,D20260608.01
HKTECH,HK,index,2022-05-27,4213.23,4232.66,4135.35,4186.95,4033.79,0.0,0.0,0.037969254720746415,0.037969254720746415,0.03726616457549265,PASS,2026-06-08T21:24:34Z,D20260608.01
HKTECH,HK,index,2022-05-30,4257.67,4352.02,4250.95,4352.02,4186.95,0.0,0.0,0.039424879685690195,0.039424879685690195,0.038667559889998926,PASS,2026-06-08T21:24:34Z,D20260608.01
HKTECH,HK,index,2022-05-31,4350.57,4505.18,4325.26,4483.6,4352.02,0.0,0.0,0.030234236055900476,0.030234236055900476,0.029786190033486124,PASS,2026-06-08T21:24:34Z,D20260608.01
HKTECH,HK,index,2022-06-01,4456.29,4485.75,4373.37,4433.38,4483.6,0.0,0.0,-0.011200820769024955,-0.011200820769024955,-0.011264022344816715,PASS,2026-06-08T21:24:34Z,D20260608.01
HKTECH,HK,index,2022-06-02,4355.9,4421.73,4327.89,4397.74,4433.38,0.0,0.0,-0.008039013123170236,-0.008039013123170236,-0.008071500215751589,PASS,2026-06-08T21:24:34Z,D20260608.01
HKTECH,HK,index,2022-06-06,4471.36,4619.65,4420.2,4601.95,4397.74,0.0,0.0,0.046435214451058915,0.046435214451058915,0.04538935410854286,PASS,2026-06-08T21:24:34Z,D20260608.01
HKTECH,HK,index,2022-06-07,4579.5,4672.38,4531.98,4599.48,4601.95,0.0,0.0,-0.0005367289953172039,-0.0005367289953172039,-0.0005368730858851082,PASS,2026-06-08T21:24:34Z,D20260608.01
HKTECH,HK,index,2022-06-08,4697.41,4831.14,4696.69,4818.36,4599.48,0.0,0.0,0.04758798820736265,0.04758798820736265,0.04649036757514874,PASS,2026-06-08T21:24:34Z,D20260608.01
HKTECH,HK,index,2022-06-09,4883.67,4903.9,4683.01,4749.57,4818.36,0.0,0.0,-0.014276641844943039,-0.014276641844943039,-0.014379533569035364,PASS,2026-06-08T21:24:34Z,D20260608.01
HKTECH,HK,index,2022-06-10,4628.2,4843.17,4604.66,4826.42,4749.57,0.0,0.0,0.01618041212151855,0.01618041212151855,0.016050904378175374,PASS,2026-06-08T21:24:34Z,D20260608.01
HKTECH,HK,index,2022-06-13,4630.92,4721.65,4575.93,4598.65,4826.42,0.0,0.0,-0.047192328889736124,-0.047192328889736124,-0.048342209850174,PASS,2026-06-08T21:24:34Z,D20260608.01
HKTECH,HK,index,2022-06-14,4504.59,4650.08,4468.36,4595.74,4598.65,0.0,0.0,-0.0006327944070542157,-0.0006327944070542157,-0.0006329947059381483,PASS,2026-06-08T21:24:34Z,D20260608.01
HKTECH,HK,index,2022-06-15,4653.61,4744.38,4653.61,4703.72,4595.74,0.0,0.0,0.023495672078925445,0.023495672078925445,0.023223897560120704,PASS,2026-06-08T21:24:34Z,D20260608.01
HKTECH,HK,index,2022-06-16,4764.45,4781.43,4503.3,4547.22,4703.72,0.0,0.0,-0.03327153827183593,-0.03327153827183593,-0.033837627793169296,PASS,2026-06-08T21:24:34Z,D20260608.01
HKTECH,HK,index,2022-06-17,4493.71,4671.36,4492.68,4653.36,4547.22,0.0,0.0,0.023341734070486897,0.023341734070486897,0.02307348208670176,PASS,2026-06-08T21:24:34Z,D20260608.01
HKTECH,HK,index,2022-06-20,4625.93,4673.01,4537.66,4657.37,4653.36,0.0,0.0,0.0008617429126480669,0.0008617429126480669,0.0008613718253968873,PASS,2026-06-08T21:24:34Z,D20260608.01
HKTECH,HK,index,2022-06-21,4677.1,4766.03,4632.11,4760.14,4657.37,0.0,0.0,0.022066101683997807,0.022066101683997807,0.021826168441397998,PASS,2026-06-08T21:24:34Z,D20260608.01
HKTECH,HK,index,2022-06-22,4737.49,4756.0,4552.33,4552.33,4760.14,0.0,0.0,-0.04365627901700375,-0.04365627901700375,-0.04463788977283989,PASS,2026-06-08T21:24:34Z,D20260608.01
HKTECH,HK,index,2022-06-23,4608.18,4692.79,4553.88,4655.91,4552.33,0.0,0.0,0.022753183534585553,0.022753183534585553,0.02249819054272737,PASS,2026-06-08T21:24:34Z,D20260608.01
HKTECH,HK,index,2022-06-24,4724.53,4864.47,4720.23,4844.58,4655.91,0.0,0.0,0.04052269051592483,0.04052269051592483,0.039723173933261594,PASS,2026-06-08T21:24:34Z,D20260608.01
HKTECH,HK,index,2022-06-27,4906.36,5128.06,4906.36,5072.89,4844.58,0.0,0.0,0.04712689232090295,0.04712689232090295,0.04605012064875961,PASS,2026-06-08T21:24:34Z,D20260608.01
HKTECH,HK,index,2022-06-28,5027.5,5137.77,4924.22,5103.89,5072.89,0.0,0.0,0.0061109150799643075,0.0061109150799643075,0.006092319158683207,PASS,2026-06-08T21:24:34Z,D20260608.01
HKTECH,HK,index,2022-06-29,4987.51,5066.63,4876.22,4937.23,5103.89,0.0,0.0,-0.03265352505637875,-0.03265352505637875,-0.03319854889837233,PASS,2026-06-08T21:24:34Z,D20260608.01
HKTECH,HK,index,2022-06-30,4903.15,4964.36,4810.34,4870.3,4937.23,0.0,0.0,-0.013556184338181398,-0.013556184338181398,-0.013648908347831187,PASS,2026-06-08T21:24:34Z,D20260608.01
HKTECH,HK,index,2022-07-04,4851.48,4905.18,4787.33,4884.18,4870.3,0.0,0.0,0.0028499271092130574,0.0028499271092130574,0.002845873766277551,PASS,2026-06-08T21:24:34Z,D20260608.01
HKTECH,HK,index,2022-07-05,4959.25,4991.98,4841.57,4861.4,4884.18,0.0,0.0,-0.004664037770925833,-0.004664037770925833,-0.004674948333158176,PASS,2026-06-08T21:24:34Z,D20260608.01
HKTECH,HK,index,2022-07-06,4868.24,4904.78,4703.9,4801.75,4861.4,0.0,0.0,-0.012270127946681919,-0.012270127946681919,-0.01234602747020064,PASS,2026-06-08T21:24:34Z,D20260608.01
HKTECH,HK,index,2022-07-07,4720.86,4796.04,4643.87,4780.04,4801.75,0.0,0.0,-0.004521268287603464,-0.004521268287603464,-0.0045315201336360396,PASS,2026-06-08T21:24:34Z,D20260608.01
HKTECH,HK,index,2022-07-08,4868.37,4882.92,4778.4,4808.47,4780.04,0.0,0.0,0.005947648973648745,0.005947648973648745,0.005930031529892752,PASS,2026-06-08T21:24:34Z,D20260608.01
HKTECH,HK,index,2022-07-11,4736.94,4736.94,4588.58,4622.92,4808.47,0.0,0.0,-0.038588157979565274,-0.038588157979565274,-0.03935240612316769,PASS,2026-06-08T21:24:34Z,D20260608.01
HKTECH,HK,index,2022-07-12,4546.39,4599.99,4492.28,4524.11,4622.92,0.0,0.0,-0.02137393681915334,-0.02137393681915334,-0.021605667351944455,PASS,2026-06-08T21:24:34Z,D20260608.01
HKTECH,HK,index,2022-07-13,4558.24,4630.52,4533.67,4547.1,4524.11,0.0,0.0,0.0050816624706298,0.0050816624706298,0.005068794399615108,PASS,2026-06-08T21:24:34Z,D20260608.01
HKTECH,HK,index,2022-07-14,4564.58,4638.63,4531.42,4587.73,4547.1,0.0,0.0,0.00893536539772577,0.00893536539772577,0.008895681240107296,PASS,2026-06-08T21:24:34Z,D20260608.01
HKTECH,HK,index,2022-07-15,4507.4,4557.25,4422.41,4440.11,4587.73,0.0,0.0,-0.03217713335353212,-0.03217713335353212,-0.03270619745167289,PASS,2026-06-08T21:24:34Z,D20260608.01
HKTECH,HK,index,2022-07-18,4454.81,4585.37,4391.29,4574.4,4440.11,0.0,0.0,0.030244746188720528,0.030244746188720528,0.029796391673891788,PASS,2026-06-08T21:24:34Z,D20260608.01
HKTECH,HK,index,2022-07-19,4544.06,4567.0,4478.91,4506.74,4574.4,0.0,0.0,-0.01479101084295209,-0.01479101084295209,-0.014901488582243497,PASS,2026-06-08T21:24:34Z,D20260608.01
HKTECH,HK,index,2022-07-20,4599.84,4633.07,4575.24,4576.86,4506.74,0.0,0.0,0.015558918419966483,0.015558918419966483,0.015439119478809509,PASS,2026-06-08T21:24:34Z,D20260608.01
HKTECH,HK,index,2022-07-21,4567.56,4633.87,4548.39,4582.36,4576.86,0.0,0.0,0.001201697233474519,0.001201697233474519,0.001200975773280685,PASS,2026-06-08T21:24:34Z,D20260608.01
HKTECH,HK,index,2022-07-22,4640.0,4664.23,4565.87,4597.64,4582.36,0.0,0.0,0.0033345263139519243,0.0033345263139519243,0.00332897910919562,PASS,2026-06-08T21:24:34Z,D20260608.01
HKTECH,HK,index,2022-07-25,4562.04,4565.21,4479.99,4534.34,4597.64,0.0,0.0,-0.013767933113510433,-0.013767933113510433,-0.013863590118937709,PASS,2026-06-08T21:24:34Z,D20260608.01
HKTECH,HK,index,2022-07-26,4558.8,4614.74,4529.18,4596.34,4534.34,0.0,0.0,0.013673434281505026,0.013673434281505026,0.013580796375931029,PASS,2026-06-08T21:24:34Z,D20260608.01
HKTECH,HK,index,2022-07-27,4527.1,4569.2,4510.62,4536.62,4596.34,0.0,0.0,-0.012992946561829699,-0.012992946561829699,-0.013078093233592363,PASS,2026-06-08T21:24:34Z,D20260608.01
HKTECH,HK,index,2022-07-28,4558.05,4600.49,4539.93,4552.54,4536.62,0.0,0.0,0.0035092205210045524,0.0035092205210045524,0.0035030775737815104,PASS,2026-06-08T21:24:34Z,D20260608.01
HKTECH,HK,index,2022-07-29,4561.53,4562.62,4297.33,4331.19,4552.54,0.0,0.0,-0.04862120925900715,-0.04862120925900715,-0.04984298791586293,PASS,2026-06-08T21:24:34Z,D20260608.01
HKTECH,HK,index,2022-08-01,4303.36,4356.91,4246.86,4324.03,4331.19,0.0,0.0,-0.0016531253535402302,-0.0016531253535402302,-0.0016544932730269447,PASS,2026-06-08T21:24:34Z,D20260608.01
HKTECH,HK,index,2022-08-02,4242.0,4242.0,4119.96,4194.04,4324.03,0.0,0.0,-0.03006223361077509,-0.03006223361077509,-0.03052336790456807,PASS,2026-06-08T21:24:34Z,D20260608.01
HKTECH,HK,index,2022-08-03,4269.76,4313.24,4219.65,4246.13,4194.04,0.0,0.0,0.012420005531659228,0.012420005531659228,0.012343509995037154,PASS,2026-06-08T21:24:34Z,D20260608.01
HKTECH,HK,index,2022-08-04,4341.78,4390.28,4315.11,4381.12,4246.13,0.0,0.0,0.03179130172651323,0.03179130172651323,0.031296419599539604,PASS,2026-06-08T21:24:34Z,D20260608.01
HKTECH,HK,index,2022-08-05,4429.22,4429.4,4367.79,4415.86,4381.12,0.0,0.0,0.007929479219925373,0.007929479219925373,0.007898206110441697,PASS,2026-06-08T21:24:34Z,D20260608.01
HKTECH,HK,index,2022-08-08,4354.26,4389.16,4310.69,4335.54,4415.86,0.0,0.0,-0.018188982440566437,-0.018188982440566437,-0.018356435625025817,PASS,2026-06-08T21:24:34Z,D20260608.01
HKTECH,HK,index,2022-08-09,4326.54,4371.16,4264.81,4295.24,4335.54,0.0,0.0,-0.009295266564257276,-0.009295266564257276,-0.009338737144633373,PASS,2026-06-08T21:24:34Z,D20260608.01
HKTECH,HK,index,2022-08-10,4281.78,4281.78,4130.75,4173.77,4295.24,0.0,0.0,-0.028280142669559694,-0.028280142669559694,-0.028687728685941803,PASS,2026-06-08T21:24:34Z,D20260608.01
HKTECH,HK,index,2022-08-11,4244.46,4326.85,4233.19,4326.85,4173.77,0.0,0.0,0.03667667360683513,0.03667667360683513,0.03602009047339027,PASS,2026-06-08T21:24:34Z,D20260608.01
HKTECH,HK,index,2022-08-12,4357.47,4365.12,4302.65,4350.07,4326.85,0.0,0.0,0.005366490634063803,0.005366490634063803,0.005352142333656374,PASS,2026-06-08T21:24:34Z,D20260608.01
HKTECH,HK,index,2022-08-15,4310.36,4394.62,4300.07,4308.31,4350.07,0.0,0.0,-0.009599845519727146,-0.009599845519727146,-0.009646221074159186,PASS,2026-06-08T21:24:34Z,D20260608.01
HKTECH,HK,index,2022-08-16,4339.33,4352.06,4160.45,4221.03,4308.31,0.0,0.0,-0.020258523643841952,-0.020258523643841952,-0.020466541755337502,PASS,2026-06-08T21:24:34Z,D20260608.01
HKTECH,HK,index,2022-08-17,4262.89,4281.12,4186.66,4238.9,4221.03,0.0,0.0,0.0042335638457911,0.0042335638457911,0.004224627527145175,PASS,2026-06-08T21:24:34Z,D20260608.01
HKTECH,HK,index,2022-08-18,4249.91,4249.91,4165.24,4192.64,4238.9,0.0,0.0,-0.010913208615442538,-0.010913208615442538,-0.0109731945014703,PASS,2026-06-08T21:24:34Z,D20260608.01
HKTECH,HK,index,2022-08-19,4155.54,4242.34,4154.62,4192.31,4192.64,0.0,0.0,-7.870935734999307e-05,-7.870935734999307e-05,-7.871245509400899e-05,PASS,2026-06-08T21:24:34Z,D20260608.01
HKTECH,HK,index,2022-08-22,4133.36,4196.68,4125.73,4152.04,4192.31,0.0,0.0,-0.009605682785862824,-0.009605682785862824,-0.009652114937676183,PASS,2026-06-08T21:24:34Z,D20260608.01
HKTECH,HK,index,2022-08-23,4151.34,4182.1,4101.66,4141.04,4152.04,0.0,0.0,-0.002649300103081842,-0.002649300103081842,-0.0026528157092365594,PASS,2026-06-08T21:24:34Z,D20260608.01
HKTECH,HK,index,2022-08-24,4145.94,4148.08,4012.51,4026.45,4141.04,0.0,0.0,-0.02767179259316499,-0.02767179259316499,-0.028061869575473297,PASS,2026-06-08T21:24:34Z,D20260608.01
HKTECH,HK,index,2022-08-25,4072.77,4279.61,4072.77,4268.54,4026.45,0.0,0.0,0.060124923940443775,0.060124923940443775,0.05838675395388675,PASS,2026-06-08T21:24:34Z,D20260608.01
HKTECH,HK,index,2022-08-26,4350.33,4357.65,4272.64,4302.17,4268.54,0.0,0.0,0.007878572064452971,0.007878572064452971,0.0078476981710069,PASS,2026-06-08T21:24:34Z,D20260608.01
HKTECH,HK,index,2022-08-29,4249.02,4275.15,4212.69,4249.17,4302.17,0.0,0.0,-0.012319364413772571,-0.012319364413772571,-0.01239587682243445,PASS,2026-06-08T21:24:34Z,D20260608.01
HKTECH,HK,index,2022-08-30,4259.3,4259.3,4123.69,4227.43,4249.17,0.0,0.0,-0.0051162932996325905,-0.0051162932996325905,-0.0051294263423464674,PASS,2026-06-08T21:24:34Z,D20260608.01
HKTECH,HK,index,2022-08-31,4123.27,4354.36,4123.27,4273.68,4227.43,0.0,0.0,0.010940453183139631,0.010940453183139631,0.010881039375079084,PASS,2026-06-08T21:24:34Z,D20260608.01
HKTECH,HK,index,2022-09-01,4232.42,4289.51,4179.99,4204.03,4273.68,0.0,0.0,-0.01629742984968474,-0.01629742984968474,-0.016431693728894244,PASS,2026-06-08T21:24:34Z,D20260608.01
HKTECH,HK,index,2022-09-02,4204.34,4230.45,4116.74,4143.53,4204.03,0.0,0.0,-0.014390953442292242,-0.014390953442292242,-0.014495507513565518,PASS,2026-06-08T21:24:34Z,D20260608.01
HKTECH,HK,index,2022-09-05,4089.62,4089.62,4025.95,4063.91,4143.53,0.0,0.0,-0.01921549982744175,-0.01921549982744175,-0.01940251717490142,PASS,2026-06-08T21:24:34Z,D20260608.01
HKTECH,HK,index,2022-09-06,4081.27,4101.6,4019.75,4066.83,4063.91,0.0,0.0,0.0007185198491108657,0.0007185198491108657,0.0007182618373077531,PASS,2026-06-08T21:24:34Z,D20260608.01
HKTECH,HK,index,2022-09-07,3988.26,4029.55,3957.09,4014.01,4066.83,0.0,0.0,-0.01298800294086544,-0.01298800294086544,-0.013073084547416793,PASS,2026-06-08T21:24:34Z,D20260608.01
HKTECH,HK,index,2022-09-08,4031.91,4056.71,3958.82,3974.05,4014.01,0.0,0.0,-0.009955132149645829,-0.009955132149645829,-0.010005015819505888,PASS,2026-06-08T21:24:34Z,D20260608.01
HKTECH,HK,index,2022-09-09,3979.51,4090.94,3968.79,4077.32,3974.05,0.0,0.0,0.025986084724651137,0.025986084724651137,0.025654184010065417,PASS,2026-06-08T21:24:34Z,D20260608.01
HKTECH,HK,index,2022-09-13,4104.6,4111.11,4060.35,4069.29,4077.32,0.0,0.0,-0.0019694309006896837,-0.0019694309006896837,-0.001971372779742599,PASS,2026-06-08T21:24:34Z,D20260608.01
HKTECH,HK,index,2022-09-14,3965.24,3982.4,3934.36,3953.37,4069.29,0.0,0.0,-0.0284865418783129,-0.0284865418783129,-0.028900157330395488,PASS,2026-06-08T21:24:34Z,D20260608.01
HKTECH,HK,index,2022-09-15,3939.94,3980.81,3935.0,3963.31,3953.37,0.0,0.0,0.0025143105755343065,0.0025143105755343065,0.002511154985015473,PASS,2026-06-08T21:24:34Z,D20260608.01
HKTECH,HK,index,2022-09-16,3911.31,3937.29,3858.17,3858.46,3963.31,0.0,0.0,-0.026455159954684282,-0.026455159954684282,-0.026811394578032083,PASS,2026-06-08T21:24:34Z,D20260608.01
HKTECH,HK,index,2022-09-19,3828.01,3828.01,3760.2,3778.77,3858.46,0.0,0.0,-0.020653317644863556,-0.020653317644863556,-0.020869580285901128,PASS,2026-06-08T21:24:34Z,D20260608.01
HKTECH,HK,index,2022-09-20,3829.1,3884.82,3829.1,3853.98,3778.77,0.0,0.0,0.019903301868068102,0.019903301868068102,0.019707820712048227,PASS,2026-06-08T21:24:34Z,D20260608.01
HKTECH,HK,index,2022-09-21,3815.11,3815.11,3733.82,3737.32,3853.98,0.0,0.0,-0.030270006590589427,-0.030270006590589427,-0.03073760354318134,PASS,2026-06-08T21:24:34Z,D20260608.01
HKTECH,HK,index,2022-09-22,3626.1,3682.8,3606.66,3673.8,3737.32,0.0,0.0,-0.016996136268770168,-0.016996136268770168,-0.017142228292105235,PASS,2026-06-08T21:24:34Z,D20260608.01
HKTECH,HK,index,2022-09-23,3652.48,3668.02,3589.52,3589.63,3673.8,0.0,0.0,-0.022910882465022597,-0.022910882465022597,-0.023177415607957507,PASS,2026-06-08T21:24:34Z,D20260608.01
HKTECH,HK,index,2022-09-26,3556.83,3699.93,3556.83,3647.39,3589.63,0.0,0.0,0.01609079487300913,0.01609079487300913,0.01596271019596281,PASS,2026-06-08T21:24:34Z,D20260608.01
HKTECH,HK,index,2022-09-27,3649.0,3673.82,3581.78,3667.41,3647.39,0.0,0.0,0.00548885641513519,0.00548885641513519,0.005473847538759261,PASS,2026-06-08T21:24:34Z,D20260608.01
HKTECH,HK,index,2022-09-28,3613.9,3613.9,3507.51,3526.23,3667.41,0.0,0.0,-0.03849583220856134,-0.03849583220856134,-0.03925637928621405,PASS,2026-06-08T21:24:34Z,D20260608.01
HKTECH,HK,index,2022-09-29,3612.59,3618.91,3439.6,3482.52,3526.23,0.0,0.0,-0.012395674700742765,-0.012395674700742765,-0.01247314191432676,PASS,2026-06-08T21:24:34Z,D20260608.01
HKTECH,HK,index,2022-09-30,3488.52,3514.56,3385.26,3450.12,3482.52,0.0,0.0,-0.009303607732331742,-0.009303607732331742,-0.009347156608987472,PASS,2026-06-08T21:24:34Z,D20260608.01
HKTECH,HK,index,2022-10-03,3423.37,3497.26,3393.9,3427.13,3450.12,0.0,0.0,-0.006663536340764886,-0.006663536340764886,-0.006685836820961604,PASS,2026-06-08T21:24:34Z,D20260608.01
HKTECH,HK,index,2022-10-05,3597.35,3709.39,3586.29,3685.51,3427.13,0.0,0.0,0.07539252960932319,0.07539252960932319,0.07268573875347051,PASS,2026-06-08T21:24:34Z,D20260608.01
HKTECH,HK,index,2022-10-06,3694.59,3700.02,3635.94,3660.72,3685.51,0.0,0.0,-0.006726341808867775,-0.006726341808867775,-0.00674906560192172,PASS,2026-06-08T21:24:34Z,D20260608.01
HKTECH,HK,index,2022-10-07,3608.88,3610.46,3536.61,3539.87,3660.72,0.0,0.0,-0.033012631394916836,-0.033012631394916836,-0.033569846070120986,PASS,2026-06-08T21:24:34Z,D20260608.01
HKTECH,HK,index,2022-10-10,3441.51,3447.33,3382.9,3398.88,3539.87,0.0,0.0,-0.039829146268083204,-0.039829146268083204,-0.040644037718092836,PASS,2026-06-08T21:24:34Z,D20260608.01
HKTECH,HK,index,2022-10-11,3374.65,3385.43,3261.57,3278.24,3398.88,0.0,0.0,-0.03549404509720855,-0.03549404509720855,-0.036139272572684546,PASS,2026-06-08T21:24:34Z,D20260608.01
HKTECH,HK,index,2022-10-12,3250.28,3374.29,3159.67,3269.54,3278.24,0.0,0.0,-0.002653863048464933,-0.002653863048464933,-0.002657390785808404,PASS,2026-06-08T21:24:34Z,D20260608.01
HKTECH,HK,index,2022-10-13,3260.37,3279.15,3155.52,3157.75,3269.54,0.0,0.0,-0.03419135413544416,-0.03419135413544416,-0.034789553558995934,PASS,2026-06-08T21:24:34Z,D20260608.01
HKTECH,HK,index,2022-10-14,3216.45,3318.32,3189.43,3206.63,3157.75,0.0,0.0,0.015479376138072931,0.015479376138072931,0.015360792760748757,PASS,2026-06-08T21:24:34Z,D20260608.01
HKTECH,HK,index,2022-10-17,3159.34,3248.77,3092.21,3200.12,3206.63,0.0,0.0,-0.0020301687441333094,-0.0020301687441333094,-0.0020322323301230146,PASS,2026-06-08T21:24:34Z,D20260608.01
HKTECH,HK,index,2022-10-18,3266.05,3344.05,3217.08,3336.25,3200.12,0.0,0.0,0.04253902978638302,0.04253902978638302,0.04165911263402341,PASS,2026-06-08T21:24:34Z,D20260608.01
HKTECH,HK,index,2022-10-19,3308.93,3313.34,3194.73,3196.58,3336.25,0.0,0.0,-0.04186436867740728,-0.04186436867740728,-0.042765933451441904,PASS,2026-06-08T21:24:34Z,D20260608.01
HKTECH,HK,index,2022-10-20,3091.04,3182.74,3042.61,3120.83,3196.58,0.0,0.0,-0.023697201383979127,-0.023697201383979127,-0.0239824962012849,PASS,2026-06-08T21:24:34Z,D20260608.01
HKTECH,HK,index,2022-10-21,3149.37,3164.32,3093.74,3101.37,3120.83,0.0,0.0,-0.006235520678793849,-0.006235520678793849,-0.006255042733623043,PASS,2026-06-08T21:24:34Z,D20260608.01
HKTECH,HK,index,2022-10-24,3001.7,3062.62,2768.4,2801.99,3101.37,0.0,0.0,-0.0965315328387133,-0.0965315328387133,-0.10151407032117224,PASS,2026-06-08T21:24:34Z,D20260608.01
HKTECH,HK,index,2022-10-25,2835.19,2973.28,2720.38,2884.79,2801.99,0.0,0.0,0.029550426661051787,0.029550426661051787,0.029122227987018693,PASS,2026-06-08T21:24:34Z,D20260608.01
HKTECH,HK,index,2022-10-26,2863.73,3023.87,2854.1,2956.41,2884.79,0.0,0.0,0.02482676381989668,0.02482676381989668,0.024523587399000762,PASS,2026-06-08T21:24:34Z,D20260608.01
HKTECH,HK,index,2022-10-27,3083.97,3094.81,2978.61,2989.18,2956.41,0.0,0.0,0.01108438951295665,0.01108438951295665,0.011023407883141741,PASS,2026-06-08T21:24:34Z,D20260608.01
HKTECH,HK,index,2022-10-28,2977.91,2977.91,2797.41,2822.92,2989.18,0.0,0.0,-0.05562060498196819,-0.05562060498196819,-0.05722729207526024,PASS,2026-06-08T21:24:34Z,D20260608.01
HKTECH,HK,index,2022-10-31,2828.48,2959.34,2792.13,2852.57,2822.92,0.0,0.0,0.010503308630779529,0.010503308630779529,0.010448532107320833,PASS,2026-06-08T21:24:34Z,D20260608.01
HKTECH,HK,index,2022-11-01,2903.05,3117.99,2893.08,3075.16,2852.57,0.0,0.0,0.07803138923847608,0.07803138923847608,0.07513659009486527,PASS,2026-06-08T21:24:34Z,D20260608.01
HKTECH,HK,index,2022-11-02,3047.88,3174.72,3011.33,3156.59,3075.16,0.0,0.0,0.02647992299587676,0.02647992299587676,0.026135398586967295,PASS,2026-06-08T21:24:34Z,D20260608.01
HKTECH,HK,index,2022-11-03,3060.43,3119.91,3023.92,3035.39,3156.59,0.0,0.0,-0.038395863891097726,-0.038395863891097726,-0.039152413932467815,PASS,2026-06-08T21:24:34Z,D20260608.01
HKTECH,HK,index,2022-11-04,3077.12,3366.3,3077.12,3264.23,3035.39,0.0,0.0,0.07539064172972831,0.07539064172972831,0.07268398322588407,PASS,2026-06-08T21:24:34Z,D20260608.01
HKTECH,HK,index,2022-11-07,3205.11,3455.1,3189.79,3396.64,3264.23,0.0,0.0,0.04056393085046084,0.04056393085046084,0.03976280739600936,PASS,2026-06-08T21:24:34Z,D20260608.01
HKTECH,HK,index,2022-11-08,3399.08,3419.07,3314.51,3343.76,3396.64,0.0,0.0,-0.015568326346035999,-0.015568326346035999,-0.015690785389641346,PASS,2026-06-08T21:24:34Z,D20260608.01
HKTECH,HK,index,2022-11-09,3346.92,3398.7,3244.05,3280.48,3343.76,0.0,0.0,-0.018924803215541797,-0.018924803215541797,-0.01910616915931365,PASS,2026-06-08T21:24:34Z,D20260608.01
HKTECH,HK,index,2022-11-10,3202.02,3209.83,3159.0,3172.76,3280.48,0.0,0.0,-0.032836658050041434,-0.032836658050041434,-0.03338788160954339,PASS,2026-06-08T21:24:34Z,D20260608.01
HKTECH,HK,index,2022-11-11,3487.19,3508.35,3363.12,3491.7,3172.76,0.0,0.0,0.10052446450409103,0.10052446450409103,0.09578685209084706,PASS,2026-06-08T21:24:34Z,D20260608.01
HKTECH,HK,index,2022-11-14,3685.72,3685.72,3513.27,3554.39,3491.7,0.0,0.0,0.01795400521236079,0.01795400521236079,0.017794735587341095,PASS,2026-06-08T21:24:34Z,D20260608.01
HKTECH,HK,index,2022-11-15,3549.26,3829.29,3513.41,3813.86,3554.39,0.0,0.0,0.07299986776915324,0.07299986776915324,0.0704583404138411,PASS,2026-06-08T21:24:34Z,D20260608.01
HKTECH,HK,index,2022-11-16,3780.72,3869.42,3712.02,3805.25,3813.86,0.0,0.0,-0.0022575553376369406,-0.0022575553376369406,-0.002260107457446136,PASS,2026-06-08T21:24:34Z,D20260608.01
HKTECH,HK,index,2022-11-17,3730.33,3761.79,3591.14,3721.61,3805.25,0.0,0.0,-0.021980158990867804,-0.021980158990867804,-0.022225321822703804,PASS,2026-06-08T21:24:34Z,D20260608.01
HKTECH,HK,index,2022-11-18,3833.6,3885.43,3711.67,3742.7,3721.61,0.0,0.0,0.005666902227799087,0.005666902227799087,0.005650905742594427,PASS,2026-06-08T21:24:34Z,D20260608.01
HKTECH,HK,index,2022-11-21,3636.57,3667.3,3555.64,3631.97,3742.7,0.0,0.0,-0.02958559328826782,-0.02958559328826782,-0.030032075304490535,PASS,2026-06-08T21:24:34Z,D20260608.01
HKTECH,HK,index,2022-11-22,3609.66,3641.55,3487.87,3515.37,3631.97,0.0,0.0,-0.032103789403546856,-0.032103789403546856,-0.03263041791229384,PASS,2026-06-08T21:24:34Z,D20260608.01
HKTECH,HK,index,2022-11-23,3541.25,3595.99,3486.39,3555.02,3515.37,0.0,0.0,0.011279040328614043,0.011279040328614043,0.011215906237677075,PASS,2026-06-08T21:24:34Z,D20260608.01
HKTECH,HK,index,2022-11-24,3595.06,3619.88,3539.47,3582.95,3555.02,0.0,0.0,0.007856495884692505,0.007856495884692505,0.007825794320533326,PASS,2026-06-08T21:24:34Z,D20260608.01
HKTECH,HK,index,2022-11-25,3577.43,3577.43,3485.68,3500.31,3582.95,0.0,0.0,-0.023064792977853465,-0.023064792977853465,-0.023334947437234035,PASS,2026-06-08T21:24:34Z,D20260608.01
HKTECH,HK,index,2022-11-28,3343.27,3451.94,3313.73,3432.86,3500.31,0.0,0.0,-0.019269721824638375,-0.019269721824638375,-0.019457803016037018,PASS,2026-06-08T21:24:34Z,D20260608.01
HKTECH,HK,index,2022-11-29,3534.84,3698.25,3496.19,3695.8,3432.86,0.0,0.0,0.07659502572199273,0.07659502572199273,0.07380330677550308,PASS,2026-06-08T21:24:34Z,D20260608.01
HKTECH,HK,index,2022-11-30,3679.27,3814.59,3642.24,3798.19,3695.8,0.0,0.0,0.027704421234915344,0.027704421234915344,0.027327597707278158,PASS,2026-06-08T21:24:34Z,D20260608.01
HKTECH,HK,index,2022-12-01,3950.8,4018.9,3830.26,3839.27,3798.19,0.0,0.0,0.010815677993991857,0.010815677993991857,0.01075760689241507,PASS,2026-06-08T21:24:34Z,D20260608.01
HKTECH,HK,index,2022-12-02,3858.03,3932.58,3818.84,3878.81,3839.27,0.0,0.0,0.010298832851036721,0.010298832851036721,0.010246161200992802,PASS,2026-06-08T21:24:34Z,D20260608.01
HKTECH,HK,index,2022-12-05,4064.58,4241.07,4007.06,4238.2,3878.81,0.0,0.0,0.09265470595363001,0.09265470595363001,0.08861024524245423,PASS,2026-06-08T21:24:34Z,D20260608.01
HKTECH,HK,index,2022-12-06,4120.38,4279.14,4116.88,4161.21,4238.2,0.0,0.0,-0.01816573073474581,-0.01816573073474581,-0.01833275343967623,PASS,2026-06-08T21:24:34Z,D20260608.01
HKTECH,HK,index,2022-12-07,4153.9,4316.84,3990.76,4004.31,4161.21,0.0,0.0,-0.0377053789642916,-0.0377053789642916,-0.03843461633122849,PASS,2026-06-08T21:24:34Z,D20260608.01
HKTECH,HK,index,2022-12-08,4067.4,4286.2,4067.4,4270.21,4004.31,0.0,0.0,0.06640345028232075,0.06640345028232075,0.06429172532566566,PASS,2026-06-08T21:24:34Z,D20260608.01
HKTECH,HK,index,2022-12-09,4279.14,4390.86,4224.38,4369.53,4270.21,0.0,0.0,0.02325880928572599,0.02325880928572599,0.02299244547691928,PASS,2026-06-08T21:24:34Z,D20260608.01
HKTECH,HK,index,2022-12-12,4258.59,4307.6,4156.2,4192.67,4369.53,0.0,0.0,-0.04047574910802754,-0.04047574910802754,-0.04131768934416575,PASS,2026-06-08T21:24:34Z,D20260608.01
HKTECH,HK,index,2022-12-13,4167.7,4279.56,4160.17,4223.2,4192.67,0.0,0.0,0.007281756017048835,0.007281756017048835,0.007255372035426665,PASS,2026-06-08T21:24:34Z,D20260608.01
HKTECH,HK,index,2022-12-14,4269.27,4289.49,4162.17,4237.66,4223.2,0.0,0.0,0.003423943928774431,0.003423943928774431,0.003418095578574089,PASS,2026-06-08T21:24:34Z,D20260608.01
HKTECH,HK,index,2022-12-15,4225.64,4235.97,4118.62,4136.42,4237.66,0.0,0.0,-0.02389054336591412,-0.02389054336591412,-0.024180550666521004,PASS,2026-06-08T21:24:34Z,D20260608.01
HKTECH,HK,index,2022-12-16,4123.38,4210.57,4048.5,4149.22,4136.42,0.0,0.0,0.0030944633281919653,0.0030944633281919653,0.0030896853309011728,PASS,2026-06-08T21:24:34Z,D20260608.01
HKTECH,HK,index,2022-12-19,4170.91,4283.35,4099.94,4125.06,4149.22,0.0,0.0,-0.005822781149227962,-0.005822781149227962,-0.005839799634817845,PASS,2026-06-08T21:24:34Z,D20260608.01
HKTECH,HK,index,2022-12-20,4057.24,4078.48,3945.61,3996.36,4125.06,0.0,0.0,-0.031199546188419136,-0.031199546188419136,-0.031696618316877,PASS,2026-06-08T21:24:34Z,D20260608.01
HKTECH,HK,index,2022-12-21,4017.03,4048.39,3981.93,4024.84,3996.36,0.0,0.0,0.007126485101442315,0.007126485101442315,0.007101211709089028,PASS,2026-06-08T21:24:34Z,D20260608.01
HKTECH,HK,index,2022-12-22,4134.12,4235.63,4120.16,4210.53,4024.84,0.0,0.0,0.04613599546814262,0.04613599546814262,0.045103371979440386,PASS,2026-06-08T21:24:34Z,D20260608.01
HKTECH,HK,index,2022-12-23,4113.64,4197.5,4105.37,4124.33,4210.53,0.0,0.0,-0.020472482086578148,-0.020472482086578148,-0.020684948155084024,PASS,2026-06-08T21:24:34Z,D20260608.01
HKTECH,HK,index,2022-12-28,4165.23,4263.34,4165.23,4212.44,4124.33,0.0,0.0,0.021363469945421265,0.021363469945421265,0.021138469901626423,PASS,2026-06-08T21:24:34Z,D20260608.01
HKTECH,HK,index,2022-12-29,4119.4,4158.15,4074.33,4107.43,4212.44,0.0,0.0,-0.024928544976308142,-0.024928544976308142,-0.025244523465879274,PASS,2026-06-08T21:24:34Z,D20260608.01
HKTECH,HK,index,2022-12-30,4203.15,4211.3,4122.14,4128.79,4107.43,0.0,0.0,0.0052003320811309095,0.0052003320811309095,0.005186857050487542,PASS,2026-06-08T21:24:34Z,D20260608.01
HKTECH,HK,index,2023-01-03,4081.29,4246.03,4018.85,4233.37,4128.79,0.0,0.0,0.025329454876610313,0.025329454876610313,0.025013980338039712,PASS,2026-06-08T21:24:34Z,D20260608.01
HKTECH,HK,index,2023-01-04,4288.39,4427.17,4255.29,4427.17,4233.37,0.0,0.0,0.04577913104689646,0.04577913104689646,0.04476218755930337,PASS,2026-06-08T21:24:34Z,D20260608.01
HKTECH,HK,index,2023-01-05,4565.78,4601.0,4460.83,4494.22,4427.17,0.0,0.0,0.015145115276802068,0.015145115276802068,0.015031572990473013,PASS,2026-06-08T21:24:34Z,D20260608.01
HKTECH,HK,index,2023-01-06,4552.38,4553.32,4395.15,4431.12,4494.22,0.0,0.0,-0.014040256151234387,-0.014040256151234387,-0.014139752952565109,PASS,2026-06-08T21:24:34Z,D20260608.01
HKTECH,HK,index,2023-01-09,4497.42,4583.81,4468.35,4570.72,4431.12,0.0,0.0,0.03150445034212579,0.03150445034212579,0.03101836795721159,PASS,2026-06-08T21:24:34Z,D20260608.01
HKTECH,HK,index,2023-01-10,4545.12,4574.07,4491.58,4558.58,4570.72,0.0,0.0,-0.0026560366856863693,-0.0026560366856863693,-0.0026595702092899235,PASS,2026-06-08T21:24:34Z,D20260608.01
HKTECH,HK,index,2023-01-11,4588.27,4642.08,4517.94,4547.12,4558.58,0.0,0.0,-0.0025139407447055673,-0.0025139407447055673,-0.0025171059996946664,PASS,2026-06-08T21:24:34Z,D20260608.01
HKTECH,HK,index,2023-01-12,4574.46,4598.36,4420.88,4487.07,4547.12,0.0,0.0,-0.013206161262513505,-0.013206161262513505,-0.01329413802550459,PASS,2026-06-08T21:24:34Z,D20260608.01
HKTECH,HK,index,2023-01-13,4492.79,4564.11,4448.52,4554.78,4487.07,0.0,0.0,0.015090025339475455,0.015090025339475455,0.014977303476328545,PASS,2026-06-08T21:24:34Z,D20260608.01
HKTECH,HK,index,2023-01-16,4577.34,4589.18,4456.44,4506.72,4554.78,0.0,0.0,-0.010551552435024147,-0.010551552435024147,-0.010607614776301183,PASS,2026-06-08T21:24:34Z,D20260608.01
HKTECH,HK,index,2023-01-17,4493.5,4567.33,4444.64,4500.54,4506.72,0.0,0.0,-0.0013712855469166785,-0.0013712855469166785,-0.0013722266193600138,PASS,2026-06-08T21:24:34Z,D20260608.01
HKTECH,HK,index,2023-01-18,4477.82,4537.48,4432.79,4524.67,4500.54,0.0,0.0,0.005361578832762337,0.005361578832762337,0.005347256738855106,PASS,2026-06-08T21:24:34Z,D20260608.01
HKTECH,HK,index,2023-01-19,4444.74,4490.92,4413.42,4449.91,4524.67,0.0,0.0,-0.016522751935500346,-0.016522751935500346,-0.016660775061179828,PASS,2026-06-08T21:24:34Z,D20260608.01
HKTECH,HK,index,2023-01-20,4487.51,4577.66,4485.33,4568.79,4449.91,0.0,0.0,0.026715147047917887,0.026715147047917887,0.026364528353059344,PASS,2026-06-08T21:24:34Z,D20260608.01
HKTECH,HK,index,2023-01-26,4662.35,4763.61,4659.24,4763.61,4568.79,0.0,0.0,0.042641487133354694,0.042641487133354694,0.04175738455458162,PASS,2026-06-08T21:24:34Z,D20260608.01
HKTECH,HK,index,2023-01-27,4786.67,4825.59,4762.27,4813.23,4763.61,0.0,0.0,0.010416469862142286,0.010416469862142286,0.010362592259915857,PASS,2026-06-08T21:24:34Z,D20260608.01
HKTECH,HK,index,2023-01-30,4774.34,4784.45,4557.74,4580.22,4813.23,0.0,0.0,-0.04841031905809601,-0.04841031905809601,-0.04962134451513125,PASS,2026-06-08T21:24:34Z,D20260608.01
HKTECH,HK,index,2023-01-31,4614.81,4646.59,4471.37,4542.58,4580.22,0.0,0.0,-0.008217945862862508,-0.008217945862862508,-0.008251899326400594,PASS,2026-06-08T21:24:34Z,D20260608.01
HKTECH,HK,index,2023-02-01,4572.9,4695.7,4530.68,4695.7,4542.58,0.0,0.0,0.033707716760079,0.033707716760079,0.03315206374783615,PASS,2026-06-08T21:24:34Z,D20260608.01
HKTECH,HK,index,2023-02-02,4763.32,4804.85,4687.52,4696.55,4695.7,0.0,0.0,0.00018101667483017003,0.00018101667483017003,0.00018100029328874502,PASS,2026-06-08T21:24:34Z,D20260608.01
HKTECH,HK,index,2023-02-03,4654.74,4694.24,4584.69,4634.19,4696.55,0.0,0.0,-0.013277831599791456,-0.013277831599791456,-0.01336677015724332,PASS,2026-06-08T21:24:34Z,D20260608.01
HKTECH,HK,index,2023-02-06,4515.83,4533.55,4433.92,4464.82,4634.19,0.0,0.0,-0.03654791883802777,-0.03654791883802777,-0.03723252649841471,PASS,2026-06-08T21:24:34Z,D20260608.01
HKTECH,HK,index,2023-02-07,4485.97,4578.67,4478.58,4516.31,4464.82,0.0,0.0,0.011532379804785053,0.011532379804785053,0.01146638878387397,PASS,2026-06-08T21:24:34Z,D20260608.01
HKTECH,HK,index,2023-02-08,4496.99,4530.58,4409.08,4431.58,4516.31,0.0,0.0,-0.018760891081436082,-0.018760891081436082,-0.018939109138387783,PASS,2026-06-08T21:24:34Z,D20260608.01
HKTECH,HK,index,2023-02-09,4386.78,4575.11,4379.17,4571.71,4431.58,0.0,0.0,0.03162077633710769,0.03162077633710769,0.03113113473801666,PASS,2026-06-08T21:24:34Z,D20260608.01
HKTECH,HK,index,2023-02-10,4509.61,4527.4,4353.31,4362.22,4571.71,0.0,0.0,-0.04582311651438953,-0.04582311651438953,-0.04690621226190487,PASS,2026-06-08T21:24:34Z,D20260608.01
HKTECH,HK,index,2023-02-13,4287.53,4395.22,4265.21,4374.9,4362.22,0.0,0.0,0.0029067768246442416,0.0029067768246442416,0.002902560317876665,PASS,2026-06-08T21:24:34Z,D20260608.01
HKTECH,HK,index,2023-02-14,4395.85,4397.43,4327.6,4330.6,4374.9,0.0,0.0,-0.01012594573590242,-0.01012594573590242,-0.010177561861439727,PASS,2026-06-08T21:24:34Z,D20260608.01
HKTECH,HK,index,2023-02-15,4342.08,4356.18,4246.88,4288.75,4330.6,0.0,0.0,-0.009663787927769896,-0.009663787927769896,-0.009710785353529948,PASS,2026-06-08T21:24:34Z,D20260608.01
HKTECH,HK,index,2023-02-16,4328.19,4474.15,4319.61,4367.1,4288.75,0.0,0.0,0.018268726318857453,0.018268726318857453,0.018103858066065355,PASS,2026-06-08T21:24:34Z,D20260608.01
HKTECH,HK,index,2023-02-17,4359.49,4403.88,4254.33,4257.63,4367.1,0.0,0.0,-0.02506697808614422,-0.02506697808614422,-0.025386505816900374,PASS,2026-06-08T21:24:34Z,D20260608.01
HKTECH,HK,index,2023-02-20,4248.18,4342.52,4224.14,4311.61,4257.63,0.0,0.0,0.012678414986741382,0.012678414986741382,0.01259871680757176,PASS,2026-06-08T21:24:34Z,D20260608.01
HKTECH,HK,index,2023-02-21,4305.53,4311.12,4151.73,4158.04,4311.61,0.0,0.0,-0.03561778546760952,-0.03561778546760952,-0.03626757484809012,PASS,2026-06-08T21:24:34Z,D20260608.01
HKTECH,HK,index,2023-02-22,4116.53,4162.04,4072.38,4100.58,4158.04,0.0,0.0,-0.01381901088012627,-0.01381901088012627,-0.013915382279278276,PASS,2026-06-08T21:24:34Z,D20260608.01
HKTECH,HK,index,2023-02-23,4090.38,4197.92,4079.31,4149.12,4100.58,0.0,0.0,0.011837349838315525,0.011837349838315525,0.011767836444548097,PASS,2026-06-08T21:24:34Z,D20260608.01
HKTECH,HK,index,2023-02-24,4092.76,4116.15,4009.57,4010.66,4149.12,0.0,0.0,-0.033370931667437875,-0.033370931667437875,-0.03394044726048881,PASS,2026-06-08T21:24:34Z,D20260608.01
HKTECH,HK,index,2023-02-27,3962.54,4043.42,3947.39,3989.83,4010.66,0.0,0.0,-0.005193658899034004,-0.005193658899034004,-0.005207192826152218,PASS,2026-06-08T21:24:34Z,D20260608.01
HKTECH,HK,index,2023-02-28,4001.54,4033.59,3906.8,3925.06,3989.83,0.0,0.0,-0.016233774371339105,-0.016233774371339105,-0.01636698573606161,PASS,2026-06-08T21:24:34Z,D20260608.01
HKTECH,HK,index,2023-03-01,3939.23,4207.14,3939.23,4185.62,3925.06,0.0,0.0,0.06638369859314253,0.06638369859314253,0.06427320337499728,PASS,2026-06-08T21:24:34Z,D20260608.01
HKTECH,HK,index,2023-03-02,4102.27,4152.55,4097.52,4126.31,4185.62,0.0,0.0,-0.014169943759825165,-0.014169943759825165,-0.01427129598902055,PASS,2026-06-08T21:24:34Z,D20260608.01
HKTECH,HK,index,2023-03-03,4232.78,4254.13,4156.67,4211.31,4126.31,0.0,0.0,0.020599518698304342,0.020599518698304342,0.02039021806061944,PASS,2026-06-08T21:24:34Z,D20260608.01
HKTECH,HK,index,2023-03-06,4188.75,4234.54,4140.99,4177.25,4211.31,0.0,0.0,-0.008087744668523689,-0.008087744668523689,-0.008120627896216709,PASS,2026-06-08T21:24:34Z,D20260608.01
HKTECH,HK,index,2023-03-07,4175.43,4253.97,4080.41,4122.6,4177.25,0.0,0.0,-0.013082769764797275,-0.013082769764797275,-0.01316910300916736,PASS,2026-06-08T21:24:34Z,D20260608.01
HKTECH,HK,index,2023-03-08,4042.62,4042.62,3954.04,3989.28,4122.6,0.0,0.0,-0.03233881531072624,-0.03233881531072624,-0.03287326879225937,PASS,2026-06-08T21:24:34Z,D20260608.01
HKTECH,HK,index,2023-03-09,3988.32,4007.13,3930.94,3930.94,3989.28,0.0,0.0,-0.014624192836802719,-0.014624192836802719,-0.014732180459234159,PASS,2026-06-08T21:24:34Z,D20260608.01
HKTECH,HK,index,2023-03-10,3819.32,3840.06,3754.31,3782.22,3930.94,0.0,0.0,-0.03783319002579544,-0.03783319002579544,-0.03856744420673928,PASS,2026-06-08T21:24:34Z,D20260608.01
HKTECH,HK,index,2023-03-13,3832.17,3958.69,3828.27,3891.48,3782.22,0.0,0.0,0.028887796056284554,0.028887796056284554,0.028478409172985004,PASS,2026-06-08T21:24:34Z,D20260608.01
HKTECH,HK,index,2023-03-14,3871.84,3913.14,3765.19,3790.62,3891.48,0.0,0.0,-0.02591815967189859,-0.02591815967189859,-0.026259953891985793,PASS,2026-06-08T21:24:34Z,D20260608.01
HKTECH,HK,index,2023-03-15,3876.08,3939.65,3839.55,3866.26,3790.62,0.0,0.0,0.01995451931346337,0.01995451931346337,0.01975803739369554,PASS,2026-06-08T21:24:34Z,D20260608.01
HKTECH,HK,index,2023-03-16,3804.69,3896.2,3785.73,3811.81,3866.26,0.0,0.0,-0.014083377734554925,-0.014083377734554925,-0.01418348955194673,PASS,2026-06-08T21:24:34Z,D20260608.01
HKTECH,HK,index,2023-03-17,3904.43,3991.28,3879.63,3979.8,3811.81,0.0,0.0,0.044070926934973276,0.044070926934973276,0.04312742482996497,PASS,2026-06-08T21:24:34Z,D20260608.01
HKTECH,HK,index,2023-03-20,3965.79,3973.83,3821.51,3870.27,3979.8,0.0,0.0,-0.027521483491632748,-0.027521483491632748,-0.02790729472751213,PASS,2026-06-08T21:24:34Z,D20260608.01
HKTECH,HK,index,2023-03-21,3911.79,3980.55,3870.78,3965.17,3870.27,0.0,0.0,0.024520253108956336,0.024520253108956336,0.02422445727541125,PASS,2026-06-08T21:24:34Z,D20260608.01
HKTECH,HK,index,2023-03-22,4012.63,4072.6,3992.78,4009.13,3965.17,0.0,0.0,0.011086536012327342,0.011086536012327342,0.011025530848459458,PASS,2026-06-08T21:24:34Z,D20260608.01
HKTECH,HK,index,2023-03-23,4010.85,4202.77,3990.55,4198.99,4009.13,0.0,0.0,0.047356907857814434,0.047356907857814434,0.0462697600060242,PASS,2026-06-08T21:24:34Z,D20260608.01
HKTECH,HK,index,2023-03-24,4182.93,4293.35,4171.28,4224.85,4198.99,0.0,0.0,0.006158623859547241,0.006158623859547241,0.006139737040501381,PASS,2026-06-08T21:24:34Z,D20260608.01
HKTECH,HK,index,2023-03-27,4209.71,4209.71,4081.0,4105.69,4224.85,0.0,0.0,-0.028204551640886866,-0.028204551640886866,-0.028609940743145927,PASS,2026-06-08T21:24:34Z,D20260608.01
HKTECH,HK,index,2023-03-28,4136.67,4176.55,4089.92,4144.12,4105.69,0.0,0.0,0.009360180627373316,0.009360180627373316,0.009316645589711778,PASS,2026-06-08T21:24:34Z,D20260608.01
HKTECH,HK,index,2023-03-29,4316.6,4341.13,4232.35,4246.35,4144.12,0.0,0.0,0.024668687200177786,0.024668687200177786,0.024369328339822388,PASS,2026-06-08T21:24:34Z,D20260608.01
HKTECH,HK,index,2023-03-30,4278.02,4310.61,4198.73,4270.32,4246.35,0.0,0.0,0.005644847928220509,0.005644847928220509,0.005628975477852773,PASS,2026-06-08T21:24:34Z,D20260608.01
HKTECH,HK,index,2023-03-31,4356.89,4360.77,4278.04,4303.71,4270.32,0.0,0.0,0.00781908615747784,0.00781908615747784,0.007788675522694778,PASS,2026-06-08T21:24:34Z,D20260608.01
HKTECH,HK,index,2023-04-03,4279.53,4314.8,4233.85,4302.52,4303.71,0.0,0.0,-0.0002765056195700444,-0.0002765056195700444,-0.00027654385429711165,PASS,2026-06-08T21:24:34Z,D20260608.01
HKTECH,HK,index,2023-04-04,4278.8,4278.8,4185.52,4233.42,4302.52,0.0,0.0,-0.016060355326645848,-0.016060355326645848,-0.016190720525127784,PASS,2026-06-08T21:24:34Z,D20260608.01
HKTECH,HK,index,2023-04-06,4168.31,4241.3,4157.12,4237.63,4233.42,0.0,0.0,0.0009944678297924003,0.0009944678297924003,0.0009939736742475467,PASS,2026-06-08T21:24:34Z,D20260608.01
HKTECH,HK,index,2023-04-11,4276.91,4309.98,4178.29,4248.14,4237.63,0.0,0.0,0.0024801599006991637,0.0024801599006991637,0.0024770893800062643,PASS,2026-06-08T21:24:34Z,D20260608.01
HKTECH,HK,index,2023-04-12,4240.2,4247.83,4143.1,4166.77,4248.14,0.0,0.0,-0.019154265160752693,-0.019154265160752693,-0.019340084749446294,PASS,2026-06-08T21:24:34Z,D20260608.01
HKTECH,HK,index,2023-04-13,4075.12,4159.85,4054.23,4159.85,4166.77,0.0,0.0,-0.0016607588131813955,-0.0016607588131813955,-0.0016621394018607868,PASS,2026-06-08T21:24:34Z,D20260608.01
HKTECH,HK,index,2023-04-14,4170.78,4196.16,4114.62,4164.03,4159.85,0.0,0.0,0.0010048439246606033,0.0010048439246606033,0.0010043394069502247,PASS,2026-06-08T21:24:34Z,D20260608.01
HKTECH,HK,index,2023-04-17,4138.5,4281.95,4124.24,4254.01,4164.03,0.0,0.0,0.021608874095527808,0.021608874095527808,0.021378712166288175,PASS,2026-06-08T21:24:34Z,D20260608.01
HKTECH,HK,index,2023-04-18,4228.41,4242.1,4180.76,4202.67,4254.01,0.0,0.0,-0.012068612908761378,-0.012068612908761378,-0.012142029909701191,PASS,2026-06-08T21:24:34Z,D20260608.01
HKTECH,HK,index,2023-04-19,4202.32,4202.32,4086.07,4102.02,4202.67,0.0,0.0,-0.023949060954107648,-0.023949060954107648,-0.024240502285599593,PASS,2026-06-08T21:24:34Z,D20260608.01
HKTECH,HK,index,2023-04-20,4098.37,4120.57,4081.62,4098.35,4102.02,0.0,0.0,-0.0008946811570884616,-0.0008946811570884616,-0.0008950816231523309,PASS,2026-06-08T21:24:34Z,D20260608.01
HKTECH,HK,index,2023-04-21,4070.64,4079.6,3944.45,3969.94,4098.35,0.0,0.0,-0.03133212146351583,-0.03133212146351583,-0.03183347245078993,PASS,2026-06-08T21:24:34Z,D20260608.01
HKTECH,HK,index,2023-04-24,3972.71,4008.2,3901.52,3961.17,3969.94,0.0,0.0,-0.0022091013969984807,-0.0022091013969984807,-0.0022115450610206313,PASS,2026-06-08T21:24:34Z,D20260608.01
HKTECH,HK,index,2023-04-25,3939.09,3939.09,3785.22,3824.09,3961.17,0.0,0.0,-0.034605937134735476,-0.034605937134735476,-0.035218905696693364,PASS,2026-06-08T21:24:34Z,D20260608.01
HKTECH,HK,index,2023-04-26,3797.36,3922.77,3795.37,3872.01,3824.09,0.0,0.0,0.012531085826954946,0.012531085826954946,0.01245322157857235,PASS,2026-06-08T21:24:34Z,D20260608.01
HKTECH,HK,index,2023-04-27,3850.03,3869.82,3820.18,3861.98,3872.01,0.0,0.0,-0.002590385871937384,-0.002590385871937384,-0.002593746726615071,PASS,2026-06-08T21:24:34Z,D20260608.01
HKTECH,HK,index,2023-04-28,3887.97,3957.65,3884.58,3901.52,3861.98,0.0,0.0,0.010238271560184087,0.010238271560184087,0.010186215466030992,PASS,2026-06-08T21:24:34Z,D20260608.01
HKTECH,HK,index,2023-05-02,3968.87,4016.54,3863.86,3898.59,3901.52,0.0,0.0,-0.000750989357993781,-0.000750989357993781,-0.0007512714917635068,PASS,2026-06-08T21:24:34Z,D20260608.01
HKTECH,HK,index,2023-05-03,3837.92,3851.45,3785.0,3835.06,3898.59,0.0,0.0,-0.016295635088583338,-0.016295635088583338,-0.01642986923486668,PASS,2026-06-08T21:24:34Z,D20260608.01
HKTECH,HK,index,2023-05-04,3851.72,3895.46,3827.63,3856.0,3835.06,0.0,0.0,0.005460149254509661,0.005460149254509661,0.005445296679889599,PASS,2026-06-08T21:24:34Z,D20260608.01
HKTECH,HK,index,2023-05-05,3910.71,3948.28,3883.2,3895.53,3856.0,0.0,0.0,0.010251556016597663,0.010251556016597663,0.010199365204507725,PASS,2026-06-08T21:24:34Z,D20260608.01
HKTECH,HK,index,2023-05-08,3908.8,3943.58,3885.24,3914.34,3895.53,0.0,0.0,0.004828611254437787,0.004828611254437787,0.004816990902874848,PASS,2026-06-08T21:24:34Z,D20260608.01
HKTECH,HK,index,2023-05-09,3916.91,3916.91,3790.57,3798.7,3914.34,0.0,0.0,-0.029542655977763843,-0.029542655977763843,-0.029987829917854616,PASS,2026-06-08T21:24:34Z,D20260608.01
HKTECH,HK,index,2023-05-10,3805.6,3829.21,3760.57,3811.66,3798.7,0.0,0.0,0.0034116934740833216,0.0034116934740833216,0.003405886851099909,PASS,2026-06-08T21:24:34Z,D20260608.01
HKTECH,HK,index,2023-05-11,3868.9,3886.91,3801.67,3862.85,3811.66,0.0,0.0,0.013429844214856601,0.013429844214856601,0.01334046321638763,PASS,2026-06-08T21:24:34Z,D20260608.01
HKTECH,HK,index,2023-05-12,3928.93,3933.05,3859.85,3874.11,3862.85,0.0,0.0,0.002914946218465664,0.002914946218465664,0.002910706000743309,PASS,2026-06-08T21:24:34Z,D20260608.01
HKTECH,HK,index,2023-05-15,3847.93,3955.58,3829.09,3925.5,3874.11,0.0,0.0,0.013264982150739124,0.013264982150739124,0.013177772650115497,PASS,2026-06-08T21:24:34Z,D20260608.01
HKTECH,HK,index,2023-05-16,3990.85,3993.05,3935.16,3958.25,3925.5,0.0,0.0,0.008342886256527793,0.008342886256527793,0.008308276743233284,PASS,2026-06-08T21:24:34Z,D20260608.01
HKTECH,HK,index,2023-05-17,3975.2,3977.27,3859.15,3870.09,3958.25,0.0,0.0,-0.022272468894081965,-0.022272468894081965,-0.022524245814174816,PASS,2026-06-08T21:24:34Z,D20260608.01
HKTECH,HK,index,2023-05-18,3911.7,3957.68,3896.6,3917.09,3870.09,0.0,0.0,0.01214442041399555,0.01214442041399555,0.012071268602435339,PASS,2026-06-08T21:24:34Z,D20260608.01
HKTECH,HK,index,2023-05-19,3868.3,3872.17,3810.1,3821.73,3917.09,0.0,0.0,-0.02434460275357475,-0.02434460275357475,-0.024645831507037565,PASS,2026-06-08T21:24:34Z,D20260608.01
HKTECH,HK,index,2023-05-22,3836.6,3942.63,3821.81,3903.58,3821.73,0.0,0.0,0.021417002247673178,0.021417002247673178,0.02119088111564855,PASS,2026-06-08T21:24:34Z,D20260608.01
HKTECH,HK,index,2023-05-23,3924.48,3947.79,3840.69,3852.45,3903.58,0.0,0.0,-0.013098232904154683,-0.013098232904154683,-0.013184771253701062,PASS,2026-06-08T21:24:34Z,D20260608.01
HKTECH,HK,index,2023-05-24,3813.79,3827.51,3762.13,3775.93,3852.45,0.0,0.0,-0.019862684785006968,-0.019862684785006968,-0.020062599566749346,PASS,2026-06-08T21:24:34Z,D20260608.01
HKTECH,HK,index,2023-05-25,3747.29,3768.22,3651.21,3691.16,3775.93,0.0,0.0,-0.02245009838635781,-0.02245009838635781,-0.022705938181500348,PASS,2026-06-08T21:24:34Z,D20260608.01
HKTECH,HK,index,2023-05-29,3735.81,3751.16,3639.9,3647.26,3691.16,0.0,0.0,-0.01189328016125002,-0.01189328016125002,-0.011964571036457207,PASS,2026-06-08T21:24:34Z,D20260608.01
HKTECH,HK,index,2023-05-30,3667.76,3709.86,3621.72,3702.13,3647.26,0.0,0.0,0.015044170144163038,0.015044170144163038,0.014932128930308656,PASS,2026-06-08T21:24:34Z,D20260608.01
HKTECH,HK,index,2023-05-31,3656.46,3656.46,3563.99,3626.73,3702.13,0.0,0.0,-0.020366653791195954,-0.020366653791195954,-0.02057691384567826,PASS,2026-06-08T21:24:34Z,D20260608.01
HKTECH,HK,index,2023-06-01,3617.57,3723.34,3611.29,3630.87,3626.73,0.0,0.0,0.0011415241829415557,0.0011415241829415557,0.0011408731396187978,PASS,2026-06-08T21:24:34Z,D20260608.01
HKTECH,HK,index,2023-06-02,3727.17,3843.89,3724.82,3824.28,3630.87,0.0,0.0,0.05326822497087491,0.05326822497087491,0.051897925283775785,PASS,2026-06-08T21:24:34Z,D20260608.01
HKTECH,HK,index,2023-06-05,3814.52,3852.59,3785.55,3840.77,3824.28,0.0,0.0,0.0043119227671613025,0.0043119227671613025,0.004302653065458569,PASS,2026-06-08T21:24:34Z,D20260608.01
HKTECH,HK,index,2023-06-06,3847.5,3908.98,3810.8,3834.34,3840.77,0.0,0.0,-0.001674143466023681,-0.001674143466023681,-0.0016755464102346644,PASS,2026-06-08T21:24:34Z,D20260608.01
HKTECH,HK,index,2023-06-07,3923.57,3946.97,3892.05,3921.02,3834.34,0.0,0.0,0.022606237318547606,0.022606237318547606,0.02235450311567411,PASS,2026-06-08T21:24:34Z,D20260608.01
HKTECH,HK,index,2023-06-08,3907.6,3914.13,3850.49,3894.3,3921.02,0.0,0.0,-0.006814553356014441,-0.006814553356014441,-0.006837878451871601,PASS,2026-06-08T21:24:34Z,D20260608.01
HKTECH,HK,index,2023-06-09,3915.95,3949.71,3865.57,3934.22,3894.3,0.0,0.0,0.010250879490537379,0.010250879490537379,0.010198695543290401,PASS,2026-06-08T21:24:34Z,D20260608.01
HKTECH,HK,index,2023-06-12,3949.34,3957.61,3895.71,3944.67,3934.22,0.0,0.0,0.002656180894815341,0.002656180894815341,0.002652659480639416,PASS,2026-06-08T21:24:34Z,D20260608.01
HKTECH,HK,index,2023-06-13,3943.79,4059.79,3937.85,4038.2,3944.67,0.0,0.0,0.023710475147477483,0.023710475147477483,0.023433747525285504,PASS,2026-06-08T21:24:34Z,D20260608.01
HKTECH,HK,index,2023-06-14,4058.42,4117.16,4033.76,4052.69,4038.2,0.0,0.0,0.0035882323807636674,0.0035882323807636674,0.0035818100336186733,PASS,2026-06-08T21:24:34Z,D20260608.01
HKTECH,HK,index,2023-06-15,4128.66,4199.19,4104.38,4198.32,4052.69,0.0,0.0,0.035934157312797144,0.035934157312797144,0.035303587100227414,PASS,2026-06-08T21:24:34Z,D20260608.01
HKTECH,HK,index,2023-06-16,4218.9,4271.28,4182.73,4233.49,4198.32,0.0,0.0,0.008377160387964766,0.008377160387964766,0.00834226671769434,PASS,2026-06-08T21:24:34Z,D20260608.01
HKTECH,HK,index,2023-06-19,4205.11,4220.51,4110.64,4178.25,4233.49,0.0,0.0,-0.013048336006462713,-0.013048336006462713,-0.013134213398779624,PASS,2026-06-08T21:24:34Z,D20260608.01
HKTECH,HK,index,2023-06-20,4168.84,4175.88,4050.5,4075.17,4178.25,0.0,0.0,-0.024670615688386244,-0.024670615688386244,-0.024980034972823247,PASS,2026-06-08T21:24:34Z,D20260608.01
HKTECH,HK,index,2023-06-21,3986.52,4016.67,3950.66,3961.58,4075.17,0.0,0.0,-0.027873683797240423,-0.027873683797240423,-0.02826952802399916,PASS,2026-06-08T21:24:34Z,D20260608.01
HKTECH,HK,index,2023-06-23,3944.81,3944.81,3847.03,3879.33,3961.58,0.0,0.0,-0.02076191822454676,-0.02076191822454676,-0.02098047727824316,PASS,2026-06-08T21:24:34Z,D20260608.01
HKTECH,HK,index,2023-06-26,3864.16,3922.1,3849.9,3872.61,3879.33,0.0,0.0,-0.001732257889893285,-0.001732257889893285,-0.0017337599835181628,PASS,2026-06-08T21:24:34Z,D20260608.01
HKTECH,HK,index,2023-06-27,3889.34,3992.84,3886.63,3972.17,3872.61,0.0,0.0,0.025708759725353136,0.025708759725353136,0.025383846535916032,PASS,2026-06-08T21:24:34Z,D20260608.01
HKTECH,HK,index,2023-06-28,3967.29,4019.51,3918.97,4001.97,3972.17,0.0,0.0,0.007502196532373828,0.007502196532373828,0.007474195017340611,PASS,2026-06-08T21:24:34Z,D20260608.01
HKTECH,HK,index,2023-06-29,3995.81,4000.01,3901.49,3933.44,4001.97,0.0,0.0,-0.017124066397299242,-0.017124066397299242,-0.017272378801697078,PASS,2026-06-08T21:24:34Z,D20260608.01
HKTECH,HK,index,2023-06-30,3920.82,3946.53,3888.11,3911.31,3933.44,0.0,0.0,-0.0056261186137325225,-0.0056261186137325225,-0.005642004832247106,PASS,2026-06-08T21:24:34Z,D20260608.01
HKTECH,HK,index,2023-07-03,3942.62,4072.98,3942.62,4054.35,3911.31,0.0,0.0,0.036570867560996145,0.036570867560996145,0.03591802254003462,PASS,2026-06-08T21:24:34Z,D20260608.01
HKTECH,HK,index,2023-07-04,4037.24,4096.53,4014.25,4074.42,4054.35,0.0,0.0,0.004950238632579929,0.004950238632579929,0.00493802648676256,PASS,2026-06-08T21:24:34Z,D20260608.01
HKTECH,HK,index,2023-07-05,4064.18,4088.44,3998.08,4016.53,4074.42,0.0,0.0,-0.014208157234649299,-0.014208157234649299,-0.014310059480994538,PASS,2026-06-08T21:24:34Z,D20260608.01
HKTECH,HK,index,2023-07-06,3977.15,4050.7,3908.62,3948.82,4016.53,0.0,0.0,-0.01685783499687543,-0.01685783499687543,-0.01700154568755641,PASS,2026-06-08T21:24:34Z,D20260608.01
HKTECH,HK,index,2023-07-07,3915.6,3950.35,3851.82,3901.21,3948.82,0.0,0.0,-0.012056766325130086,-0.012056766325130086,-0.012130038679582712,PASS,2026-06-08T21:24:34Z,D20260608.01
HKTECH,HK,index,2023-07-10,4004.99,4025.53,3919.03,3945.11,3901.21,0.0,0.0,0.01125291896616698,0.01125291896616698,0.011190075879517867,PASS,2026-06-08T21:24:34Z,D20260608.01
HKTECH,HK,index,2023-07-11,4011.82,4045.41,3975.21,4003.05,3945.11,0.0,0.0,0.014686535990124483,0.014686535990124483,0.014579733258647675,PASS,2026-06-08T21:24:34Z,D20260608.01
HKTECH,HK,index,2023-07-12,4048.73,4115.45,4035.77,4081.37,4003.05,0.0,0.0,0.019565081625260605,0.019565081625260605,0.01937614580240461,PASS,2026-06-08T21:24:34Z,D20260608.01
HKTECH,HK,index,2023-07-13,4183.47,4239.84,4176.03,4237.09,4081.37,0.0,0.0,0.03815385520058223,0.03815385520058223,0.037443996496384184,PASS,2026-06-08T21:24:34Z,D20260608.01
HKTECH,HK,index,2023-07-14,4280.46,4280.46,4200.67,4228.71,4237.09,0.0,0.0,-0.001977772480641238,-0.001977772480641238,-0.001979730855206067,PASS,2026-06-08T21:24:34Z,D20260608.01
HKTECH,HK,index,2023-07-18,4202.4,4202.4,4119.49,4129.29,4228.71,0.0,0.0,-0.023510716033967816,-0.023510716033967816,-0.023791502646731334,PASS,2026-06-08T21:24:34Z,D20260608.01
HKTECH,HK,index,2023-07-19,4064.7,4130.27,4023.9,4114.97,4129.29,0.0,0.0,-0.0034679085266473564,-0.0034679085266473564,-0.0034739356598206916,PASS,2026-06-08T21:24:34Z,D20260608.01
HKTECH,HK,index,2023-07-20,4132.32,4175.4,4051.03,4063.74,4114.97,0.0,0.0,-0.01244966548966342,-0.01244966548966342,-0.012527811849833793,PASS,2026-06-08T21:24:34Z,D20260608.01
HKTECH,HK,index,2023-07-21,4068.09,4143.41,4047.31,4104.36,4063.74,0.0,0.0,0.00999571823000478,0.00999571823000478,0.00994609146794901,PASS,2026-06-08T21:24:34Z,D20260608.01
HKTECH,HK,index,2023-07-24,4041.43,4089.98,3989.34,4015.08,4104.36,0.0,0.0,-0.021752477852819863,-0.021752477852819863,-0.0219925508391828,PASS,2026-06-08T21:24:34Z,D20260608.01
HKTECH,HK,index,2023-07-25,4191.53,4263.82,4169.77,4257.58,4015.08,0.0,0.0,0.06039730217081596,0.06039730217081596,0.05864365126768636,PASS,2026-06-08T21:24:34Z,D20260608.01
HKTECH,HK,index,2023-07-26,4212.77,4230.06,4180.19,4218.83,4257.58,0.0,0.0,-0.009101414418519416,-0.009101414418519416,-0.009143085326233731,PASS,2026-06-08T21:24:34Z,D20260608.01
HKTECH,HK,index,2023-07-27,4296.23,4357.52,4287.4,4341.19,4218.83,0.0,0.0,0.02900330186331268,0.02900330186331268,0.028590665654648385,PASS,2026-06-08T21:24:34Z,D20260608.01
HKTECH,HK,index,2023-07-28,4278.65,4481.41,4272.16,4466.57,4341.19,0.0,0.0,0.028881481805679954,0.028881481805679954,0.028472272187004554,PASS,2026-06-08T21:24:34Z,D20260608.01
HKTECH,HK,index,2023-07-31,4625.61,4688.69,4530.48,4549.95,4466.57,0.0,0.0,0.01866756817871429,0.01866756817871429,0.018495467627966108,PASS,2026-06-08T21:24:34Z,D20260608.01
HKTECH,HK,index,2023-08-01,4599.84,4661.38,4505.26,4538.1,4549.95,0.0,0.0,-0.002604424224441959,-0.002604424224441959,-0.0026078216373641105,PASS,2026-06-08T21:24:34Z,D20260608.01
HKTECH,HK,index,2023-08-02,4508.85,4540.52,4366.14,4388.77,4538.1,0.0,0.0,-0.032905841651792556,-0.032905841651792556,-0.03345941665776728,PASS,2026-06-08T21:24:34Z,D20260608.01
HKTECH,HK,index,2023-08-03,4383.01,4459.37,4367.74,4406.44,4388.77,0.0,0.0,0.004026185013112915,0.004026185013112915,0.004018101619793671,PASS,2026-06-08T21:24:34Z,D20260608.01
HKTECH,HK,index,2023-08-04,4511.22,4556.96,4444.18,4497.31,4406.44,0.0,0.0,0.020622089487205342,0.020622089487205342,0.020412333041973166,PASS,2026-06-08T21:24:34Z,D20260608.01
HKTECH,HK,index,2023-08-07,4459.16,4509.89,4413.77,4499.43,4497.31,0.0,0.0,0.00047139289931097395,0.00047139289931097395,0.0004712818285821446,PASS,2026-06-08T21:24:34Z,D20260608.01
HKTECH,HK,index,2023-08-08,4414.35,4438.93,4361.44,4374.2,4499.43,0.0,0.0,-0.02783241432803718,-0.02783241432803718,-0.02822707614039283,PASS,2026-06-08T21:24:34Z,D20260608.01
HKTECH,HK,index,2023-08-09,4310.59,4383.13,4302.39,4373.71,4374.2,0.0,0.0,-0.0001120204837455896,-0.0001120204837455896,-0.0001120267585085846,PASS,2026-06-08T21:24:34Z,D20260608.01
HKTECH,HK,index,2023-08-10,4337.68,4392.2,4297.86,4378.04,4373.71,0.0,0.0,0.0009900061961125584,0.0009900061961125584,0.0009895164631774957,PASS,2026-06-08T21:24:34Z,D20260608.01
HKTECH,HK,index,2023-08-11,4386.43,4386.43,4261.65,4273.19,4378.04,0.0,0.0,-0.0239490731012052,-0.0239490731012052,-0.024240514730746808,PASS,2026-06-08T21:24:34Z,D20260608.01
HKTECH,HK,index,2023-08-14,4157.98,4215.03,4123.46,4208.43,4273.19,0.0,0.0,-0.015154954495353423,-0.015154954495353423,-0.015270964393706777,PASS,2026-06-08T21:24:34Z,D20260608.01
HKTECH,HK,index,2023-08-15,4170.09,4229.11,4156.42,4179.13,4208.43,0.0,0.0,-0.006962216313447067,-0.006962216313447067,-0.006986565624038141,PASS,2026-06-08T21:24:34Z,D20260608.01
HKTECH,HK,index,2023-08-16,4126.57,4180.19,4114.25,4126.13,4179.13,0.0,0.0,-0.012682065405957732,-0.012682065405957732,-0.012763169236453294,PASS,2026-06-08T21:24:34Z,D20260608.01
HKTECH,HK,index,2023-08-17,4049.27,4189.46,4023.75,4158.28,4126.13,0.0,0.0,0.007791804911624123,0.007791804911624123,0.0077616055698817,PASS,2026-06-08T21:24:34Z,D20260608.01
HKTECH,HK,index,2023-08-18,4110.85,4135.9,4002.09,4007.39,4158.28,0.0,0.0,-0.036286637744451955,-0.036286637744451955,-0.036961370645066306,PASS,2026-06-08T21:24:34Z,D20260608.01
HKTECH,HK,index,2023-08-21,3951.17,4014.0,3911.65,3923.16,4007.39,0.0,0.0,-0.02101866801084995,-0.02101866801084995,-0.021242705081695325,PASS,2026-06-08T21:24:34Z,D20260608.01
HKTECH,HK,index,2023-08-22,3956.41,4049.86,3910.3,4000.92,3923.16,0.0,0.0,0.01982075673691619,0.01982075673691619,0.019626883164786633,PASS,2026-06-08T21:24:34Z,D20260608.01
HKTECH,HK,index,2023-08-23,3989.86,4049.09,3950.67,4008.86,4000.92,0.0,0.0,0.001984543554982343,0.001984543554982343,0.001982576949867363,PASS,2026-06-08T21:24:34Z,D20260608.01
HKTECH,HK,index,2023-08-24,4057.07,4175.26,4046.99,4158.02,4008.86,0.0,0.0,0.037207585198784754,0.037207585198784754,0.036532087805250246,PASS,2026-06-08T21:24:34Z,D20260608.01
HKTECH,HK,index,2023-08-25,4087.11,4109.4,4054.98,4058.95,4158.02,0.0,0.0,-0.02382624422200963,-0.02382624422200963,-0.02411467995317476,PASS,2026-06-08T21:24:34Z,D20260608.01
HKTECH,HK,index,2023-08-28,4257.21,4268.26,4118.57,4127.54,4058.95,0.0,0.0,0.016898458961061458,0.016898458961061458,0.016757268385604516,PASS,2026-06-08T21:24:34Z,D20260608.01
HKTECH,HK,index,2023-08-29,4170.47,4254.26,4153.13,4234.43,4127.54,0.0,0.0,0.025896781133556646,0.025896781133556646,0.025567138504070094,PASS,2026-06-08T21:24:34Z,D20260608.01
HKTECH,HK,index,2023-08-30,4299.73,4315.59,4175.17,4195.41,4234.43,0.0,0.0,-0.00921493565840037,-0.00921493565840037,-0.009257655822901589,PASS,2026-06-08T21:24:34Z,D20260608.01
HKTECH,HK,index,2023-08-31,4240.07,4269.67,4154.95,4179.49,4195.41,0.0,0.0,-0.003794623171513689,-0.003794623171513689,-0.0038018410191474937,PASS,2026-06-08T21:24:34Z,D20260608.01
HKTECH,HK,index,2023-09-04,4257.6,4309.87,4236.96,4305.02,4179.49,0.0,0.0,0.030034765007213915,0.030034765007213915,0.02959255410613208,PASS,2026-06-08T21:24:34Z,D20260608.01
HKTECH,HK,index,2023-09-05,4286.28,4286.28,4184.72,4193.45,4305.02,0.0,0.0,-0.02591625590589608,-0.02591625590589608,-0.02625799947289767,PASS,2026-06-08T21:24:34Z,D20260608.01
HKTECH,HK,index,2023-09-06,4167.77,4187.3,4116.76,4176.84,4193.45,0.0,0.0,-0.003960939083570758,-0.003960939083570758,-0.003968804378956584,PASS,2026-06-08T21:24:34Z,D20260608.01
HKTECH,HK,index,2023-09-07,4179.95,4179.95,4082.29,4091.65,4176.84,0.0,0.0,-0.020395801610787134,-0.020395801610787134,-0.020606668093368842,PASS,2026-06-08T21:24:34Z,D20260608.01
HKTECH,HK,index,2023-09-11,3997.62,4107.09,3983.93,4083.14,4091.65,0.0,0.0,-0.0020798455390858006,-0.0020798455390858006,-0.0020820114214739932,PASS,2026-06-08T21:24:34Z,D20260608.01
HKTECH,HK,index,2023-09-12,4058.24,4111.48,4031.35,4063.96,4083.14,0.0,0.0,-0.004697365263008346,-0.004697365263008346,-0.004708432554891264,PASS,2026-06-08T21:24:34Z,D20260608.01
HKTECH,HK,index,2023-09-13,4082.26,4093.64,4024.17,4041.19,4063.96,0.0,0.0,-0.005602909477455453,-0.005602909477455453,-0.005618664652200284,PASS,2026-06-08T21:24:34Z,D20260608.01
HKTECH,HK,index,2023-09-14,4065.08,4089.68,4028.42,4059.15,4041.19,0.0,0.0,0.004444235485092207,0.004444235485092207,0.0044343890330907736,PASS,2026-06-08T21:24:34Z,D20260608.01
HKTECH,HK,index,2023-09-15,4081.47,4128.48,4028.75,4077.91,4059.15,0.0,0.0,0.004621657243511601,0.004621657243511601,0.0046110101777956415,PASS,2026-06-08T21:24:34Z,D20260608.01
HKTECH,HK,index,2023-09-18,4040.57,4062.41,3987.35,3987.35,4077.91,0.0,0.0,-0.02220745430870219,-0.02220745430870219,-0.02245775241819781,PASS,2026-06-08T21:24:34Z,D20260608.01
HKTECH,HK,index,2023-09-19,3993.65,3999.45,3942.28,3984.79,3987.35,0.0,0.0,-0.0006420304212070294,-0.0006420304212070294,-0.0006422366109960418,PASS,2026-06-08T21:24:34Z,D20260608.01
HKTECH,HK,index,2023-09-20,3963.66,3966.01,3903.63,3921.83,3984.79,0.0,0.0,-0.01580007980345266,-0.01580007980345266,-0.015926231634851674,PASS,2026-06-08T21:24:34Z,D20260608.01
HKTECH,HK,index,2023-09-21,3887.64,3893.75,3827.18,3849.27,3921.83,0.0,0.0,-0.01850156687056803,-0.01850156687056803,-0.018674861670938375,PASS,2026-06-08T21:24:34Z,D20260608.01
HKTECH,HK,index,2023-09-22,3821.31,3997.33,3821.31,3991.33,3849.27,0.0,0.0,0.036905699002667935,0.036905699002667935,0.03624098876013244,PASS,2026-06-08T21:24:34Z,D20260608.01
HKTECH,HK,index,2023-09-25,3976.02,3976.02,3873.99,3882.9,3991.33,0.0,0.0,-0.02716638313544606,-0.02716638313544606,-0.02754221155752733,PASS,2026-06-08T21:24:34Z,D20260608.01
HKTECH,HK,index,2023-09-26,3866.42,3878.96,3794.21,3817.27,3882.9,0.0,0.0,-0.01690231527981667,-0.01690231527981667,-0.01704678969271182,PASS,2026-06-08T21:24:34Z,D20260608.01
HKTECH,HK,index,2023-09-27,3823.81,3884.18,3821.12,3833.87,3817.27,0.0,0.0,0.00434865754845748,0.00434865754845748,0.004339229460356009,PASS,2026-06-08T21:24:34Z,D20260608.01
HKTECH,HK,index,2023-09-29,3821.55,3954.89,3811.56,3920.59,3833.87,0.0,0.0,0.022619441973775967,0.022619441973775967,0.022367415778919285,PASS,2026-06-08T21:24:34Z,D20260608.01
HKTECH,HK,index,2023-10-03,3858.66,3858.66,3788.63,3817.52,3920.59,0.0,0.0,-0.026289410522395862,-0.026289410522395862,-0.026641155553222346,PASS,2026-06-08T21:24:34Z,D20260608.01
HKTECH,HK,index,2023-10-04,3796.17,3796.84,3732.33,3752.42,3817.52,0.0,0.0,-0.017052955845679896,-0.017052955845679896,-0.017200031950068046,PASS,2026-06-08T21:24:34Z,D20260608.01
HKTECH,HK,index,2023-10-05,3784.72,3806.8,3751.99,3757.82,3752.42,0.0,0.0,0.001439071319308649,0.001439071319308649,0.0014380368485101991,PASS,2026-06-08T21:24:34Z,D20260608.01
HKTECH,HK,index,2023-10-06,3795.16,3848.75,3791.78,3816.15,3757.82,0.0,0.0,0.015522297502275295,0.015522297502275295,0.015403058963446485,PASS,2026-06-08T21:24:34Z,D20260608.01
HKTECH,HK,index,2023-10-09,3807.06,3859.85,3799.79,3825.48,3816.15,0.0,0.0,0.0024448724499823715,0.0024448724499823715,0.002441888611747051,PASS,2026-06-08T21:24:34Z,D20260608.01
HKTECH,HK,index,2023-10-10,3864.33,3936.8,3864.33,3874.67,3825.48,0.0,0.0,0.012858517101121958,0.012858517101121958,0.012776548287217566,PASS,2026-06-08T21:24:34Z,D20260608.01
HKTECH,HK,index,2023-10-11,3960.67,3985.2,3935.8,3952.5,3874.67,0.0,0.0,0.02008687191425329,0.02008687191425329,0.019887792212930817,PASS,2026-06-08T21:24:34Z,D20260608.01
HKTECH,HK,index,2023-10-12,4038.54,4038.54,4005.26,4019.05,3952.5,0.0,0.0,0.016837444655281475,0.016837444655281475,0.016697266193884543,PASS,2026-06-08T21:24:34Z,D20260608.01
HKTECH,HK,index,2023-10-13,3908.83,3938.42,3870.11,3879.84,4019.05,0.0,0.0,-0.03463753872183728,-0.03463753872183728,-0.03525164062386772,PASS,2026-06-08T21:24:34Z,D20260608.01
HKTECH,HK,index,2023-10-16,3875.47,3887.14,3794.04,3811.68,3879.84,0.0,0.0,-0.017567734751948616,-0.017567734751948616,-0.01772387883863349,PASS,2026-06-08T21:24:34Z,D20260608.01
HKTECH,HK,index,2023-10-17,3855.48,3856.36,3808.43,3836.05,3811.68,0.0,0.0,0.006393506275448102,0.006393506275448102,0.006373154514215758,PASS,2026-06-08T21:24:34Z,D20260608.01
HKTECH,HK,index,2023-10-18,3818.85,3821.98,3766.63,3771.92,3836.05,0.0,0.0,-0.016717717443724744,-0.016717717443724744,-0.016859035708531558,PASS,2026-06-08T21:24:34Z,D20260608.01
HKTECH,HK,index,2023-10-19,3709.98,3731.52,3692.22,3700.15,3771.92,0.0,0.0,-0.01902744490869368,-0.01902744490869368,-0.019210796269583913,PASS,2026-06-08T21:24:34Z,D20260608.01
HKTECH,HK,index,2023-10-20,3667.3,3710.06,3658.92,3662.15,3700.15,0.0,0.0,-0.010269853924840922,-0.010269853924840922,-0.010322952732167663,PASS,2026-06-08T21:24:34Z,D20260608.01
HKTECH,HK,index,2023-10-24,3660.8,3674.46,3586.5,3622.86,3662.15,0.0,0.0,-0.010728670316617284,-0.010728670316617284,-0.010786637479872154,PASS,2026-06-08T21:24:34Z,D20260608.01
HKTECH,HK,index,2023-10-25,3786.83,3802.39,3671.09,3700.94,3622.86,0.0,0.0,0.02155203347631418,0.02155203347631418,0.021323072281032304,PASS,2026-06-08T21:24:34Z,D20260608.01
HKTECH,HK,index,2023-10-26,3699.67,3738.98,3665.31,3712.55,3700.94,0.0,0.0,0.0031370408598896393,0.0031370408598896393,0.003132130613626705,PASS,2026-06-08T21:24:34Z,D20260608.01
HKTECH,HK,index,2023-10-27,3739.81,3830.38,3722.65,3806.1,3712.55,0.0,0.0,0.025198313827423213,0.025198313827423213,0.0248860707809321,PASS,2026-06-08T21:24:34Z,D20260608.01
HKTECH,HK,index,2023-10-30,3763.2,3854.31,3763.2,3854.31,3806.1,0.0,0.0,0.012666509024986228,0.012666509024986228,0.012586959835597121,PASS,2026-06-08T21:24:34Z,D20260608.01
HKTECH,HK,index,2023-10-31,3829.23,3829.23,3746.81,3759.16,3854.31,0.0,0.0,-0.02468664949108923,-0.02468664949108923,-0.024996474480086295,PASS,2026-06-08T21:24:34Z,D20260608.01
HKTECH,HK,index,2023-11-01,3762.02,3780.15,3711.6,3752.37,3759.16,0.0,0.0,-0.001806254588791134,-0.001806254588791134,-0.001807887833611182,PASS,2026-06-08T21:24:34Z,D20260608.01
HKTECH,HK,index,2023-11-02,3813.2,3878.05,3793.55,3813.42,3752.37,0.0,0.0,0.016269717538515804,0.016269717538515804,0.01613878394358411,PASS,2026-06-08T21:24:34Z,D20260608.01
HKTECH,HK,index,2023-11-03,3865.86,3949.75,3839.98,3937.37,3813.42,0.0,0.0,0.03250363191046346,0.03250363191046346,0.03198656343569066,PASS,2026-06-08T21:24:34Z,D20260608.01
HKTECH,HK,index,2023-11-06,4025.88,4109.63,4025.88,4098.58,3937.37,0.0,0.0,0.040943574010062544,0.040943574010062544,0.040127584523091425,PASS,2026-06-08T21:24:34Z,D20260608.01
HKTECH,HK,index,2023-11-07,4052.97,4098.76,4033.41,4055.84,4098.58,0.0,0.0,-0.01042800189333859,-0.01042800189333859,-0.01048275447774662,PASS,2026-06-08T21:24:34Z,D20260608.01
HKTECH,HK,index,2023-11-08,4045.74,4091.47,4006.29,4020.84,4055.84,0.0,0.0,-0.008629531736952134,-0.008629531736952134,-0.008666981752336196,PASS,2026-06-08T21:24:34Z,D20260608.01
HKTECH,HK,index,2023-11-09,4037.74,4075.03,4004.71,4024.24,4020.84,0.0,0.0,0.0008455944529002224,0.0008455944529002224,0.0008452371393248986,PASS,2026-06-08T21:24:34Z,D20260608.01
HKTECH,HK,index,2023-11-10,3944.23,3953.45,3885.93,3892.44,4024.24,0.0,0.0,-0.03275152575393114,-0.03275152575393114,-0.03329986281700659,PASS,2026-06-08T21:24:34Z,D20260608.01
HKTECH,HK,index,2023-11-13,3915.74,3989.76,3894.84,3981.27,3892.44,0.0,0.0,0.02282116101982301,0.02282116101982301,0.02256465352457249,PASS,2026-06-08T21:24:34Z,D20260608.01
HKTECH,HK,index,2023-11-14,4004.87,4010.06,3935.25,3951.75,3981.27,0.0,0.0,-0.007414719423701532,-0.007414719423701532,-0.007442345098231392,PASS,2026-06-08T21:24:34Z,D20260608.01
HKTECH,HK,index,2023-11-15,4078.78,4125.87,4036.39,4125.87,3951.75,0.0,0.0,0.04406149174416396,0.04406149174416396,0.04311838786399004,PASS,2026-06-08T21:24:34Z,D20260608.01
HKTECH,HK,index,2023-11-16,4169.7,4169.7,4009.64,4049.72,4125.87,0.0,0.0,-0.018456713371967637,-0.018456713371967637,-0.018629163713368993,PASS,2026-06-08T21:24:34Z,D20260608.01
HKTECH,HK,index,2023-11-17,3983.68,4015.45,3951.92,3980.15,4049.72,0.0,0.0,-0.01717896545934028,-0.01717896545934028,-0.01732823589762287,PASS,2026-06-08T21:24:34Z,D20260608.01
HKTECH,HK,index,2023-11-20,4030.11,4083.03,3999.51,4077.58,3980.15,0.0,0.0,0.02447897692298029,0.02447897692298029,0.024184168157312377,PASS,2026-06-08T21:24:34Z,D20260608.01
HKTECH,HK,index,2023-11-21,4137.24,4157.51,4019.44,4037.07,4077.58,0.0,0.0,-0.009934814277095638,-0.009934814277095638,-0.009984493856583433,PASS,2026-06-08T21:24:34Z,D20260608.01
HKTECH,HK,index,2023-11-22,4034.47,4071.31,4006.62,4029.82,4037.07,0.0,0.0,-0.0017958568962143096,-0.0017958568962143096,-0.0017974713804214295,PASS,2026-06-08T21:24:34Z,D20260608.01
HKTECH,HK,index,2023-11-23,4038.24,4122.38,4021.16,4117.12,4029.82,0.0,0.0,0.021663498617804144,0.021663498617804144,0.021432179851770372,PASS,2026-06-08T21:24:34Z,D20260608.01
HKTECH,HK,index,2023-11-24,4085.35,4085.35,4018.41,4024.83,4117.12,0.0,0.0,-0.02241615498212346,-0.02241615498212346,-0.022671215846727866,PASS,2026-06-08T21:24:34Z,D20260608.01
HKTECH,HK,index,2023-11-27,4063.69,4063.69,3972.03,4031.66,4024.83,0.0,0.0,0.0016969660830394862,0.0016969660830394862,0.0016955278629399294,PASS,2026-06-08T21:24:34Z,D20260608.01
HKTECH,HK,index,2023-11-28,4035.51,4045.47,3978.14,4000.42,4031.66,0.0,0.0,-0.007748669282627962,-0.007748669282627962,-0.007778846208879434,PASS,2026-06-08T21:24:34Z,D20260608.01
HKTECH,HK,index,2023-11-29,4004.96,4004.96,3884.03,3910.24,4000.42,0.0,0.0,-0.022542633023532654,-0.022542633023532654,-0.02280060242007444,PASS,2026-06-08T21:24:34Z,D20260608.01
HKTECH,HK,index,2023-11-30,3904.16,3914.62,3850.3,3899.64,3910.24,0.0,0.0,-0.0027108310487335974,-0.0027108310487335974,-0.0027145120050263397,PASS,2026-06-08T21:24:34Z,D20260608.01
HKTECH,HK,index,2023-12-01,3885.26,3886.03,3818.94,3830.92,3899.64,0.0,0.0,-0.01762213947954161,-0.01762213947954161,-0.01777925795836967,PASS,2026-06-08T21:24:34Z,D20260608.01
HKTECH,HK,index,2023-12-04,3842.68,3842.68,3745.6,3759.72,3830.92,0.0,0.0,-0.018585613899533393,-0.018585613899533393,-0.018760496680494936,PASS,2026-06-08T21:24:34Z,D20260608.01
HKTECH,HK,index,2023-12-05,3744.05,3744.05,3647.42,3682.67,3759.72,0.0,0.0,-0.02049354739182696,-0.02049354739182696,-0.02070645396413747,PASS,2026-06-08T21:24:34Z,D20260608.01
HKTECH,HK,index,2023-12-06,3691.07,3777.56,3668.18,3747.58,3682.67,0.0,0.0,0.017625798673245097,0.017625798673245097,0.017472265752129238,PASS,2026-06-08T21:24:34Z,D20260608.01
HKTECH,HK,index,2023-12-07,3719.76,3732.69,3671.15,3720.21,3747.58,0.0,0.0,-0.007303379781085417,-0.007303379781085417,-0.0073301800271770015,PASS,2026-06-08T21:24:34Z,D20260608.01
HKTECH,HK,index,2023-12-08,3720.06,3751.81,3674.49,3705.93,3720.21,0.0,0.0,-0.0038384929882990804,-0.0038384929882990804,-0.003845878909104713,PASS,2026-06-08T21:24:34Z,D20260608.01
HKTECH,HK,index,2023-12-11,3657.29,3690.17,3603.52,3666.51,3705.93,0.0,0.0,-0.010637006095635781,-0.010637006095635781,-0.010693983450823605,PASS,2026-06-08T21:24:34Z,D20260608.01
HKTECH,HK,index,2023-12-12,3686.25,3746.68,3666.16,3730.25,3666.51,0.0,0.0,0.017384379150745533,0.017384379150745533,0.017234999593696284,PASS,2026-06-08T21:24:34Z,D20260608.01
HKTECH,HK,index,2023-12-13,3703.49,3711.11,3658.31,3686.21,3730.25,0.0,0.0,-0.011806179210508638,-0.011806179210508638,-0.011876425585897256,PASS,2026-06-08T21:24:34Z,D20260608.01
HKTECH,HK,index,2023-12-14,3733.04,3771.4,3673.4,3698.57,3686.21,0.0,0.0,0.0033530374015589004,0.0033530374015589004,0.003347428506044651,PASS,2026-06-08T21:24:34Z,D20260608.01
HKTECH,HK,index,2023-12-15,3750.26,3841.38,3749.11,3780.69,3698.57,0.0,0.0,0.022203175822006926,0.022203175822006926,0.021960274197154187,PASS,2026-06-08T21:24:34Z,D20260608.01
HKTECH,HK,index,2023-12-18,3748.42,3763.03,3711.69,3730.66,3780.69,0.0,0.0,-0.013233034181591274,-0.013233034181591274,-0.01332137095292937,PASS,2026-06-08T21:24:34Z,D20260608.01
HKTECH,HK,index,2023-12-19,3712.22,3730.88,3674.77,3707.76,3730.66,0.0,0.0,-0.00613832404989989,-0.00613832404989989,-0.006157241012999009,PASS,2026-06-08T21:24:34Z,D20260608.01
HKTECH,HK,index,2023-12-20,3758.24,3768.85,3713.04,3726.5,3707.76,0.0,0.0,0.005054264569443578,0.005054264569443578,0.0050415346498445925,PASS,2026-06-08T21:24:34Z,D20260608.01
HKTECH,HK,index,2023-12-21,3679.13,3722.15,3662.72,3710.22,3726.5,0.0,0.0,-0.00436871058634114,-0.00436871058634114,-0.0043782812870206455,PASS,2026-06-08T21:24:34Z,D20260608.01
HKTECH,HK,index,2023-12-22,3745.31,3773.15,3527.45,3548.05,3710.22,0.0,0.0,-0.04370899838823561,-0.04370899838823561,-0.044693017258106586,PASS,2026-06-08T21:24:34Z,D20260608.01
HKTECH,HK,index,2023-12-27,3641.18,3651.68,3597.56,3639.76,3548.05,0.0,0.0,0.025848001014641797,0.025848001014641797,0.025519588614484934,PASS,2026-06-08T21:24:34Z,D20260608.01
HKTECH,HK,index,2023-12-28,3647.17,3800.25,3640.94,3763.9,3639.76,0.0,0.0,0.0341066443941358,0.0341066443941358,0.03353790847983943,PASS,2026-06-08T21:24:34Z,D20260608.01
HKTECH,HK,index,2023-12-29,3778.02,3792.22,3725.3,3764.29,3763.9,0.0,0.0,0.00010361593028496152,0.00010361593028496152,0.00010361056252524419,PASS,2026-06-08T21:24:34Z,D20260608.01
HKTECH,HK,index,2024-01-02,3803.44,3808.23,3694.21,3714.77,3764.29,0.0,0.0,-0.013155203238857771,-0.013155203238857771,-0.013242499369115819,PASS,2026-06-08T21:24:34Z,D20260608.01
HKTECH,HK,index,2024-01-03,3657.96,3661.04,3623.03,3646.39,3714.77,0.0,0.0,-0.018407599932162677,-0.018407599932162677,-0.01857912800758661,PASS,2026-06-08T21:24:34Z,D20260608.01
HKTECH,HK,index,2024-01-04,3665.15,3666.42,3616.47,3654.94,3646.39,0.0,0.0,0.0023447848419944073,0.0023447848419944073,0.0023420401236953783,PASS,2026-06-08T21:24:34Z,D20260608.01
HKTECH,HK,index,2024-01-05,3627.15,3662.2,3572.28,3592.33,3654.94,0.0,0.0,-0.017130240168101274,-0.017130240168101274,-0.01727866015418603,PASS,2026-06-08T21:24:34Z,D20260608.01
HKTECH,HK,index,2024-01-08,3589.35,3589.35,3467.22,3484.75,3592.33,0.0,0.0,-0.029947137373236843,-0.029947137373236843,-0.030404711416282176,PASS,2026-06-08T21:24:34Z,D20260608.01
HKTECH,HK,index,2024-01-09,3496.62,3539.58,3451.77,3454.5,3484.75,0.0,0.0,-0.008680680106176952,-0.008680680106176952,-0.008718576681146227,PASS,2026-06-08T21:24:34Z,D20260608.01
HKTECH,HK,index,2024-01-10,3444.34,3476.86,3407.08,3428.2,3454.5,0.0,0.0,-0.007613258069185225,-0.007613258069185225,-0.007642386855893044,PASS,2026-06-08T21:24:34Z,D20260608.01
HKTECH,HK,index,2024-01-11,3434.42,3540.57,3428.99,3503.02,3428.2,0.0,0.0,0.02182486436030584,0.02182486436030584,0.021590111500181555,PASS,2026-06-08T21:24:34Z,D20260608.01
HKTECH,HK,index,2024-01-12,3476.86,3530.24,3454.61,3470.64,3503.02,0.0,0.0,-0.00924345279216221,-0.00924345279216221,-0.009286438598491662,PASS,2026-06-08T21:24:34Z,D20260608.01
HKTECH,HK,index,2024-01-15,3459.51,3459.51,3380.59,3404.0,3470.64,0.0,0.0,-0.01920106954336953,-0.01920106954336953,-0.019387804281381666,PASS,2026-06-08T21:24:34Z,D20260608.01
HKTECH,HK,index,2024-01-16,3369.6,3413.37,3310.17,3325.93,3404.0,0.0,0.0,-0.022934782608695747,-0.022934782608695747,-0.023201876463732486,PASS,2026-06-08T21:24:34Z,D20260608.01
HKTECH,HK,index,2024-01-17,3294.31,3294.31,3130.22,3160.0,3325.93,0.0,0.0,-0.04988980525747677,-0.04988980525747677,-0.05117730664857448,PASS,2026-06-08T21:24:34Z,D20260608.01
HKTECH,HK,index,2024-01-18,3167.4,3201.15,3123.27,3176.08,3160.0,0.0,0.0,0.005088607594936789,0.005088607594936789,0.005075704385709759,PASS,2026-06-08T21:24:34Z,D20260608.01
HKTECH,HK,index,2024-01-19,3171.01,3209.88,3101.61,3129.92,3176.08,0.0,0.0,-0.014533638951159888,-0.014533638951159888,-0.014640286864539354,PASS,2026-06-08T21:24:34Z,D20260608.01
HKTECH,HK,index,2024-01-22,3144.87,3156.19,2994.07,3035.47,3129.92,0.0,0.0,-0.030176490133933198,-0.030176490133933198,-0.030641172631045356,PASS,2026-06-08T21:24:34Z,D20260608.01
HKTECH,HK,index,2024-01-23,3062.22,3192.83,3047.04,3147.81,3035.47,0.0,0.0,0.037009095790767166,0.037009095790767166,0.036340700463279044,PASS,2026-06-08T21:24:34Z,D20260608.01
HKTECH,HK,index,2024-01-24,3235.1,3303.72,3150.1,3281.16,3147.81,0.0,0.0,0.04236278555567208,0.04236278555567208,0.04149004545797336,PASS,2026-06-08T21:24:34Z,D20260608.01
HKTECH,HK,index,2024-01-25,3282.02,3324.36,3220.02,3310.69,3281.16,0.0,0.0,0.008999865901083925,0.008999865901083925,0.008959608468672118,PASS,2026-06-08T21:24:34Z,D20260608.01
HKTECH,HK,index,2024-01-26,3284.66,3284.66,3175.16,3186.49,3310.69,0.0,0.0,-0.03751483829654856,-0.03751483829654856,-0.038236629351030366,PASS,2026-06-08T21:24:34Z,D20260608.01
HKTECH,HK,index,2024-01-29,3212.25,3256.08,3179.87,3203.59,3186.49,0.0,0.0,0.00536640629658347,0.00536640629658347,0.005352058446352933,PASS,2026-06-08T21:24:34Z,D20260608.01
HKTECH,HK,index,2024-01-30,3150.24,3160.3,3086.48,3098.87,3203.59,0.0,0.0,-0.03268832778226938,-0.03268832778226938,-0.03323452706427771,PASS,2026-06-08T21:24:34Z,D20260608.01
HKTECH,HK,index,2024-01-31,3090.45,3106.5,2984.9,3005.8,3098.87,0.0,0.0,-0.030033528350656757,-0.030033528350656757,-0.030493773392058058,PASS,2026-06-08T21:24:34Z,D20260608.01
HKTECH,HK,index,2024-02-01,3029.81,3128.4,3011.06,3065.95,3005.8,0.0,0.0,0.020011311464501746,0.020011311464501746,0.01981371690576991,PASS,2026-06-08T21:24:34Z,D20260608.01
HKTECH,HK,index,2024-02-02,3137.01,3165.8,3015.98,3043.9,3065.95,0.0,0.0,-0.007191898106622685,-0.007191898106622685,-0.0072178844749797915,PASS,2026-06-08T21:24:34Z,D20260608.01
HKTECH,HK,index,2024-02-05,2990.29,3095.43,2987.68,3038.84,3043.9,0.0,0.0,-0.0016623410755938206,-0.0016623410755938206,-0.0016637242976567338,PASS,2026-06-08T21:24:34Z,D20260608.01
HKTECH,HK,index,2024-02-06,3050.53,3253.99,3050.53,3243.81,3038.84,0.0,0.0,0.0674500796356503,0.0674500796356503,0.0652727012198283,PASS,2026-06-08T21:24:34Z,D20260608.01
HKTECH,HK,index,2024-02-07,3269.13,3320.86,3172.02,3190.68,3243.81,0.0,0.0,-0.01637888778935881,-0.01637888778935881,-0.01651450464653934,PASS,2026-06-08T21:24:34Z,D20260608.01
HKTECH,HK,index,2024-02-08,3179.11,3223.17,3148.38,3168.55,3190.68,0.0,0.0,-0.0069358255920366485,-0.0069358255920366485,-0.006959990229653765,PASS,2026-06-08T21:24:34Z,D20260608.01
HKTECH,HK,index,2024-02-09,3125.37,3130.47,3072.76,3127.22,3168.55,0.0,0.0,-0.013043821306275905,-0.013043821306275905,-0.013129639020899177,PASS,2026-06-08T21:24:34Z,D20260608.01
HKTECH,HK,index,2024-02-14,3074.87,3205.66,3052.62,3197.87,3127.22,0.0,0.0,0.02259195067823816,0.02259195067823816,0.02234053220528163,PASS,2026-06-08T21:24:34Z,D20260608.01
HKTECH,HK,index,2024-02-15,3184.07,3239.7,3156.14,3223.1,3197.87,0.0,0.0,0.007889626532660898,0.007889626532660898,0.00785866616644976,PASS,2026-06-08T21:24:34Z,D20260608.01
HKTECH,HK,index,2024-02-16,3231.28,3357.5,3205.51,3342.73,3223.1,0.0,0.0,0.03711644069374209,0.03711644069374209,0.0364442090515323,PASS,2026-06-08T21:24:34Z,D20260608.01
HKTECH,HK,index,2024-02-19,3320.13,3320.13,3236.95,3253.09,3342.73,0.0,0.0,-0.026816404555557893,-0.026816404555557893,-0.027182524519357605,PASS,2026-06-08T21:24:34Z,D20260608.01
HKTECH,HK,index,2024-02-20,3275.64,3283.2,3201.99,3264.4,3253.09,0.0,0.0,0.0034766944658770615,0.0034766944658770615,0.003470664735318166,PASS,2026-06-08T21:24:34Z,D20260608.01
HKTECH,HK,index,2024-02-21,3240.26,3421.13,3221.56,3351.22,3264.4,0.0,0.0,0.02659600539149598,0.02659600539149598,0.02624848003138723,PASS,2026-06-08T21:24:34Z,D20260608.01
HKTECH,HK,index,2024-02-22,3346.69,3410.02,3315.68,3410.02,3351.22,0.0,0.0,0.017545848974403366,0.017545848974403366,0.01739369773652695,PASS,2026-06-08T21:24:34Z,D20260608.01
HKTECH,HK,index,2024-02-23,3386.22,3444.28,3363.06,3399.84,3410.02,0.0,0.0,-0.0029853197341950244,-0.0029853197341950244,-0.0029897846895798686,PASS,2026-06-08T21:24:34Z,D20260608.01
HKTECH,HK,index,2024-02-26,3381.35,3425.81,3374.36,3393.29,3399.84,0.0,0.0,-0.0019265612499411722,-0.0019265612499411722,-0.0019284194560815829,PASS,2026-06-08T21:24:34Z,D20260608.01
HKTECH,HK,index,2024-02-27,3428.89,3510.57,3366.26,3503.17,3393.29,0.0,0.0,0.03238155300607959,0.03238155300607959,0.03186832063418493,PASS,2026-06-08T21:24:34Z,D20260608.01
HKTECH,HK,index,2024-02-28,3527.83,3547.16,3420.99,3426.61,3503.17,0.0,0.0,-0.02185449178886545,-0.02185449178886545,-0.022096838612196756,PASS,2026-06-08T21:24:34Z,D20260608.01
HKTECH,HK,index,2024-02-29,3390.88,3468.73,3390.88,3431.3,3426.61,0.0,0.0,0.0013686996769401993,0.0013686996769401993,0.0013677638613403872,PASS,2026-06-08T21:24:34Z,D20260608.01
HKTECH,HK,index,2024-03-01,3396.36,3496.17,3387.27,3488.13,3431.3,0.0,0.0,0.016562235887273014,0.016562235887273014,0.0164265778758698,PASS,2026-06-08T21:24:34Z,D20260608.01
HKTECH,HK,index,2024-03-04,3491.32,3503.62,3433.14,3474.77,3488.13,0.0,0.0,-0.0038301324778606816,-0.0038301324778606816,-0.0038374862184656832,PASS,2026-06-08T21:24:34Z,D20260608.01
HKTECH,HK,index,2024-03-05,3381.88,3401.93,3317.12,3323.89,3474.77,0.0,0.0,-0.043421578982206,-0.043421578982206,-0.04439250598975508,PASS,2026-06-08T21:24:34Z,D20260608.01
HKTECH,HK,index,2024-03-06,3320.58,3454.29,3320.58,3412.57,3323.89,0.0,0.0,0.026679583259373807,0.026679583259373807,0.026329889335024743,PASS,2026-06-08T21:24:34Z,D20260608.01
HKTECH,HK,index,2024-03-07,3428.32,3449.74,3323.52,3359.34,3412.57,0.0,0.0,-0.015598214835153557,-0.015598214835153557,-0.015721147012140165,PASS,2026-06-08T21:24:34Z,D20260608.01
HKTECH,HK,index,2024-03-08,3360.96,3427.77,3360.96,3385.58,3359.34,0.0,0.0,0.007811058124512549,0.007811058124512549,0.007780709742873408,PASS,2026-06-08T21:24:34Z,D20260608.01
HKTECH,HK,index,2024-03-11,3407.11,3485.81,3407.11,3482.29,3385.58,0.0,0.0,0.028565267989532073,0.028565267989532073,0.028164887494137873,PASS,2026-06-08T21:24:34Z,D20260608.01
HKTECH,HK,index,2024-03-12,3525.98,3657.4,3501.75,3643.91,3482.29,0.0,0.0,0.04641198751396347,0.04641198751396347,0.04536715761271212,PASS,2026-06-08T21:24:34Z,D20260608.01
HKTECH,HK,index,2024-03-13,3650.75,3704.06,3640.33,3656.3,3643.91,0.0,0.0,0.0034001937479246624,0.0034001937479246624,0.0033944261594107605,PASS,2026-06-08T21:24:34Z,D20260608.01
HKTECH,HK,index,2024-03-14,3668.56,3692.29,3574.48,3603.83,3656.3,0.0,0.0,-0.014350572983617416,-0.014350572983617416,-0.014454538295959812,PASS,2026-06-08T21:24:34Z,D20260608.01
HKTECH,HK,index,2024-03-15,3534.14,3550.19,3487.71,3549.84,3603.83,0.0,0.0,-0.01498128380084518,-0.01498128380084518,-0.015094636773152955,PASS,2026-06-08T21:24:34Z,D20260608.01
HKTECH,HK,index,2024-03-18,3535.49,3609.8,3522.92,3594.22,3549.84,0.0,0.0,0.012501971919861132,0.012501971919861132,0.01242446757183212,PASS,2026-06-08T21:24:34Z,D20260608.01
HKTECH,HK,index,2024-03-19,3554.15,3571.23,3514.3,3528.47,3594.22,0.0,0.0,-0.018293259733683565,-0.018293259733683565,-0.01846265039471614,PASS,2026-06-08T21:24:34Z,D20260608.01
HKTECH,HK,index,2024-03-20,3538.65,3569.97,3493.75,3551.42,3528.47,0.0,0.0,0.0065042355468518664,0.0065042355468518664,0.006483174282448209,PASS,2026-06-08T21:24:34Z,D20260608.01
HKTECH,HK,index,2024-03-21,3609.64,3647.01,3572.37,3582.9,3551.42,0.0,0.0,0.00886406000979889,0.00886406000979889,0.008825004851702479,PASS,2026-06-08T21:24:34Z,D20260608.01
HKTECH,HK,index,2024-03-22,3527.3,3531.71,3424.0,3455.88,3582.9,0.0,0.0,-0.035451729046303226,-0.035451729046303226,-0.03609540024359714,PASS,2026-06-08T21:24:34Z,D20260608.01
HKTECH,HK,index,2024-03-25,3469.3,3486.44,3421.8,3437.2,3455.88,0.0,0.0,-0.0054052802759355645,-0.0054052802759355645,-0.005419941659825806,PASS,2026-06-08T21:24:34Z,D20260608.01
HKTECH,HK,index,2024-03-26,3468.62,3499.15,3428.88,3471.49,3437.2,0.0,0.0,0.009976143372512514,0.009976143372512514,0.009926710150946556,PASS,2026-06-08T21:24:34Z,D20260608.01
HKTECH,HK,index,2024-03-27,3437.61,3443.88,3380.95,3393.43,3471.49,0.0,0.0,-0.022486021852288207,-0.022486021852288207,-0.022742687329501413,PASS,2026-06-08T21:24:34Z,D20260608.01
HKTECH,HK,index,2024-03-28,3403.95,3543.21,3403.95,3477.55,3393.43,0.0,0.0,0.02478907771782546,0.02478907771782546,0.024486813578939736,PASS,2026-06-08T21:24:34Z,D20260608.01
HKTECH,HK,index,2024-04-02,3558.92,3577.39,3525.09,3543.12,3477.55,0.0,0.0,0.018855228537332236,0.018855228537332236,0.01867967205448937,PASS,2026-06-08T21:24:34Z,D20260608.01
HKTECH,HK,index,2024-04-03,3543.75,3543.75,3450.01,3460.87,3543.12,0.0,0.0,-0.023214003477161405,-0.023214003477161405,-0.023487692362484682,PASS,2026-06-08T21:24:34Z,D20260608.01
HKTECH,HK,index,2024-04-05,3464.55,3476.47,3381.03,3450.89,3460.87,0.0,0.0,-0.002883667979438731,-0.002883667979438731,-0.0028878337603600356,PASS,2026-06-08T21:24:34Z,D20260608.01
HKTECH,HK,index,2024-04-08,3427.68,3492.47,3413.12,3444.61,3450.89,0.0,0.0,-0.0018198203941590663,-0.0018198203941590663,-0.0018214782789662777,PASS,2026-06-08T21:24:34Z,D20260608.01
HKTECH,HK,index,2024-04-09,3461.42,3510.58,3454.19,3478.24,3444.61,0.0,0.0,0.009763079129422314,0.009763079129422314,0.009715728216737624,PASS,2026-06-08T21:24:34Z,D20260608.01
HKTECH,HK,index,2024-04-10,3514.39,3587.29,3511.17,3552.01,3478.24,0.0,0.0,0.021209002254013676,0.021209002254013676,0.020987221714544254,PASS,2026-06-08T21:24:34Z,D20260608.01
HKTECH,HK,index,2024-04-11,3480.3,3553.46,3480.3,3538.39,3552.01,0.0,0.0,-0.003834448664277512,-0.003834448664277512,-0.0038418190093963507,PASS,2026-06-08T21:24:34Z,D20260608.01
HKTECH,HK,index,2024-04-12,3523.71,3549.31,3472.43,3474.47,3538.39,0.0,0.0,-0.01806471304745949,-0.01806471304745949,-0.01822987203278653,PASS,2026-06-08T21:24:34Z,D20260608.01
HKTECH,HK,index,2024-04-15,3408.05,3452.6,3392.27,3442.49,3474.47,0.0,0.0,-0.00920428151631758,-0.00920428151631758,-0.00924690264828945,PASS,2026-06-08T21:24:34Z,D20260608.01
HKTECH,HK,index,2024-04-16,3377.33,3399.06,3318.94,3337.85,3442.49,0.0,0.0,-0.030396602459266342,-0.030396602459266342,-0.030868159608938253,PASS,2026-06-08T21:24:34Z,D20260608.01
HKTECH,HK,index,2024-04-17,3340.71,3374.51,3306.29,3340.22,3337.85,0.0,0.0,0.0007100378986473199,0.0007100378986473199,0.0007097859409978278,PASS,2026-06-08T21:24:34Z,D20260608.01
HKTECH,HK,index,2024-04-18,3333.75,3391.45,3301.86,3356.82,3340.22,0.0,0.0,0.004969732532587701,0.004969732532587701,0.004957424174519334,PASS,2026-06-08T21:24:34Z,D20260608.01
HKTECH,HK,index,2024-04-19,3308.77,3308.77,3233.76,3278.06,3356.82,0.0,0.0,-0.023462681943029473,-0.023462681943029473,-0.02374231325945082,PASS,2026-06-08T21:24:34Z,D20260608.01
HKTECH,HK,index,2024-04-22,3318.19,3374.11,3292.95,3336.35,3278.06,0.0,0.0,0.01778185878232863,0.01778185878232863,0.017625611062409174,PASS,2026-06-08T21:24:34Z,D20260608.01
HKTECH,HK,index,2024-04-23,3394.36,3456.89,3376.36,3449.1,3336.35,0.0,0.0,0.033794416053471554,0.033794416053471554,0.033235932385326156,PASS,2026-06-08T21:24:34Z,D20260608.01
HKTECH,HK,index,2024-04-24,3495.13,3577.58,3474.89,3573.59,3449.1,0.0,0.0,0.036093473659795317,0.036093473659795317,0.035457365307555035,PASS,2026-06-08T21:24:34Z,D20260608.01
HKTECH,HK,index,2024-04-25,3556.41,3616.17,3526.88,3554.3,3573.59,0.0,0.0,-0.005397933170845026,-0.005397933170845026,-0.005412554653029659,PASS,2026-06-08T21:24:34Z,D20260608.01
HKTECH,HK,index,2024-04-26,3568.44,3738.18,3568.44,3718.27,3554.3,0.0,0.0,0.04613285316377347,0.04613285316377347,0.04510036825038214,PASS,2026-06-08T21:24:34Z,D20260608.01
HKTECH,HK,index,2024-04-29,3728.66,3805.88,3706.18,3713.32,3718.27,0.0,0.0,-0.001331264270749477,-0.001331264270749477,-0.0013321511902656602,PASS,2026-06-08T21:24:34Z,D20260608.01
HKTECH,HK,index,2024-04-30,3744.19,3760.98,3681.91,3700.67,3713.32,0.0,0.0,-0.0034066549610591856,-0.0034066549610591856,-0.003412470822249163,PASS,2026-06-08T21:24:34Z,D20260608.01
HKTECH,HK,index,2024-05-02,3700.23,3870.24,3683.62,3865.48,3700.67,0.0,0.0,0.04453517876492641,0.04453517876492641,0.043571981452041324,PASS,2026-06-08T21:24:34Z,D20260608.01
HKTECH,HK,index,2024-05-03,4009.96,4023.43,3922.86,3971.29,3865.48,0.0,0.0,0.027373055868870066,0.027373055868870066,0.027005113156102985,PASS,2026-06-08T21:24:34Z,D20260608.01
HKTECH,HK,index,2024-05-06,3982.25,4021.69,3952.86,4007.78,3971.29,0.0,0.0,0.00918845010059699,0.00918845010059699,0.009146493110275383,PASS,2026-06-08T21:24:34Z,D20260608.01
HKTECH,HK,index,2024-05-07,4002.76,4005.32,3909.93,3922.54,4007.78,0.0,0.0,-0.021268632509768515,-0.021268632509768515,-0.021498068905348715,PASS,2026-06-08T21:24:34Z,D20260608.01
HKTECH,HK,index,2024-05-08,3921.1,3962.63,3859.55,3872.01,3922.54,0.0,0.0,-0.012881959138721255,-0.012881959138721255,-0.012965651095507121,PASS,2026-06-08T21:24:34Z,D20260608.01
HKTECH,HK,index,2024-05-09,3874.44,3955.97,3868.67,3947.41,3872.01,0.0,0.0,0.01947309020379584,0.01947309020379584,0.019285915592104366,PASS,2026-06-08T21:24:34Z,D20260608.01
HKTECH,HK,index,2024-05-10,3975.75,4002.66,3899.83,3962.32,3947.41,0.0,0.0,0.0037771602139125005,0.0037771602139125005,0.0037700446563770883,PASS,2026-06-08T21:24:34Z,D20260608.01
HKTECH,HK,index,2024-05-13,3925.19,4031.09,3906.36,4018.69,3962.32,0.0,0.0,0.014226513759615589,0.014226513759615589,0.014126266572681435,PASS,2026-06-08T21:24:34Z,D20260608.01
HKTECH,HK,index,2024-05-14,4072.89,4111.56,4038.68,4041.45,4018.69,0.0,0.0,0.005663537122793771,0.005663537122793771,0.0056475595942545205,PASS,2026-06-08T21:24:34Z,D20260608.01
HKTECH,HK,index,2024-05-16,4091.59,4097.82,4024.42,4072.15,4041.45,0.0,0.0,0.00759628351210595,0.00759628351210595,0.007567577033884454,PASS,2026-06-08T21:24:34Z,D20260608.01
HKTECH,HK,index,2024-05-17,4135.36,4162.51,4073.61,4112.59,4072.15,0.0,0.0,0.009930871898137461,0.009930871898137461,0.009881884845583113,PASS,2026-06-08T21:24:34Z,D20260608.01
HKTECH,HK,index,2024-05-20,4124.36,4155.87,4111.51,4135.38,4112.59,0.0,0.0,0.005541520063998551,0.005541520063998551,0.00552622233079756,PASS,2026-06-08T21:24:34Z,D20260608.01
HKTECH,HK,index,2024-05-21,4079.11,4087.81,3963.82,3980.63,4135.38,0.0,0.0,-0.037420986704970294,-0.037420986704970294,-0.038139124454444055,PASS,2026-06-08T21:24:34Z,D20260608.01
HKTECH,HK,index,2024-05-22,3987.62,4036.7,3957.18,3992.59,3980.63,0.0,0.0,0.0030045495311044057,0.0030045495311044057,0.003000044892845612,PASS,2026-06-08T21:24:34Z,D20260608.01
HKTECH,HK,index,2024-05-23,3972.81,3972.81,3882.45,3896.19,3992.59,0.0,0.0,-0.024144728108821623,-0.024144728108821623,-0.02444099056139175,PASS,2026-06-08T21:24:34Z,D20260608.01
HKTECH,HK,index,2024-05-24,3865.17,3890.37,3780.16,3799.47,3896.19,0.0,0.0,-0.024824251384044427,-0.024824251384044427,-0.02513756923754504,PASS,2026-06-08T21:24:34Z,D20260608.01
HKTECH,HK,index,2024-05-27,3801.72,3876.44,3751.13,3864.48,3799.47,0.0,0.0,0.017110281170794828,0.017110281170794828,0.01696554891687243,PASS,2026-06-08T21:24:34Z,D20260608.01
HKTECH,HK,index,2024-05-28,3868.15,3921.2,3839.03,3854.57,3864.48,0.0,0.0,-0.002564381236285329,-0.002564381236285329,-0.0025676748938485454,PASS,2026-06-08T21:24:34Z,D20260608.01
HKTECH,HK,index,2024-05-29,3821.11,3823.96,3747.54,3765.24,3854.57,0.0,0.0,-0.02317508827184367,-0.02317508827184367,-0.023447853103645038,PASS,2026-06-08T21:24:34Z,D20260608.01
HKTECH,HK,index,2024-05-30,3752.11,3809.28,3735.63,3752.76,3765.24,0.0,0.0,-0.0033145297510914773,-0.0033145297510914773,-0.0033200349730074697,PASS,2026-06-08T21:24:34Z,D20260608.01
HKTECH,HK,index,2024-05-31,3814.42,3847.12,3684.85,3690.76,3752.76,0.0,0.0,-0.01652117374945372,-0.01652117374945372,-0.01665917036235891,PASS,2026-06-08T21:24:34Z,D20260608.01
HKTECH,HK,index,2024-06-03,3744.43,3820.06,3740.46,3784.04,3690.76,0.0,0.0,0.02527392732120215,0.02527392732120215,0.024959823053502105,PASS,2026-06-08T21:24:34Z,D20260608.01
HKTECH,HK,index,2024-06-04,3756.14,3813.27,3756.14,3796.17,3784.04,0.0,0.0,0.0032055686514942394,0.0032055686514942394,0.003200441769763629,PASS,2026-06-08T21:24:34Z,D20260608.01
HKTECH,HK,index,2024-06-05,3797.23,3867.64,3786.23,3807.73,3796.17,0.0,0.0,0.0030451744784876222,0.0030451744784876222,0.0030405473259633425,PASS,2026-06-08T21:24:34Z,D20260608.01
HKTECH,HK,index,2024-06-06,3859.91,3886.31,3813.28,3840.66,3807.73,0.0,0.0,0.00864819721986576,0.00864819721986576,0.008611015776807576,PASS,2026-06-08T21:24:34Z,D20260608.01
HKTECH,HK,index,2024-06-07,3855.81,3855.81,3755.79,3772.47,3840.66,0.0,0.0,-0.017754760900470234,-0.017754760900470234,-0.017914267488854906,PASS,2026-06-08T21:24:34Z,D20260608.01
HKTECH,HK,index,2024-06-11,3723.44,3772.83,3696.64,3755.42,3772.47,0.0,0.0,-0.004519585311480223,-0.004519585311480223,-0.004529829515195894,PASS,2026-06-08T21:24:34Z,D20260608.01
HKTECH,HK,index,2024-06-12,3724.16,3747.85,3682.51,3691.28,3755.42,0.0,0.0,-0.01707931469715762,-0.01707931469715762,-0.017226848455659277,PASS,2026-06-08T21:24:34Z,D20260608.01
HKTECH,HK,index,2024-06-13,3743.45,3755.36,3696.78,3739.14,3691.28,0.0,0.0,0.012965692117639316,0.012965692117639316,0.012882357089511106,PASS,2026-06-08T21:24:34Z,D20260608.01
HKTECH,HK,index,2024-06-14,3726.97,3735.1,3697.13,3707.62,3739.14,0.0,0.0,-0.008429745877394312,-0.008429745877394312,-0.008465477130459781,PASS,2026-06-08T21:24:34Z,D20260608.01
HKTECH,HK,index,2024-06-17,3686.11,3739.72,3666.04,3709.35,3707.62,0.0,0.0,0.00046660661017039473,0.00046660661017039473,0.00046649778315768705,PASS,2026-06-08T21:24:34Z,D20260608.01
HKTECH,HK,index,2024-06-18,3718.85,3751.66,3682.05,3697.21,3709.35,0.0,0.0,-0.0032728106002398727,-0.0032728106002398727,-0.0032781779589509336,PASS,2026-06-08T21:24:34Z,D20260608.01
HKTECH,HK,index,2024-06-19,3736.26,3835.05,3728.75,3832.32,3697.21,0.0,0.0,0.03654377219579086,0.03654377219579086,0.03589188277459453,PASS,2026-06-08T21:24:34Z,D20260608.01
HKTECH,HK,index,2024-06-20,3838.32,3838.32,3753.25,3767.88,3832.32,0.0,0.0,-0.016814879759519008,-0.016814879759519008,-0.01695785485573445,PASS,2026-06-08T21:24:34Z,D20260608.01
HKTECH,HK,index,2024-06-21,3720.72,3734.62,3674.31,3701.4,3767.88,0.0,0.0,-0.017643874008726357,-0.017643874008726357,-0.01780138261171699,PASS,2026-06-08T21:24:34Z,D20260608.01
HKTECH,HK,index,2024-06-24,3671.57,3678.56,3619.76,3677.51,3701.4,0.0,0.0,-0.0064543145836709614,-0.0064543145836709614,-0.006475233733139227,PASS,2026-06-08T21:24:34Z,D20260608.01
HKTECH,HK,index,2024-06-25,3689.43,3701.59,3624.48,3655.46,3677.51,0.0,0.0,-0.005995904837784338,-0.005995904837784338,-0.006013952452545015,PASS,2026-06-08T21:24:34Z,D20260608.01
HKTECH,HK,index,2024-06-26,3639.75,3709.21,3634.27,3689.68,3655.46,0.0,0.0,0.009361338928616236,0.009361338928616236,0.00931779314892854,PASS,2026-06-08T21:24:34Z,D20260608.01
HKTECH,HK,index,2024-06-27,3666.5,3668.67,3580.68,3588.86,3689.68,0.0,0.0,-0.027324862860735766,-0.027324862860735766,-0.02770513010036513,PASS,2026-06-08T21:24:34Z,D20260608.01
HKTECH,HK,index,2024-06-28,3546.7,3614.55,3546.7,3554.45,3588.86,0.0,0.0,-0.00958800287556505,-0.00958800287556505,-0.009634263711970506,PASS,2026-06-08T21:24:34Z,D20260608.01
HKTECH,HK,index,2024-07-02,3538.13,3596.2,3521.5,3539.13,3554.45,0.0,0.0,-0.004310090168661684,-0.004310090168661684,-0.004319405383205013,PASS,2026-06-08T21:24:34Z,D20260608.01
HKTECH,HK,index,2024-07-03,3564.64,3638.23,3553.24,3626.93,3539.13,0.0,0.0,0.024808356856063307,0.024808356856063307,0.024505626188590007,PASS,2026-06-08T21:24:34Z,D20260608.01
HKTECH,HK,index,2024-07-04,3692.42,3710.87,3634.59,3649.67,3626.93,0.0,0.0,0.006269765338730027,0.006269765338730027,0.006250192130374229,PASS,2026-06-08T21:24:34Z,D20260608.01
HKTECH,HK,index,2024-07-05,3649.82,3666.8,3577.29,3596.8,3649.67,0.0,0.0,-0.014486241221809082,-0.014486241221809082,-0.014592191270998712,PASS,2026-06-08T21:24:34Z,D20260608.01
HKTECH,HK,index,2024-07-08,3589.7,3621.36,3545.76,3566.63,3596.8,0.0,0.0,-0.00838801156583635,-0.00838801156583635,-0.00842338890410463,PASS,2026-06-08T21:24:34Z,D20260608.01
HKTECH,HK,index,2024-07-09,3562.73,3624.56,3539.6,3600.9,3566.63,0.0,0.0,0.009608509994027958,0.009608509994027958,0.00956264184419604,PASS,2026-06-08T21:24:34Z,D20260608.01
HKTECH,HK,index,2024-07-10,3639.26,3679.96,3596.58,3600.49,3600.9,0.0,0.0,-0.00011386042378302985,-0.00011386042378302985,-0.00011386690637316018,PASS,2026-06-08T21:24:34Z,D20260608.01
HKTECH,HK,index,2024-07-11,3637.7,3703.7,3633.46,3696.49,3600.49,0.0,0.0,0.02666303753100263,0.02666303753100263,0.026313773438725697,PASS,2026-06-08T21:24:34Z,D20260608.01
HKTECH,HK,index,2024-07-12,3746.43,3787.33,3736.31,3782.08,3696.49,0.0,0.0,0.02315439782063522,0.02315439782063522,0.0228904020921143,PASS,2026-06-08T21:24:34Z,D20260608.01
HKTECH,HK,index,2024-07-15,3736.34,3747.86,3661.1,3672.58,3782.08,0.0,0.0,-0.028952322531517027,-0.028952322531517027,-0.029379710486892637,PASS,2026-06-08T21:24:34Z,D20260608.01
HKTECH,HK,index,2024-07-16,3626.02,3641.16,3600.35,3622.84,3672.58,0.0,0.0,-0.013543612392378002,-0.013543612392378002,-0.013636163713528111,PASS,2026-06-08T21:24:34Z,D20260608.01
HKTECH,HK,index,2024-07-17,3638.92,3678.67,3617.08,3640.88,3622.84,0.0,0.0,0.004979518830530827,0.004979518830530827,0.004967162030275211,PASS,2026-06-08T21:24:34Z,D20260608.01
HKTECH,HK,index,2024-07-18,3598.75,3640.12,3571.76,3613.13,3640.88,0.0,0.0,-0.007621783744589217,-0.007621783744589217,-0.00765097797432133,PASS,2026-06-08T21:24:34Z,D20260608.01
HKTECH,HK,index,2024-07-19,3571.22,3589.28,3527.52,3536.54,3613.13,0.0,0.0,-0.021197687323733172,-0.021197687323733172,-0.021425584649486133,PASS,2026-06-08T21:24:34Z,D20260608.01
HKTECH,HK,index,2024-07-22,3550.52,3625.8,3532.28,3610.71,3536.54,0.0,0.0,0.02097247592279472,0.02097247592279472,0.02075558085911182,PASS,2026-06-08T21:24:34Z,D20260608.01
HKTECH,HK,index,2024-07-23,3634.67,3639.61,3537.28,3545.09,3610.71,0.0,0.0,-0.018173710987589686,-0.018173710987589686,-0.018340881374833126,PASS,2026-06-08T21:24:34Z,D20260608.01
HKTECH,HK,index,2024-07-24,3539.9,3561.64,3469.42,3491.2,3545.09,0.0,0.0,-0.015201306595883368,-0.015201306595883368,-0.015318030875449492,PASS,2026-06-08T21:24:34Z,D20260608.01
HKTECH,HK,index,2024-07-25,3461.91,3467.24,3408.05,3421.26,3491.2,0.0,0.0,-0.02003322639780003,-0.02003322639780003,-0.02023661237984063,PASS,2026-06-08T21:24:34Z,D20260608.01
HKTECH,HK,index,2024-07-26,3443.65,3476.47,3410.75,3443.73,3421.26,0.0,0.0,0.006567755739113501,0.006567755739113501,0.006546282002944721,PASS,2026-06-08T21:24:34Z,D20260608.01
HKTECH,HK,index,2024-07-29,3491.95,3509.46,3455.01,3466.6,3443.73,0.0,0.0,0.0066410549026780785,0.0066410549026780785,0.006619100245354062,PASS,2026-06-08T21:24:34Z,D20260608.01
HKTECH,HK,index,2024-07-30,3464.69,3464.69,3401.82,3414.04,3466.6,0.0,0.0,-0.015161830035193002,-0.015161830035193002,-0.015277945759832667,PASS,2026-06-08T21:24:34Z,D20260608.01
HKTECH,HK,index,2024-07-31,3419.78,3535.14,3411.49,3516.87,3414.04,0.0,0.0,0.030119740834905206,0.030119740834905206,0.02967504872243247,PASS,2026-06-08T21:24:34Z,D20260608.01
HKTECH,HK,index,2024-08-01,3503.51,3518.85,3461.8,3476.58,3516.87,0.0,0.0,-0.01145620964095917,-0.01145620964095917,-0.011522337545853663,PASS,2026-06-08T21:24:34Z,D20260608.01
HKTECH,HK,index,2024-08-02,3417.5,3435.91,3356.8,3385.6,3476.58,0.0,0.0,-0.026169396360791408,-0.026169396360791408,-0.026517908700030707,PASS,2026-06-08T21:24:34Z,D20260608.01
HKTECH,HK,index,2024-08-05,3333.7,3426.32,3272.06,3339.42,3385.6,0.0,0.0,-0.013640122873345928,-0.013640122873345928,-0.013734004027165138,PASS,2026-06-08T21:24:34Z,D20260608.01
HKTECH,HK,index,2024-08-06,3392.21,3409.6,3322.3,3342.52,3339.42,0.0,0.0,0.0009283049152246647,0.0009283049152246647,0.0009278743066869258,PASS,2026-06-08T21:24:34Z,D20260608.01
HKTECH,HK,index,2024-08-07,3361.6,3419.36,3346.18,3382.42,3342.52,0.0,0.0,0.011937101348683088,0.011937101348683088,0.011866416116200575,PASS,2026-06-08T21:24:34Z,D20260608.01
HKTECH,HK,index,2024-08-08,3346.91,3422.3,3317.85,3366.68,3382.42,0.0,0.0,-0.004653472957231841,-0.004653472957231841,-0.0046643340702096385,PASS,2026-06-08T21:24:34Z,D20260608.01
HKTECH,HK,index,2024-08-09,3436.69,3483.23,3429.05,3436.8,3366.68,0.0,0.0,0.020827640286573246,0.020827640286573246,0.020613710325052596,PASS,2026-06-08T21:24:34Z,D20260608.01
HKTECH,HK,index,2024-08-12,3438.01,3448.67,3392.7,3429.84,3436.8,0.0,0.0,-0.002025139664804443,-0.002025139664804443,-0.002027193032841818,PASS,2026-06-08T21:24:34Z,D20260608.01
HKTECH,HK,index,2024-08-13,3428.85,3453.13,3399.01,3429.69,3429.84,0.0,0.0,-4.3733818487212694e-05,-4.3733818487212694e-05,-4.373477483853579e-05,PASS,2026-06-08T21:24:34Z,D20260608.01
HKTECH,HK,index,2024-08-14,3447.65,3453.13,3384.28,3395.7,3429.69,0.0,0.0,-0.009910516693928728,-0.009910516693928728,-0.009959952760326499,PASS,2026-06-08T21:24:34Z,D20260608.01
HKTECH,HK,index,2024-08-15,3371.9,3434.14,3347.21,3384.38,3395.7,0.0,0.0,-0.0033336278234236127,-0.0033336278234236127,-0.0033391967405652545,PASS,2026-06-08T21:24:34Z,D20260608.01
HKTECH,HK,index,2024-08-16,3437.54,3469.42,3416.76,3459.09,3384.38,0.0,0.0,0.022074944302944655,0.022074944302944655,0.021834820113418637,PASS,2026-06-08T21:24:34Z,D20260608.01
HKTECH,HK,index,2024-08-19,3516.36,3563.68,3511.14,3517.09,3459.09,0.0,0.0,0.01676741570759943,0.01676741570759943,0.016628394458696787,PASS,2026-06-08T21:24:34Z,D20260608.01
HKTECH,HK,index,2024-08-20,3556.74,3556.74,3484.92,3498.08,3517.09,0.0,0.0,-0.005405036550102604,-0.005405036550102604,-0.005419696609456783,PASS,2026-06-08T21:24:34Z,D20260608.01
HKTECH,HK,index,2024-08-21,3401.96,3437.84,3378.65,3434.39,3498.08,0.0,0.0,-0.01820713076887892,-0.01820713076887892,-0.018374920339213934,PASS,2026-06-08T21:24:34Z,D20260608.01
HKTECH,HK,index,2024-08-22,3490.29,3513.66,3436.98,3508.61,3434.39,0.0,0.0,0.02161082462970132,0.02161082462970132,0.021380621441315945,PASS,2026-06-08T21:24:34Z,D20260608.01
HKTECH,HK,index,2024-08-23,3451.18,3474.96,3435.28,3468.94,3508.61,0.0,0.0,-0.011306471793673278,-0.011306471793673278,-0.011370875861243347,PASS,2026-06-08T21:24:34Z,D20260608.01
HKTECH,HK,index,2024-08-26,3490.43,3522.48,3479.4,3502.96,3468.94,0.0,0.0,0.009807030389686666,0.009807030389686666,0.009759253578956177,PASS,2026-06-08T21:24:34Z,D20260608.01
HKTECH,HK,index,2024-08-27,3455.61,3501.7,3438.76,3501.29,3502.96,0.0,0.0,-0.00047673967159200803,-0.00047673967159200803,-0.00047685334808007297,PASS,2026-06-08T21:24:34Z,D20260608.01
HKTECH,HK,index,2024-08-28,3478.9,3488.3,3425.73,3445.46,3501.29,0.0,0.0,-0.015945551496734045,-0.015945551496734045,-0.016074049615961872,PASS,2026-06-08T21:24:34Z,D20260608.01
HKTECH,HK,index,2024-08-29,3388.7,3467.11,3365.47,3461.22,3445.46,0.0,0.0,0.004574135238835986,0.004574135238835986,0.004563705674309932,PASS,2026-06-08T21:24:34Z,D20260608.01
HKTECH,HK,index,2024-08-30,3476.13,3614.68,3470.22,3560.61,3461.22,0.0,0.0,0.02871530847504644,0.02871530847504644,0.02831075042357673,PASS,2026-06-08T21:24:34Z,D20260608.01
HKTECH,HK,index,2024-09-02,3539.86,3539.86,3477.95,3486.4,3560.61,0.0,0.0,-0.020841934387647032,-0.020841934387647032,-0.021062193291881692,PASS,2026-06-08T21:24:34Z,D20260608.01
HKTECH,HK,index,2024-09-03,3486.02,3534.69,3472.02,3496.49,3486.4,0.0,0.0,0.0028941027994491275,0.0028941027994491275,0.002889922946616106,PASS,2026-06-08T21:24:34Z,D20260608.01
HKTECH,HK,index,2024-09-04,3467.45,3496.4,3439.94,3482.84,3496.49,0.0,0.0,-0.0039039150691120295,-0.0039039150691120295,-0.00391155523640401,PASS,2026-06-08T21:24:34Z,D20260608.01
HKTECH,HK,index,2024-09-05,3479.47,3505.65,3461.11,3487.8,3482.84,0.0,0.0,0.001424125139254162,0.001424125139254162,0.0014231120347923255,PASS,2026-06-08T21:24:34Z,D20260608.01
HKTECH,HK,index,2024-09-09,3450.98,3454.45,3410.82,3436.75,3487.8,0.0,0.0,-0.014636733757669607,-0.014636733757669607,-0.014744907583830501,PASS,2026-06-08T21:24:34Z,D20260608.01
HKTECH,HK,index,2024-09-10,3448.75,3467.59,3403.55,3450.73,3436.75,0.0,0.0,0.004067796610169427,0.004067796610169427,0.004059545493878519,PASS,2026-06-08T21:24:34Z,D20260608.01
HKTECH,HK,index,2024-09-11,3416.76,3457.0,3416.76,3450.92,3450.73,0.0,0.0,5.506081321926537e-05,5.506081321926537e-05,5.5059297428329384e-05,PASS,2026-06-08T21:24:34Z,D20260608.01
HKTECH,HK,index,2024-09-12,3479.79,3508.06,3473.66,3475.25,3450.92,0.0,0.0,0.007050293834687471,0.007050293834687471,0.007025556714365646,PASS,2026-06-08T21:24:34Z,D20260608.01
HKTECH,HK,index,2024-09-13,3477.38,3528.77,3475.52,3479.8,3475.25,0.0,0.0,0.0013092583267391156,0.0013092583267391156,0.001308401995413834,PASS,2026-06-08T21:24:34Z,D20260608.01
HKTECH,HK,index,2024-09-16,3454.69,3497.45,3422.82,3497.45,3479.8,0.0,0.0,0.005072130582217227,0.005072130582217227,0.00505931065917138,PASS,2026-06-08T21:24:34Z,D20260608.01
HKTECH,HK,index,2024-09-17,3482.67,3545.31,3472.9,3536.57,3497.45,0.0,0.0,0.011185292141417502,0.011185292141417502,0.0111231993495915,PASS,2026-06-08T21:24:34Z,D20260608.01
HKTECH,HK,index,2024-09-19,3539.08,3669.72,3528.21,3651.56,3536.57,0.0,0.0,0.03251455506323908,0.03251455506323908,0.031997142667238965,PASS,2026-06-08T21:24:34Z,D20260608.01
HKTECH,HK,index,2024-09-20,3649.32,3744.31,3638.47,3703.84,3651.56,0.0,0.0,0.014317168552618664,0.014317168552618664,0.014215645760178244,PASS,2026-06-08T21:24:34Z,D20260608.01
HKTECH,HK,index,2024-09-23,3699.23,3761.17,3688.69,3698.27,3703.84,0.0,0.0,-0.0015038446585166065,-0.0015038446585166065,-0.0015049765678479445,PASS,2026-06-08T21:24:34Z,D20260608.01
HKTECH,HK,index,2024-09-24,3785.98,3916.69,3755.15,3915.58,3698.27,0.0,0.0,0.05875990665905939,0.05875990665905939,0.05709832387925029,PASS,2026-06-08T21:24:34Z,D20260608.01
HKTECH,HK,index,2024-09-25,4063.51,4063.51,3907.06,3924.45,3915.58,0.0,0.0,0.0022653093539142244,0.0022653093539142244,0.0022627474090154164,PASS,2026-06-08T21:24:34Z,D20260608.01
HKTECH,HK,index,2024-09-26,3983.38,4222.65,3964.86,4209.71,3924.45,0.0,0.0,0.07268789257093355,0.07268789257093355,0.07016754768417699,PASS,2026-06-08T21:24:34Z,D20260608.01
HKTECH,HK,index,2024-09-27,4340.07,4516.58,4308.47,4453.24,4209.71,0.0,0.0,0.057849590589375444,0.057849590589375444,0.05623815942567997,PASS,2026-06-08T21:24:34Z,D20260608.01
HKTECH,HK,index,2024-09-30,4648.26,4841.82,4539.56,4751.81,4453.24,0.0,0.0,0.06704556682325702,0.06704556682325702,0.06489367695907888,PASS,2026-06-08T21:24:34Z,D20260608.01
HKTECH,HK,index,2024-10-02,4840.08,5252.53,4840.08,5157.08,4751.81,0.0,0.0,0.08528750097331317,0.08528750097331317,0.0818449297475795,PASS,2026-06-08T21:24:34Z,D20260608.01
HKTECH,HK,index,2024-10-03,5117.37,5118.05,4773.13,4978.64,5157.08,0.0,0.0,-0.03460097574596466,-0.03460097574596466,-0.03521376647302002,PASS,2026-06-08T21:24:34Z,D20260608.01
HKTECH,HK,index,2024-10-04,4941.96,5233.98,4885.22,5227.13,4978.64,0.0,0.0,0.04991122073497989,0.04991122073497989,0.04870560891376559,PASS,2026-06-08T21:24:34Z,D20260608.01
HKTECH,HK,index,2024-10-07,5298.43,5451.53,5236.09,5386.48,5227.13,0.0,0.0,0.030485180204050666,0.030485180204050666,0.03002974007471014,PASS,2026-06-08T21:24:34Z,D20260608.01
HKTECH,HK,index,2024-10-08,5293.05,5293.05,4611.45,4695.81,5386.48,0.0,0.0,-0.1282228839613252,-0.1282228839613252,-0.1372214886177073,PASS,2026-06-08T21:24:34Z,D20260608.01
HKTECH,HK,index,2024-10-09,4819.86,4908.88,4502.93,4640.75,4695.81,0.0,0.0,-0.011725346638812084,-0.011725346638812084,-0.011794630634144883,PASS,2026-06-08T21:24:34Z,D20260608.01
HKTECH,HK,index,2024-10-10,4772.82,4862.17,4675.69,4736.1,4640.75,0.0,0.0,0.02054624791251425,0.02054624791251425,0.02033802111645838,PASS,2026-06-08T21:24:34Z,D20260608.01
HKTECH,HK,index,2024-10-14,4702.61,4723.73,4512.14,4668.18,4736.1,0.0,0.0,-0.014340913409767508,-0.014340913409767508,-0.014444738131466723,PASS,2026-06-08T21:24:34Z,D20260608.01
HKTECH,HK,index,2024-10-15,4654.12,4682.83,4405.29,4450.95,4668.18,0.0,0.0,-0.04653419533951142,-0.04653419533951142,-0.047651717552255064,PASS,2026-06-08T21:24:34Z,D20260608.01
HKTECH,HK,index,2024-10-16,4391.14,4482.95,4368.95,4402.37,4450.95,0.0,0.0,-0.010914523865691583,-0.010914523865691583,-0.010974524264576013,PASS,2026-06-08T21:24:34Z,D20260608.01
HKTECH,HK,index,2024-10-17,4449.39,4547.31,4319.17,4349.77,4402.37,0.0,0.0,-0.01194810976814753,-0.01194810976814753,-0.01202006213583776,PASS,2026-06-08T21:24:34Z,D20260608.01
HKTECH,HK,index,2024-10-18,4337.24,4661.64,4329.92,4600.85,4349.77,0.0,0.0,0.057722592229014325,0.057722592229014325,0.056118098894023256,PASS,2026-06-08T21:24:34Z,D20260608.01
HKTECH,HK,index,2024-10-21,4580.65,4637.44,4483.22,4491.9,4600.85,0.0,0.0,-0.023680406881337324,-0.023680406881337324,-0.023965294203895843,PASS,2026-06-08T21:24:34Z,D20260608.01
HKTECH,HK,index,2024-10-22,4508.46,4565.24,4476.88,4521.63,4491.9,0.0,0.0,0.006618580110866246,0.006618580110866246,0.006596773475947973,PASS,2026-06-08T21:24:34Z,D20260608.01
HKTECH,HK,index,2024-10-23,4527.01,4669.85,4506.28,4605.62,4521.63,0.0,0.0,0.018575159842799893,0.018575159842799893,0.01840474860395711,PASS,2026-06-08T21:24:34Z,D20260608.01
HKTECH,HK,index,2024-10-24,4543.32,4570.36,4473.35,4483.99,4605.62,0.0,0.0,-0.026409039391004918,-0.026409039391004918,-0.026764021853774748,PASS,2026-06-08T21:24:34Z,D20260608.01
HKTECH,HK,index,2024-10-25,4492.6,4593.12,4492.6,4538.03,4483.99,0.0,0.0,0.012051766395553942,0.012051766395553942,0.011979722121802596,PASS,2026-06-08T21:24:34Z,D20260608.01
HKTECH,HK,index,2024-10-28,4563.74,4601.07,4516.73,4574.07,4538.03,0.0,0.0,0.007941772090532595,0.007941772090532595,0.007910402197467973,PASS,2026-06-08T21:24:34Z,D20260608.01
HKTECH,HK,index,2024-10-29,4648.47,4701.0,4601.52,4623.84,4574.07,0.0,0.0,0.010880900379749425,0.010880900379749425,0.01082212932023919,PASS,2026-06-08T21:24:34Z,D20260608.01
HKTECH,HK,index,2024-10-30,4581.18,4610.33,4491.61,4513.68,4623.84,0.0,0.0,-0.023824353783867935,-0.023824353783867935,-0.024112743375490703,PASS,2026-06-08T21:24:34Z,D20260608.01
HKTECH,HK,index,2024-10-31,4527.34,4578.4,4499.15,4499.15,4513.68,0.0,0.0,-0.003219102816327424,-0.003219102816327424,-0.003224295274163344,PASS,2026-06-08T21:24:34Z,D20260608.01
HKTECH,HK,index,2024-11-01,4504.48,4548.66,4454.93,4483.91,4499.15,0.0,0.0,-0.003387306491226094,-0.003387306491226094,-0.003393056402004082,PASS,2026-06-08T21:24:34Z,D20260608.01
HKTECH,HK,index,2024-11-04,4512.24,4554.36,4501.09,4532.18,4483.91,0.0,0.0,0.010765158087472804,0.010765158087472804,0.010707626297399641,PASS,2026-06-08T21:24:34Z,D20260608.01
HKTECH,HK,index,2024-11-05,4486.17,4694.48,4486.17,4693.85,4532.18,0.0,0.0,0.0356715752684138,0.0356715752684138,0.035050081289097604,PASS,2026-06-08T21:24:34Z,D20260608.01
HKTECH,HK,index,2024-11-06,4646.37,4667.9,4525.36,4574.5,4693.85,0.0,0.0,-0.02542688837521445,-0.02542688837521445,-0.025755738092672596,PASS,2026-06-08T21:24:34Z,D20260608.01
HKTECH,HK,index,2024-11-07,4532.54,4687.5,4508.4,4677.64,4574.5,0.0,0.0,0.02254672641818778,0.02254672641818778,0.022296306099185044,PASS,2026-06-08T21:24:34Z,D20260608.01
HKTECH,HK,index,2024-11-08,4786.41,4838.38,4658.69,4668.26,4677.64,0.0,0.0,-0.002005284716224409,-0.002005284716224409,-0.0020072979915313495,PASS,2026-06-08T21:24:34Z,D20260608.01
HKTECH,HK,index,2024-11-11,4524.49,4670.15,4524.49,4651.71,4668.26,0.0,0.0,-0.0035452181326661725,-0.0035452181326661725,-0.003551517310850841,PASS,2026-06-08T21:24:34Z,D20260608.01
HKTECH,HK,index,2024-11-12,4627.54,4680.41,4442.54,4456.86,4651.71,0.0,0.0,-0.04188782189775375,-0.04188782189775375,-0.0427904117263626,PASS,2026-06-08T21:24:34Z,D20260608.01
HKTECH,HK,index,2024-11-13,4393.88,4461.15,4363.62,4455.67,4456.86,0.0,0.0,-0.0002670041239796195,-0.0002670041239796195,-0.00026703977592701643,PASS,2026-06-08T21:24:34Z,D20260608.01
HKTECH,HK,index,2024-11-14,4388.38,4463.34,4294.34,4318.32,4455.67,0.0,0.0,-0.03082589150453252,-0.03082589150453252,-0.03131100470173033,PASS,2026-06-08T21:24:34Z,D20260608.01
HKTECH,HK,index,2024-11-15,4322.0,4394.32,4288.01,4327.84,4318.32,0.0,0.0,0.0022045610329943788,0.0022045610329943788,0.00220213455388009,PASS,2026-06-08T21:24:34Z,D20260608.01
HKTECH,HK,index,2024-11-18,4379.19,4405.57,4318.19,4341.53,4327.84,0.0,0.0,0.00316324078524155,0.00316324078524155,0.0031582482647012655,PASS,2026-06-08T21:24:34Z,D20260608.01
HKTECH,HK,index,2024-11-19,4381.92,4413.08,4341.87,4395.04,4341.53,0.0,0.0,0.01232514804688667,0.01232514804688667,0.012249811798328986,PASS,2026-06-08T21:24:34Z,D20260608.01
HKTECH,HK,index,2024-11-20,4372.37,4436.01,4364.57,4413.08,4395.04,0.0,0.0,0.004104627034111186,0.004104627034111186,0.004096226033370293,PASS,2026-06-08T21:24:34Z,D20260608.01
HKTECH,HK,index,2024-11-21,4393.04,4417.09,4347.05,4358.15,4413.08,0.0,0.0,-0.012447089107834097,-0.012447089107834097,-0.012525202991957304,PASS,2026-06-08T21:24:34Z,D20260608.01
HKTECH,HK,index,2024-11-22,4366.18,4400.54,4226.58,4246.2,4358.15,0.0,0.0,-0.02568750501933159,-0.02568750501933159,-0.026023190060902358,PASS,2026-06-08T21:24:34Z,D20260608.01
HKTECH,HK,index,2024-11-25,4275.4,4287.7,4195.27,4235.31,4246.2,0.0,0.0,-0.0025646460364560086,-0.0025646460364560086,-0.00256794037484887,PASS,2026-06-08T21:24:34Z,D20260608.01
HKTECH,HK,index,2024-11-26,4203.9,4265.98,4203.9,4221.99,4235.31,0.0,0.0,-0.0031449882062943857,-0.0031449882062943857,-0.003149944075197232,PASS,2026-06-08T21:24:34Z,D20260608.01
HKTECH,HK,index,2024-11-27,4233.08,4394.02,4188.74,4374.44,4221.99,0.0,0.0,0.036108564918438946,0.036108564918438946,0.035471930739267715,PASS,2026-06-08T21:24:34Z,D20260608.01
HKTECH,HK,index,2024-11-28,4379.81,4379.81,4301.36,4307.75,4374.44,0.0,0.0,-0.01524537998006592,-0.01524537998006592,-0.015362785575806689,PASS,2026-06-08T21:24:34Z,D20260608.01
HKTECH,HK,index,2024-11-29,4309.31,4431.75,4304.34,4353.55,4307.75,0.0,0.0,0.010632000464279479,0.010632000464279479,0.01057587819156839,PASS,2026-06-08T21:24:34Z,D20260608.01
HKTECH,HK,index,2024-12-02,4355.64,4425.39,4343.37,4405.95,4353.55,0.0,0.0,0.01203615440272876,0.01203615440272876,0.01196429592152239,PASS,2026-06-08T21:24:34Z,D20260608.01
HKTECH,HK,index,2024-12-03,4413.91,4433.95,4342.7,4417.99,4405.95,0.0,0.0,0.002732668323517151,0.002732668323517151,0.0027289413735687735,PASS,2026-06-08T21:24:34Z,D20260608.01
HKTECH,HK,index,2024-12-04,4428.08,4444.9,4381.72,4404.04,4417.99,0.0,0.0,-0.0031575444942156805,-0.0031575444942156805,-0.0031625400564104385,PASS,2026-06-08T21:24:34Z,D20260608.01
HKTECH,HK,index,2024-12-05,4366.96,4388.43,4347.1,4370.22,4404.04,0.0,0.0,-0.007679312631129531,-0.007679312631129531,-0.0077089503815730015,PASS,2026-06-08T21:24:34Z,D20260608.01
HKTECH,HK,index,2024-12-06,4387.48,4472.69,4352.64,4464.65,4370.22,0.0,0.0,0.02160760785498206,0.02160760785498206,0.021377472708250383,PASS,2026-06-08T21:24:34Z,D20260608.01
HKTECH,HK,index,2024-12-09,4429.05,4664.33,4416.38,4656.8,4464.65,0.0,0.0,0.04303808809201182,0.04303808809201182,0.04213769317739052,PASS,2026-06-08T21:24:34Z,D20260608.01
HKTECH,HK,index,2024-12-10,4854.34,4854.34,4588.16,4591.94,4656.8,0.0,0.0,-0.013928019240680434,-0.013928019240680434,-0.014025924245577703,PASS,2026-06-08T21:24:34Z,D20260608.01
HKTECH,HK,index,2024-12-11,4613.12,4646.55,4511.77,4531.58,4591.94,0.0,0.0,-0.013144771055370819,-0.013144771055370819,-0.01323192817455618,PASS,2026-06-08T21:24:34Z,D20260608.01
HKTECH,HK,index,2024-12-12,4551.33,4659.95,4521.73,4600.82,4531.58,0.0,0.0,0.015279438959479918,0.015279438959479918,0.015163883922778825,PASS,2026-06-08T21:24:34Z,D20260608.01
HKTECH,HK,index,2024-12-13,4554.23,4567.79,4458.21,4479.6,4600.82,0.0,0.0,-0.026347477188848778,-0.026347477188848778,-0.02670079175163208,PASS,2026-06-08T21:24:34Z,D20260608.01
HKTECH,HK,index,2024-12-16,4480.32,4503.39,4391.73,4414.7,4479.6,0.0,0.0,-0.014487900705420276,-0.014487900705420276,-0.014593875149071034,PASS,2026-06-08T21:24:34Z,D20260608.01
HKTECH,HK,index,2024-12-17,4387.62,4472.97,4360.96,4389.08,4414.7,0.0,0.0,-0.005803338845221662,-0.005803338845221662,-0.005820243650701954,PASS,2026-06-08T21:24:34Z,D20260608.01
HKTECH,HK,index,2024-12-18,4453.89,4489.4,4432.4,4468.85,4389.08,0.0,0.0,0.018174651635422645,0.018174651635422645,0.018011466905554687,PASS,2026-06-08T21:24:34Z,D20260608.01
HKTECH,HK,index,2024-12-19,4393.09,4469.47,4388.02,4439.47,4468.85,0.0,0.0,-0.006574398335142173,-0.006574398335142173,-0.006596104882509293,PASS,2026-06-08T21:24:34Z,D20260608.01
HKTECH,HK,index,2024-12-20,4432.72,4487.66,4429.6,4444.19,4439.47,0.0,0.0,0.0010631899753796858,0.0010631899753796858,0.0010626251891990347,PASS,2026-06-08T21:24:34Z,D20260608.01
HKTECH,HK,index,2024-12-23,4481.46,4497.18,4437.59,4457.85,4444.19,0.0,0.0,0.0030736759679492742,0.0030736759679492742,0.0030689618832137537,PASS,2026-06-08T21:24:34Z,D20260608.01
HKTECH,HK,index,2024-12-24,4468.71,4528.57,4459.54,4507.65,4457.85,0.0,0.0,0.011171304552642924,0.011171304552642924,0.011109366389768621,PASS,2026-06-08T21:24:34Z,D20260608.01
HKTECH,HK,index,2024-12-27,4524.99,4578.15,4517.96,4538.59,4507.65,0.0,0.0,0.006863886947744424,0.006863886947744424,0.006840437716491608,PASS,2026-06-08T21:24:34Z,D20260608.01
HKTECH,HK,index,2024-12-30,4546.01,4557.06,4484.78,4500.6,4538.59,0.0,0.0,-0.008370441040058685,-0.008370441040058685,-0.008405669906838551,PASS,2026-06-08T21:24:34Z,D20260608.01
HKTECH,HK,index,2024-12-31,4484.54,4507.55,4468.11,4468.11,4500.6,0.0,0.0,-0.007219037461671962,-0.007219037461671962,-0.0072452208010475765,PASS,2026-06-08T21:24:34Z,D20260608.01
HKTECH,HK,index,2025-01-02,4436.74,4447.02,4347.09,4357.53,4468.11,0.0,0.0,-0.02474871925713551,-0.02474871925713551,-0.025060117350538015,PASS,2026-06-08T21:24:34Z,D20260608.01
HKTECH,HK,index,2025-01-03,4383.53,4453.29,4337.98,4403.12,4357.53,0.0,0.0,0.010462349083081524,0.010462349083081524,0.010407997477207477,PASS,2026-06-08T21:24:34Z,D20260608.01
HKTECH,HK,index,2025-01-06,4432.58,4447.96,4377.26,4395.08,4403.12,0.0,0.0,-0.0018259779429131706,-0.0018259779429131706,-0.0018276470728095693,PASS,2026-06-08T21:24:34Z,D20260608.01
HKTECH,HK,index,2025-01-07,4352.61,4403.19,4275.81,4354.8,4395.08,0.0,0.0,-0.009164793359847767,-0.009164793359847767,-0.009207048449432946,PASS,2026-06-08T21:24:34Z,D20260608.01
HKTECH,HK,index,2025-01-08,4351.86,4371.32,4252.04,4307.4,4354.8,0.0,0.0,-0.01088454119592186,-0.01088454119592186,-0.010944211196532747,PASS,2026-06-08T21:24:34Z,D20260608.01
HKTECH,HK,index,2025-01-09,4304.76,4367.61,4296.09,4311.54,4307.4,0.0,0.0,0.0009611366485584583,0.0009611366485584583,0.0009606750524774531,PASS,2026-06-08T21:24:34Z,D20260608.01
HKTECH,HK,index,2025-01-10,4335.01,4360.09,4251.77,4260.82,4311.54,0.0,0.0,-0.011763778139597503,-0.011763778139597503,-0.01183351886013145,PASS,2026-06-08T21:24:34Z,D20260608.01
HKTECH,HK,index,2025-01-13,4222.99,4238.0,4168.04,4221.92,4260.82,0.0,0.0,-0.009129698039344492,-0.009129698039344492,-0.009171629139798262,PASS,2026-06-08T21:24:34Z,D20260608.01
HKTECH,HK,index,2025-01-14,4227.99,4380.41,4227.43,4352.04,4221.92,0.0,0.0,0.030820100807215756,0.030820100807215756,0.030354699806970708,PASS,2026-06-08T21:24:34Z,D20260608.01
HKTECH,HK,index,2025-01-15,4329.76,4387.1,4315.24,4363.79,4352.04,0.0,0.0,0.0026998832731317535,0.0026998832731317535,0.0026962451351814827,PASS,2026-06-08T21:24:34Z,D20260608.01
HKTECH,HK,index,2025-01-16,4423.63,4489.47,4361.22,4417.37,4363.79,0.0,0.0,0.0122783177008976,0.0122783177008976,0.012203550545901342,PASS,2026-06-08T21:24:34Z,D20260608.01
HKTECH,HK,index,2025-01-17,4410.14,4492.85,4392.29,4479.19,4417.37,0.0,0.0,0.013994752533747379,0.013994752533747379,0.013897730139572753,PASS,2026-06-08T21:24:34Z,D20260608.01
HKTECH,HK,index,2025-01-20,4554.6,4638.85,4542.63,4595.2,4479.19,0.0,0.0,0.025899772057001336,0.025899772057001336,0.02557005392318418,PASS,2026-06-08T21:24:34Z,D20260608.01
HKTECH,HK,index,2025-01-21,4650.62,4722.07,4608.0,4693.72,4595.2,0.0,0.0,0.021439763231197784,0.021439763231197784,0.021213164600139653,PASS,2026-06-08T21:24:34Z,D20260608.01
HKTECH,HK,index,2025-01-22,4644.5,4669.78,4560.61,4581.09,4693.72,0.0,0.0,-0.023995892383866124,-0.023995892383866124,-0.02428848395481281,PASS,2026-06-08T21:24:34Z,D20260608.01
HKTECH,HK,index,2025-01-23,4615.0,4659.78,4496.56,4515.48,4581.09,0.0,0.0,-0.014321919019272822,-0.014321919019272822,-0.014425467566483993,PASS,2026-06-08T21:24:34Z,D20260608.01
HKTECH,HK,index,2025-01-24,4545.34,4675.81,4538.72,4657.61,4515.48,0.0,0.0,0.03147616643191875,0.03147616643191875,0.03099094752487322,PASS,2026-06-08T21:24:34Z,D20260608.01
HKTECH,HK,index,2025-01-27,4706.36,4751.66,4667.56,4687.34,4657.61,0.0,0.0,0.006383102063075352,0.006383102063075352,0.006362816345211071,PASS,2026-06-08T21:24:34Z,D20260608.01
HKTECH,HK,index,2025-01-28,4723.61,4731.86,4678.52,4723.63,4687.34,0.0,0.0,0.007742130931402524,0.007742130931402524,0.0077123144323341915,PASS,2026-06-08T21:24:34Z,D20260608.01
HKTECH,HK,index,2025-02-03,4699.47,4741.5,4572.6,4737.46,4723.63,0.0,0.0,0.0029278330436550704,0.0029278330436550704,0.0029235552881578734,PASS,2026-06-08T21:24:34Z,D20260608.01
HKTECH,HK,index,2025-02-04,4828.96,4981.91,4821.49,4977.38,4737.46,0.0,0.0,0.05064317165738608,0.05064317165738608,0.04940252107627089,PASS,2026-06-08T21:24:34Z,D20260608.01
HKTECH,HK,index,2025-02-05,4975.78,4975.78,4845.33,4930.2,4977.38,0.0,0.0,-0.009478882464268423,-0.009478882464268423,-0.009524092994343104,PASS,2026-06-08T21:24:34Z,D20260608.01
HKTECH,HK,index,2025-02-06,4926.54,5059.38,4918.92,5059.38,4930.2,0.0,0.0,0.02620177680418645,0.02620177680418645,0.025864390964675174,PASS,2026-06-08T21:24:34Z,D20260608.01
HKTECH,HK,index,2025-02-07,5051.92,5203.93,5038.31,5150.35,5059.38,0.0,0.0,0.017980464009424102,0.017980464009424102,0.01782072738370271,PASS,2026-06-08T21:24:34Z,D20260608.01
HKTECH,HK,index,2025-02-10,5187.88,5296.22,5187.11,5286.66,5150.35,0.0,0.0,0.026466162493810952,0.026466162493810952,0.026121992972311096,PASS,2026-06-08T21:24:34Z,D20260608.01
HKTECH,HK,index,2025-02-11,5307.29,5307.29,5133.62,5142.31,5286.66,0.0,0.0,-0.027304574154570105,-0.027304574154570105,-0.027684271651540585,PASS,2026-06-08T21:24:34Z,D20260608.01
HKTECH,HK,index,2025-02-12,5214.32,5281.72,5155.0,5281.18,5142.31,0.0,0.0,0.027005373071635086,0.027005373071635086,0.026647162745427687,PASS,2026-06-08T21:24:34Z,D20260608.01
HKTECH,HK,index,2025-02-13,5321.63,5503.4,5201.34,5235.28,5281.18,0.0,0.0,-0.008691239457848554,-0.008691239457848554,-0.00872922855456202,PASS,2026-06-08T21:24:34Z,D20260608.01
HKTECH,HK,index,2025-02-14,5310.37,5526.22,5300.01,5526.22,5235.28,0.0,0.0,0.05557295884842839,0.05557295884842839,0.054083708464451284,PASS,2026-06-08T21:24:34Z,D20260608.01
HKTECH,HK,index,2025-02-17,5599.12,5656.44,5394.26,5499.26,5526.22,0.0,0.0,-0.004878560752195948,-0.004878560752195948,-0.004890499775697513,PASS,2026-06-08T21:24:34Z,D20260608.01
HKTECH,HK,index,2025-02-18,5519.19,5696.46,5494.27,5639.05,5499.26,0.0,0.0,0.025419783752723024,0.025419783752723024,0.02510207387426504,PASS,2026-06-08T21:24:34Z,D20260608.01
HKTECH,HK,index,2025-02-19,5576.09,5676.37,5510.92,5672.24,5639.05,0.0,0.0,0.00588574316595869,0.00588574316595869,0.0058684898456245966,PASS,2026-06-08T21:24:34Z,D20260608.01
HKTECH,HK,index,2025-02-20,5610.81,5652.08,5466.24,5500.02,5672.24,0.0,0.0,-0.03036190288140128,-0.03036190288140128,-0.030832372856267862,PASS,2026-06-08T21:24:34Z,D20260608.01
HKTECH,HK,index,2025-02-21,5684.94,5859.3,5605.26,5859.3,5500.02,0.0,0.0,0.06532339882400429,0.06532339882400429,0.06327841393336822,PASS,2026-06-08T21:24:34Z,D20260608.01
HKTECH,HK,index,2025-02-24,5864.55,5904.3,5740.13,5789.52,5859.3,0.0,0.0,-0.011909272438687224,-0.011909272438687224,-0.01198075593484233,PASS,2026-06-08T21:24:34Z,D20260608.01
HKTECH,HK,index,2025-02-25,5540.42,5814.7,5537.54,5698.82,5789.52,0.0,0.0,-0.015666238306457303,-0.015666238306457303,-0.015790250728420767,PASS,2026-06-08T21:24:34Z,D20260608.01
HKTECH,HK,index,2025-02-26,5763.62,6023.79,5760.25,5953.79,5698.82,0.0,0.0,0.04474084108640031,0.04474084108640031,0.04376885569956446,PASS,2026-06-08T21:24:34Z,D20260608.01
HKTECH,HK,index,2025-02-27,5963.87,6085.13,5764.73,5881.01,5953.79,0.0,0.0,-0.012224146300087835,-0.012224146300087835,-0.012299475697656567,PASS,2026-06-08T21:24:34Z,D20260608.01
HKTECH,HK,index,2025-02-28,5862.98,5862.98,5511.45,5568.14,5881.01,0.0,0.0,-0.0532000455704037,-0.0532000455704037,-0.05466744947328072,PASS,2026-06-08T21:24:34Z,D20260608.01
HKTECH,HK,index,2025-03-03,5631.89,5701.09,5460.6,5535.86,5568.14,0.0,0.0,-0.005797268028462033,-0.005797268028462033,-0.005814137415927759,PASS,2026-06-08T21:24:34Z,D20260608.01
HKTECH,HK,index,2025-03-04,5400.15,5590.14,5358.76,5535.64,5535.86,0.0,0.0,-3.9740889400952106e-05,-3.9740889400952106e-05,-3.974167909101936e-05,PASS,2026-06-08T21:24:34Z,D20260608.01
HKTECH,HK,index,2025-03-05,5618.34,5770.8,5565.54,5757.94,5535.64,0.0,0.0,0.04015795824872992,0.04015795824872992,0.0393725845517077,PASS,2026-06-08T21:24:34Z,D20260608.01
HKTECH,HK,index,2025-03-06,5919.53,6090.37,5919.53,6068.77,5757.94,0.0,0.0,0.05398284803245623,0.05398284803245623,0.05257617677277201,PASS,2026-06-08T21:24:34Z,D20260608.01
HKTECH,HK,index,2025-03-07,6003.72,6195.4,5952.52,6037.44,6068.77,0.0,0.0,-0.005162495859951988,-0.005162495859951988,-0.005175867582532258,PASS,2026-06-08T21:24:34Z,D20260608.01
HKTECH,HK,index,2025-03-10,6016.34,6076.28,5819.12,5885.49,6037.44,0.0,0.0,-0.02516795197964694,-0.02516795197964694,-0.02549008126314262,PASS,2026-06-08T21:24:34Z,D20260608.01
HKTECH,HK,index,2025-03-11,5728.87,5991.32,5715.54,5967.23,5885.49,0.0,0.0,0.013888393319842596,0.013888393319842596,0.013792833351787144,PASS,2026-06-08T21:24:34Z,D20260608.01
HKTECH,HK,index,2025-03-12,6032.27,6075.31,5756.07,5845.36,5967.23,0.0,0.0,-0.020423211439813738,-0.020423211439813738,-0.02063464899887066,PASS,2026-06-08T21:24:34Z,D20260608.01
HKTECH,HK,index,2025-03-13,5867.63,5881.64,5644.68,5747.77,5845.36,0.0,0.0,-0.01669529336088782,-0.01669529336088782,-0.01683623063256889,PASS,2026-06-08T21:24:34Z,D20260608.01
HKTECH,HK,index,2025-03-14,5826.21,5920.03,5714.6,5880.78,5747.77,0.0,0.0,0.023141148654173493,0.023141148654173493,0.02287745267580468,PASS,2026-06-08T21:24:34Z,D20260608.01
HKTECH,HK,index,2025-03-17,5920.63,5943.6,5822.02,5872.81,5880.78,0.0,0.0,-0.0013552623971648803,-0.0013552623971648803,-0.001356181595844933,PASS,2026-06-08T21:24:34Z,D20260608.01
HKTECH,HK,index,2025-03-18,6038.3,6105.5,5980.77,6105.5,5872.81,0.0,0.0,0.039621578086129094,0.039621578086129094,0.038856779712663776,PASS,2026-06-08T21:24:34Z,D20260608.01
HKTECH,HK,index,2025-03-19,6043.94,6096.9,5979.49,6041.19,6105.5,0.0,0.0,-0.010533125870117122,-0.010533125870117122,-0.010588991882531502,PASS,2026-06-08T21:24:34Z,D20260608.01
HKTECH,HK,index,2025-03-20,6031.56,6031.56,5822.74,5836.28,6041.19,0.0,0.0,-0.03391881400849828,-0.03391881400849828,-0.03450740483161009,PASS,2026-06-08T21:24:34Z,D20260608.01
HKTECH,HK,index,2025-03-21,5799.08,5854.78,5614.56,5639.56,5836.28,0.0,0.0,-0.033706402023206405,-0.033706402023206405,-0.034287559294492086,PASS,2026-06-08T21:24:34Z,D20260608.01
HKTECH,HK,index,2025-03-24,5664.86,5762.83,5596.2,5736.83,5639.56,0.0,0.0,0.017247799473717684,0.017247799473717684,0.01710074468642815,PASS,2026-06-08T21:24:34Z,D20260608.01
HKTECH,HK,index,2025-03-25,5638.72,5671.59,5502.48,5517.52,5736.83,0.0,0.0,-0.03822842928934611,-0.03822842928934611,-0.03897830899646295,PASS,2026-06-08T21:24:34Z,D20260608.01
HKTECH,HK,index,2025-03-26,5537.45,5606.98,5522.89,5573.04,5517.52,0.0,0.0,0.010062491844161858,0.010062491844161858,0.01001220205213752,PASS,2026-06-08T21:24:34Z,D20260608.01
HKTECH,HK,index,2025-03-27,5588.57,5706.34,5495.53,5589.12,5573.04,0.0,0.0,0.0028853193230264917,0.0028853193230264917,0.0028811647787679207,PASS,2026-06-08T21:24:34Z,D20260608.01
HKTECH,HK,index,2025-03-28,5605.34,5649.15,5455.21,5506.47,5589.12,0.0,0.0,-0.01478765888010991,-0.01478765888010991,-0.014898086301938594,PASS,2026-06-08T21:24:34Z,D20260608.01
HKTECH,HK,index,2025-03-31,5439.5,5470.53,5335.85,5394.72,5506.47,0.0,0.0,-0.020294308331835098,-0.020294308331835098,-0.020503067045308146,PASS,2026-06-08T21:24:34Z,D20260608.01
HKTECH,HK,index,2025-04-01,5441.99,5517.76,5395.9,5407.38,5394.72,0.0,0.0,0.002346739033721734,0.002346739033721734,0.0023439897420821005,PASS,2026-06-08T21:24:34Z,D20260608.01
HKTECH,HK,index,2025-04-02,5398.7,5506.56,5359.83,5426.44,5407.38,0.0,0.0,0.003524812386035192,0.003524812386035192,0.0035186147941527763,PASS,2026-06-08T21:24:34Z,D20260608.01
HKTECH,HK,index,2025-04-03,5257.91,5371.54,5250.64,5313.26,5426.44,0.0,0.0,-0.020857136538872556,-0.020857136538872556,-0.021077719150037744,PASS,2026-06-08T21:24:34Z,D20260608.01
HKTECH,HK,index,2025-04-07,4721.03,4840.03,4363.55,4401.51,5313.26,0.0,0.0,-0.17159898066347212,-0.17159898066347212,-0.18825791897314068,PASS,2026-06-08T21:24:34Z,D20260608.01
HKTECH,HK,index,2025-04-08,4547.38,4664.7,4415.76,4568.38,4401.51,0.0,0.0,0.03791198929458295,0.03791198929458295,0.03721099241538659,PASS,2026-06-08T21:24:34Z,D20260608.01
HKTECH,HK,index,2025-04-09,4373.62,4753.49,4296.16,4689.19,4568.38,0.0,0.0,0.026444822891265485,0.026444822891265485,0.026101203368964283,PASS,2026-06-08T21:24:34Z,D20260608.01
HKTECH,HK,index,2025-04-10,4875.02,4998.49,4765.5,4813.74,4689.19,0.0,0.0,0.026561090508168794,0.026561090508168794,0.02621446910898847,PASS,2026-06-08T21:24:34Z,D20260608.01
HKTECH,HK,index,2025-04-11,4787.95,4987.08,4746.34,4900.43,4813.74,0.0,0.0,0.018008866286920444,0.018008866286920444,0.017848627606042333,PASS,2026-06-08T21:24:34Z,D20260608.01
HKTECH,HK,index,2025-04-14,5053.59,5077.88,4977.77,5015.12,4900.43,0.0,0.0,0.0234040686225494,0.0234040686225494,0.02313439297460954,PASS,2026-06-08T21:24:34Z,D20260608.01
HKTECH,HK,index,2025-04-15,5057.81,5057.81,4916.57,4981.6,5015.12,0.0,0.0,-0.006683788224409293,-0.006683788224409293,-0.006706224766872356,PASS,2026-06-08T21:24:34Z,D20260608.01
HKTECH,HK,index,2025-04-16,4908.68,4919.26,4735.35,4796.28,4981.6,0.0,0.0,-0.03720089930945891,-0.03720089930945891,-0.03791050713001173,PASS,2026-06-08T21:24:34Z,D20260608.01
HKTECH,HK,index,2025-04-17,4790.56,4910.57,4774.46,4887.37,4796.28,0.0,0.0,0.01899180197986783,0.01899180197986783,0.01881370904617211,PASS,2026-06-08T21:24:34Z,D20260608.01
HKTECH,HK,index,2025-04-22,4854.75,4919.74,4792.59,4899.21,4887.37,0.0,0.0,0.0024225708305285476,0.0024225708305285476,0.0024196411364543684,PASS,2026-06-08T21:24:34Z,D20260608.01
HKTECH,HK,index,2025-04-23,5070.75,5079.37,4978.5,5049.4,4899.21,0.0,0.0,0.030655962900141054,0.030655962900141054,0.03019545671866982,PASS,2026-06-08T21:24:34Z,D20260608.01
HKTECH,HK,index,2025-04-24,5045.2,5064.65,4921.53,4975.89,5049.4,0.0,0.0,-0.01455816532657328,-0.01455816532657328,-0.014665175264179571,PASS,2026-06-08T21:24:34Z,D20260608.01
HKTECH,HK,index,2025-04-25,5037.91,5082.97,4965.75,4982.96,4975.89,0.0,0.0,0.0014208513451863247,0.0014208513451863247,0.0014198428910430307,PASS,2026-06-08T21:24:34Z,D20260608.01
HKTECH,HK,index,2025-04-28,5011.61,5016.25,4954.49,4988.94,4982.96,0.0,0.0,0.0012000899064008586,0.0012000899064008586,0.0011993703741205528,PASS,2026-06-08T21:24:34Z,D20260608.01
HKTECH,HK,index,2025-04-29,5022.3,5089.21,4976.68,5019.73,4988.94,0.0,0.0,0.006171651693546165,0.006171651693546165,0.006152685048248793,PASS,2026-06-08T21:24:34Z,D20260608.01
HKTECH,HK,index,2025-04-30,5030.08,5091.46,4995.41,5087.42,5019.73,0.0,0.0,0.013484789022517152,0.013484789022517152,0.013394678432729772,PASS,2026-06-08T21:24:34Z,D20260608.01
HKTECH,HK,index,2025-05-02,5112.09,5264.91,5079.01,5244.06,5087.42,0.0,0.0,0.030789673351129032,0.030789673351129032,0.030325181654243326,PASS,2026-06-08T21:24:34Z,D20260608.01
HKTECH,HK,index,2025-05-06,5243.06,5269.04,5179.01,5239.5,5244.06,0.0,0.0,-0.0008695552682463914,-0.0008695552682463914,-0.0008699335507362447,PASS,2026-06-08T21:24:34Z,D20260608.01
HKTECH,HK,index,2025-05-07,5382.09,5396.54,5198.63,5200.04,5239.5,0.0,0.0,-0.007531252982154846,-0.007531252982154846,-0.00755975606737103,PASS,2026-06-08T21:24:34Z,D20260608.01
HKTECH,HK,index,2025-05-08,5185.7,5293.57,5175.0,5228.91,5200.04,0.0,0.0,0.0055518803701510855,0.0055518803701510855,0.005536525488423546,PASS,2026-06-08T21:24:34Z,D20260608.01
HKTECH,HK,index,2025-05-09,5225.6,5225.6,5117.57,5180.25,5228.91,0.0,0.0,-0.009305954778338066,-0.009305954778338066,-0.009349525698856805,PASS,2026-06-08T21:24:34Z,D20260608.01
HKTECH,HK,index,2025-05-12,5291.67,5500.89,5215.13,5447.35,5180.25,0.0,0.0,0.05156121808793013,0.05156121808793013,0.05027593423569854,PASS,2026-06-08T21:24:34Z,D20260608.01
HKTECH,HK,index,2025-05-13,5431.61,5431.61,5253.63,5269.66,5447.35,0.0,0.0,-0.0326195305974466,-0.0326195305974466,-0.03316340754776987,PASS,2026-06-08T21:24:34Z,D20260608.01
HKTECH,HK,index,2025-05-14,5352.68,5396.46,5319.53,5381.78,5269.66,0.0,0.0,0.021276514993377127,0.021276514993377127,0.02105333012884432,PASS,2026-06-08T21:24:34Z,D20260608.01
HKTECH,HK,index,2025-05-15,5374.16,5398.95,5274.39,5297.84,5381.78,0.0,0.0,-0.015597070114348743,-0.015597070114348743,-0.01571998415348175,PASS,2026-06-08T21:24:34Z,D20260608.01
HKTECH,HK,index,2025-05-16,5247.34,5299.16,5235.53,5281.34,5297.84,0.0,0.0,-0.0031144768433928327,-0.0031144768433928327,-0.0031193369200844478,PASS,2026-06-08T21:24:34Z,D20260608.01
HKTECH,HK,index,2025-05-19,5227.54,5282.03,5162.83,5255.06,5281.34,0.0,0.0,-0.004976009876281329,-0.004976009876281329,-0.0049884314370977935,PASS,2026-06-08T21:24:34Z,D20260608.01
HKTECH,HK,index,2025-05-20,5266.61,5337.21,5243.02,5315.56,5255.06,0.0,0.0,0.011512713460930968,0.011512713460930968,0.011446946465044627,PASS,2026-06-08T21:24:34Z,D20260608.01
HKTECH,HK,index,2025-05-21,5330.25,5373.36,5317.53,5342.41,5315.56,0.0,0.0,0.005051208151163555,0.005051208151163555,0.005038493597201829,PASS,2026-06-08T21:24:34Z,D20260608.01
HKTECH,HK,index,2025-05-22,5336.47,5344.69,5224.25,5251.75,5342.41,0.0,0.0,-0.016969869403508864,-0.016969869403508864,-0.01711550762975794,PASS,2026-06-08T21:24:34Z,D20260608.01
HKTECH,HK,index,2025-05-23,5255.49,5310.47,5217.21,5246.87,5251.75,0.0,0.0,-0.0009292140715000397,-0.0009292140715000397,-0.0009296460585217215,PASS,2026-06-08T21:24:34Z,D20260608.01
HKTECH,HK,index,2025-05-26,5229.96,5233.97,5138.85,5157.65,5246.87,0.0,0.0,-0.017004423589683015,-0.017004423589683015,-0.017150658936329933,PASS,2026-06-08T21:24:34Z,D20260608.01
HKTECH,HK,index,2025-05-27,5130.9,5192.2,5102.18,5182.6,5157.65,0.0,0.0,0.004837474431184985,0.004837474431184985,0.004825811449542163,PASS,2026-06-08T21:24:34Z,D20260608.01
HKTECH,HK,index,2025-05-28,5209.46,5218.62,5145.35,5174.64,5182.6,0.0,0.0,-0.0015359086172963554,-0.0015359086172963554,-0.001537089334073614,PASS,2026-06-08T21:24:34Z,D20260608.01
HKTECH,HK,index,2025-05-29,5177.62,5320.36,5161.15,5301.92,5174.64,0.0,0.0,0.024596880169441615,0.024596880169441615,0.024299247592935367,PASS,2026-06-08T21:24:34Z,D20260608.01
HKTECH,HK,index,2025-05-30,5234.93,5235.13,5145.07,5170.43,5301.92,0.0,0.0,-0.0248004496484292,-0.0248004496484292,-0.025113161898476496,PASS,2026-06-08T21:24:34Z,D20260608.01
HKTECH,HK,index,2025-06-02,5101.67,5137.06,5009.66,5134.11,5170.43,0.0,0.0,-0.007024560819893222,-0.007024560819893222,-0.007049349200450229,PASS,2026-06-08T21:24:34Z,D20260608.01
HKTECH,HK,index,2025-06-03,5162.05,5215.65,5154.64,5189.49,5134.11,0.0,0.0,0.010786679677685207,0.010786679677685207,0.010728918445155802,PASS,2026-06-08T21:24:34Z,D20260608.01
HKTECH,HK,index,2025-06-04,5171.78,5249.97,5170.12,5219.02,5189.49,0.0,0.0,0.005690347221017911,0.005690347221017911,0.005674218352252717,PASS,2026-06-08T21:24:34Z,D20260608.01
HKTECH,HK,index,2025-06-05,5269.58,5321.98,5251.68,5319.96,5219.02,0.0,0.0,0.01934079578158343,0.01934079578158343,0.01915613972260744,PASS,2026-06-08T21:24:34Z,D20260608.01
HKTECH,HK,index,2025-06-06,5327.04,5327.04,5245.45,5286.52,5319.96,0.0,0.0,-0.006285761547079272,-0.006285761547079272,-0.006305600123593379,PASS,2026-06-08T21:24:34Z,D20260608.01
HKTECH,HK,index,2025-06-09,5337.75,5457.59,5335.82,5433.23,5286.52,0.0,0.0,0.02775171568441981,0.02775171568441981,0.027373616154145814,PASS,2026-06-08T21:24:34Z,D20260608.01
HKTECH,HK,index,2025-06-10,5455.63,5455.63,5335.16,5392.19,5433.23,0.0,0.0,-0.007553517888990502,-0.007553517888990502,-0.0075821901809390545,PASS,2026-06-08T21:24:34Z,D20260608.01
HKTECH,HK,index,2025-06-11,5403.96,5484.63,5399.42,5451.2,5392.19,0.0,0.0,0.010943605473842766,0.010943605473842766,0.01088415754665736,PASS,2026-06-08T21:24:34Z,D20260608.01
HKTECH,HK,index,2025-06-12,5389.56,5405.4,5319.98,5331.33,5451.2,0.0,0.0,-0.021989653654241215,-0.021989653654241215,-0.02223502991763492,PASS,2026-06-08T21:24:34Z,D20260608.01
HKTECH,HK,index,2025-06-13,5280.57,5314.56,5192.45,5239.71,5331.33,0.0,0.0,-0.017185205192700503,-0.017185205192700503,-0.01733458471693831,PASS,2026-06-08T21:24:34Z,D20260608.01
HKTECH,HK,index,2025-06-16,5207.61,5328.2,5185.65,5299.91,5239.71,0.0,0.0,0.011489185470188179,0.011489185470188179,0.01142368599182779,PASS,2026-06-08T21:24:34Z,D20260608.01
HKTECH,HK,index,2025-06-17,5314.09,5339.13,5258.11,5291.85,5299.91,0.0,0.0,-0.0015207805415562436,-0.0015207805415562436,-0.001521938102029847,PASS,2026-06-08T21:24:34Z,D20260608.01
HKTECH,HK,index,2025-06-18,5261.42,5261.42,5194.49,5214.41,5291.85,0.0,0.0,-0.014633823710044735,-0.014633823710044735,-0.014741954314282619,PASS,2026-06-08T21:24:34Z,D20260608.01
HKTECH,HK,index,2025-06-19,5187.07,5196.76,5071.54,5088.32,5214.41,0.0,0.0,-0.024181067464967287,-0.024181067464967287,-0.02447822972361201,PASS,2026-06-08T21:24:34Z,D20260608.01
HKTECH,HK,index,2025-06-20,5103.67,5133.14,5089.6,5133.14,5088.32,0.0,0.0,0.008808408276209212,0.008808408276209212,0.008769840562672883,PASS,2026-06-08T21:24:34Z,D20260608.01
HKTECH,HK,index,2025-06-23,5077.86,5189.03,5053.74,5187.01,5133.14,0.0,0.0,0.01049455109348263,0.01049455109348263,0.010439865559501578,PASS,2026-06-08T21:24:34Z,D20260608.01
HKTECH,HK,index,2025-06-24,5236.95,5326.63,5236.95,5297.96,5187.01,0.0,0.0,0.021389972257620515,0.021389972257620515,0.021164417538431925,PASS,2026-06-08T21:24:34Z,D20260608.01
HKTECH,HK,index,2025-06-25,5345.49,5393.06,5323.5,5359.02,5297.96,0.0,0.0,0.011525190828167942,0.011525190828167942,0.011459281742807519,PASS,2026-06-08T21:24:34Z,D20260608.01
HKTECH,HK,index,2025-06-26,5331.29,5381.72,5306.8,5345.16,5359.02,0.0,0.0,-0.0025862937626657256,-0.0025862937626657256,-0.0025896439980878003,PASS,2026-06-08T21:24:34Z,D20260608.01
HKTECH,HK,index,2025-06-27,5363.68,5393.99,5323.86,5341.43,5345.16,0.0,0.0,-0.0006978275673692469,-0.0006978275673692469,-0.0006980711623575951,PASS,2026-06-08T21:24:34Z,D20260608.01
HKTECH,HK,index,2025-06-30,5351.99,5380.49,5297.63,5302.82,5341.43,0.0,0.0,-0.007228401383150285,-0.007228401383150285,-0.007254652857052122,PASS,2026-06-08T21:24:34Z,D20260608.01
HKTECH,HK,index,2025-07-02,5359.67,5362.18,5256.22,5269.11,5302.82,0.0,0.0,-0.006356994957400053,-0.006356994957400053,-0.006377286691858273,PASS,2026-06-08T21:24:34Z,D20260608.01
HKTECH,HK,index,2025-07-03,5277.1,5279.69,5192.12,5233.71,5269.11,0.0,0.0,-0.006718402158998327,-0.006718402158998327,-0.006741072217549065,PASS,2026-06-08T21:24:34Z,D20260608.01
HKTECH,HK,index,2025-07-04,5194.33,5277.86,5129.52,5216.26,5233.71,0.0,0.0,-0.003334154930250244,-0.003334154930250244,-0.003339725610587091,PASS,2026-06-08T21:24:34Z,D20260608.01
HKTECH,HK,index,2025-07-07,5192.47,5236.09,5157.28,5229.56,5216.26,0.0,0.0,0.0025497195308517018,0.0025497195308517018,0.002546474510765678,PASS,2026-06-08T21:24:34Z,D20260608.01
HKTECH,HK,index,2025-07-08,5244.31,5328.53,5235.95,5325.95,5229.56,0.0,0.0,0.018431760989452206,0.018431760989452206,0.01826395492071721,PASS,2026-06-08T21:24:34Z,D20260608.01
HKTECH,HK,index,2025-07-09,5300.65,5300.65,5217.75,5231.99,5325.95,0.0,0.0,-0.017641923037204688,-0.017641923037204688,-0.017799396601213543,PASS,2026-06-08T21:24:34Z,D20260608.01
HKTECH,HK,index,2025-07-10,5218.31,5240.13,5190.39,5216.6,5231.99,0.0,0.0,-0.0029415193836378473,-0.0029415193836378473,-0.002945854154408487,PASS,2026-06-08T21:24:34Z,D20260608.01
HKTECH,HK,index,2025-07-11,5202.21,5328.93,5202.21,5248.48,5216.6,0.0,0.0,0.006111260207797953,0.006111260207797953,0.00609266219022106,PASS,2026-06-08T21:24:34Z,D20260608.01
HKTECH,HK,index,2025-07-14,5240.48,5298.2,5226.63,5283.5,5248.48,0.0,0.0,0.006672408011462405,0.006672408011462405,0.00665024602504947,PASS,2026-06-08T21:24:34Z,D20260608.01
HKTECH,HK,index,2025-07-15,5297.89,5435.94,5273.45,5431.29,5283.5,0.0,0.0,0.02797198826535441,0.02797198826535441,0.027587917892608414,PASS,2026-06-08T21:24:34Z,D20260608.01
HKTECH,HK,index,2025-07-16,5479.44,5531.27,5414.91,5418.4,5431.29,0.0,0.0,-0.00237328516798041,-0.00237328516798041,-0.0023761058730000406,PASS,2026-06-08T21:24:34Z,D20260608.01
HKTECH,HK,index,2025-07-17,5417.48,5471.47,5401.41,5448.85,5418.4,0.0,0.0,0.005619740144692242,0.005619740144692242,0.0056040083167159796,PASS,2026-06-08T21:24:34Z,D20260608.01
HKTECH,HK,index,2025-07-18,5520.07,5550.49,5473.54,5538.83,5448.85,0.0,0.0,0.01651357625921057,0.01651357625921057,0.016378709884149058,PASS,2026-06-08T21:24:34Z,D20260608.01
HKTECH,HK,index,2025-07-21,5604.06,5604.06,5537.83,5585.5,5538.83,0.0,0.0,0.00842596721690314,0.00842596721690314,0.008390666909344048,PASS,2026-06-08T21:24:34Z,D20260608.01
HKTECH,HK,index,2025-07-22,5589.82,5613.47,5552.32,5606.83,5585.5,0.0,0.0,0.0038188165786410266,0.0038188165786410266,0.0038115434093294195,PASS,2026-06-08T21:24:34Z,D20260608.01
HKTECH,HK,index,2025-07-23,5675.95,5759.51,5624.91,5745.74,5606.83,0.0,0.0,0.02477514031993122,0.02477514031993122,0.024473213226463057,PASS,2026-06-08T21:24:34Z,D20260608.01
HKTECH,HK,index,2025-07-24,5730.8,5802.88,5729.35,5743.0,5745.74,0.0,0.0,-0.0004768750413349787,-0.0004768750413349787,-0.0004769887823991233,PASS,2026-06-08T21:24:34Z,D20260608.01
HKTECH,HK,index,2025-07-25,5713.59,5713.59,5641.22,5677.9,5743.0,0.0,0.0,-0.01133553891694239,-0.01133553891694239,-0.01140027582162346,PASS,2026-06-08T21:24:34Z,D20260608.01
HKTECH,HK,index,2025-07-28,5699.07,5705.04,5639.12,5664.02,5677.9,0.0,0.0,-0.002444565772556584,-0.002444565772556584,-0.002447558601905121,PASS,2026-06-08T21:24:34Z,D20260608.01
HKTECH,HK,index,2025-07-29,5631.56,5649.42,5550.62,5644.38,5664.02,0.0,0.0,-0.0034675018802899915,-0.0034675018802899915,-0.0034735275984267076,PASS,2026-06-08T21:24:34Z,D20260608.01
HKTECH,HK,index,2025-07-30,5540.85,5591.71,5466.0,5490.76,5644.38,0.0,0.0,-0.027216452471307773,-0.027216452471307773,-0.027593680404317013,PASS,2026-06-08T21:24:34Z,D20260608.01
HKTECH,HK,index,2025-07-31,5458.8,5519.44,5418.1,5453.14,5490.76,0.0,0.0,-0.006851510537703276,-0.006851510537703276,-0.006875089900582531,PASS,2026-06-08T21:24:34Z,D20260608.01
HKTECH,HK,index,2025-08-01,5447.96,5489.83,5397.4,5397.4,5453.14,0.0,0.0,-0.01022163377430263,-0.01022163377430263,-0.010274233415985707,PASS,2026-06-08T21:24:34Z,D20260608.01
HKTECH,HK,index,2025-08-04,5361.98,5489.99,5350.7,5481.25,5397.4,0.0,0.0,0.015535257716678519,0.015535257716678519,0.01541582099903735,PASS,2026-06-08T21:24:34Z,D20260608.01
HKTECH,HK,index,2025-08-05,5489.47,5521.07,5471.26,5521.07,5481.25,0.0,0.0,0.007264766248574528,0.007264766248574528,0.0072385049457000875,PASS,2026-06-08T21:24:34Z,D20260608.01
HKTECH,HK,index,2025-08-06,5503.81,5545.81,5478.02,5532.17,5521.07,0.0,0.0,0.002010479852637248,0.002010479852637248,0.002008461542746492,PASS,2026-06-08T21:24:34Z,D20260608.01
HKTECH,HK,index,2025-08-07,5546.84,5571.93,5484.33,5546.73,5532.17,0.0,0.0,0.0026318786299046604,0.0026318786299046604,0.0026284213021927445,PASS,2026-06-08T21:24:34Z,D20260608.01
HKTECH,HK,index,2025-08-08,5500.85,5509.05,5449.73,5460.3,5546.73,0.0,0.0,-0.015582153809541754,-0.015582153809541754,-0.0157048316266611,PASS,2026-06-08T21:24:34Z,D20260608.01
HKTECH,HK,index,2025-08-11,5470.92,5477.51,5420.02,5460.02,5460.3,0.0,0.0,-5.127923374170784e-05,-5.127923374170784e-05,-5.128054856656341e-05,PASS,2026-06-08T21:24:34Z,D20260608.01
HKTECH,HK,index,2025-08-12,5427.81,5459.43,5397.85,5439.16,5460.02,0.0,0.0,-0.0038204988260117645,-0.0038204988260117645,-0.0038278155733465526,PASS,2026-06-08T21:24:34Z,D20260608.01
HKTECH,HK,index,2025-08-13,5490.46,5630.78,5487.42,5630.78,5439.16,0.0,0.0,0.035229704586737576,0.035229704586737576,0.03462333889178463,PASS,2026-06-08T21:24:34Z,D20260608.01
HKTECH,HK,index,2025-08-14,5669.47,5669.47,5557.74,5576.03,5630.78,0.0,0.0,-0.009723342059181905,-0.009723342059181905,-0.009770922427595882,PASS,2026-06-08T21:24:34Z,D20260608.01
HKTECH,HK,index,2025-08-15,5509.09,5546.76,5495.26,5543.17,5576.03,0.0,0.0,-0.005893081636935138,-0.005893081636935138,-0.0059105143645898,PASS,2026-06-08T21:24:34Z,D20260608.01
HKTECH,HK,index,2025-08-18,5565.54,5671.34,5565.54,5579.18,5543.17,0.0,0.0,0.006496282812903154,0.006496282812903154,0.00647527290947168,PASS,2026-06-08T21:24:34Z,D20260608.01
HKTECH,HK,index,2025-08-19,5592.3,5594.97,5524.1,5542.03,5579.18,0.0,0.0,-0.006658684609566423,-0.006658684609566423,-0.006680952555128829,PASS,2026-06-08T21:24:34Z,D20260608.01
HKTECH,HK,index,2025-08-20,5500.58,5561.76,5468.33,5541.27,5542.03,0.0,0.0,-0.0001371338661103616,-0.0001371338661103616,-0.00013714326981869988,PASS,2026-06-08T21:24:34Z,D20260608.01
HKTECH,HK,index,2025-08-21,5539.65,5539.65,5469.66,5498.5,5541.27,0.0,0.0,-0.007718447215169122,-0.007718447215169122,-0.0077483885956925545,PASS,2026-06-08T21:24:34Z,D20260608.01
HKTECH,HK,index,2025-08-22,5553.03,5649.62,5524.34,5647.68,5498.5,0.0,0.0,0.027131035737019138,0.027131035737019138,0.02676951359321164,PASS,2026-06-08T21:24:34Z,D20260608.01
HKTECH,HK,index,2025-08-25,5731.7,5847.95,5731.7,5825.09,5647.68,0.0,0.0,0.031412898747804396,0.031412898747804396,0.03092960861411732,PASS,2026-06-08T21:24:34Z,D20260608.01
HKTECH,HK,index,2025-08-26,5780.95,5853.85,5755.81,5782.24,5825.09,0.0,0.0,-0.007356109519337961,-0.007356109519337961,-0.0073832991147902,PASS,2026-06-08T21:24:34Z,D20260608.01
HKTECH,HK,index,2025-08-27,5814.33,5856.4,5679.11,5697.53,5782.24,0.0,0.0,-0.014650031821577758,-0.014650031821577758,-0.014758403270240972,PASS,2026-06-08T21:24:34Z,D20260608.01
HKTECH,HK,index,2025-08-28,5641.28,5675.84,5566.87,5644.02,5697.53,0.0,0.0,-0.009391789073510681,-0.009391789073510681,-0.009436170020751622,PASS,2026-06-08T21:24:34Z,D20260608.01
HKTECH,HK,index,2025-08-29,5689.24,5734.52,5628.2,5674.31,5644.02,0.0,0.0,0.005366742144783387,0.005366742144783387,0.005352392501819395,PASS,2026-06-08T21:24:34Z,D20260608.01
HKTECH,HK,index,2025-09-01,5792.25,5820.39,5747.34,5798.96,5674.31,0.0,0.0,0.021967428638900444,0.021967428638900444,0.02172962105730648,PASS,2026-06-08T21:24:34Z,D20260608.01
HKTECH,HK,index,2025-09-02,5792.84,5798.76,5690.81,5728.46,5798.96,0.0,0.0,-0.01215735235283566,-0.01215735235283566,-0.01223185743306542,PASS,2026-06-08T21:24:34Z,D20260608.01
HKTECH,HK,index,2025-09-03,5785.33,5799.78,5665.64,5683.74,5728.46,0.0,0.0,-0.007806635640294268,-0.007806635640294268,-0.007837266942726634,PASS,2026-06-08T21:24:34Z,D20260608.01
HKTECH,HK,index,2025-09-04,5725.64,5725.98,5553.61,5578.86,5683.74,0.0,0.0,-0.018452638579526837,-0.018452638579526837,-0.0186250123080889,PASS,2026-06-08T21:24:34Z,D20260608.01
HKTECH,HK,index,2025-09-05,5602.56,5709.74,5585.88,5687.45,5578.86,0.0,0.0,0.019464550105218636,0.019464550105218636,0.019277538583991498,PASS,2026-06-08T21:24:34Z,D20260608.01
HKTECH,HK,index,2025-09-08,5693.99,5766.43,5666.09,5753.75,5687.45,0.0,0.0,0.011657245338420497,0.011657245338420497,0.011589823119679387,PASS,2026-06-08T21:24:34Z,D20260608.01
HKTECH,HK,index,2025-09-09,5786.76,5863.49,5768.89,5828.74,5753.75,0.0,0.0,0.013033239191831303,0.013033239191831303,0.012949037355895409,PASS,2026-06-08T21:24:34Z,D20260608.01
HKTECH,HK,index,2025-09-10,5869.81,5957.48,5862.38,5902.69,5828.74,0.0,0.0,0.012687133068210343,0.012687133068210343,0.012607325704348332,PASS,2026-06-08T21:24:34Z,D20260608.01
HKTECH,HK,index,2025-09-11,5845.38,5931.55,5805.07,5888.77,5902.69,0.0,0.0,-0.0023582468332233875,-0.0023582468332233875,-0.002361031876694781,PASS,2026-06-08T21:24:34Z,D20260608.01
HKTECH,HK,index,2025-09-12,6004.74,6042.61,5976.52,5989.27,5888.77,0.0,0.0,0.017066382283566828,0.017066382283566828,0.01692238758479789,PASS,2026-06-08T21:24:34Z,D20260608.01
HKTECH,HK,index,2025-09-15,5982.4,6077.71,5972.97,6043.61,5989.27,0.0,0.0,0.009072892021898982,0.009072892021898982,0.009031980607446826,PASS,2026-06-08T21:24:34Z,D20260608.01
HKTECH,HK,index,2025-09-16,6070.77,6116.9,6010.44,6077.66,6043.61,0.0,0.0,0.005634049847690337,0.005634049847690337,0.00561823795105605,PASS,2026-06-08T21:24:34Z,D20260608.01
HKTECH,HK,index,2025-09-17,6133.1,6351.52,6133.1,6334.24,6077.66,0.0,0.0,0.04221690584863258,0.04221690584863258,0.04135008467079006,PASS,2026-06-08T21:24:34Z,D20260608.01
HKTECH,HK,index,2025-09-18,6334.32,6461.04,6179.19,6271.22,6334.24,0.0,0.0,-0.009949102023289247,-0.009949102023289247,-0.009998925077370411,PASS,2026-06-08T21:24:34Z,D20260608.01
HKTECH,HK,index,2025-09-19,6298.91,6367.98,6228.73,6294.42,6271.22,0.0,0.0,0.003699439662457893,0.003699439662457893,0.003692613565525792,PASS,2026-06-08T21:24:34Z,D20260608.01
HKTECH,HK,index,2025-09-22,6251.88,6284.5,6204.47,6257.91,6294.42,0.0,0.0,-0.005800375570743643,-0.005800375570743643,-0.005817263083398037,PASS,2026-06-08T21:24:34Z,D20260608.01
HKTECH,HK,index,2025-09-23,6271.36,6274.09,6093.39,6167.06,6257.91,0.0,0.0,-0.014517626491911795,-0.014517626491911795,-0.014624038385857288,PASS,2026-06-08T21:24:34Z,D20260608.01
HKTECH,HK,index,2025-09-24,6133.64,6331.86,6114.37,6323.15,6167.06,0.0,0.0,0.025310277506623846,0.025310277506623846,0.024995276545575165,PASS,2026-06-08T21:24:34Z,D20260608.01
HKTECH,HK,index,2025-09-25,6314.74,6448.64,6304.56,6379.19,6323.15,0.0,0.0,0.008862671295161384,0.008862671295161384,0.008823628337612674,PASS,2026-06-08T21:24:34Z,D20260608.01
HKTECH,HK,index,2025-09-26,6317.6,6357.43,6172.25,6195.11,6379.19,0.0,0.0,-0.028856328154514888,-0.028856328154514888,-0.02928085887053237,PASS,2026-06-08T21:24:34Z,D20260608.01
HKTECH,HK,index,2025-09-29,6236.69,6338.74,6236.69,6324.25,6195.11,0.0,0.0,0.020845473284574423,0.020845473284574423,0.020631179329158193,PASS,2026-06-08T21:24:34Z,D20260608.01
HKTECH,HK,index,2025-09-30,6345.96,6475.92,6326.61,6465.66,6324.25,0.0,0.0,0.022359963632051283,0.022359963632051283,0.02211364467256397,PASS,2026-06-08T21:24:34Z,D20260608.01
HKTECH,HK,index,2025-10-02,6483.22,6715.46,6481.58,6682.86,6465.66,0.0,0.0,0.033592858269689385,0.033592858269689385,0.0330409444535302,PASS,2026-06-08T21:24:34Z,D20260608.01
HKTECH,HK,index,2025-10-03,6653.26,6665.56,6561.09,6622.85,6682.86,0.0,0.0,-0.008979688337029224,-0.008979688337029224,-0.009020248734067935,PASS,2026-06-08T21:24:34Z,D20260608.01
HKTECH,HK,index,2025-10-06,6548.8,6604.6,6508.43,6550.3,6622.85,0.0,0.0,-0.01095449844100349,-0.01095449844100349,-0.011014940774673805,PASS,2026-06-08T21:24:34Z,D20260608.01
HKTECH,HK,index,2025-10-08,6543.4,6543.4,6405.16,6514.19,6550.3,0.0,0.0,-0.005512724608033315,-0.005512724608033315,-0.005527975750392279,PASS,2026-06-08T21:24:34Z,D20260608.01
HKTECH,HK,index,2025-10-09,6540.81,6605.73,6417.81,6471.34,6514.19,0.0,0.0,-0.006577947526860473,-0.006577947526860473,-0.006599677568830674,PASS,2026-06-08T21:24:34Z,D20260608.01
HKTECH,HK,index,2025-10-10,6380.88,6380.88,6241.75,6259.75,6471.34,0.0,0.0,-0.03269647399147624,-0.03269647399147624,-0.03324294859349383,PASS,2026-06-08T21:24:34Z,D20260608.01
HKTECH,HK,index,2025-10-13,6107.65,6199.16,5952.83,6145.51,6259.75,0.0,0.0,-0.018249930109029866,-0.018249930109029866,-0.01841851433382946,PASS,2026-06-08T21:24:34Z,D20260608.01
HKTECH,HK,index,2025-10-14,6180.08,6205.98,5894.47,5923.26,6145.51,0.0,0.0,-0.03616461449090469,-0.03616461449090469,-0.03683476087309371,PASS,2026-06-08T21:24:34Z,D20260608.01
HKTECH,HK,index,2025-10-15,6000.9,6095.18,5939.48,6075.27,5923.26,0.0,0.0,0.02566323274683202,0.02566323274683202,0.02533945967805148,PASS,2026-06-08T21:24:34Z,D20260608.01
HKTECH,HK,index,2025-10-16,6066.47,6094.72,5940.72,6003.56,6075.27,0.0,0.0,-0.011803590622309845,-0.011803590622309845,-0.011873806074669885,PASS,2026-06-08T21:24:34Z,D20260608.01
HKTECH,HK,index,2025-10-17,5999.48,5999.48,5732.75,5760.38,6003.56,0.0,0.0,-0.040505966459900455,-0.040505966459900455,-0.04134918185481096,PASS,2026-06-08T21:24:34Z,D20260608.01
HKTECH,HK,index,2025-10-20,5984.8,5984.8,5887.81,5933.17,5760.38,0.0,0.0,0.029996284967311215,0.029996284967311215,0.029555195407186593,PASS,2026-06-08T21:24:34Z,D20260608.01
HKTECH,HK,index,2025-10-21,6042.07,6115.0,5999.0,6007.94,5933.17,0.0,0.0,0.01260203230313639,0.01260203230313639,0.012523287566408227,PASS,2026-06-08T21:24:34Z,D20260608.01
HKTECH,HK,index,2025-10-22,5958.63,5979.51,5867.12,5923.09,6007.94,0.0,0.0,-0.014122977260092373,-0.014122977260092373,-0.014223655545627741,PASS,2026-06-08T21:24:34Z,D20260608.01
HKTECH,HK,index,2025-10-23,5882.92,5992.66,5818.47,5951.45,5923.09,0.0,0.0,0.004788041377051355,0.004788041377051355,0.004776615165204862,PASS,2026-06-08T21:24:34Z,D20260608.01
HKTECH,HK,index,2025-10-24,6032.41,6066.36,5994.59,6059.89,5951.45,0.0,0.0,0.0182207697283856,0.0182207697283856,0.01805676075417271,PASS,2026-06-08T21:24:34Z,D20260608.01
HKTECH,HK,index,2025-10-27,6184.65,6184.74,6098.81,6171.08,6059.89,0.0,0.0,0.018348517877387227,0.018348517877387227,0.01818221501683554,PASS,2026-06-08T21:24:34Z,D20260608.01
HKTECH,HK,index,2025-10-28,6198.68,6198.68,6070.05,6093.44,6171.08,0.0,0.0,-0.012581266164107485,-0.012581266164107485,-0.012661080442996154,PASS,2026-06-08T21:24:34Z,D20260608.01
HKTECH,HK,index,2025-10-30,6125.63,6162.47,5991.08,6051.76,6093.44,0.0,0.0,-0.006840142842138297,-0.006840142842138297,-0.006863643847320512,PASS,2026-06-08T21:24:34Z,D20260608.01
HKTECH,HK,index,2025-10-31,6012.57,6014.49,5908.08,5908.08,6051.76,0.0,0.0,-0.023741853609528518,-0.023741853609528518,-0.024028233288950585,PASS,2026-06-08T21:24:34Z,D20260608.01
HKTECH,HK,index,2025-11-03,5936.28,5948.84,5855.16,5922.48,5908.08,0.0,0.0,0.0024373400495592,0.0024373400495592,0.002434374553937325,PASS,2026-06-08T21:24:34Z,D20260608.01
HKTECH,HK,index,2025-11-04,5911.07,5961.02,5798.75,5818.29,5922.48,0.0,0.0,-0.017592292418041056,-0.017592292418041056,-0.01774887595436129,PASS,2026-06-08T21:24:34Z,D20260608.01
HKTECH,HK,index,2025-11-05,5716.54,5805.55,5651.15,5785.85,5818.29,0.0,0.0,-0.005575521330150157,-0.005575521330150157,-0.0055911225662421665,PASS,2026-06-08T21:24:34Z,D20260608.01
HKTECH,HK,index,2025-11-06,5822.19,5955.13,5792.95,5944.22,5785.85,0.0,0.0,0.027371950534493594,0.027371950534493594,0.02700403727138442,PASS,2026-06-08T21:24:34Z,D20260608.01
HKTECH,HK,index,2025-11-07,5894.98,5899.5,5817.64,5837.36,5944.22,0.0,0.0,-0.017977127360696676,-0.017977127360696676,-0.01814067900553886,PASS,2026-06-08T21:24:34Z,D20260608.01
HKTECH,HK,index,2025-11-10,5858.41,5924.48,5803.22,5915.56,5837.36,0.0,0.0,0.013396466895994275,0.013396466895994275,0.013307527667167283,PASS,2026-06-08T21:24:34Z,D20260608.01
HKTECH,HK,index,2025-11-11,5962.02,5970.68,5856.72,5924.39,5915.56,0.0,0.0,0.0014926735592235563,0.0014926735592235563,0.0014915606294026473,PASS,2026-06-08T21:24:34Z,D20260608.01
HKTECH,HK,index,2025-11-12,5939.69,5973.6,5876.72,5933.99,5924.39,0.0,0.0,0.0016204199926066476,0.0016204199926066476,0.0016191085286875186,PASS,2026-06-08T21:24:34Z,D20260608.01
HKTECH,HK,index,2025-11-13,5885.22,6025.53,5869.96,5981.3,5933.99,0.0,0.0,0.007972713132310627,0.007972713132310627,0.007941098977522154,PASS,2026-06-08T21:24:34Z,D20260608.01
HKTECH,HK,index,2025-11-14,5848.48,5907.94,5795.8,5812.8,5981.3,0.0,0.0,-0.028171133365656242,-0.028171133365656242,-0.028575553156022098,PASS,2026-06-08T21:24:34Z,D20260608.01
HKTECH,HK,index,2025-11-17,5771.51,5834.38,5721.83,5756.88,5812.8,0.0,0.0,-0.009620148637489723,-0.009620148637489723,-0.009666721198053207,PASS,2026-06-08T21:24:34Z,D20260608.01
HKTECH,HK,index,2025-11-18,5684.81,5739.13,5613.99,5645.73,5756.88,0.0,0.0,-0.019307333138783633,-0.019307333138783633,-0.01949615406545759,PASS,2026-06-08T21:24:34Z,D20260608.01
HKTECH,HK,index,2025-11-19,5666.89,5688.05,5579.31,5606.9,5645.73,0.0,0.0,-0.006877764257235075,-0.006877764257235075,-0.00690152508809265,PASS,2026-06-08T21:24:34Z,D20260608.01
HKTECH,HK,index,2025-11-20,5646.28,5660.53,5510.11,5574.59,5606.9,0.0,0.0,-0.005762542581462027,-0.005762542581462027,-0.005779210092301105,PASS,2026-06-08T21:24:34Z,D20260608.01
HKTECH,HK,index,2025-11-21,5451.51,5475.45,5361.74,5395.49,5574.59,0.0,0.0,-0.03212792330915826,-0.03212792330915826,-0.03265535261731111,PASS,2026-06-08T21:24:34Z,D20260608.01
HKTECH,HK,index,2025-11-24,5456.61,5565.53,5410.07,5545.56,5395.49,0.0,0.0,0.027813970556891165,0.027813970556891165,0.027434188163989223,PASS,2026-06-08T21:24:34Z,D20260608.01
HKTECH,HK,index,2025-11-25,5624.61,5671.55,5559.13,5612.03,5545.56,0.0,0.0,0.011986165508983682,0.011986165508983682,0.011914900326164109,PASS,2026-06-08T21:24:34Z,D20260608.01
HKTECH,HK,index,2025-11-26,5649.77,5669.58,5609.86,5618.36,5612.03,0.0,0.0,0.0011279340987129238,0.0011279340987129238,0.0011272984589756603,PASS,2026-06-08T21:24:34Z,D20260608.01
HKTECH,HK,index,2025-11-27,5613.0,5679.45,5587.74,5598.05,5618.36,0.0,0.0,-0.0036149338953003207,-0.0036149338953003207,-0.003621483557996624,PASS,2026-06-08T21:24:34Z,D20260608.01
HKTECH,HK,index,2025-11-28,5622.36,5631.27,5571.31,5599.11,5598.05,0.0,0.0,0.00018935164923483683,0.00018935164923483683,0.00018933372447398918,PASS,2026-06-08T21:24:34Z,D20260608.01
HKTECH,HK,index,2025-12-01,5611.02,5666.28,5584.96,5644.76,5599.11,0.0,0.0,0.008153081471876877,0.008153081471876877,0.008120024658181738,PASS,2026-06-08T21:24:34Z,D20260608.01
HKTECH,HK,index,2025-12-02,5687.49,5689.06,5596.5,5624.04,5644.76,0.0,0.0,-0.003670660931554215,-0.003670660931554215,-0.0036774143387685726,PASS,2026-06-08T21:24:34Z,D20260608.01
HKTECH,HK,index,2025-12-03,5595.53,5600.88,5524.25,5534.92,5624.04,0.0,0.0,-0.01584625998392608,-0.01584625998392608,-0.01597315428032475,PASS,2026-06-08T21:24:34Z,D20260608.01
HKTECH,HK,index,2025-12-04,5546.3,5643.23,5501.88,5615.43,5534.92,0.0,0.0,0.014545829027339252,0.014545829027339252,0.01444105326769501,PASS,2026-06-08T21:24:34Z,D20260608.01
HKTECH,HK,index,2025-12-05,5592.19,5686.01,5552.03,5662.46,5615.43,0.0,0.0,0.008375137789982112,0.008375137789982112,0.008340260920567463,PASS,2026-06-08T21:24:34Z,D20260608.01
HKTECH,HK,index,2025-12-08,5666.99,5706.54,5644.67,5662.55,5662.46,0.0,0.0,1.5894152011641793e-05,1.5894152011641793e-05,1.589402570094611e-05,PASS,2026-06-08T21:24:34Z,D20260608.01
HKTECH,HK,index,2025-12-09,5656.07,5668.24,5543.83,5554.68,5662.55,0.0,0.0,-0.0190497214152634,-0.0190497214152634,-0.019233505120501294,PASS,2026-06-08T21:24:34Z,D20260608.01
HKTECH,HK,index,2025-12-10,5552.35,5582.96,5502.17,5581.1,5554.68,0.0,0.0,0.004756349600697041,0.004756349600697041,0.004745073909884274,PASS,2026-06-08T21:24:34Z,D20260608.01
HKTECH,HK,index,2025-12-11,5611.93,5626.77,5516.21,5534.59,5581.1,0.0,0.0,-0.008333482646790125,-0.008333482646790125,-0.008368400238719667,PASS,2026-06-08T21:24:34Z,D20260608.01
HKTECH,HK,index,2025-12-12,5591.15,5649.28,5549.64,5638.05,5534.59,0.0,0.0,0.018693344945154067,0.018693344945154067,0.01852077170273765,PASS,2026-06-08T21:24:34Z,D20260608.01
HKTECH,HK,index,2025-12-15,5562.67,5582.46,5494.31,5498.42,5638.05,0.0,0.0,-0.024765654791993663,-0.024765654791993663,-0.025077482805205564,PASS,2026-06-08T21:24:34Z,D20260608.01
HKTECH,HK,index,2025-12-16,5467.76,5480.59,5348.31,5402.51,5498.42,0.0,0.0,-0.017443192771741667,-0.017443192771741667,-0.017597117848337736,PASS,2026-06-08T21:24:34Z,D20260608.01
HKTECH,HK,index,2025-12-17,5407.36,5479.99,5381.73,5457.95,5402.51,0.0,0.0,0.01026189678501277,0.01026189678501277,0.01020960098729933,PASS,2026-06-08T21:24:34Z,D20260608.01
HKTECH,HK,index,2025-12-18,5397.34,5432.9,5367.13,5418.29,5457.95,0.0,0.0,-0.007266464515065185,-0.007266464515065185,-0.007292993862840337,PASS,2026-06-08T21:24:34Z,D20260608.01
HKTECH,HK,index,2025-12-19,5461.92,5505.14,5432.41,5479.04,5418.29,0.0,0.0,0.011212024457900815,0.011212024457900815,0.011149635615369207,PASS,2026-06-08T21:24:34Z,D20260608.01
HKTECH,HK,index,2025-12-22,5512.54,5552.72,5498.85,5526.83,5479.04,0.0,0.0,0.008722330919285204,0.008722330919285204,0.008684511149540313,PASS,2026-06-08T21:24:34Z,D20260608.01
HKTECH,HK,index,2025-12-23,5534.54,5534.54,5466.63,5488.89,5526.83,0.0,0.0,-0.006864694589846176,-0.006864694589846176,-0.006888364994682507,PASS,2026-06-08T21:24:34Z,D20260608.01
HKTECH,HK,index,2025-12-24,5492.83,5523.28,5484.11,5499.3,5488.89,0.0,0.0,0.0018965583205348135,0.0018965583205348135,0.0018947621245049985,PASS,2026-06-08T21:24:34Z,D20260608.01
HKTECH,HK,index,2025-12-29,5547.79,5619.63,5483.01,5483.01,5499.3,0.0,0.0,-0.0029621951884785114,-0.0029621951884785114,-0.002966591171966261,PASS,2026-06-08T21:24:34Z,D20260608.01
HKTECH,HK,index,2025-12-30,5503.61,5597.87,5503.61,5578.38,5483.01,0.0,0.0,0.01739373081573814,0.01739373081573814,0.017244191421490057,PASS,2026-06-08T21:24:34Z,D20260608.01
HKTECH,HK,index,2025-12-31,5566.24,5581.97,5493.15,5515.98,5578.38,0.0,0.0,-0.01118604325987127,-0.01118604325987127,-0.011249077552141981,PASS,2026-06-08T21:24:34Z,D20260608.01
HKTECH,HK,index,2026-01-02,5547.85,5753.28,5530.99,5736.44,5515.98,0.0,0.0,0.039967512572561814,0.039967512572561814,0.03918947475436934,PASS,2026-06-08T21:24:34Z,D20260608.01
HKTECH,HK,index,2026-01-05,5755.28,5786.6,5707.73,5741.63,5736.44,0.0,0.0,0.0009047423140484678,0.0009047423140484678,0.000904333281415215,PASS,2026-06-08T21:24:34Z,D20260608.01
HKTECH,HK,index,2026-01-06,5787.01,5875.32,5784.54,5825.26,5741.63,0.0,0.0,0.014565550200901223,0.014565550200901223,0.014460491504318662,PASS,2026-06-08T21:24:34Z,D20260608.01
HKTECH,HK,index,2026-01-07,5809.01,5810.83,5687.01,5738.52,5825.26,0.0,0.0,-0.014890322492043251,-0.014890322492043251,-0.015002296284931875,PASS,2026-06-08T21:24:34Z,D20260608.01
HKTECH,HK,index,2026-01-08,5713.53,5713.53,5614.59,5678.34,5738.52,0.0,0.0,-0.010487024528972655,-0.010487024528972655,-0.01054240086629442,PASS,2026-06-08T21:24:34Z,D20260608.01
HKTECH,HK,index,2026-01-09,5699.97,5737.22,5661.28,5687.14,5678.34,0.0,0.0,0.0015497486941606908,0.0015497486941606908,0.0015485490729008863,PASS,2026-06-08T21:24:34Z,D20260608.01
HKTECH,HK,index,2026-01-12,5737.43,5863.61,5698.16,5863.2,5687.14,0.0,0.0,0.030957563907341834,0.030957563907341834,0.03048804405905212,PASS,2026-06-08T21:24:34Z,D20260608.01
HKTECH,HK,index,2026-01-13,5976.22,6001.02,5827.58,5869.79,5863.2,0.0,0.0,0.0011239596124983375,0.0011239596124983375,0.0011233284427883117,PASS,2026-06-08T21:24:34Z,D20260608.01
HKTECH,HK,index,2026-01-14,5894.63,5965.61,5837.53,5908.26,5869.79,0.0,0.0,0.006553897158160682,0.006553897158160682,0.006532513753089485,PASS,2026-06-08T21:24:34Z,D20260608.01
HKTECH,HK,index,2026-01-15,5875.78,5903.23,5788.09,5828.35,5908.26,0.0,0.0,-0.013525132610954782,-0.013525132610954782,-0.013617430388302553,PASS,2026-06-08T21:24:34Z,D20260608.01
HKTECH,HK,index,2026-01-16,5883.37,5894.76,5791.76,5822.18,5828.35,0.0,0.0,-0.0010586186485025406,-0.0010586186485025406,-0.0010591793809935311,PASS,2026-06-08T21:24:34Z,D20260608.01
HKTECH,HK,index,2026-01-19,5777.07,5803.51,5741.51,5749.98,5822.18,0.0,0.0,-0.012400853288630831,-0.012400853288630831,-0.012478385513744705,PASS,2026-06-08T21:24:34Z,D20260608.01
HKTECH,HK,index,2026-01-20,5737.11,5762.89,5662.19,5683.44,5749.98,0.0,0.0,-0.01157221416422316,-0.01157221416422316,-0.011639693328601344,PASS,2026-06-08T21:24:34Z,D20260608.01
HKTECH,HK,index,2026-01-21,5643.62,5783.73,5641.33,5746.3,5683.44,0.0,0.0,0.011060202975662792,0.011060202975662792,0.010999486213657914,PASS,2026-06-08T21:24:34Z,D20260608.01
HKTECH,HK,index,2026-01-22,5795.0,5807.16,5712.75,5762.44,5746.3,0.0,0.0,0.0028087639002487563,0.0028087639002487563,0.0028048266936578693,PASS,2026-06-08T21:24:34Z,D20260608.01
HKTECH,HK,index,2026-01-23,5817.51,5822.78,5757.29,5798.01,5762.44,0.0,0.0,0.006172732384198465,0.006172732384198465,0.006153759109588244,PASS,2026-06-08T21:24:34Z,D20260608.01
HKTECH,HK,index,2026-01-26,5801.15,5801.15,5686.47,5725.99,5798.01,0.0,0.0,-0.012421503239904763,-0.012421503239904763,-0.01249929497608389,PASS,2026-06-08T21:24:34Z,D20260608.01
HKTECH,HK,index,2026-01-27,5734.9,5769.03,5682.78,5754.72,5725.99,0.0,0.0,0.005017472961007741,0.005017472961007741,0.005004927390757264,PASS,2026-06-08T21:24:34Z,D20260608.01
HKTECH,HK,index,2026-01-28,5786.66,5901.32,5772.67,5900.16,5754.72,0.0,0.0,0.025273167069813862,0.025273167069813862,0.024959081542721525,PASS,2026-06-08T21:24:34Z,D20260608.01
HKTECH,HK,index,2026-01-29,5853.59,5898.72,5805.6,5841.1,5900.16,0.0,0.0,-0.0100098980366633,-0.0100098980366633,-0.010060333920313561,PASS,2026-06-08T21:24:34Z,D20260608.01
HKTECH,HK,index,2026-01-30,5789.49,5801.1,5716.52,5718.18,5841.1,0.0,0.0,-0.02104398144185171,-0.02104398144185171,-0.021268562324774216,PASS,2026-06-08T21:24:34Z,D20260608.01
HKTECH,HK,index,2026-02-02,5644.38,5644.38,5470.01,5526.31,5718.18,0.0,0.0,-0.03355438268819799,-0.03355438268819799,-0.03413024957146336,PASS,2026-06-08T21:24:34Z,D20260608.01
HKTECH,HK,index,2026-02-03,5563.79,5579.3,5338.5,5467.26,5526.31,0.0,0.0,-0.010685249289308807,-0.010685249289308807,-0.010742746513746688,PASS,2026-06-08T21:24:34Z,D20260608.01
HKTECH,HK,index,2026-02-04,5419.93,5432.47,5320.72,5366.44,5467.26,0.0,0.0,-0.018440681438234297,-0.018440681438234297,-0.01861283045224315,PASS,2026-06-08T21:24:34Z,D20260608.01
HKTECH,HK,index,2026-02-05,5295.89,5421.74,5267.63,5406.13,5366.44,0.0,0.0,0.007395964550055645,0.007395964550055645,0.0073687485144170615,PASS,2026-06-08T21:24:34Z,D20260608.01
HKTECH,HK,index,2026-02-06,5275.12,5397.32,5275.12,5346.2,5406.13,0.0,0.0,-0.011085563980148483,-0.011085563980148483,-0.011147466754443903,PASS,2026-06-08T21:24:34Z,D20260608.01
HKTECH,HK,index,2026-02-09,5447.63,5459.9,5392.32,5417.6,5346.2,0.0,0.0,0.013355280386068813,0.013355280386068813,0.013266884791209374,PASS,2026-06-08T21:24:34Z,D20260608.01
HKTECH,HK,index,2026-02-10,5461.96,5522.5,5441.48,5451.03,5417.6,0.0,0.0,0.0061706290608385395,0.0061706290608385395,0.006151668687645126,PASS,2026-06-08T21:24:34Z,D20260608.01
HKTECH,HK,index,2026-02-11,5462.7,5521.81,5450.21,5499.99,5451.03,0.0,0.0,0.008981788762857601,0.008981788762857601,0.008941692410629639,PASS,2026-06-08T21:24:34Z,D20260608.01
HKTECH,HK,index,2026-02-12,5474.25,5476.48,5393.12,5408.98,5499.99,0.0,0.0,-0.016547302813277875,-0.016547302813277875,-0.01668573871363535,PASS,2026-06-08T21:24:34Z,D20260608.01
HKTECH,HK,index,2026-02-13,5323.14,5381.69,5310.84,5360.42,5408.98,0.0,0.0,-0.00897766307141079,-0.00897766307141079,-0.009018205119497004,PASS,2026-06-08T21:24:34Z,D20260608.01
HKTECH,HK,index,2026-02-16,5350.25,5368.23,5253.64,5367.52,5360.42,0.0,0.0,0.0013245230784155737,0.0013245230784155737,0.001323646671518362,PASS,2026-06-08T21:24:34Z,D20260608.01
HKTECH,HK,index,2026-02-20,5330.61,5341.72,5211.5,5211.5,5367.52,0.0,0.0,-0.02906742778787974,-0.02906742778787974,-0.02949825469610016,PASS,2026-06-08T21:24:34Z,D20260608.01
HKTECH,HK,index,2026-02-23,5303.5,5420.96,5303.5,5385.35,5211.5,0.0,0.0,0.03335891777799116,0.03335891777799116,0.032814581656479866,PASS,2026-06-08T21:24:34Z,D20260608.01
HKTECH,HK,index,2026-02-24,5330.26,5330.26,5239.69,5270.7,5385.35,0.0,0.0,-0.021289238396761667,-0.021289238396761667,-0.021519122796738552,PASS,2026-06-08T21:24:34Z,D20260608.01
HKTECH,HK,index,2026-02-25,5316.09,5325.58,5252.2,5260.5,5270.7,0.0,0.0,-0.0019352268199669398,-0.0019352268199669398,-0.0019371017907756753,PASS,2026-06-08T21:24:34Z,D20260608.01
HKTECH,HK,index,2026-02-26,5284.51,5284.51,5109.33,5109.33,5260.5,0.0,0.0,-0.02873681209010548,-0.02873681209010548,-0.029157799106858256,PASS,2026-06-08T21:24:34Z,D20260608.01
HKTECH,HK,index,2026-02-27,5117.24,5185.26,5100.17,5137.84,5109.33,0.0,0.0,0.00557998798276893,0.00557998798276893,0.005564477521864988,PASS,2026-06-08T21:24:34Z,D20260608.01
HKTECH,HK,index,2026-03-02,5046.4,5088.25,4966.85,4989.37,5137.84,0.0,0.0,-0.028897357644457666,-0.028897357644457666,-0.02932310839331317,PASS,2026-06-08T21:24:34Z,D20260608.01
HKTECH,HK,index,2026-03-03,5018.4,5031.42,4859.54,4876.53,4989.37,0.0,0.0,-0.02261608178988528,-0.02261608178988528,-0.022875747923644236,PASS,2026-06-08T21:24:34Z,D20260608.01
HKTECH,HK,index,2026-03-04,4816.2,4881.69,4750.18,4829.5,4876.53,0.0,0.0,-0.009644152706945297,-0.009644152706945297,-0.00969095872704109,PASS,2026-06-08T21:24:34Z,D20260608.01
HKTECH,HK,index,2026-03-05,4907.05,4916.24,4769.92,4796.33,4829.5,0.0,0.0,-0.006868205818407747,-0.006868205818407747,-0.006891900499612629,PASS,2026-06-08T21:24:34Z,D20260608.01
HKTECH,HK,index,2026-03-06,4818.81,4977.08,4798.23,4947.5,4796.33,0.0,0.0,0.031517848021299644,0.031517848021299644,0.03103135635698281,PASS,2026-06-08T21:24:34Z,D20260608.01
HKTECH,HK,index,2026-03-09,4760.16,4947.49,4760.16,4941.73,4947.5,0.0,0.0,-0.0011662455785751424,-0.0011662455785751424,-0.0011669261721608817,PASS,2026-06-08T21:24:34Z,D20260608.01
HKTECH,HK,index,2026-03-10,5040.8,5060.53,4960.79,5060.53,4941.73,0.0,0.0,0.024040164072096193,0.024040164072096193,0.023755748574781452,PASS,2026-06-08T21:24:34Z,D20260608.01
HKTECH,HK,index,2026-03-11,5104.58,5124.55,5035.9,5054.85,5060.53,0.0,0.0,-0.00112241207936703,-0.00112241207936703,-0.0011230424555436875,PASS,2026-06-08T21:24:34Z,D20260608.01
HKTECH,HK,index,2026-03-12,5024.53,5088.59,4973.32,5027.64,5054.85,0.0,0.0,-0.005382949048933217,-0.005382949048933217,-0.00539748932233968,PASS,2026-06-08T21:24:34Z,D20260608.01
HKTECH,HK,index,2026-03-13,5006.29,5046.29,4963.02,4978.08,5027.64,0.0,0.0,-0.009857507697448531,-0.009857507697448531,-0.009906414591924217,PASS,2026-06-08T21:24:34Z,D20260608.01
HKTECH,HK,index,2026-03-16,4988.47,5127.25,4935.85,5111.78,4978.08,0.0,0.0,0.02685774435123589,0.02685774435123589,0.02650340562802185,PASS,2026-06-08T21:24:34Z,D20260608.01
HKTECH,HK,index,2026-03-17,5137.33,5232.33,5094.32,5107.64,5111.78,0.0,0.0,-0.0008098940095230267,-0.0008098940095230267,-0.0008102221508614563,PASS,2026-06-08T21:24:34Z,D20260608.01
HKTECH,HK,index,2026-03-18,5112.97,5136.02,5053.74,5108.3,5107.64,0.0,0.0,0.00012921819078859365,0.00012921819078859365,0.00012920984283730868,PASS,2026-06-08T21:24:34Z,D20260608.01
HKTECH,HK,index,2026-03-19,5000.99,5069.24,4981.92,4996.28,5108.3,0.0,0.0,-0.021929017481354007,-0.021929017481354007,-0.022173032318647732,PASS,2026-06-08T21:24:34Z,D20260608.01
HKTECH,HK,index,2026-03-20,4948.04,4997.7,4835.87,4872.38,4996.28,0.0,0.0,-0.024798450046834786,-0.024798450046834786,-0.025111111446808783,PASS,2026-06-08T21:24:34Z,D20260608.01
HKTECH,HK,index,2026-03-23,4780.04,4806.61,4657.55,4712.48,4872.38,0.0,0.0,-0.0328176373763952,-0.0328176373763952,-0.03336821534864507,PASS,2026-06-08T21:24:34Z,D20260608.01
HKTECH,HK,index,2026-03-24,4773.58,4840.61,4693.49,4830.89,4712.48,0.0,0.0,0.0251268970902796,0.0251268970902796,0.024816406966828648,PASS,2026-06-08T21:24:34Z,D20260608.01
HKTECH,HK,index,2026-03-25,4878.64,4955.47,4806.72,4922.94,4830.89,0.0,0.0,0.019054459944233715,0.019054459944233715,0.018875197311238746,PASS,2026-06-08T21:24:34Z,D20260608.01
HKTECH,HK,index,2026-03-26,4889.55,4902.42,4745.55,4761.54,4922.94,0.0,0.0,-0.032785286840790184,-0.032785286840790184,-0.03333476768062175,PASS,2026-06-08T21:24:34Z,D20260608.01
HKTECH,HK,index,2026-03-27,4740.78,4836.78,4722.5,4778.01,4761.54,0.0,0.0,0.0034589649567158265,0.0034589649567158265,0.0034529964965996445,PASS,2026-06-08T21:24:34Z,D20260608.01
HKTECH,HK,index,2026-03-30,4645.26,4727.42,4619.67,4690.08,4778.01,0.0,0.0,-0.018403059014108436,-0.018403059014108436,-0.01857450194533241,PASS,2026-06-08T21:24:34Z,D20260608.01
HKTECH,HK,index,2026-03-31,4693.61,4742.04,4623.65,4649.82,4690.08,0.0,0.0,-0.00858407532494121,-0.00858407532494121,-0.008621130709399058,PASS,2026-06-08T21:24:34Z,D20260608.01
HKTECH,HK,index,2026-04-01,4777.67,4792.65,4708.89,4756.45,4649.82,0.0,0.0,0.022932070488750123,0.022932070488750123,0.022673082505475516,PASS,2026-06-08T21:24:34Z,D20260608.01
HKTECH,HK,index,2026-04-02,4732.95,4742.78,4629.15,4679.1,4756.45,0.0,0.0,-0.01626212826793083,-0.01626212826793083,-0.016395807934329685,PASS,2026-06-08T21:24:34Z,D20260608.01
HKTECH,HK,index,2026-04-08,4817.01,4930.67,4809.8,4923.25,4679.1,0.0,0.0,0.05217883781068999,0.05217883781068999,0.05086309778641614,PASS,2026-06-08T21:24:34Z,D20260608.01
HKTECH,HK,index,2026-04-09,4868.39,4889.89,4809.96,4821.67,4923.25,0.0,0.0,-0.020632712131214093,-0.020632712131214093,-0.0208485404465336,PASS,2026-06-08T21:24:34Z,D20260608.01
HKTECH,HK,index,2026-04-10,4844.15,4935.97,4844.14,4860.26,4821.67,0.0,0.0,0.008003451086449287,0.008003451086449287,0.00797159334019033,PASS,2026-06-08T21:24:34Z,D20260608.01
HKTECH,HK,index,2026-04-13,4826.86,4843.99,4791.86,4822.01,4860.26,0.0,0.0,-0.007869949344273763,-0.007869949344273763,-0.0079010808387094,PASS,2026-06-08T21:24:34Z,D20260608.01
HKTECH,HK,index,2026-04-14,4888.22,4900.49,4801.9,4851.96,4822.01,0.0,0.0,0.006211102838857618,0.006211102838857618,0.006191893439622306,PASS,2026-06-08T21:24:34Z,D20260608.01
HKTECH,HK,index,2026-04-15,4961.5,4973.43,4905.58,4911.79,4851.96,0.0,0.0,0.012331099184659466,0.012331099184659466,0.01225569046319464,PASS,2026-06-08T21:24:34Z,D20260608.01
HKTECH,HK,index,2026-04-16,4976.17,5095.76,4976.17,5092.08,4911.79,0.0,0.0,0.03670555948035248,0.03670555948035248,0.036047954002900895,PASS,2026-06-08T21:24:34Z,D20260608.01
HKTECH,HK,index,2026-04-17,5055.58,5072.38,5000.84,5042.68,5092.08,0.0,0.0,-0.009701340120343627,-0.009701340120343627,-0.009748704702633625,PASS,2026-06-08T21:24:34Z,D20260608.01
HKTECH,HK,index,2026-04-20,5059.58,5103.03,5020.2,5065.63,5042.68,0.0,0.0,0.004551151371889439,0.004551151371889439,0.004540826198250655,PASS,2026-06-08T21:24:34Z,D20260608.01
HKTECH,HK,index,2026-04-21,5092.53,5092.53,5017.39,5061.5,5065.63,0.0,0.0,-0.000815298393289754,-0.000815298393289754,-0.0008156309297814013,PASS,2026-06-08T21:24:34Z,D20260608.01
HKTECH,HK,index,2026-04-22,5009.76,5009.76,4940.09,4963.94,5061.5,0.0,0.0,-0.019274918502420357,-0.019274918502420357,-0.019463101813948853,PASS,2026-06-08T21:24:34Z,D20260608.01
HKTECH,HK,index,2026-04-23,4962.08,4962.08,4846.09,4865.52,4963.94,0.0,0.0,-0.019826992268238364,-0.019826992268238364,-0.02002618439680942,PASS,2026-06-08T21:24:34Z,D20260608.01
HKTECH,HK,index,2026-04-24,4826.62,4911.68,4775.59,4902.2,4865.52,0.0,0.0,0.007538762557753209,0.007538762557753209,0.007510488101328249,PASS,2026-06-08T21:24:34Z,D20260608.01
HKTECH,HK,index,2026-04-27,4929.58,4975.23,4900.52,4939.84,4902.2,0.0,0.0,0.007678185304557106,0.007678185304557106,0.007648858064099994,PASS,2026-06-08T21:24:34Z,D20260608.01
HKTECH,HK,index,2026-04-28,4923.78,4934.76,4813.56,4827.19,4939.84,0.0,0.0,-0.022804382328172723,-0.022804382328172723,-0.02306842418512471,PASS,2026-06-08T21:24:34Z,D20260608.01
HKTECH,HK,index,2026-04-29,4878.97,4918.7,4851.53,4910.02,4827.19,0.0,0.0,0.017159051124981728,0.017159051124981728,0.01701349729167411,PASS,2026-06-08T21:24:34Z,D20260608.01
HKTECH,HK,index,2026-04-30,4876.72,4897.39,4823.75,4871.32,4910.02,0.0,0.0,-0.00788184162182648,-0.00788184162182648,-0.007913067522128052,PASS,2026-06-08T21:24:34Z,D20260608.01
HKTECH,HK,index,2026-05-04,4948.43,5053.48,4948.43,4976.7,4871.32,0.0,0.0,0.021632740201834366,0.021632740201834366,0.021402073188441055,PASS,2026-06-08T21:24:34Z,D20260608.01
HKTECH,HK,index,2026-05-05,4949.12,4949.12,4859.44,4929.68,4976.7,0.0,0.0,-0.00944802780959264,-0.00944802780959264,-0.009492943558375003,PASS,2026-06-08T21:24:34Z,D20260608.01
HKTECH,HK,index,2026-05-06,4971.69,5026.76,4924.43,4969.2,4929.68,0.0,0.0,0.008016747537365365,0.008016747537365365,0.007984784131557746,PASS,2026-06-08T21:24:34Z,D20260608.01
HKTECH,HK,index,2026-05-07,5089.11,5137.85,5070.3,5121.1,4969.2,0.0,0.0,0.030568300732512377,0.030568300732512377,0.03011039836841827,PASS,2026-06-08T21:24:34Z,D20260608.01
HKTECH,HK,index,2026-05-08,5079.77,5122.91,5047.17,5102.79,5121.1,0.0,0.0,-0.003575403721856718,-0.003575403721856718,-0.003581810754120793,PASS,2026-06-08T21:24:34Z,D20260608.01
HKTECH,HK,index,2026-05-11,5078.36,5119.33,5055.72,5106.4,5102.79,0.0,0.0,0.0007074561171436233,0.0007074561171436233,0.0007072059880280777,PASS,2026-06-08T21:24:34Z,D20260608.01
HKTECH,HK,index,2026-05-12,5129.54,5141.49,5059.58,5070.61,5106.4,0.0,0.0,-0.007008851637161251,-0.007008851637161251,-0.007033529012103824,PASS,2026-06-08T21:24:34Z,D20260608.01
HKTECH,HK,index,2026-05-13,5055.41,5122.26,5017.71,5093.85,5070.61,0.0,0.0,0.004583274990583197,0.004583274990583197,0.0045728037685665,PASS,2026-06-08T21:24:34Z,D20260608.01
HKTECH,HK,index,2026-05-14,5258.56,5258.56,5074.02,5076.2,5093.85,0.0,0.0,-0.0034649626510401266,-0.0034649626510401266,-0.0034709795370041234,PASS,2026-06-08T21:24:34Z,D20260608.01
HKTECH,HK,index,2026-05-15,5069.46,5069.46,4910.76,4941.14,5076.2,0.0,0.0,-0.02660651668570968,-0.02660651668570968,-0.026966876371691713,PASS,2026-06-08T21:24:34Z,D20260608.01
HKTECH,HK,index,2026-05-18,4897.71,4897.71,4804.87,4844.94,4941.14,0.0,0.0,-0.019469191320221846,-0.019469191320221846,-0.019661212442357794,PASS,2026-06-08T21:24:34Z,D20260608.01
HKTECH,HK,index,2026-05-19,4838.36,4880.53,4812.67,4857.46,4844.94,0.0,0.0,0.002584139328866808,0.002584139328866808,0.0025808061818073918,PASS,2026-06-08T21:24:34Z,D20260608.01
HKTECH,HK,index,2026-05-20,4840.61,4892.19,4819.85,4873.82,4857.46,0.0,0.0,0.003368015382524847,0.003368015382524847,0.003362356321692416,PASS,2026-06-08T21:24:34Z,D20260608.01
HKTECH,HK,index,2026-05-21,4924.69,4936.31,4756.15,4768.9,4873.82,0.0,0.0,-0.02152726198341348,-0.02152726198341348,-0.021762353528932573,PASS,2026-06-08T21:24:34Z,D20260608.01
HKTECH,HK,index,2026-05-22,4843.95,4882.23,4797.92,4869.57,4768.9,0.0,0.0,0.021109689865587367,0.021109689865587367,0.0208899671686325,PASS,2026-06-08T21:24:34Z,D20260608.01
HKTECH,HK,index,2026-05-26,4962.22,4986.84,4874.2,4946.88,4869.57,0.0,0.0,0.01587614512164337,0.01587614512164337,0.01575143731751258,PASS,2026-06-08T21:24:34Z,D20260608.01
HKTECH,HK,index,2026-05-27,4979.63,5009.0,4888.21,4907.57,4946.88,0.0,0.0,-0.007946422795782504,-0.007946422795782504,-0.007978163877267769,PASS,2026-06-08T21:24:34Z,D20260608.01
HKTECH,HK,index,2026-05-29,4939.91,4980.78,4867.56,4884.23,4907.57,0.0,0.0,-0.004755917898267348,-0.004755917898267348,-0.004767263261832802,PASS,2026-06-08T21:24:34Z,D20260608.01
HKTECH,HK,index,2026-06-01,4894.94,5015.94,4894.94,4964.92,4884.23,0.0,0.0,0.016520516028114995,0.016520516028114995,0.016385536891065252,PASS,2026-06-08T21:24:34Z,D20260608.01
HKTECH,HK,index,2026-06-02,4995.83,5203.11,4995.83,5199.28,4964.92,0.0,0.0,0.047203177493292836,0.047203177493292836,0.04612296988443944,PASS,2026-06-08T21:24:34Z,D20260608.01
HKTECH,HK,index,2026-06-03,5162.81,5162.81,5042.33,5056.97,5199.28,0.0,0.0,-0.027371097536581845,-0.027371097536581845,-0.027752664752957772,PASS,2026-06-08T21:24:34Z,D20260608.01
HKTECH,HK,index,2026-06-04,4994.94,5014.48,4962.91,4975.36,5056.97,0.0,0.0,-0.016138122235251684,-0.016138122235251684,-0.016269759907666697,PASS,2026-06-08T21:24:34Z,D20260608.01
HKTECH,HK,index,2026-06-05,4959.93,4969.03,4872.39,4888.39,4975.36,0.0,0.0,-0.017480142140468113,-0.017480142140468113,-0.0176347238811071,PASS,2026-06-08T21:24:34Z,D20260608.01
HKTECH,HK,index,2026-06-08,4769.69,4821.14,4709.44,4755.91,4888.39,0.0,0.0,-0.027100947346672566,-0.027100947346672566,-0.027474950736117186,PASS,2026-06-08T21:24:34Z,D20260608.01
