ts_code,trade_date,open,high,low,close,pre_close,change,pct_chg,vol,amount
03690.HK,20180920,72.9,74.0,72.0,72.65,69.0,3.65,5.29,115846804.0,8438947990.75
03690.HK,20180921,74.0,74.0,71.95,72.1,72.65,-0.55,-0.76,43838241.0,3176663016.75
03690.HK,20180924,70.65,71.9,69.0,69.0,72.1,-3.1,-4.3,31460064.0,2200166444.8
03690.HK,20180926,69.35,69.6,65.65,68.8,69.0,-0.2,-0.29,68632397.0,4703103298.3
03690.HK,20180927,68.8,69.75,65.65,67.0,68.8,-1.8,-2.62,29514806.0,1969154540.5
03690.HK,20180928,67.05,68.8,65.05,68.75,67.0,1.75,2.61,26889022.0,1803101582.922
03690.HK,20181002,68.75,68.75,66.05,66.7,68.75,-2.05,-2.98,6611904.0,443955890.0
03690.HK,20181003,66.5,66.5,65.0,65.05,66.7,-1.65,-2.47,13389350.0,871853112.2
03690.HK,20181004,65.05,65.8,64.95,65.05,65.05,0.0,0.0,14815600.0,963873670.0
03690.HK,20181005,64.85,68.0,63.8,67.9,65.05,2.85,4.38,16945330.0,1111466215.0
03690.HK,20181008,68.05,69.0,68.0,68.45,67.9,0.55,0.81,12875421.0,880882700.1
03690.HK,20181009,68.0,69.3,68.0,68.95,68.45,0.5,0.73,5585136.0,383280261.4
03690.HK,20181010,69.3,69.3,68.5,69.0,68.95,0.05,0.07,9010000.0,619788603.944
03690.HK,20181011,67.0,67.0,60.0,62.0,69.0,-7.0,-10.14,36620203.0,2340596546.7
03690.HK,20181012,61.8,62.3,58.25,59.3,62.0,-2.7,-4.35,17488088.0,1054191288.1
03690.HK,20181015,60.0,61.95,53.7,55.45,59.3,-3.85,-6.49,11367725.0,649184215.1
03690.HK,20181016,55.8,58.0,55.8,56.0,55.45,0.55,0.99,14010749.0,792669481.85
03690.HK,20181018,57.1,57.95,53.9,55.0,56.0,-1.0,-1.79,10245018.0,569584245.8
03690.HK,20181019,55.1,55.5,52.8,55.0,55.0,0.0,0.0,6373538.0,348874156.1
03690.HK,20181022,56.2,60.35,54.25,58.5,55.0,3.5,6.36,13604574.0,791607453.5
03690.HK,20181023,58.55,59.0,54.1,55.05,58.5,-3.45,-5.9,8703111.0,482165894.15
03690.HK,20181024,56.5,56.9,52.25,52.75,55.05,-2.3,-4.18,9604413.0,512421510.2
03690.HK,20181025,50.15,55.2,50.15,55.0,52.75,2.25,4.27,7989938.0,421582134.2
03690.HK,20181026,55.3,55.9,51.75,52.75,55.0,-2.25,-4.09,5718032.0,301136774.9
03690.HK,20181029,52.5,55.0,52.25,52.85,52.75,0.1,0.19,6819861.0,363509852.8
03690.HK,20181030,52.3,53.1,49.8,50.15,52.85,-2.7,-5.11,10378493.0,530214220.35
03690.HK,20181031,50.5,52.6,49.45,50.7,50.15,0.55,1.1,16590628.0,841320236.38
03690.HK,20181101,52.45,56.9,52.0,56.35,50.7,5.65,11.14,18512139.0,988958654.21
03690.HK,20181102,60.0,63.0,58.5,61.35,56.35,5.0,8.87,19469470.0,1183257773.55
03690.HK,20181105,60.0,64.4,59.6,62.15,61.35,0.8,1.3,11757361.0,726209781.33
03690.HK,20181106,62.5,63.0,61.7,62.8,62.15,0.65,1.05,4586359.0,285971374.15
03690.HK,20181107,62.8,63.5,61.45,62.05,62.8,-0.75,-1.19,3474958.0,216479402.45
03690.HK,20181108,62.8,63.2,59.55,59.8,62.05,-2.25,-3.63,4331755.0,264486942.3
03690.HK,20181109,60.0,60.05,55.0,56.3,59.8,-3.5,-5.85,6976039.0,391763193.7
03690.HK,20181112,56.4,56.45,52.35,53.95,56.3,-2.35,-4.17,7366316.0,398613877.0
03690.HK,20181113,51.3,55.2,51.3,54.55,53.95,0.6,1.11,7060621.0,377241037.59
03690.HK,20181114,55.2,58.6,53.25,56.9,54.55,2.35,4.31,4528430.0,254118598.8
03690.HK,20181115,57.5,58.15,56.05,57.5,56.9,0.6,1.05,3307828.0,188772947.85
03690.HK,20181116,57.8,59.4,57.0,58.3,57.5,0.8,1.39,5727882.0,329886628.08
03690.HK,20181119,58.5,60.0,57.6,58.35,58.3,0.05,0.09,5370348.0,313229405.33
03690.HK,20181120,56.9,57.95,56.25,57.0,58.35,-1.35,-2.31,5786600.0,328993008.76
03690.HK,20181121,57.0,60.2,56.35,59.7,57.0,2.7,4.74,8520454.0,506066438.45
03690.HK,20181122,60.7,63.0,59.0,61.05,59.7,1.35,2.26,9433464.0,581205006.75
03690.HK,20181123,56.05,57.0,52.25,53.85,61.05,-7.2,-11.79,18461332.0,1008645099.5
03690.HK,20181126,53.95,54.1,50.9,52.65,53.85,-1.2,-2.23,8579817.0,444832515.85
03690.HK,20181127,51.85,53.1,50.05,50.95,52.65,-1.7,-3.23,9010569.0,460387495.51
03690.HK,20181128,51.1,53.05,49.65,53.0,50.95,2.05,4.02,10342326.0,528834423.15
03690.HK,20181129,53.9,55.25,50.25,50.5,53.0,-2.5,-4.72,9647537.0,503928238.1
03690.HK,20181130,51.0,53.4,51.0,52.45,50.5,1.95,3.86,7860149.0,412780235.45
03690.HK,20181203,55.05,55.55,54.0,55.5,52.45,3.05,5.82,10186476.0,558679283.7
03690.HK,20181204,55.55,55.55,53.0,53.85,55.5,-1.65,-2.97,5265125.0,283467795.55
03690.HK,20181205,52.85,55.3,51.65,54.65,53.85,0.8,1.49,5854445.0,313213702.2
03690.HK,20181206,54.8,54.8,52.25,54.0,54.65,-0.65,-1.19,9598571.0,513834796.5
03690.HK,20181207,53.0,54.45,52.9,54.0,54.0,0.0,0.0,3870878.0,209012862.5
03690.HK,20181210,53.95,54.0,51.65,52.05,54.0,-1.95,-3.61,6282378.0,329165581.45
03690.HK,20181211,53.0,53.25,51.9,52.5,52.05,0.45,0.86,5323958.0,278684908.3
03690.HK,20181212,53.95,53.95,52.1,52.3,52.5,-0.2,-0.38,4180258.0,219210708.83
03690.HK,20181213,52.55,53.1,52.05,52.35,52.3,0.05,0.1,4430980.0,232086970.4
03690.HK,20181214,52.3,53.0,51.55,52.6,52.35,0.25,0.48,4849676.0,253958999.6
03690.HK,20181217,52.7,52.7,50.65,51.85,52.6,-0.75,-1.43,3721475.0,191439953.95
03690.HK,20181218,51.8,51.8,47.9,47.9,51.85,-3.95,-7.62,8637104.0,424648172.6
03690.HK,20181219,48.15,48.5,45.2,45.8,47.9,-2.1,-4.38,9201997.0,424663366.15
03690.HK,20181220,45.6,47.4,44.6,44.85,45.8,-0.95,-2.07,8695876.0,394521569.75
03690.HK,20181221,44.25,47.0,43.1,46.9,44.85,2.05,4.57,9429505.0,423700335.25
03690.HK,20181224,46.2,46.2,43.2,44.25,46.9,-2.65,-5.65,2629925.0,116223626.8
03690.HK,20181227,46.45,46.5,45.1,45.8,44.25,1.55,3.5,8884712.0,406803035.2
03690.HK,20181228,45.9,45.9,44.05,44.05,45.8,-1.75,-3.82,4137428.0,184980626.2
03690.HK,20181231,44.95,45.15,43.4,43.9,44.05,-0.15,-0.34,5459196.0,241637753.4
03690.HK,20190102,43.6,44.25,41.15,41.2,43.9,-2.7,-6.15,6185730.0,262047202.5
03690.HK,20190103,41.1,42.65,40.25,41.25,41.2,0.05,0.12,4813333.0,199114801.85
03690.HK,20190104,41.95,44.45,40.8,44.0,41.25,2.75,6.67,10293472.0,438106345.2
03690.HK,20190107,44.7,46.25,44.5,45.45,44.0,1.45,3.3,5853496.0,266773568.75
03690.HK,20190108,44.8,46.45,43.25,43.9,45.45,-1.55,-3.41,5837715.0,259530609.25
03690.HK,20190109,45.55,46.2,44.3,45.6,43.9,1.7,3.87,7311038.0,331741981.0
03690.HK,20190110,44.95,46.2,44.6,44.95,45.6,-0.65,-1.43,5847194.0,265903195.56
03690.HK,20190111,45.75,46.2,45.0,45.5,44.95,0.55,1.22,4624201.0,210225872.25
03690.HK,20190114,44.5,45.25,42.95,43.9,45.5,-1.6,-3.52,9530176.0,417688287.0
03690.HK,20190115,44.0,44.95,42.8,43.75,43.9,-0.15,-0.34,5590377.0,244473647.65
03690.HK,20190116,44.25,44.7,43.0,44.6,43.75,0.85,1.94,10180878.0,448612426.94
03690.HK,20190117,44.65,45.35,43.95,44.2,44.6,-0.4,-0.9,4152604.0,184735783.35
03690.HK,20190118,45.05,46.0,44.7,45.55,44.2,1.35,3.05,7606369.0,345329959.39
03690.HK,20190121,45.55,47.45,44.9,45.65,45.55,0.1,0.22,7943218.0,365319321.75
03690.HK,20190122,45.6,46.4,42.5,43.9,45.65,-1.75,-3.83,6306301.0,275218558.2
03690.HK,20190123,43.25,44.1,43.0,43.45,43.9,-0.45,-1.03,2731700.0,119200761.17
03690.HK,20190124,43.5,44.5,42.6,43.6,43.45,0.15,0.35,3857606.0,168320016.9
03690.HK,20190125,44.35,48.45,44.35,47.85,43.6,4.25,9.75,14030655.0,660519105.42
03690.HK,20190128,49.8,50.45,47.0,47.45,47.85,-0.4,-0.84,8586835.0,417573031.8
03690.HK,20190129,47.3,47.95,46.2,47.5,47.45,0.05,0.11,5815645.0,274857625.45
03690.HK,20190130,48.0,49.35,47.8,49.0,47.5,1.5,3.16,5523526.0,268014845.8
03690.HK,20190131,50.0,53.95,49.5,53.3,49.0,4.3,8.78,12735987.0,665974217.25
03690.HK,20190201,54.0,55.95,51.7,53.8,53.3,0.5,0.94,14357202.0,775191932.35
03690.HK,20190204,53.8,54.95,52.65,54.65,53.8,0.85,1.58,14578867.0,782172586.615
03690.HK,20190208,52.9,58.35,52.9,57.9,54.65,3.25,5.95,6340228.0,355381223.15
03690.HK,20190211,57.85,62.45,57.75,62.4,57.9,4.5,7.77,11852485.0,724289488.85
03690.HK,20190212,63.65,64.2,59.55,59.85,62.4,-2.55,-4.09,7408072.0,450658707.75
03690.HK,20190213,58.85,60.5,58.6,58.65,59.85,-1.2,-2.01,5176071.0,307977301.35
03690.HK,20190214,59.0,61.05,58.8,61.0,58.65,2.35,4.01,5885185.0,354436196.7
03690.HK,20190215,60.8,60.8,58.25,58.4,61.0,-2.6,-4.26,3537407.0,208847727.35
03690.HK,20190218,59.8,60.1,58.2,58.3,58.4,-0.1,-0.17,3021256.0,177751673.8
03690.HK,20190219,58.0,58.15,55.3,56.0,58.3,-2.3,-3.95,7694804.0,432198233.45
03690.HK,20190220,55.05,57.7,55.05,56.75,56.0,0.75,1.34,2431674.0,137274155.1
03690.HK,20190221,58.15,58.8,56.5,58.55,56.75,1.8,3.17,3996244.0,231823943.1
03690.HK,20190222,58.85,59.2,57.85,58.75,58.55,0.2,0.34,1956099.0,114736166.7
03690.HK,20190225,58.8,61.5,58.75,61.0,58.75,2.25,3.83,6529686.0,394480717.25
03690.HK,20190226,60.8,62.8,57.25,58.5,61.0,-2.5,-4.1,8820682.0,532555925.05
03690.HK,20190227,59.25,60.3,57.3,58.9,58.5,0.4,0.68,6709707.0,392848954.9
03690.HK,20190228,59.9,61.6,58.7,60.9,58.9,2.0,3.4,21518122.0,1306717714.75
03690.HK,20190301,60.9,61.4,59.4,60.0,60.9,-0.9,-1.48,6779854.0,408256523.7
03690.HK,20190304,62.0,62.0,59.2,60.8,60.0,0.8,1.33,5344838.0,324257615.1
03690.HK,20190305,60.8,60.9,59.8,60.85,60.8,0.05,0.08,6265068.0,377169242.7
03690.HK,20190306,61.95,62.0,60.0,61.2,60.85,0.35,0.58,5137261.0,314051756.75
03690.HK,20190307,61.05,61.5,59.05,59.6,61.2,-1.6,-2.61,3929654.0,235673505.6
03690.HK,20190308,58.6,59.2,56.35,56.85,59.6,-2.75,-4.61,6182989.0,355954323.4
03690.HK,20190311,57.95,59.6,56.9,58.9,56.85,2.05,3.61,5642937.0,331727837.3
03690.HK,20190312,56.6,57.1,52.1,52.35,58.9,-6.55,-11.12,15973789.0,855558732.65
03690.HK,20190313,52.55,52.95,48.0,49.8,52.35,-2.55,-4.87,20489600.0,1017703949.15
03690.HK,20190314,50.5,50.5,47.0,48.3,49.8,-1.5,-3.01,12111085.0,582503653.2
03690.HK,20190315,48.75,53.95,48.3,53.95,48.3,5.65,11.7,19361201.0,1015486954.95
03690.HK,20190318,54.7,55.6,52.6,55.35,53.95,1.4,2.59,10632254.0,583488514.35
03690.HK,20190319,55.6,55.6,51.6,51.95,55.35,-3.4,-6.14,6828543.0,361884592.55
03690.HK,20190320,51.15,52.35,48.5,50.0,51.95,-1.95,-3.75,19510062.0,973102805.5
03690.HK,20190321,50.0,50.7,48.3,48.9,50.0,-1.1,-2.2,28238299.0,1386985387.5
03690.HK,20190322,48.85,50.4,48.2,49.7,48.9,0.8,1.64,31610750.0,1552140101.5
03690.HK,20190325,49.25,50.35,48.25,50.0,49.7,0.3,0.6,38538990.0,1926428280.8
03690.HK,20190326,50.5,50.95,49.6,50.3,50.0,0.3,0.6,8706001.0,435894835.1
03690.HK,20190327,50.8,53.9,50.0,52.5,50.3,2.2,4.37,19829056.0,1042724389.9
03690.HK,20190328,52.85,53.0,51.45,52.0,52.5,-0.5,-0.95,26174705.0,1345579816.6
03690.HK,20190329,53.25,53.25,51.05,52.9,52.0,0.9,1.73,11413221.0,600278838.65
03690.HK,20190401,53.6,53.8,52.0,52.7,52.9,-0.2,-0.38,35261869.0,1814300144.2
03690.HK,20190402,53.4,53.4,51.15,51.75,52.7,-0.95,-1.8,9451381.0,490756428.55
03690.HK,20190403,50.8,52.4,50.8,52.3,51.75,0.55,1.06,6391298.0,332120008.14
03690.HK,20190404,50.8,52.0,50.8,51.25,52.3,-1.05,-2.01,14565369.0,750003643.1
03690.HK,20190408,50.9,52.35,50.2,51.8,51.25,0.55,1.07,18695042.0,961380938.25
03690.HK,20190409,51.1,53.3,51.0,53.15,51.8,1.35,2.61,31836998.0,1665733773.79
03690.HK,20190410,53.0,54.2,51.85,53.75,53.15,0.6,1.13,34969903.0,1866433773.75
03690.HK,20190411,53.5,53.85,52.6,53.05,53.75,-0.7,-1.3,10453999.0,557023337.35
03690.HK,20190412,52.35,53.8,52.35,53.75,53.05,0.7,1.32,11756069.0,626483561.752
03690.HK,20190415,53.5,55.7,53.2,55.15,53.75,1.4,2.6,28809767.0,1583086426.9
03690.HK,20190416,54.95,55.3,54.15,55.3,55.15,0.15,0.27,18228403.0,1002200415.49
03690.HK,20190417,54.85,55.3,54.15,55.2,55.3,-0.1,-0.18,8471820.0,465894292.95
03690.HK,20190418,54.65,55.2,54.55,55.2,55.2,0.0,0.0,9760493.0,536637145.15
03690.HK,20190423,55.1,56.75,54.3,56.2,55.2,1.0,1.81,16705153.0,928435662.45
03690.HK,20190424,55.7,57.8,55.7,57.8,56.2,1.6,2.85,20254128.0,1159775694.66
03690.HK,20190425,57.0,57.3,56.0,56.25,57.8,-1.55,-2.68,14630035.0,829415502.94
03690.HK,20190426,56.0,57.45,56.0,56.8,56.25,0.55,0.98,11085417.0,631267388.4
03690.HK,20190429,56.2,57.2,56.2,56.8,56.8,0.0,0.0,12634445.0,717215997.0
03690.HK,20190430,56.35,57.9,56.35,57.0,56.8,0.2,0.35,20274663.0,1156575009.74
03690.HK,20190502,55.9,56.5,54.5,55.15,57.0,-1.85,-3.25,14820068.0,823476841.52
03690.HK,20190503,54.5,55.6,54.45,55.5,55.15,0.35,0.63,6911383.0,380239223.5
03690.HK,20190506,52.85,55.45,52.5,55.25,55.5,-0.25,-0.45,11191180.0,607420856.6
03690.HK,20190507,55.0,57.5,54.55,56.8,55.25,1.55,2.81,18552516.0,1055177643.72
03690.HK,20190508,56.0,59.1,56.0,57.6,56.8,0.8,1.41,21484556.0,1240249763.6
03690.HK,20190509,56.7,58.0,56.7,57.3,57.6,-0.3,-0.52,16092475.0,922316968.17
03690.HK,20190510,57.7,59.6,57.7,58.95,57.3,1.65,2.88,31844926.0,1879842508.0
03690.HK,20190514,57.75,58.75,56.45,58.3,58.95,-0.65,-1.1,24633353.0,1418314026.27
03690.HK,20190515,58.6,60.25,58.2,60.2,58.3,1.9,3.26,33045569.0,1969626651.494
03690.HK,20190516,59.85,60.5,58.3,60.0,60.2,-0.2,-0.33,53062902.0,3188152124.45
03690.HK,20190517,60.5,64.6,60.0,61.85,60.0,1.85,3.08,61806576.0,3844316401.04
03690.HK,20190520,62.45,62.75,60.7,61.45,61.85,-0.4,-0.65,31610537.0,1945968851.58
03690.HK,20190521,60.8,61.4,59.65,60.45,61.45,-1.0,-1.63,33983861.0,2061779029.48
03690.HK,20190522,60.15,61.9,58.4,61.7,60.45,1.25,2.07,16317041.0,984616888.8
03690.HK,20190523,60.85,61.05,57.0,58.15,61.7,-3.55,-5.75,23684467.0,1395415993.9
03690.HK,20190524,57.15,61.45,57.15,61.0,58.15,2.85,4.9,32142192.0,1941331431.7
03690.HK,20190527,62.3,62.4,60.15,60.8,61.0,-0.2,-0.33,21740717.0,1329900469.45
03690.HK,20190528,61.25,61.25,59.2,61.1,60.8,0.3,0.49,63190747.0,3838330122.95
03690.HK,20190529,60.25,61.2,59.55,60.9,61.1,-0.2,-0.33,36319595.0,2211363603.39
03690.HK,20190530,61.0,61.25,59.5,60.05,60.9,-0.85,-1.4,11738237.0,707088301.85
03690.HK,20190531,61.85,61.85,60.0,60.55,60.05,0.5,0.83,13840060.0,840033839.65
03690.HK,20190603,60.2,60.5,59.4,60.35,60.55,-0.2,-0.33,8568959.0,515317210.7
03690.HK,20190604,59.85,60.0,57.0,58.0,60.35,-2.35,-3.89,13152006.0,770291324.37
03690.HK,20190605,59.15,60.0,58.65,59.65,58.0,1.65,2.84,12042759.0,717257721.65
03690.HK,20190606,59.65,60.3,59.5,59.65,59.65,0.0,0.0,16157212.0,968044583.55
03690.HK,20190610,59.75,60.85,59.75,60.2,59.65,0.55,0.92,13508055.0,813718481.25
03690.HK,20190611,60.45,61.8,60.25,61.3,60.2,1.1,1.83,30595369.0,1874670537.3
03690.HK,20190612,60.3,62.7,59.2,61.3,61.3,0.0,0.0,20333947.0,1252564675.75
03690.HK,20190613,61.8,62.2,61.15,61.5,61.3,0.2,0.33,12385321.0,764078083.0
03690.HK,20190614,62.1,62.1,59.5,61.0,61.5,-0.5,-0.81,14119496.0,859065846.644
03690.HK,20190617,60.2,61.7,60.2,61.05,61.0,0.05,0.08,10110593.0,616616181.05
03690.HK,20190618,60.5,61.85,60.0,61.3,61.05,0.25,0.41,19385679.0,1187219921.89
03690.HK,20190619,62.0,62.55,61.15,62.45,61.3,1.15,1.88,29876592.0,1861267867.088
03690.HK,20190620,62.2,62.95,61.8,62.7,62.45,0.25,0.4,38370544.0,2395834577.25
03690.HK,20190621,62.55,65.2,62.45,64.3,62.7,1.6,2.55,152072807.0,9769731071.255
03690.HK,20190624,63.65,64.2,62.75,63.75,64.3,-0.55,-0.86,20324507.0,1300236241.79
03690.HK,20190625,64.0,64.05,62.95,63.6,63.75,-0.15,-0.24,9355148.0,595510155.05
03690.HK,20190626,63.6,64.8,63.1,64.35,63.6,0.75,1.18,14358058.0,920481215.2
03690.HK,20190627,64.3,68.95,64.3,68.5,64.35,4.15,6.45,35694681.0,2392386385.25
03690.HK,20190628,69.05,69.35,67.65,68.5,68.5,0.0,0.0,25251530.0,1722751238.79
03690.HK,20190702,68.5,70.05,68.3,69.25,68.5,0.75,1.09,30128642.0,2086326527.8
03690.HK,20190703,69.25,69.25,67.9,68.8,69.25,-0.45,-0.65,14705242.0,1008803835.538
03690.HK,20190704,68.9,70.5,68.3,70.0,68.8,1.2,1.74,20880309.0,1458213963.93
03690.HK,20190705,70.1,70.1,69.0,69.1,70.0,-0.9,-1.29,8020760.0,556352601.25
03690.HK,20190708,69.0,69.0,67.25,68.65,69.1,-0.45,-0.65,10175769.0,694840730.65
03690.HK,20190709,67.5,68.1,65.75,68.0,68.65,-0.65,-0.95,11639925.0,780921415.1
03690.HK,20190710,69.1,69.1,66.45,67.45,68.0,-0.55,-0.81,10079576.0,678033714.85
03690.HK,20190711,67.45,67.95,65.55,66.0,67.45,-1.45,-2.15,18408072.0,1216977372.8
03690.HK,20190712,65.75,66.9,64.95,65.0,66.0,-1.0,-1.52,9304511.0,609507950.2
03690.HK,20190715,64.5,65.25,62.9,65.05,65.0,0.05,0.08,15651895.0,999753345.15
03690.HK,20190716,65.0,65.0,63.8,64.5,65.05,-0.55,-0.85,9335441.0,601874249.9
03690.HK,20190717,63.65,65.8,63.3,65.75,64.5,1.25,1.94,9037281.0,586083062.0
03690.HK,20190718,65.0,65.8,64.7,65.55,65.75,-0.2,-0.3,5198008.0,340026103.35
03690.HK,20190719,65.25,68.0,64.25,67.25,65.55,1.7,2.59,13608634.0,905622327.35
03690.HK,20190722,66.65,66.85,65.0,65.6,67.25,-1.65,-2.45,9256578.0,609412825.95
03690.HK,20190723,66.0,66.1,64.05,65.05,65.6,-0.55,-0.84,9154604.0,593924957.23
03690.HK,20190724,65.55,67.0,65.35,65.75,65.05,0.7,1.08,7020274.0,463856094.0
03690.HK,20190725,65.95,66.0,64.9,65.3,65.75,-0.45,-0.68,6931545.0,453504635.0
03690.HK,20190726,65.0,65.5,64.2,64.8,65.3,-0.5,-0.77,5999055.0,388102980.832
03690.HK,20190729,64.0,65.4,63.85,64.95,64.8,0.15,0.23,8682965.0,562065204.25
03690.HK,20190730,65.0,66.45,64.2,64.75,64.95,-0.2,-0.31,8932321.0,580678644.2
03690.HK,20190731,64.0,64.55,63.35,63.95,64.75,-0.8,-1.24,10730690.0,689226910.59
03690.HK,20190801,63.95,66.8,63.65,66.45,63.95,2.5,3.91,12968925.0,851498774.65
03690.HK,20190802,65.1,65.2,63.4,63.9,66.45,-2.55,-3.84,21872163.0,1408548186.25
03690.HK,20190805,63.5,63.9,60.9,62.15,63.9,-1.75,-2.74,21516471.0,1335237964.707
03690.HK,20190806,59.15,62.25,59.15,61.6,62.15,-0.55,-0.88,24736543.0,1495273279.25
03690.HK,20190807,62.3,62.35,60.5,61.35,61.6,-0.25,-0.41,10634711.0,652235018.4
03690.HK,20190808,61.0,63.1,61.0,62.5,61.35,1.15,1.87,9681334.0,605557997.69
03690.HK,20190809,63.0,64.5,62.0,63.5,62.5,1.0,1.6,10146663.0,643771932.35
03690.HK,20190812,63.45,64.15,62.7,63.65,63.5,0.15,0.24,9387494.0,598097424.55
03690.HK,20190813,63.6,64.0,62.05,62.35,63.65,-1.3,-2.04,8126546.0,509796225.69
03690.HK,20190814,63.0,64.2,63.0,63.7,62.35,1.35,2.17,16122341.0,1026195017.94
03690.HK,20190815,62.5,65.25,62.25,65.0,63.7,1.3,2.04,14884737.0,956267945.2
03690.HK,20190816,65.15,67.0,65.15,66.15,65.0,1.15,1.77,23426251.0,1549154638.98
03690.HK,20190819,66.8,69.4,66.6,69.25,66.15,3.1,4.69,33792172.0,2322496132.09
03690.HK,20190820,68.45,69.6,67.9,68.95,69.25,-0.3,-0.43,13029393.0,898244551.04
03690.HK,20190821,69.2,69.5,68.0,68.75,68.95,-0.2,-0.29,14345837.0,986635185.0
03690.HK,20190822,68.75,70.25,68.75,70.1,68.75,1.35,1.96,29389615.0,2052689429.49
03690.HK,20190823,69.15,70.05,68.55,70.0,70.1,-0.1,-0.14,18152829.0,1258186814.5
03690.HK,20190826,74.0,77.0,72.55,76.2,70.0,6.2,8.86,89445215.0,6688250521.8
03690.HK,20190827,76.6,76.85,74.7,75.0,76.2,-1.2,-1.57,29432576.0,2225610571.98
03690.HK,20190828,75.5,75.85,73.8,74.8,75.0,-0.2,-0.27,14263087.0,1067374613.856
03690.HK,20190829,75.2,75.9,74.15,74.65,74.8,-0.15,-0.2,12924786.0,966285933.65
03690.HK,20190830,73.85,75.1,72.6,74.35,74.65,-0.3,-0.4,19349446.0,1430938746.28
03690.HK,20190902,73.75,74.3,72.7,74.05,74.35,-0.3,-0.4,18203157.0,1342127637.6
03690.HK,20190903,74.4,74.4,72.95,73.55,74.05,-0.5,-0.68,7960222.0,584203977.3
03690.HK,20190904,73.1,75.0,72.7,74.05,73.55,0.5,0.68,16037852.0,1182842621.29
03690.HK,20190905,74.4,74.4,72.8,73.55,74.05,-0.5,-0.68,14418173.0,1057065911.45
03690.HK,20190906,74.4,74.4,72.8,73.75,73.55,0.2,0.27,16909859.0,1240416304.08
03690.HK,20190909,73.8,73.9,71.9,72.45,73.75,-1.3,-1.76,14719316.0,1068144589.4
03690.HK,20190910,71.75,72.0,69.85,70.3,72.45,-2.15,-2.97,31181310.0,2193161184.75
03690.HK,20190911,70.3,72.15,70.1,71.6,70.3,1.3,1.85,20733611.0,1481545409.8
03690.HK,20190912,72.45,72.95,71.5,72.2,71.6,0.6,0.84,9668264.0,698651118.15
03690.HK,20190913,72.55,75.15,71.9,73.6,72.2,1.4,1.94,22783233.0,1683094667.55
03690.HK,20190916,73.25,73.75,71.6,72.3,73.6,-1.3,-1.77,23549767.0,1714333898.3
03690.HK,20190917,72.5,72.75,71.15,72.0,72.3,-0.3,-0.41,7196364.0,517742318.16
03690.HK,20190918,73.05,75.4,72.7,75.4,72.0,3.4,4.72,31800819.0,2366319375.49
03690.HK,20190919,76.25,76.9,74.9,75.3,75.4,-0.1,-0.13,20945123.0,1581177441.45
03690.HK,20190920,75.55,77.7,74.6,77.5,75.3,2.2,2.92,26008639.0,1991612563.25
03690.HK,20190923,76.95,77.05,75.4,76.05,77.5,-1.45,-1.87,21538931.0,1643355253.5
03690.HK,20190924,76.75,78.6,76.35,78.25,76.05,2.2,2.89,39508283.0,3050230195.25
03690.HK,20190925,77.7,80.1,77.55,79.5,78.25,1.25,1.6,24436456.0,1940364730.11
03690.HK,20190926,81.0,81.1,78.4,79.65,79.5,0.15,0.19,19871441.0,1578972671.15
03690.HK,20190927,79.6,81.4,79.0,81.0,79.65,1.35,1.69,30693195.0,2458227991.23
03690.HK,20190930,80.15,81.05,78.8,80.1,81.0,-0.9,-1.11,21639095.0,1727532837.07
03690.HK,20191002,79.55,82.0,79.45,81.5,80.1,1.4,1.75,16599934.0,1346371617.1
03690.HK,20191003,82.0,83.0,81.1,82.4,81.5,0.9,1.1,21877932.0,1790590984.9
03690.HK,20191004,82.85,85.05,82.05,84.7,82.4,2.3,2.79,31287712.0,2624376634.92
03690.HK,20191008,85.25,89.25,84.9,89.0,84.7,4.3,5.08,36749893.0,3237614723.98
03690.HK,20191009,88.55,89.55,86.8,89.45,89.0,0.45,0.51,23667266.0,2085312215.77
03690.HK,20191010,88.6,93.65,88.5,91.15,89.45,1.7,1.9,28544676.0,2609150898.807
03690.HK,20191011,91.0,91.0,87.4,88.45,91.15,-2.7,-2.96,40424956.0,3603346486.61
03690.HK,20191014,87.5,88.7,85.9,88.0,88.45,-0.45,-0.51,24041618.0,2101634796.902
03690.HK,20191015,87.5,91.2,87.1,90.75,88.0,2.75,3.13,22096289.0,1988901674.833
03690.HK,20191016,90.25,90.8,88.4,90.45,90.75,-0.3,-0.33,13823160.0,1242693475.74
03690.HK,20191017,90.75,93.45,89.2,90.9,90.45,0.45,0.5,18668368.0,1706260815.01
03690.HK,20191018,89.95,93.2,89.95,92.75,90.9,1.85,2.04,15181872.0,1396763171.018
03690.HK,20191021,93.55,97.4,93.25,96.75,92.75,4.0,4.31,28708708.0,2758425923.22
03690.HK,20191022,95.65,95.75,89.95,90.55,96.75,-6.2,-6.41,29228808.0,2697635232.05
03690.HK,20191023,89.85,91.5,87.55,89.0,90.55,-1.55,-1.71,28268574.0,2533748646.642
03690.HK,20191024,89.85,90.3,87.85,88.6,89.0,-0.4,-0.45,18666203.0,1654016343.74
03690.HK,20191025,88.15,92.5,88.15,90.55,88.6,1.95,2.2,18215274.0,1660904142.99
03690.HK,20191028,92.8,97.15,92.5,93.7,90.55,3.15,3.48,38486205.0,3656477502.72
03690.HK,20191029,93.45,93.9,90.6,92.0,93.7,-1.7,-1.81,26328764.0,2436060729.34
03690.HK,20191030,91.4,94.15,91.1,94.0,92.0,2.0,2.17,20547096.0,1914321540.715
03690.HK,20191031,93.6,96.1,93.15,93.65,94.0,-0.35,-0.37,19955274.0,1889609034.65
03690.HK,20191101,94.15,94.4,92.1,93.8,93.65,0.15,0.16,13496191.0,1257077351.33
03690.HK,20191104,94.8,99.25,93.9,98.4,93.8,4.6,4.9,27999815.0,2711546733.05
03690.HK,20191105,98.5,100.0,95.8,97.15,98.4,-1.25,-1.27,31135892.0,3030970316.121
03690.HK,20191106,97.6,97.7,96.05,96.6,97.15,-0.55,-0.57,17987208.0,1741579910.06
03690.HK,20191107,97.0,99.0,96.15,98.5,96.6,1.9,1.97,23915467.0,2339855416.13
03690.HK,20191108,97.6,97.6,93.2,94.6,98.5,-3.9,-3.96,31777567.0,3011053843.6
03690.HK,20191111,93.75,93.8,91.0,91.35,94.6,-3.25,-3.44,25487094.0,2353279895.82
03690.HK,20191112,92.0,95.65,92.0,95.5,91.35,4.15,4.54,19863000.0,1871597026.64
03690.HK,20191113,95.0,96.3,94.2,95.05,95.5,-0.45,-0.47,11302062.0,1075392170.83
03690.HK,20191114,96.0,96.0,93.55,93.75,95.05,-1.3,-1.37,11676331.0,1106614932.98
03690.HK,20191115,94.0,97.2,93.8,96.85,93.75,3.1,3.31,19431007.0,1860921413.3
03690.HK,20191118,96.1,97.8,96.1,97.65,96.85,0.8,0.83,11899480.0,1156988754.29
03690.HK,20191119,96.65,96.95,94.8,96.0,97.65,-1.65,-1.69,16938955.0,1630024893.84
03690.HK,20191120,95.55,97.7,94.35,97.3,96.0,1.3,1.35,11958536.0,1151679796.55
03690.HK,20191121,95.6,95.85,90.8,91.9,97.3,-5.4,-5.55,34271134.0,3175657480.45
03690.HK,20191122,101.3,103.5,98.0,98.05,91.9,6.15,6.69,75214905.0,7496876475.05
03690.HK,20191125,100.0,100.8,98.05,98.3,98.05,0.25,0.25,24765281.0,2453083345.35
03690.HK,20191126,98.75,101.2,97.65,100.8,98.3,2.5,2.54,35316746.0,3538563973.87
03690.HK,20191127,101.5,105.5,101.1,104.2,100.8,3.4,3.37,36943629.0,3854385990.6
03690.HK,20191128,104.2,106.9,103.2,106.5,104.2,2.3,2.21,20796272.0,2192835061.698
03690.HK,20191129,106.5,106.7,102.1,103.2,106.5,-3.3,-3.1,29051574.0,3019488120.0
03690.HK,20191202,104.0,107.4,103.6,104.7,103.2,1.5,1.45,16459897.0,1737064471.081
03690.HK,20191203,103.5,104.9,102.3,103.6,104.7,-1.1,-1.05,15868970.0,1641550400.5
03690.HK,20191204,102.0,102.8,100.4,100.5,103.6,-3.1,-2.99,22543511.0,2278827570.7
03690.HK,20191205,102.0,102.4,100.0,102.2,100.5,1.7,1.69,13361164.0,1353291665.2
03690.HK,20191206,102.9,104.1,101.8,103.6,102.2,1.4,1.37,13377936.0,1382118239.2
03690.HK,20191209,103.6,104.8,102.3,103.3,103.6,-0.3,-0.29,11509299.0,1191468835.6
03690.HK,20191210,102.4,102.9,100.0,101.0,103.3,-2.3,-2.23,19245424.0,1947205388.6
03690.HK,20191211,101.5,101.7,98.7,101.7,101.0,0.7,0.69,18225965.0,1828681968.208
03690.HK,20191212,102.0,103.0,99.8,100.2,101.7,-1.5,-1.47,13946346.0,1407545691.065
03690.HK,20191213,101.5,102.2,99.75,101.1,100.2,0.9,0.9,18973665.0,1915720877.24
03690.HK,20191216,101.3,103.4,100.0,102.3,101.1,1.2,1.19,14800762.0,1510784069.408
03690.HK,20191217,102.8,105.5,102.0,104.5,102.3,2.2,2.15,20752130.0,2166509202.76
03690.HK,20191218,104.5,105.0,102.8,103.1,104.5,-1.4,-1.34,15894394.0,1648242317.945
03690.HK,20191219,102.9,103.9,101.6,103.5,103.1,0.4,0.39,11110344.0,1141316825.87
03690.HK,20191220,102.5,103.3,100.8,102.0,103.5,-1.5,-1.45,16487106.0,1682065616.415
03690.HK,20191223,101.4,102.1,100.2,101.0,102.0,-1.0,-0.98,14951263.0,1510180649.99
03690.HK,20191224,100.3,103.7,100.3,102.3,101.0,1.3,1.29,7841205.0,801615648.045
03690.HK,20191227,102.5,103.2,100.9,102.7,102.3,0.4,0.39,16741121.0,1707744194.031
03690.HK,20191230,102.4,103.9,101.7,102.5,102.7,-0.2,-0.19,11994444.0,1234186506.894
03690.HK,20191231,102.5,102.5,100.6,101.9,102.5,-0.6,-0.59,7805602.0,790953489.88
03690.HK,20200102,102.0,104.1,101.4,103.5,101.9,1.6,1.57,14288070.0,1480457053.705
03690.HK,20200103,105.0,106.5,103.1,104.2,103.5,0.7,0.68,13356117.0,1396969295.48
03690.HK,20200106,104.1,110.9,103.2,109.5,104.2,5.3,5.09,28660335.0,3089055306.906
03690.HK,20200107,108.5,112.4,108.5,110.4,109.5,0.9,0.82,23744196.0,2615366819.39
03690.HK,20200108,108.9,110.1,104.9,106.4,110.4,-4.0,-3.62,33875920.0,3640113957.94
03690.HK,20200109,108.0,109.1,106.7,108.4,106.4,2.0,1.88,19103001.0,2064191116.36
03690.HK,20200110,108.0,110.5,107.9,109.6,108.4,1.2,1.11,15634833.0,1698673689.57
03690.HK,20200113,109.2,113.9,108.5,113.1,109.6,3.5,3.19,25155698.0,2834256222.58
03690.HK,20200114,114.2,116.0,111.5,112.3,113.1,-0.8,-0.71,24724051.0,2817634188.315
03690.HK,20200115,112.0,114.5,112.0,114.1,112.3,1.8,1.6,15959916.0,1810811028.855
03690.HK,20200116,112.6,113.0,110.9,112.3,114.1,-1.8,-1.58,21980179.0,2463622502.21
03690.HK,20200117,110.6,111.9,109.2,111.9,112.3,-0.4,-0.36,23800547.0,2632846525.457
03690.HK,20200120,111.8,112.7,110.2,110.6,111.9,-1.3,-1.16,14254059.0,1588679651.4
03690.HK,20200121,110.4,110.4,105.2,105.8,110.6,-4.8,-4.34,34056516.0,3638984685.88
03690.HK,20200122,105.8,109.5,105.2,108.3,105.8,2.5,2.36,23890941.0,2568333275.895
03690.HK,20200123,106.2,106.8,98.65,102.6,108.3,-5.7,-5.26,52641390.0,5362245604.844
03690.HK,20200124,101.9,103.5,100.2,102.3,102.6,-0.3,-0.29,16029235.0,1635369958.825
03690.HK,20200129,100.0,105.7,99.0,101.2,102.3,-1.1,-1.08,36153481.0,3680170685.98
03690.HK,20200130,101.5,102.8,96.3,96.85,101.2,-4.35,-4.3,30309810.0,2981142392.41
03690.HK,20200131,98.95,100.2,97.0,99.3,96.85,2.45,2.53,33231367.0,3293235079.458
03690.HK,20200203,96.9,103.9,94.85,99.5,99.3,0.2,0.2,44393731.0,4430633532.6
03690.HK,20200204,101.9,102.7,99.9,101.0,99.5,1.5,1.51,40976416.0,4155028253.09
03690.HK,20200205,102.6,102.7,97.85,99.5,101.0,-1.5,-1.49,40890598.0,4090660980.48
03690.HK,20200206,100.5,102.0,98.9,101.7,99.5,2.2,2.21,27663612.0,2801959448.31
03690.HK,20200207,101.8,102.4,100.2,101.9,101.7,0.2,0.2,21770713.0,2206889266.27
03690.HK,20200210,99.9,100.0,95.55,95.8,101.9,-6.1,-5.99,61544538.0,5987930781.006
03690.HK,20200211,97.2,100.8,97.0,99.2,95.8,3.4,3.55,36482070.0,3607742241.26
03690.HK,20200212,100.0,104.7,99.7,103.0,99.2,3.8,3.83,44634881.0,4585060387.82
03690.HK,20200213,103.0,104.3,100.6,102.5,103.0,-0.5,-0.49,28535994.0,2922578525.65
03690.HK,20200214,100.0,101.6,99.0,100.9,102.5,-1.6,-1.56,28218540.0,2828889597.942
03690.HK,20200217,100.9,103.2,100.5,101.5,100.9,0.6,0.59,24027282.0,2445578050.745
03690.HK,20200218,101.0,101.9,99.75,100.6,101.5,-0.9,-0.89,26365705.0,2671278168.006
03690.HK,20200219,101.5,101.5,99.7,100.4,100.6,-0.2,-0.2,22716309.0,2276976519.22
03690.HK,20200220,101.0,104.5,99.8,103.3,100.4,2.9,2.89,28828743.0,2954159130.23
03690.HK,20200221,101.8,104.4,101.2,103.2,103.3,-0.1,-0.1,24401923.0,2517005781.275
03690.HK,20200224,101.5,101.6,99.65,100.5,103.2,-2.7,-2.62,25507817.0,2561307231.35
03690.HK,20200225,99.8,103.9,99.7,103.3,100.5,2.8,2.79,28664568.0,2932836173.91
03690.HK,20200226,101.5,103.7,100.8,102.0,103.3,-1.3,-1.26,26810093.0,2742541300.88
03690.HK,20200227,101.7,103.8,101.6,103.3,102.0,1.3,1.27,18526257.0,1907983095.15
03690.HK,20200228,100.9,101.8,98.4,98.9,103.3,-4.4,-4.26,33581650.0,3348401068.298
03690.HK,20200302,98.0,100.9,96.6,99.3,98.9,0.4,0.4,30556369.0,3013803131.663
03690.HK,20200303,101.0,101.0,98.65,98.85,99.3,-0.45,-0.45,23547875.0,2351313014.336
03690.HK,20200304,100.4,100.4,98.0,99.2,98.85,0.35,0.35,13808574.0,1364663308.44
03690.HK,20200305,100.0,103.8,99.3,103.5,99.2,4.3,4.33,37054428.0,3783792033.718
03690.HK,20200306,102.0,102.7,99.7,100.7,103.5,-2.8,-2.71,25100105.0,2521070628.12
03690.HK,20200309,96.0,98.2,95.3,96.0,100.7,-4.7,-4.67,42406135.0,4090858753.62
03690.HK,20200310,97.5,100.3,94.05,98.75,96.0,2.75,2.86,33666426.0,3300929444.39
03690.HK,20200311,99.6,100.0,95.2,95.65,98.75,-3.1,-3.14,31246955.0,3028471142.44
03690.HK,20200312,93.4,93.8,89.5,90.8,95.65,-4.85,-5.07,43161237.0,3928543598.836
03690.HK,20200313,84.5,90.0,81.85,89.0,90.8,-1.8,-1.98,61009136.0,5289549276.55
03690.HK,20200316,87.0,89.0,80.1,82.2,89.0,-6.8,-7.64,45102949.0,3773529639.46
03690.HK,20200317,83.0,85.2,78.5,82.15,82.2,-0.05,-0.06,43552157.0,3563481299.08
03690.HK,20200318,82.75,83.3,75.15,75.55,82.15,-6.6,-8.03,56631055.0,4522729242.61
03690.HK,20200319,76.0,76.2,70.1,72.4,75.55,-3.15,-4.17,71479686.0,5161366334.614
03690.HK,20200320,77.0,84.0,75.35,84.0,72.4,11.6,16.02,66390320.0,5324787488.2
03690.HK,20200323,79.0,83.9,78.85,80.8,84.0,-3.2,-3.81,31954360.0,2603420963.94
03690.HK,20200324,84.2,89.4,84.2,85.5,80.8,4.7,5.82,37653710.0,3260683016.64
03690.HK,20200325,89.8,91.0,89.1,90.75,85.5,5.25,6.14,38052204.0,3423027582.555
03690.HK,20200326,89.0,92.0,89.0,90.15,90.75,-0.6,-0.66,21703366.0,1967943904.879
03690.HK,20200327,92.05,92.8,88.25,89.3,90.15,-0.85,-0.94,21140875.0,1904058208.7
03690.HK,20200330,88.2,88.35,85.3,88.0,89.3,-1.3,-1.46,19881242.0,1731808845.62
03690.HK,20200331,96.8,96.9,91.5,93.65,88.0,5.65,6.42,55186910.0,5204629809.58
03690.HK,20200401,95.0,96.0,92.05,92.85,93.65,-0.8,-0.85,29073218.0,2739702011.0
03690.HK,20200402,93.95,94.2,92.2,93.95,92.85,1.1,1.18,12280441.0,1149175123.06
03690.HK,20200403,93.95,94.8,91.7,92.85,93.95,-1.1,-1.17,14291484.0,1326830584.0
03690.HK,20200406,94.2,95.4,92.3,94.45,92.85,1.6,1.72,18678438.0,1758750394.83
03690.HK,20200407,96.7,98.0,95.7,97.55,94.45,3.1,3.28,28111239.0,2723821949.8
03690.HK,20200408,98.0,98.0,96.3,96.8,97.55,-0.75,-0.77,23599264.0,2290957369.54
03690.HK,20200409,98.1,98.5,96.8,97.25,96.8,0.45,0.46,13094386.0,1276503041.5
03690.HK,20200414,96.0,98.55,94.3,97.75,97.25,0.5,0.51,29714370.0,2860935196.2
03690.HK,20200415,99.4,100.5,97.8,97.85,97.75,0.1,0.1,24099396.0,2391514627.83
03690.HK,20200416,98.5,100.0,97.65,98.85,97.85,1.0,1.02,20048529.0,1987909113.4
03690.HK,20200417,101.5,102.2,99.35,100.0,98.85,1.15,1.16,21048085.0,2120081193.74
03690.HK,20200420,100.8,102.0,99.0,100.9,100.0,0.9,0.9,13557548.0,1369469571.96
03690.HK,20200421,100.4,100.5,98.05,98.55,100.9,-2.35,-2.33,13739667.0,1358561797.3
03690.HK,20200422,96.85,102.0,96.85,101.3,98.55,2.75,2.79,19234466.0,1929976998.52
03690.HK,20200423,101.1,102.0,99.6,100.0,101.3,-1.3,-1.28,16168597.0,1626856942.25
03690.HK,20200424,101.0,101.0,99.0,99.2,100.0,-0.8,-0.8,10203920.0,1019193051.05
03690.HK,20200427,100.1,101.2,99.75,100.1,99.2,0.9,0.91,15529292.0,1559377260.69
03690.HK,20200428,101.1,102.0,99.5,101.0,100.1,0.9,0.9,18959053.0,1917248553.83
03690.HK,20200429,100.0,104.8,99.95,103.8,101.0,2.8,2.77,20746153.0,2135539191.168
03690.HK,20200504,101.8,102.2,99.8,100.7,103.8,-3.1,-2.99,20024153.0,2018919197.946
03690.HK,20200505,101.8,105.3,101.0,104.3,100.7,3.6,3.57,19022272.0,1977299517.356
03690.HK,20200506,104.2,109.0,102.8,108.0,104.3,3.7,3.55,27860086.0,2983409262.25
03690.HK,20200507,107.9,109.2,107.2,107.7,108.0,-0.3,-0.28,14227118.0,1539912189.1
03690.HK,20200508,109.8,111.6,108.4,111.6,107.7,3.9,3.62,19884788.0,2193656422.41
03690.HK,20200511,113.5,114.0,107.0,109.7,111.6,-1.9,-1.7,26306523.0,2888717902.28
03690.HK,20200512,111.0,112.0,109.0,112.0,109.7,2.3,2.1,20614348.0,2284883518.3
03690.HK,20200513,116.4,119.8,113.0,118.1,112.0,6.1,5.45,52602980.0,6182058513.314
03690.HK,20200514,117.7,123.0,117.0,121.5,118.1,3.4,2.88,37538299.0,4530479121.184
03690.HK,20200515,120.5,121.0,117.7,119.4,121.5,-2.1,-1.73,27130737.0,3238019066.28
03690.HK,20200518,120.5,123.1,120.0,121.9,119.4,2.5,2.09,22301521.0,2704098522.75
03690.HK,20200519,123.4,126.9,121.4,125.8,121.9,3.9,3.2,25630912.0,3190143394.32
03690.HK,20200520,126.5,128.6,125.9,128.5,125.8,2.7,2.15,20080940.0,2566480813.02
03690.HK,20200521,128.0,131.4,125.1,127.6,128.5,-0.9,-0.7,25975197.0,3351154804.5
03690.HK,20200522,126.7,127.0,118.0,118.5,127.6,-9.1,-7.13,45856204.0,5574469825.916
03690.HK,20200525,116.9,126.0,116.1,125.8,118.5,7.3,6.16,45525402.0,5597275576.77
03690.HK,20200526,129.0,138.9,127.8,138.9,125.8,13.1,10.41,60406645.0,8177658113.93
03690.HK,20200527,137.8,138.0,132.6,135.3,138.9,-3.6,-2.59,36068646.0,4864768250.936
03690.HK,20200528,135.0,138.8,133.6,137.0,135.3,1.7,1.26,37421853.0,5107996617.76
03690.HK,20200529,140.4,146.7,134.8,146.7,137.0,9.7,7.08,146640627.0,21051585876.02
03690.HK,20200601,145.0,150.0,144.0,150.0,146.7,3.3,2.25,140983930.0,20712924474.91
03690.HK,20200602,149.0,149.8,144.0,147.1,150.0,-2.9,-1.93,38861465.0,5700452330.856
03690.HK,20200603,149.8,160.7,148.4,155.3,147.1,8.2,5.57,51943176.0,8051263179.1
03690.HK,20200604,164.0,164.2,158.1,164.2,155.3,8.9,5.73,44440881.0,7167167677.435
03690.HK,20200605,165.9,165.9,156.5,159.0,164.2,-5.2,-3.17,38060221.0,6070899510.286
03690.HK,20200608,159.4,160.7,149.4,154.8,159.0,-4.2,-2.64,36350448.0,5608294134.23
03690.HK,20200609,153.0,155.7,151.5,151.5,154.8,-3.3,-2.13,28730754.0,4391950417.3
03690.HK,20200610,153.5,159.6,152.1,159.6,151.5,8.1,5.35,27780038.0,4346756679.68
03690.HK,20200611,160.1,169.5,160.1,165.0,159.6,5.4,3.38,36443116.0,6019180153.93
03690.HK,20200612,161.7,170.1,160.0,165.6,165.0,0.6,0.36,27087242.0,4507744508.22
03690.HK,20200615,164.0,165.0,155.2,159.5,165.6,-6.1,-3.68,37623943.0,6019583418.365
03690.HK,20200616,164.0,172.5,163.0,172.0,159.5,12.5,7.84,40681271.0,6863547935.79
03690.HK,20200617,174.5,175.9,167.8,172.4,172.0,0.4,0.23,22720335.0,3912579440.877
03690.HK,20200618,173.0,173.8,168.1,172.5,172.4,0.1,0.06,20822859.0,3574248142.475
03690.HK,20200619,170.0,175.5,170.0,174.0,172.5,1.5,0.87,21055960.0,3643876913.51
03690.HK,20200622,174.1,174.1,169.4,170.5,174.0,-3.5,-2.01,19948128.0,3413229723.24
03690.HK,20200623,169.4,176.8,169.1,176.8,170.5,6.3,3.7,19336308.0,3374220521.64
03690.HK,20200624,177.0,180.0,175.0,178.4,176.8,1.6,0.9,19255837.0,3432533478.3
03690.HK,20200626,178.0,179.0,172.5,174.7,178.4,-3.7,-2.07,17442067.0,3049678691.38
03690.HK,20200629,176.0,176.0,166.9,171.7,174.7,-3.0,-1.72,20919315.0,3557301611.68
03690.HK,20200630,173.0,175.5,170.0,171.9,171.7,0.2,0.12,13157270.0,2272559733.37
03690.HK,20200702,176.5,181.0,171.6,179.4,171.9,7.5,4.36,29789962.0,5271056373.72
03690.HK,20200703,181.0,193.1,179.4,191.7,179.4,12.3,6.86,30371583.0,5707683650.06
03690.HK,20200706,192.0,193.0,189.0,191.0,191.7,-0.7,-0.37,24030535.0,4581816516.78
03690.HK,20200707,189.4,190.4,180.7,185.0,191.0,-6.0,-3.14,36545415.0,6792311183.42
03690.HK,20200708,183.0,199.8,183.0,199.8,185.0,14.8,8.0,33295773.0,6459313611.17
03690.HK,20200709,204.0,212.0,203.0,209.8,199.8,10.0,5.01,31514113.0,6542147608.58
03690.HK,20200710,205.8,213.4,203.2,208.2,209.8,-1.6,-0.76,22300662.0,4658448934.33
03690.HK,20200713,205.0,212.0,203.0,206.0,208.2,-2.2,-1.06,26487237.0,5493419538.0
03690.HK,20200714,200.0,201.0,186.1,197.1,206.0,-8.9,-4.32,27969125.0,5519656700.12
03690.HK,20200715,205.0,205.0,197.1,200.6,197.1,3.5,1.78,23712419.0,4766884327.44
03690.HK,20200716,200.4,201.8,183.3,185.1,200.6,-15.5,-7.73,38006106.0,7177367183.27
03690.HK,20200717,188.8,191.6,184.2,191.1,185.1,6.0,3.24,29238035.0,5507266013.33
03690.HK,20200720,192.3,192.6,184.0,188.4,191.1,-2.7,-1.41,22737903.0,4252273757.37
03690.HK,20200721,194.0,205.8,192.9,205.0,188.4,16.6,8.81,31120694.0,6233750934.7
03690.HK,20200722,195.6,201.8,190.2,192.2,205.0,-12.8,-6.24,36332990.0,7147408829.35
03690.HK,20200723,192.0,201.2,191.8,199.0,192.2,6.8,3.54,24454384.0,4837939048.26
03690.HK,20200724,192.9,197.8,188.8,190.7,199.0,-8.3,-4.17,26785560.0,5150272084.8
03690.HK,20200727,192.7,195.0,182.1,185.0,190.7,-5.7,-2.99,21301234.0,3997134852.76
03690.HK,20200728,190.1,192.1,188.2,191.0,185.0,6.0,3.24,17496333.0,3325226933.68
03690.HK,20200729,187.0,193.6,187.0,193.0,191.0,2.0,1.05,13712426.0,2635659512.52
03690.HK,20200730,192.2,199.9,192.2,195.0,193.0,2.0,1.04,18918222.0,3720210537.24
03690.HK,20200731,198.3,201.0,191.9,191.9,195.0,-3.1,-1.59,16055919.0,3151689652.1
03690.HK,20200803,200.0,202.8,195.4,200.6,191.9,8.7,4.53,31273989.0,6230813962.26
03690.HK,20200804,205.0,221.6,203.4,218.0,200.6,17.4,8.67,44481265.0,9529612355.36
03690.HK,20200805,215.0,220.2,215.0,218.4,218.0,0.4,0.18,27493304.0,5989253281.8
03690.HK,20200806,219.0,229.2,218.8,221.2,218.4,2.8,1.28,25504916.0,5692996199.66
03690.HK,20200807,218.6,225.8,208.0,222.4,221.2,1.2,0.54,30723455.0,6715479249.26
03690.HK,20200810,220.8,228.8,219.0,223.0,222.4,0.6,0.27,22146672.0,4997295386.94
03690.HK,20200811,225.0,227.0,216.8,218.4,223.0,-4.6,-2.06,24009014.0,5333030647.17
03690.HK,20200812,218.0,218.0,202.6,213.8,218.4,-4.6,-2.11,30180144.0,6340530245.55
03690.HK,20200813,220.2,220.2,211.0,211.4,213.8,-2.4,-1.12,13979736.0,2998130173.52
03690.HK,20200814,212.2,226.0,209.2,219.8,211.4,8.4,3.97,20487919.0,4528014036.17
03690.HK,20200817,209.2,223.4,209.0,218.2,219.8,-1.6,-0.73,18258785.0,3972479695.11
03690.HK,20200818,220.4,236.6,220.4,235.0,218.2,16.8,7.7,26274365.0,6079540902.01
03690.HK,20200819,240.0,243.4,230.8,231.0,235.0,-4.0,-1.7,13658640.0,3210806645.71
03690.HK,20200820,236.0,236.0,227.4,234.6,231.0,3.6,1.56,13907223.0,3219003978.84
03690.HK,20200821,239.8,247.4,238.4,245.2,234.6,10.6,4.52,22000701.0,5341185250.08
03690.HK,20200824,244.2,272.0,236.2,265.8,245.2,20.6,8.4,44379871.0,11230610495.0
03690.HK,20200825,264.6,267.6,253.2,257.6,265.8,-8.2,-3.09,31491733.0,8172337053.67
03690.HK,20200826,258.6,263.4,251.6,258.8,257.6,1.2,0.47,23624566.0,6067000347.02
03690.HK,20200827,262.0,273.0,258.2,271.0,258.8,12.2,4.71,24864353.0,6651339061.1
03690.HK,20200828,269.0,274.4,261.2,265.2,271.0,-5.8,-2.14,24829281.0,6652288537.73
03690.HK,20200831,272.8,272.8,255.6,255.6,265.2,-9.6,-3.62,24316298.0,6386308415.15
03690.HK,20200901,256.2,269.2,255.6,264.6,255.6,9.0,3.52,20663943.0,5474247445.36
03690.HK,20200902,280.0,280.0,269.0,272.8,264.6,8.2,3.1,20239932.0,5537405937.17
03690.HK,20200903,274.0,274.2,259.6,262.6,272.8,-10.2,-3.74,27314059.0,7231336643.19
03690.HK,20200904,250.0,265.2,244.2,261.8,262.6,-0.8,-0.3,44935057.0,11554077907.18
03690.HK,20200907,264.0,265.0,248.0,248.2,261.8,-13.6,-5.19,26942910.0,6809349686.84
03690.HK,20200908,252.0,252.2,228.4,238.0,248.2,-10.2,-4.11,44212637.0,10499867793.07
03690.HK,20200909,231.8,239.0,227.2,232.0,238.0,-6.0,-2.52,28843775.0,6685070811.95
03690.HK,20200910,240.0,244.8,233.0,233.0,232.0,1.0,0.43,20449441.0,4902112254.8
03690.HK,20200911,233.0,245.0,232.6,242.8,233.0,9.8,4.21,18598115.0,4472733820.6
03690.HK,20200914,248.0,248.2,240.6,244.6,242.8,1.8,0.74,14014049.0,3427388033.77
03690.HK,20200915,246.0,247.4,241.4,243.6,244.6,-1.0,-0.41,10234327.0,2500309527.4
03690.HK,20200916,245.0,252.6,243.6,248.2,243.6,4.6,1.89,17346852.0,4310900977.32
03690.HK,20200917,248.2,250.2,238.4,240.8,248.2,-7.4,-2.98,16847300.0,4072952531.24
03690.HK,20200918,240.8,241.6,233.6,241.6,240.8,0.8,0.33,24578097.0,5876213819.82
03690.HK,20200921,245.0,248.8,239.6,241.6,241.6,0.0,0.0,14231614.0,3469180489.23
03690.HK,20200922,240.8,247.4,235.8,242.6,241.6,1.0,0.41,10565588.0,2565207024.29
03690.HK,20200923,244.2,251.0,243.0,250.0,242.6,7.4,3.05,13948018.0,3449030385.91
03690.HK,20200924,245.8,248.0,236.0,238.6,250.0,-11.4,-4.56,21647967.0,5192423565.96
03690.HK,20200925,240.0,241.0,230.8,232.0,238.6,-6.6,-2.77,15986303.0,3759885683.07
03690.HK,20200928,236.0,239.2,233.6,237.0,232.0,5.0,2.16,12597151.0,2988694840.36
03690.HK,20200929,238.0,239.0,234.6,234.6,237.0,-2.4,-1.01,8024314.0,1898487709.76
03690.HK,20200930,238.0,244.4,237.0,241.8,234.6,7.2,3.07,13417820.0,3234271265.28
03690.HK,20201005,248.8,248.8,242.0,245.8,241.8,4.0,1.65,10951714.0,2690236901.95
03690.HK,20201006,247.0,258.4,245.8,258.0,245.8,12.2,4.96,19094559.0,4859820011.93
03690.HK,20201007,262.0,269.4,257.2,267.8,258.0,9.8,3.8,20947573.0,5548483783.5
03690.HK,20201008,268.0,272.4,263.0,266.8,267.8,-1.0,-0.37,12907550.0,3449923302.4
03690.HK,20201009,270.0,278.6,267.8,270.0,266.8,3.2,1.2,23045243.0,6304380984.27
03690.HK,20201012,274.0,282.0,270.0,275.2,270.0,5.2,1.93,18399473.0,5107018077.54
03690.HK,20201014,283.6,283.6,273.8,278.4,275.2,3.2,1.16,18889360.0,5254970019.1
03690.HK,20201015,279.8,279.8,263.8,265.0,278.4,-13.4,-4.81,18704788.0,5042381531.54
03690.HK,20201016,268.0,273.8,264.6,265.8,265.0,0.8,0.3,11796799.0,3164447854.29
03690.HK,20201019,269.8,270.4,258.0,259.0,265.8,-6.8,-2.56,17467959.0,4584350735.28
03690.HK,20201020,264.0,264.0,255.2,260.8,259.0,1.8,0.69,16586507.0,4287203612.54
03690.HK,20201021,264.0,270.8,263.4,269.0,260.8,8.2,3.14,14657160.0,3928156177.8
03690.HK,20201022,269.0,269.4,260.8,269.0,269.0,0.0,0.0,12747563.0,3394662984.91
03690.HK,20201023,269.6,269.6,260.0,262.4,269.0,-6.6,-2.45,11993449.0,3160108060.27
03690.HK,20201027,258.0,267.0,257.0,266.0,262.4,3.6,1.37,12041346.0,3176553396.4
03690.HK,20201028,266.0,281.2,265.0,280.0,266.0,14.0,5.26,25568706.0,7079679754.85
03690.HK,20201029,276.0,299.8,274.6,297.2,280.0,17.2,6.14,32069783.0,9288839369.22
03690.HK,20201030,294.8,300.4,286.0,288.2,297.2,-9.0,-3.03,24007250.0,7033944040.1
03690.HK,20201102,291.0,296.8,287.4,294.6,288.2,6.4,2.22,13753164.0,4021588326.19
03690.HK,20201103,292.6,302.4,291.2,296.0,294.6,1.4,0.48,18843133.0,5594669431.57
03690.HK,20201104,297.0,319.6,292.0,313.8,296.0,17.8,6.01,26667676.0,8233198702.3
03690.HK,20201105,329.8,334.6,317.8,329.6,313.8,15.8,5.04,26756098.0,8703393640.43
03690.HK,20201106,332.2,333.0,317.0,326.8,329.6,-2.8,-0.85,19579471.0,6346493558.78
03690.HK,20201109,333.8,338.2,328.4,335.2,326.8,8.4,2.57,16412022.0,5489954677.77
03690.HK,20201110,322.8,323.0,289.0,300.0,335.2,-35.2,-10.5,65445971.0,19969385578.42
03690.HK,20201111,282.0,301.0,270.0,271.0,300.0,-29.0,-9.67,70096624.0,19828578003.95
03690.HK,20201112,282.0,298.0,282.0,286.8,271.0,15.8,5.83,38676503.0,11180959933.43
03690.HK,20201113,292.6,309.6,288.2,305.8,286.8,19.0,6.62,28408342.0,8566972691.6
03690.HK,20201116,321.0,321.0,308.0,318.4,305.8,12.6,4.12,25489057.0,8048679740.51
03690.HK,20201117,315.0,317.8,293.0,303.0,318.4,-15.4,-4.84,34051196.0,10348015519.49
03690.HK,20201118,300.0,301.2,290.8,300.0,303.0,-3.0,-0.99,22789844.0,6792409848.98
03690.HK,20201119,297.0,297.0,287.8,294.0,300.0,-6.0,-2.0,19472151.0,5697765908.9
03690.HK,20201120,300.6,307.4,298.2,304.2,294.0,10.2,3.47,13753149.0,4176926763.5
03690.HK,20201123,308.0,313.4,301.2,308.0,304.2,3.8,1.25,16504923.0,5053761667.96
03690.HK,20201124,313.0,313.0,301.0,303.4,308.0,-4.6,-1.49,13755656.0,4201906838.09
03690.HK,20201125,305.0,309.0,293.0,293.6,303.4,-9.8,-3.23,19435890.0,5797885434.8
03690.HK,20201126,298.6,309.0,297.0,308.0,293.6,14.4,4.9,18281482.0,5552636278.01
03690.HK,20201127,307.4,316.6,305.0,312.0,308.0,4.0,1.3,18017888.0,5627892825.94
03690.HK,20201130,310.0,310.2,290.0,290.0,312.0,-22.0,-7.05,35189702.0,10445792549.73
03690.HK,20201201,292.0,299.6,287.0,289.2,290.0,-0.8,-0.28,41060884.0,11946615725.88
03690.HK,20201202,290.2,290.2,267.2,277.8,289.2,-11.4,-3.94,39765106.0,10977387886.78
03690.HK,20201203,282.8,285.0,274.0,275.8,277.8,-2.0,-0.72,28926729.0,8033580601.7
03690.HK,20201204,277.0,295.0,276.0,288.6,275.8,12.8,4.64,54036264.0,15562626519.33
03690.HK,20201207,290.8,290.8,278.0,282.4,288.6,-6.2,-2.15,31479260.0,8978427037.02
03690.HK,20201208,285.0,294.6,281.2,287.6,282.4,5.2,1.84,18850755.0,5454360695.9
03690.HK,20201209,295.6,295.6,283.4,286.4,287.6,-1.2,-0.42,17640016.0,5082864991.85
03690.HK,20201210,283.0,290.0,281.2,287.0,286.4,0.6,0.21,11597567.0,3320724213.25
03690.HK,20201211,294.0,295.0,288.6,293.8,287.0,6.8,2.37,18035695.0,5280926399.34
03690.HK,20201214,281.0,285.8,272.2,282.6,293.8,-11.2,-3.81,33772473.0,9492405452.93
03690.HK,20201215,283.0,283.2,273.6,274.2,282.6,-8.4,-2.97,26407250.0,7298561527.1
03690.HK,20201216,274.0,280.0,271.0,279.2,274.2,5.0,1.82,14807242.0,4099155523.08
03690.HK,20201217,284.0,286.0,280.0,285.0,279.2,5.8,2.08,13738871.0,3900039054.53
03690.HK,20201218,284.4,287.0,275.0,278.4,285.0,-6.6,-2.32,20075054.0,5600932900.03
03690.HK,20201221,278.4,282.8,275.0,278.4,278.4,0.0,0.0,13574376.0,3784055949.18
03690.HK,20201222,280.0,281.8,275.0,276.2,278.4,-2.2,-0.79,11373811.0,3162740520.7
03690.HK,20201223,276.2,290.8,274.0,287.0,276.2,10.8,3.91,26855263.0,7653221028.22
03690.HK,20201224,285.0,285.0,274.2,279.2,287.0,-7.8,-2.72,21514905.0,5995944760.26
03690.HK,20201228,273.0,276.4,258.2,260.0,279.2,-19.2,-6.88,46994103.0,12417287297.05
03690.HK,20201229,265.0,278.2,261.0,273.4,260.0,13.4,5.15,22513268.0,6138580188.31
03690.HK,20201230,275.2,289.8,275.0,287.8,273.4,14.4,5.27,24274147.0,6938161718.69
03690.HK,20201231,287.8,296.6,286.6,294.6,287.8,6.8,2.36,13114144.0,3847619702.27
03690.HK,20210104,293.4,300.0,288.4,292.6,294.6,-2.0,-0.68,19704573.0,5825577299.11
03690.HK,20210105,296.0,296.6,286.4,296.6,292.6,4.0,1.37,14735494.0,4322723109.31
03690.HK,20210106,297.2,313.8,296.6,310.0,296.6,13.4,4.52,27240173.0,8412945435.37
03690.HK,20210107,310.0,310.0,296.2,308.0,310.0,-2.0,-0.65,18341782.0,5612742449.66
03690.HK,20210108,309.2,318.0,308.8,318.0,308.0,10.0,3.25,22420414.0,7059592759.57
03690.HK,20210111,320.4,321.6,305.0,309.6,318.0,-8.4,-2.64,21270725.0,6596380924.59
03690.HK,20210112,310.0,310.0,301.0,302.0,309.6,-7.6,-2.45,21074145.0,6399114698.37
03690.HK,20210113,300.0,304.2,293.0,296.4,302.0,-5.6,-1.85,22376999.0,6660050601.14
03690.HK,20210114,302.8,315.0,300.0,313.2,296.4,16.8,5.67,19436205.0,6041743645.62
03690.HK,20210115,314.8,315.0,300.4,307.6,313.2,-5.6,-1.79,16771942.0,5157913262.91
03690.HK,20210118,307.6,327.0,305.0,325.0,307.6,17.4,5.66,22557709.0,7261577811.92
03690.HK,20210119,334.0,348.0,329.8,341.0,325.0,16.0,4.92,33824229.0,11498559451.27
03690.HK,20210120,346.0,374.6,344.4,372.0,341.0,31.0,9.09,36876123.0,13353318805.06
03690.HK,20210121,364.2,381.6,359.0,375.2,372.0,3.2,0.86,27820117.0,10313361079.76
03690.HK,20210122,370.0,387.6,369.2,380.2,375.2,5.0,1.33,19474199.0,7410324022.26
03690.HK,20210125,384.6,407.6,384.0,399.8,380.2,19.6,5.16,29854313.0,11908424348.46
03690.HK,20210126,390.6,395.4,372.0,378.6,399.8,-21.2,-5.3,28319599.0,10829428160.39
03690.HK,20210127,372.0,378.4,358.4,364.0,378.6,-14.6,-3.86,38354634.0,14099165820.97
03690.HK,20210128,360.0,375.8,352.4,355.6,364.0,-8.4,-2.31,25616292.0,9234646607.09
03690.HK,20210129,369.6,377.0,355.8,355.8,355.6,0.2,0.06,23194119.0,8468446381.72
03690.HK,20210201,369.0,392.4,364.0,391.0,355.8,35.2,9.89,24165176.0,9238136351.3
03690.HK,20210202,400.0,410.6,391.2,395.0,391.0,4.0,1.02,26607201.0,10693182579.89
03690.HK,20210203,410.0,414.4,399.0,414.2,395.0,19.2,4.86,25297659.0,10368671488.34
03690.HK,20210204,403.0,406.0,388.2,401.0,414.2,-13.2,-3.19,26446610.0,10546009675.31
03690.HK,20210205,403.4,415.6,396.0,401.4,401.0,0.4,0.1,16427318.0,6659015332.57
03690.HK,20210208,411.6,413.8,403.0,406.4,401.4,5.0,1.25,11703461.0,4776207241.1
03690.HK,20210209,407.0,411.0,403.6,409.0,406.4,2.6,0.64,11997750.0,4883933445.28
03690.HK,20210210,415.6,436.6,409.0,430.4,409.0,21.4,5.23,21259665.0,9050718786.68
03690.HK,20210211,429.4,445.0,421.6,445.0,430.4,14.6,3.39,10085497.0,4387692247.34
03690.HK,20210216,455.0,458.8,430.2,439.2,445.0,-5.8,-1.3,21028101.0,9268472400.76
03690.HK,20210217,430.6,452.0,430.0,451.4,439.2,12.2,2.78,12859183.0,5720530104.23
03690.HK,20210218,454.6,460.0,426.2,428.0,451.4,-23.4,-5.18,27160897.0,11869213692.65
03690.HK,20210219,422.2,426.6,411.0,423.6,428.0,-4.4,-1.03,23715622.0,9949611018.28
03690.HK,20210222,435.8,435.8,400.2,400.2,423.6,-23.4,-5.52,29567738.0,12093953685.5
03690.HK,20210223,392.0,408.2,381.2,392.8,400.2,-7.4,-1.85,23775442.0,9387015170.09
03690.HK,20210224,393.0,403.0,361.0,365.8,392.8,-27.0,-6.87,44418612.0,16564339052.98
03690.HK,20210225,383.0,383.0,358.8,370.4,365.8,4.6,1.26,28113890.0,10418389815.67
03690.HK,20210226,349.0,355.0,340.0,340.0,370.4,-30.4,-8.21,42878713.0,14897841209.46
03690.HK,20210301,355.0,366.8,350.4,366.8,340.0,26.8,7.88,34725734.0,12456557683.19
03690.HK,20210302,388.0,388.0,360.6,362.4,366.8,-4.4,-1.2,31246598.0,11615313698.07
03690.HK,20210303,365.0,375.0,352.8,372.6,362.4,10.2,2.81,19621974.0,7131366031.61
03690.HK,20210304,360.0,360.4,340.0,340.0,372.6,-32.6,-8.75,32230252.0,11187344457.89
03690.HK,20210305,325.0,345.6,321.4,337.0,,,,34290648.0,11432192294.34
03690.HK,20210308,343.2,344.0,301.8,308.8,337.0,-28.2,-8.37,51449220.0,16290797840.28
03690.HK,20210309,303.6,320.8,289.2,302.0,308.8,-6.8,-2.2,54064527.0,16420919112.95
03690.HK,20210310,325.0,329.0,314.6,317.0,302.0,15.0,4.97,33352900.0,10686803332.61
03690.HK,20210311,315.0,345.0,314.0,344.6,317.0,27.6,8.71,34663277.0,11636471352.87
03690.HK,20210312,355.0,355.2,330.0,333.0,344.6,-11.6,-3.37,28533683.0,9689602990.54
03690.HK,20210315,335.4,343.4,312.2,317.2,333.0,-15.8,-4.74,23814532.0,7698068873.82
03690.HK,20210316,323.6,333.0,323.0,329.6,317.2,12.4,3.91,14112999.0,4621343212.27
03690.HK,20210317,326.0,331.8,318.0,325.4,329.6,-4.2,-1.27,14358388.0,4657443468.92
03690.HK,20210318,331.6,345.0,331.4,337.4,325.4,12.0,3.69,20482557.0,6963786857.43
03690.HK,20210319,329.0,333.0,321.2,333.0,337.4,-4.4,-1.3,20546621.0,6729738092.11
03690.HK,20210322,326.0,335.8,319.0,320.6,333.0,-12.4,-3.72,18792228.0,6102881354.41
03690.HK,20210323,325.0,325.8,301.6,303.8,320.6,-16.8,-5.24,26994042.0,8321147190.83
03690.HK,20210324,306.0,311.8,287.4,292.0,303.8,-11.8,-3.88,37248107.0,10922932604.18
03690.HK,20210325,282.0,292.6,274.6,287.4,292.0,-4.6,-1.58,28097756.0,8010293821.4
03690.HK,20210326,290.0,305.2,289.0,302.0,287.4,14.6,5.08,25880764.0,7734028959.68
03690.HK,20210329,295.0,295.0,274.4,280.4,302.0,-21.6,-7.15,49192404.0,13873742911.21
03690.HK,20210330,278.0,295.4,278.0,293.6,280.4,13.2,4.71,24752892.0,7198023218.5
03690.HK,20210331,295.0,304.0,294.8,298.2,293.6,4.6,1.57,20828610.0,6236658136.1
03690.HK,20210401,307.0,328.0,305.8,325.8,298.2,27.6,9.26,29295048.0,9333423787.01
03690.HK,20210407,335.0,335.0,315.0,318.0,325.8,-7.8,-2.39,25621849.0,8270348398.16
03690.HK,20210408,313.2,326.6,310.8,320.8,318.0,2.8,0.88,12818367.0,4109059435.89
03690.HK,20210409,324.4,324.4,309.8,314.0,320.8,-6.8,-2.12,11658356.0,3669916706.18
03690.HK,20210412,314.0,314.6,292.6,298.2,314.0,-15.8,-5.03,24890065.0,7425673479.47
03690.HK,20210413,296.2,301.0,274.2,276.0,298.2,-22.2,-7.44,43263925.0,12250194295.82
03690.HK,20210414,287.0,290.8,283.0,286.0,276.0,10.0,3.62,28878747.0,8293805727.19
03690.HK,20210415,286.0,290.4,280.0,284.8,286.0,-1.2,-0.42,12718239.0,3613106394.5
03690.HK,20210416,286.0,294.8,283.8,290.2,284.8,5.4,1.9,18016614.0,5220144174.05
03690.HK,20210419,290.2,301.0,285.0,289.2,290.2,-1.0,-0.34,19089091.0,5591502930.0
03690.HK,20210420,288.6,296.0,284.0,293.6,289.2,4.4,1.52,242615551.0,67400013287.06
03690.HK,20210421,287.2,292.0,280.6,282.2,293.6,-11.4,-3.88,28467362.0,8117212338.9
03690.HK,20210422,288.4,292.6,283.8,292.0,282.2,9.8,3.47,27941527.0,8098564902.06
03690.HK,20210423,293.0,311.4,292.0,306.4,292.0,14.4,4.93,32455805.0,9896366063.15
03690.HK,20210426,310.0,321.6,303.4,305.0,306.4,-1.4,-0.46,30584797.0,9553749716.56
03690.HK,20210427,300.0,319.0,296.4,313.0,305.0,8.0,2.62,43285503.0,13355938929.39
03690.HK,20210428,309.8,311.6,306.2,309.4,313.0,-3.6,-1.15,12079410.0,3735496879.65
03690.HK,20210429,313.0,314.8,304.0,309.2,309.4,-0.2,-0.06,16583681.0,5109644076.71
03690.HK,20210430,304.0,305.0,297.2,298.0,309.2,-11.2,-3.62,15334320.0,4590560786.67
03690.HK,20210503,297.4,297.8,290.0,293.2,298.0,-4.8,-1.61,10072434.0,2946874090.34
03690.HK,20210504,293.2,295.6,290.6,291.8,293.2,-1.4,-0.48,9074489.0,2653129029.2
03690.HK,20210505,288.0,293.8,285.6,287.0,291.8,-4.8,-1.64,12284824.0,3536727074.73
03690.HK,20210506,285.4,293.6,280.0,285.8,287.0,-1.2,-0.42,19249251.0,5479741833.86
03690.HK,20210507,288.0,290.4,279.2,282.8,285.8,-3.0,-1.05,19379263.0,5491295057.51
03690.HK,20210510,280.0,280.0,255.0,262.8,282.8,-20.0,-7.07,73924579.0,19510359155.78
03690.HK,20210511,250.2,252.0,240.0,249.0,262.8,-13.8,-5.25,63727234.0,15673064248.75
03690.HK,20210512,251.0,262.6,251.0,255.2,249.0,6.2,2.49,32343072.0,8270808670.72
03690.HK,20210513,247.6,257.0,245.0,251.6,255.2,-3.6,-1.41,21199638.0,5358327403.08
03690.HK,20210514,245.2,251.0,242.2,244.0,251.6,-7.6,-3.02,28110988.0,6880641138.82
03690.HK,20210517,246.4,256.0,244.6,254.2,244.0,10.2,4.18,27285020.0,6899375337.86
03690.HK,20210518,255.8,261.8,255.8,260.0,254.2,5.8,2.28,17873111.0,4633702984.05
03690.HK,20210520,256.2,276.8,255.0,273.2,260.0,13.2,5.08,36907302.0,10024913655.94
03690.HK,20210521,280.0,280.8,267.2,275.2,273.2,2.0,0.73,20946889.0,5769386788.49
03690.HK,20210524,276.8,279.0,265.2,271.0,275.2,-4.2,-1.53,14192265.0,3831156107.16
03690.HK,20210525,270.0,278.2,265.8,276.6,271.0,5.6,2.07,14353423.0,3927733865.91
03690.HK,20210526,277.2,290.0,277.2,279.6,276.6,3.0,1.08,17575426.0,4974947753.4
03690.HK,20210527,279.6,279.6,265.2,271.8,279.6,-7.8,-2.79,29857723.0,8096246457.7
03690.HK,20210528,272.6,274.4,263.0,265.2,271.8,-6.6,-2.43,16971893.0,4532851254.47
03690.HK,20210531,276.2,294.8,271.6,294.0,265.2,28.8,10.86,44006174.0,12585624235.02
03690.HK,20210601,296.2,315.2,294.4,313.0,294.0,19.0,6.46,41772699.0,12925398209.6
03690.HK,20210602,312.0,313.4,304.0,311.8,313.0,-1.2,-0.38,24252954.0,7507146897.44
03690.HK,20210603,311.8,321.0,305.6,307.4,311.8,-4.4,-1.41,23234022.0,7268778734.66
03690.HK,20210604,297.8,311.0,297.8,302.2,307.4,-5.2,-1.69,40645528.0,12310511950.07
03690.HK,20210607,302.6,305.4,296.6,300.0,302.2,-2.2,-0.73,27170971.0,8181395994.78
03690.HK,20210608,300.0,303.6,293.0,297.0,300.0,-3.0,-1.0,13395646.0,3974604331.08
03690.HK,20210609,295.8,298.8,290.8,293.2,297.0,-3.8,-1.28,10810536.0,3178021799.17
03690.HK,20210610,295.2,305.2,291.2,298.0,293.2,4.8,1.64,14448149.0,4315350554.06
03690.HK,20210611,302.6,311.8,300.0,307.2,298.0,9.2,3.09,18599815.0,5698003329.42
03690.HK,20210615,307.0,311.0,299.0,302.4,307.2,-4.8,-1.56,13806094.0,4187713187.73
03690.HK,20210616,299.4,301.6,287.4,288.8,302.4,-13.6,-4.5,19770810.0,5765215920.27
03690.HK,20210617,285.0,294.2,283.4,290.0,288.8,1.2,0.42,12109734.0,3500670230.04
03690.HK,20210618,297.6,304.4,294.4,300.6,290.0,10.6,3.66,17708557.0,5312494158.81
03690.HK,20210621,296.8,303.2,292.8,301.8,300.6,1.2,0.4,12340521.0,3681882941.58
03690.HK,20210622,302.8,303.8,292.0,292.8,301.8,-9.0,-2.98,12894472.0,3804774865.81
03690.HK,20210623,295.8,309.4,292.6,308.0,292.8,15.2,5.19,19408354.0,5904763923.18
03690.HK,20210624,310.0,319.6,310.0,315.0,308.0,7.0,2.27,20689334.0,6516414789.54
03690.HK,20210625,317.0,333.0,315.4,330.0,315.0,15.0,4.76,31517759.0,10291625489.3
03690.HK,20210628,333.0,338.0,325.2,328.6,330.0,-1.4,-0.42,12324384.0,4058040750.56
03690.HK,20210629,329.6,331.8,322.0,323.8,328.6,-4.8,-1.46,15304408.0,4982519176.43
03690.HK,20210630,329.0,329.2,317.6,320.4,323.8,-3.4,-1.05,13672818.0,4390001198.48
03690.HK,20210702,318.2,318.6,300.4,304.0,320.4,-16.4,-5.12,23363439.0,7182686096.97
03690.HK,20210705,300.2,300.8,280.0,287.0,304.0,-17.0,-5.59,38091180.0,10975439984.65
03690.HK,20210706,287.0,292.8,277.0,289.8,287.0,2.8,0.98,19388472.0,5544174213.22
03690.HK,20210707,287.0,287.8,279.2,286.0,289.8,-3.8,-1.31,15809580.0,4489864672.74
03690.HK,20210708,281.8,283.8,265.8,267.6,286.0,-18.4,-6.43,43323881.0,11726618211.2
03690.HK,20210709,264.2,285.4,258.0,279.2,267.6,11.6,4.33,46931905.0,12853167729.39
03690.HK,20210712,287.0,291.4,281.8,285.2,279.2,6.0,2.15,22668759.0,6481960802.6
03690.HK,20210713,284.0,302.0,280.8,295.0,285.2,9.8,3.44,25187613.0,7442205735.25
03690.HK,20210714,293.0,294.8,281.6,290.0,295.0,-5.0,-1.69,24001923.0,6903524841.97
03690.HK,20210715,289.4,294.8,287.2,290.4,290.0,0.4,0.14,13427920.0,3904874270.2
03690.HK,20210716,287.6,295.6,284.2,290.8,290.4,0.4,0.14,12235819.0,3551127057.78
03690.HK,20210719,284.8,285.0,272.0,276.2,290.8,-14.6,-5.02,23214788.0,6441795780.1
03690.HK,20210720,272.4,279.8,271.6,275.2,276.2,-1.0,-0.36,14740972.0,4050355340.04
03690.HK,20210721,271.6,274.0,266.4,270.2,275.2,-5.0,-1.82,21252300.0,5723575644.3
03690.HK,20210722,273.8,281.8,272.4,279.8,270.2,9.6,3.55,17738480.0,4942636927.61
03690.HK,20210723,280.4,280.8,270.8,273.2,279.8,-6.6,-2.36,15386626.0,4208081505.19
03690.HK,20210726,259.2,265.0,232.4,235.6,273.2,-37.6,-13.76,82759612.0,20526287961.46
03690.HK,20210727,235.6,235.6,194.0,194.0,235.6,-41.6,-17.66,165740968.0,34667847820.29
03690.HK,20210728,196.8,217.6,190.4,208.6,194.0,14.6,7.53,127665813.0,25850692257.93
03690.HK,20210729,230.6,231.4,220.2,228.4,208.6,19.8,9.49,89287107.0,20263630608.36
03690.HK,20210730,219.0,220.6,204.6,215.0,228.4,-13.4,-5.87,49329194.0,10498499680.7
03690.HK,20210802,217.0,219.6,205.0,216.0,215.0,1.0,0.47,25875297.0,5508124214.95
03690.HK,20210803,218.6,218.6,199.8,211.6,216.0,-4.4,-2.04,30559039.0,6376749464.7
03690.HK,20210804,208.8,223.6,204.0,213.6,211.6,2.0,0.95,27873850.0,5975593008.39
03690.HK,20210805,213.6,220.0,208.4,211.2,213.6,-2.4,-1.12,17599873.0,3770808533.56
03690.HK,20210806,220.4,220.4,205.0,213.8,211.2,2.6,1.23,18318848.0,3880039918.49
03690.HK,20210809,212.0,230.8,209.8,220.4,213.8,6.6,3.09,30191591.0,6716629724.04
03690.HK,20210810,226.0,241.0,225.0,239.0,220.4,18.6,8.44,41723449.0,9804228234.43
03690.HK,20210811,236.0,243.0,232.6,237.2,239.0,-1.8,-0.75,24673817.0,5842162614.13
03690.HK,20210812,233.0,244.4,233.0,236.6,237.2,-0.6,-0.25,25626912.0,6122089897.8
03690.HK,20210813,232.0,238.8,230.6,233.4,236.6,-3.2,-1.35,16019697.0,3751675133.7
03690.HK,20210816,231.0,234.6,217.0,221.4,233.4,-12.0,-5.14,27143724.0,6046895287.5
03690.HK,20210817,217.6,224.0,211.0,213.6,221.4,-7.8,-3.52,22502996.0,4856941698.3
03690.HK,20210818,219.0,225.6,211.8,218.2,213.6,4.6,2.15,27194037.0,5978594692.66
03690.HK,20210819,217.4,222.6,200.0,202.6,218.2,-15.6,-7.15,36878005.0,7607193115.65
03690.HK,20210820,200.0,200.4,183.2,193.4,202.6,-9.2,-4.54,54748972.0,10540466195.2
03690.HK,20210823,200.0,203.6,190.0,195.4,193.4,2.0,1.03,32157538.0,6348878336.64
03690.HK,20210824,200.4,224.2,200.4,221.8,195.4,26.4,13.51,43795211.0,9448331163.39
03690.HK,20210825,231.8,235.8,223.4,227.0,221.8,5.2,2.34,41974276.0,9634970655.69
03690.HK,20210826,227.0,231.0,221.0,226.8,227.0,-0.2,-0.09,17311459.0,3906816826.84
03690.HK,20210827,226.8,234.4,224.0,225.0,226.8,-1.8,-0.79,21087902.0,4818429034.0
03690.HK,20210830,229.0,231.0,221.4,228.4,225.0,3.4,1.51,19898069.0,4513473880.33
03690.HK,20210831,236.2,249.0,223.6,249.0,228.4,20.6,9.02,77441090.0,18595498796.12
03690.HK,20210901,249.0,257.0,244.0,253.4,249.0,4.4,1.77,56121987.0,14087844254.2
03690.HK,20210902,263.4,267.6,250.0,253.6,253.4,0.2,0.08,43736792.0,11309876433.04
03690.HK,20210903,249.4,251.0,239.4,244.8,253.6,-8.8,-3.47,46118676.0,11261452231.32
03690.HK,20210906,239.0,249.4,238.8,247.4,244.8,2.6,1.06,23335163.0,5705480089.58
03690.HK,20210907,251.0,263.0,249.2,257.4,247.4,10.0,4.04,35642442.0,9192471883.88
03690.HK,20210908,261.6,267.8,256.4,261.0,257.4,3.6,1.4,27199752.0,7135105141.93
03690.HK,20210909,255.4,258.0,245.6,248.6,261.0,-12.4,-4.75,28952413.0,7279692057.05
03690.HK,20210910,252.0,262.6,251.6,259.4,248.6,10.8,4.34,18803186.0,4870191934.97
03690.HK,20210913,251.2,254.0,239.0,247.8,259.4,-11.6,-4.47,24934818.0,6110075124.7
03690.HK,20210914,247.8,251.0,238.6,245.0,247.8,-2.8,-1.13,18788167.0,4594418781.78
03690.HK,20210915,236.2,241.4,232.6,234.0,245.0,-11.0,-4.49,21866401.0,5166493263.18
03690.HK,20210916,231.0,238.2,230.4,232.6,234.0,-1.4,-0.6,16031559.0,3738443377.92
03690.HK,20210917,230.8,243.8,228.4,240.8,232.6,8.2,3.53,19870460.0,4758415183.2
03690.HK,20210920,237.0,237.4,230.4,234.6,240.8,-6.2,-2.57,11665337.0,2737436470.56
03690.HK,20210921,230.0,232.0,224.8,230.6,234.6,-4.0,-1.71,18293893.0,4178421470.7
03690.HK,20210923,238.0,247.8,237.0,242.6,230.6,12.0,5.2,28399235.0,6861533112.74
03690.HK,20210924,242.2,252.0,241.2,244.6,242.6,2.0,0.82,23980206.0,5933197480.2
03690.HK,20210927,243.2,256.8,243.2,248.4,244.6,3.8,1.55,22688044.0,5707969794.3
03690.HK,20210928,252.0,256.8,249.2,251.8,248.4,3.4,1.37,20017062.0,5072472909.9
03690.HK,20210929,245.0,250.8,238.0,250.0,251.8,-1.8,-0.71,13265074.0,3263219792.27
03690.HK,20210930,243.0,248.4,241.6,246.6,250.0,-3.4,-1.36,12907162.0,3172068981.58
03690.HK,20211004,242.4,246.2,235.4,236.8,246.6,-9.8,-3.97,14934956.0,3563079895.9
03690.HK,20211005,231.2,237.0,229.8,233.6,236.8,-3.2,-1.35,15546940.0,3633810850.09
03690.HK,20211006,237.0,237.0,228.2,228.6,233.6,-5.0,-2.14,15286557.0,3521554574.6
03690.HK,20211007,236.8,252.8,234.6,250.8,228.6,22.2,9.71,22228487.0,5459897101.48
03690.HK,20211008,258.2,258.2,248.8,256.0,250.8,5.2,2.07,26350580.0,6696252108.48
03690.HK,20211011,270.0,280.6,265.6,277.4,256.0,21.4,8.36,54578979.0,15032979204.87
03690.HK,20211012,273.0,277.6,268.0,269.0,277.4,-8.4,-3.03,27949555.0,7602221031.64
03690.HK,20211015,275.0,281.0,272.8,280.8,269.0,11.8,4.39,45778121.0,12702160471.59
03690.HK,20211018,280.0,280.6,269.2,280.4,280.8,-0.4,-0.14,20471250.0,5631673152.16
03690.HK,20211019,280.4,288.0,278.0,285.6,280.4,5.2,1.85,17509802.0,5000354537.88
03690.HK,20211020,290.0,297.8,289.0,293.8,285.6,8.2,2.87,38356351.0,11276452749.83
03690.HK,20211021,295.4,298.0,284.4,288.4,293.8,-5.4,-1.84,28901998.0,8432664521.45
03690.HK,20211022,290.0,292.8,283.2,289.2,288.4,0.8,0.28,12113045.0,3500333958.05
03690.HK,20211025,285.4,294.8,285.0,286.8,289.2,-2.4,-0.83,15930495.0,4610574555.46
03690.HK,20211026,286.0,288.0,280.8,283.0,286.8,-3.8,-1.32,13595769.0,3859581280.22
03690.HK,20211027,275.0,275.8,267.6,268.6,283.0,-14.4,-5.09,23823732.0,6435615164.4
03690.HK,20211028,275.2,277.2,269.8,272.2,268.6,3.6,1.34,13575181.0,3701396723.12
03690.HK,20211029,271.4,276.0,269.2,269.6,272.2,-2.6,-0.96,14380080.0,3912608587.3
03690.HK,20211101,267.0,272.4,263.2,267.4,269.6,-2.2,-0.82,13360881.0,3567201697.2
03690.HK,20211102,278.2,285.4,269.4,271.0,267.4,3.6,1.35,20579374.0,5705805816.3
03690.HK,20211103,277.4,277.6,267.8,277.0,271.0,6.0,2.21,14426808.0,3951494562.89
03690.HK,20211104,282.0,286.8,280.4,286.0,277.0,9.0,3.25,16494718.0,4680235938.3
03690.HK,20211105,279.4,282.4,274.0,276.8,286.0,-9.2,-3.22,14726028.0,4105310073.49
03690.HK,20211108,274.6,275.8,267.2,271.2,276.8,-5.6,-2.02,14403163.0,3906468972.32
03690.HK,20211109,276.4,276.6,268.0,270.4,271.2,-0.8,-0.29,10236993.0,2772381522.0
03690.HK,20211110,270.4,277.6,266.8,277.4,270.4,7.0,2.59,12138458.0,3311673267.82
03690.HK,20211111,275.2,285.8,272.0,282.4,277.4,5.0,1.8,15036145.0,4211293783.2
03690.HK,20211112,289.8,292.6,287.2,289.8,282.4,7.4,2.62,22694413.0,6586125051.7
03690.HK,20211115,291.0,293.4,284.2,289.6,289.8,-0.2,-0.07,11339494.0,3272724791.72
03690.HK,20211116,289.6,297.6,287.6,297.4,289.6,7.8,2.69,19416943.0,5728439061.5
03690.HK,20211117,295.0,296.6,290.4,292.6,297.4,-4.8,-1.61,11680027.0,3420010051.8
03690.HK,20211118,285.0,286.4,277.6,285.4,292.6,-7.2,-2.46,15189245.0,4303656068.89
03690.HK,20211119,279.4,282.2,273.0,280.8,285.4,-4.6,-1.61,17487510.0,4863745404.84
03690.HK,20211122,278.0,279.4,268.8,274.0,280.8,-6.8,-2.42,19704966.0,5379133477.8
03690.HK,20211123,267.0,268.8,264.6,265.4,274.0,-8.6,-3.14,15575043.0,4149844741.8
03690.HK,20211124,265.4,281.8,265.0,273.4,265.4,8.0,3.01,21714997.0,5938339494.04
03690.HK,20211125,273.4,276.8,268.0,274.2,273.4,0.8,0.29,12784951.0,3482133865.46
03690.HK,20211126,268.0,269.4,260.2,263.6,274.2,-10.6,-3.87,19649028.0,5187536420.4
03690.HK,20211129,240.4,248.4,240.4,245.0,263.6,-18.6,-7.06,55011133.0,13402738126.94
03690.HK,20211130,242.0,244.0,230.2,238.0,245.0,-7.0,-2.86,41440947.0,9781214357.39
03690.HK,20211201,238.0,249.0,237.4,244.6,238.0,6.6,2.77,21863166.0,5356206969.56
03690.HK,20211202,240.2,252.0,238.2,247.8,244.6,3.2,1.31,17078175.0,4221375033.32
03690.HK,20211203,243.2,244.6,234.6,241.2,247.8,-6.6,-2.66,30985281.0,7423373971.27
03690.HK,20211206,236.2,245.8,231.0,232.4,241.2,-8.8,-3.65,34298272.0,8108274107.6
03690.HK,20211207,239.8,246.6,236.4,245.8,232.4,13.4,5.77,26956099.0,6502421400.4
03690.HK,20211208,250.0,253.4,245.0,245.2,245.8,-0.6,-0.24,17961861.0,4454403899.9
03690.HK,20211209,251.2,252.0,245.2,247.0,245.2,1.8,0.73,16500427.0,4095229132.28
03690.HK,20211210,247.0,251.0,240.2,243.0,247.0,-4.0,-1.62,22238652.0,5450328934.35
03690.HK,20211213,246.2,256.6,245.6,248.0,243.0,5.0,2.06,23961728.0,6031867013.96
03690.HK,20211214,243.0,248.0,242.2,246.2,248.0,-1.8,-0.73,14275556.0,3506625822.14
03690.HK,20211215,243.4,246.2,240.2,241.8,246.2,-4.4,-1.79,12522375.0,3043843690.5
03690.HK,20211216,238.8,240.2,229.2,238.4,241.8,-3.4,-1.41,19372057.0,4540794738.55
03690.HK,20211217,237.0,237.0,225.2,225.8,238.4,-12.6,-5.29,24909630.0,5670816692.36
03690.HK,20211220,224.6,228.2,215.2,219.2,225.8,-6.6,-2.92,19537037.0,4313600177.76
03690.HK,20211221,216.8,231.8,216.2,229.0,219.2,9.8,4.47,22538844.0,5095509732.25
03690.HK,20211222,233.0,239.8,228.2,230.4,229.0,1.4,0.61,12951440.0,3019277679.41
03690.HK,20211223,224.4,228.2,217.8,226.6,230.4,-3.8,-1.65,21859122.0,4889485776.36
03690.HK,20211224,229.8,229.8,224.0,226.0,226.6,-0.6,-0.26,6023974.0,1363964212.07
03690.HK,20211228,227.6,228.4,217.0,223.4,226.0,-2.6,-1.15,19511435.0,4325497052.89
03690.HK,20211229,222.8,222.8,214.8,216.0,223.4,-7.4,-3.31,14075343.0,3054259161.31
03690.HK,20211230,215.6,221.8,213.4,218.4,216.0,2.4,1.11,10527641.0,2295319223.78
03690.HK,20211231,228.8,232.4,225.4,225.4,218.4,7.0,3.21,9609156.0,2193947387.28
03690.HK,20220103,229.0,232.2,221.2,223.4,225.4,-2.0,-0.89,6017145.0,1349511800.8
03690.HK,20220104,222.8,225.8,216.4,219.6,223.4,-3.8,-1.7,13311694.0,2933279064.5
03690.HK,20220105,211.0,212.0,193.6,195.1,219.6,-24.5,-11.16,53165889.0,10632894434.75
03690.HK,20220106,195.0,203.6,191.8,202.2,195.1,7.1,3.64,29435398.0,5825377887.47
03690.HK,20220107,208.0,209.2,201.4,204.0,202.2,1.8,0.89,23027044.0,4714854081.86
03690.HK,20220110,202.0,210.6,198.3,206.6,204.0,2.6,1.27,20952466.0,4315804531.34
03690.HK,20220111,209.4,211.8,203.4,208.0,206.6,1.4,0.68,15263461.0,3181208138.61
03690.HK,20220112,216.0,228.4,215.0,227.0,208.0,19.0,9.13,30954151.0,6936030012.73
03690.HK,20220113,228.0,231.2,221.8,226.2,227.0,-0.8,-0.35,18464506.0,4174513323.3
03690.HK,20220114,215.0,221.0,212.2,220.6,226.2,-5.6,-2.48,23662887.0,5144457886.8
03690.HK,20220117,219.0,221.0,213.0,216.6,220.6,-4.0,-1.81,14712314.0,3181525128.81
03690.HK,20220118,216.6,228.0,213.4,215.8,216.6,-0.8,-0.37,16482922.0,3623370439.19
03690.HK,20220119,216.8,220.0,210.8,214.4,215.8,-1.4,-0.65,17405542.0,3737573534.12
03690.HK,20220120,217.0,241.2,215.2,238.0,214.4,23.6,11.01,43804700.0,10146170301.19
03690.HK,20220121,235.0,242.4,233.6,238.0,238.0,0.0,0.0,30191207.0,7156720288.54
03690.HK,20220124,233.2,238.0,226.6,232.8,238.0,-5.2,-2.18,22769733.0,5317952249.2
03690.HK,20220125,226.8,230.6,221.0,225.8,232.8,-7.0,-3.01,25026259.0,5678747732.09
03690.HK,20220126,224.2,229.8,220.0,225.0,225.8,-0.8,-0.35,22040731.0,4949034412.88
03690.HK,20220127,216.4,217.0,203.6,209.4,225.0,-15.6,-6.93,34183417.0,7141956577.66
03690.HK,20220128,203.2,210.4,200.4,208.0,209.4,-1.4,-0.67,22081953.0,4553698914.83
03690.HK,20220131,212.4,222.4,212.2,219.6,208.0,11.6,5.58,16342741.0,3559365707.69
03690.HK,20220204,226.6,228.8,221.2,226.8,219.6,7.2,3.28,11967427.0,2707355394.6
03690.HK,20220207,229.6,229.6,218.2,225.8,226.8,-1.0,-0.44,15057139.0,3359281351.94
03690.HK,20220208,225.6,225.6,215.2,221.0,225.8,-4.8,-2.13,13414299.0,2950951903.6
03690.HK,20220209,228.8,232.2,227.8,229.2,221.0,8.2,3.71,16036174.0,3680968663.62
03690.HK,20220210,233.0,235.8,225.4,233.0,229.2,3.8,1.66,13890467.0,3200155218.0
03690.HK,20220211,228.2,233.0,224.4,227.8,233.0,-5.2,-2.23,15331337.0,3489563609.94
03690.HK,20220214,222.8,224.8,216.6,219.6,227.8,-8.2,-3.6,18413678.0,4042939012.98
03690.HK,20220215,218.0,220.0,212.2,214.0,219.6,-5.6,-2.55,15144429.0,3261738811.5
03690.HK,20220216,219.0,222.0,216.2,219.4,214.0,5.4,2.52,12648841.0,2770056871.5
03690.HK,20220217,216.0,224.0,216.0,220.8,219.4,1.4,0.64,11182758.0,2463838685.96
03690.HK,20220218,217.4,221.0,182.0,188.0,220.8,-32.8,-14.86,82653856.0,16086080935.21
03690.HK,20220221,178.0,194.1,178.0,180.5,188.0,-7.5,-3.99,80793669.0,14866486628.96
03690.HK,20220222,176.8,180.3,166.8,171.3,180.5,-9.2,-5.1,61729725.0,10605031204.08
03690.HK,20220223,172.2,184.6,171.0,176.6,171.3,5.3,3.09,43212550.0,7733222968.77
03690.HK,20220224,172.9,177.0,166.4,170.2,176.6,-6.4,-3.62,38922085.0,6665916631.28
03690.HK,20220225,174.1,179.2,170.2,170.2,170.2,0.0,0.0,27281680.0,4741136841.73
03690.HK,20220228,172.0,172.8,165.3,172.2,170.2,2.0,1.18,28598348.0,4840419269.32
03690.HK,20220301,174.6,178.2,170.6,173.4,172.2,1.2,0.7,27631263.0,4807603737.3
03690.HK,20220302,177.0,181.9,175.1,176.4,173.4,3.0,1.73,29068743.0,5171496067.38
03690.HK,20220303,175.6,178.1,169.5,174.2,176.4,-2.2,-1.25,22115571.0,3810440064.09
03690.HK,20220304,165.0,167.9,161.2,164.8,174.2,-9.4,-5.4,48303297.0,7921279626.18
03690.HK,20220307,157.0,157.8,145.8,146.2,164.8,-18.6,-11.29,66684818.0,10057513446.57
03690.HK,20220308,146.0,152.8,144.5,145.5,146.2,-0.7,-0.48,47995870.0,7107981010.65
03690.HK,20220309,149.1,151.3,139.3,148.5,145.5,3.0,2.06,40551427.0,5910709128.82
03690.HK,20220310,155.7,155.8,141.0,144.2,148.5,-4.3,-2.9,35919402.0,5292328827.98
03690.HK,20220311,135.0,140.8,126.0,135.4,144.2,-8.8,-6.1,72625389.0,9583799908.8
03690.HK,20220314,128.0,129.7,111.4,112.6,135.4,-22.8,-16.84,103004664.0,12309130798.57
03690.HK,20220315,104.1,120.7,103.5,106.0,112.6,-6.6,-5.86,105044140.0,11539158830.3
03690.HK,20220316,114.3,144.7,110.0,140.0,106.0,34.0,32.08,137116536.0,17579414808.61
03690.HK,20220317,160.3,166.0,147.2,157.2,140.0,17.2,12.29,112339654.0,17453763508.35
03690.HK,20220318,150.0,158.0,142.0,153.3,157.2,-3.9,-2.48,62369007.0,9362951437.78
03690.HK,20220321,157.7,158.3,140.8,143.9,153.3,-9.4,-6.13,47464792.0,6975151026.95
03690.HK,20220322,145.0,154.0,142.6,153.0,143.9,9.1,6.32,29758929.0,4431901624.14
03690.HK,20220323,158.5,165.0,155.2,156.2,153.0,3.2,2.09,44059464.0,7042174792.9
03690.HK,20220324,156.2,157.7,144.3,147.0,156.2,-9.2,-5.89,36791648.0,5553028957.24
03690.HK,20220325,145.6,149.4,132.6,135.0,147.0,-12.0,-8.16,45154541.0,6227057702.03
03690.HK,20220328,143.0,155.9,137.0,150.6,135.0,15.6,11.56,55833698.0,8252029288.18
03690.HK,20220329,153.1,162.3,152.6,159.3,150.6,8.7,5.78,37739214.0,6004508388.92
03690.HK,20220330,161.7,165.4,156.8,160.1,159.3,0.8,0.5,35317236.0,5688113112.84
03690.HK,20220331,160.1,160.3,152.7,155.6,160.1,-4.5,-2.81,19121653.0,2983196330.4
03690.HK,20220401,148.4,156.8,145.6,155.5,155.6,-0.1,-0.06,23095390.0,3517883141.01
03690.HK,20220404,160.1,167.6,158.6,167.0,155.5,11.5,7.4,30498933.0,4979444792.3
03690.HK,20220406,160.0,165.4,158.8,160.9,167.0,-6.1,-3.65,29819804.0,4831705912.6
03690.HK,20220407,158.2,172.5,157.6,159.3,160.9,-1.6,-0.99,36718605.0,6022144448.3
03690.HK,20220408,154.1,158.1,152.0,156.5,159.3,-2.8,-1.76,22560050.0,3501351645.8
03690.HK,20220411,150.1,151.6,146.0,147.5,156.5,-9.0,-5.75,28364129.0,4212279057.4
03690.HK,20220412,147.0,159.2,145.2,153.9,147.5,6.4,4.34,36838492.0,5622203037.04
03690.HK,20220413,150.1,157.5,150.1,154.1,153.9,0.2,0.13,20107516.0,3099861864.0
03690.HK,20220414,156.5,157.4,153.6,155.2,154.1,1.1,0.71,21940716.0,3417360700.5
03690.HK,20220419,146.5,151.7,144.7,146.0,155.2,-9.2,-5.93,30988940.0,4566779576.8
03690.HK,20220420,147.4,148.7,144.4,144.9,146.0,-1.1,-0.75,19599415.0,2867596358.1
03690.HK,20220421,139.0,140.6,132.8,137.8,144.9,-7.1,-4.9,46359101.0,6337080157.17
03690.HK,20220422,130.1,143.3,130.1,141.4,137.8,3.6,2.61,32263734.0,4464357905.8
03690.HK,20220425,138.3,145.6,135.0,138.6,141.4,-2.8,-1.98,35712522.0,4987865612.34
03690.HK,20220426,141.9,150.8,141.9,145.3,138.6,6.7,4.83,35974757.0,5262801928.92
03690.HK,20220427,144.6,156.0,142.5,147.9,145.3,2.6,1.79,52702988.0,7903993236.1
03690.HK,20220428,152.1,152.1,144.2,148.9,147.9,1.0,0.68,25114706.0,3714039848.3
03690.HK,20220429,150.4,177.8,145.5,172.0,148.9,23.1,15.51,88434684.0,14475952502.9
03690.HK,20220503,173.9,178.0,165.9,172.4,172.0,0.4,0.23,38798509.0,6725137787.6
03690.HK,20220504,169.3,169.9,161.6,164.5,172.4,-7.9,-4.58,22784991.0,3747705646.1
03690.HK,20220505,170.4,173.4,164.3,164.7,164.5,0.2,0.12,39710521.0,6708153539.79
03690.HK,20220506,155.0,161.3,153.0,157.0,164.7,-7.7,-4.68,38554679.0,6069166118.91
03690.HK,20220510,146.0,155.4,144.0,151.8,157.0,-5.2,-3.31,46205079.0,6914313331.05
03690.HK,20220511,149.4,168.6,149.0,161.4,151.8,9.6,6.32,46522147.0,7497114576.0
03690.HK,20220512,156.9,166.4,154.3,157.0,161.4,-4.4,-2.73,47512447.0,7589097579.4
03690.HK,20220513,161.8,168.2,159.7,167.6,157.0,10.6,6.75,41625770.0,6838357504.34
03690.HK,20220516,172.3,172.6,159.3,163.5,167.6,-4.1,-2.45,34701721.0,5720558058.8
03690.HK,20220517,168.3,175.6,166.0,173.7,163.5,10.2,6.24,46239919.0,7929933542.47
03690.HK,20220518,174.0,174.9,167.0,172.0,173.7,-1.7,-0.98,36512734.0,6254633922.24
03690.HK,20220519,165.0,167.8,160.1,165.5,172.0,-6.5,-3.78,37890659.0,6227118287.99
03690.HK,20220520,171.1,174.5,169.1,173.0,165.5,7.5,4.53,28364485.0,4882959210.12
03690.HK,20220523,172.5,173.7,165.5,167.7,173.0,-5.3,-3.06,28566571.0,4799700442.2
03690.HK,20220524,167.5,169.4,156.0,159.6,167.7,-8.1,-4.83,34499947.0,5535044863.8
03690.HK,20220525,159.3,163.4,156.2,159.7,159.6,0.1,0.06,23534891.0,3751217066.65
03690.HK,20220526,161.7,161.8,152.4,158.6,159.7,-1.1,-0.69,22184712.0,3481518780.7
03690.HK,20220527,166.5,169.4,160.9,163.9,158.6,5.3,3.34,32424080.0,5356301849.7
03690.HK,20220530,168.8,176.8,167.9,175.1,163.9,11.2,6.83,44394745.0,7697474102.2
03690.HK,20220531,174.7,187.1,173.7,187.0,175.1,11.9,6.8,52536707.0,9621101287.03
03690.HK,20220601,184.7,187.3,178.8,182.5,187.0,-4.5,-2.41,28745719.0,5254550763.5
03690.HK,20220602,178.5,183.6,175.6,180.2,182.5,-2.3,-1.26,27650843.0,4944945246.84
03690.HK,20220606,192.0,198.1,187.2,198.1,180.2,17.9,9.93,52844539.0,10221851402.23
03690.HK,20220607,197.6,202.4,193.4,199.0,198.1,0.9,0.45,36520966.0,7238801650.07
03690.HK,20220608,204.4,210.0,202.4,208.2,199.0,9.2,4.62,49529296.0,10245670972.38
03690.HK,20220609,209.4,211.6,197.2,201.8,208.2,-6.4,-3.07,45094591.0,9143693876.96
03690.HK,20220610,195.3,208.6,195.0,201.2,201.8,-0.6,-0.3,59757791.0,12125461086.25
03690.HK,20220613,195.4,199.3,186.8,188.2,201.2,-13.0,-6.46,47852863.0,9195732398.36
03690.HK,20220614,186.4,197.4,183.0,194.4,188.2,6.2,3.29,45630900.0,8701977136.99
03690.HK,20220615,200.2,202.8,196.1,197.0,194.4,2.6,1.34,31702659.0,6303687523.93
03690.HK,20220616,202.6,202.6,186.6,189.2,197.0,-7.8,-3.96,30923811.0,5972215635.44
03690.HK,20220617,189.0,200.0,187.5,199.1,189.2,9.9,5.23,41539099.0,8179812760.4
03690.HK,20220620,200.0,200.8,194.8,199.4,199.1,0.3,0.15,19567596.0,3880349781.52
03690.HK,20220621,200.0,202.2,195.3,201.2,199.4,1.8,0.9,20084578.0,3999130995.86
03690.HK,20220622,201.2,201.2,190.3,191.6,201.2,-9.6,-4.77,24450049.0,4747663003.0
03690.HK,20220623,193.2,195.5,185.6,192.6,191.6,1.0,0.52,23729076.0,4532590949.2
03690.HK,20220624,195.1,200.2,188.0,198.1,192.6,5.5,2.86,30535036.0,5969439714.64
03690.HK,20220627,201.0,210.0,200.0,205.0,198.1,6.9,3.48,40891219.0,8408899104.7
03690.HK,20220628,205.0,210.8,197.5,207.6,205.0,2.6,1.27,32122986.0,6553564795.8
03690.HK,20220629,204.6,206.8,198.3,202.8,207.6,-4.8,-2.31,26639598.0,5388158583.8
03690.HK,20220630,199.8,204.0,191.9,194.2,202.8,-8.6,-4.24,32444184.0,6382418164.66
03690.HK,20220704,196.0,203.4,193.3,201.2,194.2,7.0,3.6,24212667.0,4837067275.34
03690.HK,20220705,205.0,205.6,196.0,197.7,201.2,-3.5,-1.74,15618630.0,3111888524.15
03690.HK,20220706,197.2,199.8,190.1,195.9,197.7,-1.8,-0.91,18181782.0,3545669410.34
03690.HK,20220707,192.1,195.3,188.1,194.4,195.9,-1.5,-0.77,18290219.0,3517746225.2
03690.HK,20220708,198.0,198.2,190.2,192.3,194.4,-2.1,-1.08,15029795.0,2902568915.68
03690.HK,20220711,188.5,188.5,180.0,181.6,192.3,-10.7,-5.56,30615208.0,5585060771.22
03690.HK,20220712,179.8,183.1,174.5,178.0,181.6,-3.6,-1.98,25505508.0,4544697675.95
03690.HK,20220713,179.0,185.7,179.0,180.5,178.0,2.5,1.4,17343497.0,3159024640.68
03690.HK,20220714,181.1,185.4,179.7,182.5,180.5,2.0,1.11,16538169.0,3023015628.5
03690.HK,20220715,180.2,184.0,176.2,179.2,182.5,-3.3,-1.81,21497378.0,3853717158.9
03690.HK,20220718,185.0,191.9,183.6,189.7,179.2,10.5,5.86,34638466.0,6530582815.7
03690.HK,20220719,190.4,192.4,187.2,189.1,189.7,-0.6,-0.32,15552498.0,2949232906.0
03690.HK,20220720,193.6,197.8,193.4,194.7,189.1,5.6,2.96,18575240.0,3637254920.52
03690.HK,20220721,193.7,196.0,189.2,190.4,194.7,-4.3,-2.21,22373294.0,4304680144.2
03690.HK,20220722,194.0,194.9,189.6,191.7,190.4,1.3,0.68,15008353.0,2885846231.4
03690.HK,20220725,190.7,191.5,184.1,188.2,191.7,-3.5,-1.83,15606282.0,2917790315.0
03690.HK,20220726,188.7,192.4,185.3,190.7,188.2,2.5,1.33,11205025.0,2128086516.9
03690.HK,20220727,188.8,192.4,187.8,190.1,190.7,-0.6,-0.31,9431352.0,1785538125.1
03690.HK,20220728,191.2,191.6,187.4,188.0,190.1,-2.1,-1.1,14058776.0,2653625995.12
03690.HK,20220729,188.9,189.8,173.3,176.3,188.0,-11.7,-6.22,37161599.0,6620045023.76
03690.HK,20220801,177.3,181.5,173.7,180.0,176.3,3.7,2.1,17921551.0,3200428424.7
03690.HK,20220802,175.0,177.3,171.9,176.2,180.0,-3.8,-2.11,28277651.0,4942775838.64
03690.HK,20220803,179.1,180.5,175.4,177.1,176.2,0.9,0.51,19046985.0,3380888779.92
03690.HK,20220804,181.5,184.4,180.3,183.8,177.1,6.7,3.78,15527963.0,2830922063.76
03690.HK,20220805,186.9,187.0,182.6,183.5,183.8,-0.3,-0.16,10321784.0,1901972353.54
03690.HK,20220808,181.1,183.5,178.5,179.6,183.5,-3.9,-2.13,12690016.0,2281062411.6
03690.HK,20220809,179.7,180.0,174.2,176.0,179.6,-3.6,-2.0,15998055.0,2826369586.4
03690.HK,20220810,174.7,176.5,167.0,169.6,176.0,-6.4,-3.64,23557035.0,3994347499.2
03690.HK,20220811,172.0,176.9,171.1,176.4,169.6,6.8,4.01,20644773.0,3599420066.66
03690.HK,20220812,177.8,179.9,175.9,179.1,176.4,2.7,1.53,14324286.0,2550314256.2
03690.HK,20220815,179.0,185.0,178.5,180.9,179.1,1.8,1.01,14582497.0,2652963535.75
03690.HK,20220816,184.3,184.5,159.5,164.5,180.9,-16.4,-9.07,66970466.0,11191442122.4
03690.HK,20220817,169.6,173.2,165.7,170.0,164.5,5.5,3.34,38079991.0,6482358468.6
03690.HK,20220818,173.0,174.9,169.5,171.1,170.0,1.1,0.65,18845951.0,3231010580.72
03690.HK,20220819,169.4,174.4,165.4,169.9,171.1,-1.2,-0.7,20464820.0,3479759915.0
03690.HK,20220822,166.4,175.5,165.7,171.1,169.9,1.2,0.71,18756016.0,3217085466.05
03690.HK,20220823,171.1,173.4,167.1,168.7,171.1,-2.4,-1.4,16913154.0,2865545680.42
03690.HK,20220824,170.9,171.2,163.1,164.1,168.7,-4.6,-2.73,24176621.0,3993237450.0
03690.HK,20220825,164.9,179.5,164.9,177.3,164.1,13.2,8.04,27920623.0,4862147743.3
03690.HK,20220826,180.3,183.8,177.7,181.9,177.3,4.6,2.59,28586308.0,5152428676.0
03690.HK,20220829,188.0,191.0,184.0,186.7,181.9,4.8,2.64,49828941.0,9386009372.83
03690.HK,20220830,189.4,189.4,179.7,185.0,186.7,-1.7,-0.91,26865792.0,4926095157.9
03690.HK,20220831,181.2,193.6,180.2,189.8,185.0,4.8,2.59,60734926.0,11497327931.4
03690.HK,20220901,185.0,186.5,177.0,178.7,189.8,-11.1,-5.85,30511180.0,5533289774.85
03690.HK,20220902,182.0,182.4,174.2,176.2,178.7,-2.5,-1.4,19643601.0,3471405432.6
03690.HK,20220905,174.0,175.6,169.6,173.6,176.2,-2.6,-1.48,16340553.0,2830019357.5
03690.HK,20220906,175.6,177.7,172.0,173.4,173.6,-0.2,-0.12,12974024.0,2256406527.5
03690.HK,20220907,170.4,173.6,167.8,172.1,173.4,-1.3,-0.75,13830921.0,2354672803.7
03690.HK,20220908,172.7,175.2,170.4,171.5,172.1,-0.6,-0.35,9187502.0,1584880514.0
03690.HK,20220909,172.6,181.1,172.3,179.9,171.5,8.4,4.9,18276352.0,3273123049.6
03690.HK,20220913,181.1,181.6,177.4,177.8,179.9,-2.1,-1.17,13153478.0,2360756933.5
03690.HK,20220914,173.1,176.2,172.4,173.8,177.8,-4.0,-2.25,11858668.0,2063215147.57
03690.HK,20220915,173.8,177.2,173.3,175.4,173.8,1.6,0.92,10370843.0,1817559940.26
03690.HK,20220916,172.4,175.0,170.0,171.9,175.4,-3.5,-2.0,15356162.0,2646672400.28
03690.HK,20220919,172.0,172.0,167.2,169.4,171.9,-2.5,-1.45,13739607.0,2328278332.74
03690.HK,20220920,172.0,176.7,171.4,172.6,169.4,3.2,1.89,13838467.0,2407603745.9
03690.HK,20220921,172.3,172.3,166.1,167.5,172.6,-5.1,-2.95,15593525.0,2617350578.36
03690.HK,20220922,163.9,165.0,160.3,164.9,167.5,-2.6,-1.55,17788120.0,2899572063.85
03690.HK,20220923,162.4,164.7,160.3,160.3,164.9,-4.6,-2.79,12682207.0,2051913232.62
03690.HK,20220926,160.0,170.6,159.4,167.5,160.3,7.2,4.49,20487619.0,3418971827.08
03690.HK,20220927,168.1,174.8,166.5,174.2,167.5,6.7,4.0,23512367.0,4011839828.2
03690.HK,20220928,172.0,172.9,167.7,168.8,174.2,-5.4,-3.1,18959922.0,3230942292.8
03690.HK,20220929,174.5,174.7,167.5,170.2,168.8,1.4,0.83,17156821.0,2933681602.27
03690.HK,20220930,171.6,171.6,160.9,165.6,170.2,-4.6,-2.7,19211935.0,3173009111.3
03690.HK,20221003,164.4,165.9,159.8,161.7,165.6,-3.9,-2.36,13299004.0,2156123393.8
03690.HK,20221005,168.4,177.0,168.0,174.9,161.7,13.2,8.16,23594372.0,4082401950.83
03690.HK,20221006,177.5,179.4,173.3,177.1,174.9,2.2,1.26,11941492.0,2110140344.06
03690.HK,20221007,175.4,177.5,172.8,172.9,177.1,-4.2,-2.37,6408263.0,1118484483.9
03690.HK,20221010,168.0,168.0,159.6,161.3,172.9,-11.6,-6.71,30853484.0,5008951138.9
03690.HK,20221011,161.3,161.5,146.7,151.4,161.3,-9.9,-6.14,38209080.0,5793751581.2
03690.HK,20221012,151.8,158.6,142.0,150.4,151.4,-1.0,-0.66,42562313.0,6343715524.13
03690.HK,20221013,149.8,149.8,144.5,146.0,150.4,-4.4,-2.93,19571364.0,2875921021.0
03690.HK,20221014,148.7,155.3,148.7,149.0,146.0,3.0,2.05,26274605.0,3975681110.48
03690.HK,20221017,146.0,153.5,141.6,149.7,149.0,0.7,0.47,24052728.0,3535780731.5
03690.HK,20221018,153.2,155.8,149.5,154.0,149.7,4.3,2.87,25249963.0,3869177785.9
03690.HK,20221019,153.4,153.6,144.4,144.5,154.0,-9.5,-6.17,25715958.0,3790444432.6
03690.HK,20221020,139.5,141.8,133.7,140.8,144.5,-3.7,-2.56,50447486.0,6959559686.6
03690.HK,20221021,141.2,143.8,139.2,141.6,140.8,0.8,0.57,17633947.0,2496654188.06
03690.HK,20221024,135.0,137.8,119.1,120.6,141.6,-21.0,-14.83,87427196.0,11067631023.73
03690.HK,20221025,120.9,127.7,112.8,123.5,120.6,2.9,2.4,78266339.0,9467572033.4
03690.HK,20221026,121.7,134.6,121.3,129.7,123.5,6.2,5.02,52186329.0,6765763805.75
03690.HK,20221027,138.4,139.2,131.1,131.8,129.7,2.1,1.62,41077734.0,5543639924.4
03690.HK,20221028,131.5,131.6,120.2,121.8,131.8,-10.0,-7.59,45546979.0,5654136705.98
03690.HK,20221031,122.0,130.8,118.8,124.8,121.8,3.0,2.46,41381680.0,5197295647.6
03690.HK,20221101,128.0,145.0,127.6,139.6,124.8,14.8,11.86,63316429.0,8714106089.08
03690.HK,20221102,139.0,149.0,134.7,146.7,139.6,7.1,5.09,40243112.0,5740238397.21
03690.HK,20221103,141.0,146.0,138.2,141.5,146.7,-5.2,-3.54,27092886.0,3853748523.3
03690.HK,20221104,145.0,158.8,144.5,149.5,141.5,8.0,5.65,62912735.0,9562905174.31
03690.HK,20221107,145.0,157.1,142.2,153.0,149.5,3.5,2.34,36876150.0,5608865632.8
03690.HK,20221108,153.3,155.9,146.6,148.8,153.0,-4.2,-2.75,30156050.0,4497334328.1
03690.HK,20221109,147.0,149.7,141.4,144.3,148.8,-4.5,-3.02,30446854.0,4387580159.7
03690.HK,20221110,140.0,143.0,138.7,141.9,144.3,-2.4,-1.66,21861746.0,3088300306.2
03690.HK,20221111,160.0,160.7,152.6,159.6,141.9,17.7,12.47,59572296.0,9387425592.15
03690.HK,20221114,167.0,168.0,155.4,156.5,159.6,-3.1,-1.94,60532565.0,9673549155.84
03690.HK,20221115,155.7,170.3,153.6,166.4,156.5,9.9,6.33,51487473.0,8525358804.37
03690.HK,20221116,164.0,167.8,157.7,162.3,166.4,-4.1,-2.46,45330585.0,7334772433.51
03690.HK,20221117,152.0,154.8,149.0,153.0,162.3,-9.3,-5.73,78316760.0,11924413125.4
03690.HK,20221118,158.6,167.0,156.9,160.4,153.0,7.4,4.84,49770374.0,8034949396.7
03690.HK,20221121,153.0,154.4,150.1,152.5,160.4,-7.9,-4.93,32192357.0,4897286292.71
03690.HK,20221122,152.0,153.0,137.1,139.9,152.5,-12.6,-8.26,71799046.0,10239125095.6
03690.HK,20221123,139.5,142.0,134.1,138.4,139.9,-1.5,-1.07,37356864.0,5190490163.2
03690.HK,20221124,140.0,141.7,135.1,138.9,138.4,0.5,0.36,20411741.0,2815388941.46
03690.HK,20221125,137.9,137.9,133.3,136.6,138.9,-2.3,-1.66,25695319.0,3471769883.4
03690.HK,20221128,129.0,140.7,128.5,139.4,136.6,2.8,2.05,47477623.0,6440315266.2
03690.HK,20221129,143.3,156.0,141.3,155.4,139.4,16.0,11.48,68348315.0,10241838581.03
03690.HK,20221130,152.4,165.9,150.7,163.6,155.4,8.2,5.28,67182966.0,10724910384.48
03690.HK,20221201,172.0,177.5,161.0,163.0,163.6,-0.6,-0.37,61192587.0,10343919376.84
03690.HK,20221202,162.7,171.5,162.0,168.0,163.0,5.0,3.07,43061411.0,7194109000.58
03690.HK,20221205,175.0,176.0,168.9,174.3,168.0,6.3,3.75,52254576.0,9036931402.24
03690.HK,20221206,170.0,178.9,169.0,173.8,174.3,-0.5,-0.29,39055024.0,6776387477.66
03690.HK,20221207,172.5,182.3,167.0,167.5,173.8,-6.3,-3.62,47537009.0,8273206395.12
03690.HK,20221208,171.1,180.0,170.2,178.3,167.5,10.8,6.45,37406352.0,6607076111.7
03690.HK,20221209,177.5,188.9,175.3,188.5,178.3,10.2,5.72,50368648.0,9224399904.1
03690.HK,20221212,182.0,187.0,172.6,175.4,188.5,-13.1,-6.95,37430376.0,6656196537.3
03690.HK,20221213,175.2,183.9,174.9,179.0,175.4,3.6,2.05,28408770.0,5112047204.88
03690.HK,20221214,181.9,185.4,179.4,182.8,179.0,3.8,2.12,24871987.0,4545182899.17
03690.HK,20221215,181.4,181.9,175.3,176.8,182.8,-6.0,-3.28,18337831.0,3256781507.76
03690.HK,20221216,174.2,179.1,170.7,175.9,176.8,-0.9,-0.51,24271580.0,4248938380.7
03690.HK,20221219,180.0,187.0,177.1,178.8,175.9,2.9,1.65,24976402.0,4523216437.72
03690.HK,20221220,176.1,178.9,171.8,175.5,178.8,-3.3,-1.85,18837092.0,3289752181.5
03690.HK,20221221,176.2,176.8,172.5,174.2,175.5,-1.3,-0.74,10613803.0,1850019863.2
03690.HK,20221222,179.7,186.8,178.2,186.2,174.2,12.0,6.89,35630667.0,6555281004.8
03690.HK,20221223,180.4,185.6,180.4,183.2,186.2,-3.0,-1.61,17329993.0,3173082000.21
03690.HK,20221228,186.2,189.6,182.8,184.2,183.2,1.0,0.55,28927593.0,5387521977.0
03690.HK,20221229,180.8,185.0,179.9,183.8,184.2,-0.4,-0.22,17062318.0,3120787446.04
03690.HK,20221230,188.4,188.5,174.7,174.7,183.8,-9.1,-4.95,31271880.0,5576976568.38
03690.HK,20230103,173.0,177.8,164.7,176.8,174.7,2.1,1.2,37814940.0,6499986603.5
03690.HK,20230104,175.2,184.9,173.6,181.3,176.8,4.5,2.55,42884019.0,7767311872.1
03690.HK,20230105,188.8,195.6,187.2,190.8,181.3,9.5,5.24,45355119.0,8653699380.92
03690.HK,20230106,191.0,192.6,181.6,182.7,190.8,-8.1,-4.25,34445779.0,6402793415.3
03690.HK,20230109,185.1,186.5,177.2,180.6,182.7,-2.1,-1.15,43409393.0,7864797436.55
03690.HK,20230110,178.2,179.1,175.0,178.5,180.6,-2.1,-1.16,31231825.0,5536053381.66
03690.HK,20230111,179.8,181.9,172.2,174.0,178.5,-4.5,-2.52,48156549.0,8506046558.3
03690.HK,20230112,175.7,177.8,169.4,173.0,174.0,-1.0,-0.57,36223970.0,6263626517.75
03690.HK,20230113,173.0,173.2,168.0,171.2,173.0,-1.8,-1.04,37740104.0,6411471671.1
03690.HK,20230116,171.6,172.6,161.6,165.6,171.2,-5.6,-3.27,58214816.0,9636307936.51
03690.HK,20230117,165.8,169.8,162.3,164.8,165.6,-0.8,-0.48,34147894.0,5634360208.9
03690.HK,20230118,162.1,165.8,161.0,163.6,164.8,-1.2,-0.73,32337925.0,5281548700.1
03690.HK,20230119,161.0,162.0,159.0,160.2,163.6,-3.4,-2.08,20979883.0,3366055075.65
03690.HK,20230120,163.9,168.9,163.8,168.1,160.2,7.9,4.93,27743295.0,4632210569.22
03690.HK,20230126,171.1,173.4,169.5,172.4,168.1,4.3,2.56,29899068.0,5132193196.6
03690.HK,20230127,173.0,175.2,171.0,174.9,172.4,2.5,1.45,19439756.0,3381020361.9
03690.HK,20230130,172.0,181.1,172.0,173.5,174.9,-1.4,-0.8,55331550.0,9746200311.68
03690.HK,20230131,175.8,178.5,170.3,174.6,173.5,1.1,0.63,32516625.0,5646904972.6
03690.HK,20230201,176.6,182.4,174.1,180.1,174.6,5.5,3.15,35916222.0,6426258609.66
03690.HK,20230202,183.1,185.0,176.0,176.6,180.1,-3.5,-1.94,26580738.0,4785554707.93
03690.HK,20230203,173.2,174.8,169.0,172.8,176.6,-3.8,-2.15,28869669.0,4961476482.9
03690.HK,20230206,167.8,170.0,160.4,164.1,172.8,-8.7,-5.03,43310208.0,7098755086.0
03690.HK,20230207,165.0,166.5,162.4,163.7,164.1,-0.4,-0.24,22939843.0,3772963446.5
03690.HK,20230208,159.0,159.0,148.3,153.1,163.7,-10.6,-6.48,105815798.0,16180058838.62
03690.HK,20230209,149.0,155.0,148.5,153.5,153.1,0.4,0.26,42178820.0,6437679771.1
03690.HK,20230210,152.5,153.4,145.0,148.1,153.5,-5.4,-3.52,46144143.0,6815332384.89
03690.HK,20230213,145.0,151.2,143.6,148.2,148.1,0.1,0.07,36985397.0,5470033181.46
03690.HK,20230214,149.0,150.1,146.7,147.7,148.2,-0.5,-0.34,26961707.0,3997353585.54
03690.HK,20230215,148.6,148.6,143.3,145.9,147.7,-1.8,-1.22,31980470.0,4653779189.9
03690.HK,20230216,144.5,151.7,144.2,148.3,145.9,2.4,1.64,34797292.0,5175400254.74
03690.HK,20230217,147.9,149.8,144.1,144.2,148.3,-4.1,-2.76,25463180.0,3717048953.9
03690.HK,20230220,144.7,147.6,142.2,145.8,144.2,1.6,1.11,19909280.0,2896986222.36
03690.HK,20230221,146.1,146.8,139.3,139.8,145.8,-6.0,-4.12,34114924.0,4817283542.3
03690.HK,20230222,138.8,143.4,137.1,140.0,139.8,0.2,0.14,26855616.0,3762599073.36
03690.HK,20230223,138.7,142.2,138.5,139.1,140.0,-0.9,-0.64,21932466.0,3069069077.28
03690.HK,20230224,137.9,138.1,133.8,134.4,139.1,-4.7,-3.38,34832905.0,4717595774.22
03690.HK,20230227,132.3,138.8,132.1,136.2,134.4,1.8,1.34,28234666.0,3852001224.8
03690.HK,20230228,138.3,140.4,135.1,136.1,136.2,-0.1,-0.07,31464557.0,4316032322.0
03690.HK,20230301,135.3,143.6,135.3,142.8,136.1,6.7,4.92,35180578.0,4954435851.37
03690.HK,20230302,140.6,142.5,139.7,141.3,142.8,-1.5,-1.05,17983015.0,2538383034.8
03690.HK,20230303,145.3,146.0,141.8,142.3,141.3,1.0,0.71,22071347.0,3165216316.5
03690.HK,20230306,141.0,146.5,140.8,142.9,142.3,0.6,0.42,20474166.0,2951255576.24
03690.HK,20230307,141.1,144.0,135.7,137.9,142.9,-5.0,-3.5,33805962.0,4695112393.6
03690.HK,20230308,135.1,136.3,130.3,131.9,137.9,-6.0,-4.35,39112924.0,5175339975.4
03690.HK,20230309,131.1,132.0,129.2,129.4,131.9,-2.5,-1.9,27384196.0,3567054543.03
03690.HK,20230310,125.9,127.4,122.1,127.4,129.4,-2.0,-1.55,69948713.0,8821102787.8
03690.HK,20230313,129.1,131.4,127.0,129.0,127.4,1.6,1.26,31670535.0,4099718420.5
03690.HK,20230314,127.7,130.9,124.5,125.4,129.0,-3.6,-2.79,24599054.0,3105670589.21
03690.HK,20230315,127.9,130.3,125.6,126.7,125.4,1.3,1.04,20973761.0,2679245392.5
03690.HK,20230316,124.5,129.5,124.2,126.3,126.7,-0.4,-0.32,21703846.0,2746961420.85
03690.HK,20230317,128.7,131.4,127.8,130.4,126.3,4.1,3.25,36936345.0,4798928038.48
03690.HK,20230320,129.2,130.8,126.4,128.9,130.4,-1.5,-1.15,20529878.0,2628735062.02
03690.HK,20230321,129.6,130.5,125.6,130.1,128.9,1.2,0.93,18879916.0,2423378828.96
03690.HK,20230322,131.4,132.9,128.4,130.3,130.1,0.2,0.15,27442623.0,3573506525.2
03690.HK,20230323,130.7,142.0,129.3,141.1,130.3,10.8,8.29,55356860.0,7570895086.41
03690.HK,20230324,140.8,143.7,136.9,140.2,141.1,-0.9,-0.64,43628145.0,6098092346.0
03690.HK,20230327,138.0,139.7,130.5,131.4,140.2,-8.8,-6.28,95718074.0,12747066032.99
03690.HK,20230328,128.0,136.6,128.0,134.6,131.4,3.2,2.44,50100100.0,6614392532.22
03690.HK,20230329,140.0,144.4,138.0,140.0,134.6,5.4,4.01,76240940.0,10745046580.4
03690.HK,20230330,140.2,142.4,138.0,142.0,140.0,2.0,1.43,34864662.0,4899240050.46
03690.HK,20230331,144.8,148.0,143.3,143.5,142.0,1.5,1.06,47423368.0,6898999061.17
03690.HK,20230403,140.6,142.5,139.1,140.0,143.5,-3.5,-2.44,32056637.0,4503106234.1
03690.HK,20230404,136.3,137.7,132.0,133.9,140.0,-6.1,-4.36,41379452.0,5551985760.82
03690.HK,20230406,131.0,133.9,129.2,133.8,133.9,-0.1,-0.07,28511889.0,3760891513.3
03690.HK,20230411,134.2,137.2,132.7,135.4,133.8,1.6,1.2,23521030.0,3167145442.94
03690.HK,20230412,134.8,137.6,130.3,131.0,135.4,-4.4,-3.25,24250489.0,3200441543.62
03690.HK,20230413,128.0,130.9,126.5,130.9,131.0,-0.1,-0.08,27623109.0,3554848849.2
03690.HK,20230414,131.3,131.9,127.6,129.5,130.9,-1.4,-1.07,23135639.0,2991776573.6
03690.HK,20230417,128.5,136.7,128.0,135.6,129.5,6.1,4.71,30802735.0,4099541671.6
03690.HK,20230418,133.3,136.6,133.3,135.3,135.6,-0.3,-0.22,15484880.0,2090532259.6
03690.HK,20230419,135.6,138.6,133.9,135.6,135.3,0.3,0.22,24319557.0,3309185201.12
03690.HK,20230420,135.8,142.2,135.8,140.4,135.6,4.8,3.54,35146544.0,4926315905.48
03690.HK,20230421,140.0,140.6,136.4,137.7,140.4,-2.7,-1.92,22543597.0,3125698947.75
03690.HK,20230424,137.7,141.0,134.9,137.6,137.7,-0.1,-0.07,17718915.0,2435364068.28
03690.HK,20230425,136.7,136.8,129.5,131.6,137.6,-6.0,-4.36,31004357.0,4080695404.4
03690.HK,20230426,130.8,135.7,130.4,133.1,131.6,1.5,1.14,18835502.0,2514002270.53
03690.HK,20230427,132.3,134.2,131.4,134.0,133.1,0.9,0.68,15864433.0,2111073163.73
03690.HK,20230428,134.1,136.6,132.6,133.0,134.0,-1.0,-0.75,15047849.0,2014867626.2
03690.HK,20230502,135.9,137.4,131.5,132.5,133.0,-0.5,-0.38,10384370.0,1388418129.6
03690.HK,20230503,130.0,131.4,128.9,131.3,132.5,-1.2,-0.91,9248479.0,1204854367.2
03690.HK,20230504,131.9,133.5,130.4,132.0,131.3,0.7,0.53,14987634.0,1979496750.11
03690.HK,20230505,134.0,137.0,132.8,135.6,132.0,3.6,2.73,19031107.0,2576991181.28
03690.HK,20230508,135.7,137.7,132.7,134.2,135.6,-1.4,-1.03,13434802.0,1804887915.7
03690.HK,20230509,133.0,135.3,129.8,130.3,134.2,-3.9,-2.91,21017532.0,2767917386.4
03690.HK,20230510,129.3,130.0,126.6,129.0,130.3,-1.3,-1.0,22057043.0,2829540242.93
03690.HK,20230511,128.6,129.9,126.2,128.5,129.0,-0.5,-0.39,21665041.0,2768531372.07
03690.HK,20230512,130.8,134.6,130.0,131.8,128.5,3.3,2.57,30262695.0,4017864817.2
03690.HK,20230515,131.8,139.2,131.2,136.3,131.8,4.5,3.41,32892977.0,4462328002.6
03690.HK,20230516,138.9,139.8,137.0,137.4,136.3,1.1,0.81,17895478.0,2477583142.55
03690.HK,20230517,137.4,139.0,132.8,133.0,137.4,-4.4,-3.2,16045180.0,2170724863.73
03690.HK,20230518,133.5,135.3,131.7,133.5,133.0,0.5,0.38,15303929.0,2039765893.31
03690.HK,20230519,130.7,131.1,127.6,128.6,133.5,-4.9,-3.67,29496414.0,3793832381.6
03690.HK,20230522,129.7,134.0,127.5,132.6,128.6,4.0,3.11,24354632.0,3206342750.2
03690.HK,20230523,132.7,135.7,132.0,132.8,132.6,0.2,0.15,18896202.0,2530776451.0
03690.HK,20230524,130.8,131.9,129.6,130.4,132.8,-2.4,-1.81,15450737.0,2019147427.15
03690.HK,20230525,128.9,129.6,123.3,126.0,130.4,-4.4,-3.37,34594015.0,4356445154.3
03690.HK,20230529,126.0,126.0,115.3,115.8,126.0,-10.2,-8.1,93174015.0,11024168209.99
03690.HK,20230530,116.5,117.6,113.0,116.4,115.8,0.6,0.52,45855807.0,5284283733.32
03690.HK,20230531,112.1,113.4,109.2,110.2,116.4,-6.2,-5.33,87568473.0,9710096709.4
03690.HK,20230601,110.9,117.0,110.8,112.8,110.2,2.6,2.36,45431448.0,5176696326.97
03690.HK,20230602,116.8,122.0,115.5,121.6,112.8,8.8,7.8,63586477.0,7634293288.48
03690.HK,20230605,120.1,122.4,118.7,121.6,121.6,0.0,0.0,29492833.0,3572442082.6
03690.HK,20230606,122.0,125.3,120.4,121.8,121.6,0.2,0.16,23872365.0,2930160122.28
03690.HK,20230607,125.2,126.5,123.2,123.5,121.8,1.7,1.4,20229163.0,2516223023.03
03690.HK,20230608,124.0,124.8,120.2,124.4,123.5,0.9,0.73,20637994.0,2534261986.1
03690.HK,20230609,126.2,128.0,124.5,127.1,124.4,2.7,2.17,27792192.0,3527010460.8
03690.HK,20230612,128.6,128.8,125.2,127.6,127.1,0.5,0.39,17065634.0,2168802142.7
03690.HK,20230613,127.6,129.5,126.2,128.0,127.6,0.4,0.31,24358052.0,3117433800.0
03690.HK,20230614,129.2,130.4,125.6,127.3,128.0,-0.7,-0.55,18064760.0,2311089824.7
03690.HK,20230615,130.2,137.3,128.9,137.2,127.3,9.9,7.78,52675219.0,7025369097.8
03690.HK,20230616,139.0,139.8,136.0,138.0,137.2,0.8,0.58,71956565.0,9929994620.0
03690.HK,20230619,136.7,137.5,132.9,137.0,138.0,-1.0,-0.72,23414744.0,3166754778.3
03690.HK,20230620,137.2,137.2,130.8,132.3,137.0,-4.7,-3.43,21691469.0,2871913559.2
03690.HK,20230621,129.0,129.5,126.0,127.6,132.3,-4.7,-3.55,25298667.0,3223822536.9
03690.HK,20230623,125.7,126.0,122.6,124.7,127.6,-2.9,-2.27,16208306.0,2012379741.5
03690.HK,20230626,124.5,126.6,122.9,124.0,124.7,-0.7,-0.56,18021336.0,2238865284.05
03690.HK,20230627,123.4,127.5,123.1,126.2,124.0,2.2,1.77,16670910.0,2100171832.5
03690.HK,20230628,125.3,128.0,124.7,127.1,126.2,0.9,0.71,16886084.0,2138652599.9
03690.HK,20230629,126.8,128.1,123.2,124.7,127.1,-2.4,-1.89,18153464.0,2257795924.8
03690.HK,20230630,123.4,124.4,121.6,122.3,124.7,-2.4,-1.92,22205599.0,2722244483.42
03690.HK,20230703,123.9,127.2,123.3,126.4,122.3,4.1,3.35,18128687.0,2280567809.6
03690.HK,20230704,126.6,128.8,124.9,127.6,126.4,1.2,0.95,12694880.0,1617373084.74
03690.HK,20230705,127.1,127.9,123.6,124.5,127.6,-3.1,-2.43,12203478.0,1523906351.8
03690.HK,20230706,123.0,124.6,119.7,120.6,124.5,-3.9,-3.13,22254934.0,2695868742.8
03690.HK,20230707,119.0,121.2,117.3,119.1,120.6,-1.5,-1.24,19381215.0,2307376658.3
03690.HK,20230710,122.7,123.9,120.6,121.1,119.1,2.0,1.68,14335857.0,1744062677.88
03690.HK,20230711,124.0,124.0,121.5,122.0,121.1,0.9,0.74,12052968.0,1477872641.7
03690.HK,20230712,124.0,128.2,123.1,127.3,122.0,5.3,4.34,26018894.0,3292962007.9
03690.HK,20230713,131.5,135.4,131.1,134.6,127.3,7.3,5.73,46811946.0,6268466040.5
03690.HK,20230714,137.3,137.4,131.5,132.5,134.6,-2.1,-1.56,25152849.0,3350207970.4
03690.HK,20230718,131.2,132.0,128.1,129.1,132.5,-3.4,-2.57,17254666.0,2230394497.8
03690.HK,20230719,125.5,128.3,125.2,127.7,129.1,-1.4,-1.08,21572134.0,2732862205.04
03690.HK,20230720,128.8,131.9,126.2,126.7,127.7,-1.0,-0.78,15235978.0,1956690609.12
03690.HK,20230721,126.0,129.2,126.0,128.2,126.7,1.5,1.18,14407358.0,1843745718.44
03690.HK,20230724,125.6,127.4,123.7,125.0,128.2,-3.2,-2.5,16798364.0,2105799589.57
03690.HK,20230725,131.0,135.2,129.8,134.8,125.0,9.8,7.84,41601348.0,5532442212.6
03690.HK,20230726,133.0,135.5,131.8,134.9,134.8,0.1,0.07,17449621.0,2340733906.92
03690.HK,20230727,136.7,138.2,135.7,136.6,134.9,1.7,1.26,23954776.0,3283108889.32
03690.HK,20230728,134.2,143.0,133.9,142.4,136.6,5.8,4.25,40948029.0,5750093090.98
03690.HK,20230731,149.3,150.0,145.4,146.3,142.4,3.9,2.74,48528755.0,7187354918.17
03690.HK,20230801,149.0,150.0,143.5,145.5,146.3,-0.8,-0.55,26924963.0,3951564267.2
03690.HK,20230802,143.9,144.7,138.8,140.7,145.5,-4.8,-3.3,25201177.0,3551923717.04
03690.HK,20230803,140.3,142.8,139.3,140.2,140.7,-0.5,-0.36,13772924.0,1943792877.1
03690.HK,20230804,144.0,146.9,142.0,144.0,140.2,3.8,2.71,19915828.0,2877664371.0
03690.HK,20230807,144.8,146.2,141.4,144.7,144.0,0.7,0.49,11552859.0,1663945710.91
03690.HK,20230808,141.1,142.5,138.7,140.1,144.7,-4.6,-3.18,20110425.0,2822365797.1
03690.HK,20230809,137.6,141.4,137.6,140.9,140.1,0.8,0.57,10966324.0,1533865350.6
03690.HK,20230810,139.4,142.0,137.6,141.0,140.9,0.1,0.07,12527662.0,1751006037.1
03690.HK,20230811,141.2,141.5,136.9,137.2,141.0,-3.8,-2.7,17193808.0,2371071219.9
03690.HK,20230814,133.0,135.9,131.6,135.4,137.2,-1.8,-1.31,16180085.0,2163066539.98
03690.HK,20230815,134.0,135.8,132.8,133.9,135.4,-1.5,-1.11,11024207.0,1476906264.0
03690.HK,20230816,131.0,133.7,130.9,132.4,133.9,-1.5,-1.12,10505315.0,1387046116.54
03690.HK,20230817,129.7,135.0,129.1,133.6,132.4,1.2,0.91,16806999.0,2221203863.5
03690.HK,20230818,131.8,133.8,129.4,129.9,133.6,-3.7,-2.77,17637567.0,2309515967.0
03690.HK,20230821,128.2,129.9,125.6,127.0,129.9,-2.9,-2.23,21050493.0,2686306303.54
03690.HK,20230822,128.0,131.6,125.7,129.2,127.0,2.2,1.73,23483185.0,3023649941.9
03690.HK,20230823,129.7,133.2,127.3,130.3,129.2,1.1,0.85,16176065.0,2104074237.8
03690.HK,20230824,131.9,140.4,131.3,140.0,130.3,9.7,7.44,42613537.0,5849382161.1
03690.HK,20230825,135.2,135.8,130.2,132.2,140.0,-7.8,-5.57,43410345.0,5779664405.8
03690.HK,20230828,138.0,139.3,134.2,134.7,132.2,2.5,1.89,24644805.0,3355373369.32
03690.HK,20230829,136.6,138.9,135.0,137.3,134.7,2.6,1.93,20565514.0,2826745845.6
03690.HK,20230830,138.8,140.0,133.4,134.2,137.3,-3.1,-2.26,24450563.0,3321123363.08
03690.HK,20230831,134.1,134.2,128.3,128.5,134.2,-5.7,-4.25,42183417.0,5478707590.3
03690.HK,20230904,131.9,134.9,130.5,132.7,128.5,4.2,3.27,42270768.0,5625579603.95
03690.HK,20230905,132.3,132.5,128.3,128.6,132.7,-4.1,-3.09,20179605.0,2621654801.2
03690.HK,20230906,128.0,129.0,125.2,128.3,128.6,-0.3,-0.23,20503896.0,2610581754.44
03690.HK,20230907,129.0,129.0,124.2,125.0,128.3,-3.3,-2.57,24107147.0,3025132120.1
03690.HK,20230911,122.4,127.1,122.0,125.7,125.0,0.7,0.56,23497040.0,2928870453.7
03690.HK,20230912,124.6,126.0,122.7,124.8,125.7,-0.9,-0.72,15824406.0,1969566335.67
03690.HK,20230913,124.6,125.2,122.5,123.1,124.8,-1.7,-1.36,13579391.0,1674808317.1
03690.HK,20230914,123.5,124.3,121.6,123.0,123.1,-0.1,-0.08,14635798.0,1798974852.4
03690.HK,20230915,124.5,126.3,122.2,124.3,123.0,1.3,1.06,22337043.0,2786571137.1
03690.HK,20230918,122.2,123.6,121.3,122.0,124.3,-2.3,-1.85,13494852.0,1654248272.2
03690.HK,20230919,121.4,122.4,118.7,121.7,122.0,-0.3,-0.25,21026601.0,2532972370.68
03690.HK,20230920,120.7,121.3,118.6,119.2,121.7,-2.5,-2.05,18468116.0,2206486807.9
03690.HK,20230921,117.5,117.8,115.2,116.3,119.2,-2.9,-2.43,25261260.0,2934952937.6
03690.HK,20230922,114.8,121.5,114.8,120.8,116.3,4.5,3.87,24610941.0,2934364535.82
03690.HK,20230925,119.9,120.0,116.6,117.2,120.8,-3.6,-2.98,19533949.0,2299818825.85
03690.HK,20230926,116.4,118.4,115.9,116.3,117.2,-0.9,-0.77,18430577.0,2157140083.0
03690.HK,20230927,115.5,117.2,113.7,114.8,116.3,-1.5,-1.29,32223497.0,3705009502.5
03690.HK,20230928,113.1,114.3,110.2,110.8,114.8,-4.0,-3.48,45106314.0,5014137917.48
03690.HK,20230929,112.3,115.7,111.3,114.6,110.8,3.8,3.43,19167952.0,2193202044.6
03690.HK,20231003,111.5,111.9,107.6,110.0,114.6,-4.6,-4.01,25231513.0,2760165937.2
03690.HK,20231004,109.0,109.8,105.7,106.9,110.0,-3.1,-2.82,22890772.0,2442358516.3
03690.HK,20231005,108.0,108.8,105.5,105.9,106.9,-1.0,-0.94,16875152.0,1801723405.9
03690.HK,20231006,107.8,109.5,107.3,108.3,105.9,2.4,2.27,14467080.0,1566519900.7
03690.HK,20231009,108.8,110.6,106.0,108.9,108.3,0.6,0.55,18733292.0,2040939851.01
03690.HK,20231010,111.9,115.2,111.0,112.3,108.9,3.4,3.12,32929871.0,3730901299.3
03690.HK,20231011,115.5,118.3,115.1,116.5,112.3,4.2,3.74,35533689.0,4160304205.78
03690.HK,20231012,120.0,120.0,118.0,118.4,116.5,1.9,1.63,23289955.0,2765800491.61
03690.HK,20231013,114.5,115.8,113.3,114.6,118.4,-3.8,-3.21,24256165.0,2776296555.39
03690.HK,20231016,113.5,114.7,112.5,113.7,114.6,-0.9,-0.79,17292685.0,1962833076.78
03690.HK,20231017,115.6,116.1,114.0,114.5,113.7,0.8,0.7,11089439.0,1273251836.3
03690.HK,20231018,113.4,115.1,111.6,113.7,114.5,-0.8,-0.7,18746586.0,2127905353.06
03690.HK,20231019,111.8,112.0,109.4,110.4,113.7,-3.3,-2.9,23721099.0,2625242797.64
03690.HK,20231020,108.5,109.5,107.3,107.8,110.4,-2.6,-2.36,26300972.0,2843346298.2
03690.HK,20231024,107.0,109.0,104.6,107.5,107.8,-0.3,-0.28,32208971.0,3457946650.9
03690.HK,20231025,112.8,113.5,108.2,109.6,107.5,2.1,1.95,28410868.0,3164119298.2
03690.HK,20231026,109.5,110.4,107.5,109.8,109.6,0.2,0.18,17363252.0,1892096801.84
03690.HK,20231027,110.0,113.9,109.0,113.0,109.8,3.2,2.91,21965604.0,2469991919.84
03690.HK,20231030,111.1,115.5,111.1,114.0,113.0,1.0,0.88,20470904.0,2321411355.55
03690.HK,20231031,113.0,113.6,110.3,110.6,114.0,-3.4,-2.98,17728879.0,1972835175.0
03690.HK,20231101,111.1,112.2,107.7,109.0,110.6,-1.6,-1.45,15437450.0,1684697122.0
03690.HK,20231102,110.7,112.0,106.6,108.0,109.0,-1.0,-0.92,23363522.0,2538715037.4
03690.HK,20231103,109.0,111.7,108.1,111.0,108.0,3.0,2.78,27757555.0,3053322011.9
03690.HK,20231106,114.3,118.3,113.8,117.2,111.0,6.2,5.59,39276922.0,4575491871.43
03690.HK,20231107,116.3,118.1,114.8,115.5,117.2,-1.7,-1.45,18753172.0,2176480171.8
03690.HK,20231108,115.8,117.3,114.3,115.0,115.5,-0.5,-0.43,18691337.0,2159846328.45
03690.HK,20231109,114.5,116.2,114.2,115.0,115.0,0.0,0.0,11629715.0,1335612769.0
03690.HK,20231110,113.2,113.4,110.3,110.7,115.0,-4.3,-3.74,20602660.0,2289474393.94
03690.HK,20231113,111.1,112.8,107.6,111.6,110.7,0.9,0.81,24889362.0,2725796874.6
03690.HK,20231114,111.2,111.4,108.1,108.3,111.6,-3.3,-2.96,21343531.0,2324106234.2
03690.HK,20231115,112.1,113.9,110.9,113.3,108.3,5.0,4.62,33797257.0,3798175171.4
03690.HK,20231116,114.8,114.8,110.0,111.7,113.3,-1.6,-1.41,25049103.0,2802683373.2
03690.HK,20231117,108.9,110.5,106.8,107.3,111.7,-4.4,-3.94,28968535.0,3127409176.7
03690.HK,20231120,109.7,109.7,106.5,109.0,107.3,1.7,1.58,31587831.0,3415395593.5
03690.HK,20231121,111.8,114.0,109.6,110.5,109.0,1.5,1.38,34164065.0,3823918007.47
03690.HK,20231122,110.2,113.0,110.1,111.4,110.5,0.9,0.81,18106009.0,2022276652.0
03690.HK,20231123,111.3,112.5,109.3,112.2,111.4,0.8,0.72,20531919.0,2278510790.1
03690.HK,20231124,111.0,111.5,108.9,109.1,112.2,-3.1,-2.76,17937066.0,1966444347.8
03690.HK,20231127,111.0,111.0,107.6,108.6,109.1,-0.5,-0.46,19162668.0,2080585337.6
03690.HK,20231128,109.3,109.3,100.7,103.0,108.6,-5.6,-5.16,70295663.0,7276217439.21
03690.HK,20231129,95.0,96.55,90.1,90.45,103.0,-12.55,-12.18,207480684.0,19228661709.6
03690.HK,20231130,88.0,92.3,88.0,90.6,90.45,0.15,0.17,64543444.0,5855742202.98
03690.HK,20231201,90.15,90.5,85.35,87.9,90.6,-2.7,-2.98,101718394.0,8942551823.54
03690.HK,20231204,88.65,88.9,85.8,86.45,87.9,-1.45,-1.65,54326852.0,4717649401.5
03690.HK,20231205,85.65,86.0,83.7,84.65,86.45,-1.8,-2.08,56576963.0,4787764506.71
03690.HK,20231206,84.5,88.1,83.7,86.4,84.65,1.75,2.07,37426397.0,3237105908.28
03690.HK,20231207,84.2,86.45,83.15,86.1,86.4,-0.3,-0.35,42729794.0,3621101344.74
03690.HK,20231208,86.35,87.55,84.2,86.65,86.1,0.55,0.64,49376170.0,4248423041.55
03690.HK,20231211,84.8,85.15,82.6,83.5,86.65,-3.15,-3.64,39284636.0,3280991930.7
03690.HK,20231212,83.15,85.55,82.7,84.6,83.5,1.1,1.32,26096513.0,2205511691.07
03690.HK,20231213,84.55,84.6,80.9,82.2,84.6,-2.4,-2.84,36705341.0,3017125534.59
03690.HK,20231214,83.8,84.5,81.2,81.75,82.2,-0.45,-0.55,26137737.0,2155795064.73
03690.HK,20231215,82.45,87.5,82.4,84.95,81.75,3.2,3.91,61429877.0,5232089346.85
03690.HK,20231218,83.65,84.4,82.6,83.15,84.95,-1.8,-2.12,28002417.0,2336267563.0
03690.HK,20231219,81.65,82.15,76.2,78.45,83.15,-4.7,-5.65,93956024.0,7360310244.7
03690.HK,20231220,79.6,79.9,77.9,78.8,78.45,0.35,0.45,41943164.0,3312016914.87
03690.HK,20231221,76.7,80.75,76.2,79.7,78.8,0.9,1.14,35084557.0,2775509111.85
03690.HK,20231222,79.6,80.4,76.0,76.6,79.7,-3.1,-3.89,48774861.0,3795366348.77
03690.HK,20231227,78.5,78.95,76.35,78.3,76.6,1.7,2.22,27957023.0,2180841669.45
03690.HK,20231228,78.45,84.15,78.15,82.35,78.3,4.05,5.17,49732197.0,4090014723.65
03690.HK,20231229,84.0,84.25,81.6,81.9,82.35,-0.45,-0.55,24613929.0,2027953555.45
03690.HK,20240102,82.75,83.2,78.65,79.4,81.9,-2.5,-3.05,22897005.0,1827567798.6
03690.HK,20240103,77.45,78.5,77.45,78.0,79.4,-1.4,-1.76,21074008.0,1641476536.49
03690.HK,20240104,78.0,78.45,76.05,77.5,78.0,-0.5,-0.64,24609222.0,1893588843.25
03690.HK,20240105,76.8,79.6,76.2,77.75,77.5,0.25,0.32,19320699.0,1508628652.23
03690.HK,20240108,77.75,77.75,73.55,73.95,77.75,-3.8,-4.89,32722832.0,2444756777.0
03690.HK,20240109,74.05,75.15,70.4,70.55,73.95,-3.4,-4.6,52400400.0,3769345782.52
03690.HK,20240110,70.0,72.85,69.55,71.75,70.55,1.2,1.7,45733628.0,3247483126.676
03690.HK,20240111,72.65,77.05,72.4,75.6,71.75,3.85,5.37,56259716.0,4240718599.494
03690.HK,20240112,74.95,77.1,74.6,75.25,75.6,-0.35,-0.46,34751944.0,2638802400.3
03690.HK,20240115,75.25,76.9,73.6,75.65,75.25,0.4,0.53,34093032.0,2567162227.35
03690.HK,20240116,73.85,76.2,72.55,73.9,75.65,-1.75,-2.31,42021462.0,3111564189.9
03690.HK,20240117,72.45,72.6,68.15,68.75,73.9,-5.15,-6.97,70999330.0,4935025382.045
03690.HK,20240118,69.15,71.55,68.35,69.8,68.75,1.05,1.53,60041641.0,4197259448.25
03690.HK,20240119,69.6,71.3,68.35,68.65,69.8,-1.15,-1.65,40400550.0,2811285144.213
03690.HK,20240122,68.6,68.65,64.3,65.4,68.65,-3.25,-4.73,61089885.0,3999909703.409
03690.HK,20240123,65.65,69.4,63.45,66.3,65.4,0.9,1.38,65894453.0,4422394132.5
03690.HK,20240124,69.15,70.75,67.3,70.3,66.3,4.0,6.03,61021190.0,4213806916.5
03690.HK,20240125,70.3,70.5,67.3,69.4,70.3,-0.9,-1.28,44747046.0,3100322981.8
03690.HK,20240126,68.5,68.75,66.05,66.7,69.4,-2.7,-3.89,37208078.0,2499933177.15
03690.HK,20240129,67.35,68.3,65.55,67.3,66.7,0.6,0.9,27797193.0,1860351404.861
03690.HK,20240130,66.0,66.6,65.05,65.4,67.3,-1.9,-2.82,28952811.0,1902429082.13
03690.HK,20240131,65.15,65.4,61.9,62.55,65.4,-2.85,-4.36,41410699.0,2609416743.824
03690.HK,20240201,62.95,65.9,62.55,64.1,62.55,1.55,2.48,31904342.0,2050207915.78
03690.HK,20240202,67.0,67.0,62.85,63.25,64.1,-0.85,-1.33,35526659.0,2291971227.13
03690.HK,20240205,61.2,66.75,61.1,65.05,63.25,1.8,2.85,44622116.0,2891241789.283
03690.HK,20240206,64.7,69.55,64.7,69.25,65.05,4.2,6.46,57567225.0,3944646294.53
03690.HK,20240207,70.3,72.45,67.75,68.25,69.25,-1.0,-1.44,47795239.0,3343770510.222
03690.HK,20240208,68.15,69.85,67.2,68.15,68.25,-0.1,-0.15,29755332.0,2036247579.57
03690.HK,20240209,67.1,68.25,66.25,67.3,68.15,-0.85,-1.25,7218799.0,484615734.1
03690.HK,20240214,66.8,71.35,66.1,71.1,67.3,3.8,5.65,26359051.0,1839674079.9
03690.HK,20240215,70.8,72.2,69.95,71.35,71.1,0.25,0.35,21096630.0,1499196789.34
03690.HK,20240216,72.5,75.0,70.85,74.65,71.35,3.3,4.63,31111357.0,2291511279.9
03690.HK,20240219,75.0,75.0,70.4,72.75,74.65,-1.9,-2.55,39524524.0,2874967832.403
03690.HK,20240220,73.75,74.4,71.7,73.4,72.75,0.65,0.89,21163619.0,1544770610.9
03690.HK,20240221,73.0,79.15,72.6,77.0,73.4,3.6,4.9,62086475.0,4810780824.75
03690.HK,20240222,78.25,79.9,75.8,79.75,77.0,2.75,3.57,41887709.0,3281342593.18
03690.HK,20240223,80.0,81.95,79.5,81.5,79.75,1.75,2.19,49886870.0,4046818613.75
03690.HK,20240226,81.5,83.0,80.65,81.15,81.5,-0.35,-0.43,30721936.0,2508527958.27
03690.HK,20240227,80.8,82.0,77.4,81.65,81.15,0.5,0.62,46228362.0,3681418917.872
03690.HK,20240228,81.65,82.3,78.2,78.35,81.65,-3.3,-4.04,39805027.0,3171654833.042
03690.HK,20240229,77.5,80.85,77.15,79.8,78.35,1.45,1.85,45596242.0,3619018628.45
03690.HK,20240301,79.0,88.7,78.2,88.4,79.8,8.6,10.78,112823802.0,9675008682.82
03690.HK,20240304,90.0,92.4,87.45,91.5,88.4,3.1,3.51,80510164.0,7285367739.99
03690.HK,20240305,89.55,90.2,85.7,86.35,91.5,-5.15,-5.63,54549058.0,4767902016.57
03690.HK,20240306,86.45,90.75,85.8,88.7,86.35,2.35,2.72,44220022.0,3912789428.81
03690.HK,20240307,89.75,90.15,82.45,85.4,88.7,-3.3,-3.72,55120852.0,4754703670.266
03690.HK,20240308,84.95,87.85,84.4,84.7,85.4,-0.7,-0.82,25732322.0,2202102492.55
03690.HK,20240311,86.05,90.1,85.9,89.2,84.7,4.5,5.31,32784520.0,2920610261.0
03690.HK,20240312,91.0,94.45,88.45,93.4,89.2,4.2,4.71,65843507.0,6075380349.09
03690.HK,20240313,94.3,95.5,92.85,94.35,93.4,0.95,1.02,52081620.0,4926956874.7
03690.HK,20240314,94.5,96.0,91.8,92.9,94.35,-1.45,-1.54,29698359.0,2769907404.15
03690.HK,20240315,90.9,91.3,87.1,89.4,92.9,-3.5,-3.77,60598885.0,5389438719.31
03690.HK,20240318,89.4,91.85,88.3,90.4,89.4,1.0,1.12,30006515.0,2707371107.65
03690.HK,20240319,89.9,90.35,87.3,89.2,90.4,-1.2,-1.33,22526449.0,2006912069.355
03690.HK,20240320,89.2,89.8,86.6,88.8,89.2,-0.4,-0.45,23666436.0,2097991425.95
03690.HK,20240321,90.0,93.4,90.0,92.3,88.8,3.5,3.94,37444742.0,3453142708.69
03690.HK,20240322,91.65,91.85,86.25,88.25,92.3,-4.05,-4.39,40590379.0,3592173229.1
03690.HK,20240325,92.65,96.8,92.35,93.3,88.25,5.05,5.72,87057189.0,8234110998.3
03690.HK,20240326,95.65,95.85,92.05,93.4,93.3,0.1,0.11,36035734.0,3363027011.28
03690.HK,20240327,91.5,93.4,90.4,91.1,93.4,-2.3,-2.46,32797948.0,3005241414.85
03690.HK,20240328,91.1,99.25,91.1,96.8,91.1,5.7,6.26,68225499.0,6568309588.988
03690.HK,20240402,99.8,101.8,98.9,101.4,96.8,4.6,4.75,47901184.0,4817315947.82
03690.HK,20240403,102.9,102.9,98.3,98.95,101.4,-2.45,-2.42,25820529.0,2579984865.88
03690.HK,20240405,99.0,101.2,96.65,100.4,98.95,1.45,1.47,23113479.0,2296765594.54
03690.HK,20240408,99.0,100.7,97.55,99.4,100.4,-1.0,-1.0,23724590.0,2351195522.1
03690.HK,20240409,99.95,102.3,99.2,99.7,99.4,0.3,0.3,20265683.0,2029661006.75
03690.HK,20240410,100.5,104.9,99.65,103.8,99.7,4.1,4.11,36264390.0,3738261699.25
03690.HK,20240411,100.6,105.7,100.6,104.5,103.8,0.7,0.67,29968182.0,3118810403.4
03690.HK,20240412,103.7,104.6,102.0,102.1,104.5,-2.4,-2.3,25336583.0,2613400453.49
03690.HK,20240415,100.2,102.1,99.05,101.6,102.1,-0.5,-0.49,23691075.0,2389285173.55
03690.HK,20240416,99.45,101.5,97.7,98.7,101.6,-2.9,-2.85,32570899.0,3230315338.546
03690.HK,20240417,100.0,100.8,96.3,97.55,98.7,-1.15,-1.17,23341654.0,2279774049.07
03690.HK,20240418,97.55,98.5,94.9,97.75,97.55,0.2,0.21,25433968.0,2470330984.3
03690.HK,20240419,94.9,95.5,92.4,95.3,97.75,-2.45,-2.51,43757725.0,4120639771.28
03690.HK,20240422,97.7,101.4,96.35,100.6,95.3,5.3,5.56,34032651.0,3405984845.94
03690.HK,20240423,102.6,108.8,102.0,108.6,100.6,8.0,7.95,67329893.0,7170784677.26
03690.HK,20240424,109.9,113.6,108.2,113.6,108.6,5.0,4.6,75120018.0,8373420332.771
03690.HK,20240425,113.6,113.6,109.9,111.5,113.6,-2.1,-1.85,41607467.0,4643246026.089
03690.HK,20240426,113.0,117.5,111.3,115.6,111.5,4.1,3.68,58244146.0,6735121902.58
03690.HK,20240429,115.6,116.0,110.4,111.4,115.6,-4.2,-3.63,58947214.0,6658411419.35
03690.HK,20240430,112.9,113.3,109.4,109.5,111.4,-1.9,-1.71,31352217.0,3450741583.536
03690.HK,20240502,111.5,119.9,109.6,119.1,109.5,9.6,8.77,54349618.0,6385335421.1
03690.HK,20240503,120.6,122.9,116.4,119.7,119.1,0.6,0.5,47271453.0,5635507316.3
03690.HK,20240506,120.0,120.6,117.2,120.3,119.7,0.6,0.5,49035480.0,5837528453.88
03690.HK,20240507,120.0,120.0,114.8,115.5,120.3,-4.8,-3.99,42001964.0,4886405581.24
03690.HK,20240508,115.9,118.6,113.2,113.5,115.5,-2.0,-1.73,30580670.0,3518075137.52
03690.HK,20240509,113.5,118.9,113.4,117.9,113.5,4.4,3.88,38108570.0,4467181915.18
03690.HK,20240510,119.6,119.7,116.1,118.6,117.9,0.7,0.59,27327103.0,3231431004.4
03690.HK,20240513,117.1,123.2,116.2,122.3,118.6,3.7,3.12,35200441.0,4264871583.07
03690.HK,20240514,124.1,125.9,121.8,121.9,122.3,-0.4,-0.33,38288586.0,4729602301.18
03690.HK,20240516,126.0,128.0,122.3,125.6,121.9,3.7,3.04,42701385.0,5361179384.49
03690.HK,20240517,127.8,129.2,124.3,125.0,125.6,-0.6,-0.48,31704186.0,3990908696.3
03690.HK,20240520,125.0,126.6,121.4,124.0,125.0,-1.0,-0.8,28982420.0,3577638709.1
03690.HK,20240521,122.0,123.2,120.1,121.4,124.0,-2.6,-2.1,29710345.0,3605942055.3
03690.HK,20240522,122.1,122.5,119.2,120.6,121.4,-0.8,-0.66,19562007.0,2368178082.4
03690.HK,20240523,120.1,120.5,117.6,119.5,120.6,-1.1,-0.91,24699425.0,2948631449.9
03690.HK,20240524,118.1,118.9,115.1,116.3,119.5,-3.2,-2.68,26306133.0,3062809162.0
03690.HK,20240527,116.3,119.8,114.0,118.7,116.3,2.4,2.06,21389207.0,2510379609.6
03690.HK,20240528,118.6,121.4,117.5,119.0,118.7,0.3,0.25,15835259.0,1888007664.401
03690.HK,20240529,116.5,117.7,111.9,112.7,119.0,-6.3,-5.29,41575906.0,4734954317.5
03690.HK,20240530,112.7,114.0,107.7,108.9,112.7,-3.8,-3.37,49115730.0,5401911522.5
03690.HK,20240531,110.9,112.5,104.2,105.1,108.9,-3.8,-3.49,70686575.0,7572884381.0
03690.HK,20240603,107.4,110.4,106.4,109.0,105.1,3.9,3.71,32263292.0,3498362776.721
03690.HK,20240604,109.0,115.0,108.6,113.5,109.0,4.5,4.13,36668490.0,4140344620.4
03690.HK,20240605,113.5,116.0,111.5,112.6,113.5,-0.9,-0.79,28629666.0,3248138402.2
03690.HK,20240606,114.4,116.0,111.0,112.7,112.6,0.1,0.09,37302723.0,4207164720.55
03690.HK,20240607,115.0,115.0,109.8,110.4,112.7,-2.3,-2.04,73605024.0,8195250704.4
03690.HK,20240611,108.0,116.6,107.0,115.3,110.4,4.9,4.44,72840707.0,8224382234.02
03690.HK,20240612,115.0,116.7,112.5,112.6,115.3,-2.7,-2.34,33337950.0,3795113242.74
03690.HK,20240613,114.4,116.9,112.3,116.7,112.6,4.1,3.64,37711546.0,4334135818.1
03690.HK,20240614,116.7,118.0,113.8,114.7,116.7,-2.0,-1.71,37941208.0,4379252169.4
03690.HK,20240617,114.0,117.7,112.4,116.8,114.7,2.1,1.83,28862165.0,3355085255.78
03690.HK,20240618,118.0,118.9,114.5,115.0,116.8,-1.8,-1.54,28072090.0,3255753264.0
03690.HK,20240619,116.7,121.9,115.0,121.4,115.0,6.4,5.57,35696099.0,4256860048.6
03690.HK,20240620,122.0,122.4,118.9,119.9,121.4,-1.5,-1.24,20924768.0,2511556816.81
03690.HK,20240621,119.7,121.0,114.0,116.2,119.9,-3.7,-3.09,40576486.0,4726048263.8
03690.HK,20240624,113.8,115.8,112.4,115.4,116.2,-0.8,-0.69,26037487.0,2968914437.36
03690.HK,20240625,116.2,119.0,115.5,116.8,115.4,1.4,1.21,24626406.0,2885281012.0
03690.HK,20240626,115.0,117.5,114.2,117.0,116.8,0.2,0.17,18098098.0,2104004519.8
03690.HK,20240627,115.5,116.7,112.6,113.7,117.0,-3.3,-2.82,27528943.0,3140285765.71
03690.HK,20240628,111.5,114.3,110.6,111.1,113.7,-2.6,-2.29,28512066.0,3186119411.3
03690.HK,20240702,111.4,113.3,108.6,112.2,111.1,1.1,0.99,27443010.0,3060537263.61
03690.HK,20240703,114.3,117.4,112.5,117.1,112.2,4.9,4.37,31244921.0,3605672588.59
03690.HK,20240704,119.9,121.6,118.8,119.7,117.1,2.6,2.22,35834785.0,4298962399.56
03690.HK,20240705,119.7,121.0,117.7,119.1,119.7,-0.6,-0.5,23440790.0,2797407959.2
03690.HK,20240708,118.7,118.9,116.3,117.0,119.1,-2.1,-1.76,17430565.0,2044743717.295
03690.HK,20240709,115.3,115.9,112.5,114.7,117.0,-2.3,-1.97,32986108.0,3770374662.4
03690.HK,20240710,116.2,118.9,114.6,114.9,114.7,0.2,0.17,30789640.0,3591160857.6
03690.HK,20240711,115.8,117.7,114.8,116.1,114.9,1.2,1.04,25270801.0,2930613766.087
03690.HK,20240712,119.1,122.3,118.0,121.8,116.1,5.7,4.91,42746740.0,5156390368.14
03690.HK,20240715,119.9,121.6,118.7,119.1,121.8,-2.7,-2.22,20533862.0,2456932221.7
03690.HK,20240716,117.6,118.8,116.6,117.5,119.1,-1.6,-1.34,18714084.0,2202057129.8
03690.HK,20240717,117.5,120.5,116.0,119.1,117.5,1.6,1.36,23222975.0,2757051788.6
03690.HK,20240718,117.1,120.4,116.8,119.4,119.1,0.3,0.25,22116025.0,2630887423.8
03690.HK,20240719,118.1,119.3,117.1,117.5,119.4,-1.9,-1.59,29688510.0,3505940875.36
03690.HK,20240722,118.9,121.9,118.5,121.3,117.5,3.8,3.23,30662005.0,3695238184.21
03690.HK,20240723,121.1,121.4,117.2,118.1,121.3,-3.2,-2.64,28762101.0,3414508010.02
03690.HK,20240724,118.1,118.3,111.5,113.3,118.1,-4.8,-4.06,42947253.0,4894942101.1
03690.HK,20240725,110.6,111.6,106.2,107.1,113.3,-6.2,-5.47,52401441.0,5647885045.4
03690.HK,20240726,108.5,108.7,105.1,107.6,107.1,0.5,0.47,27148879.0,2909993793.7
03690.HK,20240729,109.3,110.5,107.7,108.4,107.6,0.8,0.74,17136896.0,1869939413.2
03690.HK,20240730,108.6,108.6,105.8,106.4,108.4,-2.0,-1.85,17955125.0,1911911381.6
03690.HK,20240731,106.7,110.3,106.0,109.3,106.4,2.9,2.73,21711841.0,2364092911.4
03690.HK,20240801,108.1,111.2,108.1,109.2,109.3,-0.1,-0.09,15275269.0,1674418098.96
03690.HK,20240802,107.8,107.8,100.7,104.0,109.2,-5.2,-4.76,40365144.0,4182048100.36
03690.HK,20240805,102.8,107.6,101.4,106.8,104.0,2.8,2.69,41740738.0,4410792717.0
03690.HK,20240806,109.1,109.9,105.6,105.6,106.8,-1.2,-1.12,24808382.0,2650800836.45
03690.HK,20240807,106.2,108.3,105.1,106.0,105.6,0.4,0.38,20383337.0,2171777172.18
03690.HK,20240808,104.5,107.2,102.8,104.6,106.0,-1.4,-1.32,25310352.0,2654022201.2
03690.HK,20240809,106.2,108.5,105.6,106.2,104.6,1.6,1.53,19633016.0,2098894936.21
03690.HK,20240812,105.9,106.7,101.9,104.0,106.2,-2.2,-2.07,22028432.0,2280099089.36
03690.HK,20240813,104.0,105.3,101.3,103.4,104.0,-0.6,-0.58,24773088.0,2548732011.99
03690.HK,20240814,104.6,104.6,101.3,102.1,103.4,-1.3,-1.26,14885295.0,1523251293.44
03690.HK,20240815,101.9,104.4,100.1,102.4,102.1,0.3,0.29,23016192.0,2349924412.4
03690.HK,20240816,104.0,108.3,103.8,107.7,102.4,5.3,5.18,37261404.0,3964523632.45
03690.HK,20240819,109.8,110.4,108.2,108.7,107.7,1.0,0.93,17188364.0,1873853152.35
03690.HK,20240820,110.0,110.2,107.5,108.1,108.7,-0.6,-0.55,14669733.0,1593032551.1
03690.HK,20240821,105.5,108.8,105.2,107.7,108.1,-0.4,-0.37,15349800.0,1650830920.44
03690.HK,20240822,109.1,109.3,105.3,109.0,107.7,1.3,1.21,18083963.0,1943392923.04
03690.HK,20240823,107.2,107.9,106.3,107.5,109.0,-1.5,-1.38,16679813.0,1787522466.6
03690.HK,20240826,108.5,111.0,108.0,109.0,107.5,1.5,1.4,18754675.0,2047842886.487
03690.HK,20240827,106.0,107.0,103.0,106.2,109.0,-2.8,-2.57,42738256.0,4505374297.2
03690.HK,20240828,104.8,105.5,101.6,102.8,106.2,-3.4,-3.2,43855211.0,4530179928.9
03690.HK,20240829,110.0,116.5,108.2,115.7,102.8,12.9,12.55,88880692.0,10003663554.9
03690.HK,20240830,116.9,121.9,116.0,118.2,115.7,2.5,2.16,74886388.0,8934570566.94
03690.HK,20240902,118.5,119.3,115.8,116.3,118.2,-1.9,-1.61,27217094.0,3193465234.55
03690.HK,20240903,116.7,119.4,116.4,118.9,116.3,2.6,2.24,19616696.0,2322804223.75
03690.HK,20240904,118.9,120.4,117.0,119.2,118.9,0.3,0.25,27521023.0,3271849669.7
03690.HK,20240905,119.2,120.9,117.8,119.3,119.2,0.1,0.08,24972705.0,2975224776.45
03690.HK,20240909,118.3,120.2,117.2,118.6,119.3,-0.7,-0.59,38187905.0,4524753286.94
03690.HK,20240910,119.4,119.8,116.9,118.9,118.6,0.3,0.25,21838708.0,2592759580.34
03690.HK,20240911,116.7,119.9,116.7,119.4,118.9,0.5,0.42,23022020.0,2736485102.3
03690.HK,20240912,120.9,124.9,119.9,122.3,119.4,2.9,2.43,41248772.0,5079727718.2
03690.HK,20240913,123.6,126.0,122.6,123.0,122.3,0.7,0.57,28574247.0,3551542329.3
03690.HK,20240916,123.2,127.0,122.2,126.5,123.0,3.5,2.85,21336151.0,2683847216.4
03690.HK,20240917,126.7,128.9,126.2,128.6,126.5,2.1,1.66,17621881.0,2260390361.58
03690.HK,20240919,128.8,134.7,127.7,133.8,128.6,5.2,4.04,53919649.0,7110994633.82
03690.HK,20240920,135.6,138.1,133.8,135.9,133.8,2.1,1.57,60241060.0,8174574196.36
03690.HK,20240923,135.8,138.3,131.3,132.8,135.9,-3.1,-2.28,37934059.0,5072962093.6
03690.HK,20240924,136.8,139.9,134.9,139.8,132.8,7.0,5.27,58311925.0,8067174042.1
03690.HK,20240925,147.2,148.0,139.7,141.3,139.8,1.5,1.07,75294115.0,10765691308.52
03690.HK,20240926,143.8,153.3,142.6,152.2,141.3,10.9,7.71,84240850.0,12505740689.4
03690.HK,20240927,160.0,170.0,159.6,164.6,152.2,12.4,8.15,127235353.0,20835345196.891
03690.HK,20240930,176.4,178.0,167.6,172.0,164.6,7.4,4.5,102848272.0,17708900215.0
03690.HK,20241002,178.0,201.4,178.0,197.2,172.0,25.2,14.65,111032616.0,21390913356.63
03690.HK,20241003,198.0,209.8,189.0,205.0,197.2,7.8,3.96,78089168.0,15514923092.3
03690.HK,20241004,199.9,213.8,197.3,213.4,205.0,8.4,4.1,72028503.0,14933098677.66
03690.HK,20241007,212.0,217.0,206.2,213.2,213.4,-0.2,-0.09,50709476.0,10783014713.64
03690.HK,20241008,204.8,207.6,177.7,180.2,213.2,-33.0,-15.48,129061135.0,24708532544.74
03690.HK,20241009,189.4,198.4,175.3,184.4,180.2,4.2,2.33,108218713.0,20178267892.9
03690.HK,20241010,193.2,200.0,189.7,193.7,184.4,9.3,5.04,68711009.0,13354745626.15
03690.HK,20241014,189.9,190.8,177.8,183.6,193.7,-10.1,-5.21,62345605.0,11495666215.36
03690.HK,20241015,182.8,185.4,168.4,170.8,183.6,-12.8,-6.97,69635778.0,12129061802.703
03690.HK,20241016,170.0,177.6,167.1,173.2,170.8,2.4,1.41,48202224.0,8374350044.35
03690.HK,20241017,176.7,180.3,168.4,170.2,173.2,-3.0,-1.73,37092810.0,6452344454.5
03690.HK,20241018,170.1,187.8,170.0,185.4,170.2,15.2,8.93,55680008.0,10037683247.12
03690.HK,20241021,182.3,187.3,179.1,181.2,185.4,-4.2,-2.27,32248970.0,5903474820.6
03690.HK,20241022,181.2,188.6,180.5,184.8,181.2,3.6,1.99,25949808.0,4789199645.6
03690.HK,20241023,187.3,197.5,186.2,194.9,184.8,10.1,5.47,45149007.0,8764179961.5
03690.HK,20241024,190.6,194.2,186.5,187.0,194.9,-7.9,-4.05,29157453.0,5525835043.78
03690.HK,20241025,186.5,189.8,182.6,184.9,187.0,-2.1,-1.12,24837829.0,4617209291.16
03690.HK,20241028,185.9,189.0,183.7,185.2,184.9,0.3,0.16,19619475.0,3642555441.86
03690.HK,20241029,189.2,192.9,186.9,189.3,185.2,4.1,2.21,32660150.0,6204712780.28
03690.HK,20241030,186.5,190.2,182.6,184.7,189.3,-4.6,-2.43,25149030.0,4659105348.54
03690.HK,20241031,185.4,186.4,182.3,182.5,184.7,-2.2,-1.19,18630573.0,3425203144.9
03690.HK,20241101,186.4,190.4,184.6,187.6,182.5,5.1,2.79,21507197.0,4035753876.437
03690.HK,20241104,188.0,190.4,185.0,187.7,187.6,0.1,0.05,14033434.0,2631009671.55
03690.HK,20241105,184.4,193.9,184.4,193.8,187.7,6.1,3.25,28395939.0,5386755844.52
03690.HK,20241106,191.0,193.0,183.3,189.3,193.8,-4.5,-2.32,38093891.0,7161648216.1
03690.HK,20241107,188.0,200.4,186.1,199.9,189.3,10.6,5.6,42255252.0,8287126730.4
03690.HK,20241108,203.0,205.4,190.4,191.8,199.9,-8.1,-4.05,39449252.0,7708009189.7
03690.HK,20241111,185.0,187.1,181.3,185.6,191.8,-6.2,-3.23,39159080.0,7202967282.22
03690.HK,20241112,182.8,184.8,171.8,175.7,185.6,-9.9,-5.33,60520914.0,10711866301.7
03690.HK,20241113,173.0,175.6,168.6,175.4,175.7,-0.3,-0.17,36152267.0,6238892593.28
03690.HK,20241114,171.0,177.8,168.1,169.3,175.4,-6.1,-3.48,33412299.0,5715455713.7
03690.HK,20241115,171.0,174.0,166.6,169.6,169.3,0.3,0.18,26486305.0,4513609058.5
03690.HK,20241118,171.0,173.0,166.7,169.0,169.6,-0.6,-0.35,28205598.0,4784863769.64
03690.HK,20241119,169.1,172.6,167.2,171.9,169.0,2.9,1.72,26059344.0,4430973299.34
03690.HK,20241120,171.9,176.0,170.9,174.8,171.9,2.9,1.69,23492659.0,4078124695.45
03690.HK,20241121,174.8,175.9,172.1,172.7,174.8,-2.1,-1.2,14104129.0,2450838360.24
03690.HK,20241122,172.5,174.4,165.1,167.1,172.7,-5.6,-3.24,25731303.0,4333002442.7
03690.HK,20241125,165.9,168.2,158.2,162.0,167.1,-5.1,-3.05,54935851.0,8902161289.4
03690.HK,20241126,161.0,168.6,160.2,164.3,162.0,2.3,1.42,25797668.0,4255800222.69
03690.HK,20241127,165.8,176.8,163.7,176.2,164.3,11.9,7.24,41736756.0,7166659546.35
03690.HK,20241128,176.9,176.9,170.7,172.2,176.2,-4.0,-2.27,24252235.0,4190326377.49
03690.HK,20241129,171.1,177.0,165.2,168.7,172.2,-3.5,-2.03,40356999.0,6881047881.6
03690.HK,20241202,160.0,169.2,159.9,167.4,168.7,-1.3,-0.77,66398327.0,10916901728.2
03690.HK,20241203,167.2,167.3,160.7,165.5,167.4,-1.9,-1.14,41771143.0,6842320339.0
03690.HK,20241204,166.3,170.6,164.8,165.2,165.5,-0.3,-0.18,32453687.0,5408164672.68
03690.HK,20241205,162.8,163.3,157.0,159.2,165.2,-6.0,-3.63,46562493.0,7426508317.2
03690.HK,20241206,160.8,163.7,156.9,162.4,159.2,3.2,2.01,63874792.0,10264621427.06
03690.HK,20241209,159.0,172.5,158.9,171.7,162.4,9.3,5.73,58871653.0,9736726223.6
03690.HK,20241210,182.0,182.9,171.0,171.8,171.7,0.1,0.06,70828812.0,12496546941.2
03690.HK,20241211,172.1,175.2,165.4,167.0,171.8,-4.8,-2.79,29501888.0,4990135019.7
03690.HK,20241212,169.0,173.0,163.2,168.9,167.0,1.9,1.14,39912261.0,6705027452.44
03690.HK,20241213,165.0,165.8,161.6,162.6,168.9,-6.3,-3.73,37180662.0,6070473166.2
03690.HK,20241216,161.6,162.7,158.2,159.6,162.6,-3.0,-1.85,27168729.0,4338973425.5
03690.HK,20241217,156.9,164.8,155.6,158.6,159.6,-1.0,-0.63,33855934.0,5379055022.4
03690.HK,20241218,164.8,164.8,159.2,160.1,158.6,1.5,0.95,18611465.0,2988467839.86
03690.HK,20241219,157.3,159.2,156.4,158.4,160.1,-1.7,-1.06,20597561.0,3253411009.9
03690.HK,20241220,158.0,161.2,157.3,158.6,158.4,0.2,0.13,34086217.0,5418177427.82
03690.HK,20241223,161.2,161.5,153.6,155.6,158.6,-3.0,-1.89,31530269.0,4905774443.89
03690.HK,20241224,156.8,157.3,153.1,155.1,155.6,-0.5,-0.32,20197571.0,3115123333.52
03690.HK,20241227,153.1,157.0,151.6,154.7,155.1,-0.4,-0.26,23550112.0,3640007686.819
03690.HK,20241230,155.9,156.6,151.4,152.8,154.7,-1.9,-1.23,25450241.0,3893607693.3
03690.HK,20241231,152.7,154.8,151.7,151.7,152.8,-1.1,-0.72,11665658.0,1783303292.3
03690.HK,20250102,151.7,154.3,148.4,150.6,151.7,-1.1,-0.73,28715165.0,4322192014.5
03690.HK,20250103,151.3,155.7,148.8,153.7,150.6,3.1,2.06,30511065.0,4665644080.7
03690.HK,20250106,153.8,153.8,148.4,150.7,153.7,-3.0,-1.95,27783624.0,4169062743.18
03690.HK,20250107,150.7,152.8,145.8,148.7,150.7,-2.0,-1.33,30932550.0,4601183930.8
03690.HK,20250108,148.9,149.1,143.9,146.7,148.7,-2.0,-1.34,25790556.0,3767426622.2
03690.HK,20250109,145.9,146.8,142.5,144.4,146.7,-2.3,-1.57,26551311.0,3827119336.5
03690.HK,20250110,146.1,146.4,139.0,140.1,144.4,-4.3,-2.98,30901748.0,4361305500.3
03690.HK,20250113,139.0,139.0,133.5,137.4,140.1,-2.7,-1.93,37818018.0,5143929719.25
03690.HK,20250114,138.8,146.7,138.1,144.3,137.4,6.9,5.02,58761811.0,8450457857.37
03690.HK,20250115,143.3,146.0,141.2,144.5,144.3,0.2,0.14,29515844.0,4258124537.7
03690.HK,20250116,146.7,150.5,144.5,147.6,144.5,3.1,2.15,37707184.0,5562490982.21
03690.HK,20250117,148.2,149.1,145.0,147.8,147.6,0.2,0.14,20474850.0,3013558783.4
03690.HK,20250120,151.0,158.8,150.6,155.5,147.8,7.7,5.21,62838210.0,9774753994.17
03690.HK,20250121,159.7,160.4,155.0,158.5,155.5,3.0,1.93,41021524.0,6497398959.5
03690.HK,20250122,157.5,157.5,151.3,152.5,158.5,-6.0,-3.79,39709233.0,6079426128.42
03690.HK,20250123,153.7,155.7,150.0,151.1,152.5,-1.4,-0.92,25525543.0,3879430886.76
03690.HK,20250124,153.3,153.7,149.0,150.0,151.1,-1.1,-0.73,39355209.0,5943655544.96
03690.HK,20250127,151.8,155.3,149.3,149.7,150.0,-0.3,-0.2,37485511.0,5685904600.05
03690.HK,20250128,151.8,152.4,146.8,148.2,149.7,-1.5,-1.0,16691789.0,2490598983.3
03690.HK,20250203,148.2,148.2,140.0,142.3,148.2,-5.9,-3.98,42691211.0,6079819589.1
03690.HK,20250204,144.9,151.9,144.2,150.8,142.3,8.5,5.97,52094377.0,7730114263.002
03690.HK,20250205,154.0,154.2,146.8,150.9,150.8,0.1,0.07,48027206.0,7248641159.03
03690.HK,20250206,152.8,152.9,146.8,150.1,150.9,-0.8,-0.53,35817495.0,5345501267.1
03690.HK,20250207,148.0,155.8,146.0,154.1,150.1,4.0,2.66,49976855.0,7598158293.8
03690.HK,20250210,155.0,163.3,154.5,162.7,154.1,8.6,5.58,65305089.0,10493577109.7
03690.HK,20250211,166.2,167.6,161.3,161.8,162.7,-0.9,-0.55,56360376.0,9231266082.1
03690.HK,20250212,162.6,162.7,150.2,155.2,161.8,-6.6,-4.08,114470084.0,17558341011.5
03690.HK,20250213,155.2,167.5,155.2,159.7,155.2,4.5,2.9,94924956.0,15360136721.17
03690.HK,20250214,162.0,170.0,161.9,169.9,159.7,10.2,6.39,75772482.0,12647316682.39
03690.HK,20250217,174.2,179.3,166.1,168.9,169.9,-1.0,-0.59,85909353.0,14789129199.28
03690.HK,20250218,170.2,177.0,167.0,172.9,168.9,4.0,2.37,66733331.0,11444481540.36
03690.HK,20250219,169.6,171.8,166.0,167.7,172.9,-5.2,-3.01,46995938.0,7891005062.4
03690.HK,20250220,158.0,160.2,156.1,156.9,167.7,-10.8,-6.44,90728227.0,14304964022.4
03690.HK,20250221,158.8,163.2,155.3,162.9,156.9,6.0,3.82,85995656.0,13768266680.22
03690.HK,20250224,164.7,168.9,160.0,166.5,162.9,3.6,2.21,62554358.0,10360491958.91
03690.HK,20250225,160.0,163.3,157.2,158.6,166.5,-7.9,-4.74,52752020.0,8439533200.75
03690.HK,20250226,161.1,177.0,160.0,174.2,158.6,15.6,9.84,100972406.0,17210522372.6
03690.HK,20250227,175.1,176.0,167.8,172.8,174.2,-1.4,-0.8,62385994.0,10748875378.19
03690.HK,20250228,169.8,170.5,160.3,162.0,172.8,-10.8,-6.25,64070709.0,10520064732.16
03690.HK,20250303,162.8,166.1,160.8,162.6,162.0,0.6,0.37,36975379.0,6043577521.74
03690.HK,20250304,158.9,163.1,158.0,161.2,162.6,-1.4,-0.86,23331992.0,3747599653.3
03690.HK,20250305,165.1,172.7,163.5,171.5,161.2,10.3,6.39,48079120.0,8146225914.4
03690.HK,20250306,174.7,181.5,174.2,180.3,171.5,8.8,5.13,68514831.0,12258828781.88
03690.HK,20250307,180.3,189.6,177.0,183.5,180.3,3.2,1.77,75915127.0,13978005470.19
03690.HK,20250310,183.5,184.0,173.0,174.9,183.5,-8.6,-4.69,50030702.0,8869019143.2
03690.HK,20250311,170.0,173.3,167.7,171.6,174.9,-3.3,-1.89,47328733.0,8053843464.14
03690.HK,20250312,174.2,175.6,165.1,168.3,171.6,-3.3,-1.92,39260107.0,6645979850.65
03690.HK,20250313,168.3,168.9,161.4,164.5,168.3,-3.8,-2.26,38849089.0,6376260924.027
03690.HK,20250314,168.4,175.5,165.4,173.4,164.5,8.9,5.41,44151948.0,7596574144.1
03690.HK,20250317,177.8,178.9,174.2,175.1,173.4,1.7,0.98,37555448.0,6636558241.66
03690.HK,20250318,181.5,181.8,174.7,177.3,175.1,2.2,1.26,41082229.0,7254489122.332
03690.HK,20250319,176.6,176.6,172.4,175.9,177.3,-1.4,-0.79,38845173.0,6772195671.035
03690.HK,20250320,175.9,175.9,167.7,168.1,175.9,-7.8,-4.43,44029819.0,7503060559.3
03690.HK,20250321,168.9,172.4,165.6,167.6,168.1,-0.5,-0.3,49899045.0,8410185674.82
03690.HK,20250324,163.0,166.2,158.8,165.7,167.6,-1.9,-1.13,61238376.0,9919146988.458
03690.HK,20250325,162.9,163.0,158.1,158.5,165.7,-7.2,-4.35,43845502.0,6995163724.2
03690.HK,20250326,159.0,161.2,156.7,159.9,158.5,1.4,0.88,26504416.0,4216989432.88
03690.HK,20250327,162.2,165.8,159.6,162.8,159.9,2.9,1.81,25666765.0,4189296452.5
03690.HK,20250328,163.1,165.5,159.0,160.1,162.8,-2.7,-1.66,23655795.0,3811133066.58
03690.HK,20250331,156.2,160.1,154.1,155.8,160.1,-4.3,-2.69,35770136.0,5601821876.231
03690.HK,20250401,157.7,160.3,156.9,157.9,155.8,2.1,1.35,22898803.0,3628239055.9
03690.HK,20250402,157.0,160.3,155.5,157.8,157.9,-0.1,-0.06,18784941.0,2962780279.6
03690.HK,20250403,152.4,160.8,152.4,157.9,157.8,0.1,0.06,32917192.0,5179460374.291
03690.HK,20250407,145.1,148.9,132.7,134.3,157.9,-23.6,-14.95,98058866.0,13652926321.73
03690.HK,20250408,135.8,144.5,135.8,140.6,134.3,6.3,4.69,80514588.0,11293580960.3
03690.HK,20250409,135.0,149.4,133.3,146.4,140.6,5.8,4.13,70467850.0,10024524763.02
03690.HK,20250410,148.3,152.3,144.0,145.4,146.4,-1.0,-0.68,72400269.0,10670537221.35
03690.HK,20250411,144.9,146.2,141.0,143.5,145.4,-1.9,-1.31,51245697.0,7357395627.64
03690.HK,20250414,146.6,147.1,143.1,145.9,143.5,2.4,1.67,33857822.0,4927203763.1
03690.HK,20250415,146.5,147.3,143.9,146.8,145.9,0.9,0.62,24286799.0,3540742245.9
03690.HK,20250416,143.1,144.5,133.5,134.9,146.8,-11.9,-8.11,78561767.0,10729263547.36
03690.HK,20250417,133.2,136.5,129.6,136.5,134.9,1.6,1.19,56895776.0,7622679577.64
03690.HK,20250422,131.1,131.5,125.6,130.2,136.5,-6.3,-4.62,110254462.0,14160794731.86
03690.HK,20250423,133.0,134.7,130.7,133.9,130.2,3.7,2.84,54953599.0,7309573507.91
03690.HK,20250424,132.0,132.6,125.8,127.0,133.9,-6.9,-5.15,75864030.0,9712800529.32
03690.HK,20250425,125.6,130.7,125.6,127.6,127.0,0.6,0.47,56566102.0,7250730679.48
03690.HK,20250428,127.6,129.8,125.0,128.4,127.6,0.8,0.63,55141223.0,7007747333.1
03690.HK,20250429,129.5,134.8,128.2,132.1,128.4,3.7,2.88,55426571.0,7347111302.6
03690.HK,20250430,132.1,134.6,128.3,130.3,132.1,-1.8,-1.36,47460144.0,6197149445.5
03690.HK,20250502,129.6,133.1,128.8,132.5,130.3,2.2,1.69,28920212.0,3804511282.56
03690.HK,20250506,133.2,141.0,131.2,138.5,132.5,6.0,4.53,87006642.0,11947586912.44
03690.HK,20250507,144.0,145.0,138.5,139.0,138.5,0.5,0.36,58771688.0,8309768947.4
03690.HK,20250508,139.0,144.3,138.7,141.4,139.0,2.4,1.73,39204516.0,5572776871.24
03690.HK,20250509,143.0,143.3,139.2,141.0,141.4,-0.4,-0.28,26978060.0,3798730546.16
03690.HK,20250512,145.0,145.9,139.0,144.5,141.0,3.5,2.48,66601665.0,9523521533.1
03690.HK,20250513,144.4,144.4,137.0,137.4,144.5,-7.1,-4.91,54387262.0,7553637532.9
03690.HK,20250514,139.4,141.6,137.7,139.4,137.4,2.0,1.46,47614723.0,6636310080.2
03690.HK,20250515,138.0,138.4,134.8,135.4,139.4,-4.0,-2.87,44033746.0,6003008306.15
03690.HK,20250516,132.6,134.1,130.3,131.4,135.4,-4.0,-2.95,60689121.0,7996943142.61
03690.HK,20250519,129.1,136.2,127.8,134.4,131.4,3.0,2.28,52631525.0,7002578851.3
03690.HK,20250520,132.9,137.4,132.9,136.4,134.4,2.0,1.49,35438230.0,4805527040.7
03690.HK,20250521,136.4,138.6,135.2,137.3,136.4,0.9,0.66,32045978.0,4394352758.58
03690.HK,20250522,136.5,138.4,135.1,136.0,137.3,-1.3,-0.95,30893775.0,4212664323.7
03690.HK,20250523,136.0,139.5,136.0,136.9,136.0,0.9,0.66,37290455.0,5134012932.4
03690.HK,20250526,136.2,136.5,128.2,129.4,136.9,-7.5,-5.48,95490174.0,12427180306.3
03690.HK,20250527,123.0,132.4,122.3,132.1,129.4,2.7,2.09,92728255.0,11893986405.3
03690.HK,20250528,131.0,132.0,129.6,131.4,132.1,-0.7,-0.53,44849657.0,5859071698.73
03690.HK,20250529,131.0,140.9,129.9,140.1,131.4,8.7,6.62,110427776.0,15176913534.28
03690.HK,20250530,137.4,140.1,135.8,138.0,140.1,-2.1,-1.5,67729328.0,9328657249.4
03690.HK,20250602,136.3,136.4,131.1,135.7,138.0,-2.3,-1.67,29861371.0,4006443228.55
03690.HK,20250603,135.7,138.1,134.8,136.6,135.7,0.9,0.66,31827489.0,4336400496.4
03690.HK,20250604,134.7,142.8,134.7,140.7,136.6,4.1,3.0,60551727.0,8504143572.75
03690.HK,20250605,141.4,147.6,141.4,144.4,140.7,3.7,2.63,56000955.0,8116800723.71
03690.HK,20250606,145.7,146.3,141.0,141.7,144.4,-2.7,-1.87,41913440.0,5975393588.26
03690.HK,20250609,145.0,149.8,144.7,148.4,141.7,6.7,4.73,59982755.0,8889285199.4
03690.HK,20250610,148.0,148.2,143.1,144.4,148.4,-4.0,-2.7,55184136.0,8013990157.87
03690.HK,20250611,144.4,145.5,143.2,143.8,144.4,-0.6,-0.42,41562132.0,6003056890.6
03690.HK,20250612,141.0,144.8,140.2,141.0,143.8,-2.8,-1.95,41489094.0,5897442626.94
03690.HK,20250613,139.3,140.6,136.0,138.2,141.0,-2.8,-1.99,57660518.0,7949183935.6
03690.HK,20250616,136.3,139.5,134.8,138.8,138.2,0.6,0.43,43857495.0,6018468191.0
03690.HK,20250617,139.3,141.4,137.1,138.1,138.8,-0.7,-0.5,25920440.0,3598307313.32
03690.HK,20250618,137.0,137.1,132.7,133.3,138.1,-4.8,-3.48,45725864.0,6117115370.0
03690.HK,20250619,132.3,132.5,127.5,128.3,133.3,-5.0,-3.75,61441168.0,7946431934.7
03690.HK,20250620,128.0,129.7,127.6,128.6,128.3,0.3,0.23,45495479.0,5848163521.3
03690.HK,20250623,126.3,132.9,126.0,131.4,128.6,2.8,2.18,58256443.0,7591920690.6
03690.HK,20250624,133.0,134.4,127.8,130.0,131.4,-1.4,-1.07,67005171.0,8772871308.3
03690.HK,20250625,130.4,133.0,129.9,131.8,130.0,1.8,1.38,51771073.0,6809388778.5
03690.HK,20250626,130.1,131.2,128.6,130.0,131.8,-1.8,-1.37,36118238.0,4688438944.79
03690.HK,20250627,129.6,131.2,128.5,129.4,130.0,-0.6,-0.46,44855347.0,5807365167.369
03690.HK,20250630,128.6,128.9,125.3,125.3,129.4,-4.1,-3.17,71889200.0,9110888227.7
03690.HK,20250702,127.2,127.8,124.0,126.0,125.3,0.7,0.56,49628850.0,6241884733.52
03690.HK,20250703,124.9,125.5,122.4,122.8,126.0,-3.2,-2.54,67794577.0,8346799499.4
03690.HK,20250704,121.3,123.2,119.5,120.8,122.8,-2.0,-1.63,61959326.0,7509491526.3
03690.HK,20250707,119.4,119.4,115.8,119.0,120.8,-1.8,-1.49,83139176.0,9778342901.2
03690.HK,20250708,117.6,122.5,116.8,122.2,119.0,3.2,2.69,61606923.0,7408084049.5
03690.HK,20250709,121.5,122.1,118.8,119.2,122.2,-3.0,-2.45,49539878.0,5953496504.4
03690.HK,20250710,118.0,120.5,117.5,118.6,119.2,-0.6,-0.5,46874068.0,5569256997.9
03690.HK,20250711,118.5,122.9,117.2,120.0,118.6,1.4,1.18,59292989.0,7178497458.1
03690.HK,20250714,119.8,121.6,118.3,120.9,120.0,0.9,0.75,37669963.0,4529048561.052
03690.HK,20250715,121.0,126.5,120.8,126.2,120.9,5.3,4.38,89410007.0,11134362646.45
03690.HK,20250716,127.8,129.6,123.8,124.1,126.2,-2.1,-1.66,68803291.0,8722600929.3
03690.HK,20250717,125.4,127.4,125.0,125.5,124.1,1.4,1.13,40731440.0,5139007491.1
03690.HK,20250718,127.8,129.1,126.7,127.3,125.5,1.8,1.43,40295446.0,5145781769.4
03690.HK,20250721,133.0,133.7,130.1,130.8,127.3,3.5,2.75,83230227.0,10964742718.9
03690.HK,20250722,130.9,131.5,127.2,129.0,130.8,-1.8,-1.38,56136421.0,7223747568.58
03690.HK,20250723,131.0,134.2,128.2,133.2,129.0,4.2,3.26,72661334.0,9599166055.32
03690.HK,20250724,133.0,136.1,132.0,134.4,133.2,1.2,0.9,56625778.0,7610103644.85
03690.HK,20250725,134.4,135.4,129.7,130.1,134.4,-4.3,-3.2,50780870.0,6669210254.0
03690.HK,20250728,130.7,131.3,129.0,129.4,130.1,-0.7,-0.54,35482986.0,4606670499.1
03690.HK,20250729,129.1,129.2,126.2,128.6,129.4,-0.8,-0.62,42962406.0,5473167808.4
03690.HK,20250730,127.0,130.6,125.8,127.4,128.6,-1.2,-0.93,46172472.0,5921838169.7
03690.HK,20250731,123.5,123.6,120.5,121.6,127.4,-5.8,-4.55,96061772.0,11712066014.0
03690.HK,20250801,121.1,125.9,121.1,122.2,121.6,0.6,0.49,55437231.0,6844131526.5
03690.HK,20250804,122.2,123.2,119.9,123.0,122.2,0.8,0.65,34769687.0,4230830239.5
03690.HK,20250805,122.6,123.2,121.0,122.9,123.0,-0.1,-0.08,30068857.0,3676937414.44
03690.HK,20250806,122.8,122.8,120.3,121.1,122.9,-1.8,-1.46,45089472.0,5459457789.9
03690.HK,20250807,121.8,122.7,120.9,122.0,121.1,0.9,0.74,29091754.0,3543346004.2
03690.HK,20250808,121.0,122.2,120.5,120.8,122.0,-1.2,-0.98,21911956.0,2652028107.3
03690.HK,20250811,121.1,121.3,118.6,119.2,120.8,-1.6,-1.32,39684143.0,4736078320.6
03690.HK,20250812,118.4,119.9,117.8,119.4,119.2,0.2,0.17,32006831.0,3801177308.8
03690.HK,20250813,121.0,124.9,120.5,124.3,119.4,4.9,4.1,54998562.0,6772082453.5
03690.HK,20250814,126.2,127.0,123.7,124.4,124.3,0.1,0.08,44651247.0,5588056782.1
03690.HK,20250815,121.9,122.1,119.6,121.7,124.4,-2.7,-2.17,62448840.0,7555710225.0
03690.HK,20250818,121.7,124.3,120.9,121.5,121.7,-0.2,-0.16,39442216.0,4836410194.1
03690.HK,20250819,121.6,121.8,120.4,120.8,121.5,-0.7,-0.58,31105236.0,3760503834.7
03690.HK,20250820,120.0,121.3,119.7,120.8,120.8,0.0,0.0,25371797.0,3057170751.6
03690.HK,20250821,121.0,121.0,116.2,117.1,120.8,-3.7,-3.06,70414468.0,8308405570.4
03690.HK,20250822,117.1,118.6,116.0,118.4,117.1,1.3,1.11,55624919.0,6512929250.22
03690.HK,20250825,119.1,122.9,118.8,122.3,118.4,3.9,3.29,82491028.0,10023564090.5
03690.HK,20250826,122.0,122.0,120.0,120.0,122.3,-2.3,-1.88,46013154.0,5552060207.9
03690.HK,20250827,120.0,120.3,116.1,116.3,120.0,-3.7,-3.08,80540435.0,9476608969.76
03690.HK,20250828,105.0,108.3,101.0,101.7,116.3,-14.6,-12.55,309557433.0,32178614349.04
03690.HK,20250829,102.4,103.4,100.2,102.7,101.7,1.0,0.98,113304631.0,11561609130.11
03690.HK,20250901,101.5,104.8,98.0,103.0,102.7,0.3,0.29,132661260.0,13474700223.0
03690.HK,20250902,101.7,102.8,99.8,101.1,103.0,-1.9,-1.84,73829916.0,7460781818.0
03690.HK,20250903,101.0,102.0,99.8,100.5,101.1,-0.6,-0.59,64088481.0,6434646110.5
03690.HK,20250904,100.8,101.9,100.2,101.4,100.5,0.9,0.9,63068026.0,6381494835.35
03690.HK,20250905,101.3,104.2,101.0,103.0,101.4,1.6,1.58,101979886.0,10505462746.19
03690.HK,20250908,102.5,103.8,100.8,102.0,103.0,-1.0,-0.97,96814388.0,9919662678.5
03690.HK,20250909,102.0,102.0,97.1,99.65,102.0,-2.35,-2.3,148686738.0,14766702150.38
03690.HK,20250910,98.45,103.4,98.45,101.7,99.65,2.05,2.06,94064361.0,9569403431.75
03690.HK,20250911,100.2,101.0,96.4,96.55,101.7,-5.15,-5.06,138996794.0,13560486401.39
03690.HK,20250912,97.0,98.05,95.35,96.55,96.55,0.0,0.0,108406343.0,10499837691.3
03690.HK,20250915,95.7,97.85,95.35,97.35,96.55,0.8,0.83,62754919.0,6075424291.3
03690.HK,20250916,98.0,101.8,97.55,100.3,97.35,2.95,3.03,95908509.0,9604222984.35
03690.HK,20250917,101.1,106.7,101.0,105.2,100.3,4.9,4.89,139083488.0,14604464247.6
03690.HK,20250918,104.9,109.7,104.0,105.5,105.2,0.3,0.29,124934835.0,13341089177.99
03690.HK,20250919,105.6,107.6,104.3,106.3,105.5,0.8,0.76,64899879.0,6880077370.1
03690.HK,20250922,105.2,105.5,102.3,103.9,106.3,-2.4,-2.26,70033614.0,7253293565.49
03690.HK,20250923,103.8,104.0,100.3,101.0,103.9,-2.9,-2.79,58944762.0,5970150758.3
03690.HK,20250924,100.3,104.1,100.3,102.2,101.0,1.2,1.19,60736788.0,6227841128.4
03690.HK,20250925,101.6,103.0,100.7,102.3,102.2,0.1,0.1,45966392.0,4684903311.2
03690.HK,20250926,101.0,102.0,100.3,100.6,102.3,-1.7,-1.66,40317300.0,4072455182.3
03690.HK,20250929,101.0,103.8,101.0,102.8,100.6,2.2,2.19,58610731.0,6018687826.2
03690.HK,20250930,102.4,105.3,101.9,104.5,102.8,1.7,1.65,71076759.0,7364012704.6
03690.HK,20251002,104.2,107.5,104.1,105.8,104.5,1.3,1.24,62226576.0,6630323979.4
03690.HK,20251003,105.8,106.6,105.1,106.1,105.8,0.3,0.28,33287609.0,3521204990.5
03690.HK,20251006,106.1,107.8,104.9,105.6,106.1,-0.5,-0.47,30205074.0,3206359024.8
03690.HK,20251008,105.0,105.2,102.5,103.7,105.6,-1.9,-1.8,37052377.0,3824739800.9
03690.HK,20251009,104.8,105.8,102.5,103.6,103.7,-0.1,-0.1,48363814.0,5030679608.0
03690.HK,20251010,102.5,103.7,101.2,101.7,103.6,-1.9,-1.83,47852870.0,4885307270.16
03690.HK,20251013,98.55,101.0,97.2,99.8,101.7,-1.9,-1.87,85317769.0,8463502669.7
03690.HK,20251014,100.1,101.2,97.85,98.3,99.8,-1.5,-1.5,56742746.0,5626928644.7
03690.HK,20251015,99.8,100.3,98.95,99.9,98.3,1.6,1.63,39259817.0,3914500793.8
03690.HK,20251016,99.05,100.1,97.9,98.75,99.9,-1.15,-1.15,33048302.0,3263048054.65
03690.HK,20251017,98.55,98.6,94.05,94.5,98.75,-4.25,-4.3,72221262.0,6909172232.85
03690.HK,20251020,97.5,97.5,96.05,96.65,94.5,2.15,2.28,39887843.0,3857625360.35
03690.HK,20251021,97.5,98.9,96.4,96.5,96.65,-0.15,-0.16,39365037.0,3838220843.85
03690.HK,20251022,96.0,97.15,95.4,96.1,96.5,-0.4,-0.41,31999681.0,3075527896.1
03690.HK,20251023,95.25,102.7,95.25,100.0,96.1,3.9,4.06,106954704.0,10621247720.7
03690.HK,20251024,101.3,101.9,98.4,100.6,100.0,0.6,0.6,53974824.0,5389310286.89
03690.HK,20251027,101.5,103.6,101.0,102.0,100.6,1.4,1.39,56223912.0,5750306261.3
03690.HK,20251028,102.0,102.5,99.75,100.0,102.0,-2.0,-1.96,38000867.0,3822206064.0
03690.HK,20251030,101.2,105.3,99.15,102.4,100.0,2.4,2.4,100543878.0,10366753435.0
03690.HK,20251031,102.6,104.6,102.0,102.0,102.4,-0.4,-0.39,39102336.0,4024880247.5
03690.HK,20251103,102.9,103.8,101.4,102.3,102.0,0.3,0.29,31041608.0,3181967633.3
03690.HK,20251104,101.8,102.2,99.2,99.9,102.3,-2.4,-2.35,44273602.0,4446132063.45
03690.HK,20251105,98.6,102.0,98.3,101.2,99.9,1.3,1.3,42049675.0,4230579008.64
03690.HK,20251106,102.1,103.6,101.5,103.3,101.2,2.1,2.08,42887298.0,4413807614.7
03690.HK,20251107,101.9,102.2,100.8,102.0,103.3,-1.3,-1.26,29757750.0,3022506737.48
03690.HK,20251110,102.0,103.6,101.2,103.3,102.0,1.3,1.27,30303643.0,3112785548.0
03690.HK,20251111,103.3,104.4,100.6,102.0,103.3,-1.3,-1.26,41269159.0,4197723581.6
03690.HK,20251112,102.0,102.4,100.8,101.8,102.0,-0.2,-0.2,24968884.0,2537600016.5
03690.HK,20251113,101.0,103.0,99.5,102.1,101.8,0.3,0.29,33815896.0,3421970520.6
03690.HK,20251114,100.6,101.6,99.5,100.0,102.1,-2.1,-2.06,35419273.0,3545426568.8
03690.HK,20251117,99.5,102.5,99.5,100.3,100.0,0.3,0.3,28915570.0,2907676038.7
03690.HK,20251118,99.35,100.1,98.05,98.6,100.3,-1.7,-1.69,33786187.0,3335585514.25
03690.HK,20251119,98.65,99.65,97.7,98.0,98.6,-0.6,-0.61,25108369.0,2468961726.9
03690.HK,20251120,98.95,99.4,97.2,98.5,98.0,0.5,0.51,24966349.0,2453894932.9
03690.HK,20251121,97.0,97.25,95.15,95.55,98.5,-2.95,-2.99,46164332.0,4433509373.68
03690.HK,20251124,96.05,98.6,95.65,98.15,95.55,2.6,2.72,38950345.0,3810237349.4
03690.HK,20251125,99.2,99.6,97.45,98.25,98.15,0.1,0.1,29485452.0,2900235574.25
03690.HK,20251126,102.4,105.2,102.1,103.8,98.25,5.55,5.65,128129815.0,13326934186.55
03690.HK,20251127,103.6,104.8,101.9,104.0,103.8,0.2,0.19,58022656.0,6003642459.1
03690.HK,20251128,104.5,104.8,102.3,102.5,104.0,-1.5,-1.44,43785936.0,4522753722.8
03690.HK,20251201,100.1,103.4,98.6,99.55,102.5,-2.95,-2.88,86464495.0,8686237171.9
03690.HK,20251202,99.5,99.7,95.7,96.5,99.55,-3.05,-3.06,80744936.0,7831610695.116
03690.HK,20251203,96.5,97.4,95.4,95.9,96.5,-0.6,-0.62,39051180.0,3751362894.2
03690.HK,20251204,96.8,98.8,96.25,98.1,95.9,2.2,2.29,49912883.0,4876753385.7
03690.HK,20251205,97.6,99.75,96.65,99.05,98.1,0.95,0.97,44529788.0,4375516456.79
03690.HK,20251208,98.4,101.2,98.4,99.5,99.05,0.45,0.45,31145522.0,3102147104.0
03690.HK,20251209,99.5,99.7,97.2,97.35,99.5,-2.15,-2.16,36058225.0,3530965460.8
03690.HK,20251210,98.4,100.5,97.65,100.0,97.35,2.65,2.72,51497713.0,5117375615.25
03690.HK,20251211,100.2,102.0,99.8,101.5,100.0,1.5,1.5,41406607.0,4188543769.45
03690.HK,20251212,102.0,104.0,101.4,102.4,101.5,0.9,0.89,85213513.0,8775018771.15
03690.HK,20251215,101.6,102.8,100.5,100.9,102.4,-1.5,-1.46,38535431.0,3912560231.77
03690.HK,20251216,100.2,101.3,98.65,99.5,100.9,-1.4,-1.39,32115324.0,3197773753.45
03690.HK,20251217,99.6,103.0,98.9,101.3,99.5,1.8,1.81,38155110.0,3857350663.55
03690.HK,20251218,100.7,102.1,100.2,101.4,101.3,0.1,0.1,22759882.0,2299834130.9
03690.HK,20251219,102.2,104.5,101.7,102.7,101.4,1.3,1.28,50727640.0,5225878129.9
03690.HK,20251222,104.2,105.2,102.4,102.8,102.7,0.1,0.1,31556484.0,3259380430.0
03690.HK,20251223,103.7,104.0,102.5,103.2,102.8,0.4,0.39,21108052.0,2176705961.2
03690.HK,20251224,102.8,104.2,102.7,103.2,103.2,0.0,0.0,12043868.0,1245784801.64
03690.HK,20251229,104.0,106.7,103.8,104.2,103.2,1.0,0.97,56811243.0,5981620110.2
03690.HK,20251230,104.0,105.1,103.7,104.3,104.2,0.1,0.1,32946951.0,3440189361.0
03690.HK,20251231,103.7,104.3,102.5,103.3,104.3,-1.0,-0.96,21806552.0,2247874001.359
03690.HK,20260102,103.3,105.8,102.2,104.6,103.3,1.3,1.26,24476486.0,2563068459.2
03690.HK,20260105,104.2,106.2,103.7,105.4,104.6,0.8,0.76,40887247.0,4296123546.0
03690.HK,20260106,106.2,108.0,105.7,106.1,105.4,0.7,0.66,47681423.0,5099690915.86
03690.HK,20260107,106.1,106.1,103.5,104.5,106.1,-1.6,-1.51,43863326.0,4570699811.1
03690.HK,20260108,103.7,103.9,99.65,101.0,104.5,-3.5,-3.35,71725824.0,7253550959.8
03690.HK,20260109,100.0,100.6,98.2,98.5,101.0,-2.5,-2.48,71605201.0,7076085798.985
03690.HK,20260112,101.3,106.4,100.8,105.0,98.5,6.5,6.6,108743770.0,11309799466.3
03690.HK,20260113,106.5,107.0,103.9,104.9,105.0,-0.1,-0.1,52013088.0,5460947281.5
03690.HK,20260114,104.9,104.9,100.4,101.5,104.9,-3.4,-3.24,80092305.0,8142038421.1
03690.HK,20260115,102.0,102.3,100.2,100.8,101.5,-0.7,-0.69,39093176.0,3945024952.0
03690.HK,20260116,101.9,102.5,99.35,100.0,100.8,-0.8,-0.79,37523001.0,3754492445.3
03690.HK,20260119,98.8,99.9,98.3,98.5,100.0,-1.5,-1.5,37288820.0,3688128614.8
03690.HK,20260120,98.3,99.45,97.05,97.35,98.5,-1.15,-1.17,45401371.0,4439900206.75
03690.HK,20260121,97.0,98.0,96.3,97.3,97.35,-0.05,-0.05,38515912.0,3732826134.0
03690.HK,20260122,97.35,98.1,96.2,97.0,97.3,-0.3,-0.31,34480371.0,3337220654.97
03690.HK,20260123,97.3,98.8,97.0,97.55,97.0,0.55,0.57,37200891.0,3638783224.0
03690.HK,20260126,97.95,97.95,96.2,97.1,97.55,-0.45,-0.46,31250095.0,3025217107.55
03690.HK,20260127,97.1,97.55,96.2,96.55,97.1,-0.55,-0.57,27407450.0,2650166329.3
03690.HK,20260128,97.0,98.4,96.1,98.35,96.55,1.8,1.86,39950423.0,3897711004.7
03690.HK,20260129,97.3,98.9,97.05,98.6,98.35,0.25,0.25,27680308.0,2719596956.4
03690.HK,20260130,98.05,98.95,97.2,97.2,98.6,-1.4,-1.42,28956959.0,2833933063.55
03690.HK,20260202,96.5,96.95,94.05,94.85,97.2,-2.35,-2.42,54620063.0,5177245156.09
03690.HK,20260203,95.1,95.65,91.15,93.2,94.85,-1.65,-1.74,50436330.0,4696946989.6
03690.HK,20260204,91.5,92.65,90.7,92.15,93.2,-1.05,-1.13,53329150.0,4889303425.8
03690.HK,20260205,90.2,93.95,90.2,93.8,92.15,1.65,1.79,39784843.0,3680101063.03
03690.HK,20260206,92.55,94.5,91.15,91.4,93.8,-2.4,-2.56,39226920.0,3613023452.85
03690.HK,20260209,93.0,93.2,90.4,91.05,91.4,-0.35,-0.38,42466515.0,3873803561.55
03690.HK,20260210,91.05,91.7,88.1,88.8,91.05,-2.25,-2.47,74372071.0,6639467254.75
03690.HK,20260211,88.4,89.4,87.25,88.85,88.8,0.05,0.06,37829736.0,3353428398.4
03690.HK,20260212,86.65,87.8,84.3,84.85,88.85,-4.0,-4.5,90415198.0,7718365047.09
03690.HK,20260213,84.05,84.25,80.8,82.15,84.85,-2.7,-3.18,99656113.0,8163046696.29
03690.HK,20260216,81.65,82.4,79.25,82.05,82.15,-0.1,-0.12,23648794.0,1916737788.45
03690.HK,20260220,81.15,82.0,80.1,80.75,82.05,-1.3,-1.58,27220396.0,2198664138.95
03690.HK,20260223,83.2,87.5,82.65,85.0,80.75,4.25,5.26,65205703.0,5570943448.5
03690.HK,20260224,84.2,84.2,80.65,81.4,85.0,-3.6,-4.24,67807380.0,5524281029.2
03690.HK,20260225,82.4,83.6,81.5,82.7,81.4,1.3,1.6,39932923.0,3307337539.4
03690.HK,20260226,82.7,83.2,80.35,80.45,82.7,-2.25,-2.72,40036885.0,3249845503.15
03690.HK,20260227,81.0,82.45,80.45,81.15,80.45,0.7,0.87,42462533.0,3462342574.1
03690.HK,20260302,79.6,80.2,77.1,77.4,81.15,-3.75,-4.62,57081668.0,4466838101.8
03690.HK,20260303,77.25,78.15,75.35,75.65,77.4,-1.75,-2.26,64441703.0,4915585675.0
03690.HK,20260304,74.65,75.65,73.6,75.4,75.65,-0.25,-0.33,62511701.0,4655016653.9
03690.HK,20260305,76.65,76.65,73.85,74.5,75.4,-0.9,-1.19,44459291.0,3321256933.2
03690.HK,20260306,74.5,77.95,73.65,76.85,74.5,2.35,3.15,81436279.0,6248516834.65
03690.HK,20260309,74.4,79.0,74.0,78.7,76.85,1.85,2.41,67180598.0,5207113498.9
03690.HK,20260310,80.0,80.55,77.55,79.1,78.7,0.4,0.51,46241432.0,3634937609.7
03690.HK,20260311,79.15,79.6,76.65,77.4,79.1,-1.7,-2.15,39917143.0,3092097298.8
03690.HK,20260312,76.5,77.2,75.4,76.7,77.4,-0.7,-0.9,37947010.0,2890556280.4
03690.HK,20260313,76.0,77.4,75.85,75.95,76.7,-0.75,-0.98,18836697.0,1439696706.15
03690.HK,20260316,76.9,79.0,76.5,78.3,75.95,2.35,3.09,38287519.0,2994178671.3
03690.HK,20260317,78.45,82.2,78.4,80.0,78.3,1.7,2.17,52313278.0,4227247116.86
03690.HK,20260318,80.55,81.4,79.6,80.3,80.0,0.3,0.38,26863720.0,2159489930.9
03690.HK,20260319,78.7,81.55,78.5,80.7,80.3,0.4,0.5,50616607.0,4077022588.104
03690.HK,20260320,81.55,82.65,78.15,79.15,80.7,-1.55,-1.92,64632837.0,5140724068.75
03690.HK,20260323,77.8,78.5,75.85,76.55,79.15,-2.6,-3.28,54303511.0,4181270814.8
03690.HK,20260324,76.75,79.2,76.75,79.0,76.55,2.45,3.2,44636705.0,3493274588.1
03690.HK,20260325,79.95,91.55,78.55,90.0,79.0,11.0,13.92,252756064.0,21966766070.99
03690.HK,20260326,90.0,90.65,85.5,86.7,90.0,-3.3,-3.67,121140962.0,10557625757.08
03690.HK,20260327,86.15,90.7,84.7,85.9,86.7,-0.8,-0.92,99424658.0,8699086277.8
03690.HK,20260330,83.7,86.6,82.7,84.2,85.9,-1.7,-1.98,60221748.0,5086758600.4
03690.HK,20260331,83.8,84.8,82.5,82.95,84.2,-1.25,-1.48,41291471.0,3443633182.95
03690.HK,20260401,85.0,85.6,80.95,81.95,82.95,-1.0,-1.21,57818900.0,4757192100.15
03690.HK,20260402,81.3,81.5,78.7,80.25,81.95,-1.7,-2.07,47181021.0,3763110967.6
03690.HK,20260408,82.55,89.9,82.5,88.5,80.25,8.25,10.28,106097187.0,9279511929.15
03690.HK,20260409,87.25,89.7,86.9,88.0,88.5,-0.5,-0.56,34932772.0,3083467161.1
03690.HK,20260410,88.25,90.85,87.3,87.6,88.0,-0.4,-0.45,31529595.0,2800948566.45
03690.HK,20260413,86.7,87.1,85.3,86.45,87.6,-1.15,-1.31,23659777.0,2037960968.0
03690.HK,20260414,87.4,87.9,83.75,85.1,86.45,-1.35,-1.56,36646937.0,3112690347.59
03690.HK,20260415,86.05,88.2,85.3,86.3,85.1,1.2,1.41,37510423.0,3240577224.25
03690.HK,20260416,86.85,89.45,86.0,88.75,86.3,2.45,2.84,44399802.0,3917908977.95
03690.HK,20260417,87.5,87.9,84.6,86.5,88.75,-2.25,-2.54,46743644.0,4010024793.55
03690.HK,20260420,85.85,85.95,84.35,85.15,86.5,-1.35,-1.56,36368973.0,3098224272.6
03690.HK,20260421,85.8,87.2,84.65,86.45,85.15,1.3,1.53,24682917.0,2122203166.2
03690.HK,20260422,85.2,85.3,83.8,84.25,86.45,-2.2,-2.54,31118161.0,2624306111.1
03690.HK,20260423,84.0,84.2,82.35,83.1,84.25,-1.15,-1.36,27552166.0,2285532533.95
03690.HK,20260424,83.0,83.5,81.7,82.45,83.1,-0.65,-0.78,36155043.0,2975324353.2
03690.HK,20260427,82.45,82.45,80.4,81.85,82.45,-0.6,-0.73,39390929.0,3199945373.69
03690.HK,20260428,80.85,81.65,80.2,80.3,81.85,-1.55,-1.89,33674973.0,2715119159.3
03690.HK,20260429,81.45,84.15,80.65,83.15,80.3,2.85,3.55,45687332.0,3796088316.95
03690.HK,20260430,81.9,84.5,81.25,83.25,83.15,0.1,0.12,45918845.0,3811345609.4
03690.HK,20260504,84.0,86.8,83.65,84.45,83.25,1.2,1.44,16917991.0,1444758083.25
03690.HK,20260505,83.6,83.95,82.2,83.55,84.45,-0.9,-1.07,10874630.0,903141277.75
03690.HK,20260506,83.95,84.55,82.15,82.5,83.55,-1.05,-1.26,38773772.0,3215703289.55
03690.HK,20260507,84.5,85.3,83.8,84.25,82.5,1.75,2.12,41734088.0,3523942411.05
03690.HK,20260508,83.6,84.7,83.2,84.05,84.25,-0.2,-0.24,24167472.0,2023618926.25
03690.HK,20260511,83.1,84.8,82.4,84.35,84.05,0.3,0.36,29716251.0,2485519934.15
03690.HK,20260512,83.9,85.65,83.75,84.15,84.35,-0.2,-0.24,25067034.0,2123206212.0
03690.HK,20260513,84.7,88.95,84.2,87.6,84.15,3.45,4.1,63062497.0,5518710556.75
03690.HK,20260514,91.05,91.35,85.6,85.7,87.6,-1.9,-2.17,56592595.0,4960199938.5
03690.HK,20260515,84.5,85.5,82.25,82.7,85.7,-3.0,-3.5,41139543.0,3416709626.95
03690.HK,20260518,82.2,82.7,81.05,82.15,82.7,-0.55,-0.67,41351975.0,3385718642.9
03690.HK,20260519,81.55,84.0,81.25,83.05,82.15,0.9,1.1,30801678.0,2555692974.7
03690.HK,20260520,83.0,83.7,82.1,82.85,83.05,-0.2,-0.24,25163892.0,2085464826.9
03690.HK,20260521,84.2,86.85,82.1,82.1,82.85,-0.75,-0.91,45111086.0,3793081315.15
03690.HK,20260522,83.1,83.1,80.55,81.35,82.1,-0.75,-0.91,39784370.0,3239957574.0
03690.HK,20260526,79.95,80.5,77.0,78.8,81.35,-2.55,-3.13,67357066.0,5298447734.1
03690.HK,20260527,78.3,79.0,77.3,77.7,78.8,-1.1,-1.4,34078568.0,2654582860.8
03690.HK,20260528,77.2,77.3,72.25,73.3,77.7,-4.4,-5.66,94713412.0,6964664924.45
03690.HK,20260529,73.6,76.1,72.35,73.45,73.3,0.15,0.2,81724196.0,6019260603.98
03690.HK,20260601,75.2,79.35,74.4,78.25,73.45,4.8,6.54,72625452.0,5618148347.09
03690.HK,20260602,79.3,85.75,79.0,85.5,78.25,7.25,9.27,136662320.0,11489449928.6
03690.HK,20260603,85.7,85.75,79.65,80.4,85.5,-5.1,-5.96,83942077.0,6807589549.74
03690.HK,20260604,79.7,80.0,77.9,78.6,80.4,-1.8,-2.24,43047835.0,3383976078.65
03690.HK,20260605,79.0,80.3,77.7,79.95,78.6,1.35,1.72,57489919.0,4561880059.65
03690.HK,20260608,77.3,77.75,75.1,76.25,79.95,-3.7,-4.63,63060620.0,4815023650.55
03690.HK,20260609,76.25,78.3,75.5,77.2,76.25,0.95,1.25,34253879.0,2646545207.9
03690.HK,20260610,77.1,80.45,76.45,79.0,77.2,1.8,2.33,56328337.0,4436839094.84
03690.HK,20260611,78.8,80.1,77.1,78.1,79.0,-0.9,-1.14,34922354.0,2735824984.55
03690.HK,20260612,78.1,78.4,75.7,77.9,78.1,-0.2,-0.26,47407244.0,3674733683.0
03690.HK,20260615,79.5,79.65,77.1,78.25,77.9,0.35,0.45,24420087.0,1909474008.6
03690.HK,20260616,76.95,77.55,74.85,75.3,78.25,-2.95,-3.77,40104507.0,3023165789.95
03690.HK,20260617,75.0,75.95,73.8,74.4,75.3,-0.9,-1.2,22507016.0,1680019988.99
03690.HK,20260618,75.1,76.25,71.1,71.8,74.4,-2.6,-3.49,68421090.0,4959516480.0
03690.HK,20260622,72.2,73.2,69.5,72.0,71.8,0.2,0.28,57148117.0,4077292034.1
03690.HK,20260623,72.7,72.7,69.2,69.6,72.0,-2.4,-3.33,33267703.0,2327085843.75
03690.HK,20260624,69.3,70.0,67.2,67.75,69.6,-1.85,-2.66,53080662.0,3618784009.55
