symbol,asof_date,trade_year,trade_month,trade_dayofweek,fundamental_anchor_date,fundamental_anchor_period_type,fundamental_lag_days,fundamental_quality_flag,fundamental_data_version,fundamental_anchor_score,fundamental_critical_nonnull_count,fundamental_critical_nonnull_ratio,revenue,gross_profit,gross_margin,net_profit,total_assets,total_liabilities,total_equity,current_assets,current_liabilities,borrowings,lease_liabilities,operating_cash_flow,investing_cash_flow,financing_cash_flow,free_cash_inflow,capex_net,net_cash,working_capital,debt_to_asset_ratio,lease_burden_ratio,trade_receivables,contract_assets,inventories,trade_payables,receivables_ratio,contract_assets_ratio,inventory_ratio,payables_ratio,supplier_finance_arrangements,supplier_finance_ratio,receivables_over_6m_ratio,receivables_over_12m_ratio,payables_over_12m_ratio,receivables_loss_allowance_ratio,free_cash_flow_margin,capex_intensity,operating_cash_flow_margin,cash_conversion_quality_score,revenue_jd_group,revenue_external,revenue_integrated_supply_chain,revenue_external_integrated_supply_chain,revenue_other_customers,external_revenue_ratio,jd_group_revenue_ratio,integrated_supply_chain_revenue_ratio,external_isc_revenue_ratio,warehouse_count,external_isc_customer_count,external_isc_arpc,external_isc_customer_yoy,external_isc_arpc_yoy,stock_close,stock_ret_1d,stock_ret_5d,stock_ret_20d,stock_vol_5d,stock_vol_20d,hsi_ret_1d,hsi_ret_5d,hsi_ret_20d,hktech_ret_1d,hktech_ret_5d,hktech_ret_20d,hscei_ret_1d,hscei_ret_5d,hscei_ret_20d,alpha_hsi_5d,alpha_hktech_5d,alpha_hscei_5d,alpha_hsi_20d,alpha_hktech_20d,alpha_hscei_20d,ret_9618_1d,ret_9618_5d,ret_9618_20d,ret_3690_1d,ret_3690_5d,ret_3690_20d,ret_9988_1d,ret_9988_5d,ret_9988_20d,ret_2057_1d,ret_2057_5d,ret_2057_20d,ret_1519_1d,ret_1519_5d,ret_1519_20d,alpha_vs_9618_5d,alpha_vs_3690_5d,alpha_vs_9988_5d,alpha_vs_2057_5d,alpha_vs_1519_5d,row_quality_flag,missing_ratio,feature_count_total,feature_count_nonnull,build_version,built_at
02618.HK,2025-01-02,2025,1,3,2024-12-31,annual,2,CONFIRMED,V2.5,3412.0,10,1.0,182837.584,18698.413,0.102,7087.553,117867.788,54900.868,62966.92,67740.188,39712.049,7228.23,15941.503,20790.727,-840.448,-11487.704,8100.0,4300.0,22734.265000000003,28028.139,46.57834759739446,29.036886994209272,15744.864,333.561,645.798,8568.084,8.611393596187531,0.1824356856520265,0.3532085613207403,4.686172182192038,101.446,1.1839986629449477,1.7092875492605082,1.1018196155902014,2.8062633372875427,2.410233584742301,4.43016136113459,2.3518140559109555,11.37114511423428,2.75975151804675,55061.616,127775.968,87355.44,32300.0,95482.144,69.88495756977406,30.11504243022594,47.77761666332236,17.665952094400897,1600,80703.0,400156.0,8.015900634419253,-4.8070358237999065,12.68,-0.009375000000000022,-0.06074074074074076,-0.10070921985815606,0.006917131949964947,0.01758264962495336,-0.021766255648693056,-0.01306685617405312,0.0037354944606959872,-0.02474871925713551,-0.02250412194219198,-0.010989684404044575,-0.027343358320447986,-0.01709074036658409,0.011629287303927871,-0.04767388456668764,-0.03823661879854878,-0.04365000037415667,-0.10444471431885205,-0.08971953545411149,-0.11233850716208393,-0.02573529411764708,-0.05085959885386815,-0.1004752206381535,-0.007251153592616966,-0.03213367609254503,-0.10035842293906816,-0.013349514563106846,0.0037037037037037646,-0.03214285714285714,-0.00793126239259756,-0.032860824742268036,0.008736559139784772,-0.04404567699836859,-0.050243111831442366,0.0068728522336769515,-0.009881141886872613,-0.028607064648195735,-0.06444444444444453,-0.027879915998472726,-0.010497628909298395,PASS,0.0,93,93,model_features_v2.0,2026-03-23T08:43:03Z
02618.HK,2025-01-03,2025,1,4,2024-12-31,annual,3,CONFIRMED,V2.5,3412.0,10,1.0,182837.584,18698.413,0.102,7087.553,117867.788,54900.868,62966.92,67740.188,39712.049,7228.23,15941.503,20790.727,-840.448,-11487.704,8100.0,4300.0,22734.265000000003,28028.139,46.57834759739446,29.036886994209272,15744.864,333.561,645.798,8568.084,8.611393596187531,0.1824356856520265,0.3532085613207403,4.686172182192038,101.446,1.1839986629449477,1.7092875492605082,1.1018196155902014,2.8062633372875427,2.410233584742301,4.43016136113459,2.3518140559109555,11.37114511423428,2.75975151804675,55061.616,127775.968,87355.44,32300.0,95482.144,69.88495756977406,30.11504243022594,47.77761666332236,17.665952094400897,1600,80703.0,400156.0,8.015900634419253,-4.8070358237999065,12.86,0.014195583596214423,-0.038863976083707175,-0.11675824175824179,0.013977015779139883,0.015901584462670926,0.006978941381988513,-0.016818346237416293,0.0007064607481293006,0.010462349083081524,-0.023189466795336733,-0.003365783987741011,0.009691720540355941,-0.01980308358605598,0.012323006475821519,-0.022045629846290882,-0.015674509288370442,-0.019060892497651194,-0.11746470250637109,-0.11339245777050078,-0.1290812482340633,0.012830188679245236,-0.0475514549325764,-0.07639366827253968,0.02058432934926957,-0.009026434558349505,-0.07129909365558917,0.01599015990159902,-0.00661455201443184,-0.021906453522794633,0.00799467021985345,-0.03814367450731082,0.01001335113484636,-0.03412969283276457,-0.09439999999999993,-0.022452504317789224,0.008687478848869223,-0.02983754152535767,-0.032249424069275334,-0.0007203015763963538,0.055536023916292754,PASS,0.0,93,93,model_features_v2.0,2026-03-23T08:43:03Z
02618.HK,2025-01-06,2025,1,0,2024-12-31,annual,6,CONFIRMED,V2.5,3412.0,10,1.0,182837.584,18698.413,0.102,7087.553,117867.788,54900.868,62966.92,67740.188,39712.049,7228.23,15941.503,20790.727,-840.448,-11487.704,8100.0,4300.0,22734.265000000003,28028.139,46.57834759739446,29.036886994209272,15744.864,333.561,645.798,8568.084,8.611393596187531,0.1824356856520265,0.3532085613207403,4.686172182192038,101.446,1.1839986629449477,1.7092875492605082,1.1018196155902014,2.8062633372875427,2.410233584742301,4.43016136113459,2.3518140559109555,11.37114511423428,2.75975151804675,55061.616,127775.968,87355.44,32300.0,95482.144,69.88495756977406,30.11504243022594,47.77761666332236,17.665952094400897,1600,80703.0,400156.0,8.015900634419253,-4.8070358237999065,12.08,-0.06065318818040433,-0.0778625954198473,-0.16689655172413798,0.027773584665381258,0.020026664938960857,-0.0036426627773810116,-0.020017958772472033,-0.0027438323288991873,-0.0018259779429131706,-0.0316199524521934,-0.0020344955994949787,-0.003324329457949915,-0.023254142984298842,0.007124909028757953,-0.05784463664737527,-0.0462426429676539,-0.05460845243554846,-0.1641527193952388,-0.164862056124643,-0.17402146075289593,0.011177347242921076,-0.0014716703458426128,-0.04705056179775291,-0.01951854261548469,-0.025856496444731758,-0.08777239709443097,-0.005447941888619745,-0.0024286581663629514,-0.022023809523809446,-0.010575016523463487,-0.024755700325732932,0.008760107816711438,0.03356890459363959,-0.039408866995073955,-0.008474576271186529,-0.07639092507400469,-0.052006098975115544,-0.07543393725348435,-0.05310689509411437,-0.03845372842477335,PASS,0.0,93,93,model_features_v2.0,2026-03-23T08:43:03Z
02618.HK,2025-01-07,2025,1,1,2024-12-31,annual,7,CONFIRMED,V2.5,3412.0,10,1.0,182837.584,18698.413,0.102,7087.553,117867.788,54900.868,62966.92,67740.188,39712.049,7228.23,15941.503,20790.727,-840.448,-11487.704,8100.0,4300.0,22734.265000000003,28028.139,46.57834759739446,29.036886994209272,15744.864,333.561,645.798,8568.084,8.611393596187531,0.1824356856520265,0.3532085613207403,4.686172182192038,101.446,1.1839986629449477,1.7092875492605082,1.1018196155902014,2.8062633372875427,2.410233584742301,4.43016136113459,2.3518140559109555,11.37114511423428,2.75975151804675,55061.616,127775.968,87355.44,32300.0,95482.144,69.88495756977406,30.11504243022594,47.77761666332236,17.665952094400897,1600,80703.0,400156.0,8.015900634419253,-4.8070358237999065,12.26,0.01490066225165565,-0.059815950920245387,-0.132956152758133,0.030922534126883294,0.020331121289170105,-0.012226049088061908,-0.02963063495500806,-0.005769808859105274,-0.009164793359847767,-0.032395680575923236,-0.003528426486538505,-0.01202021724761615,-0.031697088674144225,0.005072628924677636,-0.030185315965237325,-0.02742027034432215,-0.02811886224610116,-0.12718634389902772,-0.1294277262715945,-0.13802878168281063,-0.005158437730287346,0.0022271714922050823,-0.050632911392405,-0.013271400132713995,-0.026832460732984398,-0.06595477386934678,-0.00912964090079127,-0.007317073170731603,-0.006711409395973145,-0.011356045424181671,-0.02887139107611547,0.016483516483516425,0.017094017094017255,-0.026186579378068786,0.0050675675675675436,-0.06204312241245047,-0.03298349018726099,-0.052498877749513784,-0.030944559844129915,-0.0336293715421766,PASS,0.0,93,93,model_features_v2.0,2026-03-23T08:43:03Z
02618.HK,2025-01-08,2025,1,2,2024-12-31,annual,8,CONFIRMED,V2.5,3412.0,10,1.0,182837.584,18698.413,0.102,7087.553,117867.788,54900.868,62966.92,67740.188,39712.049,7228.23,15941.503,20790.727,-840.448,-11487.704,8100.0,4300.0,22734.265000000003,28028.139,46.57834759739446,29.036886994209272,15744.864,333.561,645.798,8568.084,8.611393596187531,0.1824356856520265,0.3532085613207403,4.686172182192038,101.446,1.1839986629449477,1.7092875492605082,1.1018196155902014,2.8062633372875427,2.410233584742301,4.43016136113459,2.3518140559109555,11.37114511423428,2.75975151804675,55061.616,127775.968,87355.44,32300.0,95482.144,69.88495756977406,30.11504243022594,47.77761666332236,17.665952094400897,1600,80703.0,400156.0,8.015900634419253,-4.8070358237999065,11.96,-0.02446982055464919,-0.06562499999999993,-0.16713091922005563,0.03135896279713752,0.019970046446081694,-0.00862523769024226,-0.03888893043103303,-0.02949836025138608,-0.01088454119592186,-0.035968228177014505,-0.035221125956122035,-0.008377657935007554,-0.04104866174426203,-0.02044403897355529,-0.026736069568966903,-0.029656771822985428,-0.024576338255737906,-0.13763255896866955,-0.1319097932639336,-0.14668688024650034,0.0022222222222223476,-0.0051470588235292825,-0.07708049113233273,-0.01344989912575656,-0.032959789057350086,-0.0966748768472907,-0.00614250614250611,-0.01820388349514568,-0.03633114949374627,-0.00878378378378386,-0.030403172504957166,-0.001361470388019148,-0.021848739495798353,-0.05057096247960846,-0.05057096247960846,-0.06047794117647065,-0.03266521094264985,-0.047421116504854255,-0.03522182749504277,-0.015054037520391472,PASS,0.0,93,93,model_features_v2.0,2026-03-23T08:43:03Z
02618.HK,2025-01-09,2025,1,3,2024-12-31,annual,9,CONFIRMED,V2.5,3412.0,10,1.0,182837.584,18698.413,0.102,7087.553,117867.788,54900.868,62966.92,67740.188,39712.049,7228.23,15941.503,20790.727,-840.448,-11487.704,8100.0,4300.0,22734.265000000003,28028.139,46.57834759739446,29.036886994209272,15744.864,333.561,645.798,8568.084,8.611393596187531,0.1824356856520265,0.3532085613207403,4.686172182192038,101.446,1.1839986629449477,1.7092875492605082,1.1018196155902014,2.8062633372875427,2.410233584742301,4.43016136113459,2.3518140559109555,11.37114511423428,2.75975151804675,55061.616,127775.968,87355.44,32300.0,95482.144,69.88495756977406,30.11504243022594,47.77761666332236,17.665952094400897,1600,80703.0,400156.0,8.015900634419253,-4.8070358237999065,12.08,0.010033444816053505,-0.04731861198738163,-0.18157181571815717,0.03308594352983475,0.018593369877849267,-0.002020244981286168,-0.019488547299845282,-0.057470110105324324,0.0009611366485584583,-0.010554144205547566,-0.07414104105823749,-0.0016707584649725549,-0.015737803900941927,-0.051856653141976294,-0.02783006468753635,-0.036764467781834065,-0.031580808086439704,-0.12410170561283285,-0.10743077465991968,-0.12971516257618088,-0.015521064301552312,0.005283018867924483,-0.12483574244415241,-0.015678254942058545,-0.04116865869853914,-0.15899825276645307,-0.00370828182941918,-0.008610086100861003,-0.07249712313003465,-0.005453306066802832,-0.027981345769486965,-0.026684456304202797,0.1030927835051545,0.09556313993174048,0.02719999999999989,-0.052601630855306114,-0.006149953288842491,-0.03870852588652063,-0.019337266217894666,-0.1428817519191221,PASS,0.0,93,93,model_features_v2.0,2026-03-23T08:43:03Z
02618.HK,2025-01-10,2025,1,4,2024-12-31,annual,10,CONFIRMED,V2.5,3412.0,10,1.0,182837.584,18698.413,0.102,7087.553,117867.788,54900.868,62966.92,67740.188,39712.049,7228.23,15941.503,20790.727,-840.448,-11487.704,8100.0,4300.0,22734.265000000003,28028.139,46.57834759739446,29.036886994209272,15744.864,333.561,645.798,8568.084,8.611393596187531,0.1824356856520265,0.3532085613207403,4.686172182192038,101.446,1.1839986629449477,1.7092875492605082,1.1018196155902014,2.8062633372875427,2.410233584742301,4.43016136113459,2.3518140559109555,11.37114511423428,2.75975151804675,55061.616,127775.968,87355.44,32300.0,95482.144,69.88495756977406,30.11504243022594,47.77761666332236,17.665952094400897,1600,80703.0,400156.0,8.015900634419253,-4.8070358237999065,11.82,-0.021523178807946963,-0.08087091757387244,-0.18482758620689654,0.030529311782767615,0.018700041764693646,-0.009178369607642844,-0.03522117865798391,-0.06139396433902733,-0.011763778139597503,-0.03231799269608826,-0.07210895612747548,-0.01158054985363044,-0.03647432292755426,-0.0558446906693143,-0.04564973891588853,-0.048552924877784176,-0.04439659464631818,-0.12343362186786921,-0.11271863007942107,-0.12898289553758224,-0.017267267267267128,-0.024590163934426146,-0.1461187214611872,-0.02977839335180066,-0.08848405985686403,-0.1845168800931316,-0.012406947890818865,-0.03631961259079908,-0.0808314087759815,-0.02673063742289239,-0.061467283542630646,-0.02806297056810403,0.015576323987538832,0.15194346289752647,0.0830564784053156,-0.05628075363944629,0.007613142282991592,-0.04455130498307336,-0.01940363403124179,-0.2328143804713989,PASS,0.0,93,93,model_features_v2.0,2026-03-23T08:43:03Z
02618.HK,2025-01-13,2025,1,0,2024-12-31,annual,13,CONFIRMED,V2.5,3412.0,10,1.0,182837.584,18698.413,0.102,7087.553,117867.788,54900.868,62966.92,67740.188,39712.049,7228.23,15941.503,20790.727,-840.448,-11487.704,8100.0,4300.0,22734.265000000003,28028.139,46.57834759739446,29.036886994209272,15744.864,333.561,645.798,8568.084,8.611393596187531,0.1824356856520265,0.3532085613207403,4.686172182192038,101.446,1.1839986629449477,1.7092875492605082,1.1018196155902014,2.8062633372875427,2.410233584742301,4.43016136113459,2.3518140559109555,11.37114511423428,2.75975151804675,55061.616,127775.968,87355.44,32300.0,95482.144,69.88495756977406,30.11504243022594,47.77761666332236,17.665952094400897,1600,80703.0,400156.0,8.015900634419253,-4.8070358237999065,11.76,-0.005076142131979711,-0.026490066225165587,-0.1878453038674034,0.01784571593153133,0.018628517378752183,-0.009974145378611077,-0.04135199146294577,-0.06355280686478082,-0.009129698039344492,-0.03939860025301012,-0.06833378203628748,-0.007891962653312823,-0.04089003407337466,-0.05595925836867777,0.014861925237780182,0.012908534027844532,0.014399967848209072,-0.12429249700262257,-0.11951152183111591,-0.13188604549872562,-0.014514896867838134,-0.04937361827560793,-0.13422818791946312,-0.01927194860813697,-0.08825481088254805,-0.17724550898203595,-0.018844221105527637,-0.049300060864272854,-0.0939675174013922,-0.011267605633802802,-0.06212424849699383,-0.043596730245231696,-0.04447852760736182,0.06495726495726517,0.011363636363636465,0.022883552050442346,0.061764744657382464,0.022809994639107267,0.03563418227182824,-0.09144733118243076,PASS,0.0,93,93,model_features_v2.0,2026-03-23T08:43:03Z
02618.HK,2025-01-14,2025,1,1,2024-12-31,annual,14,CONFIRMED,V2.5,3412.0,10,1.0,182837.584,18698.413,0.102,7087.553,117867.788,54900.868,62966.92,67740.188,39712.049,7228.23,15941.503,20790.727,-840.448,-11487.704,8100.0,4300.0,22734.265000000003,28028.139,46.57834759739446,29.036886994209272,15744.864,333.561,645.798,8568.084,8.611393596187531,0.1824356856520265,0.3532085613207403,4.686172182192038,101.446,1.1839986629449477,1.7092875492605082,1.1018196155902014,2.8062633372875427,2.410233584742301,4.43016136113459,2.3518140559109555,11.37114511423428,2.75975151804675,55061.616,127775.968,87355.44,32300.0,95482.144,69.88495756977406,30.11504243022594,47.77761666332236,17.665952094400897,1600,80703.0,400156.0,8.015900634419253,-4.8070358237999065,12.1,0.028911564625850428,-0.013050570962479635,-0.140625,0.02233235450699853,0.020075614689706978,0.018312887368642894,-0.011713539679487295,-0.05771766015183566,0.030820100807215756,-0.0006337834114081842,-0.05407296960107111,0.020990062869945536,-0.008844349342275404,-0.050643364822401726,-0.0013370312829923403,-0.012416787551071451,-0.004206221620204231,-0.08290733984816434,-0.08655203039892889,-0.08998163517759827,0.05348837209302326,0.006666666666666599,-0.0805142083897159,0.05021834061135366,-0.029589778076664297,-0.1456483126110124,0.023687580025608224,-0.017813267813267863,-0.09147727272727268,0.03774928774928754,-0.01554054054054066,-0.01554054054054066,0.02728731942215079,0.07563025210084029,0.032258064516129004,-0.019717237629146234,0.016539207114184662,0.004762696850788228,0.0024899695780610243,-0.08868082306331992,PASS,0.0,93,93,model_features_v2.0,2026-03-23T08:43:03Z
02618.HK,2025-01-15,2025,1,2,2024-12-31,annual,15,CONFIRMED,V2.5,3412.0,10,1.0,182837.584,18698.413,0.102,7087.553,117867.788,54900.868,62966.92,67740.188,39712.049,7228.23,15941.503,20790.727,-840.448,-11487.704,8100.0,4300.0,22734.265000000003,28028.139,46.57834759739446,29.036886994209272,15744.864,333.561,645.798,8568.084,8.611393596187531,0.1824356856520265,0.3532085613207403,4.686172182192038,101.446,1.1839986629449477,1.7092875492605082,1.1018196155902014,2.8062633372875427,2.410233584742301,4.43016136113459,2.3518140559109555,11.37114511423428,2.75975151804675,55061.616,127775.968,87355.44,32300.0,95482.144,69.88495756977406,30.11504243022594,47.77761666332236,17.665952094400897,1600,80703.0,400156.0,8.015900634419253,-4.8070358237999065,11.98,-0.009917355371900749,0.0016722408026754731,-0.13688760806916433,0.019511135321585375,0.020021437060912355,0.003449050925661057,0.0003231354617050375,-0.0343078346662502,0.0026998832731317535,0.013091424060918566,-0.025852754710242065,0.003469154995491719,0.002996888072663406,-0.024349482842120795,0.0013491053409704357,-0.011419183258243093,-0.001324647269987933,-0.10257977340291413,-0.11103485335892227,-0.11253812522704354,0.00883002207505501,0.013303769401330268,-0.05055401662049874,0.001386001386001201,-0.01499659168370815,-0.11131611316113155,0.0,-0.011742892459826959,-0.0676384839650146,-0.011667810569663595,-0.018404907975460016,-0.052631578947368474,-0.017187500000000022,0.0807560137457044,0.03966942148760344,-0.011631528598654794,0.016668832486383622,0.013415133262502432,0.02007714877813549,-0.07908377294302893,PASS,0.0,93,93,model_features_v2.0,2026-03-23T08:43:03Z
02618.HK,2025-01-16,2025,1,3,2024-12-31,annual,16,CONFIRMED,V2.5,3412.0,10,1.0,182837.584,18698.413,0.102,7087.553,117867.788,54900.868,62966.92,67740.188,39712.049,7228.23,15941.503,20790.727,-840.448,-11487.704,8100.0,4300.0,22734.265000000003,28028.139,46.57834759739446,29.036886994209272,15744.864,333.561,645.798,8568.084,8.611393596187531,0.1824356856520265,0.3532085613207403,4.686172182192038,101.446,1.1839986629449477,1.7092875492605082,1.1018196155902014,2.8062633372875427,2.410233584742301,4.43016136113459,2.3518140559109555,11.37114511423428,2.75975151804675,55061.616,127775.968,87355.44,32300.0,95482.144,69.88495756977406,30.11504243022594,47.77761666332236,17.665952094400897,1600,80703.0,400156.0,8.015900634419253,-4.8070358237999065,12.08,0.008347245409014992,0.0,-0.13218390804597702,0.019318471116110274,0.020201908490790746,0.012279329070152611,0.014656286689441078,-0.013770813452963382,0.0122783177008976,0.024545753953343796,0.0006047976079914807,0.012430781384392464,0.017164359080723113,-0.004756995756156512,-0.014656286689441078,-0.024545753953343796,-0.017164359080723113,-0.11841309459301363,-0.1327887056539685,-0.1274269122898205,0.02188183807439814,0.05180180180180183,-0.027083333333333348,0.02145328719723172,0.02216066481994461,-0.07518796992481203,0.0062539086929331855,-0.0018610421836227076,-0.0462359217545939,0.01388888888888884,0.0006854009595613775,-0.03566710700132103,0.01748807631160587,-0.0031152647975076775,0.06844741235392315,-0.05180180180180183,-0.02216066481994461,0.0018610421836227076,-0.0006854009595613775,0.0031152647975076775,PASS,0.0,93,93,model_features_v2.0,2026-03-23T08:43:03Z
02618.HK,2025-01-17,2025,1,4,2024-12-31,annual,17,CONFIRMED,V2.5,3412.0,10,1.0,182837.584,18698.413,0.102,7087.553,117867.788,54900.868,62966.92,67740.188,39712.049,7228.23,15941.503,20790.727,-840.448,-11487.704,8100.0,4300.0,22734.265000000003,28028.139,46.57834759739446,29.036886994209272,15744.864,333.561,645.798,8568.084,8.611393596187531,0.1824356856520265,0.3532085613207403,4.686172182192038,101.446,1.1839986629449477,1.7092875492605082,1.1018196155902014,2.8062633372875427,2.410233584742301,4.43016136113459,2.3518140559109555,11.37114511423428,2.75975151804675,55061.616,127775.968,87355.44,32300.0,95482.144,69.88495756977406,30.11504243022594,47.77761666332236,17.665952094400897,1600,80703.0,400156.0,8.015900634419253,-4.8070358237999065,12.34,0.021523178807947074,0.04399323181049075,-0.09927007299270074,0.01665410657165807,0.02103963684773459,0.0031332451291792296,0.027264062810626655,-0.0059095006822167395,0.013994752533747379,0.05125069822240791,0.020530498418803056,0.001415781530939686,0.030538645757527627,0.0004743009884384808,0.016729168999864097,-0.007257466411917157,0.013454586052963124,-0.093360572310484,-0.1198005714115038,-0.09974437398113922,0.047109207708779355,0.1207028265851795,0.03164556962025311,0.0013550135501356753,0.054960742326909395,-0.06809583858764179,0.003729024238657619,0.014447236180904488,-0.03177458033573144,0.03013698630136985,0.05915492957746493,-0.019556714471968717,-0.010937500000000044,-0.02914110429447847,0.07288135593220324,-0.07670959477468875,-0.010967510516418644,0.029545995629586264,-0.01516169776697418,0.07313433610496922,PASS,0.0,93,93,model_features_v2.0,2026-03-23T08:43:03Z
02618.HK,2025-01-20,2025,1,0,2024-12-31,annual,20,CONFIRMED,V2.5,3412.0,10,1.0,182837.584,18698.413,0.102,7087.553,117867.788,54900.868,62966.92,67740.188,39712.049,7228.23,15941.503,20790.727,-840.448,-11487.704,8100.0,4300.0,22734.265000000003,28028.139,46.57834759739446,29.036886994209272,15744.864,333.561,645.798,8568.084,8.611393596187531,0.1824356856520265,0.3532085613207403,4.686172182192038,101.446,1.1839986629449477,1.7092875492605082,1.1018196155902014,2.8062633372875427,2.410233584742301,4.43016136113459,2.3518140559109555,11.37114511423428,2.75975151804675,55061.616,127775.968,87355.44,32300.0,95482.144,69.88495756977406,30.11504243022594,47.77761666332236,17.665952094400897,1600,80703.0,400156.0,8.015900634419253,-4.8070358237999065,12.68,0.027552674230145957,0.07823129251700678,-0.0877697841726619,0.016266415651437962,0.021858218782898734,0.017450416307956518,0.055720154666649924,0.0030838856153299066,0.025899772057001336,0.08841474968734597,0.02827349318057215,0.017851075116339876,0.05727887392035247,0.00764817263507811,0.022511137850356855,-0.010183457170339194,0.02095241859665431,-0.09085366978799181,-0.11604327735323405,-0.09541795680774001,0.07293796864349034,0.22015503875969,0.09305555555555567,0.05209742895805136,0.13173216885007277,-0.028732042473454067,0.04705882352941182,0.0825864276568502,0.005948839976204656,0.003989361702127603,0.07549857549857553,-0.029562982005141403,0.00789889415481837,0.024077046548956593,0.05280528052805278,-0.14192374624268322,-0.053500876333065994,-0.004355135139843425,0.002732717018431252,0.054154245968050185,PASS,0.0,93,93,model_features_v2.0,2026-03-23T08:43:03Z
02618.HK,2025-01-21,2025,1,1,2024-12-31,annual,21,CONFIRMED,V2.5,3412.0,10,1.0,182837.584,18698.413,0.102,7087.553,117867.788,54900.868,62966.92,67740.188,39712.049,7228.23,15941.503,20790.727,-840.448,-11487.704,8100.0,4300.0,22734.265000000003,28028.139,46.57834759739446,29.036886994209272,15744.864,333.561,645.798,8568.084,8.611393596187531,0.1824356856520265,0.3532085613207403,4.686172182192038,101.446,1.1839986629449477,1.7092875492605082,1.1018196155902014,2.8062633372875427,2.410233584742301,4.43016136113459,2.3518140559109555,11.37114511423428,2.75975151804675,55061.616,127775.968,87355.44,32300.0,95482.144,69.88495756977406,30.11504243022594,47.77761666332236,17.665952094400897,1600,80703.0,400156.0,8.015900634419253,-4.8070358237999065,12.98,0.023659305993690927,0.07272727272727275,-0.06213872832369938,0.015307656948645394,0.022738084473445816,0.009070647567150258,0.04613840533034197,0.017923798038831595,0.021439763231197784,0.07851030780967094,0.05727034983905743,0.011770776100036517,0.047731908196671835,0.02359437017573307,0.026588867396930782,-0.005783035082398191,0.024995364530600916,-0.08006252636253097,-0.11940907816275681,-0.08573309849943245,0.006353240152477735,0.16556291390728473,0.11785462244177847,0.019292604501607746,0.09840609840609837,0.0006313131313131493,0.002956830277942135,0.06066291432145077,0.022302591922845005,0.009271523178808083,0.04598490048043935,-0.012313674659753748,0.0031347962382446415,0.0,0.0596026490066226,-0.09283564118001197,-0.025678825678825623,0.012064358405821984,0.0267423722468334,0.07272727272727275,PASS,0.0,93,93,model_features_v2.0,2026-03-23T08:43:03Z
02618.HK,2025-01-22,2025,1,2,2024-12-31,annual,22,CONFIRMED,V2.5,3412.0,10,1.0,182837.584,18698.413,0.102,7087.553,117867.788,54900.868,62966.92,67740.188,39712.049,7228.23,15941.503,20790.727,-840.448,-11487.704,8100.0,4300.0,22734.265000000003,28028.139,46.57834759739446,29.036886994209272,15744.864,333.561,645.798,8568.084,8.611393596187531,0.1824356856520265,0.3532085613207403,4.686172182192038,101.446,1.1839986629449477,1.7092875492605082,1.1018196155902014,2.8062633372875427,2.410233584742301,4.43016136113459,2.3518140559109555,11.37114511423428,2.75975151804675,55061.616,127775.968,87355.44,32300.0,95482.144,69.88495756977406,30.11504243022594,47.77761666332236,17.665952094400897,1600,80703.0,400156.0,8.015900634419253,-4.8070358237999065,12.66,-0.024653312788906034,0.056761268781302165,-0.05663189269746649,0.02134697697443896,0.022410359951186346,-0.01630215029430704,0.025546936208361792,0.002944621641219669,-0.023995892383866124,0.04979616342674609,0.03080426354408794,-0.019634217251837893,0.02360945244407686,0.004655768917149805,0.031214332572940373,0.006965105354556078,0.033151816337225304,-0.05957651433868616,-0.08743615624155443,-0.061287661614616296,-0.04292929292929304,0.10576221735959157,0.10334788937409023,-0.03785488958990535,0.05536332179930792,-0.038461538461538436,-0.030660377358490476,0.02814258911819878,0.02621722846441954,-0.011154855643044748,0.046527777777777724,-0.01631853785900783,-0.04375000000000007,-0.027027027027026973,0.0016366612111291534,-0.049000948578289405,0.001397946981994247,0.028618679663103386,0.010233491003524442,0.08378829580832914,PASS,0.0,93,93,model_features_v2.0,2026-03-23T08:43:03Z
02618.HK,2025-01-23,2025,1,3,2024-12-31,annual,23,CONFIRMED,V2.5,3412.0,10,1.0,182837.584,18698.413,0.102,7087.553,117867.788,54900.868,62966.92,67740.188,39712.049,7228.23,15941.503,20790.727,-840.448,-11487.704,8100.0,4300.0,22734.265000000003,28028.139,46.57834759739446,29.036886994209272,15744.864,333.561,645.798,8568.084,8.611393596187531,0.1824356856520265,0.3532085613207403,4.686172182192038,101.446,1.1839986629449477,1.7092875492605082,1.1018196155902014,2.8062633372875427,2.410233584742301,4.43016136113459,2.3518140559109555,11.37114511423428,2.75975151804675,55061.616,127775.968,87355.44,32300.0,95482.144,69.88495756977406,30.11504243022594,47.77761666332236,17.665952094400897,1600,80703.0,400156.0,8.015900634419253,-4.8070358237999065,12.62,-0.003159557661927437,0.04470198675496673,-0.06518518518518523,0.02234013248142868,0.022318103239824354,-0.0039542398238110454,0.009100599347740213,-0.00918215592816618,-0.014321919019272822,0.02221004806027116,0.012927756653992262,-0.0018001490327465008,0.009221392381206561,-0.006879805116635884,0.035601387407226515,0.022491938694695568,0.035480594373760166,-0.056003029257019055,-0.0781129418391775,-0.05830538006854935,-0.0026385224274406704,0.07922912205567445,0.08309455587392556,-0.009180327868852478,0.02371273712737132,-0.028920308483290524,0.008515815085158085,0.03045369794903663,0.023456790123456805,-0.040477770404777624,-0.009589041095890427,-0.06829896907216493,-0.03104575163398704,-0.07343750000000004,-0.03889789303079416,-0.03452713530070772,0.020989249627595408,0.014248288805930098,0.054291027850857154,0.11813948675496677,PASS,0.0,93,93,model_features_v2.0,2026-03-23T08:43:03Z
02618.HK,2025-01-24,2025,1,4,2024-12-31,annual,24,CONFIRMED,V2.5,3412.0,10,1.0,182837.584,18698.413,0.102,7087.553,117867.788,54900.868,62966.92,67740.188,39712.049,7228.23,15941.503,20790.727,-840.448,-11487.704,8100.0,4300.0,22734.265000000003,28028.139,46.57834759739446,29.036886994209272,15744.864,333.561,645.798,8568.084,8.611393596187531,0.1824356856520265,0.3532085613207403,4.686172182192038,101.446,1.1839986629449477,1.7092875492605082,1.1018196155902014,2.8062633372875427,2.410233584742301,4.43016136113459,2.3518140559109555,11.37114511423428,2.75975151804675,55061.616,127775.968,87355.44,32300.0,95482.144,69.88495756977406,30.11504243022594,47.77761666332236,17.665952094400897,1600,80703.0,400156.0,8.015900634419253,-4.8070358237999065,13.0,0.030110935023771823,0.05348460291734192,-0.02840059790732441,0.02382585089035408,0.02346243414834504,0.018559370901131578,0.024618490752172706,-0.0015971508023817638,0.03147616643191875,0.039833094822947945,0.033267889033088194,0.02064983165924028,0.02860536376413969,0.0011281934171156749,0.02886611216516921,0.013651508094393972,0.024879239153202226,-0.026803447104942646,-0.061668486940412603,-0.029528791324440085,0.029761904761904656,0.06134969325153383,0.10503903477643717,-0.007279947054930513,0.014884979702300294,-0.03288201160541582,0.02231604342581406,0.049535603715170184,0.019242333132892364,0.007607192254495132,-0.03125000000000011,-0.07374443738080116,0.02360876897133224,-0.041074249605055235,-0.028799999999999937,-0.007865090334191915,0.03859962321504162,0.003948999202171732,0.08473460291734203,0.09455885252239715,PASS,0.0,93,93,model_features_v2.0,2026-03-23T08:43:03Z
02618.HK,2025-01-27,2025,1,0,2024-12-31,annual,27,CONFIRMED,V2.5,3412.0,10,1.0,182837.584,18698.413,0.102,7087.553,117867.788,54900.868,62966.92,67740.188,39712.049,7228.23,15941.503,20790.727,-840.448,-11487.704,8100.0,4300.0,22734.265000000003,28028.139,46.57834759739446,29.036886994209272,15744.864,333.561,645.798,8568.084,8.611393596187531,0.1824356856520265,0.3532085613207403,4.686172182192038,101.446,1.1839986629449477,1.7092875492605082,1.1018196155902014,2.8062633372875427,2.410233584742301,4.43016136113459,2.3518140559109555,11.37114511423428,2.75975151804675,55061.616,127775.968,87355.44,32300.0,95482.144,69.88495756977406,30.11504243022594,47.77761666332236,17.665952094400897,1600,80703.0,400156.0,8.015900634419253,-4.8070358237999065,13.22,0.01692307692307704,0.04258675078864371,0.009160305343511421,0.022376571349049804,0.02331142322888321,0.0065572986202164785,0.013648629591469508,0.005341341114140752,0.006383102063075352,0.020051357938718706,0.03277449604392557,0.009661974140892315,0.020329739369098654,0.010601831636219083,0.028938121197174205,0.022535392849925007,0.02225701141954506,0.0038189642293706694,-0.02361419070041415,-0.0014415262927076622,0.010276172125883276,-0.0006353240152477957,0.1574687270051509,-0.002000000000000113,-0.03729903536977497,-0.03232062055591467,0.029498525073746285,0.03193376700177408,0.059502125075895584,0.0054907343857242275,-0.0298013245033113,-0.0456026058631922,0.029654036243822013,-0.02037617554858928,0.026272577996715896,0.04322207480389151,0.07988578615841868,0.01065298378686963,0.07238807529195501,0.062962926337233,PASS,0.0,93,93,model_features_v2.0,2026-03-23T08:43:03Z
02618.HK,2025-01-28,2025,1,1,2024-12-31,annual,28,CONFIRMED,V2.5,3412.0,10,1.0,182837.584,18698.413,0.102,7087.553,117867.788,54900.868,62966.92,67740.188,39712.049,7228.23,15941.503,20790.727,-840.448,-11487.704,8100.0,4300.0,22734.265000000003,28028.139,46.57834759739446,29.036886994209272,15744.864,333.561,645.798,8568.084,8.611393596187531,0.1824356856520265,0.3532085613207403,4.686172182192038,101.446,1.1839986629449477,1.7092875492605082,1.1018196155902014,2.8062633372875427,2.410233584742301,4.43016136113459,2.3518140559109555,11.37114511423428,2.75975151804675,55061.616,127775.968,87355.44,32300.0,95482.144,69.88495756977406,30.11504243022594,47.77761666332236,17.665952094400897,1600,80703.0,400156.0,8.015900634419253,-4.8070358237999065,13.34,0.009077155824508187,0.027734976887519247,0.02300613496932513,0.020815040284918453,0.023348082279959676,0.0013536147802455378,0.005896585938413246,0.009165518211783574,0.007742130931402524,0.00637234432390521,0.049555614806914505,-9.212966009575219e-05,0.008366480666319731,0.013961978141062703,0.021838390949106,0.021362632563614037,0.019368496221199516,0.013840616757541557,-0.026549479837589374,0.009044156828262429,-0.00254291163382081,-0.009469696969697017,0.16481069042316276,-0.01002004008016033,-0.0649842271293376,-0.030104712041884918,0.012034383954154793,0.041273584905660465,0.076829268292683,0.030716723549488067,-0.009186351706036766,-0.009186351706036766,-0.0048000000000000265,-0.028125000000000067,0.018003273322422242,0.037204673857216264,0.09271920401685685,-0.013538608018141218,0.03692132859355601,0.055859976887519314,PASS,0.0,93,93,model_features_v2.0,2026-03-23T08:43:03Z
02618.HK,2025-02-03,2025,2,0,2024-12-31,annual,34,CONFIRMED,V2.5,3412.0,10,1.0,182837.584,18698.413,0.102,7087.553,117867.788,54900.868,62966.92,67740.188,39712.049,7228.23,15941.503,20790.727,-840.448,-11487.704,8100.0,4300.0,22734.265000000003,28028.139,46.57834759739446,29.036886994209272,15744.864,333.561,645.798,8568.084,8.611393596187531,0.1824356856520265,0.3532085613207403,4.686172182192038,101.446,1.1839986629449477,1.7092875492605082,1.1018196155902014,2.8062633372875427,2.410233584742301,4.43016136113459,2.3518140559109555,11.37114511423428,2.75975151804675,55061.616,127775.968,87355.44,32300.0,95482.144,69.88495756977406,30.11504243022594,47.77761666332236,17.665952094400897,1600,80703.0,400156.0,8.015900634419253,-4.8070358237999065,12.84,-0.03748125937031488,0.014218009478673022,0.0031249999999998224,0.025702212728762275,0.024558044107964815,-0.0003881313871717529,0.02216973047363391,0.007841993624111643,0.0029278330436550704,0.034133797851602976,0.060282759377007444,0.0002682126297126608,0.028837353405380517,0.012924711455927218,-0.007951720994960887,-0.019915788372929955,-0.014619343926707495,-0.0047169936241118204,-0.05715775937700762,-0.009799711455927396,-0.03186743148502236,0.0019788918205805306,0.11691176470588238,-0.03981106612685548,-0.06688524590163925,-0.06196440342781795,0.06455266138165339,0.14355231143552305,0.14077669902912615,-0.05695364238410594,-0.05507631055076301,-0.05882352941176472,-0.001607717041800627,0.014705882352941124,0.013050570962479524,0.012239117658092491,0.08110325538031227,-0.12933430195685003,0.06929432002943603,-0.00048787287426810266,PASS,0.0,93,93,model_features_v2.0,2026-03-23T08:43:03Z
02618.HK,2025-02-04,2025,2,1,2024-12-31,annual,35,CONFIRMED,V2.5,3412.0,10,1.0,182837.584,18698.413,0.102,7087.553,117867.788,54900.868,62966.92,67740.188,39712.049,7228.23,15941.503,20790.727,-840.448,-11487.704,8100.0,4300.0,22734.265000000003,28028.139,46.57834759739446,29.036886994209272,15744.864,333.561,645.798,8568.084,8.611393596187531,0.1824356856520265,0.3532085613207403,4.686172182192038,101.446,1.1839986629449477,1.7092875492605082,1.1018196155902014,2.8062633372875427,2.410233584742301,4.43016136113459,2.3518140559109555,11.37114511423428,2.75975151804675,55061.616,127775.968,87355.44,32300.0,95482.144,69.88495756977406,30.11504243022594,47.77761666332236,17.665952094400897,1600,80703.0,400156.0,8.015900634419253,-4.8070358237999065,13.3,0.03582554517133962,0.0538827258320127,0.0488958990536279,0.029028817167025277,0.02566169745757148,0.028327280749221195,0.055297920465204875,0.059451713573442255,0.05064317165738608,0.10229255804477067,0.14224801665163533,0.03514574191559072,0.0669172154947788,0.07800086589047783,-0.0014151946331921739,-0.048409832212757964,-0.013034489662766102,-0.010555814519814355,-0.09335211759800743,-0.029104966836849933,0.06714944042132975,0.0720899470899472,0.22339622641509438,0.0597329585382993,-0.0019854401058900795,0.0013280212483401943,0.03882978723404262,0.1779252110977081,0.20110701107011075,0.0316011235955056,0.015905947441217316,-0.02131912058627572,0.0531400966183575,0.10286677908937603,0.11604095563139927,-0.018207221257934503,0.05586816593790278,-0.12404248526569539,0.037976778390795385,-0.048984053257363325,PASS,0.0,93,93,model_features_v2.0,2026-03-23T08:43:03Z
02618.HK,2025-02-05,2025,2,2,2024-12-31,annual,36,CONFIRMED,V2.5,3412.0,10,1.0,182837.584,18698.413,0.102,7087.553,117867.788,54900.868,62966.92,67740.188,39712.049,7228.23,15941.503,20790.727,-840.448,-11487.704,8100.0,4300.0,22734.265000000003,28028.139,46.57834759739446,29.036886994209272,15744.864,333.561,645.798,8568.084,8.611393596187531,0.1824356856520265,0.3532085613207403,4.686172182192038,101.446,1.1839986629449477,1.7092875492605082,1.1018196155902014,2.8062633372875427,2.410233584742301,4.43016136113459,2.3518140559109555,11.37114511423428,2.75975151804675,55061.616,127775.968,87355.44,32300.0,95482.144,69.88495756977406,30.11504243022594,47.77761666332236,17.665952094400897,1600,80703.0,400156.0,8.015900634419253,-4.8070358237999065,13.0,-0.022556390977443663,0.0,0.010886469673405896,0.029854861727616644,0.026107669973877826,-0.009277074126164742,0.0264574391052812,0.042348611633343136,-0.009478882464268423,0.058525724566891535,0.11970602663565844,-0.010120827992365466,0.03475168183564081,0.05684792976226971,-0.0264574391052812,-0.058525724566891535,-0.03475168183564081,-0.03146214195993724,-0.10881955696225254,-0.045961460088863815,-0.034546576187538536,0.005138086062941527,0.1661698956780926,0.0006631299734747298,0.006000000000000005,-0.018217306441118963,-0.0010240655401946297,0.15103244837758112,0.1809927360774819,0.014295439074200056,0.02264927934111194,-0.015201586252478583,-0.05504587155963303,0.01812191103789118,0.09187279151943462,-0.005138086062941527,-0.006000000000000005,-0.15103244837758112,-0.02264927934111194,-0.01812191103789118,PASS,0.0,93,93,model_features_v2.0,2026-03-23T08:43:03Z
02618.HK,2025-02-06,2025,2,3,2024-12-31,annual,37,CONFIRMED,V2.5,3412.0,10,1.0,182837.584,18698.413,0.102,7087.553,117867.788,54900.868,62966.92,67740.188,39712.049,7228.23,15941.503,20790.727,-840.448,-11487.704,8100.0,4300.0,22734.265000000003,28028.139,46.57834759739446,29.036886994209272,15744.864,333.561,645.798,8568.084,8.611393596187531,0.1824356856520265,0.3532085613207403,4.686172182192038,101.446,1.1839986629449477,1.7092875492605082,1.1018196155902014,2.8062633372875427,2.410233584742301,4.43016136113459,2.3518140559109555,11.37114511423428,2.75975151804675,55061.616,127775.968,87355.44,32300.0,95482.144,69.88495756977406,30.11504243022594,47.77761666332236,17.665952094400897,1600,80703.0,400156.0,8.015900634419253,-4.8070358237999065,13.0,0.0,-0.016641452344931973,0.07615894039735105,0.028432757007636575,0.021743076469647057,0.014299592806556571,0.03435280231431492,0.0611190712855203,0.02620177680418645,0.07937124253841188,0.1511462817514131,0.016399107856936768,0.041656230706425434,0.07776212934606952,-0.050994254659246896,-0.09601269488334385,-0.05829768305135741,0.01503986911183075,-0.07498734135406204,-0.0016031889487184703,0.007667731629392938,0.002542911633820477,0.16212232866617549,-0.005301524188204176,0.002672010688042681,-0.003981420039814165,0.01025115325474113,0.12951289398280807,0.19963481436396813,0.00939597315436247,0.02662116040955631,0.004676018704074858,0.035598705501618255,0.02400000000000002,0.09401709401709413,-0.01918436397875245,-0.019313463032974654,-0.14615434632774005,-0.04326261275448828,-0.040641452344931994,PASS,0.0,93,93,model_features_v2.0,2026-03-23T08:43:03Z
02618.HK,2025-02-07,2025,2,4,2024-12-31,annual,38,CONFIRMED,V2.5,3412.0,10,1.0,182837.584,18698.413,0.102,7087.553,117867.788,54900.868,62966.92,67740.188,39712.049,7228.23,15941.503,20790.727,-840.448,-11487.704,8100.0,4300.0,22734.265000000003,28028.139,46.57834759739446,29.036886994209272,15744.864,333.561,645.798,8568.084,8.611393596187531,0.1824356856520265,0.3532085613207403,4.686172182192038,101.446,1.1839986629449477,1.7092875492605082,1.1018196155902014,2.8062633372875427,2.410233584742301,4.43016136113459,2.3518140559109555,11.37114511423428,2.75975151804675,55061.616,127775.968,87355.44,32300.0,95482.144,69.88495756977406,30.11504243022594,47.77761666332236,17.665952094400897,1600,80703.0,400156.0,8.015900634419253,-4.8070358237999065,12.96,-0.003076923076922977,-0.028485757121439192,0.057096247960848334,0.027647940735951605,0.021635763820898515,0.011579762603378896,0.04491594854119452,0.08669253449529446,0.017980464009424102,0.09033730414956298,0.18268347570496934,0.012186665804858832,0.05444769298113683,0.10416880514948046,-0.07340170566263371,-0.11882306127100217,-0.08293345010257602,-0.029596286534446126,-0.125587227744121,-0.047072557188632125,-0.0038046924540265925,0.001274697259400881,0.16370370370370368,0.02664890073284476,0.03981106612685559,0.0363147276395428,0.014713343480466712,0.13250283125707818,0.22850122850122845,0.0006648936170212671,-0.0033112582781457123,0.016891891891891886,-0.004687500000000067,0.02411575562700974,0.07058823529411762,-0.029760454380840073,-0.06829682324829478,-0.16098858837851737,-0.02517449884329348,-0.05260151274844893,PASS,0.0,93,93,model_features_v2.0,2026-03-23T08:43:03Z
02618.HK,2025-02-10,2025,2,0,2024-12-31,annual,41,CONFIRMED,V2.5,3412.0,10,1.0,182837.584,18698.413,0.102,7087.553,117867.788,54900.868,62966.92,67740.188,39712.049,7228.23,15941.503,20790.727,-840.448,-11487.704,8100.0,4300.0,22734.265000000003,28028.139,46.57834759739446,29.036886994209272,15744.864,333.561,645.798,8568.084,8.611393596187531,0.1824356856520265,0.3532085613207403,4.686172182192038,101.446,1.1839986629449477,1.7092875492605082,1.1018196155902014,2.8062633372875427,2.410233584742301,4.43016136113459,2.3518140559109555,11.37114511423428,2.75975151804675,55061.616,127775.968,87355.44,32300.0,95482.144,69.88495756977406,30.11504243022594,47.77761666332236,17.665952094400897,1600,80703.0,400156.0,8.015900634419253,-4.8070358237999065,13.52,0.043209876543209846,0.052959501557632294,0.13043478260869557,0.027831925583499287,0.022392310297370314,0.018380261896492334,0.06453495676466559,0.11629453356459396,0.026466162493810952,0.11592710017604357,0.2273436411756513,0.020906831265652626,0.07620420141777995,0.13677700494333567,-0.011575455207033292,-0.06296759861841128,-0.023244699860147655,0.014140249044101605,-0.09690885856695575,-0.006342222334640102,0.02800763844684928,0.06319947333772213,0.19364375461936434,0.05580791693705378,0.14335910049191836,0.10906612133605997,0.05499999999999994,0.12234042553191493,0.30407911001236076,0.013953488372093092,0.07162921348314599,0.04021813224267223,0.0015698587127157548,0.027375201288244666,0.09621993127147754,-0.01023997178008984,-0.09039959893428606,-0.06938092397428264,-0.0186697119255137,0.025584300269387628,PASS,0.0,93,93,model_features_v2.0,2026-03-23T08:43:03Z
02618.HK,2025-02-11,2025,2,1,2024-12-31,annual,42,CONFIRMED,V2.5,3412.0,10,1.0,182837.584,18698.413,0.102,7087.553,117867.788,54900.868,62966.92,67740.188,39712.049,7228.23,15941.503,20790.727,-840.448,-11487.704,8100.0,4300.0,22734.265000000003,28028.139,46.57834759739446,29.036886994209272,15744.864,333.561,645.798,8568.084,8.611393596187531,0.1824356856520265,0.3532085613207403,4.686172182192038,101.446,1.1839986629449477,1.7092875492605082,1.1018196155902014,2.8062633372875427,2.410233584742301,4.43016136113459,2.3518140559109555,11.37114511423428,2.75975151804675,55061.616,127775.968,87355.44,32300.0,95482.144,69.88495756977406,30.11504243022594,47.77761666332236,17.665952094400897,1600,80703.0,400156.0,8.015900634419253,-4.8070358237999065,13.82,0.022189349112426093,0.03909774436090219,0.14403973509933787,0.0253054012483756,0.022659884939248906,-0.010552932397483783,0.02428576101156521,0.10675025947344441,-0.027304574154570105,0.03313590684255585,0.19268521224434898,-0.01309831781337678,0.02604656885322587,0.12376467779771683,0.014811983349336977,0.005961837518346336,0.013051175507676316,0.037289475625893465,-0.04864547714501111,0.020275057301621047,-0.018575851393188847,-0.022208513263417662,0.18993993993993996,-0.005531653349723276,0.07294429708222805,0.12049861495844882,-0.005687203791469142,0.07424475166410649,0.3014888337468984,-0.02424639580602872,0.013614703880190593,0.020562028786840214,-0.021943573667711602,-0.04587155963302747,-0.028037383177570097,0.06130625762431985,-0.03384655272132586,-0.0351470073032043,0.025483040480711594,0.08496930399392966,PASS,0.0,93,93,model_features_v2.0,2026-03-23T08:43:03Z
02618.HK,2025-02-12,2025,2,2,2024-12-31,annual,43,CONFIRMED,V2.5,3412.0,10,1.0,182837.584,18698.413,0.102,7087.553,117867.788,54900.868,62966.92,67740.188,39712.049,7228.23,15941.503,20790.727,-840.448,-11487.704,8100.0,4300.0,22734.265000000003,28028.139,46.57834759739446,29.036886994209272,15744.864,333.561,645.798,8568.084,8.611393596187531,0.1824356856520265,0.3532085613207403,4.686172182192038,101.446,1.1839986629449477,1.7092875492605082,1.1018196155902014,2.8062633372875427,2.410233584742301,4.43016136113459,2.3518140559109555,11.37114511423428,2.75975151804675,55061.616,127775.968,87355.44,32300.0,95482.144,69.88495756977406,30.11504243022594,47.77761666332236,17.665952094400897,1600,80703.0,400156.0,8.015900634419253,-4.8070358237999065,14.5,0.04920405209840806,0.11538461538461542,0.22673434856175967,0.023991359308734986,0.02347926110860515,0.02644112241169916,0.061213987024380634,0.14653732187246393,0.027005373071635086,0.07118980974402667,0.23947503062790743,0.027459842679794066,0.06500033138180528,0.16815090889618767,0.054170628360234785,0.04419480564058875,0.05038428400281014,0.08019702668929574,-0.012740682066147757,0.058583439665572,-0.015141955835962229,-0.002555910543130979,0.1925133689839571,-0.040791100123609536,0.028495692511596893,0.10778015703069244,0.08484270734032395,0.16658124038954392,0.4296482412060303,0.01880456682337117,0.018120805369127524,0.0683098591549296,0.0625,0.07281553398058249,0.016871165644171793,0.1179405259277464,0.08688892287301853,-0.0511966250049285,0.0972638100154879,0.04256908140403293,PASS,0.0,93,93,model_features_v2.0,2026-03-23T08:43:03Z
02618.HK,2025-02-13,2025,2,3,2024-12-31,annual,44,CONFIRMED,V2.5,3412.0,10,1.0,182837.584,18698.413,0.102,7087.553,117867.788,54900.868,62966.92,67740.188,39712.049,7228.23,15941.503,20790.727,-840.448,-11487.704,8100.0,4300.0,22734.265000000003,28028.139,46.57834759739446,29.036886994209272,15744.864,333.561,645.798,8568.084,8.611393596187531,0.1824356856520265,0.3532085613207403,4.686172182192038,101.446,1.1839986629449477,1.7092875492605082,1.1018196155902014,2.8062633372875427,2.410233584742301,4.43016136113459,2.3518140559109555,11.37114511423428,2.75975151804675,55061.616,127775.968,87355.44,32300.0,95482.144,69.88495756977406,30.11504243022594,47.77761666332236,17.665952094400897,1600,80703.0,400156.0,8.015900634419253,-4.8070358237999065,14.4,-0.006896551724137945,0.10769230769230775,0.22448979591836737,0.025729604232888986,0.02354637982007175,-0.001992412818786038,0.04416842734072324,0.1557808726649268,-0.008691239457848554,0.03476710585091447,0.24002349641869092,-0.006881315992754766,0.04060670596146476,0.16934088798179325,0.06352388035158452,0.07292520184139328,0.06708560173084299,0.06870892325344058,-0.015533700500323544,0.05514890793657412,-0.029468289557975647,-0.03931515535827512,0.17441860465116288,0.02899484536082464,0.06395736175882738,0.16229985443959238,0.025483304042179356,0.18417047184170476,0.49423815620998734,0.01911667765326297,0.027925531914893442,0.10113960113960108,-0.009049773755656076,0.026562500000000044,0.054574638844301804,0.14700746305058288,0.043734945933480374,-0.07647816414939701,0.07976677577741431,0.08112980769230771,PASS,0.0,93,93,model_features_v2.0,2026-03-23T08:43:03Z
02618.HK,2025-02-14,2025,2,4,2024-12-31,annual,45,CONFIRMED,V2.5,3412.0,10,1.0,182837.584,18698.413,0.102,7087.553,117867.788,54900.868,62966.92,67740.188,39712.049,7228.23,15941.503,20790.727,-840.448,-11487.704,8100.0,4300.0,22734.265000000003,28028.139,46.57834759739446,29.036886994209272,15744.864,333.561,645.798,8568.084,8.611393596187531,0.1824356856520265,0.3532085613207403,4.686172182192038,101.446,1.1839986629449477,1.7092875492605082,1.1018196155902014,2.8062633372875427,2.410233584742301,4.43016136113459,2.3518140559109555,11.37114511423428,2.75975151804675,55061.616,127775.968,87355.44,32300.0,95482.144,69.88495756977406,30.11504243022594,47.77761666332236,17.665952094400897,1600,80703.0,400156.0,8.015900634419253,-4.8070358237999065,14.9,0.03472222222222232,0.14969135802469125,0.23140495867768607,0.02222888587799106,0.02382054815535026,0.036946288157760465,0.07035215113038329,0.17692970471045988,0.05557295884842839,0.07297950624714833,0.2697999099272985,0.04108280810519682,0.07031419023289431,0.19235312816886907,0.07933920689430796,0.07671185177754292,0.07937716779179693,0.05447525396722619,-0.03839495124961245,0.039051830508817,0.07590759075907583,0.0375556970082751,0.19941133186166304,0.0638697557921104,0.10253082414016879,0.17740817740817727,0.06341045415595548,0.24099999999999988,0.5522201375859912,0.017464424320827954,0.04518272425249181,0.07961564859299952,0.0,0.031397174254317095,0.026562500000000044,0.11213566101641614,0.04716053388452246,-0.09130864197530864,0.10450863377219943,0.11829418377037415,PASS,0.0,93,93,model_features_v2.0,2026-03-23T08:43:03Z
02618.HK,2025-02-17,2025,2,0,2024-12-31,annual,48,CONFIRMED,V2.5,3412.0,10,1.0,182837.584,18698.413,0.102,7087.553,117867.788,54900.868,62966.92,67740.188,39712.049,7228.23,15941.503,20790.727,-840.448,-11487.704,8100.0,4300.0,22734.265000000003,28028.139,46.57834759739446,29.036886994209272,15744.864,333.561,645.798,8568.084,8.611393596187531,0.1824356856520265,0.3532085613207403,4.686172182192038,101.446,1.1839986629449477,1.7092875492605082,1.1018196155902014,2.8062633372875427,2.410233584742301,4.43016136113459,2.3518140559109555,11.37114511423428,2.75975151804675,55061.616,127775.968,87355.44,32300.0,95482.144,69.88495756977406,30.11504243022594,47.77761666332236,17.665952094400897,1600,80703.0,400156.0,8.015900634419253,-4.8070358237999065,14.28,-0.041610738255033586,0.056213017751479244,0.19198664440734547,0.03617426785759174,0.02620162529871864,-0.00018125288181036758,0.05084337035904696,0.1726717781279441,-0.004878560752195948,0.04021442649990736,0.260202713696122,-0.0009278714726876913,0.047422784803282214,0.18712844514012317,0.005369647392432286,0.01599859125157188,0.00879023294819703,0.019314866279401377,-0.06821606928877655,0.004858199267222307,-0.03619631901840492,-0.02724458204334368,0.14587892049598827,-0.005885815185403209,0.03810694529809466,0.16885813148788942,-0.015310233682514052,0.1582938388625592,0.5284552845528454,-0.0006357279084553413,0.03014416775884654,0.09166666666666656,-0.021308980213089912,0.00783699059561127,0.022257551669316422,0.08345759979482292,0.01810607245338458,-0.10208082111107997,0.026068849992632703,0.04837602715586797,PASS,0.0,93,93,model_features_v2.0,2026-03-23T08:43:03Z
02618.HK,2025-02-18,2025,2,1,2024-12-31,annual,49,CONFIRMED,V2.5,3412.0,10,1.0,182837.584,18698.413,0.102,7087.553,117867.788,54900.868,62966.92,67740.188,39712.049,7228.23,15941.503,20790.727,-840.448,-11487.704,8100.0,4300.0,22734.265000000003,28028.139,46.57834759739446,29.036886994209272,15744.864,333.561,645.798,8568.084,8.611393596187531,0.1824356856520265,0.3532085613207403,4.686172182192038,101.446,1.1839986629449477,1.7092875492605082,1.1018196155902014,2.8062633372875427,2.410233584742301,4.43016136113459,2.3518140559109555,11.37114511423428,2.75975151804675,55061.616,127775.968,87355.44,32300.0,95482.144,69.88495756977406,30.11504243022594,47.77761666332236,17.665952094400897,1600,80703.0,400156.0,8.015900634419253,-4.8070358237999065,14.44,0.011204481792717047,0.04486251808972508,0.19536423841059603,0.035694811654270055,0.026204833058168415,0.015943417625307266,0.07898384868461217,0.17691642989332013,0.025419783752723024,0.09659861035215678,0.27656275113925255,0.0182287945310331,0.08067101190015546,0.19392692110335075,-0.03412133059488709,-0.0517360922624317,-0.035808493810430386,0.0184478085172759,-0.08119851272865652,0.0014373173072452783,-0.003182686187141903,-0.011987381703470024,0.11777301927194861,0.023682652457075237,0.06860321384425205,0.17140921409214105,0.03355155482815042,0.20400381315538607,0.5699192044748289,0.007633587786259666,0.06380120886501017,0.08493150684931505,0.034214618973561484,0.0657051282051282,0.0390625,0.0568498997931951,-0.023740695754526975,-0.159141295065661,-0.018938690775285094,-0.020842610115403115,PASS,0.0,93,93,model_features_v2.0,2026-03-23T08:43:03Z
02618.HK,2025-02-19,2025,2,2,2024-12-31,annual,50,CONFIRMED,V2.5,3412.0,10,1.0,182837.584,18698.413,0.102,7087.553,117867.788,54900.868,62966.92,67740.188,39712.049,7228.23,15941.503,20790.727,-840.448,-11487.704,8100.0,4300.0,22734.265000000003,28028.139,46.57834759739446,29.036886994209272,15744.864,333.561,645.798,8568.084,8.611393596187531,0.1824356856520265,0.3532085613207403,4.686172182192038,101.446,1.1839986629449477,1.7092875492605082,1.1018196155902014,2.8062633372875427,2.410233584742301,4.43016136113459,2.3518140559109555,11.37114511423428,2.75975151804675,55061.616,127775.968,87355.44,32300.0,95482.144,69.88495756977406,30.11504243022594,47.77761666332236,17.665952094400897,1600,80703.0,400156.0,8.015900634419253,-4.8070358237999065,13.94,-0.03462603878116344,-0.0386206896551724,0.12965964343598047,0.03175013806580623,0.02778518981111974,-0.0014175161826206484,0.04969914795186381,0.17157729296172497,0.00588574316595869,0.07404784536789122,0.2663539613188992,-0.0014513510492798476,0.05026253491194432,0.19050861390565177,-0.08831983760703621,-0.11266853502306362,-0.08888322456711673,-0.041917649525744505,-0.13669431788291875,-0.060848970469671304,-0.01532567049808431,-0.01217168481742481,0.05112474437627812,-0.03007518796992492,0.080541237113402,0.13464140730717178,-0.017418844022169422,0.09050966608084354,0.5368421052631578,-0.008838383838383868,0.0349373764007912,0.0438829787234043,-0.006015037593984918,-0.003016591251885359,0.04423380726698256,-0.02644900483774759,-0.1191619267685744,-0.12913035573601594,-0.0735580660559636,-0.03560409840328704,PASS,0.0,93,93,model_features_v2.0,2026-03-23T08:43:03Z
02618.HK,2025-02-20,2025,2,3,2024-12-31,annual,51,CONFIRMED,V2.5,3412.0,10,1.0,182837.584,18698.413,0.102,7087.553,117867.788,54900.868,62966.92,67740.188,39712.049,7228.23,15941.503,20790.727,-840.448,-11487.704,8100.0,4300.0,22734.265000000003,28028.139,46.57834759739446,29.036886994209272,15744.864,333.561,645.798,8568.084,8.611393596187531,0.1824356856520265,0.3532085613207403,4.686172182192038,101.446,1.1839986629449477,1.7092875492605082,1.1018196155902014,2.8062633372875427,2.410233584742301,4.43016136113459,2.3518140559109555,11.37114511423428,2.75975151804675,55061.616,127775.968,87355.44,32300.0,95482.144,69.88495756977406,30.11504243022594,47.77761666332236,17.665952094400897,1600,80703.0,400156.0,8.015900634419253,-4.8070358237999065,13.98,0.0028694404591105283,-0.029166666666666674,0.10252365930599372,0.03209059540411522,0.02734466012736648,-0.016006631729793663,0.034959065973484416,0.13305205660397235,-0.03036190288140128,0.05056845097110396,0.19690546657381636,-0.0166062135091517,0.03997806873302023,0.150206353660171,-0.06412573264015109,-0.07973511763777064,-0.06914473539968691,-0.030528397297978627,-0.09438180726782264,-0.04768269435417727,-0.003242542153047978,0.014521452145214386,-0.023506988564167886,-0.06440071556350613,-0.0175328741390105,0.009003215434083556,-0.025785656728444684,0.03598971722365052,0.42992312241277353,-0.010191082802547768,0.005174644243208348,0.029139072847682135,-0.033282904689863946,-0.027397260273972712,0.0015673981191222097,-0.04368811881188106,-0.011633792527656173,-0.0651563838903172,-0.03434131090987502,-0.0017694063926939618,PASS,0.0,93,93,model_features_v2.0,2026-03-23T08:43:03Z
02618.HK,2025-02-21,2025,2,4,2024-12-31,annual,52,CONFIRMED,V2.5,3412.0,10,1.0,182837.584,18698.413,0.102,7087.553,117867.788,54900.868,62966.92,67740.188,39712.049,7228.23,15941.503,20790.727,-840.448,-11487.704,8100.0,4300.0,22734.265000000003,28028.139,46.57834759739446,29.036886994209272,15744.864,333.561,645.798,8568.084,8.611393596187531,0.1824356856520265,0.3532085613207403,4.686172182192038,101.446,1.1839986629449477,1.7092875492605082,1.1018196155902014,2.8062633372875427,2.410233584742301,4.43016136113459,2.3518140559109555,11.37114511423428,2.75975151804675,55061.616,127775.968,87355.44,32300.0,95482.144,69.88495756977406,30.11504243022594,47.77761666332236,17.665952094400897,1600,80703.0,400156.0,8.015900634419253,-4.8070358237999065,14.76,0.05579399141630903,-0.00939597315436247,0.13713405238828957,0.0392716411505752,0.029353784722831733,0.03990524862049738,0.037912355832120825,0.16767521031703603,0.06532339882400429,0.060272663773791146,0.24832755255959027,0.0413526816290577,0.0402476558820557,0.183835804615464,-0.047308328986483295,-0.06966863692815362,-0.04964362903641817,-0.030541157928746454,-0.1111935001713007,-0.04670175222717443,0.05139882888744318,-0.008588957055214785,0.02020202020202011,0.03824091778202687,-0.04120070629782224,0.027760252365930604,0.14557485525227465,0.11603545527800163,0.6332547169811322,0.042471042471042386,0.029879211697393382,0.06299212598425186,0.03599374021909241,0.007610350076103556,0.034375000000000044,-0.0008070160991476838,0.031804733143459774,-0.1254314284323641,-0.03927518485175585,-0.017006323230466025,PASS,0.0,93,93,model_features_v2.0,2026-03-23T08:43:03Z
02618.HK,2025-02-24,2025,2,0,2024-12-31,annual,55,CONFIRMED,V2.5,3412.0,10,1.0,182837.584,18698.413,0.102,7087.553,117867.788,54900.868,62966.92,67740.188,39712.049,7228.23,15941.503,20790.727,-840.448,-11487.704,8100.0,4300.0,22734.265000000003,28028.139,46.57834759739446,29.036886994209272,15744.864,333.561,645.798,8568.084,8.611393596187531,0.1824356856520265,0.3532085613207403,4.686172182192038,101.446,1.1839986629449477,1.7092875492605082,1.1018196155902014,2.8062633372875427,2.410233584742301,4.43016136113459,2.3518140559109555,11.37114511423428,2.75975151804675,55061.616,127775.968,87355.44,32300.0,95482.144,69.88495756977406,30.11504243022594,47.77761666332236,17.665952094400897,1600,80703.0,400156.0,8.015900634419253,-4.8070358237999065,14.62,-0.009485094850948506,0.023809523809523725,0.15481832543443907,0.03317751807096242,0.028685239686246734,-0.005805880589081047,0.03207342691509596,0.18013455841794013,-0.011909272438687224,0.05278164698523069,0.263786566079252,-0.005519948176399003,0.03546632239244296,0.20087941974515844,-0.008263903105572235,-0.028972123175706965,-0.011656798582919237,-0.025316232983501052,-0.10896824064481292,-0.046061094310719364,-0.0030940594059405413,0.02546148949713567,0.06266490765171495,0.022099447513812098,-0.014209591474245165,0.09180327868852456,-0.02021660649819501,0.11047463175122729,0.6508515815085156,-0.02777777777777779,0.001908396946564972,0.04512276045122765,-0.004531722054380682,0.02488335925349916,0.07679738562091498,-0.0016519656876119448,0.03801911528376889,-0.08666510794170357,0.021901126862958753,-0.001073835443975435,PASS,0.0,93,93,model_features_v2.0,2026-03-23T08:43:03Z
02618.HK,2025-02-25,2025,2,1,2024-12-31,annual,56,CONFIRMED,V2.5,3412.0,10,1.0,182837.584,18698.413,0.102,7087.553,117867.788,54900.868,62966.92,67740.188,39712.049,7228.23,15941.503,20790.727,-840.448,-11487.704,8100.0,4300.0,22734.265000000003,28028.139,46.57834759739446,29.036886994209272,15744.864,333.561,645.798,8568.084,8.611393596187531,0.1824356856520265,0.3532085613207403,4.686172182192038,101.446,1.1839986629449477,1.7092875492605082,1.1018196155902014,2.8062633372875427,2.410233584742301,4.43016136113459,2.3518140559109555,11.37114511423428,2.75975151804675,55061.616,127775.968,87355.44,32300.0,95482.144,69.88495756977406,30.11504243022594,47.77761666332236,17.665952094400897,1600,80703.0,400156.0,8.015900634419253,-4.8070358237999065,14.32,-0.020519835841313228,-0.008310249307479145,0.13470681458003186,0.034727777479545745,0.029284733849817484,-0.013177754233748229,0.002489901774876513,0.16920635758577407,-0.015666238306457303,0.010599303074099176,0.26206294790365603,-0.013886891887619934,0.0028069516442923437,0.18633852321817068,-0.010800151082355658,-0.01890955238157832,-0.011117200951771489,-0.034499543005742206,-0.12735613332362417,-0.05163170863813882,-0.0378646803227809,-0.010217113665389466,0.025132275132275117,-0.047447447447447444,-0.08270676691729328,0.04963600264725354,-0.037582903463522443,0.03404592240696758,0.5753920386007236,-0.029206349206349125,-0.03472222222222221,0.05739972337482713,0.0,-0.009022556390977488,0.11129848229342332,0.0019068643579103206,0.07439651760981414,-0.04235617171444672,0.026411972914743065,0.0007123070834983425,PASS,0.0,93,93,model_features_v2.0,2026-03-23T08:43:03Z
02618.HK,2025-02-26,2025,2,2,2024-12-31,annual,57,CONFIRMED,V2.5,3412.0,10,1.0,182837.584,18698.413,0.102,7087.553,117867.788,54900.868,62966.92,67740.188,39712.049,7228.23,15941.503,20790.727,-840.448,-11487.704,8100.0,4300.0,22734.265000000003,28028.139,46.57834759739446,29.036886994209272,15744.864,333.561,645.798,8568.084,8.611393596187531,0.1824356856520265,0.3532085613207403,4.686172182192038,101.446,1.1839986629449477,1.7092875492605082,1.1018196155902014,2.8062633372875427,2.410233584742301,4.43016136113459,2.3518140559109555,11.37114511423428,2.75975151804675,55061.616,127775.968,87355.44,32300.0,95482.144,69.88495756977406,30.11504243022594,47.77761666332236,17.665952094400897,1600,80703.0,400156.0,8.015900634419253,-4.8070358237999065,14.82,0.034916201117318524,0.06312769010043051,0.14000000000000012,0.031792398462304076,0.02950541710401908,0.03273028329401462,0.03677132038367792,0.18547317652229944,0.04474084108640031,0.04963647518440695,0.27829294423534834,0.03455614051476186,0.03896799686691321,0.20250233317467203,0.026356369716752592,0.013491214916023564,0.0241596932335173,-0.04547317652229932,-0.13829294423534821,-0.06250233317467191,0.08451612903225802,0.09014267185473424,0.07964033397559422,0.0983606557377048,0.03875968992248069,0.16133333333333333,0.04823889739663101,0.1031426269137794,0.6153392330383483,0.013080444735120933,-0.013375796178343946,0.06314344543582706,0.022761760242792084,0.01966717095310133,0.11037891268533762,-0.027014981754303724,0.024368000177949822,-0.04001493681334889,0.07650348627877446,0.04346051914732918,PASS,0.0,93,93,model_features_v2.0,2026-03-23T08:43:03Z
02618.HK,2025-02-27,2025,2,3,2024-12-31,annual,58,CONFIRMED,V2.5,3412.0,10,1.0,182837.584,18698.413,0.102,7087.553,117867.788,54900.868,62966.92,67740.188,39712.049,7228.23,15941.503,20790.727,-840.448,-11487.704,8100.0,4300.0,22734.265000000003,28028.139,46.57834759739446,29.036886994209272,15744.864,333.561,645.798,8568.084,8.611393596187531,0.1824356856520265,0.3532085613207403,4.686172182192038,101.446,1.1839986629449477,1.7092875492605082,1.1018196155902014,2.8062633372875427,2.410233584742301,4.43016136113459,2.3518140559109555,11.37114511423428,2.75975151804675,55061.616,127775.968,87355.44,32300.0,95482.144,69.88495756977406,30.11504243022594,47.77761666332236,17.665952094400897,1600,80703.0,400156.0,8.015900634419253,-4.8070358237999065,14.62,-0.013495276653171406,0.045779685264663694,0.10590015128593033,0.03383602820059502,0.029749111112860337,-0.0029275350986823767,0.0505519338724667,0.17430241061265672,-0.012224146300087835,0.06927065719761005,0.2546582923363785,-0.00663144570714147,0.04950646544870918,0.18309695208232535,-0.004772248607803009,-0.02349097193294636,-0.003726780184045486,-0.06840225932672639,-0.14875814105044816,-0.07719680079639502,-0.005353955978584235,0.08783344176968111,0.0629370629370627,-0.008036739380022806,0.10133843212237093,0.1543086172344692,-0.008765522279035931,0.12241521918941256,0.5553008595988538,-0.004519044544867734,-0.007722007722007818,0.052559726962457365,-0.008902077151335397,0.04538341158059467,0.06879999999999997,-0.042053756505017414,-0.05555874685770723,-0.07663553392474887,0.05350169298667151,0.0003962736840690262,PASS,0.0,93,93,model_features_v2.0,2026-03-23T08:43:03Z
02618.HK,2025-02-28,2025,2,4,2024-12-31,annual,59,CONFIRMED,V2.5,3412.0,10,1.0,182837.584,18698.413,0.102,7087.553,117867.788,54900.868,62966.92,67740.188,39712.049,7228.23,15941.503,20790.727,-840.448,-11487.704,8100.0,4300.0,22734.265000000003,28028.139,46.57834759739446,29.036886994209272,15744.864,333.561,645.798,8568.084,8.611393596187531,0.1824356856520265,0.3532085613207403,4.686172182192038,101.446,1.1839986629449477,1.7092875492605082,1.1018196155902014,2.8062633372875427,2.410233584742301,4.43016136113459,2.3518140559109555,11.37114511423428,2.75975151804675,55061.616,127775.968,87355.44,32300.0,95482.144,69.88495756977406,30.11504243022594,47.77761666332236,17.665952094400897,1600,80703.0,400156.0,8.015900634419253,-4.8070358237999065,13.92,-0.0478796169630642,-0.05691056910569103,0.04347826086956519,0.029862701868096485,0.032024148412391554,-0.03275826377028024,-0.022855517013432136,0.13429889874517364,-0.0532000455704037,-0.0496919427235335,0.1787841130655874,-0.03630974675236831,-0.028764059174367307,0.1402440516656236,-0.0340550520922589,-0.007218626382157534,-0.028146509931323727,-0.09082063787560846,-0.1353058521960222,-0.0967657907960584,-0.03947368421052633,-0.006188118811881194,0.02358189929891652,-0.06250000000000011,-0.0055248618784530246,0.09311740890688269,-0.060427413411938025,-0.07942238267148016,0.4439411098527746,-0.029182879377431914,-0.07592592592592595,-0.008609271523178919,-0.03892215568862267,-0.030211480362537846,0.032154340836012985,-0.05072245029380984,-0.05138570722723801,0.02251181356578913,0.01901535682023492,-0.026699088743153188,PASS,0.0,93,93,model_features_v2.0,2026-03-23T08:43:03Z
02618.HK,2025-03-03,2025,3,0,2024-12-31,annual,62,CONFIRMED,V2.5,3412.0,10,1.0,182837.584,18698.413,0.102,7087.553,117867.788,54900.868,62966.92,67740.188,39712.049,7228.23,15941.503,20790.727,-840.448,-11487.704,8100.0,4300.0,22734.265000000003,28028.139,46.57834759739446,29.036886994209272,15744.864,333.561,645.798,8568.084,8.611393596187531,0.1824356856520265,0.3532085613207403,4.686172182192038,101.446,1.1839986629449477,1.7092875492605082,1.1018196155902014,2.8062633372875427,2.410233584742301,4.43016136113459,2.3518140559109555,11.37114511423428,2.75975151804675,55061.616,127775.968,87355.44,32300.0,95482.144,69.88495756977406,30.11504243022594,47.77761666332236,17.665952094400897,1600,80703.0,400156.0,8.015900634419253,-4.8070358237999065,14.06,0.010057471264367956,-0.03830369357045138,0.0950155763239875,0.031397869406253574,0.030625087780000712,0.002831136133404799,-0.01436661824098684,0.137951928203921,-0.005797268028462033,-0.04381364949080424,0.16852912742271164,0.000268578683924936,-0.02311082830173994,0.1402444689448421,-0.02393707532946454,0.00550995592035286,-0.015192865268711442,-0.0429363518799335,-0.07351355109872415,-0.04522889262085461,-0.00996264009962633,-0.01303538175046548,0.04674127715602361,0.0037037037037037646,-0.023423423423423406,0.14265635980323244,0.02274509803921565,-0.03905674281503302,0.3872340425531915,0.016700066800267255,-0.03365079365079371,0.06882022471910099,-0.04517133956386299,-0.06980273141122917,-0.012882447665056418,-0.0252683118199859,-0.014880270147027974,0.0007530492445816384,-0.0046528999196576715,0.03149903784077779,PASS,0.0,93,93,model_features_v2.0,2026-03-23T08:43:03Z
02618.HK,2025-03-04,2025,3,1,2024-12-31,annual,63,CONFIRMED,V2.5,3412.0,10,1.0,182837.584,18698.413,0.102,7087.553,117867.788,54900.868,62966.92,67740.188,39712.049,7228.23,15941.503,20790.727,-840.448,-11487.704,8100.0,4300.0,22734.265000000003,28028.139,46.57834759739446,29.036886994209272,15744.864,333.561,645.798,8568.084,8.611393596187531,0.1824356856520265,0.3532085613207403,4.686172182192038,101.446,1.1839986629449477,1.7092875492605082,1.1018196155902014,2.8062633372875427,2.410233584742301,4.43016136113459,2.3518140559109555,11.37114511423428,2.75975151804675,55061.616,127775.968,87355.44,32300.0,95482.144,69.88495756977406,30.11504243022594,47.77761666332236,17.665952094400897,1600,80703.0,400156.0,8.015900634419253,-4.8070358237999065,14.56,0.03556187766714092,0.016759776536312776,0.09473684210526323,0.03530614335140954,0.03061116981238618,-0.0028035835448336766,-0.0040049457281012835,0.10350236364091137,-3.9740889400952106e-05,-0.02863399791535781,0.1121594091670719,-0.006202211775016342,-0.015498029396411983,0.09469844234316338,0.02076472226441406,0.04539377445167059,0.03225780593272476,-0.008765521535648135,-0.01742256706180867,3.8399762099849966e-05,0.007547169811320753,0.0335483870967741,-0.01172115977791488,-0.008610086100861003,0.016393442622950838,0.06896551724137923,-0.019938650306748573,-0.02143950995405819,0.3087557603686635,0.04402102496714866,0.03924133420536302,0.08168822328114356,-0.022838499184339223,-0.09104704097116834,-0.08409785932721714,-0.016788610560461326,0.0003663339133619381,0.038199286490370965,-0.022481557669050245,0.10780681750748111,PASS,0.0,93,93,model_features_v2.0,2026-03-23T08:43:03Z
02618.HK,2025-03-05,2025,3,2,2024-12-31,annual,64,CONFIRMED,V2.5,3412.0,10,1.0,182837.584,18698.413,0.102,7087.553,117867.788,54900.868,62966.92,67740.188,39712.049,7228.23,15941.503,20790.727,-840.448,-11487.704,8100.0,4300.0,22734.265000000003,28028.139,46.57834759739446,29.036886994209272,15744.864,333.561,645.798,8568.084,8.611393596187531,0.1824356856520265,0.3532085613207403,4.686172182192038,101.446,1.1839986629449477,1.7092875492605082,1.1018196155902014,2.8062633372875427,2.410233584742301,4.43016136113459,2.3518140559109555,11.37114511423428,2.75975151804675,55061.616,127775.968,87355.44,32300.0,95482.144,69.88495756977406,30.11504243022594,47.77761666332236,17.665952094400897,1600,80703.0,400156.0,8.015900634419253,-4.8070358237999065,15.24,0.04670329670329676,0.028340080971659853,0.17230769230769227,0.038177301292381956,0.031243262262638676,0.028438956540842275,-0.00814362577996497,0.14551181744605657,0.04015795824872992,-0.03289501309250076,0.16789176909658843,0.03142295970642439,-0.018479619818881132,0.14064134221311808,0.03648370675162482,0.06123509406416061,0.046819700790540986,0.026795874861635705,0.004415923211103845,0.03166635009457419,0.030586766541822685,-0.01784651992861397,0.054952076677316164,0.06389578163771725,-0.015499425947187118,0.13651424784625577,0.016431924882629234,-0.05113221329437545,0.33162480779087655,0.013215859030836885,0.03938024531956086,0.08053691275167796,-0.005008347245409106,-0.11572700296735905,-0.03559870550161803,0.04618660090027382,0.04383950691884697,0.0794722942660353,-0.011040164347901005,0.1440670839390189,PASS,0.0,93,93,model_features_v2.0,2026-03-23T08:43:03Z
02618.HK,2025-03-06,2025,3,3,2024-12-31,annual,65,CONFIRMED,V2.5,3412.0,10,1.0,182837.584,18698.413,0.102,7087.553,117867.788,54900.868,62966.92,67740.188,39712.049,7228.23,15941.503,20790.727,-840.448,-11487.704,8100.0,4300.0,22734.265000000003,28028.139,46.57834759739446,29.036886994209272,15744.864,333.561,645.798,8568.084,8.611393596187531,0.1824356856520265,0.3532085613207403,4.686172182192038,101.446,1.1839986629449477,1.7092875492605082,1.1018196155902014,2.8062633372875427,2.410233584742301,4.43016136113459,2.3518140559109555,11.37114511423428,2.75975151804675,55061.616,127775.968,87355.44,32300.0,95482.144,69.88495756977406,30.11504243022594,47.77761666332236,17.665952094400897,1600,80703.0,400156.0,8.015900634419253,-4.8070358237999065,15.46,0.014435695538057791,0.05745554035567735,0.1892307692307693,0.036587238170176783,0.031204690692628812,0.0328682333504704,0.027464880478314413,0.16648254180384292,0.05398284803245623,0.031926488817397125,0.19950863544544983,0.03565181674065032,0.023299318777175504,0.16224745691018905,0.029990659877362935,0.025529051538280223,0.034156221578501844,0.022748227426926393,-0.01027786621468052,0.026983312320580266,0.08419139915202911,0.07057416267942584,0.13506658211794553,0.051311953352769724,0.04340277777777768,0.20119920053297813,0.08391070053887617,0.037582903463522666,0.42871638762049735,0.006832298136645987,0.051232166018158276,0.07779255319148937,0.06879194630872476,-0.046407185628742464,-0.004687500000000067,-0.013118622323748497,0.014052762577899669,0.019872636892154683,0.006223374337519072,0.10386272598441981,PASS,0.0,93,93,model_features_v2.0,2026-03-23T08:43:03Z
02618.HK,2025-03-07,2025,3,4,2024-12-31,annual,66,CONFIRMED,V2.5,3412.0,10,1.0,182837.584,18698.413,0.102,7087.553,117867.788,54900.868,62966.92,67740.188,39712.049,7228.23,15941.503,20790.727,-840.448,-11487.704,8100.0,4300.0,22734.265000000003,28028.139,46.57834759739446,29.036886994209272,15744.864,333.561,645.798,8568.084,8.611393596187531,0.1824356856520265,0.3532085613207403,4.686172182192038,101.446,1.1839986629449477,1.7092875492605082,1.1018196155902014,2.8062633372875427,2.410233584742301,4.43016136113459,2.3518140559109555,11.37114511423428,2.75975151804675,55061.616,127775.968,87355.44,32300.0,95482.144,69.88495756977406,30.11504243022594,47.77761666332236,17.665952094400897,1600,80703.0,400156.0,8.015900634419253,-4.8070358237999065,13.2,-0.14618369987063395,-0.051724137931034475,0.01851851851851838,0.07876260125568472,0.046712999171693755,-0.005679591591364885,0.0562295456407913,0.14658027003521412,-0.005162495859951988,0.08428308196273782,0.17223877988874525,-0.002691802245568531,0.05899670141289781,0.14516319544090917,-0.10795368357182578,-0.1360072198937723,-0.11072083934393229,-0.12806175151669574,-0.15372026137022687,-0.1266446769223908,-0.04972067039106154,0.05915317559153177,0.0827498408656906,0.0177481974486966,0.13271604938271597,0.19078520441271896,-0.005681818181818232,0.0980392156862746,0.3999999999999999,-0.022208513263417662,0.05878423513694053,0.0531561461794019,-0.06907378335949765,-0.07632398753894087,-0.06907378335949765,-0.11087731352256625,-0.18444018731375045,-0.14976335361730908,-0.11050837306797501,0.0245998496079064,PASS,0.0,93,93,model_features_v2.0,2026-03-23T08:43:03Z
02618.HK,2025-03-10,2025,3,0,2024-12-31,annual,69,CONFIRMED,V2.5,3412.0,10,1.0,182837.584,18698.413,0.102,7087.553,117867.788,54900.868,62966.92,67740.188,39712.049,7228.23,15941.503,20790.727,-840.448,-11487.704,8100.0,4300.0,22734.265000000003,28028.139,46.57834759739446,29.036886994209272,15744.864,333.561,645.798,8568.084,8.611393596187531,0.1824356856520265,0.3532085613207403,4.686172182192038,101.446,1.1839986629449477,1.7092875492605082,1.1018196155902014,2.8062633372875427,2.410233584742301,4.43016136113459,2.3518140559109555,11.37114511423428,2.75975151804675,55061.616,127775.968,87355.44,32300.0,95482.144,69.88495756977406,30.11504243022594,47.77761666332236,17.665952094400897,1600,80703.0,400156.0,8.015900634419253,-4.8070358237999065,13.12,-0.0060606060606061,-0.06685633001422486,-0.029585798816568087,0.07817228531980382,0.045714310206778595,-0.018480642804967085,0.03378296438318773,0.10507908658961695,-0.02516795197964694,0.06315730527867403,0.11327189567704377,-0.021204831261988577,0.03626253702404014,0.09792604847648256,-0.1006392943974126,-0.1300136352928989,-0.103118867038265,-0.13466488540618504,-0.14285769449361185,-0.12751184729305065,-0.04585537918871241,0.020754716981132182,0.004953560371517174,-0.04686648501362389,0.07564575645756455,0.0749846342962508,-0.03928571428571426,0.03144171779141103,0.2748815165876777,0.0,0.04139290407358742,0.038663171690694664,0.02023608768971341,-0.013050570962479635,-0.051724137931034475,-0.08761104699535704,-0.1425020864717894,-0.09829804780563589,-0.10824923408781228,-0.05380575905174523,PASS,0.0,93,93,model_features_v2.0,2026-03-23T08:43:03Z
02618.HK,2025-03-11,2025,3,1,2024-12-31,annual,70,CONFIRMED,V2.5,3412.0,10,1.0,182837.584,18698.413,0.102,7087.553,117867.788,54900.868,62966.92,67740.188,39712.049,7228.23,15941.503,20790.727,-840.448,-11487.704,8100.0,4300.0,22734.265000000003,28028.139,46.57834759739446,29.036886994209272,15744.864,333.561,645.798,8568.084,8.611393596187531,0.1824356856520265,0.3532085613207403,4.686172182192038,101.446,1.1839986629449477,1.7092875492605082,1.1018196155902014,2.8062633372875427,2.410233584742301,4.43016136113459,2.3518140559109555,11.37114511423428,2.75975151804675,55061.616,127775.968,87355.44,32300.0,95482.144,69.88495756977406,30.11504243022594,47.77761666332236,17.665952094400897,1600,80703.0,400156.0,8.015900634419253,-4.8070358237999065,13.74,0.04725609756097571,-0.05631868131868134,-0.005788712011577379,0.080069626400998,0.0467007994018637,-5.676206477700507e-05,0.03663056512204599,0.11680189491736503,0.013888393319842596,0.07796569141056842,0.1604181778228071,0.003479692559441583,0.04635814688323414,0.11636905019465016,-0.09294924644072733,-0.13428437272924976,-0.10267682820191548,-0.12259060692894241,-0.16620688983438447,-0.12215776220622754,-0.013555144793592211,-0.0006242197253433224,0.010094637223974745,-0.018867924528301994,0.06451612903225801,0.06056860321384416,-0.006691449814126393,0.04538341158059467,0.2735938989513822,0.003785488958990557,0.0012586532410319151,0.06850235057085285,-0.023140495867768562,-0.013355592654424098,-0.05288461538461542,-0.05569446159333802,-0.12083481035093935,-0.10170209289927601,-0.057577334559713256,-0.04296308866425724,PASS,0.0,93,93,model_features_v2.0,2026-03-23T08:43:03Z
02618.HK,2025-03-12,2025,3,2,2024-12-31,annual,71,CONFIRMED,V2.5,3412.0,10,1.0,182837.584,18698.413,0.102,7087.553,117867.788,54900.868,62966.92,67740.188,39712.049,7228.23,15941.503,20790.727,-840.448,-11487.704,8100.0,4300.0,22734.265000000003,28028.139,46.57834759739446,29.036886994209272,15744.864,333.561,645.798,8568.084,8.611393596187531,0.1824356856520265,0.3532085613207403,4.686172182192038,101.446,1.1839986629449477,1.7092875492605082,1.1018196155902014,2.8062633372875427,2.410233584742301,4.43016136113459,2.3518140559109555,11.37114511423428,2.75975151804675,55061.616,127775.968,87355.44,32300.0,95482.144,69.88495756977406,30.11504243022594,47.77761666332236,17.665952094400897,1600,80703.0,400156.0,8.015900634419253,-4.8070358237999065,13.32,-0.03056768558951961,-0.12598425196850394,-0.0813793103448276,0.0739058455489237,0.045745791442471775,-0.007645653418910103,0.00025853800572273045,0.07971435525429693,-0.020423211439813738,0.01518251319048125,0.10682839819888734,-0.00836517855838248,0.00599386932774193,0.07744398152378595,-0.12624278997422667,-0.14116676515898519,-0.13197812129624586,-0.16109366559912452,-0.18820770854371494,-0.15882329186861355,-0.021236727045596537,-0.05087825560266512,0.0038436899423446302,-0.019230769230769162,-0.01865889212827987,0.0844072164948455,0.008982035928143839,0.03772132409545814,0.18453427065026373,-0.04651162790697683,-0.057763975155279534,0.0,0.010152284263959421,0.001677852348993314,-0.09954751131221717,-0.07510599636583881,-0.10732535984022407,-0.16370557606396208,-0.0682202768132244,-0.12766210431749725,PASS,0.0,93,93,model_features_v2.0,2026-03-23T08:43:03Z
02618.HK,2025-03-13,2025,3,3,2024-12-31,annual,72,CONFIRMED,V2.5,3412.0,10,1.0,182837.584,18698.413,0.102,7087.553,117867.788,54900.868,62966.92,67740.188,39712.049,7228.23,15941.503,20790.727,-840.448,-11487.704,8100.0,4300.0,22734.265000000003,28028.139,46.57834759739446,29.036886994209272,15744.864,333.561,645.798,8568.084,8.611393596187531,0.1824356856520265,0.3532085613207403,4.686172182192038,101.446,1.1839986629449477,1.7092875492605082,1.1018196155902014,2.8062633372875427,2.410233584742301,4.43016136113459,2.3518140559109555,11.37114511423428,2.75975151804675,55061.616,127775.968,87355.44,32300.0,95482.144,69.88495756977406,30.11504243022594,47.77761666332236,17.665952094400897,1600,80703.0,400156.0,8.015900634419253,-4.8070358237999065,13.36,0.0030030030030030463,-0.13583441138421737,-0.0722222222222223,0.07257563547692436,0.04575713363167432,-0.005832974227880872,-0.0372207958157893,0.07555936751783365,-0.01669529336088782,-0.05289374947476999,0.0978916122919884,-0.004782182691391634,-0.03328222219600019,0.0797213513672812,-0.09861361556842807,-0.08294066190944738,-0.10255218918821718,-0.14778158974005595,-0.1701138345142107,-0.1519435735895035,0.0031908104658582293,-0.12178770949720674,0.03762376237623766,-0.022578728461081443,-0.08763172490293958,0.030056355666875367,-0.024480712166172203,-0.06605113636363646,0.12682090831191095,-0.009887936717205004,-0.07341147439851947,-0.028460543337645583,-0.02345058626465657,-0.0847723704866562,-0.1126331811263318,-0.014046701887010626,-0.04820268648127779,-0.0697832750205809,-0.0624229369856979,-0.05106204089756117,PASS,0.0,93,93,model_features_v2.0,2026-03-23T08:43:03Z
02618.HK,2025-03-14,2025,3,4,2024-12-31,annual,73,CONFIRMED,V2.5,3412.0,10,1.0,182837.584,18698.413,0.102,7087.553,117867.788,54900.868,62966.92,67740.188,39712.049,7228.23,15941.503,20790.727,-840.448,-11487.704,8100.0,4300.0,22734.265000000003,28028.139,46.57834759739446,29.036886994209272,15744.864,333.561,645.798,8568.084,8.611393596187531,0.1824356856520265,0.3532085613207403,4.686172182192038,101.446,1.1839986629449477,1.7092875492605082,1.1018196155902014,2.8062633372875427,2.410233584742301,4.43016136113459,2.3518140559109555,11.37114511423428,2.75975151804675,55061.616,127775.968,87355.44,32300.0,95482.144,69.88495756977406,30.11504243022594,47.77761666332236,17.665952094400897,1600,80703.0,400156.0,8.015900634419253,-4.8070358237999065,13.46,0.007485029940119903,0.01969696969696977,-0.09664429530201335,0.028196281115393407,0.04498366278399615,0.021196667895570176,-0.011197088063785277,0.059223273931016784,0.023141148654173493,-0.02594808395611381,0.06415958829000656,0.027472582740590168,-0.004043068955003837,0.06560599876643258,0.030894057760755045,0.04564505365308358,0.023740038651973605,-0.15586756923303013,-0.16080388359201991,-0.16225029406844593,0.05343511450381677,-0.02645502645502651,0.01595092024539868,0.05410334346504553,-0.05504087193460483,0.020600353148911177,0.0326996197718632,-0.029999999999999916,0.09427880741337646,0.02929427430093212,-0.02460567823343851,-0.017164653528289997,0.01715265866209248,0.0,-0.09741248097412492,0.04615199615199628,0.0747378416315746,0.049696969696969684,0.04430264793040828,0.01969696969696977,PASS,0.0,93,93,model_features_v2.0,2026-03-23T08:43:03Z
02618.HK,2025-03-17,2025,3,0,2024-12-31,annual,76,CONFIRMED,V2.5,3412.0,10,1.0,182837.584,18698.413,0.102,7087.553,117867.788,54900.868,62966.92,67740.188,39712.049,7228.23,15941.503,20790.727,-840.448,-11487.704,8100.0,4300.0,22734.265000000003,28028.139,46.57834759739446,29.036886994209272,15744.864,333.561,645.798,8568.084,8.611393596187531,0.1824356856520265,0.3532085613207403,4.686172182192038,101.446,1.1839986629449477,1.7092875492605082,1.1018196155902014,2.8062633372875427,2.410233584742301,4.43016136113459,2.3518140559109555,11.37114511423428,2.75975151804675,55061.616,127775.968,87355.44,32300.0,95482.144,69.88495756977406,30.11504243022594,47.77761666332236,17.665952094400897,1600,80703.0,400156.0,8.015900634419253,-4.8070358237999065,13.52,0.004457652303120341,0.030487804878048808,-0.053221288515406195,0.027623781882340263,0.04413089316035443,0.007745832842932288,0.015224006232894993,0.06762134980056356,-0.0013552623971648803,-0.0021544510312648812,0.06792732113047939,0.005683714399923767,0.023316928594053765,0.0726578875801056,0.015263798645153814,0.03264225590931369,0.007170876283995042,-0.12084263831596975,-0.12114860964588559,-0.1258791760955118,0.020531400966183666,0.04128157732593962,0.07574793125397838,0.009803921568627416,0.0011435105774728616,0.03670811130846641,-0.0022091310751105597,0.0074349442379182396,0.10883797054009814,0.03169469598965069,0.006309148264984188,0.0146310432569976,0.005059021922428464,-0.014876033057851235,-0.07309486780715391,-0.010793772447890815,0.029344294300575946,0.023052860640130568,0.02417865661306462,0.04536383793590004,PASS,0.0,93,93,model_features_v2.0,2026-03-23T08:43:03Z
02618.HK,2025-03-18,2025,3,1,2024-12-31,annual,77,CONFIRMED,V2.5,3412.0,10,1.0,182837.584,18698.413,0.102,7087.553,117867.788,54900.868,62966.92,67740.188,39712.049,7228.23,15941.503,20790.727,-840.448,-11487.704,8100.0,4300.0,22734.265000000003,28028.139,46.57834759739446,29.036886994209272,15744.864,333.561,645.798,8568.084,8.611393596187531,0.1824356856520265,0.3532085613207403,4.686172182192038,101.446,1.1839986629449477,1.7092875492605082,1.1018196155902014,2.8062633372875427,2.410233584742301,4.43016136113459,2.3518140559109555,11.37114511423428,2.75975151804675,55061.616,127775.968,87355.44,32300.0,95482.144,69.88495756977406,30.11504243022594,47.77761666332236,17.665952094400897,1600,80703.0,400156.0,8.015900634419253,-4.8070358237999065,13.82,0.022189349112426093,0.005822416302765587,-0.04293628808864258,0.0193845232508937,0.04436837436343108,0.02464220144730489,0.040300410307903434,0.07676261413137841,0.039621578086129094,0.023171555311258363,0.08271783367765839,0.027927535453567298,0.04824806739702936,0.08287507158239427,-0.034477994005137846,-0.017349139008492775,-0.04242565109426377,-0.119698902220021,-0.12565412176630097,-0.12581135967103685,0.05266272189349119,0.11118051217988767,0.13601532567049812,0.012564249000571293,0.03321678321678334,0.025448235974551814,0.05830258302583036,0.07335329341317376,0.13539192399049882,0.034482758620689724,0.037083595223130095,0.04166666666666652,0.03187919463087252,0.040609137055837685,-0.07518796992481203,-0.10535809587712208,-0.027394366914017754,-0.06753087711040817,-0.03126117892036451,-0.0347867207530721,PASS,0.0,93,93,model_features_v2.0,2026-03-23T08:43:03Z
02618.HK,2025-03-19,2025,3,2,2024-12-31,annual,78,CONFIRMED,V2.5,3412.0,10,1.0,182837.584,18698.413,0.102,7087.553,117867.788,54900.868,62966.92,67740.188,39712.049,7228.23,15941.503,20790.727,-840.448,-11487.704,8100.0,4300.0,22734.265000000003,28028.139,46.57834759739446,29.036886994209272,15744.864,333.561,645.798,8568.084,8.611393596187531,0.1824356856520265,0.3532085613207403,4.686172182192038,101.446,1.1839986629449477,1.7092875492605082,1.1018196155902014,2.8062633372875427,2.410233584742301,4.43016136113459,2.3518140559109555,11.37114511423428,2.75975151804675,55061.616,127775.968,87355.44,32300.0,95482.144,69.88495756977406,30.11504243022594,47.77761666332236,17.665952094400897,1600,80703.0,400156.0,8.015900634419253,-4.8070358237999065,13.68,-0.01013024602026058,0.027027027027026973,-0.0186513629842181,0.01155477979149442,0.04373073389818239,0.0012356222997287336,0.049610789010822165,0.07962346976844725,-0.010533125870117122,0.03350178603199794,0.06504485000634674,-0.0015395719140968156,0.055463353527545944,0.08277940055484434,-0.022583761983795192,-0.006474759004970965,-0.02843632650051897,-0.09827483275266535,-0.08369621299056484,-0.10143076353906244,-0.009555930297920234,0.12444160816847472,0.14267185473411148,-0.007896221094190636,0.045157456922162664,0.048896839594514185,-0.016039051603905286,0.046735905044510195,0.13698630136986312,0.04363636363636347,0.1351351351351351,0.0968152866242038,-0.021138211382113914,0.008375209380234505,-0.08925869894099858,-0.09741458114144774,-0.01813042989513569,-0.019708878017483222,-0.10810810810810811,0.018651817646792468,PASS,0.0,93,93,model_features_v2.0,2026-03-23T08:43:03Z
02618.HK,2025-03-20,2025,3,3,2024-12-31,annual,79,CONFIRMED,V2.5,3412.0,10,1.0,182837.584,18698.413,0.102,7087.553,117867.788,54900.868,62966.92,67740.188,39712.049,7228.23,15941.503,20790.727,-840.448,-11487.704,8100.0,4300.0,22734.265000000003,28028.139,46.57834759739446,29.036886994209272,15744.864,333.561,645.798,8568.084,8.611393596187531,0.1824356856520265,0.3532085613207403,4.686172182192038,101.446,1.1839986629449477,1.7092875492605082,1.1018196155902014,2.8062633372875427,2.410233584742301,4.43016136113459,2.3518140559109555,11.37114511423428,2.75975151804675,55061.616,127775.968,87355.44,32300.0,95482.144,69.88495756977406,30.11504243022594,47.77761666332236,17.665952094400897,1600,80703.0,400156.0,8.015900634419253,-4.8070358237999065,13.34,-0.024853801169590684,-0.0014970059880239361,-0.045779685264663805,0.017947504576579208,0.04407370737542556,-0.022251297275781345,0.0322768314747055,0.0727719119209036,-0.03391881400849828,0.015399015618230871,0.06113795949832901,-0.02329746010005973,0.03582725332377934,0.07541191046878071,-0.03377383746272944,-0.016896021606254807,-0.037324259311803276,-0.1185515971855674,-0.10691764476299281,-0.12119159573344451,-0.04937570942111236,0.06552162849872789,0.08978529603122976,-0.044343376918703825,0.021884498480243098,0.07138304652645,-0.03968816442239542,0.03041825095057038,0.12076095947063692,-0.0551684088269454,0.08322237017310252,0.046975546975546845,-0.01661129568106301,0.015437392795883298,-0.07355242566510167,-0.06701863448675183,-0.023381504468267034,-0.031915256938594316,-0.08471937616112646,-0.016934398783907234,PASS,0.0,93,93,model_features_v2.0,2026-03-23T08:43:03Z
02618.HK,2025-03-21,2025,3,4,2024-12-31,annual,80,CONFIRMED,V2.5,3412.0,10,1.0,182837.584,18698.413,0.102,7087.553,117867.788,54900.868,62966.92,67740.188,39712.049,7228.23,15941.503,20790.727,-840.448,-11487.704,8100.0,4300.0,22734.265000000003,28028.139,46.57834759739446,29.036886994209272,15744.864,333.561,645.798,8568.084,8.611393596187531,0.1824356856520265,0.3532085613207403,4.686172182192038,101.446,1.1839986629449477,1.7092875492605082,1.1018196155902014,2.8062633372875427,2.410233584742301,4.43016136113459,2.3518140559109555,11.37114511423428,2.75975151804675,55061.616,127775.968,87355.44,32300.0,95482.144,69.88495756977406,30.11504243022594,47.77761666332236,17.665952094400897,1600,80703.0,400156.0,8.015900634419253,-4.8070358237999065,13.06,-0.020989505247376306,-0.029717682020802383,-0.11517615176151752,0.01937215273699184,0.04213412370271041,-0.021892283014622205,-0.011279642136596046,0.009021242086181491,-0.033706402023206405,-0.04101836831168648,-0.037502773368832454,-0.023210624262955615,-0.01526807319100898,0.00873695071653513,-0.018438039884206336,0.011300686290884099,-0.014449608829793403,-0.12419739384769901,-0.07767337839268507,-0.12391310247805265,-0.027462686567164107,-0.016304347826086918,0.008044554455445718,-0.002974419988102328,-0.03344867358708192,0.028852056476365906,-0.03542435424354251,-0.03755522827687796,-0.056317689530686055,-0.03872157344806382,0.011642949547218784,-0.03456790123456788,-0.023648648648648574,-0.025295109612141542,-0.12688821752265855,-0.013413334194715465,0.00373099156627954,0.007837546256075578,-0.04136063156802117,-0.004422572408660841,PASS,0.0,93,93,model_features_v2.0,2026-03-23T08:43:03Z
02618.HK,2025-03-24,2025,3,0,2024-12-31,annual,83,CONFIRMED,V2.5,3412.0,10,1.0,182837.584,18698.413,0.102,7087.553,117867.788,54900.868,62966.92,67740.188,39712.049,7228.23,15941.503,20790.727,-840.448,-11487.704,8100.0,4300.0,22734.265000000003,28028.139,46.57834759739446,29.036886994209272,15744.864,333.561,645.798,8568.084,8.611393596187531,0.1824356856520265,0.3532085613207403,4.686172182192038,101.446,1.1839986629449477,1.7092875492605082,1.1018196155902014,2.8062633372875427,2.410233584742301,4.43016136113459,2.3518140559109555,11.37114511423428,2.75975151804675,55061.616,127775.968,87355.44,32300.0,95482.144,69.88495756977406,30.11504243022594,47.77761666332236,17.665952094400897,1600,80703.0,400156.0,8.015900634419253,-4.8070358237999065,13.06,0.0,-0.03402366863905315,-0.10670314637482892,0.018874489282580575,0.04213679314564018,0.009111124994301223,-0.009940125662802668,0.024160715563322332,0.017247799473717684,-0.02315416299863271,-0.009100927192582597,0.012382126120345616,-0.008709212004769262,0.02689566974210522,-0.024083542976250483,-0.01086950564042044,-0.02531445663428389,-0.13086386193815125,-0.09760221918224632,-0.13359881611693414,0.022713321055862323,-0.014201183431952646,0.03414028553693349,-0.011336515513126533,-0.05368360936607652,-0.00480480480480483,0.016067329762815774,-0.019926199261992572,-0.021370670596904784,0.005754475703324768,-0.013793103448275779,-0.0012698412698411987,-0.02422145328719738,-0.05369127516778527,-0.14415781487101675,-0.019822485207100504,0.019659940727023373,-0.014097469377060579,-0.020230565190777372,0.019667606528732118,PASS,0.0,93,93,model_features_v2.0,2026-03-23T08:43:03Z
02618.HK,2025-03-25,2025,3,1,2024-12-31,annual,84,CONFIRMED,V2.5,3412.0,10,1.0,182837.584,18698.413,0.102,7087.553,117867.788,54900.868,62966.92,67740.188,39712.049,7228.23,15941.503,20790.727,-840.448,-11487.704,8100.0,4300.0,22734.265000000003,28028.139,46.57834759739446,29.036886994209272,15744.864,333.561,645.798,8568.084,8.611393596187531,0.1824356856520265,0.3532085613207403,4.686172182192038,101.446,1.1839986629449477,1.7092875492605082,1.1018196155902014,2.8062633372875427,2.410233584742301,4.43016136113459,2.3518140559109555,11.37114511423428,2.75975151804675,55061.616,127775.968,87355.44,32300.0,95482.144,69.88495756977406,30.11504243022594,47.77761666332236,17.665952094400897,1600,80703.0,400156.0,8.015900634419253,-4.8070358237999065,12.74,-0.024502297090352232,-0.07814761215629518,-0.11033519553072624,0.010793316668255058,0.042224651940073896,-0.023480311693179434,-0.0564384733253922,0.01346833943879533,-0.03822842928934611,-0.09630333306035532,-0.031813603517921174,-0.026510996725515823,-0.06120748021907063,0.013749471313386774,-0.021709138830902974,0.018155720904060146,-0.016940131937224545,-0.12380353496952157,-0.07852159201280506,-0.12408466684411301,-0.032412965186074505,-0.09387296233839248,0.040000000000000036,-0.043452021726010814,-0.10603496897913145,-0.0006305170239596647,-0.03840361445783136,-0.10948396094839608,-0.022205206738131644,-0.011443102352193368,-0.05757575757575761,0.017004578155657146,-0.01773049645390068,-0.09918699186991875,-0.1593323216995447,0.01572535018209731,0.027887356822836273,0.0313363487921009,-0.020571854580537563,0.021039379713623574,PASS,0.0,93,93,model_features_v2.0,2026-03-23T08:43:03Z
02618.HK,2025-03-26,2025,3,2,2024-12-31,annual,85,CONFIRMED,V2.5,3412.0,10,1.0,182837.584,18698.413,0.102,7087.553,117867.788,54900.868,62966.92,67740.188,39712.049,7228.23,15941.503,20790.727,-840.448,-11487.704,8100.0,4300.0,22734.265000000003,28028.139,46.57834759739446,29.036886994209272,15744.864,333.561,645.798,8568.084,8.611393596187531,0.1824356856520265,0.3532085613207403,4.686172182192038,101.446,1.1839986629449477,1.7092875492605082,1.1018196155902014,2.8062633372875427,2.410233584742301,4.43016136113459,2.3518140559109555,11.37114511423428,2.75975151804675,55061.616,127775.968,87355.44,32300.0,95482.144,69.88495756977406,30.11504243022594,47.77761666332236,17.665952094400897,1600,80703.0,400156.0,8.015900634419253,-4.8070358237999065,13.0,0.020408163265306145,-0.049707602339181256,-0.1228070175438597,0.019851806379329325,0.04162444011225317,0.005957355665742181,-0.05198872558953682,-0.012805233578541797,0.010062491844161858,-0.07749301048303392,-0.06395086155205343,0.004434742347556142,-0.05559019045786062,-0.015766134724223946,0.0022811232503555656,0.027785408143852663,0.005882588118679366,-0.1100017839653179,-0.05885615599180627,-0.10704088281963575,0.01799007444168743,-0.06867196367763906,-0.023795359904818514,0.00883280757097804,-0.09096077316657192,-0.08208955223880587,0.014095536413468945,-0.08221119773210483,-0.05405405405405406,0.009003215434083556,-0.08885017421602781,0.01291155584247905,0.027075812274368394,-0.054817275747508165,-0.15578635014836795,0.018964361338457802,0.04125317082739066,0.03250359539292358,0.039142571876846555,0.005109673408326909,PASS,0.0,93,93,model_features_v2.0,2026-03-23T08:43:03Z
02618.HK,2025-03-27,2025,3,3,2024-12-31,annual,86,CONFIRMED,V2.5,3412.0,10,1.0,182837.584,18698.413,0.102,7087.553,117867.788,54900.868,62966.92,67740.188,39712.049,7228.23,15941.503,20790.727,-840.448,-11487.704,8100.0,4300.0,22734.265000000003,28028.139,46.57834759739446,29.036886994209272,15744.864,333.561,645.798,8568.084,8.611393596187531,0.1824356856520265,0.3532085613207403,4.686172182192038,101.446,1.1839986629449477,1.7092875492605082,1.1018196155902014,2.8062633372875427,2.410233584742301,4.43016136113459,2.3518140559109555,11.37114511423428,2.75975151804675,55061.616,127775.968,87355.44,32300.0,95482.144,69.88495756977406,30.11504243022594,47.77761666332236,17.665952094400897,1600,80703.0,400156.0,8.015900634419253,-4.8070358237999065,12.96,-0.003076923076922977,-0.028485757121439192,-0.11354309165526666,0.01808506997916217,0.041586334438237456,0.0040658646222084815,-0.026471978678733965,-0.0058811153755182755,0.0028853193230264917,-0.04234889347323978,-0.049632631129686966,0.0027061727414312564,-0.030446316109226212,-0.006514381929762392,-0.0020137784427052274,0.013863136351800587,0.00196055898778702,-0.10766197627974838,-0.0639104605255797,-0.10702870972550427,0.0030469226081657474,-0.017313432835820874,-0.015550239234449759,0.018136335209506083,-0.031528851873884545,-0.05787037037037035,0.004633204633204491,-0.039852398523985255,-0.041267501842299104,-0.005098789037603635,-0.040565457897971724,0.012321660181582317,0.01581722319859402,-0.023648648648648574,-0.13473053892215558,-0.011172324285618318,0.003043094752445352,0.011366641402546063,0.012079700776532531,-0.004837108472790619,PASS,0.0,93,93,model_features_v2.0,2026-03-23T08:43:03Z
02618.HK,2025-03-28,2025,3,4,2024-12-31,annual,87,CONFIRMED,V2.5,3412.0,10,1.0,182837.584,18698.413,0.102,7087.553,117867.788,54900.868,62966.92,67740.188,39712.049,7228.23,15941.503,20790.727,-840.448,-11487.704,8100.0,4300.0,22734.265000000003,28028.139,46.57834759739446,29.036886994209272,15744.864,333.561,645.798,8568.084,8.611393596187531,0.1824356856520265,0.3532085613207403,4.686172182192038,101.446,1.1839986629449477,1.7092875492605082,1.1018196155902014,2.8062633372875427,2.410233584742301,4.43016136113459,2.3518140559109555,11.37114511423428,2.75975151804675,55061.616,127775.968,87355.44,32300.0,95482.144,69.88495756977406,30.11504243022594,47.77761666332236,17.665952094400897,1600,80703.0,400156.0,8.015900634419253,-4.8070358237999065,12.86,-0.007716049382716195,-0.015313935681470214,-0.07614942528735635,0.016136413616094913,0.04036536537731356,-0.006454951057729863,-0.011106927392979027,0.021153098426768713,-0.01478765888010991,-0.02359935881522679,-0.011075511750782141,-0.008201492154350731,-0.015548366060454732,0.022462923379780175,-0.0042070082884911875,0.008285423133756575,0.00023443037898451813,-0.09730252371412507,-0.06507391353657421,-0.09861234866713653,-0.0012150668286755595,0.009208103130755152,0.023661270236612797,-0.016584766584766708,-0.04474940334128874,-0.011728395061728403,0.006917755572636519,0.002295332823259555,0.027450980392156765,0.005124919923126248,0.0031969309462915874,0.04809619238476959,-0.01557093425605538,-0.01557093425605538,-0.11370716510903423,-0.024522038812225366,0.029435467659818526,-0.01760926850472977,-0.0185108666277618,0.0002569985745851655,PASS,0.0,93,93,model_features_v2.0,2026-03-23T08:43:03Z
02618.HK,2025-03-31,2025,3,0,2024-12-31,annual,90,CONFIRMED,V2.5,3412.0,10,1.0,182837.584,18698.413,0.102,7087.553,117867.788,54900.868,62966.92,67740.188,39712.049,7228.23,15941.503,20790.727,-840.448,-11487.704,8100.0,4300.0,22734.265000000003,28028.139,46.57834759739446,29.036886994209272,15744.864,333.561,645.798,8568.084,8.611393596187531,0.1824356856520265,0.3532085613207403,4.686172182192038,101.446,1.1839986629449477,1.7092875492605082,1.1018196155902014,2.8062633372875427,2.410233584742301,4.43016136113459,2.3518140559109555,11.37114511423428,2.75975151804675,55061.616,127775.968,87355.44,32300.0,95482.144,69.88495756977406,30.11504243022594,47.77761666332236,17.665952094400897,1600,80703.0,400156.0,8.015900634419253,-4.8070358237999065,12.56,-0.023328149300155476,-0.038284839203675314,-0.10668563300142242,0.018289217876610267,0.04048162289397299,-0.01310561498467544,-0.03287854373626886,0.004925179092482246,-0.020294308331835098,-0.05963397904417589,-0.025495586954872307,-0.010452548522840943,-0.03775305753313962,0.01150391167096565,-0.005406295467406452,0.021349139840500575,-0.0005317816705356915,-0.11161081209390467,-0.08119004604655011,-0.11818954467238807,-0.021897810218978075,-0.034813925570228,0.01132075471698113,-0.026858213616489546,-0.059746529873264786,-0.04182041820418192,-0.022900763358778664,-0.03614457831325313,-0.018404907975460127,-0.0216698534098152,-0.024157660521296975,0.00854139290407363,-0.005272407732864748,0.0035460992907803135,-0.07667210440456762,-0.0034709136334473145,0.021461690669589473,-0.0021402608904221854,-0.014127178682378339,-0.04183093849445563,PASS,0.0,93,93,model_features_v2.0,2026-03-23T08:43:03Z
02618.HK,2025-04-01,2025,4,1,2024-12-31,annual,91,CONFIRMED,V2.5,3412.0,10,1.0,182837.584,18698.413,0.102,7087.553,117867.788,54900.868,62966.92,67740.188,39712.049,7228.23,15941.503,20790.727,-840.448,-11487.704,8100.0,4300.0,22734.265000000003,28028.139,46.57834759739446,29.036886994209272,15744.864,333.561,645.798,8568.084,8.611393596187531,0.1824356856520265,0.3532085613207403,4.686172182192038,101.446,1.1839986629449477,1.7092875492605082,1.1018196155902014,2.8062633372875427,2.410233584742301,4.43016136113459,2.3518140559109555,11.37114511423428,2.75975151804675,55061.616,127775.968,87355.44,32300.0,95482.144,69.88495756977406,30.11504243022594,47.77761666332236,17.665952094400897,1600,80703.0,400156.0,8.015900634419253,-4.8070358237999065,12.76,0.015923566878980777,0.0015698587127157548,-0.12362637362637363,0.017904490886332065,0.03968146528039786,0.003774290017379167,-0.005886246077727919,0.011554034409725134,0.002346739033721734,-0.01996186692572033,-0.02316985931166049,0.0024411339731797987,-0.009135272279261697,0.020301252677168202,0.007456104790443674,0.021531725638436083,0.010705130991977452,-0.13518040803609876,-0.10045651431471314,-0.14392762630354183,0.0024875621890545485,0.0,0.006242197253433224,0.01347881899871628,-0.003785488958990446,-0.020471464019851005,0.014062500000000089,0.016444792482380732,0.015649452269170583,0.015635179153094425,0.0025723472668810476,-0.01887979861548139,-0.0229681978798586,-0.0018050541516244634,-0.07679465776293826,0.0015698587127157548,0.005355347671706201,-0.014874933769664977,-0.0010024885541652928,0.003374912864340218,PASS,0.0,93,93,model_features_v2.0,2026-03-23T08:43:03Z
02618.HK,2025-04-02,2025,4,2,2024-12-31,annual,92,CONFIRMED,V2.5,3412.0,10,1.0,182837.584,18698.413,0.102,7087.553,117867.788,54900.868,62966.92,67740.188,39712.049,7228.23,15941.503,20790.727,-840.448,-11487.704,8100.0,4300.0,22734.265000000003,28028.139,46.57834759739446,29.036886994209272,15744.864,333.561,645.798,8568.084,8.611393596187531,0.1824356856520265,0.3532085613207403,4.686172182192038,101.446,1.1839986629449477,1.7092875492605082,1.1018196155902014,2.8062633372875427,2.410233584742301,4.43016136113459,2.3518140559109555,11.37114511423428,2.75975151804675,55061.616,127775.968,87355.44,32300.0,95482.144,69.88495756977406,30.11504243022594,47.77761666332236,17.665952094400897,1600,80703.0,400156.0,8.015900634419253,-4.8070358237999065,12.68,-0.006269592476489061,-0.024615384615384595,-0.1679790026246719,0.014020939122237615,0.03771323385572453,-0.00018572110636350114,-0.011956997562525218,-0.016600682964167945,0.003524812386035192,-0.026305212236050757,-0.057572673560335796,-0.0006828916538057506,-0.014183766529353159,-0.01145840523313646,-0.012658387052859377,0.0016898276206661622,-0.010431618086031436,-0.15137831966050397,-0.11040632906433612,-0.15652059739153545,0.004342431761786614,-0.013406459475929222,-0.019382192610538973,-0.0006333122229258414,-0.013133208255159401,-0.0798833819241982,0.0015408320493064398,0.0038610038610038533,0.0007698229407235857,-0.010262989095574104,-0.016571064372211564,-0.04161490683229807,-0.001808318264014619,-0.02987697715289994,-0.07382550335570481,-0.011208925139455372,-0.011482176360225194,-0.028476388476388448,-0.008044320243173031,0.005261592537515347,PASS,0.0,93,93,model_features_v2.0,2026-03-23T08:43:03Z
02618.HK,2025-04-03,2025,4,3,2024-12-31,annual,93,CONFIRMED,V2.5,3412.0,10,1.0,182837.584,18698.413,0.102,7087.553,117867.788,54900.868,62966.92,67740.188,39712.049,7228.23,15941.503,20790.727,-840.448,-11487.704,8100.0,4300.0,22734.265000000003,28028.139,46.57834759739446,29.036886994209272,15744.864,333.561,645.798,8568.084,8.611393596187531,0.1824356856520265,0.3532085613207403,4.686172182192038,101.446,1.1839986629449477,1.7092875492605082,1.1018196155902014,2.8062633372875427,2.410233584742301,4.43016136113459,2.3518140559109555,11.37114511423428,2.75975151804675,55061.616,127775.968,87355.44,32300.0,95482.144,69.88495756977406,30.11504243022594,47.77761666332236,17.665952094400897,1600,80703.0,400156.0,8.015900634419253,-4.8070358237999065,12.4,-0.02208201892744477,-0.04320987654320996,-0.19793014230271666,0.015860770109183263,0.037431076811654744,-0.015201790494398515,-0.030917179839516806,-0.06236840733845406,-0.020857136538872556,-0.04935660712240919,-0.12449145378717597,-0.013053975233812687,-0.02967844496881822,-0.057948644997642185,-0.012292696703693151,0.006146730579199233,-0.013531431574391739,-0.1355617349642626,-0.0734386885155407,-0.13998149730507448,-0.05188387893761581,-0.0674362089914945,-0.14245810055865926,0.0006337135614702394,-0.030098280098280084,-0.12423738214087632,-0.050000000000000044,-0.050730207532667104,-0.12286931818181823,-0.0187945560596241,-0.030108904548366344,-0.06600863664404677,-0.010869565217391242,-0.05536332179930803,-0.1428571428571429,0.024226332448284538,-0.013111596444929874,0.007520330989457147,-0.013100971994843613,0.012153445256098072,PASS,0.0,93,93,model_features_v2.0,2026-03-23T08:43:03Z
02618.HK,2025-04-07,2025,4,0,2024-12-31,annual,97,CONFIRMED,V2.5,3412.0,10,1.0,182837.584,18698.413,0.102,7087.553,117867.788,54900.868,62966.92,67740.188,39712.049,7228.23,15941.503,20790.727,-840.448,-11487.704,8100.0,4300.0,22734.265000000003,28028.139,46.57834759739446,29.036886994209272,15744.864,333.561,645.798,8568.084,8.611393596187531,0.1824356856520265,0.3532085613207403,4.686172182192038,101.446,1.1839986629449477,1.7092875492605082,1.1018196155902014,2.8062633372875427,2.410233584742301,4.43016136113459,2.3518140559109555,11.37114511423428,2.75975151804675,55061.616,127775.968,87355.44,32300.0,95482.144,69.88495756977406,30.11504243022594,47.77761666332236,17.665952094400897,1600,80703.0,400156.0,8.015900634419253,-4.8070358237999065,10.3,-0.16935483870967738,-0.19906687402799372,-0.2196969696969696,0.07347047050097173,0.04194612533861668,-0.1322334846547959,-0.15359890039527713,-0.18170713085967327,-0.17159898066347212,-0.20066576227601352,-0.2709641834949912,-0.13745846053854094,-0.15613641155075886,-0.18524842388233875,-0.045467973632716596,0.001598888248019792,-0.042930462477234865,-0.03798983883729634,0.05126721379802157,-0.03444854581463086,-0.17654723127035832,-0.23114355231143546,-0.2569077013521457,-0.1494616846105129,-0.16114928169893805,-0.26811989100817435,-0.1797570850202429,-0.22671755725190845,-0.27642857142857147,-0.09775429326287988,-0.12938177182919064,-0.13817034700315456,-0.1428571428571429,-0.17750439367311077,-0.2107925801011804,0.03207667828344174,-0.03791759232905567,0.02765068322391473,-0.06968510219880308,-0.02156248035488295,PASS,0.0,93,93,model_features_v2.0,2026-03-23T08:43:03Z
02618.HK,2025-04-08,2025,4,1,2024-12-31,annual,98,CONFIRMED,V2.5,3412.0,10,1.0,182837.584,18698.413,0.102,7087.553,117867.788,54900.868,62966.92,67740.188,39712.049,7228.23,15941.503,20790.727,-840.448,-11487.704,8100.0,4300.0,22734.265000000003,28028.139,46.57834759739446,29.036886994209272,15744.864,333.561,645.798,8568.084,8.611393596187531,0.1824356856520265,0.3532085613207403,4.686172182192038,101.446,1.1839986629449477,1.7092875492605082,1.1018196155902014,2.8062633372875427,2.410233584742301,4.43016136113459,2.3518140559109555,11.37114511423428,2.75975151804675,55061.616,127775.968,87355.44,32300.0,95482.144,69.88495756977406,30.11504243022594,47.77761666332236,17.665952094400897,1600,80703.0,400156.0,8.015900634419253,-4.8070358237999065,10.86,0.05436893203883475,-0.1353503184713376,-0.1722560975609756,0.08539710549169977,0.04445328127403905,0.015098621667011258,-0.1294097903162601,-0.1537120918754985,0.03791198929458295,-0.15317569771925144,-0.22378935313797144,0.02311804632107295,-0.12750817084429023,-0.1483539483860714,-0.005940528155077507,0.01782537924791383,-0.00784214762704738,-0.018544005685477094,0.05153325557699584,-0.023902149174904186,0.08860759493670867,-0.14427860696517425,-0.1521873074553297,0.04690990320178701,-0.09756097560975618,-0.19611206403659243,0.011846001974333609,-0.19921875,-0.2379182156133829,0.01171303074670571,-0.09967426710097727,-0.12807570977917992,0.02991452991453003,-0.1484098939929328,-0.2033057851239669,0.008928288493836645,-0.03778934286158142,0.0638684315286624,-0.03567605137036034,0.013059575521595201,PASS,0.0,93,93,model_features_v2.0,2026-03-23T08:43:03Z
02618.HK,2025-04-09,2025,4,2,2024-12-31,annual,99,CONFIRMED,V2.5,3412.0,10,1.0,182837.584,18698.413,0.102,7087.553,117867.788,54900.868,62966.92,67740.188,39712.049,7228.23,15941.503,20790.727,-840.448,-11487.704,8100.0,4300.0,22734.265000000003,28028.139,46.57834759739446,29.036886994209272,15744.864,333.561,645.798,8568.084,8.611393596187531,0.1824356856520265,0.3532085613207403,4.686172182192038,101.446,1.1839986629449477,1.7092875492605082,1.1018196155902014,2.8062633372875427,2.410233584742301,4.43016136113459,2.3518140559109555,11.37114511423428,2.75975151804675,55061.616,127775.968,87355.44,32300.0,95482.144,69.88495756977406,30.11504243022594,47.77761666332236,17.665952094400897,1600,80703.0,400156.0,8.015900634419253,-4.8070358237999065,11.16,0.027624309392265234,-0.12539184952978055,-0.18777292576419213,0.08696142629326617,0.04336327737477359,0.0067971072672061705,-0.1267880504196176,-0.14791141587762913,0.026444822891265485,-0.13281663208429972,-0.21417642691835237,0.014138800926014161,-0.11732690583965022,-0.13930763920669664,0.0013962008898370515,0.0074247825545191715,-0.008064943690130333,-0.03986150988656301,0.026403501154160236,-0.04846528655749549,-0.006540697674418672,-0.15198511166253104,-0.146158650843223,0.04125177809388347,-0.07283090563647876,-0.14685314685314677,0.01073170731707318,-0.20184899845916804,-0.22455089820359286,-0.004341534008682979,-0.1173829377806287,-0.1351351351351351,0.03112033195020736,-0.10126582278481022,-0.15905245346869723,0.026593262132750484,-0.05256094389330179,0.07645714892938749,-0.008008911749151859,-0.02412602674497033,PASS,0.0,93,93,model_features_v2.0,2026-03-23T08:43:03Z
02618.HK,2025-04-10,2025,4,3,2024-12-31,annual,100,CONFIRMED,V2.5,3412.0,10,1.0,182837.584,18698.413,0.102,7087.553,117867.788,54900.868,62966.92,67740.188,39712.049,7228.23,15941.503,20790.727,-840.448,-11487.704,8100.0,4300.0,22734.265000000003,28028.139,46.57834759739446,29.036886994209272,15744.864,333.561,645.798,8568.084,8.611393596187531,0.1824356856520265,0.3532085613207403,4.686172182192038,101.446,1.1839986629449477,1.7092875492605082,1.1018196155902014,2.8062633372875427,2.410233584742301,4.43016136113459,2.3518140559109555,11.37114511423428,2.75975151804675,55061.616,127775.968,87355.44,32300.0,95482.144,69.88495756977406,30.11504243022594,47.77761666332236,17.665952094400897,1600,80703.0,400156.0,8.015900634419253,-4.8070358237999065,11.38,0.01971326164874565,-0.10252365930599361,-0.14564564564564564,0.08897480763363987,0.04352690882003868,0.02059217873235375,-0.10864116973450744,-0.12366490101189354,0.026561090508168794,-0.11291012155298863,-0.17648528063284386,0.017609519503989812,-0.10116965303025338,-0.11676282360240442,0.006117510428513828,0.01038646224699502,-0.0013540062757402271,-0.021980744633752103,0.030839634987198217,-0.02888282204324122,0.03657644476956845,-0.12476837554045717,-0.09572431397574988,-0.006830601092896127,-0.0785804816223068,-0.13606654783125371,0.01158301158301156,-0.1938461538461539,-0.22255192878338292,0.024709302325581328,-0.08619572261827613,-0.07053394858272899,0.03420523138832987,-0.0688405797101449,-0.1390284757118928,0.022244716234463557,-0.02394317768368681,0.09132249454016028,-0.01632793668771748,-0.03368307959584871,PASS,0.0,93,93,model_features_v2.0,2026-03-23T08:43:03Z
02618.HK,2025-04-11,2025,4,4,2024-12-31,annual,101,CONFIRMED,V2.5,3412.0,10,1.0,182837.584,18698.413,0.102,7087.553,117867.788,54900.868,62966.92,67740.188,39712.049,7228.23,15941.503,20790.727,-840.448,-11487.704,8100.0,4300.0,22734.265000000003,28028.139,46.57834759739446,29.036886994209272,15744.864,333.561,645.798,8568.084,8.611393596187531,0.1824356856520265,0.3532085613207403,4.686172182192038,101.446,1.1839986629449477,1.7092875492605082,1.1018196155902014,2.8062633372875427,2.410233584742301,4.43016136113459,2.3518140559109555,11.37114511423428,2.75975151804675,55061.616,127775.968,87355.44,32300.0,95482.144,69.88495756977406,30.11504243022594,47.77761666332236,17.665952094400897,1600,80703.0,400156.0,8.015900634419253,-4.8070358237999065,11.62,0.021089630931458547,-0.06290322580645169,-0.1302395209580839,0.09055383378941338,0.04392856907850658,0.011261603208234439,-0.08468866918368256,-0.10859642879214426,0.018008866286920444,-0.07769806107737998,-0.14742065183540753,0.017360887807722047,-0.07347026399108447,-0.09711126318591179,0.021785443377230873,0.014794835270928286,0.010567038184632782,-0.021643092165939626,0.017181130877323647,-0.0331282577721721,0.009880028228652193,-0.06775244299674266,-0.08969465648854957,-0.013067400275103225,-0.09119696010132994,-0.12765957446808507,-0.01717557251908397,-0.1659919028340081,-0.21673003802281365,-0.01134751773049636,-0.07926023778071334,-0.07190412782956046,0.03307392996108938,-0.027472527472527486,-0.08919382504288176,0.004849217190290966,0.028293734294878248,0.10308867702755642,0.016357011974261648,-0.035430698333924204,PASS,0.0,93,93,model_features_v2.0,2026-03-23T08:43:03Z
02618.HK,2025-04-14,2025,4,0,2024-12-31,annual,104,CONFIRMED,V2.5,3412.0,10,1.0,182837.584,18698.413,0.102,7087.553,117867.788,54900.868,62966.92,67740.188,39712.049,7228.23,15941.503,20790.727,-840.448,-11487.704,8100.0,4300.0,22734.265000000003,28028.139,46.57834759739446,29.036886994209272,15744.864,333.561,645.798,8568.084,8.611393596187531,0.1824356856520265,0.3532085613207403,4.686172182192038,101.446,1.1839986629449477,1.7092875492605082,1.1018196155902014,2.8062633372875427,2.410233584742301,4.43016136113459,2.3518140559109555,11.37114511423428,2.75975151804675,55061.616,127775.968,87355.44,32300.0,95482.144,69.88495756977406,30.11504243022594,47.77761666332236,17.665952094400897,1600,80703.0,400156.0,8.015900634419253,-4.8070358237999065,11.98,0.030981067125645634,0.16310679611650492,-0.10995542347696885,0.013989366143977054,0.044615649375282965,0.024036215693371554,0.08014302789447414,-0.10611778473938616,0.0234040686225494,0.13940897555611587,-0.1472015616975979,0.02106006374467273,0.0968080585443738,-0.10274624680812872,0.08296376822203078,0.02369782056038905,0.06629873757213112,-0.0038376387375826937,0.037246138220629055,-0.007209176668840134,0.024458420684835724,0.15981012658227844,-0.11473429951690817,0.01672473867595814,0.08637379002233803,-0.1585928489042676,0.05048543689320395,0.06811451135241864,-0.20324005891016206,0.03443328550932545,0.05563689604685207,-0.06727037516170764,0.033898305084745894,0.17307692307692313,-0.07419898819561543,0.0032966695342264707,0.07673300609416689,0.09499228476408628,0.10746990006965285,-0.009970126960418213,PASS,0.0,93,93,model_features_v2.0,2026-03-23T08:43:03Z
02618.HK,2025-04-15,2025,4,1,2024-12-31,annual,105,CONFIRMED,V2.5,3412.0,10,1.0,182837.584,18698.413,0.102,7087.553,117867.788,54900.868,62966.92,67740.188,39712.049,7228.23,15941.503,20790.727,-840.448,-11487.704,8100.0,4300.0,22734.265000000003,28028.139,46.57834759739446,29.036886994209272,15744.864,333.561,645.798,8568.084,8.611393596187531,0.1824356856520265,0.3532085613207403,4.686172182192038,101.446,1.1839986629449477,1.7092875492605082,1.1018196155902014,2.8062633372875427,2.410233584742301,4.43016136113459,2.3518140559109555,11.37114511423428,2.75975151804675,55061.616,127775.968,87355.44,32300.0,95482.144,69.88495756977406,30.11504243022594,47.77761666332236,17.665952094400897,1600,80703.0,400156.0,8.015900634419253,-4.8070358237999065,11.96,-0.0016694490818029983,0.10128913443830578,-0.11538461538461531,0.012733085642342212,0.04456991174545846,0.002281789572964099,0.06650493251085066,-0.1109644543491829,-0.006683788224409293,0.09045219530774595,-0.1517518870864203,0.0021428861714238856,0.07432216381881607,-0.10590531299557804,0.03478420192745513,0.01083693913055983,0.026966970619489716,-0.004420161035432413,0.03636727170180498,-0.00947930238903727,-0.0006821282401090478,0.06468023255813948,-0.13313609467455623,0.006168608636052175,0.04409672830725464,-0.16162193032552818,0.015711645101663674,0.07219512195121958,-0.18892988929889298,0.020804438280166426,0.06512301013024602,-0.07711598746081516,0.02003642987249532,0.1618257261410787,-0.06040268456375841,0.0366089018801663,0.05719240613105114,0.029094012487086207,0.036166124308059766,-0.060536591702772924,PASS,0.0,93,93,model_features_v2.0,2026-03-23T08:43:03Z
02618.HK,2025-04-16,2025,4,2,2024-12-31,annual,106,CONFIRMED,V2.5,3412.0,10,1.0,182837.584,18698.413,0.102,7087.553,117867.788,54900.868,62966.92,67740.188,39712.049,7228.23,15941.503,20790.727,-840.448,-11487.704,8100.0,4300.0,22734.265000000003,28028.139,46.57834759739446,29.036886994209272,15744.864,333.561,645.798,8568.084,8.611393596187531,0.1824356856520265,0.3532085613207403,4.686172182192038,101.446,1.1839986629449477,1.7092875492605082,1.1018196155902014,2.8062633372875427,2.410233584742301,4.43016136113459,2.3518140559109555,11.37114511423428,2.75975151804675,55061.616,127775.968,87355.44,32300.0,95482.144,69.88495756977406,30.11504243022594,47.77761666332236,17.665952094400897,1600,80703.0,400156.0,8.015900634419253,-4.8070358237999065,11.6,-0.030100334448160626,0.03942652329749108,-0.16063675832127355,0.024401854811784588,0.0444192720042033,-0.019066656666481885,0.03910732517818105,-0.14888864727045492,-0.03720089930945891,0.022837632938737862,-0.21443288837933017,-0.025538417235419164,0.03229032869863313,-0.1524101711554089,0.00031919811931002684,0.016588890358753217,0.007136194598857948,-0.011748111050818633,0.05379613005805661,-0.008226587165864663,-0.0552901023890785,0.012435991221653397,-0.22203485103991005,-0.08106267029972758,-0.07855191256830596,-0.23914269599548788,-0.04094631483166511,0.01737451737451745,-0.2649930264993027,-0.009510869565217184,0.05959302325581417,-0.11636363636363634,-0.019642857142857073,0.1046277665995976,-0.10731707317073169,0.02699053207583768,0.11797843586579704,0.022052005922973628,-0.020166499958323092,-0.06520124330210653,PASS,0.0,93,93,model_features_v2.0,2026-03-23T08:43:03Z
02618.HK,2025-04-17,2025,4,3,2024-12-31,annual,107,CONFIRMED,V2.5,3412.0,10,1.0,182837.584,18698.413,0.102,7087.553,117867.788,54900.868,62966.92,67740.188,39712.049,7228.23,15941.503,20790.727,-840.448,-11487.704,8100.0,4300.0,22734.265000000003,28028.139,46.57834759739446,29.036886994209272,15744.864,333.561,645.798,8568.084,8.611393596187531,0.1824356856520265,0.3532085613207403,4.686172182192038,101.446,1.1839986629449477,1.7092875492605082,1.1018196155902014,2.8062633372875427,2.410233584742301,4.43016136113459,2.3518140559109555,11.37114511423428,2.75975151804675,55061.616,127775.968,87355.44,32300.0,95482.144,69.88495756977406,30.11504243022594,47.77761666332236,17.665952094400897,1600,80703.0,400156.0,8.015900634419253,-4.8070358237999065,11.7,0.008620689655172376,0.028119507908611396,-0.14473684210526316,0.023560776194938085,0.04456289152936508,0.016059282955105614,0.034492195546031335,-0.13628763149374634,0.01899180197986783,0.015295799108385522,-0.19099217207205865,0.015224325376808956,0.029870723946156197,-0.13817935295182082,-0.006372687637419938,0.012823708800225875,-0.0017512160375448005,-0.008449210611516822,0.04625532996679549,-0.006557489153442342,0.005780346820809079,-0.01764290755116449,-0.20998864926220207,0.011860637509266025,-0.061210453920220065,-0.2239909039226834,0.03130929791271342,0.03721374045801529,-0.2296243798724309,0.015089163237311354,0.049645390070921946,-0.14053426248548195,0.0,0.06809338521400798,-0.0880398671096344,0.045762415459775885,0.08932996182883146,-0.009094232549403891,-0.02152588216231055,-0.03997387730539659,PASS,0.0,93,93,model_features_v2.0,2026-03-23T08:43:03Z
02618.HK,2025-04-22,2025,4,1,2024-12-31,annual,112,CONFIRMED,V2.5,3412.0,10,1.0,182837.584,18698.413,0.102,7087.553,117867.788,54900.868,62966.92,67740.188,39712.049,7228.23,15941.503,20790.727,-840.448,-11487.704,8100.0,4300.0,22734.265000000003,28028.139,46.57834759739446,29.036886994209272,15744.864,333.561,645.798,8568.084,8.611393596187531,0.1824356856520265,0.3532085613207403,4.686172182192038,101.446,1.1839986629449477,1.7092875492605082,1.1018196155902014,2.8062633372875427,2.410233584742301,4.43016136113459,2.3518140559109555,11.37114511423428,2.75975151804675,55061.616,127775.968,87355.44,32300.0,95482.144,69.88495756977406,30.11504243022594,47.77761666332236,17.665952094400897,1600,80703.0,400156.0,8.015900634419253,-4.8070358237999065,11.92,0.01880341880341896,0.025817555938038028,-0.1064467766116941,0.02320904856528046,0.04469901568147054,0.007813924096780944,0.030965316722361136,-0.10972896310686031,0.0024225708305285476,-0.0002489577445244917,-0.16055946596119441,0.006755366049260525,0.019134792869869743,-0.1116614060646478,-0.005147760784323108,0.02606651368256252,0.006682763068168285,0.003282186495166206,0.05411268934950031,0.005214629452953701,-0.06321839080459757,-0.08874912648497546,-0.22149253731343277,-0.04615384615384621,-0.09268292682926838,-0.22546103509815585,0.011959521619135272,0.06796116504854366,-0.1881918819188192,0.0060810810810811855,0.06814921090387371,-0.08481868469575893,0.014571948998178597,0.048964218455743946,-0.0591216216216216,0.11456668242301349,0.1185004827673064,-0.04214360911050563,-0.042331654965835686,-0.023146662517705918,PASS,0.0,93,93,model_features_v2.0,2026-03-23T08:43:03Z
02618.HK,2025-04-23,2025,4,2,2024-12-31,annual,113,CONFIRMED,V2.5,3412.0,10,1.0,182837.584,18698.413,0.102,7087.553,117867.788,54900.868,62966.92,67740.188,39712.049,7228.23,15941.503,20790.727,-840.448,-11487.704,8100.0,4300.0,22734.265000000003,28028.139,46.57834759739446,29.036886994209272,15744.864,333.561,645.798,8568.084,8.611393596187531,0.1824356856520265,0.3532085613207403,4.686172182192038,101.446,1.1839986629449477,1.7092875492605082,1.1018196155902014,2.8062633372875427,2.410233584742301,4.43016136113459,2.3518140559109555,11.37114511423428,2.75975151804675,55061.616,127775.968,87355.44,32300.0,95482.144,69.88495756977406,30.11504243022594,47.77761666332236,17.665952094400897,1600,80703.0,400156.0,8.015900634419253,-4.8070358237999065,12.14,0.01845637583892623,0.013355592654423987,-0.07044410413476265,0.02023312554224389,0.0448068773099675,0.023666284518548908,0.03059288242270286,-0.0682616763727052,0.030655962900141054,0.006835329962194381,-0.10464646178070647,0.02081425182663521,0.018889444445159498,-0.0716230953550383,-0.017237289768278874,0.006520262692229606,-0.005533851790735511,-0.0021824277620574595,0.034202357645943815,0.0011789912202756492,0.015337423312883347,-0.09686221009549789,-0.18723143032535294,0.028417818740399614,-0.08224811514736119,-0.20107398568019086,0.05454545454545445,0.07208872458410354,-0.1124713083397092,-0.011417058428475624,0.020804438280166426,-0.05882352941176483,0.025134649910233398,0.04007285974499086,-0.01211072664359869,0.11021780274992188,0.09560370780178518,-0.05873313192967955,-0.00744884562574244,-0.026717267090566876,PASS,0.0,93,93,model_features_v2.0,2026-03-23T08:43:03Z
02618.HK,2025-04-24,2025,4,3,2024-12-31,annual,114,CONFIRMED,V2.5,3412.0,10,1.0,182837.584,18698.413,0.102,7087.553,117867.788,54900.868,62966.92,67740.188,39712.049,7228.23,15941.503,20790.727,-840.448,-11487.704,8100.0,4300.0,22734.265000000003,28028.139,46.57834759739446,29.036886994209272,15744.864,333.561,645.798,8568.084,8.611393596187531,0.1824356856520265,0.3532085613207403,4.686172182192038,101.446,1.1839986629449477,1.7092875492605082,1.1018196155902014,2.8062633372875427,2.410233584742301,4.43016136113459,2.3518140559109555,11.37114511423428,2.75975151804675,55061.616,127775.968,87355.44,32300.0,95482.144,69.88495756977406,30.11504243022594,47.77761666332236,17.665952094400897,1600,80703.0,400156.0,8.015900634419253,-4.8070358237999065,11.94,-0.016474464579901205,-0.0016722408026756952,-0.08575803981623287,0.02205597629006578,0.044907775431516736,-0.00737837193772195,0.02065985380785751,-0.08348685410423362,-0.01455816532657328,-0.0011462180825437818,-0.13264119731628787,-0.007322281768636141,0.009266106459025147,-0.08969247521848744,-0.022332094610533204,-0.0005260227201319134,-0.010938347261700843,-0.0022711857119992462,0.046883157500055006,0.003934435402254577,-0.0619335347432024,-0.15221843003412971,-0.25450180072028805,-0.05153099327856614,-0.13487738419618533,-0.23355461677730838,-0.018965517241379293,0.035486806187443154,-0.14307228915662662,0.012907608695652106,0.012907608695652106,-0.052129688493325,-0.005253940455341555,0.014285714285714235,0.007092198581560183,0.15054618923145402,0.13320514339350964,-0.03715904699011885,-0.014579849498327802,-0.01595795508838993,PASS,0.0,93,93,model_features_v2.0,2026-03-23T08:43:03Z
02618.HK,2025-04-25,2025,4,4,2024-12-31,annual,115,CONFIRMED,V2.5,3412.0,10,1.0,182837.584,18698.413,0.102,7087.553,117867.788,54900.868,62966.92,67740.188,39712.049,7228.23,15941.503,20790.727,-840.448,-11487.704,8100.0,4300.0,22734.265000000003,28028.139,46.57834759739446,29.036886994209272,15744.864,333.561,645.798,8568.084,8.611393596187531,0.1824356856520265,0.3532085613207403,4.686172182192038,101.446,1.1839986629449477,1.7092875492605082,1.1018196155902014,2.8062633372875427,2.410233584742301,4.43016136113459,2.3518140559109555,11.37114511423428,2.75975151804675,55061.616,127775.968,87355.44,32300.0,95482.144,69.88495756977406,30.11504243022594,47.77761666332236,17.665952094400897,1600,80703.0,400156.0,8.015900634419253,-4.8070358237999065,11.76,-0.015075376884422065,0.01379310344827589,-0.07692307692307698,0.01750802790532467,0.04472405035622229,0.0032396521002513445,0.04386953874677202,-0.058408815875429676,0.0014208513451863247,0.038921831085758196,-0.0968841073525788,0.0029403477933815925,0.03876203816711277,-0.06215258474175256,-0.03007643529849613,-0.025128727637482307,-0.024968934718836877,-0.018514261047647307,0.019961030429501814,-0.014770492181324424,-0.0032206119162641045,-0.1054913294797688,-0.23200992555831257,0.0047244094488188,-0.054114158636026755,-0.1949526813880127,0.01581722319859402,0.09677419354838701,-0.09475332811276438,0.0,0.02263374485596703,-0.04115755627009654,0.035211267605633756,0.07103825136612008,0.06137184115523464,0.11928443292804469,0.06790726208430264,-0.08298109010011112,-0.008840641407691141,-0.057245147917844186,PASS,0.0,93,93,model_features_v2.0,2026-03-23T08:43:03Z
02618.HK,2025-04-28,2025,4,0,2024-12-31,annual,118,CONFIRMED,V2.5,3412.0,10,1.0,182837.584,18698.413,0.102,7087.553,117867.788,54900.868,62966.92,67740.188,39712.049,7228.23,15941.503,20790.727,-840.448,-11487.704,8100.0,4300.0,22734.265000000003,28028.139,46.57834759739446,29.036886994209272,15744.864,333.561,645.798,8568.084,8.611393596187531,0.1824356856520265,0.3532085613207403,4.686172182192038,101.446,1.1839986629449477,1.7092875492605082,1.1018196155902014,2.8062633372875427,2.410233584742301,4.43016136113459,2.3518140559109555,11.37114511423428,2.75975151804675,55061.616,127775.968,87355.44,32300.0,95482.144,69.88495756977406,30.11504243022594,47.77761666332236,17.665952094400897,1600,80703.0,400156.0,8.015900634419253,-4.8070358237999065,11.9,0.011904761904761862,0.017094017094017255,-0.08461538461538454,0.017836402788439214,0.04453022836448652,-0.0003994406011809115,0.02696032837363993,-0.06435887259552742,0.0012000899064008586,0.020782138450741394,-0.10480814779725256,-4.332602209233816e-05,0.023140410228616348,-0.06633378703271353,-0.009866311279622675,-0.003688121356724139,-0.006046393134599093,-0.02025651201985712,0.020192763181868023,-0.018281597582671005,0.021809369951534707,-0.09123563218390796,-0.22912858013406456,0.006269592476489061,-0.05934065934065935,-0.19699812382739212,-0.0034602076124566894,0.059797608095676136,-0.11042471042471036,-0.004024144869215207,0.0033783783783782884,-0.053537284894837556,0.022108843537415046,0.0947176684881601,0.056239015817223015,0.10832964927792521,0.07643467643467661,-0.04270359100165888,0.013715638715638967,-0.07762365139414285,PASS,0.0,93,93,model_features_v2.0,2026-03-23T08:43:03Z
02618.HK,2025-04-29,2025,4,1,2024-12-31,annual,119,CONFIRMED,V2.5,3412.0,10,1.0,182837.584,18698.413,0.102,7087.553,117867.788,54900.868,62966.92,67740.188,39712.049,7228.23,15941.503,20790.727,-840.448,-11487.704,8100.0,4300.0,22734.265000000003,28028.139,46.57834759739446,29.036886994209272,15744.864,333.561,645.798,8568.084,8.611393596187531,0.1824356856520265,0.3532085613207403,4.686172182192038,101.446,1.1839986629449477,1.7092875492605082,1.1018196155902014,2.8062633372875427,2.410233584742301,4.43016136113459,2.3518140559109555,11.37114511423428,2.75975151804675,55061.616,127775.968,87355.44,32300.0,95482.144,69.88495756977406,30.11504243022594,47.77761666332236,17.665952094400897,1600,80703.0,400156.0,8.015900634419253,-4.8070358237999065,11.96,0.005042016806722671,0.003355704697986628,-0.0771604938271605,0.015838943033311292,0.04457015513814508,0.0016452788007990105,0.020674491427638664,-0.0666145011620608,0.006171651693546165,0.024599884471169675,-0.10187471372953172,-0.0015160534701326167,0.014734372530049056,-0.07026529764310918,-0.017318786729652036,-0.021244179773183047,-0.011378667832062428,-0.010545992665099702,0.024714219902371215,-0.006895196184051322,0.01897233201581039,-0.011503067484662566,-0.21688942891859042,0.028816199376946905,0.014592933947772613,-0.18857493857493868,-0.0017361111111111605,0.045454545454545414,-0.11606456571867785,0.006734006734006703,0.004029550033579632,-0.042280589365791155,-0.0033277870216305017,0.07540394973070019,0.03633217993079585,0.014858772182649194,-0.011237229249785985,-0.042098840756558786,-0.0006738453355930041,-0.07204824503271356,PASS,0.0,93,93,model_features_v2.0,2026-03-23T08:43:03Z
02618.HK,2025-04-30,2025,4,2,2024-12-31,annual,120,CONFIRMED,V2.5,3412.0,10,1.0,182837.584,18698.413,0.102,7087.553,117867.788,54900.868,62966.92,67740.188,39712.049,7228.23,15941.503,20790.727,-840.448,-11487.704,8100.0,4300.0,22734.265000000003,28028.139,46.57834759739446,29.036886994209272,15744.864,333.561,645.798,8568.084,8.611393596187531,0.1824356856520265,0.3532085613207403,4.686172182192038,101.446,1.1839986629449477,1.7092875492605082,1.1018196155902014,2.8062633372875427,2.410233584742301,4.43016136113459,2.3518140559109555,11.37114511423428,2.75975151804675,55061.616,127775.968,87355.44,32300.0,95482.144,69.88495756977406,30.11504243022594,47.77761666332236,17.665952094400897,1600,80703.0,400156.0,8.015900634419253,-4.8070358237999065,12.24,0.02341137123745818,0.008237232289950658,-0.048211508553654636,0.017308923308774468,0.04493792476685008,0.005057226631455469,0.0021198208459167756,-0.055799390436512275,0.013484789022517152,0.0075296074781163735,-0.07610138618752127,0.001031220395686372,-0.004930832917372063,-0.061610340828038734,0.006117411444033882,0.0007076248118342843,0.013168065207322721,0.007587881882857639,0.027889877633866633,0.013398832274384098,-0.007757951900698168,-0.03398791540785495,-0.22201946472019463,-0.01362604087812247,-0.026885735623599638,-0.1861336664584634,0.021739130434782705,0.012931034482758674,-0.10305343511450382,-0.02140468227424741,-0.006114130434782483,-0.06755895474824725,0.008347245409014992,0.05779334500875666,0.06151142355008776,0.04222514769780561,0.035122967913550296,-0.0046938021928080165,0.014351362724733141,-0.049556112718806,PASS,0.0,93,93,model_features_v2.0,2026-03-23T08:43:03Z
02618.HK,2025-05-02,2025,5,4,2024-12-31,annual,122,CONFIRMED,V2.5,3412.0,10,1.0,182837.584,18698.413,0.102,7087.553,117867.788,54900.868,62966.92,67740.188,39712.049,7228.23,15941.503,20790.727,-840.448,-11487.704,8100.0,4300.0,22734.265000000003,28028.139,46.57834759739446,29.036886994209272,15744.864,333.561,645.798,8568.084,8.611393596187531,0.1824356856520265,0.3532085613207403,4.686172182192038,101.446,1.1839986629449477,1.7092875492605082,1.1018196155902014,2.8062633372875427,2.410233584742301,4.43016136113459,2.3518140559109555,11.37114511423428,2.75975151804675,55061.616,127775.968,87355.44,32300.0,95482.144,69.88495756977406,30.11504243022594,47.77761666332236,17.665952094400897,1600,80703.0,400156.0,8.015900634419253,-4.8070358237999065,12.18,-0.004901960784313819,0.0201005025125629,-0.030254777070063743,0.014861513201929612,0.044653126666160926,0.017417734017317832,0.027153195653444095,-0.026596503915728653,0.030789673351129032,0.053893876271380536,-0.027927306699884302,0.0191648458481104,0.02162010454394858,-0.03352411154430823,-0.007052693140881194,-0.033793373758817635,-0.0015196020313856806,-0.00365827315433509,-0.002327470370179441,0.0032693344742444896,0.03283815480844399,0.06360708534621562,-0.17848258706467668,0.016884113584036742,0.04330708661417315,-0.14955070603337617,0.038297872340425476,0.07205623901581726,-0.046875,0.005468215994531622,-0.01341381623071769,-0.04169381107491865,0.01655629139072845,0.08098591549295775,0.08480565371024729,-0.04350658283365272,-0.02320658410161025,-0.05195573650325436,0.03351431874328059,-0.06088541298039485,PASS,0.0,93,93,model_features_v2.0,2026-03-23T08:43:03Z
02618.HK,2025-05-06,2025,5,1,2024-12-31,annual,126,CONFIRMED,V2.5,3412.0,10,1.0,182837.584,18698.413,0.102,7087.553,117867.788,54900.868,62966.92,67740.188,39712.049,7228.23,15941.503,20790.727,-840.448,-11487.704,8100.0,4300.0,22734.265000000003,28028.139,46.57834759739446,29.036886994209272,15744.864,333.561,645.798,8568.084,8.611393596187531,0.1824356856520265,0.3532085613207403,4.686172182192038,101.446,1.1839986629449477,1.7092875492605082,1.1018196155902014,2.8062633372875427,2.410233584742301,4.43016136113459,2.3518140559109555,11.37114511423428,2.75975151804675,55061.616,127775.968,87355.44,32300.0,95482.144,69.88495756977406,30.11504243022594,47.77761666332236,17.665952094400897,1600,80703.0,400156.0,8.015900634419253,-4.8070358237999065,12.24,0.0049261083743843415,0.04081632653061229,-0.040752351097178674,0.01045690399984205,0.04450772085517574,0.007022094959803882,0.031025798039556296,-0.02344696649780842,-0.0008695552682463914,0.051483455616741836,-0.031046458728626436,0.003714027918090723,0.022408194455405095,-0.03229688605981351,0.009790528491055994,-0.010667129086129545,0.018408132075207195,-0.017305384599370255,-0.009705892368552238,-0.008455465037365162,-0.004542013626040786,0.06219709208400648,-0.18424317617866004,0.04528301886792452,0.0854231974921631,-0.12286257124762512,0.014754098360655776,0.07093425605536341,-0.046224961479198856,0.023793337865397612,0.010060362173038184,-0.03399615137908918,-0.0016286644951140072,0.04251700680272119,0.10849909584086803,-0.021380765553394188,-0.044606870961550804,-0.03011792952475112,0.030755964357574106,-0.001700680272108901,PASS,0.0,93,93,model_features_v2.0,2026-03-23T08:43:03Z
02618.HK,2025-05-07,2025,5,2,2024-12-31,annual,127,CONFIRMED,V2.5,3412.0,10,1.0,182837.584,18698.413,0.102,7087.553,117867.788,54900.868,62966.92,67740.188,39712.049,7228.23,15941.503,20790.727,-840.448,-11487.704,8100.0,4300.0,22734.265000000003,28028.139,46.57834759739446,29.036886994209272,15744.864,333.561,645.798,8568.084,8.611393596187531,0.1824356856520265,0.3532085613207403,4.686172182192038,101.446,1.1839986629449477,1.7092875492605082,1.1018196155902014,2.8062633372875427,2.410233584742301,4.43016136113459,2.3518140559109555,11.37114511423428,2.75975151804675,55061.616,127775.968,87355.44,32300.0,95482.144,69.88495756977406,30.11504243022594,47.77761666332236,17.665952094400897,1600,80703.0,400156.0,8.015900634419253,-4.8070358237999065,12.28,0.0032679738562091387,0.031932773109243584,-0.03154574132492116,0.010379477088316437,0.044499938691872826,0.001287136445729642,0.03276539735189776,-0.02200837581074122,-0.007531252982154846,0.042313597678063974,-0.04172164439300896,-0.0023434113615439234,0.020056466465384393,-0.03390487423345401,-0.0008326242426541786,-0.01038082456882039,0.011876306643859191,-0.00953736551417994,0.0101759030680878,0.002359132908532846,-0.004562737642585524,0.034782608695652195,-0.19147621988882024,0.0036101083032491488,0.08255451713395634,-0.11913814955640056,-0.020193861066235885,0.05295138888888884,-0.06692307692307697,-0.01195219123505964,0.002020202020202033,-0.03564484769928711,0.02610114192495927,0.04658901830282858,0.13949275362318847,-0.002849835586408611,-0.050621744024712756,-0.021018615779645256,0.02991257108904155,-0.014656245193584994,PASS,0.0,93,93,model_features_v2.0,2026-03-23T08:43:03Z
02618.HK,2025-05-08,2025,5,3,2024-12-31,annual,128,CONFIRMED,V2.5,3412.0,10,1.0,182837.584,18698.413,0.102,7087.553,117867.788,54900.868,62966.92,67740.188,39712.049,7228.23,15941.503,20790.727,-840.448,-11487.704,8100.0,4300.0,22734.265000000003,28028.139,46.57834759739446,29.036886994209272,15744.864,333.561,645.798,8568.084,8.611393596187531,0.1824356856520265,0.3532085613207403,4.686172182192038,101.446,1.1839986629449477,1.7092875492605082,1.1018196155902014,2.8062633372875427,2.410233584742301,4.43016136113459,2.3518140559109555,11.37114511423428,2.75975151804675,55061.616,127775.968,87355.44,32300.0,95482.144,69.88495756977406,30.11504243022594,47.77761666332236,17.665952094400897,1600,80703.0,400156.0,8.015900634419253,-4.8070358237999065,12.2,-0.006514657980456029,0.020066889632106788,-0.016129032258064613,0.011916277510794701,0.04423928757261771,0.003703527429194775,0.034887593709773235,-0.003233724919375791,0.0055518803701510855,0.04167156400842287,-0.015875375946217685,0.007036913464163241,0.028794222599686004,-0.014238439437254224,-0.014820704077666447,-0.02160467437631608,-0.008727332967579216,-0.012895307338688822,-0.00025365631184692816,-0.0018905928208103884,0.005347593582887722,0.02094647013188511,-0.142671009771987,0.01726618705035965,0.07040121120363363,-0.10449651678277394,0.0016488046166529546,0.05652173913043468,-0.01619433198380571,-0.0047043010752689796,-0.00936454849498336,-0.02179656538969621,-0.015898251192368762,0.03338898163606019,0.13369963369963367,-0.0008795804997783208,-0.05033432157152684,-0.03645484949832789,0.029431438127090148,-0.0133220920039534,PASS,0.0,93,93,model_features_v2.0,2026-03-23T08:43:03Z
02618.HK,2025-05-09,2025,5,4,2024-12-31,annual,129,CONFIRMED,V2.5,3412.0,10,1.0,182837.584,18698.413,0.102,7087.553,117867.788,54900.868,62966.92,67740.188,39712.049,7228.23,15941.503,20790.727,-840.448,-11487.704,8100.0,4300.0,22734.265000000003,28028.139,46.57834759739446,29.036886994209272,15744.864,333.561,645.798,8568.084,8.611393596187531,0.1824356856520265,0.3532085613207403,4.686172182192038,101.446,1.1839986629449477,1.7092875492605082,1.1018196155902014,2.8062633372875427,2.410233584742301,4.43016136113459,2.3518140559109555,11.37114511423428,2.75975151804675,55061.616,127775.968,87355.44,32300.0,95482.144,69.88495756977406,30.11504243022594,47.77761666332236,17.665952094400897,1600,80703.0,400156.0,8.015900634419253,-4.8070358237999065,12.22,0.0016393442622952836,-0.0016339869281045694,0.18640776699029127,0.005089261612224867,0.019159198111712742,0.004031450760276778,0.03383137253660928,0.15328797728499177,-0.009305954778338066,0.018246969976923433,0.17692564597149607,0.0010337132164692786,0.028796784557362676,0.1440382986450699,-0.03546535946471385,-0.019880956905028002,-0.030430771485467245,0.033119789705299496,0.009482121018795198,0.04236946834522137,-0.0007598784194527974,0.0281469898358091,0.04034810126582267,-0.0028288543140028155,0.08211818879508814,0.04988830975428127,0.01728395061728394,0.051914893617021285,0.22013820335636725,-0.0033760972316002613,0.008885850991114053,0.08052708638360184,0.008077544426494221,0.0331125827814569,0.3333333333333335,-0.02978097676391367,-0.08375217572319271,-0.053548880545125854,-0.010519837919218622,-0.03474656970956147,PASS,0.0,93,93,model_features_v2.0,2026-03-23T08:43:03Z
02618.HK,2025-05-12,2025,5,0,2024-12-31,annual,132,CONFIRMED,V2.5,3412.0,10,1.0,182837.584,18698.413,0.102,7087.553,117867.788,54900.868,62966.92,67740.188,39712.049,7228.23,15941.503,20790.727,-840.448,-11487.704,8100.0,4300.0,22734.265000000003,28028.139,46.57834759739446,29.036886994209272,15744.864,333.561,645.798,8568.084,8.611393596187531,0.1824356856520265,0.3532085613207403,4.686172182192038,101.446,1.1839986629449477,1.7092875492605082,1.1018196155902014,2.8062633372875427,2.410233584742301,4.43016136113459,2.3518140559109555,11.37114511423428,2.75975151804675,55061.616,127775.968,87355.44,32300.0,95482.144,69.88495756977406,30.11504243022594,47.77761666332236,17.665952094400897,1600,80703.0,400156.0,8.015900634419253,-4.8070358237999065,12.54,0.026186579378068675,0.029556650246305383,0.15469613259668513,0.01216242413901981,0.01647642043234749,0.02981142867637976,0.04642501026453161,0.1700036964021685,0.05156121808793013,0.03876576545653565,0.19240299624812307,0.030136660428793594,0.039872291731055665,0.15188642855687795,-0.016868360018226225,-0.009209115210230268,-0.010315641484750282,-0.01530756380548337,-0.03770686365143794,0.0028097040398071815,0.06387832699619778,0.05904617713853155,0.01671511627906974,0.024822695035461084,0.09056603773584904,0.027738264580369876,0.06148867313915862,0.07540983606557372,0.2799999999999998,0.01897018970189701,0.022433718558803717,0.08827785817655576,0.025641025641025772,0.04234527687296419,0.3278008298755186,-0.02948952689222617,-0.061009387489543654,-0.04585318581926834,0.007122931687501666,-0.012788626626658806,PASS,0.0,93,93,model_features_v2.0,2026-03-23T08:43:03Z
02618.HK,2025-05-13,2025,5,1,2024-12-31,annual,133,CONFIRMED,V2.5,3412.0,10,1.0,182837.584,18698.413,0.102,7087.553,117867.788,54900.868,62966.92,67740.188,39712.049,7228.23,15941.503,20790.727,-840.448,-11487.704,8100.0,4300.0,22734.265000000003,28028.139,46.57834759739446,29.036886994209272,15744.864,333.561,645.798,8568.084,8.611393596187531,0.1824356856520265,0.3532085613207403,4.686172182192038,101.446,1.1839986629449477,1.7092875492605082,1.1018196155902014,2.8062633372875427,2.410233584742301,4.43016136113459,2.3518140559109555,11.37114511423428,2.75975151804675,55061.616,127775.968,87355.44,32300.0,95482.144,69.88495756977406,30.11504243022594,47.77761666332236,17.665952094400897,1600,80703.0,400156.0,8.015900634419253,-4.8070358237999065,12.24,-0.023923444976076458,0.0,0.09677419354838701,0.018123120710083165,0.017155236980555932,-0.018734612173697318,0.01966049073566234,0.14033316407173335,-0.0326195305974466,0.005756274453669219,0.12378896995003408,-0.020214493399167477,0.015081758164912085,0.1128670226597126,-0.01966049073566234,-0.005756274453669219,-0.015081758164912085,-0.04355897052334634,-0.027014776401647067,-0.01609282911132559,-0.020729092208720545,0.041825095057034245,0.002194586686174116,-0.04913494809688579,-0.007942238267148016,-0.061475409836065587,-0.038871951219512146,0.018578352180937063,0.21718146718146714,-0.03656914893617025,-0.03784860557768921,0.0530523255813955,-0.0015625000000001332,0.04241435562805873,0.2857142857142858,-0.041825095057034245,0.007942238267148016,-0.018578352180937063,0.03784860557768921,-0.04241435562805873,PASS,0.0,93,93,model_features_v2.0,2026-03-23T08:43:03Z
02618.HK,2025-05-14,2025,5,2,2024-12-31,annual,134,CONFIRMED,V2.5,3412.0,10,1.0,182837.584,18698.413,0.102,7087.553,117867.788,54900.868,62966.92,67740.188,39712.049,7228.23,15941.503,20790.727,-840.448,-11487.704,8100.0,4300.0,22734.265000000003,28028.139,46.57834759739446,29.036886994209272,15744.864,333.561,645.798,8568.084,8.611393596187531,0.1824356856520265,0.3532085613207403,4.686172182192038,101.446,1.1839986629449477,1.7092875492605082,1.1018196155902014,2.8062633372875427,2.410233584742301,4.43016136113459,2.3518140559109555,11.37114511423428,2.75975151804675,55061.616,127775.968,87355.44,32300.0,95482.144,69.88495756977406,30.11504243022594,47.77761666332236,17.665952094400897,1600,80703.0,400156.0,8.015900634419253,-4.8070358237999065,11.76,-0.03921568627450989,-0.04234527687296419,0.033391915641476144,0.024955722586544545,0.019370961366969065,0.02303850526240181,0.041810991420719645,0.14306650588102188,0.021276514993377127,0.034949731155914154,0.1180038805585677,0.024666726987047083,0.042563658285055705,0.12058484892748367,-0.08415626829368383,-0.07729500802887834,-0.0849089351580199,-0.10967459023954573,-0.08461196491709155,-0.08719293328600752,0.033576642335766405,0.08174178762414042,-0.0007057163020465218,0.01455604075691408,0.0028776978417266452,-0.04126547455295737,0.03409992069785894,0.07502061005770821,0.24427480916030553,0.01794340924775706,-0.008736559139784994,0.046099290780141855,-0.00312989045383405,0.012718600953895098,0.23929961089494167,-0.1240870644971046,-0.04522297471469083,-0.1173658869306724,-0.033608717733179194,-0.05506387782685929,PASS,0.0,93,93,model_features_v2.0,2026-03-23T08:43:03Z
02618.HK,2025-05-15,2025,5,3,2024-12-31,annual,135,CONFIRMED,V2.5,3412.0,10,1.0,182837.584,18698.413,0.102,7087.553,117867.788,54900.868,62966.92,67740.188,39712.049,7228.23,15941.503,20790.727,-840.448,-11487.704,8100.0,4300.0,22734.265000000003,28028.139,46.57834759739446,29.036886994209272,15744.864,333.561,645.798,8568.084,8.611393596187531,0.1824356856520265,0.3532085613207403,4.686172182192038,101.446,1.1839986629449477,1.7092875492605082,1.1018196155902014,2.8062633372875427,2.410233584742301,4.43016136113459,2.3518140559109555,11.37114511423428,2.75975151804675,55061.616,127775.968,87355.44,32300.0,95482.144,69.88495756977406,30.11504243022594,47.77761666332236,17.665952094400897,1600,80703.0,400156.0,8.015900634419253,-4.8070358237999065,11.62,-0.011904761904761973,-0.04754098360655734,0.0,0.024972192963493435,0.019045991019930045,-0.00793083100506975,0.02973491301339326,0.12137258548895535,-0.015597070114348743,0.01318247971374542,0.08109696496021779,-0.009705540347281993,0.025230555932050258,0.09077219378360502,-0.0772758966199506,-0.06072346332030276,-0.0727715395386076,-0.12137258548895535,-0.08109696496021779,-0.09077219378360502,-0.043785310734463234,0.028875379939209855,-0.053808525506638616,-0.028694404591104727,-0.042432814710042455,-0.05644599303135889,-0.011503067484662566,0.06090534979423867,0.2514563106796117,-0.028474576271186325,-0.03241053342336253,0.027977044476327206,-0.020408163265306145,0.008077544426494221,0.17514124293785316,-0.0764163635457672,-0.005108168896514886,-0.10844633340079601,-0.01513045018319481,-0.05561852803305156,PASS,0.0,93,93,model_features_v2.0,2026-03-23T08:43:03Z
02618.HK,2025-05-16,2025,5,4,2024-12-31,annual,136,CONFIRMED,V2.5,3412.0,10,1.0,182837.584,18698.413,0.102,7087.553,117867.788,54900.868,62966.92,67740.188,39712.049,7228.23,15941.503,20790.727,-840.448,-11487.704,8100.0,4300.0,22734.265000000003,28028.139,46.57834759739446,29.036886994209272,15744.864,333.561,645.798,8568.084,8.611393596187531,0.1824356856520265,0.3532085613207403,4.686172182192038,101.446,1.1839986629449477,1.7092875492605082,1.1018196155902014,2.8062633372875427,2.410233584742301,4.43016136113459,2.3518140559109555,11.37114511423428,2.75975151804675,55061.616,127775.968,87355.44,32300.0,95482.144,69.88495756977406,30.11504243022594,47.77761666332236,17.665952094400897,1600,80703.0,400156.0,8.015900634419253,-4.8070358237999065,11.64,0.001721170395869276,-0.04746317512274956,-0.028380634390651083,0.024981296953891945,0.01762578434418176,-0.004609613374061294,0.02087263542440132,0.09000392204469243,-0.0031144768433928327,0.019514502195840056,0.053083475569876803,-0.004862689527607711,0.019191626190228295,0.06307958346642462,-0.06833581054715088,-0.06697767731858961,-0.06665480131297785,-0.11838455643534351,-0.08146410996052789,-0.0914602178570757,-0.026587887740029514,0.0022813688212928174,-0.10095497953615273,-0.02954209748892167,-0.06808510638297871,-0.09938313913639474,-0.0426687354538402,-0.0016181229773462036,0.14048059149722736,0.002791346824842833,-0.026422764227642337,-0.0034674063800277377,0.0,0.0,0.13661202185792343,-0.049744543944042374,0.020621931260229154,-0.04584505214540335,-0.02104041089510722,-0.04746317512274956,PASS,0.0,93,93,model_features_v2.0,2026-03-23T08:43:03Z
02618.HK,2025-05-19,2025,5,0,2024-12-31,annual,139,CONFIRMED,V2.5,3412.0,10,1.0,182837.584,18698.413,0.102,7087.553,117867.788,54900.868,62966.92,67740.188,39712.049,7228.23,15941.503,20790.727,-840.448,-11487.704,8100.0,4300.0,22734.265000000003,28028.139,46.57834759739446,29.036886994209272,15744.864,333.561,645.798,8568.084,8.611393596187531,0.1824356856520265,0.3532085613207403,4.686172182192038,101.446,1.1839986629449477,1.7092875492605082,1.1018196155902014,2.8062633372875427,2.410233584742301,4.43016136113459,2.3518140559109555,11.37114511423428,2.75975151804675,55061.616,127775.968,87355.44,32300.0,95482.144,69.88495756977406,30.11504243022594,47.77761666332236,17.665952094400897,1600,80703.0,400156.0,8.015900634419253,-4.8070358237999065,11.76,0.010309278350515427,-0.062200956937799035,-0.016722408026755953,0.019792861326100034,0.017814722435011622,-0.0005281633579709011,-0.009203608065747493,0.08694803521990546,-0.004976009876281329,-0.03529973289764743,0.0548940099566404,-0.0009140256579894812,-0.011529151414112038,0.05983679184543966,-0.05299734887205154,-0.026901224040151606,-0.050671805523687,-0.10367044324666141,-0.07161641798339635,-0.07655919987219562,-0.01062215477996964,-0.06790564689063616,-0.10989761092150163,0.022831050228310446,-0.06989619377162626,-0.08446866485013627,-0.03403565640194495,-0.0914634146341462,0.0846223839854412,0.0403618649965205,-0.005984042553191515,0.015625,0.027243589743589647,0.0015624999999999112,0.1446428571428573,0.0057046899528371275,0.007695236833827224,0.029262457696347166,-0.05621691438460752,-0.06376345693779895,PASS,0.0,93,93,model_features_v2.0,2026-03-23T08:43:03Z
02618.HK,2025-05-20,2025,5,1,2024-12-31,annual,140,CONFIRMED,V2.5,3412.0,10,1.0,182837.584,18698.413,0.102,7087.553,117867.788,54900.868,62966.92,67740.188,39712.049,7228.23,15941.503,20790.727,-840.448,-11487.704,8100.0,4300.0,22734.265000000003,28028.139,46.57834759739446,29.036886994209272,15744.864,333.561,645.798,8568.084,8.611393596187531,0.1824356856520265,0.3532085613207403,4.686172182192038,101.446,1.1839986629449477,1.7092875492605082,1.1018196155902014,2.8062633372875427,2.410233584742301,4.43016136113459,2.3518140559109555,11.37114511423428,2.75975151804675,55061.616,127775.968,87355.44,32300.0,95482.144,69.88495756977406,30.11504243022594,47.77761666332236,17.665952094400897,1600,80703.0,400156.0,8.015900634419253,-4.8070358237999065,11.92,0.013605442176870763,-0.02614379084967322,0.02758620689655178,0.02147121665597337,0.0166605410325114,0.014947250042000926,0.024805405164471273,0.12463800601985664,0.011512713460930968,0.008710239370282036,0.10826724044467806,0.015191716425602575,0.024190917963234693,0.1041354024363943,-0.05094919601414449,-0.034854030219955257,-0.05033470881290791,-0.09705179912330486,-0.08068103354812628,-0.07654919553984252,0.023773006134969243,-0.025547445255474477,-0.03540462427745672,0.014880952380952328,-0.00727802037845704,0.01111934766493694,0.02097315436241609,-0.03489294210943694,0.15464895635673614,-0.03411371237458194,-0.0034506556245686992,-0.009602194787380003,-0.01092043681747279,-0.007824726134585291,0.1548269581056465,-0.0005963455941987439,-0.01886577047121618,0.008749151259763721,-0.02269313522510452,-0.01831906471508793,PASS,0.0,93,93,model_features_v2.0,2026-03-23T08:43:03Z
02618.HK,2025-05-21,2025,5,2,2024-12-31,annual,141,CONFIRMED,V2.5,3412.0,10,1.0,182837.584,18698.413,0.102,7087.553,117867.788,54900.868,62966.92,67740.188,39712.049,7228.23,15941.503,20790.727,-840.448,-11487.704,8100.0,4300.0,22734.265000000003,28028.139,46.57834759739446,29.036886994209272,15744.864,333.561,645.798,8568.084,8.611393596187531,0.1824356856520265,0.3532085613207403,4.686172182192038,101.446,1.1839986629449477,1.7092875492605082,1.1018196155902014,2.8062633372875427,2.410233584742301,4.43016136113459,2.3518140559109555,11.37114511423428,2.75975151804675,55061.616,127775.968,87355.44,32300.0,95482.144,69.88495756977406,30.11504243022594,47.77761666332236,17.665952094400897,1600,80703.0,400156.0,8.015900634419253,-4.8070358237999065,11.84,-0.006711409395973145,0.006802721088435382,0.011965811965811923,0.01085429389506568,0.01666810806442006,0.006177823345500322,0.007915602997379478,0.11370058807747929,0.005051208151163555,-0.007315423521585762,0.09310528975706767,0.008366478238515551,0.007898238315212192,0.0966769603752502,-0.0011128819089440967,0.014118144610021144,-0.0010955172267768098,-0.10173477611166737,-0.08113947779125574,-0.08471114840943827,0.0074906367041198685,-0.05014124293785305,-0.03376436781609182,0.006598240469208205,-0.01506456241032994,0.00586080586080584,0.011503697617091246,-0.055981595092024605,0.13247470101195935,-0.05678670360110816,-0.07661016949152555,-0.0797297297297298,0.001577287066246047,-0.0031397174254317317,0.15664845173041875,0.05694396402628843,0.021867283498765322,0.06278431618045999,0.08341289057996093,0.009942438513867113,PASS,0.0,93,93,model_features_v2.0,2026-03-23T08:43:03Z
02618.HK,2025-05-22,2025,5,3,2024-12-31,annual,142,CONFIRMED,V2.5,3412.0,10,1.0,182837.584,18698.413,0.102,7087.553,117867.788,54900.868,62966.92,67740.188,39712.049,7228.23,15941.503,20790.727,-840.448,-11487.704,8100.0,4300.0,22734.265000000003,28028.139,46.57834759739446,29.036886994209272,15744.864,333.561,645.798,8568.084,8.611393596187531,0.1824356856520265,0.3532085613207403,4.686172182192038,101.446,1.1839986629449477,1.7092875492605082,1.1018196155902014,2.8062633372875427,2.410233584742301,4.43016136113459,2.3518140559109555,11.37114511423428,2.75975151804675,55061.616,127775.968,87355.44,32300.0,95482.144,69.88495756977406,30.11504243022594,47.77761666332236,17.665952094400897,1600,80703.0,400156.0,8.015900634419253,-4.8070358237999065,11.5,-0.028716216216216228,-0.0103270223752151,-0.03523489932885904,0.016917743501138935,0.01732960408690002,-0.01189661814906795,0.003886469882949717,0.09191914413662361,-0.016969869403508864,-0.008699771982543902,0.07195854025444914,-0.011927201449846159,0.005637084282104521,0.07632569925674404,-0.014213492258164817,-0.0016272503926711979,-0.01596410665731962,-0.12715404346548265,-0.10719343958330818,-0.11156059858560308,-0.014869888475836479,-0.021418020679468297,0.01610429447852746,-0.009468317552804195,0.004431314623338123,0.044546850998463894,-0.03249390739236391,-0.0760279286268426,0.08272727272727276,-0.017621145374449143,-0.06629448709002095,-0.10141034251175285,0.011023622047244164,0.028846153846153744,0.1526032315978456,0.011090998304253197,-0.014758336998553223,0.0657009062516275,0.05596746471480585,-0.039173176221368844,PASS,0.0,93,93,model_features_v2.0,2026-03-23T08:43:03Z
02618.HK,2025-05-23,2025,5,4,2024-12-31,annual,143,CONFIRMED,V2.5,3412.0,10,1.0,182837.584,18698.413,0.102,7087.553,117867.788,54900.868,62966.92,67740.188,39712.049,7228.23,15941.503,20790.727,-840.448,-11487.704,8100.0,4300.0,22734.265000000003,28028.139,46.57834759739446,29.036886994209272,15744.864,333.561,645.798,8568.084,8.611393596187531,0.1824356856520265,0.3532085613207403,4.686172182192038,101.446,1.1839986629449477,1.7092875492605082,1.1018196155902014,2.8062633372875427,2.410233584742301,4.43016136113459,2.3518140559109555,11.37114511423428,2.75975151804675,55061.616,127775.968,87355.44,32300.0,95482.144,69.88495756977406,30.11504243022594,47.77761666332236,17.665952094400897,1600,80703.0,400156.0,8.015900634419253,-4.8070358237999065,11.56,0.00521739130434784,-0.0068728522336769515,-0.047775947281713305,0.01717809535472498,0.01676487950064764,0.0024188434487992794,0.010974917594950506,0.06925503179957793,-0.0009292140715000397,-0.006526752680191095,0.03910761674654428,0.0030640111294926164,0.013647420195446403,0.057610207975013594,-0.017847769828627458,-0.00034609955348585686,-0.020520272429123354,-0.11703097908129123,-0.08688356402825759,-0.1053861552567269,-0.00452830188679243,0.0007587253414262918,-0.003776435045317217,0.006617647058823506,0.041856925418569224,0.022404779686333143,-0.0025188916876573986,-0.0372771474878445,0.024137931034482696,0.0022421524663676085,-0.06680584551148228,-0.08899456521739124,0.015576323987538832,0.04487179487179471,0.14185639229422065,-0.007631577575103243,-0.048729777652246176,0.030404295254167546,0.059932993277805324,-0.051744647105471664,PASS,0.0,93,93,model_features_v2.0,2026-03-23T08:43:03Z
02618.HK,2025-05-26,2025,5,0,2024-12-31,annual,146,CONFIRMED,V2.5,3412.0,10,1.0,182837.584,18698.413,0.102,7087.553,117867.788,54900.868,62966.92,67740.188,39712.049,7228.23,15941.503,20790.727,-840.448,-11487.704,8100.0,4300.0,22734.265000000003,28028.139,46.57834759739446,29.036886994209272,15744.864,333.561,645.798,8568.084,8.611393596187531,0.1824356856520265,0.3532085613207403,4.686172182192038,101.446,1.1839986629449477,1.7092875492605082,1.1018196155902014,2.8062633372875427,2.410233584742301,4.43016136113459,2.3518140559109555,11.37114511423428,2.75975151804675,55061.616,127775.968,87355.44,32300.0,95482.144,69.88495756977406,30.11504243022594,47.77761666332236,17.665952094400897,1600,80703.0,400156.0,8.015900634419253,-4.8070358237999065,11.78,0.01903114186851207,0.001700680272108901,-0.01340033500837523,0.01899342152507895,0.017063296417107236,-0.01351326158010191,-0.0021596281959411767,0.06264651004848987,-0.017004423589683015,-0.018536420136021414,0.03652813868473759,-0.01703437580952538,-0.0027078803126135975,0.04726283177243462,0.0038603084680500777,0.020237100408130315,0.0044085605847224985,-0.0760468450568651,-0.04992847369311282,-0.06066316678080985,-0.01743745261561802,-0.00613496932515345,0.04347826086956519,-0.05478451424397368,-0.03720238095238093,0.018897637795275646,-0.015993265993265893,-0.019295302013422777,0.027240773286467457,0.0022371364653244186,-0.1010033444816053,-0.09859154929577463,-0.0076687116564416735,0.009360374414976613,0.1390845070422535,0.00783564959726235,0.03890306122448983,0.020995982285531678,0.10270402475371421,-0.007659694142867712,PASS,0.0,93,93,model_features_v2.0,2026-03-23T08:43:03Z
02618.HK,2025-05-27,2025,5,1,2024-12-31,annual,147,CONFIRMED,V2.5,3412.0,10,1.0,182837.584,18698.413,0.102,7087.553,117867.788,54900.868,62966.92,67740.188,39712.049,7228.23,15941.503,20790.727,-840.448,-11487.704,8100.0,4300.0,22734.265000000003,28028.139,46.57834759739446,29.036886994209272,15744.864,333.561,645.798,8568.084,8.611393596187531,0.1824356856520265,0.3532085613207403,4.686172182192038,101.446,1.1839986629449477,1.7092875492605082,1.1018196155902014,2.8062633372875427,2.410233584742301,4.43016136113459,2.3518140559109555,11.37114511423428,2.75975151804675,55061.616,127775.968,87355.44,32300.0,95482.144,69.88495756977406,30.11504243022594,47.77761666332236,17.665952094400897,1600,80703.0,400156.0,8.015900634419253,-4.8070358237999065,11.82,0.00339558573853993,-0.008389261744966459,0.005102040816326481,0.01773755218381653,0.01673152627000273,0.004280499417369299,-0.01264659134479762,0.06374899116226307,0.004837474431184985,-0.025013357012243276,0.040064539952157086,0.003831649545615212,-0.013867649443140562,0.04819352241526431,0.004257329599831161,0.016624095267276817,0.005478387698174103,-0.05864695034593659,-0.034962499135830605,-0.04309148159893783,-0.010030864197530742,-0.038951310861423116,0.03634894991922466,0.02086553323029361,-0.03152492668621709,0.03526645768025083,0.009409751924722043,-0.030402629416598215,0.02076124567474058,-0.0007440476190475609,-0.06994459833795008,-0.09926224010731044,0.02782071097372496,0.0488958990536279,0.13095238095238093,0.030562049116456658,0.023135664941250633,0.022013367671631756,0.06155533659298362,-0.05728516079859436,PASS,0.0,93,93,model_features_v2.0,2026-03-23T08:43:03Z
02618.HK,2025-05-28,2025,5,2,2024-12-31,annual,148,CONFIRMED,V2.5,3412.0,10,1.0,182837.584,18698.413,0.102,7087.553,117867.788,54900.868,62966.92,67740.188,39712.049,7228.23,15941.503,20790.727,-840.448,-11487.704,8100.0,4300.0,22734.265000000003,28028.139,46.57834759739446,29.036886994209272,15744.864,333.561,645.798,8568.084,8.611393596187531,0.1824356856520265,0.3532085613207403,4.686172182192038,101.446,1.1839986629449477,1.7092875492605082,1.1018196155902014,2.8062633372875427,2.410233584742301,4.43016136113459,2.3518140559109555,11.37114511423428,2.75975151804675,55061.616,127775.968,87355.44,32300.0,95482.144,69.88495756977406,30.11504243022594,47.77761666332236,17.665952094400897,1600,80703.0,400156.0,8.015900634419253,-4.8070358237999065,12.18,0.030456852791878042,0.028716216216216228,0.0235294117647058,0.022251312995560484,0.01787854926194335,-0.005289541223822303,-0.023899414884642978,0.05854507290200783,-0.0015359086172963554,-0.031403430287080036,0.037222335806804896,-0.003081428885530646,-0.02506313422453965,0.045008864694826345,0.052615631100859206,0.060119646503296265,0.05377935044075588,-0.035015661137302034,-0.013692924042099097,-0.021479452930120546,-0.014029618082618933,-0.059479553903345694,0.0,-0.005299015897047621,-0.042971595047341604,0.02336448598130847,-0.019491525423728784,-0.06011372867587317,0.004340277777777679,0.0014892032762470198,-0.012481644640234824,-0.09427609427609429,0.03759398496240607,0.08661417322834652,0.1480865224625625,0.08819577011956192,0.07168781126355783,0.0888299448920894,0.04119786085645105,-0.0578979570121303,PASS,0.0,93,93,model_features_v2.0,2026-03-23T08:43:03Z
02618.HK,2025-05-29,2025,5,3,2024-12-31,annual,149,CONFIRMED,V2.5,3412.0,10,1.0,182837.584,18698.413,0.102,7087.553,117867.788,54900.868,62966.92,67740.188,39712.049,7228.23,15941.503,20790.727,-840.448,-11487.704,8100.0,4300.0,22734.265000000003,28028.139,46.57834759739446,29.036886994209272,15744.864,333.561,645.798,8568.084,8.611393596187531,0.1824356856520265,0.3532085613207403,4.686172182192038,101.446,1.1839986629449477,1.7092875492605082,1.1018196155902014,2.8062633372875427,2.410233584742301,4.43016136113459,2.3518140559109555,11.37114511423428,2.75975151804675,55061.616,127775.968,87355.44,32300.0,95482.144,69.88495756977406,30.11504243022594,47.77761666332236,17.665952094400897,1600,80703.0,400156.0,8.015900634419253,-4.8070358237999065,12.54,0.029556650246305383,0.09043478260869553,0.04849498327759183,0.012897473143480508,0.018955356857496147,0.013546556048139369,0.0012346932231184216,0.07112241805407193,0.024596880169441615,0.009553006140810227,0.05621617098927634,0.013718809283222777,0.0002419256459784691,0.060953604402455897,0.08920008938557711,0.0808817764678853,0.09019285696271706,-0.022627434776480104,-0.007721187711684507,-0.012458621124864067,0.04189723320158101,-0.005283018867924483,0.022498060512024853,0.06621004566210043,0.030147058823529305,0.060560181680545,0.02074330164217808,-0.008396305625524736,0.026956521739130324,0.04386617100371759,0.049327354260089606,-0.060869565217391286,-0.0028985507246377384,0.07165109034267902,0.1485809682804673,0.09571780147662001,0.060287723785166225,0.09883108823422027,0.04110742834860592,0.018783692266016505,PASS,0.0,93,93,model_features_v2.0,2026-03-23T08:43:03Z
02618.HK,2025-05-30,2025,5,4,2024-12-31,annual,150,CONFIRMED,V2.5,3412.0,10,1.0,182837.584,18698.413,0.102,7087.553,117867.788,54900.868,62966.92,67740.188,39712.049,7228.23,15941.503,20790.727,-840.448,-11487.704,8100.0,4300.0,22734.265000000003,28028.139,46.57834759739446,29.036886994209272,15744.864,333.561,645.798,8568.084,8.611393596187531,0.1824356856520265,0.3532085613207403,4.686172182192038,101.446,1.1839986629449477,1.7092875492605082,1.1018196155902014,2.8062633372875427,2.410233584742301,4.43016136113459,2.3518140559109555,11.37114511423428,2.75975151804675,55061.616,127775.968,87355.44,32300.0,95482.144,69.88495756977406,30.11504243022594,47.77761666332236,17.665952094400897,1600,80703.0,400156.0,8.015900634419253,-4.8070358237999065,12.44,-0.00797448165869219,0.07612456747404828,0.016339869281045694,0.016803962496946795,0.018428535464727062,-0.01203094337765731,-0.013198024173285527,0.05291099536560884,-0.0248004496484292,-0.014568685711671803,0.01631671849385352,-0.014917611726357416,-0.017689106543405164,0.04405006475141149,0.0893225916473338,0.09069325318572008,0.09381367401745344,-0.036571126084563144,2.3150787192172118e-05,-0.027710195470365795,-0.022003034901365792,-0.022744503411675554,0.007818608287724738,-0.01498929336188437,0.008035062089116085,0.05909439754412893,-0.035563082133784785,-0.0412457912457912,-0.030638297872340403,-0.014957264957264904,0.031319910514541416,-0.05468215994531789,-0.007267441860465129,0.04754601226993871,0.13079470198675502,0.09886907088572383,0.06808950538493219,0.11737035871983947,0.04480465695950686,0.028578555204109568,PASS,0.0,93,93,model_features_v2.0,2026-03-23T08:43:03Z
02618.HK,2025-06-02,2025,6,0,2024-12-31,annual,153,CONFIRMED,V2.5,3412.0,10,1.0,182837.584,18698.413,0.102,7087.553,117867.788,54900.868,62966.92,67740.188,39712.049,7228.23,15941.503,20790.727,-840.448,-11487.704,8100.0,4300.0,22734.265000000003,28028.139,46.57834759739446,29.036886994209272,15744.864,333.561,645.798,8568.084,8.611393596187531,0.1824356856520265,0.3532085613207403,4.686172182192038,101.446,1.1839986629449477,1.7092875492605082,1.1018196155902014,2.8062633372875427,2.410233584742301,4.43016136113459,2.3518140559109555,11.37114511423428,2.75975151804675,55061.616,127775.968,87355.44,32300.0,95482.144,69.88495756977406,30.11504243022594,47.77761666332236,17.665952094400897,1600,80703.0,400156.0,8.015900634419253,-4.8070358237999065,12.0,-0.03536977491961413,0.018675721561969505,-0.014778325123152691,0.02759909099787147,0.020121273739080646,-0.00565913703742027,-0.005341389800763041,0.02902907306391378,-0.007024560819893222,-0.004564094112628814,-0.020966579329756097,-0.00862898447463789,-0.009289313845847191,0.015577585086939294,0.024017111362732546,0.02323981567459832,0.027965035407816696,-0.04380739818706647,0.006188254206603405,-0.030355910210091985,-0.002327385570209506,-0.007716049382716084,-0.026495079485238437,-0.01666666666666672,0.04868624420401835,0.024150943396226365,-0.006145741878841093,-0.031650983746792205,-0.0721311475409836,-0.01879971077368059,0.009672619047618847,-0.07749830047586681,-0.0014641288433381305,0.054095826893354015,0.11074918566775249,0.02639177094468559,-0.030010522642048842,0.05032670530876171,0.009003102514350658,-0.03542010533138451,PASS,0.0,93,93,model_features_v2.0,2026-03-23T08:43:03Z
02618.HK,2025-06-03,2025,6,1,2024-12-31,annual,154,CONFIRMED,V2.5,3412.0,10,1.0,182837.584,18698.413,0.102,7087.553,117867.788,54900.868,62966.92,67740.188,39712.049,7228.23,15941.503,20790.727,-840.448,-11487.704,8100.0,4300.0,22734.265000000003,28028.139,46.57834759739446,29.036886994209272,15744.864,333.561,645.798,8568.084,8.611393596187531,0.1824356856520265,0.3532085613207403,4.686172182192038,101.446,1.1839986629449477,1.7092875492605082,1.1018196155902014,2.8062633372875427,2.410233584742301,4.43016136113459,2.3518140559109555,11.37114511423428,2.75975151804675,55061.616,127775.968,87355.44,32300.0,95482.144,69.88495756977406,30.11504243022594,47.77761666332236,17.665952094400897,1600,80703.0,400156.0,8.015900634419253,-4.8070358237999065,12.12,0.010000000000000009,0.025380710659898442,-0.009803921568627527,0.027719934388495477,0.020225678807571302,0.015308768428320851,0.005581218707218616,0.03749683952184024,0.010786679677685207,0.0013294485393431366,-0.009544803893501319,0.01921229755269982,0.005890295551298053,0.03125903897793458,0.019799491952679826,0.024051262120555306,0.01949041510860039,-0.04730076109046777,-0.0002591176751262081,-0.04106296054656211,0.0,0.002338269680436378,-0.02205323193916353,0.006632277081798144,0.034065102195306673,-0.013718411552346654,0.006183745583038913,-0.03474576271186436,-0.07996768982229396,0.0007369196757556207,0.011169024571854091,-0.09827357237715795,0.01026392961876832,0.03609022556390973,0.12398042414355626,0.023042440979462064,-0.008684391535408231,0.0601264733717628,0.01421168608804435,-0.010709514904011286,PASS,0.0,93,93,model_features_v2.0,2026-03-23T08:43:03Z
02618.HK,2025-06-04,2025,6,2,2024-12-31,annual,155,CONFIRMED,V2.5,3412.0,10,1.0,182837.584,18698.413,0.102,7087.553,117867.788,54900.868,62966.92,67740.188,39712.049,7228.23,15941.503,20790.727,-840.448,-11487.704,8100.0,4300.0,22734.265000000003,28028.139,46.57834759739446,29.036886994209272,15744.864,333.561,645.798,8568.084,8.611393596187531,0.1824356856520265,0.3532085613207403,4.686172182192038,101.446,1.1839986629449477,1.7092875492605082,1.1018196155902014,2.8062633372875427,2.410233584742301,4.43016136113459,2.3518140559109555,11.37114511423428,2.75975151804675,55061.616,127775.968,87355.44,32300.0,95482.144,69.88495756977406,30.11504243022594,47.77761666332236,17.665952094400897,1600,80703.0,400156.0,8.015900634419253,-4.8070358237999065,12.2,0.0066006600660066805,0.0016420361247946325,-0.006514657980456029,0.024136046530119,0.02027027630052449,0.006019779274759829,0.017014133873011206,0.04240062965254521,0.005690347221017911,0.008576442032682596,0.0036499719232929717,0.006677298229080364,0.015736845897478036,0.040583578513148755,-0.015372097748216573,-0.006934405907887964,-0.014094809772683403,-0.048915287633001237,-0.010164629903749,-0.047098236493604784,0.0007776049766718973,0.017391304347825987,-0.016806722689075793,0.030014641288433452,0.07077625570776247,0.012230215827337965,0.006145741878841093,-0.009507346585998389,-0.05523495465787309,-0.0176730486008837,-0.008178438661709975,-0.103494623655914,-0.0014513788098693414,-0.0028985507246377384,0.09379968203497624,-0.015749268223031354,-0.06913421958296784,0.011149382710793021,0.009820474786504607,0.004540586849432371,PASS,0.0,93,93,model_features_v2.0,2026-03-23T08:43:03Z
02618.HK,2025-06-05,2025,6,3,2024-12-31,annual,156,CONFIRMED,V2.5,3412.0,10,1.0,182837.584,18698.413,0.102,7087.553,117867.788,54900.868,62966.92,67740.188,39712.049,7228.23,15941.503,20790.727,-840.448,-11487.704,8100.0,4300.0,22734.265000000003,28028.139,46.57834759739446,29.036886994209272,15744.864,333.561,645.798,8568.084,8.611393596187531,0.1824356856520265,0.3532085613207403,4.686172182192038,101.446,1.1839986629449477,1.7092875492605082,1.1018196155902014,2.8062633372875427,2.410233584742301,4.43016136113459,2.3518140559109555,11.37114511423428,2.75975151804675,55061.616,127775.968,87355.44,32300.0,95482.144,69.88495756977406,30.11504243022594,47.77761666332236,17.665952094400897,1600,80703.0,400156.0,8.015900634419253,-4.8070358237999065,12.22,0.0016393442622952836,-0.02551834130781483,0.0016393442622952836,0.01826762711944197,0.020217044251715673,0.010693315261712355,0.01415113148814462,0.04965990396875308,0.01934079578158343,0.003402540966291445,0.0174128068756203,0.012589905121403788,0.014605694396543134,0.046321552814674316,-0.03966947279595945,-0.028920882274106274,-0.04012403570435796,-0.0480205597064578,-0.015773462613325018,-0.04468220855237903,0.014763014763014892,-0.009104704097116945,-0.0075987841945288626,0.026297085998578718,0.03069236259814434,0.021216407355021172,0.03228621291448519,0.0016934801016088574,-0.026337448559670795,0.0,-0.049857549857549865,-0.09925725860904788,-0.015988372093023284,-0.015988372093023284,0.09369951534733434,-0.016413637210697885,-0.05621070390595917,-0.027211821409423687,0.024339208549735036,-0.009529969214791545,PASS,0.0,93,93,model_features_v2.0,2026-03-23T08:43:03Z
02618.HK,2025-06-06,2025,6,4,2024-12-31,annual,157,CONFIRMED,V2.5,3412.0,10,1.0,182837.584,18698.413,0.102,7087.553,117867.788,54900.868,62966.92,67740.188,39712.049,7228.23,15941.503,20790.727,-840.448,-11487.704,8100.0,4300.0,22734.265000000003,28028.139,46.57834759739446,29.036886994209272,15744.864,333.561,645.798,8568.084,8.611393596187531,0.1824356856520265,0.3532085613207403,4.686172182192038,101.446,1.1839986629449477,1.7092875492605082,1.1018196155902014,2.8062633372875427,2.410233584742301,4.43016136113459,2.3518140559109555,11.37114511423428,2.75975151804675,55061.616,127775.968,87355.44,32300.0,95482.144,69.88495756977406,30.11504243022594,47.77761666332236,17.665952094400897,1600,80703.0,400156.0,8.015900634419253,-4.8070358237999065,12.16,-0.004909983633387904,-0.022508038585209,-0.004909983633387904,0.01819501942019119,0.020246838896120663,-0.004786470221864181,0.021587589744338498,0.04044125042527158,-0.006285761547079272,0.022452678017108818,0.020514453935621013,-0.006330705247311275,0.02344995383575532,0.038623960155341086,-0.0440956283295475,-0.04496071660231782,-0.04595799242096432,-0.045351234058659484,-0.025424437569008917,-0.04353394378872899,-0.014548238897396648,-0.0015515903801397446,-0.021292775665399333,-0.018698060941828354,0.02681159420289836,0.004964539007092039,-0.014370245139475935,0.023705004389815487,-0.05663430420711979,0.0059970014992503096,-0.029645697758496237,-0.09078590785907859,0.011816838995568624,0.002928257686676261,0.09775641025641013,-0.020956448205069256,-0.04931963278810736,-0.04621304297502449,0.007137659173287236,-0.02543629627188526,PASS,0.0,93,93,model_features_v2.0,2026-03-23T08:43:03Z
02618.HK,2025-06-09,2025,6,0,2024-12-31,annual,160,CONFIRMED,V2.5,3412.0,10,1.0,182837.584,18698.413,0.102,7087.553,117867.788,54900.868,62966.92,67740.188,39712.049,7228.23,15941.503,20790.727,-840.448,-11487.704,8100.0,4300.0,22734.265000000003,28028.139,46.57834759739446,29.036886994209272,15744.864,333.561,645.798,8568.084,8.611393596187531,0.1824356856520265,0.3532085613207403,4.686172182192038,101.446,1.1839986629449477,1.7092875492605082,1.1018196155902014,2.8062633372875427,2.410233584742301,4.43016136113459,2.3518140559109555,11.37114511423428,2.75975151804675,55061.616,127775.968,87355.44,32300.0,95482.144,69.88495756977406,30.11504243022594,47.77761666332236,17.665952094400897,1600,80703.0,400156.0,8.015900634419253,-4.8070358237999065,12.38,0.018092105263157965,0.03166666666666673,-0.012759170653907415,0.008663405437609484,0.01977006309039629,0.016345039243393034,0.044194720003523535,0.026835859505907944,0.02775171568441981,0.05826131500883314,-0.002592086060194565,0.017425751940959966,0.05034777348566255,0.025808326445818874,-0.012528053336856804,-0.026594648342166405,-0.01868110681899582,-0.03959503015981536,-0.01016708459371285,-0.03856749709972629,0.04118104118104138,0.04199066874028001,-0.04217298070050035,0.047282992237120736,0.09358879882092874,0.0269896193771626,0.02315608919382517,0.05388692579505294,-0.09070121951219512,0.04172876304023854,0.030213706705969123,-0.07047872340425532,0.0,0.004398826979472137,0.07031249999999978,-0.010324002073613281,-0.06192213215426201,-0.02222025912838621,0.0014529599606976085,0.027267839687194595,PASS,0.0,93,93,model_features_v2.0,2026-03-23T08:43:03Z
02618.HK,2025-06-10,2025,6,1,2024-12-31,annual,161,CONFIRMED,V2.5,3412.0,10,1.0,182837.584,18698.413,0.102,7087.553,117867.788,54900.868,62966.92,67740.188,39712.049,7228.23,15941.503,20790.727,-840.448,-11487.704,8100.0,4300.0,22734.265000000003,28028.139,46.57834759739446,29.036886994209272,15744.864,333.561,645.798,8568.084,8.611393596187531,0.1824356856520265,0.3532085613207403,4.686172182192038,101.446,1.1839986629449477,1.7092875492605082,1.1018196155902014,2.8062633372875427,2.410233584742301,4.43016136113459,2.3518140559109555,11.37114511423428,2.75975151804675,55061.616,127775.968,87355.44,32300.0,95482.144,69.88495756977406,30.11504243022594,47.77761666332236,17.665952094400897,1600,80703.0,400156.0,8.015900634419253,-4.8070358237999065,12.4,0.001615508885298933,0.02310231023102327,0.013071895424836555,0.00857542593947635,0.018983594073836634,-0.0007675311178867439,0.027661043130693397,0.04563734109044071,-0.007553517888990502,0.03905971492381721,0.023251974510689388,-0.0014543670105606754,0.029049771919631207,0.04544965990600969,-0.004558732899670126,-0.01595740469279394,-0.005947461688607936,-0.032565445665604154,-0.010180079085852833,-0.03237776448117313,-0.015671641791044744,0.025660964230171057,-0.037226277372262695,-0.02695417789757415,0.05710102489019042,0.0509461426491995,-0.00419111483654655,0.043020193151887653,-0.05789056304520224,-0.0007153075822605715,0.028718703976435833,-0.03588681849551423,-0.007299270072992692,-0.013062409288824406,0.06416275430359941,-0.0025586539991477864,-0.03399871465916715,-0.019917882920864383,-0.005616393745412562,0.03616471951984768,PASS,0.0,93,93,model_features_v2.0,2026-03-23T08:43:03Z
02618.HK,2025-06-11,2025,6,2,2024-12-31,annual,162,CONFIRMED,V2.5,3412.0,10,1.0,182837.584,18698.413,0.102,7087.553,117867.788,54900.868,62966.92,67740.188,39712.049,7228.23,15941.503,20790.727,-840.448,-11487.704,8100.0,4300.0,22734.265000000003,28028.139,46.57834759739446,29.036886994209272,15744.864,333.561,645.798,8568.084,8.611393596187531,0.1824356856520265,0.3532085613207403,4.686172182192038,101.446,1.1839986629449477,1.7092875492605082,1.1018196155902014,2.8062633372875427,2.410233584742301,4.43016136113459,2.3518140559109555,11.37114511423428,2.75975151804675,55061.616,127775.968,87355.44,32300.0,95482.144,69.88495756977406,30.11504243022594,47.77761666332236,17.665952094400897,1600,80703.0,400156.0,8.015900634419253,-4.8070358237999065,12.5,0.008064516129032251,0.024590163934426368,0.06292517006802734,0.0086847760444682,0.016519259043455723,0.008445602695375198,0.03013905030136521,0.030722082514651472,0.010943605473842766,0.04448727922100315,0.012899078000215614,0.01121881285311499,0.03369221751391849,0.031728986747133536,-0.005548886366938843,-0.019897115286576783,-0.00910205357949212,0.032203087553375864,0.05002609206781172,0.0311961833208938,0.015163002274450443,0.04040404040404044,-0.05437853107344626,-0.0041551246537395725,0.022032693674484793,0.031563845050215145,-0.0033670033670032407,0.03315881326352543,-0.09202453987730064,-0.0021474588403721517,0.044977511244377766,-0.05491525423728805,-0.0014705882352941124,-0.013081395348837233,0.06593406593406592,-0.015813876469614074,0.0025574702599415744,-0.008568649329099065,-0.020387347309951398,0.0376715592832636,PASS,0.0,93,93,model_features_v2.0,2026-03-23T08:43:03Z
02618.HK,2025-06-12,2025,6,3,2024-12-31,annual,163,CONFIRMED,V2.5,3412.0,10,1.0,182837.584,18698.413,0.102,7087.553,117867.788,54900.868,62966.92,67740.188,39712.049,7228.23,15941.503,20790.727,-840.448,-11487.704,8100.0,4300.0,22734.265000000003,28028.139,46.57834759739446,29.036886994209272,15744.864,333.561,645.798,8568.084,8.611393596187531,0.1824356856520265,0.3532085613207403,4.686172182192038,101.446,1.1839986629449477,1.7092875492605082,1.1018196155902014,2.8062633372875427,2.410233584742301,4.43016136113459,2.3518140559109555,11.37114511423428,2.75975151804675,55061.616,127775.968,87355.44,32300.0,95482.144,69.88495756977406,30.11504243022594,47.77761666332236,17.665952094400897,1600,80703.0,400156.0,8.015900634419253,-4.8070358237999065,12.58,0.006399999999999961,0.029459901800327204,0.08261617900172125,0.008496820820798555,0.01614193581880451,-0.013606960906867971,0.005371236923792599,0.024824799728480063,-0.021989653654241215,0.0021372341145422524,0.006321444211225602,-0.015312887144204645,0.005207932744746513,0.025887025123761953,0.024088664876534605,0.02732266768578495,0.02425196905558069,0.057791379273241184,0.07629473479049564,0.05672915387795929,-0.01867064973861088,0.006125574272588086,-0.02954209748892167,-0.01947148817802513,-0.023545706371191133,0.041358936484490405,-0.03209459459459474,-0.031276415891800524,-0.11093871217998452,-0.0035868005738880493,0.04122938530734643,-0.03070481507327294,-0.007363770250368162,-0.004431314623338123,0.08012820512820507,0.023334327527739118,0.05300560817151834,0.06073631769212773,-0.01176948350701923,0.03389121642366533,PASS,0.0,93,93,model_features_v2.0,2026-03-23T08:43:03Z
02618.HK,2025-06-13,2025,6,4,2024-12-31,annual,164,CONFIRMED,V2.5,3412.0,10,1.0,182837.584,18698.413,0.102,7087.553,117867.788,54900.868,62966.92,67740.188,39712.049,7228.23,15941.503,20790.727,-840.448,-11487.704,8100.0,4300.0,22734.265000000003,28028.139,46.57834759739446,29.036886994209272,15744.864,333.561,645.798,8568.084,8.611393596187531,0.1824356856520265,0.3532085613207403,4.686172182192038,101.446,1.1839986629449477,1.7092875492605082,1.1018196155902014,2.8062633372875427,2.410233584742301,4.43016136113459,2.3518140559109555,11.37114511423428,2.75975151804675,55061.616,127775.968,87355.44,32300.0,95482.144,69.88495756977406,30.11504243022594,47.77761666332236,17.665952094400897,1600,80703.0,400156.0,8.015900634419253,-4.8070358237999065,12.26,-0.025437201907790197,0.008223684210526327,0.053264604810996596,0.016338007898608654,0.017442617110550188,-0.005942073726315167,0.004203838682208749,0.023452937560639375,-0.017185205192700503,-0.00885459621830631,-0.007882469221826338,-0.008548708487373768,0.0029641737159245007,0.02208710828274918,0.004019845528317578,0.017078280428832637,0.005259510494601827,0.02981166725035722,0.061147074032822935,0.031177496528247417,-0.0121765601217656,0.008547008547008739,-0.015174506828528056,-0.019858156028368823,-0.02470007057163026,0.05175038051750369,-0.022687609075043635,-0.039451114922812947,-0.09238249594813619,-0.002159827213823018,0.032786885245901676,-0.035490605427974886,-0.010385756676557945,-0.026277372262773713,0.06891025641025639,-0.0003233243364824112,0.03292375478215659,0.047674799133339274,-0.02456320103537535,0.03450105647330004,PASS,0.0,93,93,model_features_v2.0,2026-03-23T08:43:03Z
02618.HK,2025-06-16,2025,6,0,2024-12-31,annual,167,CONFIRMED,V2.5,3412.0,10,1.0,182837.584,18698.413,0.102,7087.553,117867.788,54900.868,62966.92,67740.188,39712.049,7228.23,15941.503,20790.727,-840.448,-11487.704,8100.0,4300.0,22734.265000000003,28028.139,46.57834759739446,29.036886994209272,15744.864,333.561,645.798,8568.084,8.611393596187531,0.1824356856520265,0.3532085613207403,4.686172182192038,101.446,1.1839986629449477,1.7092875492605082,1.1018196155902014,2.8062633372875427,2.410233584742301,4.43016136113459,2.3518140559109555,11.37114511423428,2.75975151804675,55061.616,127775.968,87355.44,32300.0,95482.144,69.88495756977406,30.11504243022594,47.77761666332236,17.665952094400897,1600,80703.0,400156.0,8.015900634419253,-4.8070358237999065,12.44,0.014681892332789603,0.004846526655896577,0.05782312925170063,0.015536609779977891,0.017569386010216823,0.00704947481559115,-0.004980681456803748,0.031212391868586264,0.011489185470188179,-0.024537889984410644,0.008534631383847024,0.00862591669827717,-0.005710581632243361,0.03184668087861375,0.009827208112700325,0.02938441664030722,0.010557108288139938,0.02661073738311437,0.04928849786785361,0.02597644837308688,0.008474576271186418,-0.023134328358208944,0.0038343558282207812,0.004341534008683201,-0.0646900269541778,0.032738095238095344,0.008035714285714368,-0.05364626990779542,-0.05285234899328861,0.006493506493506551,-0.0021459227467811592,-0.06688963210702337,0.019490254872563728,-0.007299270072992692,0.060842433697347875,0.02798085501410552,0.06953655361007438,0.058492796563691996,0.006992449402677736,0.012145796728889269,PASS,0.0,93,93,model_features_v2.0,2026-03-23T08:43:03Z
02618.HK,2025-06-17,2025,6,1,2024-12-31,annual,168,CONFIRMED,V2.5,3412.0,10,1.0,182837.584,18698.413,0.102,7087.553,117867.788,54900.868,62966.92,67740.188,39712.049,7228.23,15941.503,20790.727,-840.448,-11487.704,8100.0,4300.0,22734.265000000003,28028.139,46.57834759739446,29.036886994209272,15744.864,333.561,645.798,8568.084,8.611393596187531,0.1824356856520265,0.3532085613207403,4.686172182192038,101.446,1.1839986629449477,1.7092875492605082,1.1018196155902014,2.8062633372875427,2.410233584742301,4.43016136113459,2.3518140559109555,11.37114511423428,2.75975151804675,55061.616,127775.968,87355.44,32300.0,95482.144,69.88495756977406,30.11504243022594,47.77761666332236,17.665952094400897,1600,80703.0,400156.0,8.015900634419253,-4.8070358237999065,12.28,-0.012861736334405127,-0.00967741935483879,0.030201342281879207,0.016712840310853367,0.017721619464366067,-0.003353561096197666,-0.0075558077331044915,0.01261829919413815,-0.0015207805415562436,-0.018608394733864997,-0.004460489581530447,-0.004045859336809343,-0.008291027946004892,0.012293498580705942,-0.0021216116217342984,0.008930975379026207,-0.001386391408833898,0.017583043087741057,0.03466183186340965,0.017907843701173265,0.004583651642475095,-0.0030326004548900665,-0.014981273408239737,-0.005043227665706196,-0.04362880886426601,0.012463343108504388,0.016829052258635846,-0.03367003367003363,-0.056696795398521016,-0.010752688172043001,-0.012168933428775897,-0.04432132963988922,0.004411764705882337,0.004411764705882337,0.07728706624605675,-0.0066448188999487234,0.03395138950942722,0.023992614315194838,0.0024915140739371067,-0.014089184060721127,PASS,0.0,93,93,model_features_v2.0,2026-03-23T08:43:03Z
02618.HK,2025-06-18,2025,6,2,2024-12-31,annual,169,CONFIRMED,V2.5,3412.0,10,1.0,182837.584,18698.413,0.102,7087.553,117867.788,54900.868,62966.92,67740.188,39712.049,7228.23,15941.503,20790.727,-840.448,-11487.704,8100.0,4300.0,22734.265000000003,28028.139,46.57834759739446,29.036886994209272,15744.864,333.561,645.798,8568.084,8.611393596187531,0.1824356856520265,0.3532085613207403,4.686172182192038,101.446,1.1839986629449477,1.7092875492605082,1.1018196155902014,2.8062633372875427,2.410233584742301,4.43016136113459,2.3518140559109555,11.37114511423428,2.75975151804675,55061.616,127775.968,87355.44,32300.0,95482.144,69.88495756977406,30.11504243022594,47.77761666332236,17.665952094400897,1600,80703.0,400156.0,8.015900634419253,-4.8070358237999065,11.96,-0.026058631921824005,-0.043199999999999905,0.01013513513513531,0.018530305611293044,0.01870231641388022,-0.011242978611610388,-0.026931982431934398,-0.004914012132057666,-0.014633823710044735,-0.0434381420604637,-0.02395922439498277,-0.011556447006079273,-0.03062687579232548,-0.007707015253354932,-0.016268017568065507,0.00023814206046379738,-0.012573124207674424,0.015049147267192975,0.03409435953011808,0.01784215038849024,-0.01596958174904939,-0.0336071695294996,-0.03791821561338282,-0.03475742215785649,-0.07301808066759385,-0.029133284777858703,-0.022648083623693305,-0.05236486486486491,-0.08854589764419163,-0.021739130434782594,-0.031563845050215256,-0.008810572687224627,-0.007320644216691097,-0.0014727540500736325,0.06771653543307088,-0.009592830470500302,0.02981808066759395,0.009164864864865008,-0.01163615494978465,-0.04172724594992627,PASS,0.0,93,93,model_features_v2.0,2026-03-23T08:43:03Z
02618.HK,2025-06-19,2025,6,3,2024-12-31,annual,170,CONFIRMED,V2.5,3412.0,10,1.0,182837.584,18698.413,0.102,7087.553,117867.788,54900.868,62966.92,67740.188,39712.049,7228.23,15941.503,20790.727,-840.448,-11487.704,8100.0,4300.0,22734.265000000003,28028.139,46.57834759739446,29.036886994209272,15744.864,333.561,645.798,8568.084,8.611393596187531,0.1824356856520265,0.3532085613207403,4.686172182192038,101.446,1.1839986629449477,1.7092875492605082,1.1018196155902014,2.8062633372875427,2.410233584742301,4.43016136113459,2.3518140559109555,11.37114511423428,2.75975151804675,55061.616,127775.968,87355.44,32300.0,95482.144,69.88495756977406,30.11504243022594,47.77761666332236,17.665952094400897,1600,80703.0,400156.0,8.015900634419253,-4.8070358237999065,11.54,-0.03511705685618738,-0.08267090620031803,0.003478260869565153,0.019379963065165467,0.01927759329647985,-0.01994669914709346,-0.03318607818973529,-0.013020980440709429,-0.024181067464967287,-0.0455814965496415,-0.03111915075927074,-0.021322543583277676,-0.036543069232558234,-0.01714248610325453,-0.04948482801058274,-0.03708940965067653,-0.046127836967759794,0.01649924131027458,0.034597411628835895,0.02062074697281968,-0.036321483771251994,-0.050989345509893425,-0.05886792452830192,-0.037509377344336126,-0.09007092198581557,-0.05661764705882344,-0.019607843137254943,-0.04013961605584637,-0.07640638119227539,-0.015555555555555545,-0.043196544276457916,-0.006726457399103158,-0.03244837758112107,-0.02670623145400597,0.02180685358255441,-0.031681560690424604,0.007400015785497538,-0.042531290144471656,-0.03947436192386011,-0.05596467474631206,PASS,0.0,93,93,model_features_v2.0,2026-03-23T08:43:03Z
02618.HK,2025-06-20,2025,6,4,2024-12-31,annual,171,CONFIRMED,V2.5,3412.0,10,1.0,182837.584,18698.413,0.102,7087.553,117867.788,54900.868,62966.92,67740.188,39712.049,7228.23,15941.503,20790.727,-840.448,-11487.704,8100.0,4300.0,22734.265000000003,28028.139,46.57834759739446,29.036886994209272,15744.864,333.561,645.798,8568.084,8.611393596187531,0.1824356856520265,0.3532085613207403,4.686172182192038,101.446,1.1839986629449477,1.7092875492605082,1.1018196155902014,2.8062633372875427,2.410233584742301,4.43016136113459,2.3518140559109555,11.37114511423428,2.75975151804675,55061.616,127775.968,87355.44,32300.0,95482.144,69.88495756977406,30.11504243022594,47.77761666332236,17.665952094400897,1600,80703.0,400156.0,8.015900634419253,-4.8070358237999065,11.96,0.036395147313691645,-0.02446982055464919,0.03460207612456756,0.0296328073751105,0.020885368786936327,0.012597610611014609,-0.015154508349042639,-0.002998992426675451,0.008808408276209212,-0.020338911886344846,-0.021675780036478853,0.013807003364642245,-0.014818587444649478,-0.0066159090125648135,-0.009315312205606552,-0.004130908668304345,-0.009651233109999713,0.03760106855124301,0.05627785616104641,0.041217985137132374,0.007217321571772128,-0.03235747303543923,-0.047763457164518686,0.002338269680436378,-0.06946454413892911,-0.060628195763331005,0.015454545454545388,-0.002678571428571419,-0.05976430976430969,0.015801354401805856,-0.025974025974025983,0.006711409395973256,0.007621951219512368,-0.008995502248875464,0.013803680981595123,0.007887652480790042,0.044994723584279916,-0.021791249126077772,0.0015042054193767918,-0.015474318305773727,PASS,0.0,93,93,model_features_v2.0,2026-03-23T08:43:03Z
02618.HK,2025-06-23,2025,6,0,2024-12-31,annual,174,CONFIRMED,V2.5,3412.0,10,1.0,182837.584,18698.413,0.102,7087.553,117867.788,54900.868,62966.92,67740.188,39712.049,7228.23,15941.503,20790.727,-840.448,-11487.704,8100.0,4300.0,22734.265000000003,28028.139,46.57834759739446,29.036886994209272,15744.864,333.561,645.798,8568.084,8.611393596187531,0.1824356856520265,0.3532085613207403,4.686172182192038,101.446,1.1839986629449477,1.7092875492605082,1.1018196155902014,2.8062633372875427,2.410233584742301,4.43016136113459,2.3518140559109555,11.37114511423428,2.75975151804675,55061.616,127775.968,87355.44,32300.0,95482.144,69.88495756977406,30.11504243022594,47.77761666332236,17.665952094400897,1600,80703.0,400156.0,8.015900634419253,-4.8070358237999065,12.0,0.0033444816053511683,-0.03536977491961413,0.018675721561969505,0.028187802246108805,0.020499544891561684,0.006742318898722122,-0.015454891922568437,0.01747247805524621,0.01049455109348263,-0.021302248528748513,0.00569251500198753,0.008243164004342773,-0.01519244343370052,0.01892954780956746,-0.01991488299704569,-0.014067526390865615,-0.020177331485913608,0.001203243506723295,0.012983206559981975,-0.0002538262475979547,-0.006369426751592355,-0.046600458365164354,-0.03703703703703698,0.021772939346812015,-0.053314121037464024,0.015455950540958163,-0.008057296329453956,-0.01860053144375562,-0.05218135158254922,0.0,-0.032258064516129004,0.004464285714285587,0.0075642965204236745,-0.020588235294117574,0.029366306027820865,0.011230683445550227,0.017944346117849896,-0.01676924347585851,-0.003111710403485124,-0.014781539625496554,PASS,0.0,93,93,model_features_v2.0,2026-03-23T08:43:03Z
02618.HK,2025-06-24,2025,6,1,2024-12-31,annual,175,CONFIRMED,V2.5,3412.0,10,1.0,182837.584,18698.413,0.102,7087.553,117867.788,54900.868,62966.92,67740.188,39712.049,7228.23,15941.503,20790.727,-840.448,-11487.704,8100.0,4300.0,22734.265000000003,28028.139,46.57834759739446,29.036886994209272,15744.864,333.561,645.798,8568.084,8.611393596187531,0.1824356856520265,0.3532085613207403,4.686172182192038,101.446,1.1839986629449477,1.7092875492605082,1.1018196155902014,2.8062633372875427,2.410233584742301,4.43016136113459,2.3518140559109555,11.37114511423428,2.75975151804675,55061.616,127775.968,87355.44,32300.0,95482.144,69.88495756977406,30.11504243022594,47.77761666332236,17.665952094400897,1600,80703.0,400156.0,8.015900634419253,-4.8070358237999065,12.3,0.025000000000000133,0.0016286644951140072,0.040609137055837685,0.031106719335241145,0.02118327048798014,0.020597632753925454,0.008205485335879947,0.034003949193374794,0.021389972257620515,0.0011546056672051552,0.022259097750163992,0.018969757818789068,0.0075655860462284785,0.03429533730670009,-0.00657682084076594,0.000474058827908852,-0.005936921551114471,0.006605187862462891,0.018350039305673693,0.006313799749137594,0.014423076923076872,-0.03726235741444872,-0.013250194855806807,-0.010654490106544956,-0.05865314989138304,-0.015897047691143085,0.017148014440433235,-0.018292682926829174,-0.04491525423728815,0.0185185185185186,-0.0036231884057971175,0.023827252419955203,0.019519519519519468,-0.005856515373352855,0.021052631578947212,0.03889102190956273,0.060281814386497046,0.01992134742194318,0.005251852900911125,0.0074851798684668625,PASS,0.0,93,93,model_features_v2.0,2026-03-23T08:43:03Z
02618.HK,2025-06-25,2025,6,2,2024-12-31,annual,176,CONFIRMED,V2.5,3412.0,10,1.0,182837.584,18698.413,0.102,7087.553,117867.788,54900.868,62966.92,67740.188,39712.049,7228.23,15941.503,20790.727,-840.448,-11487.704,8100.0,4300.0,22734.265000000003,28028.139,46.57834759739446,29.036886994209272,15744.864,333.561,645.798,8568.084,8.611393596187531,0.1824356856520265,0.3532085613207403,4.686172182192038,101.446,1.1839986629449477,1.7092875492605082,1.1018196155902014,2.8062633372875427,2.410233584742301,4.43016136113459,2.3518140559109555,11.37114511423428,2.75975151804675,55061.616,127775.968,87355.44,32300.0,95482.144,69.88495756977406,30.11504243022594,47.77761666332236,17.665952094400897,1600,80703.0,400156.0,8.015900634419253,-4.8070358237999065,13.18,0.07154471544715446,0.10200668896321052,0.08210180623973717,0.03957803141713284,0.02559937416532894,0.012309183867193152,0.032220909640335194,0.05229786686994875,0.011525190828167942,0.027732763630017754,0.03563146421780061,0.011282507353661764,0.03084637366880405,0.049197810495617667,0.06978577932287533,0.07427392533319277,0.07116031529440647,0.029803939369788424,0.04647034202193656,0.03290399574411951,0.02527646129541883,0.0030911901081915882,0.026086956521739202,0.013846153846153841,-0.011252813203300849,0.003044140030441511,0.024844720496894457,0.02941176470588225,-0.0017286084701815252,0.02836363636363637,0.04740740740740734,0.05130111524163583,0.01178203240058906,0.01327433628318575,-0.004347826086956608,0.09891549885501894,0.11325950216651137,0.07259492425732827,0.05459928155580318,0.08873235268002477,PASS,0.0,93,93,model_features_v2.0,2026-03-23T08:43:03Z
02618.HK,2025-06-26,2025,6,3,2024-12-31,annual,177,CONFIRMED,V2.5,3412.0,10,1.0,182837.584,18698.413,0.102,7087.553,117867.788,54900.868,62966.92,67740.188,39712.049,7228.23,15941.503,20790.727,-840.448,-11487.704,8100.0,4300.0,22734.265000000003,28028.139,46.57834759739446,29.036886994209272,15744.864,333.561,645.798,8568.084,8.611393596187531,0.1824356856520265,0.3532085613207403,4.686172182192038,101.446,1.1839986629449477,1.7092875492605082,1.1018196155902014,2.8062633372875427,2.410233584742301,4.43016136113459,2.3518140559109555,11.37114511423428,2.75975151804675,55061.616,127775.968,87355.44,32300.0,95482.144,69.88495756977406,30.11504243022594,47.77761666332236,17.665952094400897,1600,80703.0,400156.0,8.015900634419253,-4.8070358237999065,12.66,-0.039453717754172946,0.09705372616984409,0.009569377990430672,0.041112043272679255,0.0266400181052238,-0.006098958637644425,0.04680575649783503,0.03190123775207465,-0.0025862937626657256,0.05047638513301056,0.008155536107674166,-0.00626009089813806,0.04671173832723219,0.028519671612887487,0.05024796967200906,0.04657734103683353,0.0503419878426119,-0.02233185976164398,0.0014138418827565058,-0.018950293622456815,0.0023112480739597707,0.04330392943063344,-0.012898330804248959,-0.013657056145675361,0.013250194855806585,-0.07209136331192001,-0.02857142857142858,0.020000000000000018,-0.04995766299745974,-0.012729844413012836,0.05041384499623769,-0.005698005698005826,-0.02328966521106257,0.02286585365853666,-0.02470930232558144,0.053749796739210653,0.0838035313140375,0.07705372616984407,0.0466398811736064,0.07418787251130743,PASS,0.0,93,93,model_features_v2.0,2026-03-23T08:43:03Z
02618.HK,2025-06-27,2025,6,4,2024-12-31,annual,178,CONFIRMED,V2.5,3412.0,10,1.0,182837.584,18698.413,0.102,7087.553,117867.788,54900.868,62966.92,67740.188,39712.049,7228.23,15941.503,20790.727,-840.448,-11487.704,8100.0,4300.0,22734.265000000003,28028.139,46.57834759739446,29.036886994209272,15744.864,333.561,645.798,8568.084,8.611393596187531,0.1824356856520265,0.3532085613207403,4.686172182192038,101.446,1.1839986629449477,1.7092875492605082,1.1018196155902014,2.8062633372875427,2.410233584742301,4.43016136113459,2.3518140559109555,11.37114511423428,2.75975151804675,55061.616,127775.968,87355.44,32300.0,95482.144,69.88495756977406,30.11504243022594,47.77761666332236,17.665952094400897,1600,80703.0,400156.0,8.015900634419253,-4.8070358237999065,13.08,0.033175355450236976,0.09364548494983271,0.05144694533762073,0.04080267835275495,0.02750102555812093,-0.0016957583431310708,0.03202952085975297,0.04269599914468891,-0.0006978275673692469,0.040577502269566024,0.0330726844769198,-0.004697995212932238,0.027606130292771702,0.039189922898994034,0.061615964090079745,0.05306798268026669,0.06603935465706101,0.008750946192931819,0.01837426086070093,0.012257022438626697,0.001537279016141646,0.03742038216560517,0.010861132660977546,-0.004615384615384577,0.0062208398133749565,-0.062318840579710155,-0.0008912655971480277,0.0035810205908684,-0.015803336259877176,0.0014326647564470996,0.03555555555555556,0.010845986984815648,0.02086438152011927,0.036308623298033194,0.002928257686676261,0.05622510278422754,0.08742464513645776,0.09006446435896431,0.05808992939427715,0.05733686165179952,PASS,0.0,93,93,model_features_v2.0,2026-03-23T08:43:03Z
02618.HK,2025-06-30,2025,6,0,2024-12-31,annual,181,CONFIRMED,V2.5,3412.0,10,1.0,182837.584,18698.413,0.102,7087.553,117867.788,54900.868,62966.92,67740.188,39712.049,7228.23,15941.503,20790.727,-840.448,-11487.704,8100.0,4300.0,22734.265000000003,28028.139,46.57834759739446,29.036886994209272,15744.864,333.561,645.798,8568.084,8.611393596187531,0.1824356856520265,0.3532085613207403,4.686172182192038,101.446,1.1839986629449477,1.7092875492605082,1.1018196155902014,2.8062633372875427,2.410233584742301,4.43016136113459,2.3518140559109555,11.37114511423428,2.75975151804675,55061.616,127775.968,87355.44,32300.0,95482.144,69.88495756977406,30.11504243022594,47.77761666332236,17.665952094400897,1600,80703.0,400156.0,8.015900634419253,-4.8070358237999065,13.14,0.004587155963302836,0.09499999999999997,0.09499999999999997,0.04068922069835346,0.025986716670288148,-0.00872462079175107,0.016174084907297104,0.03948143986713859,-0.007228401383150285,0.022326928230329113,0.03286061264756701,-0.009605730404961932,0.009414453950425505,0.03816606350414653,0.07882591509270287,0.07267307176967086,0.08558554604957447,0.05551856013286138,0.06213938735243296,0.05683393649585344,-0.018419033000767526,0.024839743589743613,-0.005443234836702837,-0.0316846986089645,-0.04642313546423138,-0.07663964627855557,-0.020517395182872433,-0.009025270758122761,-0.03003533568904604,-0.009298998569384875,0.025925925925925908,0.020633750921149607,-0.010218978102189746,0.018018018018018056,-0.0058651026392961825,0.07016025641025636,0.14142313546423135,0.10402527075812273,0.06907407407407407,0.07698198198198192,PASS,0.0,93,93,model_features_v2.0,2026-03-23T08:43:03Z
02618.HK,2025-07-02,2025,7,2,2024-12-31,annual,183,CONFIRMED,V2.5,3412.0,10,1.0,182837.584,18698.413,0.102,7087.553,117867.788,54900.868,62966.92,67740.188,39712.049,7228.23,15941.503,20790.727,-840.448,-11487.704,8100.0,4300.0,22734.265000000003,28028.139,46.57834759739446,29.036886994209272,15744.864,333.561,645.798,8568.084,8.611393596187531,0.1824356856520265,0.3532085613207403,4.686172182192038,101.446,1.1839986629449477,1.7092875492605082,1.1018196155902014,2.8062633372875427,2.410233584742301,4.43016136113459,2.3518140559109555,11.37114511423428,2.75975151804675,55061.616,127775.968,87355.44,32300.0,95482.144,69.88495756977406,30.11504243022594,47.77761666332236,17.665952094400897,1600,80703.0,400156.0,8.015900634419253,-4.8070358237999065,13.0,-0.010654490106544956,0.05691056910569103,0.0726072607260726,0.04245439244483425,0.026181593221415857,0.006195092446581674,0.0018339691286000104,0.030150783689860017,-0.006356994957400053,-0.005445492227196924,0.015342548111664023,0.005369782905210174,-0.004057988333353246,0.02406612674407227,0.05507659997709102,0.06235606133288796,0.06096855743904428,0.04245647703621258,0.057264712614408575,0.04854113398200033,0.0007818608287724071,0.011058451816745807,-0.004665629860031051,0.005586592178770999,-0.03076923076923077,-0.07759882869692525,-0.0036429872495445936,-0.029281277728482658,-0.039508340649692664,0.017328519855595692,0.02472727272727271,0.03755522827687763,0.0471976401179941,0.04565537555228261,0.030478955007256836,0.04585211728894523,0.0876797998749218,0.08619184683417369,0.032183296378418325,0.011255193553408427,PASS,0.0,93,93,model_features_v2.0,2026-03-23T08:43:03Z
02618.HK,2025-07-03,2025,7,3,2024-12-31,annual,184,CONFIRMED,V2.5,3412.0,10,1.0,182837.584,18698.413,0.102,7087.553,117867.788,54900.868,62966.92,67740.188,39712.049,7228.23,15941.503,20790.727,-840.448,-11487.704,8100.0,4300.0,22734.265000000003,28028.139,46.57834759739446,29.036886994209272,15744.864,333.561,645.798,8568.084,8.611393596187531,0.1824356856520265,0.3532085613207403,4.686172182192038,101.446,1.1839986629449477,1.7092875492605082,1.1018196155902014,2.8062633372875427,2.410233584742301,4.43016136113459,2.3518140559109555,11.37114511423428,2.75975151804675,55061.616,127775.968,87355.44,32300.0,95482.144,69.88495756977406,30.11504243022594,47.77761666332236,17.665952094400897,1600,80703.0,400156.0,8.015900634419253,-4.8070358237999065,13.14,0.010769230769230864,-0.0030349013657055,0.077049180327869,0.02695941160194253,0.026221353421752625,-0.00625355831885932,-0.016536688747999406,0.01758305033011287,-0.006718402158998327,-0.02338300659448933,0.002814704676356694,-0.008763419353148949,-0.023799831413727213,0.008358694107616582,0.013501787382293906,0.02034810522878383,0.020764930048021712,0.059466129997756134,0.07423447565151231,0.06869048622025242,-0.021093750000000022,-0.034668721109399225,-0.026418026418026375,-0.025396825396825418,-0.06828528072837647,-0.12722103766879878,-0.029250457038391242,-0.08051948051948055,-0.0732984293193717,0.015613910574875822,0.012022630834511938,0.07271364317841078,0.026760563380281654,0.06113537117903922,0.05959302325581395,0.031633819743693725,0.06525037936267097,0.07748457915377505,-0.015057532200217438,-0.06417027254474472,PASS,0.0,93,93,model_features_v2.0,2026-03-23T08:43:03Z
02618.HK,2025-07-04,2025,7,4,2024-12-31,annual,185,CONFIRMED,V2.5,3412.0,10,1.0,182837.584,18698.413,0.102,7087.553,117867.788,54900.868,62966.92,67740.188,39712.049,7228.23,15941.503,20790.727,-840.448,-11487.704,8100.0,4300.0,22734.265000000003,28028.139,46.57834759739446,29.036886994209272,15744.864,333.561,645.798,8568.084,8.611393596187531,0.1824356856520265,0.3532085613207403,4.686172182192038,101.446,1.1839986629449477,1.7092875492605082,1.1018196155902014,2.8062633372875427,2.410233584742301,4.43016136113459,2.3518140559109555,11.37114511423428,2.75975151804675,55061.616,127775.968,87355.44,32300.0,95482.144,69.88495756977406,30.11504243022594,47.77761666332236,17.665952094400897,1600,80703.0,400156.0,8.015900634419253,-4.8070358237999065,12.98,-0.0121765601217656,0.025276461295418606,0.06219312602291316,0.018488538360860098,0.02646877090006643,-0.006393036293401488,-0.016827678064903373,0.00038022384267022424,-0.003334154930250244,-0.024115274379064355,-0.01949262776411853,-0.0045292441748269185,-0.0220995345376358,-0.008688921063414567,0.04210413936032198,0.04939173567448296,0.04737599583305441,0.061812902180242935,0.08168575378703169,0.07088204708632773,-0.00877893056664003,-0.04534973097617212,-0.04900459418070435,-0.016286644951140072,-0.0707692307692308,-0.16343490304709152,-0.010357815442561313,-0.06327985739750452,-0.11158072696534238,-0.018169112508735097,0.006446991404011504,0.05322338830584705,0.054869684499314175,0.14605067064083466,0.13589364844904006,0.07062619227159073,0.09604569206464941,0.08855631869292313,0.018829469891407102,-0.12077420934541605,PASS,0.0,93,93,model_features_v2.0,2026-03-23T08:43:03Z
02618.HK,2025-07-07,2025,7,0,2024-12-31,annual,188,CONFIRMED,V2.5,3412.0,10,1.0,182837.584,18698.413,0.102,7087.553,117867.788,54900.868,62966.92,67740.188,39712.049,7228.23,15941.503,20790.727,-840.448,-11487.704,8100.0,4300.0,22734.265000000003,28028.139,46.57834759739446,29.036886994209272,15744.864,333.561,645.798,8568.084,8.611393596187531,0.1824356856520265,0.3532085613207403,4.686172182192038,101.446,1.1839986629449477,1.7092875492605082,1.1018196155902014,2.8062633372875427,2.410233584742301,4.43016136113459,2.3518140559109555,11.37114511423428,2.75975151804675,55061.616,127775.968,87355.44,32300.0,95482.144,69.88495756977406,30.11504243022594,47.77761666332236,17.665952094400897,1600,80703.0,400156.0,8.015900634419253,-4.8070358237999065,12.84,-0.01078582434514641,-0.01834862385321101,0.05592105263157898,0.010588319396730035,0.026597575256102957,-0.0011803783733608242,-0.01632011003061662,0.004005036872902323,0.0025497195308517018,-0.02094382964861463,-0.010774573821720201,-8.473334292202761e-05,-0.017566929450652302,-0.002457772350010101,-0.002028513822594391,0.002595205795403621,-0.000781694402558708,0.05191601575867666,0.06669562645329918,0.058378824981589084,0.004830917874396157,-0.04221028396009219,-0.030303030303030276,-0.01490066225165565,-0.08037094281298307,-0.160197600564573,0.0028544243577546258,-0.059768064228367446,-0.0960548885077186,-0.009252669039146011,-0.0042918454935624295,0.037257824143070106,0.0039011703511051543,0.12700729927007304,0.12700729927007304,0.023861660106881177,0.06202231895977206,0.041419440375156436,-0.01405677835964858,-0.14535592312328405,PASS,0.0,93,93,model_features_v2.0,2026-03-23T08:43:03Z
02618.HK,2025-07-08,2025,7,1,2024-12-31,annual,189,CONFIRMED,V2.5,3412.0,10,1.0,182837.584,18698.413,0.102,7087.553,117867.788,54900.868,62966.92,67740.188,39712.049,7228.23,15941.503,20790.727,-840.448,-11487.704,8100.0,4300.0,22734.265000000003,28028.139,46.57834759739446,29.036886994209272,15744.864,333.561,645.798,8568.084,8.611393596187531,0.1824356856520265,0.3532085613207403,4.686172182192038,101.446,1.1839986629449477,1.7092875492605082,1.1018196155902014,2.8062633372875427,2.410233584742301,4.43016136113459,2.3518140559109555,11.37114511423428,2.75975151804675,55061.616,127775.968,87355.44,32300.0,95482.144,69.88495756977406,30.11504243022594,47.77761666332236,17.665952094400897,1600,80703.0,400156.0,8.015900634419253,-4.8070358237999065,12.98,0.010903426791277315,-0.0121765601217656,0.04846526655896599,0.012087689665285246,0.026431745752087017,0.01089425033584046,0.003148434631036201,-0.0013795710179257403,0.018431760989452206,0.004361830120577448,-0.01974516079753663,0.0116303248556886,0.003498421608585156,-0.008139939558571396,-0.015324994752801802,-0.01653839024234305,-0.015674981730350757,0.04984483757689173,0.06821042735650262,0.05660520611753739,0.023237179487179516,-0.0015637216575449253,-0.04701492537313434,0.026890756302521135,-0.024740622505985632,-0.17654986522911054,0.015180265654648917,-0.025500910746812377,-0.1031014249790444,0.005747126436781658,0.010830324909747224,0.0014306151645206988,0.03756476683937815,0.18141592920353977,0.16934306569343072,-0.010612838464220675,0.012564062384220032,0.013324350625046777,-0.023006885031512825,-0.19359248932530537,PASS,0.0,93,93,model_features_v2.0,2026-03-23T08:43:03Z
02618.HK,2025-07-09,2025,7,2,2024-12-31,annual,190,CONFIRMED,V2.5,3412.0,10,1.0,182837.584,18698.413,0.102,7087.553,117867.788,54900.868,62966.92,67740.188,39712.049,7228.23,15941.503,20790.727,-840.448,-11487.704,8100.0,4300.0,22734.265000000003,28028.139,46.57834759739446,29.036886994209272,15744.864,333.561,645.798,8568.084,8.611393596187531,0.1824356856520265,0.3532085613207403,4.686172182192038,101.446,1.1839986629449477,1.7092875492605082,1.1018196155902014,2.8062633372875427,2.410233584742301,4.43016136113459,2.3518140559109555,11.37114511423428,2.75975151804675,55061.616,127775.968,87355.44,32300.0,95482.144,69.88495756977406,30.11504243022594,47.77761666332236,17.665952094400897,1600,80703.0,400156.0,8.015900634419253,-4.8070358237999065,12.78,-0.015408320493066285,-0.01692307692307693,0.030645161290322465,0.013049090517954214,0.02674070670403751,-0.010590908507387975,-0.013586739995731012,-0.01119693149034029,-0.017641923037204688,-0.007044832998362116,-0.02970963560260298,-0.01279078790553767,-0.014628345730128944,-0.019400459601524922,-0.0033363369273459176,-0.009878243924714813,-0.0022947311929479852,0.041842092780662754,0.060354796892925444,0.05004562089184739,-0.018794048551292186,-0.021093750000000022,-0.05003790750568615,-0.02454991816693941,-0.053968253968254,-0.1745152354570637,-0.0383177570093457,-0.059414990859232186,-0.13383838383838376,-0.010000000000000009,-0.016323633782824754,-0.007874015748031482,0.0474406991260925,0.18169014084507062,0.23382352941176476,0.004170673076923093,0.03704517704517707,0.04249191393615526,-0.000599443140252176,-0.19861321776814755,PASS,0.0,93,93,model_features_v2.0,2026-03-23T08:43:03Z
02618.HK,2025-07-10,2025,7,3,2024-12-31,annual,191,CONFIRMED,V2.5,3412.0,10,1.0,182837.584,18698.413,0.102,7087.553,117867.788,54900.868,62966.92,67740.188,39712.049,7228.23,15941.503,20790.727,-840.448,-11487.704,8100.0,4300.0,22734.265000000003,28028.139,46.57834759739446,29.036886994209272,15744.864,333.561,645.798,8568.084,8.611393596187531,0.1824356856520265,0.3532085613207403,4.686172182192038,101.446,1.1839986629449477,1.7092875492605082,1.1018196155902014,2.8062633372875427,2.410233584742301,4.43016136113459,2.3518140559109555,11.37114511423428,2.75975151804675,55061.616,127775.968,87355.44,32300.0,95482.144,69.88495756977406,30.11504243022594,47.77761666332236,17.665952094400897,1600,80703.0,400156.0,8.015900634419253,-4.8070358237999065,13.16,0.029733959311424085,0.0015220700152207556,0.05279999999999996,0.01939061916923979,0.027435905313234497,0.0056942984189061185,-0.0017270504205660897,-0.013894645778255277,-0.0029415193836378473,-0.0032691914530991184,-0.04303639565600226,0.00825730007846781,0.0022916658903571197,-0.022272299038045618,0.0032491204357868453,0.004791261468319874,-0.0007695958751363641,0.06669464577825523,0.09583639565600222,0.07507229903804558,-0.013567438148443745,-0.013567438148443745,-0.07692307692307698,-0.005033557046979942,-0.03420195439739415,-0.1752433936022254,0.002915451895043608,-0.02824858757062143,-0.1283783783783784,0.07359307359307365,0.03983228511530412,0.06743185078909608,0.07628128724672223,0.23868312757201626,0.3298969072164948,0.0150895081636645,0.03572402441261491,0.029770657585842186,-0.03831021510008337,-0.2371610575567955,PASS,0.0,93,93,model_features_v2.0,2026-03-23T08:43:03Z
02618.HK,2025-07-11,2025,7,4,2024-12-31,annual,192,CONFIRMED,V2.5,3412.0,10,1.0,182837.584,18698.413,0.102,7087.553,117867.788,54900.868,62966.92,67740.188,39712.049,7228.23,15941.503,20790.727,-840.448,-11487.704,8100.0,4300.0,22734.265000000003,28028.139,46.57834759739446,29.036886994209272,15744.864,333.561,645.798,8568.084,8.611393596187531,0.1824356856520265,0.3532085613207403,4.686172182192038,101.446,1.1839986629449477,1.7092875492605082,1.1018196155902014,2.8062633372875427,2.410233584742301,4.43016136113459,2.3518140559109555,11.37114511423428,2.75975151804675,55061.616,127775.968,87355.44,32300.0,95482.144,69.88495756977406,30.11504243022594,47.77761666332236,17.665952094400897,1600,80703.0,400156.0,8.015900634419253,-4.8070358237999065,13.18,0.001519756838905817,0.015408320493066174,0.0476947535771064,0.018083760660514904,0.027425110741142407,0.004627862813832095,0.009345602912854245,0.004334859694333781,0.006111260207797953,0.006176839344664398,-0.015540212292242339,0.0022264912692204764,0.009093691256653269,-0.004856882599086565,0.006062717580211929,0.009231481148401777,0.006314629236412905,0.043359893882772615,0.06323496586934874,0.05255163617619296,-0.0024271844660194164,-0.007246376811594235,-0.06164383561643838,0.01180438448566612,-0.0066225165562913135,-0.14893617021276595,0.018410852713178105,0.0,-0.08289703315881325,-0.008064516129032362,0.05053380782918149,0.06263498920086374,-0.008859357696566983,0.1638491547464238,0.3278931750741838,0.02265469730466041,0.022030837049357488,0.015408320493066174,-0.03512548733611531,-0.14844083425335763,PASS,0.0,93,93,model_features_v2.0,2026-03-23T08:43:03Z
02618.HK,2025-07-14,2025,7,0,2024-12-31,annual,195,CONFIRMED,V2.5,3412.0,10,1.0,182837.584,18698.413,0.102,7087.553,117867.788,54900.868,62966.92,67740.188,39712.049,7228.23,15941.503,20790.727,-840.448,-11487.704,8100.0,4300.0,22734.265000000003,28028.139,46.57834759739446,29.036886994209272,15744.864,333.561,645.798,8568.084,8.611393596187531,0.1824356856520265,0.3532085613207403,4.686172182192038,101.446,1.1839986629449477,1.7092875492605082,1.1018196155902014,2.8062633372875427,2.410233584742301,4.43016136113459,2.3518140559109555,11.37114511423428,2.75975151804675,55061.616,127775.968,87355.44,32300.0,95482.144,69.88495756977406,30.11504243022594,47.77761666332236,17.665952094400897,1600,80703.0,400156.0,8.015900634419253,-4.8070358237999065,13.4,0.01669195751138086,0.04361370716510904,0.09298531810766719,0.01691094487491061,0.026761307432334236,0.0026408921119969175,0.013207143553851441,0.013006559364086456,0.006672408011462405,0.010314443280122987,0.008357332753148539,0.005200616317716289,0.014427556211497272,0.0089436399942322,0.030406563611257598,0.03329926388498605,0.029186150953611767,0.07997875874358074,0.08462798535451865,0.08404167811343499,-0.007299270072992581,-0.019230769230769162,-0.057010785824345156,0.007500000000000062,0.015966386554621792,-0.12518089725036163,0.009514747859181716,0.006641366223908873,-0.05267857142857146,-0.01964769647696485,0.03951149425287359,0.04401154401154406,0.013407821229050487,0.1748704663212437,0.35982008995502257,0.0628444763958782,0.027647320610487247,0.036972340941200166,0.004102212912235448,-0.13125675915613466,PASS,0.0,93,93,model_features_v2.0,2026-03-23T08:43:03Z
02618.HK,2025-07-15,2025,7,1,2024-12-31,annual,196,CONFIRMED,V2.5,3412.0,10,1.0,182837.584,18698.413,0.102,7087.553,117867.788,54900.868,62966.92,67740.188,39712.049,7228.23,15941.503,20790.727,-840.448,-11487.704,8100.0,4300.0,22734.265000000003,28028.139,46.57834759739446,29.036886994209272,15744.864,333.561,645.798,8568.084,8.611393596187531,0.1824356856520265,0.3532085613207403,4.686172182192038,101.446,1.1839986629449477,1.7092875492605082,1.1018196155902014,2.8062633372875427,2.410233584742301,4.43016136113459,2.3518140559109555,11.37114511423428,2.75975151804675,55061.616,127775.968,87355.44,32300.0,95482.144,69.88495756977406,30.11504243022594,47.77761666332236,17.665952094400897,1600,80703.0,400156.0,8.015900634419253,-4.8070358237999065,13.36,-0.0029850746268657025,0.02927580893682591,0.07395498392282951,0.017583365862992282,0.026709188651941575,0.015981278601447935,0.018305810774939646,0.021991198200905115,0.02797198826535441,0.019778631042349337,0.024789100192267544,0.016530822070230933,0.01934160365692028,0.016851035459438002,0.010969998161886263,0.009497177894476572,0.009934205279905628,0.051963785721924394,0.049165883730561966,0.05710394846339151,0.0212418300653594,-0.02114330462020364,-0.04507257448433921,0.04383788254756005,0.032733224222585955,-0.09077809798270897,0.06974552309142323,0.06074766355140193,0.005314437555358653,0.0027643400138217533,0.03642857142857148,0.04014336917562722,0.027563395810363822,0.16354556803995024,0.37058823529411766,0.05041911355702955,-0.003457415285760046,-0.03147185461457602,-0.007152762491745568,-0.13426975910312433,PASS,0.0,93,93,model_features_v2.0,2026-03-23T08:43:03Z
02618.HK,2025-07-16,2025,7,2,2024-12-31,annual,197,CONFIRMED,V2.5,3412.0,10,1.0,182837.584,18698.413,0.102,7087.553,117867.788,54900.868,62966.92,67740.188,39712.049,7228.23,15941.503,20790.727,-840.448,-11487.704,8100.0,4300.0,22734.265000000003,28028.139,46.57834759739446,29.036886994209272,15744.864,333.561,645.798,8568.084,8.611393596187531,0.1824356856520265,0.3532085613207403,4.686172182192038,101.446,1.1839986629449477,1.7092875492605082,1.1018196155902014,2.8062633372875427,2.410233584742301,4.43016136113459,2.3518140559109555,11.37114511423428,2.75975151804675,55061.616,127775.968,87355.44,32300.0,95482.144,69.88495756977406,30.11504243022594,47.77761666332236,17.665952094400897,1600,80703.0,400156.0,8.015900634419253,-4.8070358237999065,13.36,0.0,0.04538341158059467,0.08794788273615639,0.013871364570204289,0.026437619478455993,-0.0029426452575261886,0.0261774494900453,0.022412563645992645,-0.00237328516798041,0.03562889072800224,0.023914132108808772,-0.0017697177714338652,0.030721395464857304,0.01917493453581809,0.019205962090549367,0.00975452085259243,0.014662016115737364,0.06553531909016375,0.06403375062734762,0.0687729482003383,-0.0023999999999999577,-0.004788507581803603,-0.0517110266159696,-0.016640253565768703,0.041107382550335414,-0.10137581462708178,0.002643171806167466,0.10592808551992206,-0.008710801393728262,-0.017918676774638098,0.02813852813852824,0.032608695652173836,-0.0032188841201717944,0.10727056019070313,0.36017569546120054,0.05017191916239827,0.004276029030259254,-0.06054467393932739,0.017244883442066428,-0.06188714861010847,PASS,0.0,93,93,model_features_v2.0,2026-03-23T08:43:03Z
02618.HK,2025-07-17,2025,7,3,2024-12-31,annual,198,CONFIRMED,V2.5,3412.0,10,1.0,182837.584,18698.413,0.102,7087.553,117867.788,54900.868,62966.92,67740.188,39712.049,7228.23,15941.503,20790.727,-840.448,-11487.704,8100.0,4300.0,22734.265000000003,28028.139,46.57834759739446,29.036886994209272,15744.864,333.561,645.798,8568.084,8.611393596187531,0.1824356856520265,0.3532085613207403,4.686172182192038,101.446,1.1839986629449477,1.7092875492605082,1.1018196155902014,2.8062633372875427,2.410233584742301,4.43016136113459,2.3518140559109555,11.37114511423428,2.75975151804675,55061.616,127775.968,87355.44,32300.0,95482.144,69.88495756977406,30.11504243022594,47.77761666332236,17.665952094400897,1600,80703.0,400156.0,8.015900634419253,-4.8070358237999065,13.54,0.013473053892215647,0.028875379939209633,0.13210702341137104,0.008755433675657362,0.025489420648717523,-0.0007671989610795737,0.019584349666665002,0.03324492032918491,0.005619740144692242,0.04452133573591999,0.04496002424051815,-0.0009355235907002601,0.02132375456524782,0.030126069675292744,0.009291030272544631,-0.015645955796710354,0.007551625373961812,0.09886210308218613,0.08714699917085289,0.1019809537360783,-0.001603849238171584,0.00728155339805836,-0.03786707882534779,0.011281224818694646,0.05817875210792578,-0.05851462865716439,-0.011423550087873435,0.09011627906976738,0.002673796791443861,0.002105263157894832,-0.040322580645161255,0.05777777777777793,0.011840688912809538,0.04097452934662238,0.3864306784660767,0.021593826541151273,-0.029303372168716146,-0.06124089913055775,0.06919796058437089,-0.012099149407412746,PASS,0.0,93,93,model_features_v2.0,2026-03-23T08:43:03Z
02618.HK,2025-07-18,2025,7,4,2024-12-31,annual,199,CONFIRMED,V2.5,3412.0,10,1.0,182837.584,18698.413,0.102,7087.553,117867.788,54900.868,62966.92,67740.188,39712.049,7228.23,15941.503,20790.727,-840.448,-11487.704,8100.0,4300.0,22734.265000000003,28028.139,46.57834759739446,29.036886994209272,15744.864,333.561,645.798,8568.084,8.611393596187531,0.1824356856520265,0.3532085613207403,4.686172182192038,101.446,1.1839986629449477,1.7092875492605082,1.1018196155902014,2.8062633372875427,2.410233584742301,4.43016136113459,2.3518140559109555,11.37114511423428,2.75975151804675,55061.616,127775.968,87355.44,32300.0,95482.144,69.88495756977406,30.11504243022594,47.77761666332236,17.665952094400897,1600,80703.0,400156.0,8.015900634419253,-4.8070358237999065,13.88,0.02511078286558366,0.05311077389984842,0.20277296360485275,0.011755241822826142,0.023813040483232278,0.01333567356968346,0.02842179873129469,0.06833366755975412,0.01651357625921057,0.055320778587324426,0.08853806364379602,0.01506479347033074,0.03440668853327322,0.06842627191171102,0.02468897516855373,-0.002210004687476008,0.018704085366575196,0.13443929604509863,0.11423489996105674,0.13434669169314173,0.029718875502007913,0.03974047039740469,0.028067361668003166,0.014342629482071656,0.060833333333333295,-0.0077942322681217036,0.02933333333333321,0.10180780209324447,0.052727272727272734,0.06512605042016784,0.030487804878048808,0.1444695259593678,0.03191489361702127,0.08379888268156432,0.4786585365853657,0.013370303502443726,-0.007722559433484877,-0.04869702819339605,0.02262296902179961,-0.030688108781715906,PASS,0.0,93,93,model_features_v2.0,2026-03-23T08:43:03Z
02618.HK,2025-07-21,2025,7,0,2024-12-31,annual,202,CONFIRMED,V2.5,3412.0,10,1.0,182837.584,18698.413,0.102,7087.553,117867.788,54900.868,62966.92,67740.188,39712.049,7228.23,15941.503,20790.727,-840.448,-11487.704,8100.0,4300.0,22734.265000000003,28028.139,46.57834759739446,29.036886994209272,15744.864,333.561,645.798,8568.084,8.611393596187531,0.1824356856520265,0.3532085613207403,4.686172182192038,101.446,1.1839986629449477,1.7092875492605082,1.1018196155902014,2.8062633372875427,2.410233584742301,4.43016136113459,2.3518140559109555,11.37114511423428,2.75975151804675,55061.616,127775.968,87355.44,32300.0,95482.144,69.88495756977406,30.11504243022594,47.77761666332236,17.665952094400897,1600,80703.0,400156.0,8.015900634419253,-4.8070358237999065,14.02,0.010086455331411948,0.04626865671641789,0.17224080267558506,0.011239373092717117,0.02296291058602983,0.0067865265213493675,0.03267402984383949,0.06220272599623966,0.00842596721690314,0.057159080155200215,0.08812539693053378,0.005979040756258547,0.03520773006933542,0.06017657460385806,0.013594626872578397,-0.010890423438782326,0.01106092664708247,0.1100380766793454,0.08411540574505127,0.112064228071727,0.021060842433697546,0.06944444444444442,0.04219745222929938,0.027494108405341722,0.08188585607940446,0.017107309486780853,0.0181347150259068,0.11121583411875591,0.05550581915846009,-0.023011176857330673,0.026952315134761706,0.1007407407407408,0.012371134020618735,0.08269018743109147,0.48562783661119524,-0.02317578772802653,-0.035617199362986574,-0.06494717740233802,0.019316341581656182,-0.03642153071467358,PASS,0.0,93,93,model_features_v2.0,2026-03-23T08:43:03Z
02618.HK,2025-07-22,2025,7,1,2024-12-31,annual,203,CONFIRMED,V2.5,3412.0,10,1.0,182837.584,18698.413,0.102,7087.553,117867.788,54900.868,62966.92,67740.188,39712.049,7228.23,15941.503,20790.727,-840.448,-11487.704,8100.0,4300.0,22734.265000000003,28028.139,46.57834759739446,29.036886994209272,15744.864,333.561,645.798,8568.084,8.611393596187531,0.1824356856520265,0.3532085613207403,4.686172182192038,101.446,1.1839986629449477,1.7092875492605082,1.1018196155902014,2.8062633372875427,2.410233584742301,4.43016136113459,2.3518140559109555,11.37114511423428,2.75975151804675,55061.616,127775.968,87355.44,32300.0,95482.144,69.88495756977406,30.11504243022594,47.77761666332236,17.665952094400897,1600,80703.0,400156.0,8.015900634419253,-4.8070358237999065,13.78,-0.01711840228245365,0.03143712574850288,0.1483333333333332,0.015872511813556305,0.023637719278767448,0.005436874403360159,0.02195637922873095,0.060825365895665895,0.0038188165786410266,0.03232013020847724,0.08093680174127282,0.00391577767059359,0.02236090713574579,0.055626289728053946,0.009480746519771932,-0.000883004459974357,0.009076218612757092,0.08750796743766731,0.06739653159206038,0.09270704360527926,-0.0030557677616501744,0.04400000000000004,0.04567307692307687,-0.013761467889908396,0.022187004754358197,-0.0182648401826484,0.0008481764206953457,0.0396475770925111,0.06498194945848379,0.024226110363391617,0.048931771192281204,0.1274074074074074,-0.013238289205702691,0.03969957081545061,0.45495495495495475,-0.012562874251497158,0.009250120994144684,-0.008210451344008218,-0.017494645443778323,-0.008262445066947732,PASS,0.0,93,93,model_features_v2.0,2026-03-23T08:43:03Z
02618.HK,2025-07-23,2025,7,2,2024-12-31,annual,204,CONFIRMED,V2.5,3412.0,10,1.0,182837.584,18698.413,0.102,7087.553,117867.788,54900.868,62966.92,67740.188,39712.049,7228.23,15941.503,20790.727,-840.448,-11487.704,8100.0,4300.0,22734.265000000003,28028.139,46.57834759739446,29.036886994209272,15744.864,333.561,645.798,8568.084,8.611393596187531,0.1824356856520265,0.3532085613207403,4.686172182192038,101.446,1.1839986629449477,1.7092875492605082,1.1018196155902014,2.8062633372875427,2.410233584742301,4.43016136113459,2.3518140559109555,11.37114511423428,2.75975151804675,55061.616,127775.968,87355.44,32300.0,95482.144,69.88495756977406,30.11504243022594,47.77761666332236,17.665952094400897,1600,80703.0,400156.0,8.015900634419253,-4.8070358237999065,13.92,0.010159651669085612,0.041916167664670656,0.13170731707317063,0.01550885923222956,0.023279787255055907,0.016237147349207337,0.04161513939283212,0.056293008209845175,0.02477514031993122,0.060412667946257326,0.0845193244192104,0.01824679283630326,0.04286128496132324,0.054877316722516944,0.00030102827183853265,-0.01849650028158667,-0.0009451172966525867,0.07541430886332545,0.04718799265396023,0.07683000035065368,0.02758620689655178,0.07538091419406578,0.05924170616113744,0.032558139534883734,0.07332796132151476,0.024615384615384484,0.02457627118644079,0.062390158172232146,0.07275953859804796,-0.0013140604467805073,0.06666666666666665,0.10545454545454547,-0.0010319917440659854,0.041980624327233595,0.42562592047128134,-0.03346474652939513,-0.0314117936568441,-0.02047399050756149,-0.024750499001995996,-6.445666256293947e-05,PASS,0.0,93,93,model_features_v2.0,2026-03-23T08:43:03Z
02618.HK,2025-07-24,2025,7,3,2024-12-31,annual,205,CONFIRMED,V2.5,3412.0,10,1.0,182837.584,18698.413,0.102,7087.553,117867.788,54900.868,62966.92,67740.188,39712.049,7228.23,15941.503,20790.727,-840.448,-11487.704,8100.0,4300.0,22734.265000000003,28028.139,46.57834759739446,29.036886994209272,15744.864,333.561,645.798,8568.084,8.611393596187531,0.1824356856520265,0.3532085613207403,4.686172182192038,101.446,1.1839986629449477,1.7092875492605082,1.1018196155902014,2.8062633372875427,2.410233584742301,4.43016136113459,2.3518140559109555,11.37114511423428,2.75975151804675,55061.616,127775.968,87355.44,32300.0,95482.144,69.88495756977406,30.11504243022594,47.77761666332236,17.665952094400897,1600,80703.0,400156.0,8.015900634419253,-4.8070358237999065,14.0,0.005747126436781658,0.033973412112260126,0.06221547799696503,0.015252633266321643,0.017539228738741593,0.005055589557080964,0.04768490078146215,0.048724252461830986,-0.0004768750413349787,0.053983868155665915,0.07165116010016748,0.0017768170289536034,0.04569252868047857,0.04496185093485794,-0.013711488669202021,-0.02001045604340579,-0.011719116568218446,0.013491225535134044,-0.009435682103202447,0.01725362706210709,-0.005965697240864931,0.07068273092369481,0.026964560862865916,0.009009009009009139,0.07091633466135461,0.019726858877086473,-0.00496277915632759,0.06933333333333325,0.04155844155844157,0.04078947368421049,0.1078431372549018,0.1188118811881187,0.016528925619834656,0.04680851063829783,0.43231441048034935,-0.03670931881143469,-0.03694292254909448,-0.03535992122107312,-0.07386972514264167,-0.012835098526037703,PASS,0.0,93,93,model_features_v2.0,2026-03-23T08:43:03Z
02618.HK,2025-07-25,2025,7,4,2024-12-31,annual,206,CONFIRMED,V2.5,3412.0,10,1.0,182837.584,18698.413,0.102,7087.553,117867.788,54900.868,62966.92,67740.188,39712.049,7228.23,15941.503,20790.727,-840.448,-11487.704,8100.0,4300.0,22734.265000000003,28028.139,46.57834759739446,29.036886994209272,15744.864,333.561,645.798,8568.084,8.611393596187531,0.1824356856520265,0.3532085613207403,4.686172182192038,101.446,1.1839986629449477,1.7092875492605082,1.1018196155902014,2.8062633372875427,2.410233584742301,4.43016136113459,2.3518140559109555,11.37114511423428,2.75975151804675,55061.616,127775.968,87355.44,32300.0,95482.144,69.88495756977406,30.11504243022594,47.77761666332236,17.665952094400897,1600,80703.0,400156.0,8.015900634419253,-4.8070358237999065,14.28,0.020000000000000018,0.02881844380403442,0.12796208530805675,0.013822744728616925,0.014751881649090278,-0.010863289227722062,0.022665661255330205,0.043697123171664076,-0.01133553891694239,0.025108190718978518,0.0622507090526756,-0.011572075917611335,0.01825194017264442,0.03937606168834984,0.0061527825487042165,0.0037102530850559035,0.01056650363139,0.08426496213639267,0.06571137625538115,0.08858602361970691,-0.021005251312828266,0.017940717628705194,0.003074558032282848,-0.03199404761904767,0.021995286724273422,0.0007692307692306333,-0.019118869492934287,0.01899827288428324,0.051693404634581164,0.015170670037926604,0.05588428665351741,0.15042979942693413,0.03252032520325199,0.04742268041237119,0.5141579731743666,0.010877726175329228,0.006823157079761,0.009820170919751181,-0.02706584284948299,-0.018604236608336766,PASS,0.0,93,93,model_features_v2.0,2026-03-23T08:43:03Z
02618.HK,2025-07-28,2025,7,0,2024-12-31,annual,209,CONFIRMED,V2.5,3412.0,10,1.0,182837.584,18698.413,0.102,7087.553,117867.788,54900.868,62966.92,67740.188,39712.049,7228.23,15941.503,20790.727,-840.448,-11487.704,8100.0,4300.0,22734.265000000003,28028.139,46.57834759739446,29.036886994209272,15744.864,333.561,645.798,8568.084,8.611393596187531,0.1824356856520265,0.3532085613207403,4.686172182192038,101.446,1.1839986629449477,1.7092875492605082,1.1018196155902014,2.8062633372875427,2.410233584742301,4.43016136113459,2.3518140559109555,11.37114511423428,2.75975151804675,55061.616,127775.968,87355.44,32300.0,95482.144,69.88495756977406,30.11504243022594,47.77761666332236,17.665952094400897,1600,80703.0,400156.0,8.015900634419253,-4.8070358237999065,14.2,-0.0056022408963585235,0.012838801711840153,0.08562691131498457,0.014369220170379194,0.013507581299365159,0.006844871762048399,0.022724926722824,0.05262609562204146,-0.002444565772556584,0.014057828305433784,0.0603939394506714,0.0029135221793743504,0.015149022405887669,0.04732463300905221,-0.009886125010983848,-0.0012190265935936306,-0.0023102206940475156,0.03300081569294311,0.02523297186431317,0.03830227830593236,0.005363984674329414,0.0022918258212374365,0.006907137375287586,-0.005380476556494873,-0.010703363914373099,0.0,0.02203389830508473,0.022900763358778553,0.07582515611061558,-0.014943960149439661,0.06460296096904439,0.1316165951359083,0.025590551181102317,0.06109979633401208,0.5211678832116788,0.010546975890602717,0.02354216562621325,-0.0100619616469384,-0.051764159257204234,-0.04826099462217193,PASS,0.0,93,93,model_features_v2.0,2026-03-23T08:43:03Z
02618.HK,2025-07-29,2025,7,1,2024-12-31,annual,210,CONFIRMED,V2.5,3412.0,10,1.0,182837.584,18698.413,0.102,7087.553,117867.788,54900.868,62966.92,67740.188,39712.049,7228.23,15941.503,20790.727,-840.448,-11487.704,8100.0,4300.0,22734.265000000003,28028.139,46.57834759739446,29.036886994209272,15744.864,333.561,645.798,8568.084,8.611393596187531,0.1824356856520265,0.3532085613207403,4.686172182192038,101.446,1.1839986629449477,1.7092875492605082,1.1018196155902014,2.8062633372875427,2.410233584742301,4.43016136113459,2.3518140559109555,11.37114511423428,2.75975151804675,55061.616,127775.968,87355.44,32300.0,95482.144,69.88495756977406,30.11504243022594,47.77761666332236,17.665952094400897,1600,80703.0,400156.0,8.015900634419253,-4.8070358237999065,14.5,0.021126760563380254,0.052249637155297624,0.1035007610350076,0.011010647360169112,0.014028621660281558,-0.001474055565792054,0.01569516630103518,0.06032540332698022,-0.0034675018802899915,0.006697188964174039,0.06441101149954176,-0.003403068209703042,0.00774828281619655,0.05388383988934331,0.036554470854262444,0.045552448191123585,0.044501354339101074,0.043175357708027384,0.039089749535465845,0.049616921145664294,-0.0060975609756096505,-0.0007662835249041544,0.019546520719311955,-0.0061823802163833985,-0.0031007751937984773,0.026336791699920203,0.0008291873963517382,0.022881355932203418,0.09927140255009115,-0.013906447534765998,0.024967148488830526,0.12635379061371843,0.04798464491362764,0.12693498452012397,0.6106194690265485,0.05301592068020178,0.0553504123490961,0.029368281223094206,0.027282488666467097,-0.07468534736482635,PASS,0.0,93,93,model_features_v2.0,2026-03-23T08:43:03Z
02618.HK,2025-07-30,2025,7,2,2024-12-31,annual,211,CONFIRMED,V2.5,3412.0,10,1.0,182837.584,18698.413,0.102,7087.553,117867.788,54900.868,62966.92,67740.188,39712.049,7228.23,15941.503,20790.727,-840.448,-11487.704,8100.0,4300.0,22734.265000000003,28028.139,46.57834759739446,29.036886994209272,15744.864,333.561,645.798,8568.084,8.611393596187531,0.1824356856520265,0.3532085613207403,4.686172182192038,101.446,1.1839986629449477,1.7092875492605082,1.1018196155902014,2.8062633372875427,2.410233584742301,4.43016136113459,2.3518140559109555,11.37114511423428,2.75975151804675,55061.616,127775.968,87355.44,32300.0,95482.144,69.88495756977406,30.11504243022594,47.77761666332236,17.665952094400897,1600,80703.0,400156.0,8.015900634419253,-4.8070358237999065,14.1,-0.02758620689655178,0.012931034482758674,0.08461538461538454,0.020213208175125525,0.015462530333614324,-0.013615180738468458,-0.01414124090034996,0.039449396215992305,-0.027216452471307773,-0.044377225561894496,0.042065927642429335,-0.011770318518482092,-0.021959340753751277,0.035916643926585,0.027072275383108635,0.05730826004465317,0.03489037523650995,0.04516598839939223,0.0425494569729552,0.048698740688799536,-0.026840490797546024,-0.05369127516778516,-0.008593749999999956,-0.009331259720062102,-0.043543543543543395,0.011111111111111072,-0.029826014913007515,-0.03143093465674118,0.07038391224862872,0.023076923076922995,0.050000000000000044,0.13271823988644416,-0.023809523809523836,0.10123966942148765,0.5014084507042254,0.06662230965054383,0.05647457802630207,0.04436196913949986,-0.03706896551724137,-0.08830863493872898,PASS,0.0,93,93,model_features_v2.0,2026-03-23T08:43:03Z
02618.HK,2025-07-31,2025,7,3,2024-12-31,annual,212,CONFIRMED,V2.5,3412.0,10,1.0,182837.584,18698.413,0.102,7087.553,117867.788,54900.868,62966.92,67740.188,39712.049,7228.23,15941.503,20790.727,-840.448,-11487.704,8100.0,4300.0,22734.265000000003,28028.139,46.57834759739446,29.036886994209272,15744.864,333.561,645.798,8568.084,8.611393596187531,0.1824356856520265,0.3532085613207403,4.686172182192038,101.446,1.1839986629449477,1.7092875492605082,1.1018196155902014,2.8062633372875427,2.410233584742301,4.43016136113459,2.3518140559109555,11.37114511423428,2.75975151804675,55061.616,127775.968,87355.44,32300.0,95482.144,69.88495756977406,30.11504243022594,47.77761666332236,17.665952094400897,1600,80703.0,400156.0,8.015900634419253,-4.8070358237999065,13.66,-0.031205673758865182,-0.024285714285714244,0.03957382039573809,0.025021210917811496,0.01726510055012233,-0.016030548601437822,-0.034824628182761,0.029222756683232376,-0.006851510537703276,-0.05047187880898485,0.04192628173895763,-0.017184632013958034,-0.04047151612749755,0.027115844472952455,0.010538913897046753,0.026186164523270605,0.01618580184178331,0.010351063712505715,-0.0023524613432195363,0.012457975922785636,-0.03152088258471242,-0.07801950487621911,-0.019154030327214633,-0.04552590266875989,-0.09523809523809534,-0.009771986970684043,-0.011955593509820561,-0.038237738985868575,0.08945386064030125,-0.04824561403508765,-0.03982300884955736,0.061495457721872926,-0.031894934333958735,0.04878048780487809,0.4156378600823045,0.05373379059050487,0.0709523809523811,0.01395202470015433,0.015537294563843118,-0.07306620209059234,PASS,0.0,93,93,model_features_v2.0,2026-03-23T08:43:03Z
02618.HK,2025-08-01,2025,8,4,2024-12-31,annual,213,CONFIRMED,V2.5,3412.0,10,1.0,182837.584,18698.413,0.102,7087.553,117867.788,54900.868,62966.92,67740.188,39712.049,7228.23,15941.503,20790.727,-840.448,-11487.704,8100.0,4300.0,22734.265000000003,28028.139,46.57834759739446,29.036886994209272,15744.864,333.561,645.798,8568.084,8.611393596187531,0.1824356856520265,0.3532085613207403,4.686172182192038,101.446,1.1839986629449477,1.7092875492605082,1.1018196155902014,2.8062633372875427,2.410233584742301,4.43016136113459,2.3518140559109555,11.37114511423428,2.75975151804675,55061.616,127775.968,87355.44,32300.0,95482.144,69.88495756977406,30.11504243022594,47.77761666332236,17.665952094400897,1600,80703.0,400156.0,8.015900634419253,-4.8070358237999065,13.74,0.005856515373352966,-0.037815126050420145,0.05855161787365182,0.02217488725472528,0.016949135367555348,-0.010717977760761332,-0.03468283681294759,0.02474278790068274,-0.01022163377430263,-0.049402067665862415,0.034726029760786314,-0.008840562168066612,-0.03781986578161045,0.02266747369409705,-0.003132289237472552,0.01158694161544227,4.739731190306351e-06,0.03380882997296908,0.023825588112865503,0.03588414417955477,-0.0016273393002441683,-0.05977011494252871,-0.012077294685990392,0.00493421052631593,-0.06072252113758636,0.011589403973510048,0.010371650821089151,-0.009322033898304993,0.11227402473834447,0.07439104674127694,0.016189290161892966,0.16156583629893229,0.025193798449612448,0.04133858267716528,0.3758127438231469,0.021954988892108562,0.022907395087166216,-0.02849309215211515,-0.05400441621231311,-0.07915370872758543,PASS,0.0,93,93,model_features_v2.0,2026-03-23T08:43:03Z
02618.HK,2025-08-04,2025,8,0,2024-12-31,annual,216,CONFIRMED,V2.5,3412.0,10,1.0,182837.584,18698.413,0.102,7087.553,117867.788,54900.868,62966.92,67740.188,39712.049,7228.23,15941.503,20790.727,-840.448,-11487.704,8100.0,4300.0,22734.265000000003,28028.139,46.57834759739446,29.036886994209272,15744.864,333.561,645.798,8568.084,8.611393596187531,0.1824356856520265,0.3532085613207403,4.686172182192038,101.446,1.1839986629449477,1.7092875492605082,1.1018196155902014,2.8062633372875427,2.410233584742301,4.43016136113459,2.3518140559109555,11.37114511423428,2.75975151804675,55061.616,127775.968,87355.44,32300.0,95482.144,69.88495756977406,30.11504243022594,47.77761666332236,17.665952094400897,1600,80703.0,400156.0,8.015900634419253,-4.8070358237999065,13.83,0.0065502183406114245,-0.02605633802816898,0.07710280373831768,0.023079968661859504,0.01664838884859517,0.009206860996555877,-0.032418268743645395,0.035399615620171465,0.015535257716678519,-0.032268600746466314,0.04812833202028455,0.010115436072480444,-0.03091045801807779,0.03309973914212416,0.006361930715476416,0.0062122627182973345,0.004854119989908812,0.04170318811814622,0.028974471718033135,0.04400306459619352,0.0024449877750611915,-0.06249999999999989,-0.014423076923076872,0.006546644844517058,-0.04945904173106652,0.03361344537815136,-0.005988023952095856,-0.036484245439469265,0.10246679316888052,-0.011642156862744946,0.01959544879898867,0.15876436781609216,-0.003780718336483968,0.011516314779270509,0.3652849740932642,0.03644366197183091,0.023402703702897543,0.010427907411300286,-0.04565178682715765,-0.03757265280743949,PASS,0.0,93,93,model_features_v2.0,2026-03-23T08:43:03Z
02618.HK,2025-08-05,2025,8,1,2024-12-31,annual,217,CONFIRMED,V2.5,3412.0,10,1.0,182837.584,18698.413,0.102,7087.553,117867.788,54900.868,62966.92,67740.188,39712.049,7228.23,15941.503,20790.727,-840.448,-11487.704,8100.0,4300.0,22734.265000000003,28028.139,46.57834759739446,29.036886994209272,15744.864,333.561,645.798,8568.084,8.611393596187531,0.1824356856520265,0.3532085613207403,4.686172182192038,101.446,1.1839986629449477,1.7092875492605082,1.1018196155902014,2.8062633372875427,2.410233584742301,4.43016136113459,2.3518140559109555,11.37114511423428,2.75975151804675,55061.616,127775.968,87355.44,32300.0,95482.144,69.88495756977406,30.11504243022594,47.77761666332236,17.665952094400897,1600,80703.0,400156.0,8.015900634419253,-4.8070358237999065,13.91,0.005784526391901634,-0.04068965517241374,0.071648690292758,0.019466482001693,0.01657346816236567,0.006836086352692394,-0.02436565724236961,0.031243076568852057,0.007264766248574528,-0.021846509271168935,0.03663571757151307,0.006475512478197887,-0.021304539186808635,0.0278355283017937,-0.016323997930044132,-0.018843145901244807,-0.019385115985605106,0.04040561372390594,0.03501297272124493,0.0438131619909643,0.0,-0.05674846625766872,-0.03680501174628037,-0.0008130081300812275,-0.04432348367029537,0.005728314238952592,-0.0017211703958691649,-0.03893951946975971,0.08411214953271018,-0.01673899566026049,0.016666666666666607,0.13285714285714278,-0.02371916508538896,-0.05769230769230771,0.28464419475655434,0.016058811085254976,0.0036338284978816304,-0.001750135702654032,-0.05735632183908035,0.017002652519893968,PASS,0.0,93,93,model_features_v2.0,2026-03-23T08:43:03Z
02618.HK,2025-08-06,2025,8,2,2024-12-31,annual,218,CONFIRMED,V2.5,3412.0,10,1.0,182837.584,18698.413,0.102,7087.553,117867.788,54900.868,62966.92,67740.188,39712.049,7228.23,15941.503,20790.727,-840.448,-11487.704,8100.0,4300.0,22734.265000000003,28028.139,46.57834759739446,29.036886994209272,15744.864,333.561,645.798,8568.084,8.611393596187531,0.1824356856520265,0.3532085613207403,4.686172182192038,101.446,1.1839986629449477,1.7092875492605082,1.1018196155902014,2.8062633372875427,2.410233584742301,4.43016136113459,2.3518140559109555,11.37114511423428,2.75975151804675,55061.616,127775.968,87355.44,32300.0,95482.144,69.88495756977406,30.11504243022594,47.77761666332236,17.665952094400897,1600,80703.0,400156.0,8.015900634419253,-4.8070358237999065,13.62,-0.02084831056793679,-0.03404255319148941,0.06572769953051649,0.017956713146869505,0.01694232571924717,0.00032526815548461485,-0.010577143440443249,0.042620808695011725,0.002010479852637248,0.007541761067684671,0.05737396287072416,-0.0020545727335330444,-0.011682528761166155,0.03901356762525898,-0.023465409751046162,-0.04158431425917408,-0.022360024430323255,0.023106890835504768,0.008353736659792332,0.02671413190525751,-0.003252032520325243,-0.03388494877856585,-0.02154828411811649,-0.01464605370219696,-0.0494505494505495,0.01593959731543615,0.0060344827586207295,-0.0034158838599487318,0.13411078717201153,-0.01261034047919296,-0.018796992481203034,0.1298701298701299,-0.0038872691933915515,-0.038461538461538436,0.22169249106078648,-0.0001576044129235621,0.015407996259060086,-0.03062666933154068,-0.015245560710286377,0.004418985270049025,PASS,0.0,93,93,model_features_v2.0,2026-03-23T08:43:03Z
02618.HK,2025-08-07,2025,8,3,2024-12-31,annual,219,CONFIRMED,V2.5,3412.0,10,1.0,182837.584,18698.413,0.102,7087.553,117867.788,54900.868,62966.92,67740.188,39712.049,7228.23,15941.503,20790.727,-840.448,-11487.704,8100.0,4300.0,22734.265000000003,28028.139,46.57834759739446,29.036886994209272,15744.864,333.561,645.798,8568.084,8.611393596187531,0.1824356856520265,0.3532085613207403,4.686172182192038,101.446,1.1839986629449477,1.7092875492605082,1.1018196155902014,2.8062633372875427,2.410233584742301,4.43016136113459,2.3518140559109555,11.37114511423428,2.75975151804675,55061.616,127775.968,87355.44,32300.0,95482.144,69.88495756977406,30.11504243022594,47.77761666332236,17.665952094400897,1600,80703.0,400156.0,8.015900634419253,-4.8070358237999065,14.08,0.03377386196769461,0.030746705710102518,0.06990881458966558,0.019315405071479275,0.01729419086470947,0.006864539355287302,0.012444834828422291,0.04383401787137453,0.0026318786299046604,0.017162588893738118,0.0632845148180805,0.005491160879600221,0.011120210207823389,0.03616304905491008,0.018301870881680227,0.0135841168163644,0.01962649550227913,0.02607479671829105,0.006624299771585074,0.0337457655347555,0.0171288743882545,0.014646053702196848,0.008899676375404564,0.007431874483897705,0.00328947368421062,0.02866779089376048,0.02142245072836335,0.030250648228176358,0.15503875968992253,0.04150702426564501,0.07373271889400912,0.09610215053763427,0.02146341463414636,0.014534883720930258,0.15946843853820614,0.01610065200790567,0.027457232025891898,0.0004960574819261598,-0.0429860131839066,0.01621182198917226,PASS,0.0,93,93,model_features_v2.0,2026-03-23T08:43:03Z
02618.HK,2025-08-08,2025,8,4,2024-12-31,annual,220,CONFIRMED,V2.5,3412.0,10,1.0,182837.584,18698.413,0.102,7087.553,117867.788,54900.868,62966.92,67740.188,39712.049,7228.23,15941.503,20790.727,-840.448,-11487.704,8100.0,4300.0,22734.265000000003,28028.139,46.57834759739446,29.036886994209272,15744.864,333.561,645.798,8568.084,8.611393596187531,0.1824356856520265,0.3532085613207403,4.686172182192038,101.446,1.1839986629449477,1.7092875492605082,1.1018196155902014,2.8062633372875427,2.410233584742301,4.43016136113459,2.3518140559109555,11.37114511423428,2.75975151804675,55061.616,127775.968,87355.44,32300.0,95482.144,69.88495756977406,30.11504243022594,47.77761666332236,17.665952094400897,1600,80703.0,400156.0,8.015900634419253,-4.8070358237999065,14.06,-0.0014204545454544748,0.02328966521106257,0.06676783004552367,0.019621684391108583,0.01732461925402784,-0.00888339394210036,0.014322373153700774,0.029795476887119365,-0.015582153809541754,0.011653759217401083,0.04035835137030164,-0.009625115740589774,0.010319856659352755,0.023910132810465168,0.008967292057361798,0.011635905993661488,0.012969808551709816,0.0369723531584043,0.02640947867522203,0.0428576972350585,-0.014434643143544479,0.0016299918500408683,-0.0032441200324411223,-0.00983606557377048,-0.011456628477905073,0.006666666666666599,-0.02432885906040272,-0.0051325919589393365,0.10656517602283544,0.0042918454935623185,0.003676470588235503,0.10975609756097571,0.0047755491881564804,-0.005671077504725952,0.1754189944134079,0.021659673361021703,0.034746293688967644,0.028422257170001908,0.019613194622827068,0.028960742715788523,PASS,0.0,93,93,model_features_v2.0,2026-03-23T08:43:03Z
02618.HK,2025-08-11,2025,8,0,2024-12-31,annual,223,CONFIRMED,V2.5,3412.0,10,1.0,182837.584,18698.413,0.102,7087.553,117867.788,54900.868,62966.92,67740.188,39712.049,7228.23,15941.503,20790.727,-840.448,-11487.704,8100.0,4300.0,22734.265000000003,28028.139,46.57834759739446,29.036886994209272,15744.864,333.561,645.798,8568.084,8.611393596187531,0.1824356856520265,0.3532085613207403,4.686172182192038,101.446,1.1839986629449477,1.7092875492605082,1.1018196155902014,2.8062633372875427,2.410233584742301,4.43016136113459,2.3518140559109555,11.37114511423428,2.75975151804675,55061.616,127775.968,87355.44,32300.0,95482.144,69.88495756977406,30.11504243022594,47.77761666332236,17.665952094400897,1600,80703.0,400156.0,8.015900634419253,-4.8070358237999065,13.86,-0.01422475106685639,0.002169197396963085,0.03432835820895508,0.02127950361887701,0.017453119549122945,0.0019305019305020377,0.007009131358544751,0.02906584716476912,-5.127923374170784e-05,-0.003873204104902994,0.03340967161919184,-0.0008094399604249292,-0.0006072302788515671,0.017788213044346524,-0.004839933961581666,0.006042401501866079,0.0027764276758146522,0.005262511044185958,0.0009186865897632401,0.016540145164608555,-0.004882017900732394,-0.005691056910569148,-0.0008169934640523957,-0.013245033112582738,-0.03089430894308942,-0.014061207609594728,0.018916595012897774,0.019793459552495563,0.11687087653157402,-0.023809523809523836,-0.008679479231246123,0.10504492052522463,-0.016159695817490438,-0.01802656546489556,0.14112458654906268,0.007860254307532233,0.033063506340052506,-0.017624262155532477,0.010848676628209208,0.020195762861858646,PASS,0.0,93,93,model_features_v2.0,2026-03-23T08:43:03Z
02618.HK,2025-08-12,2025,8,1,2024-12-31,annual,224,CONFIRMED,V2.5,3412.0,10,1.0,182837.584,18698.413,0.102,7087.553,117867.788,54900.868,62966.92,67740.188,39712.049,7228.23,15941.503,20790.727,-840.448,-11487.704,8100.0,4300.0,22734.265000000003,28028.139,46.57834759739446,29.036886994209272,15744.864,333.561,645.798,8568.084,8.611393596187531,0.1824356856520265,0.3532085613207403,4.686172182192038,101.446,1.1839986629449477,1.7092875492605082,1.1018196155902014,2.8062633372875427,2.410233584742301,4.43016136113459,2.3518140559109555,11.37114511423428,2.75975151804675,55061.616,127775.968,87355.44,32300.0,95482.144,69.88495756977406,30.11504243022594,47.77761666332236,17.665952094400897,1600,80703.0,400156.0,8.015900634419253,-4.8070358237999065,13.48,-0.02741702741702734,-0.030913012221423397,0.008982035928143839,0.024237040435236907,0.01862392926634214,0.0025242092423718443,0.002696513165529879,0.015435467578035489,-0.0038204988260117645,-0.014835892317974553,0.001449011192552696,0.0032368667920541494,-0.0038230850535506677,0.004477813897460381,-0.033609525386953276,-0.016077119903448844,-0.02708992716787273,-0.00645343164989165,0.007533024735591143,0.004504222030683458,0.003270645952575757,-0.0024390243902439046,-0.018399999999999972,0.001677852348993314,-0.028478437754271724,-0.0538827258320127,-0.016033755274261652,0.005172413793103292,0.027312775330396333,-0.019387116948092475,-0.01134930643127352,0.08063404548587183,-0.005797101449275366,0.0,0.10407725321888406,-0.028473987831179493,-0.0024345744671516734,-0.03608542601452669,-0.019563705790149877,-0.030913012221423397,PASS,0.0,93,93,model_features_v2.0,2026-03-23T08:43:03Z
02618.HK,2025-08-13,2025,8,2,2024-12-31,annual,225,CONFIRMED,V2.5,3412.0,10,1.0,182837.584,18698.413,0.102,7087.553,117867.788,54900.868,62966.92,67740.188,39712.049,7228.23,15941.503,20790.727,-840.448,-11487.704,8100.0,4300.0,22734.265000000003,28028.139,46.57834759739446,29.036886994209272,15744.864,333.561,645.798,8568.084,8.611393596187531,0.1824356856520265,0.3532085613207403,4.686172182192038,101.446,1.1839986629449477,1.7092875492605082,1.1018196155902014,2.8062633372875427,2.410233584742301,4.43016136113459,2.3518140559109555,11.37114511423428,2.75975151804675,55061.616,127775.968,87355.44,32300.0,95482.144,69.88495756977406,30.11504243022594,47.77761666332236,17.665952094400897,1600,80703.0,400156.0,8.015900634419253,-4.8070358237999065,14.0,0.03857566765578624,0.027900146842878115,0.04790419161676662,0.029211561775090187,0.02046383561417513,0.02579087917826728,0.028222489756380975,0.04469861847085532,0.035229704586737576,0.017824831847177425,0.03919607264137026,0.026152756357729512,0.02433425632530839,0.03257504383648202,-0.00032234291350285993,0.01007531499570069,0.0035658905175697253,0.0032055731459113,0.008708118975396362,0.015329147780284602,0.03830480847595763,0.039151712887439016,0.02165196471531683,0.04103852596314894,0.02642444260941379,0.0016116035455278066,0.060891938250428934,0.059982862039417384,0.08699472759226712,0.017857142857142794,0.019157088122605304,0.11999999999999988,0.017492711370262537,0.02146341463414636,0.12701829924650188,-0.011251566044560901,0.0014757042334643256,-0.03208271519653927,0.008743058720272812,0.006436732208731755,PASS,0.0,93,93,model_features_v2.0,2026-03-23T08:43:03Z
02618.HK,2025-08-14,2025,8,3,2024-12-31,annual,226,CONFIRMED,V2.5,3412.0,10,1.0,182837.584,18698.413,0.102,7087.553,117867.788,54900.868,62966.92,67740.188,39712.049,7228.23,15941.503,20790.727,-840.448,-11487.704,8100.0,4300.0,22734.265000000003,28028.139,46.57834759739446,29.036886994209272,15744.864,333.561,645.798,8568.084,8.611393596187531,0.1824356856520265,0.3532085613207403,4.686172182192038,101.446,1.1839986629449477,1.7092875492605082,1.1018196155902014,2.8062633372875427,2.410233584742301,4.43016136113459,2.3518140559109555,11.37114511423428,2.75975151804675,55061.616,127775.968,87355.44,32300.0,95482.144,69.88495756977406,30.11504243022594,47.77761666332236,17.665952094400897,1600,80703.0,400156.0,8.015900634419253,-4.8070358237999065,13.96,-0.0028571428571427804,-0.008522727272727182,0.03101920236336797,0.024705839475192993,0.020330042207113534,-0.003683579900888856,0.017450620234809255,0.04164954008233002,-0.009723342059181905,0.0052823916073074795,0.023340704919386557,-0.0023081969648602874,0.016388737032596135,0.031156328325156135,-0.025973347507536437,-0.013805118880034661,-0.024911464305323316,-0.010630337718962046,0.0076784974439814135,-0.00013712596178816483,-0.018053375196232402,0.003207698476343168,0.004819277108433662,0.0008045052292839916,0.01967213114754096,-0.008764940239043728,-0.015359741309620145,0.021812080536912637,0.08266666666666667,-0.018170426065162948,-0.039239730226854674,0.09733893557422957,0.01241642788920716,0.01241642788920716,0.12765957446808507,-0.01173042574907035,-0.028194858420268143,-0.03033480780963982,0.030717002954127492,-0.020939155161934342,PASS,0.0,93,93,model_features_v2.0,2026-03-23T08:43:03Z
02618.HK,2025-08-15,2025,8,4,2024-12-31,annual,227,CONFIRMED,V2.5,3412.0,10,1.0,182837.584,18698.413,0.102,7087.553,117867.788,54900.868,62966.92,67740.188,39712.049,7228.23,15941.503,20790.727,-840.448,-11487.704,8100.0,4300.0,22734.265000000003,28028.139,46.57834759739446,29.036886994209272,15744.864,333.561,645.798,8568.084,8.611393596187531,0.1824356856520265,0.3532085613207403,4.686172182192038,101.446,1.1839986629449477,1.7092875492605082,1.1018196155902014,2.8062633372875427,2.410233584742301,4.43016136113459,2.3518140559109555,11.37114511423428,2.75975151804675,55061.616,127775.968,87355.44,32300.0,95482.144,69.88495756977406,30.11504243022594,47.77761666332236,17.665952094400897,1600,80703.0,400156.0,8.015900634419253,-4.8070358237999065,13.33,-0.045128939828080306,-0.05192034139402568,-0.039625360230547635,0.03148665690891151,0.02206993298660325,-0.009767109781922079,0.0165434240241491,0.01790123605978655,-0.005893081636935138,0.015176821786348604,0.0007835589826732381,-0.009841224198825382,0.016166952124255785,0.005855482607587614,-0.06846376541817478,-0.06709716318037429,-0.06808729351828147,-0.05752659629033419,-0.04040891921322087,-0.04548084283813525,-0.03437250199840125,-0.0170870626525631,-0.057722308892355634,-0.021704180064308742,0.007450331125827825,-0.04399057344854673,-0.03037766830870281,0.015477214101461634,0.01986183074265968,-0.0031908104658583403,-0.046398046398046566,0.0269559500328731,-0.007547169811320753,0.0,0.08453608247422695,-0.03483327874146258,-0.05937067251985351,-0.06739755549548732,-0.005522294995979116,-0.05192034139402568,PASS,0.0,93,93,model_features_v2.0,2026-03-23T08:43:03Z
02618.HK,2025-08-18,2025,8,0,2024-12-31,annual,230,CONFIRMED,V2.5,3412.0,10,1.0,182837.584,18698.413,0.102,7087.553,117867.788,54900.868,62966.92,67740.188,39712.049,7228.23,15941.503,20790.727,-840.448,-11487.704,8100.0,4300.0,22734.265000000003,28028.139,46.57834759739446,29.036886994209272,15744.864,333.561,645.798,8568.084,8.611393596187531,0.1824356856520265,0.3532085613207403,4.686172182192038,101.446,1.1839986629449477,1.7092875492605082,1.1018196155902014,2.8062633372875427,2.410233584742301,4.43016136113459,2.3518140559109555,11.37114511423428,2.75975151804675,55061.616,127775.968,87355.44,32300.0,95482.144,69.88495756977406,30.11504243022594,47.77761666332236,17.665952094400897,1600,80703.0,400156.0,8.015900634419253,-4.8070358237999065,13.33,0.0,-0.038239538239538184,-0.04921540656205414,0.03167533701225121,0.021898901748894254,-0.0036889490215105125,0.010842014693973168,0.007310113490602177,0.006496282812903154,0.021824095882432726,-0.001131501208486152,-0.0005985288722116788,0.016381446622352636,-0.0007212791389156203,-0.04908155293351135,-0.06006363412197091,-0.05462098486189082,-0.05652552005265632,-0.04808390535356799,-0.04849412742313852,0.026490066225165476,0.013900245298446468,-0.05271199388846448,-0.0016433853738702098,0.019295302013422777,-0.07110091743119273,0.0042337002540220325,0.0008438818565399409,0.00593723494486853,0.03137003841229191,0.007504690431519689,0.0841184387617766,0.03897338403041828,0.05603864734299524,0.11303462321792246,-0.05213978353798465,-0.05753484025296096,-0.039083420096078125,-0.045744228671057874,-0.09427818558253342,PASS,0.0,93,93,model_features_v2.0,2026-03-23T08:43:03Z
02618.HK,2025-08-19,2025,8,1,2024-12-31,annual,231,CONFIRMED,V2.5,3412.0,10,1.0,182837.584,18698.413,0.102,7087.553,117867.788,54900.868,62966.92,67740.188,39712.049,7228.23,15941.503,20790.727,-840.448,-11487.704,8100.0,4300.0,22734.265000000003,28028.139,46.57834759739446,29.036886994209272,15744.864,333.561,645.798,8568.084,8.611393596187531,0.1824356856520265,0.3532085613207403,4.686172182192038,101.446,1.1839986629449477,1.7092875492605082,1.1018196155902014,2.8062633372875427,2.410233584742301,4.43016136113459,2.3518140559109555,11.37114511423428,2.75975151804675,55061.616,127775.968,87355.44,32300.0,95482.144,69.88495756977406,30.11504243022594,47.77761666332236,17.665952094400897,1600,80703.0,400156.0,8.015900634419253,-4.8070358237999065,13.2,-0.009752438109527417,-0.020771513353115778,-0.0420899854862119,0.0298099550125345,0.021697435338110187,-0.0021428415389532773,0.006136242034339379,-0.00028372429320611126,-0.006658684609566423,0.01891284683664396,-0.011557332753088678,-0.0030385423990604288,0.010023815954126603,-0.007643477413144417,-0.026907755387455157,-0.03968436018975974,-0.03079532930724238,-0.04180626119300579,-0.030532652733123222,-0.03444650807306748,-0.005645161290322553,0.004889975550122161,-0.05517241379310345,-0.0057613168724279795,0.011725293132328174,-0.06356589147286829,-0.002529510961214121,0.014579759862778818,0.0025423728813558366,-0.032898820608317725,-0.0063775510204081565,0.02365308804205002,-0.0009149130832570851,0.061224489795918435,0.12693498452012397,-0.02566148890323794,-0.03249680648544395,-0.035351273215894596,-0.014393962332707622,-0.08199600314903421,PASS,0.0,93,93,model_features_v2.0,2026-03-23T08:43:03Z
02618.HK,2025-08-20,2025,8,2,2024-12-31,annual,232,CONFIRMED,V2.5,3412.0,10,1.0,182837.584,18698.413,0.102,7087.553,117867.788,54900.868,62966.92,67740.188,39712.049,7228.23,15941.503,20790.727,-840.448,-11487.704,8100.0,4300.0,22734.265000000003,28028.139,46.57834759739446,29.036886994209272,15744.864,333.561,645.798,8568.084,8.611393596187531,0.1824356856520265,0.3532085613207403,4.686172182192038,101.446,1.1839986629449477,1.7092875492605082,1.1018196155902014,2.8062633372875427,2.410233584742301,4.43016136113459,2.3518140559109555,11.37114511423428,2.75975151804675,55061.616,127775.968,87355.44,32300.0,95482.144,69.88495756977406,30.11504243022594,47.77761666332236,17.665952094400897,1600,80703.0,400156.0,8.015900634419253,-4.8070358237999065,13.13,-0.005303030303030143,-0.062142857142857055,-0.05675287356321834,0.018528149002428673,0.02151897695602153,0.001713178016868877,-0.017480119014573026,-0.014571578823301845,-0.0001371338661103616,-0.01589655429620751,-0.03558636485465738,0.0007815769898875669,-0.014948582396505539,-0.024664617067609362,-0.04466273812828403,-0.046246302846649545,-0.04719427474635152,-0.0421812947399165,-0.02116650870856096,-0.03208825649560898,-0.006488240064882356,-0.03846153846153855,-0.08650260999254289,0.0,-0.028157683024939706,-0.093093093093093,-0.006762468300929858,-0.050121261115602334,-0.028122415219189456,-0.007060333761232496,-0.030701754385964897,0.017763157894736814,0.0009157509157509125,0.04393505253104091,0.12913223140495877,-0.02368131868131851,-0.03398517411791735,-0.012021596027254722,-0.03144110275689216,-0.10607790967389796,PASS,0.0,93,93,model_features_v2.0,2026-03-23T08:43:03Z
02618.HK,2025-08-21,2025,8,3,2024-12-31,annual,233,CONFIRMED,V2.5,3412.0,10,1.0,182837.584,18698.413,0.102,7087.553,117867.788,54900.868,62966.92,67740.188,39712.049,7228.23,15941.503,20790.727,-840.448,-11487.704,8100.0,4300.0,22734.265000000003,28028.139,46.57834759739446,29.036886994209272,15744.864,333.561,645.798,8568.084,8.611393596187531,0.1824356856520265,0.3532085613207403,4.686172182192038,101.446,1.1839986629449477,1.7092875492605082,1.1018196155902014,2.8062633372875427,2.410233584742301,4.43016136113459,2.3518140559109555,11.37114511423428,2.75975151804675,55061.616,127775.968,87355.44,32300.0,95482.144,69.88495756977406,30.11504243022594,47.77761666332236,17.665952094400897,1600,80703.0,400156.0,8.015900634419253,-4.8070358237999065,13.01,-0.009139375476009182,-0.06805157593123212,-0.07071428571428573,0.017904078975295525,0.02146894224795515,-0.002437024009434907,-0.01625082486523932,-0.02191787333084505,-0.007718447215169122,-0.0139041576175164,-0.04257356782169597,-0.004271479940383016,-0.016886991304258525,-0.030553272045843127,-0.0518007510659928,-0.05414741831371572,-0.0511645846269736,-0.04879641238344068,-0.02814071789258976,-0.0401610136684426,-0.011428571428571455,-0.03197442046362908,-0.09152288072018011,-0.0306291390728477,-0.05868167202572361,-0.12872023809523814,-0.015319148936170146,-0.05008210180623973,-0.038237738985868575,-0.03167420814479627,-0.04403318442884474,-0.05309734513274322,-0.0009149130832570851,0.030188679245283012,0.10975609756097571,-0.03607715546760304,-0.009369903905508514,-0.01796947412499239,-0.024018391502387382,-0.09824025517651513,PASS,0.0,93,93,model_features_v2.0,2026-03-23T08:43:03Z
02618.HK,2025-08-22,2025,8,4,2024-12-31,annual,234,CONFIRMED,V2.5,3412.0,10,1.0,182837.584,18698.413,0.102,7087.553,117867.788,54900.868,62966.92,67740.188,39712.049,7228.23,15941.503,20790.727,-840.448,-11487.704,8100.0,4300.0,22734.265000000003,28028.139,46.57834759739446,29.036886994209272,15744.864,333.561,645.798,8568.084,8.611393596187531,0.1824356856520265,0.3532085613207403,4.686172182192038,101.446,1.1839986629449477,1.7092875492605082,1.1018196155902014,2.8062633372875427,2.410233584742301,4.43016136113459,2.3518140559109555,11.37114511423428,2.75975151804675,55061.616,127775.968,87355.44,32300.0,95482.144,69.88495756977406,30.11504243022594,47.77761666332236,17.665952094400897,1600,80703.0,400156.0,8.015900634419253,-4.8070358237999065,12.99,-0.001537279016141424,-0.02550637659414856,-0.09033613445378141,0.004378788659644935,0.020759714675955648,0.009342108879604183,0.002733272998452385,-0.0019382905939141493,0.027131035737019138,0.01885383273469876,-0.005322390320364856,0.01171730994136766,0.004518136721280541,-0.007711122034744111,-0.028239649592600946,-0.04436020932884732,-0.030024513315429102,-0.08839784385986726,-0.08501374413341656,-0.0826250124190373,0.0024772914946327163,0.004966887417218624,-0.06973180076628349,0.01110162254483349,-0.027115858668857795,-0.08993082244427353,0.019878997407087207,-0.0008467400508043177,0.0,-0.013351134846461998,-0.05377720870678604,-0.07970112079701108,-0.010073260073260037,0.027566539923954414,0.06397637795275601,-0.030473264011367185,0.0016094820747092342,-0.024659636543344243,0.02827083211263748,-0.053072916518102975,PASS,0.0,93,93,model_features_v2.0,2026-03-23T08:43:03Z
02618.HK,2025-08-25,2025,8,0,2024-12-31,annual,237,CONFIRMED,V2.5,3412.0,10,1.0,182837.584,18698.413,0.102,7087.553,117867.788,54900.868,62966.92,67740.188,39712.049,7228.23,15941.503,20790.727,-840.448,-11487.704,8100.0,4300.0,22734.265000000003,28028.139,46.57834759739446,29.036886994209272,15744.864,333.561,645.798,8568.084,8.611393596187531,0.1824356856520265,0.3532085613207403,4.686172182192038,101.446,1.1839986629449477,1.7092875492605082,1.1018196155902014,2.8062633372875427,2.410233584742301,4.43016136113459,2.3518140559109555,11.37114511423428,2.75975151804675,55061.616,127775.968,87355.44,32300.0,95482.144,69.88495756977406,30.11504243022594,47.77761666332236,17.665952094400897,1600,80703.0,400156.0,8.015900634419253,-4.8070358237999065,13.95,0.07390300230946867,0.046511627906976605,-0.017605633802816878,0.03607870083639263,0.02716512465241948,0.01936806063662777,0.0259389081636503,0.01047565285052543,0.031412898747804396,0.04407636964571848,0.028437399585453438,0.01851008964655043,0.02372458620561413,0.0077202188434633,0.020572719743326306,0.002435258261258122,0.022787041701362476,-0.028081286653342308,-0.046043033388270316,-0.025325852646280178,0.04283360790774293,0.020967741935483897,-0.03506097560975607,0.03293918918918903,0.006584362139917754,-0.05486862442040197,0.05508474576271194,0.04974704890387871,0.03233830845771157,0.01420838971583227,-0.06952203600248286,-0.052465233881162976,-0.0037002775208141436,-0.014638609332113472,0.03358925143953928,0.025543885971492708,0.03992726576705885,-0.0032354209969021053,0.11603366390945946,0.06115023723909008,PASS,0.0,93,93,model_features_v2.0,2026-03-23T08:43:03Z
02618.HK,2025-08-26,2025,8,1,2024-12-31,annual,238,CONFIRMED,V2.5,3412.0,10,1.0,182837.584,18698.413,0.102,7087.553,117867.788,54900.868,62966.92,67740.188,39712.049,7228.23,15941.503,20790.727,-840.448,-11487.704,8100.0,4300.0,22734.265000000003,28028.139,46.57834759739446,29.036886994209272,15744.864,333.561,645.798,8568.084,8.611393596187531,0.1824356856520265,0.3532085613207403,4.686172182192038,101.446,1.1839986629449477,1.7092875492605082,1.1018196155902014,2.8062633372875427,2.410233584742301,4.43016136113459,2.3518140559109555,11.37114511423428,2.75975151804675,55061.616,127775.968,87355.44,32300.0,95482.144,69.88495756977406,30.11504243022594,47.77761666332236,17.665952094400897,1600,80703.0,400156.0,8.015900634419253,-4.8070358237999065,13.82,-0.009318996415770497,0.046969696969697106,-0.04689655172413787,0.036020948696281904,0.026736588910836898,-0.011807629217446047,0.01600213351165647,1.841371704380812e-05,-0.007356109519337961,0.043343323655772314,0.024424294608087926,-0.010741765111375479,0.01581457281092291,0.00029961276704892903,0.030967563458040637,0.003626373313924791,0.031155124158774194,-0.04691496544118168,-0.0713208463322258,-0.0471961644911868,-0.017377567140600236,0.008921330089213475,-0.04601226993865026,-0.01880621422730988,-0.0066225165562913135,-0.06687402799377917,-0.025702811244979973,0.025359256128486996,0.004971002485501197,-0.007338225483655703,-0.04492939666238771,-0.0461538461538461,0.010213556174559102,-0.003663003663003539,-0.003663003663003539,0.03804836688048363,0.05359221352598842,0.02161044084121011,0.09189909363208482,0.050632700632700645,PASS,0.0,93,93,model_features_v2.0,2026-03-23T08:43:03Z
02618.HK,2025-08-27,2025,8,2,2024-12-31,annual,239,CONFIRMED,V2.5,3412.0,10,1.0,182837.584,18698.413,0.102,7087.553,117867.788,54900.868,62966.92,67740.188,39712.049,7228.23,15941.503,20790.727,-840.448,-11487.704,8100.0,4300.0,22734.265000000003,28028.139,46.57834759739446,29.036886994209272,15744.864,333.561,645.798,8568.084,8.611393596187531,0.1824356856520265,0.3532085613207403,4.686172182192038,101.446,1.1839986629449477,1.7092875492605082,1.1018196155902014,2.8062633372875427,2.410233584742301,4.43016136113459,2.3518140559109555,11.37114511423428,2.75975151804675,55061.616,127775.968,87355.44,32300.0,95482.144,69.88495756977406,30.11504243022594,47.77761666332236,17.665952094400897,1600,80703.0,400156.0,8.015900634419253,-4.8070358237999065,13.29,-0.0383502170767005,0.012185833968012094,-0.057446808510638325,0.04200215208642641,0.027378011548161177,-0.012660568573770292,0.0014233523563991213,0.0009862203215402765,-0.014650031821577758,0.028199311710131347,0.03765781057631368,-0.014034884718860385,0.0007755492444516676,-0.0019926121435890343,0.010762481611612973,-0.016013477742119253,0.011410284723560427,-0.0584330288321786,-0.095104619086952,-0.05545419636704929,-0.024919614147909996,-0.009795918367346945,-0.044129235618597384,-0.03083333333333338,-0.037251655629139124,-0.08712715855573006,0.0016488046166529546,0.03404255319148941,0.037574722459436494,-0.006048387096774244,-0.0439560439560438,-0.07330827067669166,-0.01194852941176483,-0.016468435498627643,0.008442776735459567,0.02198175233535904,0.04943748959715122,-0.021856719223477317,0.056141877924055894,0.028654269466639737,PASS,0.0,93,93,model_features_v2.0,2026-03-23T08:43:03Z
02618.HK,2025-08-28,2025,8,3,2024-12-31,annual,240,CONFIRMED,V2.5,3412.0,10,1.0,182837.584,18698.413,0.102,7087.553,117867.788,54900.868,62966.92,67740.188,39712.049,7228.23,15941.503,20790.727,-840.448,-11487.704,8100.0,4300.0,22734.265000000003,28028.139,46.57834759739446,29.036886994209272,15744.864,333.561,645.798,8568.084,8.611393596187531,0.1824356856520265,0.3532085613207403,4.686172182192038,101.446,1.1839986629449477,1.7092875492605082,1.1018196155902014,2.8062633372875427,2.410233584742301,4.43016136113459,2.3518140559109555,11.37114511423428,2.75975151804675,55061.616,127775.968,87355.44,32300.0,95482.144,69.88495756977406,30.11504243022594,47.77761666332236,17.665952094400897,1600,80703.0,400156.0,8.015900634419253,-4.8070358237999065,12.78,-0.038374717832957095,-0.017678708685626487,-0.06442166910688141,0.04598043093240634,0.02781564120074401,-0.008052612198513054,-0.004213967076166503,0.009102127166594087,-0.009391789073510681,0.02646539965445127,0.035003685949746455,-0.011455332862893464,-0.006444716329327749,0.0038252485312177953,-0.013464741609459985,-0.04414410834007776,-0.011233992356298739,-0.0735237962734755,-0.09942535505662786,-0.0682469176380992,-0.05028854080791423,-0.04872006606110646,-0.06265256305939793,-0.1255374032674118,-0.13151152860802728,-0.16365131578947367,-0.04691358024691361,0.0008643042350906516,0.0008643042350906516,-0.02974983096686956,-0.0420560747663552,-0.055299539170506895,-0.025116279069767433,-0.04029304029304026,0.015503875968992276,0.031041357375479972,0.1138328199224008,-0.01854301292071714,0.024377366080728713,0.022614331607413773,PASS,0.0,93,93,model_features_v2.0,2026-03-23T08:43:03Z
02618.HK,2025-08-29,2025,8,4,2024-12-31,annual,241,CONFIRMED,V2.5,3412.0,10,1.0,182837.584,18698.413,0.102,7087.553,117867.788,54900.868,62966.92,67740.188,39712.049,7228.23,15941.503,20790.727,-840.448,-11487.704,8100.0,4300.0,22734.265000000003,28028.139,46.57834759739446,29.036886994209272,15744.864,333.561,645.798,8568.084,8.611393596187531,0.1824356856520265,0.3532085613207403,4.686172182192038,101.446,1.1839986629449477,1.7092875492605082,1.1018196155902014,2.8062633372875427,2.410233584742301,4.43016136113459,2.3518140559109555,11.37114511423428,2.75975151804675,55061.616,127775.968,87355.44,32300.0,95482.144,69.88495756977406,30.11504243022594,47.77761666332236,17.665952094400897,1600,80703.0,400156.0,8.015900634419253,-4.8070358237999065,12.83,0.00391236306729259,-0.012317167051578148,-0.0662299854439593,0.04608041961721806,0.027786585026054897,0.003152148781422559,-0.010320792260510858,0.023250139445344153,0.005366742144783387,0.004715210493512423,0.05130433171527038,0.0034608719193738313,-0.014552937410893363,0.016283879967070813,-0.00199637479106729,-0.01703237754509057,0.0022357703593152145,-0.08948012488930346,-0.11753431715922968,-0.08251386541103012,0.02256944444444442,-0.029654036243822124,-0.03993480032599839,0.009832841691248762,-0.13260135135135132,-0.15957446808510634,-0.0008635578583764403,-0.019491525423728784,-0.010265183917878562,-0.02020905923344951,-0.04871447902571058,-0.1384803921568627,-0.007633587786259555,-0.037927844588344084,-0.017013232514177634,0.017336869192243975,0.12028418429977317,0.007174358372150635,0.03639731197413243,0.025610677536765936,PASS,0.0,93,93,model_features_v2.0,2026-03-23T08:43:03Z
02618.HK,2025-09-01,2025,9,0,2024-12-31,annual,244,CONFIRMED,V2.5,3412.0,10,1.0,182837.584,18698.413,0.102,7087.553,117867.788,54900.868,62966.92,67740.188,39712.049,7228.23,15941.503,20790.727,-840.448,-11487.704,8100.0,4300.0,22734.265000000003,28028.139,46.57834759739446,29.036886994209272,15744.864,333.561,645.798,8568.084,8.611393596187531,0.1824356856520265,0.3532085613207403,4.686172182192038,101.446,1.1839986629449477,1.7092875492605082,1.1018196155902014,2.8062633372875427,2.410233584742301,4.43016136113459,2.3518140559109555,11.37114511423428,2.75975151804675,55061.616,127775.968,87355.44,32300.0,95482.144,69.88495756977406,30.11504243022594,47.77761666332236,17.665952094400897,1600,80703.0,400156.0,8.015900634419253,-4.8070358237999065,13.08,0.019485580670304037,-0.06236559139784936,-0.05422993492407813,0.025691887335521607,0.028169914615402507,0.021525168656355786,-0.008226509500033119,0.0357398583699402,0.021967428638900444,-0.0044857676018740245,0.05796305587229189,0.019455091968523464,-0.013638611895815278,0.02568057008052338,-0.054139081897816244,-0.05787982379597534,-0.048726979502034085,-0.08996979329401833,-0.11219299079637002,-0.0799105050046015,0.03056027164685915,-0.041074249605055235,-0.01300813008130075,0.0029211295034079487,-0.15780866721177433,-0.16260162601626016,0.18496110630942075,0.10120481927710845,0.17986230636833045,0.007823613086771042,-0.05470313542361582,-0.12151270923744584,-0.029807692307692313,-0.06313834726090994,-0.042694497153700106,-0.021291341792794127,0.09544307581392497,-0.1635704106749578,-0.00766245597423354,0.0007727558630605813,PASS,0.0,93,93,model_features_v2.0,2026-03-23T08:43:03Z
02618.HK,2025-09-02,2025,9,1,2024-12-31,annual,245,CONFIRMED,V2.5,3412.0,10,1.0,182837.584,18698.413,0.102,7087.553,117867.788,54900.868,62966.92,67740.188,39712.049,7228.23,15941.503,20790.727,-840.448,-11487.704,8100.0,4300.0,22734.265000000003,28028.139,46.57834759739446,29.036886994209272,15744.864,333.561,645.798,8568.084,8.611393596187531,0.1824356856520265,0.3532085613207403,4.686172182192038,101.446,1.1839986629449477,1.7092875492605082,1.1018196155902014,2.8062633372875427,2.410233584742301,4.43016136113459,2.3518140559109555,11.37114511423428,2.75975151804675,55061.616,127775.968,87355.44,32300.0,95482.144,69.88495756977406,30.11504243022594,47.77761666332236,17.665952094400897,1600,80703.0,400156.0,8.015900634419253,-4.8070358237999065,13.0,-0.006116207951070374,-0.05933429811866864,-0.06542056074766356,0.025831481629596052,0.028113301964797246,-0.004718273737167822,-0.0011114628371019508,0.02385380120011904,-0.01215735235283566,-0.009300893771271967,0.03756337086832806,-0.0015073663430147377,-0.00443125423505919,0.017545365995861095,-0.05822283528156669,-0.05003340434739667,-0.05490304388360945,-0.0892743619477826,-0.10298393161599162,-0.08296592674352465,-0.014827018121911117,-0.03858520900321549,-0.02764227642276429,-0.01844660194174763,-0.15750000000000008,-0.17737998372660713,-0.01750547045951867,0.11046990931574596,0.16120689655172393,-0.01834862385321101,-0.06518817204301086,-0.12295081967213117,-0.043607532210108935,-0.11305147058823528,-0.06219630709426616,-0.020749089115453145,0.09816570188133145,-0.1698042074344146,0.005853873924342223,0.05371717246956664,PASS,0.0,93,93,model_features_v2.0,2026-03-23T08:43:03Z
02618.HK,2025-09-03,2025,9,2,2024-12-31,annual,246,CONFIRMED,V2.5,3412.0,10,1.0,182837.584,18698.413,0.102,7087.553,117867.788,54900.868,62966.92,67740.188,39712.049,7228.23,15941.503,20790.727,-840.448,-11487.704,8100.0,4300.0,22734.265000000003,28028.139,46.57834759739446,29.036886994209272,15744.864,333.561,645.798,8568.084,8.611393596187531,0.1824356856520265,0.3532085613207403,4.686172182192038,101.446,1.1839986629449477,1.7092875492605082,1.1018196155902014,2.8062633372875427,2.410233584742301,4.43016136113459,2.3518140559109555,11.37114511423428,2.75975151804675,55061.616,127775.968,87355.44,32300.0,95482.144,69.88495756977406,30.11504243022594,47.77761666332236,17.665952094400897,1600,80703.0,400156.0,8.015900634419253,-4.8070358237999065,12.83,-0.013076923076923097,-0.03461249059443183,-0.058002936857562304,0.02146223917267832,0.02790667457536434,-0.0060055183936650325,0.005621432788821101,0.01737410896472702,-0.007806635640294268,-0.002420347062674466,0.02739792884166614,-0.006378987671436298,0.003299213814042412,0.01313601828958455,-0.040233923383252934,-0.03219214353175737,-0.037911704408474245,-0.07537704582228932,-0.08540086569922845,-0.07113895514714685,0.00919732441471588,-0.004946413849958753,-0.015497553017944421,-0.005934718100890191,-0.13585554600171967,-0.17010734929810067,-0.00445434298440972,0.10370370370370363,0.14910025706940866,0.01294033069734013,-0.047329276538201515,-0.10025542784163466,-0.0031088082901555847,-0.1051162790697675,-0.061463414634146396,-0.02966607674447308,0.10124305540728784,-0.13831619429813546,0.012716785943769682,0.07050378847533567,PASS,0.0,93,93,model_features_v2.0,2026-03-23T08:43:03Z
02618.HK,2025-09-04,2025,9,3,2024-12-31,annual,247,CONFIRMED,V2.5,3412.0,10,1.0,182837.584,18698.413,0.102,7087.553,117867.788,54900.868,62966.92,67740.188,39712.049,7228.23,15941.503,20790.727,-840.448,-11487.704,8100.0,4300.0,22734.265000000003,28028.139,46.57834759739446,29.036886994209272,15744.864,333.561,645.798,8568.084,8.611393596187531,0.1824356856520265,0.3532085613207403,4.686172182192038,101.446,1.1839986629449477,1.7092875492605082,1.1018196155902014,2.8062633372875427,2.410233584742301,4.43016136113459,2.3518140559109555,11.37114511423428,2.75975151804675,55061.616,127775.968,87355.44,32300.0,95482.144,69.88495756977406,30.11504243022594,47.77761666332236,17.665952094400897,1600,80703.0,400156.0,8.015900634419253,-4.8070358237999065,12.7,-0.010132501948558081,-0.006259780907668211,-0.09801136363636365,0.013219762209326281,0.026589024316678023,-0.011242361432529102,0.002387712700039346,-0.000921790170734571,-0.018452638579526837,-0.011544962633017075,0.005792602127740132,-0.012478391578056858,0.0022608854119665622,-0.004970158607555342,-0.008647493607707557,0.005285181725348864,-0.008520666319634773,-0.09708957346562908,-0.10380396576410378,-0.0930412050288083,-0.0074565037282519064,0.03993055555555558,-0.03929430633520459,0.008955223880596996,-0.002949852507374562,-0.16885245901639334,-0.03206562266964941,0.12089810017271163,0.0889261744966443,0.009936124911284594,-0.00836236933797907,-0.1275291232372776,-0.006237006237006071,-0.08778625954198471,-0.08691499522445079,-0.04619033646322379,-0.003309928400293649,-0.12715788108037984,0.002102588430310859,0.0815264786343165,PASS,0.0,93,93,model_features_v2.0,2026-03-23T08:43:03Z
02618.HK,2025-09-05,2025,9,4,2024-12-31,annual,248,CONFIRMED,V2.5,3412.0,10,1.0,182837.584,18698.413,0.102,7087.553,117867.788,54900.868,62966.92,67740.188,39712.049,7228.23,15941.503,20790.727,-840.448,-11487.704,8100.0,4300.0,22734.265000000003,28028.139,46.57834759739446,29.036886994209272,15744.864,333.561,645.798,8568.084,8.611393596187531,0.1824356856520265,0.3532085613207403,4.686172182192038,101.446,1.1839986629449477,1.7092875492605082,1.1018196155902014,2.8062633372875427,2.410233584742301,4.43016136113459,2.3518140559109555,11.37114511423428,2.75975151804675,55061.616,127775.968,87355.44,32300.0,95482.144,69.88495756977406,30.11504243022594,47.77761666332236,17.665952094400897,1600,80703.0,400156.0,8.015900634419253,-4.8070358237999065,13.09,0.03070866141732287,0.020265003897116163,-0.06899004267425324,0.019663999360853168,0.02775006509909704,0.014345226432058489,0.013572260844529893,0.022493424868919698,0.019464550105218636,0.0023157000586855325,0.04160027837298319,0.013441722631501785,0.01222980054541667,0.01820509845075624,0.00669274305258627,0.01794930383843063,0.008035203351699494,-0.09148346754317294,-0.11059032104723643,-0.08719514112500948,0.01919866444073448,0.03650254668930386,-0.006509357200976451,0.015779092702169484,0.0029211295034079487,-0.14735099337748347,0.015408320493066174,0.1391529818496111,0.13327601031814296,0.008432888264230387,0.020625889046941737,-0.12393162393162405,0.029288702928870203,-0.05384615384615388,-0.06463878326996197,-0.016237542792187698,0.017343874393708214,-0.11888797795249495,-0.00036088514982557385,0.07411115774327004,PASS,0.0,93,93,model_features_v2.0,2026-03-23T08:43:03Z
02618.HK,2025-09-08,2025,9,0,2024-12-31,annual,251,CONFIRMED,V2.5,3412.0,10,1.0,182837.584,18698.413,0.102,7087.553,117867.788,54900.868,62966.92,67740.188,39712.049,7228.23,15941.503,20790.727,-840.448,-11487.704,8100.0,4300.0,22734.265000000003,28028.139,46.57834759739446,29.036886994209272,15744.864,333.561,645.798,8568.084,8.611393596187531,0.1824356856520265,0.3532085613207403,4.686172182192038,101.446,1.1839986629449477,1.7092875492605082,1.1018196155902014,2.8062633372875427,2.410233584742301,4.43016136113459,2.3518140559109555,11.37114511423428,2.75975151804675,55061.616,127775.968,87355.44,32300.0,95482.144,69.88495756977406,30.11504243022594,47.77761666332236,17.665952094400897,1600,80703.0,400156.0,8.015900634419253,-4.8070358237999065,13.53,0.03361344537815114,0.03440366972477049,-0.023809523809523836,0.023124751203418517,0.0287925486494438,0.008495167593963071,0.0006437026054926243,0.029192819152673355,0.011657245338420497,-0.007796225530095069,0.05379650623990373,0.007114813555699984,-2.301731276621588e-05,0.026280150051739337,0.03375996711927787,0.04219989525486556,0.03442668703753671,-0.05300234296219719,-0.07760603004942757,-0.05008967386126317,0.01064701064701068,0.016474464579901094,0.008994276369583165,-0.009708737864077666,-0.009708737864077666,-0.1442953020134229,0.041729893778452265,0.0014587892049600093,0.15864978902953597,0.02508710801393721,0.038108680310515286,-0.08005003126954358,0.007113821138211351,-0.01783944499504453,-0.04251207729468598,0.017929205144869398,0.04411240758884816,0.03294488051981048,-0.0037050105857447946,0.05224311471981502,PASS,0.0,93,93,model_features_v2.0,2026-03-23T08:43:03Z
02618.HK,2025-09-09,2025,9,1,2024-12-31,annual,252,CONFIRMED,V2.5,3412.0,10,1.0,182837.584,18698.413,0.102,7087.553,117867.788,54900.868,62966.92,67740.188,39712.049,7228.23,15941.503,20790.727,-840.448,-11487.704,8100.0,4300.0,22734.265000000003,28028.139,46.57834759739446,29.036886994209272,15744.864,333.561,645.798,8568.084,8.611393596187531,0.1824356856520265,0.3532085613207403,4.686172182192038,101.446,1.1839986629449477,1.7092875492605082,1.1018196155902014,2.8062633372875427,2.410233584742301,4.43016136113459,2.3518140559109555,11.37114511423428,2.75975151804675,55061.616,127775.968,87355.44,32300.0,95482.144,69.88495756977406,30.11504243022594,47.77761666332236,17.665952094400897,1600,80703.0,400156.0,8.015900634419253,-4.8070358237999065,13.26,-0.019955654101995512,0.020000000000000018,-0.016320474777448135,0.025764623400219747,0.028476328122240938,0.011867873453562217,0.017319205931783044,0.0387850384946864,0.013033239191831303,0.017505577415221518,0.07162503033556655,0.013236651257202414,0.0147429185945962,0.03650961892502069,0.002680794068216974,0.0024944225847784995,0.005257081405403818,-0.05510551327213453,-0.08794550511301469,-0.05283009370246883,0.03322528363047006,0.06605351170568574,0.03911980440097795,-0.023039215686274428,-0.014342235410484516,-0.16541038525963148,0.03350327749453741,0.053452115812917755,0.21698113207547176,0.007477906186267758,0.06542056074766345,-0.05484693877551039,-0.010090817356205761,0.01658031088082912,-0.04664723032069962,-0.046053511705685723,0.034342235410484534,-0.03345211581291774,-0.04542056074766343,0.003419689119170899,PASS,0.0,93,93,model_features_v2.0,2026-03-23T08:43:03Z
02618.HK,2025-09-10,2025,9,2,2024-12-31,annual,253,CONFIRMED,V2.5,3412.0,10,1.0,182837.584,18698.413,0.102,7087.553,117867.788,54900.868,62966.92,67740.188,39712.049,7228.23,15941.503,20790.727,-840.448,-11487.704,8100.0,4300.0,22734.265000000003,28028.139,46.57834759739446,29.036886994209272,15744.864,333.561,645.798,8568.084,8.611393596187531,0.1824356856520265,0.3532085613207403,4.686172182192038,101.446,1.1839986629449477,1.7092875492605082,1.1018196155902014,2.8062633372875427,2.410233584742301,4.43016136113459,2.3518140559109555,11.37114511423428,2.75975151804675,55061.616,127775.968,87355.44,32300.0,95482.144,69.88495756977406,30.11504243022594,47.77761666332236,17.665952094400897,1600,80703.0,400156.0,8.015900634419253,-4.8070358237999065,13.85,0.044494720965309265,0.07950116913484018,-0.010714285714285787,0.02878333183692875,0.028930320580956882,0.010105971401947578,0.03380876227093177,0.022901442862346633,0.012687133068210343,0.03852217026113092,0.04828993496460532,0.009278949407124815,0.03073370439031331,0.019465506239239927,0.04569240686390841,0.04097899887370926,0.04876746474452687,-0.03361572857663242,-0.059004220678891106,-0.030179791953525714,0.03607843137254907,0.09444904722452363,0.03689167974882257,0.02057200200702458,0.01194029850746281,-0.18181818181818177,0.00634249471458781,0.06487695749440725,0.154405820533549,0.020917678812415907,0.07381121362668552,-0.052005012531328165,-0.004077471967380286,0.015592515592515621,-0.06685768863419306,-0.014947878089683453,0.06756087062737737,0.014624211640432927,0.005689955508154654,0.06390865354232456,PASS,0.0,93,93,model_features_v2.0,2026-03-23T08:43:03Z
02618.HK,2025-09-11,2025,9,3,2024-12-31,annual,254,CONFIRMED,V2.5,3412.0,10,1.0,182837.584,18698.413,0.102,7087.553,117867.788,54900.868,62966.92,67740.188,39712.049,7228.23,15941.503,20790.727,-840.448,-11487.704,8100.0,4300.0,22734.265000000003,28028.139,46.57834759739446,29.036886994209272,15744.864,333.561,645.798,8568.084,8.611393596187531,0.1824356856520265,0.3532085613207403,4.686172182192038,101.446,1.1839986629449477,1.7092875492605082,1.1018196155902014,2.8062633372875427,2.410233584742301,4.43016136113459,2.3518140559109555,11.37114511423428,2.75975151804675,55061.616,127775.968,87355.44,32300.0,95482.144,69.88495756977406,30.11504243022594,47.77761666332236,17.665952094400897,1600,80703.0,400156.0,8.015900634419253,-4.8070358237999065,13.64,-0.015162454873646092,0.07401574803149624,-0.022922636103151928,0.02997704842180927,0.029121226805853103,-0.0043488118056843605,0.04101640520525773,0.02221846036649877,-0.0023582468332233875,0.055550775606486136,0.05608649881725891,-0.007280123316118159,0.03615943913510011,0.014385072182099723,0.03299934282623851,0.018464972425010107,0.03785630889639613,-0.0451410964696507,-0.07900913492041084,-0.03730770828525165,-0.017411052233156532,0.08347245409015036,0.037569944044764325,-0.0506391347099312,-0.047830374753451754,-0.22387459807073962,0.003501400560224077,0.10400616332819723,0.1765188834154352,-0.01784534038334451,0.04427266338720992,-0.05169112954690491,-0.008188331627430934,0.013598326359832491,-0.08584905660377362,-0.009456706058654119,0.121846122784948,-0.02999041529670099,0.02974308464428632,0.06041742167166375,PASS,0.0,93,93,model_features_v2.0,2026-03-23T08:43:03Z
02618.HK,2025-09-12,2025,9,4,2024-12-31,annual,255,CONFIRMED,V2.5,3412.0,10,1.0,182837.584,18698.413,0.102,7087.553,117867.788,54900.868,62966.92,67740.188,39712.049,7228.23,15941.503,20790.727,-840.448,-11487.704,8100.0,4300.0,22734.265000000003,28028.139,46.57834759739446,29.036886994209272,15744.864,333.561,645.798,8568.084,8.611393596187531,0.1824356856520265,0.3532085613207403,4.686172182192038,101.446,1.1839986629449477,1.7092875492605082,1.1018196155902014,2.8062633372875427,2.410233584742301,4.43016136113459,2.3518140559109555,11.37114511423428,2.75975151804675,55061.616,127775.968,87355.44,32300.0,95482.144,69.88495756977406,30.11504243022594,47.77761666332236,17.665952094400897,1600,80703.0,400156.0,8.015900634419253,-4.8070358237999065,13.75,0.008064516129032251,0.050420168067226934,0.03150787696924229,0.028642165585945335,0.027223082250514535,0.011570815661235523,0.03816904411758926,0.04424562337975324,0.017066382283566828,0.0530677192766531,0.08047741635201522,0.011305356733079641,0.033975183601048675,0.036049048252662974,0.012251123949637677,-0.002647551209426169,0.01644498446617826,-0.012737746410510953,-0.04896953938277293,-0.004541171283420686,0.014637904468412843,0.07862407862407861,0.09023178807947008,0.0,-0.06262135922330103,-0.20665571076417422,0.05443126308443813,0.14643399089529585,0.27942421676545304,0.003364737550471064,0.039024390243902474,-0.045454545454545414,-0.005159958720330149,-0.020325203252032464,-0.08365019011406838,-0.028203910556851675,0.11304152729052797,-0.09601382282806892,0.01139577782332446,0.0707453713192594,PASS,0.0,93,93,model_features_v2.0,2026-03-23T08:43:03Z
02618.HK,2025-09-15,2025,9,0,2024-12-31,annual,258,CONFIRMED,V2.5,3412.0,10,1.0,182837.584,18698.413,0.102,7087.553,117867.788,54900.868,62966.92,67740.188,39712.049,7228.23,15941.503,20790.727,-840.448,-11487.704,8100.0,4300.0,22734.265000000003,28028.139,46.57834759739446,29.036886994209272,15744.864,333.561,645.798,8568.084,8.611393596187531,0.1824356856520265,0.3532085613207403,4.686172182192038,101.446,1.1839986629449477,1.7092875492605082,1.1018196155902014,2.8062633372875427,2.410233584742301,4.43016136113459,2.3518140559109555,11.37114511423428,2.75975151804675,55061.616,127775.968,87355.44,32300.0,95482.144,69.88495756977406,30.11504243022594,47.77761666332236,17.665952094400897,1600,80703.0,400156.0,8.015900634419253,-4.8070358237999065,13.53,-0.016000000000000014,0.0,0.015003750937734317,0.027057944362788678,0.027515323890472565,0.0022131137601106854,0.03170214766299795,0.05043164653242971,0.009072892021898982,0.05037757983923519,0.08324341569908111,0.0021163333697959974,0.028843390881508446,0.038863463203238524,-0.03170214766299795,-0.05037757983923519,-0.028843390881508446,-0.03542789559469539,-0.0682396647613468,-0.023859712265504207,0.0,0.06726094003241467,0.06209677419354831,0.008285862247540132,-0.04558823529411771,-0.19876543209876552,0.023163467902051593,0.12600145666423868,0.30354131534569984,-0.004024144869215207,0.009517335146159045,-0.07821229050279321,-0.04045643153526979,-0.06659939455095865,-0.15370539798719118,-0.06726094003241467,0.04558823529411771,-0.12600145666423868,-0.009517335146159045,0.06659939455095865,PASS,0.0,93,93,model_features_v2.0,2026-03-23T08:43:03Z
02618.HK,2025-09-16,2025,9,1,2024-12-31,annual,259,CONFIRMED,V2.5,3412.0,10,1.0,182837.584,18698.413,0.102,7087.553,117867.788,54900.868,62966.92,67740.188,39712.049,7228.23,15941.503,20790.727,-840.448,-11487.704,8100.0,4300.0,22734.265000000003,28028.139,46.57834759739446,29.036886994209272,15744.864,333.561,645.798,8568.084,8.611393596187531,0.1824356856520265,0.3532085613207403,4.686172182192038,101.446,1.1839986629449477,1.7092875492605082,1.1018196155902014,2.8062633372875427,2.410233584742301,4.43016136113459,2.3518140559109555,11.37114511423428,2.75975151804675,55061.616,127775.968,87355.44,32300.0,95482.144,69.88495756977406,30.11504243022594,47.77761666332236,17.665952094400897,1600,80703.0,400156.0,8.015900634419253,-4.8070358237999065,13.66,0.009608277900960971,0.03016591251885381,0.034848484848484906,0.024651434570649583,0.027453994106531817,-0.0003043874137128588,0.01929129046696887,0.052366964004951555,0.005634049847690337,0.04270562763135777,0.09664870092727762,0.0001736733654569278,0.015579205804431062,0.0422106874798045,0.010874622051884941,-0.012539715112503957,0.014586706714422748,-0.01751847915646665,-0.061800216078792714,-0.007362202631319592,-0.012908124525436548,0.019607843137254832,0.054339010543390076,0.030303030303030276,0.006522829904666239,-0.16970198675496684,-0.007115135834411368,0.08174770965468636,0.29754860524091287,0.00471380471380467,0.006747638326585648,-0.0423620025673942,-0.00216216216216214,-0.059123343527013206,-0.15476190476190477,0.010558069381598978,0.02364308261418757,-0.05158179713583255,0.023418274192268163,0.08928925604586702,PASS,0.0,93,93,model_features_v2.0,2026-03-23T08:43:03Z
02618.HK,2025-09-17,2025,9,2,2024-12-31,annual,260,CONFIRMED,V2.5,3412.0,10,1.0,182837.584,18698.413,0.102,7087.553,117867.788,54900.868,62966.92,67740.188,39712.049,7228.23,15941.503,20790.727,-840.448,-11487.704,8100.0,4300.0,22734.265000000003,28028.139,46.57834759739446,29.036886994209272,15744.864,333.561,645.798,8568.084,8.611393596187531,0.1824356856520265,0.3532085613207403,4.686172182192038,101.446,1.1839986629449477,1.7092875492605082,1.1018196155902014,2.8062633372875427,2.410233584742301,4.43016136113459,2.3518140559109555,11.37114511423428,2.75975151804675,55061.616,127775.968,87355.44,32300.0,95482.144,69.88495756977406,30.11504243022594,47.77761666332236,17.665952094400897,1600,80703.0,400156.0,8.015900634419253,-4.8070358237999065,13.95,0.021229868228404003,0.0072202166064980755,0.06245239908606237,0.01644673679895537,0.027718943780511384,0.017772559800079524,0.027027594382651232,0.06923842304320837,0.04221690584863258,0.07311073425844827,0.14310257395867731,0.022413291019462545,0.028795536365231467,0.06473788429125982,-0.019807377776153157,-0.0658905176519502,-0.02157531975873339,-0.0067860239571460035,-0.08065017487261494,-0.002285485205197446,0.05153846153846153,0.034822104466313286,0.11591836734693861,0.048853439680957234,0.034414945919370776,-0.1291390728476821,0.05276872964169388,0.13165266106442575,0.37531914893617024,0.002680965147453085,-0.011235955056179914,-0.03296703296703296,-0.021668472372697867,-0.07574206755373591,-0.17383348581884728,-0.02760188785981521,-0.0271947293128727,-0.12443244445792767,0.01845617166267799,0.08296228416023399,PASS,0.0,93,93,model_features_v2.0,2026-03-23T08:43:03Z
02618.HK,2025-09-18,2025,9,3,2024-12-31,annual,261,CONFIRMED,V2.5,3412.0,10,1.0,182837.584,18698.413,0.102,7087.553,117867.788,54900.868,62966.92,67740.188,39712.049,7228.23,15941.503,20790.727,-840.448,-11487.704,8100.0,4300.0,22734.265000000003,28028.139,46.57834759739446,29.036886994209272,15744.864,333.561,645.798,8568.084,8.611393596187531,0.1824356856520265,0.3532085613207403,4.686172182192038,101.446,1.1839986629449477,1.7092875492605082,1.1018196155902014,2.8062633372875427,2.410233584742301,4.43016136113459,2.3518140559109555,11.37114511423428,2.75975151804675,55061.616,127775.968,87355.44,32300.0,95482.144,69.88495756977406,30.11504243022594,47.77761666332236,17.665952094400897,1600,80703.0,400156.0,8.015900634419253,-4.8070358237999065,13.73,-0.01577060931899632,0.006598240469208205,0.05534204458109149,0.016602722759228517,0.027915699492637582,-0.013510284338825174,0.017577412222191446,0.05736954288475293,-0.009949102023289247,0.06494565078955361,0.14053287260161862,-0.014614292814191576,0.02119484152695672,0.053678258625199815,-0.010979171752983241,-0.058347410320345405,-0.014596601057748515,-0.002027498303661446,-0.08519082802052713,0.0016637859558916723,-0.017556693489392705,0.034668721109399,0.10900082576383174,0.002851711026615966,0.09269808389435519,-0.099060631938514,-0.01980198019801971,0.10537334263782272,0.3690579083837511,-0.024732620320855547,-0.018169582772543658,-0.02603471295060089,0.01882613510520481,-0.05056759545923639,-0.15750915750915762,-0.028070480640190798,-0.08609984342514698,-0.09877510216861451,0.024767823241751863,0.0571658359284446,PASS,0.0,93,93,model_features_v2.0,2026-03-23T08:43:03Z
02618.HK,2025-09-19,2025,9,4,2024-12-31,annual,262,CONFIRMED,V2.5,3412.0,10,1.0,182837.584,18698.413,0.102,7087.553,117867.788,54900.868,62966.92,67740.188,39712.049,7228.23,15941.503,20790.727,-840.448,-11487.704,8100.0,4300.0,22734.265000000003,28028.139,46.57834759739446,29.036886994209272,15744.864,333.561,645.798,8568.084,8.611393596187531,0.1824356856520265,0.3532085613207403,4.686172182192038,101.446,1.1839986629449477,1.7092875492605082,1.1018196155902014,2.8062633372875427,2.410233584742301,4.43016136113459,2.3518140559109555,11.37114511423428,2.75975151804675,55061.616,127775.968,87355.44,32300.0,95482.144,69.88495756977406,30.11504243022594,47.77761666332236,17.665952094400897,1600,80703.0,400156.0,8.015900634419253,-4.8070358237999065,13.87,0.010196649672250535,0.008727272727272695,0.06774441878367976,0.016841504251487886,0.0279372630216388,9.418022705043327e-06,0.005947364272461453,0.04759277544541751,0.003699439662457893,0.05094944792938039,0.11451427842937267,0.0016739856638257056,0.01146928594943386,0.043218387738754194,0.002779908454811242,-0.04222217520210769,-0.002742013222161166,0.02015164333826225,-0.04676985964569291,0.024526031044925567,0.033507073715562274,0.05391040242976475,0.14332784184514002,0.007582938388625671,0.10098394614189532,-0.10219594594594605,0.004419191919191823,0.05294506949040367,0.3483050847457627,0.010966415352981373,-0.010731052984574108,-0.002029769959404626,0.033695652173913127,-0.0134854771784233,-0.120259019426457,-0.04518312970249205,-0.09225667341462263,-0.04421779676313098,0.019458325711846802,0.022212749905695994,PASS,0.0,93,93,model_features_v2.0,2026-03-23T08:43:03Z
02618.HK,2025-09-22,2025,9,0,2024-12-31,annual,265,CONFIRMED,V2.5,3412.0,10,1.0,182837.584,18698.413,0.102,7087.553,117867.788,54900.868,62966.92,67740.188,39712.049,7228.23,15941.503,20790.727,-840.448,-11487.704,8100.0,4300.0,22734.265000000003,28028.139,46.57834759739446,29.036886994209272,15744.864,333.561,645.798,8568.084,8.611393596187531,0.1824356856520265,0.3532085613207403,4.686172182192038,101.446,1.1839986629449477,1.7092875492605082,1.1018196155902014,2.8062633372875427,2.410233584742301,4.43016136113459,2.3518140559109555,11.37114511423428,2.75975151804675,55061.616,127775.968,87355.44,32300.0,95482.144,69.88495756977406,30.11504243022594,47.77761666332236,17.665952094400897,1600,80703.0,400156.0,8.015900634419253,-4.8070358237999065,13.4,-0.0338860850757029,-0.009608277900960749,-0.03942652329749097,0.022522818577702365,0.023754697664872072,-0.007570512071907731,-0.0038727153928527214,0.019908315592272574,-0.005800375570743643,0.03545893927635979,0.07430271463616855,-0.010727976142732909,-0.0014949020779825295,0.013271028195285473,-0.0057355625081080275,-0.04506721717732054,-0.00811337582297822,-0.05933483888976354,-0.11372923793365952,-0.05269755149277644,-0.03314121037463991,0.018982536066818545,0.0600315955766193,-0.022577610536218207,0.0672829994863895,-0.15044971381847905,0.0006285355122563896,0.02975420439844756,0.2787148594377509,-0.006101694915254252,-0.012794612794612803,-0.02201467645096744,0.04100946372239744,0.07027027027027022,-0.08077994428969348,-0.028590813967779294,-0.07689127738735024,-0.03936248229940831,0.003186334893652054,-0.07987854817123097,PASS,0.0,93,93,model_features_v2.0,2026-03-23T08:43:03Z
02618.HK,2025-09-23,2025,9,1,2024-12-31,annual,266,CONFIRMED,V2.5,3412.0,10,1.0,182837.584,18698.413,0.102,7087.553,117867.788,54900.868,62966.92,67740.188,39712.049,7228.23,15941.503,20790.727,-840.448,-11487.704,8100.0,4300.0,22734.265000000003,28028.139,46.57834759739446,29.036886994209272,15744.864,333.561,645.798,8568.084,8.611393596187531,0.1824356856520265,0.3532085613207403,4.686172182192038,101.446,1.1839986629449477,1.7092875492605082,1.1018196155902014,2.8062633372875427,2.410233584742301,4.43016136113459,2.3518140559109555,11.37114511423428,2.75975151804675,55061.616,127775.968,87355.44,32300.0,95482.144,69.88495756977406,30.11504243022594,47.77761666332236,17.665952094400897,1600,80703.0,400156.0,8.015900634419253,-4.8070358237999065,12.98,-0.0313432835820896,-0.049780380673499214,-0.06078147612156293,0.024711099158614143,0.0246192272035124,-0.007023193772884628,-0.010567539547425286,0.0248463070599243,-0.014517626491911795,0.014709608632269777,0.06655206286836957,-0.008578906977219192,-0.010232880615976603,0.015486386539695696,-0.03921284112607393,-0.06448998930576899,-0.03954750005752261,-0.08562778318148723,-0.1273335389899325,-0.07626786266125862,-0.04396423248882253,-0.013076923076922986,0.031350482315112504,-0.02791145332050049,0.006979062811565351,-0.15833333333333333,0.0012562814070353756,0.038436482084690526,0.31409727947238264,-0.01500682128240105,-0.03217158176943691,-0.029569892473118364,-0.0121212121212122,0.05958829902491858,-0.10110294117647067,-0.03670345759657623,-0.056759443485064565,-0.08821686275818974,-0.017608798904062306,-0.10936867969841779,PASS,0.0,93,93,model_features_v2.0,2026-03-23T08:43:03Z
02618.HK,2025-09-24,2025,9,2,2024-12-31,annual,267,CONFIRMED,V2.5,3412.0,10,1.0,182837.584,18698.413,0.102,7087.553,117867.788,54900.868,62966.92,67740.188,39712.049,7228.23,15941.503,20790.727,-840.448,-11487.704,8100.0,4300.0,22734.265000000003,28028.139,46.57834759739446,29.036886994209272,15744.864,333.561,645.798,8568.084,8.611393596187531,0.1824356856520265,0.3532085613207403,4.686172182192038,101.446,1.1839986629449477,1.7092875492605082,1.1018196155902014,2.8062633372875427,2.410233584742301,4.43016136113459,2.3518140559109555,11.37114511423428,2.75975151804675,55061.616,127775.968,87355.44,32300.0,95482.144,69.88495756977406,30.11504243022594,47.77761666332236,17.665952094400897,1600,80703.0,400156.0,8.015900634419253,-4.8070358237999065,12.97,-0.0007704160246533309,-0.07025089605734758,-0.024078254326561188,0.01910095112610238,0.02315726699716052,0.013743963864228048,-0.014483958349050141,0.05225389020449378,0.025310277506623846,-0.0017508019904519667,0.10980547711025657,0.016431087903387542,-0.016024068971777217,0.04686455598107808,-0.05576693770829744,-0.06850009406689561,-0.05422682708557036,-0.07633214453105497,-0.13388373143681775,-0.07094281030763927,0.036632891660171474,-0.027066569129480578,0.09645507007419618,0.011881188118811892,-0.028517110266159662,-0.12123817712811691,0.0915934755332497,0.0767326732673268,0.4320987654320987,0.006925207756232732,-0.028074866310160318,-0.01690331304935766,0.03476482617586907,0.12070874861572545,-0.05860465116279079,-0.043184326927867,-0.041733785791187916,-0.14698356932467438,-0.04217602974718726,-0.19095964467307303,PASS,0.0,93,93,model_features_v2.0,2026-03-23T08:43:03Z
02618.HK,2025-09-25,2025,9,3,2024-12-31,annual,268,CONFIRMED,V2.5,3412.0,10,1.0,182837.584,18698.413,0.102,7087.553,117867.788,54900.868,62966.92,67740.188,39712.049,7228.23,15941.503,20790.727,-840.448,-11487.704,8100.0,4300.0,22734.265000000003,28028.139,46.57834759739446,29.036886994209272,15744.864,333.561,645.798,8568.084,8.611393596187531,0.1824356856520265,0.3532085613207403,4.686172182192038,101.446,1.1839986629449477,1.7092875492605082,1.1018196155902014,2.8062633372875427,2.410233584742301,4.43016136113459,2.3518140559109555,11.37114511423428,2.75975151804675,55061.616,127775.968,87355.44,32300.0,95482.144,69.88495756977406,30.11504243022594,47.77761666332236,17.665952094400897,1600,80703.0,400156.0,8.015900634419253,-4.8070358237999065,13.1,0.010023130300693905,-0.04588492352512752,0.025039123630672844,0.02188912268478904,0.02151246102623788,-0.0012809852688580037,-0.0022667297046319312,0.05943720543609654,0.008862671295161384,0.017216745704982328,0.13025644841797135,0.00013020157354648454,-0.001300669305113189,0.059133587180985714,-0.04361819382049559,-0.06310166923010985,-0.04458425422001433,-0.0343980818054237,-0.1052173247872985,-0.03409446355031287,0.03458646616541339,0.024571854058078824,0.19444444444444442,0.0009784735812132794,-0.03033175355450235,0.005899705014749124,-0.011494252873563204,0.08585858585858586,0.4853195164075994,0.004814305364511551,0.001370801919122533,0.018118466898954688,-0.006916996047430679,0.09239130434782616,-0.04103053435114501,-0.07045677758320634,-0.01555316997062517,-0.13174350938371338,-0.04725572544425005,-0.13827622787295368,PASS,0.0,93,93,model_features_v2.0,2026-03-23T08:43:03Z
02618.HK,2025-09-26,2025,9,4,2024-12-31,annual,269,CONFIRMED,V2.5,3412.0,10,1.0,182837.584,18698.413,0.102,7087.553,117867.788,54900.868,62966.92,67740.188,39712.049,7228.23,15941.503,20790.727,-840.448,-11487.704,8100.0,4300.0,22734.265000000003,28028.139,46.57834759739446,29.036886994209272,15744.864,333.561,645.798,8568.084,8.611393596187531,0.1824356856520265,0.3532085613207403,4.686172182192038,101.446,1.1839986629449477,1.7092875492605082,1.1018196155902014,2.8062633372875427,2.410233584742301,4.43016136113459,2.3518140559109555,11.37114511423428,2.75975151804675,55061.616,127775.968,87355.44,32300.0,95482.144,69.88495756977406,30.11504243022594,47.77761666332236,17.665952094400897,1600,80703.0,400156.0,8.015900634419253,-4.8070358237999065,12.83,-0.020610687022900698,-0.07498197548666186,0.0,0.01925747332991907,0.02205707562058318,-0.01345985679268169,-0.015705346749494198,0.04189313020932617,-0.028856328154514888,-0.015777466390866857,0.09178208451776504,-0.014942485591540211,-0.01786779489562862,0.03970919844580156,-0.05927662873716766,-0.059204509095795,-0.05711418059103324,-0.04189313020932617,-0.09178208451776504,-0.03970919844580156,-0.0370639534883721,-0.04538904899135454,0.12478777589134138,-0.016617790811339184,-0.05362182502351842,-0.020447906523855974,-0.03197674418604646,0.04651162790697683,0.43906655142610185,0.015742642026009612,0.006101694915254363,0.05547652916073975,-0.015920398009950265,0.039957939011566745,-0.049038461538461475,-0.029592926495307315,-0.021360150463143435,-0.12149360339363868,-0.08108367040191622,-0.1149399144982286,PASS,0.0,93,93,model_features_v2.0,2026-03-23T08:43:03Z
02618.HK,2025-09-29,2025,9,0,2024-12-31,annual,272,CONFIRMED,V2.5,3412.0,10,1.0,182837.584,18698.413,0.102,7087.553,117867.788,54900.868,62966.92,67740.188,39712.049,7228.23,15941.503,20790.727,-840.448,-11487.704,8100.0,4300.0,22734.265000000003,28028.139,46.57834759739446,29.036886994209272,15744.864,333.561,645.798,8568.084,8.611393596187531,0.1824356856520265,0.3532085613207403,4.686172182192038,101.446,1.1839986629449477,1.7092875492605082,1.1018196155902014,2.8062633372875427,2.410233584742301,4.43016136113459,2.3518140559109555,11.37114511423428,2.75975151804675,55061.616,127775.968,87355.44,32300.0,95482.144,69.88495756977406,30.11504243022594,47.77761666332236,17.665952094400897,1600,80703.0,400156.0,8.015900634419253,-4.8070358237999065,13.02,0.014809041309431059,-0.028358208955223896,-0.004587155963302836,0.019824045373638962,0.021866165505289588,0.0189328005756233,0.010580721177461117,0.03924907348202922,0.020845473284574423,0.01060098339541482,0.09058348393505034,0.016233353844810283,0.008898948562824582,0.03642345217939158,-0.03893893013268501,-0.038959192350638716,-0.03725715751804848,-0.04383622944533205,-0.09517063989835317,-0.041010608142694416,0.030943396226414954,0.017883755588673722,0.12520593080724862,0.021868787276341894,-0.010587102983638186,-0.001941747572815511,0.04144144144144146,0.08919597989949768,0.2647702407002188,0.012803234501347793,0.025238744884038322,0.06069160197600576,-0.004044489383215444,-0.005050505050505083,-0.02378592666005952,-0.04624196454389762,-0.01777110597158571,-0.11755418885472158,-0.05359695383926222,-0.023307703904718813,PASS,0.0,93,93,model_features_v2.0,2026-03-23T08:43:03Z
02618.HK,2025-09-30,2025,9,1,2024-12-31,annual,273,CONFIRMED,V2.5,3412.0,10,1.0,182837.584,18698.413,0.102,7087.553,117867.788,54900.868,62966.92,67740.188,39712.049,7228.23,15941.503,20790.727,-840.448,-11487.704,8100.0,4300.0,22734.265000000003,28028.139,46.57834759739446,29.036886994209272,15744.864,333.561,645.798,8568.084,8.611393596187531,0.1824356856520265,0.3532085613207403,4.686172182192038,101.446,1.1839986629449477,1.7092875492605082,1.1018196155902014,2.8062633372875427,2.410233584742301,4.43016136113459,2.3518140559109555,11.37114511423428,2.75975151804675,55061.616,127775.968,87355.44,32300.0,95482.144,69.88495756977406,30.11504243022594,47.77761666332236,17.665952094400897,1600,80703.0,400156.0,8.015900634419253,-4.8070358237999065,13.1,0.006144393241167334,0.009244992295839749,0.007692307692307665,0.013824830892209957,0.021857647034275608,0.008739850835071117,0.026623219741336968,0.053301721213262265,0.022359963632051283,0.04841853330436208,0.12869078251397403,0.010705381324011443,0.028523201393248376,0.04910013868763019,-0.01737822744549722,-0.03917354100852233,-0.019278209097408627,-0.0456094135209546,-0.12099847482166637,-0.041407830995322525,0.013909224011713128,0.07950116913484018,0.15802675585284276,0.01653696498054469,0.034653465346534684,0.03363006923837797,0.02076124567474036,0.11041405269761606,0.31403118040089106,-0.018629407850964785,0.02146814404432118,0.06038820992092031,-0.007106598984771617,0.0,0.013471502590673534,-0.07025617683900043,-0.025408473050694935,-0.10116906040177631,-0.012223151748481431,0.009244992295839749,PASS,0.0,93,93,model_features_v2.0,2026-03-23T08:43:03Z
02618.HK,2025-10-02,2025,10,3,2024-12-31,annual,275,CONFIRMED,V2.5,3412.0,10,1.0,182837.584,18698.413,0.102,7087.553,117867.788,54900.868,62966.92,67740.188,39712.049,7228.23,15941.503,20790.727,-840.448,-11487.704,8100.0,4300.0,22734.265000000003,28028.139,46.57834759739446,29.036886994209272,15744.864,333.561,645.798,8568.084,8.611393596187531,0.1824356856520265,0.3532085613207403,4.686172182192038,101.446,1.1839986629449477,1.7092875492605082,1.1018196155902014,2.8062633372875427,2.410233584742301,4.43016136113459,2.3518140559109555,11.37114511423428,2.75975151804675,55061.616,127775.968,87355.44,32300.0,95482.144,69.88495756977406,30.11504243022594,47.77761666332236,17.665952094400897,1600,80703.0,400156.0,8.015900634419253,-4.8070358237999065,12.98,-0.009160305343511421,0.0007710100231301809,0.011691348402182333,0.014713474660751218,0.02174583345889846,0.01606967048909036,0.028978473640249414,0.07669403865222657,0.033592858269689385,0.05688778536014483,0.17578566225759795,0.017691676091284858,0.029798786343457895,0.07451479515971338,-0.028207463617119233,-0.056116775337014646,-0.029027776320327714,-0.06500269025004424,-0.16409431385541562,-0.06282344675753104,0.031046931407942235,0.0736842105263158,0.18309859154929575,0.012440191387559807,0.03522504892367895,0.052736318407960114,0.03446327683615813,0.05229885057471262,0.3653989560029829,0.00745762711864395,0.022008253094910613,0.05464868701206527,-0.0010224948875255935,-0.03458498023715417,0.015592515592515621,-0.07291320050318562,-0.03445403890054877,-0.05152784055158244,-0.02123724307178043,0.03535599026028435,PASS,0.0,93,93,model_features_v2.0,2026-03-23T08:43:03Z
02618.HK,2025-10-03,2025,10,4,2024-12-31,annual,276,CONFIRMED,V2.5,3412.0,10,1.0,182837.584,18698.413,0.102,7087.553,117867.788,54900.868,62966.92,67740.188,39712.049,7228.23,15941.503,20790.727,-840.448,-11487.704,8100.0,4300.0,22734.265000000003,28028.139,46.57834759739446,29.036886994209272,15744.864,333.561,645.798,8568.084,8.611393596187531,0.1824356856520265,0.3532085613207403,4.686172182192038,101.446,1.1839986629449477,1.7092875492605082,1.1018196155902014,2.8062633372875427,2.410233584742301,4.43016136113459,2.3518140559109555,11.37114511423428,2.75975151804675,55061.616,127775.968,87355.44,32300.0,95482.144,69.88495756977406,30.11504243022594,47.77761666332236,17.665952094400897,1600,80703.0,400156.0,8.015900634419253,-4.8070358237999065,12.89,-0.006933744221879756,-0.016030534351144987,0.014960629921259905,0.0138223459668282,0.02167279590941957,-0.005357839156349242,0.02477809813069287,0.08310190829382913,-0.008979688337029224,0.03819607191508645,0.1871332135956092,-0.006791182559540254,0.022672081271602806,0.08070300428996968,-0.04080863248183786,-0.054226606266231436,-0.038702615622747794,-0.06814127837256923,-0.1721725836743493,-0.06574237436870978,-0.018207282913165423,0.018895348837209225,0.1702838063439065,0.002835538752362865,0.03714565004887582,0.04635108481262318,0.010922992900054718,0.07616279069767429,0.4260400616332818,-0.013458950201884257,0.003422313483915085,0.03021784961349261,-0.01228249744114629,-0.03980099502487566,0.009414225941422494,-0.03492588318835421,-0.05317618440002081,-0.09219332504881927,-0.019452847835060072,0.023770460673730676,PASS,0.0,93,93,model_features_v2.0,2026-03-23T08:43:03Z
02618.HK,2025-10-06,2025,10,0,2024-12-31,annual,279,CONFIRMED,V2.5,3412.0,10,1.0,182837.584,18698.413,0.102,7087.553,117867.788,54900.868,62966.92,67740.188,39712.049,7228.23,15941.503,20790.727,-840.448,-11487.704,8100.0,4300.0,22734.265000000003,28028.139,46.57834759739446,29.036886994209272,15744.864,333.561,645.798,8568.084,8.611393596187531,0.1824356856520265,0.3532085613207403,4.686172182192038,101.446,1.1839986629449477,1.7092875492605082,1.1018196155902014,2.8062633372875427,2.410233584742301,4.43016136113459,2.3518140559109555,11.37114511423428,2.75975151804675,55061.616,127775.968,87355.44,32300.0,95482.144,69.88495756977406,30.11504243022594,47.77761666332236,17.665952094400897,1600,80703.0,400156.0,8.015900634419253,-4.8070358237999065,12.67,-0.01706749418153608,-0.01247077162899457,-0.03208556149732622,0.012752853086017646,0.020838787735818695,-0.006748113181130111,0.03174998660451167,0.06057877140512358,-0.01095449844100349,0.05733392950246241,0.15171122383493496,-0.008796538774981988,0.02905271197624626,0.05698880802640072,-0.04422075823350624,-0.06980470113145698,-0.04152348360524083,-0.0926643329024498,-0.18379678533226118,-0.08907436952372694,-0.021398002853067033,0.035471698113207495,0.12366912366912364,-0.004712535344015056,0.0497017892644136,0.025242718446601975,-0.02485143165856296,0.08408408408408419,0.3694992412746585,0.009549795361528002,-0.0026954177897574594,0.03135888501742157,-0.005181347150259086,-0.029322548028311468,-0.024390243902439046,-0.047942469742202065,-0.06217256089340817,-0.09655485571307876,-0.009775353839237111,0.016851776399316898,PASS,0.0,93,93,model_features_v2.0,2026-03-23T08:43:03Z
02618.HK,2025-10-08,2025,10,2,2024-12-31,annual,281,CONFIRMED,V2.5,3412.0,10,1.0,182837.584,18698.413,0.102,7087.553,117867.788,54900.868,62966.92,67740.188,39712.049,7228.23,15941.503,20790.727,-840.448,-11487.704,8100.0,4300.0,22734.265000000003,28028.139,46.57834759739446,29.036886994209272,15744.864,333.561,645.798,8568.084,8.611393596187531,0.1824356856520265,0.3532085613207403,4.686172182192038,101.446,1.1839986629449477,1.7092875492605082,1.1018196155902014,2.8062633372875427,2.410233584742301,4.43016136113459,2.3518140559109555,11.37114511423428,2.75975151804675,55061.616,127775.968,87355.44,32300.0,95482.144,69.88495756977406,30.11504243022594,47.77761666332236,17.665952094400897,1600,80703.0,400156.0,8.015900634419253,-4.8070358237999065,12.55,-0.009471191791633693,-0.036098310291858615,-0.07243163340724301,0.008433038866435096,0.01918768943209847,-0.00475966669349881,0.007759491084360359,0.04663939289792318,-0.005512724608033315,0.03003360082223172,0.1321642407125787,-0.005171607753066132,0.007377735752816861,0.04409394277443157,-0.043857801376218974,-0.06613191111409034,-0.043476046044675476,-0.1190710263051662,-0.20459587411982172,-0.11652557618167458,-0.011661807580174877,-0.007320644216691097,0.09886547811993518,-0.0179924242424242,0.008754863813229541,0.016666666666666607,-0.016066481994459814,0.02422145328719716,0.2935178441369264,-0.0175675675675675,-0.032601463739188374,-0.011556764106050221,-0.005208333333333259,-0.030456852791878042,-0.03632694248234103,-0.02877766607516752,-0.044853174105088156,-0.060319763579055774,-0.003496846552670241,-0.005641457499980573,PASS,0.0,93,93,model_features_v2.0,2026-03-23T08:43:03Z
02618.HK,2025-10-09,2025,10,3,2024-12-31,annual,282,CONFIRMED,V2.5,3412.0,10,1.0,182837.584,18698.413,0.102,7087.553,117867.788,54900.868,62966.92,67740.188,39712.049,7228.23,15941.503,20790.727,-840.448,-11487.704,8100.0,4300.0,22734.265000000003,28028.139,46.57834759739446,29.036886994209272,15744.864,333.561,645.798,8568.084,8.611393596187531,0.1824356856520265,0.3532085613207403,4.686172182192038,101.446,1.1839986629449477,1.7092875492605082,1.1018196155902014,2.8062633372875427,2.410233584742301,4.43016136113459,2.3518140559109555,11.37114511423428,2.75975151804675,55061.616,127775.968,87355.44,32300.0,95482.144,69.88495756977406,30.11504243022594,47.77761666332236,17.665952094400897,1600,80703.0,400156.0,8.015900634419253,-4.8070358237999065,12.99,0.035059760956175356,-0.008396946564885432,-0.020361990950226172,0.020800887505167502,0.020607232528424176,-0.0028651340727692265,-0.003834215335669855,0.031400104787816296,-0.006577947526860473,0.0008784872696678825,0.11024681148927562,0.0006572712088652732,-0.002637291972800715,0.031131468019861774,-0.0045627312292155775,-0.009275433834553315,-0.0057596545920847175,-0.05176209573804247,-0.1306088024395018,-0.051493458970087946,0.0007374631268435294,-0.02021660649819501,0.06431372549019598,-0.0009643201542912649,-0.008612440191387627,0.0396387355745107,-0.02421171171171166,-0.020903954802259817,0.22128259337561662,0.041953232462173196,0.027118644067796627,0.022267206477732948,0.04502617801047126,0.020449897750511425,0.017329255861366022,0.011819659933309579,0.0002154936265021945,0.012507008237374384,-0.03551559063268206,-0.028846844315396858,PASS,0.0,93,93,model_features_v2.0,2026-03-23T08:43:03Z
02618.HK,2025-10-10,2025,10,4,2024-12-31,annual,283,CONFIRMED,V2.5,3412.0,10,1.0,182837.584,18698.413,0.102,7087.553,117867.788,54900.868,62966.92,67740.188,39712.049,7228.23,15941.503,20790.727,-840.448,-11487.704,8100.0,4300.0,22734.265000000003,28028.139,46.57834759739446,29.036886994209272,15744.864,333.561,645.798,8568.084,8.611393596187531,0.1824356856520265,0.3532085613207403,4.686172182192038,101.446,1.1839986629449477,1.7092875492605082,1.1018196155902014,2.8062633372875427,2.410233584742301,4.43016136113459,2.3518140559109555,11.37114511423428,2.75975151804675,55061.616,127775.968,87355.44,32300.0,95482.144,69.88495756977406,30.11504243022594,47.77761666332236,17.665952094400897,1600,80703.0,400156.0,8.015900634419253,-4.8070358237999065,12.91,-0.006158583525789019,-0.005392912172573205,-0.067870036101083,0.020567057151581587,0.017643475305149384,-0.017279448457140023,-0.036530055205532874,0.0034373704688426265,-0.03269647399147624,-0.06331271341910494,0.06049106424359074,-0.018028040795368017,-0.03764348726847844,0.0032332373956713845,0.03113714303295967,0.05791980124653173,0.03225057509590523,-0.07130740656992562,-0.12836110034467374,-0.07110327349675438,-0.028739867354458215,-0.07703081232492992,-0.002271006813020282,-0.018339768339768248,-0.03875236294896023,0.0,-0.04558568955568376,-0.09666848716548326,0.15826330532212873,-0.013861386138613874,0.0053835800807537915,-0.012557832121612766,-0.04809619238476959,-0.02763561924257929,-0.02763561924257929,0.07163790015235671,0.03335945077638702,0.09127557499291006,-0.010776492253326997,0.022242707070006085,PASS,0.0,93,93,model_features_v2.0,2026-03-23T08:43:03Z
02618.HK,2025-10-13,2025,10,0,2024-12-31,annual,286,CONFIRMED,V2.5,3412.0,10,1.0,182837.584,18698.413,0.102,7087.553,117867.788,54900.868,62966.92,67740.188,39712.049,7228.23,15941.503,20790.727,-840.448,-11487.704,8100.0,4300.0,22734.265000000003,28028.139,46.57834759739446,29.036886994209272,15744.864,333.561,645.798,8568.084,8.611393596187531,0.1824356856520265,0.3532085613207403,4.686172182192038,101.446,1.1839986629449477,1.7092875492605082,1.1018196155902014,2.8062633372875427,2.410233584742301,4.43016136113459,2.3518140559109555,11.37114511423428,2.75975151804675,55061.616,127775.968,87355.44,32300.0,95482.144,69.88495756977406,30.11504243022594,47.77761666332236,17.665952094400897,1600,80703.0,400156.0,8.015900634419253,-4.8070358237999065,12.52,-0.030209140201394313,-0.0287044220325835,-0.08211143695014667,0.02452357438970769,0.018474465486726963,-0.015246676343232068,-0.04610897493526378,-0.00754571744883914,-0.018249930109029866,-0.07207471103829921,0.04359823868142243,-0.014509043172644676,-0.04512160596311077,-0.00407224005156448,0.01740455290268028,0.04337028900571571,0.016417183930527268,-0.07456571950130753,-0.1257096756315691,-0.07803919689858219,-0.036418816388467445,-0.0941512125534949,-0.02157164869029282,-0.01868239921337267,-0.059377945334589954,0.03366131538063177,-0.01692865779927455,-0.12155591572123181,0.13468248429867402,-0.029451137884872858,-0.010914051841746208,-0.024226110363391617,0.02210526315789485,0.006217616580310947,0.002063983488132193,0.0654467905209114,0.030673523302006456,0.09285149368864831,-0.01779037019083729,-0.034922038612894446,PASS,0.0,93,93,model_features_v2.0,2026-03-23T08:43:03Z
02618.HK,2025-10-14,2025,10,1,2024-12-31,annual,287,CONFIRMED,V2.5,3412.0,10,1.0,182837.584,18698.413,0.102,7087.553,117867.788,54900.868,62966.92,67740.188,39712.049,7228.23,15941.503,20790.727,-840.448,-11487.704,8100.0,4300.0,22734.265000000003,28028.139,46.57834759739446,29.036886994209272,15744.864,333.561,645.798,8568.084,8.611393596187531,0.1824356856520265,0.3532085613207403,4.686172182192038,101.446,1.1839986629449477,1.7092875492605082,1.1018196155902014,2.8062633372875427,2.410233584742301,4.43016136113459,2.3518140559109555,11.37114511423428,2.75975151804675,55061.616,127775.968,87355.44,32300.0,95482.144,69.88495756977406,30.11504243022594,47.77761666332236,17.665952094400897,1600,80703.0,400156.0,8.015900634419253,-4.8070358237999065,12.22,-0.023961661341852958,-0.03551696921862657,-0.11127272727272719,0.025505817823240427,0.018749386558306366,-0.017309347271555864,-0.056251685506627624,-0.035880106835793124,-0.03616461449090469,-0.0957269132711479,-0.011021376561751284,-0.015546680437841132,-0.05162437222926819,-0.030515973441919253,0.020734716288001054,0.060209944052521336,0.01610740301064162,-0.07539262043693407,-0.1002513507109759,-0.08075675383080794,-0.0047244094488188,-0.07871720116618064,-0.0402429764616552,-0.01503006012024044,-0.06912878787878785,0.018125323666493998,-0.043050430504305015,-0.13795013850415516,0.02978160158835208,-0.017931034482758568,-0.037837837837837784,-0.04493628437290398,-0.010298661174047541,0.0010416666666666075,-0.003112033195020847,0.04320023194755407,0.033611818660161275,0.10243316928552859,0.002320868619211214,-0.03655863588529318,PASS,0.0,93,93,model_features_v2.0,2026-03-23T08:43:03Z
02618.HK,2025-10-15,2025,10,2,2024-12-31,annual,288,CONFIRMED,V2.5,3412.0,10,1.0,182837.584,18698.413,0.102,7087.553,117867.788,54900.868,62966.92,67740.188,39712.049,7228.23,15941.503,20790.727,-840.448,-11487.704,8100.0,4300.0,22734.265000000003,28028.139,46.57834759739446,29.036886994209272,15744.864,333.561,645.798,8568.084,8.611393596187531,0.1824356856520265,0.3532085613207403,4.686172182192038,101.446,1.1839986629449477,1.7092875492605082,1.1018196155902014,2.8062633372875427,2.410233584742301,4.43016136113459,2.3518140559109555,11.37114511423428,2.75975151804675,55061.616,127775.968,87355.44,32300.0,95482.144,69.88495756977406,30.11504243022594,47.77761666332236,17.665952094400897,1600,80703.0,400156.0,8.015900634419253,-4.8070358237999065,12.46,0.019639934533551617,-0.007171314741035828,-0.07908351810790826,0.027987750458225998,0.019402566510713187,0.01844438286490302,-0.03424817346305142,-0.02026577369608762,0.02566323274683202,-0.06737906017478756,0.005238590842228552,0.018916947938380613,-0.028660613550881564,-0.014262443868331198,0.027076858722015595,0.060207745433751736,0.021489298809845736,-0.05881774441182064,-0.08432210895013681,-0.06482107423957706,0.020569620253164445,-0.04867256637168138,-0.020501138952163878,0.016276703967446737,-0.03664416586306651,0.026194144838212807,0.03856041131105403,-0.09009009009009006,0.04527813712807238,0.021769662921348187,0.0006877579092159358,-0.02020202020202022,0.05619146722164414,0.06282722513089012,0.09729729729729741,0.04150125163064555,0.029472851122030685,0.08291877534905423,-0.007859072650251764,-0.06999853987192595,PASS,0.0,93,93,model_features_v2.0,2026-03-23T08:43:03Z
02618.HK,2025-10-16,2025,10,3,2024-12-31,annual,289,CONFIRMED,V2.5,3412.0,10,1.0,182837.584,18698.413,0.102,7087.553,117867.788,54900.868,62966.92,67740.188,39712.049,7228.23,15941.503,20790.727,-840.448,-11487.704,8100.0,4300.0,22734.265000000003,28028.139,46.57834759739446,29.036886994209272,15744.864,333.561,645.798,8568.084,8.611393596187531,0.1824356856520265,0.3532085613207403,4.686172182192038,101.446,1.1839986629449477,1.7092875492605082,1.1018196155902014,2.8062633372875427,2.410233584742301,4.43016136113459,2.3518140559109555,11.37114511423428,2.75975151804675,55061.616,127775.968,87355.44,32300.0,95482.144,69.88495756977406,30.11504243022594,47.77761666332236,17.665952094400897,1600,80703.0,400156.0,8.015900634419253,-4.8070358237999065,12.46,0.0,-0.040800615858352485,-0.08784773060029283,0.01987009227784001,0.019167194083746494,-0.0008525468341141762,-0.03229892881399532,-0.020802987762926106,-0.011803590622309845,-0.07228487453912169,-0.012192192389834156,0.0009242122713433165,-0.02840149349518839,-0.013522737948677532,-0.008501687044357165,0.031484258680769206,-0.012399122363164095,-0.06704474283736672,-0.07565553821045867,-0.0743249926516153,-0.006976744186046546,-0.056005895357405966,-0.014615384615384697,-0.01151151151151153,-0.046814671814671804,-0.015453639082751769,-0.0024752475247524774,-0.06982111944604741,0.05016286644951129,0.008934707903780037,-0.031023102310230977,-0.0160857908847184,0.01871921182266001,0.03607214428857719,0.12026002166847238,0.015205279499053481,0.00601405595631932,0.029020503587694924,-0.009777513548121508,-0.07687276014692968,PASS,0.0,93,93,model_features_v2.0,2026-03-23T08:43:03Z
02618.HK,2025-10-17,2025,10,4,2024-12-31,annual,290,CONFIRMED,V2.5,3412.0,10,1.0,182837.584,18698.413,0.102,7087.553,117867.788,54900.868,62966.92,67740.188,39712.049,7228.23,15941.503,20790.727,-840.448,-11487.704,8100.0,4300.0,22734.265000000003,28028.139,46.57834759739446,29.036886994209272,15744.864,333.561,645.798,8568.084,8.611393596187531,0.1824356856520265,0.3532085613207403,4.686172182192038,101.446,1.1839986629449477,1.7092875492605082,1.1018196155902014,2.8062633372875427,2.410233584742301,4.43016136113459,2.3518140559109555,11.37114511423428,2.75975151804675,55061.616,127775.968,87355.44,32300.0,95482.144,69.88495756977406,30.11504243022594,47.77761666332236,17.665952094400897,1600,80703.0,400156.0,8.015900634419253,-4.8070358237999065,12.07,-0.031300160513643704,-0.06506584043377228,-0.1347670250896057,0.022279113568965492,0.019067388253450276,-0.024775856161671772,-0.039680764631240706,-0.06173873650560291,-0.040505966459900455,-0.07977475138783496,-0.090596504079416,-0.026728365954286404,-0.037009909296957466,-0.06093715210969841,-0.025385075802531576,0.014708910954062682,-0.028055931136814816,-0.07302828858400279,-0.0441705210101897,-0.07382987297990729,-0.031225604996096834,-0.05842185128983324,-0.09217264081931231,-0.04303797468354431,-0.07079646017699115,-0.10171102661596965,-0.04218362282878396,-0.0665054413542926,-0.04455445544554448,-0.028610354223433387,-0.045515394912985396,-0.046791443850267345,-0.04255319148936165,0.04210526315789487,0.09634551495016619,-0.006643989143939044,0.005730619743218868,0.001439600920520312,-0.019550445520786885,-0.10717110359166715,PASS,0.0,93,93,model_features_v2.0,2026-03-23T08:43:03Z
02618.HK,2025-10-20,2025,10,0,2024-12-31,annual,293,CONFIRMED,V2.5,3412.0,10,1.0,182837.584,18698.413,0.102,7087.553,117867.788,54900.868,62966.92,67740.188,39712.049,7228.23,15941.503,20790.727,-840.448,-11487.704,8100.0,4300.0,22734.265000000003,28028.139,46.57834759739446,29.036886994209272,15744.864,333.561,645.798,8568.084,8.611393596187531,0.1824356856520265,0.3532085613207403,4.686172182192038,101.446,1.1839986629449477,1.7092875492605082,1.1018196155902014,2.8062633372875427,2.410233584742301,4.43016136113459,2.3518140559109555,11.37114511423428,2.75975151804675,55061.616,127775.968,87355.44,32300.0,95482.144,69.88495756977406,30.11504243022594,47.77761666332236,17.665952094400897,1600,80703.0,400156.0,8.015900634419253,-4.8070358237999065,12.31,0.01988400994200501,-0.016773162939297093,-0.10342316096139836,0.023903064580782465,0.01985838206704654,0.02422971351165093,-0.001183878548352335,-0.025843807744251546,0.029996284967311215,-0.0345520550776095,-0.05390498180577308,0.024489673402030343,0.0010983831753068607,-0.02367145847214369,-0.015589284390944758,0.017778892138312408,-0.017871546114603953,-0.07757935321714682,-0.049518179155625286,-0.07975170248925467,0.029814665592264422,0.006299212598425141,-0.04839910647803436,0.022751322751322745,-0.0315631262525049,-0.08388625592417054,0.04857512953367871,-0.004305043050430446,0.022095959595959558,0.039270687237026536,0.022068965517241246,0.015764222069910794,0.02929292929292915,0.04943357363542722,0.10760869565217401,-0.023072375537722234,0.01478996331320781,-0.012468119888866647,-0.03884212845653834,-0.06620673657472431,PASS,0.0,93,93,model_features_v2.0,2026-03-23T08:43:03Z
02618.HK,2025-10-21,2025,10,1,2024-12-31,annual,294,CONFIRMED,V2.5,3412.0,10,1.0,182837.584,18698.413,0.102,7087.553,117867.788,54900.868,62966.92,67740.188,39712.049,7228.23,15941.503,20790.727,-840.448,-11487.704,8100.0,4300.0,22734.265000000003,28028.139,46.57834759739446,29.036886994209272,15744.864,333.561,645.798,8568.084,8.611393596187531,0.1824356856520265,0.3532085613207403,4.686172182192038,101.446,1.1839986629449477,1.7092875492605082,1.1018196155902014,2.8062633372875427,2.410233584742301,4.43016136113459,2.3518140559109555,11.37114511423428,2.75975151804675,55061.616,127775.968,87355.44,32300.0,95482.144,69.88495756977406,30.11504243022594,47.77761666332236,17.665952094400897,1600,80703.0,400156.0,8.015900634419253,-4.8070358237999065,12.54,0.018683996750609166,0.026186579378068675,-0.09589041095890416,0.022164650516294633,0.020291928912504795,0.006524657148061053,0.023041230123401535,-0.019497006980572662,0.01260203230313639,0.01429618149464984,-0.04551332767753036,0.007580714459332283,0.02461681434776164,-0.017914188150008115,0.00314534925466714,0.011890397883418835,0.0015697650303070354,-0.0763934039783315,-0.0503770832813738,-0.07797622280889605,0.0062597809076681,0.01740506329113911,-0.07348703170028825,-0.0015519917227109215,-0.01831129196337744,-0.09219190968955782,0.019765287214329685,0.06105398457583555,0.037712130735386484,0.011470985155195734,0.05266853932584259,0.01627118644067793,0.01962708537782154,0.08116545265348618,0.09253417455310209,0.008781516086929564,0.044497871341446116,-0.034867405197766876,-0.026481959947773914,-0.054978873275417506,PASS,0.0,93,93,model_features_v2.0,2026-03-23T08:43:03Z
02618.HK,2025-10-22,2025,10,2,2024-12-31,annual,295,CONFIRMED,V2.5,3412.0,10,1.0,182837.584,18698.413,0.102,7087.553,117867.788,54900.868,62966.92,67740.188,39712.049,7228.23,15941.503,20790.727,-840.448,-11487.704,8100.0,4300.0,22734.265000000003,28028.139,46.57834759739446,29.036886994209272,15744.864,333.561,645.798,8568.084,8.611393596187531,0.1824356856520265,0.3532085613207403,4.686172182192038,101.446,1.1839986629449477,1.7092875492605082,1.1018196155902014,2.8062633372875427,2.410233584742301,4.43016136113459,2.3518140559109555,11.37114511423428,2.75975151804675,55061.616,127775.968,87355.44,32300.0,95482.144,69.88495756977406,30.11504243022594,47.77761666332236,17.665952094400897,1600,80703.0,400156.0,8.015900634419253,-4.8070358237999065,12.42,-0.009569377990430561,-0.0032102728731943087,-0.07313432835820899,0.021299525930864448,0.01915613819519847,-0.009443070899873396,-0.004972096362106604,-0.021347062382753745,-0.014122977260092373,-0.025049092468318324,-0.05350348598813337,-0.008479282429714963,-0.0029326717430252502,-0.015681829266411706,0.0017618234889122952,0.021838819595124015,-0.0002776011301690584,-0.05178726597545524,-0.01963084237007562,-0.05745249909179728,-0.013996889580093264,-0.01705426356589146,-0.055141579731743606,-0.004145077720207335,-0.03803803803803818,-0.07507218479307032,-0.019382192610538973,0.0018564356435644136,0.016959798994975017,-0.018012008005336977,0.011683848797250818,0.004092769440654731,0.007699711260827691,0.03152709359605921,0.05757575757575761,0.01384399069269715,0.03482776516484387,-0.005066708516758722,-0.014894121670445126,-0.03473736646925352,PASS,0.0,93,93,model_features_v2.0,2026-03-23T08:43:03Z
02618.HK,2025-10-23,2025,10,3,2024-12-31,annual,296,CONFIRMED,V2.5,3412.0,10,1.0,182837.584,18698.413,0.102,7087.553,117867.788,54900.868,62966.92,67740.188,39712.049,7228.23,15941.503,20790.727,-840.448,-11487.704,8100.0,4300.0,22734.265000000003,28028.139,46.57834759739446,29.036886994209272,15744.864,333.561,645.798,8568.084,8.611393596187531,0.1824356856520265,0.3532085613207403,4.686172182192038,101.446,1.1839986629449477,1.7092875492605082,1.1018196155902014,2.8062633372875427,2.410233584742301,4.43016136113459,2.3518140559109555,11.37114511423428,2.75975151804675,55061.616,127775.968,87355.44,32300.0,95482.144,69.88495756977406,30.11504243022594,47.77761666332236,17.665952094400897,1600,80703.0,400156.0,8.015900634419253,-4.8070358237999065,12.67,0.020128824476650653,0.016853932584269593,-0.023882896764252703,0.02322361799608234,0.018686750446826494,0.007222545232542288,0.0030697015780360992,-0.0073068207187397816,0.004788041377051355,-0.008679849955693042,-0.034961553803595335,0.008343646385325032,0.004458172896869561,0.001119484410680327,0.013784231006233494,0.025533782539962635,0.012395759687400032,-0.016576076045512922,0.011078657039342632,-0.02500238117493303,0.014984227129337446,0.004683840749414525,0.003117692907248504,0.04058272632674309,0.012658227848101333,-0.00990099009900991,0.016676961087090714,0.021091811414392092,0.03262233375156831,0.009510869565217517,0.012261580381471182,0.02908587257617712,-0.015281757402101248,-0.0029013539651836506,0.05419222903885501,0.012170091834855068,0.00419570473616826,-0.004237878830122499,0.004592352202798411,0.019755286549453244,PASS,0.0,93,93,model_features_v2.0,2026-03-23T08:43:03Z
02618.HK,2025-10-24,2025,10,4,2024-12-31,annual,297,CONFIRMED,V2.5,3412.0,10,1.0,182837.584,18698.413,0.102,7087.553,117867.788,54900.868,62966.92,67740.188,39712.049,7228.23,15941.503,20790.727,-840.448,-11487.704,8100.0,4300.0,22734.265000000003,28028.139,46.57834759739446,29.036886994209272,15744.864,333.561,645.798,8568.084,8.611393596187531,0.1824356856520265,0.3532085613207403,4.686172182192038,101.446,1.1839986629449477,1.7092875492605082,1.1018196155902014,2.8062633372875427,2.410233584742301,4.43016136113459,2.3518140559109555,11.37114511423428,2.75975151804675,55061.616,127775.968,87355.44,32300.0,95482.144,69.88495756977406,30.11504243022594,47.77761666332236,17.665952094400897,1600,80703.0,400156.0,8.015900634419253,-4.8070358237999065,12.61,-0.0047355958958169575,0.04473902236951122,-0.02775636083269095,0.01474369887246218,0.01870474340879234,0.007400267560280005,0.03616454959183435,-0.013518787721094383,0.0182207697283856,0.05199483367416735,-0.04163431201220902,0.0067951790631584075,0.039055912725447506,-0.008371268287426292,0.008574472777676867,-0.0072558113046561346,0.005683109644063711,-0.014237573111596569,0.013877951179518067,-0.01938509254526466,0.0007770007770009357,0.037872683319903455,-0.03157894736842093,0.006000000000000005,0.06455026455026447,-0.015655577299413026,0.02247873633049835,0.0900259067357514,-0.03275862068965507,0.0020188425302827273,0.044179523141655075,0.02407152682255842,0.010669253152279179,0.05252525252525242,0.029644268774703608,0.006866339049607761,-0.019811242180753252,-0.04528688436624018,0.0005594992278561417,-0.007786230155741203,PASS,0.0,93,93,model_features_v2.0,2026-03-23T08:43:03Z
02618.HK,2025-10-27,2025,10,0,2024-12-31,annual,300,CONFIRMED,V2.5,3412.0,10,1.0,182837.584,18698.413,0.102,7087.553,117867.788,54900.868,62966.92,67740.188,39712.049,7228.23,15941.503,20790.727,-840.448,-11487.704,8100.0,4300.0,22734.265000000003,28028.139,46.57834759739446,29.036886994209272,15744.864,333.561,645.798,8568.084,8.611393596187531,0.1824356856520265,0.3532085613207403,4.686172182192038,101.446,1.1839986629449477,1.7092875492605082,1.1018196155902014,2.8062633372875427,2.410233584742301,4.43016136113459,2.3518140559109555,11.37114511423428,2.75975151804675,55061.616,127775.968,87355.44,32300.0,95482.144,69.88495756977406,30.11504243022594,47.77761666332236,17.665952094400897,1600,80703.0,400156.0,8.015900634419253,-4.8070358237999065,12.75,0.011102299762093537,0.035743298131600376,-0.026717557251908386,0.013582200831117053,0.018740467957633133,0.010456744322949296,0.022231090888489513,-0.0019248863871490496,0.018348517877387227,0.04009829484070071,-0.03262326408211691,0.011029469660823743,0.025404331214287312,0.002435352063581364,0.013512207243110863,-0.004354996709100334,0.010338966917313064,-0.024792670864759336,0.005905706830208524,-0.02915290931548975,0.02329192546583858,0.031298904538341166,-0.04215116279069753,0.013916500994035852,0.0553543714433522,-0.0029325513196480912,0.03149138443256083,0.07226683137739331,0.009302325581395321,0.004701141705842682,0.009446693657219951,0.023956194387405816,-0.0009596928982725794,0.02158979391560356,0.035820895522387985,0.0044443935932592105,-0.019611073311751825,-0.03652353324579294,0.026296604474380425,0.014153504215996815,PASS,0.0,93,93,model_features_v2.0,2026-03-23T08:43:03Z
02618.HK,2025-10-28,2025,10,1,2024-12-31,annual,301,CONFIRMED,V2.5,3412.0,10,1.0,182837.584,18698.413,0.102,7087.553,117867.788,54900.868,62966.92,67740.188,39712.049,7228.23,15941.503,20790.727,-840.448,-11487.704,8100.0,4300.0,22734.265000000003,28028.139,46.57834759739446,29.036886994209272,15744.864,333.561,645.798,8568.084,8.611393596187531,0.1824356856520265,0.3532085613207403,4.686172182192038,101.446,1.1839986629449477,1.7092875492605082,1.1018196155902014,2.8062633372875427,2.410233584742301,4.43016136113459,2.3518140559109555,11.37114511423428,2.75975151804675,55061.616,127775.968,87355.44,32300.0,95482.144,69.88495756977406,30.11504243022594,47.77761666332236,17.665952094400897,1600,80703.0,400156.0,8.015900634419253,-4.8070358237999065,12.58,-0.013333333333333308,0.0031897926634769647,-0.019485580670303926,0.014297076706293158,0.0184112280213019,-0.003312438289002295,0.012240491325537839,0.008341179262252973,-0.012581266164107485,0.014231167421778546,-0.01641133087225244,-0.009657501372179245,0.007861179660891615,0.007813571039726241,-0.009050698662060874,-0.011041374758301581,-0.0046713869974146505,-0.0278267599325569,-0.003074249798051487,-0.027299151710030167,-0.007587253414264028,0.017107309486780853,-0.012830188679245236,-0.019607843137254943,0.03626943005181338,-0.005964214711729587,-0.01497695852534564,0.03573591762568151,0.027027027027026973,-0.004679144385026701,-0.006671114076050699,0.003369272237196741,-0.028818443804034644,-0.02694898941289714,0.022244691607684386,-0.013917516823303888,-0.033079637388336414,-0.03254612496220455,0.009860906739527664,0.030138782076374104,PASS,0.0,93,93,model_features_v2.0,2026-03-23T08:43:03Z
02618.HK,2025-10-30,2025,10,3,2024-12-31,annual,303,CONFIRMED,V2.5,3412.0,10,1.0,182837.584,18698.413,0.102,7087.553,117867.788,54900.868,62966.92,67740.188,39712.049,7228.23,15941.503,20790.727,-840.448,-11487.704,8100.0,4300.0,22734.265000000003,28028.139,46.57834759739446,29.036886994209272,15744.864,333.561,645.798,8568.084,8.611393596187531,0.1824356856520265,0.3532085613207403,4.686172182192038,101.446,1.1839986629449477,1.7092875492605082,1.1018196155902014,2.8062633372875427,2.410233584742301,4.43016136113459,2.3518140559109555,11.37114511423428,2.75975151804675,55061.616,127775.968,87355.44,32300.0,95482.144,69.88495756977406,30.11504243022594,47.77761666332236,17.665952094400897,1600,80703.0,400156.0,8.015900634419253,-4.8070358237999065,12.57,-0.0007949125596183881,0.012077294685990392,-0.034562211981566726,0.013216242204418081,0.018040855893895244,-0.0024083224335709197,0.019429232360695048,-0.012778106651121224,-0.006840142842138297,0.02172345853262403,-0.043086531999841804,-0.003085573309499212,0.01334377819899335,-0.011345293300219716,-0.007351937674704656,-0.009646163846633637,-0.0012664835130029584,-0.021784105330445502,0.008524320018275078,-0.02321691868134701,0.000764525993883769,0.032334384858044185,-0.04172767203513905,0.02400000000000002,0.0655567117585849,-0.0038910505836574627,0.006432748538011568,0.06300185299567618,-0.007497116493656364,-0.040967092008059036,-0.029891304347825942,-0.04990019960079839,-0.010880316518298683,-0.04489016236867249,0.015228426395939021,-0.020257090172053793,-0.053479417072594515,-0.050924558309685786,0.041968599033816334,0.056967457054662884,PASS,0.0,93,93,model_features_v2.0,2026-03-23T08:43:03Z
02618.HK,2025-10-31,2025,10,4,2024-12-31,annual,304,CONFIRMED,V2.5,3412.0,10,1.0,182837.584,18698.413,0.102,7087.553,117867.788,54900.868,62966.92,67740.188,39712.049,7228.23,15941.503,20790.727,-840.448,-11487.704,8100.0,4300.0,22734.265000000003,28028.139,46.57834759739446,29.036886994209272,15744.864,333.561,645.798,8568.084,8.611393596187531,0.1824356856520265,0.3532085613207403,4.686172182192038,101.446,1.1839986629449477,1.7092875492605082,1.1018196155902014,2.8062633372875427,2.410233584742301,4.43016136113459,2.3518140559109555,11.37114511423428,2.75975151804675,55061.616,127775.968,87355.44,32300.0,95482.144,69.88495756977406,30.11504243022594,47.77761666332236,17.665952094400897,1600,80703.0,400156.0,8.015900634419253,-4.8070358237999065,12.66,0.007159904534606243,-0.0007892659826361781,-0.03358778625954195,0.00968618128652043,0.01806521984533089,-0.014307515707105978,-0.002361754745652034,-0.03533383776022547,-0.023741853609528518,-0.007287299733678365,-0.0862371358840397,-0.019073813744066137,-0.014209638471736175,-0.040474792271738114,0.0015724887630158557,0.006498033751042187,0.013420372489099996,0.0017460515006835209,0.05264934962449774,0.006887006012196162,-0.025210084033613578,-0.008547008547008517,-0.07870036101083033,-0.00390625,0.020000000000000018,-0.02392344497607657,-0.04067402672864617,0.0030376670716889542,-0.06723163841807911,-0.001400560224089742,-0.04037685060565277,-0.03322033898305088,-0.0029999999999998916,-0.032977691561590694,0.01942740286298572,0.0077577425643723386,-0.020789265982636196,-0.0038269330543251323,0.03958758462301659,0.032188425578954516,PASS,0.0,93,93,model_features_v2.0,2026-03-23T08:43:03Z
02618.HK,2025-11-03,2025,11,0,2024-12-31,annual,307,CONFIRMED,V2.5,3412.0,10,1.0,182837.584,18698.413,0.102,7087.553,117867.788,54900.868,62966.92,67740.188,39712.049,7228.23,15941.503,20790.727,-840.448,-11487.704,8100.0,4300.0,22734.265000000003,28028.139,46.57834759739446,29.036886994209272,15744.864,333.561,645.798,8568.084,8.611393596187531,0.1824356856520265,0.3532085613207403,4.686172182192038,101.446,1.1839986629449477,1.7092875492605082,1.1018196155902014,2.8062633372875427,2.410233584742301,4.43016136113459,2.3518140559109555,11.37114511423428,2.75975151804675,55061.616,127775.968,87355.44,32300.0,95482.144,69.88495756977406,30.11504243022594,47.77761666332236,17.665952094400897,1600,80703.0,400156.0,8.015900634419253,-4.8070358237999065,12.75,0.007109004739336511,0.011102299762093537,-0.017719568567026278,0.009723580372524887,0.018070881067314762,0.00971603816008626,-6.84246841092806e-05,-0.0413660364303744,0.0024373400495592,-0.022675329090132146,-0.11378062685736345,0.009832535666028264,-0.011235650389652352,-0.047884741204477055,0.011170724446202818,0.03377762885222568,0.02233795015174589,0.02364646786334812,0.09606105829033718,0.030165172637450777,-0.0031347962382444194,-0.012422360248447228,-0.10924369747899165,0.002941176470588225,0.016898608349900535,-0.03308128544423439,-0.011508176862507602,-0.030303030303030387,-0.10868377935554341,0.024544179523141585,-0.018804566823371505,-0.01682368775235532,0.014042126379137265,-0.029750479846449185,0.03480040941658147,0.023524660010540765,-0.0057963085878069975,0.041405330065123924,0.02990686658546504,0.04085277960854272,PASS,0.0,93,93,model_features_v2.0,2026-03-23T08:43:03Z
02618.HK,2025-11-04,2025,11,1,2024-12-31,annual,308,CONFIRMED,V2.5,3412.0,10,1.0,182837.584,18698.413,0.102,7087.553,117867.788,54900.868,62966.92,67740.188,39712.049,7228.23,15941.503,20790.727,-840.448,-11487.704,8100.0,4300.0,22734.265000000003,28028.139,46.57834759739446,29.036886994209272,15744.864,333.561,645.798,8568.084,8.611393596187531,0.1824356856520265,0.3532085613207403,4.686172182192038,101.446,1.1839986629449477,1.7092875492605082,1.1018196155902014,2.8062633372875427,2.410233584742301,4.43016136113459,2.3518140559109555,11.37114511423428,2.75975151804675,55061.616,127775.968,87355.44,32300.0,95482.144,69.88495756977406,30.11504243022594,47.77761666332236,17.665952094400897,1600,80703.0,400156.0,8.015900634419253,-4.8070358237999065,12.54,-0.016470588235294237,-0.016470588235294237,-0.027152831652443865,0.011159736026794624,0.018366374467472787,-0.007873582288797865,-0.018207818050443136,-0.04379070422078535,-0.017592292418041056,-0.05716827524517587,-0.12148244335897695,-0.009236742348332494,-0.031055555286214287,-0.05022911708024358,0.0017372298151488996,0.04069768700988163,0.01458496705092005,0.016637872568341483,0.09432961170653309,0.023076285427799714,-0.029874213836477925,-0.06373292867981795,-0.11982881597717532,-0.02346041055718462,-0.020588235294117574,-0.0584354382657869,-0.025735294117646967,-0.0841013824884792,-0.14100486223662878,-0.007529089664613187,-0.03074866310160429,-0.010914051841746208,-0.01879327398615227,-0.047070124879923125,0.02797927461139893,0.04726234044452371,0.004117647058823337,0.06763079425318497,0.014278074866310053,0.03059953664462889,PASS,0.0,93,93,model_features_v2.0,2026-03-23T08:43:03Z
02618.HK,2025-11-05,2025,11,2,2024-12-31,annual,309,CONFIRMED,V2.5,3412.0,10,1.0,182837.584,18698.413,0.102,7087.553,117867.788,54900.868,62966.92,67740.188,39712.049,7228.23,15941.503,20790.727,-840.448,-11487.704,8100.0,4300.0,22734.265000000003,28028.139,46.57834759739446,29.036886994209272,15744.864,333.561,645.798,8568.084,8.611393596187531,0.1824356856520265,0.3532085613207403,4.686172182192038,101.446,1.1839986629449477,1.7092875492605082,1.1018196155902014,2.8062633372875427,2.410233584742301,4.43016136113459,2.3518140559109555,11.37114511423428,2.75975151804675,55061.616,127775.968,87355.44,32300.0,95482.144,69.88495756977406,30.11504243022594,47.77761666332236,17.665952094400897,1600,80703.0,400156.0,8.015900634419253,-4.8070358237999065,12.41,-0.010366826156299802,-0.013513513513513487,-0.020520915548539853,0.010553071143914941,0.01812146560387132,-0.0006546600699742777,-0.015589760017976073,-0.03792450191540331,-0.005575521330150157,-0.05047887564331466,-0.1167045784162557,-0.0010868307391801446,-0.022670068741082128,-0.042841676968636944,0.0020762465044625866,0.03696536212980117,0.009156555227568641,0.017403586366863455,0.09618366286771585,0.02232076142009709,-0.004862236628849326,-0.061162079510703515,-0.10495626822157433,0.013013013013013053,0.01200000000000001,-0.04166666666666663,-0.0031446540880503138,-0.07309941520467833,-0.12188365650969524,0.0006896551724138167,-0.025520483546004114,-0.019594594594594672,0.0,-0.01879327398615227,0.03333333333333344,0.04764856599719003,-0.025513513513513497,0.059585901691164844,0.012006970032490627,0.005279760472638784,PASS,0.0,93,93,model_features_v2.0,2026-03-23T08:43:03Z
02618.HK,2025-11-06,2025,11,3,2024-12-31,annual,310,CONFIRMED,V2.5,3412.0,10,1.0,182837.584,18698.413,0.102,7087.553,117867.788,54900.868,62966.92,67740.188,39712.049,7228.23,15941.503,20790.727,-840.448,-11487.704,8100.0,4300.0,22734.265000000003,28028.139,46.57834759739446,29.036886994209272,15744.864,333.561,645.798,8568.084,8.611393596187531,0.1824356856520265,0.3532085613207403,4.686172182192038,101.446,1.1839986629449477,1.7092875492605082,1.1018196155902014,2.8062633372875427,2.410233584742301,4.43016136113459,2.3518140559109555,11.37114511423428,2.75975151804675,55061.616,127775.968,87355.44,32300.0,95482.144,69.88495756977406,30.11504243022594,47.77761666332236,17.665952094400897,1600,80703.0,400156.0,8.015900634419253,-4.8070358237999065,12.55,0.011281224818694646,-0.0015910898965790787,0.0,0.012323637429716414,0.018197634339043058,0.021225421152007984,0.007731704783642934,-0.012805326681938345,0.027371950534493594,-0.01777003714621861,-0.08749668032403102,0.021032897453074906,0.0009745919653627588,-0.017629428851827167,-0.009322794680222013,0.01617894724963953,-0.0025656818619418376,0.012805326681938345,0.08749668032403102,0.017629428851827167,0.03338762214983726,-0.03055767761650119,-0.06415929203539816,0.02075098814229248,0.0087890625,-0.0038572806171649487,0.04100946372239744,-0.04125508425334101,-0.07094594594594594,0.015851137146795313,0.03221288515406151,0.01375515818431916,0.008064516129032251,0.0,0.04712041884816753,0.02896658771992211,-0.010380152396579079,0.039663994356761934,-0.03380397505064059,-0.0015910898965790787,PASS,0.0,93,93,model_features_v2.0,2026-03-23T08:43:03Z
02618.HK,2025-11-07,2025,11,4,2024-12-31,annual,311,CONFIRMED,V2.5,3412.0,10,1.0,182837.584,18698.413,0.102,7087.553,117867.788,54900.868,62966.92,67740.188,39712.049,7228.23,15941.503,20790.727,-840.448,-11487.704,8100.0,4300.0,22734.265000000003,28028.139,46.57834759739446,29.036886994209272,15744.864,333.561,645.798,8568.084,8.611393596187531,0.1824356856520265,0.3532085613207403,4.686172182192038,101.446,1.1839986629449477,1.7092875492605082,1.1018196155902014,2.8062633372875427,2.410233584742301,4.43016136113459,2.3518140559109555,11.37114511423428,2.75975151804675,55061.616,127775.968,87355.44,32300.0,95482.144,69.88495756977406,30.11504243022594,47.77761666332236,17.665952094400897,1600,80703.0,400156.0,8.015900634419253,-4.8070358237999065,12.31,-0.01912350597609558,-0.027646129541864073,-0.05234795996920705,0.013876555999587746,0.0166996934415578,-0.009215091803563391,0.012937990824749557,-0.019091983243491484,-0.017977127360696676,-0.011970047798946615,-0.09796734524843398,-0.00944959836701853,0.010795509374854184,-0.02755159853314726,-0.04058412036661363,-0.015676081742917458,-0.03844163891671826,-0.033255976725715564,0.04561938527922693,-0.02479636143605979,-0.022852639873916503,-0.028213166144200552,-0.08621960206337498,-0.012584704743465625,0.0,-0.015444015444015413,-0.029696969696969777,-0.030284675953967333,-0.07616849394114267,-0.02917232021709637,0.003506311360448766,-0.055445544554455495,-0.009000000000000008,-0.006018054162487463,-0.007014028056112287,0.0005670366023364792,-0.027646129541864073,0.00263854641210326,-0.03115244090231284,-0.02162807537937661,PASS,0.0,93,93,model_features_v2.0,2026-03-23T08:43:03Z
02618.HK,2025-11-10,2025,11,0,2024-12-31,annual,314,CONFIRMED,V2.5,3412.0,10,1.0,182837.584,18698.413,0.102,7087.553,117867.788,54900.868,62966.92,67740.188,39712.049,7228.23,15941.503,20790.727,-840.448,-11487.704,8100.0,4300.0,22734.265000000003,28028.139,46.57834759739446,29.036886994209272,15744.864,333.561,645.798,8568.084,8.611393596187531,0.1824356856520265,0.3532085613207403,4.686172182192038,101.446,1.1839986629449477,1.7092875492605082,1.1018196155902014,2.8062633372875427,2.410233584742301,4.43016136113459,2.3518140559109555,11.37114511423428,2.75975151804675,55061.616,127775.968,87355.44,32300.0,95482.144,69.88495756977406,30.11504243022594,47.77761666332236,17.665952094400897,1600,80703.0,400156.0,8.015900634419253,-4.8070358237999065,12.77,0.037367993501218555,0.0015686274509802978,-0.010844306738962084,0.023804660387885975,0.018896618676946825,0.015518353712374422,0.018758821271670056,0.01364532649279293,0.013396466895994275,-0.0011684294417202423,-0.05498462398658088,0.01895651845878299,0.019928192774134157,0.009074269638064347,-0.01719019382068976,0.00273705689270054,-0.01835956532315386,-0.024489633231755015,0.0441403172476188,-0.01991857637702643,0.0040322580645162365,-0.021226415094339646,-0.055386949924127515,0.012745098039215641,0.009775171065493637,0.015732546705997885,0.02061211742660851,0.001225490196078427,-0.01209189842805325,0.039133473095737115,0.017796030116358663,-0.0046854082998663005,0.00908173562058523,-0.010880316518298683,0.05263157894736836,0.022795042545319943,-0.00820654361451334,0.00034313725490187075,-0.016227402665378365,0.01244894396927898,PASS,0.0,93,93,model_features_v2.0,2026-03-23T08:43:03Z
02618.HK,2025-11-11,2025,11,1,2024-12-31,annual,315,CONFIRMED,V2.5,3412.0,10,1.0,182837.584,18698.413,0.102,7087.553,117867.788,54900.868,62966.92,67740.188,39712.049,7228.23,15941.503,20790.727,-840.448,-11487.704,8100.0,4300.0,22734.265000000003,28028.139,46.57834759739446,29.036886994209272,15744.864,333.561,645.798,8568.084,8.611393596187531,0.1824356856520265,0.3532085613207403,4.686172182192038,101.446,1.1839986629449477,1.7092875492605082,1.1018196155902014,2.8062633372875427,2.410233584742301,4.43016136113459,2.3518140559109555,11.37114511423428,2.75975151804675,55061.616,127775.968,87355.44,32300.0,95482.144,69.88495756977406,30.11504243022594,47.77761666332236,17.665952094400897,1600,80703.0,400156.0,8.015900634419253,-4.8070358237999065,12.92,0.011746280344557603,0.030303030303030276,0.03194888178913735,0.02204405688245473,0.01770137012856828,0.0017767981309659842,0.028668254188437325,0.03116825830414527,0.0014926735592235563,0.018235598431841638,-0.035980740410478496,0.0019325993564758281,0.03142632455433714,0.025909369251899683,0.0016347761145929507,0.012067431871188639,-0.0011232942513068611,0.0007806234849920823,0.06792962219961585,0.006039512537237668,-0.011244979919678766,-0.002431118314424774,-0.03070866141732287,-0.012584704743465625,0.02102102102102088,0.02204408817635284,-0.01835985312117505,0.008805031446540879,-0.013530135301352941,0.0,0.02551724137931033,0.02551724137931033,0.0040000000000000036,0.012096774193548265,0.033985581874356185,0.03273414861745505,0.009282009282009396,0.021497998856489398,0.004785788923719947,0.01820625610948201,PASS,0.0,93,93,model_features_v2.0,2026-03-23T08:43:03Z
02618.HK,2025-11-12,2025,11,2,2024-12-31,annual,316,CONFIRMED,V2.5,3412.0,10,1.0,182837.584,18698.413,0.102,7087.553,117867.788,54900.868,62966.92,67740.188,39712.049,7228.23,15941.503,20790.727,-840.448,-11487.704,8100.0,4300.0,22734.265000000003,28028.139,46.57834759739446,29.036886994209272,15744.864,333.561,645.798,8568.084,8.611393596187531,0.1824356856520265,0.3532085613207403,4.686172182192038,101.446,1.1839986629449477,1.7092875492605082,1.1018196155902014,2.8062633372875427,2.410233584742301,4.43016136113459,2.3518140559109555,11.37114511423428,2.75975151804675,55061.616,127775.968,87355.44,32300.0,95482.144,69.88495756977406,30.11504243022594,47.77761666332236,17.665952094400897,1600,80703.0,400156.0,8.015900634419253,-4.8070358237999065,13.0,0.006191950464396356,0.04754230459307007,0.06382978723404253,0.0200941012805957,0.016651658549508678,0.008477544358960643,0.03806841688641116,0.05822725602218437,0.0016204199926066476,0.025603843860452447,0.0018115024496645482,0.00819109866207235,0.041006236919382655,0.050646763600536104,0.009473887706658912,0.021938460732617626,0.006536067673687418,0.005602531211858164,0.062018284784377986,0.01318302363350643,0.012997562956945652,0.01547231270358318,-0.013449367088607667,-0.0019607843137254832,0.005928853754940677,0.03560528992878953,-0.02244389027431415,-0.010725552050473097,0.007712082262210984,0.01277740416946882,0.037904893177119314,0.057584269662921184,-0.004980079681274785,0.007056451612903247,0.03954214360041641,0.03206999188948689,0.041613450838129395,0.05826785664354317,0.009637411415950758,0.040485852980166825,PASS,0.0,93,93,model_features_v2.0,2026-03-23T08:43:03Z
02618.HK,2025-11-13,2025,11,3,2024-12-31,annual,317,CONFIRMED,V2.5,3412.0,10,1.0,182837.584,18698.413,0.102,7087.553,117867.788,54900.868,62966.92,67740.188,39712.049,7228.23,15941.503,20790.727,-840.448,-11487.704,8100.0,4300.0,22734.265000000003,28028.139,46.57834759739446,29.036886994209272,15744.864,333.561,645.798,8568.084,8.611393596187531,0.1824356856520265,0.3532085613207403,4.686172182192038,101.446,1.1839986629449477,1.7092875492605082,1.1018196155902014,2.8062633372875427,2.410233584742301,4.43016136113459,2.3518140559109555,11.37114511423428,2.75975151804675,55061.616,127775.968,87355.44,32300.0,95482.144,69.88495756977406,30.11504243022594,47.77761666332236,17.665952094400897,1600,80703.0,400156.0,8.015900634419253,-4.8070358237999065,12.9,-0.007692307692307665,0.027888446215139417,0.035313001605136396,0.021419743634887033,0.01635291422152014,0.005582643364918871,0.022167643916196855,0.0448631062190763,0.007972713132310627,0.006237992537288406,-0.015467625307188038,0.006297242628578559,0.025982324746075758,0.037634071478608755,0.005720802298942562,0.02165045367785101,0.0019061214690636596,-0.009550104613939903,0.050780626912324434,-0.002321069873472359,-0.002405773857257376,-0.01970055161544526,-0.0356589147286821,0.0029469548133596035,-0.011616650532429884,0.02202202202202197,0.03316326530612246,-0.018181818181818188,0.0024752475247524774,-0.0019920318725098474,0.019674355495250984,0.03298969072164959,0.0010010010010010895,0.0,-0.014778325123152691,0.04758899783058468,0.0395050967475693,0.046070264396957605,0.008214090719888434,0.027888446215139417,PASS,0.0,93,93,model_features_v2.0,2026-03-23T08:43:03Z
02618.HK,2025-11-14,2025,11,4,2024-12-31,annual,318,CONFIRMED,V2.5,3412.0,10,1.0,182837.584,18698.413,0.102,7087.553,117867.788,54900.868,62966.92,67740.188,39712.049,7228.23,15941.503,20790.727,-840.448,-11487.704,8100.0,4300.0,22734.265000000003,28028.139,46.57834759739446,29.036886994209272,15744.864,333.561,645.798,8568.084,8.611393596187531,0.1824356856520265,0.3532085613207403,4.686172182192038,101.446,1.1839986629449477,1.7092875492605082,1.1018196155902014,2.8062633372875427,2.410233584742301,4.43016136113459,2.3518140559109555,11.37114511423428,2.75975151804675,55061.616,127775.968,87355.44,32300.0,95482.144,69.88495756977406,30.11504243022594,47.77761666332236,17.665952094400897,1600,80703.0,400156.0,8.015900634419253,-4.8070358237999065,12.4,-0.03875968992248058,0.007311129163281915,-0.0048154093097914075,0.027921711915814242,0.018711928617291203,-0.018489618635224803,0.01259934996911416,0.02641905617588658,-0.028171133365656242,-0.004207381418997569,-0.031774480474918265,-0.02094992826140496,0.014070628803155572,0.014957675780691737,-0.005288220805832244,0.011518510582279484,-0.006759499639873656,-0.031234465485677987,0.026959071165126858,-0.019773085090483145,-0.060289389067524124,-0.057258064516129026,-0.08743169398907091,-0.020568070519098813,-0.019607843137254943,0.012658227848101333,-0.04382716049382718,-0.032479700187382776,-0.0390818858560793,-0.031270791749833826,0.01747030048916831,-0.008174386920981047,-0.010000000000000009,-0.0010090817356205317,-0.04255319148936165,0.06456919367941094,0.02691897230053686,0.03979082935066469,-0.010159171325886396,0.008320210898902447,PASS,0.0,93,93,model_features_v2.0,2026-03-23T08:43:03Z
02618.HK,2025-11-17,2025,11,0,2024-12-31,annual,321,CONFIRMED,V2.5,3412.0,10,1.0,182837.584,18698.413,0.102,7087.553,117867.788,54900.868,62966.92,67740.188,39712.049,7228.23,15941.503,20790.727,-840.448,-11487.704,8100.0,4300.0,22734.265000000003,28028.139,46.57834759739446,29.036886994209272,15744.864,333.561,645.798,8568.084,8.611393596187531,0.1824356856520265,0.3532085613207403,4.686172182192038,101.446,1.1839986629449477,1.7092875492605082,1.1018196155902014,2.8062633372875427,2.410233584742301,4.43016136113459,2.3518140559109555,11.37114511423428,2.75975151804675,55061.616,127775.968,87355.44,32300.0,95482.144,69.88495756977406,30.11504243022594,47.77761666332236,17.665952094400897,1600,80703.0,400156.0,8.015900634419253,-4.8070358237999065,12.27,-0.010483870967741948,-0.03915426781519182,0.01657000828500399,0.01964401252984535,0.017417834321867606,-0.007081768116312892,-0.009935810118630872,0.04504200482431653,-0.009620148637489723,-0.02682417218319144,-0.000607598804245546,-0.0074015606154551605,-0.012161063459125376,0.03511226442869986,-0.02921845769656095,-0.012330095632000382,-0.026993204356066447,-0.02847199653931254,0.017177607089249536,-0.018542256143695868,-0.01283147989734812,-0.07309236947791165,-0.07010475423045925,0.0029999999999998916,-0.029041626331074544,0.061375661375661306,0.0,-0.052019583843329276,0.0032383419689119286,0.0013736263736265908,-0.019502353732346878,0.02244039270687259,-0.003030303030303161,-0.013000000000000123,-0.003030303030303161,0.03393810166271982,-0.01011264148411728,0.012865316028137452,-0.019651914082844946,-0.0261542678151917,PASS,0.0,93,93,model_features_v2.0,2026-03-23T08:43:03Z
02618.HK,2025-11-18,2025,11,1,2024-12-31,annual,322,CONFIRMED,V2.5,3412.0,10,1.0,182837.584,18698.413,0.102,7087.553,117867.788,54900.868,62966.92,67740.188,39712.049,7228.23,15941.503,20790.727,-840.448,-11487.704,8100.0,4300.0,22734.265000000003,28028.139,46.57834759739446,29.036886994209272,15744.864,333.561,645.798,8568.084,8.611393596187531,0.1824356856520265,0.3532085613207403,4.686172182192038,101.446,1.1839986629449477,1.7092875492605082,1.1018196155902014,2.8062633372875427,2.410233584742301,4.43016136113459,2.3518140559109555,11.37114511423428,2.75975151804675,55061.616,127775.968,87355.44,32300.0,95482.144,69.88495756977406,30.11504243022594,47.77761666332236,17.665952094400897,1600,80703.0,400156.0,8.015900634419253,-4.8070358237999065,12.05,-0.01792991035044811,-0.06733746130030949,-0.021121039805036546,0.016492420254547398,0.017308240386930764,-0.01721669115094293,-0.028707230672588624,0.0027534115039233864,-0.019307333138783633,-0.04703606616039813,-0.04844627745370522,-0.016461616187629313,-0.03029653717588343,-0.006263635396298817,-0.03863023062772086,-0.02030139513991136,-0.037040924124426056,-0.023874451308959932,0.027325237648668677,-0.014857404408737729,-0.00953206239168114,-0.07148659626320064,-0.10563380281690138,-0.016949152542372947,-0.03333333333333344,0.020175892395240425,-0.001936733376371902,-0.03615960099750626,-0.04508956145769005,0.002057613168724215,-0.017484868863483438,-0.014170040485829927,-0.014184397163120477,-0.030876494023904244,-0.04514229636898914,0.0041491349628911545,-0.03400412796697605,-0.03117786030280323,-0.04985259243682605,-0.03646096727640524,PASS,0.0,93,93,model_features_v2.0,2026-03-23T08:43:03Z
02618.HK,2025-11-19,2025,11,2,2024-12-31,annual,323,CONFIRMED,V2.5,3412.0,10,1.0,182837.584,18698.413,0.102,7087.553,117867.788,54900.868,62966.92,67740.188,39712.049,7228.23,15941.503,20790.727,-840.448,-11487.704,8100.0,4300.0,22734.265000000003,28028.139,46.57834759739446,29.036886994209272,15744.864,333.561,645.798,8568.084,8.611393596187531,0.1824356856520265,0.3532085613207403,4.686172182192038,101.446,1.1839986629449477,1.7092875492605082,1.1018196155902014,2.8062633372875427,2.410233584742301,4.43016136113459,2.3518140559109555,11.37114511423428,2.75975151804675,55061.616,127775.968,87355.44,32300.0,95482.144,69.88495756977406,30.11504243022594,47.77761666332236,17.665952094400897,1600,80703.0,400156.0,8.015900634419253,-4.8070358237999065,12.14,0.007468879668049766,-0.06615384615384612,-0.03189792663476865,0.016883380537926554,0.016814149751305105,-0.003832621867386865,-0.040563494118166954,-0.007565060868195306,-0.006877764257235075,-0.05512142757234173,-0.06675166529625798,-0.0025940294427823085,-0.040669943650269214,-0.01629857639006993,-0.025590352035679165,-0.011032418581504388,-0.025483902503576905,-0.02433286576657334,0.03485373866148933,-0.015599350244698718,-0.006999125109361293,-0.08981555733761026,-0.11741835147744939,-0.006085192697768749,-0.037328094302554016,0.015544041450777257,0.011642949547218784,-0.0025510204081633514,-0.05269533615990307,0.00958247775496246,-0.02058432934926957,-0.016010673782521745,-0.020554984583761704,-0.04604604604604612,-0.08277189605389812,0.023661711183764145,-0.028825751851292103,-0.06360282574568277,-0.04556951680457655,-0.0201078001078,PASS,0.0,93,93,model_features_v2.0,2026-03-23T08:43:03Z
02618.HK,2025-11-20,2025,11,3,2024-12-31,annual,324,CONFIRMED,V2.5,3412.0,10,1.0,182837.584,18698.413,0.102,7087.553,117867.788,54900.868,62966.92,67740.188,39712.049,7228.23,15941.503,20790.727,-840.448,-11487.704,8100.0,4300.0,22734.265000000003,28028.139,46.57834759739446,29.036886994209272,15744.864,333.561,645.798,8568.084,8.611393596187531,0.1824356856520265,0.3532085613207403,4.686172182192038,101.446,1.1839986629449477,1.7092875492605082,1.1018196155902014,2.8062633372875427,2.410233584742301,4.43016136113459,2.3518140559109555,11.37114511423428,2.75975151804675,55061.616,127775.968,87355.44,32300.0,95482.144,69.88495756977406,30.11504243022594,47.77761666332236,17.665952094400897,1600,80703.0,400156.0,8.015900634419253,-4.8070358237999065,12.12,-0.0016474464579901982,-0.06046511627906981,-0.024154589371980784,0.017602489367672065,0.016706650416077346,0.00019047139735151042,-0.045708219582366594,0.002086745789757538,-0.005762542581462027,-0.06799692374567401,-0.05883753243661671,-0.0008414557558081848,-0.04747545561358191,-0.008720982861999738,-0.014756896696703214,0.007531807466604201,-0.012989660665487901,-0.02624133516173832,0.03468294306463593,-0.015433606509981046,0.0,-0.08762057877813512,-0.10488958990536279,0.005102040816326481,-0.03525954946131238,0.024973985431841816,-0.010230179028132946,-0.0444444444444444,-0.04385423100679431,0.012203389830508504,-0.006653359946773074,0.014266304347826164,-0.0010493179433368471,-0.04800000000000004,-0.09073543457497624,0.027155462499065308,-0.02520556681775743,-0.01602067183462541,-0.053811756332296734,-0.012465116279069766,PASS,0.0,93,93,model_features_v2.0,2026-03-23T08:43:03Z
02618.HK,2025-11-21,2025,11,4,2024-12-31,annual,325,CONFIRMED,V2.5,3412.0,10,1.0,182837.584,18698.413,0.102,7087.553,117867.788,54900.868,62966.92,67740.188,39712.049,7228.23,15941.503,20790.727,-840.448,-11487.704,8100.0,4300.0,22734.265000000003,28028.139,46.57834759739446,29.036886994209272,15744.864,333.561,645.798,8568.084,8.611393596187531,0.1824356856520265,0.3532085613207403,4.686172182192038,101.446,1.1839986629449477,1.7092875492605082,1.1018196155902014,2.8062633372875427,2.410233584742301,4.43016136113459,2.3518140559109555,11.37114511423428,2.75975151804675,55061.616,127775.968,87355.44,32300.0,95482.144,69.88495756977406,30.11504243022594,47.77761666332236,17.665952094400897,1600,80703.0,400156.0,8.015900634419253,-4.8070358237999065,11.82,-0.024752475247524663,-0.04677419354838708,-0.06708760852407258,0.0127893515290532,0.016720884092904266,-0.023825679092816632,-0.05089630391766509,-0.028803164512603563,-0.03212792330915826,-0.07179156344618776,-0.09341589024523433,-0.02445053712679357,-0.050881222040479845,-0.04096017643084948,0.004122110369278009,0.02501736989780068,0.004107028492092768,-0.03828444401146902,0.02632828172116175,-0.026127432093223102,-0.028193832599119006,-0.056458511548331924,-0.14296814296814286,-0.02994923857868026,-0.044499999999999984,-0.044499999999999984,-0.04651162790697683,-0.047127178825048466,-0.10328068043742411,-0.0033489618218351946,0.021978021978022122,0.0013458950201885589,-0.01575630252100846,-0.05353535353535366,-0.09117361784675082,0.009684317999944847,-0.0022741935483870934,0.00035298527666138835,-0.0687522155264092,0.006761159986966581,PASS,0.0,93,93,model_features_v2.0,2026-03-23T08:43:03Z
02618.HK,2025-11-24,2025,11,0,2024-12-31,annual,328,CONFIRMED,V2.5,3412.0,10,1.0,182837.584,18698.413,0.102,7087.553,117867.788,54900.868,62966.92,67740.188,39712.049,7228.23,15941.503,20790.727,-840.448,-11487.704,8100.0,4300.0,22734.265000000003,28028.139,46.57834759739446,29.036886994209272,15744.864,333.561,645.798,8568.084,8.611393596187531,0.1824356856520265,0.3532085613207403,4.686172182192038,101.446,1.1839986629449477,1.7092875492605082,1.1018196155902014,2.8062633372875427,2.410233584742301,4.43016136113459,2.3518140559109555,11.37114511423428,2.75975151804675,55061.616,127775.968,87355.44,32300.0,95482.144,69.88495756977406,30.11504243022594,47.77761666332236,17.665952094400897,1600,80703.0,400156.0,8.015900634419253,-4.8070358237999065,11.95,0.010998307952622577,-0.026079869600652006,-0.05233941316415547,0.015651297564144823,0.01701890165930975,0.01968594790963696,-0.025309767785969495,-0.016959000617351228,0.027813970556891165,-0.03670738316588151,-0.08487447791956615,0.017897262437382766,-0.02669058555850845,-0.030384698615815053,-0.0007701018146825112,0.010627513565229507,0.0006107159578564447,-0.03538041254680424,0.03253506475541068,-0.021954714548340415,0.01903898458748876,-0.025996533795493937,-0.12732919254658392,0.027210884353741527,-0.02143569292123626,-0.024353876739562463,0.04674796747967491,-0.002582311168495832,-0.08199643493761144,0.004032258064516014,0.024691358024691246,0.00335795836131636,0.013874066168623411,-0.037487335359675744,-0.08829174664107486,-8.333580515806904e-05,-0.004644176679415746,-0.023497558432156174,-0.05077122762534325,0.011407465759023738,PASS,0.0,93,93,model_features_v2.0,2026-03-23T08:43:03Z
02618.HK,2025-11-25,2025,11,1,2024-12-31,annual,329,CONFIRMED,V2.5,3412.0,10,1.0,182837.584,18698.413,0.102,7087.553,117867.788,54900.868,62966.92,67740.188,39712.049,7228.23,15941.503,20790.727,-840.448,-11487.704,8100.0,4300.0,22734.265000000003,28028.139,46.57834759739446,29.036886994209272,15744.864,333.561,645.798,8568.084,8.611393596187531,0.1824356856520265,0.3532085613207403,4.686172182192038,101.446,1.1839986629449477,1.7092875492605082,1.1018196155902014,2.8062633372875427,2.410233584742301,4.43016136113459,2.3518140559109555,11.37114511423428,2.75975151804675,55061.616,127775.968,87355.44,32300.0,95482.144,69.88495756977406,30.11504243022594,47.77761666332236,17.665952094400897,1600,80703.0,400156.0,8.015900634419253,-4.8070358237999065,12.03,0.006694560669456173,-0.0016597510373445035,-0.05647058823529416,0.014462508253268901,0.016860657648906374,0.00692357047032055,-0.001368297684190889,-0.02039631228318406,0.011986165508983682,-0.0059691129402220655,-0.09059192232153856,0.008688842361771476,-0.0018016961297434575,-0.032629448261698224,-0.00029145335315361454,0.004309361902877562,0.00014194509239895403,-0.0360742759521101,0.034121334086244404,-0.023841139973595937,0.0,-0.016622922134733042,-0.14719271623672237,0.0010188487009679115,-0.003549695740365011,-0.03676470588235292,0.021359223300970953,0.02069857697283317,-0.09101382488479248,0.04082998661311921,0.06433949349760448,0.039438502673796894,-0.0094736842105263,-0.03288797533401855,-0.09606147934678189,0.014963171097388539,0.0018899447030205074,-0.022358328010177675,-0.06599924453494899,0.031228224296674045,PASS,0.0,93,93,model_features_v2.0,2026-03-23T08:43:03Z
02618.HK,2025-11-26,2025,11,2,2024-12-31,annual,330,CONFIRMED,V2.5,3412.0,10,1.0,182837.584,18698.413,0.102,7087.553,117867.788,54900.868,62966.92,67740.188,39712.049,7228.23,15941.503,20790.727,-840.448,-11487.704,8100.0,4300.0,22734.265000000003,28028.139,46.57834759739446,29.036886994209272,15744.864,333.561,645.798,8568.084,8.611393596187531,0.1824356856520265,0.3532085613207403,4.686172182192038,101.446,1.1839986629449477,1.7092875492605082,1.1018196155902014,2.8062633372875427,2.410233584742301,4.43016136113459,2.3518140559109555,11.37114511423428,2.75975151804675,55061.616,127775.968,87355.44,32300.0,95482.144,69.88495756977406,30.11504243022594,47.77761666332236,17.665952094400897,1600,80703.0,400156.0,8.015900634419253,-4.8070358237999065,12.23,0.01662510390689942,0.007413509060955503,-0.027821939586645472,0.016163492856090877,0.017199869859565745,0.001294867066622185,0.0037718756593427827,-0.01586797914229554,0.0011279340987129238,0.002043910182097042,-0.07796581241466227,0.00044337296570140516,0.0012381191729722296,-0.022762873420354435,0.0036416334016127205,0.005369598878858461,0.006175389887983274,-0.011953960444349931,0.0501438728280168,-0.0050590661662910374,0.021352313167259718,0.011453744493391982,-0.12232415902140681,0.056488549618320505,0.0591836734693878,0.038000000000000034,-0.019011406844106515,-0.010230179028132946,-0.09473684210526312,0.04244372990353695,0.09898305084745762,0.08865010073875079,-0.0010626992561104665,-0.01364113326337868,-0.0702274975272007,-0.004040235432436479,-0.051770164408432295,0.01764368808908845,-0.09156954178650212,0.021054642324334183,PASS,0.0,93,93,model_features_v2.0,2026-03-23T08:43:03Z
02618.HK,2025-11-27,2025,11,3,2024-12-31,annual,331,CONFIRMED,V2.5,3412.0,10,1.0,182837.584,18698.413,0.102,7087.553,117867.788,54900.868,62966.92,67740.188,39712.049,7228.23,15941.503,20790.727,-840.448,-11487.704,8100.0,4300.0,22734.265000000003,28028.139,46.57834759739446,29.036886994209272,15744.864,333.561,645.798,8568.084,8.611393596187531,0.1824356856520265,0.3532085613207403,4.686172182192038,101.446,1.1839986629449477,1.7092875492605082,1.1018196155902014,2.8062633372875427,2.410233584742301,4.43016136113459,2.3518140559109555,11.37114511423428,2.75975151804675,55061.616,127775.968,87355.44,32300.0,95482.144,69.88495756977406,30.11504243022594,47.77761666332236,17.665952094400897,1600,80703.0,400156.0,8.015900634419253,-4.8070358237999065,12.22,-0.0008176614881438837,0.008250825082508406,-0.027844073190135266,0.016126241620942713,0.017199837615550034,0.0006884428002380538,0.0042716301595049355,-0.012812995930020832,-0.0036149338953003207,0.004208381244181103,-0.074971578516002,0.00027285516389596864,0.002354749337269535,-0.019470734292566738,0.003979194923003471,0.004042443838327303,0.005896075745238871,-0.015031077260114434,0.047127505325866736,-0.008373338897568527,0.012195121951219523,0.023788546255506526,-0.11229946524064172,0.0019267822736031004,0.055837563451776706,0.015625,-0.027131782945736593,-0.027131782945736593,-0.12492736780941316,-0.004935225169648283,0.08037508372404556,0.1295518207282913,0.02127659574468077,0.008403361344537785,-0.040000000000000036,-0.01553772117299812,-0.0475867383692683,0.035382608028245,-0.07212425864153715,-0.0001525362620293791,PASS,0.0,93,93,model_features_v2.0,2026-03-23T08:43:03Z
02618.HK,2025-11-28,2025,11,4,2024-12-31,annual,332,CONFIRMED,V2.5,3412.0,10,1.0,182837.584,18698.413,0.102,7087.553,117867.788,54900.868,62966.92,67740.188,39712.049,7228.23,15941.503,20790.727,-840.448,-11487.704,8100.0,4300.0,22734.265000000003,28028.139,46.57834759739446,29.036886994209272,15744.864,333.561,645.798,8568.084,8.611393596187531,0.1824356856520265,0.3532085613207403,4.686172182192038,101.446,1.1839986629449477,1.7092875492605082,1.1018196155902014,2.8062633372875427,2.410233584742301,4.43016136113459,2.3518140559109555,11.37114511423428,2.75975151804675,55061.616,127775.968,87355.44,32300.0,95482.144,69.88495756977406,30.11504243022594,47.77761666332236,17.665952094400897,1600,80703.0,400156.0,8.015900634419253,-4.8070358237999065,12.17,-0.004091653027823328,0.029610829103214886,-0.03870458135860977,0.008464785317374691,0.01709327540591093,-0.0033546687283901866,0.025331859372038412,-0.0018435421021244514,0.00018935164923483683,0.03773892639964127,-0.052296177438355684,-0.003785152352835053,0.02358795930086477,-0.004188259283094298,0.004278969731176474,-0.008128097296426384,0.006022869802350117,-0.03686103925648532,0.013591596079745916,-0.03451632207551547,0.002581755593803692,0.05621033544877618,-0.08699059561128519,-0.014423076923076872,0.0727367870225013,0.004901960784313708,0.005976095617529875,0.026422764227642226,-0.08237431859479105,-0.011159330440173698,0.07190860215053752,0.11851332398316972,-0.002083333333333326,0.022411953041622246,-0.03911735205616851,-0.026599506345561297,-0.04312595791928642,0.0031880648755726604,-0.04229777304732263,0.007198876061592641,PASS,0.0,93,93,model_features_v2.0,2026-03-23T08:43:03Z
02618.HK,2025-12-01,2025,12,0,2024-12-31,annual,335,CONFIRMED,V2.5,3412.0,10,1.0,182837.584,18698.413,0.102,7087.553,117867.788,54900.868,62966.92,67740.188,39712.049,7228.23,15941.503,20790.727,-840.448,-11487.704,8100.0,4300.0,22734.265000000003,28028.139,46.57834759739446,29.036886994209272,15744.864,333.561,645.798,8568.084,8.611393596187531,0.1824356856520265,0.3532085613207403,4.686172182192038,101.446,1.1839986629449477,1.7092875492605082,1.1018196155902014,2.8062633372875427,2.410233584742301,4.43016136113459,2.3518140559109555,11.37114511423428,2.75975151804675,55061.616,127775.968,87355.44,32300.0,95482.144,69.88495756977406,30.11504243022594,47.77761666332236,17.665952094400897,1600,80703.0,400156.0,8.015900634419253,-4.8070358237999065,12.44,0.022185702547247388,0.041004184100418506,-0.02431372549019617,0.011193959502026602,0.017825149867317536,0.006743135532886413,0.012317383780841018,-0.004782409906431528,0.008153081471876877,0.017888184421410935,-0.046892517999216454,0.00467243337044132,0.010289194979287597,-0.009276717287526326,0.028686800319577488,0.02311599967900757,0.03071498912113091,-0.01953131558376464,0.022578792509020285,-0.015037008202669844,0.0051502145922746045,0.04181494661921703,-0.0794025157232705,-0.028780487804878074,0.014263881813550539,-0.026881720430107503,0.022442244224422536,0.0025889967637540146,-0.05085784313725483,0.010658307210031248,0.07898259705488608,0.1033538672142369,0.0020876826722338038,0.010526315789473717,-0.05044510385756673,-0.0008107625187985246,0.026740302286867967,0.03841518733666449,-0.03797841295446758,0.03047786831094479,PASS,0.0,93,93,model_features_v2.0,2026-03-23T08:43:03Z
02618.HK,2025-12-02,2025,12,1,2024-12-31,annual,336,CONFIRMED,V2.5,3412.0,10,1.0,182837.584,18698.413,0.102,7087.553,117867.788,54900.868,62966.92,67740.188,39712.049,7228.23,15941.503,20790.727,-840.448,-11487.704,8100.0,4300.0,22734.265000000003,28028.139,46.57834759739446,29.036886994209272,15744.864,333.561,645.798,8568.084,8.611393596187531,0.1824356856520265,0.3532085613207403,4.686172182192038,101.446,1.1839986629449477,1.7092875492605082,1.1018196155902014,2.8062633372875427,2.410233584742301,4.43016136113459,2.3518140559109555,11.37114511423428,2.75975151804675,55061.616,127775.968,87355.44,32300.0,95482.144,69.88495756977406,30.11504243022594,47.77761666332236,17.665952094400897,1600,80703.0,400156.0,8.015900634419253,-4.8070358237999065,12.48,0.003215434083601254,0.03740648379052369,-0.004784688995215225,0.011410690701312932,0.017470485759893177,0.002373502204487732,0.007742942047650914,0.00549660147038411,-0.003670660931554215,0.0021400455806543928,-0.03338609797724068,0.0010695212215749983,0.0026577852741955788,0.0010291304491776287,0.02966354174287278,0.0352664382098693,0.034748698516328114,-0.010281290465599335,0.028601408982025456,-0.005813819444392854,-0.009393680614859012,0.03202846975088969,-0.05996758508914102,-0.030637870416875934,-0.01781170483460559,-0.034034034034034044,0.01355713363460298,-0.005069708491761804,-0.012578616352201255,-0.002481389578163684,0.034083601286173604,0.10896551724137948,0.07291666666666674,0.0945802337938364,0.03830645161290325,0.005378014039634005,0.05521818862512928,0.042476192282285496,0.0033228825043500887,-0.05717375000331271,PASS,0.0,93,93,model_features_v2.0,2026-03-23T08:43:03Z
02618.HK,2025-12-03,2025,12,2,2024-12-31,annual,337,CONFIRMED,V2.5,3412.0,10,1.0,182837.584,18698.413,0.102,7087.553,117867.788,54900.868,62966.92,67740.188,39712.049,7228.23,15941.503,20790.727,-840.448,-11487.704,8100.0,4300.0,22734.265000000003,28028.139,46.57834759739446,29.036886994209272,15744.864,333.561,645.798,8568.084,8.611393596187531,0.1824356856520265,0.3532085613207403,4.686172182192038,101.446,1.1839986629449477,1.7092875492605082,1.1018196155902014,2.8062633372875427,2.410233584742301,4.43016136113459,2.3518140559109555,11.37114511423428,2.75975151804675,55061.616,127775.968,87355.44,32300.0,95482.144,69.88495756977406,30.11504243022594,47.77761666332236,17.665952094400897,1600,80703.0,400156.0,8.015900634419253,-4.8070358237999065,12.29,-0.015224358974359031,0.004905968928863302,-0.00966962127316684,0.013658207068123747,0.017653614199450607,-0.012811625193283827,-0.006454392303633871,-0.006735193312926269,-0.01584625998392608,-0.01485130892288844,-0.04336959997234635,-0.01678171109452542,-0.014605425319914711,-0.014698995796511127,0.011360361232497174,0.019757277851751742,0.019511394248778013,-0.002934427960240571,0.03369997869917951,0.005029374523344288,-0.004310344827586188,0.0060975609756097615,-0.059446254071661264,-0.006217616580310836,-0.07610789980732169,-0.052371541501976204,-0.021656050955414008,-0.007751937984496249,-0.0309148264984227,0.004353233830845626,-0.0037014188772361845,0.11302549965541009,0.013592233009708687,0.11063829787234036,0.05241935483870974,-0.0011915920467464591,0.08101386873618499,0.012657906913359551,0.008607387806099487,-0.10573232894347706,PASS,0.0,93,93,model_features_v2.0,2026-03-23T08:43:03Z
02618.HK,2025-12-04,2025,12,3,2024-12-31,annual,338,CONFIRMED,V2.5,3412.0,10,1.0,182837.584,18698.413,0.102,7087.553,117867.788,54900.868,62966.92,67740.188,39712.049,7228.23,15941.503,20790.727,-840.448,-11487.704,8100.0,4300.0,22734.265000000003,28028.139,46.57834759739446,29.036886994209272,15744.864,333.561,645.798,8568.084,8.611393596187531,0.1824356856520265,0.3532085613207403,4.686172182192038,101.446,1.1839986629449477,1.7092875492605082,1.1018196155902014,2.8062633372875427,2.410233584742301,4.43016136113459,2.3518140559109555,11.37114511423428,2.75975151804675,55061.616,127775.968,87355.44,32300.0,95482.144,69.88495756977406,30.11504243022594,47.77761666332236,17.665952094400897,1600,80703.0,400156.0,8.015900634419253,-4.8070358237999065,12.34,0.00406834825061031,0.009819967266775809,-0.016733067729083784,0.01366565036622245,0.01747655435400348,0.006799884941148804,-0.00038657315424805994,-0.020765765935837566,0.014545829027339252,0.003104652512928574,-0.055312555726403145,0.008631581566071578,-0.006371028469677742,-0.026666317346471957,0.010206540421023869,0.006715314753847235,0.01619099573645355,0.004032698206753782,0.03857948799731936,0.009933249617388173,0.0051948051948051965,-0.000860585197934638,-0.08510638297872353,0.02294056308654846,-0.05673076923076925,-0.05033881897386261,0.005208333333333481,0.025232403718459473,-0.06424242424242421,0.018575851393188847,0.01983880967141971,0.11601085481682483,0.005747126436781658,0.09375,0.050000000000000044,0.010680552464710447,0.06655073649754506,-0.015412436451683664,-0.010018842404643902,-0.08393003273322419,PASS,0.0,93,93,model_features_v2.0,2026-03-23T08:43:03Z
02618.HK,2025-12-05,2025,12,4,2024-12-31,annual,339,CONFIRMED,V2.5,3412.0,10,1.0,182837.584,18698.413,0.102,7087.553,117867.788,54900.868,62966.92,67740.188,39712.049,7228.23,15941.503,20790.727,-840.448,-11487.704,8100.0,4300.0,22734.265000000003,28028.139,46.57834759739446,29.036886994209272,15744.864,333.561,645.798,8568.084,8.611393596187531,0.1824356856520265,0.3532085613207403,4.686172182192038,101.446,1.1839986629449477,1.7092875492605082,1.1018196155902014,2.8062633372875427,2.410233584742301,4.43016136113459,2.3518140559109555,11.37114511423428,2.75975151804675,55061.616,127775.968,87355.44,32300.0,95482.144,69.88495756977406,30.11504243022594,47.77761666332236,17.665952094400897,1600,80703.0,400156.0,8.015900634419253,-4.8070358237999065,12.4,0.004862236628849326,0.01889893179950697,0.007311129163281915,0.013242923222878065,0.016960978470134665,0.005751872886616605,0.008747088525455027,-0.0059732876861102735,0.008375137789982112,0.011314298165244097,-0.029962174681705367,0.010082856516586025,0.007460983191903914,-0.0074733553207324555,0.010151843274051942,0.007584633634262872,0.011437948607603055,0.013284416849392189,0.03727330384498728,0.01478448448401437,0.007751937984496138,0.0042918454935623185,-0.056451612903225756,0.00968399592252811,-0.033658536585365884,-0.02892156862745099,0.0038860103626943143,0.02310231023102305,-0.03185509056839475,0.026139817629179385,0.05830721003134798,0.1795946890286515,0.018095238095237942,0.115866388308977,0.07870837537840569,0.01460708630594465,0.05255746838487285,-0.0042033784315160805,-0.03940827823184101,-0.09696745650947003,PASS,0.0,93,93,model_features_v2.0,2026-03-23T08:43:03Z
02618.HK,2025-12-08,2025,12,0,2024-12-31,annual,342,CONFIRMED,V2.5,3412.0,10,1.0,182837.584,18698.413,0.102,7087.553,117867.788,54900.868,62966.92,67740.188,39712.049,7228.23,15941.503,20790.727,-840.448,-11487.704,8100.0,4300.0,22734.265000000003,28028.139,46.57834759739446,29.036886994209272,15744.864,333.561,645.798,8568.084,8.611393596187531,0.1824356856520265,0.3532085613207403,4.686172182192038,101.446,1.1839986629449477,1.7092875492605082,1.1018196155902014,2.8062633372875427,2.410233584742301,4.43016136113459,2.3518140559109555,11.37114511423428,2.75975151804675,55061.616,127775.968,87355.44,32300.0,95482.144,69.88495756977406,30.11504243022594,47.77761666332236,17.665952094400897,1600,80703.0,400156.0,8.015900634419253,-4.8070358237999065,12.14,-0.020967741935483897,-0.024115755627009516,-0.04933437744714164,0.01231174556596316,0.015213275768055331,-0.012256815006892907,-0.010290681996799389,-0.03316064431540933,1.5894152011641793e-05,0.0031515954619860675,-0.04277025336569995,-0.012477254893509038,-0.009736305422725966,-0.03809179391922013,-0.013825073630210127,-0.027267351088995584,-0.01437945020428355,-0.016173733131732315,-0.006564124081441691,-0.011242583527921512,-0.006837606837606813,-0.0076857386848846465,-0.06666666666666665,0.00454316002019195,-0.000502260170768376,-0.03678606001936102,-0.010322580645161228,-0.009683666881859287,-0.0611995104039168,-0.021327014218009643,0.02481389578163773,0.11096166778749161,-0.019644527595883865,0.09166666666666679,0.04800000000000004,-0.01643001694212487,-0.02361349545624114,-0.014432088745150229,-0.048929651408647246,-0.1157824222936763,PASS,0.0,93,93,model_features_v2.0,2026-03-23T08:43:03Z
02618.HK,2025-12-09,2025,12,1,2024-12-31,annual,343,CONFIRMED,V2.5,3412.0,10,1.0,182837.584,18698.413,0.102,7087.553,117867.788,54900.868,62966.92,67740.188,39712.049,7228.23,15941.503,20790.727,-840.448,-11487.704,8100.0,4300.0,22734.265000000003,28028.139,46.57834759739446,29.036886994209272,15744.864,333.561,645.798,8568.084,8.611393596187531,0.1824356856520265,0.3532085613207403,4.686172182192038,101.446,1.1839986629449477,1.7092875492605082,1.1018196155902014,2.8062633372875427,2.410233584742301,4.43016136113459,2.3518140559109555,11.37114511423428,2.75975151804675,55061.616,127775.968,87355.44,32300.0,95482.144,69.88495756977406,30.11504243022594,47.77761666332236,17.665952094400897,1600,80703.0,400156.0,8.015900634419253,-4.8070358237999065,12.01,-0.010708401976935789,-0.0376602564102565,-0.07043343653250778,0.01159684276839474,0.014939238858042925,-0.012851751343664564,-0.02532357669366414,-0.047279016167342314,-0.0190497214152634,-0.012332771459662384,-0.06240473702777838,-0.01619635898805949,-0.02681581285359602,-0.055496551295620034,-0.012336679716592358,-0.025327484950594115,-0.010844443556660477,-0.023154420365165462,-0.008028699504729397,-0.014936885236887743,-0.011187607573149738,-0.00948275862068959,-0.066612510154346,-0.02160804020100504,0.008808290155440268,-0.04558823529411771,-0.01629726205997395,-0.03885350318471337,-0.059226932668329124,-0.010290556900726333,0.016791044776119257,0.0995292535305985,-0.001908396946564861,0.01553398058252431,0.04183266932270935,-0.028177497789566908,-0.04646854656569677,0.0011932467744568687,-0.054451301186375756,-0.05319423699278081,PASS,0.0,93,93,model_features_v2.0,2026-03-23T08:43:03Z
02618.HK,2025-12-10,2025,12,2,2024-12-31,annual,344,CONFIRMED,V2.5,3412.0,10,1.0,182837.584,18698.413,0.102,7087.553,117867.788,54900.868,62966.92,67740.188,39712.049,7228.23,15941.503,20790.727,-840.448,-11487.704,8100.0,4300.0,22734.265000000003,28028.139,46.57834759739446,29.036886994209272,15744.864,333.561,645.798,8568.084,8.611393596187531,0.1824356856520265,0.3532085613207403,4.686172182192038,101.446,1.1839986629449477,1.7092875492605082,1.1018196155902014,2.8062633372875427,2.410233584742301,4.43016136113459,2.3518140559109555,11.37114511423428,2.75975151804675,55061.616,127775.968,87355.44,32300.0,95482.144,69.88495756977406,30.11504243022594,47.77761666332236,17.665952094400897,1600,80703.0,400156.0,8.015900634419253,-4.8070358237999065,12.01,0.0,-0.022782750203417357,-0.07615384615384613,0.011079674929250664,0.014790398198883144,0.004189236316570311,-0.008538189717449796,-0.05133023285528626,0.004756349600697041,0.008343390690380481,-0.05946926098628402,0.0020455947206849956,-0.008180646570909222,-0.061253842422639204,-0.014244560485967561,-0.031126140893797838,-0.014602103632508134,-0.024823613298559866,-0.016684585167562105,-0.014900003731206923,-0.0008703220191471628,-0.0060606060606061,-0.07939053728949486,0.027221366204417174,0.042752867570385655,-0.017681728880157177,0.015241882041086674,-0.0026041666666667407,-0.022959183673469497,-0.013455657492354667,-0.0012383900928791824,0.07104913678618874,-0.028680688336520155,-0.026819923371647403,0.017017017017016967,-0.016722144142811257,-0.06553561777380301,-0.020178583536750616,-0.021544360110538174,0.004037173168230046,PASS,0.0,93,93,model_features_v2.0,2026-03-23T08:43:03Z
02618.HK,2025-12-11,2025,12,3,2024-12-31,annual,345,CONFIRMED,V2.5,3412.0,10,1.0,182837.584,18698.413,0.102,7087.553,117867.788,54900.868,62966.92,67740.188,39712.049,7228.23,15941.503,20790.727,-840.448,-11487.704,8100.0,4300.0,22734.265000000003,28028.139,46.57834759739446,29.036886994209272,15744.864,333.561,645.798,8568.084,8.611393596187531,0.1824356856520265,0.3532085613207403,4.686172182192038,101.446,1.1839986629449477,1.7092875492605082,1.1018196155902014,2.8062633372875427,2.410233584742301,4.43016136113459,2.3518140559109555,11.37114511423428,2.75975151804675,55061.616,127775.968,87355.44,32300.0,95482.144,69.88495756977406,30.11504243022594,47.77761666332236,17.665952094400897,1600,80703.0,400156.0,8.015900634419253,-4.8070358237999065,12.04,0.0024979184013320666,-0.024311183144246407,-0.06666666666666676,0.010792862839430963,0.01482646731584291,-0.00040210205013313516,-0.015630458168022,-0.05697626013785673,-0.008333482646790125,-0.014396048031940611,-0.07468443314998408,-0.002279269887693114,-0.01890963209150076,-0.06925462770655122,-0.008680724976224408,-0.009915135112305795,-0.005401551052745646,-0.009690406528810036,0.008017766483317312,0.0025879610398844566,-0.004355400696864131,-0.015503875968992276,-0.0811897106109325,0.014999999999999902,0.034658511722732044,-0.005876591576885359,-0.016971279373368064,-0.024611398963730657,-0.07037037037037042,0.00929944203347799,-0.010334346504559222,0.08316699933466398,-0.007874015748031482,-0.040000000000000036,0.008000000000000007,-0.008807307175254131,-0.05896969486697845,0.0003002158194842508,-0.013976836639687185,0.01568881685575363,PASS,0.0,93,93,model_features_v2.0,2026-03-23T08:43:03Z
02618.HK,2025-12-12,2025,12,4,2024-12-31,annual,346,CONFIRMED,V2.5,3412.0,10,1.0,182837.584,18698.413,0.102,7087.553,117867.788,54900.868,62966.92,67740.188,39712.049,7228.23,15941.503,20790.727,-840.448,-11487.704,8100.0,4300.0,22734.265000000003,28028.139,46.57834759739446,29.036886994209272,15744.864,333.561,645.798,8568.084,8.611393596187531,0.1824356856520265,0.3532085613207403,4.686172182192038,101.446,1.1839986629449477,1.7092875492605082,1.1018196155902014,2.8062633372875427,2.410233584742301,4.43016136113459,2.3518140559109555,11.37114511423428,2.75975151804675,55061.616,127775.968,87355.44,32300.0,95482.144,69.88495756977406,30.11504243022594,47.77761666332236,17.665952094400897,1600,80703.0,400156.0,8.015900634419253,-4.8070358237999065,12.16,0.00996677740863805,-0.01935483870967747,-0.01935483870967747,0.012104507170751493,0.012524289701257326,0.017480261851408496,-0.004151415291806737,-0.022416818013838324,0.018693344945154067,-0.004310847228942927,-0.030062964492155286,0.016237383594155386,-0.012931758894386358,-0.03390207586399596,-0.015203423417870732,-0.015043991480734542,-0.006423079815291111,0.0030619793041608556,0.010708125782477818,0.014547237154318493,0.01137357830271224,-0.011965811965812034,-0.011120615911035192,0.00886699507389177,0.03382130237253911,0.02400000000000002,0.023240371845949515,-0.005806451612903274,-0.005164622336991664,0.04361179361179368,0.006516587677725116,0.16689560439560447,0.052579365079365115,-0.007483629560336769,0.07171717171717162,-0.0073890267438654345,-0.05317614108221658,-0.013548387096774195,-0.025871426387402585,-0.0118712091493407,PASS,0.0,93,93,model_features_v2.0,2026-03-23T08:43:03Z
02618.HK,2025-12-15,2025,12,0,2024-12-31,annual,349,CONFIRMED,V2.5,3412.0,10,1.0,182837.584,18698.413,0.102,7087.553,117867.788,54900.868,62966.92,67740.188,39712.049,7228.23,15941.503,20790.727,-840.448,-11487.704,8100.0,4300.0,22734.265000000003,28028.139,46.57834759739446,29.036886994209272,15744.864,333.561,645.798,8568.084,8.611393596187531,0.1824356856520265,0.3532085613207403,4.686172182192038,101.446,1.1839986629449477,1.7092875492605082,1.1018196155902014,2.8062633372875427,2.410233584742301,4.43016136113459,2.3518140559109555,11.37114511423428,2.75975151804675,55061.616,127775.968,87355.44,32300.0,95482.144,69.88495756977406,30.11504243022594,47.77761666332236,17.665952094400897,1600,80703.0,400156.0,8.015900634419253,-4.8070358237999065,12.0,-0.013157894736842146,-0.011532125205930832,-0.022004889975550057,0.009583540765611442,0.012645648170122438,-0.013393109772223633,-0.0052970344679833525,-0.028630684634941672,-0.024765654791993663,-0.028985174523845303,-0.04489584636122346,-0.01780407419222918,-0.018256126542554485,-0.044026861853534105,-0.00623509073794748,0.01745304931791447,0.006724001336623653,0.006625794659391615,0.0228909563856734,0.022021971877984048,-0.018166089965397925,-0.023235800344234114,-0.016464471403812908,-0.0146484375,0.01407035175879412,0.005982053838484713,-0.035691109669046095,-0.031290743155150014,-0.04067140090380894,-0.038257798705120694,-0.010895883777239601,0.12071330589849105,0.018850141376060447,0.031488549618320594,0.09523809523809534,0.011703675138303282,-0.02560247696472495,0.01975861794921918,-0.000636241428691231,-0.043020674824251426,PASS,0.0,93,93,model_features_v2.0,2026-03-23T08:43:03Z
02618.HK,2025-12-16,2025,12,1,2024-12-31,annual,350,CONFIRMED,V2.5,3412.0,10,1.0,182837.584,18698.413,0.102,7087.553,117867.788,54900.868,62966.92,67740.188,39712.049,7228.23,15941.503,20790.727,-840.448,-11487.704,8100.0,4300.0,22734.265000000003,28028.139,46.57834759739446,29.036886994209272,15744.864,333.561,645.798,8568.084,8.611393596187531,0.1824356856520265,0.3532085613207403,4.686172182192038,101.446,1.1839986629449477,1.7092875492605082,1.1018196155902014,2.8062633372875427,2.410233584742301,4.43016136113459,2.3518140559109555,11.37114511423428,2.75975151804675,55061.616,127775.968,87355.44,32300.0,95482.144,69.88495756977406,30.11504243022594,47.77761666332236,17.665952094400897,1600,80703.0,400156.0,8.015900634419253,-4.8070358237999065,11.75,-0.02083333333333337,-0.02164862614487928,-0.024896265560165998,0.012450460851979461,0.012864570491004052,-0.01535260222061996,-0.007817024537404849,-0.026788245135080824,-0.017443192771741667,-0.027394917438988364,-0.043080345677175336,-0.017916111140009128,-0.019972278088105977,-0.04544059224467045,-0.01383160160747443,0.005746291294109085,-0.0016763480567733025,0.001891979574914826,0.018184080117009338,0.020544326684504455,-0.022907488986784075,-0.0348128807658834,-0.02974628171478555,-0.013875123885034757,0.022085259373395116,0.009127789046653234,-0.02960969044414541,-0.04440026507620953,-0.06727037516170764,-0.007343941248470154,-0.00795107033639153,0.11019849418206706,-0.023126734505087843,0.009560229445506607,0.08530318602261056,0.013164254621004123,-0.043733885518274396,0.022751638931330254,-0.013697555808487749,-0.031208855590385887,PASS,0.0,93,93,model_features_v2.0,2026-03-23T08:43:03Z
02618.HK,2025-12-17,2025,12,2,2024-12-31,annual,351,CONFIRMED,V2.5,3412.0,10,1.0,182837.584,18698.413,0.102,7087.553,117867.788,54900.868,62966.92,67740.188,39712.049,7228.23,15941.503,20790.727,-840.448,-11487.704,8100.0,4300.0,22734.265000000003,28028.139,46.57834759739446,29.036886994209272,15744.864,333.561,645.798,8568.084,8.611393596187531,0.1824356856520265,0.3532085613207403,4.686172182192038,101.446,1.1839986629449477,1.7092875492605082,1.1018196155902014,2.8062633372875427,2.410233584742301,4.43016136113459,2.3518140559109555,11.37114511423428,2.75975151804675,55061.616,127775.968,87355.44,32300.0,95482.144,69.88495756977406,30.11504243022594,47.77761666332236,17.665952094400897,1600,80703.0,400156.0,8.015900634419253,-4.8070358237999065,11.76,0.0008510638297871687,-0.020815986677768517,-0.03130148270181221,0.01252960025914188,0.012714614299468704,0.009247719771543261,-0.0028190211888595718,-0.014009326130004607,0.01026189678501277,-0.02206554263496452,-0.026565481817046877,0.009778638109213533,-0.012409152282819691,-0.033599429709631035,-0.017996965488908945,0.0012495559571960024,-0.008406834394948826,-0.017292156571807604,-0.0047360008847653345,0.0022979470078188236,0.012623985572587815,-0.021777003484320545,-0.010572687224669641,0.018090452261306567,0.0129999999999999,0.03367346938775517,0.012482662968099856,-0.04699738903394246,-0.06649616368286448,0.0,0.0055796652200865715,0.09966101694915253,-0.006628787878787956,0.032480314960629864,0.10073452256033577,0.0009610168065520286,-0.03381598667776842,0.026181402356173944,-0.026395651897855088,-0.05329630163839838,PASS,0.0,93,93,model_features_v2.0,2026-03-23T08:43:03Z
02618.HK,2025-12-18,2025,12,3,2024-12-31,annual,352,CONFIRMED,V2.5,3412.0,10,1.0,182837.584,18698.413,0.102,7087.553,117867.788,54900.868,62966.92,67740.188,39712.049,7228.23,15941.503,20790.727,-840.448,-11487.704,8100.0,4300.0,22734.265000000003,28028.139,46.57834759739446,29.036886994209272,15744.864,333.561,645.798,8568.084,8.611393596187531,0.1824356856520265,0.3532085613207403,4.686172182192038,101.446,1.1839986629449477,1.7092875492605082,1.1018196155902014,2.8062633372875427,2.410233584742301,4.43016136113459,2.3518140559109555,11.37114511423428,2.75975151804675,55061.616,127775.968,87355.44,32300.0,95482.144,69.88495756977406,30.11504243022594,47.77761666332236,17.665952094400897,1600,80703.0,400156.0,8.015900634419253,-4.8070358237999065,11.67,-0.007653061224489832,-0.030730897009966673,-0.03712871287128705,0.011997231966085554,0.012788688526037432,0.0011523912806188363,-0.0012682864541286865,-0.013061062713150884,-0.007266464515065185,-0.021013299991508028,-0.02803793642223018,-0.0002329994337341157,-0.010383657661637957,-0.03301092196975686,-0.029462610555837987,-0.009717597018458646,-0.020347239348328716,-0.024067650158136167,-0.00909077644905687,-0.004117790901530194,-0.0008904719501334757,-0.01837270341207342,-0.011453744493392093,0.000987166831194486,-0.0009852216748768017,0.029441624365482255,-0.013013698630137016,-0.0431606905710491,-0.06912144702842393,0.018495684340320562,0.014742014742014531,0.10649698593436008,-0.0057197330791229906,0.0347222222222221,0.09558823529411775,-0.012358193597893252,-0.02974567533508987,0.012429793561082425,-0.045472911751981204,-0.06545311923218877,PASS,0.0,93,93,model_features_v2.0,2026-03-23T08:43:03Z
02618.HK,2025-12-19,2025,12,4,2024-12-31,annual,353,CONFIRMED,V2.5,3412.0,10,1.0,182837.584,18698.413,0.102,7087.553,117867.788,54900.868,62966.92,67740.188,39712.049,7228.23,15941.503,20790.727,-840.448,-11487.704,8100.0,4300.0,22734.265000000003,28028.139,46.57834759739446,29.036886994209272,15744.864,333.561,645.798,8568.084,8.611393596187531,0.1824356856520265,0.3532085613207403,4.686172182192038,101.446,1.1839986629449477,1.7092875492605082,1.1018196155902014,2.8062633372875427,2.410233584742301,4.43016136113459,2.3518140559109555,11.37114511423428,2.75975151804675,55061.616,127775.968,87355.44,32300.0,95482.144,69.88495756977406,30.11504243022594,47.77761666332236,17.665952094400897,1600,80703.0,400156.0,8.015900634419253,-4.8070358237999065,11.83,0.01371036846615259,-0.027138157894736836,0.0008460236886631556,0.013301593910756745,0.012026667453326319,0.0075456513869840425,-0.011019837324011239,0.018656210423306563,0.011212024457900815,-0.02820301345323295,0.015485155194430833,0.006754582046291313,-0.01961805066313127,-0.002079625744003999,-0.016118320570725597,0.001064855558496114,-0.007520107231605566,-0.017810186734643407,-0.014639131505767677,0.0029256494326671545,-0.008021390374331583,-0.037197231833909994,0.009066183136899442,0.012820512820512775,0.0029296875,0.0748299319727892,0.008327550312283272,-0.057105775470473574,-0.015582655826558156,0.009079903147699797,-0.018834608593290225,0.12029569892473102,0.006711409395973256,-0.010367577756833168,0.12059765208111006,0.010059073939173158,-0.030067845394736836,0.029967617575736738,-0.008303549301446611,-0.016770580137903668,PASS,0.0,93,93,model_features_v2.0,2026-03-23T08:43:03Z
02618.HK,2025-12-22,2025,12,0,2024-12-31,annual,356,CONFIRMED,V2.5,3412.0,10,1.0,182837.584,18698.413,0.102,7087.553,117867.788,54900.868,62966.92,67740.188,39712.049,7228.23,15941.503,20790.727,-840.448,-11487.704,8100.0,4300.0,22734.265000000003,28028.139,46.57834759739446,29.036886994209272,15744.864,333.561,645.798,8568.084,8.611393596187531,0.1824356856520265,0.3532085613207403,4.686172182192038,101.446,1.1839986629449477,1.7092875492605082,1.1018196155902014,2.8062633372875427,2.410233584742301,4.43016136113459,2.3518140559109555,11.37114511423428,2.75975151804675,55061.616,127775.968,87355.44,32300.0,95482.144,69.88495756977406,30.11504243022594,47.77761666332236,17.665952094400897,1600,80703.0,400156.0,8.015900634419253,-4.8070358237999065,11.73,-0.008453085376162295,-0.022499999999999964,-0.018410041841004143,0.01277296839190238,0.011885571651472474,0.004330000198516704,0.0067459054004701535,0.0033157700309141003,0.008722330919285204,0.005166938866074222,-0.0033774767561798313,0.0043195397405995095,0.002464704094790493,-0.015390876903746298,-0.029245905400470118,-0.027666938866074187,-0.024964704094790457,-0.021725811871918244,-0.015032565084824312,-0.0030191649372578455,0.008984725965857976,-0.010572687224669641,-0.000889679715302516,0.0009737098344693162,0.018830525272546916,0.04737646459500766,0.007570543702684063,-0.014804845222072593,-0.05242718446601935,-0.00959808038392318,0.01040391676866581,0.10508701472556892,-0.01904761904761898,-0.04717853839037922,0.08421052631578951,-0.011927312775330323,-0.04133052527254688,-0.007695154777927371,-0.032903916768665775,0.024678538390379257,PASS,0.0,93,93,model_features_v2.0,2026-03-23T08:43:03Z
02618.HK,2025-12-23,2025,12,1,2024-12-31,annual,357,CONFIRMED,V2.5,3412.0,10,1.0,182837.584,18698.413,0.102,7087.553,117867.788,54900.868,62966.92,67740.188,39712.049,7228.23,15941.503,20790.727,-840.448,-11487.704,8100.0,4300.0,22734.265000000003,28028.139,46.57834759739446,29.036886994209272,15744.864,333.561,645.798,8568.084,8.611393596187531,0.1824356856520265,0.3532085613207403,4.686172182192038,101.446,1.1839986629449477,1.7092875492605082,1.1018196155902014,2.8062633372875427,2.410233584742301,4.43016136113459,2.3518140559109555,11.37114511423428,2.75975151804675,55061.616,127775.968,87355.44,32300.0,95482.144,69.88495756977406,30.11504243022594,47.77761666332236,17.665952094400897,1600,80703.0,400156.0,8.015900634419253,-4.8070358237999065,11.8,0.0059676044330776445,0.004255319148936287,-0.019118869492934176,0.00935978662757152,0.01186233684004919,-0.0010708567668032964,0.021348177025853676,-0.004650013226721428,-0.006864694589846176,0.01598886443523484,-0.02194214927575211,-0.002891558789421156,0.017801055293640067,-0.02669482728341077,-0.01709285787691739,-0.011733545286298552,-0.01354573614470378,-0.014468856266212748,0.0028232797828179335,0.007575957790476595,0.0044523597506678225,0.017132551848512145,0.003558718861209842,0.0038910505836575737,0.0371859296482413,0.05038167938931304,0.005464480874316724,0.020804438280166426,-0.06717363751584293,0.004239854633555584,0.022194821208384896,0.06623794212218659,0.028155339805825186,0.0028409090909089496,0.12539851222104148,-0.012877232699575858,-0.03293061049930501,-0.01654911913123014,-0.01793950205944861,0.0014144100580273378,PASS,0.0,93,93,model_features_v2.0,2026-03-23T08:43:03Z
02618.HK,2025-12-24,2025,12,2,2024-12-31,annual,358,CONFIRMED,V2.5,3412.0,10,1.0,182837.584,18698.413,0.102,7087.553,117867.788,54900.868,62966.92,67740.188,39712.049,7228.23,15941.503,20790.727,-840.448,-11487.704,8100.0,4300.0,22734.265000000003,28028.139,46.57834759739446,29.036886994209272,15744.864,333.561,645.798,8568.084,8.611393596187531,0.1824356856520265,0.3532085613207403,4.686172182192038,101.446,1.1839986629449477,1.7092875492605082,1.1018196155902014,2.8062633372875427,2.410233584742301,4.43016136113459,2.3518140559109555,11.37114511423428,2.75975151804675,55061.616,127775.968,87355.44,32300.0,95482.144,69.88495756977406,30.11504243022594,47.77761666332236,17.665952094400897,1600,80703.0,400156.0,8.015900634419253,-4.8070358237999065,11.79,-0.0008474576271187972,0.0025510204081631294,-0.035977105478332105,0.009392074479687235,0.011124346025863032,0.0017377883413374207,0.01374820466469151,-0.0042097216608403265,0.0018965583205348135,0.007576104581390464,-0.02119123730056449,0.00014472331772008573,0.008090601664168195,-0.026985375709303483,-0.01119718425652838,-0.005025084173227334,-0.005539581256005066,-0.03176738381749178,-0.014785868177767614,-0.008991729769028622,0.0,0.0044523597506678225,-0.017421602787456414,0.0,0.01875616979269501,-0.00578034682080919,-0.008152173913043348,0.0,-0.05684754521963831,-0.00663449939686378,0.015413070283600394,0.01603948180135717,0.0009442870632672129,0.010486177311725298,0.12765957446808507,-0.0019013393425046932,-0.01620514938453188,0.0025510204081631294,-0.012862049875437265,-0.007935156903562168,PASS,0.0,93,93,model_features_v2.0,2026-03-23T08:43:03Z
02618.HK,2025-12-29,2025,12,0,2024-12-31,annual,363,CONFIRMED,V2.5,3412.0,10,1.0,182837.584,18698.413,0.102,7087.553,117867.788,54900.868,62966.92,67740.188,39712.049,7228.23,15941.503,20790.727,-840.448,-11487.704,8100.0,4300.0,22734.265000000003,28028.139,46.57834759739446,29.036886994209272,15744.864,333.561,645.798,8568.084,8.611393596187531,0.1824356856520265,0.3532085613207403,4.686172182192038,101.446,1.1839986629449477,1.7092875492605082,1.1018196155902014,2.8062633372875427,2.410233584742301,4.43016136113459,2.3518140559109555,11.37114511423428,2.75975151804675,55061.616,127775.968,87355.44,32300.0,95482.144,69.88495756977406,30.11504243022594,47.77761666332236,17.665952094400897,1600,80703.0,400156.0,8.015900634419253,-4.8070358237999065,11.55,-0.02035623409669196,-0.010282776349614275,-0.05482815057283141,0.013136022066228398,0.0118691699920446,-0.0071149346622807474,0.00537686489166056,-0.01197490319290928,-0.0029621951884785114,0.011944727949223966,-0.02055001295093828,-0.00262589353169429,0.0056777854284202345,-0.02980513119741046,-0.015659641241274835,-0.02222750429883824,-0.01596056177803451,-0.04285324737992213,-0.034278137621893134,-0.025023019375420952,-0.007092198581560294,-0.0017825311942959443,-0.03614457831325302,0.009689922480620172,0.027613412228796763,0.0019230769230769162,-0.018493150684931403,-0.005551700208188626,-0.048472775564408876,0.005464480874316946,0.002421307506053294,0.026658400495970236,-0.027358490566037674,-0.011505273250239645,0.07395833333333335,-0.008500245155318331,-0.03789618857841104,-0.00473107614142565,-0.01270408385566757,0.0012224969006253694,PASS,0.0,93,93,model_features_v2.0,2026-03-23T08:43:03Z
02618.HK,2025-12-30,2025,12,1,2024-12-31,annual,364,CONFIRMED,V2.5,3412.0,10,1.0,182837.584,18698.413,0.102,7087.553,117867.788,54900.868,62966.92,67740.188,39712.049,7228.23,15941.503,20790.727,-840.448,-11487.704,8100.0,4300.0,22734.265000000003,28028.139,46.57834759739446,29.036886994209272,15744.864,333.561,645.798,8568.084,8.611393596187531,0.1824356856520265,0.3532085613207403,4.686172182192038,101.446,1.1839986629449477,1.7092875492605082,1.1018196155902014,2.8062633372875427,2.410233584742301,4.43016136113459,2.3518140559109555,11.37114511423428,2.75975151804675,55061.616,127775.968,87355.44,32300.0,95482.144,69.88495756977406,30.11504243022594,47.77761666332236,17.665952094400897,1600,80703.0,400156.0,8.015900634419253,-4.8070358237999065,11.61,0.0051948051948049745,-0.018596787827557137,-0.046014790468364875,0.010962881480806822,0.011994833930204556,0.008557364221034813,0.006386399969171563,-0.00016590039247632582,0.01739373081573814,0.018130913444690977,-0.0037023741273165545,0.011168782017045187,0.010087264094017945,-0.015241776286234798,-0.0249831877967287,-0.036727701272248114,-0.028684051921575082,-0.04584889007588855,-0.04231241634104832,-0.030773014182130076,0.014285714285714235,0.020664869721473522,-0.02489270386266096,0.0009596928982724684,0.015579357351509282,0.017560975609756113,0.008374040474528943,-0.005505849965588561,-0.04620462046204621,-0.0006038647342995196,-0.007198560287942302,0.037617554858934144,-0.0038797284190107417,-0.021904761904761982,0.07202505219206667,-0.03926165754903066,-0.03417614517906642,-0.013090937861968577,-0.011398227539614836,0.003307974077204845,PASS,0.0,93,93,model_features_v2.0,2026-03-23T08:43:03Z
02618.HK,2025-12-31,2025,12,2,2025-12-31,annual,0,CONFIRMED,V2.5,3412.0,10,1.0,217146.986,19767.969,0.091,6890.045,124599.558,64814.829,59784.729,58742.886,44369.279,4407.975,18038.757,18765.124,-11493.231,-14765.344,4200.0,6300.0,17344.434,14373.606999999996,52.01850635778339,27.831218994653216,19848.754,297.713,886.852,10663.466,9.140699747036782,0.1371020641290411,0.4084109184918643,4.91071333589682,114.322,1.0720904441388943,0.8578271462279194,0.5491175919657224,2.2935507085594877,1.8220337659482304,1.934173749019938,2.901260623529907,8.641669104262862,-0.4990306427739206,80314.094,136832.892,116200.0,35900.0,100946.986,63.0139494544953,36.98605054550469,53.51214038955162,16.532580378527566,1600,91161.0,393907.0,12.958626073380172,-1.56164096002559,11.42,-0.01636520241171402,-0.026427962489343648,-0.08199356913183276,0.01230906292002589,0.010903512311682653,-0.008666156119220503,-0.006636366419823125,-0.01546944178331866,-0.01118604325987127,-0.001963150666838054,-0.022814078897951506,-0.008601899204110364,-0.0029083816097298376,-0.028252990422217072,-0.019791596069520523,-0.024464811822505594,-0.02351958087961381,-0.0665241273485141,-0.05917949023388125,-0.05374057870961568,-0.017605633802816878,-0.006233303650934996,-0.046968403074295506,-0.009587727708533111,0.004863813229571967,0.03766951280763431,-0.0117647058823529,-0.024590163934426146,-0.07811491284699801,-0.01933534743202414,-0.01695941853422156,0.00682382133995052,0.017526777020447915,0.014563106796116276,0.08854166666666674,-0.020194658838408652,-0.031291775718915615,-0.0018377985549175024,-0.009468543955122088,-0.040991069285459925,PASS,0.0,93,93,model_features_v2.0,2026-03-23T08:43:03Z
