asof_date,y_ret_1d,y_ret_5d,y_ret_20d,y_up_1d,label_version,built_at
2021-05-28,-0.003597122302158362,0.12589928057553945,0.007194244604316502,0.0,model_labels_v1,2026-03-23T09:59:10Z
2021-05-31,0.10228640192539107,0.10469314079422376,0.012033694344163681,1.0,model_labels_v1,2026-03-23T09:59:10Z
2021-06-01,-0.008733624454148492,-0.01091703056768556,-0.07641921397379914,0.0,model_labels_v1,2026-03-23T09:59:10Z
2021-06-02,0.03524229074889873,-0.016519823788546217,-0.08810572687224671,1.0,model_labels_v1,2026-03-23T09:59:10Z
2021-06-03,-0.0010638297872339608,-0.06595744680851068,-0.13829787234042556,0.0,model_labels_v1,2026-03-23T09:59:10Z
2021-06-04,-0.022364217252396235,-0.08945686900958472,-0.1693290734824282,0.0,model_labels_v1,2026-03-23T09:59:10Z
2021-06-07,-0.013071895424836666,-0.08496732026143783,-0.144880174291939,0.0,model_labels_v1,2026-03-23T09:59:10Z
2021-06-08,-0.014348785871964642,-0.08167770419426035,-0.1556291390728476,0.0,model_labels_v1,2026-03-23T09:59:10Z
2021-06-09,-0.016797312430011146,-0.05935050391937291,-0.13325867861142204,0.0,model_labels_v1,2026-03-23T09:59:10Z
2021-06-10,-0.026195899772209486,-0.04555808656036442,-0.12072892938496582,0.0,model_labels_v1,2026-03-23T09:59:10Z
2021-06-11,-0.01754385964912286,-0.040935672514619936,-0.0736842105263158,0.0,model_labels_v1,2026-03-23T09:59:10Z
2021-06-15,-0.00952380952380949,-0.02261904761904765,-0.06785714285714284,0.0,model_labels_v1,2026-03-23T09:59:10Z
2021-06-16,0.009615384615384581,-0.016826923076923128,-0.0625,1.0,model_labels_v1,2026-03-23T09:59:10Z
2021-06-17,-0.0023809523809523725,-0.027380952380952395,-0.09523809523809523,0.0,model_labels_v1,2026-03-23T09:59:10Z
2021-06-18,-0.021479713603818618,-0.014319809069212486,-0.11336515513126488,0.0,model_labels_v1,2026-03-23T09:59:10Z
2021-06-21,0.0012195121951219523,0.024390243902439046,-0.10731707317073169,1.0,model_labels_v1,2026-03-23T09:59:10Z
2021-06-22,-0.0036540803897685548,0.02436053593179044,-0.1583434835566383,0.0,model_labels_v1,2026-03-23T09:59:10Z
2021-06-23,-0.0012224938875304847,0.03422982885085579,-0.14914425427872868,0.0,model_labels_v1,2026-03-23T09:59:10Z
2021-06-24,0.011015911872704898,0.01346389228886169,-0.16279069767441856,1.0,model_labels_v1,2026-03-23T09:59:10Z
2021-06-25,0.016949152542373058,-0.01937046004842613,-0.27118644067796605,1.0,model_labels_v1,2026-03-23T09:59:10Z
2021-06-28,0.0011904761904761862,-0.0714285714285714,-0.36190476190476184,1.0,model_labels_v1,2026-03-23T09:59:10Z
2021-06-29,0.005945303210463715,-0.06658739595719376,-0.3483947681331748,1.0,model_labels_v1,2026-03-23T09:59:10Z
2021-06-30,-0.02127659574468077,-0.0957446808510638,-0.3085106382978723,0.0,model_labels_v1,2026-03-23T09:59:10Z
2021-07-02,-0.021739130434782594,-0.06521739130434767,-0.322463768115942,0.0,model_labels_v1,2026-03-23T09:59:10Z
2021-07-05,-0.03703703703703709,-0.0469135802469135,-0.27901234567901234,0.0,model_labels_v1,2026-03-23T09:59:10Z
2021-07-06,0.0064102564102563875,0.01538461538461533,-0.2743589743589744,1.0,model_labels_v1,2026-03-23T09:59:10Z
2021-07-07,-0.02547770700636942,-0.002547770700636942,-0.2509554140127389,0.0,model_labels_v1,2026-03-23T09:59:10Z
2021-07-08,0.011764705882353121,0.019607843137254832,-0.24705882352941178,1.0,model_labels_v1,2026-03-23T09:59:10Z
2021-07-09,-0.0025839793281654533,-0.01808785529715773,-0.2596899224806203,0.0,model_labels_v1,2026-03-23T09:59:10Z
2021-07-12,0.02590673575129543,-0.03756476683937826,-0.2538860103626943,1.0,model_labels_v1,2026-03-23T09:59:10Z
2021-07-13,-0.011363636363636465,-0.0757575757575758,-0.23863636363636365,0.0,model_labels_v1,2026-03-23T09:59:10Z
2021-07-14,-0.003831417624520994,-0.11749680715197963,-0.2068965517241379,0.0,model_labels_v1,2026-03-23T09:59:10Z
2021-07-15,-0.02564102564102566,-0.10769230769230775,-0.24743589743589745,0.0,model_labels_v1,2026-03-23T09:59:10Z
2021-07-16,-0.022368421052631593,-0.09999999999999998,-0.25131578947368427,0.0,model_labels_v1,2026-03-23T09:59:10Z
2021-07-19,-0.014804845222072593,-0.18977119784656793,-0.2651413189771198,0.0,model_labels_v1,2026-03-23T09:59:10Z
2021-07-20,-0.05601092896174875,-0.26775956284153,-0.2609289617486339,0.0,model_labels_v1,2026-03-23T09:59:10Z
2021-07-21,0.00723589001447178,-0.20694645441389292,-0.2098408104196815,1.0,model_labels_v1,2026-03-23T09:59:10Z
2021-07-22,-0.01724137931034464,-0.1594827586206896,-0.23563218390804586,0.0,model_labels_v1,2026-03-23T09:59:10Z
2021-07-23,-0.11988304093567259,-0.17982456140350878,-0.26754385964912286,0.0,model_labels_v1,2026-03-23T09:59:10Z
2021-07-26,-0.10963455149501666,-0.029900332225913706,-0.17109634551495023,0.0,model_labels_v1,2026-03-23T09:59:10Z
2021-07-27,0.02238805970149249,0.05597014925373145,-0.001865671641791078,1.0,model_labels_v1,2026-03-23T09:59:10Z
2021-07-28,0.0675182481751826,0.07299270072992692,0.034671532846715536,1.0,model_labels_v1,2026-03-23T09:59:10Z
2021-07-29,-0.04102564102564099,-0.01538461538461533,-0.010256410256410331,0.0,model_labels_v1,2026-03-23T09:59:10Z
2021-07-30,0.04099821746880572,0.021390374331550666,0.09090909090909083,1.0,model_labels_v1,2026-03-23T09:59:10Z
2021-08-02,-0.03082191780821908,-0.013698630136986245,0.13527397260273966,0.0,model_labels_v1,2026-03-23T09:59:10Z
2021-08-03,0.03886925795052987,0.06537102473498235,0.1872791519434629,1.0,model_labels_v1,2026-03-23T09:59:10Z
2021-08-04,-0.020408163265306034,0.056122448979591955,0.12925170068027225,0.0,model_labels_v1,2026-03-23T09:59:10Z
2021-08-05,-0.00520833333333337,0.01909722222222232,0.18055555555555558,0.0,model_labels_v1,2026-03-23T09:59:10Z
2021-08-06,0.00523560209424101,-0.00698080279232105,0.18150087260034908,1.0,model_labels_v1,2026-03-23T09:59:10Z
2021-08-09,0.046875,-0.05208333333333337,0.21527777777777768,1.0,model_labels_v1,2026-03-23T09:59:10Z
2021-08-10,0.029850746268656803,-0.10281923714759533,0.16086235489220568,1.0,model_labels_v1,2026-03-23T09:59:10Z
2021-08-11,-0.054750402576489554,-0.12077294685990336,0.11916264090177142,0.0,model_labels_v1,2026-03-23T09:59:10Z
2021-08-12,-0.030664395229982988,-0.09369676320272569,0.141396933560477,0.0,model_labels_v1,2026-03-23T09:59:10Z
2021-08-13,-0.040421792618629104,-0.11950790861159921,0.25483304042179267,0.0,model_labels_v1,2026-03-23T09:59:10Z
2021-08-16,-0.009157509157509125,-0.08608058608058611,0.25641025641025617,0.0,model_labels_v1,2026-03-23T09:59:10Z
2021-08-17,0.009242144177449063,-0.011090573012939031,0.20887245841035118,1.0,model_labels_v1,2026-03-23T09:59:10Z
2021-08-18,-0.02564102564102566,0.03846153846153855,0.16483516483516492,0.0,model_labels_v1,2026-03-23T09:59:10Z
2021-08-19,-0.05827067669172936,0.08834586466165395,0.19924812030075167,0.0,model_labels_v1,2026-03-23T09:59:10Z
2021-08-20,-0.003992015968063978,0.221556886227545,0.27544910179640714,0.0,model_labels_v1,2026-03-23T09:59:10Z
2021-08-23,0.07214428857715438,0.3286573146292584,0.3046092184368736,1.0,model_labels_v1,2026-03-23T09:59:10Z
2021-08-24,0.059813084112149584,0.25607476635514015,0.19626168224299056,1.0,model_labels_v1,2026-03-23T09:59:10Z
2021-08-25,0.021164021164021163,0.17107583774250434,0.10229276895943551,1.0,model_labels_v1,2026-03-23T09:59:10Z
2021-08-26,0.05699481865284972,0.17443868739205537,0.0932642487046631,1.0,model_labels_v1,2026-03-23T09:59:10Z
2021-08-27,0.08333333333333326,0.10620915032679745,0.040849673202614456,1.0,model_labels_v1,2026-03-23T09:59:10Z
2021-08-30,0.013574660633484337,0.05580693815987936,-0.05580693815987925,1.0,model_labels_v1,2026-03-23T09:59:10Z
2021-08-31,-0.011904761904761862,0.04166666666666652,-0.05803571428571441,0.0,model_labels_v1,2026-03-23T09:59:10Z
2021-09-01,0.02409638554216853,0.04668674698795172,-0.024096385542168752,1.0,model_labels_v1,2026-03-23T09:59:10Z
2021-09-02,-0.004411764705882337,-0.014705882352941124,-0.05588235294117638,0.0,model_labels_v1,2026-03-23T09:59:10Z
2021-09-03,0.033973412112259904,0.05465288035450522,-0.0635155096011818,1.0,model_labels_v1,2026-03-23T09:59:10Z
2021-09-06,0.0,-0.02000000000000013,-0.1071428571428571,0.0,model_labels_v1,2026-03-23T09:59:10Z
2021-09-07,-0.0071428571428571175,-0.06571428571428561,-0.08857142857142863,0.0,model_labels_v1,2026-03-23T09:59:10Z
2021-09-08,-0.03597122302158273,-0.08489208633093526,-0.1151079136690647,0.0,model_labels_v1,2026-03-23T09:59:10Z
2021-09-09,0.06567164179104479,-0.047761194029850795,-0.07462686567164178,1.0,model_labels_v1,2026-03-23T09:59:10Z
2021-09-10,-0.03921568627451,-0.10504201680672276,-0.1512605042016807,0.0,model_labels_v1,2026-03-23T09:59:10Z
2021-09-13,-0.046647230320699506,-0.05102040816326536,-0.1282798833819242,0.0,model_labels_v1,2026-03-23T09:59:10Z
2021-09-14,-0.02752293577981657,-0.021406727828746308,-0.09021406727828751,0.0,model_labels_v1,2026-03-23T09:59:10Z
2021-09-15,0.0031446540880502027,-0.01729559748427678,-0.044025157232704504,1.0,model_labels_v1,2026-03-23T09:59:10Z
2021-09-16,0.0015673981191222097,-0.00783699059561127,-0.026645768025078342,1.0,model_labels_v1,2026-03-23T09:59:10Z
2021-09-17,0.018779342723004522,-0.00312989045383405,-0.0015649452269170805,1.0,model_labels_v1,2026-03-23T09:59:10Z
2021-09-20,-0.016897081413210335,-0.03840245775729634,0.001536098310291889,0.0,model_labels_v1,2026-03-23T09:59:10Z
2021-09-21,-0.0234375,-0.010937500000000044,0.0031250000000000444,0.0,model_labels_v1,2026-03-23T09:59:10Z
2021-09-23,0.012799999999999923,0.036799999999999944,0.04479999999999995,1.0,model_labels_v1,2026-03-23T09:59:10Z
2021-09-24,0.006319115323854652,0.014218009478673022,0.0015797788309637184,1.0,model_labels_v1,2026-03-23T09:59:10Z
2021-09-27,-0.017268445839874413,-0.004709576138147598,-0.02982731554160134,0.0,model_labels_v1,2026-03-23T09:59:10Z
2021-09-28,0.011182108626198062,-0.0015974440894569453,-0.01757188498402562,1.0,model_labels_v1,2026-03-23T09:59:10Z
2021-09-29,0.023696682464454888,0.00789889415481837,-0.033175355450236865,1.0,model_labels_v1,2026-03-23T09:59:10Z
2021-09-30,-0.00925925925925919,-0.05092592592592593,-0.033950617283950546,0.0,model_labels_v1,2026-03-23T09:59:10Z
2021-10-04,-0.012461059190031265,-0.034267912772585674,-0.04828660436137078,0.0,model_labels_v1,2026-03-23T09:59:10Z
2021-10-05,-0.014195583596214534,-0.04416403785488954,0.0268138801261828,0.0,model_labels_v1,2026-03-23T09:59:10Z
2021-10-06,0.02079999999999993,-0.043200000000000016,0.02400000000000002,1.0,model_labels_v1,2026-03-23T09:59:10Z
2021-10-07,-0.03605015673981182,-0.06739811912225702,-0.0031347962382444194,0.0,model_labels_v1,2026-03-23T09:59:10Z
2021-10-08,0.008130081300812941,-0.011382113821138296,0.06991869918699178,1.0,model_labels_v1,2026-03-23T09:59:10Z
2021-10-11,-0.022580645161290325,0.001612903225806539,0.056451612903225756,0.0,model_labels_v1,2026-03-23T09:59:10Z
2021-10-12,-0.01320132013201325,0.05280528052805278,0.10231023102310233,0.0,model_labels_v1,2026-03-23T09:59:10Z
2021-10-15,-0.0050167224080267525,0.09030100334448177,0.07190635451505023,0.0,model_labels_v1,2026-03-23T09:59:10Z
2021-10-18,0.02184873949579824,0.0789915966386554,0.0117647058823529,1.0,model_labels_v1,2026-03-23T09:59:10Z
2021-10-19,0.021381578947368585,0.07401315789473695,0.00493421052631593,1.0,model_labels_v1,2026-03-23T09:59:10Z
2021-10-20,0.027375201288244666,0.020933977455716457,0.0016103059581320522,1.0,model_labels_v1,2026-03-23T09:59:10Z
2021-10-21,0.021943573667711602,-0.031347962382445194,-0.037617554858934144,1.0,model_labels_v1,2026-03-23T09:59:10Z
2021-10-22,-0.015337423312883458,-0.05674846625766872,-0.033742331288343586,0.0,model_labels_v1,2026-03-23T09:59:10Z
2021-10-25,0.01713395638629267,-0.04672897196261683,-0.06853582554517146,1.0,model_labels_v1,2026-03-23T09:59:10Z
2021-10-26,-0.029096477794793296,-0.04134762633996936,-0.1332312404287901,0.0,model_labels_v1,2026-03-23T09:59:10Z
2021-10-27,-0.025236593059936974,-0.0362776025236593,-0.12776025236593058,0.0,model_labels_v1,2026-03-23T09:59:10Z
2021-10-28,-0.004854368932038833,0.05339805825242716,-0.11650485436893199,0.0,model_labels_v1,2026-03-23T09:59:10Z
2021-10-29,-0.004878048780487809,0.04065040650406515,-0.1495934959349594,0.0,model_labels_v1,2026-03-23T09:59:10Z
2021-11-01,0.02287581699346397,0.03921568627450989,-0.18300653594771243,1.0,model_labels_v1,2026-03-23T09:59:10Z
2021-11-02,-0.02396166134185307,0.051118210862619806,-0.20926517571884984,0.0,model_labels_v1,2026-03-23T09:59:10Z
2021-11-03,0.06546644844517169,0.07201309328968897,-0.18494271685761055,1.0,model_labels_v1,2026-03-23T09:59:10Z
2021-11-04,-0.016897081413210335,0.02611367127496167,-0.19201228878648224,0.0,model_labels_v1,2026-03-23T09:59:10Z
2021-11-05,-0.006249999999999978,0.0015624999999999112,-0.1953125,0.0,model_labels_v1,2026-03-23T09:59:10Z
2021-11-08,0.03459119496855334,-0.053459119496855334,-0.20911949685534592,1.0,model_labels_v1,2026-03-23T09:59:10Z
2021-11-09,-0.004559270516717229,-0.0714285714285714,-0.18237082066869303,0.0,model_labels_v1,2026-03-23T09:59:10Z
2021-11-10,0.01984732824427482,-0.05038167938931293,-0.16946564885496185,1.0,model_labels_v1,2026-03-23T09:59:10Z
2021-11-11,-0.04041916167664672,-0.08083832335329344,-0.15269461077844304,0.0,model_labels_v1,2026-03-23T09:59:10Z
2021-11-12,-0.060842433697347764,-0.01716068642745705,-0.12636505460218406,0.0,model_labels_v1,2026-03-23T09:59:10Z
2021-11-15,0.014950166112956742,-0.006644518272425293,-0.04983388704318936,1.0,model_labels_v1,2026-03-23T09:59:10Z
2021-11-16,0.018003273322422242,-0.07364975450081834,-0.1014729950900164,1.0,model_labels_v1,2026-03-23T09:59:10Z
2021-11-17,-0.012861736334405238,-0.11093247588424449,-0.1334405144694535,0.0,model_labels_v1,2026-03-23T09:59:10Z
2021-11-18,0.026058631921824116,-0.11074918566775238,-0.09446254071661231,1.0,model_labels_v1,2026-03-23T09:59:10Z
2021-11-19,-0.050793650793650835,-0.1698412698412699,-0.1412698412698412,0.0,model_labels_v1,2026-03-23T09:59:10Z
2021-11-22,-0.05351170568561869,-0.16387959866220736,-0.13210702341137126,0.0,model_labels_v1,2026-03-23T09:59:10Z
2021-11-23,-0.02296819787985871,-0.1254416961130742,-0.0795053003533569,0.0,model_labels_v1,2026-03-23T09:59:10Z
2021-11-24,-0.012658227848101222,-0.09945750452079571,-0.04339963833634719,0.0,model_labels_v1,2026-03-23T09:59:10Z
2021-11-25,-0.0421245421245422,-0.03663003663003661,-0.034798534798534786,0.0,model_labels_v1,2026-03-23T09:59:10Z
2021-11-26,-0.043977055449330726,-0.015296367112810683,0.030592734225621365,0.0,model_labels_v1,2026-03-23T09:59:10Z
2021-11-29,-0.010000000000000009,0.006000000000000005,0.062000000000000055,0.0,model_labels_v1,2026-03-23T09:59:10Z
2021-11-30,0.0060606060606061,0.08686868686868676,0.08484848484848495,1.0,model_labels_v1,2026-03-23T09:59:10Z
2021-12-01,0.05622489959839361,0.09236947791164662,0.06224899598393585,1.0,model_labels_v1,2026-03-23T09:59:10Z
2021-12-02,-0.020912547528517123,0.07604562737642584,0.005703422053231932,0.0,model_labels_v1,2026-03-23T09:59:10Z
2021-12-03,-0.023300970873786464,0.08737864077669899,0.03689320388349504,0.0,model_labels_v1,2026-03-23T09:59:10Z
2021-12-06,0.06958250497017904,0.1371769383697814,0.037773359840954424,1.0,model_labels_v1,2026-03-23T09:59:10Z
2021-12-07,0.011152416356877248,0.020446096654275214,-0.059479553903345694,1.0,model_labels_v1,2026-03-23T09:59:10Z
2021-12-08,0.040441176470588314,-0.009191176470588203,-0.12316176470588225,1.0,model_labels_v1,2026-03-23T09:59:10Z
2021-12-09,-0.010600706713780994,-0.017667844522968212,-0.1484098939929328,0.0,model_labels_v1,2026-03-23T09:59:10Z
2021-12-10,0.021428571428571574,-0.03392857142857142,-0.1071428571428571,1.0,model_labels_v1,2026-03-23T09:59:10Z
2021-12-13,-0.04020979020979032,-0.09265734265734271,-0.10314685314685323,0.0,model_labels_v1,2026-03-23T09:59:10Z
2021-12-14,-0.01821493624772308,-0.051001821493624755,-0.016393442622950838,0.0,model_labels_v1,2026-03-23T09:59:10Z
2021-12-15,0.03153988868274582,-0.01855287569573283,-0.014842300556586197,1.0,model_labels_v1,2026-03-23T09:59:10Z
2021-12-16,-0.026978417266187105,-0.05215827338129497,-0.03417266187050361,0.0,model_labels_v1,2026-03-23T09:59:10Z
2021-12-17,-0.04066543438077641,-0.003696857670979714,-0.02957486136783738,0.0,model_labels_v1,2026-03-23T09:59:10Z
2021-12-20,0.003853564547206201,0.023121387283236983,0.05587668593448947,1.0,model_labels_v1,2026-03-23T09:59:10Z
2021-12-21,0.015355086372360827,0.030710172744721653,0.028790786948176494,1.0,model_labels_v1,2026-03-23T09:59:10Z
2021-12-22,-0.003780718336483857,0.0,0.026465028355387554,0.0,model_labels_v1,2026-03-23T09:59:10Z
2021-12-23,0.022770398481973375,0.003795066413662118,0.015180265654648917,1.0,model_labels_v1,2026-03-23T09:59:10Z
2021-12-24,-0.014842300556586197,-0.00927643784786647,-0.024118738404452666,0.0,model_labels_v1,2026-03-23T09:59:10Z
2021-12-28,0.011299435028248705,-0.016949152542372836,-0.043314500941619705,1.0,model_labels_v1,2026-03-23T09:59:10Z
2021-12-29,-0.014897579143389295,-0.05772811918063314,-0.06703910614525144,0.0,model_labels_v1,2026-03-23T09:59:10Z
2021-12-30,0.0,-0.09829867674858217,-0.08128544423440454,0.0,model_labels_v1,2026-03-23T09:59:10Z
2021-12-31,0.00945179584120992,-0.08884688090737236,-0.12476370510396984,1.0,model_labels_v1,2026-03-23T09:59:10Z
2022-01-03,-0.022471910112359494,-0.06367041198501866,-0.13295880149812733,0.0,model_labels_v1,2026-03-23T09:59:10Z
2022-01-04,-0.03065134099616862,-0.017241379310344973,-0.08812260536398475,0.0,model_labels_v1,2026-03-23T09:59:10Z
2022-01-05,-0.05731225296442688,0.06719367588932812,-0.04743083003952564,0.0,model_labels_v1,2026-03-23T09:59:10Z
2022-01-06,0.01048218029350112,0.1132075471698113,0.016771488469601525,1.0,model_labels_v1,2026-03-23T09:59:10Z
2022-01-07,0.03734439834024883,0.11410788381742742,0.022821576763485396,1.0,model_labels_v1,2026-03-23T09:59:10Z
2022-01-10,0.026000000000000023,0.050000000000000044,0.0,1.0,model_labels_v1,2026-03-23T09:59:10Z
2022-01-11,0.052631578947368585,0.06822612085769975,-0.05458089668615984,1.0,model_labels_v1,2026-03-23T09:59:10Z
2022-01-12,-0.016666666666666607,-0.007407407407407418,-0.12037037037037035,0.0,model_labels_v1,2026-03-23T09:59:10Z
2022-01-13,0.011299435028248705,0.02259887005649719,-0.07721280602636538,1.0,model_labels_v1,2026-03-23T09:59:10Z
2022-01-14,-0.022346368715083886,-0.003724394785847407,-0.07635009310986962,0.0,model_labels_v1,2026-03-23T09:59:10Z
2022-01-17,0.04380952380952374,0.0019047619047618536,-0.0552380952380952,1.0,model_labels_v1,2026-03-23T09:59:10Z
2022-01-18,-0.021897810218978075,-0.07299270072992703,-0.10218978102189769,0.0,model_labels_v1,2026-03-23T09:59:10Z
2022-01-19,0.013059701492537323,-0.06529850746268662,-0.003731343283582156,1.0,model_labels_v1,2026-03-23T09:59:10Z
2022-01-20,-0.014732965009208066,-0.10497237569060769,-0.057090239410681254,0.0,model_labels_v1,2026-03-23T09:59:10Z
2022-01-21,-0.016822429906542036,-0.1345794392523365,-0.04485981308411213,0.0,model_labels_v1,2026-03-23T09:59:10Z
2022-01-24,-0.034220532319391705,-0.1197718631178708,-0.057034220532319435,0.0,model_labels_v1,2026-03-23T09:59:10Z
2022-01-25,-0.013779527559054983,-0.06299212598425186,-0.009842519685039353,0.0,model_labels_v1,2026-03-23T09:59:10Z
2022-01-26,-0.029940119760479056,-0.03792415169660679,-0.013972055888223589,0.0,model_labels_v1,2026-03-23T09:59:10Z
2022-01-27,-0.0473251028806585,-0.002057613168724326,0.06172839506172845,0.0,model_labels_v1,2026-03-23T09:59:10Z
2022-01-28,0.0,0.06479481641468676,0.10151187904967607,0.0,model_labels_v1,2026-03-23T09:59:10Z
2022-01-31,0.02807775377969768,0.07991360691144722,0.09719222462203025,1.0,model_labels_v1,2026-03-23T09:59:10Z
2022-02-04,0.012605042016806678,0.018907563025210017,0.021008403361344463,1.0,model_labels_v1,2026-03-23T09:59:10Z
2022-02-07,0.006224066390041472,-0.014522821576763545,-0.018672199170124637,1.0,model_labels_v1,2026-03-23T09:59:10Z
2022-02-08,0.016494845360824684,0.010309278350515427,-0.11958762886597929,1.0,model_labels_v1,2026-03-23T09:59:10Z
2022-02-09,0.014198782961460488,0.006085192697768749,-0.18458417849898567,1.0,model_labels_v1,2026-03-23T09:59:10Z
2022-02-10,-0.030000000000000027,-0.008000000000000007,-0.21760000000000002,0.0,model_labels_v1,2026-03-23T09:59:10Z
2022-02-11,-0.020618556701030966,0.014432989690721598,-0.21649484536082475,0.0,model_labels_v1,2026-03-23T09:59:10Z
2022-02-14,0.03157894736842115,0.12421052631578955,-0.2261052631578948,1.0,model_labels_v1,2026-03-23T09:59:10Z
2022-02-15,0.012244897959183598,0.044897959183673564,-0.24244897959183676,1.0,model_labels_v1,2026-03-23T09:59:10Z
2022-02-16,0.0,0.030241935483870996,-0.13508064516129037,0.0,model_labels_v1,2026-03-23T09:59:10Z
2022-02-17,-0.008064516129032251,0.0,-0.05241935483870974,0.0,model_labels_v1,2026-03-23T09:59:10Z
2022-02-18,0.08536585365853644,0.022357723577235644,-0.024390243902439046,1.0,model_labels_v1,2026-03-23T09:59:10Z
2022-02-21,-0.041198501872659055,-0.07490636704119846,-0.09737827715355796,0.0,model_labels_v1,2026-03-23T09:59:10Z
2022-02-22,-0.001953125,0.0078125,-0.052734375,0.0,model_labels_v1,2026-03-23T09:59:10Z
2022-02-23,-0.02935420743639927,-0.00195694716242667,-0.0332681017612525,0.0,model_labels_v1,2026-03-23T09:59:10Z
2022-02-24,0.014112903225806273,0.024193548387096753,-0.07258064516129037,1.0,model_labels_v1,2026-03-23T09:59:10Z
2022-02-25,-0.017892644135188873,-0.03379721669980107,-0.21113320079522857,0.0,model_labels_v1,2026-03-23T09:59:10Z
2022-02-28,0.044534412955465674,-0.04251012145748989,-0.25506072874493935,1.0,model_labels_v1,2026-03-23T09:59:10Z
2022-03-01,-0.011627906976744207,-0.17248062015503873,-0.27519379844961245,0.0,model_labels_v1,2026-03-23T09:59:10Z
2022-03-02,-0.0039215686274510775,-0.21176470588235285,-0.22745098039215694,0.0,model_labels_v1,2026-03-23T09:59:10Z
2022-03-03,-0.04330708661417315,-0.22992125984251965,-0.2385826771653543,0.0,model_labels_v1,2026-03-23T09:59:10Z
2022-03-04,-0.026748971193415683,-0.21810699588477367,-0.22222222222222232,0.0,model_labels_v1,2026-03-23T09:59:10Z
2022-03-07,-0.09725158562367853,-0.2228329809725158,-0.2016913319238901,0.0,model_labels_v1,2026-03-23T09:59:10Z
2022-03-08,-0.05854800936768145,-0.13067915690866527,-0.15690866510538648,0.0,model_labels_v1,2026-03-23T09:59:10Z
2022-03-09,-0.02686567164179121,0.06716417910447747,-0.12338308457711444,0.0,model_labels_v1,2026-03-23T09:59:10Z
2022-03-10,-0.02862985685071573,0.2014314928425358,-0.10838445807770947,0.0,model_labels_v1,2026-03-23T09:59:10Z
2022-03-11,-0.032631578947368456,0.26315789473684204,-0.08210526315789468,0.0,model_labels_v1,2026-03-23T09:59:10Z
2022-03-14,0.009793253536452662,0.3112078346028293,-0.04896626768226331,1.0,model_labels_v1,2026-03-23T09:59:10Z
2022-03-15,0.15571120689655182,0.30657327586206895,-0.037715517241379226,1.0,model_labels_v1,2026-03-23T09:59:10Z
2022-03-16,0.09557109557109555,0.1515151515151516,-0.11981351981351984,1.0,model_labels_v1,2026-03-23T09:59:10Z
2022-03-17,0.02127659574468077,-0.021276595744680882,-0.21702127659574477,1.0,model_labels_v1,2026-03-23T09:59:10Z
2022-03-18,0.004166666666666652,-0.17333333333333334,-0.2483333333333334,1.0,model_labels_v1,2026-03-23T09:59:10Z
2022-03-21,0.006224066390041472,-0.23651452282157692,-0.2846473029045644,1.0,model_labels_v1,2026-03-23T09:59:10Z
2022-03-22,0.01855670103092777,-0.22886597938144337,-0.2956701030927835,1.0,model_labels_v1,2026-03-23T09:59:10Z
2022-03-23,-0.06882591093117407,-0.20242914979757087,-0.3465587044534413,0.0,model_labels_v1,2026-03-23T09:59:10Z
2022-03-24,-0.1373913043478261,-0.1591304347826087,-0.2991304347826087,0.0,model_labels_v1,2026-03-23T09:59:10Z
2022-03-25,-0.07258064516129037,-0.04737903225806461,-0.20665322580645162,0.0,model_labels_v1,2026-03-23T09:59:10Z
2022-03-28,0.016304347826086918,0.026086956521739202,-0.13043478260869557,1.0,model_labels_v1,2026-03-23T09:59:10Z
2022-03-29,0.053475935828877,-0.03743315508021383,-0.12085561497326192,1.0,model_labels_v1,2026-03-23T09:59:10Z
2022-03-30,-0.018274111675126825,-0.10558375634517758,-0.14010152284263955,0.0,model_labels_v1,2026-03-23T09:59:10Z
2022-03-31,-0.022750775594622574,-0.09824198552223362,-0.16132368148914178,0.0,model_labels_v1,2026-03-23T09:59:10Z
2022-04-01,-0.0010582010582009804,-0.07724867724867712,-0.12910052910052894,0.0,model_labels_v1,2026-03-23T09:59:10Z
2022-04-04,-0.04661016949152541,-0.07415254237288127,-0.18220338983050843,0.0,model_labels_v1,2026-03-23T09:59:10Z
2022-04-06,-0.02111111111111108,-0.007777777777777772,-0.1744444444444445,0.0,model_labels_v1,2026-03-23T09:59:10Z
2022-04-07,-0.010215664018161208,0.07150964812712823,-0.14642451759364372,0.0,model_labels_v1,2026-03-23T09:59:10Z
2022-04-08,0.0,0.05504587155963292,-0.17087155963302758,0.0,model_labels_v1,2026-03-23T09:59:10Z
2022-04-11,0.002293577981651307,0.03440366972477049,-0.14220183486238536,1.0,model_labels_v1,2026-03-23T09:59:10Z
2022-04-12,0.021739130434782483,-0.013729977116704872,-0.1189931350114416,1.0,model_labels_v1,2026-03-23T09:59:10Z
2022-04-13,0.05711086226203799,-0.043673012318029225,-0.10750279955207165,1.0,model_labels_v1,2026-03-23T09:59:10Z
2022-04-14,-0.025423728813559365,-0.1451271186440677,-0.20868644067796605,0.0,model_labels_v1,2026-03-23T09:59:10Z
2022-04-19,-0.019565217391304346,-0.12391304347826071,-0.21630434782608687,0.0,model_labels_v1,2026-03-23T09:59:10Z
2022-04-20,-0.04434589800443467,-0.1274944567627494,-0.155210643015521,0.0,model_labels_v1,2026-03-23T09:59:10Z
2022-04-21,-0.009280742459396807,-0.07192575406032475,-0.14965197215777248,0.0,model_labels_v1,2026-03-23T09:59:10Z
2022-04-22,-0.05503512880562045,-0.03747072599531598,-0.1733021077283372,0.0,model_labels_v1,2026-03-23T09:59:10Z
2022-04-25,-0.0012391573729862992,0.049566294919454856,-0.12143742255266421,0.0,model_labels_v1,2026-03-23T09:59:10Z
2022-04-26,-0.023573200992555887,0.006203473945409321,-0.11910669975186117,0.0,model_labels_v1,2026-03-23T09:59:10Z
2022-04-27,0.016518424396442244,0.04574332909783996,-0.07878017789072433,1.0,model_labels_v1,2026-03-23T09:59:10Z
2022-04-28,0.02750000000000008,-0.03500000000000003,-0.050000000000000044,1.0,model_labels_v1,2026-03-23T09:59:10Z
2022-04-29,0.03041362530413627,-0.09610705596107072,-0.06447688564476883,1.0,model_labels_v1,2026-03-23T09:59:10Z
2022-05-03,-0.04250295159386086,-0.11216056670602137,-0.09917355371900838,0.0,model_labels_v1,2026-03-23T09:59:10Z
2022-05-04,0.014796547472256671,-0.10850801479654737,-0.06535141800246602,1.0,model_labels_v1,2026-03-23T09:59:10Z
2022-05-05,-0.06196840826245453,-0.0911300121506683,-0.0376670716889429,0.0,model_labels_v1,2026-03-23T09:59:10Z
2022-05-06,-0.03756476683937826,-0.002590673575129432,0.0362694300518136,0.0,model_labels_v1,2026-03-23T09:59:10Z
2022-05-10,0.01211305518169592,0.07267833109017507,0.1440107671601616,1.0,model_labels_v1,2026-03-23T09:59:10Z
2022-05-11,-0.03856382978723394,-0.0066489361702127825,0.08643617021276606,0.0,model_labels_v1,2026-03-23T09:59:10Z
2022-05-12,0.03457814661134173,-0.0027662517289074318,0.12863070539419086,1.0,model_labels_v1,2026-03-23T09:59:10Z
2022-05-13,0.02941176470588225,0.018716577540106805,0.04278074866310155,1.0,model_labels_v1,2026-03-23T09:59:10Z
2022-05-16,0.03506493506493502,-0.04805194805194801,0.01558441558441559,1.0,model_labels_v1,2026-03-23T09:59:10Z
2022-05-17,-0.06273525721455453,-0.11417816813048931,0.0012547051442912682,0.0,model_labels_v1,2026-03-23T09:59:10Z
2022-05-18,-0.03480589022757696,-0.05087014725568939,0.04016064257028118,0.0,model_labels_v1,2026-03-23T09:59:10Z
2022-05-19,0.0568654646324549,-0.015256588072122046,0.09570041608876556,1.0,model_labels_v1,2026-03-23T09:59:10Z
2022-05-20,-0.03805774278215224,-0.04855643044619429,0.05774278215223094,0.0,model_labels_v1,2026-03-23T09:59:10Z
2022-05-23,-0.03683492496589369,0.03683492496589347,0.1377899045020463,0.0,model_labels_v1,2026-03-23T09:59:10Z
2022-05-24,0.004249291784702569,0.08923512747875373,0.16005665722379603,1.0,model_labels_v1,2026-03-23T09:59:10Z
2022-05-25,0.0014104372355430161,0.0761636107193231,0.17489421720733422,1.0,model_labels_v1,2026-03-23T09:59:10Z
2022-05-26,0.021126760563380254,0.06760563380281703,0.19718309859154926,1.0,model_labels_v1,2026-03-23T09:59:10Z
2022-05-27,0.04827586206896539,0.09241379310344833,0.2068965517241379,1.0,model_labels_v1,2026-03-23T09:59:10Z
2022-05-30,0.011842105263158098,0.05263157894736836,0.16973684210526319,1.0,model_labels_v1,2026-03-23T09:59:10Z
2022-05-31,-0.007802340702210753,0.10533159947984383,0.1118335500650196,0.0,model_labels_v1,2026-03-23T09:59:10Z
2022-06-01,-0.006553079947575369,0.07077326343381385,0.1218872870249017,0.0,model_labels_v1,2026-03-23T09:59:10Z
2022-06-02,0.04485488126649084,0.07651715039577844,0.12137203166226906,1.0,model_labels_v1,2026-03-23T09:59:10Z
2022-06-06,0.010101010101010166,-0.015151515151515138,0.08207070707070718,1.0,model_labels_v1,2026-03-23T09:59:10Z
2022-06-07,0.0625,-0.022499999999999964,0.03374999999999995,1.0,model_labels_v1,2026-03-23T09:59:10Z
2022-06-08,-0.0388235294117647,-0.06117647058823528,-0.034117647058823475,0.0,model_labels_v1,2026-03-23T09:59:10Z
2022-06-09,-0.001223990208078285,-0.04895960832313351,0.003671970624234966,0.0,model_labels_v1,2026-03-23T09:59:10Z
2022-06-10,-0.044117647058823595,-0.031862745098039214,-0.044117647058823595,0.0,model_labels_v1,2026-03-23T09:59:10Z
2022-06-13,0.002564102564102555,0.03333333333333344,-0.04487179487179482,1.0,model_labels_v1,2026-03-23T09:59:10Z
2022-06-14,0.020460358056265893,0.06649616368286448,-0.03196930946291565,1.0,model_labels_v1,2026-03-23T09:59:10Z
2022-06-15,-0.026315789473684292,0.02631578947368407,-0.011278195488721887,0.0,model_labels_v1,2026-03-23T09:59:10Z
2022-06-16,0.016731016731016846,0.07207207207207222,-0.02187902187902191,1.0,model_labels_v1,2026-03-23T09:59:10Z
2022-06-17,0.020253164556962133,0.07594936708860756,0.0037974683544304,1.0,model_labels_v1,2026-03-23T09:59:10Z
2022-06-20,0.03473945409429269,0.0856079404466501,0.022332506203473823,1.0,model_labels_v1,2026-03-23T09:59:10Z
2022-06-21,-0.017985611510791366,0.06594724220623505,0.017985611510791477,0.0,model_labels_v1,2026-03-23T09:59:10Z
2022-06-22,0.017094017094017255,0.04395604395604402,0.035409035409035505,1.0,model_labels_v1,2026-03-23T09:59:10Z
2022-06-23,0.020408163265306145,0.027611044417767072,0.01800720288115243,1.0,model_labels_v1,2026-03-23T09:59:10Z
2022-06-24,0.02941176470588225,0.0,-0.0117647058823529,1.0,model_labels_v1,2026-03-23T09:59:10Z
2022-06-27,0.016000000000000014,-0.020571428571428574,-0.053714285714285825,1.0,model_labels_v1,2026-03-23T09:59:10Z
2022-06-28,-0.038245219347581516,-0.06974128233970767,-0.08886389201349842,0.0,model_labels_v1,2026-03-23T09:59:10Z
2022-06-29,0.0011695906432749315,-0.039766081871345005,-0.04327485380116969,1.0,model_labels_v1,2026-03-23T09:59:10Z
2022-06-30,-0.007009345794392607,-0.04205607476635531,-0.06775700934579443,0.0,model_labels_v1,2026-03-23T09:59:10Z
2022-07-04,0.008235294117647118,-0.08235294117647063,-0.06823529411764706,1.0,model_labels_v1,2026-03-23T09:59:10Z
2022-07-05,-0.03500583430571769,-0.13068844807467916,-0.11318553092182038,0.0,model_labels_v1,2026-03-23T09:59:10Z
2022-07-06,-0.0072551390568317276,-0.0846432889963723,-0.061668681983071294,0.0,model_labels_v1,2026-03-23T09:59:10Z
2022-07-07,-0.0012180267965896663,-0.03897685749086499,-0.047503045066991545,0.0,model_labels_v1,2026-03-23T09:59:10Z
2022-07-08,-0.04878048780487798,-0.07317073170731703,-0.0329268292682926,0.0,model_labels_v1,2026-03-23T09:59:10Z
2022-07-11,-0.04487179487179482,0.016666666666666607,0.011538461538461497,0.0,model_labels_v1,2026-03-23T09:59:10Z
2022-07-12,0.016107382550335503,0.10604026845637593,0.04966442953020134,1.0,model_labels_v1,2026-03-23T09:59:10Z
2022-07-13,0.04227212681638037,0.12153236459709382,-0.00792602377807139,1.0,model_labels_v1,2026-03-23T09:59:10Z
2022-07-14,-0.03675538656527255,0.07477820025348558,-0.03929024081115329,0.0,model_labels_v1,2026-03-23T09:59:10Z
2022-07-15,0.04342105263157903,0.11578947368421066,-0.05263157894736836,1.0,model_labels_v1,2026-03-23T09:59:10Z
2022-07-18,0.0390920554854981,0.05926860025220693,-0.09583858764186626,1.0,model_labels_v1,2026-03-23T09:59:10Z
2022-07-19,0.03033980582524265,0.004854368932038833,-0.13228155339805825,1.0,model_labels_v1,2026-03-23T09:59:10Z
2022-07-20,-0.0011778563015312216,-0.04593639575971742,-0.1531213191990577,0.0,model_labels_v1,2026-03-23T09:59:10Z
2022-07-21,0.0,-0.03537735849056611,-0.16981132075471705,0.0,model_labels_v1,2026-03-23T09:59:10Z
2022-07-22,-0.009433962264150941,-0.05896226415094341,-0.1568396226415094,0.0,model_labels_v1,2026-03-23T09:59:10Z
2022-07-25,-0.014285714285714457,-0.05714285714285716,-0.16190476190476188,0.0,model_labels_v1,2026-03-23T09:59:10Z
2022-07-26,-0.021739130434782594,-0.08212560386473422,-0.14855072463768115,0.0,model_labels_v1,2026-03-23T09:59:10Z
2022-07-27,0.009876543209876631,-0.041975308641975295,-0.0493827160493826,1.0,model_labels_v1,2026-03-23T09:59:10Z
2022-07-28,-0.024449877750611138,-0.044009779951100225,-0.023227383863080653,0.0,model_labels_v1,2026-03-23T09:59:10Z
2022-07-29,-0.007518796992481258,-0.006265664160401085,0.05263157894736836,0.0,model_labels_v1,2026-03-23T09:59:10Z
2022-08-01,-0.04040404040404044,-0.0037878787878787845,0.07702020202020199,0.0,model_labels_v1,2026-03-23T09:59:10Z
2022-08-02,0.021052631578947434,0.02894736842105261,0.13421052631578934,1.0,model_labels_v1,2026-03-23T09:59:10Z
2022-08-03,0.0077319587628865705,-0.03221649484536082,0.0850515463917525,1.0,model_labels_v1,2026-03-23T09:59:10Z
2022-08-04,0.014066496163682718,-0.03069053708439895,0.04603580562659837,1.0,model_labels_v1,2026-03-23T09:59:10Z
2022-08-05,-0.0050441361916772065,-0.09205548549810838,0.022698612862547263,0.0,model_labels_v1,2026-03-23T09:59:10Z
2022-08-08,-0.008871989860582907,-0.09125475285171103,0.03295310519645134,0.0,model_labels_v1,2026-03-23T09:59:10Z
2022-08-09,-0.03964194373401542,-0.08567774936061379,0.052429667519181544,0.0,model_labels_v1,2026-03-23T09:59:10Z
2022-08-10,0.009320905459387463,-0.04260985352862845,0.08921438082556588,1.0,model_labels_v1,2026-03-23T09:59:10Z
2022-08-11,-0.05013192612137207,-0.0712401055408971,0.08311345646438006,0.0,model_labels_v1,2026-03-23T09:59:10Z
2022-08-12,-0.004166666666666652,-0.00694444444444442,0.16805555555555562,0.0,model_labels_v1,2026-03-23T09:59:10Z
2022-08-15,-0.002789400278939924,-0.018131101813110173,0.15341701534170138,0.0,model_labels_v1,2026-03-23T09:59:10Z
2022-08-16,0.005594405594405494,-0.013986013986014068,0.11188811188811187,1.0,model_labels_v1,2026-03-23T09:59:10Z
2022-08-17,-0.020862308762169768,0.0709318497913769,0.14464534075104307,0.0,model_labels_v1,2026-03-23T09:59:10Z
2022-08-18,0.015625,0.13494318181818188,0.16051136363636354,1.0,model_labels_v1,2026-03-23T09:59:10Z
2022-08-19,-0.015384615384615441,0.1748251748251748,0.04335664335664324,0.0,model_labels_v1,2026-03-23T09:59:10Z
2022-08-22,0.0014204545454545858,0.21164772727272707,0.07102272727272729,1.0,model_labels_v1,2026-03-23T09:59:10Z
2022-08-23,0.09219858156028371,0.2226950354609929,0.05673758865248235,1.0,model_labels_v1,2026-03-23T09:59:10Z
2022-08-24,0.03766233766233773,0.09350649350649354,-0.051948051948051965,1.0,model_labels_v1,2026-03-23T09:59:10Z
2022-08-25,0.051314142678347885,0.02377972465581979,-0.10137672090112648,1.0,model_labels_v1,2026-03-23T09:59:10Z
2022-08-26,0.015476190476190421,-0.03452380952380962,-0.1333333333333333,1.0,model_labels_v1,2026-03-23T09:59:10Z
2022-08-29,0.010550996483001063,-0.04454865181711598,-0.14536928487690493,1.0,model_labels_v1,2026-03-23T09:59:10Z
2022-08-30,-0.023201856148491795,-0.04524361948955902,-0.1821345707656612,0.0,model_labels_v1,2026-03-23T09:59:10Z
2022-08-31,-0.028503562945368155,-0.028503562945368155,-0.16864608076009502,0.0,model_labels_v1,2026-03-23T09:59:10Z
2022-09-01,-0.008557457212713948,0.0036674816625918982,-0.15647921760391192,0.0,model_labels_v1,2026-03-23T09:59:10Z
2022-09-02,0.004932182490752224,0.036991368680641346,-0.15536374845869294,1.0,model_labels_v1,2026-03-23T09:59:10Z
2022-09-05,0.009815950920245342,0.014723926380368013,-0.08466257668711663,1.0,model_labels_v1,2026-03-23T09:59:10Z
2022-09-06,-0.0060753341433780195,-0.03402187120291622,-0.1287970838396112,0.0,model_labels_v1,2026-03-23T09:59:10Z
2022-09-07,0.0036674816625918982,0.006112469437652868,-0.13936430317848403,1.0,model_labels_v1,2026-03-23T09:59:10Z
2022-09-08,0.02436053593179044,-0.004872107186358221,-0.1632155907429964,1.0,model_labels_v1,2026-03-23T09:59:10Z
2022-09-09,-0.01664684898929847,-0.11296076099881092,-0.2080856123662307,0.0,model_labels_v1,2026-03-23T09:59:10Z
2022-09-13,-0.038694074969770176,-0.08827085852478833,-0.21402660217654168,0.0,model_labels_v1,2026-03-23T09:59:10Z
2022-09-14,0.035220125786163514,-0.06289308176100628,-0.24276729559748433,1.0,model_labels_v1,2026-03-23T09:59:10Z
2022-09-15,-0.007290400972053468,-0.1130012150668287,-0.24908869987849336,0.0,model_labels_v1,2026-03-23T09:59:10Z
2022-09-16,-0.08690330477356178,-0.1211750305997552,-0.21419828641370864,0.0,model_labels_v1,2026-03-23T09:59:10Z
2022-09-19,0.01072386058981234,-0.024128686327077764,-0.10455764075067031,1.0,model_labels_v1,2026-03-23T09:59:10Z
2022-09-20,-0.011936339522546358,-0.03315649867374004,-0.11538461538461542,0.0,model_labels_v1,2026-03-23T09:59:10Z
2022-09-21,-0.020134228187919545,-0.05369127516778527,-0.1449664429530202,0.0,model_labels_v1,2026-03-23T09:59:10Z
2022-09-22,-0.016438356164383605,-0.041095890410958846,-0.11917808219178083,0.0,model_labels_v1,2026-03-23T09:59:10Z
2022-09-23,0.013927576601671321,-0.03899721448467963,-0.19080779944289694,1.0,model_labels_v1,2026-03-23T09:59:10Z
2022-09-26,0.0013736263736263687,-0.05906593406593419,-0.2060439560439561,1.0,model_labels_v1,2026-03-23T09:59:10Z
2022-09-27,-0.03292181069958855,0.023319615912208436,-0.17558299039780523,0.0,model_labels_v1,2026-03-23T09:59:10Z
2022-09-28,-0.007092198581560294,0.017021276595744705,-0.1475177304964539,0.0,model_labels_v1,2026-03-23T09:59:10Z
2022-09-29,-0.014285714285714235,0.005714285714285783,-0.1985714285714285,0.0,model_labels_v1,2026-03-23T09:59:10Z
2022-09-30,-0.007246376811594346,-0.004347826086956608,-0.20579710144927532,0.0,model_labels_v1,2026-03-23T09:59:10Z
2022-10-03,0.089051094890511,-0.027737226277372184,-0.13430656934306573,1.0,model_labels_v1,2026-03-23T09:59:10Z
2022-10-05,-0.03887399463806973,-0.12868632707774796,-0.17292225201072386,0.0,model_labels_v1,2026-03-23T09:59:10Z
2022-10-06,-0.018131101813110173,-0.16039051603905163,-0.18410041841004188,0.0,model_labels_v1,2026-03-23T09:59:10Z
2022-10-07,-0.024147727272727293,-0.12215909090909094,-0.11789772727272729,0.0,model_labels_v1,2026-03-23T09:59:10Z
2022-10-10,-0.03056768558951961,-0.06550218340611358,-0.07569141193595352,0.0,model_labels_v1,2026-03-23T09:59:10Z
2022-10-11,-0.024024024024024038,0.0030030030030030463,-0.06156156156156156,0.0,model_labels_v1,2026-03-23T09:59:10Z
2022-10-12,-0.0738461538461539,0.026153846153846194,-0.06307692307692314,0.0,model_labels_v1,2026-03-23T09:59:10Z
2022-10-13,0.02657807308970095,0.058139534883721034,-0.03488372093023251,1.0,model_labels_v1,2026-03-23T09:59:10Z
2022-10-14,0.03883495145631066,0.040453074433656866,0.08576051779935279,1.0,model_labels_v1,2026-03-23T09:59:10Z
2022-10-17,0.04049844236760114,-0.0950155763239876,0.10591900311526481,1.0,model_labels_v1,2026-03-23T09:59:10Z
2022-10-18,-0.0014970059880239361,-0.13473053892215558,0.10928143712574867,0.0,model_labels_v1,2026-03-23T09:59:10Z
2022-10-19,-0.044977511244377766,-0.09895052473763122,0.10794602698650668,0.0,model_labels_v1,2026-03-23T09:59:10Z
2022-10-20,0.009419152276294973,-0.05651491365777084,0.1302982731554161,1.0,model_labels_v1,2026-03-23T09:59:10Z
2022-10-21,-0.0964230171073095,-0.1275272161741834,0.1275272161741836,0.0,model_labels_v1,2026-03-23T09:59:10Z
2022-10-24,-0.005163511187607495,-0.05679862306368322,0.18416523235800342,0.0,model_labels_v1,2026-03-23T09:59:10Z
2022-10-25,0.03979238754325243,0.025951557093425448,0.1539792387543253,1.0,model_labels_v1,2026-03-23T09:59:10Z
2022-10-26,0.0,0.0266222961730449,0.1048252911813643,0.0,model_labels_v1,2026-03-23T09:59:10Z
2022-10-27,-0.06655574043261225,-0.0266222961730449,0.07487520798668879,0.0,model_labels_v1,2026-03-23T09:59:10Z
2022-10-28,-0.02317290552584672,0.106951871657754,0.13190730837789655,0.0,model_labels_v1,2026-03-23T09:59:10Z
2022-10-31,0.08211678832116776,0.15875912408759119,0.13868613138686126,1.0,model_labels_v1,2026-03-23T09:59:10Z
2022-11-01,0.0404721753794266,0.053962900505902134,0.15345699831365933,1.0,model_labels_v1,2026-03-23T09:59:10Z
2022-11-02,-0.05186385737439225,-0.012965964343598091,0.13128038897893046,0.0,model_labels_v1,2026-03-23T09:59:10Z
2022-11-03,0.06153846153846154,-0.006837606837606813,0.20683760683760677,1.0,model_labels_v1,2026-03-23T09:59:10Z
2022-11-04,0.02254428341384851,0.08051529790660217,0.13687600644122377,1.0,model_labels_v1,2026-03-23T09:59:10Z
2022-11-07,-0.015748031496062964,0.11811023622047245,0.23464566929133857,0.0,model_labels_v1,2026-03-23T09:59:10Z
2022-11-08,-0.025600000000000067,0.1856,0.23680000000000012,0.0,model_labels_v1,2026-03-23T09:59:10Z
2022-11-09,-0.04597701149425293,0.21346469622331687,0.2249589490968802,0.0,model_labels_v1,2026-03-23T09:59:10Z
2022-11-10,0.15490533562822728,0.23924268502581758,0.3975903614457832,1.0,model_labels_v1,2026-03-23T09:59:10Z
2022-11-11,0.05812220566318915,0.0804769001490313,0.211624441132638,1.0,model_labels_v1,2026-03-23T09:59:10Z
2022-11-14,0.04366197183098608,-0.030985915492957705,0.09577464788732404,1.0,model_labels_v1,2026-03-23T09:59:10Z
2022-11-15,-0.0026990553306343035,-0.09986504723346834,0.05668016194331993,0.0,model_labels_v1,2026-03-23T09:59:10Z
2022-11-16,-0.025710419485791558,-0.10148849797023007,0.05548037889039237,0.0,model_labels_v1,2026-03-23T09:59:10Z
2022-11-17,0.00694444444444442,-0.10277777777777786,0.06805555555555554,1.0,model_labels_v1,2026-03-23T09:59:10Z
2022-11-18,-0.05103448275862066,-0.12413793103448278,0.08827586206896543,0.0,model_labels_v1,2026-03-23T09:59:10Z
2022-11-21,-0.03052325581395343,-0.09302325581395343,0.1133720930232558,0.0,model_labels_v1,2026-03-23T09:59:10Z
2022-11-22,-0.004497751124437843,0.025487256371814038,0.14392803598200898,0.0,model_labels_v1,2026-03-23T09:59:10Z
2022-11-23,-0.027108433734939763,0.051204819277108626,0.17168674698795194,0.0,model_labels_v1,2026-03-23T09:59:10Z
2022-11-24,-0.01702786377708987,0.09287925696594423,0.2198142414860682,0.0,model_labels_v1,2026-03-23T09:59:10Z
2022-11-25,-0.017322834645669194,0.11181102362204731,0.22834645669291342,0.0,model_labels_v1,2026-03-23T09:59:10Z
2022-11-28,0.09615384615384603,0.2564102564102564,0.26442307692307687,1.0,model_labels_v1,2026-03-23T09:59:10Z
2022-11-29,0.02046783625731008,0.13011695906432763,0.09649122807017552,1.0,model_labels_v1,2026-03-23T09:59:10Z
2022-11-30,0.011461318051575908,0.06876790830945545,0.08309455587392534,1.0,model_labels_v1,2026-03-23T09:59:10Z
2022-12-01,0.0,0.15014164305948996,0.10198300283286121,0.0,model_labels_v1,2026-03-23T09:59:10Z
2022-12-02,0.11048158640226635,0.1515580736543911,0.14305949008498597,1.0,model_labels_v1,2026-03-23T09:59:10Z
2022-12-05,-0.014030612244897878,-0.007653061224489721,0.06632653061224492,0.0,model_labels_v1,2026-03-23T09:59:10Z
2022-12-06,-0.03492884864165591,0.012936610608020649,0.053040103492884905,0.0,model_labels_v1,2026-03-23T09:59:10Z
2022-12-07,0.08847184986595158,0.04557640750670244,0.126005361930295,1.0,model_labels_v1,2026-03-23T09:59:10Z
2022-12-08,0.0012315270935963074,-0.05295566502463045,0.017241379310344973,1.0,model_labels_v1,2026-03-23T09:59:10Z
2022-12-09,-0.043050430504305126,-0.029520295202952185,0.01845018450184477,0.0,model_labels_v1,2026-03-23T09:59:10Z
2022-12-12,0.006426735218509005,-0.015424164524421635,0.0424164524421593,1.0,model_labels_v1,2026-03-23T09:59:10Z
2022-12-13,-0.003831417624521105,-0.025542784163473886,0.05619412515964228,0.0,model_labels_v1,2026-03-23T09:59:10Z
2022-12-14,-0.014102564102564052,-0.002564102564102555,0.0692307692307692,0.0,model_labels_v1,2026-03-23T09:59:10Z
2022-12-15,0.026007802340702213,0.024707412223667014,0.052015604681404426,1.0,model_labels_v1,2026-03-23T09:59:10Z
2022-12-16,-0.0291508238276299,-0.011406844106463865,0.03675538656527255,0.0,model_labels_v1,2026-03-23T09:59:10Z
2022-12-19,-0.003916449086161955,0.030026109660574285,0.04046997389033935,0.0,model_labels_v1,2026-03-23T09:59:10Z
2022-12-20,0.019659239842726217,-0.017038007863695914,0.06684141546526878,1.0,model_labels_v1,2026-03-23T09:59:10Z
2022-12-21,0.01285347043701801,-0.028277634961439646,0.11953727506426737,1.0,model_labels_v1,2026-03-23T09:59:10Z
2022-12-22,-0.010152284263959421,-0.012690355329949221,0.10532994923857886,0.0,model_labels_v1,2026-03-23T09:59:10Z
2022-12-23,0.011538461538461497,0.034615384615384714,0.09871794871794881,1.0,model_labels_v1,2026-03-23T09:59:10Z
2022-12-28,-0.049429657794676785,0.05956907477820028,0.09759188846641331,0.0,model_labels_v1,2026-03-23T09:59:10Z
2022-12-29,0.008000000000000007,0.08533333333333348,0.18933333333333335,1.0,model_labels_v1,2026-03-23T09:59:10Z
2022-12-30,0.029100529100529293,0.11111111111111116,0.15211640211640232,1.0,model_labels_v1,2026-03-23T09:59:10Z
2023-01-03,0.037275064267352276,0.06169665809768632,0.07840616966580982,1.0,model_labels_v1,2026-03-23T09:59:10Z
2023-01-04,0.035935563816604565,0.026022304832713727,0.0012391573729864103,1.0,model_labels_v1,2026-03-23T09:59:10Z
2023-01-05,-0.02631578947368407,-0.029904306220095656,-0.04784688995215303,0.0,model_labels_v1,2026-03-23T09:59:10Z
2023-01-06,0.03194103194103182,0.01597051597051591,-0.030712530712530772,1.0,model_labels_v1,2026-03-23T09:59:10Z
2023-01-09,-0.01666666666666672,-0.0071428571428572285,-0.050000000000000044,0.0,model_labels_v1,2026-03-23T09:59:10Z
2023-01-10,0.002421307506053294,-0.020581113801452777,-0.04600484261501214,1.0,model_labels_v1,2026-03-23T09:59:10Z
2023-01-11,-0.020531400966183555,-0.01207729468599028,-0.048309178743961345,0.0,model_labels_v1,2026-03-23T09:59:10Z
2023-01-12,0.019728729963008673,-0.01726263871763256,-0.03205918618988901,1.0,model_labels_v1,2026-03-23T09:59:10Z
2023-01-13,0.00846432889963733,-0.015719467956469058,-0.09794437726723093,1.0,model_labels_v1,2026-03-23T09:59:10Z
2023-01-16,-0.029976019184652314,0.04436450839328554,-0.09832134292565953,0.0,model_labels_v1,2026-03-23T09:59:10Z
2023-01-17,0.011124845488257096,0.07663782447466017,-0.08529048207663781,1.0,model_labels_v1,2026-03-23T09:59:10Z
2023-01-18,-0.025672371638141844,0.04767726161369201,-0.07579462102689483,0.0,model_labels_v1,2026-03-23T09:59:10Z
2023-01-19,0.021329987452948673,0.0865746549560853,-0.07151819322459219,1.0,model_labels_v1,2026-03-23T09:59:10Z
2023-01-20,0.07002457002457008,0.09582309582309567,-0.10933660933660938,1.0,model_labels_v1,2026-03-23T09:59:10Z
2023-01-26,0.0,0.0,-0.16532721010332962,0.0,model_labels_v1,2026-03-23T09:59:10Z
2023-01-27,-0.016073478760045945,-0.036739380022962176,-0.19632606199770386,0.0,model_labels_v1,2026-03-23T09:59:10Z
2023-01-30,0.010501750291715295,-0.0571761960326721,-0.18786464410735126,1.0,model_labels_v1,2026-03-23T09:59:10Z
2023-01-31,0.03002309468822162,-0.0808314087759815,-0.19168591224018472,1.0,model_labels_v1,2026-03-23T09:59:10Z
2023-02-01,-0.023542600896860888,-0.11547085201793728,-0.18049327354260092,0.0,model_labels_v1,2026-03-23T09:59:10Z
2023-02-02,-0.036739380022962176,-0.08381171067738236,-0.16647531572904717,0.0,model_labels_v1,2026-03-23T09:59:10Z
2023-02-03,-0.03694874851013119,-0.06078665077473189,-0.11442193087008357,0.0,model_labels_v1,2026-03-23T09:59:10Z
2023-02-06,-0.014851485148514865,-0.024752475247524774,-0.08044554455445552,0.0,model_labels_v1,2026-03-23T09:59:10Z
2023-02-07,-0.008793969849246297,-0.013819095477387022,-0.06783919597989951,0.0,model_labels_v1,2026-03-23T09:59:10Z
2023-02-08,0.011406844106463865,-0.05449936628643848,-0.08871989860583007,1.0,model_labels_v1,2026-03-23T09:59:10Z
2023-02-09,-0.01253132832080206,-0.057644110275689275,-0.1228070175438597,0.0,model_labels_v1,2026-03-23T09:59:10Z
2023-02-10,0.0,-0.060913705583756306,-0.19289340101522834,0.0,model_labels_v1,2026-03-23T09:59:10Z
2023-02-13,-0.0038071065989847552,-0.040609137055837574,-0.15989847715736039,0.0,model_labels_v1,2026-03-23T09:59:10Z
2023-02-14,-0.04968152866242037,-0.057324840764331086,-0.16050955414012735,0.0,model_labels_v1,2026-03-23T09:59:10Z
2023-02-15,0.008042895442359255,-0.02815013404825739,-0.09651474530831095,1.0,model_labels_v1,2026-03-23T09:59:10Z
2023-02-16,-0.015957446808510523,-0.0332446808510638,-0.12632978723404242,0.0,model_labels_v1,2026-03-23T09:59:10Z
2023-02-17,0.021621621621621623,-0.05405405405405406,-0.09189189189189195,1.0,model_labels_v1,2026-03-23T09:59:10Z
2023-02-20,-0.021164021164021052,-0.0793650793650793,-0.14682539682539675,0.0,model_labels_v1,2026-03-23T09:59:10Z
2023-02-21,-0.020270270270270285,-0.05405405405405406,-0.09999999999999998,0.0,model_labels_v1,2026-03-23T09:59:10Z
2023-02-22,0.0027586206896550447,0.008275862068965356,-0.07862068965517244,1.0,model_labels_v1,2026-03-23T09:59:10Z
2023-02-23,-0.037138927097661534,-0.0013755158184318717,-0.05502063273727642,0.0,model_labels_v1,2026-03-23T09:59:10Z
2023-02-24,-0.005714285714285672,0.06142857142857139,-0.011428571428571455,0.0,model_labels_v1,2026-03-23T09:59:10Z
2023-02-27,0.005747126436781658,0.06752873563218387,-0.007183908045977017,1.0,model_labels_v1,2026-03-23T09:59:10Z
2023-02-28,0.04428571428571426,0.06000000000000005,0.0128571428571429,1.0,model_labels_v1,2026-03-23T09:59:10Z
2023-03-01,-0.0068399452804377425,-0.01641586867305056,-0.046511627906976716,0.0,model_labels_v1,2026-03-23T09:59:10Z
2023-03-02,0.023415977961432466,-0.03581267217630846,-0.030303030303030276,1.0,model_labels_v1,2026-03-23T09:59:10Z
2023-03-03,0.0,-0.14401076716016148,-0.05114401076716013,0.0,model_labels_v1,2026-03-23T09:59:10Z
2023-03-06,-0.0013458950201884479,-0.10901749663526239,-0.09017496635262445,0.0,model_labels_v1,2026-03-23T09:59:10Z
2023-03-07,-0.030997304582210172,-0.11185983827493262,-0.11051212938005395,0.0,model_labels_v1,2026-03-23T09:59:10Z
2023-03-08,-0.026425591098748313,-0.06258692628650908,-0.07788595271210019,0.0,model_labels_v1,2026-03-23T09:59:10Z
2023-03-09,-0.09142857142857141,-0.06142857142857139,-0.03142857142857136,0.0,model_labels_v1,2026-03-23T09:59:10Z
2023-03-10,0.04088050314465397,0.05660377358490565,0.025157232704402288,1.0,model_labels_v1,2026-03-23T09:59:10Z
2023-03-13,-0.004531722054380682,-0.025679758308157052,-0.022658610271903412,0.0,model_labels_v1,2026-03-23T09:59:10Z
2023-03-14,0.022761760242792084,0.01062215477996964,0.009104704097116834,1.0,model_labels_v1,2026-03-23T09:59:10Z
2023-03-15,-0.02522255192878342,-0.008902077151335397,0.0,0.0,model_labels_v1,2026-03-23T09:59:10Z
2023-03-16,0.022831050228310446,0.04566210045662089,-0.003044140030441511,1.0,model_labels_v1,2026-03-23T09:59:10Z
2023-03-17,-0.0401785714285714,0.029761904761904878,-0.055059523809523836,0.0,model_labels_v1,2026-03-23T09:59:10Z
2023-03-20,0.032558139534883734,0.07131782945736442,-0.041860465116279166,1.0,model_labels_v1,2026-03-23T09:59:10Z
2023-03-21,0.0030030030030030463,0.0645645645645645,-0.09909909909909909,1.0,model_labels_v1,2026-03-23T09:59:10Z
2023-03-22,0.02844311377245523,0.04341317365269459,-0.08233532934131738,1.0,model_labels_v1,2026-03-23T09:59:10Z
2023-03-23,0.00727802037845704,0.024745269286754024,-0.1295487627365356,1.0,model_labels_v1,2026-03-23T09:59:10Z
2023-03-24,-0.0014450867052022698,0.01878612716762995,-0.12427745664739887,0.0,model_labels_v1,2026-03-23T09:59:10Z
2023-03-27,0.026049204052098318,-0.02170767004341534,-0.13024602026049203,1.0,model_labels_v1,2026-03-23T09:59:10Z
2023-03-28,-0.016925246826516194,-0.0691114245416079,-0.13963328631875882,0.0,model_labels_v1,2026-03-23T09:59:10Z
2023-03-29,0.010043041606886627,-0.04878048780487798,-0.12912482065997122,1.0,model_labels_v1,2026-03-23T09:59:10Z
2023-03-30,0.0014204545454545858,-0.03693181818181812,-0.14346590909090906,1.0,model_labels_v1,2026-03-23T09:59:10Z
2023-03-31,-0.041134751773049705,-0.075177304964539,-0.12907801418439724,0.0,model_labels_v1,2026-03-23T09:59:10Z
2023-04-03,-0.023668639053254448,-0.04289940828402372,-0.08579881656804733,0.0,model_labels_v1,2026-03-23T09:59:10Z
2023-04-04,0.00454545454545463,0.007575757575757791,-0.051515151515151514,1.0,model_labels_v1,2026-03-23T09:59:10Z
2023-04-06,0.022624434389140413,0.016591251885369473,-0.07843137254901955,1.0,model_labels_v1,2026-03-23T09:59:10Z
2023-04-11,-0.0383480825958703,-0.03392330383480835,-0.06932153392330398,0.0,model_labels_v1,2026-03-23T09:59:10Z
2023-04-12,-0.0076687116564416735,-0.0260736196319018,-0.04294478527607348,0.0,model_labels_v1,2026-03-23T09:59:10Z
2023-04-13,0.02782071097372496,-0.04482225656877903,0.01700154559505407,1.0,model_labels_v1,2026-03-23T09:59:10Z
2023-04-14,0.013533834586466176,-0.09774436090225569,0.004511278195488577,1.0,model_labels_v1,2026-03-23T09:59:10Z
2023-04-17,-0.028189910979228516,-0.09050445103857574,-0.028189910979228516,0.0,model_labels_v1,2026-03-23T09:59:10Z
2023-04-18,-0.03053435114503822,-0.08702290076335872,-0.032061068702290085,0.0,model_labels_v1,2026-03-23T09:59:10Z
2023-04-19,-0.026771653543307128,-0.04566929133858266,0.0015748031496063408,0.0,model_labels_v1,2026-03-23T09:59:10Z
2023-04-20,-0.029126213592232997,-0.027508090614886682,0.008090614886731462,0.0,model_labels_v1,2026-03-23T09:59:10Z
2023-04-21,0.021666666666666723,0.016666666666666607,0.07166666666666655,1.0,model_labels_v1,2026-03-23T09:59:10Z
2023-04-24,-0.02446982055464919,-0.009787928221859588,0.016313213703099683,0.0,model_labels_v1,2026-03-23T09:59:10Z
2023-04-25,0.013377926421404451,0.00836120401337781,0.01672240802675584,1.0,model_labels_v1,2026-03-23T09:59:10Z
2023-04-26,-0.008250825082508184,0.013201320132013139,-0.024752475247524663,0.0,model_labels_v1,2026-03-23T09:59:10Z
2023-04-27,0.014975041597337757,0.028286189683860208,-0.01331114808652245,1.0,model_labels_v1,2026-03-23T09:59:10Z
2023-04-28,-0.004918032786885185,0.02622950819672143,-0.006557377049180357,0.0,model_labels_v1,2026-03-23T09:59:10Z
2023-05-02,-0.00658978583196046,0.006589785831960571,0.0313014827018121,0.0,model_labels_v1,2026-03-23T09:59:10Z
2023-05-03,0.018242122719734466,0.046434494195688014,0.011608623548921893,1.0,model_labels_v1,2026-03-23T09:59:10Z
2023-05-04,0.006514657980456029,0.016286644951140072,0.02442996742671011,1.0,model_labels_v1,2026-03-23T09:59:10Z
2023-05-05,0.012944983818770295,0.06472491909385125,0.014563106796116498,1.0,model_labels_v1,2026-03-23T09:59:10Z
2023-05-08,-0.023961661341852958,0.06709265175718859,-0.0031948881789136685,0.0,model_labels_v1,2026-03-23T09:59:10Z
2023-05-09,0.03273322422258573,0.07201309328968897,0.03273322422258573,1.0,model_labels_v1,2026-03-23T09:59:10Z
2023-05-10,-0.011093502377178988,0.004754358161648264,-0.009508716323296307,0.0,model_labels_v1,2026-03-23T09:59:10Z
2023-05-11,0.054487179487179516,0.019230769230769162,0.01602564102564097,1.0,model_labels_v1,2026-03-23T09:59:10Z
2023-05-12,0.015197568389057725,-0.05319148936170204,-0.03647416413373861,1.0,model_labels_v1,2026-03-23T09:59:10Z
2023-05-15,-0.019461077844311392,-0.03742514970059885,-0.03892215568862267,0.0,model_labels_v1,2026-03-23T09:59:10Z
2023-05-16,-0.032061068702290085,-0.04885496183206095,-0.03053435114503822,0.0,model_labels_v1,2026-03-23T09:59:10Z
2023-05-17,0.003154574132492094,-0.04100946372239744,0.04731861198738163,1.0,model_labels_v1,2026-03-23T09:59:10Z
2023-05-18,-0.020440251572326984,-0.07075471698113212,0.0676100628930818,0.0,model_labels_v1,2026-03-23T09:59:10Z
2023-05-19,0.0321027287319422,-0.04815409309791341,0.05939004815409299,1.0,model_labels_v1,2026-03-23T09:59:10Z
2023-05-22,-0.031104199066873894,-0.05754276827371696,0.0031104199066873672,0.0,model_labels_v1,2026-03-23T09:59:10Z
2023-05-23,-0.024077046548956704,0.004815409309791185,0.0032102728731941976,0.0,model_labels_v1,2026-03-23T09:59:10Z
2023-05-24,-0.02796052631578949,0.0032894736842103978,0.0032894736842103978,0.0,model_labels_v1,2026-03-23T09:59:10Z
2023-05-25,0.0033840947546530664,0.06429780033840937,0.035532994923857864,1.0,model_labels_v1,2026-03-23T09:59:10Z
2023-05-29,0.021922428330522825,0.05733558178752096,0.062394603709949426,1.0,model_labels_v1,2026-03-23T09:59:10Z
2023-05-30,0.03300330033003296,0.02970297029702973,0.054455445544554504,1.0,model_labels_v1,2026-03-23T09:59:10Z
2023-05-31,-0.025559105431309903,0.007987220447284393,-0.02875399361022357,0.0,model_labels_v1,2026-03-23T09:59:10Z
2023-06-01,0.031147540983606614,0.024590163934426368,0.0016393442622952836,1.0,model_labels_v1,2026-03-23T09:59:10Z
2023-06-02,-0.0031796502384738856,0.007949125596184325,-0.019077901430842648,0.0,model_labels_v1,2026-03-23T09:59:10Z
2023-06-05,-0.004784688995215225,0.011164274322169154,-0.006379585326953596,0.0,model_labels_v1,2026-03-23T09:59:10Z
2023-06-06,0.011217948717948678,0.028846153846153744,-0.01602564102564108,1.0,model_labels_v1,2026-03-23T09:59:10Z
2023-06-07,-0.009508716323296307,0.006339144215530945,-0.058637083993660744,0.0,model_labels_v1,2026-03-23T09:59:10Z
2023-06-08,0.014399999999999968,0.06240000000000001,-0.054400000000000004,1.0,model_labels_v1,2026-03-23T09:59:10Z
2023-06-09,0.0,0.07097791798107256,-0.05835962145110407,0.0,model_labels_v1,2026-03-23T09:59:10Z
2023-06-12,0.012618296529968376,0.04100946372239744,-0.04731861198738163,1.0,model_labels_v1,2026-03-23T09:59:10Z
2023-06-13,-0.010903426791277315,0.004672897196261738,-0.05763239875389414,0.0,model_labels_v1,2026-03-23T09:59:10Z
2023-06-14,0.045669291338582774,-0.015748031496062964,-0.028346456692913358,1.0,model_labels_v1,2026-03-23T09:59:10Z
2023-06-15,0.02259036144578319,-0.08132530120481929,-0.051204819277108404,1.0,model_labels_v1,2026-03-23T09:59:10Z
2023-06-16,-0.027982326951399128,-0.09867452135493371,-0.09572901325478655,0.0,model_labels_v1,2026-03-23T09:59:10Z
2023-06-19,-0.022727272727272596,-0.045454545454545414,-0.08181818181818179,0.0,model_labels_v1,2026-03-23T09:59:10Z
2023-06-20,-0.03100775193798455,-0.009302325581395432,-0.0744186046511629,0.0,model_labels_v1,2026-03-23T09:59:10Z
2023-06-21,-0.02400000000000002,-0.027200000000000002,-0.043199999999999905,0.0,model_labels_v1,2026-03-23T09:59:10Z
2023-06-23,0.003278688524590345,0.0016393442622952836,-0.04426229508196711,1.0,model_labels_v1,2026-03-23T09:59:10Z
2023-06-26,0.02941176470588225,0.008169934640522847,0.035947712418300526,1.0,model_labels_v1,2026-03-23T09:59:10Z
2023-06-27,0.014285714285714235,-0.01111111111111096,0.0031746031746031633,1.0,model_labels_v1,2026-03-23T09:59:10Z
2023-06-28,-0.04851330203442872,-0.03912363067292646,0.010954616588419341,0.0,model_labels_v1,2026-03-23T09:59:10Z
2023-06-29,0.00493421052631593,-0.023026315789473673,0.07401315789473695,1.0,model_labels_v1,2026-03-23T09:59:10Z
2023-06-30,0.009819967266775809,-0.032733224222585955,0.07692307692307687,1.0,model_labels_v1,2026-03-23T09:59:10Z
2023-07-03,0.009724473257698651,-0.03241491085899517,0.05348460291734192,1.0,model_labels_v1,2026-03-23T09:59:10Z
2023-07-04,-0.014446227929374111,-0.03049759229534521,0.016051364365970988,0.0,model_labels_v1,2026-03-23T09:59:10Z
2023-07-05,-0.032573289902280034,-0.014657980456026065,0.03420195439739415,0.0,model_labels_v1,2026-03-23T09:59:10Z
2023-07-06,-0.005050505050505083,0.03872053872053871,0.06902356902356899,0.0,model_labels_v1,2026-03-23T09:59:10Z
2023-07-07,0.010152284263959421,0.0659898477157359,0.05752961082910324,1.0,model_labels_v1,2026-03-23T09:59:10Z
2023-07-10,0.011725293132328396,0.028475711892797406,0.01005025125628145,1.0,model_labels_v1,2026-03-23T09:59:10Z
2023-07-11,0.0016556291390728006,0.0033112582781456013,0.0016556291390728006,1.0,model_labels_v1,2026-03-23T09:59:10Z
2023-07-12,0.01983471074380172,-0.013223140495867813,0.0,1.0,model_labels_v1,2026-03-23T09:59:10Z
2023-07-13,0.021069692058346856,-0.030794165316045286,-0.03241491085899517,1.0,model_labels_v1,2026-03-23T09:59:10Z
2023-07-14,-0.025396825396825418,-0.07460317460317456,-0.06666666666666665,0.0,model_labels_v1,2026-03-23T09:59:10Z
2023-07-18,-0.013029315960912058,0.032573289902280145,-0.06677524429967419,0.0,model_labels_v1,2026-03-23T09:59:10Z
2023-07-19,-0.014851485148514865,0.04290429042904309,-0.05940594059405935,0.0,model_labels_v1,2026-03-23T09:59:10Z
2023-07-20,0.0016750418760469454,0.0820770519262981,-0.0653266331658291,1.0,model_labels_v1,2026-03-23T09:59:10Z
2023-07-21,-0.025083612040133874,0.09197324414715724,-0.1187290969899667,0.0,model_labels_v1,2026-03-23T09:59:10Z
2023-07-24,0.08747855917667224,0.1286449399656946,-0.12349914236706683,1.0,model_labels_v1,2026-03-23T09:59:10Z
2023-07-25,-0.003154574132492094,0.025236593059936974,-0.16088328075709768,0.0,model_labels_v1,2026-03-23T09:59:10Z
2023-07-26,0.02215189873417711,0.0015822784810126667,-0.15822784810126578,1.0,model_labels_v1,2026-03-23T09:59:10Z
2023-07-27,0.010835913312693624,-0.01702786377708987,-0.16718266253869973,1.0,model_labels_v1,2026-03-23T09:59:10Z
2023-07-28,0.007656967840734996,-0.027565084226646386,-0.18836140888208275,1.0,model_labels_v1,2026-03-23T09:59:10Z
2023-07-31,-0.012158054711246202,-0.050151975683890626,-0.1914893617021276,0.0,model_labels_v1,2026-03-23T09:59:10Z
2023-08-01,-0.026153846153846194,-0.0723076923076923,-0.16153846153846152,0.0,model_labels_v1,2026-03-23T09:59:10Z
2023-08-02,0.0031595576619272148,-0.04423380726698267,-0.1579778830963665,1.0,model_labels_v1,2026-03-23T09:59:10Z
2023-08-03,0.0,-0.047244094488189003,-0.1763779527559054,0.0,model_labels_v1,2026-03-23T09:59:10Z
2023-08-04,-0.015748031496062964,-0.0598425196850394,-0.13385826771653542,0.0,model_labels_v1,2026-03-23T09:59:10Z
2023-08-07,-0.03520000000000001,-0.05920000000000003,-0.13439999999999996,0.0,model_labels_v1,2026-03-23T09:59:10Z
2023-08-08,0.0033167495854062867,-0.04975124378109452,-0.1276948590381427,1.0,model_labels_v1,2026-03-23T09:59:10Z
2023-08-09,0.0,-0.057851239669421406,-0.14876033057851235,0.0,model_labels_v1,2026-03-23T09:59:10Z
2023-08-10,-0.013223140495867813,-0.07768595041322313,-0.1454545454545454,0.0,model_labels_v1,2026-03-23T09:59:10Z
2023-08-11,-0.015075376884422065,-0.11725293132328307,-0.13735343383584575,0.0,model_labels_v1,2026-03-23T09:59:10Z
2023-08-14,-0.025510204081632515,-0.13095238095238093,-0.11224489795918369,0.0,model_labels_v1,2026-03-23T09:59:10Z
2023-08-15,-0.005235602094240899,-0.07155322862129143,-0.08551483420593375,0.0,model_labels_v1,2026-03-23T09:59:10Z
2023-08-16,-0.021052631578947434,-0.06666666666666665,-0.06666666666666665,0.0,model_labels_v1,2026-03-23T09:59:10Z
2023-08-17,-0.05555555555555569,-0.03584229390681004,-0.09856630824372759,0.0,model_labels_v1,2026-03-23T09:59:10Z
2023-08-18,-0.030360531309297722,0.00569259962049351,-0.057874762808349134,0.0,model_labels_v1,2026-03-23T09:59:10Z
2023-08-21,0.041095890410958846,0.041095890410958846,-0.049902152641878694,1.0,model_labels_v1,2026-03-23T09:59:10Z
2023-08-22,0.0,0.02443609022556381,-0.10056390977443608,0.0,model_labels_v1,2026-03-23T09:59:10Z
2023-08-23,0.011278195488721776,0.001879699248120259,-0.06296992481203012,1.0,model_labels_v1,2026-03-23T09:59:10Z
2023-08-24,-0.014869888475836479,-0.027881040892193232,-0.08828996282527879,0.0,model_labels_v1,2026-03-23T09:59:10Z
2023-08-25,0.0037735849056603765,0.037735849056603765,-0.09433962264150941,1.0,model_labels_v1,2026-03-23T09:59:10Z
2023-08-28,0.02443609022556381,0.016917293233082775,-0.08552631578947367,1.0,model_labels_v1,2026-03-23T09:59:10Z
2023-08-29,-0.022018348623853212,-0.034862385321100975,-0.1256880733944955,0.0,model_labels_v1,2026-03-23T09:59:10Z
2023-08-30,-0.018761726078799223,-0.0337711069418386,-0.06660412757973744,0.0,model_labels_v1,2026-03-23T09:59:10Z
2023-08-31,0.05162523900573612,-0.01147227533460815,-0.11185468451242842,1.0,model_labels_v1,2026-03-23T09:59:10Z
2023-09-04,-0.016363636363636358,-0.0636363636363636,-0.1609090909090909,0.0,model_labels_v1,2026-03-23T09:59:10Z
2023-09-05,-0.027726432532347522,-0.03512014787430695,-0.1414048059149724,0.0,model_labels_v1,2026-03-23T09:59:10Z
2023-09-06,-0.02091254752851701,-0.0038022813688212143,-0.09980988593155882,0.0,model_labels_v1,2026-03-23T09:59:10Z
2023-09-07,0.003883495145631022,0.03300970873786402,-0.07961165048543695,1.0,model_labels_v1,2026-03-23T09:59:10Z
2023-09-11,-0.003868471953578201,-0.027079303675048294,-0.07446808510638292,0.0,model_labels_v1,2026-03-23T09:59:10Z
2023-09-12,0.013592233009708687,-0.03592233009708745,-0.061165048543689426,1.0,model_labels_v1,2026-03-23T09:59:10Z
2023-09-13,0.003831417624521105,-0.0699233716475095,-0.05268199233716464,1.0,model_labels_v1,2026-03-23T09:59:10Z
2023-09-14,0.01526717557251911,-0.08683206106870234,-0.10209923664122145,1.0,model_labels_v1,2026-03-23T09:59:10Z
2023-09-15,-0.05451127819548873,-0.06296992481203012,-0.12030075187969935,0.0,model_labels_v1,2026-03-23T09:59:10Z
2023-09-18,-0.012922465208747624,-0.0248508946322068,-0.055666003976143186,0.0,model_labels_v1,2026-03-23T09:59:10Z
2023-09-19,-0.022155085599194213,-0.0332326283987916,-0.05840886203423967,0.0,model_labels_v1,2026-03-23T09:59:10Z
2023-09-20,-0.014418125643666402,0.002059732234809486,-0.07106076210092704,0.0,model_labels_v1,2026-03-23T09:59:10Z
2023-09-21,0.04179728317659359,-0.004179728317659448,-0.07419017763845359,1.0,model_labels_v1,2026-03-23T09:59:10Z
2023-09-22,-0.016048144433299938,-0.0020060180541626726,-0.09829488465396197,0.0,model_labels_v1,2026-03-23T09:59:10Z
2023-09-25,-0.021406727828746308,-0.053007135575943054,-0.06625891946992868,0.0,model_labels_v1,2026-03-23T09:59:10Z
2023-09-26,0.013541666666666785,-0.038541666666666585,-0.04687499999999989,1.0,model_labels_v1,2026-03-23T09:59:10Z
2023-09-27,-0.020554984583761704,-0.045220966084275616,-0.0349434737923946,0.0,model_labels_v1,2026-03-23T09:59:10Z
2023-09-28,0.044071353620146914,-0.006295907660020861,-0.0031479538300104304,1.0,model_labels_v1,2026-03-23T09:59:10Z
2023-09-29,-0.06633165829145726,-0.04723618090452253,-0.06934673366834165,0.0,model_labels_v1,2026-03-23T09:59:10Z
2023-10-03,-0.006458557588804981,0.03013993541442428,-0.017222820236813652,0.0,model_labels_v1,2026-03-23T09:59:10Z
2023-10-04,0.006500541711809138,0.04767063921993486,0.0010834236186347823,1.0,model_labels_v1,2026-03-23T09:59:10Z
2023-10-05,0.019375672766415608,0.0645855758880518,0.019375672766415608,1.0,model_labels_v1,2026-03-23T09:59:10Z
2023-10-06,0.001055966209081216,-0.006335797254487963,0.039070749736008326,1.0,model_labels_v1,2026-03-23T09:59:10Z
2023-10-09,0.009493670886076,-0.012658227848101333,0.02215189873417711,1.0,model_labels_v1,2026-03-23T09:59:10Z
2023-10-10,0.010449320794148287,-0.007314524555903867,0.011494252873563093,1.0,model_labels_v1,2026-03-23T09:59:10Z
2023-10-11,0.022750775594622574,-0.033092037228541926,-0.015511892450879028,1.0,model_labels_v1,2026-03-23T09:59:10Z
2023-10-12,-0.04853387259858444,-0.0879676440849344,-0.0667340748230536,0.0,model_labels_v1,2026-03-23T09:59:10Z
2023-10-13,-0.005313496280552665,-0.05844845908607876,-0.01700318809776835,0.0,model_labels_v1,2026-03-23T09:59:10Z
2023-10-16,0.014957264957265126,-0.0395299145299145,-0.02350427350427342,1.0,model_labels_v1,2026-03-23T09:59:10Z
2023-10-17,-0.015789473684210575,-0.03578947368421048,0.04315789473684206,0.0,model_labels_v1,2026-03-23T09:59:10Z
2023-10-18,-0.03529411764705881,-0.021390374331550777,0.07593582887700534,0.0,model_labels_v1,2026-03-23T09:59:10Z
2023-10-19,-0.0177383592017738,0.041019955654102214,0.08869179600886934,0.0,model_labels_v1,2026-03-23T09:59:10Z
2023-10-20,0.014672686230248422,0.07223476297968401,0.13318284424379234,1.0,model_labels_v1,2026-03-23T09:59:10Z
2023-10-24,0.018909899888765347,0.030033370411568283,0.10344827586206895,1.0,model_labels_v1,2026-03-23T09:59:10Z
2023-10-25,-0.0010917030567685337,-0.0032751091703056012,0.07423580786026207,0.0,model_labels_v1,2026-03-23T09:59:10Z
2023-10-26,0.02622950819672143,0.00983606557377037,0.1081967213114754,1.0,model_labels_v1,2026-03-23T09:59:10Z
2023-10-27,0.011714589989350266,0.008519701810436597,0.056443024494142735,1.0,model_labels_v1,2026-03-23T09:59:10Z
2023-10-30,-0.025263157894736876,0.03578947368421059,0.04631578947368409,0.0,model_labels_v1,2026-03-23T09:59:10Z
2023-10-31,-0.014038876889848728,0.04643628509719222,0.05831533477321815,0.0,model_labels_v1,2026-03-23T09:59:10Z
2023-11-01,0.012048192771084265,0.06024096385542155,0.06243154435925513,1.0,model_labels_v1,2026-03-23T09:59:10Z
2023-11-02,0.024891774891774965,0.030303030303030276,0.037878787878787845,1.0,model_labels_v1,2026-03-23T09:59:10Z
2023-11-03,0.039070749736008326,-0.025343189017951406,-0.019007391763463777,1.0,model_labels_v1,2026-03-23T09:59:10Z
2023-11-06,-0.015243902439024404,-0.059959349593495914,-0.05081300813008127,0.0,model_labels_v1,2026-03-23T09:59:10Z
2023-11-07,-0.0010319917440659854,-0.056759545923632526,-0.05572755417956643,0.0,model_labels_v1,2026-03-23T09:59:10Z
2023-11-08,-0.016528925619834767,0.023760330578512345,-0.030991735537189924,0.0,model_labels_v1,2026-03-23T09:59:10Z
2023-11-09,-0.03046218487394947,0.05672268907563027,-0.03256302521008392,0.0,model_labels_v1,2026-03-23T09:59:10Z
2023-11-10,0.0021668472372697867,0.06392199349945837,-0.007583965330444253,1.0,model_labels_v1,2026-03-23T09:59:10Z
2023-11-13,-0.011891891891891881,0.08540540540540542,-0.017297297297297343,0.0,model_labels_v1,2026-03-23T09:59:10Z
2023-11-14,0.0842450765864331,0.085339168490153,0.00875273522975939,1.0,model_labels_v1,2026-03-23T09:59:10Z
2023-11-15,0.015136226034308864,-0.007063572149344166,-0.0978809283551968,1.0,model_labels_v1,2026-03-23T09:59:10Z
2023-11-16,-0.02385685884691846,0.007952286282306265,-0.09443339960238584,0.0,model_labels_v1,2026-03-23T09:59:10Z
2023-11-17,0.02240325865580428,0.010183299389002087,-0.03971486761710796,1.0,model_labels_v1,2026-03-23T09:59:10Z
2023-11-20,-0.01195219123505964,-0.009960159362549792,-0.08466135458167323,0.0,model_labels_v1,2026-03-23T09:59:10Z
2023-11-21,-0.008064516129032251,-0.012096774193548265,-0.08266129032258063,0.0,model_labels_v1,2026-03-23T09:59:10Z
2023-11-22,0.030487804878048808,-0.014227642276422814,-0.07723577235772361,1.0,model_labels_v1,2026-03-23T09:59:10Z
2023-11-23,-0.021696252465483346,-0.05424063116370814,-0.08777120315581854,0.0,model_labels_v1,2026-03-23T09:59:10Z
2023-11-24,0.002016129032258007,-0.06350806451612911,-0.07358870967741937,1.0,model_labels_v1,2026-03-23T09:59:10Z
2023-11-27,-0.014084507042253391,-0.06036217303822933,-0.06338028169014076,0.0,model_labels_v1,2026-03-23T09:59:10Z
2023-11-28,-0.010204081632653184,-0.06632653061224492,-0.008163265306122436,0.0,model_labels_v1,2026-03-23T09:59:10Z
2023-11-29,-0.01134020618556697,-0.03298969072164937,0.008247422680412342,0.0,model_labels_v1,2026-03-23T09:59:10Z
2023-11-30,-0.03128258602711165,-0.03962460896767461,-0.010427528675703845,0.0,model_labels_v1,2026-03-23T09:59:10Z
2023-12-01,0.005382131324004336,-0.01399354144241105,0.00753498385360607,1.0,model_labels_v1,2026-03-23T09:59:10Z
2023-12-04,-0.020342612419700146,-0.02676659528907921,0.01605995717344766,0.0,model_labels_v1,2026-03-23T09:59:10Z
2023-12-05,0.025136612021857907,0.007650273224043769,0.0360655737704918,1.0,model_labels_v1,2026-03-23T09:59:10Z
2023-12-06,-0.018123667377398678,-0.046908315565032166,-0.029850746268656803,0.0,model_labels_v1,2026-03-23T09:59:10Z
2023-12-07,-0.005428881650380135,-0.01085776330076016,-0.02497285559174811,0.0,model_labels_v1,2026-03-23T09:59:10Z
2023-12-08,-0.007641921397379958,0.029475982532751077,-0.025109170305676942,0.0,model_labels_v1,2026-03-23T09:59:10Z
2023-12-11,0.014301430143014437,0.011001100110010986,-0.01650165016501659,1.0,model_labels_v1,2026-03-23T09:59:10Z
2023-12-12,-0.030368763557483858,-0.013015184381778844,-0.04446854663774402,0.0,model_labels_v1,2026-03-23T09:59:10Z
2023-12-13,0.019015659955257336,0.015659955257270708,-0.0011185682326622093,1.0,model_labels_v1,2026-03-23T09:59:10Z
2023-12-14,0.03512623490669586,0.015367727771679496,-0.06915477497255751,1.0,model_labels_v1,2026-03-23T09:59:10Z
2023-12-15,-0.02545068928950156,-0.02545068928950156,-0.1813361611876988,0.0,model_labels_v1,2026-03-23T09:59:10Z
2023-12-18,-0.009793253536452662,0.01305767138193703,-0.14145810663764957,0.0,model_labels_v1,2026-03-23T09:59:10Z
2023-12-19,-0.00219780219780219,0.06813186813186833,-0.14505494505494498,0.0,model_labels_v1,2026-03-23T09:59:10Z
2023-12-20,0.018722466960352513,0.07709251101321568,-0.2048458149779736,1.0,model_labels_v1,2026-03-23T09:59:10Z
2023-12-21,-0.006486486486486531,0.025945945945945903,-0.19783783783783782,0.0,model_labels_v1,2026-03-23T09:59:10Z
2023-12-22,0.01305767138193703,0.018498367791077275,-0.16430903155603915,1.0,model_labels_v1,2026-03-23T09:59:10Z
2023-12-27,0.04403866809881851,0.01933404940923733,-0.16648764769065527,1.0,model_labels_v1,2026-03-23T09:59:10Z
2023-12-28,0.006172839506172645,-0.024691358024691357,-0.2314814814814815,1.0,model_labels_v1,2026-03-23T09:59:10Z
2023-12-29,-0.02965235173824121,-0.06952965235173825,-0.2331288343558282,0.0,model_labels_v1,2026-03-23T09:59:10Z
2024-01-02,-0.013698630136986356,-0.05374077976817704,-0.2476290832455217,0.0,model_labels_v1,2026-03-23T09:59:10Z
2024-01-03,0.013888888888889062,-0.04594017094017089,-0.27350427350427353,1.0,model_labels_v1,2026-03-23T09:59:10Z
2024-01-04,-0.0010537407797681642,-0.057955742887249806,-0.24341412012644892,0.0,model_labels_v1,2026-03-23T09:59:10Z
2024-01-05,-0.040084388185654074,-0.07067510548523204,-0.2721518987341772,0.0,model_labels_v1,2026-03-23T09:59:10Z
2024-01-08,-0.01318681318681314,-0.018681318681318726,-0.25054945054945044,0.0,model_labels_v1,2026-03-23T09:59:10Z
2024-01-09,-0.005567928730512373,-0.055679287305122505,-0.18819599109131402,0.0,model_labels_v1,2026-03-23T09:59:10Z
2024-01-10,0.0011198208286673506,-0.13549832026875697,-0.17693169092945127,1.0,model_labels_v1,2026-03-23T09:59:10Z
2024-01-11,-0.014541387024608388,-0.1174496644295302,-0.1644295302013422,0.0,model_labels_v1,2026-03-23T09:59:10Z
2024-01-12,0.01362088535754813,-0.1169125993189557,-0.17934165720771855,1.0,model_labels_v1,2026-03-23T09:59:10Z
2024-01-15,-0.05039193729003355,-0.19148936170212771,-0.1836506159014557,0.0,model_labels_v1,2026-03-23T09:59:10Z
2024-01-16,-0.089622641509434,-0.125,-0.1403301886792453,0.0,model_labels_v1,2026-03-23T09:59:10Z
2024-01-17,0.022020725388601115,-0.005181347150259086,0.006476683937823857,1.0,model_labels_v1,2026-03-23T09:59:10Z
2024-01-18,-0.013941698352344711,-0.016476552598225558,-0.05323193916349811,0.0,model_labels_v1,2026-03-23T09:59:10Z
2024-01-19,-0.07197943444730082,-0.0398457583547559,-0.05012853470437029,0.0,model_labels_v1,2026-03-23T09:59:10Z
2024-01-22,0.027700831024930705,0.03878116343490312,0.06786703601108046,1.0,model_labels_v1,2026-03-23T09:59:10Z
2024-01-23,0.03504043126684642,-0.037735849056603765,0.06064690026954178,1.0,model_labels_v1,2026-03-23T09:59:10Z
2024-01-24,0.01041666666666674,-0.11458333333333337,0.01953125,1.0,model_labels_v1,2026-03-23T09:59:10Z
2024-01-25,-0.037371134020618535,-0.07474226804123707,0.0077319587628865705,0.0,model_labels_v1,2026-03-23T09:59:10Z
2024-01-26,0.004016064257028162,-0.07630522088353409,0.06425702811244993,1.0,model_labels_v1,2026-03-23T09:59:10Z
2024-01-29,-0.04800000000000004,-0.09066666666666667,0.020000000000000018,0.0,model_labels_v1,2026-03-23T09:59:10Z
2024-01-30,-0.04761904761904756,0.021008403361344685,0.08823529411764697,0.0,model_labels_v1,2026-03-23T09:59:10Z
2024-01-31,0.055882352941176494,0.0808823529411764,0.138235294117647,1.0,model_labels_v1,2026-03-23T09:59:10Z
2024-02-01,-0.03899721448467963,0.04038997214484685,0.08217270194986082,0.0,model_labels_v1,2026-03-23T09:59:10Z
2024-02-02,-0.011594202898550732,0.047826086956521685,0.05942028985507242,0.0,model_labels_v1,2026-03-23T09:59:10Z
2024-02-05,0.06891495601173014,0.06891495601173014,0.1275659824046922,1.0,model_labels_v1,2026-03-23T09:59:10Z
2024-02-06,0.008230452674897082,0.0,0.11248285322359397,1.0,model_labels_v1,2026-03-23T09:59:10Z
2024-02-07,0.01632653061224487,0.05714285714285716,0.07755102040816331,1.0,model_labels_v1,2026-03-23T09:59:10Z
2024-02-08,-0.032128514056224855,0.0,0.09772423025435062,0.0,model_labels_v1,2026-03-23T09:59:10Z
2024-02-09,0.008298755186721962,0.022130013831258566,0.18810511756569848,1.0,model_labels_v1,2026-03-23T09:59:10Z
2024-02-14,0.0,0.057613168724279795,0.14128943758573387,0.0,model_labels_v1,2026-03-23T09:59:10Z
2024-02-15,0.06584362139917688,0.07956104252400542,0.13168724279835398,1.0,model_labels_v1,2026-03-23T09:59:10Z
2024-02-16,-0.038610038610038644,0.007722007722007707,0.03474903474903468,0.0,model_labels_v1,2026-03-23T09:59:10Z
2024-02-19,-0.010709504685408322,0.04685408299866145,0.09370816599732268,0.0,model_labels_v1,2026-03-23T09:59:10Z
2024-02-20,0.043301759133964834,0.0757780784844384,0.08254397834912042,1.0,model_labels_v1,2026-03-23T09:59:10Z
2024-02-21,0.02075226977950706,-0.0077821011673151474,0.055771725032425445,1.0,model_labels_v1,2026-03-23T09:59:10Z
2024-02-22,-0.0050825921219822545,-0.01270648030495558,0.05336721728081306,0.0,model_labels_v1,2026-03-23T09:59:10Z
2024-02-23,-0.0012771392081736277,-0.011494252873563204,0.01404853128991057,0.0,model_labels_v1,2026-03-23T09:59:10Z
2024-02-26,0.01662404092071612,-0.006393861892583175,0.0012787723785165905,1.0,model_labels_v1,2026-03-23T09:59:10Z
2024-02-27,-0.037735849056603765,-0.08050314465408814,0.018867924528301883,0.0,model_labels_v1,2026-03-23T09:59:10Z
2024-02-28,0.015686274509803866,0.005228758169934622,0.010457516339869244,1.0,model_labels_v1,2026-03-23T09:59:10Z
2024-02-29,-0.0038610038610037423,0.04375804375804382,0.025740025740025763,0.0,model_labels_v1,2026-03-23T09:59:10Z
2024-03-01,0.003875968992248069,0.023255813953488413,0.05555555555555558,1.0,model_labels_v1,2026-03-23T09:59:10Z
2024-03-04,-0.05920205920205923,0.05534105534105538,0.0205920205920207,0.0,model_labels_v1,2026-03-23T09:59:10Z
2024-03-05,0.051983584131326976,0.17510259917920656,0.0738714090287278,1.0,model_labels_v1,2026-03-23T09:59:10Z
2024-03-06,0.0546163849154746,0.08192457737321202,0.015604681404421283,1.0,model_labels_v1,2026-03-23T09:59:10Z
2024-03-07,-0.023427866831072675,0.017262638717632672,-0.013563501849568338,0.0,model_labels_v1,2026-03-23T09:59:10Z
2024-03-08,0.03535353535353525,0.015151515151515138,0.022727272727272707,1.0,model_labels_v1,2026-03-23T09:59:10Z
2024-03-11,0.04756097560975614,-0.003658536585365746,-0.029268292682926744,1.0,model_labels_v1,2026-03-23T09:59:10Z
2024-03-12,-0.03143189755529685,-0.06868451688009314,-0.09778812572759021,0.0,model_labels_v1,2026-03-23T09:59:10Z
2024-03-13,-0.008413461538461564,-0.021634615384615308,-0.07932692307692313,0.0,model_labels_v1,2026-03-23T09:59:10Z
2024-03-14,-0.025454545454545507,0.004848484848484658,-0.08484848484848484,0.0,model_labels_v1,2026-03-23T09:59:10Z
2024-03-15,0.016169154228855787,-0.01243781094527352,-0.06094527363184077,1.0,model_labels_v1,2026-03-23T09:59:10Z
2024-03-18,-0.020807833537331732,-0.041615667074663354,-0.05875152998776001,0.0,model_labels_v1,2026-03-23T09:59:10Z
2024-03-19,0.01750000000000007,0.012499999999999956,-0.05249999999999999,1.0,model_labels_v1,2026-03-23T09:59:10Z
2024-03-20,0.01842751842751822,-0.05036855036855037,-0.033169533169533194,1.0,model_labels_v1,2026-03-23T09:59:10Z
2024-03-21,-0.042219541616405176,-0.03860072376357049,-0.016887816646562026,0.0,model_labels_v1,2026-03-23T09:59:10Z
2024-03-22,-0.013853904282115859,0.02896725440806036,0.027707808564231717,0.0,model_labels_v1,2026-03-23T09:59:10Z
2024-03-25,0.0344827586206895,0.012771392081736943,0.0523627075351214,1.0,model_labels_v1,2026-03-23T09:59:10Z
2024-03-26,-0.04567901234567895,-0.030864197530864224,0.04938271604938271,0.0,model_labels_v1,2026-03-23T09:59:10Z
2024-03-27,0.031047865459249646,0.010349288486416475,0.11384217335058211,1.0,model_labels_v1,2026-03-23T09:59:10Z
2024-03-28,0.025094102885821812,0.0037641154328733606,0.07277289836888334,1.0,model_labels_v1,2026-03-23T09:59:10Z
2024-04-02,-0.02937576499388006,-0.008567931456548328,0.12729498164014696,0.0,model_labels_v1,2026-03-23T09:59:10Z
2024-04-03,-0.010088272383354413,0.003783102143757988,0.1551071878940733,0.0,model_labels_v1,2026-03-23T09:59:10Z
2024-04-05,-0.005095541401273884,-0.01273885350318471,0.14777070063694264,0.0,model_labels_v1,2026-03-23T09:59:10Z
2024-04-08,0.02432778489116516,-0.01920614596670933,0.14980793854033303,1.0,model_labels_v1,2026-03-23T09:59:10Z
2024-04-09,0.012499999999999956,-0.05625000000000002,0.09624999999999995,1.0,model_labels_v1,2026-03-23T09:59:10Z
2024-04-10,-0.01728395061728394,-0.0679012345679012,0.10370370370370363,0.0,model_labels_v1,2026-03-23T09:59:10Z
2024-04-11,-0.02638190954773867,-0.0339195979899497,0.12939698492462304,0.0,model_labels_v1,2026-03-23T09:59:10Z
2024-04-12,-0.011612903225806437,-0.021935483870967776,0.1845161290322581,0.0,model_labels_v1,2026-03-23T09:59:10Z
2024-04-15,-0.01436031331592691,0.02741514360313313,0.23498694516971286,0.0,model_labels_v1,2026-03-23T09:59:10Z
2024-04-16,0.0,0.07947019867549665,0.2980132450331128,0.0,model_labels_v1,2026-03-23T09:59:10Z
2024-04-17,0.018543046357615944,0.08079470198675498,0.3536423841059604,1.0,model_labels_v1,2026-03-23T09:59:10Z
2024-04-18,-0.014304291287386306,0.07152145643693109,0.2873862158647593,0.0,model_labels_v1,2026-03-23T09:59:10Z
2024-04-19,0.03825857519788922,0.12137203166226906,0.28232189973614785,1.0,model_labels_v1,2026-03-23T09:59:10Z
2024-04-22,0.03557814485387545,0.09402795425667088,0.2426937738246504,1.0,model_labels_v1,2026-03-23T09:59:10Z
2024-04-23,0.0012269938650306678,0.04907975460122693,0.18159509202453994,1.0,model_labels_v1,2026-03-23T09:59:10Z
2024-04-24,0.009803921568627416,0.12867647058823528,0.11642156862745079,1.0,model_labels_v1,2026-03-23T09:59:10Z
2024-04-25,0.0315533980582523,0.11165048543689315,0.09951456310679618,1.0,model_labels_v1,2026-03-23T09:59:10Z
2024-04-26,0.012941176470588234,0.06000000000000005,0.061176470588235166,1.0,model_labels_v1,2026-03-23T09:59:10Z
2024-04-29,-0.00696864111498241,0.04297328687572599,0.018583042973286945,0.0,model_labels_v1,2026-03-23T09:59:10Z
2024-04-30,0.07719298245614037,0.025730994152046716,0.03040935672514622,1.0,model_labels_v1,2026-03-23T09:59:10Z
2024-05-02,-0.005428881650380135,-0.02931596091205224,-0.07491856677524444,0.0,model_labels_v1,2026-03-23T09:59:10Z
2024-05-03,-0.01637554585152845,-0.018558951965065518,-0.05240174672489084,0.0,model_labels_v1,2026-03-23T09:59:10Z
2024-05-06,-0.0033296337402884957,0.018867924528301883,-0.04328523862375144,0.0,model_labels_v1,2026-03-23T09:59:10Z
2024-05-07,-0.023385300668151587,0.05345211581291753,-0.03563474387527843,0.0,model_labels_v1,2026-03-23T09:59:10Z
2024-05-08,0.019384264538198304,0.1174458380843788,-0.02052451539338651,1.0,model_labels_v1,2026-03-23T09:59:10Z
2024-05-09,0.005592841163311046,0.1431767337807608,-0.04921700223713643,1.0,model_labels_v1,2026-03-23T09:59:10Z
2024-05-10,0.021134593993325845,0.10122358175750845,-0.0700778642936597,1.0,model_labels_v1,2026-03-23T09:59:10Z
2024-05-13,0.030501089324618924,0.05882352941176472,-0.09477124183006524,1.0,model_labels_v1,2026-03-23T09:59:10Z
2024-05-14,0.03594080338266381,0.03382663847780121,-0.09513742071881615,1.0,model_labels_v1,2026-03-23T09:59:10Z
2024-05-16,0.04285714285714293,-0.01734693877551019,-0.1306122448979593,1.0,model_labels_v1,2026-03-23T09:59:10Z
2024-05-17,-0.03131115459882583,-0.10861056751467724,-0.16144814090019577,0.0,model_labels_v1,2026-03-23T09:59:10Z
2024-05-20,-0.018181818181818188,-0.08484848484848484,-0.12323232323232325,0.0,model_labels_v1,2026-03-23T09:59:10Z
2024-05-21,0.006172839506172645,-0.07201646090534986,-0.08950617283950624,1.0,model_labels_v1,2026-03-23T09:59:10Z
2024-05-22,-0.015337423312883236,-0.10327198364008183,-0.13394683026584853,0.0,model_labels_v1,2026-03-23T09:59:10Z
2024-05-23,-0.05399792315680185,-0.08515057113187952,-0.13395638629283502,0.0,model_labels_v1,2026-03-23T09:59:10Z
2024-05-24,-0.00548847420417109,-0.06476399560922064,-0.09220636663007686,0.0,model_labels_v1,2026-03-23T09:59:10Z
2024-05-27,-0.004415011037527727,-0.041942604856512244,-0.09492273730684342,0.0,model_labels_v1,2026-03-23T09:59:10Z
2024-05-28,-0.027716186252771613,-0.04434589800443467,-0.07760532150776045,0.0,model_labels_v1,2026-03-23T09:59:10Z
2024-05-29,0.004561003420752607,-0.012542759407069504,-0.07639680729760545,1.0,model_labels_v1,2026-03-23T09:59:10Z
2024-05-30,-0.03291713961407505,-0.024971623155505163,-0.0488081725312145,0.0,model_labels_v1,2026-03-23T09:59:10Z
2024-05-31,0.018779342723004744,-0.0023474178403755097,-0.032863849765258135,1.0,model_labels_v1,2026-03-23T09:59:10Z
2024-06-03,-0.00691244239631339,-0.03686635944700467,-0.010368663594470084,0.0,model_labels_v1,2026-03-23T09:59:10Z
2024-06-04,0.0046403712296985145,-0.03596287703016232,0.0,1.0,model_labels_v1,2026-03-23T09:59:10Z
2024-06-05,-0.008083140877598205,-0.011547344110854452,-0.01732101616628179,0.0,model_labels_v1,2026-03-23T09:59:10Z
2024-06-06,-0.010477299185098987,-0.008149010477299212,-0.034924330616996624,0.0,model_labels_v1,2026-03-23T09:59:10Z
2024-06-07,-0.016470588235294237,0.008235294117647118,-0.03176470588235292,0.0,model_labels_v1,2026-03-23T09:59:10Z
2024-06-11,-0.005980861244018976,0.038277511961722466,-0.01794258373205726,0.0,model_labels_v1,2026-03-23T09:59:10Z
2024-06-12,0.030084235860409203,0.06498194945848357,0.020457280385078214,1.0,model_labels_v1,2026-03-23T09:59:10Z
2024-06-13,-0.004672897196261738,-0.010514018691588745,0.015186915887850372,0.0,model_labels_v1,2026-03-23T09:59:10Z
2024-06-14,0.005868544600938996,-0.021126760563380254,-0.024647887323943518,1.0,model_labels_v1,2026-03-23T09:59:10Z
2024-06-17,0.012835472578763163,-0.03500583430571769,-0.04550758459743298,1.0,model_labels_v1,2026-03-23T09:59:10Z
2024-06-18,0.019585253456221086,-0.055299539170507006,-0.041474654377880116,1.0,model_labels_v1,2026-03-23T09:59:10Z
2024-06-19,-0.04293785310734455,-0.059887005649717495,-0.06779661016949146,0.0,model_labels_v1,2026-03-23T09:59:10Z
2024-06-20,-0.015348288075560879,-0.04368358913813475,-0.037780401416765086,0.0,model_labels_v1,2026-03-23T09:59:10Z
2024-06-21,-0.008393285371702697,0.004796163069544557,-0.00959232613908878,0.0,model_labels_v1,2026-03-23T09:59:10Z
2024-06-24,-0.00846432889963733,-0.0036275695284159193,-0.038694074969770176,0.0,model_labels_v1,2026-03-23T09:59:10Z
2024-06-25,0.014634146341463428,0.04756097560975614,-0.04390243902439017,1.0,model_labels_v1,2026-03-23T09:59:10Z
2024-06-26,-0.02644230769230782,0.03605769230769207,-0.06490384615384615,0.0,model_labels_v1,2026-03-23T09:59:10Z
2024-06-27,0.0345679012345681,0.050617283950617376,-0.024691358024691246,1.0,model_labels_v1,2026-03-23T09:59:10Z
2024-06-28,-0.01670644391408116,-0.010739856801909475,-0.04415274463007168,0.0,model_labels_v1,2026-03-23T09:59:10Z
2024-07-02,0.04247572815533984,-0.0012135922330096527,-0.05946601941747576,1.0,model_labels_v1,2026-03-23T09:59:10Z
2024-07-03,0.0034924330616996624,-0.0442374854481955,-0.06286379511059359,1.0,model_labels_v1,2026-03-23T09:59:10Z
2024-07-04,-0.012761020881670415,-0.016241299303944134,-0.0788863109048723,0.0,model_labels_v1,2026-03-23T09:59:10Z
2024-07-05,-0.02585193889541726,0.021151586368977737,-0.07403055229142186,0.0,model_labels_v1,2026-03-23T09:59:10Z
2024-07-08,-0.007237635705669376,0.0024125452352232735,-0.055488540410132625,0.0,model_labels_v1,2026-03-23T09:59:10Z
2024-07-09,-0.002430133657351119,-0.0060753341433780195,-0.03645200486026745,0.0,model_labels_v1,2026-03-23T09:59:10Z
2024-07-10,0.032886723507917104,0.013398294762484664,-0.03897685749086499,1.0,model_labels_v1,2026-03-23T09:59:10Z
2024-07-11,0.024764150943396013,-0.027122641509433998,-0.07193396226415094,1.0,model_labels_v1,2026-03-23T09:59:10Z
2024-07-12,-0.04372842347525885,-0.06214039125431525,-0.08630609896432673,0.0,model_labels_v1,2026-03-23T09:59:10Z
2024-07-15,-0.01564380264741283,-0.006016847172081952,-0.04091456077015654,0.0,model_labels_v1,2026-03-23T09:59:10Z
2024-07-16,0.017114914425427896,-0.028117359413202925,-0.024449877750611138,1.0,model_labels_v1,2026-03-23T09:59:10Z
2024-07-17,-0.008413461538461564,-0.05769230769230771,-0.03725961538461542,0.0,model_labels_v1,2026-03-23T09:59:10Z
2024-07-18,-0.012121212121212088,-0.05696969696969689,-0.05696969696969689,0.0,model_labels_v1,2026-03-23T09:59:10Z
2024-07-19,0.013496932515337345,-0.030674846625766916,0.16441717791411037,1.0,model_labels_v1,2026-03-23T09:59:10Z
2024-07-22,-0.03753026634382561,-0.030266343825665842,0.20702179176755453,0.0,model_labels_v1,2026-03-23T09:59:10Z
2024-07-23,-0.01383647798742138,-0.02515723270440251,0.22515723270440247,0.0,model_labels_v1,2026-03-23T09:59:10Z
2024-07-24,-0.007653061224489721,0.026785714285714413,0.22576530612244894,0.0,model_labels_v1,2026-03-23T09:59:10Z
2024-07-25,0.015424164524421524,0.020565552699228773,0.24678663239074528,1.0,model_labels_v1,2026-03-23T09:59:10Z
2024-07-26,0.013924050632911245,-0.0025316455696202667,0.19240506329113916,1.0,model_labels_v1,2026-03-23T09:59:10Z
2024-07-29,-0.03245942571785265,-0.022471910112359494,0.16978776529338324,0.0,model_labels_v1,2026-03-23T09:59:10Z
2024-07-30,0.03870967741935494,0.023225806451612874,0.22322580645161305,1.0,model_labels_v1,2026-03-23T09:59:10Z
2024-07-31,-0.013664596273291973,-0.0198757763975157,0.14409937888198754,0.0,model_labels_v1,2026-03-23T09:59:10Z
2024-08-01,-0.007556675062972307,-0.008816120906801062,0.19269521410579338,0.0,model_labels_v1,2026-03-23T09:59:10Z
2024-08-02,-0.006345177664974555,0.0076142131979695105,0.21192893401015245,0.0,model_labels_v1,2026-03-23T09:59:10Z
2024-08-05,0.012771392081736943,0.017879948914431676,0.19284802043422733,1.0,model_labels_v1,2026-03-23T09:59:10Z
2024-08-06,-0.0050441361916772065,0.006305170239596647,0.21563682219419933,0.0,model_labels_v1,2026-03-23T09:59:10Z
2024-08-07,-0.0025348542458808465,0.015209125475285079,0.20025348542458832,0.0,model_labels_v1,2026-03-23T09:59:10Z
2024-08-08,0.008894536213468918,-0.01143583227445999,0.20711562897077518,1.0,model_labels_v1,2026-03-23T09:59:10Z
2024-08-09,0.0037783375314861534,0.1952141057934509,0.19899244332493682,1.0,model_labels_v1,2026-03-23T09:59:10Z
2024-08-12,0.0012547051442912682,0.25094102885821834,0.2396486825595987,1.0,model_labels_v1,2026-03-23T09:59:10Z
2024-08-13,0.003759398496240518,0.22055137844611528,0.24185463659147866,1.0,model_labels_v1,2026-03-23T09:59:10Z
2024-08-14,-0.028714107365792718,0.19975031210986272,0.23970037453183513,0.0,model_labels_v1,2026-03-23T09:59:10Z
2024-08-15,0.21979434447300772,0.24678663239074528,0.2724935732647815,1.0,model_labels_v1,2026-03-23T09:59:10Z
2024-08-16,0.050579557428872546,-0.00737618545837726,0.07481559536354054,1.0,model_labels_v1,2026-03-23T09:59:10Z
2024-08-19,-0.02306920762286868,-0.06018054162487474,0.027081243731193583,0.0,model_labels_v1,2026-03-23T09:59:10Z
2024-08-20,-0.013347022587269053,-0.026694045174537995,0.05749486652977409,0.0,model_labels_v1,2026-03-23T09:59:10Z
2024-08-21,0.009365244536940764,-0.041623309053069546,0.06139438085327775,1.0,model_labels_v1,2026-03-23T09:59:10Z
2024-08-22,-0.028865979381443196,-0.023711340206185483,0.05567010309278353,0.0,model_labels_v1,2026-03-23T09:59:10Z
2024-08-23,-0.005307855626327074,0.013800424628450214,0.12314225053078554,0.0,model_labels_v1,2026-03-23T09:59:10Z
2024-08-26,0.011739594450373758,-0.0032017075773744796,0.14194236926360726,1.0,model_labels_v1,2026-03-23T09:59:10Z
2024-08-27,-0.028481012658227778,0.016877637130801704,0.21308016877637126,0.0,model_labels_v1,2026-03-23T09:59:10Z
2024-08-28,0.028230184581976125,0.028230184581976125,0.4549402823018458,1.0,model_labels_v1,2026-03-23T09:59:10Z
2024-08-29,0.008447729672650395,0.0031678986272438703,0.47835269271383307,1.0,model_labels_v1,2026-03-23T09:59:10Z
2024-08-30,-0.02198952879581162,-0.003141361256544628,0.6146596858638742,0.0,model_labels_v1,2026-03-23T09:59:10Z
2024-09-02,0.032119914346895095,0.05781584582441113,0.5417558886509637,1.0,model_labels_v1,2026-03-23T09:59:10Z
2024-09-03,-0.01763485477178417,0.028008298755186622,0.553941908713693,0.0,model_labels_v1,2026-03-23T09:59:10Z
2024-09-04,0.0031678986272438703,0.04857444561774016,0.583949313621964,1.0,model_labels_v1,2026-03-23T09:59:10Z
2024-09-05,0.00210526315789461,0.04210526315789487,0.39368421052631586,1.0,model_labels_v1,2026-03-23T09:59:10Z
2024-09-09,0.037815126050420256,0.0714285714285714,0.36344537815126055,1.0,model_labels_v1,2026-03-23T09:59:10Z
2024-09-10,0.0030364372469635637,0.036437246963562764,0.3582995951417003,1.0,model_labels_v1,2026-03-23T09:59:10Z
2024-09-11,0.0020181634712410634,0.03935418768920296,0.41271442986881945,1.0,model_labels_v1,2026-03-23T09:59:10Z
2024-09-12,-0.0030211480362537513,0.027190332326283873,0.39174219536757304,0.0,model_labels_v1,2026-03-23T09:59:10Z
2024-09-13,0.030303030303030276,0.03434343434343434,0.45252525252525255,1.0,model_labels_v1,2026-03-23T09:59:10Z
2024-09-16,0.0039215686274509665,0.0372549019607844,0.37450980392156863,1.0,model_labels_v1,2026-03-23T09:59:10Z
2024-09-17,0.005859375,0.044921875,0.451171875,1.0,model_labels_v1,2026-03-23T09:59:10Z
2024-09-19,-0.009708737864077777,0.11650485436893199,0.4427184466019416,0.0,model_labels_v1,2026-03-23T09:59:10Z
2024-09-20,0.0039215686274509665,0.31372549019607865,0.48039215686274517,1.0,model_labels_v1,2026-03-23T09:59:10Z
2024-09-23,0.033203125,0.3671875,0.5683593749999998,1.0,model_labels_v1,2026-03-23T09:59:10Z
2024-09-24,0.011342155009451682,0.4574669187145557,0.5122873345935728,1.0,model_labels_v1,2026-03-23T09:59:10Z
2024-09-25,0.07476635514018692,0.34579439252336464,0.5271028037383179,1.0,model_labels_v1,2026-03-23T09:59:10Z
2024-09-26,0.16521739130434776,0.30260869565217385,0.3982608695652172,1.0,model_labels_v1,2026-03-23T09:59:10Z
2024-09-27,0.04477611940298498,0.11940298507462677,0.18656716417910446,1.0,model_labels_v1,2026-03-23T09:59:10Z
2024-09-30,0.10142857142857142,-0.05428571428571427,0.11714285714285722,1.0,model_labels_v1,2026-03-23T09:59:10Z
2024-10-02,-0.06614785992217898,-0.1582360570687419,0.024643320363164856,0.0,model_labels_v1,2026-03-23T09:59:10Z
2024-10-03,0.04027777777777786,-0.06805555555555554,0.10833333333333339,1.0,model_labels_v1,2026-03-23T09:59:10Z
2024-10-04,0.001335113484646211,-0.06542056074766356,0.05473965287049398,1.0,model_labels_v1,2026-03-23T09:59:10Z
2024-10-07,-0.11733333333333329,-0.07866666666666666,0.05600000000000005,0.0,model_labels_v1,2026-03-23T09:59:10Z
2024-10-08,-0.01963746223564955,0.08610271903323263,0.1797583081570997,0.0,model_labels_v1,2026-03-23T09:59:10Z
2024-10-09,0.03389830508474567,0.08012326656394442,0.2172573189522342,1.0,model_labels_v1,2026-03-23T09:59:10Z
2024-10-10,0.0432190760059612,0.10730253353204167,0.19374068554396429,1.0,model_labels_v1,2026-03-23T09:59:10Z
2024-10-14,-0.01285714285714279,0.06142857142857139,0.11999999999999988,0.0,model_labels_v1,2026-03-23T09:59:10Z
2024-10-15,0.0405209840810421,0.09261939218523874,0.1099855282199711,1.0,model_labels_v1,2026-03-23T09:59:10Z
2024-10-16,-0.025034770514603677,0.11682892906815012,0.10013908205841449,0.0,model_labels_v1,2026-03-23T09:59:10Z
2024-10-17,0.059914407988587826,0.14122681883024257,0.06419400855920121,1.0,model_labels_v1,2026-03-23T09:59:10Z
2024-10-18,0.0,0.09959623149394359,-0.04710632570659479,0.0,model_labels_v1,2026-03-23T09:59:10Z
2024-10-21,0.016150740242261152,0.08209959623149388,0.0013458950201885589,1.0,model_labels_v1,2026-03-23T09:59:10Z
2024-10-22,0.06357615894039736,0.052980132450331174,-0.0331125827814569,1.0,model_labels_v1,2026-03-23T09:59:10Z
2024-10-23,-0.0037359900373598043,-0.026151930261519185,-0.10087173100871727,0.0,model_labels_v1,2026-03-23T09:59:10Z
2024-10-24,0.02124999999999999,-0.012499999999999956,-0.10250000000000004,1.0,model_labels_v1,2026-03-23T09:59:10Z
2024-10-25,-0.01591187270501848,-0.023255813953488302,-0.1481028151774786,0.0,model_labels_v1,2026-03-23T09:59:10Z
2024-10-28,-0.011194029850746134,-0.01741293532338295,-0.1169154228855721,0.0,model_labels_v1,2026-03-23T09:59:10Z
2024-10-29,-0.01635220125786163,-0.0037735849056603765,-0.13207547169811318,0.0,model_labels_v1,2026-03-23T09:59:10Z
2024-10-30,0.010230179028132946,-0.0012787723785167016,-0.08951406649616367,1.0,model_labels_v1,2026-03-23T09:59:10Z
2024-10-31,0.010126582278481067,0.0,-0.11012658227848104,1.0,model_labels_v1,2026-03-23T09:59:10Z
2024-11-01,-0.010025062656641603,0.003759398496240518,-0.12907268170426067,0.0,model_labels_v1,2026-03-23T09:59:10Z
2024-11-04,0.0025316455696202667,-0.0075949367088608,-0.10759493670886078,1.0,model_labels_v1,2026-03-23T09:59:10Z
2024-11-05,-0.01388888888888895,-0.031565656565656575,-0.08080808080808077,0.0,model_labels_v1,2026-03-23T09:59:10Z
2024-11-06,0.011523687580025754,0.012804097311139628,-0.0717029449423815,1.0,model_labels_v1,2026-03-23T09:59:10Z
2024-11-07,0.013924050632911245,-0.055696202531645644,-0.10506329113924051,1.0,model_labels_v1,2026-03-23T09:59:10Z
2024-11-08,-0.02122347066167285,-0.11610486891385763,-0.10362047440699129,0.0,model_labels_v1,2026-03-23T09:59:10Z
2024-11-11,-0.02168367346938771,-0.05102040816326525,-0.058673469387755084,0.0,model_labels_v1,2026-03-23T09:59:10Z
2024-11-12,0.0312907431551499,-0.04823989569752285,-0.054758800521512385,1.0,model_labels_v1,2026-03-23T09:59:10Z
2024-11-13,-0.05689001264222504,-0.08723135271807847,-0.08470290771175726,0.0,model_labels_v1,2026-03-23T09:59:10Z
2024-11-14,-0.05093833780160861,-0.03753351206434319,-0.05630026809651478,0.0,model_labels_v1,2026-03-23T09:59:10Z
2024-11-15,0.05084745762711873,-0.016949152542372947,-0.019774011299435013,1.0,model_labels_v1,2026-03-23T09:59:10Z
2024-11-18,-0.018817204301075363,-0.045698924731182866,-0.06451612903225812,0.0,model_labels_v1,2026-03-23T09:59:10Z
2024-11-19,-0.010958904109588996,-0.05479452054794509,-0.06164383561643838,0.0,model_labels_v1,2026-03-23T09:59:10Z
2024-11-20,-0.005540166204986208,-0.013850415512465353,-0.037396121883656486,0.0,model_labels_v1,2026-03-23T09:59:10Z
2024-11-21,-0.03064066852367686,-0.02089136490250687,-0.03621169916434541,0.0,model_labels_v1,2026-03-23T09:59:10Z
2024-11-22,0.02011494252873569,-0.001436781609195359,-0.03591954022988508,1.0,model_labels_v1,2026-03-23T09:59:10Z
2024-11-25,-0.028169014084506894,-0.007042253521126751,-0.04929577464788726,0.0,model_labels_v1,2026-03-23T09:59:10Z
2024-11-26,0.03188405797101446,0.05507246376811592,-0.0304347826086957,1.0,model_labels_v1,2026-03-23T09:59:10Z
2024-11-27,-0.012640449438202195,0.018258426966292207,-0.0800561797752809,0.0,model_labels_v1,2026-03-23T09:59:10Z
2024-11-28,-0.011379800853485111,0.005689900426742556,-0.07254623044096742,0.0,model_labels_v1,2026-03-23T09:59:10Z
2024-11-29,0.014388489208633004,0.03309352517985609,-0.07913669064748197,1.0,model_labels_v1,2026-03-23T09:59:10Z
2024-12-02,0.03262411347517746,0.04680851063829783,-0.10070921985815606,1.0,model_labels_v1,2026-03-23T09:59:10Z
2024-12-03,-0.004120879120879106,-0.004120879120879106,-0.11675824175824179,0.0,model_labels_v1,2026-03-23T09:59:10Z
2024-12-04,-0.024827586206896513,-0.0013793103448275223,-0.16689655172413798,0.0,model_labels_v1,2026-03-23T09:59:10Z
2024-12-05,0.01555869872701554,-0.004243281471004279,-0.132956152758133,1.0,model_labels_v1,2026-03-23T09:59:10Z
2024-12-06,0.027855153203342642,-0.03342618384401108,-0.16713091922005563,1.0,model_labels_v1,2026-03-23T09:59:10Z
2024-12-09,-0.017615176151761558,-0.05691056910569103,-0.18157181571815717,0.0,model_labels_v1,2026-03-23T09:59:10Z
2024-12-10,-0.0013793103448275223,-0.05517241379310345,-0.18482758620689654,0.0,model_labels_v1,2026-03-23T09:59:10Z
2024-12-11,-0.027624309392265234,-0.04005524861878451,-0.1878453038674034,0.0,model_labels_v1,2026-03-23T09:59:10Z
2024-12-12,-0.014204545454545414,-0.017045454545454586,-0.140625,0.0,model_labels_v1,2026-03-23T09:59:10Z
2024-12-13,0.0028818443804032867,-0.033141210374639796,-0.13688760806916433,1.0,model_labels_v1,2026-03-23T09:59:10Z
2024-12-16,-0.015804597701149503,-0.030172413793103425,-0.13218390804597702,0.0,model_labels_v1,2026-03-23T09:59:10Z
2024-12-17,0.014598540145985384,-0.023357664233576547,-0.09927007299270074,1.0,model_labels_v1,2026-03-23T09:59:10Z
2024-12-18,-0.004316546762589968,-0.05755395683453246,-0.0877697841726619,0.0,model_labels_v1,2026-03-23T09:59:10Z
2024-12-19,-0.030346820809248554,-0.05780346820809257,-0.06213872832369938,0.0,model_labels_v1,2026-03-23T09:59:10Z
2024-12-20,0.005961251862891315,-0.046199701937406745,-0.05663189269746649,1.0,model_labels_v1,2026-03-23T09:59:10Z
2024-12-23,-0.008888888888888835,-0.06074074074074076,-0.06518518518518523,0.0,model_labels_v1,2026-03-23T09:59:10Z
2024-12-24,-0.02092675635276542,-0.038863976083707175,-0.02840059790732441,0.0,model_labels_v1,2026-03-23T09:59:10Z
2024-12-27,-0.004580152671755711,-0.0778625954198473,0.009160305343511421,0.0,model_labels_v1,2026-03-23T09:59:10Z
2024-12-30,-0.018404907975460016,-0.059815950920245387,0.02300613496932513,0.0,model_labels_v1,2026-03-23T09:59:10Z
2024-12-31,-0.009375000000000022,-0.06562499999999993,0.0031249999999998224,0.0,model_labels_v1,2026-03-23T09:59:10Z
2025-01-02,0.014195583596214423,-0.04731861198738163,0.0488958990536279,1.0,model_labels_v1,2026-03-23T09:59:10Z
2025-01-03,-0.06065318818040433,-0.08087091757387244,0.010886469673405896,0.0,model_labels_v1,2026-03-23T09:59:10Z
2025-01-06,0.01490066225165565,-0.026490066225165587,0.07615894039735105,1.0,model_labels_v1,2026-03-23T09:59:10Z
2025-01-07,-0.02446982055464919,-0.013050570962479635,0.057096247960848334,0.0,model_labels_v1,2026-03-23T09:59:10Z
2025-01-08,0.010033444816053505,0.0016722408026754731,0.13043478260869557,1.0,model_labels_v1,2026-03-23T09:59:10Z
2025-01-09,-0.021523178807946963,0.0,0.14403973509933787,0.0,model_labels_v1,2026-03-23T09:59:10Z
2025-01-10,-0.005076142131979711,0.04399323181049075,0.22673434856175967,0.0,model_labels_v1,2026-03-23T09:59:10Z
2025-01-13,0.028911564625850428,0.07823129251700678,0.22448979591836737,1.0,model_labels_v1,2026-03-23T09:59:10Z
2025-01-14,-0.009917355371900749,0.07272727272727275,0.23140495867768607,0.0,model_labels_v1,2026-03-23T09:59:10Z
2025-01-15,0.008347245409014992,0.056761268781302165,0.19198664440734547,1.0,model_labels_v1,2026-03-23T09:59:10Z
2025-01-16,0.021523178807947074,0.04470198675496673,0.19536423841059603,1.0,model_labels_v1,2026-03-23T09:59:10Z
2025-01-17,0.027552674230145957,0.05348460291734192,0.12965964343598047,1.0,model_labels_v1,2026-03-23T09:59:10Z
2025-01-20,0.023659305993690927,0.04258675078864371,0.10252365930599372,1.0,model_labels_v1,2026-03-23T09:59:10Z
2025-01-21,-0.024653312788906034,0.027734976887519247,0.13713405238828957,0.0,model_labels_v1,2026-03-23T09:59:10Z
2025-01-22,-0.003159557661927437,0.014218009478673022,0.15481832543443907,0.0,model_labels_v1,2026-03-23T09:59:10Z
2025-01-23,0.030110935023771823,0.0538827258320127,0.13470681458003186,1.0,model_labels_v1,2026-03-23T09:59:10Z
2025-01-24,0.01692307692307704,0.0,0.14000000000000012,1.0,model_labels_v1,2026-03-23T09:59:10Z
2025-01-27,0.009077155824508187,-0.016641452344931973,0.10590015128593033,1.0,model_labels_v1,2026-03-23T09:59:10Z
2025-01-28,-0.03748125937031488,-0.028485757121439192,0.04347826086956519,0.0,model_labels_v1,2026-03-23T09:59:10Z
2025-02-03,0.03582554517133962,0.052959501557632294,0.0950155763239875,1.0,model_labels_v1,2026-03-23T09:59:10Z
2025-02-04,-0.022556390977443663,0.03909774436090219,0.09473684210526323,0.0,model_labels_v1,2026-03-23T09:59:10Z
2025-02-05,0.0,0.11538461538461542,0.17230769230769227,0.0,model_labels_v1,2026-03-23T09:59:10Z
2025-02-06,-0.003076923076922977,0.10769230769230775,0.1892307692307693,0.0,model_labels_v1,2026-03-23T09:59:10Z
2025-02-07,0.043209876543209846,0.14969135802469125,0.01851851851851838,1.0,model_labels_v1,2026-03-23T09:59:10Z
2025-02-10,0.022189349112426093,0.056213017751479244,-0.029585798816568087,1.0,model_labels_v1,2026-03-23T09:59:10Z
2025-02-11,0.04920405209840806,0.04486251808972508,-0.005788712011577379,1.0,model_labels_v1,2026-03-23T09:59:10Z
2025-02-12,-0.006896551724137945,-0.0386206896551724,-0.0813793103448276,0.0,model_labels_v1,2026-03-23T09:59:10Z
2025-02-13,0.03472222222222232,-0.029166666666666674,-0.0722222222222223,1.0,model_labels_v1,2026-03-23T09:59:10Z
2025-02-14,-0.041610738255033586,-0.00939597315436247,-0.09664429530201335,0.0,model_labels_v1,2026-03-23T09:59:10Z
2025-02-17,0.011204481792717047,0.023809523809523725,-0.053221288515406195,1.0,model_labels_v1,2026-03-23T09:59:10Z
2025-02-18,-0.03462603878116344,-0.008310249307479145,-0.04293628808864258,0.0,model_labels_v1,2026-03-23T09:59:10Z
2025-02-19,0.0028694404591105283,0.06312769010043051,-0.0186513629842181,1.0,model_labels_v1,2026-03-23T09:59:10Z
2025-02-20,0.05579399141630903,0.045779685264663694,-0.045779685264663805,1.0,model_labels_v1,2026-03-23T09:59:10Z
2025-02-21,-0.009485094850948506,-0.05691056910569103,-0.11517615176151752,0.0,model_labels_v1,2026-03-23T09:59:10Z
2025-02-24,-0.020519835841313228,-0.03830369357045138,-0.10670314637482892,0.0,model_labels_v1,2026-03-23T09:59:10Z
2025-02-25,0.034916201117318524,0.016759776536312776,-0.11033519553072624,1.0,model_labels_v1,2026-03-23T09:59:10Z
2025-02-26,-0.013495276653171406,0.028340080971659853,-0.1228070175438597,0.0,model_labels_v1,2026-03-23T09:59:10Z
2025-02-27,-0.0478796169630642,0.05745554035567735,-0.11354309165526666,0.0,model_labels_v1,2026-03-23T09:59:10Z
2025-02-28,0.010057471264367956,-0.051724137931034475,-0.07614942528735635,1.0,model_labels_v1,2026-03-23T09:59:10Z
2025-03-03,0.03556187766714092,-0.06685633001422486,-0.10668563300142242,1.0,model_labels_v1,2026-03-23T09:59:10Z
2025-03-04,0.04670329670329676,-0.05631868131868134,-0.12362637362637363,1.0,model_labels_v1,2026-03-23T09:59:10Z
2025-03-05,0.014435695538057791,-0.12598425196850394,-0.1679790026246719,1.0,model_labels_v1,2026-03-23T09:59:10Z
2025-03-06,-0.14618369987063395,-0.13583441138421737,-0.19793014230271666,0.0,model_labels_v1,2026-03-23T09:59:10Z
2025-03-07,-0.0060606060606061,0.01969696969696977,-0.2196969696969696,0.0,model_labels_v1,2026-03-23T09:59:10Z
2025-03-10,0.04725609756097571,0.030487804878048808,-0.1722560975609756,1.0,model_labels_v1,2026-03-23T09:59:10Z
2025-03-11,-0.03056768558951961,0.005822416302765587,-0.18777292576419213,0.0,model_labels_v1,2026-03-23T09:59:10Z
2025-03-12,0.0030030030030030463,0.027027027027026973,-0.14564564564564564,1.0,model_labels_v1,2026-03-23T09:59:10Z
2025-03-13,0.007485029940119903,-0.0014970059880239361,-0.1302395209580839,1.0,model_labels_v1,2026-03-23T09:59:10Z
2025-03-14,0.004457652303120341,-0.029717682020802383,-0.10995542347696885,1.0,model_labels_v1,2026-03-23T09:59:10Z
2025-03-17,0.022189349112426093,-0.03402366863905315,-0.11538461538461531,1.0,model_labels_v1,2026-03-23T09:59:10Z
2025-03-18,-0.01013024602026058,-0.07814761215629518,-0.16063675832127355,0.0,model_labels_v1,2026-03-23T09:59:10Z
2025-03-19,-0.024853801169590684,-0.049707602339181256,-0.14473684210526316,0.0,model_labels_v1,2026-03-23T09:59:10Z
2025-03-20,-0.020989505247376306,-0.028485757121439192,-0.1064467766116941,0.0,model_labels_v1,2026-03-23T09:59:10Z
2025-03-21,0.0,-0.015313935681470214,-0.07044410413476265,0.0,model_labels_v1,2026-03-23T09:59:10Z
2025-03-24,-0.024502297090352232,-0.038284839203675314,-0.08575803981623287,0.0,model_labels_v1,2026-03-23T09:59:10Z
2025-03-25,0.020408163265306145,0.0015698587127157548,-0.07692307692307698,1.0,model_labels_v1,2026-03-23T09:59:10Z
2025-03-26,-0.003076923076922977,-0.024615384615384595,-0.08461538461538454,0.0,model_labels_v1,2026-03-23T09:59:10Z
2025-03-27,-0.007716049382716195,-0.04320987654320996,-0.0771604938271605,0.0,model_labels_v1,2026-03-23T09:59:10Z
2025-03-28,-0.023328149300155476,-0.19906687402799372,-0.048211508553654636,0.0,model_labels_v1,2026-03-23T09:59:10Z
2025-03-31,0.015923566878980777,-0.1353503184713376,-0.030254777070063743,1.0,model_labels_v1,2026-03-23T09:59:10Z
2025-04-01,-0.006269592476489061,-0.12539184952978055,-0.040752351097178674,0.0,model_labels_v1,2026-03-23T09:59:10Z
2025-04-02,-0.02208201892744477,-0.10252365930599361,-0.03154574132492116,0.0,model_labels_v1,2026-03-23T09:59:10Z
2025-04-03,-0.16935483870967738,-0.06290322580645169,-0.016129032258064613,0.0,model_labels_v1,2026-03-23T09:59:10Z
2025-04-07,0.05436893203883475,0.16310679611650492,0.18640776699029127,1.0,model_labels_v1,2026-03-23T09:59:10Z
2025-04-08,0.027624309392265234,0.10128913443830578,0.15469613259668513,1.0,model_labels_v1,2026-03-23T09:59:10Z
2025-04-09,0.01971326164874565,0.03942652329749108,0.09677419354838701,1.0,model_labels_v1,2026-03-23T09:59:10Z
2025-04-10,0.021089630931458547,0.028119507908611396,0.033391915641476144,1.0,model_labels_v1,2026-03-23T09:59:10Z
2025-04-11,0.030981067125645634,0.025817555938038028,0.0,1.0,model_labels_v1,2026-03-23T09:59:10Z
2025-04-14,-0.0016694490818029983,0.013355592654423987,-0.028380634390651083,0.0,model_labels_v1,2026-03-23T09:59:10Z
2025-04-15,-0.030100334448160626,-0.0016722408026756952,-0.016722408026755953,0.0,model_labels_v1,2026-03-23T09:59:10Z
2025-04-16,0.008620689655172376,0.01379310344827589,0.02758620689655178,1.0,model_labels_v1,2026-03-23T09:59:10Z
2025-04-17,0.01880341880341896,0.017094017094017255,0.011965811965811923,1.0,model_labels_v1,2026-03-23T09:59:10Z
2025-04-22,0.01845637583892623,0.003355704697986628,-0.03523489932885904,1.0,model_labels_v1,2026-03-23T09:59:10Z
2025-04-23,-0.016474464579901205,0.008237232289950658,-0.047775947281713305,0.0,model_labels_v1,2026-03-23T09:59:10Z
2025-04-24,-0.015075376884422065,0.0201005025125629,-0.01340033500837523,0.0,model_labels_v1,2026-03-23T09:59:10Z
2025-04-25,0.011904761904761862,0.04081632653061229,0.005102040816326481,1.0,model_labels_v1,2026-03-23T09:59:10Z
2025-04-28,0.005042016806722671,0.031932773109243584,0.0235294117647058,1.0,model_labels_v1,2026-03-23T09:59:10Z
2025-04-29,0.02341137123745818,0.020066889632106788,0.04849498327759183,1.0,model_labels_v1,2026-03-23T09:59:10Z
2025-04-30,-0.004901960784313819,-0.0016339869281045694,0.016339869281045694,0.0,model_labels_v1,2026-03-23T09:59:10Z
2025-05-02,0.0049261083743843415,0.029556650246305383,-0.014778325123152691,1.0,model_labels_v1,2026-03-23T09:59:10Z
2025-05-06,0.0032679738562091387,0.0,-0.009803921568627527,1.0,model_labels_v1,2026-03-23T09:59:10Z
2025-05-07,-0.006514657980456029,-0.04234527687296419,-0.006514657980456029,0.0,model_labels_v1,2026-03-23T09:59:10Z
2025-05-08,0.0016393442622952836,-0.04754098360655734,0.0016393442622952836,1.0,model_labels_v1,2026-03-23T09:59:10Z
2025-05-09,0.026186579378068675,-0.04746317512274956,-0.004909983633387904,1.0,model_labels_v1,2026-03-23T09:59:10Z
2025-05-12,-0.023923444976076458,-0.062200956937799035,-0.012759170653907415,0.0,model_labels_v1,2026-03-23T09:59:10Z
2025-05-13,-0.03921568627450989,-0.02614379084967322,0.013071895424836555,0.0,model_labels_v1,2026-03-23T09:59:10Z
2025-05-14,-0.011904761904761973,0.006802721088435382,0.06292517006802734,0.0,model_labels_v1,2026-03-23T09:59:10Z
2025-05-15,0.001721170395869276,-0.0103270223752151,0.08261617900172125,1.0,model_labels_v1,2026-03-23T09:59:10Z
2025-05-16,0.010309278350515427,-0.0068728522336769515,0.053264604810996596,1.0,model_labels_v1,2026-03-23T09:59:10Z
2025-05-19,0.013605442176870763,0.001700680272108901,0.05782312925170063,1.0,model_labels_v1,2026-03-23T09:59:10Z
2025-05-20,-0.006711409395973145,-0.008389261744966459,0.030201342281879207,0.0,model_labels_v1,2026-03-23T09:59:10Z
2025-05-21,-0.028716216216216228,0.028716216216216228,0.01013513513513531,0.0,model_labels_v1,2026-03-23T09:59:10Z
2025-05-22,0.00521739130434784,0.09043478260869553,0.003478260869565153,1.0,model_labels_v1,2026-03-23T09:59:10Z
2025-05-23,0.01903114186851207,0.07612456747404828,0.03460207612456756,1.0,model_labels_v1,2026-03-23T09:59:10Z
2025-05-26,0.00339558573853993,0.018675721561969505,0.018675721561969505,1.0,model_labels_v1,2026-03-23T09:59:10Z
2025-05-27,0.030456852791878042,0.025380710659898442,0.040609137055837685,1.0,model_labels_v1,2026-03-23T09:59:10Z
2025-05-28,0.029556650246305383,0.0016420361247946325,0.08210180623973717,1.0,model_labels_v1,2026-03-23T09:59:10Z
2025-05-29,-0.00797448165869219,-0.02551834130781483,0.009569377990430672,0.0,model_labels_v1,2026-03-23T09:59:10Z
2025-05-30,-0.03536977491961413,-0.022508038585209,0.05144694533762073,0.0,model_labels_v1,2026-03-23T09:59:10Z
2025-06-02,0.010000000000000009,0.03166666666666673,0.09499999999999997,1.0,model_labels_v1,2026-03-23T09:59:10Z
2025-06-03,0.0066006600660066805,0.02310231023102327,0.0726072607260726,1.0,model_labels_v1,2026-03-23T09:59:10Z
2025-06-04,0.0016393442622952836,0.024590163934426368,0.077049180327869,1.0,model_labels_v1,2026-03-23T09:59:10Z
2025-06-05,-0.004909983633387904,0.029459901800327204,0.06219312602291316,0.0,model_labels_v1,2026-03-23T09:59:10Z
2025-06-06,0.018092105263157965,0.008223684210526327,0.05592105263157898,1.0,model_labels_v1,2026-03-23T09:59:10Z
2025-06-09,0.001615508885298933,0.004846526655896577,0.04846526655896599,1.0,model_labels_v1,2026-03-23T09:59:10Z
2025-06-10,0.008064516129032251,-0.00967741935483879,0.030645161290322465,1.0,model_labels_v1,2026-03-23T09:59:10Z
2025-06-11,0.006399999999999961,-0.043199999999999905,0.05279999999999996,1.0,model_labels_v1,2026-03-23T09:59:10Z
2025-06-12,-0.025437201907790197,-0.08267090620031803,0.0476947535771064,0.0,model_labels_v1,2026-03-23T09:59:10Z
2025-06-13,0.014681892332789603,-0.02446982055464919,0.09298531810766719,1.0,model_labels_v1,2026-03-23T09:59:10Z
2025-06-16,-0.012861736334405127,-0.03536977491961413,0.07395498392282951,0.0,model_labels_v1,2026-03-23T09:59:10Z
2025-06-17,-0.026058631921824005,0.0016286644951140072,0.08794788273615639,0.0,model_labels_v1,2026-03-23T09:59:10Z
2025-06-18,-0.03511705685618738,0.10200668896321052,0.13210702341137104,0.0,model_labels_v1,2026-03-23T09:59:10Z
2025-06-19,0.036395147313691645,0.09705372616984409,0.20277296360485275,1.0,model_labels_v1,2026-03-23T09:59:10Z
2025-06-20,0.0033444816053511683,0.09364548494983271,0.17224080267558506,1.0,model_labels_v1,2026-03-23T09:59:10Z
2025-06-23,0.025000000000000133,0.09499999999999997,0.1483333333333332,1.0,model_labels_v1,2026-03-23T09:59:10Z
2025-06-24,0.07154471544715446,0.05691056910569103,0.13170731707317063,1.0,model_labels_v1,2026-03-23T09:59:10Z
2025-06-25,-0.039453717754172946,-0.0030349013657055,0.06221547799696503,0.0,model_labels_v1,2026-03-23T09:59:10Z
2025-06-26,0.033175355450236976,0.025276461295418606,0.12796208530805675,1.0,model_labels_v1,2026-03-23T09:59:10Z
2025-06-27,0.004587155963302836,-0.01834862385321101,0.08562691131498457,1.0,model_labels_v1,2026-03-23T09:59:10Z
2025-06-30,-0.010654490106544956,-0.0121765601217656,0.1035007610350076,0.0,model_labels_v1,2026-03-23T09:59:10Z
2025-07-02,0.010769230769230864,-0.01692307692307693,0.08461538461538454,1.0,model_labels_v1,2026-03-23T09:59:10Z
2025-07-03,-0.0121765601217656,0.0015220700152207556,0.03957382039573809,0.0,model_labels_v1,2026-03-23T09:59:10Z
2025-07-04,-0.01078582434514641,0.015408320493066174,0.05855161787365182,0.0,model_labels_v1,2026-03-23T09:59:10Z
2025-07-07,0.010903426791277315,0.04361370716510904,0.07710280373831768,1.0,model_labels_v1,2026-03-23T09:59:10Z
2025-07-08,-0.015408320493066285,0.02927580893682591,0.071648690292758,0.0,model_labels_v1,2026-03-23T09:59:10Z
2025-07-09,0.029733959311424085,0.04538341158059467,0.06572769953051649,1.0,model_labels_v1,2026-03-23T09:59:10Z
2025-07-10,0.001519756838905817,0.028875379939209633,0.06990881458966558,1.0,model_labels_v1,2026-03-23T09:59:10Z
2025-07-11,0.01669195751138086,0.05311077389984842,0.06676783004552367,1.0,model_labels_v1,2026-03-23T09:59:10Z
2025-07-14,-0.0029850746268657025,0.04626865671641789,0.03432835820895508,0.0,model_labels_v1,2026-03-23T09:59:10Z
2025-07-15,0.0,0.03143712574850288,0.008982035928143839,0.0,model_labels_v1,2026-03-23T09:59:10Z
2025-07-16,0.013473053892215647,0.041916167664670656,0.04790419161676662,1.0,model_labels_v1,2026-03-23T09:59:10Z
2025-07-17,0.02511078286558366,0.033973412112260126,0.03101920236336797,1.0,model_labels_v1,2026-03-23T09:59:10Z
2025-07-18,0.010086455331411948,0.02881844380403442,-0.039625360230547635,1.0,model_labels_v1,2026-03-23T09:59:10Z
2025-07-21,-0.01711840228245365,0.012838801711840153,-0.04921540656205414,0.0,model_labels_v1,2026-03-23T09:59:10Z
2025-07-22,0.010159651669085612,0.052249637155297624,-0.0420899854862119,1.0,model_labels_v1,2026-03-23T09:59:10Z
2025-07-23,0.005747126436781658,0.012931034482758674,-0.05675287356321834,1.0,model_labels_v1,2026-03-23T09:59:10Z
2025-07-24,0.020000000000000018,-0.024285714285714244,-0.07071428571428573,1.0,model_labels_v1,2026-03-23T09:59:10Z
2025-07-25,-0.0056022408963585235,-0.037815126050420145,-0.09033613445378141,0.0,model_labels_v1,2026-03-23T09:59:10Z
2025-07-28,0.021126760563380254,-0.02605633802816898,-0.017605633802816878,1.0,model_labels_v1,2026-03-23T09:59:10Z
2025-07-29,-0.02758620689655178,-0.04068965517241374,-0.04689655172413787,0.0,model_labels_v1,2026-03-23T09:59:10Z
2025-07-30,-0.031205673758865182,-0.03404255319148941,-0.057446808510638325,0.0,model_labels_v1,2026-03-23T09:59:10Z
2025-07-31,0.005856515373352966,0.030746705710102518,-0.06442166910688141,1.0,model_labels_v1,2026-03-23T09:59:10Z
2025-08-01,0.0065502183406114245,0.02328966521106257,-0.0662299854439593,1.0,model_labels_v1,2026-03-23T09:59:10Z
2025-08-04,0.005784526391901634,0.002169197396963085,-0.05422993492407813,1.0,model_labels_v1,2026-03-23T09:59:10Z
2025-08-05,-0.02084831056793679,-0.030913012221423397,-0.06542056074766356,0.0,model_labels_v1,2026-03-23T09:59:10Z
2025-08-06,0.03377386196769461,0.027900146842878115,-0.058002936857562304,1.0,model_labels_v1,2026-03-23T09:59:10Z
2025-08-07,-0.0014204545454544748,-0.008522727272727182,-0.09801136363636365,0.0,model_labels_v1,2026-03-23T09:59:10Z
2025-08-08,-0.01422475106685639,-0.05192034139402568,-0.06899004267425324,0.0,model_labels_v1,2026-03-23T09:59:10Z
2025-08-11,-0.02741702741702734,-0.038239538239538184,-0.023809523809523836,0.0,model_labels_v1,2026-03-23T09:59:10Z
2025-08-12,0.03857566765578624,-0.020771513353115778,-0.016320474777448135,1.0,model_labels_v1,2026-03-23T09:59:10Z
2025-08-13,-0.0028571428571427804,-0.062142857142857055,-0.010714285714285787,0.0,model_labels_v1,2026-03-23T09:59:10Z
2025-08-14,-0.045128939828080306,-0.06805157593123212,-0.022922636103151928,0.0,model_labels_v1,2026-03-23T09:59:10Z
2025-08-15,0.0,-0.02550637659414856,0.03150787696924229,0.0,model_labels_v1,2026-03-23T09:59:10Z
2025-08-18,-0.009752438109527417,0.046511627906976605,0.015003750937734317,0.0,model_labels_v1,2026-03-23T09:59:10Z
2025-08-19,-0.005303030303030143,0.046969696969697106,0.034848484848484906,0.0,model_labels_v1,2026-03-23T09:59:10Z
2025-08-20,-0.009139375476009182,0.012185833968012094,0.06245239908606237,0.0,model_labels_v1,2026-03-23T09:59:10Z
2025-08-21,-0.001537279016141424,-0.017678708685626487,0.05534204458109149,0.0,model_labels_v1,2026-03-23T09:59:10Z
2025-08-22,0.07390300230946867,-0.012317167051578148,0.06774441878367976,1.0,model_labels_v1,2026-03-23T09:59:10Z
2025-08-25,-0.009318996415770497,-0.06236559139784936,-0.03942652329749097,0.0,model_labels_v1,2026-03-23T09:59:10Z
2025-08-26,-0.0383502170767005,-0.05933429811866864,-0.06078147612156293,0.0,model_labels_v1,2026-03-23T09:59:10Z
2025-08-27,-0.038374717832957095,-0.03461249059443183,-0.024078254326561188,0.0,model_labels_v1,2026-03-23T09:59:10Z
2025-08-28,0.00391236306729259,-0.006259780907668211,0.025039123630672844,1.0,model_labels_v1,2026-03-23T09:59:10Z
2025-08-29,0.019485580670304037,0.020265003897116163,0.0,1.0,model_labels_v1,2026-03-23T09:59:10Z
2025-09-01,-0.006116207951070374,0.03440366972477049,-0.004587155963302836,0.0,model_labels_v1,2026-03-23T09:59:10Z
2025-09-02,-0.013076923076923097,0.020000000000000018,0.007692307692307665,0.0,model_labels_v1,2026-03-23T09:59:10Z
2025-09-03,-0.010132501948558081,0.07950116913484018,0.011691348402182333,0.0,model_labels_v1,2026-03-23T09:59:10Z
2025-09-04,0.03070866141732287,0.07401574803149624,0.014960629921259905,1.0,model_labels_v1,2026-03-23T09:59:10Z
2025-09-05,0.03361344537815114,0.050420168067226934,-0.03208556149732622,1.0,model_labels_v1,2026-03-23T09:59:10Z
2025-09-08,-0.019955654101995512,0.0,-0.07243163340724301,0.0,model_labels_v1,2026-03-23T09:59:10Z
2025-09-09,0.044494720965309265,0.03016591251885381,-0.020361990950226172,1.0,model_labels_v1,2026-03-23T09:59:10Z
2025-09-10,-0.015162454873646092,0.0072202166064980755,-0.067870036101083,0.0,model_labels_v1,2026-03-23T09:59:10Z
2025-09-11,0.008064516129032251,0.006598240469208205,-0.08211143695014667,1.0,model_labels_v1,2026-03-23T09:59:10Z
2025-09-12,-0.016000000000000014,0.008727272727272695,-0.11127272727272719,0.0,model_labels_v1,2026-03-23T09:59:10Z
2025-09-15,0.009608277900960971,-0.009608277900960749,-0.07908351810790826,1.0,model_labels_v1,2026-03-23T09:59:10Z
2025-09-16,0.021229868228404003,-0.049780380673499214,-0.08784773060029283,1.0,model_labels_v1,2026-03-23T09:59:10Z
2025-09-17,-0.01577060931899632,-0.07025089605734758,-0.1347670250896057,0.0,model_labels_v1,2026-03-23T09:59:10Z
2025-09-18,0.010196649672250535,-0.04588492352512752,-0.10342316096139836,1.0,model_labels_v1,2026-03-23T09:59:10Z
2025-09-19,-0.0338860850757029,-0.07498197548666186,-0.09589041095890416,0.0,model_labels_v1,2026-03-23T09:59:10Z
2025-09-22,-0.0313432835820896,-0.028358208955223896,-0.07313432835820899,0.0,model_labels_v1,2026-03-23T09:59:10Z
2025-09-23,-0.0007704160246533309,0.009244992295839749,-0.023882896764252703,0.0,model_labels_v1,2026-03-23T09:59:10Z
2025-09-24,0.010023130300693905,0.0007710100231301809,-0.02775636083269095,1.0,model_labels_v1,2026-03-23T09:59:10Z
2025-09-25,-0.020610687022900698,-0.016030534351144987,-0.026717557251908386,0.0,model_labels_v1,2026-03-23T09:59:10Z
2025-09-26,0.014809041309431059,-0.01247077162899457,-0.019485580670303926,1.0,model_labels_v1,2026-03-23T09:59:10Z
2025-09-29,0.006144393241167334,-0.036098310291858615,-0.034562211981566726,1.0,model_labels_v1,2026-03-23T09:59:10Z
2025-09-30,-0.009160305343511421,-0.008396946564885432,-0.03358778625954195,0.0,model_labels_v1,2026-03-23T09:59:10Z
2025-10-02,-0.006933744221879756,-0.005392912172573205,-0.017719568567026278,0.0,model_labels_v1,2026-03-23T09:59:10Z
2025-10-03,-0.01706749418153608,-0.0287044220325835,-0.027152831652443865,0.0,model_labels_v1,2026-03-23T09:59:10Z
2025-10-06,-0.009471191791633693,-0.03551696921862657,-0.020520915548539853,0.0,model_labels_v1,2026-03-23T09:59:10Z
2025-10-08,0.035059760956175356,-0.007171314741035828,0.0,1.0,model_labels_v1,2026-03-23T09:59:10Z
2025-10-09,-0.006158583525789019,-0.040800615858352485,-0.05234795996920705,0.0,model_labels_v1,2026-03-23T09:59:10Z
2025-10-10,-0.030209140201394313,-0.06506584043377228,-0.010844306738962084,0.0,model_labels_v1,2026-03-23T09:59:10Z
2025-10-13,-0.023961661341852958,-0.016773162939297093,0.03194888178913735,0.0,model_labels_v1,2026-03-23T09:59:10Z
2025-10-14,0.019639934533551617,0.026186579378068675,0.06382978723404253,1.0,model_labels_v1,2026-03-23T09:59:10Z
2025-10-15,0.0,-0.0032102728731943087,0.035313001605136396,0.0,model_labels_v1,2026-03-23T09:59:10Z
2025-10-16,-0.031300160513643704,0.016853932584269593,-0.0048154093097914075,0.0,model_labels_v1,2026-03-23T09:59:10Z
2025-10-17,0.01988400994200501,0.04473902236951122,0.01657000828500399,1.0,model_labels_v1,2026-03-23T09:59:10Z
2025-10-20,0.018683996750609166,0.035743298131600376,-0.021121039805036546,1.0,model_labels_v1,2026-03-23T09:59:10Z
2025-10-21,-0.009569377990430561,0.0031897926634769647,-0.03189792663476865,0.0,model_labels_v1,2026-03-23T09:59:10Z
2025-10-22,0.020128824476650653,0.012077294685990392,-0.024154589371980784,1.0,model_labels_v1,2026-03-23T09:59:10Z
2025-10-23,-0.0047355958958169575,-0.0007892659826361781,-0.06708760852407258,0.0,model_labels_v1,2026-03-23T09:59:10Z
2025-10-24,0.011102299762093537,0.011102299762093537,-0.05233941316415547,1.0,model_labels_v1,2026-03-23T09:59:10Z
2025-10-27,-0.013333333333333308,-0.016470588235294237,-0.05647058823529416,0.0,model_labels_v1,2026-03-23T09:59:10Z
2025-10-28,-0.0007949125596183881,-0.013513513513513487,-0.027821939586645472,0.0,model_labels_v1,2026-03-23T09:59:10Z
2025-10-30,0.007159904534606243,-0.0015910898965790787,-0.027844073190135266,1.0,model_labels_v1,2026-03-23T09:59:10Z
2025-10-31,0.007109004739336511,-0.027646129541864073,-0.03870458135860977,1.0,model_labels_v1,2026-03-23T09:59:10Z
2025-11-03,-0.016470588235294237,0.0015686274509802978,-0.02431372549019617,0.0,model_labels_v1,2026-03-23T09:59:10Z
2025-11-04,-0.010366826156299802,0.030303030303030276,-0.004784688995215225,0.0,model_labels_v1,2026-03-23T09:59:10Z
2025-11-05,0.011281224818694646,0.04754230459307007,-0.00966962127316684,1.0,model_labels_v1,2026-03-23T09:59:10Z
2025-11-06,-0.01912350597609558,0.027888446215139417,-0.016733067729083784,0.0,model_labels_v1,2026-03-23T09:59:10Z
2025-11-07,0.037367993501218555,0.007311129163281915,0.007311129163281915,1.0,model_labels_v1,2026-03-23T09:59:10Z
2025-11-10,0.011746280344557603,-0.03915426781519182,-0.04933437744714164,1.0,model_labels_v1,2026-03-23T09:59:10Z
2025-11-11,0.006191950464396356,-0.06733746130030949,-0.07043343653250778,1.0,model_labels_v1,2026-03-23T09:59:10Z
2025-11-12,-0.007692307692307665,-0.06615384615384612,-0.07615384615384613,0.0,model_labels_v1,2026-03-23T09:59:10Z
2025-11-13,-0.03875968992248058,-0.06046511627906981,-0.06666666666666676,0.0,model_labels_v1,2026-03-23T09:59:10Z
2025-11-14,-0.010483870967741948,-0.04677419354838708,-0.01935483870967747,0.0,model_labels_v1,2026-03-23T09:59:10Z
2025-11-17,-0.01792991035044811,-0.026079869600652006,-0.022004889975550057,0.0,model_labels_v1,2026-03-23T09:59:10Z
2025-11-18,0.007468879668049766,-0.0016597510373445035,-0.024896265560165998,1.0,model_labels_v1,2026-03-23T09:59:10Z
2025-11-19,-0.0016474464579901982,0.007413509060955503,-0.03130148270181221,0.0,model_labels_v1,2026-03-23T09:59:10Z
2025-11-20,-0.024752475247524663,0.008250825082508406,-0.03712871287128705,0.0,model_labels_v1,2026-03-23T09:59:10Z
2025-11-21,0.010998307952622577,0.029610829103214886,0.0008460236886631556,1.0,model_labels_v1,2026-03-23T09:59:10Z
2025-11-24,0.006694560669456173,0.041004184100418506,-0.018410041841004143,1.0,model_labels_v1,2026-03-23T09:59:10Z
2025-11-25,0.01662510390689942,0.03740648379052369,-0.019118869492934176,1.0,model_labels_v1,2026-03-23T09:59:10Z
2025-11-26,-0.0008176614881438837,0.004905968928863302,-0.035977105478332105,0.0,model_labels_v1,2026-03-23T09:59:10Z
2025-11-27,-0.004091653027823328,0.009819967266775809,-0.05482815057283141,0.0,model_labels_v1,2026-03-23T09:59:10Z
2025-11-28,0.022185702547247388,0.01889893179950697,-0.046014790468364875,1.0,model_labels_v1,2026-03-23T09:59:10Z
2025-12-01,0.003215434083601254,-0.024115755627009516,-0.08199356913183276,1.0,model_labels_v1,2026-03-23T09:59:10Z
2025-12-02,-0.015224358974359031,-0.0376602564102565,-0.05288461538461542,0.0,model_labels_v1,2026-03-23T09:59:10Z
2025-12-03,0.00406834825061031,-0.022782750203417357,-0.052074857607811165,1.0,model_labels_v1,2026-03-23T09:59:10Z
2025-12-04,0.004862236628849326,-0.024311183144246407,-0.057536466774716244,1.0,model_labels_v1,2026-03-23T09:59:10Z
2025-12-05,-0.020967741935483897,-0.01935483870967747,-0.06854838709677413,0.0,model_labels_v1,2026-03-23T09:59:10Z
2025-12-08,-0.010708401976935789,-0.011532125205930832,-0.07413509060955525,0.0,model_labels_v1,2026-03-23T09:59:10Z
2025-12-09,0.0,-0.02164862614487928,-0.03413821815154039,0.0,model_labels_v1,2026-03-23T09:59:10Z
2025-12-10,0.0024979184013320666,-0.020815986677768517,-0.03413821815154039,1.0,model_labels_v1,2026-03-23T09:59:10Z
2025-12-11,0.00996677740863805,-0.030730897009966673,-0.01827242524916939,1.0,model_labels_v1,2026-03-23T09:59:10Z
2025-12-12,-0.013157894736842146,-0.027138157894736836,-0.04358552631578938,0.0,model_labels_v1,2026-03-23T09:59:10Z
2025-12-15,-0.02083333333333337,-0.022499999999999964,-0.026666666666666727,0.0,model_labels_v1,2026-03-23T09:59:10Z
2025-12-16,0.0008510638297871687,0.004255319148936287,-0.020425531914893602,1.0,model_labels_v1,2026-03-23T09:59:10Z
2025-12-17,-0.007653061224489832,0.0025510204081631294,-0.04166666666666674,0.0,model_labels_v1,2026-03-23T09:59:10Z
2025-12-18,0.01371036846615259,-0.010282776349614275,-0.032562125107112316,1.0,model_labels_v1,2026-03-23T09:59:10Z
2025-12-19,-0.008453085376162295,-0.018596787827557137,-0.0388841927303466,0.0,model_labels_v1,2026-03-23T09:59:10Z
2025-12-22,0.0059676044330776445,-0.026427962489343648,-0.017902813299232823,1.0,model_labels_v1,2026-03-23T09:59:10Z
2025-12-23,-0.0008474576271187972,0.0016949152542371504,-0.035593220338983045,0.0,model_labels_v1,2026-03-23T09:59:10Z
2025-12-24,-0.02035623409669196,-0.01187446988973695,-0.04240882103477528,0.0,model_labels_v1,2026-03-23T09:59:10Z
2025-12-29,0.0051948051948049745,0.006926406926407003,-0.006926406926406892,1.0,model_labels_v1,2026-03-23T09:59:10Z
2025-12-30,-0.01636520241171402,-0.0051679586563306845,-0.006029285099052539,0.0,model_labels_v1,2026-03-23T09:59:10Z
2025-12-31,0.035026269702276736,-0.015761821366024442,-0.003502626970227629,1.0,model_labels_v1,2026-03-23T09:59:10Z
2026-01-02,-0.014382402707275754,-0.01861252115059231,-0.053299492385786906,0.0,model_labels_v1,2026-03-23T09:59:10Z
2026-01-05,-0.0017167381974249052,-0.0042918454935623185,-0.06008583690987135,0.0,model_labels_v1,2026-03-23T09:59:10Z
2026-01-06,-0.006878761822871837,0.016337059329320613,-0.06018916595012902,0.0,model_labels_v1,2026-03-23T09:59:10Z
2026-01-07,-0.026839826839826886,0.006926406926407003,-0.04415584415584428,0.0,model_labels_v1,2026-03-23T09:59:10Z
2026-01-08,0.03202846975088969,0.039145907473309594,0.000889679715302405,1.0,model_labels_v1,2026-03-23T09:59:10Z
2026-01-09,0.0,-0.00775862068965516,-0.0431034482758621,0.0,model_labels_v1,2026-03-23T09:59:10Z
2026-01-12,0.018965517241379404,-0.028448275862068995,-0.026724137931034564,1.0,model_labels_v1,2026-03-23T09:59:10Z
2026-01-13,-0.016074450084602288,-0.04483925549915402,-0.02876480541455162,0.0,model_labels_v1,2026-03-23T09:59:10Z
2026-01-14,0.004299226139294898,-0.022355975924333804,-0.009458297506448887,1.0,model_labels_v1,2026-03-23T09:59:10Z
2026-01-15,-0.014554794520547976,-0.013698630136986356,-0.03082191780821908,0.0,model_labels_v1,2026-03-23T09:59:10Z
2026-01-16,-0.020851433536055675,-0.011294526498696666,-0.01824500434404852,0.0,model_labels_v1,2026-03-23T09:59:10Z
2026-01-19,0.0017746228926351915,0.0017746228926351915,0.0,1.0,model_labels_v1,2026-03-23T09:59:10Z
2026-01-20,0.007085916740478204,0.015943312666076404,-0.013286093888396633,1.0,model_labels_v1,2026-03-23T09:59:10Z
2026-01-21,0.013192612137203241,0.014951627088830355,0.013192612137203241,1.0,model_labels_v1,2026-03-23T09:59:10Z
2026-01-22,-0.012152777777777679,-0.012152777777777679,-0.02083333333333337,0.0,model_labels_v1,2026-03-23T09:59:10Z
2026-01-23,-0.007908611599297122,-0.016695957820738294,-0.007908611599297122,0.0,model_labels_v1,2026-03-23T09:59:10Z
2026-01-26,0.015943312666076404,-0.030115146147032812,-0.019486271036315173,1.0,model_labels_v1,2026-03-23T09:59:10Z
2026-01-27,0.006102877070618851,-0.047079337401918164,-0.026155187445510042,1.0,model_labels_v1,2026-03-23T09:59:10Z
2026-01-28,-0.013864818024263315,-0.04332755632582319,-0.05979202772963599,0.0,model_labels_v1,2026-03-23T09:59:10Z
2026-01-29,-0.016695957820738294,-0.011423550087873546,-0.0588752196836555,0.0,model_labels_v1,2026-03-23T09:59:10Z
2026-01-30,-0.02144772117962468,-0.008042895442359255,-0.06613047363717606,0.0,model_labels_v1,2026-03-23T09:59:10Z
2026-02-02,-0.0018264840182647957,0.031050228310502304,-0.062100456621004496,0.0,model_labels_v1,2026-03-23T09:59:10Z
2026-02-03,0.010064043915827936,0.050320219579140124,0.15553522415370558,1.0,model_labels_v1,2026-03-23T09:59:10Z
2026-02-04,0.01902173913043481,0.04347826086956519,0.1621376811594204,1.0,model_labels_v1,2026-03-23T09:59:10Z
2026-02-05,-0.01333333333333342,0.006222222222222351,0.18133333333333335,0.0,model_labels_v1,2026-03-23T09:59:10Z
2026-02-06,0.017117117117117164,0.018018018018018056,0.22792792792792804,1.0,model_labels_v1,2026-03-23T09:59:10Z
2026-02-09,0.016829052258636068,-0.001771479185119551,0.2577502214348981,1.0,model_labels_v1,2026-03-23T09:59:10Z
2026-02-10,0.0034843205574912606,-0.029616724738675937,0.18815331010452963,1.0,model_labels_v1,2026-03-23T09:59:10Z
2026-02-11,-0.01736111111111105,0.0,0.1753472222222221,0.0,model_labels_v1,2026-03-23T09:59:10Z
2026-02-12,-0.0017667844522968323,-0.0035335689045937757,0.23674911660777376,0.0,model_labels_v1,2026-03-23T09:59:10Z
2026-02-13,-0.0026548672566372167,-0.0008849557522124796,0.27522123893805306,0.0,model_labels_v1,2026-03-23T09:59:10Z
2026-02-16,-0.01153504880212941,-0.017746228926353136,0.25377107364685014,0.0,model_labels_v1,2026-03-23T09:59:10Z
2026-02-20,0.03411131059245953,0.002692998204667729,0.25134649910233375,1.0,model_labels_v1,2026-03-23T09:59:10Z
2026-02-23,-0.02083333333333337,-0.05815972222222221,,0.0,model_labels_v1,2026-03-23T09:59:10Z
2026-02-24,0.0008865248226950229,-0.05053191489361686,,1.0,model_labels_v1,2026-03-23T09:59:10Z
2026-02-25,-0.019486271036315173,-0.07440212577502214,,0.0,model_labels_v1,2026-03-23T09:59:10Z
2026-02-26,0.009033423667569984,-0.0722673893405601,,1.0,model_labels_v1,2026-03-23T09:59:10Z
2026-02-27,-0.0286481647269472,0.1307072515666965,,0.0,model_labels_v1,2026-03-23T09:59:10Z
2026-03-02,-0.012903225806451535,0.18248847926267286,,0.0,model_labels_v1,2026-03-23T09:59:10Z
2026-03-03,-0.024276377217553824,0.24089635854341718,,0.0,model_labels_v1,2026-03-23T09:59:10Z
2026-03-04,-0.017224880382775143,0.30430622009569386,,0.0,model_labels_v1,2026-03-23T09:59:10Z
2026-03-05,0.22979552093476152,0.38266796494644595,,1.0,model_labels_v1,2026-03-23T09:59:10Z
2026-03-06,0.015835312747426666,0.07996832937450504,,1.0,model_labels_v1,2026-03-23T09:59:10Z
2026-03-09,0.03585346843335935,0.05533904910366316,,1.0,model_labels_v1,2026-03-23T09:59:10Z
2026-03-10,0.02558314522197147,0.05342362678705803,,1.0,model_labels_v1,2026-03-23T09:59:10Z
2026-03-11,0.04181951577402776,0.05722670579603806,,1.0,model_labels_v1,2026-03-23T09:59:10Z
2026-03-12,-0.03943661971830981,-0.004929577464788615,,0.0,model_labels_v1,2026-03-23T09:59:10Z
2026-03-13,-0.007331378299120339,0.021994134897360684,,0.0,model_labels_v1,2026-03-23T09:59:10Z
2026-03-16,0.033973412112260126,,,1.0,model_labels_v1,2026-03-23T09:59:10Z
2026-03-17,0.02928571428571436,,,1.0,model_labels_v1,2026-03-23T09:59:10Z
2026-03-18,-0.019430950728660634,,,0.0,model_labels_v1,2026-03-23T09:59:10Z
2026-03-19,-0.013446567586695046,,,0.0,model_labels_v1,2026-03-23T09:59:10Z
2026-03-20,,,,0.0,model_labels_v1,2026-03-23T09:59:10Z
