ts_code,trade_date,open,high,low,close,pre_close,change,pct_chg,swing,vol,amount
HSCEI,20200102,11199.509765625,11332.7099609375,11199.509765625,11320.5595703125,,,,,,
HSCEI,20200103,11424.41015625,11428.3896484375,11243.76953125,11253.5498046875,11320.5595703125,-67.009765625,-0.5919298000138541,1.6308391474892758,,
HSCEI,20200106,11210.4404296875,11239.1298828125,11095.1796875,11165.41015625,11253.5498046875,-88.1396484375,-0.7832164069757502,1.2791536698272723,,
HSCEI,20200107,11195.1904296875,11271.580078125,11179.080078125,11198.75,11165.41015625,33.33984375,0.2985993643174634,0.8284514290612225,,
HSCEI,20200108,11073.75,11129.7998046875,11023.26953125,11079.7900390625,11198.75,-118.9599609375,-1.0622610642928898,0.9512693241433196,,
HSCEI,20200109,11186.8701171875,11290.150390625,11178.1796875,11281.259765625,11079.7900390625,201.4697265625,1.8183532887555247,1.010585062805705,,
HSCEI,20200110,11312.75,11312.75,11218.7197265625,11267.48046875,11281.259765625,-13.779296875,-0.12214324606713463,0.8335086275029194,,
HSCEI,20200113,11327.8701171875,11407.6904296875,11289.099609375,11396.759765625,11267.48046875,129.279296875,1.1473665051699182,1.0525052219208,,
HSCEI,20200114,11475.3203125,11475.3203125,11325.6396484375,11355.3701171875,11396.759765625,-41.3896484375,-0.36317031585012255,1.313361579437412,,
HSCEI,20200115,11362.3203125,11419.2001953125,11258.26953125,11295.4697265625,11355.3701171875,-59.900390625,-0.527507161869913,1.4172207722134498,,
HSCEI,20200116,11315.2802734375,11368.6796875,11276.2900390625,11328.3798828125,11295.4697265625,32.91015625,0.29135712853630397,0.8179354260959676,,
HSCEI,20200117,11372.2197265625,11419.91015625,11307.6201171875,11419.91015625,11328.3798828125,91.5302734375,0.8079731999133468,0.9912276973768089,,
HSCEI,20200120,11502.4697265625,11502.4697265625,11330.7900390625,11331.490234375,11419.91015625,-88.419921875,-0.7742610989510166,1.5033365862869024,,
HSCEI,20200121,11214.1904296875,11227.51953125,10970.1298828125,10970.1298828125,11331.490234375,-361.3603515625,-3.1889923045274653,2.271454531696877,,
HSCEI,20200122,11048.009765625,11208.41015625,10971.98046875,11174.7001953125,10970.1298828125,204.5703125,1.8647938965655406,2.1552132019004375,,
HSCEI,20200123,11056.599609375,11066.4296875,10866.509765625,10952.2197265625,11174.7001953125,-222.48046875,-1.9909300908432859,1.7890405861524703,,
HSCEI,20200124,10946.16015625,10988.6298828125,10884.4599609375,10976.1904296875,10952.2197265625,23.970703125,0.218866163421317,0.9511306792207238,,
HSCEI,20200129,10615.8798828125,10710.8798828125,10584.73046875,10618.7197265625,10976.1904296875,-357.470703125,-3.256782992377233,1.1493005234430098,,
HSCEI,20200130,10560.6103515625,10613.509765625,10272.23046875,10325.08984375,10618.7197265625,-293.6298828125,-2.7652098404856766,3.2139401515730484,,
HSCEI,20200131,10439.169921875,10467.98046875,10230.41015625,10240.509765625,10325.08984375,-84.580078125,-0.8191703840349451,2.3009031020084194,,
HSCEI,20200203,10194.8203125,10344.6201171875,10188.990234375,10268.1201171875,10240.509765625,27.6103515625,0.269618917362703,1.519747418579817,,
HSCEI,20200204,10312.5302734375,10456.2001953125,10312.5302734375,10435.3603515625,10268.1201171875,167.240234375,1.6287327423747369,1.399184273609297,,
HSCEI,20200205,10507.1103515625,10551.419921875,10425.5595703125,10493.849609375,10435.3603515625,58.4892578125,0.5604910213162148,1.2060949245864305,,
HSCEI,20200206,10644.6298828125,10820.990234375,10574.240234375,10764.33984375,10493.849609375,270.490234375,2.5776073075542203,2.3513773227658836,,
HSCEI,20200207,10676.1396484375,10713.16015625,10625.7802734375,10705.169921875,10764.33984375,-59.169921875,-0.5496846321639993,0.8117532898520905,,
HSCEI,20200210,10566.740234375,10667.0302734375,10543.150390625,10654.4296875,10705.169921875,-50.740234375,-0.4739787854400811,1.1571967910510528,,
HSCEI,20200211,10756.26953125,10846.98046875,10732.509765625,10808.51953125,10654.4296875,154.08984375,1.446251449111175,1.0743954062534142,,
HSCEI,20200212,10847.990234375,10927.240234375,10808.1298828125,10884.6904296875,10808.51953125,76.1708984375,0.7047301734272841,1.1020043144495753,,
HSCEI,20200213,10915.2001953125,10915.2001953125,10825.83984375,10835.3798828125,10884.6904296875,-49.310546875,-0.4530266358380549,0.8209728346409715,,
HSCEI,20200214,10809.76953125,10927.1396484375,10809.7099609375,10863.4501953125,10835.3798828125,28.0703125,0.2590616370038509,1.08376161029916,,
HSCEI,20200217,10842.5,11005.490234375,10842.5,10957.83984375,10863.4501953125,94.3896484375,0.8688735782875725,1.5003542285795086,,
HSCEI,20200218,10863.990234375,10887.6298828125,10797.23046875,10805.150390625,10957.83984375,-152.689453125,-1.3934265813538893,0.824974770132828,,
HSCEI,20200219,10811.490234375,10933.990234375,10807.4697265625,10908.5703125,10805.150390625,103.419921875,0.9571354227955166,1.1709277820165696,,
HSCEI,20200220,10951.3203125,10954.919921875,10812.4296875,10913.9697265625,10908.5703125,5.3994140625,0.049496990969686246,1.3062228164924798,,
HSCEI,20200221,10843.9599609375,10857.150390625,10755.330078125,10790.83984375,10913.9697265625,-123.1298828125,-1.128186039519842,0.9329356325058239,,
HSCEI,20200224,10699.080078125,10699.080078125,10559.98046875,10568.330078125,10790.83984375,-222.509765625,-2.0620245397662584,1.2890526723512237,,
HSCEI,20200225,10536.330078125,10597.9697265625,10475.5703125,10579.919921875,10568.330078125,11.58984375,0.10966580021936857,1.1581717561589988,,
HSCEI,20200226,10382.9296875,10547.4697265625,10382.9296875,10501.6201171875,10579.919921875,-78.2998046875,-0.740079369841048,1.555210628034128,,
HSCEI,20200227,10447.0400390625,10629.759765625,10415.4697265625,10593.1103515625,10501.6201171875,91.490234375,0.8712011418625046,2.0405426655243577,,
HSCEI,20200228,10372.83984375,10400.740234375,10239.7900390625,10302.3603515625,10593.1103515625,-290.75,-2.7447084977936997,1.5193856192459998,,
HSCEI,20200302,10315.919921875,10522.5498046875,10315.919921875,10485.169921875,10302.3603515625,182.8095703125,1.7744435651076245,2.005655750346197,,
HSCEI,20200303,10527.9697265625,10582.919921875,10459.080078125,10485.16015625,10485.169921875,-0.009765625,-9.313749870306033e-05,1.1810952485532487,,
HSCEI,20200304,10527.66015625,10574.91015625,10428.4501953125,10521.7802734375,10485.16015625,36.6201171875,0.3492566316754967,1.3968309377725439,,
HSCEI,20200305,10545.150390625,10747.150390625,10531.9296875,10728.0703125,10521.7802734375,206.2900390625,1.9606001427656155,2.0454780230331373,,
HSCEI,20200306,10558.7197265625,10573.4697265625,10445.48046875,10456.9296875,10728.0703125,-271.140625,-2.5273941827550823,1.193031496665072,,
HSCEI,20200309,10018.3798828125,10096.3798828125,9922.7900390625,9984.4404296875,10456.9296875,-472.4892578125,-4.5184320056900065,1.6600460071707832,,
HSCEI,20200310,10115.259765625,10247.5302734375,9956.400390625,10153.3701171875,9984.4404296875,168.9296875,1.691929444515573,2.9158357432516824,,
HSCEI,20200311,10158.9404296875,10179.580078125,10019.5,10070.4697265625,10153.3701171875,-82.900390625,-0.8164815196155142,1.5766201396915338,,
HSCEI,20200312,9817.1904296875,9817.1904296875,9613.33984375,9725.7197265625,10070.4697265625,-344.75,-3.4233755659943634,2.0242410877797585,,
HSCEI,20200313,9006.099609375,9707.669921875,9006.099609375,9650.150390625,9725.7197265625,-75.5693359375,-0.7770050758414108,7.213556756976031,,
HSCEI,20200316,9372.169921875,9464.5400390625,9106.400390625,9227.599609375,9650.150390625,-422.55078125,-4.378696332655114,3.7112338558519067,,
HSCEI,20200317,9190.9599609375,9329.3896484375,8954.669921875,9216.169921875,9227.599609375,-11.4296875,-0.12386414651528374,4.060858104222408,,
HSCEI,20200318,9086.349609375,9271.5498046875,8738.73046875,8800.6201171875,9216.169921875,-415.5498046875,-4.508920822967615,5.781353213473517,,
HSCEI,20200319,8724.080078125,8781.830078125,8290.33984375,8559.6396484375,8800.6201171875,-240.98046875,-2.7382214610010056,5.584722756242208,,
HSCEI,20200320,8780.0302734375,9126.8798828125,8780.0302734375,9118.669921875,8559.6396484375,559.0302734375,6.53100242998602,4.052152001963247,,
HSCEI,20200323,8669.5498046875,8882.0302734375,8669.5498046875,8751.759765625,9118.669921875,-366.91015625,-4.023724505805505,2.3301695375580533,,
HSCEI,20200324,9127.009765625,9237.490234375,9062.1396484375,9184.4404296875,8751.759765625,432.6806640625,4.9439275717093505,2.0036037395157806,,
HSCEI,20200325,9427.009765625,9557.169921875,9345.650390625,9529.490234375,9184.4404296875,345.0498046875,3.756895233074535,2.3030203404258667,,
HSCEI,20200326,9452.099609375,9566.01953125,9380.2998046875,9447.5595703125,9529.490234375,-81.9306640625,-0.8597591481541982,1.9488946627235888,,
HSCEI,20200327,9633.9404296875,9637.9599609375,9452.7900390625,9504.919921875,9447.5595703125,57.3603515625,0.6071446402174173,1.9599762298071972,,
HSCEI,20200330,9315.23046875,9537.5595703125,9303.76953125,9402.169921875,9504.919921875,-102.75,-1.081019102154949,2.459673947641014,,
HSCEI,20200331,9564.990234375,9595.2001953125,9423.9404296875,9594.76953125,9402.169921875,192.599609375,2.0484591426804526,1.8214919220567227,,
HSCEI,20200401,9474.8798828125,9636.9296875,9358.150390625,9404.98046875,9594.76953125,-189.7890625,-1.9780471212139101,2.9055340617304104,,
HSCEI,20200402,9266.849609375,9526.5595703125,9266.849609375,9526.5595703125,9404.98046875,121.5791015625,1.2927097718753569,2.7614088280187317,,
HSCEI,20200403,9438.6904296875,9514.2099609375,9430.740234375,9491.099609375,9526.5595703125,-35.4599609375,-0.37222210889231655,0.8761791279048491,,
HSCEI,20200406,9631.080078125,9700.009765625,9466.6796875,9652.3095703125,9491.099609375,161.2099609375,1.6985382892648397,2.4584093279826513,,
HSCEI,20200407,9774.91015625,9853.849609375,9670.3203125,9846.919921875,9652.3095703125,194.6103515625,2.0162050351250738,1.9014029288853207,,
HSCEI,20200408,9815.5595703125,9815.5595703125,9665.0703125,9681.9501953125,9846.919921875,-164.9697265625,-1.6753434360324047,1.5282876169043182,,
HSCEI,20200409,9766.1298828125,9824.16015625,9711.16015625,9811.1201171875,9681.9501953125,129.169921875,1.334131236675204,1.1671202363208681,,
HSCEI,20200414,9839.150390625,9901.2900390625,9796.2099609375,9847.4697265625,9811.1201171875,36.349609375,0.3704939796967866,1.0710303907187584,,
HSCEI,20200415,9860.5498046875,9913.900390625,9714.0703125,9724.7001953125,9847.4697265625,-122.76953125,-1.2467114361249803,2.0292530332536045,,
HSCEI,20200416,9670.6103515625,9724.16015625,9627.7802734375,9672.599609375,9724.7001953125,-52.1005859375,-0.5357551892716808,0.9910833329232815,,
HSCEI,20200417,9845.8203125,9926.2197265625,9802.1796875,9815.2001953125,9672.599609375,142.6005859375,1.4742736357999027,1.2823857501790557,,
HSCEI,20200420,9815.6201171875,9886.98046875,9752.76953125,9824.419921875,9815.2001953125,9.2197265625,0.09393314837228808,1.3673785030293715,,
HSCEI,20200421,9767.5595703125,9782.900390625,9568.0302734375,9614.9296875,9824.419921875,-209.490234375,-2.132342021624607,2.1871023317017566,,
HSCEI,20200422,9521.650390625,9694.099609375,9516.7197265625,9670.2001953125,9614.9296875,55.2705078125,0.5748404783901339,1.8448380651509575,,
HSCEI,20200423,9716.900390625,9780.169921875,9651.3603515625,9703.990234375,9670.2001953125,33.7900390625,0.3494244005297767,1.3320258909938463,,
HSCEI,20200424,9661.4697265625,9710.91015625,9605.6904296875,9656.1904296875,9703.990234375,-47.7998046875,-0.49257886223108527,1.0842934094242402,,
HSCEI,20200427,9750.0400390625,9900.419921875,9739.1103515625,9875.58984375,9656.1904296875,219.3994140625,2.272111508778523,1.6705301276636113,,
HSCEI,20200428,9907.3798828125,9993.1796875,9826.6103515625,9983.6904296875,9875.58984375,108.1005859375,1.0946240948424362,1.6866773384975817,,
HSCEI,20200429,10065.41015625,10108.3203125,10011.0595703125,10040.8701171875,9983.6904296875,57.1796875,0.572730974610055,0.9741962941707957,,
HSCEI,20200504,9716.33984375,9716.33984375,9580.4404296875,9599.01953125,10040.8701171875,-441.8505859375,-4.400520878974029,1.3534625234308493,,
HSCEI,20200505,9652.919921875,9729.169921875,9632.3701171875,9698.2197265625,9599.01953125,99.2001953125,1.0334409153929702,1.0084342924020966,,
HSCEI,20200506,9699.8095703125,9849.75,9699.8095703125,9807.759765625,9698.2197265625,109.5400390625,1.1294860515737777,1.5460613794594429,,
HSCEI,20200507,9792.259765625,9798.509765625,9728.6103515625,9764.259765625,9807.759765625,-43.5,-0.4435263611621299,0.7126950061265663,,
HSCEI,20200508,9838.0,9892.990234375,9819.4296875,9868.33984375,9764.259765625,104.080078125,1.0659290168765594,0.7533653204718019,,
HSCEI,20200511,9971.330078125,10076.2900390625,9971.330078125,9990.48046875,9868.33984375,122.140625,1.23770185192149,1.06360302339988,,
HSCEI,20200512,9894.26953125,9924.6103515625,9814.2802734375,9832.099609375,9990.48046875,-158.380859375,-1.5853177419285467,1.1043520726566658,,
HSCEI,20200513,9778.2998046875,9892.01953125,9746.6201171875,9835.7099609375,9832.099609375,3.6103515625,0.03672004664250447,1.478823647431931,,
HSCEI,20200514,9783.5703125,9798.849609375,9669.66015625,9687.099609375,9835.7099609375,-148.6103515625,-1.5109265335466955,1.3134735940575273,,
HSCEI,20200515,9701.650390625,9744.4599609375,9612.5302734375,9674.5703125,9687.099609375,-12.529296875,-0.1293400231259558,1.361911127375224,,
HSCEI,20200518,9662.5498046875,9740.9296875,9628.759765625,9726.4296875,9674.5703125,51.859375,0.5360380184843481,1.1594305302641832,,
HSCEI,20200519,9956.240234375,9975.2197265625,9858.6103515625,9883.3701171875,9726.4296875,156.9404296875,1.61354612874232,1.1988918724191415,,
HSCEI,20200520,9925.7099609375,9945.0498046875,9869.400390625,9898.0,9883.3701171875,14.6298828125,0.14802524482067267,0.7654212395723522,,
HSCEI,20200521,9931.5400390625,9931.5400390625,9803.48046875,9850.0703125,9898.0,-47.9296875,-0.4842360830470802,1.293792385456658,,
HSCEI,20200522,9665.83984375,9665.83984375,9364.259765625,9426.7802734375,9850.0703125,-423.2900390625,-4.2973301269264415,3.0617048260283672,,
HSCEI,20200525,9400.990234375,9469.5,9306.509765625,9465.9404296875,9426.7802734375,39.16015625,0.4154139071252601,1.7290127662598545,,
HSCEI,20200526,9570.8203125,9646.490234375,9556.919921875,9595.2001953125,9465.9404296875,129.259765625,1.3655248158926694,0.9462378636895457,,
HSCEI,20200527,9648.41015625,9648.41015625,9508.740234375,9567.4296875,9595.2001953125,-27.7705078125,-0.28942082757237936,1.4556228013171868,,
HSCEI,20200528,9549.51953125,9659.9404296875,9419.98046875,9551.5595703125,9567.4296875,-15.8701171875,-0.16587649667532506,2.508092233497274,,
HSCEI,20200529,9408.1103515625,9578.9697265625,9408.1103515625,9561.0302734375,9551.5595703125,9.470703125,0.09915347389379413,1.7888112798987648,,
HSCEI,20200601,9781.080078125,9875.4697265625,9768.599609375,9833.830078125,9561.0302734375,272.7998046875,2.8532469502308104,1.1177677941717963,,
HSCEI,20200602,9829.2001953125,9890.7998046875,9803.1298828125,9876.25,9833.830078125,42.419921875,0.43136724488825146,0.8915134914728553,,
HSCEI,20200603,10026.7802734375,10052.2197265625,9954.2900390625,9967.5302734375,9876.25,91.2802734375,0.924240206935831,0.9915675230983421,,
HSCEI,20200604,10072.3203125,10072.3203125,9911.0400390625,9967.9296875,9967.5302734375,0.3994140625,0.0040071517371198725,1.6180565196505725,,
HSCEI,20200605,9977.8203125,10081.740234375,9917.33984375,10066.25,9967.9296875,98.3203125,0.9863664329745003,1.6492932412149903,,
HSCEI,20200608,10155.2998046875,10155.2998046875,9981.8203125,10008.8798828125,10066.25,-57.3701171875,-0.5699254159940395,1.7233775456351672,,
HSCEI,20200609,10047.6796875,10188.66015625,10028.740234375,10121.1298828125,10008.8798828125,112.25,1.1215041174862985,1.5977804084712666,,
HSCEI,20200610,10187.7900390625,10224.169921875,10117.1103515625,10143.48046875,10121.1298828125,22.3505859375,0.22083093682510013,1.0577827925546772,,
HSCEI,20200611,10129.6298828125,10165.9697265625,9943.2802734375,9944.599609375,10143.48046875,-198.880859375,-1.960676712374135,2.1953949022829087,,
HSCEI,20200612,9755.650390625,9862.169921875,9743.48046875,9832.5302734375,9944.599609375,-112.0693359375,-1.126936632339121,1.1935066044600606,,
HSCEI,20200615,9723.08984375,9821.3203125,9612.0703125,9655.830078125,9832.5302734375,-176.7001953125,-1.7970979025597726,2.128139900726135,,
HSCEI,20200616,9861.25,9942.919921875,9849.169921875,9867.6298828125,9655.830078125,211.7998046875,2.193491424080942,0.9709160086856529,,
HSCEI,20200617,9859.4296875,9930.4697265625,9809.3095703125,9909.6298828125,9867.6298828125,42.0,0.42563412388577593,1.2278546894126778,,
HSCEI,20200618,9862.83984375,9929.41015625,9784.66015625,9916.4501953125,9909.6298828125,6.8203125,0.06882509821915059,1.4607003663280893,,
HSCEI,20200619,9887.51953125,10034.509765625,9887.51953125,9974.58984375,9916.4501953125,58.1396484375,0.5862949673763559,1.482286821190129,,
HSCEI,20200622,9900.1201171875,9943.1396484375,9832.51953125,9879.01953125,9974.58984375,-95.5703125,-0.9581377680394909,1.1090192070084335,,
HSCEI,20200623,9851.8798828125,9993.48046875,9736.919921875,9993.48046875,9879.01953125,114.4609375,1.1586264926183132,2.59702439157479,,
HSCEI,20200624,10039.3701171875,10056.6103515625,9930.3798828125,9936.66015625,9993.48046875,-56.8203125,-0.568573808471226,1.263128187869357,,
HSCEI,20200626,9879.9697265625,9921.1298828125,9850.3701171875,9853.1796875,9936.66015625,-83.48046875,-0.840126032663924,0.7121081380698447,,
HSCEI,20200629,9888.9404296875,9888.9404296875,9703.009765625,9757.6904296875,9853.1796875,-95.4892578125,-0.9691212465519141,1.8870118069436659,,
HSCEI,20200630,9832.580078125,9863.41015625,9720.08984375,9758.6298828125,9757.6904296875,0.939453125,0.009627822605867267,1.4687933946331393,,
HSCEI,20200702,9788.9501953125,10059.3095703125,9788.9501953125,10056.8603515625,9758.6298828125,298.23046875,3.0560690622693034,2.7704644837096812,,
HSCEI,20200703,10146.51953125,10273.1904296875,10134.23046875,10243.2900390625,10056.8603515625,186.4296875,1.8537563512158648,1.3817429702691484,,
HSCEI,20200706,10317.5400390625,10795.4599609375,10317.5400390625,10726.830078125,10243.2900390625,483.5400390625,4.720554013588735,4.665687684840181,,
HSCEI,20200707,10825.0302734375,10934.6796875,10561.6396484375,10600.41015625,10726.830078125,-126.419921875,-1.1785394282771897,3.4776353903771886,,
HSCEI,20200708,10684.8203125,10786.580078125,10622.3896484375,10748.1103515625,10600.41015625,147.7001953125,1.3933441549468346,1.5489063844448825,,
HSCEI,20200709,10820.259765625,10853.740234375,10727.4296875,10781.8896484375,10748.1103515625,33.779296875,0.3142812621949807,1.1751884074826016,,
HSCEI,20200710,10657.33984375,10717.66015625,10472.2197265625,10541.259765625,10781.8896484375,-240.6298828125,-2.231796935960774,2.2764138540693466,,
HSCEI,20200713,10577.419921875,10703.4697265625,10515.3095703125,10575.8798828125,10541.259765625,34.6201171875,0.32842485582601844,1.7849873775389675,,
HSCEI,20200714,10509.1298828125,10518.4599609375,10333.3603515625,10405.26953125,10575.8798828125,-170.6103515625,-1.6132024328280161,1.7502052919097213,,
HSCEI,20200715,10556.9296875,10556.9296875,10314.3896484375,10390.5400390625,10405.26953125,-14.7294921875,-0.141558007154578,2.330934708938417,,
HSCEI,20200716,10419.7099609375,10419.7099609375,10118.2998046875,10133.919921875,10390.5400390625,-256.6201171875,-2.4697476379741077,2.900813192739452,,
HSCEI,20200717,10201.1396484375,10292.580078125,10166.5703125,10203.5703125,10133.919921875,69.650390625,0.68729959543743,1.2434454445707264,,
HSCEI,20200720,10194.7998046875,10373.9501953125,10114.41015625,10295.3203125,10203.5703125,91.75,0.8991950581023647,2.5436198420130207,,
HSCEI,20200721,10451.1904296875,10464.0595703125,10374.91015625,10445.419921875,10295.3203125,150.099609375,1.4579401594019128,0.8659217135212373,,
HSCEI,20200722,10437.7900390625,10537.9501953125,10243.509765625,10243.509765625,10445.419921875,-201.91015625,-1.933001810938743,2.818847225767125,,
HSCEI,20200723,10306.58984375,10364.490234375,10193.2998046875,10325.25,10243.509765625,81.740234375,0.7979709713295976,1.6712087322060063,,
HSCEI,20200724,10239.1103515625,10266.2197265625,10033.7001953125,10080.8603515625,10325.25,-244.3896484375,-2.366912650420087,2.2519506186290887,,
HSCEI,20200727,10166.26953125,10222.91015625,10051.16015625,10075.4501953125,10080.8603515625,-5.41015625,-0.053667604364358086,1.7037236308246182,,
HSCEI,20200728,10218.0302734375,10227.98046875,10112.080078125,10151.8896484375,10075.4501953125,76.439453125,0.7586703486516431,1.150324684041627,,
HSCEI,20200729,10134.900390625,10217.75,10106.4296875,10184.41015625,10151.8896484375,32.5205078125,0.32033945342880377,1.0965477005271975,,
HSCEI,20200730,10221.7998046875,10259.419921875,10068.259765625,10097.080078125,10184.41015625,-87.330078125,-0.8574878346921938,1.876987997509981,,
HSCEI,20200731,10127.580078125,10216.9501953125,10039.9599609375,10039.9599609375,10097.080078125,-57.1201171875,-0.5657092619404782,1.7528853193750902,,
HSCEI,20200803,10030.349609375,10073.33984375,9939.8798828125,10033.2001953125,10039.9599609375,-6.759765625,-0.06732861138192024,1.3292877805962677,,
HSCEI,20200804,10114.8095703125,10269.4296875,10088.169921875,10203.8798828125,10033.2001953125,170.6796875,1.7011490270047773,1.8065997099278888,,
HSCEI,20200805,10226.8603515625,10285.0400390625,10162.2998046875,10256.6396484375,10203.8798828125,52.759765625,0.5170559260881636,1.202878079560155,,
HSCEI,20200806,10291.580078125,10312.9296875,10093.4697265625,10202.41015625,10256.6396484375,-54.2294921875,-0.5287257234952321,2.1396867634999013,,
HSCEI,20200807,10205.349609375,10205.349609375,9908.9501953125,10063.4296875,10202.41015625,-138.98046875,-1.3622317336934402,2.905190141575769,,
HSCEI,20200810,10005.400390625,10063.990234375,9937.5302734375,9990.669921875,10063.4296875,-72.759765625,-0.7230116161627924,1.2566288518374467,,
HSCEI,20200811,10086.73046875,10244.669921875,10086.73046875,10153.400390625,9990.669921875,162.73046875,1.6288243933842181,1.580869494839228,,
HSCEI,20200812,10113.0,10238.5400390625,10036.83984375,10215.91015625,10153.400390625,62.509765625,0.6156535073975564,1.9865285279081188,,
HSCEI,20200813,10286.4697265625,10311.8203125,10212.9404296875,10244.599609375,10215.91015625,28.689453125,0.28083110252734605,0.9679008654163447,,
HSCEI,20200814,10199.5,10349.4599609375,10185.7998046875,10266.4599609375,10244.599609375,21.8603515625,0.21338414770739536,1.5975261356259536,,
HSCEI,20200817,10301.1298828125,10495.9599609375,10279.150390625,10385.900390625,10266.4599609375,119.4404296875,1.1634042322470917,2.111824047796721,,
HSCEI,20200818,10433.01953125,10451.599609375,10381.0400390625,10425.419921875,10385.900390625,39.51953125,0.38051136409581726,0.6793784617479264,,
HSCEI,20200819,10401.2802734375,10407.4296875,10284.759765625,10313.3095703125,10425.419921875,-112.1103515625,-1.0753557401296223,1.1766425025970364,,
HSCEI,20200820,10233.3203125,10233.3203125,10086.6396484375,10155.8095703125,10313.3095703125,-157.5,-1.5271528399901182,1.4222463028233863,,
HSCEI,20200821,10236.66015625,10264.5498046875,10175.3203125,10212.2099609375,10155.8095703125,56.400390625,0.5553510060868986,0.8786054087537835,,
HSCEI,20200824,10304.23046875,10349.23046875,10286.1201171875,10336.9501953125,10212.2099609375,124.740234375,1.2214812939818231,0.6179891698653085,,
HSCEI,20200825,10342.5302734375,10347.7998046875,10229.9501953125,10291.849609375,10336.9501953125,-45.1005859375,-0.43630456842049775,1.1400810408126112,,
HSCEI,20200826,10308.5595703125,10365.8095703125,10264.169921875,10300.3603515625,10291.849609375,8.5107421875,0.08269400069495222,0.9875741707779613,,
HSCEI,20200827,10309.83984375,10309.83984375,10166.8798828125,10201.9404296875,10300.3603515625,-98.419921875,-0.955499793364708,1.3879122288747294,,
HSCEI,20200828,10198.33984375,10336.7802734375,10161.169921875,10182.830078125,10201.9404296875,-19.1103515625,-0.18732075230403375,1.721342648222846,,
HSCEI,20200831,10302.7197265625,10363.509765625,9991.48046875,9991.48046875,10182.830078125,-191.349609375,-1.8791397667143814,3.6534960715312557,,
HSCEI,20200901,9968.009765625,10064.150390625,9940.400390625,10013.3203125,9991.48046875,21.83984375,0.21858466138534433,1.238555190965428,,
HSCEI,20200902,10027.2900390625,10046.0302734375,9937.8095703125,10000.9599609375,10013.3203125,-12.3603515625,-0.12343909089845168,1.0807674152788669,,
HSCEI,20200903,9957.48046875,10068.1201171875,9916.3203125,9940.1298828125,10000.9599609375,-60.830078125,-0.6082423923562806,1.5178523389795686,,
HSCEI,20200904,9823.6103515625,9906.009765625,9774.1396484375,9883.98046875,9940.1298828125,-56.1494140625,-0.5648760602171615,1.3266438038754091,,
HSCEI,20200907,9850.9599609375,9938.0302734375,9733.5302734375,9764.8203125,9883.98046875,-119.16015625,-1.2055887466263868,2.069004493144881,,
HSCEI,20200908,9852.4697265625,9871.580078125,9701.4296875,9830.3896484375,9764.8203125,65.5693359375,0.6714853303912243,1.7424835806470453,,
HSCEI,20200909,9690.9599609375,9773.419921875,9651.5400390625,9728.51953125,9830.3896484375,-101.8701171875,-1.0362775111736475,1.2398275874229696,,
HSCEI,20200910,9791.8798828125,9800.26953125,9675.9599609375,9683.75,9728.51953125,-44.76953125,-0.46018853234750756,1.2777850721601798,,
HSCEI,20200911,9701.7900390625,9782.76953125,9674.7998046875,9752.5,9683.75,68.75,0.7099522395766102,1.1149578062475798,,
HSCEI,20200914,9775.3896484375,9847.1904296875,9775.3896484375,9806.6396484375,9752.5,54.1396484375,0.5551361029223276,0.7362294924378365,,
HSCEI,20200915,9785.490234375,9872.0498046875,9774.5302734375,9829.0703125,9806.6396484375,22.4306640625,0.2287293595627723,0.9944235206555985,,
HSCEI,20200916,9874.8896484375,9879.669921875,9816.2998046875,9845.7900390625,9829.0703125,16.7197265625,0.17010486272782985,0.6447213741762517,,
HSCEI,20200917,9842.5703125,9871.259765625,9688.5595703125,9732.150390625,9845.7900390625,-113.6396484375,-1.154195325988493,1.8556174221433672,,
HSCEI,20200918,9746.6796875,9831.76953125,9706.1201171875,9803.099609375,9732.150390625,70.94921875,0.7290189310919971,1.2910755487660603,,
HSCEI,20200921,9852.650390625,9872.8603515625,9629.0703125,9640.419921875,9803.099609375,-162.6796875,-1.6594719423683557,2.486866896969569,,
HSCEI,20200922,9631.3798828125,9660.1298828125,9551.490234375,9576.8095703125,9640.419921875,-63.6103515625,-0.6598296762795804,1.1269182184791207,,
HSCEI,20200923,9558.7802734375,9607.3095703125,9511.83984375,9558.7802734375,9576.8095703125,-18.029296875,-0.18825994964846823,0.996884462007578,,
HSCEI,20200924,9470.76953125,9487.8203125,9353.8798828125,9371.1904296875,9558.7802734375,-187.58984375,-1.9624872461111558,1.401229297630175,,
HSCEI,20200925,9421.9501953125,9452.419921875,9274.8896484375,9302.58984375,9371.1904296875,-68.6005859375,-0.7320370496386084,1.8944260579220786,,
HSCEI,20200928,9345.6103515625,9403.8798828125,9336.509765625,9383.400390625,9302.58984375,80.810546875,0.868688701021179,0.7242081863123634,,
HSCEI,20200929,9420.76953125,9430.9501953125,9269.8701171875,9281.51953125,9383.400390625,-101.880859375,-1.0857562837965398,1.7166493106905667,,
HSCEI,20200930,9415.3798828125,9535.98046875,9351.9404296875,9397.3701171875,9281.51953125,115.8505859375,1.2481855535340094,1.9828653965857053,,
HSCEI,20201005,9555.16015625,9555.16015625,9401.7998046875,9447.990234375,9397.3701171875,50.6201171875,0.5386625891739367,1.6319496800706896,,
HSCEI,20201006,9514.8896484375,9559.1904296875,9485.7998046875,9536.490234375,9447.990234375,88.5,0.936707149399953,0.7767855721630612,,
HSCEI,20201007,9533.8203125,9641.2900390625,9486.7099609375,9629.2900390625,9536.490234375,92.7998046875,0.9731022882296474,1.6209325897257716,,
HSCEI,20201008,9618.2197265625,9629.3603515625,9545.1298828125,9624.48046875,9629.2900390625,-4.8095703125,-0.049947299260790105,0.8747318692064302,,
HSCEI,20201009,9690.349609375,9690.5595703125,9600.0400390625,9617.849609375,9624.48046875,-6.630859375,-0.06889576426000267,0.9405134286875063,,
HSCEI,20201012,9656.080078125,9908.9296875,9656.080078125,9878.740234375,9617.849609375,260.890625,2.71256710799155,2.6289619784503055,,
HSCEI,20201014,9962.599609375,9962.599609375,9824.8896484375,9920.76953125,9878.740234375,42.029296875,0.4254519896044121,1.3940032602366785,,
HSCEI,20201015,9879.580078125,9921.2197265625,9739.990234375,9762.2802734375,9920.76953125,-158.4892578125,-1.5975500419928679,1.8267684942849933,,
HSCEI,20201016,9793.669921875,9948.4296875,9793.669921875,9914.900390625,9762.2802734375,152.6201171875,1.5633654526675387,1.5852829594135993,,
HSCEI,20201019,10001.4404296875,10104.3603515625,9970.5498046875,9978.16015625,9914.900390625,63.259765625,0.6380272431664069,1.3495904305959956,,
HSCEI,20201020,10000.349609375,10004.169921875,9931.0595703125,9988.330078125,9978.16015625,10.169921875,0.10192181440012152,0.7327037291209043,,
HSCEI,20201021,10034.0,10127.4697265625,10010.400390625,10077.7802734375,9988.330078125,89.4501953125,0.8955470495353465,1.1720611455751584,,
HSCEI,20201022,10034.58984375,10108.3203125,9980.4404296875,10085.1796875,10077.7802734375,7.3994140625,0.07342305410252889,1.2689290631743508,,
HSCEI,20201023,10076.3095703125,10161.73046875,10039.0302734375,10125.58984375,10085.1796875,40.41015625,0.40068851029085845,1.21663866301341,,
HSCEI,20201027,10054.1298828125,10077.51953125,9958.6298828125,10003.099609375,10125.58984375,-122.490234375,-1.209709619539911,1.1741503484943585,,
HSCEI,20201028,10014.58984375,10014.58984375,9916.2802734375,9963.3603515625,10003.099609375,-39.7392578125,-0.39726944011690124,0.9827910762816292,,
HSCEI,20201029,9803.009765625,10005.150390625,9786.7802734375,9955.4599609375,9963.3603515625,-7.900390625,-0.07929443828417813,2.1917315994021456,,
HSCEI,20201030,9907.4697265625,9955.66015625,9726.669921875,9760.240234375,9955.4599609375,-195.2197265625,-1.960931261121925,2.3001472084011687,,
HSCEI,20201102,9820.6396484375,9948.009765625,9820.6396484375,9936.5595703125,9760.240234375,176.3193359375,1.8065061074676578,1.304989571249587,,
HSCEI,20201103,9994.73046875,10137.1103515625,9994.73046875,10071.41015625,9936.5595703125,134.8505859375,1.3571154581550906,1.432889138388391,,
HSCEI,20201104,10014.0400390625,10173.5,9990.7099609375,10099.16015625,10071.41015625,27.75,0.27553241869291983,1.8149398766077087,,
HSCEI,20201105,10381.9697265625,10478.83984375,10299.6201171875,10478.83984375,10099.16015625,379.6796875,3.759517441309515,1.7746003013090892,,
HSCEI,20201106,10491.849609375,10514.08984375,10408.5498046875,10497.7998046875,10478.83984375,18.9599609375,0.18093568773081764,1.0071729374263536,,
HSCEI,20201109,10686.3798828125,10707.3798828125,10597.4599609375,10633.0703125,10497.7998046875,135.2705078125,1.2885605586810556,1.0470758055980294,,
HSCEI,20201110,10705.6298828125,10705.6298828125,10485.7900390625,10586.8896484375,10633.0703125,-46.1806640625,-0.4343116588649945,2.0675104865201654,,
HSCEI,20201111,10513.1396484375,10616.400390625,10508.2900390625,10541.33984375,10586.8896484375,-45.5498046875,-0.43024727941905594,1.0211719886818298,,
HSCEI,20201112,10645.6396484375,10676.2197265625,10536.1396484375,10579.4697265625,10541.33984375,38.1298828125,0.36171761253961804,1.3288640742196922,,
HSCEI,20201113,10555.9697265625,10555.9697265625,10429.6103515625,10545.26953125,10579.4697265625,-34.2001953125,-0.3232694662061516,1.1943828780259378,,
HSCEI,20201116,10645.8095703125,10645.8095703125,10500.990234375,10578.9404296875,10545.26953125,33.6708984375,0.3192986043431056,1.373310900288896,,
HSCEI,20201117,10597.98046875,10637.7197265625,10518.419921875,10550.2001953125,10578.9404296875,-28.740234375,-0.27167403546716995,1.1277103362139274,,
HSCEI,20201118,10571.2802734375,10670.3603515625,10531.2001953125,10640.0498046875,10550.2001953125,89.849609375,0.8516389045861004,1.3190285840436418,,
HSCEI,20201119,10591.990234375,10591.990234375,10522.01953125,10555.3603515625,10640.0498046875,-84.689453125,-0.7959497810592001,0.6576163120418312,,
HSCEI,20201120,10555.8603515625,10601.1796875,10517.26953125,10553.349609375,10555.3603515625,-2.0107421875,-0.01904948879554218,0.7949530234425285,,
HSCEI,20201123,10646.0703125,10676.58984375,10587.5302734375,10666.5302734375,10553.349609375,113.1806640625,1.0724619978661247,0.8438986066886718,,
HSCEI,20201124,10709.98046875,10709.98046875,10590.5302734375,10612.580078125,10666.5302734375,-53.9501953125,-0.5057895485174814,1.1198599005523173,,
HSCEI,20201125,10671.5400390625,10737.900390625,10546.669921875,10557.830078125,10612.580078125,-54.75,-0.5158971672953734,1.8019225046336333,,
HSCEI,20201126,10579.9296875,10701.490234375,10578.6103515625,10701.490234375,10557.830078125,143.66015625,1.3606977493192718,1.1638744126702467,,
HSCEI,20201127,10689.5302734375,10821.9501953125,10664.7900390625,10790.2998046875,10701.490234375,88.8095703125,0.8298804032659732,1.4685819713704447,,
HSCEI,20201130,10781.26953125,10886.5703125,10543.4404296875,10546.4697265625,10790.2998046875,-243.830078125,-2.259715508730127,3.1799846994375285,,
HSCEI,20201201,10587.830078125,10705.33984375,10570.3095703125,10659.6396484375,10546.4697265625,113.169921875,1.0730597518330565,1.2803362351423688,,
HSCEI,20201202,10680.4697265625,10680.4697265625,10534.6298828125,10573.7900390625,10659.6396484375,-85.849609375,-0.8053706523520606,1.3681498489620831,,
HSCEI,20201203,10589.7900390625,10623.6201171875,10531.0,10586.3701171875,10573.7900390625,12.580078125,0.11897416232519956,0.875940574243821,,
HSCEI,20201204,10608.91015625,10641.0,10561.08984375,10624.650390625,10586.3701171875,38.2802734375,0.36159961359512705,0.7548400005424133,,
HSCEI,20201207,10620.5498046875,10620.5498046875,10376.669921875,10473.3203125,10624.650390625,-151.330078125,-1.4243299549746216,2.2954156028295785,,
HSCEI,20201208,10475.23046875,10475.23046875,10406.7099609375,10409.58984375,10473.3203125,-63.73046875,-0.6085030042854426,0.6542386346259282,,
HSCEI,20201209,10462.3095703125,10566.7998046875,10462.3095703125,10488.3203125,10409.58984375,78.73046875,0.7563263291999002,1.0037881986074288,,
HSCEI,20201210,10407.16015625,10454.8603515625,10391.16015625,10415.7197265625,10488.3203125,-72.6005859375,-0.6922041258691775,0.6073441067258595,,
HSCEI,20201211,10505.0595703125,10533.7802734375,10407.3701171875,10452.5,10415.7197265625,36.7802734375,0.35312272606281614,1.21364782817288,,
HSCEI,20201214,10453.9501953125,10494.98046875,10410.849609375,10443.1201171875,10452.5,-9.3798828125,-0.08973817567567569,0.8048874372159771,,
HSCEI,20201215,10431.9501953125,10439.740234375,10339.0400390625,10399.5595703125,10443.1201171875,-43.560546875,-0.4171219557582907,0.9642730733965759,,
HSCEI,20201216,10476.400390625,10517.740234375,10426.3095703125,10461.900390625,10399.5595703125,62.3408203125,0.5994563509253181,0.8791782329273446,,
HSCEI,20201217,10511.3603515625,10545.73046875,10436.3896484375,10545.73046875,10461.900390625,83.830078125,0.8012892017220968,1.0451334483215045,,
HSCEI,20201218,10529.8095703125,10566.2802734375,10424.400390625,10483.33984375,10545.73046875,-62.390625,-0.5916197572551392,1.3453774798524432,,
HSCEI,20201221,10441.9296875,10487.7802734375,10401.830078125,10401.830078125,10483.33984375,-81.509765625,-0.7775171542644859,0.819874167904059,,
HSCEI,20201222,10404.23046875,10479.5400390625,10323.1904296875,10384.1796875,10401.830078125,-17.650390625,-0.1696854350862613,1.5030971300310174,,
HSCEI,20201223,10371.7998046875,10497.2900390625,10371.7998046875,10482.51953125,10384.1796875,98.33984375,0.9470160061692403,1.2084751819737807,,
HSCEI,20201224,10463.1103515625,10509.9599609375,10411.1796875,10430.5302734375,10482.51953125,-51.9892578125,-0.4959614685907528,0.9423333115957555,,
HSCEI,20201228,10372.9404296875,10418.8603515625,10298.1298828125,10311.48046875,10430.5302734375,-119.0498046875,-1.1413590830628575,1.1574720132633478,,
HSCEI,20201229,10403.1298828125,10471.759765625,10403.1298828125,10449.169921875,10311.48046875,137.689453125,1.3353024674030274,0.6655676943819068,,
HSCEI,20201230,10521.669921875,10669.259765625,10511.8798828125,10662.9296875,10449.169921875,213.759765625,2.045710493974271,1.5061472249870327,,
HSCEI,20201231,10684.73046875,10765.509765625,10679.8896484375,10738.400390625,10662.9296875,75.470703125,0.7077858087489147,0.8029699125548135,,
HSCEI,20210104,10661.8095703125,10756.8701171875,10652.349609375,10722.990234375,10738.400390625,-15.41015625,-0.14350513753848856,0.9733340535872557,,
HSCEI,20210105,10647.0302734375,10806.01953125,10614.1298828125,10774.150390625,10722.990234375,51.16015625,0.47710717935743713,1.7895162099686877,,
HSCEI,20210106,10799.3203125,10921.8798828125,10744.7802734375,10899.830078125,10774.150390625,125.6796875,1.1664927900891258,1.6437454736950872,,
HSCEI,20210107,10844.2998046875,10848.150390625,10728.599609375,10796.73046875,10899.830078125,-103.099609375,-0.945882721437207,1.0968132566573483,,
HSCEI,20210108,10794.4599609375,10996.599609375,10785.16015625,10955.5498046875,10796.73046875,158.8193359375,1.4709947274981612,1.9583655786998597,,
HSCEI,20210111,11035.3203125,11171.3095703125,10992.4404296875,11059.509765625,10955.5498046875,103.9599609375,0.9489250908523015,1.6326806396194566,,
HSCEI,20210112,11063.7001953125,11217.6904296875,11025.01953125,11217.6904296875,11059.509765625,158.1806640625,1.4302683158177114,1.742128742779872,,
HSCEI,20210113,11242.4599609375,11304.3701171875,11129.259765625,11184.900390625,11217.6904296875,-32.7900390625,-0.29230650701254424,1.5610196471376343,,
HSCEI,20210114,11282.650390625,11314.759765625,11210.5498046875,11299.169921875,11184.900390625,114.26953125,1.0216410272708272,0.9317021814950366,,
HSCEI,20210115,11249.240234375,11367.7802734375,11195.0302734375,11320.5302734375,11299.169921875,21.3603515625,0.1890435466515706,1.5288733702956263,,
HSCEI,20210118,11266.7802734375,11463.3701171875,11241.6396484375,11462.51953125,11320.5302734375,141.9892578125,1.254263310842105,1.9586579726770266,,
HSCEI,20210119,11575.900390625,11834.3798828125,11575.900390625,11734.330078125,11462.51953125,271.810546875,2.3712984403993316,2.2549971800075315,,
HSCEI,20210120,11867.01953125,11958.7197265625,11795.919921875,11949.349609375,11734.330078125,215.01953125,1.8323971613073753,1.3873804776549579,,
HSCEI,20210121,11962.3896484375,12005.76953125,11831.8603515625,11889.4501953125,11949.349609375,-59.8994140625,-0.5012776094148691,1.4553861538293058,,
HSCEI,20210122,11873.3701171875,11873.3701171875,11662.26953125,11677.4501953125,11889.4501953125,-212.0,-1.7830933854585007,1.7755285776017458,,
HSCEI,20210125,11748.669921875,11989.9296875,11748.2900390625,11960.490234375,11677.4501953125,283.0400390625,2.423817137547,2.069284342008992,,
HSCEI,20210126,11884.349609375,11923.7802734375,11666.01953125,11695.4296875,11960.490234375,-265.060546875,-2.2161344700838748,2.155101815531639,,
HSCEI,20210127,11773.73046875,11814.0,11598.75,11651.240234375,11695.4296875,-44.189453125,-0.37783522543194287,1.8404625204156273,,
HSCEI,20210128,11519.2998046875,11622.490234375,11309.8203125,11334.0302734375,11651.240234375,-317.2099609375,-2.722542446611186,2.6835763024825514,,
HSCEI,20210129,11446.830078125,11519.3203125,11203.0400390625,11208.7802734375,11334.0302734375,-125.25,-1.1050791022989999,2.7905366917780015,,
HSCEI,20210201,11274.0,11497.4404296875,11260.6103515625,11454.1796875,11208.7802734375,245.3994140625,2.189349849635701,2.112897856390659,,
HSCEI,20210202,11655.669921875,11748.23046875,11600.830078125,11609.01953125,11454.1796875,154.83984375,1.3518195800523145,1.2868698994294523,,
HSCEI,20210203,11647.599609375,11668.169921875,11523.83984375,11651.83984375,11609.01953125,42.8203125,0.36885382425908736,1.2432581212951002,,
HSCEI,20210204,11569.3603515625,11666.91015625,11413.7802734375,11563.5,11651.83984375,-88.33984375,-0.7581621866986538,2.1724456069337226,,
HSCEI,20210205,11600.6396484375,11669.4296875,11542.4599609375,11561.3203125,11563.5,-2.1796875,-0.018849721105201712,1.0980215900246466,,
HSCEI,20210208,11693.3798828125,11702.2802734375,11560.009765625,11560.009765625,11561.3203125,-1.310546875,-0.011335615998659324,1.2305731868589294,,
HSCEI,20210209,11576.5302734375,11631.7001953125,11516.2802734375,11602.759765625,11560.009765625,42.75,0.36980937617476733,0.9984413872920267,,
HSCEI,20210210,11726.650390625,11826.8203125,11705.5400390625,11810.25,11602.759765625,207.490234375,1.7882834650228858,1.045270917327892,,
HSCEI,20210211,11786.9404296875,11886.169921875,11709.48046875,11880.490234375,11810.25,70.240234375,0.5947396064858915,1.4960686956245635,,
HSCEI,20210216,12062.6298828125,12092.759765625,11991.009765625,12036.150390625,11880.490234375,155.66015625,1.3102166087356653,0.8564461397863586,,
HSCEI,20210217,11992.1396484375,12260.0302734375,11939.48046875,12228.6298828125,12036.150390625,192.4794921875,1.599178191869578,2.6632253194275255,,
HSCEI,20210218,12268.240234375,12271.599609375,12030.330078125,12041.5302734375,12228.6298828125,-187.099609375,-1.5300128564523074,1.972989072055468,,
HSCEI,20210219,12018.169921875,12146.7099609375,11852.1396484375,12106.76953125,12041.5302734375,65.2392578125,0.5417854403141081,2.446286359050185,,
HSCEI,20210222,12244.26953125,12244.26953125,11891.83984375,11893.6796875,12106.76953125,-213.08984375,-1.7600883803063434,2.9110134341808385,,
HSCEI,20210223,11822.990234375,12018.6796875,11771.849609375,11909.6298828125,11893.6796875,15.9501953125,0.134106481186502,2.0753045702450947,,
HSCEI,20210224,11968.08984375,11978.76953125,11404.8798828125,11509.73046875,11909.6298828125,-399.8994140625,-3.357782046943531,4.818702630429469,,
HSCEI,20210225,11684.8203125,11861.83984375,11583.76953125,11717.41015625,11509.73046875,207.6796875,1.8043835871210876,2.4159585079336745,,
HSCEI,20210226,11398.58984375,11532.8095703125,11247.1298828125,11247.2099609375,11717.41015625,-470.2001953125,-4.012833800664542,2.4380787536708364,,
HSCEI,20210301,11465.7001953125,11499.7900390625,11348.66015625,11453.6796875,11247.2099609375,206.4697265625,1.8357417286561433,1.343709980852022,,
HSCEI,20210302,11599.0302734375,11634.2998046875,11307.740234375,11361.349609375,11453.6796875,-92.330078125,-0.8061171662218268,2.851132380355385,,
HSCEI,20210303,11404.490234375,11679.099609375,11359.3203125,11666.240234375,11361.349609375,304.890625,2.6835775280466203,2.81462421164409,,
HSCEI,20210304,11485.6396484375,11536.6796875,11312.5498046875,11325.580078125,11666.240234375,-340.66015625,-2.9200509282007796,1.921183503080051,,
HSCEI,20210305,11129.7197265625,11414.2998046875,11052.2099609375,11292.2197265625,11325.580078125,-33.3603515625,-0.2945575531882421,3.1970975548472356,,
HSCEI,20210308,11393.9697265625,11433.3203125,10989.2001953125,11014.7900390625,11292.2197265625,-277.4296875,-2.4568215480912645,3.932974454462692,,
HSCEI,20210309,11041.849609375,11137.240234375,10861.509765625,10973.150390625,11014.7900390625,-41.6396484375,-0.3780339733197862,2.503274849290438,,
HSCEI,20210310,11221.75,11221.75,10994.599609375,11059.669921875,10973.150390625,86.51953125,0.7884657383709847,2.0700562968595397,,
HSCEI,20210311,11099.58984375,11352.33984375,11098.6904296875,11340.400390625,11059.669921875,280.73046875,2.538325924128542,2.2934627873550277,,
HSCEI,20210312,11475.740234375,11475.740234375,11154.66015625,11172.9501953125,11340.400390625,-167.4501953125,-1.4765809807820318,2.831294020186746,,
HSCEI,20210315,11272.4697265625,11344.4599609375,11074.2802734375,11144.080078125,11172.9501953125,-28.8701171875,-0.2583929641037169,2.4181588817369937,,
HSCEI,20210316,11281.1904296875,11386.8603515625,11246.7197265625,11329.4296875,11144.080078125,185.349609375,1.663211391838681,1.257534260500206,,
HSCEI,20210317,11332.6298828125,11433.5302734375,11243.75,11358.66015625,11329.4296875,29.23046875,0.2580047677267515,1.6751087978143206,,
HSCEI,20210318,11475.98046875,11576.919921875,11440.9599609375,11470.4296875,11358.66015625,111.76953125,0.9840027759656127,1.1969718176900404,,
HSCEI,20210319,11336.91015625,11389.26953125,11171.1904296875,11283.919921875,11470.4296875,-186.509765625,-1.6260050469447593,1.9012287028807089,,
HSCEI,20210322,11245.91015625,11413.3896484375,11245.91015625,11306.7099609375,11283.919921875,22.7900390625,0.20196916692327144,1.4842314846884401,,
HSCEI,20210323,11362.349609375,11378.0,11047.5,11111.1796875,11306.7099609375,-195.5302734375,-1.7293295230267631,2.923043052681228,,
HSCEI,20210324,11083.51953125,11113.91015625,10794.919921875,10847.98046875,11111.1796875,-263.19921875,-2.368778348946128,2.8708943905736835,,
HSCEI,20210325,10680.169921875,10793.919921875,10605.33984375,10744.26953125,10847.98046875,-103.7109375,-0.9560391245058215,1.738388805808109,,
HSCEI,20210326,10792.330078125,11005.4599609375,10786.400390625,10966.0595703125,10744.26953125,221.7900390625,2.0642635445566366,2.038850288289579,,
HSCEI,20210329,10937.3701171875,11018.2802734375,10849.5,10942.9404296875,10966.0595703125,-23.119140625,-0.2108245033392717,1.5391150518133678,,
HSCEI,20210330,11040.759765625,11075.1796875,10953.01953125,11020.8701171875,10942.9404296875,77.9296875,0.7121457710633398,1.1163375788703673,,
HSCEI,20210331,11120.419921875,11120.419921875,10934.150390625,10972.0400390625,11020.8701171875,-48.830078125,-0.4430691733572605,1.6901526764162207,,
HSCEI,20210401,11085.5400390625,11217.41015625,11051.6298828125,11217.41015625,10972.0400390625,245.3701171875,2.236321744305861,1.5109339088017493,,
HSCEI,20210407,11281.1396484375,11281.1396484375,11039.4599609375,11070.580078125,11217.41015625,-146.830078125,-1.308948109053414,2.154505221201557,,
HSCEI,20210408,11008.6201171875,11129.4296875,10989.3203125,11109.48046875,11070.580078125,38.900390625,0.3513852964386711,1.2656010255221424,,
HSCEI,20210409,11144.2001953125,11144.2001953125,10925.259765625,10977.3701171875,11109.48046875,-132.1103515625,-1.189167683710457,1.9707530906000539,,
HSCEI,20210412,11024.3603515625,11024.3603515625,10813.919921875,10874.830078125,10977.3701171875,-102.5400390625,-0.9341038697597606,1.9170386662831835,,
HSCEI,20210413,10903.8603515625,11005.01953125,10832.7197265625,10850.5302734375,10874.830078125,-24.2998046875,-0.2234499712908589,1.5843907762208211,,
HSCEI,20210414,10990.3095703125,11056.2001953125,10938.3203125,10999.2998046875,10850.5302734375,148.76953125,1.3710807444516635,1.0863974371932248,,
HSCEI,20210415,10984.5498046875,10984.5498046875,10792.6298828125,10905.8896484375,10999.2998046875,-93.41015625,-0.8492372960885384,1.744837628602602,,
HSCEI,20210416,10916.669921875,11049.6396484375,10891.0703125,11027.509765625,10905.8896484375,121.6201171875,1.1151783220631126,1.453978914597017,,
HSCEI,20210419,11008.2900390625,11153.099609375,10930.330078125,11092.9501953125,11027.509765625,65.4404296875,0.5934288980771631,2.0201254497585497,,
HSCEI,20210420,11014.1796875,11124.900390625,10994.3701171875,11085.8701171875,11092.9501953125,-7.080078125,-0.06382502400481162,1.1766957494558807,,
HSCEI,20210421,10925.4599609375,10965.08984375,10850.6103515625,10888.51953125,11085.8701171875,-197.3505859375,-1.7801993334878445,1.0326613155065865,,
HSCEI,20210422,10923.2197265625,10976.4296875,10871.0595703125,10939.1201171875,10888.51953125,50.6005859375,0.4647150220218328,0.9677175752414116,,
HSCEI,20210423,10961.509765625,11084.2197265625,10935.8896484375,11067.83984375,10939.1201171875,128.7197265625,1.1766917739595535,1.3559598627310472,,
HSCEI,20210426,11087.650390625,11118.2001953125,10955.7099609375,10981.3095703125,11067.83984375,-86.5302734375,-0.7818171807605581,1.4681296139892925,,
HSCEI,20210427,10961.080078125,11030.6396484375,10907.6298828125,10983.4599609375,10981.3095703125,2.150390625,0.01958227851816043,1.120173917667813,,
HSCEI,20210428,10985.509765625,11024.6904296875,10958.98046875,11014.6904296875,10983.4599609375,31.23046875,0.28434089859726047,0.5982628531555304,,
HSCEI,20210429,11095.330078125,11119.7099609375,11020.1396484375,11049.8798828125,11014.6904296875,35.189453125,0.3194774592135166,0.9039774030474038,,
HSCEI,20210430,10971.6796875,10980.08984375,10810.7998046875,10825.25,11049.8798828125,-224.6298828125,-2.032871716206615,1.5320532065314272,,
HSCEI,20210503,10805.08984375,10814.2900390625,10672.0400390625,10713.0,10825.25,-112.25,-1.0369275536361748,1.3140574120690054,,
HSCEI,20210504,10715.509765625,10775.1796875,10689.8701171875,10765.7197265625,10713.0,52.7197265625,0.4921098344301316,0.7963182144357323,,
HSCEI,20210505,10707.509765625,10825.0400390625,10682.9599609375,10721.8701171875,10765.7197265625,-43.849609375,-0.407307736860443,1.3197452816316837,,
HSCEI,20210506,10802.150390625,10838.6201171875,10680.3603515625,10756.3701171875,10721.8701171875,34.5,0.3217722246485284,1.4760462857249552,,
HSCEI,20210507,10796.1298828125,10829.259765625,10666.099609375,10699.0,10756.3701171875,-57.3701171875,-0.5333594564194928,1.5168700451213366,,
HSCEI,20210510,10766.3896484375,10777.349609375,10604.849609375,10651.0703125,10699.0,-47.9296875,-0.4479828722310496,1.6123002149733618,,
HSCEI,20210511,10496.900390625,10496.900390625,10357.1201171875,10431.5498046875,10651.0703125,-219.5205078125,-2.0610182955498164,1.3123589398659319,,
HSCEI,20210512,10495.919921875,10557.75,10449.900390625,10556.5703125,10431.5498046875,125.0205078125,1.198484502813964,1.0338790629800465,,
HSCEI,20210513,10415.4599609375,10472.4599609375,10339.990234375,10339.990234375,10556.5703125,-216.580078125,-2.051614034802082,1.2548557215182192,,
HSCEI,20210514,10358.16015625,10424.5302734375,10279.4697265625,10404.9501953125,10339.990234375,64.9599609375,0.6282400608227122,1.4029079678697411,,
HSCEI,20210517,10451.740234375,10524.8203125,10440.23046875,10503.83984375,10404.9501953125,98.8896484375,0.9504096279293144,0.8129769211976459,,
HSCEI,20210518,10601.51953125,10658.58984375,10593.669921875,10654.2998046875,10503.83984375,150.4599609375,1.432428170799146,0.618058946449271,,
HSCEI,20210520,10578.1201171875,10656.330078125,10559.75,10642.7998046875,10654.2998046875,-11.5,-0.10793764218030005,0.9064892099479716,,
HSCEI,20210521,10720.7099609375,10732.1396484375,10637.8203125,10702.5703125,10642.7998046875,59.7705078125,0.5616051124646239,0.8862267229339231,,
HSCEI,20210524,10649.1103515625,10670.3203125,10554.259765625,10641.400390625,10702.5703125,-61.169921875,-0.5715442187149845,1.0844175136083696,,
HSCEI,20210525,10661.8701171875,10796.2099609375,10641.330078125,10792.6298828125,10641.400390625,151.2294921875,1.4211427691484302,1.455446436814351,,
HSCEI,20210526,10838.669921875,10881.6103515625,10810.8798828125,10855.580078125,10792.6298828125,62.9501953125,0.583270213062245,0.6553589766164392,,
HSCEI,20210527,10812.7099609375,10848.5703125,10775.4501953125,10848.349609375,10855.580078125,-7.23046875,-0.06660600997794733,0.6735717175984341,,
HSCEI,20210528,10875.26953125,10914.8896484375,10765.8203125,10793.5498046875,10848.349609375,-54.7998046875,-0.5051441616533332,1.3741199473206158,,
HSCEI,20210531,10862.8798828125,10889.1201171875,10760.7099609375,10889.1201171875,10793.5498046875,95.5703125,0.8854391208580429,1.1896934611283594,,
HSCEI,20210601,10888.6396484375,10990.98046875,10852.349609375,10990.75,10889.1201171875,101.6298828125,0.9333158392851809,1.2731135103945048,,
HSCEI,20210602,11009.25,11036.9697265625,10916.51953125,10951.83984375,10990.75,-38.91015625,-0.35402639719764345,1.0959233474740122,,
HSCEI,20210603,10953.6298828125,10990.6298828125,10806.080078125,10826.7802734375,10951.83984375,-125.0595703125,-1.1419046671310578,1.6851032093280558,,
HSCEI,20210604,10764.08984375,10849.0703125,10741.099609375,10805.6396484375,10826.7802734375,-21.140625,-0.19526234453899985,0.9972558821563609,,
HSCEI,20210607,10831.98046875,10842.7001953125,10692.4404296875,10748.2001953125,10805.6396484375,-57.439453125,-0.531569208244935,1.3905679859195343,,
HSCEI,20210608,10795.3701171875,10823.01953125,10672.3095703125,10729.51953125,10748.2001953125,-18.6806640625,-0.17380271787872914,1.4021878844723004,,
HSCEI,20210609,10715.6298828125,10750.3603515625,10681.6298828125,10704.75,10729.51953125,-24.76953125,-0.230854058076488,0.6405735927859654,,
HSCEI,20210610,10730.8798828125,10800.2802734375,10681.58984375,10716.2802734375,10704.75,11.5302734375,0.10771174887316379,1.1087641438380158,,
HSCEI,20210611,10766.9599609375,10791.4404296875,10698.0595703125,10750.9501953125,10716.2802734375,34.669921875,0.3235257103244725,0.8713924700762411,,
HSCEI,20210615,10784.9599609375,10785.6298828125,10569.599609375,10668.9296875,10750.9501953125,-82.0205078125,-0.762914033852204,2.009406327002528,,
HSCEI,20210616,10632.259765625,10649.419921875,10547.1396484375,10562.9697265625,10668.9296875,-105.9599609375,-0.9931639259151317,0.9586741728866606,,
HSCEI,20210617,10481.0,10591.98046875,10471.5302734375,10589.669921875,10562.9697265625,26.7001953125,0.2527716731532187,1.1403061679671973,,
HSCEI,20210618,10624.2900390625,10694.7197265625,10585.150390625,10646.3896484375,10589.669921875,56.7197265625,0.5356137347145683,1.0346813143926559,,
HSCEI,20210621,10546.4501953125,10601.48046875,10483.6298828125,10547.8603515625,10646.3896484375,-98.529296875,-0.9254714520941895,1.1069535291223926,,
HSCEI,20210622,10568.330078125,10568.4501953125,10469.7998046875,10469.7998046875,10547.8603515625,-78.060546875,-0.740060488793223,0.9352644739023919,,
HSCEI,20210623,10522.3203125,10693.08984375,10522.3203125,10673.91015625,10469.7998046875,204.1103515625,1.949515323789825,1.6310677800500415,,
HSCEI,20210624,10688.490234375,10730.98046875,10649.1298828125,10677.3095703125,10673.91015625,3.3994140625,0.03184787966862835,0.7668285074478842,,
HSCEI,20210625,10726.8095703125,10890.66015625,10720.33984375,10878.4501953125,10677.3095703125,201.140625,1.8838137423612518,1.5951613220390606,,
HSCEI,20210628,10904.1201171875,10905.3603515625,10823.740234375,10863.5703125,10878.4501953125,-14.8798828125,-0.13678311290069342,0.7502917761453733,,
HSCEI,20210629,10874.23046875,10875.7099609375,10720.830078125,10757.2998046875,10863.5703125,-106.2705078125,-0.978228195294336,1.425681229625677,,
HSCEI,20210630,10807.099609375,10812.73046875,10660.5,10663.3896484375,10757.2998046875,-93.91015625,-0.8729900435523661,1.4151364330634857,,
HSCEI,20210702,10662.2001953125,10662.2001953125,10389.9501953125,10415.580078125,10663.3896484375,-247.8095703125,-2.3239286801154395,2.5531281231938534,,
HSCEI,20210705,10339.849609375,10394.5302734375,10249.9501953125,10274.1796875,10415.580078125,-141.400390625,-1.3575853631231907,1.3881135475944333,,
HSCEI,20210706,10271.9296875,10296.76953125,10188.91015625,10269.599609375,10274.1796875,-4.580078125,-0.0445785285473673,1.0498100897653782,,
HSCEI,20210707,10142.7099609375,10159.9296875,10082.1396484375,10149.83984375,10269.599609375,-119.759765625,-1.166158079967136,0.7574787919821758,,
HSCEI,20210708,10092.91015625,10106.66015625,9804.259765625,9822.5595703125,10149.83984375,-327.2802734375,-3.2244870704933386,2.97936120451408,,
HSCEI,20210709,9810.5302734375,9917.7802734375,9682.349609375,9885.419921875,9822.5595703125,62.8603515625,0.6399589751788101,2.3968362052398313,,
HSCEI,20210712,10010.23046875,10046.2197265625,9912.490234375,9945.73046875,9885.419921875,60.310546875,0.610095952945221,1.3527952605389684,,
HSCEI,20210713,9995.7099609375,10163.2099609375,9964.0,10113.3203125,9945.73046875,167.58984375,1.6850430873486464,2.002969631676909,,
HSCEI,20210714,10109.3798828125,10110.599609375,10027.1396484375,10065.0703125,10113.3203125,-48.25,-0.4770935608591701,0.8252478746702407,,
HSCEI,20210715,10057.7001953125,10226.2900390625,10044.76953125,10174.26953125,10065.0703125,109.19921875,1.0849324978324635,1.8034698434949457,,
HSCEI,20210716,10175.7197265625,10224.740234375,10120.7900390625,10152.9501953125,10174.26953125,-21.3193359375,-0.20954168623131342,1.0216968893267444,,
HSCEI,20210719,10058.9404296875,10058.9404296875,9913.2099609375,9958.5595703125,10152.9501953125,-194.390625,-1.9146220680738482,1.4353509664341906,,
HSCEI,20210720,9939.9697265625,9978.7197265625,9798.7802734375,9864.5703125,9958.5595703125,-93.9892578125,-0.9438037413833598,1.8068823292619365,,
HSCEI,20210721,9914.2802734375,9937.23046875,9756.580078125,9831.01953125,9864.5703125,-33.55078125,-0.3401139653035445,1.8313052155559868,,
HSCEI,20210722,9919.0302734375,10014.33984375,9913.3203125,10006.5703125,9831.01953125,175.55078125,1.7856823566668165,1.0275590535537826,,
HSCEI,20210723,10023.66015625,10027.0302734375,9810.080078125,9839.0498046875,10006.5703125,-167.5205078125,-1.6741051387330668,2.1680774584823563,,
HSCEI,20210726,9646.3095703125,9646.3095703125,9343.6396484375,9355.240234375,9839.0498046875,-483.8095703125,-4.91723875695806,3.076210893157616,,
HSCEI,20210727,9268.2802734375,9376.08984375,8721.0,8879.580078125,9355.240234375,-475.66015625,-5.084424817892211,7.002383983074326,,
HSCEI,20210728,9012.650390625,9095.919921875,8838.48046875,9071.099609375,8879.580078125,191.51953125,2.1568534724047557,2.8992300408350005,,
HSCEI,20210729,9375.4599609375,9440.83984375,9259.08984375,9415.6904296875,9071.099609375,344.5908203125,3.798776721141554,2.003615965281221,,
HSCEI,20210730,9287.150390625,9301.740234375,9091.509765625,9233.2197265625,9415.6904296875,-182.470703125,-1.9379428889215942,2.232767424969147,,
HSCEI,20210802,9258.26953125,9361.51953125,9112.9404296875,9336.599609375,9233.2197265625,103.3798828125,1.1196514961632784,2.6922255607908645,,
HSCEI,20210803,9396.7802734375,9396.7802734375,9148.0,9320.3798828125,9336.599609375,-16.2197265625,-0.1737219891727344,2.664570441552367,,
HSCEI,20210804,9299.1298828125,9508.8896484375,9232.25,9419.25,9320.3798828125,98.8701171875,1.0607949292906411,2.96811559094973,,
HSCEI,20210805,9402.599609375,9465.8798828125,9267.1796875,9296.4296875,9419.25,-122.8203125,-1.3039287894471427,2.1095118540488893,,
HSCEI,20210806,9305.5498046875,9308.2001953125,9191.8896484375,9273.5498046875,9296.4296875,-22.8798828125,-0.24611472986521202,1.2511313567120441,,
HSCEI,20210809,9162.6201171875,9405.4296875,9136.6201171875,9313.9697265625,9273.5498046875,40.419921875,0.43586245533041673,2.8986696138368164,,
HSCEI,20210810,9394.1298828125,9500.6396484375,9297.7197265625,9499.1796875,9313.9697265625,185.2099609375,1.9885179614584736,2.178662029534978,,
HSCEI,20210811,9449.0400390625,9617.5498046875,9435.830078125,9548.1298828125,9499.1796875,48.9501953125,0.5153097101312202,1.913004412387583,,
HSCEI,20210812,9524.4296875,9558.3603515625,9411.669921875,9465.4599609375,9548.1298828125,-82.669921875,-0.8658231809750866,1.5363262909897788,,
HSCEI,20210813,9374.7802734375,9450.9599609375,9308.6201171875,9377.7900390625,9465.4599609375,-87.669921875,-0.9262087868608637,1.5037815841746167,,
HSCEI,20210816,9374.5400390625,9397.9404296875,9225.3095703125,9265.240234375,9377.7900390625,-112.5498046875,-1.2001740731950918,1.8408479893015175,,
HSCEI,20210817,9228.400390625,9279.0400390625,9003.3095703125,9057.8798828125,9265.240234375,-207.3603515625,-2.2380461414607646,2.975966750727212,,
HSCEI,20210818,9072.7197265625,9212.66015625,9044.91015625,9150.3603515625,9057.8798828125,92.48046875,1.0209946471633329,1.8519786326412744,,
HSCEI,20210819,9141.2001953125,9169.8896484375,8870.33984375,8916.01953125,9150.3603515625,-234.3408203125,-2.561001002244511,3.273639432531741,,
HSCEI,20210820,8894.9404296875,8903.2998046875,8644.6396484375,8742.4404296875,8916.01953125,-173.5791015625,-1.9468228053350252,2.901072113440476,,
HSCEI,20210823,8863.1904296875,8994.8701171875,8787.3798828125,8815.5595703125,8742.4404296875,73.119140625,0.8363699039538511,2.3733674372021634,,
HSCEI,20210824,8938.3896484375,9098.6796875,8920.5400390625,9098.6796875,8815.5595703125,283.1201171875,3.21159553093989,2.020741247525654,,
HSCEI,20210825,9190.740234375,9223.9404296875,9019.8095703125,9076.0302734375,9098.6796875,-22.6494140625,-0.2489307772161311,2.243521767838912,,
HSCEI,20210826,9082.91015625,9086.009765625,8877.0595703125,8937.2900390625,9076.0302734375,-138.740234375,-1.5286444645413555,2.3022201228661303,,
HSCEI,20210827,8922.0595703125,9069.669921875,8913.759765625,8957.8095703125,8937.2900390625,20.51953125,0.22959455450494085,1.7444902824968027,,
HSCEI,20210830,8957.900390625,9005.5498046875,8893.8798828125,8995.8203125,8957.8095703125,38.0107421875,0.4243307684668046,1.2466208507612238,,
HSCEI,20210831,8995.91015625,9183.759765625,8847.1201171875,9183.759765625,8995.8203125,187.939453125,2.0891863843017373,3.7421784422453133,,
HSCEI,20210901,9179.7802734375,9342.5498046875,9135.5,9271.3203125,9183.759765625,87.560546875,0.9534281068930059,2.254521132646475,,
HSCEI,20210902,9381.2099609375,9434.080078125,9288.1298828125,9341.2998046875,9271.3203125,69.9794921875,0.754795323953489,1.5742115512471677,,
HSCEI,20210903,9319.6298828125,9327.9296875,9223.91015625,9291.7099609375,9341.2998046875,-49.58984375,-0.5308666329830847,1.1135445112017772,,
HSCEI,20210906,9260.76953125,9377.5703125,9260.76953125,9371.150390625,9291.7099609375,79.4404296875,0.8549602820306366,1.2570429096585278,,
HSCEI,20210907,9386.3896484375,9504.5498046875,9370.76953125,9468.2197265625,9371.150390625,97.0693359375,1.0358315883459646,1.4275757816386687,,
HSCEI,20210908,9494.400390625,9551.3798828125,9403.8603515625,9449.3896484375,9468.2197265625,-18.830078125,-0.19887664913577566,1.5580493008220242,,
HSCEI,20210909,9339.919921875,9343.9501953125,9149.0703125,9183.580078125,9449.3896484375,-265.8095703125,-2.8129813691877215,2.0623541843755406,,
HSCEI,20210910,9241.9501953125,9394.599609375,9241.9501953125,9386.83984375,9183.580078125,203.259765625,2.2132955110737087,1.6621994120365555,,
HSCEI,20210913,9258.1796875,9258.1796875,9140.6904296875,9238.990234375,9386.83984375,-147.849609375,-1.5750733136609556,1.2516380354643781,,
HSCEI,20210914,9245.990234375,9278.4501953125,9029.25,9081.73046875,9238.990234375,-157.259765625,-1.7021315277495614,2.697266573410962,,
HSCEI,20210915,9013.2099609375,9082.26953125,8909.7802734375,8936.5302734375,9081.73046875,-145.2001953125,-1.59881639090843,1.8992994606703104,,
HSCEI,20210916,8944.259765625,8944.259765625,8733.240234375,8805.7998046875,8936.5302734375,-130.73046875,-1.46287725492943,2.3613138969295946,,
HSCEI,20210917,8791.9404296875,8940.4697265625,8726.7998046875,8940.4697265625,8805.7998046875,134.669921875,1.5293320863746251,2.4264680848326723,,
HSCEI,20210920,8828.169921875,8828.169921875,8523.4296875,8638.5498046875,8940.4697265625,-301.919921875,-3.3770028992770214,3.4085483614983265,,
HSCEI,20210921,8527.9296875,8676.4501953125,8492.41015625,8640.3701171875,8638.5498046875,1.8203125,0.021071968572922407,2.1304506337699776,,
HSCEI,20210923,8792.25,8912.8701171875,8679.3095703125,8733.73046875,8640.3701171875,93.3603515625,1.0805133379273506,2.7031312745550022,,
HSCEI,20210924,8714.0,8776.33984375,8557.419921875,8604.990234375,8733.73046875,-128.740234375,-1.4740577904899066,2.506602678641313,,
HSCEI,20210927,8587.0,8715.259765625,8555.26953125,8583.8203125,8604.990234375,-21.169921875,-0.24601912725514696,1.859272701273675,,
HSCEI,20210928,8616.150390625,8797.1796875,8597.849609375,8720.2998046875,8583.8203125,136.4794921875,1.5899621289690178,2.3221604235439313,,
HSCEI,20210929,8630.830078125,8766.6904296875,8536.08984375,8760.4404296875,8720.2998046875,40.140625,0.4603124422215719,2.6444112140908644,,
HSCEI,20210930,8663.4697265625,8760.98046875,8609.83984375,8726.3798828125,8760.4404296875,-34.060546875,-0.3887994804413618,1.7252628587920376,,
HSCEI,20211004,8668.7802734375,8668.7802734375,8476.66015625,8521.1904296875,8726.3798828125,-205.189453125,-2.3513697074905213,2.201601577830691,,
HSCEI,20211005,8405.66015625,8545.6298828125,8359.2001953125,8515.5498046875,8521.1904296875,-5.640625,-0.06619526985746357,2.1878361836684945,,
HSCEI,20211006,8565.990234375,8567.8603515625,8372.919921875,8412.7197265625,8515.5498046875,-102.830078125,-1.2075565346161887,2.2892289301178463,,
HSCEI,20211007,8551.3203125,8734.849609375,8543.6103515625,8713.0498046875,8412.7197265625,300.330078125,3.569952261415906,2.273215607179651,,
HSCEI,20211008,8838.7998046875,8838.7998046875,8676.51953125,8775.650390625,8713.0498046875,62.6005859375,0.7184692770127603,1.8624967959002765,,
HSCEI,20211011,8898.669921875,9043.5703125,8898.669921875,8999.259765625,8775.650390625,223.609375,2.5480661266871025,1.651164120892927,,
HSCEI,20211012,8855.2802734375,8946.509765625,8814.4599609375,8849.169921875,8999.259765625,-150.08984375,-1.6678021043831512,1.4673407383115928,,
HSCEI,20211015,8916.580078125,8966.169921875,8832.25,8966.169921875,8849.169921875,117.0,1.322157908967009,1.5133614006433778,,
HSCEI,20211018,8992.83984375,8992.83984375,8851.8701171875,8971.400390625,8966.169921875,5.23046875,0.05833559697813766,1.5722401849486751,,
HSCEI,20211019,8989.7802734375,9136.0703125,8983.4599609375,9136.0703125,8971.400390625,164.669921875,1.8354985253704426,1.7010761410445563,,
HSCEI,20211020,9229.900390625,9311.259765625,9195.66015625,9276.6904296875,9136.0703125,140.6201171875,1.5391750761276772,1.265309979246069,,
HSCEI,20211021,9283.330078125,9361.3701171875,9198.349609375,9273.5703125,9276.6904296875,-3.1201171875,-0.0336339474853545,1.7573132255313557,,
HSCEI,20211022,9323.66015625,9397.9501953125,9288.330078125,9356.849609375,9273.5703125,83.279296875,0.8980284191380578,1.182070265211029,,
HSCEI,20211025,9301.23046875,9370.01953125,9257.8603515625,9322.080078125,9356.849609375,-34.76953125,-0.371594422284644,1.198685287996114,,
HSCEI,20211026,9356.1201171875,9356.1201171875,9206.8603515625,9259.4296875,9322.080078125,-62.650390625,-0.6720644974077632,1.6011422812731448,,
HSCEI,20211027,9149.4296875,9149.4296875,9062.599609375,9093.7998046875,9259.4296875,-165.6298828125,-1.7887698098306877,0.9377475833335442,,
HSCEI,20211028,9102.8701171875,9144.6904296875,9012.7197265625,9052.7001953125,9093.7998046875,-41.099609375,-0.45195199210141784,1.4512162787768237,,
HSCEI,20211029,9020.2001953125,9043.599609375,8952.66015625,8961.73046875,9052.7001953125,-90.9697265625,-1.0048905254766334,1.0045561121320308,,
HSCEI,20211101,8926.6904296875,8926.6904296875,8827.6103515625,8899.3203125,8961.73046875,-62.41015625,-0.6964074234058626,1.1055909176302183,,
HSCEI,20211102,9070.8203125,9091.3798828125,8835.7001953125,8863.830078125,8899.3203125,-35.490234375,-0.39879713426148244,2.8730248886633722,,
HSCEI,20211103,8845.58984375,8919.7197265625,8772.76953125,8856.990234375,8863.830078125,-6.83984375,-0.07716578149303668,1.6578634068714564,,
HSCEI,20211104,8897.259765625,8953.1201171875,8874.5595703125,8953.1201171875,8856.990234375,96.1298828125,1.085356089017789,0.8869892005762573,,
HSCEI,20211105,8870.0498046875,8915.990234375,8769.9296875,8820.830078125,8953.1201171875,-132.2900390625,-1.4775858843727554,1.6313926872778617,,
HSCEI,20211108,8781.23046875,8816.98046875,8741.0,8793.73046875,8820.830078125,-27.099609375,-0.3072228932536067,0.8613754950163465,,
HSCEI,20211109,8872.580078125,8876.73046875,8762.0400390625,8806.01953125,8793.73046875,12.2890625,0.1397480005063977,1.3042295314266423,,
HSCEI,20211110,8802.9501953125,8918.5595703125,8679.5498046875,8910.98046875,8806.01953125,104.9609375,1.191922606207313,2.7141634739376164,,
HSCEI,20211111,8841.58984375,9075.8203125,8835.2099609375,9048.3896484375,8910.98046875,137.4091796875,1.5420208827679684,2.700155750607901,,
HSCEI,20211112,9186.0703125,9186.0703125,9045.7802734375,9114.3701171875,9048.3896484375,65.98046875,0.7291957056844217,1.5504420622151884,,
HSCEI,20211115,9145.490234375,9160.669921875,9028.080078125,9085.599609375,9114.3701171875,-28.7705078125,-0.3156609556402123,1.4547340303853538,,
HSCEI,20211116,9100.5595703125,9228.169921875,9085.6396484375,9225.8095703125,9085.599609375,140.2099609375,1.5432108717714565,1.5687492247669572,,
HSCEI,20211117,9182.3095703125,9201.0595703125,9139.349609375,9193.2099609375,9225.8095703125,-32.599609375,-0.3533522898619267,0.6688839658697804,,
HSCEI,20211118,9075.8603515625,9080.259765625,9001.900390625,9036.0400390625,9193.2099609375,-157.169921875,-1.7096305049359735,0.8523614203630036,,
HSCEI,20211119,8908.5,8985.26953125,8865.2197265625,8970.669921875,9036.0400390625,-65.3701171875,-0.7234376663328976,1.3285665420751647,,
HSCEI,20211122,8981.3798828125,9001.48046875,8899.48046875,8929.7802734375,8970.669921875,-40.8896484375,-0.4558148810914388,1.1370388264010556,,
HSCEI,20211123,8833.4697265625,8881.7197265625,8806.9599609375,8827.669921875,8929.7802734375,-102.1103515625,-1.1434811208763689,0.8371960265067236,,
HSCEI,20211124,8825.51953125,8858.66015625,8759.759765625,8794.8203125,8827.669921875,-32.849609375,-0.3721209522526272,1.1203453629357443,,
HSCEI,20211125,8789.75,8822.2998046875,8726.2998046875,8809.7197265625,8794.8203125,14.8994140625,0.16941123903718186,1.0915515790988481,,
HSCEI,20211126,8719.75,8719.75,8568.9404296875,8576.0703125,8809.7197265625,-233.6494140625,-2.6521776096691854,1.7118543494384808,,
HSCEI,20211129,8558.6201171875,8636.099609375,8464.2099609375,8498.259765625,8576.0703125,-77.810546875,-0.9072983783911812,2.0042938335867335,,
HSCEI,20211130,8465.9296875,8514.509765625,8265.76953125,8368.490234375,8498.259765625,-129.76953125,-1.527012998295377,2.9269549441303355,,
HSCEI,20211201,8412.8701171875,8520.900390625,8384.5,8426.240234375,8368.490234375,57.75,0.6900886346593562,1.6299283001456122,,
HSCEI,20211202,8362.849609375,8514.150390625,8362.849609375,8506.3603515625,8426.240234375,80.1201171875,0.9508406472989996,1.7955906435323992,,
HSCEI,20211203,8445.3798828125,8478.9404296875,8359.6103515625,8455.4501953125,8506.3603515625,-50.91015625,-0.5984951747388472,1.4028335644525185,,
HSCEI,20211206,8330.6298828125,8401.080078125,8258.419921875,8274.76953125,8455.4501953125,-180.6806640625,-2.1368544535057996,1.6871976412218406,,
HSCEI,20211207,8409.080078125,8530.7998046875,8342.919921875,8527.1201171875,8274.76953125,252.3505859375,3.049638844737462,2.2705149926286654,,
HSCEI,20211208,8562.01953125,8567.73046875,8489.6298828125,8522.900390625,8527.1201171875,-4.2197265625,-0.0494859519334623,0.9159081244801313,,
HSCEI,20211209,8586.150390625,8688.9697265625,8586.150390625,8657.76953125,8522.900390625,134.869140625,1.5824324401743923,1.2063890368893548,,
HSCEI,20211210,8597.0,8665.400390625,8544.3701171875,8578.330078125,8657.76953125,-79.439453125,-0.9175510255645556,1.3979382680567354,,
HSCEI,20211213,8671.51953125,8737.650390625,8541.7900390625,8551.1396484375,8578.330078125,-27.1904296875,-0.3169664659656361,2.2831990583103092,,
HSCEI,20211214,8461.6904296875,8504.83984375,8387.150390625,8418.6103515625,8551.1396484375,-132.529296875,-1.549843673751911,1.3763013816118033,,
HSCEI,20211215,8427.3798828125,8453.8603515625,8311.08984375,8342.91015625,8418.6103515625,-75.7001953125,-0.8992006061718962,1.6958916240374717,,
HSCEI,20211216,8271.26953125,8368.830078125,8224.25,8349.650390625,8342.91015625,6.740234375,0.08078996715493367,1.7329693765992364,,
HSCEI,20211217,8315.669921875,8315.669921875,8194.0703125,8218.0,8349.650390625,-131.650390625,-1.57671740092037,1.456343723223816,,
HSCEI,20211220,8182.58984375,8220.6796875,8011.02978515625,8042.740234375,8218.0,-175.259765625,-2.1326328258091993,2.5511061370619372,,
HSCEI,20211221,8048.75,8195.5498046875,8039.81982421875,8141.47021484375,8042.740234375,98.72998046875,1.227566446156921,1.9362801225775477,,
HSCEI,20211222,8245.5703125,8270.83984375,8151.3701171875,8195.23046875,8141.47021484375,53.76025390625,0.6603261141732465,1.4674220185032372,,
HSCEI,20211223,8194.7802734375,8252.2802734375,8136.47998046875,8204.3095703125,8195.23046875,9.0791015625,0.1107851889842558,1.4130205783756653,,
HSCEI,20211224,8273.0595703125,8273.0595703125,8181.4599609375,8201.9501953125,8204.3095703125,-2.359375,-0.028757752005573484,1.1164816318786348,,
HSCEI,20211228,8220.990234375,8240.2197265625,8136.64990234375,8194.4501953125,8201.9501953125,-7.5,-0.09144166718162137,1.2627463195026623,,
HSCEI,20211229,8186.759765625,8186.759765625,8075.18994140625,8098.759765625,8194.4501953125,-95.6904296875,-1.167746796999732,1.3615291027404337,,
HSCEI,20211230,8111.0,8159.60986328125,8049.2900390625,8096.43994140625,8098.759765625,-2.31982421875,-0.028644191035230367,1.3621817094390176,,
HSCEI,20211231,8283.5,8312.490234375,8233.150390625,8236.349609375,8096.43994140625,139.90966796875,1.7280393479266571,0.979934938370205,,
HSCEI,20220103,8286.08984375,8320.080078125,8156.5,8188.759765625,8236.349609375,-47.58984375,-0.5778026189640008,1.9860749711110546,,
HSCEI,20220104,8234.5498046875,8252.2001953125,8133.68994140625,8180.16015625,8188.759765625,-8.599609375,-0.1050172385212676,1.44723080537465,,
HSCEI,20220105,8155.81982421875,8155.81982421875,8000.0,8015.7001953125,8180.16015625,-164.4599609375,-2.0104736068259665,1.904850531559542,,
HSCEI,20220106,8005.47021484375,8082.330078125,7941.72998046875,8068.93017578125,8015.7001953125,53.22998046875,0.6640714993292582,1.7540588374110038,,
HSCEI,20220107,8128.9599609375,8233.66015625,8087.77001953125,8231.2802734375,8068.93017578125,162.35009765625,2.0120399373827884,1.8080480750302763,,
HSCEI,20220110,8230.8603515625,8385.3095703125,8198.0498046875,8365.3701171875,8231.2802734375,134.08984375,1.629027797567658,2.2749773960351085,,
HSCEI,20220111,8325.1103515625,8423.8701171875,8299.98046875,8369.009765625,8365.3701171875,3.6396484375,0.04350851649733912,1.4809822721765313,,
HSCEI,20220112,8493.26953125,8616.66015625,8493.26953125,8612.849609375,8369.009765625,243.83984375,2.913604483430663,1.4743754453103468,,
HSCEI,20220113,8651.7001953125,8658.4404296875,8547.1396484375,8602.3798828125,8612.849609375,-10.4697265625,-0.12155937973308867,1.292264306215799,,
HSCEI,20220114,8483.75,8554.7900390625,8459.099609375,8554.7900390625,8602.3798828125,-47.58984375,-0.5532171840618688,1.1123715877589744,,
HSCEI,20220117,8532.76953125,8540.2802734375,8424.900390625,8463.8798828125,8554.7900390625,-90.91015625,-1.0626813263083033,1.3487167105873732,,
HSCEI,20220118,8487.4404296875,8556.98046875,8412.2900390625,8449.0,8463.8798828125,-14.8798828125,-0.1758045130427288,1.7095047624827608,,
HSCEI,20220119,8485.5,8533.1201171875,8383.009765625,8441.6904296875,8449.0,-7.3095703125,-0.0865140290271038,1.7766641207539353,,
HSCEI,20220120,8505.3798828125,8761.5595703125,8480.5498046875,8761.5595703125,8441.6904296875,319.869140625,3.789159805008878,3.3288328678430656,,
HSCEI,20220121,8708.7802734375,8787.2998046875,8679.3701171875,8787.2998046875,8761.5595703125,25.740234375,0.2937859883098634,1.2318547472496435,,
HSCEI,20220124,8682.2900390625,8706.509765625,8631.8203125,8658.1103515625,8787.2998046875,-129.189453125,-1.470183742406116,0.8499704662990745,,
HSCEI,20220125,8503.1103515625,8581.25,8414.75,8503.349609375,8658.1103515625,-154.7607421875,-1.787465577400164,1.9230524125850663,,
HSCEI,20220126,8530.33984375,8600.1298828125,8452.9404296875,8512.2900390625,8503.349609375,8.9404296875,0.10514009300103475,1.7309585032552657,,
HSCEI,20220127,8363.919921875,8367.4404296875,8216.7998046875,8291.2998046875,8512.2900390625,-220.990234375,-2.5961313977893865,1.769683884227596,,
HSCEI,20220128,8289.1796875,8301.8896484375,8170.10009765625,8210.2900390625,8291.2998046875,-81.009765625,-0.9770454275359938,1.5894920445011835,,
HSCEI,20220131,8252.5595703125,8412.75,8217.669921875,8349.9501953125,8210.2900390625,139.66015625,1.7010380338030935,2.3760436866037367,,
HSCEI,20220204,8532.400390625,8603.76953125,8437.7900390625,8584.3701171875,8349.9501953125,234.419921875,2.8074409594275043,1.987790205990422,,
HSCEI,20220207,8588.0595703125,8603.419921875,8504.9296875,8589.5302734375,8584.3701171875,5.16015625,0.060111064406093234,1.147320456020463,,
HSCEI,20220208,8583.6904296875,8593.3701171875,8439.2998046875,8513.2998046875,8589.5302734375,-76.23046875,-0.8874812279984298,1.793698928758087,,
HSCEI,20220209,8661.8701171875,8752.8798828125,8657.5,8723.330078125,8513.2998046875,210.0302734375,2.4670841889281925,1.1203632551502882,,
HSCEI,20220210,8818.830078125,8818.830078125,8667.2197265625,8789.919921875,8723.330078125,66.58984375,0.7633534803066042,1.737987101309908,,
HSCEI,20220211,8757.240234375,8822.7998046875,8713.990234375,8784.3896484375,8789.919921875,-5.5302734375,-0.06291608440865436,1.2378903480304921,,
HSCEI,20220214,8687.580078125,8699.150390625,8592.23046875,8618.48046875,8784.3896484375,-165.9091796875,-1.8886819270023008,1.2171582335719602,,
HSCEI,20220215,8574.25,8620.1201171875,8477.7900390625,8528.26953125,8618.48046875,-90.2109375,-1.0467151121023999,1.6514521166588332,,
HSCEI,20220216,8627.9501953125,8689.01953125,8597.9404296875,8678.9404296875,8528.26953125,150.6708984375,1.7667229897624492,1.0679669683135637,,
HSCEI,20220217,8693.8603515625,8741.5595703125,8614.0302734375,8711.400390625,8678.9404296875,32.4599609375,0.37400833892656155,1.469410902266003,,
HSCEI,20220218,8654.400390625,8718.740234375,8523.5,8537.9697265625,8711.400390625,-173.4306640625,-1.9908471231461469,2.241203774597628,,
HSCEI,20220221,8451.8896484375,8502.5498046875,8405.1298828125,8455.990234375,8537.9697265625,-81.9794921875,-0.9601754844884656,1.1410197622499951,,
HSCEI,20220222,8287.9697265625,8345.2900390625,8183.89990234375,8270.6904296875,8455.990234375,-185.2998046875,-2.191343645765172,1.9085894406863475,,
HSCEI,20220223,8304.01953125,8352.509765625,8259.26953125,8317.2197265625,8270.6904296875,46.529296875,0.5625805641084557,1.127357324853023,,
HSCEI,20220224,8166.97021484375,8219.7998046875,7970.68994140625,8030.89990234375,8317.2197265625,-286.31982421875,-3.4424944107745215,2.99510980196512,,
HSCEI,20220225,8074.31982421875,8124.33984375,7977.02001953125,7991.64013671875,8030.89990234375,-39.259765625,-0.48885885893736974,1.8344124072042782,,
HSCEI,20220228,8010.72998046875,8030.2099609375,7873.27978515625,8023.93017578125,7991.64013671875,32.2900390625,0.40404771123437766,1.9636792084795154,,
HSCEI,20220301,8045.740234375,8120.6298828125,7985.490234375,8053.0400390625,8023.93017578125,29.10986328125,0.3627880931605405,1.6842076822327547,,
HSCEI,20220302,8029.06005859375,8085.259765625,7893.41015625,7908.18017578125,8053.0400390625,-144.85986328125,-1.7988220917639193,2.3823252888897137,,
HSCEI,20220303,7907.7099609375,7946.7998046875,7863.3701171875,7900.0400390625,7908.18017578125,-8.14013671875,-0.10293312162612475,1.0549795989158526,,
HSCEI,20220304,7690.990234375,7754.580078125,7670.669921875,7686.8701171875,7900.0400390625,-213.169921875,-2.698339765633605,1.0621484933633025,,
HSCEI,20220307,7488.330078125,7520.0,7318.14013671875,7412.58984375,7686.8701171875,-274.2802734375,-3.5681658367587286,2.626034526457008,,
HSCEI,20220308,7411.490234375,7478.08984375,7195.75,7237.7998046875,7412.58984375,-174.7900390625,-2.358015791334738,3.808923057951975,,
HSCEI,20220309,7280.06982421875,7336.419921875,6982.7900390625,7189.580078125,7237.7998046875,-48.2197265625,-0.6662207834385099,4.885875436668953,,
HSCEI,20220310,7374.2001953125,7387.85009765625,7191.009765625,7255.81982421875,7189.580078125,66.23974609375,0.9213298325348778,2.7378557564183192,,
HSCEI,20220311,7051.60986328125,7156.8701171875,6853.91015625,7060.60009765625,7255.81982421875,-195.2197265625,-2.690526105828706,4.175406339698083,,
HSCEI,20220314,6888.18017578125,6888.18017578125,6513.2099609375,6555.5498046875,7060.60009765625,-505.05029296875,-7.153078859917307,5.310741433553509,,
HSCEI,20220315,6297.2900390625,6546.85009765625,6051.6201171875,6123.93994140625,6555.5498046875,-431.60986328125,-6.58388504611208,7.554362261341365,,
HSCEI,20220316,6358.43994140625,6916.60986328125,6212.64013671875,6889.4501953125,6123.93994140625,765.51025390625,12.500290029468589,11.495372804078256,,
HSCEI,20220317,7415.740234375,7455.240234375,7157.9599609375,7407.56982421875,6889.4501953125,518.11962890625,7.520478619016252,4.3150072213275585,,
HSCEI,20220318,7281.7099609375,7462.2900390625,7139.669921875,7366.419921875,7407.56982421875,-41.14990234375,-0.5555115013457188,4.355276087073881,,
HSCEI,20220321,7529.33984375,7529.33984375,7196.16015625,7244.47998046875,7366.419921875,-121.93994140625,-1.6553487677798877,4.522952683034049,,
HSCEI,20220322,7289.2001953125,7550.580078125,7268.35009765625,7538.5498046875,7244.47998046875,294.06982421875,4.059226128190948,3.895793503876706,,
HSCEI,20220323,7614.64990234375,7758.68017578125,7581.7099609375,7635.1298828125,7538.5498046875,96.580078125,1.2811493009563473,2.347536587656544,,
HSCEI,20220324,7585.27001953125,7673.9501953125,7500.39990234375,7528.14013671875,7635.1298828125,-106.98974609375,-1.4012825942174927,2.273049648564989,,
HSCEI,20220325,7444.18994140625,7537.1298828125,7240.490234375,7283.919921875,7528.14013671875,-244.22021484375,-3.2440976178506284,3.940410819275672,,
HSCEI,20220328,7302.4599609375,7454.77978515625,7194.02001953125,7396.25,7283.919921875,112.330078125,1.542165198544418,3.579937292307247,,
HSCEI,20220329,7430.31005859375,7516.35986328125,7427.1298828125,7513.0,7396.25,116.75,1.5785026195707283,1.2064219093290518,,
HSCEI,20220330,7597.68017578125,7662.740234375,7523.16015625,7609.3701171875,7513.0,96.3701171875,1.28271152918275,1.8578474394383069,,
HSCEI,20220331,7615.490234375,7617.39013671875,7484.9599609375,7525.89013671875,7609.3701171875,-83.47998046875,-1.0970682091043436,1.7403566095717464,,
HSCEI,20220401,7391.830078125,7537.16015625,7348.02978515625,7537.16015625,7525.89013671875,11.27001953125,0.14974998739702133,2.513063141474583,,
HSCEI,20220404,7618.64990234375,7780.330078125,7595.27978515625,7770.97998046875,7537.16015625,233.81982421875,3.1022270904627227,2.4551726264606666,,
HSCEI,20220406,7639.14013671875,7685.02978515625,7584.330078125,7608.7998046875,7770.97998046875,-162.18017578125,-2.086997729872767,1.2958430890871466,,
HSCEI,20220407,7543.5498046875,7691.14013671875,7493.66015625,7495.5400390625,7608.7998046875,-113.259765625,-1.488536543637603,2.5954156442267005,,
HSCEI,20220408,7433.490234375,7490.3701171875,7364.419921875,7490.3701171875,7495.5400390625,-5.169921875,-0.06897330743425159,1.6803351680615284,,
HSCEI,20220411,7420.66015625,7420.66015625,7177.2900390625,7208.490234375,7490.3701171875,-281.8798828125,-3.763230366490099,3.2491066980663583,,
HSCEI,20220412,7247.77001953125,7347.240234375,7118.5,7264.43017578125,7208.490234375,55.93994140625,0.7760285383961567,3.1732058577843456,,
HSCEI,20220413,7234.18017578125,7383.7001953125,7209.580078125,7314.81982421875,7264.43017578125,50.3896484375,0.693649016071393,2.3968861008258546,,
HSCEI,20220414,7368.669921875,7416.080078125,7328.43994140625,7385.580078125,7314.81982421875,70.76025390625,0.9673547073841625,1.1981175042559615,,
HSCEI,20220419,7228.97998046875,7251.64013671875,7131.93994140625,7167.669921875,7385.580078125,-217.91015625,-2.9504812613895797,1.6207284200605223,,
HSCEI,20220420,7137.14013671875,7215.830078125,7080.52001953125,7098.2900390625,7167.669921875,-69.3798828125,-0.9679558848093668,1.8877830601657237,,
HSCEI,20220421,7012.93017578125,7075.93017578125,6892.240234375,6962.2001953125,7098.2900390625,-136.08984375,-1.9172201051392082,2.5878055192925125,,
HSCEI,20220422,6799.169921875,6998.8701171875,6789.4501953125,6972.3798828125,6962.2001953125,10.1796875,0.14621365681000908,3.0079560483767467,,
HSCEI,20220425,6843.8798828125,6843.8798828125,6659.080078125,6684.72998046875,6972.3798828125,-287.64990234375,-4.125562679865323,2.650455193111996,,
HSCEI,20220426,6761.68994140625,6878.759765625,6713.31005859375,6747.419921875,6684.72998046875,62.68994140625,0.9378081327056688,2.475039493212982,,
HSCEI,20220427,6682.2998046875,6826.77978515625,6657.39990234375,6786.02001953125,6747.419921875,38.60009765625,0.572071963849608,2.5102911153250416,,
HSCEI,20220428,6851.77001953125,6918.6201171875,6792.8701171875,6918.6201171875,6786.02001953125,132.60009765625,1.954018662995478,1.853074403524767,,
HSCEI,20220429,6897.919921875,7307.14990234375,6828.6298828125,7298.68994140625,6918.6201171875,380.06982421875,5.493433918630191,6.916408350597142,,
HSCEI,20220503,7206.85009765625,7355.16015625,7085.7998046875,7267.25,7298.68994140625,-31.43994140625,-0.4307614333346022,3.6905301324610305,,
HSCEI,20220504,7229.990234375,7237.919921875,7098.52001953125,7137.6298828125,7267.25,-129.6201171875,-1.7836199000653616,1.918193296553029,,
HSCEI,20220505,7249.56982421875,7298.2001953125,7110.2001953125,7117.75,7137.6298828125,-19.8798828125,-0.2785221864805711,2.6339275513949847,,
HSCEI,20220506,6929.93017578125,6936.830078125,6796.72998046875,6809.52001953125,7117.75,-308.22998046875,-4.330441227477082,1.9683200120297846,,
HSCEI,20220510,6515.0498046875,6705.52001953125,6479.2099609375,6658.25,6809.52001953125,-151.27001953125,-2.2214490756672016,3.3234362766339087,,
HSCEI,20220511,6612.4599609375,6881.18994140625,6597.509765625,6769.72021484375,6658.25,111.47021484375,1.6741668583148726,4.260581621015282,,
HSCEI,20220512,6660.330078125,6739.35009765625,6576.89990234375,6594.81005859375,6769.72021484375,-174.91015625,-2.583713221507738,2.3996589246967788,,
HSCEI,20220513,6685.8798828125,6818.490234375,6683.85986328125,6807.02978515625,6594.81005859375,212.2197265625,3.217980877037615,2.041459418809372,,
HSCEI,20220516,6912.60986328125,6926.0,6752.240234375,6826.31005859375,6807.02978515625,19.2802734375,0.28324062103479447,2.5526517601540286,,
HSCEI,20220517,6930.22021484375,7090.77978515625,6912.60986328125,7076.7998046875,6826.31005859375,250.48974609375,3.669475074288554,2.6100473073399155,,
HSCEI,20220518,7072.759765625,7120.33984375,6977.740234375,7089.2900390625,7076.7998046875,12.490234375,0.1764955166136927,2.0150295799034117,,
HSCEI,20220519,6891.10009765625,6960.72021484375,6819.7001953125,6899.18994140625,7089.2900390625,-190.10009765625,-2.681511076691527,1.989198054448605,,
HSCEI,20220520,7039.06005859375,7149.10009765625,7007.27001953125,7121.18017578125,6899.18994140625,221.990234375,3.2176275223660835,2.055749723221724,,
HSCEI,20220523,7082.91015625,7110.02978515625,6956.83984375,7022.4501953125,7121.18017578125,-98.72998046875,-1.3864272217760385,2.151187550727065,,
HSCEI,20220524,7015.0400390625,7069.39013671875,6839.81005859375,6883.14013671875,7022.4501953125,-139.31005859375,-1.9837813685989507,3.2692304215734445,,
HSCEI,20220525,6863.77001953125,6972.91015625,6841.81005859375,6898.56005859375,6883.14013671875,15.419921875,0.2240245232367273,1.9046553615389052,,
HSCEI,20220526,6926.02978515625,6926.02978515625,6775.47021484375,6877.2099609375,6898.56005859375,-21.35009765625,-0.3094862909782676,2.182478213332988,,
HSCEI,20220527,7088.22021484375,7123.1201171875,7003.58984375,7082.3798828125,6877.2099609375,205.169921875,2.983330784436764,1.7380634605665821,,
HSCEI,20220530,7167.89013671875,7267.759765625,7153.2099609375,7255.1298828125,7082.3798828125,172.75,2.439151850908608,1.617391421850855,,
HSCEI,20220531,7251.39013671875,7416.75,7223.5400390625,7416.75,7255.1298828125,161.6201171875,2.2276667654204263,2.6630806623492296,,
HSCEI,20220601,7393.85009765625,7398.85009765625,7285.60986328125,7345.64013671875,7416.75,-71.10986328125,-0.9587739007145987,1.5268174655340951,,
HSCEI,20220602,7249.759765625,7289.14013671875,7193.68017578125,7267.56982421875,7345.64013671875,-78.0703125,-1.0628115596045726,1.29954584162547,,
HSCEI,20220606,7347.259765625,7518.97021484375,7266.35986328125,7499.97021484375,7267.56982421875,232.400390625,3.19777306921138,3.475857235257525,,
HSCEI,20220607,7468.2001953125,7546.9501953125,7402.8798828125,7467.8701171875,7499.97021484375,-32.10009765625,-0.42800300183483797,1.9209451287534411,,
HSCEI,20220608,7574.4501953125,7698.22021484375,7560.97998046875,7679.60009765625,7467.8701171875,211.72998046875,2.835212411922482,1.837742652475141,,
HSCEI,20220609,7729.5498046875,7747.2001953125,7542.43017578125,7606.35009765625,7679.60009765625,-73.25,-0.9538257079604352,2.6664151378630265,,
HSCEI,20220610,7470.68017578125,7668.33984375,7451.68994140625,7609.56005859375,7606.35009765625,3.2099609375,0.0422010674803029,2.8482767629970973,,
HSCEI,20220613,7380.669921875,7458.93017578125,7308.490234375,7340.52001953125,7609.56005859375,-269.0400390625,-3.5355531330443135,1.976986057641437,,
HSCEI,20220614,7231.47021484375,7391.64013671875,7208.8701171875,7333.60986328125,7340.52001953125,-6.91015625,-0.09413714875259298,2.489878360728472,,
HSCEI,20220615,7361.58984375,7510.91015625,7361.58984375,7452.89013671875,7333.60986328125,119.2802734375,1.6264878506112794,2.0361093006547004,,
HSCEI,20220616,7527.75,7545.240234375,7204.81982421875,7259.41015625,7452.89013671875,-193.47998046875,-2.596039615766194,4.567629522392576,,
HSCEI,20220617,7213.56005859375,7394.77978515625,7209.259765625,7367.68017578125,7259.41015625,108.27001953125,1.4914437564604992,2.5555797997103973,,
HSCEI,20220620,7325.580078125,7404.740234375,7261.72021484375,7399.60009765625,7367.68017578125,31.919921875,0.4332425012139631,1.9411811604062266,,
HSCEI,20220621,7425.2099609375,7551.330078125,7387.35009765625,7549.580078125,7399.60009765625,149.97998046875,2.026866026398571,2.2160654400862696,,
HSCEI,20220622,7507.669921875,7531.490234375,7335.0,7335.0,7549.580078125,-214.580078125,-2.8422783241514105,2.6026644176453315,,
HSCEI,20220623,7397.41015625,7520.7900390625,7342.81982421875,7463.080078125,7335.0,128.080078125,1.7461496676891615,2.426315130794138,,
HSCEI,20220624,7535.2001953125,7651.77001953125,7519.6298828125,7629.06005859375,7463.080078125,165.97998046875,2.224014464956006,1.7705844682822758,,
HSCEI,20220627,7714.64013671875,7891.5,7714.64013671875,7816.93994140625,7629.06005859375,187.8798828125,2.4626871642052786,2.318239231607914,,
HSCEI,20220628,7780.7001953125,7918.1201171875,7703.89013671875,7893.759765625,7816.93994140625,76.81982421875,0.9827352492736472,2.7405862405821493,,
HSCEI,20220629,7741.740234375,7817.16015625,7636.39990234375,7694.64013671875,7893.759765625,-199.11962890625,-2.5224941576428175,2.2899132893986422,,
HSCEI,20220630,7656.06982421875,7752.68017578125,7603.330078125,7666.8798828125,7694.64013671875,-27.76025390625,-0.3607739077202367,1.9409627351323782,,
HSCEI,20220704,7595.919921875,7678.14990234375,7529.18994140625,7647.7001953125,7666.8798828125,-19.1796875,-0.25016287972629836,1.9429019785667474,,
HSCEI,20220705,7742.43994140625,7794.66015625,7615.1201171875,7642.4501953125,7647.7001953125,-5.25,-0.06864808852232308,2.3476343799740658,,
HSCEI,20220706,7623.740234375,7645.06005859375,7428.02001953125,7545.919921875,7642.4501953125,-96.5302734375,-1.2630801767829234,2.8399274253121285,,
HSCEI,20220707,7428.56982421875,7538.97998046875,7368.5400390625,7538.97998046875,7545.919921875,-6.93994140625,-0.09196945472654278,2.2587032882784595,,
HSCEI,20220708,7641.52978515625,7641.52978515625,7510.43994140625,7551.7001953125,7538.97998046875,12.72021484375,0.16872594007019895,1.7388273226565758,,
HSCEI,20220711,7467.56982421875,7467.56982421875,7269.990234375,7320.91015625,7551.7001953125,-230.7900390625,-3.056133494358744,2.6163590282144917,,
HSCEI,20220712,7228.83984375,7299.6201171875,7163.06982421875,7191.64013671875,7320.91015625,-129.27001953125,-1.7657643212693945,1.8652092438557577,,
HSCEI,20220713,7223.4599609375,7254.72998046875,7133.419921875,7145.830078125,7191.64013671875,-45.81005859375,-0.6369904183588815,1.6868204788831216,,
HSCEI,20220714,7162.39013671875,7177.02978515625,7052.22021484375,7125.9501953125,7145.830078125,-19.8798828125,-0.27820256842318164,1.7466070274266707,,
HSCEI,20220715,7043.580078125,7106.009765625,6935.2998046875,6958.02001953125,7125.9501953125,-167.93017578125,-2.3566004698112493,2.395609796007194,,
HSCEI,20220718,7016.02978515625,7179.60009765625,6955.919921875,7168.89013671875,6958.02001953125,210.8701171875,3.030605209464545,3.214710149631316,,
HSCEI,20220719,7117.2001953125,7141.39990234375,7054.27001953125,7097.39013671875,7168.89013671875,-71.5,-0.9973649844873483,1.2153887303450845,,
HSCEI,20220720,7206.25,7254.740234375,7179.06982421875,7179.06982421875,7097.39013671875,81.6796875,1.1508411673387589,1.0661723351625387,,
HSCEI,20220721,7158.2099609375,7177.509765625,7075.080078125,7099.5498046875,7179.06982421875,-79.52001953125,-1.107664662391045,1.4267821599178656,,
HSCEI,20220722,7149.68994140625,7190.6201171875,7075.490234375,7106.7001953125,7099.5498046875,7.150390625,0.10071611329888737,1.6216504705197663,,
HSCEI,20220725,7069.0400390625,7089.81005859375,7004.31982421875,7077.08984375,7106.7001953125,-29.6103515625,-0.4166540130964108,1.202952594389565,,
HSCEI,20220726,7109.419921875,7207.68994140625,7087.08984375,7185.18994140625,7077.08984375,108.10009765625,1.5274653853902473,1.7040916579963408,,
HSCEI,20220727,7105.02978515625,7131.7900390625,7055.5498046875,7091.47021484375,7185.18994140625,-93.7197265625,-1.304345846480958,1.0610747244919545,,
HSCEI,20220728,7105.64013671875,7136.77978515625,7053.81982421875,7082.580078125,7091.47021484375,-8.89013671875,-0.12536380256017024,1.1698555930454246,,
HSCEI,20220729,7095.7998046875,7097.1201171875,6839.2099609375,6885.47998046875,7082.580078125,-197.10009765625,-2.7828855513403403,3.6414717998963675,,
HSCEI,20220801,6850.43017578125,6904.419921875,6794.240234375,6876.7099609375,6885.47998046875,-8.77001953125,-0.12736976298133038,1.6001743932526717,,
HSCEI,20220802,6782.66015625,6782.66015625,6627.740234375,6702.06982421875,6876.7099609375,-174.64013671875,-2.539588519957607,2.2528203567550174,,
HSCEI,20220803,6777.0498046875,6804.6298828125,6707.259765625,6736.9599609375,6702.06982421875,34.89013671875,0.520587484670336,1.4528365078448027,,
HSCEI,20220804,6825.1201171875,6897.490234375,6812.1298828125,6879.68994140625,6736.9599609375,142.72998046875,2.1186110841734616,1.2670455525554503,,
HSCEI,20220805,6930.2099609375,6930.2099609375,6849.47021484375,6902.18017578125,6879.68994140625,22.490234375,0.3269076741328093,1.1735957111643653,,
HSCEI,20220808,6841.7998046875,6884.7099609375,6790.08984375,6821.52001953125,6902.18017578125,-80.66015625,-1.1686185262596418,1.3708728949080218,,
HSCEI,20220809,6819.4599609375,6896.169921875,6759.89013671875,6794.77001953125,6821.52001953125,-26.75,-0.3921413398100408,1.9977920575774348,,
HSCEI,20220810,6777.7900390625,6782.919921875,6580.81982421875,6644.1298828125,6794.77001953125,-150.64013671875,-2.217001256639179,2.974347874546492,,
HSCEI,20220811,6726.47998046875,6823.39013671875,6705.97021484375,6823.39013671875,6644.1298828125,179.26025390625,2.6980245279366524,1.7672731259927663,,
HSCEI,20220812,6854.39013671875,6878.52001953125,6794.580078125,6857.47998046875,6823.39013671875,34.08984375,0.49960273510600134,1.2301794229021656,,
HSCEI,20220815,6809.47998046875,6900.4501953125,6789.91015625,6814.47021484375,6857.47998046875,-43.009765625,-0.6271949134011183,1.6119629860726756,,
HSCEI,20220816,6852.02978515625,6876.75,6665.0400390625,6727.93994140625,6814.47021484375,-86.5302734375,-1.2698019172350887,3.1067706551323493,,
HSCEI,20220817,6785.419921875,6813.509765625,6701.009765625,6755.31005859375,6727.93994140625,27.3701171875,0.4068127454446211,1.6721314544981751,,
HSCEI,20220818,6784.83984375,6784.83984375,6671.43994140625,6700.419921875,6755.31005859375,-54.89013671875,-0.8125479991687673,1.678677978659005,,
HSCEI,20220819,6654.93994140625,6769.60009765625,6654.93994140625,6719.8798828125,6700.419921875,19.4599609375,0.29042897556269065,1.7112383639668105,,
HSCEI,20220822,6640.22021484375,6757.0400390625,6640.22021484375,6695.2900390625,6719.8798828125,-24.58984375,-0.3659268346878294,1.7384213149038745,,
HSCEI,20220823,6689.669921875,6714.72021484375,6602.1201171875,6648.85009765625,6695.2900390625,-46.43994140625,-0.6936210550297938,1.681780729427768,,
HSCEI,20220824,6666.43017578125,6666.43017578125,6537.330078125,6565.68994140625,6648.85009765625,-83.16015625,-1.2507449412841227,1.941690604541654,,
HSCEI,20220825,6628.33984375,6858.60986328125,6628.33984375,6848.89013671875,6565.68994140625,283.2001953125,4.313334894578402,3.507171699946745,,
HSCEI,20220826,6920.1298828125,6928.31982421875,6865.06005859375,6920.990234375,6848.89013671875,72.10009765625,1.052726736989135,0.9236498813997222,,
HSCEI,20220829,6846.740234375,6895.7900390625,6821.240234375,6872.259765625,6920.990234375,-48.73046875,-0.704096770834421,1.077155178130839,,
HSCEI,20220830,6889.06005859375,6889.06005859375,6730.169921875,6840.169921875,6872.259765625,-32.08984375,-0.4669474793504343,2.3120507975195794,,
HSCEI,20220831,6702.259765625,6952.60986328125,6695.4599609375,6865.1201171875,6840.169921875,24.9501953125,0.36475987581403174,3.7594081036112783,,
HSCEI,20220901,6805.39013671875,6853.08984375,6717.06005859375,6742.0400390625,6865.1201171875,-123.080078125,-1.7928321139910866,1.9814625648819477,,
HSCEI,20220902,6742.16015625,6766.60009765625,6633.490234375,6672.419921875,6742.0400390625,-69.6201171875,-1.0326268723432392,1.974326205570255,,
HSCEI,20220905,6606.52001953125,6606.7099609375,6520.830078125,6577.52978515625,6672.419921875,-94.89013671875,-1.4221247737670137,1.287087500757403,,
HSCEI,20220906,6583.02001953125,6619.3798828125,6516.39013671875,6555.7998046875,6577.52978515625,-21.72998046875,-0.330366888155928,1.5657815237290251,,
HSCEI,20220907,6457.10009765625,6527.39013671875,6437.6298828125,6513.22021484375,6555.7998046875,-42.57958984375,-0.6494949680023012,1.369173199005711,,
HSCEI,20220908,6518.5400390625,6531.22998046875,6418.93994140625,6436.60009765625,6513.22021484375,-76.6201171875,-1.1763784220420082,1.7240325884665915,,
HSCEI,20220909,6452.08984375,6649.39013671875,6449.8798828125,6628.14013671875,6436.60009765625,191.5400390625,2.9757952359390045,3.0996217083440896,,
HSCEI,20220913,6647.97998046875,6690.89013671875,6614.14990234375,6633.0498046875,6628.14013671875,4.90966796875,0.07407308637835354,1.1577943856357589,,
HSCEI,20220914,6488.7001953125,6518.5498046875,6449.31982421875,6470.64990234375,6633.0498046875,-162.39990234375,-2.4483443834385783,1.0437126586902146,,
HSCEI,20220915,6461.85009765625,6535.2900390625,6461.85009765625,6508.990234375,6470.64990234375,38.34033203125,0.5925267571247002,1.1349700959659266,,
HSCEI,20220916,6434.47021484375,6489.7900390625,6398.8701171875,6420.66015625,6508.990234375,-88.330078125,-1.357047329069799,1.3968360467778491,,
HSCEI,20220919,6389.56982421875,6394.22021484375,6309.740234375,6338.2998046875,6420.66015625,-82.3603515625,-1.2827396180177637,1.3157522499694285,,
HSCEI,20220920,6390.5498046875,6441.68017578125,6381.2001953125,6405.3798828125,6338.2998046875,67.080078125,1.058329208021855,0.9541987967186711,,
HSCEI,20220921,6356.990234375,6356.990234375,6265.419921875,6267.16015625,6405.3798828125,-138.2197265625,-2.1578693081636544,1.4295844145904573,,
HSCEI,20220922,6144.669921875,6202.58984375,6114.33984375,6195.89990234375,6267.16015625,-71.26025390625,-1.1370421710890037,1.4081337926555402,,
HSCEI,20220923,6164.27978515625,6218.759765625,6114.39990234375,6114.39990234375,6195.89990234375,-81.5,-1.3153860017843517,1.6843374639053375,,
HSCEI,20220926,6074.4599609375,6215.8701171875,6066.52978515625,6137.77978515625,6114.39990234375,23.3798828125,0.38237411987950126,2.442436451924013,,
HSCEI,20220927,6131.9599609375,6162.43017578125,6052.10009765625,6150.47021484375,6137.77978515625,12.6904296875,0.20675928644737027,1.7975568037130434,,
HSCEI,20220928,6092.7900390625,6092.7900390625,5940.60009765625,5958.6201171875,6150.47021484375,-191.85009765625,-3.119275290419789,2.474444003304816,,
HSCEI,20220929,6068.66015625,6085.39013671875,5862.669921875,5912.25,5958.6201171875,-46.3701171875,-0.7782022729347434,3.737781742476228,,
HSCEI,20220930,5921.02978515625,5968.93017578125,5835.33984375,5914.080078125,5912.25,1.830078125,0.030954004397648952,2.2595514741638123,,
HSCEI,20221003,5864.31005859375,5940.1201171875,5803.0,5856.81982421875,5914.080078125,-57.26025390625,-0.9682022081176113,2.318536701839393,,
HSCEI,20221005,6088.52978515625,6253.66015625,6059.1201171875,6224.60986328125,5856.81982421875,367.7900390625,6.279688467479192,3.321598493743146,,
HSCEI,20221006,6233.52978515625,6238.919921875,6169.31005859375,6185.580078125,6224.60986328125,-39.02978515625,-0.6270237976918891,1.1183008222230293,,
HSCEI,20221007,6129.169921875,6132.490234375,6061.2099609375,6074.64990234375,6185.580078125,-110.93017578125,-1.7933673864080932,1.152361986058174,,
HSCEI,20221010,5952.7900390625,5970.7998046875,5863.22998046875,5880.7099609375,6074.64990234375,-193.93994140625,-3.1926110067910773,1.770798744751478,,
HSCEI,20221011,5867.97998046875,5871.7099609375,5712.4501953125,5729.580078125,5880.7099609375,-151.1298828125,-2.5699258051557936,2.708172426167586,,
HSCEI,20221012,5705.41015625,5819.2998046875,5585.7001953125,5692.419921875,5729.580078125,-37.16015625,-0.6485668363703301,4.077080801555797,,
HSCEI,20221013,5683.89990234375,5697.97021484375,5560.7998046875,5560.7998046875,5692.419921875,-131.6201171875,-2.3121997146012774,2.4097029389755225,,
HSCEI,20221014,5641.7900390625,5781.5400390625,5604.52978515625,5629.2998046875,5560.7998046875,68.5,1.2318371890003599,3.1831797605272256,,
HSCEI,20221017,5597.669921875,5689.009765625,5508.4599609375,5633.22998046875,5629.2998046875,3.93017578125,0.06981642331391473,3.207322596980121,,
HSCEI,20221018,5714.39013671875,5756.31005859375,5616.22021484375,5756.31005859375,5633.22998046875,123.080078125,2.1848935433443515,2.4868475854121423,,
HSCEI,20221019,5716.47998046875,5758.75,5596.1201171875,5597.7900390625,5756.31005859375,-158.52001953125,-2.7538478281688668,2.8252453595633797,,
HSCEI,20221020,5491.75,5573.66015625,5413.22998046875,5512.2998046875,5597.7900390625,-85.490234375,-1.5272140215769443,2.865955576428128,,
HSCEI,20221021,5535.58984375,5557.10986328125,5487.43017578125,5517.43994140625,5512.2998046875,5.14013671875,0.09324849701351469,1.264076519218828,,
HSCEI,20221024,5387.22021484375,5429.47021484375,5100.7001953125,5114.47998046875,5517.43994140625,-402.9599609375,-7.303386447642893,5.958742152568954,,
HSCEI,20221025,5150.47021484375,5254.06982421875,5025.8798828125,5180.31005859375,5114.47998046875,65.830078125,1.2871314068369188,4.461645021149072,,
HSCEI,20221026,5146.669921875,5313.6201171875,5122.8798828125,5217.5400390625,5180.31005859375,37.22998046875,0.7186824735903254,3.682023512445478,,
HSCEI,20221027,5370.64013671875,5396.77001953125,5238.77978515625,5242.85986328125,5217.5400390625,25.31982421875,0.48528279666636787,3.028059836477806,,
HSCEI,20221028,5233.43994140625,5233.43994140625,4995.1201171875,5028.97998046875,5242.85986328125,-213.8798828125,-4.079450688934551,4.545607367609426,,
HSCEI,20221031,5013.85009765625,5104.47998046875,4919.02978515625,4938.56005859375,5028.97998046875,-90.419921875,-1.7979773677001591,3.687630414770795,,
HSCEI,20221101,5005.740234375,5277.7099609375,4994.77978515625,5209.60009765625,4938.56005859375,271.0400390625,5.488240212667949,5.729001417911562,,
HSCEI,20221102,5176.06982421875,5374.93017578125,5137.2900390625,5355.02978515625,5209.60009765625,145.4296875,2.791571037581703,4.561581162931528,,
HSCEI,20221103,5223.2998046875,5288.47021484375,5165.16015625,5170.509765625,5355.02978515625,-184.52001953125,-3.4457328331342985,2.3026960360810027,,
HSCEI,20221104,5217.02001953125,5626.5,5217.02001953125,5482.52001953125,5170.509765625,312.01025390625,6.034419584323807,7.919528228939587,,
HSCEI,20221107,5414.14013671875,5711.64990234375,5395.68994140625,5636.2099609375,5482.52001953125,153.68994140625,2.8032718687526166,5.763042539049666,,
HSCEI,20221108,5647.009765625,5680.240234375,5549.25,5602.60986328125,5636.2099609375,-33.60009765625,-0.5961470188144148,2.3240836534274836,,
HSCEI,20221109,5605.259765625,5674.330078125,5486.490234375,5534.759765625,5602.60986328125,-67.85009765625,-1.2110444830529856,3.35272039877481,,
HSCEI,20221110,5454.27001953125,5454.27001953125,5384.16015625,5417.1298828125,5534.759765625,-117.6298828125,-2.125293378460066,1.2667191757207732,,
HSCEI,20221111,5785.6298828125,5882.16015625,5672.97998046875,5867.31005859375,5417.1298828125,450.18017578125,8.310307958640315,3.8614576409721693,,
HSCEI,20221114,6137.06982421875,6137.06982421875,5939.77001953125,5979.7998046875,5867.31005859375,112.48974609375,1.9172285931776893,3.362696068848762,,
HSCEI,20221115,5986.56005859375,6276.580078125,5945.60009765625,6269.2900390625,5979.7998046875,289.490234375,4.84113588799531,5.534967578835974,,
HSCEI,20221116,6209.81982421875,6299.7900390625,6135.72021484375,6225.7099609375,6269.2900390625,-43.580078125,-0.6951357785883663,2.6170399390755374,,
HSCEI,20221117,6145.06982421875,6200.77978515625,6010.509765625,6140.56982421875,6225.7099609375,-85.14013671875,-1.3675570698434714,3.0561979392724257,,
HSCEI,20221118,6252.02978515625,6276.14990234375,6095.72998046875,6125.39990234375,6140.56982421875,-15.169921875,-0.2470442045161506,2.9381625327899337,,
HSCEI,20221121,5996.35009765625,6044.06005859375,5899.6201171875,6001.89990234375,6125.39990234375,-123.5,-2.016194892887653,2.3580491675487707,,
HSCEI,20221122,5993.41015625,6033.419921875,5854.18994140625,5901.22021484375,6001.89990234375,-100.6796875,-1.677463622155452,2.986220753177847,,
HSCEI,20221123,5918.31982421875,6001.1298828125,5887.35009765625,5945.10986328125,5901.22021484375,43.8896484375,0.7437385293146884,1.928072178531006,,
HSCEI,20221124,5997.18017578125,6030.85009765625,5937.0,5992.35009765625,5945.10986328125,47.240234375,0.7946065835851008,1.5786099805471359,,
HSCEI,20221125,5992.2998046875,5994.509765625,5902.14013671875,5971.10009765625,5992.35009765625,-21.25,-0.3546187998647038,1.5414591504321142,,
HSCEI,20221128,5751.9599609375,5892.56005859375,5701.8798828125,5872.3798828125,5971.10009765625,-98.72021484375,-1.6533002835189319,3.193384345643359,,
HSCEI,20221129,5987.9501953125,6236.72021484375,5974.16015625,6236.72021484375,5872.3798828125,364.34033203125,6.20430454606002,4.471101390463866,,
HSCEI,20221130,6189.7001953125,6398.3798828125,6148.0,6374.43994140625,6236.72021484375,137.7197265625,2.208207548491901,4.014608226557632,,
HSCEI,20221201,6546.27978515625,6607.5400390625,6368.080078125,6384.89990234375,6374.43994140625,10.4599609375,0.1640922345123304,3.756564704328728,,
HSCEI,20221202,6401.93017578125,6435.22998046875,6313.33984375,6368.740234375,6384.89990234375,-16.15966796875,-0.2530919547042258,1.9090375508315631,,
HSCEI,20221205,6576.669921875,6710.5,6506.85986328125,6706.2900390625,6368.740234375,337.5498046875,5.300103195693075,3.197494782714031,,
HSCEI,20221206,6582.72021484375,6726.22021484375,6573.89013671875,6652.9501953125,6706.2900390625,-53.33984375,-0.7953703678085566,2.2714507907906536,,
HSCEI,20221207,6633.02978515625,6780.830078125,6424.77978515625,6432.9501953125,6652.9501953125,-220.0,-3.3068036516342243,5.351765495247717,,
HSCEI,20221208,6499.5400390625,6690.5498046875,6499.5400390625,6666.77001953125,6432.9501953125,233.81982421875,3.634721505991568,2.9692405478933,,
HSCEI,20221209,6675.35986328125,6840.77978515625,6641.58984375,6834.2099609375,6666.77001953125,167.43994140625,2.511560184552803,2.987802801397,,
HSCEI,20221212,6702.669921875,6753.25,6587.759765625,6628.2998046875,6834.2099609375,-205.91015625,-3.012932839741929,2.421497661337558,,
HSCEI,20221213,6622.52978515625,6727.0498046875,6601.66015625,6654.85009765625,6628.2998046875,26.55029296875,0.400559626919316,1.8917316979057748,,
HSCEI,20221214,6727.3701171875,6764.10009765625,6633.27001953125,6702.35986328125,6654.85009765625,47.509765625,0.7139118827294444,1.9659357642191913,,
HSCEI,20221215,6684.7900390625,6702.8798828125,6543.3798828125,6591.4599609375,6702.35986328125,-110.89990234375,-1.6546396285182028,2.379758820080934,,
HSCEI,20221216,6577.81005859375,6704.02001953125,6515.5498046875,6634.75,6591.4599609375,43.2900390625,0.6567594936333783,2.8593091054283515,,
HSCEI,20221219,6651.10009765625,6782.5,6564.740234375,6604.6201171875,6634.75,-30.1298828125,-0.45412235295225895,3.2821095840084404,,
HSCEI,20221220,6529.0400390625,6546.89013671875,6393.35009765625,6472.2900390625,6604.6201171875,-132.330078125,-2.0035986290964938,2.324736871132616,,
HSCEI,20221221,6496.68017578125,6524.02978515625,6452.06982421875,6500.18017578125,6472.2900390625,27.89013671875,0.43091605213028794,1.1118160728767847,,
HSCEI,20221222,6633.97021484375,6734.4501953125,6617.31982421875,6716.31982421875,6500.18017578125,216.1396484375,3.3251331900430343,1.801955760090484,,
HSCEI,20221223,6599.18994140625,6703.7998046875,6597.06005859375,6642.89990234375,6716.31982421875,-73.419921875,-1.0931570234379107,1.589259429082743,,
HSCEI,20221228,6706.06005859375,6840.31005859375,6706.06005859375,6772.759765625,6642.89990234375,129.85986328125,1.9548670789911016,2.020954733227786,,
HSCEI,20221229,6670.81005859375,6718.27001953125,6617.7900390625,6695.56982421875,6772.759765625,-77.18994140625,-1.1397117877711525,1.4835899093709781,,
HSCEI,20221230,6810.3701171875,6821.6201171875,6702.60986328125,6704.93994140625,6695.56982421875,9.3701171875,0.13994502982564774,1.7774477308230643,,
HSCEI,20230103,6624.7900390625,6860.7998046875,6536.2998046875,6833.97998046875,6704.93994140625,129.0400390625,1.9245517512485872,4.839715237358883,,
HSCEI,20230104,6891.31982421875,7065.52978515625,6855.35986328125,7065.52978515625,6833.97998046875,231.5498046875,3.3882130961644656,3.0753663674119256,,
HSCEI,20230105,7240.18994140625,7286.72998046875,7136.2001953125,7172.43017578125,7065.52978515625,106.900390625,1.5129847849425768,2.1304812198583227,,
HSCEI,20230106,7250.47998046875,7260.60009765625,7099.89013671875,7143.64013671875,7172.43017578125,-28.7900390625,-0.40139866623886755,2.2406626066596016,,
HSCEI,20230109,7243.64013671875,7318.72998046875,7199.490234375,7286.06982421875,7143.64013671875,142.4296875,1.99379706667897,1.6691734719509508,,
HSCEI,20230110,7279.43017578125,7290.3701171875,7202.419921875,7263.6298828125,7286.06982421875,-22.43994140625,-0.3079841663287399,1.2071006377149354,,
HSCEI,20230111,7304.81005859375,7403.9501953125,7271.35986328125,7310.919921875,7263.6298828125,47.2900390625,0.6510524328118595,1.8254004426215424,,
HSCEI,20230112,7365.85986328125,7403.2001953125,7219.31982421875,7311.83984375,7310.919921875,0.919921875,0.012582847094898443,2.515146835948259,,
HSCEI,20230113,7326.77978515625,7407.06005859375,7283.31982421875,7391.18017578125,7311.83984375,79.34033203125,1.0850939534605422,1.692326924813191,,
HSCEI,20230116,7423.4501953125,7445.02001953125,7288.18017578125,7350.33984375,7391.18017578125,-40.84033203125,-0.5525549514416102,2.1219864760423324,,
HSCEI,20230117,7333.7998046875,7389.14990234375,7249.5498046875,7314.0400390625,7350.33984375,-36.2998046875,-0.4938520593488715,1.8992332412351258,,
HSCEI,20230118,7291.080078125,7358.52001953125,7242.81982421875,7340.72998046875,7314.0400390625,26.68994140625,0.3649137995376775,1.5818917410155473,,
HSCEI,20230119,7249.27978515625,7353.259765625,7229.02978515625,7312.759765625,7340.72998046875,-27.97021484375,-0.38102770321438706,1.6923382388302637,,
HSCEI,20230120,7378.2900390625,7494.52978515625,7370.52978515625,7483.580078125,7312.759765625,170.8203125,2.3359212933942253,1.6956662597188723,,
HSCEI,20230126,7608.06982421875,7706.72021484375,7588.240234375,7706.72021484375,7483.580078125,223.14013671875,2.981729792282218,1.5831992072226877,,
HSCEI,20230127,7727.4501953125,7773.60986328125,7692.3798828125,7773.60986328125,7706.72021484375,66.8896484375,0.8679392344964757,1.054014914311988,,
HSCEI,20230130,7719.8798828125,7734.1201171875,7465.0498046875,7496.06982421875,7773.60986328125,-277.5400390625,-3.570285156365566,3.4613302858297175,,
HSCEI,20230131,7551.419921875,7586.240234375,7349.509765625,7424.919921875,7496.06982421875,-71.14990234375,-0.9491627481093445,3.1580611480586405,,
HSCEI,20230201,7459.16015625,7563.66015625,7406.39013671875,7560.39990234375,7424.919921875,135.47998046875,1.8246658804979745,2.1181375851328363,,
HSCEI,20230202,7639.02001953125,7644.85009765625,7495.7099609375,7505.7900390625,7560.39990234375,-54.60986328125,-0.7223144805385328,1.9726487837305542,,
HSCEI,20230203,7456.7001953125,7463.27978515625,7318.43994140625,7387.02001953125,7505.7900390625,-118.77001953125,-1.5823786558527928,1.929708171907391,,
HSCEI,20230206,7242.02978515625,7244.16015625,7142.41015625,7189.3701171875,7387.02001953125,-197.64990234375,-2.675637832592365,1.377416058586188,,
HSCEI,20230207,7216.02978515625,7315.72998046875,7210.2900390625,7232.25,7189.3701171875,42.8798828125,0.5964344874940827,1.4666088918440379,,
HSCEI,20230208,7219.14013671875,7270.58984375,7143.68994140625,7189.2900390625,7232.25,-42.9599609375,-0.5940054746102528,1.7546393217014071,,
HSCEI,20230209,7137.14013671875,7315.1201171875,7137.14013671875,7313.72998046875,7189.2900390625,124.43994140625,1.730907234652022,2.4756266543943606,,
HSCEI,20230210,7272.10986328125,7284.41015625,7115.669921875,7126.18994140625,7313.72998046875,-187.5400390625,-2.564218798934661,2.3071706889045576,,
HSCEI,20230213,7040.89990234375,7170.52978515625,7003.4599609375,7144.4501953125,7126.18994140625,18.26025390625,0.2562414706370653,2.344448093475617,,
HSCEI,20230214,7167.3798828125,7170.72998046875,7105.31005859375,7110.419921875,7144.4501953125,-34.0302734375,-0.47631759627672104,0.9156746857570964,,
HSCEI,20230215,7122.56005859375,7127.68017578125,6975.68017578125,7018.14013671875,7110.419921875,-92.27978515625,-1.2978106239879579,2.1377077819606183,,
HSCEI,20230216,7061.27978515625,7212.39013671875,7040.10009765625,7089.9501953125,7018.14013671875,71.81005859375,1.023206393643259,2.454924462979621,,
HSCEI,20230217,7086.2001953125,7128.60009765625,6986.52001953125,6991.27001953125,7089.9501953125,-98.68017578125,-1.3918317204328476,2.003964403289262,,
HSCEI,20230220,6976.06982421875,7100.85986328125,6946.2900390625,7063.93994140625,6991.27001953125,72.669921875,1.0394380659305784,2.210897645019203,,
HSCEI,20230221,7056.7001953125,7085.72998046875,6919.83984375,6925.06982421875,7063.93994140625,-138.8701171875,-1.9659017253741615,2.34840808521548,,
HSCEI,20230222,6879.66015625,6923.06982421875,6822.27978515625,6832.759765625,6925.06982421875,-92.31005859375,-1.3329837956422907,1.4554371525614271,,
HSCEI,20230223,6806.6298828125,6935.009765625,6806.18017578125,6859.9501953125,6832.759765625,27.1904296875,0.39794212909829796,1.885469331029024,,
HSCEI,20230224,6802.240234375,6813.5,6703.4501953125,6703.4501953125,6859.9501953125,-156.5,-2.281357670890069,1.6042362051359873,,
HSCEI,20230227,6644.75,6743.89013671875,6628.68994140625,6670.22021484375,6703.4501953125,-33.22998046875,-0.4957145872730825,1.718520940053462,,
HSCEI,20230228,6688.31005859375,6738.89013671875,6578.89013671875,6581.47021484375,6670.22021484375,-88.75,-1.3305407788860981,2.398721404189022,,
HSCEI,20230301,6594.8798828125,6935.64990234375,6594.8798828125,6914.2998046875,6581.47021484375,332.82958984375,5.057070517360864,5.177718783299853,,
HSCEI,20230302,6833.240234375,6900.58984375,6810.2900390625,6857.2001953125,6914.2998046875,-57.099609375,-0.8258191138354998,1.3059862493420071,,
HSCEI,20230303,6967.5,6993.10986328125,6892.1201171875,6939.6201171875,6857.2001953125,82.419921875,1.2019471435490723,1.4727548156284744,,
HSCEI,20230306,6887.93017578125,6973.2001953125,6859.14990234375,6937.5,6939.6201171875,-2.1201171875,-0.030550911313561125,1.6434659396741227,,
HSCEI,20230307,6932.8701171875,7100.9501953125,6846.2099609375,6912.27978515625,6937.5,-25.22021484375,-0.36353462837837835,3.6719313063063064,,
HSCEI,20230308,6808.419921875,6813.5400390625,6696.52001953125,6727.18017578125,6912.27978515625,-185.099609375,-2.677837343512794,1.6929294410585667,,
HSCEI,20230309,6727.14990234375,6751.9599609375,6645.08984375,6649.6298828125,6727.18017578125,-77.55029296875,-1.152790484903934,1.5886317059300232,,
HSCEI,20230310,6517.68017578125,6547.10009765625,6424.64990234375,6445.89990234375,6649.6298828125,-203.72998046875,-3.063779248756943,1.8414588100459657,,
HSCEI,20230313,6490.2001953125,6645.41015625,6488.58984375,6590.22998046875,6445.89990234375,144.330078125,2.239098966965359,2.4328691862400724,,
HSCEI,20230314,6549.669921875,6597.93994140625,6398.4599609375,6439.0,6590.22998046875,-151.22998046875,-2.294760287834345,3.0269046916411466,,
HSCEI,20230315,6527.330078125,6621.6201171875,6520.39990234375,6559.85986328125,6439.0,120.85986328125,1.8769974107974838,1.5719865638103743,,
HSCEI,20230316,6464.7099609375,6565.9599609375,6451.7099609375,6482.47021484375,6559.85986328125,-77.3896484375,-1.1797454526534596,1.741653059381851,,
HSCEI,20230317,6573.52001953125,6659.6201171875,6523.080078125,6615.7099609375,6482.47021484375,133.23974609375,2.0553853959660895,2.1062964354212785,,
HSCEI,20230320,6568.77978515625,6590.81005859375,6408.7900390625,6469.64990234375,6615.7099609375,-146.06005859375,-2.2077760279117813,2.751330100714637,,
HSCEI,20230321,6489.60986328125,6567.080078125,6447.72021484375,6549.77978515625,6469.64990234375,80.1298828125,1.2385505247118778,1.8449199737687458,,
HSCEI,20230322,6603.25,6726.8798828125,6603.25,6639.990234375,6549.77978515625,90.21044921875,1.3773050725032576,1.887542587197849,,
HSCEI,20230323,6654.85009765625,6837.72021484375,6630.97021484375,6836.4599609375,6639.990234375,196.4697265625,2.9588857758462206,3.113709398692522,,
HSCEI,20230324,6798.68994140625,6881.93994140625,6764.06982421875,6794.7998046875,6836.4599609375,-41.66015625,-0.6093819972330686,1.7241396550406505,,
HSCEI,20230327,6777.259765625,6777.259765625,6626.0400390625,6648.68017578125,6794.7998046875,-146.11962890625,-2.1504626053213087,2.2255214415320768,,
HSCEI,20230328,6680.06982421875,6762.5400390625,6645.419921875,6729.759765625,6648.68017578125,81.07958984375,1.2194839832888005,1.7615543850962547,,
HSCEI,20230329,6935.72021484375,6976.009765625,6851.85986328125,6878.93017578125,6729.759765625,149.17041015625,2.2165785310524586,1.8447895120699016,,
HSCEI,20230330,6892.1298828125,6934.14013671875,6809.41015625,6922.66015625,6878.93017578125,43.72998046875,0.6357090325282089,1.8132177138225454,,
HSCEI,20230331,7030.1298828125,7088.16015625,6952.56982421875,6968.85986328125,6922.66015625,46.19970703125,0.6673692769612476,1.9586449279737457,,
HSCEI,20230403,6958.31982421875,6998.77001953125,6885.9501953125,6940.4501953125,6968.85986328125,-28.40966796875,-0.4076659385624877,1.6189136592227211,,
HSCEI,20230404,6910.89013671875,6910.89013671875,6817.93994140625,6875.47021484375,6940.4501953125,-64.97998046875,-0.9362502235465465,1.3392531132242327,,
HSCEI,20230406,6816.509765625,6897.25,6795.52001953125,6894.0498046875,6875.47021484375,18.57958984375,0.2702300971886653,1.4796076092238863,,
HSCEI,20230411,6978.5400390625,7046.3798828125,6873.31982421875,6950.3701171875,6894.0498046875,56.3203125,0.8169408996973868,2.5102815253246438,,
HSCEI,20230412,6945.52001953125,6957.1201171875,6839.33984375,6866.5,6950.3701171875,-83.8701171875,-1.2067000141488644,1.694589949191948,,
HSCEI,20230413,6741.2001953125,6875.4501953125,6710.5,6875.4501953125,6866.5,8.9501953125,0.1303458139153863,2.402245617308673,,
HSCEI,20230414,6898.97998046875,6935.2900390625,6857.81982421875,6914.39990234375,6875.4501953125,38.94970703125,0.5665040968197963,1.12676570468894,,
HSCEI,20230417,6880.22021484375,7092.240234375,6852.47998046875,7056.16015625,6914.39990234375,141.76025390625,2.050217747142424,3.46754971208679,,
HSCEI,20230418,7004.52001953125,7052.25,6973.490234375,7002.91015625,7056.16015625,-53.25,-0.7546597415711117,1.1161844952631705,,
HSCEI,20230419,6999.490234375,7000.3798828125,6874.81982421875,6889.009765625,7002.91015625,-113.900390625,-1.6264722534437412,1.7929697196199124,,
HSCEI,20230420,6891.0400390625,6926.60009765625,6861.169921875,6895.2900390625,6889.009765625,6.2802734375,0.09116365996224171,0.9497762088788954,,
HSCEI,20230421,6872.0400390625,6889.7900390625,6727.27978515625,6764.18994140625,6895.2900390625,-131.10009765625,-1.9012992479439585,2.3568298503125082,,
HSCEI,20230424,6762.22021484375,6800.39990234375,6651.47998046875,6733.14013671875,6764.18994140625,-31.0498046875,-0.4590321229365842,2.201592846519625,,
HSCEI,20230425,6709.669921875,6709.669921875,6562.66015625,6601.35986328125,6733.14013671875,-131.7802734375,-1.9571889305978454,2.1833759975273885,,
HSCEI,20230426,6568.5498046875,6710.259765625,6567.31982421875,6654.39990234375,6601.35986328125,53.0400390625,0.8034714083309511,2.165310547624058,,
HSCEI,20230427,6625.22998046875,6691.89013671875,6599.7998046875,6675.39990234375,6654.39990234375,21.0,0.3155806730611964,1.3839013792786155,,
HSCEI,20230428,6709.60009765625,6801.259765625,6695.3701171875,6702.14990234375,6675.39990234375,26.75,0.4007250560465749,1.5862667403689457,,
HSCEI,20230502,6785.72021484375,6845.0,6632.56982421875,6680.2099609375,6702.14990234375,-21.93994140625,-0.32735676948343956,3.1695825798668413,,
HSCEI,20230503,6589.93017578125,6610.52978515625,6533.56982421875,6589.35009765625,6680.2099609375,-90.85986328125,-1.3601348432542193,1.1520590129280825,,
HSCEI,20230504,6598.830078125,6729.85009765625,6598.830078125,6718.7998046875,6589.35009765625,129.44970703125,1.9645292041364388,1.9883602720980358,,
HSCEI,20230505,6776.2998046875,6841.66015625,6746.77978515625,6797.75,6718.7998046875,78.9501953125,1.1750639639153837,1.4121624970512572,,
HSCEI,20230508,6811.240234375,6907.77001953125,6806.06982421875,6897.68017578125,6797.75,99.93017578125,1.4700478214298849,1.4960861360376596,,
HSCEI,20230509,6889.35986328125,6900.33984375,6719.2900390625,6735.1298828125,6897.68017578125,-162.55029296875,-2.356593649260334,2.6247926849840324,,
HSCEI,20230510,6741.75,6744.259765625,6659.16015625,6683.22998046875,6735.1298828125,-51.89990234375,-0.7705850257794479,1.2635184600102105,,
HSCEI,20230511,6729.93994140625,6738.58984375,6622.259765625,6695.10986328125,6683.22998046875,11.8798828125,0.17775660641962177,1.7406265902111127,,
HSCEI,20230512,6748.18994140625,6758.14990234375,6655.68017578125,6663.5498046875,6695.10986328125,-31.56005859375,-0.4713897043996008,1.5305159833819357,,
HSCEI,20230515,6632.47021484375,6821.4501953125,6606.490234375,6780.080078125,6663.5498046875,116.5302734375,1.7487717035674637,3.225907620384042,,
HSCEI,20230516,6852.2998046875,6854.66015625,6755.1298828125,6789.3701171875,6780.080078125,9.2900390625,0.13701960678123903,1.4679807950738044,,
HSCEI,20230517,6787.7099609375,6804.56982421875,6625.81982421875,6636.66015625,6789.3701171875,-152.7099609375,-2.2492507891256364,2.632792098746964,,
HSCEI,20230518,6687.740234375,6769.580078125,6668.77978515625,6715.56005859375,6636.66015625,78.89990234375,1.1888495189775072,1.5188406607474463,,
HSCEI,20230519,6641.22998046875,6659.85986328125,6566.35009765625,6593.919921875,6715.56005859375,-121.64013671875,-1.8113178298969999,1.392434358551193,,
HSCEI,20230522,6609.93017578125,6739.7099609375,6581.56005859375,6693.64013671875,6593.919921875,99.72021484375,1.5123055181931033,2.398420123652027,,
HSCEI,20230523,6721.7099609375,6753.330078125,6579.1201171875,6603.56982421875,6693.64013671875,-90.0703125,-1.3456103205475405,2.60261916355274,,
HSCEI,20230524,6545.43994140625,6557.6298828125,6448.93994140625,6478.080078125,6603.56982421875,-125.48974609375,-1.9003319330934212,1.6459270409714917,,
HSCEI,20230525,6413.41015625,6423.89013671875,6289.22021484375,6333.6298828125,6478.080078125,-144.4501953125,-2.229830344337289,2.078855467220136,,
HSCEI,20230529,6359.990234375,6378.43994140625,6239.3701171875,6251.0400390625,6333.6298828125,-82.58984375,-1.3039891070067597,2.1957365174770036,,
HSCEI,20230530,6268.990234375,6306.66015625,6189.3798828125,6283.7099609375,6251.0400390625,32.669921875,0.5226317808052254,1.8761721682251313,,
HSCEI,20230531,6207.89013671875,6213.330078125,6084.02001953125,6163.33984375,6283.7099609375,-120.3701171875,-1.9155899609590088,2.0578616676708856,,
HSCEI,20230601,6136.93017578125,6247.10009765625,6136.93017578125,6149.64013671875,6163.33984375,-13.69970703125,-0.22227732655602842,1.7875036046684813,,
HSCEI,20230602,6271.64990234375,6453.669921875,6271.64990234375,6428.330078125,6149.64013671875,278.68994140625,4.531808938578803,2.959848307942943,,
HSCEI,20230605,6435.72998046875,6468.330078125,6387.6201171875,6463.89990234375,6428.330078125,35.56982421875,0.5533291505952805,1.2555354183219118,,
HSCEI,20230606,6471.7099609375,6586.4599609375,6454.1201171875,6479.64013671875,6463.89990234375,15.740234375,0.24350987194731677,2.0473683960052473,,
HSCEI,20230607,6564.169921875,6595.990234375,6509.22021484375,6541.16015625,6479.64013671875,61.52001953125,0.949435743856037,1.3391178784689393,,
HSCEI,20230608,6526.990234375,6559.240234375,6458.60009765625,6540.02978515625,6541.16015625,-1.13037109375,-0.01728089615219013,1.5385670785417103,,
HSCEI,20230609,6559.3798828125,6614.27978515625,6520.2001953125,6589.31982421875,6540.02978515625,49.2900390625,0.7536668896275125,1.4385192871335266,,
HSCEI,20230612,6603.759765625,6603.759765625,6527.93017578125,6585.68017578125,6589.31982421875,-3.6396484375,-0.05523557111498269,1.1507954063034205,,
HSCEI,20230613,6570.58984375,6638.7099609375,6536.35009765625,6618.2900390625,6585.68017578125,32.60986328125,0.4951631784545556,1.5542792930892244,,
HSCEI,20230614,6632.6298828125,6675.33984375,6549.2900390625,6576.7900390625,6618.2900390625,-41.5,-0.6270501860005911,1.904567553605664,,
HSCEI,20230615,6672.47998046875,6773.68017578125,6635.56982421875,6772.60986328125,6576.7900390625,195.81982421875,2.977437671807803,2.09996595211647,,
HSCEI,20230616,6804.3701171875,6877.10986328125,6775.81005859375,6833.0,6772.60986328125,60.39013671875,0.8916819060575812,1.4957277435499796,,
HSCEI,20230619,6805.72021484375,6822.509765625,6703.490234375,6776.5498046875,6833.0,-56.4501953125,-0.8261407187545734,1.741834205327089,,
HSCEI,20230620,6758.6298828125,6758.6298828125,6614.77978515625,6654.93994140625,6776.5498046875,-121.60986328125,-1.7945690179555618,2.122763084493904,,
HSCEI,20230621,6546.509765625,6573.5,6489.2099609375,6505.81005859375,6654.93994140625,-149.1298828125,-2.240889987370607,1.2665785086662817,,
HSCEI,20230623,6477.06005859375,6480.93017578125,6355.9501953125,6394.5400390625,6505.81005859375,-111.27001953125,-1.7103176780310327,1.921051788219049,,
HSCEI,20230626,6384.68017578125,6444.39990234375,6363.2099609375,6372.18994140625,6394.5400390625,-22.35009765625,-0.34951845667896914,1.2696760190769438,,
HSCEI,20230627,6386.31005859375,6534.0498046875,6379.8701171875,6504.6201171875,6372.18994140625,132.43017578125,2.078252170744687,2.419571433333244,,
HSCEI,20230628,6481.0400390625,6541.22998046875,6458.2099609375,6521.22021484375,6504.6201171875,16.60009765625,0.25520472152380874,1.2763238749620724,,
HSCEI,20230629,6518.830078125,6519.0400390625,6390.52001953125,6426.58984375,6521.22021484375,-94.63037109375,-1.4511144843468127,1.9707971100057287,,
HSCEI,20230630,6406.64990234375,6474.669921875,6393.91015625,6424.8798828125,6426.58984375,-1.7099609375,-0.0266075940595925,1.2566503789492751,,
HSCEI,20230703,6457.5498046875,6614.7001953125,6457.5498046875,6590.81982421875,6424.8798828125,165.93994140625,2.5827711090780667,2.445966204681903,,
HSCEI,20230704,6575.240234375,6638.9501953125,6555.91015625,6613.39990234375,6590.81982421875,22.580078125,0.34259892892272403,1.2599348984986591,,
HSCEI,20230705,6587.31005859375,6596.7099609375,6479.56005859375,6489.93994140625,6613.39990234375,-123.4599609375,-1.8668152956204345,1.7714020635926273,,
HSCEI,20230706,6368.52001953125,6431.68017578125,6243.02978515625,6268.52978515625,6489.93994140625,-221.41015625,-3.41159021884607,2.906812579595659,,
HSCEI,20230707,6229.27978515625,6263.52001953125,6166.83984375,6198.85986328125,6268.52978515625,-69.669921875,-1.111423639399097,1.5423102241643116,,
HSCEI,20230710,6334.1201171875,6348.240234375,6209.18994140625,6235.240234375,6198.85986328125,36.38037109375,0.5868881035567198,2.2431591620970495,,
HSCEI,20230711,6310.56005859375,6347.6298828125,6265.169921875,6295.85009765625,6235.240234375,60.60986328125,0.972053377303839,1.322482500079093,,
HSCEI,20230712,6359.10986328125,6415.66015625,6332.81005859375,6377.990234375,6295.85009765625,82.14013671875,1.304671099925461,1.3159477492498197,,
HSCEI,20230713,6486.18994140625,6550.39013671875,6482.18994140625,6543.91015625,6377.990234375,165.919921875,2.601445216719731,1.0693054207723032,,
HSCEI,20230714,6610.5,6610.5,6533.47021484375,6558.8798828125,6543.91015625,14.9697265625,0.22875813091967068,1.1771216798060697,,
HSCEI,20230718,6521.93994140625,6521.93994140625,6390.759765625,6400.08984375,6558.8798828125,-158.7900390625,-2.4209932473166376,2.0000393073976968,,
HSCEI,20230719,6323.35986328125,6400.1201171875,6283.97021484375,6381.93994140625,6400.08984375,-18.14990234375,-0.28358824308496644,1.8148167475676307,,
HSCEI,20230720,6405.18017578125,6491.169921875,6349.77001953125,6364.1201171875,6381.93994140625,-17.81982421875,-0.27922268749560547,2.2156257132152324,,
HSCEI,20230721,6362.02001953125,6455.33984375,6346.7099609375,6415.02001953125,6364.1201171875,50.89990234375,0.7997948091250708,1.7069112589362452,,
HSCEI,20230724,6343.81982421875,6381.89990234375,6239.1298828125,6271.02978515625,6415.02001953125,-143.990234375,-2.244579657376057,2.2255584409178866,,
HSCEI,20230725,6479.330078125,6614.47998046875,6470.419921875,6604.2001953125,6271.02978515625,333.17041015625,5.312850067223029,2.2972312926139384,,
HSCEI,20230726,6559.7998046875,6576.22998046875,6507.83984375,6549.18994140625,6604.2001953125,-55.01025390625,-0.8329586063319966,1.0355551724081842,,
HSCEI,20230727,6619.25,6696.89013671875,6613.52978515625,6670.68017578125,6549.18994140625,121.490234375,1.8550421573040141,1.272834538443708,,
HSCEI,20230728,6597.60009765625,6823.85986328125,6590.27978515625,6808.47021484375,6670.68017578125,137.7900390625,2.0656070360375574,3.501593120489303,,
HSCEI,20230731,6961.58984375,7023.8798828125,6875.759765625,6899.31005859375,6808.47021484375,90.83984375,1.3342181265910806,2.175527137719868,,
HSCEI,20230801,6951.14990234375,7008.64013671875,6812.919921875,6854.52001953125,6899.31005859375,-44.7900390625,-0.6491959149844226,2.8368085095691815,,
HSCEI,20230802,6822.85009765625,6866.06982421875,6648.580078125,6669.3701171875,6854.52001953125,-185.14990234375,-2.701135919308491,3.172939104036976,,
HSCEI,20230803,6654.35009765625,6730.85009765625,6623.97021484375,6652.16015625,6669.3701171875,-17.2099609375,-0.25804477237136014,1.602548380649351,,
HSCEI,20230804,6762.509765625,6841.81982421875,6700.0498046875,6732.580078125,6652.16015625,80.419921875,1.2089294302308988,2.131187707470494,,
HSCEI,20230807,6705.39990234375,6754.080078125,6649.7099609375,6734.31005859375,6732.580078125,1.72998046875,0.025695653800998582,1.55022466834983,,
HSCEI,20230808,6639.89013671875,6661.56982421875,6560.5400390625,6587.75,6734.31005859375,-146.56005859375,-2.176318840661674,1.5002247338957082,,
HSCEI,20230809,6526.259765625,6618.5498046875,6526.259765625,6613.22998046875,6587.75,25.47998046875,0.3867781939015597,1.4009341438655079,,
HSCEI,20230810,6571.5498046875,6647.8798828125,6540.77001953125,6628.5498046875,6613.22998046875,15.31982421875,0.23165418810467742,1.6196300990224746,,
HSCEI,20230811,6648.0400390625,6652.6201171875,6524.6201171875,6540.6298828125,6628.5498046875,-87.919921875,-1.3263824586914295,1.9310407822459514,,
HSCEI,20230814,6401.06982421875,6432.990234375,6335.259765625,6423.83984375,6540.6298828125,-116.7900390625,-1.7856084376430084,1.494205764597942,,
HSCEI,20230815,6366.85986328125,6427.259765625,6341.259765625,6366.47998046875,6423.83984375,-57.35986328125,-0.8929217520430185,1.338763139988191,,
HSCEI,20230816,6290.2001953125,6329.14990234375,6257.8701171875,6272.85986328125,6366.47998046875,-93.6201171875,-1.4705161639510402,1.1196106070375458,,
HSCEI,20230817,6164.16015625,6323.18017578125,6133.2099609375,6292.330078125,6272.85986328125,19.47021484375,0.3103881685245458,3.0284466572536997,,
HSCEI,20230818,6249.91015625,6295.77978515625,6142.35009765625,6146.990234375,6292.330078125,-145.33984375,-2.3097937003538225,2.438360441919462,,
HSCEI,20230821,6080.5400390625,6136.27001953125,6016.22021484375,6030.64013671875,6146.990234375,-116.35009765625,-1.8927978282054323,1.9529851213389176,,
HSCEI,20230822,6044.75,6165.419921875,6003.58984375,6097.58984375,6030.64013671875,66.94970703125,1.1101592121807007,2.6834643496577657,,
HSCEI,20230823,6086.5,6177.009765625,6065.89013671875,6117.27001953125,6097.58984375,19.68017578125,0.322753354777086,1.8223532863586598,,
HSCEI,20230824,6163.25,6292.72998046875,6151.669921875,6267.9501953125,6117.27001953125,150.68017578125,2.463193144983916,2.305931537162374,,
HSCEI,20230825,6199.7001953125,6251.4599609375,6175.2900390625,6175.2900390625,6267.9501953125,-92.66015625,-1.4783167281593286,1.2152285755551127,,
HSCEI,20230828,6407.85009765625,6427.56005859375,6239.25,6246.22021484375,6175.2900390625,70.93017578125,1.1486128640529125,3.0494123741973787,,
HSCEI,20230829,6301.93994140625,6417.47998046875,6286.39013671875,6386.7998046875,6246.22021484375,140.57958984375,2.2506345439065925,2.0987067256846506,,
HSCEI,20230830,6449.669921875,6465.35009765625,6332.93017578125,6356.5,6386.7998046875,-30.2998046875,-0.47441293940764967,2.073337601372949,,
HSCEI,20230831,6396.8701171875,6430.31005859375,6303.77001953125,6332.419921875,6356.5,-24.080078125,-0.3788260540391725,1.990718777039251,,
HSCEI,20230904,6428.740234375,6561.08984375,6428.740234375,6533.4501953125,6332.419921875,201.0302734375,3.1746200649620833,2.0900321047535946,,
HSCEI,20230905,6496.02001953125,6496.02001953125,6390.919921875,6396.759765625,6533.4501953125,-136.6904296875,-2.0921630318016375,1.6086461902113418,,
HSCEI,20230906,6371.919921875,6419.0400390625,6322.7099609375,6403.7001953125,6396.759765625,6.9404296875,0.10849914553297095,1.5059198977998198,,
HSCEI,20230907,6403.72998046875,6403.72998046875,6304.77001953125,6314.669921875,6403.7001953125,-89.0302734375,-1.390294216188791,1.5453559335888112,,
HSCEI,20230911,6216.4599609375,6326.35009765625,6197.10009765625,6298.72021484375,6314.669921875,-15.94970703125,-0.2525818012434463,2.0468211577022872,,
HSCEI,20230912,6266.31005859375,6313.85009765625,6218.9501953125,6260.18994140625,6298.72021484375,-38.5302734375,-0.6117159061407176,1.5066537186412263,,
HSCEI,20230913,6298.3798828125,6315.27978515625,6220.4599609375,6235.7099609375,6260.18994140625,-24.47998046875,-0.3910421360673758,1.5146477200570412,,
HSCEI,20230914,6269.93994140625,6301.6201171875,6213.43994140625,6275.14990234375,6235.7099609375,39.43994140625,0.6324851805698873,1.4141160562893254,,
HSCEI,20230915,6314.64990234375,6379.72021484375,6260.27978515625,6309.58984375,6275.14990234375,34.43994140625,0.5488305768342966,1.9033876727453054,,
HSCEI,20230918,6259.58984375,6288.06005859375,6201.43994140625,6209.52001953125,6309.58984375,-100.06982421875,-1.5859957096557509,1.3728327725343676,,
HSCEI,20230919,6214.47021484375,6242.6298828125,6169.169921875,6235.64990234375,6209.52001953125,26.1298828125,0.4208035843400424,1.1830215653776959,,
HSCEI,20230920,6210.6201171875,6229.5400390625,6169.33984375,6181.72998046875,6235.64990234375,-53.919921875,-0.8647041241801194,0.9654197438164862,,
HSCEI,20230921,6146.18994140625,6165.669921875,6084.2099609375,6099.259765625,6181.72998046875,-82.47021484375,-1.3340960395280226,1.317753463753249,,
HSCEI,20230922,6064.240234375,6271.0,6064.240234375,6262.60986328125,6099.259765625,163.35009765625,2.6781954521248577,3.3899157204335437,,
HSCEI,20230925,6257.35986328125,6257.35986328125,6129.25,6130.25,6262.60986328125,-132.35986328125,-2.113493673896221,2.0456305929638057,,
HSCEI,20230926,6105.5400390625,6122.259765625,5998.7998046875,6030.77001953125,6130.25,-99.47998046875,-1.6227719990008562,2.0139465916969126,,
HSCEI,20230927,6036.6298828125,6110.83984375,6036.6298828125,6069.83984375,6030.77001953125,39.06982421875,0.6478413882840579,1.2305221505241228,,
HSCEI,20230928,6069.490234375,6086.5400390625,5984.0400390625,5990.56005859375,6069.83984375,-79.27978515625,-1.3061264744552181,1.68867717499239,,
HSCEI,20230929,6027.2001953125,6191.27001953125,6024.0498046875,6148.330078125,5990.56005859375,157.77001953125,2.633643899536926,2.791395348818254,,
HSCEI,20231003,6054.68017578125,6054.68017578125,5915.02978515625,5949.18017578125,6148.330078125,-199.14990234375,-3.2390893106455163,2.27135480448356,,
HSCEI,20231004,5915.58984375,5916.77001953125,5850.10986328125,5882.68017578125,5949.18017578125,-66.5,-1.1178010756964034,1.1204931483058698,,
HSCEI,20231005,5904.4599609375,5938.759765625,5882.68017578125,5887.97998046875,5882.68017578125,5.2998046875,0.09009166789857241,0.953299995376722,,
HSCEI,20231006,5936.39013671875,6023.5400390625,5936.39013671875,5974.2998046875,5887.97998046875,86.31982421875,1.4660346078805444,1.480132450056528,,
HSCEI,20231009,5979.33984375,6039.3798828125,5970.81982421875,5998.2998046875,5974.2998046875,24.0,0.4017207168138657,1.1475831617950782,,
HSCEI,20231010,6071.85009765625,6144.85009765625,6040.990234375,6052.509765625,5998.2998046875,54.2099609375,0.9037554424194747,1.731488366088112,,
HSCEI,20231011,6160.58984375,6180.39013671875,6123.52978515625,6132.8701171875,6052.509765625,80.3603515625,1.3277194862022954,0.9394508024660483,,
HSCEI,20231012,6272.1298828125,6289.47021484375,6239.89990234375,6267.33984375,6132.8701171875,134.4697265625,2.1926067892037318,0.8082726611326422,,
HSCEI,20231013,6152.60009765625,6191.02001953125,6106.8798828125,6115.8798828125,6267.33984375,-151.4599609375,-2.416654668703516,1.3425175403988558,,
HSCEI,20231016,6117.97021484375,6137.330078125,6031.72021484375,6049.81982421875,6115.8798828125,-66.06005859375,-1.0801398958046748,1.7268138894952163,,
HSCEI,20231017,6108.89013671875,6111.3798828125,6051.93994140625,6092.5498046875,6049.81982421875,42.72998046875,0.7063017033613556,0.982507630529738,,
HSCEI,20231018,6083.64990234375,6126.18017578125,6045.669921875,6075.68017578125,6092.5498046875,-16.86962890625,-0.276889470698636,1.321454177433344,,
HSCEI,20231019,6007.7001953125,6007.7001953125,5924.22998046875,5924.22998046875,6075.68017578125,-151.4501953125,-2.4927282366871055,1.3738414865298083,,
HSCEI,20231020,5870.31005859375,5938.02001953125,5855.39013671875,5871.7099609375,5924.22998046875,-52.52001953125,-0.8865290460431179,1.3947784452142753,,
HSCEI,20231024,5841.47998046875,5858.740234375,5763.66015625,5799.3798828125,5871.7099609375,-72.330078125,-1.2318401046064527,1.6192911223056927,,
HSCEI,20231025,5993.2001953125,5999.91015625,5818.31005859375,5853.97021484375,5799.3798828125,54.59033203125,0.9413132633893878,3.1313709625136714,,
HSCEI,20231026,5857.490234375,5897.22998046875,5802.93017578125,5859.5498046875,5853.97021484375,5.57958984375,0.09531291822431875,1.610869225955175,,
HSCEI,20231027,5892.1201171875,6015.64990234375,5862.35009765625,5979.009765625,5859.5498046875,119.4599609375,2.038722511445075,2.6162386155479695,,
HSCEI,20231030,5915.5400390625,5972.02978515625,5897.60009765625,5960.330078125,5979.009765625,-18.6796875,-0.3124210903182455,1.2448497396327582,,
HSCEI,20231031,5939.39013671875,5939.39013671875,5833.580078125,5861.740234375,5960.330078125,-98.58984375,-1.65410040144982,1.7752382369238806,,
HSCEI,20231101,5871.2001953125,5891.72021484375,5811.740234375,5859.56982421875,5861.740234375,-2.17041015625,-0.03702672021394031,1.3644408873618017,,
HSCEI,20231102,5934.06005859375,5995.93017578125,5887.990234375,5911.080078125,5859.56982421875,51.51025390625,0.8790791039531268,1.842113749717822,,
HSCEI,20231103,5972.83984375,6074.3798828125,5948.39013671875,6052.31005859375,5911.080078125,141.22998046875,2.389241536270107,2.1314166688419163,,
HSCEI,20231106,6150.2900390625,6202.3798828125,6145.77978515625,6182.0498046875,6052.31005859375,129.73974609375,2.143640111588978,0.9351817257921679,,
HSCEI,20231107,6131.16015625,6159.72021484375,6074.830078125,6087.10009765625,6182.0498046875,-94.94970703125,-1.535893595668786,1.3731713493214273,,
HSCEI,20231108,6084.56005859375,6116.43017578125,6029.490234375,6039.91015625,6087.10009765625,-47.18994140625,-0.7752450370319983,1.4282653482193428,,
HSCEI,20231109,6044.02001953125,6072.02978515625,6003.6298828125,6030.259765625,6039.91015625,-9.650390625,-0.15977705587249397,1.1324655594913262,,
HSCEI,20231110,5955.93017578125,5961.6201171875,5892.58984375,5900.81982421875,6030.259765625,-129.43994140625,-2.146506890865825,1.1447313402815813,,
HSCEI,20231113,5925.93017578125,5997.27001953125,5870.64990234375,5989.10009765625,5900.81982421875,88.2802734375,1.4960679374613515,2.1458055144780515,,
HSCEI,20231114,6014.10986328125,6031.18017578125,5953.9501953125,5964.5400390625,5989.10009765625,-24.56005859375,-0.4100792805810882,1.2895089280436784,,
HSCEI,20231115,6116.72021484375,6208.9501953125,6079.14990234375,6204.22021484375,5964.5400390625,239.68017578125,4.01841842307295,2.176199541266754,,
HSCEI,20231116,6252.259765625,6252.259765625,6079.10986328125,6116.7001953125,6204.22021484375,-87.52001953125,-1.4106530152146468,2.7908406914616695,,
HSCEI,20231117,6029.14013671875,6047.240234375,5956.68017578125,5974.47021484375,6116.7001953125,-142.22998046875,-2.3252730381938154,1.4805378014627921,,
HSCEI,20231120,6045.509765625,6106.5498046875,6014.5400390625,6103.33984375,5974.47021484375,128.86962890625,2.157005128020716,1.5400489468739669,,
HSCEI,20231121,6167.919921875,6216.830078125,6057.81005859375,6076.669921875,6103.33984375,-26.669921875,-0.4369725848104426,2.605459037220272,,
HSCEI,20231122,6080.10986328125,6105.47998046875,6045.259765625,6074.830078125,6076.669921875,-1.83984375,-0.030277171109407617,0.9910068445048702,,
HSCEI,20231123,6075.41015625,6175.72021484375,6039.27001953125,6171.009765625,6074.830078125,96.1796875,1.5832490170603408,2.2461565765246134,,
HSCEI,20231124,6130.52978515625,6130.52978515625,6035.3701171875,6041.14990234375,6171.009765625,-129.85986328125,-2.1043535533620696,1.5420437105581573,,
HSCEI,20231127,6089.8798828125,6089.8798828125,5956.4501953125,6025.22021484375,6041.14990234375,-15.9296875,-0.26368634709461275,2.208680295256935,,
HSCEI,20231128,6032.419921875,6032.419921875,5937.18017578125,5957.080078125,6025.22021484375,-68.14013671875,-1.1309152908781617,1.5806848994351623,,
HSCEI,20231129,5959.22021484375,5959.22021484375,5784.330078125,5818.8701171875,5957.080078125,-138.2099609375,-2.320095736920189,2.935836591503348,,
HSCEI,20231130,5820.509765625,5869.43994140625,5784.35009765625,5857.5400390625,5818.8701171875,38.669921875,0.6645606637752343,1.4623086962994016,,
HSCEI,20231201,5842.72998046875,5847.1298828125,5761.72998046875,5761.72998046875,5857.5400390625,-95.81005859375,-1.6356705708337662,1.457948247459496,,
HSCEI,20231204,5804.7998046875,5806.740234375,5692.240234375,5703.330078125,5761.72998046875,-58.39990234375,-1.0135827701352784,1.9872503638340366,,
HSCEI,20231205,5700.3701171875,5700.3701171875,5573.33984375,5609.6298828125,5703.330078125,-93.7001953125,-1.6429032517666315,2.2273000457175343,,
HSCEI,20231206,5611.64990234375,5711.1298828125,5576.35009765625,5663.919921875,5609.6298828125,54.2900390625,0.9678007318957129,2.402650227766461,,
HSCEI,20231207,5627.5498046875,5628.0498046875,5547.72998046875,5615.7998046875,5663.919921875,-48.1201171875,-0.8495903517571304,1.418096041727947,,
HSCEI,20231208,5625.8701171875,5650.2998046875,5564.080078125,5598.16015625,5615.7998046875,-17.6396484375,-0.31410750117509906,1.5353062708989826,,
HSCEI,20231211,5518.490234375,5562.89990234375,5443.60009765625,5532.490234375,5598.16015625,-65.669921875,-1.1730625784559519,2.1310537990648437,,
HSCEI,20231212,5550.3798828125,5634.58984375,5522.990234375,5614.5,5532.490234375,82.009765625,1.4823300566433728,2.017167760759858,,
HSCEI,20231213,5589.66015625,5590.68017578125,5518.419921875,5550.89990234375,5614.5,-63.60009765625,-1.1327829309154869,1.2870291906002316,,
HSCEI,20231214,5612.97021484375,5659.02978515625,5542.3798828125,5573.52978515625,5550.89990234375,22.6298828125,0.407679533240097,2.1014593020223087,,
HSCEI,20231215,5651.64990234375,5780.740234375,5651.64990234375,5700.39013671875,5573.52978515625,126.8603515625,2.276122250218558,2.316132451199075,,
HSCEI,20231218,5652.7001953125,5672.669921875,5612.169921875,5634.419921875,5700.39013671875,-65.97021484375,-1.1572929792788476,1.0613308659400795,,
HSCEI,20231219,5607.89990234375,5622.97998046875,5557.93994140625,5592.759765625,5634.419921875,-41.66015625,-0.7393867838685423,1.1543342520494324,,
HSCEI,20231220,5651.009765625,5665.72021484375,5591.1298828125,5612.64990234375,5592.759765625,19.89013671875,0.35564082049441015,1.333694547184156,,
HSCEI,20231221,5556.77001953125,5629.990234375,5549.91015625,5619.91015625,5612.64990234375,7.26025390625,0.1293551893058257,1.4267784294110324,,
HSCEI,20231222,5656.4501953125,5698.72998046875,5464.91015625,5488.990234375,5619.91015625,-130.919921875,-2.329573217988221,4.160561605397106,,
HSCEI,20231227,5579.39990234375,5621.83984375,5530.18994140625,5603.7001953125,5488.990234375,114.7099609375,2.089819002029275,1.6697042339370396,,
HSCEI,20231228,5617.91015625,5789.93017578125,5606.64013671875,5764.77001953125,5603.7001953125,161.06982421875,2.874347638253114,3.2708751837905656,,
HSCEI,20231229,5780.4501953125,5791.93017578125,5728.9501953125,5768.5,5764.77001953125,3.72998046875,0.06470302294996488,1.0924977103227282,,
HSCEI,20240102,5805.47021484375,5805.47021484375,5651.14013671875,5672.52978515625,5768.5,-95.97021484375,-1.6636944585897546,2.6753935706856202,,
HSCEI,20240103,5615.10986328125,5637.919921875,5602.43994140625,5628.7900390625,5672.52978515625,-43.73974609375,-0.7710800604028065,0.6254701484616833,,
HSCEI,20240104,5650.47998046875,5659.3798828125,5599.2099609375,5649.22998046875,5628.7900390625,20.43994140625,0.3631320632747276,1.0689672462009538,,
HSCEI,20240105,5620.93017578125,5692.33984375,5576.27978515625,5606.97998046875,5649.22998046875,-42.25,-0.7478895379737093,2.0544403218670135,,
HSCEI,20240108,5615.81005859375,5615.81005859375,5451.02978515625,5480.81982421875,5606.97998046875,-126.16015625,-2.2500554075360344,2.9388418366302815,,
HSCEI,20240109,5486.22998046875,5538.6298828125,5449.759765625,5449.759765625,5480.81982421875,-31.06005859375,-0.5667046097100515,1.6214748894827566,,
HSCEI,20240110,5436.47021484375,5483.14013671875,5398.68994140625,5421.22998046875,5449.759765625,-28.52978515625,-0.5235053724056787,1.549613174605962,,
HSCEI,20240111,5434.4599609375,5548.18994140625,5414.25,5494.47998046875,5421.22998046875,73.25,1.3511693889375709,2.4706559560985237,,
HSCEI,20240112,5464.47998046875,5541.85986328125,5454.02978515625,5481.93994140625,5494.47998046875,-12.5400390625,-0.22822977073492173,1.5985148446661002,,
HSCEI,20240115,5486.22021484375,5494.9599609375,5416.669921875,5446.52001953125,5481.93994140625,-35.419921875,-0.6461202102464831,1.4281447790253738,,
HSCEI,20240116,5391.5,5454.580078125,5329.89990234375,5343.2998046875,5446.52001953125,-103.22021484375,-1.8951590093050565,2.2891713485702105,,
HSCEI,20240117,5301.5498046875,5301.5498046875,5101.259765625,5132.81982421875,5343.2998046875,-210.47998046875,-3.9391385129485506,3.748433484619227,,
HSCEI,20240118,5149.64990234375,5197.56982421875,5102.580078125,5172.0498046875,5132.81982421875,39.22998046875,0.7642968545992372,1.8506347260729745,,
HSCEI,20240119,5167.81982421875,5209.8701171875,5087.8798828125,5127.240234375,5172.0498046875,-44.8095703125,-0.866379327435874,2.3586438449304676,,
HSCEI,20240122,5148.419921875,5148.5,4943.240234375,5001.9501953125,5127.240234375,-125.2900390625,-2.443615538482226,4.003318671297264,,
HSCEI,20240123,5030.740234375,5206.56005859375,5011.18017578125,5140.93017578125,5001.9501953125,138.97998046875,2.7785158796461618,3.9060741347564245,,
HSCEI,20240124,5232.10986328125,5382.10986328125,5167.89990234375,5353.0498046875,5140.93017578125,212.11962890625,4.12609433805459,4.166754918139834,,
HSCEI,20240125,5373.330078125,5479.6298828125,5313.85986328125,5468.7099609375,5353.0498046875,115.66015625,2.1606403913656846,3.0967397199646887,,
HSCEI,20240126,5438.18017578125,5460.259765625,5345.85986328125,5360.240234375,5468.7099609375,-108.4697265625,-1.9834609503391005,2.091899244262324,,
HSCEI,20240129,5394.85009765625,5472.5498046875,5380.3701171875,5408.93017578125,5360.240234375,48.68994140625,0.9083537169473004,1.7196932127939986,,
HSCEI,20240130,5344.3701171875,5344.3701171875,5258.10986328125,5275.3701171875,5408.93017578125,-133.56005859375,-2.4692509286174875,1.5947747725138794,,
HSCEI,20240131,5268.58984375,5288.58984375,5165.7099609375,5194.0400390625,5275.3701171875,-81.330078125,-1.5416942568640122,2.3293130165815157,,
HSCEI,20240201,5203.6298828125,5312.81982421875,5171.080078125,5223.47998046875,5194.0400390625,29.43994140625,0.5668023577955278,2.7288920575847806,,
HSCEI,20240202,5299.0,5349.0,5176.7998046875,5218.990234375,5223.47998046875,-4.48974609375,-0.08595315978117513,3.2966565576278315,,
HSCEI,20240205,5142.81982421875,5282.91015625,5142.81982421875,5217.35986328125,5218.990234375,-1.63037109375,-0.031239205680277445,2.684242080173705,,
HSCEI,20240206,5230.9501953125,5482.33984375,5230.9501953125,5473.75,5217.35986328125,256.39013671875,4.914173900925892,4.8183306312974645,,
HSCEI,20240207,5507.8798828125,5554.5400390625,5403.009765625,5421.52978515625,5473.75,-52.22021484375,-0.9540116893126285,2.7683082610184973,,
HSCEI,20240208,5397.56982421875,5436.7001953125,5338.35009765625,5360.080078125,5421.52978515625,-61.44970703125,-1.1334385213467753,1.8140654308591155,,
HSCEI,20240209,5300.43017578125,5311.759765625,5226.72021484375,5306.7900390625,5360.080078125,-53.2900390625,-0.9942022933571786,1.5865350804795724,,
HSCEI,20240214,5245.4599609375,5402.2998046875,5207.509765625,5386.31005859375,5306.7900390625,79.52001953125,1.498457993361615,3.670581229494274,,
HSCEI,20240215,5361.6298828125,5434.2099609375,5331.39013671875,5410.93994140625,5386.31005859375,24.6298828125,0.45726819556559906,1.908910239110781,,
HSCEI,20240216,5428.5498046875,5580.18994140625,5402.509765625,5558.85986328125,5410.93994140625,147.919921875,2.733719528894957,3.2837210855286756,,
HSCEI,20240219,5541.9501953125,5541.9501953125,5470.7001953125,5484.8798828125,5558.85986328125,-73.97998046875,-1.330848092743276,1.2817376539861716,,
HSCEI,20240220,5514.56982421875,5533.06005859375,5441.43994140625,5519.22998046875,5484.8798828125,34.35009765625,0.6262689136345532,1.6704124638098665,,
HSCEI,20240221,5498.0498046875,5740.39013671875,5478.43994140625,5642.77978515625,5519.22998046875,123.5498046875,2.2385333665151395,4.74613662122216,,
HSCEI,20240222,5642.60009765625,5758.4599609375,5618.06005859375,5758.4599609375,5642.77978515625,115.68017578125,2.0500565357087877,2.488133644929443,,
HSCEI,20240223,5728.06005859375,5832.669921875,5727.60986328125,5765.10009765625,5758.4599609375,6.64013671875,0.11531098182141324,1.8244471491757286,,
HSCEI,20240226,5750.91015625,5793.3701171875,5712.97998046875,5723.35986328125,5765.10009765625,-41.740234375,-0.7240157788755328,1.394427422889533,,
HSCEI,20240227,5739.83984375,5819.5498046875,5666.580078125,5806.89990234375,5723.35986328125,83.5400390625,1.4596328215959111,2.6727259899188165,,
HSCEI,20240228,5824.259765625,5827.009765625,5680.58984375,5688.4599609375,5806.89990234375,-118.43994140625,-2.039641519538608,2.521481760274579,,
HSCEI,20240229,5643.8701171875,5737.72021484375,5643.8701171875,5677.8798828125,5688.4599609375,-10.580078125,-0.18599195911816394,1.649833141143931,,
HSCEI,20240301,5633.6201171875,5749.2099609375,5606.18017578125,5728.83984375,5677.8798828125,50.9599609375,0.8975174182842579,2.5190702887043317,,
HSCEI,20240304,5742.43017578125,5742.43017578125,5665.6201171875,5712.830078125,5728.83984375,-16.009765625,-0.2794591236909197,1.3407611434197724,,
HSCEI,20240305,5613.0400390625,5658.93994140625,5538.89013671875,5562.72998046875,5712.830078125,-150.10009765625,-2.6274210085645353,2.1014068867054663,,
HSCEI,20240306,5561.93017578125,5718.72021484375,5561.93017578125,5672.97021484375,5562.72998046875,110.240234375,1.9817649744291645,2.818580797791805,,
HSCEI,20240307,5693.35986328125,5724.85986328125,5575.97998046875,5613.830078125,5672.97021484375,-59.14013671875,-1.042489815370534,2.6243727214175157,,
HSCEI,20240308,5624.83984375,5712.16015625,5624.83984375,5656.72021484375,5613.830078125,42.89013671875,0.7640084598548298,1.5554498672885497,,
HSCEI,20240311,5679.10986328125,5763.14013671875,5679.10986328125,5748.89013671875,5656.72021484375,92.169921875,1.6293880265305982,1.4854946019249262,,
HSCEI,20240312,5793.97998046875,5971.52978515625,5760.7099609375,5949.52001953125,5748.89013671875,200.6298828125,3.489888970586799,3.6671395557243684,,
HSCEI,20240313,5940.27001953125,5986.77978515625,5913.4501953125,5932.4599609375,5949.52001953125,-17.06005859375,-0.2867468054186685,1.2325295083136385,,
HSCEI,20240314,5940.97998046875,5999.2001953125,5872.5498046875,5906.8798828125,5932.4599609375,-25.580078125,-0.4311883821118552,2.1348713932994765,,
HSCEI,20240315,5828.97998046875,5857.89013671875,5745.43017578125,5820.5,5906.8798828125,-86.3798828125,-1.4623605782782756,1.9038809518495465,,
HSCEI,20240318,5803.2001953125,5869.60009765625,5792.39013671875,5848.14990234375,5820.5,27.64990234375,0.4750434214199811,1.3265176692294478,,
HSCEI,20240319,5807.169921875,5838.52978515625,5759.7900390625,5780.2099609375,5848.14990234375,-67.93994140625,-1.1617339251003442,1.346404374179835,,
HSCEI,20240320,5794.18017578125,5844.35009765625,5741.4599609375,5803.990234375,5780.2099609375,23.7802734375,0.4114084712874867,1.7800415108461236,,
HSCEI,20240321,5872.89013671875,5958.08984375,5872.89013671875,5905.27001953125,5803.990234375,101.27978515625,1.7450026803354237,1.4679505579909835,,
HSCEI,20240322,5847.1298828125,5853.9599609375,5696.22998046875,5757.669921875,5905.27001953125,-147.60009765625,-2.499463990098225,2.6710036958017094,,
HSCEI,20240325,5773.8701171875,5811.0400390625,5739.919921875,5754.64990234375,5757.669921875,-3.02001953125,-0.0524521129593779,1.2352239387203279,,
HSCEI,20240326,5811.830078125,5870.27978515625,5760.14990234375,5825.419921875,5754.64990234375,70.77001953125,1.2297884446876053,1.9137546971822974,,
HSCEI,20240327,5783.68017578125,5811.89013671875,5709.85009765625,5728.1298828125,5825.419921875,-97.2900390625,-1.6700948664175566,1.7516340526685474,,
HSCEI,20240328,5731.31005859375,5884.06005859375,5727.83984375,5810.7900390625,5728.1298828125,82.66015625,1.443056598594689,2.7272463795294777,,
HSCEI,20240402,5917.08984375,5985.2001953125,5917.08984375,5960.72021484375,5810.7900390625,149.93017578125,2.580202946128809,1.1721358215429305,,
HSCEI,20240403,5965.06005859375,5965.06005859375,5864.259765625,5874.990234375,5960.72021484375,-85.72998046875,-1.4382486910769603,1.6910757313810996,,
HSCEI,20240405,5885.7099609375,5905.77001953125,5756.83984375,5863.56982421875,5874.990234375,-11.42041015625,-0.1943902832285293,2.534985929165441,,
HSCEI,20240408,5831.990234375,5934.08984375,5809.740234375,5868.97021484375,5863.56982421875,5.400390625,0.0921007302188908,2.120715078063696,,
HSCEI,20240409,5898.64013671875,5966.52978515625,5886.08984375,5895.31982421875,5868.97021484375,26.349609375,0.44896478275450763,1.3705971995359933,,
HSCEI,20240410,5935.75,6042.6298828125,5929.919921875,6016.830078125,5895.31982421875,121.51025390625,2.0611308212163464,1.911854900127261,,
HSCEI,20240411,5910.919921875,6029.02001953125,5910.919921875,6003.97021484375,6016.830078125,-12.85986328125,-0.21373153494900535,1.9628291994752998,,
HSCEI,20240412,5972.7998046875,5997.39990234375,5879.580078125,5879.580078125,6003.97021484375,-124.39013671875,-2.071798031429561,1.9623652350483252,,
HSCEI,20240415,5795.02001953125,5871.419921875,5795.02001953125,5856.43994140625,5879.580078125,-23.14013671875,-0.39356784687469376,1.2994108648676481,,
HSCEI,20240416,5773.68017578125,5819.27001953125,5727.10009765625,5743.77978515625,5856.43994140625,-112.66015625,-1.9236969451947972,1.5738216868466364,,
HSCEI,20240417,5742.2900390625,5776.56005859375,5714.169921875,5749.68994140625,5743.77978515625,5.91015625,0.10289663725050392,1.086220904220352,,
HSCEI,20240418,5740.02978515625,5848.27978515625,5726.3798828125,5803.85986328125,5749.68994140625,54.169921875,0.942136400867404,2.1201126249589715,,
HSCEI,20240419,5745.66015625,5759.91015625,5678.08984375,5746.60986328125,5803.85986328125,-57.25,-0.9864125142338179,1.4097568588388065,,
HSCEI,20240422,5805.08984375,5889.68994140625,5805.08984375,5831.259765625,5746.60986328125,84.64990234375,1.4730407032611024,1.4721740237981684,,
HSCEI,20240423,5887.39990234375,5961.6298828125,5856.14013671875,5954.6201171875,5831.259765625,123.3603515625,2.1155008783814337,1.8090387040482583,,
HSCEI,20240424,6008.93017578125,6106.0400390625,5989.330078125,6100.22021484375,5954.6201171875,145.60009765625,2.445161820415509,1.9599900353110136,,
HSCEI,20240425,6080.3701171875,6183.7998046875,6066.14013671875,6120.3701171875,6100.22021484375,20.14990234375,0.33031434332024545,1.9287773854859716,,
HSCEI,20240426,6146.56005859375,6314.5498046875,6146.56005859375,6269.759765625,6120.3701171875,149.3896484375,2.4408597123559117,2.744764497525952,,
HSCEI,20240429,6275.75,6383.39990234375,6254.6298828125,6282.85986328125,6269.759765625,13.10009765625,0.208940982524936,2.053827010043559,,
HSCEI,20240430,6313.58984375,6340.419921875,6245.759765625,6273.75,6282.85986328125,-9.10986328125,-0.14499548739723656,1.5066412161000091,,
HSCEI,20240502,6269.47998046875,6441.330078125,6256.240234375,6437.08984375,6273.75,163.33984375,2.6035440326758317,2.950226638772664,,
HSCEI,20240503,6580.81005859375,6607.18994140625,6497.56005859375,6547.2900390625,6437.08984375,110.2001953125,1.7119567690902635,1.7030969813003862,,
HSCEI,20240506,6553.4599609375,6578.1298828125,6506.35009765625,6572.4501953125,6547.2900390625,25.16015625,0.3842835142461881,1.0963281713196882,,
HSCEI,20240507,6568.39990234375,6596.0498046875,6511.91015625,6526.669921875,6572.4501953125,-45.7802734375,-0.6965480464218761,1.2801869308573652,,
HSCEI,20240508,6536.22998046875,6580.93017578125,6450.60986328125,6456.72021484375,6526.669921875,-69.94970703125,-1.0717518714529177,1.996735150696287,,
HSCEI,20240509,6468.72998046875,6569.0498046875,6455.52001953125,6560.669921875,6456.72021484375,103.94970703125,1.6099459721403702,1.7583197254737695,,
HSCEI,20240510,6612.77978515625,6735.1298828125,6601.080078125,6718.85986328125,6560.669921875,158.18994140625,2.411185797944248,2.0432334850522302,,
HSCEI,20240513,6679.6298828125,6777.58984375,6656.81005859375,6761.64013671875,6718.85986328125,42.7802734375,0.636719239692665,1.7976232220040005,,
HSCEI,20240514,6803.259765625,6839.1298828125,6741.41015625,6741.41015625,6761.64013671875,-20.22998046875,-0.2991874761108936,1.445207443558522,,
HSCEI,20240516,6814.990234375,6896.330078125,6763.009765625,6871.3798828125,6741.41015625,129.9697265625,1.9279308564544813,1.977632415324826,,
HSCEI,20240517,6933.14013671875,6966.0498046875,6864.77978515625,6934.7001953125,6871.3798828125,63.3203125,0.9215079588072868,1.4737945108312005,,
HSCEI,20240520,6952.10986328125,6986.2001953125,6930.85009765625,6964.990234375,6934.7001953125,30.2900390625,0.43678945317599316,0.7981613638274343,,
HSCEI,20240521,6909.7099609375,6924.2001953125,6802.52001953125,6820.97021484375,6964.990234375,-144.02001953125,-2.0677705881115793,1.7470257916617007,,
HSCEI,20240522,6833.85009765625,6881.9599609375,6800.2001953125,6817.68017578125,6820.97021484375,-3.2900390625,-0.048234180166044985,1.1986530222207237,,
HSCEI,20240523,6773.419921875,6773.419921875,6659.33984375,6701.77978515625,6817.68017578125,-115.900390625,-1.6999974718191992,1.6732975907296408,,
HSCEI,20240524,6660.75,6710.1298828125,6579.72998046875,6605.240234375,6701.77978515625,-96.53955078125,-1.440506162185083,1.9457503308684108,,
HSCEI,20240527,6607.91015625,6703.5400390625,6565.31005859375,6688.1298828125,6605.240234375,82.8896484375,1.2549073992210849,2.092732066721409,,
HSCEI,20240528,6688.25,6761.52001953125,6671.009765625,6686.1298828125,6688.1298828125,-2.0,-0.02990372548146385,1.3532968930350455,,
HSCEI,20240529,6636.33984375,6650.52978515625,6540.1298828125,6557.47998046875,6686.1298828125,-128.64990234375,-1.924131068324892,1.6511779501553838,,
HSCEI,20240530,6531.4599609375,6579.47998046875,6440.0498046875,6462.9501953125,6557.47998046875,-94.52978515625,-1.4415565954879621,2.1262768044513813,,
HSCEI,20240531,6538.47998046875,6592.2998046875,6392.580078125,6392.580078125,6462.9501953125,-70.3701171875,-1.088823448439052,3.090225369636212,,
HSCEI,20240603,6470.330078125,6594.330078125,6466.06982421875,6531.990234375,6392.580078125,139.41015625,2.18081204374823,2.006392604218575,,
HSCEI,20240604,6498.56982421875,6589.77001953125,6498.56982421875,6554.31982421875,6531.990234375,22.32958984375,0.3418497126073331,1.3962083842770212,,
HSCEI,20240605,6566.64990234375,6659.72021484375,6523.31982421875,6542.47021484375,6554.31982421875,-11.849609375,-0.18079083250125697,2.0810762105472693,,
HSCEI,20240606,6598.47021484375,6640.7998046875,6518.56005859375,6555.06005859375,6542.47021484375,12.58984375,0.1924325726609468,1.868403555226111,,
HSCEI,20240607,6585.43994140625,6588.64013671875,6482.3701171875,6510.3701171875,6555.06005859375,-44.68994140625,-0.6817625011331672,1.6211906310748279,,
HSCEI,20240611,6434.58984375,6483.60009765625,6381.52978515625,6452.06005859375,6510.3701171875,-58.31005859375,-0.8956489038896629,1.5678112098501502,,
HSCEI,20240612,6410.18994140625,6424.8701171875,6334.85986328125,6359.35986328125,6452.06005859375,-92.7001953125,-1.4367534472812138,1.3950622450632932,,
HSCEI,20240613,6420.669921875,6441.2900390625,6366.2998046875,6421.81005859375,6359.35986328125,62.4501953125,0.9820201506929263,1.1792104234891836,,
HSCEI,20240614,6391.85986328125,6435.2900390625,6364.18017578125,6374.66015625,6421.81005859375,-47.14990234375,-0.7342151498338602,1.1073180712669919,,
HSCEI,20240617,6342.39990234375,6447.169921875,6305.490234375,6373.47998046875,6374.66015625,-1.18017578125,-0.018513548209984233,2.2225449518448595,,
HSCEI,20240618,6381.56982421875,6416.0,6348.259765625,6368.10009765625,6373.47998046875,-5.3798828125,-0.08441044498431649,1.0628453306919763,,
HSCEI,20240619,6419.990234375,6596.009765625,6413.60009765625,6587.77001953125,6368.10009765625,219.669921875,3.4495362589518423,2.864428403628345,,
HSCEI,20240620,6595.64013671875,6624.419921875,6531.43994140625,6556.10009765625,6587.77001953125,-31.669921875,-0.4807381220216528,1.4114029511213257,,
HSCEI,20240621,6500.7900390625,6522.0498046875,6408.7998046875,6439.81982421875,6556.10009765625,-116.2802734375,-1.773619555916622,1.7273988852074713,,
HSCEI,20240624,6395.509765625,6444.39990234375,6346.39013671875,6441.16015625,6439.81982421875,1.34033203125,0.020813191484167076,1.5219333506258477,,
HSCEI,20240625,6463.2998046875,6522.39990234375,6421.43017578125,6464.490234375,6441.16015625,23.330078125,0.36220304353653293,1.567570501480651,,
HSCEI,20240626,6417.97998046875,6499.10009765625,6416.43994140625,6477.240234375,6464.490234375,12.75,0.19723132896391013,1.2786801936903498,,
HSCEI,20240627,6426.35986328125,6435.8701171875,6314.16015625,6324.0498046875,6477.240234375,-153.1904296875,-2.3650570944475957,1.8790404019844726,,
HSCEI,20240628,6267.33984375,6384.009765625,6267.33984375,6331.85986328125,6324.0498046875,7.81005859375,0.12349774013419444,1.844860895758951,,
HSCEI,20240702,6323.89990234375,6449.830078125,6323.77978515625,6374.91015625,6331.85986328125,43.05029296875,0.6798996487335522,1.9907309335716907,,
HSCEI,20240703,6394.18017578125,6471.27978515625,6376.35009765625,6455.7001953125,6374.91015625,80.7900390625,1.2673125908024439,1.4891141235446332,,
HSCEI,20240704,6486.64990234375,6511.240234375,6436.580078125,6470.85986328125,6455.7001953125,15.15966796875,0.23482608408236602,1.1564997442757785,,
HSCEI,20240705,6473.490234375,6506.06005859375,6371.5400390625,6382.27001953125,6470.85986328125,-88.58984375,-1.3690582955242332,2.078858488260283,,
HSCEI,20240708,6320.89013671875,6362.39013671875,6260.27001953125,6284.72998046875,6382.27001953125,-97.5400390625,-1.5282969658758483,1.6000594909802996,,
HSCEI,20240709,6257.14013671875,6322.4501953125,6221.2001953125,6275.64013671875,6284.72998046875,-9.08984375,-0.14463379935572074,1.611047734980783,,
HSCEI,20240710,6311.9501953125,6373.27978515625,6244.0,6251.18017578125,6275.64013671875,-24.4599609375,-0.3897604133542465,2.0600254689531097,,
HSCEI,20240711,6303.83984375,6387.02001953125,6303.16015625,6371.77978515625,6251.18017578125,120.599609375,1.9292294572188986,1.3415044987208273,,
HSCEI,20240712,6443.080078125,6543.16015625,6443.080078125,6532.6298828125,6371.77978515625,160.85009765625,2.524413948375424,1.5706769772261646,,
HSCEI,20240715,6483.72998046875,6514.2900390625,6399.7099609375,6421.669921875,6532.6298828125,-110.9599609375,-1.6985496335777146,1.7539655572170534,,
HSCEI,20240716,6360.18994140625,6389.81005859375,6316.52978515625,6316.52978515625,6421.669921875,-105.14013671875,-1.6372709590786811,1.1411404561277048,,
HSCEI,20240717,6325.39013671875,6347.22021484375,6278.72998046875,6297.490234375,6316.52978515625,-19.03955078125,-0.30142422229991944,1.084301613457931,,
HSCEI,20240718,6258.8798828125,6343.8798828125,6242.31982421875,6306.7998046875,6297.490234375,9.3095703125,0.1478298491307456,1.6127068850282928,,
HSCEI,20240719,6242.93017578125,6257.97021484375,6150.25,6165.0400390625,6306.7998046875,-141.759765625,-2.2477289594579757,1.7080011761858596,,
HSCEI,20240722,6181.0,6276.02001953125,6126.06005859375,6253.93994140625,6165.0400390625,88.89990234375,1.442000405195564,2.4324247691391148,,
HSCEI,20240723,6266.0,6277.2998046875,6186.830078125,6194.68994140625,6253.93994140625,-59.25,-0.9474027661781022,1.4466036995896885,,
HSCEI,20240724,6189.5400390625,6218.509765625,6117.81982421875,6142.31982421875,6194.68994140625,-52.3701171875,-0.8454033645404941,1.6254234248791553,,
HSCEI,20240725,6115.830078125,6131.06005859375,5998.60986328125,6016.509765625,6142.31982421875,-125.81005859375,-2.048249882685846,2.1563545875657253,,
HSCEI,20240726,6050.43017578125,6102.6298828125,5970.0400390625,6010.64013671875,6016.509765625,-5.86962890625,-0.09755870321670222,2.2037667836516253,,
HSCEI,20240729,6074.7099609375,6133.60986328125,6050.5498046875,6080.56005859375,6010.64013671875,69.919921875,1.1632691408001972,1.3818837379123659,,
HSCEI,20240730,6065.35009765625,6065.35009765625,5970.7998046875,5986.68994140625,6080.56005859375,-93.8701171875,-1.5437741965040195,1.5549602677654766,,
HSCEI,20240731,6009.5498046875,6132.1201171875,5984.6201171875,6107.16015625,5986.68994140625,120.47021484375,2.0123008878500896,2.463798884586176,,
HSCEI,20240801,6101.52001953125,6139.8701171875,6065.7900390625,6086.39990234375,6107.16015625,-20.76025390625,-0.33993301919557795,1.2130036912358892,,
HSCEI,20240802,5995.4599609375,6011.580078125,5936.7099609375,5974.85009765625,6086.39990234375,-111.5498046875,-1.8327715312387611,1.2301215560724004,,
HSCEI,20240805,5888.08984375,5981.72021484375,5771.60986328125,5876.64013671875,5974.85009765625,-98.2099609375,-1.6437225927396029,3.5165794643939243,,
HSCEI,20240806,5939.85986328125,5959.02001953125,5839.43994140625,5852.60986328125,5876.64013671875,-24.0302734375,-0.4089117740484517,2.034837515025518,,
HSCEI,20240807,5868.66015625,5979.47998046875,5859.58984375,5933.169921875,5852.60986328125,80.56005859375,1.3764809286054858,2.0484901525886765,,
HSCEI,20240808,5897.3701171875,5994.52001953125,5857.2001953125,5941.47021484375,5933.169921875,8.30029296875,0.13989643104856403,2.314442802530661,,
HSCEI,20240809,6018.7001953125,6082.83984375,6011.35986328125,6017.85009765625,5941.47021484375,76.3798828125,1.2855384282105444,1.2030689018716185,,
HSCEI,20240812,6025.669921875,6048.39013671875,5986.14013671875,6029.66015625,6017.85009765625,11.81005859375,0.19625046157845674,1.0344225760000947,,
HSCEI,20240813,6046.6298828125,6085.27001953125,6012.75,6049.41015625,6029.66015625,19.75,0.32754748175199033,1.2027215075476503,,
HSCEI,20240814,6074.25,6083.06005859375,6001.18994140625,6025.16015625,6049.41015625,-24.25,-0.4008655285994438,1.3533570227985812,,
HSCEI,20240815,5988.259765625,6100.02978515625,5956.91015625,6035.27001953125,6025.16015625,10.10986328125,0.16779410039022563,2.375366383544006,,
HSCEI,20240816,6104.509765625,6180.06005859375,6094.35009765625,6161.89990234375,6035.27001953125,126.6298828125,2.09816433072095,1.4201512220683867,,
HSCEI,20240819,6215.81982421875,6271.77001953125,6214.02978515625,6225.85986328125,6161.89990234375,63.9599609375,1.0379909111014947,0.937052456062096,,
HSCEI,20240820,6261.06982421875,6261.06982421875,6171.0,6195.580078125,6225.85986328125,-30.27978515625,-0.4863550709651128,1.4467049724321934,,
HSCEI,20240821,6107.43017578125,6148.740234375,6073.41015625,6141.77978515625,6195.580078125,-53.80029296875,-0.8683657105604203,1.2158680410083171,,
HSCEI,20240822,6192.240234375,6230.4501953125,6127.10009765625,6224.240234375,6141.77978515625,82.46044921875,1.3426148788018157,1.6827385753235815,,
HSCEI,20240823,6169.39990234375,6227.240234375,6164.47998046875,6219.240234375,6224.240234375,-5.0,-0.08033108960650633,1.0083199160540113,,
HSCEI,20240826,6250.27001953125,6295.740234375,6246.58984375,6278.6298828125,6219.240234375,59.3896484375,0.9549341430684956,0.7902957398772898,,
HSCEI,20240827,6222.580078125,6310.43994140625,6210.08984375,6306.35986328125,6278.6298828125,27.72998046875,0.44165655543193777,1.5982801905707869,,
HSCEI,20240828,6290.08984375,6300.39013671875,6204.02001953125,6225.990234375,6306.35986328125,-80.36962890625,-1.2744218637791633,1.5281417374960562,,
HSCEI,20240829,6191.2900390625,6253.64990234375,6135.97021484375,6247.1298828125,6225.990234375,21.1396484375,0.3395387342688648,1.8901360758689554,,
HSCEI,20240830,6254.8701171875,6404.4501953125,6247.240234375,6331.14013671875,6247.1298828125,84.01025390625,1.3447816114306241,2.5165150058753545,,
HSCEI,20240902,6279.39013671875,6279.39013671875,6196.7900390625,6211.60986328125,6331.14013671875,-119.5302734375,-1.8879739013240222,1.3046638657892555,,
HSCEI,20240903,6204.240234375,6229.18994140625,6173.18017578125,6203.5498046875,6211.60986328125,-8.06005859375,-0.12975796566676703,0.9016948401104692,,
HSCEI,20240904,6139.9599609375,6163.25,6084.68994140625,6133.97998046875,6203.5498046875,-69.56982421875,-1.1214518527147463,1.2663726586734065,,
HSCEI,20240905,6130.16015625,6155.5400390625,6066.10986328125,6105.5400390625,6133.97998046875,-28.43994140625,-0.463645813921888,1.4579469784056236,,
HSCEI,20240909,6036.740234375,6045.22021484375,5955.31982421875,6002.91015625,6105.5400390625,-102.6298828125,-1.680930468982048,1.4724396212264317,,
HSCEI,20240910,6002.52001953125,6052.02978515625,5978.4599609375,6026.33984375,6002.91015625,23.4296875,0.39030548334304,1.2255693039508833,,
HSCEI,20240911,5956.0400390625,5987.580078125,5928.3701171875,5982.5498046875,6026.33984375,-43.7900390625,-0.7266440359800692,0.9825194475035699,,
HSCEI,20240912,6001.68017578125,6059.490234375,5976.2099609375,6017.52978515625,5982.5498046875,34.97998046875,0.5847001965841083,1.3920531572047676,,
HSCEI,20240913,6041.7001953125,6127.85986328125,6041.7001953125,6071.52001953125,6017.52978515625,53.990234375,0.8972159059051188,1.4318112422357174,,
HSCEI,20240916,6027.7900390625,6090.580078125,5994.31982421875,6090.16015625,6071.52001953125,18.64013671875,0.30700939235623415,1.5854391255664797,,
HSCEI,20240917,6072.81982421875,6195.6201171875,6071.52978515625,6176.02978515625,6090.16015625,85.86962890625,1.4099732470602875,2.0375544952443136,,
HSCEI,20240919,6173.3798828125,6330.7001953125,6147.97021484375,6305.509765625,6176.02978515625,129.47998046875,2.0964921636218152,2.9586965546690127,,
HSCEI,20240920,6316.5498046875,6430.3701171875,6304.89013671875,6381.5,6305.509765625,75.990234375,1.2051402217988298,1.99000533077935,,
HSCEI,20240923,6378.97998046875,6453.52978515625,6374.47021484375,6389.080078125,6381.5,7.580078125,0.11878207513907389,1.238886943704458,,
HSCEI,20240924,6511.43017578125,6721.7001953125,6498.77001953125,6714.47021484375,6389.080078125,325.39013671875,5.092910602777138,3.4892374654141634,,
HSCEI,20240925,6944.7998046875,6944.7998046875,6742.47021484375,6765.60009765625,6714.47021484375,51.1298828125,0.761487968171586,3.01333662031083,,
HSCEI,20240926,6845.240234375,7102.14990234375,6783.64013671875,7086.7001953125,6765.60009765625,321.10009765625,4.7460697206665525,4.707782916926153,,
HSCEI,20240927,7255.919921875,7358.64990234375,7165.47998046875,7299.89990234375,7086.7001953125,213.19970703125,3.0084482362083134,2.7258091431999945,,
HSCEI,20240930,7499.1201171875,7646.2001953125,7345.259765625,7509.7900390625,7299.89990234375,209.89013671875,2.875246777717615,4.122528167692796,,
HSCEI,20241002,7578.97998046875,8146.25,7578.97998046875,8041.27001953125,7509.7900390625,531.47998046875,7.0771616477189605,7.553740072366474,,
HSCEI,20241003,8034.10009765625,8034.10009765625,7645.58984375,7914.16015625,8041.27001953125,-127.10986328125,-1.5807187542827918,4.831453899229931,,
HSCEI,20241004,7874.93017578125,8161.9501953125,7804.990234375,8156.5,7914.16015625,242.33984375,3.062104366925383,4.510395972409027,,
HSCEI,20241007,8243.759765625,8372.9697265625,8162.31005859375,8330.849609375,8156.5,174.349609375,2.137554212897689,2.5827213629467294,,
HSCEI,20241008,8234.3798828125,8259.1796875,7421.27978515625,7483.669921875,8330.849609375,-847.1796875,-10.169187144449692,10.05779652294805,,
HSCEI,20241009,7616.08984375,7671.330078125,7197.52001953125,7365.58984375,7483.669921875,-118.080078125,-1.5778365341828915,6.331252761546691,,
HSCEI,20241010,7525.419921875,7780.18017578125,7502.169921875,7620.740234375,7365.58984375,255.150390625,3.464086326249966,3.7744465793483317,,
HSCEI,20241014,7606.47021484375,7680.1298828125,7418.7998046875,7579.93994140625,7620.740234375,-40.80029296875,-0.5353849063731557,3.429195459861157,,
HSCEI,20241015,7555.39990234375,7570.47021484375,7216.919921875,7277.830078125,7579.93994140625,-302.10986328125,-3.9856498285816473,4.664288842678594,,
HSCEI,20241016,7212.66015625,7370.47021484375,7203.740234375,7267.97998046875,7277.830078125,-9.85009765625,-0.13534388066927358,2.290929833191502,,
HSCEI,20241017,7331.60986328125,7462.43017578125,7143.4599609375,7179.43994140625,7267.97998046875,-88.5400390625,-1.2182207339650597,4.388705193202499,,
HSCEI,20241018,7185.5400390625,7534.3701171875,7170.5498046875,7471.9501953125,7179.43994140625,292.51025390625,4.074276772192839,5.067530552093983,,
HSCEI,20241021,7442.72021484375,7496.169921875,7321.60009765625,7340.56005859375,7471.9501953125,-131.39013671875,-1.7584450281959467,2.3363354901410576,,
HSCEI,20241022,7334.35009765625,7416.240234375,7317.3798828125,7363.0,7340.56005859375,22.43994140625,0.30569794712024845,1.346768513211224,,
HSCEI,20241023,7369.8798828125,7550.14990234375,7345.669921875,7478.22998046875,7363.0,115.22998046875,1.5649868323882927,2.77712862241953,,
HSCEI,20241024,7389.7099609375,7437.0400390625,7347.14013671875,7359.14013671875,7478.22998046875,-119.08984375,-1.5924870465475471,1.2021548224452292,,
HSCEI,20241025,7364.31005859375,7463.06005859375,7364.31005859375,7385.259765625,7359.14013671875,26.11962890625,0.3549277282535357,1.3418687260388287,,
HSCEI,20241028,7391.89013671875,7425.31982421875,7318.14990234375,7391.22021484375,7385.259765625,5.96044921875,0.08070737398423221,1.4511327329856003,,
HSCEI,20241029,7447.6201171875,7504.72998046875,7373.16015625,7417.52978515625,7391.22021484375,26.3095703125,0.3559570618618915,1.7800825898072823,,
HSCEI,20241030,7365.740234375,7404.9599609375,7243.22998046875,7286.5,7417.52978515625,-131.02978515625,-1.7664881564542294,2.1803752078272667,,
HSCEI,20241031,7302.64013671875,7358.35986328125,7264.10986328125,7264.10986328125,7286.5,-22.39013671875,-0.3072824637171481,1.2934879571810882,,
HSCEI,20241101,7311.25,7409.4599609375,7278.58984375,7342.66015625,7264.10986328125,78.55029296875,1.0813478106355108,1.8015988145915107,,
HSCEI,20241104,7376.6298828125,7398.85986328125,7321.22998046875,7367.64990234375,7342.66015625,24.98974609375,0.34033641162704464,1.05724466556473,,
HSCEI,20241105,7303.2998046875,7556.6201171875,7303.2998046875,7556.6201171875,7367.64990234375,188.97021484375,2.5648642015907406,3.4382783636260372,,
HSCEI,20241106,7473.97998046875,7494.64990234375,7306.60986328125,7363.47021484375,7556.6201171875,-193.14990234375,-2.5560356263567012,2.488414610585012,,
HSCEI,20241107,7308.97021484375,7561.0400390625,7303.9501953125,7546.9501953125,7363.47021484375,183.47998046875,2.4917596610750112,3.491422335514334,,
HSCEI,20241108,7644.27978515625,7706.60009765625,7450.64013671875,7461.43994140625,7546.9501953125,-85.51025390625,-1.133043834837567,3.39156817407487,,
HSCEI,20241111,7284.7900390625,7395.16015625,7242.97021484375,7355.56982421875,7461.43994140625,-105.8701171875,-1.418896593940107,2.039685939997889,,
HSCEI,20241112,7317.39013671875,7398.919921875,7098.75,7127.14013671875,7355.56982421875,-228.4296875,-3.1055335338926238,4.08085204883337,,
HSCEI,20241113,7059.41015625,7139.0400390625,7035.669921875,7130.93017578125,7127.14013671875,3.7900390625,0.053177557755232925,1.4503730136431745,,
HSCEI,20241114,7046.91015625,7141.919921875,6952.68017578125,6973.080078125,7130.93017578125,-157.85009765625,-2.2135975779479047,2.6537876746635973,,
HSCEI,20241115,6993.97021484375,7052.02978515625,6934.759765625,6980.06005859375,6973.080078125,6.97998046875,0.10009895757036617,1.681753518063468,,
HSCEI,20241118,7044.509765625,7130.080078125,6999.89013671875,7057.10009765625,6980.06005859375,77.0400390625,1.1037159912062562,1.8651693583347038,,
HSCEI,20241119,7103.6298828125,7126.9501953125,7023.08984375,7082.2099609375,7057.10009765625,25.10986328125,0.3558099351543745,1.4717143036839353,,
HSCEI,20241120,7061.0,7114.89990234375,7041.169921875,7090.85986328125,7082.2099609375,8.64990234375,0.12213563833124454,1.0410589473541967,,
HSCEI,20241121,7060.85986328125,7104.64013671875,7015.64013671875,7034.89013671875,7090.85986328125,-55.9697265625,-0.7893221364073097,1.2551369187377486,,
HSCEI,20241122,7041.2900390625,7073.08984375,6853.7001953125,6887.0498046875,7034.89013671875,-147.84033203125,-2.1015300759224997,3.118593811328927,,
HSCEI,20241125,6925.81982421875,6942.669921875,6836.22021484375,6862.2001953125,6887.0498046875,-24.849609375,-0.3608164610351261,1.5456503154485342,,
HSCEI,20241126,6813.43994140625,6911.81982421875,6813.43994140625,6851.56005859375,6862.2001953125,-10.64013671875,-0.15505430351650437,1.4336492671796768,,
HSCEI,20241127,6858.6201171875,7052.2998046875,6802.4599609375,7027.39990234375,6851.56005859375,175.83984375,2.5664205268032094,3.64646652168847,,
HSCEI,20241128,7016.3798828125,7016.3798828125,6906.47021484375,6924.509765625,7027.39990234375,-102.89013671875,-1.4641281006995843,1.5640161296654453,,
HSCEI,20241129,6919.39013671875,7042.2900390625,6899.740234375,6946.68017578125,6924.509765625,22.17041015625,0.32017299284217154,2.0586266683477423,,
HSCEI,20241202,6947.56982421875,7053.56982421875,6927.56005859375,7009.0498046875,6946.68017578125,62.36962890625,0.8978336029301317,1.8139566301658399,,
HSCEI,20241203,7018.2001953125,7089.39990234375,6932.240234375,7072.1298828125,7009.0498046875,63.080078125,0.8999804521693286,2.2422392813309022,,
HSCEI,20241204,7073.4501953125,7122.669921875,7028.85009765625,7085.0,7072.1298828125,12.8701171875,0.18198360890936738,1.326613421605303,,
HSCEI,20241205,7026.81005859375,7054.0498046875,6981.56982421875,7014.1298828125,7085.0,-70.8701171875,-1.0002839405434016,1.023006075776288,,
HSCEI,20241206,7041.2099609375,7160.43017578125,7021.0400390625,7136.5498046875,7014.1298828125,122.419921875,1.745332976724299,1.987276241637799,,
HSCEI,20241209,7087.9599609375,7372.35009765625,7074.41015625,7360.669921875,7136.5498046875,224.1201171875,3.1404547480393283,4.174845682581156,,
HSCEI,20241210,7615.06982421875,7615.06982421875,7304.330078125,7306.16015625,7360.669921875,-54.509765625,-0.7405544088181936,4.221623159194653,,
HSCEI,20241211,7343.75,7382.740234375,7228.35986328125,7249.3798828125,7306.16015625,-56.7802734375,-0.777156156218773,2.113016520198869,,
HSCEI,20241212,7279.9599609375,7415.3701171875,7244.169921875,7360.10009765625,7249.3798828125,110.72021484375,1.5273060128391909,2.3615839986313487,,
HSCEI,20241213,7295.330078125,7295.330078125,7169.10009765625,7186.58984375,7360.10009765625,-173.51025390625,-2.3574442141283187,1.7150579311950753,,
HSCEI,20241216,7180.8701171875,7226.830078125,7110.72021484375,7132.68994140625,7186.58984375,-53.89990234375,-0.7500066584518583,1.61564616606342,,
HSCEI,20241217,7095.14013671875,7196.68017578125,7079.169921875,7105.43994140625,7132.68994140625,-27.25,-0.3820438042849723,1.647488603480249,,
HSCEI,20241218,7180.490234375,7215.52978515625,7160.509765625,7180.7900390625,7105.43994140625,75.35009765625,1.0604564710645816,0.7743365644486877,,
HSCEI,20241219,7091.27978515625,7186.68017578125,7083.10986328125,7152.1298828125,7180.7900390625,-28.66015625,-0.39912260481218265,1.4423247572564006,,
HSCEI,20241220,7134.41015625,7201.9501953125,7123.7900390625,7143.8798828125,7152.1298828125,-8.25,-0.11535025419247243,1.0928235019588926,,
HSCEI,20241223,7194.2001953125,7232.35986328125,7144.3798828125,7213.85009765625,7143.8798828125,69.97021484375,0.9794427676771515,1.231543389754096,,
HSCEI,20241224,7225.68994140625,7332.490234375,7221.06982421875,7303.919921875,7213.85009765625,90.06982421875,1.2485680045945688,1.544534591763281,,
HSCEI,20241227,7301.3798828125,7343.169921875,7263.7900390625,7305.35986328125,7303.919921875,1.43994140625,0.019714638463346548,1.0868120634066627,,
HSCEI,20241230,7321.490234375,7348.72021484375,7254.97998046875,7280.47998046875,7305.35986328125,-24.8798828125,-0.34057025633402593,1.2831706600268145,,
HSCEI,20241231,7266.6201171875,7336.58984375,7266.6201171875,7289.89013671875,7280.47998046875,9.41015625,0.12925186629514132,0.9610592536509527,,
HSCEI,20250102,7226.7001953125,7226.7001953125,7066.52001953125,7090.56005859375,7289.89013671875,-199.330078125,-2.734335832044794,2.19729204113011,,
HSCEI,20250103,7122.330078125,7204.27978515625,7087.580078125,7159.27978515625,7090.56005859375,68.7197265625,0.9691720540355874,1.6458461118287842,,
HSCEI,20250106,7189.419921875,7195.2001953125,7117.3701171875,7135.47998046875,7159.27978515625,-23.7998046875,-0.33243294579498783,1.0871216164280884,,
HSCEI,20250107,7069.66015625,7125.9599609375,6959.990234375,7049.7099609375,7135.47998046875,-85.77001953125,-1.202021724761612,2.3259784487769943,,
HSCEI,20250108,7032.18017578125,7076.6201171875,6930.02001953125,6990.64990234375,7049.7099609375,-59.06005859375,-0.8377657935007576,2.079519561351635,,
HSCEI,20250109,6990.41015625,7048.4501953125,6970.27978515625,6978.97021484375,6990.64990234375,-11.6796875,-0.16707584649725,1.1182137748028529,,
HSCEI,20250110,7011.64990234375,7030.18017578125,6891.02001953125,6898.14990234375,6978.97021484375,-80.8203125,-1.1580549853630442,1.9939926947104132,,
HSCEI,20250113,6850.81005859375,6863.43017578125,6762.64990234375,6843.7099609375,6898.14990234375,-54.43994140625,-0.789196265331277,1.4609754044814014,,
HSCEI,20250114,6847.64990234375,7028.1298828125,6847.64990234375,6987.35986328125,6843.7099609375,143.64990234375,2.0990062869945443,2.6371658281676593,,
HSCEI,20250115,6962.8701171875,7024.39013671875,6959.89013671875,7011.60009765625,6987.35986328125,24.240234375,0.346915499549165,0.9230954360737752,,
HSCEI,20250116,7076.3798828125,7146.9501953125,7018.72998046875,7098.759765625,7011.60009765625,87.15966796875,1.2430781384392509,1.828686933908422,,
HSCEI,20250117,7085.3701171875,7123.8798828125,7045.41015625,7108.81005859375,7098.759765625,10.05029296875,0.1415781530939741,1.1054005087266288,,
HSCEI,20250120,7196.25,7295.81982421875,7180.39990234375,7235.7099609375,7108.81005859375,126.89990234375,1.7851075116339945,1.6236180306360883,,
HSCEI,20250121,7307.580078125,7353.990234375,7232.919921875,7320.8798828125,7235.7099609375,85.169921875,1.1770776100036617,1.6732333544822384,,
HSCEI,20250122,7269.740234375,7280.43017578125,7161.22021484375,7177.14013671875,7320.8798828125,-143.73974609375,-1.9634217251837873,1.6283556463940025,,
HSCEI,20250123,7221.0498046875,7294.10009765625,7140.14013671875,7164.22021484375,7177.14013671875,-12.919921875,-0.18001490327464525,2.145143580934558,,
HSCEI,20250124,7202.830078125,7342.330078125,7174.22021484375,7312.16015625,7164.22021484375,147.93994140625,2.0649831659240325,2.3465200432133346,,
HSCEI,20250127,7345.2900390625,7417.68994140625,7340.06982421875,7382.81005859375,7312.16015625,70.64990234375,0.9661974140892232,1.061521021543202,,
HSCEI,20250128,7428.93017578125,7428.93017578125,7347.18017578125,7382.1298828125,7382.81005859375,-0.68017578125,-0.009212966009578707,1.107301953472868,,
HSCEI,20250203,7313.8798828125,7384.3798828125,7195.39013671875,7384.10986328125,7382.1298828125,1.97998046875,0.026821262971272082,2.560097818568145,,
HSCEI,20250204,7499.2001953125,7676.169921875,7444.419921875,7643.6298828125,7384.10986328125,259.52001953125,3.5145741915590625,3.1384960989328796,,
HSCEI,20250205,7652.330078125,7652.330078125,7472.3701171875,7566.27001953125,7643.6298828125,-77.35986328125,-1.0120827992365478,2.3543782691801804,,
HSCEI,20250206,7566.60986328125,7690.35009765625,7533.990234375,7690.35009765625,7566.27001953125,124.080078125,1.6399107856936763,2.0665382398147205,,
HSCEI,20250207,7669.64990234375,7805.14013671875,7650.4599609375,7784.06982421875,7690.35009765625,93.7197265625,1.2186665804858805,2.0113541492524654,,
HSCEI,20250210,7816.60986328125,7954.490234375,7814.580078125,7946.81005859375,7784.06982421875,162.740234375,2.0906831265652666,1.7973908175218882,,
HSCEI,20250211,7990.64990234375,7997.81005859375,7837.2099609375,7842.72021484375,7946.81005859375,-104.08984375,-1.3098317813376745,2.020937916876164,,
HSCEI,20250212,7934.0498046875,8058.080078125,7879.68994140625,8058.080078125,7842.72021484375,215.35986328125,2.7459842679794053,2.274595189321108,,
HSCEI,20250213,8082.41015625,8293.5302734375,7973.43994140625,8002.6298828125,8058.080078125,-55.4501953125,-0.6881315992754748,3.9722902841359007,,
HSCEI,20250214,8083.0,8331.400390625,8083.0,8331.400390625,8002.6298828125,328.7705078125,4.108280810519687,3.1039844933788245,,
HSCEI,20250217,8376.1298828125,8468.6396484375,8207.349609375,8323.669921875,8331.400390625,-7.73046875,-0.09278714726876883,3.1362079219781527,,
HSCEI,20250218,8343.9697265625,8537.3203125,8321.1796875,8475.400390625,8323.669921875,151.73046875,1.8228794531033135,2.59669865610567,,
HSCEI,20250219,8394.099609375,8477.23046875,8334.6904296875,8463.099609375,8475.400390625,-12.30078125,-0.14513510492797976,1.6818089115904138,,
HSCEI,20250220,8390.6298828125,8440.259765625,8262.1396484375,8322.5595703125,8463.099609375,-140.5400390625,-1.6606213509151746,2.1046676207164974,,
HSCEI,20250221,8526.509765625,8666.7197265625,8449.169921875,8666.7197265625,8322.5595703125,344.16015625,4.135268162905769,2.613977140680668,,
HSCEI,20250224,8670.5302734375,8766.1201171875,8560.58984375,8618.8798828125,8666.7197265625,-47.83984375,-0.551994817639901,2.3714886360934613,,
HSCEI,20250225,8379.8203125,8595.5595703125,8379.8203125,8499.1904296875,8618.8798828125,-119.689453125,-1.3886891887619985,2.503100875587331,,
HSCEI,20250226,8568.7998046875,8869.5498046875,8568.7998046875,8792.8896484375,8499.1904296875,293.69921875,3.4556140514761804,3.538572320364612,,
HSCEI,20250227,8795.8896484375,8911.669921875,8624.1201171875,8734.580078125,8792.8896484375,-58.3095703125,-0.6631445707141523,3.2702537639443445,,
HSCEI,20250228,8712.6298828125,8712.6298828125,8364.419921875,8417.4296875,8734.580078125,-317.150390625,-3.630974675236829,3.986567846685174,,
HSCEI,20250303,8480.759765625,8587.1396484375,8359.830078125,8419.6904296875,8417.4296875,2.2607421875,0.026857868392500307,2.700462953080058,,
HSCEI,20250304,8262.5703125,8419.419921875,8209.08984375,8367.4697265625,8419.6904296875,-52.220703125,-0.6202211775016316,2.4980737698310658,,
HSCEI,20250305,8462.599609375,8652.2001953125,8429.2197265625,8630.400390625,8367.4697265625,262.9306640625,3.1422959706424467,2.6648494232629174,,
HSCEI,20250306,8802.6396484375,8956.490234375,8795.66015625,8938.08984375,8630.400390625,307.689453125,3.5651816740650384,1.8635297419075239,,
HSCEI,20250307,8875.1396484375,9083.509765625,8838.0703125,8914.0302734375,8938.08984375,-24.0595703125,-0.26918022455685836,2.745994473266843,,
HSCEI,20250310,8873.7001953125,8934.240234375,8661.080078125,8725.009765625,8914.0302734375,-189.0205078125,-2.120483126198857,3.0643844352198033,,
HSCEI,20250311,8547.4599609375,8784.349609375,8539.01953125,8755.3701171875,8725.009765625,30.3603515625,0.347969255944153,2.8118029058438108,,
HSCEI,20250312,8803.669921875,8849.7998046875,8590.33984375,8682.1298828125,8755.3701171875,-73.240234375,-0.8365178558382529,2.9634379525333725,,
HSCEI,20250313,8690.900390625,8724.669921875,8530.7900390625,8640.6103515625,8682.1298828125,-41.51953125,-0.47821826913916327,2.233091250987993,,
HSCEI,20250314,8737.5703125,8937.0595703125,8667.4697265625,8877.990234375,8640.6103515625,237.3798828125,2.747258274059009,3.120032414159834,,
HSCEI,20250317,8956.6904296875,8991.91015625,8879.8603515625,8928.4501953125,8877.990234375,50.4599609375,0.5683714399923793,1.262107771347286,,
HSCEI,20250318,9130.3603515625,9177.83984375,9051.0595703125,9177.7998046875,8928.4501953125,249.349609375,2.792753545356733,1.4199583428718743,,
HSCEI,20250319,9141.2099609375,9211.1298828125,9100.150390625,9163.669921875,9177.7998046875,-14.1298828125,-0.1539571914096803,1.2092167463798673,,
HSCEI,20250320,9158.2900390625,9158.2900390625,8934.7900390625,8950.1796875,9163.669921875,-213.490234375,-2.32974601000597,2.4389791634296354,,
HSCEI,20250321,8911.1298828125,8965.9296875,8706.0703125,8742.4404296875,8950.1796875,-207.7392578125,-2.3210624262955615,2.9033984129159416,,
HSCEI,20250324,8770.58984375,8880.26953125,8683.990234375,8850.6904296875,8742.4404296875,108.25,1.2382126120345716,2.2451316477773933,,
HSCEI,20250325,8738.1298828125,8782.599609375,8605.0,8616.0498046875,8850.6904296875,-234.640625,-2.6510996725515876,2.0066187015115236,,
HSCEI,20250326,8643.080078125,8707.8203125,8603.2900390625,8654.259765625,8616.0498046875,38.2099609375,0.44347423475560854,1.2132041458329437,,
HSCEI,20250327,8674.650390625,8794.330078125,8589.849609375,8677.6796875,8654.259765625,23.419921875,0.2706172741431299,2.3627724876274576,,
HSCEI,20250328,8709.3701171875,8744.7900390625,8536.919921875,8606.509765625,8677.6796875,-71.169921875,-0.8201492154350737,2.395457365025033,,
HSCEI,20250331,8528.7099609375,8629.759765625,8470.5,8516.5498046875,8606.509765625,-89.9599609375,-1.0452548522840972,1.850457037312554,,
HSCEI,20250401,8561.0595703125,8648.8095703125,8506.73046875,8537.33984375,8516.5498046875,20.7900390625,0.24411339731797477,1.6682706591382792,,
HSCEI,20250402,8516.0400390625,8604.5595703125,8450.5400390625,8531.509765625,8537.33984375,-5.830078125,-0.06828916538057311,1.804069347933412,,
HSCEI,20250403,8312.4599609375,8471.259765625,8312.4599609375,8420.1396484375,8531.509765625,-111.3701171875,-1.3053975233812707,1.8613329768118323,,
HSCEI,20250407,7656.83984375,7805.66015625,7214.89990234375,7262.72021484375,8420.1396484375,-1157.41943359375,-13.745846053854095,7.016038671233625,,
HSCEI,20250408,7387.68017578125,7531.89990234375,7277.22998046875,7430.6201171875,7262.72021484375,167.89990234375,2.311804632107285,3.5065363161656498,,
HSCEI,20250409,7198.02978515625,7610.89990234375,7100.60986328125,7535.68017578125,7430.6201171875,105.06005859375,1.413880092601415,6.867395062791146,,
HSCEI,20250410,7719.14013671875,7882.72021484375,7605.66015625,7668.3798828125,7535.68017578125,132.69970703125,1.7609519503989906,3.676643012055992,,
HSCEI,20250411,7638.240234375,7886.16015625,7600.58984375,7801.509765625,7668.3798828125,133.1298828125,1.7360887807721974,3.7239979873723024,,
HSCEI,20250414,7970.1201171875,8010.56982421875,7901.830078125,7965.81005859375,7801.509765625,164.30029296875,2.106006374467282,1.3938295196768054,,
HSCEI,20250415,8031.39990234375,8031.39990234375,7914.06982421875,7982.8798828125,7965.81005859375,17.06982421875,0.21428861714239059,1.4729208613055098,,
HSCEI,20250416,7911.81005859375,7922.52978515625,7717.27001953125,7779.009765625,7982.8798828125,-203.8701171875,-2.5538417235419204,2.571249582082946,,
HSCEI,20250417,7776.47021484375,7912.43994140625,7757.9599609375,7897.43994140625,7779.009765625,118.43017578125,1.5224325376809036,1.9858566208695125,,
HSCEI,20250422,7866.10009765625,7963.990234375,7810.27978515625,7950.7900390625,7897.43994140625,53.35009765625,0.6755366049260549,1.946332613596042,,
HSCEI,20250423,8152.85986328125,8152.85986328125,8035.2998046875,8116.27978515625,7950.7900390625,165.48974609375,2.081425182663525,1.4785959384686738,,
HSCEI,20250424,8092.7001953125,8121.93017578125,7978.81982421875,8056.85009765625,8116.27978515625,-59.4296875,-0.7322281768636183,1.7632505944932126,,
HSCEI,20250425,8117.97998046875,8180.7900390625,8057.8798828125,8080.5400390625,8056.85009765625,23.68994140625,0.29403477933816147,1.525536093637323,,
HSCEI,20250428,8113.169921875,8113.169921875,8011.2001953125,8080.18994140625,8080.5400390625,-0.35009765625,-0.00433260220922831,1.2619172242147627,,
HSCEI,20250429,8114.41015625,8169.56982421875,8042.6201171875,8067.93994140625,8080.18994140625,-12.25,-0.15160534701326647,1.571122807159606,,
HSCEI,20250430,8051.33984375,8080.18994140625,7951.22021484375,8076.259765625,8067.93994140625,8.31982421875,0.10312203956862681,1.5985459423241624,,
HSCEI,20250502,8100.22021484375,8241.150390625,8059.490234375,8231.0400390625,8076.259765625,154.7802734375,1.916484584811048,2.249310466996127,,
HSCEI,20250506,8222.490234375,8296.0400390625,8165.27978515625,8261.6103515625,8231.0400390625,30.5703125,0.37140279180906405,1.588623713233004,,
HSCEI,20250507,8444.8203125,8456.080078125,8242.25,8242.25,8261.6103515625,-19.3603515625,-0.23434113615438693,2.588237268834142,,
HSCEI,20250508,8216.240234375,8374.33984375,8216.240234375,8300.25,8242.25,58.0,0.7036913464163305,1.918160810154994,,
HSCEI,20250509,8320.169921875,8337.48046875,8248.41015625,8308.830078125,8300.25,8.580078125,0.10337132164693835,1.0731039727719045,,
HSCEI,20250512,8429.25,8605.4599609375,8334.849609375,8559.23046875,8308.830078125,250.400390625,3.0136660428793633,3.256900779267915,,
HSCEI,20250513,8544.91015625,8544.91015625,8369.7001953125,8386.2099609375,8559.23046875,-173.0205078125,-2.0214493399167472,2.0470293629456138,,
HSCEI,20250514,8468.919921875,8593.0703125,8449.0703125,8593.0703125,8386.2099609375,206.8603515625,2.4666726987047074,1.717104635714393,,
HSCEI,20250515,8579.2001953125,8614.25,8481.1396484375,8509.669921875,8593.0703125,-83.400390625,-0.9705540347282012,1.549042969762154,,
HSCEI,20250516,8431.66015625,8482.7900390625,8406.2001953125,8468.2900390625,8509.669921875,-41.3798828125,-0.48626895276077237,0.9000330735874698,,
HSCEI,20250519,8399.16015625,8492.150390625,8351.6904296875,8460.5498046875,8468.2900390625,-7.740234375,-0.09140256579894963,1.658657890667263,,
HSCEI,20250520,8486.650390625,8604.8896484375,8468.8095703125,8589.080078125,8460.5498046875,128.5302734375,1.5191716425602604,1.608407033424777,,
HSCEI,20250521,8614.009765625,8692.650390625,8590.5498046875,8660.9404296875,8589.080078125,71.8603515625,0.836647823851552,1.1887255097031135,,
HSCEI,20250522,8640.6298828125,8652.51953125,8528.5595703125,8557.6396484375,8660.9404296875,-103.30078125,-1.1927201449846163,1.431252898502763,,
HSCEI,20250523,8566.33984375,8650.8203125,8538.5302734375,8583.8603515625,8557.6396484375,26.220703125,0.3064011129492642,1.3121613397568395,,
HSCEI,20250526,8550.6904296875,8561.33984375,8419.33984375,8437.6396484375,8583.8603515625,-146.220703125,-1.7034375809525346,1.6542673597218072,,
HSCEI,20250527,8411.8603515625,8487.6396484375,8381.990234375,8469.9697265625,8437.6396484375,32.330078125,0.38316495456151595,1.2521204799503896,,
HSCEI,20250528,8488.1396484375,8513.8603515625,8416.76953125,8443.8701171875,8469.9697265625,-26.099609375,-0.30814288855306704,1.146294773734733,,
HSCEI,20250529,8434.0595703125,8571.73046875,8410.2900390625,8559.7099609375,8443.8701171875,115.83984375,1.3718809283222864,1.911924596742529,,
HSCEI,20250530,8462.33984375,8479.01953125,8384.5400390625,8432.01953125,8559.7099609375,-127.6904296875,-1.491761172635746,1.1037697844747085,,
HSCEI,20250602,8327.16015625,8362.0302734375,8173.75,8359.259765625,8432.01953125,-72.759765625,-0.8628984474637924,2.232920271824708,,
HSCEI,20250603,8407.0,8520.8896484375,8407.0,8519.8603515625,8359.259765625,160.6005859375,1.921229755269991,1.3624370055568522,,
HSCEI,20250604,8512.919921875,8608.1904296875,8508.6796875,8576.75,8519.8603515625,56.8896484375,0.6677298229080331,1.1679856016566073,,
HSCEI,20250605,8643.669921875,8684.73046875,8613.2802734375,8684.73046875,8576.75,107.98046875,1.2589905121403795,0.8330684153379777,,
HSCEI,20250606,8691.0595703125,8691.0595703125,8617.9296875,8629.75,8684.73046875,-54.98046875,-0.6330705247311306,0.8420512654438849,,
HSCEI,20250609,8708.9599609375,8780.1298828125,8689.419921875,8780.1298828125,8629.75,150.3798828125,1.7425751940960053,1.0511308083953765,,
HSCEI,20250610,8799.3203125,8819.6201171875,8701.1904296875,8767.3603515625,8780.1298828125,-12.76953125,-0.1454367010560622,1.3488375352149569,,
HSCEI,20250611,8786.16015625,8887.3798828125,8781.400390625,8865.7197265625,8767.3603515625,98.359375,1.1218812853114974,1.2087958968016246,,
HSCEI,20250612,8796.990234375,8839.6396484375,8716.8095703125,8729.9599609375,8865.7197265625,-135.759765625,-1.5312887144204597,1.3854495958967656,,
HSCEI,20250613,8688.9501953125,8738.41015625,8615.4296875,8655.330078125,8729.9599609375,-74.6298828125,-0.8548708487373817,1.408717443153007,,
HSCEI,20250616,8622.7802734375,8754.5,8586.0400390625,8729.990234375,8655.330078125,74.66015625,0.8625916698277277,1.9463146918366099,,
HSCEI,20250617,8744.0498046875,8756.5703125,8655.3798828125,8694.669921875,8729.990234375,-35.3203125,-0.4045859336809289,1.159112747790427,,
HSCEI,20250618,8657.2099609375,8663.1796875,8567.3603515625,8594.1904296875,8694.669921875,-100.4794921875,-1.1556447006079291,1.1020468493740891,,
HSCEI,20250619,8559.240234375,8570.0,8390.0302734375,8410.9404296875,8594.1904296875,-183.25,-2.132254358327772,2.094085859917861,,
HSCEI,20250620,8429.4599609375,8530.0302734375,8429.4599609375,8527.0703125,8410.9404296875,116.1298828125,1.380700336464215,1.1957082961261276,,
HSCEI,20250623,8457.6396484375,8598.7099609375,8435.0703125,8597.3603515625,8527.0703125,70.2900390625,0.8243164004342787,1.9190606203588756,,
HSCEI,20250624,8649.1103515625,8783.41015625,8649.1103515625,8760.4501953125,8597.3603515625,163.08984375,1.8969757818789086,1.562105101981588,,
HSCEI,20250625,8825.5302734375,8888.75,8785.009765625,8859.2900390625,8760.4501953125,98.83984375,1.128250735366166,1.1841883928580388,,
HSCEI,20250626,8810.4599609375,8839.26953125,8765.8798828125,8803.830078125,8859.2900390625,-55.4599609375,-0.6260090898138022,0.8283919830359926,,
HSCEI,20250627,8840.2099609375,8844.0498046875,8730.2197265625,8762.4697265625,8803.830078125,-41.3603515625,-0.46979952129322267,1.292960871744165,,
HSCEI,20250630,8766.419921875,8766.419921875,8673.990234375,8678.2998046875,8762.4697265625,-84.169921875,-0.9605730404961945,1.0548360266490757,,
HSCEI,20250702,8773.490234375,8796.8798828125,8689.2001953125,8724.900390625,8678.2998046875,46.6005859375,0.5369782905210205,1.2407924354242503,,
HSCEI,20250703,8727.2900390625,8739.26953125,8600.009765625,8648.4404296875,8724.900390625,-76.4599609375,-0.8763419353148955,1.596118687780506,,
HSCEI,20250704,8585.48046875,8676.169921875,8518.01953125,8609.26953125,8648.4404296875,-39.1708984375,-0.4529244174826951,1.8286579171213018,,
HSCEI,20250707,8576.599609375,8615.599609375,8528.919921875,8608.5400390625,8609.26953125,-0.7294921875,-0.008473334292207754,1.0068181416015531,,
HSCEI,20250708,8627.6103515625,8713.3095703125,8615.849609375,8708.66015625,8608.5400390625,100.1201171875,1.1630324855688703,1.1321311220632218,,
HSCEI,20250709,8670.419921875,8670.419921875,8581.330078125,8597.26953125,8708.66015625,-111.390625,-1.2790787905537635,1.0230028747425897,,
HSCEI,20250710,8588.740234375,8695.169921875,8569.759765625,8668.259765625,8597.26953125,70.990234375,0.8257300078467864,1.4587207693576405,,
HSCEI,20250711,8662.8095703125,8838.08984375,8662.8095703125,8687.5595703125,8668.259765625,19.2998046875,0.2226491269220569,2.0220929941739225,,
HSCEI,20250714,8679.4296875,8756.8798828125,8679.4296875,8732.740234375,8687.5595703125,45.1806640625,0.5200616317716347,0.8915069264925228,,
HSCEI,20250715,8763.0400390625,8877.099609375,8700.41015625,8877.099609375,8732.740234375,144.359375,1.6530822070230944,2.0232990834823066,,
HSCEI,20250716,8927.080078125,8990.1396484375,8859.3095703125,8861.3896484375,8877.099609375,-15.7099609375,-0.17697177714339146,1.4737930617206538,,
HSCEI,20250717,8869.990234375,8925.5302734375,8830.5595703125,8853.099609375,8861.3896484375,-8.2900390625,-0.09355235907002188,1.0717360018329165,,
HSCEI,20250718,8945.759765625,8986.4697265625,8902.919921875,8986.4697265625,8853.099609375,133.3701171875,1.5064793470330726,0.943735057482295,,
HSCEI,20250721,9055.849609375,9065.2900390625,8979.7900390625,9040.2001953125,8986.4697265625,53.73046875,0.5979040756258459,0.9514303458595795,,
HSCEI,20250722,9051.990234375,9081.5498046875,8976.490234375,9075.599609375,9040.2001953125,35.3994140625,0.39157776705935354,1.162137652294196,,
HSCEI,20250723,9156.259765625,9242.990234375,9111.1796875,9241.2001953125,9075.599609375,165.6005859375,1.8246792836303216,1.4523618553956599,,
HSCEI,20250724,9225.349609375,9295.8603515625,9217.919921875,9257.6201171875,9241.2001953125,16.419921875,0.17768170289535368,0.843401593302074,,
HSCEI,20250725,9216.1796875,9216.1796875,9124.150390625,9150.490234375,9257.6201171875,-107.1298828125,-1.1572075917611369,0.9940923877848516,,
HSCEI,20250728,9173.080078125,9234.4501953125,9143.400390625,9177.150390625,9150.490234375,26.66015625,0.2913522179374355,0.9950265215896262,,
HSCEI,20250729,9136.900390625,9149.1904296875,9049.58984375,9145.919921875,9177.150390625,-31.23046875,-0.34030682097030646,1.0853105996742505,,
HSCEI,20250730,9055.8896484375,9144.259765625,8994.080078125,9038.26953125,9145.919921875,-107.650390625,-1.1770318518482137,1.6420402625743933,,
HSCEI,20250731,8976.6298828125,8976.6298828125,8871.98046875,8882.9501953125,9038.26953125,-155.3193359375,-1.718463201395801,1.1578479010907181,,
HSCEI,20250801,8870.099609375,8932.419921875,8804.419921875,8804.419921875,8882.9501953125,-78.5302734375,-0.8840562168066656,1.440962711549876,,
HSCEI,20250804,8773.83984375,8902.8603515625,8752.66015625,8893.48046875,8804.419921875,89.060546875,1.0115436072480464,1.7059635574550516,,
HSCEI,20250805,8896.0302734375,8958.73046875,8877.8603515625,8951.0703125,8893.48046875,57.58984375,0.6475512478197908,0.9093191070881891,,
HSCEI,20250806,8932.0498046875,8974.1796875,8897.1396484375,8932.6796875,8951.0703125,-18.390625,-0.20545727335330882,0.8606796324112777,,
HSCEI,20250807,8954.0400390625,8992.1298828125,8875.080078125,8981.73046875,8932.6796875,49.05078125,0.5491160879600274,1.3103548854583287,,
HSCEI,20250808,8932.419921875,8958.2998046875,8881.580078125,8895.2802734375,8981.73046875,-86.4501953125,-0.962511574058973,0.8541753376972265,,
HSCEI,20250811,8918.849609375,8922.25,8847.48046875,8888.080078125,8895.2802734375,-7.2001953125,-0.08094399604249401,0.8405528432113809,,
HSCEI,20250812,8858.009765625,8940.1796875,8848.5302734375,8916.849609375,8888.080078125,28.76953125,0.3236866792054052,1.0311497337660582,,
HSCEI,20250813,8989.3798828125,9150.0498046875,8978.2001953125,9150.0498046875,8916.849609375,233.2001953125,2.615275635772952,1.927245797600093,,
HSCEI,20250814,9213.0302734375,9225.73046875,9105.4404296875,9128.9296875,9150.0498046875,-21.1201171875,-0.2308196964860271,1.3146380799028694,,
HSCEI,20250815,9054.9404296875,9061.1796875,8990.3203125,9039.08984375,9128.9296875,-89.83984375,-0.9841224198825334,0.7762068218909152,,
HSCEI,20250818,9057.7802734375,9150.9599609375,9033.6796875,9033.6796875,9039.08984375,-5.41015625,-0.059852887221170895,1.2974787889578554,,
HSCEI,20250819,9054.08984375,9062.26953125,8988.3896484375,9006.23046875,9033.6796875,-27.44921875,-0.30385423990604604,0.8178271243636012,,
HSCEI,20250820,8949.01953125,9036.080078125,8921.8095703125,9013.26953125,9006.23046875,7.0390625,0.07815769898876429,1.26879395557329,,
HSCEI,20250821,9022.009765625,9022.009765625,8935.2900390625,8974.76953125,9013.26953125,-38.5,-0.4271479940383038,0.9621339544083658,,
HSCEI,20250822,9024.900390625,9082.400390625,9002.75,9079.9296875,8974.76953125,105.16015625,1.171730994136775,0.8874923233143608,,
HSCEI,20250825,9176.9501953125,9278.48046875,9157.669921875,9248.0,9079.9296875,168.0703125,1.851008964655047,1.3305229339090077,,
HSCEI,20250826,9211.7802734375,9256.58984375,9147.16015625,9148.66015625,9248.0,-99.33984375,-1.0741765111375432,1.1832794928633217,,
HSCEI,20250827,9181.8603515625,9198.9404296875,8997.8203125,9020.259765625,9148.66015625,-128.400390625,-1.4034884718860388,2.198355975110768,,
HSCEI,20250828,8942.740234375,8973.26953125,8850.5595703125,8916.9296875,9020.259765625,-103.330078125,-1.145533286289349,1.360381675538117,,
HSCEI,20250829,8958.0,9033.4296875,8942.099609375,8947.7900390625,8916.9296875,30.8603515625,0.3460871919373874,1.0242323459500757,,
HSCEI,20250901,9084.5,9139.01953125,9061.849609375,9121.8701171875,8947.7900390625,174.080078125,1.9455091968523563,0.8624467219068255,,
HSCEI,20250902,9111.8798828125,9182.7001953125,9070.1103515625,9108.1201171875,9121.8701171875,-13.75,-0.15073663430147005,1.2342846620657022,,
HSCEI,20250903,9173.25,9214.330078125,9026.26953125,9050.01953125,9108.1201171875,-58.1005859375,-0.6378987671436299,2.0647569910734918,,
HSCEI,20250904,9102.1796875,9106.2802734375,8911.9501953125,8937.08984375,9050.01953125,-112.9296875,-1.2478391578056849,2.1472890467691497,,
HSCEI,20250905,8960.01953125,9083.91015625,8947.6298828125,9057.2197265625,8937.08984375,120.1298828125,1.3441722631501885,1.5248842276415657,,
HSCEI,20250908,9059.2197265625,9136.2802734375,9031.2900390625,9121.66015625,9057.2197265625,64.4404296875,0.7114813555699965,1.159188333116073,,
HSCEI,20250909,9141.5595703125,9279.7001953125,9127.509765625,9242.400390625,9121.66015625,120.740234375,1.3236651257202443,1.6684509955484563,,
HSCEI,20250910,9277.6396484375,9370.1201171875,9269.400390625,9328.16015625,9242.400390625,85.759765625,0.9278949407124815,1.089757230866829,,
HSCEI,20250911,9232.6201171875,9325.5498046875,9190.66015625,9260.25,9328.16015625,-67.91015625,-0.7280123316118156,1.446047732650924,,
HSCEI,20250912,9420.330078125,9440.76953125,9345.259765625,9364.9404296875,9260.25,104.6904296875,1.130535673307956,1.0313951094732865,,
HSCEI,20250915,9342.2998046875,9418.83984375,9322.33984375,9384.759765625,9364.9404296875,19.8193359375,0.21163333697960698,1.0304390158648358,,
HSCEI,20250916,9407.83984375,9447.58984375,9342.0,9386.3896484375,9384.759765625,1.6298828125,0.01736733654568359,1.1251203694820204,,
HSCEI,20250917,9434.7802734375,9607.7099609375,9434.7802734375,9596.76953125,9386.3896484375,210.3798828125,2.24132910194625,1.8423450759769668,,
HSCEI,20250918,9574.740234375,9666.669921875,9365.6298828125,9456.51953125,9596.76953125,-140.25,-1.4614292814191625,3.1368893259572617,,
HSCEI,20250919,9472.3095703125,9512.1396484375,9418.3603515625,9472.349609375,9456.51953125,15.830078125,0.1673985663825676,0.9916893479159756,,
HSCEI,20250922,9432.259765625,9442.2001953125,9319.3896484375,9370.73046875,9472.349609375,-101.619140625,-1.0727976142732867,1.2965161965036807,,
HSCEI,20250923,9392.7099609375,9401.1904296875,9233.91015625,9290.33984375,9370.73046875,-80.390625,-0.857890697721921,1.785135897306565,,
HSCEI,20250924,9262.759765625,9460.8896484375,9260.3701171875,9442.990234375,9290.33984375,152.650390625,1.643108790338755,2.158365943791581,,
HSCEI,20250925,9437.490234375,9501.9697265625,9403.73046875,9444.2197265625,9442.990234375,1.2294921875,0.013020157354651505,1.0403405634677343,,
HSCEI,20250926,9366.8203125,9421.759765625,9282.5,9303.099609375,9444.2197265625,-141.1201171875,-1.4942485591540213,1.474550250385668,,
HSCEI,20250929,9362.58984375,9477.830078125,9361.0400390625,9454.1201171875,9303.099609375,151.0205078125,1.6233353844810208,1.2553884615489588,,
HSCEI,20250930,9475.4697265625,9570.0302734375,9430.580078125,9555.330078125,9454.1201171875,101.2099609375,1.070538132401145,1.4750203465151757,,
HSCEI,20251002,9567.16015625,9770.2099609375,9567.16015625,9724.3798828125,9555.330078125,169.0498046875,1.769167609128495,2.124989958770148,,
HSCEI,20251003,9693.7802734375,9711.990234375,9595.5595703125,9658.33984375,9724.3798828125,-66.0400390625,-0.6791182559540218,1.1973068253769796,,
HSCEI,20251006,9587.080078125,9644.2900390625,9537.2001953125,9573.3798828125,9658.33984375,-84.9599609375,-0.8796538774981951,1.1087810688220794,,
HSCEI,20251008,9564.3701171875,9564.3701171875,9408.4501953125,9523.8701171875,9573.3798828125,-49.509765625,-0.5171607753066083,1.6286820724092412,,
HSCEI,20251009,9556.830078125,9623.48046875,9440.9501953125,9530.1298828125,9523.8701171875,6.259765625,0.06572712088653068,1.9165556773825798,,
HSCEI,20251010,9440.759765625,9475.0302734375,9341.3203125,9358.3203125,9530.1298828125,-171.8095703125,-1.802804079536806,1.4030234905680001,,
HSCEI,20251013,9134.83984375,9228.0703125,9017.6103515625,9222.5400390625,9358.3203125,-135.7802734375,-1.4509043172644664,2.2489074311378996,,
HSCEI,20251014,9251.66015625,9308.33984375,9039.1396484375,9079.16015625,9222.5400390625,-143.3798828125,-1.554668043784118,2.9189376697991003,,
HSCEI,20251015,9187.26953125,9281.0498046875,9121.509765625,9250.91015625,9079.16015625,171.75,1.891694793838052,1.7572114195240216,,
HSCEI,20251016,9245.1904296875,9329.3095703125,9186.58984375,9259.4599609375,9250.91015625,8.5498046875,0.09242122713432335,1.5427641621411408,,
HSCEI,20251017,9259.650390625,9259.650390625,8973.2001953125,9011.9697265625,9259.4599609375,-247.490234375,-2.6728365954286404,3.093595053285349,,
HSCEI,20251020,9265.6298828125,9265.6298828125,9172.259765625,9232.669921875,9011.9697265625,220.7001953125,2.4489673402030308,1.0360678078211303,,
HSCEI,20251021,9357.1796875,9435.919921875,9298.259765625,9302.66015625,9232.669921875,69.990234375,0.7580714459332275,1.4910113479075136,,
HSCEI,20251022,9261.4404296875,9274.6904296875,9156.98046875,9223.7802734375,9302.66015625,-78.8798828125,-0.8479282429714954,1.265336569974734,,
HSCEI,20251023,9191.7900390625,9338.0595703125,9144.3203125,9300.740234375,9223.7802734375,76.9599609375,0.8343646385325125,2.100432274719589,,
HSCEI,20251024,9380.4296875,9394.7001953125,9317.4296875,9363.9404296875,9300.740234375,63.2001953125,0.6795179063158405,0.8307995478350493,,
HSCEI,20251027,9486.349609375,9486.349609375,9398.41015625,9467.2197265625,9363.9404296875,103.279296875,1.1029469660823836,0.9391287117354588,,
HSCEI,20251028,9489.76953125,9489.76953125,9347.099609375,9375.7900390625,9467.2197265625,-91.4296875,-0.965750137217927,1.5069885985080305,,
HSCEI,20251030,9431.4697265625,9473.01953125,9293.6201171875,9346.8603515625,9375.7900390625,-28.9296875,-0.3085573309499231,1.9134325034484072,,
HSCEI,20251031,9313.830078125,9320.2197265625,9168.580078125,9168.580078125,9346.8603515625,-178.2802734375,-1.9073813744066175,1.6223591958571482,,
HSCEI,20251103,9198.849609375,9287.98046875,9172.23046875,9258.73046875,9168.580078125,90.150390625,0.9832535666028234,1.262463751351902,,
HSCEI,20251104,9241.3603515625,9311.349609375,9158.3095703125,9173.2099609375,9258.73046875,-85.5205078125,-0.923674234833255,1.652926819492582,,
HSCEI,20251105,9075.099609375,9182.3603515625,9006.5,9163.240234375,9173.2099609375,-9.9697265625,-0.10868307391801045,1.917108104048314,,
HSCEI,20251106,9203.3203125,9365.8095703125,9201.1396484375,9355.9697265625,9163.240234375,192.7294921875,2.103289745307497,1.7970708795482289,,
HSCEI,20251107,9313.0703125,9324.73046875,9244.6904296875,9267.5595703125,9355.9697265625,-88.41015625,-0.9449598367018551,0.85549698643486,,
HSCEI,20251110,9291.7197265625,9449.4697265625,9288.849609375,9443.240234375,9267.5595703125,175.6806640625,1.8956518458783003,1.7331436174635124,,
HSCEI,20251111,9484.7099609375,9493.4404296875,9382.3095703125,9461.490234375,9443.240234375,18.25,0.19325993564758523,1.1768297386999091,,
HSCEI,20251112,9490.25,9575.8203125,9473.8798828125,9538.990234375,9461.490234375,77.5,0.8191098662072386,1.0774246673862777,,
HSCEI,20251113,9491.6396484375,9645.900390625,9464.580078125,9599.0595703125,9538.990234375,60.0693359375,0.6297242628578472,1.9008334010720391,,
HSCEI,20251114,9439.2099609375,9522.6298828125,9381.9501953125,9397.9599609375,9599.0595703125,-201.099609375,-2.0949928261405,1.4655569795096097,,
HSCEI,20251117,9364.2001953125,9391.9501953125,9286.1796875,9328.400390625,9397.9599609375,-69.5595703125,-0.7401560615455212,1.1254624221866634,,
HSCEI,20251118,9261.580078125,9274.5,9132.6201171875,9174.83984375,9328.400390625,-153.560546875,-1.6461616187629302,1.52094546622472,,
HSCEI,20251119,9192.4501953125,9242.5302734375,9116.16015625,9151.0400390625,9174.83984375,-23.7998046875,-0.25940294427823374,1.3773550202468623,,
HSCEI,20251120,9203.0703125,9216.4296875,9085.6796875,9143.33984375,9151.0400390625,-7.7001953125,-0.08414557558081523,1.4287993434830932,,
HSCEI,20251121,9012.3701171875,9025.7802734375,8902.01953125,8919.7802734375,9143.33984375,-223.5595703125,-2.445053712679354,1.35356165583299,,
HSCEI,20251124,8991.6201171875,9099.740234375,8948.2099609375,9079.419921875,8919.7802734375,159.6396484375,1.7897262437382682,1.698811728454196,,
HSCEI,20251125,9157.599609375,9218.1103515625,9101.3896484375,9158.3095703125,9079.419921875,78.8896484375,0.8688842361771545,1.2855524265794271,,
HSCEI,20251126,9216.48046875,9242.419921875,9160.3798828125,9162.3701171875,9158.3095703125,4.060546875,0.044337296570129435,0.8957989291871101,,
HSCEI,20251127,9156.98046875,9240.5595703125,9118.080078125,9164.8701171875,9162.3701171875,2.5,0.027285516389589,1.3367664765882274,,
HSCEI,20251128,9196.2197265625,9196.2197265625,9112.5400390625,9130.1796875,9164.8701171875,-34.6904296875,-0.378515235283506,0.9130482639690641,,
HSCEI,20251201,9158.33984375,9222.8701171875,9125.8896484375,9172.83984375,9130.1796875,42.66015625,0.46724333704412646,1.0621967153918623,,
HSCEI,20251202,9224.099609375,9248.48046875,9147.1298828125,9182.650390625,9172.83984375,9.810546875,0.1069521221575073,1.1048986754800496,,
HSCEI,20251203,9132.5302734375,9136.3701171875,9016.1103515625,9028.5498046875,9182.650390625,-154.1005859375,-1.6781711094525447,1.30964112221651,,
HSCEI,20251204,9051.900390625,9130.66015625,8999.25,9106.48046875,9028.5498046875,77.9306640625,0.8631581566071603,1.455495722931867,,
HSCEI,20251205,9077.1396484375,9214.08984375,9045.740234375,9198.2998046875,9106.48046875,91.8193359375,1.00828565165861,1.8486791900857007,,
HSCEI,20251208,9198.599609375,9219.01953125,9083.5302734375,9083.5302734375,9198.2998046875,-114.76953125,-1.2477254893509002,1.472981536690661,,
HSCEI,20251209,9083.1103515625,9099.169921875,8919.25,8936.41015625,9083.5302734375,-147.1201171875,-1.6196358988059496,1.9807268370220614,,
HSCEI,20251210,8936.8701171875,8954.6904296875,8867.1201171875,8954.6904296875,8936.41015625,18.2802734375,0.2045594720684909,0.9799271851768638,,
HSCEI,20251211,9006.26953125,9031.5703125,8907.6396484375,8934.2802734375,8954.6904296875,-20.41015625,-0.2279269887693066,1.3839748569267394,,
HSCEI,20251212,9013.0595703125,9084.9501953125,8969.0,9079.349609375,8934.2802734375,145.0693359375,1.6237383594155368,1.2978123784322215,,
HSCEI,20251215,8980.1298828125,9008.580078125,8915.48046875,8917.7001953125,9079.349609375,-161.6494140625,-1.7804074192229231,1.0253995427036844,,
HSCEI,20251216,8886.240234375,8894.5595703125,8707.509765625,8757.9296875,8917.7001953125,-159.7705078125,-1.7916111140009146,2.0975116968590273,,
HSCEI,20251217,8768.330078125,8868.080078125,8736.1298828125,8843.5703125,8757.9296875,85.640625,0.9778638109213524,1.5066368425043375,,
HSCEI,20251218,8788.919921875,8848.33984375,8756.41015625,8841.509765625,8843.5703125,-2.060546875,-0.023299943373407763,1.0395087532697218,,
HSCEI,20251219,8893.099609375,8924.16015625,8850.51953125,8901.23046875,8841.509765625,59.720703125,0.675458204629132,0.8328964956449879,,
HSCEI,20251222,8944.740234375,8966.51953125,8891.73046875,8939.6796875,8901.23046875,38.44921875,0.4319539740599417,0.8402103817282985,,
HSCEI,20251223,8966.0,8985.240234375,8895.3798828125,8913.830078125,8939.6796875,-25.849609375,-0.28915587894211114,1.0051853612624193,,
HSCEI,20251224,8922.0703125,8937.8701171875,8890.7998046875,8915.1201171875,8913.830078125,1.2900390625,0.014472331772015967,0.5280593424762828,,
HSCEI,20251229,8967.7900390625,9053.0595703125,8887.9599609375,8891.7099609375,8915.1201171875,-23.41015625,-0.26258935316942567,1.851905607605934,,
HSCEI,20251230,8902.4501953125,9020.7900390625,8895.66015625,8991.01953125,8891.7099609375,99.3095703125,1.1168782017045151,1.4072645572360403,,
HSCEI,20251231,8970.490234375,8981.51953125,8882.9296875,8913.6796875,8991.01953125,-77.33984375,-0.8601899204110351,1.0965368655616,,
HSCEI,20260102,8949.759765625,9172.830078125,8941.75,9168.990234375,8913.6796875,255.310546875,2.864255344883347,2.5924207086895055,,
HSCEI,20260105,9166.25,9196.83984375,9112.900390625,9148.4697265625,9168.990234375,-20.5205078125,-0.22380335552728148,0.915471071288819,,
HSCEI,20260106,9192.41015625,9309.8095703125,9181.2001953125,9244.240234375,9148.4697265625,95.7705078125,1.0468472944106837,1.4058020504411117,,
HSCEI,20260107,9216.740234375,9219.2099609375,9092.7099609375,9138.75,9244.240234375,-105.490234375,-1.141145531708828,1.3684196515101994,,
HSCEI,20260108,9099.6298828125,9099.6298828125,8968.099609375,9039.33984375,9138.75,-99.41015625,-1.0877872384078784,1.4392589078101492,,
HSCEI,20260109,9070.91015625,9103.580078125,9024.58984375,9048.5302734375,9039.33984375,9.1904296875,0.10167146989007683,0.873849592341808,,
HSCEI,20260112,9116.009765625,9220.080078125,9036.1396484375,9220.080078125,9048.5302734375,171.5498046875,1.8958858455841683,2.0328210673889004,,
HSCEI,20260113,9335.5302734375,9389.76953125,9238.3896484375,9285.41015625,9220.080078125,65.330078125,0.7085630230045199,1.6418499788483907,,
HSCEI,20260114,9328.0498046875,9370.330078125,9241.490234375,9315.5595703125,9285.41015625,30.1494140625,0.32469663219137884,1.3875514552610047,,
HSCEI,20260115,9305.1298828125,9389.4501953125,9233.1103515625,9266.8603515625,9315.5595703125,-48.69921875,-0.5227728767383786,1.678265729181048,,
HSCEI,20260116,9330.2197265625,9355.9501953125,9186.2099609375,9220.8095703125,9266.8603515625,-46.05078125,-0.4969404901222592,1.831690863307116,,
HSCEI,20260119,9151.0703125,9193.9296875,9119.3896484375,9134.4501953125,9220.8095703125,-86.359375,-0.9365704208667789,0.8083893121759133,,
HSCEI,20260120,9119.419921875,9150.33984375,9045.8603515625,9094.759765625,9134.4501953125,-39.6904296875,-0.4345136142716923,1.1437961776956806,,
HSCEI,20260121,9067.5400390625,9161.259765625,9061.3896484375,9122.9501953125,9094.759765625,28.1904296875,0.30996343404308413,1.098106159603841,,
HSCEI,20260122,9173.5400390625,9180.919921875,9075.1298828125,9114.2998046875,9122.9501953125,-8.650390625,-0.09482010139049857,1.1596033826519891,,
HSCEI,20260123,9201.849609375,9210.0,9130.990234375,9160.8095703125,9114.2998046875,46.509765625,0.5102944452307784,0.8668769660656229,,
HSCEI,20260126,9188.1904296875,9202.2001953125,9097.009765625,9147.2099609375,9160.8095703125,-13.599609375,-0.14845423071638067,1.1482656514156933,,
HSCEI,20260127,9173.2001953125,9271.4296875,9150.509765625,9244.8798828125,9147.2099609375,97.669921875,1.0677564229102903,1.3219322874557358,,
HSCEI,20260128,9302.9296875,9512.240234375,9270.4501953125,9512.240234375,9244.8798828125,267.3603515625,2.8919829673456285,2.615394057331354,,
HSCEI,20260129,9452.2099609375,9585.8203125,9432.4296875,9552.580078125,9512.240234375,40.33984375,0.424083525605475,1.6125604612642386,,
HSCEI,20260130,9487.759765625,9525.650390625,9313.4501953125,9317.08984375,9552.580078125,-235.490234375,-2.465200317077295,2.221391431184433,,
HSCEI,20260202,9191.349609375,9200.7001953125,8990.400390625,9080.1904296875,9317.08984375,-236.8994140625,-2.5426331401259867,2.257140461391722,,
HSCEI,20260203,9133.8798828125,9178.3896484375,8919.66015625,9053.1103515625,9080.1904296875,-27.080078125,-0.2982324912092397,2.8493839880448886,,
HSCEI,20260204,9039.66015625,9118.150390625,8957.240234375,9048.3798828125,9053.1103515625,-4.73046875,-0.05225241454373254,1.7774019094136868,,
HSCEI,20260205,8978.4599609375,9108.26953125,8915.169921875,9093.33984375,9048.3798828125,44.9599609375,0.4968840999138636,2.1340793807938465,,
HSCEI,20260206,8922.1396484375,9089.33984375,8918.1201171875,9031.3798828125,9093.33984375,-61.9599609375,-0.6813773817118041,1.8829135334712261,,
HSCEI,20260209,9170.5703125,9206.5,9123.4697265625,9168.330078125,9031.3798828125,136.9501953125,1.5163817388871894,0.9193531278150952,,
HSCEI,20260210,9226.5595703125,9311.3798828125,9205.580078125,9242.75,9168.330078125,74.419921875,0.811706398448293,1.1539702845115818,,
HSCEI,20260211,9258.26953125,9292.759765625,9220.849609375,9268.1796875,9242.75,25.4296875,0.2751311839008953,0.7780168916177544,,
HSCEI,20260212,9250.26953125,9252.16015625,9146.509765625,9175.1796875,9268.1796875,-93.0,-1.0034332861007125,1.1399260069104051,,
HSCEI,20260213,9062.5595703125,9106.900390625,8979.1298828125,9032.7099609375,9175.1796875,-142.4697265625,-1.5527731490272245,1.3925668179182458,,
HSCEI,20260216,9025.599609375,9085.6396484375,8949.2998046875,9070.3203125,9032.7099609375,37.6103515625,0.4163794888261467,1.5094013240722872,,
HSCEI,20260220,9052.669921875,9072.509765625,8945.41015625,8959.5595703125,9070.3203125,-110.7607421875,-1.2211337457935008,1.4012692495527568,,
HSCEI,20260223,9091.150390625,9235.6796875,9090.75,9197.3798828125,8959.5595703125,237.8203125,2.6543750352195614,1.617598346912325,,
HSCEI,20260224,9130.1298828125,9130.1298828125,8977.5703125,9007.8603515625,9197.3798828125,-189.51953125,-2.0605817489844305,1.6587285972344576,,
HSCEI,20260225,9069.1904296875,9105.7001953125,9016.5400390625,9034.75,9007.8603515625,26.8896484375,0.2985131583754596,0.9898039353433616,,
HSCEI,20260226,9078.9599609375,9078.9599609375,8814.2900390625,8814.2900390625,9034.75,-220.4599609375,-2.440133494977725,2.929465916323086,,
HSCEI,20260227,8817.5302734375,8892.2998046875,8790.7197265625,8859.490234375,8814.2900390625,45.2001953125,0.5128058540413943,1.1524476466604245,,
HSCEI,20260302,8771.0498046875,8802.4296875,8625.080078125,8701.91015625,8859.490234375,-157.580078125,-1.7786585227396734,2.0018037684254106,,
HSCEI,20260303,8744.01953125,8755.33984375,8586.419921875,8608.7099609375,8701.91015625,-93.2001953125,-1.0710314590591417,1.9411820949872267,,
HSCEI,20260304,8516.83984375,8543.3095703125,8364.580078125,8483.9501953125,8608.7099609375,-124.759765625,-1.449227191891751,2.076147215999784,,
HSCEI,20260305,8577.419921875,8603.98046875,8432.7998046875,8451.4296875,8483.9501953125,-32.5205078125,-0.38331799531859617,2.017700011453152,,
HSCEI,20260306,8469.509765625,8641.91015625,8450.73046875,8628.1298828125,8451.4296875,176.7001953125,2.090772825973416,2.262098775817331,,
HSCEI,20260309,8438.849609375,8588.669921875,8402.7099609375,8581.4599609375,8628.1298828125,-46.669921875,-0.5409042574563917,2.1552754010801105,,
HSCEI,20260310,8676.5498046875,8717.6904296875,8605.4501953125,8710.259765625,8581.4599609375,128.7998046875,1.5009078323943958,1.3079386827639299,,
HSCEI,20260311,8765.7001953125,8783.7802734375,8677.0302734375,8704.51953125,8710.259765625,-5.740234375,-0.06590198833855458,1.2255662043661246,,
HSCEI,20260312,8668.900390625,8745.3798828125,8622.41015625,8699.5498046875,8704.51953125,-4.9697265625,-0.05709363445803343,1.4127112486913003,,
HSCEI,20260313,8670.9404296875,8730.0703125,8640.48046875,8671.48046875,8699.5498046875,-28.0693359375,-0.32265274143698397,1.0298216087196503,,
HSCEI,20260316,8682.400390625,8820.490234375,8621.83984375,8816.3203125,8671.48046875,144.83984375,1.6703012164066924,2.2908474664838354,,
HSCEI,20260317,8839.8095703125,8959.8603515625,8813.83984375,8826.73046875,8816.3203125,10.41015625,0.1180782444489933,1.6562522984273662,,
HSCEI,20260318,8833.9501953125,8868.8896484375,8763.599609375,8835.5,8826.73046875,8.76953125,0.09935197728136701,1.1928543579671655,,
HSCEI,20260319,8692.2099609375,8770.16015625,8672.5400390625,8695.8798828125,8835.5,-139.6201171875,-1.5802174997170504,1.1048623981381926,,
HSCEI,20260320,8624.7001953125,8698.490234375,8529.490234375,8574.0703125,8695.8798828125,-121.8095703125,-1.400773377208877,1.9434491078243885,,
HSCEI,20260323,8433.849609375,8433.849609375,8242.669921875,8307.8203125,8574.0703125,-266.25,-3.105292939012156,2.2297424739015983,,
HSCEI,20260324,8396.8896484375,8508.7802734375,8328.3701171875,8499.5302734375,8307.8203125,191.7099609375,2.307584344946074,2.1715702731142814,,
HSCEI,20260325,8559.9599609375,8610.3896484375,8459.5302734375,8582.740234375,8499.5302734375,83.2099609375,0.9789948180730116,1.7749142616911617,,
HSCEI,20260326,8547.8203125,8557.6201171875,8365.669921875,8389.9296875,8582.740234375,-192.810546875,-2.2464916985692804,2.2364674925580794,,
HSCEI,20260327,8377.4599609375,8509.7001953125,8353.73046875,8453.76953125,8389.9296875,63.83984375,0.7609103547686912,1.859011128482714,,
HSCEI,20260330,8301.099609375,8424.6298828125,8286.240234375,8399.1201171875,8453.76953125,-54.6494140625,-0.6464502475550616,1.6370170481455897,,
HSCEI,20260331,8411.3603515625,8469.7802734375,8310.3896484375,8374.2998046875,8399.1201171875,-24.8203125,-0.2955108648727272,1.8977062213199183,,
HSCEI,20260401,8547.9296875,8565.26953125,8478.900390625,8504.8095703125,8374.2998046875,130.509765625,1.5584558550429182,1.0313595481338633,,
HSCEI,20260402,8477.349609375,8500.8095703125,8380.5703125,8456.919921875,8504.8095703125,-47.8896484375,-0.5630890150047222,1.4137795422511963,,
HSCEI,20260408,8598.1904296875,8691.9697265625,8585.1103515625,8677.3095703125,8456.919921875,220.3896484375,2.6060273772657054,1.2635732156289354,,
HSCEI,20260409,8623.7099609375,8659.48046875,8592.5302734375,8611.830078125,8677.3095703125,-65.4794921875,-0.7546059254532491,0.7715547632592862,,
HSCEI,20260410,8655.3095703125,8724.91015625,8641.2998046875,8655.0400390625,8611.830078125,43.2099609375,0.5017512020732745,0.970877859920617,,
HSCEI,20260413,8606.650390625,8607.7998046875,8553.73046875,8602.0595703125,8655.0400390625,-52.98046875,-0.6121342999094751,0.6247150295489182,,
HSCEI,20260414,8674.3203125,8707.099609375,8592.4501953125,8671.6103515625,8602.0595703125,69.55078125,0.8085363822640131,1.3328135329145943,,
HSCEI,20260415,8776.2001953125,8794.4697265625,8708.7900390625,8718.259765625,8671.6103515625,46.6494140625,0.5379556065280822,0.9880481712899122,,
HSCEI,20260416,8779.2998046875,8907.0703125,8779.2998046875,8905.1103515625,8718.259765625,186.8505859375,2.1432096652387935,1.4655505943546556,,
HSCEI,20260417,8840.5703125,8874.2900390625,8780.2802734375,8845.01953125,8905.1103515625,-60.0908203125,-0.67479029388958,1.055683331408745,,
HSCEI,20260420,8856.25,8923.9501953125,8803.9599609375,8899.0595703125,8845.01953125,54.0400390625,0.6109657403420445,1.3565852958387157,,
HSCEI,20260421,8936.3798828125,8958.4697265625,8887.48046875,8943.5400390625,8899.0595703125,44.48046875,0.4998333632734411,0.7977164019591695,,
HSCEI,20260422,8878.4296875,8878.4296875,8782.0302734375,8801.7802734375,8943.5400390625,-141.759765625,-1.5850520599878688,1.077866411303113,,
HSCEI,20260423,8799.16015625,8799.16015625,8703.3203125,8732.6298828125,8801.7802734375,-69.150390625,-0.7856409553154362,1.088868851216734,,
HSCEI,20260424,8680.330078125,8789.849609375,8646.4296875,8775.6201171875,8732.6298828125,42.990234375,0.49229424528357796,1.6423451331342698,,
HSCEI,20260427,8788.490234375,8828.1103515625,8734.23046875,8756.3203125,8775.6201171875,-19.2998046875,-0.21992525234427987,1.0697806144620077,,
HSCEI,20260428,8711.580078125,8730.4697265625,8624.9404296875,8644.8095703125,8756.3203125,-111.5107421875,-1.2734886140279031,1.2051785808286692,,
HSCEI,20260429,8700.3701171875,8814.73046875,8688.2001953125,8805.599609375,8644.8095703125,160.7900390625,1.8599604508892336,1.4636559939043987,,
HSCEI,20260430,8757.900390625,8787.5498046875,8668.400390625,8681.830078125,8805.599609375,-123.76953125,-1.405577549974304,1.3531096046616289,,
HSCEI,20260504,8788.8896484375,8867.75,8773.3798828125,8774.3896484375,8681.830078125,92.5595703125,1.066129715504521,1.0869841535516547,,
HSCEI,20260505,8736.349609375,8739.8095703125,8633.2900390625,8730.490234375,8774.3896484375,-43.8994140625,-0.5003130225737968,1.2139822314474997,,
HSCEI,20260506,8786.0,8810.9501953125,8706.599609375,8800.75,8730.490234375,70.259765625,0.8047631202697265,1.1952431436969617,,
HSCEI,20260507,8915.0302734375,8945.5595703125,8895.9296875,8919.48046875,8800.75,118.73046875,1.3490948924807546,0.563927879015993,,
HSCEI,20260508,8863.4501953125,8917.76953125,8840.7802734375,8889.0703125,8919.48046875,-30.41015625,-0.34094089175422304,0.8631585447407732,,
HSCEI,20260511,8853.01953125,8898.5703125,8816.8603515625,8884.2001953125,8889.0703125,-4.8701171875,-0.054787700133854686,0.9192182991577613,,
HSCEI,20260512,8902.2998046875,8957.7998046875,8872.5302734375,8882.3701171875,8884.2001953125,-1.830078125,-0.020599244555132713,0.9597884939039316,,
HSCEI,20260513,8877.6103515625,8907.6904296875,8815.1904296875,8876.3798828125,8882.3701171875,-5.990234375,-0.06743959434215446,1.0413887147194116,,
HSCEI,20260514,9070.0,9070.0,8853.3701171875,8858.6298828125,8876.3798828125,-17.75,-0.19996890888333493,2.440520636481146,,
HSCEI,20260515,8835.4599609375,8835.4599609375,8646.419921875,8691.0302734375,8858.6298828125,-167.599609375,-1.891936017105495,2.133964750342208,,
HSCEI,20260518,8647.4599609375,8647.4599609375,8539.7998046875,8597.9697265625,8691.0302734375,-93.060546875,-1.070765420751347,1.238750215599214,,
HSCEI,20260519,8592.150390625,8661.4501953125,8583.76953125,8639.9599609375,8597.9697265625,41.990234375,0.48837383371187854,0.9034768268898874,,
HSCEI,20260520,8623.23046875,8632.8095703125,8569.5703125,8605.1298828125,8639.9599609375,-34.830078125,-0.4031277723794067,0.7319392462281512,,
HSCEI,20260521,8652.2802734375,8657.1796875,8463.25,8475.3203125,8605.1298828125,-129.8095703125,-1.5085137828282615,2.2536520673249387,,
HSCEI,20260522,8560.8095703125,8595.58984375,8499.1201171875,8550.8701171875,8475.3203125,75.5498046875,0.8914094323499941,1.1382428392732207,,
HSCEI,20260526,8573.0,8636.240234375,8499.3896484375,8576.8896484375,8550.8701171875,26.01953125,0.3042910358058179,1.6004287758087483,,
HSCEI,20260527,8586.98046875,8593.8603515625,8437.919921875,8463.01953125,8576.8896484375,-113.8701171875,-1.327638827768343,1.8181466251685836,,
HSCEI,20260528,8438.1796875,8438.1796875,8269.73046875,8364.41015625,8463.01953125,-98.609375,-1.1651795749245453,1.9904151009931537,,
HSCEI,20260529,8406.3798828125,8483.91015625,8377.7001953125,8425.8203125,8364.41015625,61.41015625,0.7341839424757703,1.2697842280981222,,
HSCEI,20260601,8419.8896484375,8554.1904296875,8419.8896484375,8507.8701171875,8425.8203125,82.0498046875,0.9737901076026536,1.593919360596381,,
HSCEI,20260602,8511.3095703125,8766.0498046875,8511.3095703125,8762.9697265625,8507.8701171875,255.099609375,2.9983956720219638,2.9941716418587156,,
HSCEI,20260603,8723.6103515625,8723.6103515625,8569.8095703125,8596.58984375,8762.9697265625,-166.3798828125,-1.8986700628231747,1.7551216773441063,,
HSCEI,20260604,8544.73046875,8574.5,8478.650390625,8501.91015625,8596.58984375,-94.6796875,-1.101363322211251,1.1149724613729917,,
HSCEI,20260605,8493.5498046875,8522.6904296875,8423.740234375,8436.6298828125,8501.91015625,-65.2802734375,-0.7678306667297652,1.1638583976303118,,
HSCEI,20260608,8296.91015625,8415.2197265625,8268.400390625,8341.3603515625,8436.6298828125,-95.26953125,-1.1292368229177336,1.7402604828808157,,
HSCEI,20260609,8313.5595703125,8391.66015625,8290.8896484375,8324.58984375,8341.3603515625,-16.7705078125,-0.20105243156601618,1.208082417799199,,
HSCEI,20260610,8295.16015625,8333.1103515625,8249.669921875,8318.73046875,8324.58984375,-5.859375,-0.07038635067887634,1.0023368268425388,,
HSCEI,20260611,8312.650390625,8352.41015625,8159.1298828125,8217.080078125,8318.73046875,-101.650390625,-1.221945956860342,2.3234347375909503,,
HSCEI,20260612,8278.0595703125,8400.0400390625,8253.900390625,8374.4296875,8217.080078125,157.349609375,1.9149090416422538,1.7784863607030421,,
HSCEI,20260615,8454.2099609375,8477.240234375,8357.25,8375.740234375,8374.4296875,1.310546875,0.015649386572033356,1.4328167869640376,,
HSCEI,20260616,8372.669921875,8385.5,8205.5498046875,8240.0498046875,8375.740234375,-135.6904296875,-1.6200410458124155,2.148469153495995,,
HSCEI,20260617,8234.7001953125,8250.669921875,8120.330078125,8144.02978515625,8240.0498046875,-96.02001953125,-1.165284455885537,1.5817846595521041,,
HSCEI,20260618,8072.72021484375,8087.66015625,7915.3798828125,7976.0400390625,8144.02978515625,-167.98974609375,-2.0627349177914014,2.115418017644132,,
HSCEI,20260622,7935.5498046875,7955.35009765625,7795.3701171875,7914.740234375,7976.0400390625,-61.2998046875,-0.7685493601747911,2.0057569882454347,,
HSCEI,20260623,7915.31005859375,7942.77001953125,7732.3798828125,7759.35986328125,7914.740234375,-155.38037109375,-1.9631771415429131,2.658206466524214,,
HSCEI,20260624,7792.1298828125,7823.2001953125,7718.919921875,7764.97021484375,7759.35986328125,5.6103515625,0.07230430939347508,1.3439288198369799,,
HSCEI,20260625,7757.490234375,7757.490234375,7569.47021484375,7608.3798828125,7764.97021484375,-156.59033203125,-2.016625018495335,2.421387517647206,,
HSCEI,20260626,7575.18017578125,7575.18017578125,7404.47021484375,7460.83984375,7608.3798828125,-147.5400390625,-1.9391781343068353,2.2437097459228816,,
HSCEI,20260629,7537.7998046875,7681.02001953125,7513.22021484375,7605.33984375,7460.83984375,144.5,1.9367792772156704,2.249073940758387,,
HSCEI,20260630,7599.02001953125,7634.97998046875,7483.02978515625,7558.2998046875,7605.33984375,-47.0400390625,-0.6185133081351661,1.997940899871441,,
HSCEI,20260702,7613.1298828125,7732.990234375,7586.0,7612.47998046875,7558.2998046875,54.18017578125,0.7168302023114853,1.944752631852996,,
HSCEI,20260703,7674.5498046875,7786.33984375,7668.68994140625,7699.759765625,7612.47998046875,87.27978515625,1.1465354967130648,1.5454871821745735,,
HSCEI,20260706,7715.740234375,7841.68017578125,7654.39990234375,7812.35009765625,7699.759765625,112.59033203125,1.4622577256747813,2.4322872289288653,,
HSCEI,20260707,7780.5400390625,7904.77001953125,7738.240234375,7770.259765625,7812.35009765625,-42.09033203125,-0.5387665875838993,2.131622150500013,,
HSCEI,20260708,7803.4501953125,8120.5400390625,7803.4501953125,8084.22021484375,7770.259765625,313.96044921875,4.040539939316902,4.080813940774282,,
HSCEI,20260709,8083.9501953125,8144.85009765625,7973.18017578125,7997.2900390625,8084.22021484375,-86.93017578125,-1.0753068752584714,2.1235186240942596,,
HSCEI,20260710,8065.2998046875,8149.669921875,7982.64013671875,8039.18994140625,7997.2900390625,41.89990234375,0.5239262567581181,2.0885798106658444,,
HSCEI,20260713,8042.259765625,8153.2099609375,8033.35986328125,8065.97021484375,8039.18994140625,26.7802734375,0.3331215412583656,1.4908230621465488,,
HSCEI,20260714,8065.16015625,8142.02001953125,7959.33984375,8103.080078125,8065.97021484375,37.10986328125,0.4600793493256022,2.2648258165529165,,
HSCEI,20260715,8152.89013671875,8232.1103515625,8100.72998046875,8184.3798828125,8103.080078125,81.2998046875,1.0033197735139778,1.621363355996237,,
HSCEI,20260716,8234.5595703125,8396.08984375,8234.5595703125,8318.1396484375,8184.3798828125,133.759765625,1.634329876425952,1.9736409569247821,,
HSCEI,20260717,8334.669921875,8372.7001953125,8047.56982421875,8136.72998046875,8318.1396484375,-181.40966796875,-2.180892310491883,3.908690943350816,,
HSCEI,20260720,8252.73046875,8389.1796875,8224.4404296875,8381.900390625,8136.72998046875,245.17041015625,3.013131942988797,2.024637147944407,,
HSCEI,20260721,8381.1904296875,8417.8095703125,8312.2001953125,8360.6796875,8381.900390625,-21.220703125,-0.253172933774481,1.2599693396275877,,
HSCEI,20260722,8287.1904296875,8315.75,8221.3701171875,8251.0703125,8360.6796875,-109.609375,-1.3110103376388917,1.1288541881781067,,
HSCEI,20260723,8266.6103515625,8376.1298828125,8225.58984375,8352.669921875,8251.0703125,101.599609375,1.2313506675743773,1.824491046142688,,
HSCEI,20260724,8257.919921875,8307.009765625,8229.51953125,8271.0595703125,8352.669921875,-81.6103515625,-0.977057064696987,0.9277301162357563,,
HSCEI,20260727,8284.4501953125,8390.66015625,8268.509765625,8365.3798828125,8271.0595703125,94.3203125,1.1403655323502448,1.476840900329592,,
HSCEI,20260728,8396.990234375,8486.83984375,8348.5,8436.25,8365.3798828125,70.8701171875,0.8471834893369237,1.653718607976583,,
HSCEI,20260729,8500.0302734375,8625.6904296875,8500.0302734375,8623.51953125,8436.25,187.26953125,2.219819602904134,1.4895262261075715,,
HSCEI,20260730,8674.1904296875,8701.7900390625,8583.7900390625,8644.7099609375,8623.51953125,21.1904296875,0.24572832021438462,1.368350817463686,,
HSCEI,20260731,8623.7001953125,8641.740234375,8512.0703125,8612.150390625,8644.7099609375,-32.5595703125,-0.37664155835910756,1.4999915839968514,,
HSCEI,20260803,8659.1201171875,8701.83984375,8583.7998046875,8652.150390625,8612.150390625,40.0,0.4644600731025683,1.3706221292999694,,
HSCEI,20260804,8667.9404296875,8704.4296875,8541.0,8574.259765625,8652.150390625,-77.890625,-0.900245851995338,1.888890970701151,,
HSCEI,20260805,8585.0,8624.1796875,8525.330078125,8603.73046875,8574.259765625,29.470703125,0.3437113398774175,1.1528646446110395,,
HSCEI,20260806,8555.6298828125,8560.4501953125,8471.8896484375,8498.73046875,8603.73046875,-105.0,-1.2204008526461314,1.029327303971978,,
