ts_code,trade_date,open,high,low,close,pre_close,change,pct_chg,swing,vol,amount
HSI,20200102,28249.37,28543.52,28245.97,28543.52,28189.75,353.77,1.255,1.06,126273.28,9087494.512971
HSI,20200103,28828.36,28883.3,28428.17,28451.5,28543.52,-92.02,-0.3224,1.59,179790.48,9788683.089447
HSI,20200106,28326.5,28367.87,28054.29,28226.19,28451.5,-225.31,-0.7919,1.1,179342.66,9160570.018912
HSI,20200107,28352.68,28473.08,28264.07,28322.06,28226.19,95.87,0.3396,0.74,130268.72,8641908.462302
HSI,20200108,27999.58,28198.61,27857.73,28087.92,28322.06,-234.14,-0.8267,1.2,170924.16,9655394.979299
HSI,20200109,28367.65,28561.0,28325.86,28561.0,28087.92,473.08,1.6843,0.84,169278.62,9573783.643936
HSI,20200110,28665.14,28665.14,28504.27,28638.2,28561.0,77.2,0.2703,0.56,144840.1,10527334.138423
HSI,20200113,28772.37,28971.4,28671.84,28954.94,28638.2,316.74,1.106,1.05,176505.57,11181100.347502
HSI,20200114,29149.53,29149.53,28790.49,28885.14,28954.94,-69.8,-0.2411,1.24,164350.47,11919278.386949
HSI,20200115,28891.07,28972.68,28619.1,28773.59,28885.14,-111.55,-0.3862,1.22,124012.07,10043133.362265
HSI,20200116,28806.12,28987.73,28709.57,28883.04,28773.59,109.45,0.3804,0.97,162092.62,10150163.297644
HSI,20200117,28988.16,29101.15,28813.13,29056.42,28883.04,173.38,0.6003,1.0,154508.28,11136057.817747
HSI,20200120,29169.12,29174.92,28795.42,28795.91,29056.42,-260.51,-0.8966,1.31,163338.39,11159910.522291
HSI,20200121,28449.38,28492.03,27980.5,27985.33,28795.91,-810.58,-2.8149,1.78,223652.17,13284025.707586
HSI,20200122,28116.5,28393.93,27937.68,28341.04,27985.33,355.71,1.2711,1.63,134328.81,10149271.843831
HSI,20200123,28109.75,28133.03,27706.37,27909.12,28341.04,-431.92,-1.524,1.51,175326.3,11870593.813859
HSI,20200124,27935.42,27977.63,27774.5,27949.64,27909.12,40.52,0.1452,0.73,61212.87,4732153.241299
HSI,20200129,27101.54,27333.3,27101.54,27160.63,27949.64,-789.01,-2.823,0.83,220383.61,12405118.607015
HSI,20200130,27030.61,27134.55,26330.05,26449.13,27160.63,-711.5,-2.6196,2.96,222356.78,12439606.150162
HSI,20200131,26757.61,26818.84,26295.49,26312.63,26449.13,-136.5,-0.5161,1.98,187425.52,10302446.752559
HSI,20200203,26189.61,26512.58,26145.59,26356.98,26312.63,44.35,0.1686,1.39,242148.27,13667977.173376
HSI,20200204,26491.66,26730.26,26491.66,26675.98,26356.98,319.0,1.2103,0.91,250023.81,13585463.889669
HSI,20200205,26869.32,26926.12,26641.92,26786.74,26675.98,110.76,0.4152,1.07,249893.08,13378142.541099
HSI,20200206,27174.53,27608.22,27029.49,27493.7,26786.74,706.96,2.6392,2.16,224953.39,13172605.909402
HSI,20200207,27356.28,27410.58,27224.12,27404.27,27493.7,-89.43,-0.3253,0.68,146451.47,9940794.856044
HSI,20200210,27092.15,27314.64,27044.88,27241.34,27404.27,-162.93,-0.5945,0.98,161201.79,10775477.34839
HSI,20200211,27514.25,27674.81,27436.99,27583.88,27241.34,342.54,1.2574,0.87,186862.54,11101537.163472
HSI,20200212,27717.22,27892.48,27614.83,27823.66,27583.88,239.78,0.8693,1.01,179656.12,11223385.509378
HSI,20200213,27953.65,27953.65,27695.6,27730.0,27823.66,-93.66,-0.3366,0.93,161701.02,10591862.184701
HSI,20200214,27698.56,27960.66,27695.59,27815.6,27730.0,85.6,0.3087,0.96,144533.59,9578273.660528
HSI,20200217,27766.71,28055.58,27766.71,27959.6,27815.6,144.0,0.5177,1.04,141299.92,9560370.180311
HSI,20200218,27766.5,27771.3,27496.25,27530.2,27959.6,-429.4,-1.5358,0.98,159222.14,10138594.505715
HSI,20200219,27486.46,27697.46,27448.6,27655.81,27530.2,125.61,0.4563,0.9,147153.81,8836083.209528
HSI,20200220,27767.28,27767.28,27383.13,27609.16,27655.81,-46.65,-0.1687,1.39,158207.31,10087892.652186
HSI,20200221,27450.46,27484.53,27264.78,27308.81,27609.16,-300.35,-1.0879,0.8,177361.34,10025054.412433
HSI,20200224,27105.35,27105.35,26813.22,26820.88,27308.81,-487.93,-1.7867,1.07,204465.7,12413326.190367
HSI,20200225,26722.39,26914.05,26667.04,26893.23,26820.88,72.35,0.2698,0.92,192404.29,11792576.77388
HSI,20200226,26479.9,26776.06,26479.9,26696.49,26893.23,-196.74,-0.7316,1.1,204000.0,11959666.498872
HSI,20200227,26529.17,26849.57,26419.97,26778.62,26696.49,82.13,0.3076,1.61,211036.97,11046721.844324
HSI,20200228,26249.06,26313.55,25989.41,26129.93,26778.62,-648.69,-2.4224,1.21,319142.62,16819327.346293
HSI,20200302,26077.73,26375.91,26077.73,26291.68,26129.93,161.75,0.619,1.14,220153.56,12544439.375887
HSI,20200303,26419.13,26527.75,26233.39,26284.82,26291.68,-6.86,-0.0261,1.12,213629.5,11649256.464505
HSI,20200304,26321.56,26372.48,26038.39,26222.07,26284.82,-62.75,-0.2387,1.27,195706.24,11097461.315503
HSI,20200305,26348.16,26805.58,26315.36,26767.87,26222.07,545.8,2.0815,1.87,252284.32,13262824.348412
HSI,20200306,26397.78,26408.8,26084.23,26146.67,26767.87,-621.2,-2.3207,1.21,264651.93,11946241.470646
HSI,20200309,25134.02,25321.28,24948.38,25040.46,26146.67,-1106.21,-4.2308,1.43,467789.24,16962924.591191
HSI,20200310,25285.68,25578.61,24978.97,25392.51,25040.46,352.05,1.4059,2.39,322566.11,14106210.393301
HSI,20200311,25459.96,25493.23,25140.38,25231.61,25392.51,-160.9,-0.6337,1.39,262762.56,11268041.598527
HSI,20200312,24657.67,24657.67,24117.94,24309.07,25231.61,-922.54,-3.6563,2.14,374892.84,15226242.76257
HSI,20200313,22519.32,24184.48,22519.32,24032.91,24309.07,-276.16,-1.136,6.85,549515.57,20243355.299214
HSI,20200316,23317.81,23631.53,22842.25,23063.57,24032.91,-969.34,-4.0334,3.28,406702.93,15880537.327474
HSI,20200317,23001.76,23401.2,22676.46,23263.73,23063.57,200.16,0.8679,3.14,363797.37,15101517.58429
HSI,20200318,23023.34,23425.03,22167.42,22291.82,23263.73,-971.91,-4.1778,5.41,421715.36,16608851.900685
HSI,20200319,22221.38,22380.34,21139.26,21709.13,22291.82,-582.69,-2.6139,5.57,562839.76,17098783.443716
HSI,20200320,22147.34,22805.07,22147.34,22805.07,21709.13,1095.94,5.0483,3.03,452818.79,17127217.958233
HSI,20200323,21659.55,22064.31,21659.55,21696.13,22805.07,-1108.94,-4.8627,1.77,,13754886.760625
HSI,20200324,22497.57,22753.01,22383.25,22663.49,21696.13,967.36,4.4587,1.7,361406.67,13779670.337454
HSI,20200325,23255.91,23569.45,23062.23,23527.19,22663.49,863.7,3.811,2.24,360537.49,15116200.957504
HSI,20200326,23604.83,23604.83,23163.67,23352.34,23527.19,-174.85,-0.7432,1.88,251950.81,12177893.964633
HSI,20200327,23768.41,23791.2,23354.01,23484.28,23352.34,131.94,0.565,1.87,219967.43,12241775.798792
HSI,20200330,23020.85,23491.51,22973.33,23175.11,23484.28,-309.17,-1.3165,2.21,255343.59,10794901.93597
HSI,20200331,23613.27,23627.53,23238.04,23603.48,23175.11,428.37,1.8484,1.68,287632.66,11334052.492724
HSI,20200401,23365.9,23540.01,22947.64,23085.79,23603.48,-517.69,-2.1933,2.51,287997.76,12492696.300761
HSI,20200402,22838.67,23280.06,22756.13,23280.06,23085.79,194.27,0.8415,2.27,256093.74,8971637.852611
HSI,20200403,23072.95,23236.11,23030.58,23236.11,23280.06,-43.95,-0.1888,0.88,187063.06,7997311.471277
HSI,20200406,23558.83,23832.93,23271.47,23749.12,23236.11,513.01,2.2078,2.42,183403.66,8681414.42772
HSI,20200407,24093.05,24262.01,23796.03,24253.29,23749.12,504.17,2.1229,1.96,253503.46,12637592.978314
HSI,20200408,24191.32,24191.32,23897.4,23970.37,24253.29,-282.92,-1.1665,1.21,184085.41,9453559.549748
HSI,20200409,24181.32,24308.69,24045.18,24300.33,23970.37,329.96,1.3765,1.1,172533.46,9388694.687264
HSI,20200414,24347.61,24546.39,24283.13,24435.4,24300.33,135.07,0.5558,1.08,205044.78,11145910.409144
HSI,20200415,24499.86,24603.6,24090.5,24145.34,24435.4,-290.06,-1.187,2.1,190662.52,11206811.108938
HSI,20200416,24025.45,24102.91,23854.79,24006.45,24145.34,-138.89,-0.5752,1.03,186547.34,10584260.49018
HSI,20200417,24457.83,24666.64,24308.78,24380.0,24006.45,373.55,1.556,1.49,193757.9,13791125.438182
HSI,20200420,24503.56,24503.56,24225.55,24330.02,24380.0,-49.98,-0.205,1.14,137509.16,8984641.907084
HSI,20200421,24247.84,24247.84,23676.13,23793.55,24330.02,-536.47,-2.205,2.35,216066.17,11079631.411758
HSI,20200422,23540.54,23939.29,23483.31,23893.36,23793.55,99.81,0.4195,1.92,166836.24,9705784.195525
HSI,20200423,23983.65,24107.88,23806.3,23977.32,23893.36,83.96,0.3514,1.26,181434.48,9654350.911225
HSI,20200424,23844.55,23957.17,23730.49,23831.33,23977.32,-145.99,-0.6089,0.95,130166.49,8279936.514308
HSI,20200427,24030.66,24318.81,24030.54,24280.14,23831.33,448.81,1.8833,1.21,159271.3,8711934.579041
HSI,20200428,24401.12,24582.66,24176.88,24575.96,24280.14,295.82,1.2184,1.67,168755.73,8610724.081067
HSI,20200429,24786.02,24855.47,24549.62,24643.59,24575.96,67.63,0.2752,1.24,164800.9,8608602.069873
HSI,20200504,23895.11,23897.53,23584.95,23613.8,24643.59,-1029.79,-4.1787,1.27,255677.4,10969129.638002
HSI,20200505,23755.77,23928.45,23697.88,23868.66,23613.8,254.86,1.0793,0.98,133296.73,7045460.592305
HSI,20200506,23868.02,24235.03,23868.02,24137.48,23868.66,268.82,1.1262,1.54,189000.0,10959188.277751
HSI,20200507,24120.81,24120.81,23913.5,23980.63,24137.48,-156.85,-0.6498,0.86,131706.0,8655027.215295
HSI,20200508,24193.36,24263.73,24097.12,24230.17,23980.63,249.54,1.0406,0.69,127411.32,9682010.913956
HSI,20200511,24470.18,24766.83,24470.18,24602.06,24230.17,371.89,1.5348,1.22,145820.0,10365267.399671
HSI,20200512,24358.0,24411.04,24136.2,24245.68,24602.06,-356.38,-1.4486,1.12,147962.86,9704850.312749
HSI,20200513,24111.67,24320.2,23979.37,24180.3,24245.68,-65.38,-0.2697,1.41,135903.85,10353650.265622
HSI,20200514,24038.07,24081.19,23790.27,23829.74,24180.3,-350.56,-1.4498,1.2,169772.08,11865378.142856
HSI,20200515,23834.68,23985.12,23671.61,23797.47,23829.74,-32.27,-0.1354,1.32,150947.86,10433838.051024
HSI,20200518,23736.67,23952.05,23722.17,23934.77,23797.47,137.3,0.577,0.97,164511.47,10942925.957984
HSI,20200519,24489.55,24552.55,24314.45,24388.13,23934.77,453.36,1.8941,0.99,202298.75,12596294.810848
HSI,20200520,24462.9,24514.87,24315.75,24399.95,24388.13,11.82,0.0485,0.82,143202.13,10169194.053893
HSI,20200521,24528.91,24528.91,24208.16,24280.03,24399.95,-119.92,-0.4915,1.31,147434.5,12426146.509043
HSI,20200522,23756.91,23756.91,22878.26,22930.14,24280.03,-1349.89,-5.5597,3.62,368098.91,18054600.921496
HSI,20200525,22725.7,22968.65,22519.73,22952.24,22930.14,22.1,0.0964,1.96,176902.9,11822700.164976
HSI,20200526,23198.34,23481.48,23165.49,23384.66,22952.24,432.42,1.884,1.38,142114.82,10746470.629402
HSI,20200527,23515.14,23515.14,23134.61,23301.36,23384.66,-83.3,-0.3562,1.63,183714.61,11088218.776178
HSI,20200528,23206.75,23451.78,22798.69,23132.76,23301.36,-168.6,-0.7236,2.8,235679.26,13269869.006597
HSI,20200529,22781.11,23089.77,22781.11,22961.47,23132.76,-171.29,-0.7405,1.33,362141.2,17893681.716614
HSI,20200601,23539.91,23806.32,23539.91,23732.52,22961.47,771.05,3.358,1.16,256914.88,15075302.828733
HSI,20200602,23792.24,23995.94,23766.15,23995.94,23732.52,263.42,1.11,0.97,181329.39,11402850.560888
HSI,20200603,24303.56,24364.01,24219.96,24325.62,23995.94,329.68,1.3739,0.6,245511.83,13945278.919244
HSI,20200604,24643.84,24643.84,24204.1,24366.3,24325.62,40.68,0.1672,1.81,188887.35,12541149.06164
HSI,20200605,24388.18,24810.22,24253.56,24770.41,24366.3,404.11,1.6585,2.28,239761.83,13486648.070145
HSI,20200608,25018.05,25018.78,24678.55,24776.77,24770.41,6.36,0.0257,1.37,212343.95,12929318.125427
HSI,20200609,24906.01,25253.67,24837.73,25057.22,24776.77,280.45,1.1319,1.68,220339.65,11763892.038101
HSI,20200610,25179.03,25303.78,24968.3,25049.73,25057.22,-7.49,-0.0299,1.34,197134.92,12725468.796131
HSI,20200611,24997.84,25059.32,24480.15,24480.15,25049.73,-569.58,-2.2738,2.31,183895.82,14243076.004473
HSI,20200612,23920.7,24317.72,23895.03,24301.38,24480.15,-178.77,-0.7303,1.73,182451.96,11543783.066017
HSI,20200615,23991.38,24242.97,23684.96,23776.95,24301.38,-524.43,-2.158,2.3,210453.83,12249254.720893
HSI,20200616,24318.15,24534.77,24302.25,24344.09,23776.95,567.14,2.3853,0.98,161158.99,10961244.966079
HSI,20200617,24363.39,24532.01,24195.82,24481.41,24344.09,137.32,0.5641,1.38,127827.93,10424170.993289
HSI,20200618,24386.31,24464.94,24121.89,24464.94,24481.41,-16.47,-0.0673,1.4,181132.71,12160784.738801
HSI,20200619,24373.36,24776.54,24334.36,24643.89,24464.94,178.95,0.7315,1.81,239028.57,15145486.85985
HSI,20200622,24528.53,24628.95,24391.17,24511.34,24643.89,-132.55,-0.5379,0.96,161229.42,11958120.563219
HSI,20200623,24541.44,24907.34,24184.88,24907.34,24511.34,396.0,1.6156,2.95,154905.37,11944711.598412
HSI,20200624,25034.87,25071.32,24770.95,24781.58,24907.34,-125.76,-0.5049,1.21,143191.37,11542954.038761
HSI,20200626,24697.98,24756.58,24537.77,24549.99,24781.58,-231.59,-0.9345,0.88,150926.01,9611043.609849
HSI,20200629,24627.64,24627.64,24148.62,24301.28,24549.99,-248.71,-1.0131,1.95,183585.54,13301898.508415
HSI,20200630,24468.24,24598.61,24271.77,24427.19,24301.28,125.91,0.5181,1.34,189232.33,12249024.182108
HSI,20200702,24563.57,25124.19,24563.57,25124.19,24427.19,697.0,2.8534,2.3,274654.64,17599027.142749
HSI,20200703,25319.28,25453.58,25182.6,25373.12,25124.19,248.93,0.9908,1.08,232056.89,16395118.449001
HSI,20200706,25545.54,26453.61,25543.15,26339.16,25373.12,966.04,3.8073,3.59,488338.19,25079693.14848
HSI,20200707,26571.08,26782.62,25911.74,25975.66,26339.16,-363.5,-1.3801,3.31,391384.07,23995722.899026
HSI,20200708,26078.61,26299.84,25849.78,26129.18,25975.66,153.52,0.591,1.73,258267.95,19619393.297009
HSI,20200709,26351.13,26374.94,26016.75,26210.16,26129.18,80.98,0.3099,1.37,245268.17,20683138.24002
HSI,20200710,25931.78,26137.91,25570.36,25727.41,26210.16,-482.75,-1.8418,2.17,214215.08,19456872.569282
HSI,20200713,25848.8,26103.84,25715.24,25772.12,25727.41,44.71,0.1738,1.51,212728.88,16485595.955592
HSI,20200714,25663.16,25663.16,25254.32,25477.89,25772.12,-294.23,-1.1417,1.59,218027.92,17894565.062302
HSI,20200715,25888.78,25888.78,25299.36,25481.58,25477.89,3.69,0.0145,2.31,184931.73,16417027.213099
HSI,20200716,25549.4,25576.49,24919.95,24970.69,25481.58,-510.89,-2.0049,2.58,193505.17,19979235.247451
HSI,20200717,25142.06,25263.97,25015.28,25089.17,24970.69,118.48,0.4745,1.0,136250.04,12952978.192498
HSI,20200720,25019.6,25222.11,24766.17,25057.99,25089.17,-31.18,-0.1243,1.82,165062.05,13075382.900069
HSI,20200721,25427.06,25635.66,25378.38,25635.66,25057.99,577.67,2.3053,1.03,175217.19,16170725.720272
HSI,20200722,25575.25,25779.66,25057.94,25057.94,25635.66,-577.72,-2.2536,2.82,239005.12,15558627.405911
HSI,20200723,25235.9,25346.36,24992.37,25263.0,25057.94,205.06,0.8183,1.41,191000.0,14057198.768608
HSI,20200724,25040.76,25101.1,24598.46,24705.33,25263.0,-557.67,-2.2075,1.99,302970.64,16665980.716928
HSI,20200727,24909.96,24972.46,24526.91,24603.26,24705.33,-102.07,-0.4132,1.8,149121.1,12567748.77263
HSI,20200728,24942.74,24942.74,24642.35,24772.76,24603.26,169.5,0.6889,1.22,135841.82,11241634.120405
HSI,20200729,24710.51,24905.44,24671.51,24883.14,24772.76,110.38,0.4456,0.94,108033.51,10444761.724611
HSI,20200730,24979.24,25197.31,24616.05,24710.59,24883.14,-172.55,-0.6934,2.34,177968.19,12837134.792868
HSI,20200731,24747.29,24938.85,24534.79,24595.35,24710.59,-115.24,-0.4664,1.64,176323.39,11915383.084799
HSI,20200803,24566.81,24647.28,24250.98,24458.13,24595.35,-137.22,-0.5579,1.61,201272.31,13045672.314492
HSI,20200804,24664.6,25062.41,24539.44,24946.63,24458.13,488.5,1.9973,2.14,190661.59,14597813.935203
HSI,20200805,25029.39,25167.22,24868.29,25102.54,24946.63,155.91,0.625,1.2,147793.63,12280714.96098
HSI,20200806,25201.44,25201.44,24641.09,24930.58,25102.54,-171.96,-0.685,2.23,159620.61,13587966.665731
HSI,20200807,24909.37,24909.37,24167.79,24531.62,24930.58,-398.96,-1.6003,2.97,161016.47,17782807.005964
HSI,20200810,24376.82,24536.01,24272.67,24377.43,24531.62,-154.19,-0.6285,1.07,125644.41,13528250.885223
HSI,20200811,24662.04,25031.57,24662.04,24890.68,24377.43,513.25,2.1054,1.52,162836.39,14135875.98862
HSI,20200812,24868.63,25291.8,24685.44,25244.02,24890.68,353.34,1.4196,2.44,176395.01,14407505.875604
HSI,20200813,25490.02,25490.02,25144.46,25230.67,25244.02,-13.35,-0.0529,1.37,176119.65,11645337.073669
HSI,20200814,25072.45,25378.53,25040.55,25183.01,25230.67,-47.66,-0.1889,1.34,142976.68,10331915.206046
HSI,20200817,25212.28,25588.67,25163.29,25347.34,25183.01,164.33,0.6525,1.69,195568.91,12875679.327617
HSI,20200818,25470.97,25470.97,25257.88,25367.38,25347.34,20.04,0.0791,0.84,153477.6,12688300.0
HSI,20200819,25359.03,25382.51,25079.25,25178.91,25367.38,-188.47,-0.743,1.2,113223.86,8458063.387424
HSI,20200820,25055.35,25055.35,24621.32,24791.39,25178.91,-387.52,-1.5391,1.72,199570.15,11818703.390755
HSI,20200821,25007.13,25178.79,24885.86,25113.84,24791.39,322.45,1.3007,1.18,121026.79,11812692.958589
HSI,20200824,25352.79,25551.58,25325.15,25551.58,25113.84,437.74,1.743,0.9,135226.38,14015367.596214
HSI,20200825,25586.99,25621.08,25352.26,25486.22,25551.58,-65.36,-0.2558,1.05,135083.74,12877145.301809
HSI,20200826,25520.41,25603.17,25360.03,25491.79,25486.22,5.57,0.0219,0.95,131987.62,13320515.365918
HSI,20200827,25469.77,25469.77,25186.42,25281.15,25491.79,-210.64,-0.8263,1.11,170126.83,15060051.135196
HSI,20200828,25330.77,25749.4,25258.16,25422.06,25281.15,140.91,0.5574,1.94,206527.26,16528555.65841
HSI,20200831,25732.49,25847.11,25177.05,25177.05,25422.06,-245.01,-0.9638,2.64,319537.82,18177037.364749
HSI,20200901,25085.67,25254.14,24995.45,25184.85,25177.05,7.8,0.031,1.03,172945.2,13906296.151144
HSI,20200902,25239.86,25239.86,24931.17,25120.09,25184.85,-64.76,-0.2571,1.23,234995.58,15958067.741361
HSI,20200903,25026.99,25216.02,24854.58,25007.6,25120.09,-112.49,-0.4478,1.44,200734.11,14082547.100766
HSI,20200904,24668.801,24813.96,24488.64,24695.45,25007.6,-312.15,-1.2482,1.3,339374.51,21315733.981015
HSI,20200907,24621.021,24908.29,24475.61,24589.65,24695.45,-105.8,-0.4284,1.75,168287.29,15824202.619846
HSI,20200908,24785.26,24785.26,24341.32,24624.34,24589.65,34.69,0.1411,1.81,207459.1,14060005.245002
HSI,20200909,24295.42,24520.92,24213.36,24468.93,24624.34,-155.41,-0.6311,1.25,174934.84,12076435.174432
HSI,20200910,24584.94,24615.6,24293.21,24313.54,24468.93,-155.39,-0.6351,1.32,134947.8,10387768.85
HSI,20200911,24352.63,24572.66,24293.03,24503.31,24313.54,189.77,0.7805,1.15,130659.89,9604950.863999
HSI,20200914,24569.03,24750.95,24556.52,24640.28,24503.31,136.97,0.559,0.79,109138.07,9965031.331775
HSI,20200915,24621.65,24826.87,24621.65,24732.76,24640.28,92.48,0.3753,0.83,173376.96,11593632.152172
HSI,20200916,24823.96,24829.87,24635.24,24725.63,24732.76,-7.13,-0.0288,0.79,130320.21,10299121.307208
HSI,20200917,24676.41,24713.79,24250.9,24340.85,24725.63,-384.78,-1.5562,1.87,163090.03,11769105.617564
HSI,20200918,24381.13,24501.16,24295.01,24455.41,24340.85,114.56,0.4706,0.85,230181.29,14408781.627287
HSI,20200921,24483.91,24542.55,23928.02,23950.69,24455.41,-504.72,-2.0638,2.51,160208.15,11491458.004467
HSI,20200922,23839.67,23908.51,23675.62,23716.85,23950.69,-233.84,-0.9763,0.97,155322.77,10551556.727197
HSI,20200923,23701.12,23795.19,23559.99,23742.51,23716.85,25.66,0.1082,0.99,164293.34,9848397.17718
HSI,20200924,23537.83,23590.42,23225.33,23311.07,23742.51,-431.44,-1.8172,1.54,191365.75,11716649.024148
HSI,20200925,23425.75,23495.26,23124.25,23235.42,23311.07,-75.65,-0.3245,1.59,179407.54,11673311.7629
HSI,20200928,23284.09,23523.81,23250.34,23476.05,23235.42,240.63,1.0356,1.18,144683.94,9334340.498052
HSI,20200929,23584.61,23601.4,23256.92,23275.53,23476.05,-200.52,-0.8541,1.47,152674.66,8588218.748714
HSI,20200930,23548.89,23780.87,23368.49,23459.05,23275.53,183.52,0.7885,1.77,145301.6,9829945.125869
HSI,20201005,24039.39,24039.39,23674.52,23767.78,23459.05,308.73,1.316,1.56,142042.75,9258075.953463
HSI,20201006,23895.21,24005.03,23842.25,23980.65,23767.78,212.87,0.8956,0.68,132545.22,8273392.690775
HSI,20201007,23999.79,24243.91,23905.42,24242.86,23980.65,262.21,1.0934,1.41,153707.61,9217250.0
HSI,20201008,24263.33,24263.33,24021.93,24193.35,24242.86,-49.51,-0.2042,1.0,118203.03,8778889.870451
HSI,20201009,24343.81,24343.81,24059.29,24119.13,24193.35,-74.22,-0.3068,1.18,135896.95,11254702.500677
HSI,20201012,24217.25,24702.81,24196.8,24649.68,24119.13,530.55,2.1997,2.1,243040.35,14029100.752431
HSI,20201014,24808.85,24808.85,24498.94,24667.09,24649.68,17.41,0.0706,1.26,255004.28,15434936.303453
HSI,20201015,24533.75,24573.25,24102.21,24158.54,24667.09,-508.55,-2.0617,1.91,213420.28,13053789.385214
HSI,20201016,24194.41,24456.97,24194.41,24386.79,24158.54,228.25,0.9448,1.09,269752.51,11300786.182269
HSI,20201019,24565.43,24771.85,24478.47,24542.26,24386.79,155.47,0.6375,1.2,360553.76,12282765.494563
HSI,20201020,24571.64,24600.39,24456.84,24569.54,24542.26,27.28,0.1112,0.58,187905.2,9931922.750736
HSI,20201021,24695.54,24903.0,24653.16,24754.42,24569.54,184.88,0.7525,1.02,192944.72,10950362.862135
HSI,20201022,24696.31,24817.01,24556.55,24786.13,24754.42,31.71,0.1281,1.05,248687.12,10718207.872107
HSI,20201023,24773.12,24970.59,24683.25,24918.78,24786.13,132.65,0.5352,1.16,236815.67,11164795.267794
HSI,20201027,24839.97,24872.52,24602.11,24787.19,24918.78,-131.59,-0.5281,1.09,243516.46,13052038.388756
HSI,20201028,24773.54,24844.79,24586.06,24708.8,24787.19,-78.39,-0.3163,1.04,201194.04,13262381.566396
HSI,20201029,24290.01,24678.9,24258.56,24586.6,24708.8,-122.2,-0.4946,1.7,193674.9,13318625.998912
HSI,20201030,24535.9,24600.54,24029.95,24107.42,24586.6,-479.18,-1.9489,2.32,253774.42,15172705.253311
HSI,20201102,24274.83,24486.02,24232.66,24460.01,24107.42,352.59,1.4626,1.05,235541.32,11619320.427452
HSI,20201103,24689.56,25048.53,24689.51,24939.73,24460.01,479.72,1.9612,1.47,224435.3,12963235.599259
HSI,20201104,24790.0,25093.72,24733.23,24886.14,24939.73,-53.59,-0.2149,1.45,230556.15,17282786.611392
HSI,20201105,25500.91,25695.92,25343.44,25695.92,24886.14,809.78,3.2539,1.42,261749.2,17667637.931616
HSI,20201106,25750.78,25799.97,25540.98,25712.97,25695.92,17.05,0.0664,1.01,237047.6,16455507.072602
HSI,20201109,26157.77,26172.23,25950.41,26016.17,25712.97,303.2,1.1792,0.86,235010.15,16845276.432723
HSI,20201110,26474.04,26474.04,26041.87,26301.48,26016.17,285.31,1.0967,1.66,384714.41,23380607.668802
HSI,20201111,26226.8,26432.56,26168.63,26226.98,26301.48,-74.5,-0.2833,1.0,412077.37,26745683.528727
HSI,20201112,26409.34,26460.94,26071.15,26169.38,26226.98,-57.6,-0.2196,1.49,267902.05,16713532.188327
HSI,20201113,26114.6,26156.86,25909.18,26156.86,26169.38,-12.52,-0.0478,0.95,243510.5,15140749.625961
HSI,20201116,26362.07,26394.4,26191.54,26381.67,26156.86,224.81,0.8595,0.78,209023.65,14530213.910409
HSI,20201117,26515.09,26530.54,26339.88,26415.09,26381.67,33.42,0.1267,0.72,239456.56,14357003.581319
HSI,20201118,26434.24,26618.01,26344.86,26544.29,26415.09,129.2,0.4891,1.03,229275.86,13377230.170489
HSI,20201119,26460.61,26460.61,26311.64,26356.97,26544.29,-187.32,-0.7057,0.56,241389.01,13193661.279373
HSI,20201120,26406.87,26564.25,26313.28,26451.54,26356.97,94.57,0.3588,0.95,214935.44,13264042.157304
HSI,20201123,26659.79,26662.66,26369.34,26486.2,26451.54,34.66,0.131,1.11,223515.55,15203796.521988
HSI,20201124,26630.34,26630.34,26409.77,26588.2,26486.2,102.0,0.3851,0.83,201498.94,14324238.359223
HSI,20201125,26819.96,27040.41,26591.3,26669.75,26588.2,81.55,0.3067,1.69,285997.44,17806144.817172
HSI,20201126,26695.25,26819.45,26612.0,26819.45,26669.75,149.7,0.5613,0.78,197765.29,11363884.045077
HSI,20201127,26758.49,27009.15,26704.6,26894.68,26819.45,75.23,0.2805,1.14,273359.72,11271956.037088
HSI,20201130,26853.39,26960.93,26322.68,26341.49,26894.68,-553.19,-2.0569,2.37,574206.01,24068680.096888
HSI,20201201,26422.71,26662.18,26375.24,26567.68,26341.49,226.19,0.8587,1.09,356423.89,15312589.612308
HSI,20201202,26670.12,26670.12,26379.48,26532.58,26567.68,-35.1,-0.1321,1.09,370408.74,18173888.789705
HSI,20201203,26623.42,26781.99,26556.02,26728.5,26532.58,195.92,0.7384,0.85,283041.39,13545003.025279
HSI,20201204,26811.59,26835.92,26652.34,26835.92,26728.5,107.42,0.4019,0.69,320535.02,17226472.437084
HSI,20201207,26870.58,26870.58,26256.4,26506.85,26835.92,-329.07,-1.2262,2.29,280602.12,13527424.507162
HSI,20201208,26460.35,26460.35,26270.91,26304.56,26506.85,-202.29,-0.7632,0.71,254268.03,13541750.714268
HSI,20201209,26510.42,26666.94,26445.66,26502.84,26304.56,198.28,0.7538,0.84,253771.62,13660955.559484
HSI,20201210,26335.26,26434.47,26287.02,26410.59,26502.84,-92.25,-0.3481,0.56,200056.89,11000082.048301
HSI,20201211,26634.21,26704.01,26443.01,26505.87,26410.59,95.28,0.3608,0.99,249742.04,13591420.459146
HSI,20201214,26522.1,26544.12,26318.11,26389.52,26505.87,-116.35,-0.439,0.85,221097.67,14330735.287911
HSI,20201215,26418.93,26436.04,26127.68,26207.29,26389.52,-182.23,-0.6905,1.17,258714.44,14400708.043936
HSI,20201216,26421.21,26510.19,26318.74,26460.29,26207.29,253.0,0.9654,0.73,204344.45,12903893.03641
HSI,20201217,26608.44,26678.38,26390.59,26678.38,26460.29,218.09,0.8242,1.09,226242.28,12896223.297886
HSI,20201218,26650.49,26668.1,26363.05,26498.6,26678.38,-179.78,-0.6739,1.14,308002.67,16647422.43395
HSI,20201221,26422.62,26498.65,26274.65,26306.68,26498.6,-191.92,-0.7243,0.85,204497.73,14388421.217465
HSI,20201222,26260.78,26365.2,25998.87,26119.25,26306.68,-187.43,-0.7125,1.39,174753.39,12372564.796947
HSI,20201223,26083.11,26343.1,26071.76,26343.1,26119.25,223.85,0.857,1.04,200946.18,12915392.400366
HSI,20201224,26342.87,26470.4,26221.3,26386.56,26343.1,43.46,0.165,0.95,129780.3,9798610.080726
HSI,20201228,26288.37,26514.08,26264.32,26314.63,26386.56,-71.93,-0.2726,0.95,266962.96,19073517.615369
HSI,20201229,26490.45,26618.78,26432.91,26568.49,26314.63,253.86,0.9647,0.71,230470.73,13881956.367641
HSI,20201230,26695.11,27159.47,26670.97,27147.11,26568.49,578.62,2.1778,1.84,255280.29,15332085.218325
HSI,20201231,27194.79,27340.99,27163.51,27231.13,27147.11,84.02,0.3095,0.65,205470.53,10570064.213745
HSI,20210104,27087.13,27502.83,27079.24,27472.81,27231.13,241.68,0.8875,1.56,287044.33,18264093.177509
HSI,20210105,27281.34,27690.21,27150.38,27649.86,27472.81,177.05,0.6445,1.96,328249.01,21502939.790689
HSI,20210106,27613.34,27756.43,27389.78,27692.3,27649.86,42.44,0.1535,1.33,307938.26,21812221.999846
HSI,20210107,27715.94,27752.36,27457.47,27548.52,27692.3,-143.78,-0.5192,1.06,377514.28,21771901.251205
HSI,20210108,27630.03,27920.77,27538.2,27878.22,27548.52,329.7,1.1968,1.39,566728.4,27029204.114809
HSI,20210111,28003.98,28176.65,27794.81,27908.22,27878.22,30.0,0.1076,1.37,436609.46,25414680.106058
HSI,20210112,27894.29,28276.75,27781.42,28276.75,27908.22,368.53,1.3205,1.77,339960.62,19906157.033339
HSI,20210113,28309.32,28414.54,28136.64,28235.6,28276.75,-41.15,-0.1455,0.98,355936.66,20213486.691983
HSI,20210114,28408.12,28510.92,28280.09,28496.86,28235.6,261.26,0.9253,0.82,320559.26,20771640.906013
HSI,20210115,28394.37,28667.59,28294.66,28573.86,28496.86,77.0,0.2702,1.31,448537.18,25398299.074755
HSI,20210118,28454.59,28864.25,28390.29,28862.77,28573.86,288.91,1.0111,1.66,295644.4,22439742.357447
HSI,20210119,29100.17,29848.43,29100.17,29642.28,28862.77,779.51,2.7007,2.59,456824.53,30157994.569851
HSI,20210120,29794.41,29993.47,29676.54,29962.47,29642.28,320.19,1.0802,1.07,393783.42,30027588.360593
HSI,20210121,29951.78,30135.5,29745.87,29927.76,29962.47,-34.71,-0.1158,1.3,300488.89,26490509.074021
HSI,20210122,29809.23,29862.89,29413.52,29447.85,29927.76,-479.91,-1.6036,1.5,338173.86,24418911.551308
HSI,20210125,29677.3,30191.16,29673.26,30159.01,29447.85,711.16,2.415,1.76,306651.53,28690932.554062
HSI,20210126,29892.85,29965.11,29345.74,29391.26,30159.01,-767.75,-2.5457,2.05,481072.36,27892653.475737
HSI,20210127,29556.58,29636.63,29194.37,29297.53,29391.26,-93.73,-0.3189,1.5,380897.18,25512499.009552
HSI,20210128,28914.85,29191.68,28467.01,28550.77,29297.53,-746.76,-2.5489,2.47,299347.01,26988067.688918
HSI,20210129,28826.18,28972.06,28259.73,28283.71,28550.77,-267.06,-0.9354,2.49,319675.76,24018362.819727
HSI,20210201,28457.85,28982.77,28382.26,28892.86,28283.71,609.15,2.1537,2.12,246427.64,20121896.643718
HSI,20210202,29378.12,29511.0,29198.86,29248.7,28892.86,355.84,1.2316,1.08,273919.46,21575260.458227
HSI,20210203,29305.41,29312.0,28967.01,29307.46,29248.7,58.76,0.2009,1.18,268135.55,21195396.998611
HSI,20210204,29093.54,29409.0,28775.38,29113.5,29307.46,-193.96,-0.6618,2.16,303224.62,23978474.592281
HSI,20210205,29305.09,29495.64,29184.09,29288.68,29113.5,175.18,0.6017,1.07,267526.65,23937488.432808
HSI,20210208,29629.08,29706.08,29293.64,29319.47,29288.68,30.79,0.1051,1.41,219673.41,18580176.116639
HSI,20210209,29442.5,29527.67,29263.98,29476.19,29319.47,156.72,0.5345,0.9,185104.34,14993795.295248
HSI,20210210,29796.19,30075.5,29732.23,30038.72,29476.19,562.53,1.9084,1.16,199828.49,17598213.712773
HSI,20210211,29995.28,30184.17,29828.62,30173.57,30038.72,134.85,0.4489,1.18,119211.12,9208716.317416
HSI,20210216,30675.82,30793.48,30497.4,30746.66,30173.57,573.09,1.8993,0.98,326967.62,21978221.200579
HSI,20210217,30636.37,31168.3,30503.46,31084.94,30746.66,338.28,1.1002,2.16,314403.29,20798885.881314
HSI,20210218,31183.36,31183.36,30570.55,30595.27,31084.94,-489.67,-1.5753,1.97,368758.1,28268097.961835
HSI,20210219,30483.46,30720.15,30099.71,30644.73,30595.27,49.46,0.1617,2.03,331719.17,25328004.925828
HSI,20210222,31071.61,31071.61,30298.58,30319.83,30644.73,-324.9,-1.0602,2.52,444991.01,30258813.394204
HSI,20210223,30189.97,30948.47,30126.4,30632.64,30319.83,312.81,1.0317,2.71,460571.03,26746583.030781
HSI,20210224,30702.65,30792.88,29532.68,29718.24,30632.64,-914.4,-2.9851,4.11,484633.53,35300537.403815
HSI,20210225,30174.22,30453.12,29833.05,30074.17,29718.24,355.93,1.1977,2.09,366389.23,25680156.684183
HSI,20210226,29412.13,29579.67,28980.21,28980.21,30074.17,-1093.96,-3.6375,1.99,412639.32,32023912.67768
HSI,20210301,29457.89,29550.75,29195.97,29452.57,28980.21,472.36,1.6299,1.22,262906.21,20922104.804205
HSI,20210302,29708.39,29765.96,28957.31,29095.86,29452.57,-356.71,-1.2111,2.75,289584.96,23272499.562583
HSI,20210303,29249.43,29912.0,29183.59,29880.42,29095.86,784.56,2.6965,2.5,322861.8,18502270.568298
HSI,20210304,29525.48,29597.16,29102.1,29236.79,29880.42,-643.63,-2.154,1.66,295790.9,22435412.239122
HSI,20210305,28667.14,29397.27,28513.13,29098.29,29236.79,-138.5,-0.4737,3.02,399671.33,24043561.192081
HSI,20210308,29362.59,29386.33,28422.27,28540.83,29098.29,-557.46,-1.9158,3.31,490690.61,27678002.78934
HSI,20210309,28665.26,29047.13,28326.13,28773.23,28540.83,232.4,0.8143,2.53,437794.44,27595855.819345
HSI,20210310,29255.37,29255.37,28710.91,28907.52,28773.23,134.29,0.4667,1.89,284278.52,19047876.937699
HSI,20210311,28909.98,29412.42,28893.21,29385.61,28907.52,478.09,1.6539,1.8,360426.36,21526578.515073
HSI,20210312,29550.37,29550.37,28707.35,28739.72,29385.61,-645.89,-2.198,2.87,355723.78,22547588.378454
HSI,20210315,28923.95,29178.99,28612.74,28833.76,28739.72,94.04,0.3272,1.97,309671.96,19368271.928246
HSI,20210316,29036.82,29118.62,28872.4,29027.69,28833.76,193.93,0.6726,0.85,235160.56,15458522.995936
HSI,20210317,28992.24,29180.01,28780.23,29034.12,29027.69,6.43,0.0222,1.38,190132.92,14870053.917328
HSI,20210318,29317.61,29596.58,29317.61,29405.72,29034.12,371.6,1.2799,0.96,211374.52,17456889.69593
HSI,20210319,29158.48,29271.4,28737.54,28990.94,29405.72,-414.78,-1.4105,1.82,381444.08,20616229.917439
HSI,20210322,28801.09,29139.07,28801.09,28885.34,28990.94,-105.6,-0.3643,1.17,206583.06,13423764.921166
HSI,20210323,29008.02,29043.18,28376.22,28497.38,28885.34,-387.96,-1.3431,2.31,204956.03,16658442.670014
HSI,20210324,28437.49,28457.87,27827.05,27918.14,28497.38,-579.24,-2.0326,2.21,268914.24,19017136.197563
HSI,20210325,27628.08,28032.01,27505.08,27899.61,27918.14,-18.53,-0.0664,1.89,259500.76,20047888.150288
HSI,20210326,28043.65,28415.15,28014.29,28336.43,27899.61,436.82,1.5657,1.44,241538.41,18390434.17373
HSI,20210329,28317.32,28484.66,28132.36,28338.3,28336.43,1.87,0.0066,1.24,284774.41,19033139.258982
HSI,20210330,28552.77,28694.15,28371.23,28577.5,28338.3,239.2,0.8441,1.14,226983.98,16927611.051824
HSI,20210331,28802.53,28802.53,28332.78,28378.35,28577.5,-199.15,-0.6969,1.64,270375.54,16403866.236305
HSI,20210401,28594.55,28938.74,28511.65,28938.74,28378.35,560.39,1.9747,1.5,223297.21,17825281.892847
HSI,20210407,29101.4,29101.4,28598.86,28674.8,28938.74,-263.94,-0.9121,1.74,222360.63,17100537.151255
HSI,20210408,28604.12,29054.82,28587.11,29008.07,28674.8,333.27,1.1622,1.63,252232.93,28112680.234904
HSI,20210409,29152.44,29152.44,28604.55,28698.8,29008.07,-309.27,-1.0662,1.89,189726.58,14171378.392286
HSI,20210412,28791.97,28791.97,28274.27,28453.28,28698.8,-245.52,-0.8555,1.8,199232.52,16070384.498162
HSI,20210413,28557.84,28877.15,28452.12,28497.25,28453.28,43.97,0.1545,1.49,206211.73,14283552.256362
HSI,20210414,28796.55,28979.35,28685.06,28900.83,28497.25,403.58,1.4162,1.03,194150.16,13810542.793248
HSI,20210415,28872.82,28884.57,28530.99,28793.14,28900.83,-107.69,-0.3726,1.22,190186.3,12450990.451421
HSI,20210416,28827.17,29079.18,28711.11,28969.71,28793.14,176.57,0.6132,1.28,219240.98,14317257.60545
HSI,20210419,28960.13,29319.76,28806.76,29106.15,28969.71,136.44,0.471,1.77,202012.83,15016309.917596
HSI,20210420,28962.8,29220.19,28885.55,29135.73,29106.15,29.58,0.1016,1.15,201421.05,19571129.905735
HSI,20210421,28702.27,28778.36,28506.76,28621.92,29135.73,-513.81,-1.7635,0.93,220203.15,15435419.977988
HSI,20210422,28716.98,28848.02,28597.0,28755.34,28621.92,133.42,0.4661,0.88,193489.13,15452225.719144
HSI,20210423,28798.45,29078.75,28748.57,29078.75,28755.34,323.41,1.1247,1.15,190100.2,14298766.37653
HSI,20210426,29106.45,29238.99,28908.65,28952.83,29078.75,-125.92,-0.433,1.14,178635.36,14748281.442495
HSI,20210427,28895.38,29045.11,28793.22,28941.54,28952.83,-11.29,-0.039,0.87,183487.28,14544680.672842
HSI,20210428,28991.94,29071.34,28887.33,29071.34,28941.54,129.8,0.4485,0.64,207407.43,13627061.224205
HSI,20210429,29268.21,29405.12,29162.87,29303.26,29071.34,231.92,0.7978,0.83,183813.58,11974629.188646
HSI,20210430,29143.43,29154.75,28701.69,28724.88,29303.26,-578.38,-1.9738,1.55,257758.43,12583370.639088
HSI,20210503,28659.91,28684.83,28256.03,28357.54,28724.88,-367.34,-1.2788,1.49,172598.55,9584618.779684
HSI,20210504,28438.15,28577.52,28321.34,28557.14,28357.54,199.6,0.7039,0.9,192112.48,9079953.283797
HSI,20210505,28427.67,28677.36,28325.96,28417.98,28557.14,-139.16,-0.4873,1.23,172083.77,10119825.016104
HSI,20210506,28647.97,28753.97,28384.12,28637.46,28417.98,219.48,0.7723,1.3,247881.9,16106048.668911
HSI,20210507,28721.13,28884.03,28530.71,28610.65,28637.46,-26.81,-0.0936,1.23,220533.71,15349651.6344
HSI,20210510,28776.99,28842.11,28453.14,28595.66,28610.65,-14.99,-0.0524,1.36,235882.21,16351156.060882
HSI,20210511,28286.56,28286.56,27910.71,28013.81,28595.66,-581.85,-2.0347,1.31,238335.52,18874877.431896
HSI,20210512,28073.92,28231.04,27897.47,28231.04,28013.81,217.23,0.7754,1.19,213231.53,16090925.830683
HSI,20210513,27920.01,28060.93,27718.67,27718.67,28231.04,-512.37,-1.8149,1.21,216738.15,16357888.395181
HSI,20210514,27872.69,28064.01,27715.88,28027.57,27718.67,308.9,1.1144,1.26,188080.52,15087108.725018
HSI,20210517,28130.51,28268.39,28074.14,28194.09,28027.57,166.52,0.5941,0.69,185702.79,14563261.713399
HSI,20210518,28438.03,28617.34,28438.03,28593.81,28194.09,399.72,1.4177,0.64,206599.0,13053473.676098
HSI,20210520,28413.49,28508.24,28293.23,28450.29,28593.81,-143.52,-0.5019,0.75,246583.54,16879347.814229
HSI,20210521,28584.34,28584.34,28286.92,28458.44,28450.29,8.15,0.0286,1.05,165324.19,15190155.439558
HSI,20210524,28417.99,28444.36,28195.52,28412.26,28458.44,-46.18,-0.1623,0.87,171964.06,12088477.863921
HSI,20210525,28461.5,28929.24,28461.5,28910.86,28412.26,498.6,1.7549,1.65,235207.79,16787007.766803
HSI,20210526,29056.28,29261.86,29027.95,29166.01,28910.86,255.15,0.8825,0.81,251853.84,16429633.847221
HSI,20210527,28998.39,29157.95,28950.72,29113.2,29166.01,-52.81,-0.1811,0.71,380495.5,25050185.289392
HSI,20210528,29219.46,29336.13,29033.72,29124.41,29113.2,11.21,0.0385,1.04,259155.95,17274286.723753
HSI,20210531,29225.46,29225.46,28909.52,29151.8,29124.41,27.39,0.094,1.08,218858.08,15223526.385227
HSI,20210601,29159.06,29480.16,29036.45,29468.0,29151.8,316.2,1.0847,1.52,183203.67,15699380.522125
HSI,20210602,29414.64,29490.61,29208.73,29297.62,29468.0,-170.38,-0.5782,0.96,193316.04,15023057.045874
HSI,20210603,29365.32,29377.9,28902.67,28966.03,29297.62,-331.59,-1.1318,1.62,224175.25,13893165.164099
HSI,20210604,28837.95,29023.18,28737.97,28918.1,28966.03,-47.93,-0.1655,0.98,305457.98,19299612.420618
HSI,20210607,28985.6,29003.99,28615.61,28787.28,28918.1,-130.82,-0.4524,1.34,257317.43,14447296.306083
HSI,20210608,28900.52,28979.2,28638.31,28781.38,28787.28,-5.9,-0.0205,1.18,162686.3,12264160.476332
HSI,20210609,28771.14,28859.58,28687.69,28742.63,28781.38,-38.75,-0.1346,0.6,180702.88,11637693.494865
HSI,20210610,28792.02,28954.4,28664.94,28738.88,28742.63,-3.75,-0.013,1.01,194010.46,13403736.727415
HSI,20210611,28864.9,28965.15,28743.82,28842.13,28738.88,103.25,0.3593,0.77,203861.91,13086750.204354
HSI,20210615,28946.44,28946.44,28453.48,28638.53,28842.13,-203.6,-0.7059,1.71,237645.98,14369431.519979
HSI,20210616,28609.37,28648.64,28403.64,28436.84,28638.53,-201.69,-0.7043,0.86,205381.88,13835108.90968
HSI,20210617,28240.88,28558.59,28216.09,28558.59,28436.84,121.75,0.4281,1.2,188802.2,14025807.292161
HSI,20210618,28586.04,28830.85,28532.08,28801.27,28558.59,242.68,0.8498,1.05,376137.52,20550297.571565
HSI,20210621,28501.64,28590.22,28314.93,28489.0,28801.27,-312.27,-1.0842,0.96,218267.3,15730215.442468
HSI,20210622,28575.16,28579.0,28299.66,28309.76,28489.0,-179.24,-0.6292,0.98,198008.04,14137626.25662
HSI,20210623,28468.24,28893.79,28406.61,28817.07,28309.76,507.31,1.792,1.72,229338.72,15656145.776152
HSI,20210624,28865.46,28993.37,28782.34,28882.46,28817.07,65.39,0.2269,0.73,172321.65,13395616.336489
HSI,20210625,29002.67,29305.17,28971.6,29288.22,28882.46,405.76,1.4049,1.15,214943.43,15704874.51443
HSI,20210628,29366.49,29394.69,29209.43,29268.3,29288.22,-19.92,-0.068,0.63,151261.11,10159657.226869
HSI,20210629,29291.89,29291.89,28924.61,28994.1,29268.3,-274.2,-0.9369,1.25,235650.71,14612642.030637
HSI,20210630,29107.9,29146.28,28827.7,28827.95,28994.1,-166.15,-0.573,1.1,205150.37,14029980.271377
HSI,20210702,28859.02,28859.02,28231.73,28310.42,28827.95,-517.53,-1.7952,2.18,281617.27,17588830.43625
HSI,20210705,28098.91,28338.79,28042.71,28143.5,28310.42,-166.92,-0.5896,1.05,182721.26,16539358.460261
HSI,20210706,28136.63,28151.35,27904.53,28072.86,28143.5,-70.64,-0.251,0.88,190417.62,14485764.885753
HSI,20210707,27777.81,27969.41,27703.41,27960.62,28072.86,-112.24,-0.3998,0.95,204070.23,15655969.025657
HSI,20210708,27881.5,27921.06,27110.62,27153.13,27960.62,-807.49,-2.888,2.9,294860.57,20525859.415471
HSI,20210709,27131.57,27450.79,26861.87,27344.54,27153.13,191.41,0.7049,2.17,249997.69,18679360.222135
HSI,20210712,27672.7,27741.19,27420.35,27515.24,27344.54,170.7,0.6243,1.17,205416.47,15461600.883433
HSI,20210713,27694.03,28052.32,27612.69,27963.41,27515.24,448.17,1.6288,1.6,199558.84,15570004.358533
HSI,20210714,27965.39,27965.39,27708.71,27787.46,27963.41,-175.95,-0.6292,0.92,186566.37,14363304.559591
HSI,20210715,27801.4,28181.21,27741.09,27996.27,27787.46,208.81,0.7515,1.58,208149.32,15109066.652925
HSI,20210716,27972.56,28218.53,27878.53,28004.68,27996.27,8.41,0.03,1.21,196881.91,15369887.424024
HSI,20210719,27786.54,27786.54,27397.29,27489.78,28004.68,-514.9,-1.8386,1.39,187417.62,14289051.270845
HSI,20210720,27395.83,27532.86,27121.49,27259.25,27489.78,-230.53,-0.8386,1.5,226338.08,13953477.724248
HSI,20210721,27339.22,27371.5,26971.03,27224.58,27259.25,-34.67,-0.1272,1.47,167253.3,15685696.39612
HSI,20210722,27464.28,27759.71,27455.43,27723.84,27224.58,499.26,1.8339,1.12,180719.97,13715256.311073
HSI,20210723,27740.95,27740.95,27222.04,27321.98,27723.84,-401.86,-1.4495,1.87,118274.52,13957511.530102
HSI,20210726,26825.73,26878.75,26177.4,26192.32,27321.98,-1129.66,-4.1346,2.57,269521.57,26824583.547453
HSI,20210727,26011.51,26323.61,24748.84,25086.43,26192.32,-1105.89,-4.2222,6.01,465738.38,36067043.17227
HSI,20210728,25356.74,25520.75,24848.43,25473.88,25086.43,387.45,1.5445,2.68,339183.77,28130575.020949
HSI,20210729,26221.36,26335.36,25857.42,26315.32,25473.88,841.44,3.3031,1.88,327215.44,25412155.2298
HSI,20210730,26042.84,26151.0,25636.89,25961.03,26315.32,-354.29,-1.3463,1.95,242505.88,18963500.394264
HSI,20210802,26054.81,26300.55,25743.09,26235.8,25961.03,274.77,1.0584,2.15,176864.03,16694771.007509
HSI,20210803,26289.06,26289.06,25774.62,26194.82,26235.8,-40.98,-0.1562,1.96,201003.39,20370266.508207
HSI,20210804,26161.83,26650.82,26009.83,26426.55,26194.82,231.73,0.8846,2.45,177652.74,16845134.216317
HSI,20210805,26390.01,26569.37,26126.37,26204.69,26426.55,-221.86,-0.8395,1.68,169564.8,16174620.94417
HSI,20210806,26262.97,26276.87,26002.41,26179.4,26204.69,-25.29,-0.0965,1.05,155962.66,14804056.594359
HSI,20210809,25969.23,26527.24,25920.85,26283.4,26179.4,104.0,0.3973,2.32,158511.33,14750400.231451
HSI,20210810,26456.61,26610.95,26138.87,26605.62,26283.4,322.22,1.2259,1.8,173529.62,16078711.264801
HSI,20210811,26491.74,26822.47,26454.45,26660.16,26605.62,54.54,0.205,1.38,241441.19,15350652.815187
HSI,20210812,26623.77,26713.24,26385.45,26517.82,26660.16,-142.34,-0.5339,1.23,165501.79,13585862.719633
HSI,20210813,26296.19,26521.95,26200.24,26391.62,26517.82,-126.2,-0.4759,1.21,133618.81,12587689.655748
HSI,20210816,26365.19,26449.71,26046.9,26181.46,26391.62,-210.16,-0.7963,1.53,164828.81,13391323.728463
HSI,20210817,26137.9,26258.79,25615.38,25745.87,26181.46,-435.59,-1.6637,2.46,229130.54,16614912.048177
HSI,20210818,25800.03,26025.14,25708.95,25867.01,25745.87,121.14,0.4705,1.23,175686.09,13441071.778981
HSI,20210819,25787.84,25832.92,25183.67,25316.33,25867.01,-550.68,-2.1289,2.51,231288.69,16485224.66741
HSI,20210820,25241.32,25244.75,24581.6,24849.72,25316.33,-466.61,-1.8431,2.62,285582.57,20432802.158766
HSI,20210823,25169.45,25458.33,25036.99,25109.59,24849.72,259.87,1.0458,1.7,218498.04,16977735.092579
HSI,20210824,25428.68,25727.92,25361.75,25727.92,25109.59,618.33,2.4625,1.46,205290.48,17178322.714528
HSI,20210825,25930.05,25982.64,25548.47,25693.95,25727.92,-33.97,-0.132,1.69,171637.53,16334025.614706
HSI,20210826,25673.78,25706.62,25255.83,25415.69,25693.95,-278.26,-1.083,1.75,183410.66,13857634.696886
HSI,20210827,25337.55,25641.33,25304.62,25407.89,25415.69,-7.8,-0.0307,1.32,152804.6,12891856.924738
HSI,20210830,25406.49,25583.59,25219.8,25539.54,25407.89,131.65,0.5181,1.43,199564.1,13658871.167185
HSI,20210831,25524.23,25878.99,25110.72,25878.99,25539.54,339.45,1.3291,3.01,291814.99,21337317.374778
HSI,20210901,25871.82,26101.95,25694.11,26028.29,25878.99,149.3,0.5769,1.58,218128.36,18183366.200293
HSI,20210902,26203.52,26359.31,25967.98,26090.43,26028.29,62.14,0.2387,1.5,202434.41,17107464.655982
HSI,20210903,26022.67,26052.81,25811.77,25901.99,26090.43,-188.44,-0.7223,0.92,254936.54,17209983.435186
HSI,20210906,25827.17,26176.43,25827.17,26163.63,25901.99,261.64,1.0101,1.35,191247.13,14631716.433143
HSI,20210907,26207.22,26458.88,26135.4,26353.63,26163.63,190.0,0.7262,1.24,184223.29,14482940.258404
HSI,20210908,26396.11,26560.04,26164.79,26320.93,26353.63,-32.7,-0.1241,1.5,186132.29,15219556.714677
HSI,20210909,26076.93,26125.09,25624.52,25716.0,26320.93,-604.93,-2.2983,1.9,209078.86,16599909.9493
HSI,20210910,25870.71,26205.91,25870.71,26205.91,25716.0,489.91,1.9051,1.3,200131.7,14983334.902395
HSI,20210913,25885.3,25886.9,25570.84,25813.81,26205.91,-392.1,-1.4962,1.21,231555.52,15033623.742007
HSI,20210914,25827.7,25900.68,25377.83,25502.23,25813.81,-311.58,-1.207,2.03,239895.4,14094474.856753
HSI,20210915,25310.03,25411.91,24990.94,25033.21,25502.23,-469.02,-1.8391,1.65,242086.1,15706843.383067
HSI,20210916,25042.03,25045.55,24505.21,24667.85,25033.21,-365.36,-1.4595,2.16,249981.82,15082303.284679
HSI,20210917,24589.17,24920.76,24424.74,24920.76,24667.85,252.91,1.0253,2.01,310231.21,19383069.515806
HSI,20210920,24640.43,24640.43,23871.84,24099.14,24920.76,-821.62,-3.2969,3.08,265159.06,14178734.026156
HSI,20210921,23867.16,24284.87,23771.46,24221.54,24099.14,122.4,0.5079,2.13,207974.01,11920229.823422
HSI,20210923,24614.14,24827.46,24313.68,24510.98,24221.54,289.44,1.195,2.12,271191.24,17898022.443891
HSI,20210924,24487.24,24636.64,24095.79,24192.16,24510.98,-318.82,-1.3007,2.21,201444.51,14753790.949532
HSI,20210927,24131.42,24509.0,24131.42,24208.78,24192.16,16.62,0.0687,1.56,232361.11,14890004.907605
HSI,20210928,24323.0,24679.46,24232.98,24500.39,24208.78,291.61,1.2046,1.84,245793.12,14747471.136907
HSI,20210929,24276.71,24694.46,24045.99,24663.5,24500.39,163.11,0.6657,2.65,215021.08,12352805.467748
HSI,20210930,24494.26,24660.68,24346.75,24575.64,24663.5,-87.86,-0.3562,1.27,158041.02,11512309.265285
HSI,20211004,24478.68,24478.68,23908.05,24036.37,24575.64,-539.27,-2.1943,2.32,159628.49,11329215.812905
HSI,20211005,23771.65,24180.08,23681.44,24104.15,24036.37,67.78,0.282,2.07,171698.01,9977840.647926
HSI,20211006,24259.2,24259.2,23812.35,23966.49,24104.15,-137.66,-0.5711,1.85,187872.23,10396920.870044
HSI,20211007,24339.32,24741.28,24310.11,24701.73,23966.49,735.24,3.0678,1.8,176457.55,10533712.204624
HSI,20211008,25064.8,25064.8,24595.58,24837.85,24701.73,136.12,0.5511,1.9,235900.79,16335073.231159
HSI,20211011,25161.8,25437.16,25161.8,25325.09,24837.85,487.24,1.9617,1.11,211430.35,16292834.831515
HSI,20211012,24995.95,25188.78,24865.8,24962.59,25325.09,-362.5,-1.4314,1.28,183525.94,13698693.851594
HSI,20211015,25187.05,25330.96,24929.56,25330.96,24962.59,368.37,1.4757,1.61,234524.77,17961089.27448
HSI,20211018,25425.32,25425.32,25123.25,25409.75,25330.96,78.79,0.311,1.19,164800.53,12693194.1418
HSI,20211019,25471.25,25808.62,25458.03,25787.21,25409.75,377.46,1.4855,1.38,167119.46,12057732.425323
HSI,20211020,26074.2,26214.63,25915.62,26136.02,25787.21,348.81,1.3526,1.16,182360.52,15659235.647104
HSI,20211021,26141.85,26229.8,25840.59,26017.53,26136.02,-118.49,-0.4534,1.49,208512.21,14795874.127101
HSI,20211022,26114.84,26195.29,25976.03,26126.93,26017.53,109.4,0.4205,0.84,169958.37,12433932.742525
HSI,20211025,26020.78,26212.9,25929.67,26132.03,26126.93,5.1,0.0195,1.08,145521.47,11121856.291288
HSI,20211026,26234.94,26234.94,25905.08,26038.27,26132.03,-93.76,-0.3588,1.26,153346.44,11398927.654141
HSI,20211027,25795.17,25795.17,25555.17,25628.74,26038.27,-409.53,-1.5728,0.92,162078.01,12068777.675267
HSI,20211028,25648.42,25736.38,25473.16,25555.73,25628.74,-73.01,-0.2849,1.03,202105.11,12931067.827519
HSI,20211029,25466.86,25516.22,25314.24,25377.24,25555.73,-178.49,-0.6984,0.79,205134.62,12626616.943429
HSI,20211101,25268.35,25270.41,24972.5,25154.32,25377.24,-222.92,-0.8784,1.17,158672.28,13509342.594352
HSI,20211102,25609.01,25639.66,25030.69,25099.67,25154.32,-54.65,-0.2173,2.42,196459.33,14601229.916225
HSI,20211103,25060.93,25187.09,24808.59,25024.75,25099.67,-74.92,-0.2985,1.51,169045.71,11984867.629779
HSI,20211104,25141.1,25244.98,25010.36,25225.19,25024.75,200.44,0.801,0.94,163948.51,11860609.57591
HSI,20211105,24950.68,25049.37,24724.39,24870.51,25225.19,-354.68,-1.4061,1.29,202068.92,12833768.448262
HSI,20211108,24743.54,24837.77,24633.57,24763.77,24870.51,-106.74,-0.4292,0.82,176262.37,12193990.381889
HSI,20211109,24952.82,24956.37,24678.66,24813.13,24763.77,49.36,0.1993,1.12,115469.62,9857403.119671
HSI,20211110,24787.44,25013.11,24481.26,24996.14,24813.13,183.01,0.7376,2.14,168805.26,13624954.680265
HSI,20211111,24856.11,25324.66,24836.21,25247.99,24996.14,251.85,1.0076,1.95,200186.25,13634414.536043
HSI,20211112,25522.83,25527.13,25210.56,25327.97,25247.99,79.98,0.3168,1.25,163211.22,13539242.56233
HSI,20211115,25437.99,25483.26,25230.33,25390.91,25327.97,62.94,0.2485,1.0,115580.12,11859593.305056
HSI,20211116,25446.65,25746.71,25410.87,25713.78,25390.91,322.87,1.2716,1.32,152878.44,13103691.010166
HSI,20211117,25667.81,25667.81,25520.67,25650.08,25713.78,-63.7,-0.2477,0.57,119380.94,10978736.619825
HSI,20211118,25369.88,25414.21,25222.6,25319.72,25650.08,-330.36,-1.2879,0.75,134285.12,11652675.410447
HSI,20211119,24934.4,25077.15,24825.43,25049.97,25319.72,-269.75,-1.0654,0.99,164036.46,13651504.615525
HSI,20211122,25057.06,25099.95,24869.94,24951.34,25049.97,-98.63,-0.3937,0.92,151035.89,12920179.713663
HSI,20211123,24688.99,24794.72,24618.74,24651.58,24951.34,-299.76,-1.2014,0.71,148627.03,12986104.642741
HSI,20211124,24672.1,24851.53,24557.63,24685.5,24651.58,33.92,0.1376,1.19,179103.1,13736882.79459
HSI,20211125,24699.69,24762.61,24532.82,24740.16,24685.5,54.66,0.2214,0.93,118863.51,10861410.628427
HSI,20211126,24502.68,24502.68,24062.26,24080.52,24740.16,-659.64,-2.6663,1.78,180412.31,12979058.497322
HSI,20211129,23910.49,24134.32,23774.31,23852.24,24080.52,-228.28,-0.948,1.5,174100.85,14450997.33478
HSI,20211130,23782.86,23888.37,23175.37,23475.26,23852.24,-376.98,-1.5805,2.99,334485.8,22384808.859647
HSI,20211201,23595.57,23864.3,23537.65,23658.92,23475.26,183.66,0.7824,1.39,211863.49,13948951.916385
HSI,20211202,23524.05,23807.0,23517.52,23788.93,23658.92,130.01,0.5495,1.22,232824.14,14756314.541574
HSI,20211203,23675.26,23802.77,23451.93,23766.69,23788.93,-22.24,-0.0935,1.47,271788.97,16591467.386725
HSI,20211206,23420.44,23628.3,23314.97,23349.38,23766.69,-417.31,-1.7559,1.32,235740.28,17002045.98014
HSI,20211207,23704.51,23989.78,23512.5,23983.66,23349.38,634.28,2.7165,2.04,212032.88,15344649.890651
HSI,20211208,24090.02,24097.98,23907.3,23996.87,23983.66,13.21,0.0551,0.8,177862.34,11611807.968259
HSI,20211209,24168.41,24324.84,24153.72,24254.86,23996.87,257.99,1.0751,0.71,174325.18,12518131.293904
HSI,20211210,24070.56,24214.68,23916.63,23995.72,24254.86,-259.14,-1.0684,1.23,141393.81,11388318.909472
HSI,20211213,24242.26,24385.44,23936.93,23954.58,23995.72,-41.14,-0.1714,1.87,153810.56,12969176.798056
HSI,20211214,23693.73,23817.58,23560.13,23635.95,23954.58,-318.63,-1.3301,1.07,155357.77,11998735.670554
HSI,20211215,23658.04,23745.75,23325.92,23420.76,23635.95,-215.19,-0.9104,1.78,159712.19,12774177.165521
HSI,20211216,23287.93,23526.05,23155.62,23475.5,23420.76,54.74,0.2337,1.58,149895.02,13811770.952234
HSI,20211217,23463.78,23463.78,23158.7,23192.63,23475.5,-282.87,-1.205,1.3,218869.42,16261169.757544
HSI,20211220,23079.83,23145.3,22665.25,22744.86,23192.63,-447.77,-1.9307,2.07,168161.56,12478230.538643
HSI,20211221,22795.57,23100.18,22730.08,22971.33,22744.86,226.47,0.9957,1.63,165119.44,11029002.08437
HSI,20211222,23221.13,23258.71,22979.76,23102.33,22971.33,131.0,0.5703,1.21,123079.41,9278201.262617
HSI,20211223,23141.79,23264.75,23027.15,23193.64,23102.33,91.31,0.3952,1.03,138790.4,10918415.370401
HSI,20211224,23375.99,23383.19,23186.57,23223.76,23193.64,30.12,0.1299,0.85,62287.97,5172145.695117
HSI,20211228,23282.35,23319.44,23099.48,23280.56,23223.76,56.8,0.2446,0.95,143302.67,9974145.664595
HSI,20211229,23253.98,23253.98,23008.28,23086.54,23280.56,-194.02,-0.8334,1.06,82841.44,6294536.94081
HSI,20211230,23130.45,23248.26,22990.24,23112.01,23086.54,25.47,0.1103,1.12,100836.6,6918804.292992
HSI,20211231,23553.79,23590.12,23394.77,23397.67,23112.01,285.66,1.236,0.85,67593.64,5762045.352171
HSI,20220103,23510.54,23605.03,23193.19,23274.75,23397.67,-122.92,-0.5254,1.76,73433.11,6998139.376812
HSI,20220104,23400.62,23439.3,23146.89,23289.84,23274.75,15.09,0.0648,1.26,176014.12,11831268.862478
HSI,20220105,23323.77,23323.77,22851.5,22907.25,23289.84,-382.59,-1.6427,2.03,276885.9,15530743.04297
HSI,20220106,22843.2,23082.95,22709.6,23072.86,22907.25,165.61,0.723,1.63,176578.61,13450856.666896
HSI,20220107,23318.92,23497.5,23162.85,23493.38,23072.86,420.52,1.8226,1.45,260229.06,14726631.382736
HSI,20220110,23523.9,23790.52,23399.09,23746.54,23493.38,253.16,1.0776,1.67,254491.72,13874645.533086
HSI,20220111,23678.69,23863.83,23595.01,23739.06,23746.54,-7.48,-0.0315,1.13,233148.24,12962412.7684
HSI,20220112,24069.52,24402.17,24069.52,24402.17,23739.06,663.11,2.7933,1.4,248949.12,15360245.410185
HSI,20220113,24561.48,24561.48,24289.19,24429.77,24402.17,27.6,0.1131,1.12,216054.51,13633115.521911
HSI,20220114,24185.86,24383.32,24140.81,24383.32,24429.77,-46.45,-0.1901,0.99,184001.73,11989057.093774
HSI,20220117,24390.29,24408.88,24111.74,24218.03,24383.32,-165.29,-0.6779,1.22,163351.19,10534503.654248
HSI,20220118,24274.75,24385.05,24009.71,24112.78,24218.03,-105.25,-0.4346,1.55,163886.64,11231490.591191
HSI,20220119,24229.78,24286.14,23951.6,24127.85,24112.78,15.07,0.0625,1.39,172989.49,11496167.719315
HSI,20220120,24263.15,24952.35,24233.18,24952.35,24127.85,824.5,3.4172,2.98,253139.46,17837351.172926
HSI,20220121,24897.59,24982.03,24723.92,24965.55,24952.35,13.2,0.0529,1.03,237014.66,15417260.660491
HSI,20220124,24693.43,24795.54,24570.87,24656.46,24965.55,-309.09,-1.2381,0.9,187154.1,12431643.211443
HSI,20220125,24251.52,24366.89,24001.96,24243.61,24656.46,-412.85,-1.6744,1.48,218335.44,14648631.385449
HSI,20220126,24342.9,24487.3,24123.7,24289.9,24243.61,46.29,0.1909,1.5,195962.13,13211156.003693
HSI,20220127,23952.01,23952.01,23565.0,23807.0,24289.9,-482.9,-1.9881,1.59,184682.68,13348992.576472
HSI,20220128,23818.94,23848.02,23507.03,23550.08,23807.0,-256.92,-1.0792,1.43,177718.83,12569881.530756
HSI,20220131,23624.14,23975.7,23469.76,23802.26,23550.08,252.18,1.0708,2.15,99546.49,6513461.977416
HSI,20220204,24392.86,24609.33,24140.89,24573.29,23802.26,771.03,3.2393,1.97,183292.14,11390355.419194
HSI,20220207,24609.43,24616.5,24365.89,24579.55,24573.29,6.26,0.0255,1.02,,12230929.849612
HSI,20220208,24548.05,24548.05,24149.75,24329.49,24579.55,-250.06,-1.0174,1.62,229489.21,12951136.554997
HSI,20220209,24727.34,24896.43,24690.45,24829.99,24329.49,500.5,2.0572,0.85,251112.37,14075843.638931
HSI,20220210,25050.59,25050.59,24649.74,24924.35,24829.99,94.36,0.38,1.61,209793.41,12912950.889983
HSI,20220211,24837.2,24957.81,24732.65,24906.66,24924.35,-17.69,-0.071,0.9,251471.05,13924094.92244
HSI,20220214,24725.1,24733.11,24482.86,24556.57,24906.66,-350.09,-1.4056,1.0,197881.2,11383787.735121
HSI,20220215,24458.5,24570.09,24219.9,24355.71,24556.57,-200.86,-0.8179,1.43,262590.89,11413908.861081
HSI,20220216,24618.3,24728.93,24548.05,24718.9,24355.71,363.19,1.4912,0.74,181517.3,10179022.410607
HSI,20220217,24722.88,24861.82,24523.95,24792.77,24718.9,73.87,0.2988,1.37,156620.67,10460173.234009
HSI,20220218,24633.66,24763.37,24284.53,24327.71,24792.77,-465.06,-1.8758,1.93,167784.84,12621785.297067
HSI,20220221,24109.59,24231.08,23998.77,24170.07,24327.71,-157.64,-0.648,0.95,161829.46,14374938.973348
HSI,20220222,23692.54,23813.64,23336.78,23520.0,24170.07,-650.07,-2.6896,1.97,205760.47,14692847.444602
HSI,20220223,23617.97,23745.07,23500.92,23660.28,23520.0,140.28,0.5964,1.04,141604.79,11498830.134768
HSI,20220224,23268.03,23376.37,22786.39,22901.56,23660.28,-758.72,-3.2067,2.49,299772.69,17695658.49071
HSI,20220225,22908.1,23046.86,22718.15,22767.18,22901.56,-134.38,-0.5868,1.44,252425.56,14269966.267079
HSI,20220228,22818.17,22818.17,22406.12,22713.02,22767.18,-54.16,-0.2379,1.81,283384.9,15347850.562048
HSI,20220301,22739.84,22937.56,22591.73,22761.71,22713.02,48.69,0.2144,1.52,179604.31,11497065.553686
HSI,20220302,22568.36,22712.44,22299.14,22343.92,22761.71,-417.79,-1.8355,1.82,222789.6,11464386.872107
HSI,20220303,22434.26,22543.42,22378.11,22467.34,22343.92,123.42,0.5524,0.74,193772.51,11561544.840076
HSI,20220304,21879.13,22017.94,21838.99,21905.29,22467.34,-562.05,-2.5016,0.8,243820.5,16477820.167002
HSI,20220307,21308.9,21327.19,20826.36,21057.63,21905.29,-847.66,-3.8697,2.29,332287.0,17759493.379586
HSI,20220308,21082.39,21303.52,20638.95,20765.87,21057.63,-291.76,-1.3855,3.16,323198.97,17076993.954628
HSI,20220309,20820.02,20957.72,20102.57,20627.71,20765.87,-138.16,-0.6653,4.12,367458.09,18529281.092292
HSI,20220310,21106.57,21114.44,20709.62,20890.26,20627.71,262.55,1.2728,1.96,269433.06,14624697.533979
HSI,20220311,20460.03,20778.86,20079.15,20553.79,20890.26,-336.47,-1.6107,3.35,301999.75,19069210.070865
HSI,20220314,20203.84,20203.84,19416.78,19531.66,20553.79,-1022.13,-4.973,3.83,409612.73,22305305.445602
HSI,20220315,18931.18,19392.69,18235.48,18415.08,19531.66,-1116.58,-5.7168,5.92,601276.01,28616817.90633
HSI,20220316,18956.02,20120.85,18584.04,20087.5,18415.08,1672.42,9.0818,8.35,550105.05,30979309.583021
HSI,20220317,21430.71,21501.23,20786.69,21501.23,20087.5,1413.73,7.0379,3.56,482621.8,30095861.604914
HSI,20220318,21232.88,21646.15,20922.37,21412.4,21501.23,-88.83,-0.4131,3.37,459050.92,23668431.389404
HSI,20220321,21823.07,21823.07,21096.31,21221.34,21412.4,-191.06,-0.8923,3.39,234003.41,14903168.198435
HSI,20220322,21319.19,21906.32,21266.9,21889.28,21221.34,667.94,3.1475,3.01,259038.33,14031636.920388
HSI,20220323,22088.79,22423.51,21983.1,22154.08,21889.28,264.8,1.2097,2.01,283572.38,17733707.356987
HSI,20220324,22002.87,22231.67,21900.13,21945.95,22154.08,-208.13,-0.9395,1.5,240481.98,14995432.493363
HSI,20220325,21735.61,21944.08,21289.26,21404.88,21945.95,-541.07,-2.4655,2.98,235815.26,14756869.946121
HSI,20220328,21422.2,21790.97,21202.69,21684.97,21404.88,280.09,1.3085,2.75,220027.88,13430643.711539
HSI,20220329,21771.29,21937.27,21722.17,21927.63,21684.97,242.66,1.119,0.99,225932.81,12510393.694061
HSI,20220330,22101.63,22391.35,22033.78,22232.03,21927.63,304.4,1.3882,1.63,272964.55,15535919.550196
HSI,20220331,22262.16,22262.16,21922.58,21996.85,22232.03,-235.18,-1.0578,1.53,222628.63,10239519.753268
HSI,20220401,21693.1,22039.55,21558.05,22039.55,21996.85,42.7,0.1941,2.19,193749.78,9459988.609232
HSI,20220404,22227.11,22523.64,22124.03,22502.31,22039.55,462.76,2.0997,1.81,186807.62,10280840.404539
HSI,20220406,22220.21,22244.99,22015.12,22080.52,22502.31,-421.79,-1.8744,1.02,274977.26,13422188.077665
HSI,20220407,21910.4,22236.93,21779.19,21808.98,22080.52,-271.54,-1.2298,2.07,207897.32,11733085.976108
HSI,20220408,21667.53,21872.01,21568.22,21872.01,21808.98,63.03,0.289,1.39,173988.61,10313026.563189
HSI,20220411,21688.03,21688.03,21132.54,21208.3,21872.01,-663.71,-3.0345,2.54,210490.6,12228230.477762
HSI,20220412,21279.18,21519.13,20988.2,21319.13,21208.3,110.83,0.5226,2.5,204526.52,12835319.012297
HSI,20220413,21192.62,21531.48,21141.06,21374.37,21319.13,55.24,0.2591,1.83,169686.22,10020868.063741
HSI,20220414,21463.35,21587.47,21358.73,21518.08,21374.37,143.71,0.6723,1.07,171943.76,9890946.039479
HSI,20220419,21106.0,21191.8,20896.43,21027.76,21518.08,-490.32,-2.2786,1.37,224008.83,11558648.985813
HSI,20220420,20972.84,21214.98,20889.02,20944.67,21027.76,-83.09,-0.3951,1.55,187642.91,9803482.735278
HSI,20220421,20780.86,20920.6,20483.86,20682.22,20944.67,-262.45,-1.2531,2.09,222618.58,12008609.995961
HSI,20220422,20261.61,20709.49,20184.96,20638.52,20682.22,-43.7,-0.2113,2.54,235134.61,10864776.412287
HSI,20220425,20284.6,20284.6,19784.28,19869.34,20638.52,-769.18,-3.7269,2.42,291229.25,13484306.815993
HSI,20220426,19989.04,20258.64,19858.36,19934.71,19869.34,65.37,0.329,2.01,256570.66,12279450.30352
HSI,20220427,19723.46,20053.11,19665.49,19946.36,19934.71,11.65,0.0584,1.94,236102.16,12514635.482704
HSI,20220428,20118.79,20286.83,19956.67,20276.17,19946.36,329.81,1.6535,1.66,225566.7,10575399.152965
HSI,20220429,20271.4,21176.58,20040.07,21089.39,20276.17,813.22,4.0107,5.61,272710.85,16511627.981519
HSI,20220503,20927.62,21291.8,20648.53,21101.89,21089.39,12.5,0.0593,3.05,174166.69,10670478.919385
HSI,20220504,21025.7,21047.13,20772.8,20869.52,21101.89,-232.37,-1.1012,1.3,113990.95,7244771.200599
HSI,20220505,21163.15,21284.85,20776.97,20793.4,20869.52,-76.12,-0.3647,2.43,182713.62,10072592.141936
HSI,20220506,20287.06,20320.28,19973.47,20001.96,20793.4,-791.44,-3.8062,1.67,211055.9,11782644.966731
HSI,20220510,19300.68,19758.63,19178.89,19633.69,20001.96,-368.27,-1.8412,2.9,278565.16,14368027.874206
HSI,20220511,19511.8,20083.49,19474.03,19824.57,19633.69,190.88,0.9722,3.1,195841.9,12615180.006884
HSI,20220512,19556.89,19731.27,19342.89,19380.34,19824.57,-444.23,-2.2408,1.96,227363.93,11562471.249378
HSI,20220513,19615.99,19925.44,19608.26,19898.77,19380.34,518.43,2.675,1.64,207526.14,11664820.903322
HSI,20220516,20131.53,20173.22,19764.96,19950.21,19898.77,51.44,0.2585,2.05,179637.03,9301529.753222
HSI,20220517,20193.6,20626.42,20169.24,20602.52,19950.21,652.31,3.2697,2.29,220740.93,12413653.832446
HSI,20220518,20674.23,20711.93,20389.61,20644.28,20602.52,41.76,0.2027,1.56,194597.21,11267550.372476
HSI,20220519,20146.96,20277.94,19924.87,20120.68,20644.28,-523.6,-2.5363,1.71,212094.05,12111452.057909
HSI,20220520,20470.95,20794.13,20408.68,20717.24,20120.68,596.56,2.9649,1.92,217312.43,12266761.750979
HSI,20220523,20608.65,20642.76,20303.55,20470.06,20717.24,-247.18,-1.1931,1.64,169609.98,10513032.433276
HSI,20220524,20420.14,20509.62,19989.62,20112.1,20470.06,-357.96,-1.7487,2.54,182520.64,11363899.279791
HSI,20220525,20115.56,20370.74,20067.98,20171.27,20112.1,59.17,0.2942,1.51,209745.68,10340966.816254
HSI,20220526,20272.22,20272.22,19890.76,20116.2,20171.27,-55.07,-0.273,1.89,185550.03,9550620.641946
HSI,20220527,20646.06,20779.75,20494.15,20697.36,20116.2,581.16,2.889,1.42,256582.24,12005516.643837
HSI,20220530,20933.5,21169.08,20885.02,21123.93,20697.36,426.57,2.061,1.37,260932.65,12881131.227016
HSI,20220531,21106.41,21415.2,21029.72,21415.2,21123.93,291.27,1.3789,1.82,391911.71,24560150.231864
HSI,20220601,21407.79,21411.95,21154.04,21294.94,21415.2,-120.26,-0.5616,1.2,207347.09,12608207.459293
HSI,20220602,21057.04,21115.78,20884.16,21082.13,21294.94,-212.81,-0.9993,1.09,181614.17,10360214.639617
HSI,20220606,21282.51,21691.92,21030.07,21653.9,21082.13,571.77,2.7121,3.14,224470.49,13851571.969492
HSI,20220607,21577.48,21744.46,21394.59,21531.67,21653.9,-122.23,-0.5645,1.62,214540.18,14008028.395352
HSI,20220608,21788.89,22064.12,21734.49,22014.59,21531.67,482.92,2.2428,1.53,294300.63,18402832.633243
HSI,20220609,22121.53,22142.82,21737.94,21869.05,22014.59,-145.54,-0.6611,1.84,254454.96,16370260.046807
HSI,20220610,21522.5,21935.01,21487.91,21806.18,21869.05,-62.87,-0.2875,2.04,268614.83,18034709.519312
HSI,20220613,21162.53,21320.15,20993.76,21067.58,21806.18,-738.6,-3.3871,1.5,260701.16,15939195.946442
HSI,20220614,20783.54,21175.01,20717.64,21067.99,21067.58,0.41,0.0019,2.17,196588.42,13304728.505487
HSI,20220615,21111.32,21431.07,21111.32,21308.21,21067.99,240.22,1.1402,1.52,230132.1,14906513.191362
HSI,20220616,21515.64,21545.84,20697.41,20845.43,21308.21,-462.78,-2.1718,3.98,234110.04,15848584.092345
HSI,20220617,20716.74,21145.94,20697.17,21075.0,20845.43,229.57,1.1013,2.15,309748.01,18631486.937117
HSI,20220620,20948.8,21175.98,20839.02,21163.91,21075.0,88.91,0.4219,1.6,208520.58,13185245.574944
HSI,20220621,21264.98,21564.87,21175.95,21559.59,21163.91,395.68,1.8696,1.84,213339.69,11936168.661809
HSI,20220622,21469.74,21519.58,21008.34,21008.34,21559.59,-551.25,-2.5569,2.37,247063.12,12694038.899359
HSI,20220623,21157.58,21443.59,21010.89,21273.87,21008.34,265.53,1.2639,2.06,200727.42,12056113.949508
HSI,20220624,21450.68,21762.67,21408.66,21719.06,21273.87,445.19,2.0927,1.66,241082.33,14840482.045496
HSI,20220627,21976.8,22414.43,21976.8,22229.52,21719.06,510.46,2.3503,2.01,299472.92,20000885.444305
HSI,20220628,22144.63,22449.31,21952.44,22418.97,22229.52,189.45,0.8522,2.24,287398.51,17592802.728883
HSI,20220629,22125.61,22289.07,21844.05,21996.89,22418.97,-422.08,-1.8827,1.99,283448.68,16082680.793109
HSI,20220630,21917.45,22111.91,21719.17,21859.79,21996.89,-137.1,-0.6233,1.79,282273.01,15146973.795465
HSI,20220704,21690.68,21886.35,21458.63,21830.35,21859.79,-29.44,-0.1347,1.96,220370.8,13144548.911355
HSI,20220705,22053.16,22198.51,21799.19,21853.07,21830.35,22.72,0.1041,1.83,214381.0,12261425.625943
HSI,20220706,21777.64,21833.4,21286.66,21586.66,21853.07,-266.41,-1.2191,2.5,288643.43,14125280.148006
HSI,20220707,21352.7,21643.58,21200.93,21643.58,21586.66,56.92,0.2637,2.05,174459.48,11205825.819328
HSI,20220708,21961.75,21961.75,21614.65,21725.78,21643.58,82.2,0.3798,1.6,156542.02,10585436.962345
HSI,20220711,21470.77,21470.77,21001.63,21124.2,21725.78,-601.58,-2.769,2.16,169392.94,11946471.274856
HSI,20220712,20905.07,21084.09,20779.59,20844.74,21124.2,-279.46,-1.3229,1.44,174524.07,11549067.046576
HSI,20220713,20911.53,21040.34,20751.48,20797.95,20844.74,-46.79,-0.2245,1.39,205695.93,10839575.410434
HSI,20220714,20818.27,20888.8,20554.15,20751.21,20797.95,-46.74,-0.2247,1.61,237120.48,11281652.628223
HSI,20220715,20522.11,20656.96,20215.97,20297.72,20751.21,-453.49,-2.1854,2.13,252602.39,12955697.68052
HSI,20220718,20479.58,20866.33,20294.14,20846.18,20297.72,548.46,2.7021,2.82,205360.85,11608891.977442
HSI,20220719,20719.2,20758.71,20549.44,20661.06,20846.18,-185.12,-0.888,1.0,128750.12,8398236.806436
HSI,20220720,20968.42,21111.78,20884.92,20890.22,20661.06,229.16,1.1091,1.1,140527.72,8930430.07935
HSI,20220721,20811.6,20827.61,20527.35,20574.63,20890.22,-315.59,-1.5107,1.44,176041.17,10163934.012498
HSI,20220722,20717.47,20788.46,20513.8,20609.14,20574.63,34.51,0.1677,1.33,132766.02,8514767.711043
HSI,20220725,20516.34,20595.09,20353.68,20562.94,20609.14,-46.2,-0.2242,1.17,137719.26,8936915.167934
HSI,20220726,20676.68,20952.45,20631.82,20905.88,20562.94,342.94,1.6678,1.56,170116.63,9653785.189871
HSI,20220727,20684.48,20770.1,20572.42,20670.04,20905.88,-235.84,-1.1281,0.95,172985.86,8723627.896053
HSI,20220728,20705.46,20772.63,20533.42,20622.68,20670.04,-47.36,-0.2291,1.16,196516.62,9019064.220076
HSI,20220729,20647.45,20647.45,20050.05,20156.51,20622.68,-466.17,-2.2605,2.9,218172.64,12964113.670313
HSI,20220801,20026.6,20251.43,19883.92,20165.84,20156.51,9.33,0.0463,1.82,197070.74,11488524.950124
HSI,20220802,19943.16,19943.16,19515.54,19689.21,20165.84,-476.63,-2.3636,2.12,229121.15,11808934.517484
HSI,20220803,19865.69,19921.91,19685.48,19767.09,19689.21,77.88,0.3955,1.2,178974.31,9551773.185122
HSI,20220804,20011.25,20216.58,19995.46,20174.04,19767.09,406.95,2.0587,1.12,192440.95,8893859.584951
HSI,20220805,20283.59,20283.59,20096.54,20201.94,20174.04,27.9,0.1383,0.93,163542.4,8516996.147796
HSI,20220808,20065.35,20171.89,19954.04,20045.77,20201.94,-156.17,-0.773,1.08,137694.22,7492578.260685
HSI,20220809,20039.3,20250.87,19856.23,20003.44,20045.77,-42.33,-0.2112,1.97,149720.76,8218388.453416
HSI,20220810,19956.51,19956.51,19469.11,19610.84,20003.44,-392.6,-1.9627,2.44,173031.8,8927238.555613
HSI,20220811,19840.57,20082.43,19789.96,20082.43,19610.84,471.59,2.4047,1.49,160082.29,8271421.754199
HSI,20220812,20158.29,20208.02,20011.38,20175.62,20082.43,93.19,0.464,0.98,156785.46,7499478.504207
HSI,20220815,20038.48,20260.66,19984.04,20040.86,20175.62,-134.76,-0.6679,1.37,139335.85,7379400.929197
HSI,20220816,20107.14,20173.4,19662.61,19830.52,20040.86,-210.34,-1.0496,2.55,194779.28,9869626.668772
HSI,20220817,19995.77,20069.85,19800.58,19922.45,19830.52,91.93,0.4636,1.36,141179.77,8419536.691323
HSI,20220818,19991.94,19991.94,19675.46,19763.91,19922.45,-158.54,-0.7958,1.59,158662.47,8933572.528256
HSI,20220819,19656.8,19898.18,19656.8,19773.03,19763.91,9.12,0.0461,1.22,139980.23,8216589.658094
HSI,20220822,19572.42,19825.93,19564.19,19656.98,19773.03,-116.05,-0.5869,1.32,159611.19,8308737.909908
HSI,20220823,19644.23,19701.55,19377.09,19503.25,19656.98,-153.73,-0.7821,1.65,184747.94,8663052.493713
HSI,20220824,19542.24,19542.24,19189.54,19268.74,19503.25,-234.51,-1.2024,1.81,199756.85,9912807.095175
HSI,20220825,19516.9,19990.31,19418.46,19968.38,19268.74,699.64,3.631,2.97,168429.94,9063298.920059
HSI,20220826,20138.69,20185.15,20050.97,20170.04,19968.38,201.66,1.0099,0.67,186893.78,10277763.776938
HSI,20220829,19960.29,20073.94,19889.67,20023.22,20170.04,-146.82,-0.7279,0.91,159520.47,9178983.08242
HSI,20220830,20062.73,20062.73,19645.57,19949.03,20023.22,-74.19,-0.3705,2.08,165892.54,9613800.743725
HSI,20220831,19589.85,20173.02,19564.84,19954.39,19949.03,5.36,0.0269,3.05,278330.51,13655446.134597
HSI,20220901,19761.72,19839.51,19532.86,19597.31,19954.39,-357.08,-1.7895,1.54,200025.89,10564632.711717
HSI,20220902,19572.47,19630.8,19342.49,19452.09,19597.31,-145.22,-0.741,1.47,209556.08,11020077.979644
HSI,20220905,19299.09,19299.09,19064.79,19225.7,19452.09,-226.39,-1.1638,1.2,218108.45,9844048.898602
HSI,20220906,19261.7,19358.02,19107.6,19202.73,19225.7,-22.97,-0.1195,1.3,171631.9,8221855.393677
HSI,20220907,18915.87,19068.9,18818.78,19044.3,19202.73,-158.43,-0.825,1.3,183959.25,8612989.288485
HSI,20220908,19043.84,19075.74,18803.76,18854.62,19044.3,-189.68,-0.996,1.43,171813.17,8001632.335614
HSI,20220909,18893.65,19417.56,18893.65,19362.25,18854.62,507.63,2.6923,2.78,199483.4,9227750.06374
HSI,20220913,19404.64,19492.06,19296.25,19326.86,19362.25,-35.39,-0.1828,1.01,178722.3,9498588.89395
HSI,20220914,18933.3,18989.22,18797.79,18847.1,19326.86,-479.76,-2.4823,0.99,173197.66,9377014.010489
HSI,20220915,18833.9,19013.03,18833.9,18930.38,18847.1,83.28,0.4419,0.95,179732.77,8185474.998583
HSI,20220916,18732.44,18905.28,18678.22,18761.69,18930.38,-168.69,-0.8911,1.2,279391.95,12394270.784205
HSI,20220919,18695.35,18697.09,18494.54,18565.97,18761.69,-195.72,-1.0432,1.08,174574.95,9104370.76089
HSI,20220920,18700.68,18861.47,18685.46,18781.42,18565.97,215.45,1.1605,0.95,147816.94,7301225.568591
HSI,20220921,18638.85,18638.85,18434.65,18444.62,18781.42,-336.8,-1.7933,1.09,162937.54,8130279.459615
HSI,20220922,18080.93,18195.09,17965.33,18147.95,18444.62,-296.67,-1.6084,1.25,172913.41,8519345.830191
HSI,20220923,18055.59,18165.95,17926.29,17933.27,18147.95,-214.68,-1.1829,1.32,177679.54,8081133.82521
HSI,20220926,17781.87,18077.64,17727.4,17855.14,17933.27,-78.13,-0.4357,1.95,255709.66,10435444.167994
HSI,20220927,17838.65,17904.21,17648.42,17860.31,17855.14,5.17,0.029,1.43,190050.0,9752856.227034
HSI,20220928,17703.39,17703.39,17184.54,17250.88,17860.31,-609.43,-3.4122,2.91,294845.73,10875155.775374
HSI,20220929,17570.17,17629.67,17046.83,17165.87,17250.88,-85.01,-0.4928,3.38,253466.56,9168357.848612
HSI,20220930,17165.93,17344.81,17016.28,17222.83,17165.87,56.96,0.3318,1.91,211394.25,8490997.562015
HSI,20221003,17050.25,17252.11,16906.96,17079.51,17222.83,-143.32,-0.8322,2.0,136100.16,6333089.554996
HSI,20221005,17811.97,18164.2,17682.85,18087.97,17079.51,1008.46,5.9045,2.82,225610.77,10546760.263286
HSI,20221006,18100.48,18143.85,17958.14,18012.15,18087.97,-75.82,-0.4192,1.03,108236.8,6249631.582948
HSI,20221007,17851.62,17881.87,17717.73,17740.05,18012.15,-272.1,-1.5106,0.91,112925.1,5700057.267688
HSI,20221010,17449.36,17449.36,17174.61,17216.66,17740.05,-523.39,-2.9503,1.55,177182.43,9510533.411177
HSI,20221011,17194.73,17206.51,16789.97,16832.36,17216.66,-384.3,-2.2321,2.42,179769.35,9121046.685866
HSI,20221012,16758.27,17040.7,16438.6,16701.03,16832.36,-131.33,-0.7802,3.58,240743.14,11280223.335766
HSI,20221013,16700.65,16736.59,16389.11,16389.11,16701.03,-311.92,-1.8677,2.08,224193.4,8499178.979361
HSI,20221014,16671.68,17028.68,16535.37,16587.69,16389.11,198.58,1.2117,3.01,232266.51,10193560.838185
HSI,20221017,16479.74,16754.52,16308.95,16612.9,16587.69,25.21,0.152,2.69,206124.79,9576280.934227
HSI,20221018,16860.2,16914.58,16558.41,16914.58,16612.9,301.68,1.8159,2.14,197128.2,9975627.91436
HSI,20221019,16805.91,16923.12,16508.37,16511.28,16914.58,-403.3,-2.3843,2.45,171397.49,8475120.169068
HSI,20221020,16230.79,16452.97,16010.72,16280.22,16511.28,-231.06,-1.3994,2.68,229526.86,12677574.7725
HSI,20221021,16331.11,16359.04,16137.18,16211.12,16280.22,-69.1,-0.4244,1.36,205241.31,9397025.79025
HSI,20221024,15894.75,15993.88,15082.84,15180.69,16211.12,-1030.43,-6.3563,5.62,359735.75,16175253.328631
HSI,20221025,15242.1,15435.37,14947.39,15165.59,15180.69,-15.1,-0.0995,3.21,327532.56,14344885.218565
HSI,20221026,15096.32,15584.06,15041.4,15317.67,15165.59,152.08,1.0028,3.58,271864.08,13075120.750274
HSI,20221027,15721.27,15833.28,15410.97,15427.94,15317.67,110.27,0.7199,2.76,252617.32,12293551.767287
HSI,20221028,15424.94,15441.99,14770.09,14863.06,15427.94,-564.88,-3.6614,4.36,305125.85,12461969.116974
HSI,20221031,14830.69,15113.15,14597.31,14687.02,14863.06,-176.04,-1.1844,3.47,418364.17,13099193.373362
HSI,20221101,14859.92,15632.85,14859.92,15455.27,14687.02,768.25,5.2308,5.26,378735.9,15381163.997312
HSI,20221102,15389.55,15867.24,15276.76,15827.17,15455.27,371.9,2.4063,3.82,277463.82,10601662.962724
HSI,20221103,15477.74,15623.18,15301.67,15339.49,15827.17,-487.68,-3.0813,2.03,254480.52,9865335.56792
HSI,20221104,15442.76,16513.16,15442.76,16161.14,15339.49,821.65,5.3564,6.98,395112.11,18864523.046776
HSI,20221107,16031.79,16821.89,15980.85,16595.91,16161.14,434.77,2.6902,5.2,322783.01,14859583.088083
HSI,20221108,16640.6,16719.01,16429.81,16557.31,16595.91,-38.6,-0.2326,1.74,207120.87,10472934.426753
HSI,20221109,16552.8,16730.2,16213.03,16358.52,16557.31,-198.79,-1.2006,3.12,327096.51,11129670.22748
HSI,20221110,16138.22,16138.22,15945.2,16081.04,16358.52,-277.48,-1.6962,1.18,220474.78,9210859.981973
HSI,20221111,17120.05,17368.04,16829.0,17325.66,16081.04,1244.62,7.7397,3.35,511256.6,18258593.053673
HSI,20221114,17999.26,18011.64,17518.88,17619.71,17325.66,294.05,1.6972,2.84,554751.79,20490780.023801
HSI,20221115,17665.8,18356.78,17552.3,18343.12,17619.71,723.41,4.1057,4.57,490002.22,20508915.93347
HSI,20221116,18169.21,18414.09,18031.87,18256.48,18343.12,-86.64,-0.4723,2.08,391838.71,17329500.445996
HSI,20221117,18071.6,18220.81,17711.84,18045.66,18256.48,-210.82,-1.1548,2.79,293044.85,15256317.208587
HSI,20221118,18316.36,18378.06,17910.19,17992.54,18045.66,-53.12,-0.2944,2.59,279287.42,13954750.56913
HSI,20221121,17654.15,17746.34,17389.45,17655.91,17992.54,-336.63,-1.8709,1.98,223098.35,11029456.836511
HSI,20221122,17625.19,17751.93,17287.6,17424.41,17655.91,-231.5,-1.3112,2.63,302490.2,12719650.991914
HSI,20221123,17460.9,17640.84,17375.96,17523.81,17424.41,99.4,0.5705,1.52,242376.44,9631238.222578
HSI,20221124,17684.53,17759.24,17517.12,17660.9,17523.81,137.09,0.7823,1.38,291041.93,8613138.008985
HSI,20221125,17673.2,17673.2,17412.04,17573.58,17660.9,-87.32,-0.4944,1.48,317671.14,9479826.740976
HSI,20221128,17000.23,17364.21,16833.68,17297.94,17573.58,-275.64,-1.5685,3.02,279925.4,11828691.206507
HSI,20221129,17558.6,18204.68,17536.45,18204.68,17297.94,906.74,5.2419,3.86,427339.47,16675666.630141
HSI,20221130,18141.56,18645.35,18052.32,18597.23,18204.68,392.55,2.1563,3.26,535965.08,22208861.364051
HSI,20221201,19058.9,19237.45,18679.35,18736.44,18597.23,139.21,0.7486,3.0,426200.03,19856333.056356
HSI,20221202,18785.28,18841.22,18530.82,18675.35,18736.44,-61.09,-0.326,1.66,375739.4,14277514.891484
HSI,20221205,19221.68,19539.6,19035.14,19518.29,18675.35,842.94,4.5137,2.7,489014.23,22298078.223325
HSI,20221206,19211.7,19569.67,19202.87,19441.18,19518.29,-77.11,-0.3951,1.88,355207.85,16500386.180345
HSI,20221207,19380.8,19737.31,18799.81,18814.82,19441.18,-626.36,-3.2218,4.82,530886.62,20741641.690568
HSI,20221208,18965.05,19521.6,18965.05,19450.23,18814.82,635.41,3.3772,2.96,285616.66,16069411.563113
HSI,20221209,19484.23,19926.48,19404.5,19900.87,19450.23,450.64,2.3169,2.68,402327.75,19944692.638507
HSI,20221212,19594.52,19718.08,19366.22,19463.63,19900.87,-437.24,-2.1971,1.77,311519.85,15875137.821273
HSI,20221213,19458.02,19707.75,19382.3,19596.2,19463.63,132.57,0.6811,1.67,258411.73,12408817.910461
HSI,20221214,19775.33,19859.75,19528.71,19673.45,19596.2,77.25,0.3942,1.69,275865.61,13636407.326327
HSI,20221215,19612.67,19675.68,19233.86,19368.59,19673.45,-304.86,-1.5496,2.25,224339.4,10561778.215414
HSI,20221216,19343.7,19621.13,19130.53,19450.67,19368.59,82.08,0.4238,2.53,287597.86,13602619.434036
HSI,20221219,19472.21,19786.29,19255.95,19352.81,19450.67,-97.86,-0.5031,2.73,223822.47,10066536.170566
HSI,20221220,19156.94,19283.14,18885.2,19094.8,19352.81,-258.01,-1.3332,2.06,193851.69,9625791.980086
HSI,20221221,19190.91,19255.74,19063.3,19160.49,19094.8,65.69,0.344,1.01,134843.1,6928608.375752
HSI,20221222,19537.45,19735.0,19475.68,19679.22,19160.49,518.73,2.7073,1.35,193979.51,10146909.163845
HSI,20221223,19382.23,19686.77,19380.47,19593.06,19679.22,-86.16,-0.4378,1.56,136374.18,7995911.783587
HSI,20221228,19787.94,20099.77,19787.94,19898.91,19593.06,305.85,1.561,1.59,282378.06,12195263.132342
HSI,20221229,19648.4,19764.52,19539.84,19741.14,19898.91,-157.77,-0.7929,1.13,290236.29,9075267.782954
HSI,20221230,20030.85,20073.92,19781.41,19781.41,19741.14,40.27,0.204,1.48,174770.68,8702025.067574
HSI,20230103,19570.43,20212.55,19303.73,20145.29,19781.41,363.88,1.8395,4.59,228665.11,12065271.823741
HSI,20230104,20319.98,20793.11,20233.39,20793.11,20145.29,647.82,3.2157,2.78,301598.63,14963602.422476
HSI,20230105,21295.87,21396.09,20962.4,21052.17,20793.11,259.06,1.2459,2.09,287537.24,17416385.02577
HSI,20230106,21220.89,21282.71,20862.77,20991.64,21052.17,-60.53,-0.2875,1.99,275445.95,14827509.142881
HSI,20230109,21295.94,21470.69,21216.92,21388.34,20991.64,396.7,1.8898,1.21,269792.44,15642273.705622
HSI,20230110,21370.42,21395.42,21187.73,21331.46,21388.34,-56.88,-0.2659,0.97,254315.97,13135583.711672
HSI,20230111,21463.82,21686.3,21327.41,21436.05,21331.46,104.59,0.4903,1.68,297131.32,16584693.320112
HSI,20230112,21599.82,21698.94,21223.84,21514.1,21436.05,78.05,0.3641,2.22,283462.75,15958355.325883
HSI,20230113,21605.07,21770.08,21474.98,21738.66,21514.1,224.56,1.0438,1.37,246360.42,13301074.638375
HSI,20230116,21818.65,21947.55,21572.51,21746.72,21738.66,8.06,0.0371,1.73,255909.18,14076955.764143
HSI,20230117,21678.05,21797.62,21417.25,21577.64,21746.72,-169.08,-0.7775,1.75,230753.42,12672004.254676
HSI,20230118,21514.8,21691.67,21422.19,21678.0,21577.64,100.36,0.4651,1.25,248534.67,12783447.971703
HSI,20230119,21452.26,21754.08,21383.03,21650.98,21678.0,-27.02,-0.1246,1.71,166491.55,9259685.885309
HSI,20230120,21812.46,22051.77,21754.35,22044.65,21650.98,393.67,1.8183,1.37,195624.19,9513261.072471
HSI,20230126,22386.37,22566.78,22329.07,22566.78,22044.65,522.13,2.3685,1.08,245507.97,11955451.300063
HSI,20230127,22614.92,22700.85,22483.78,22688.9,22566.78,122.12,0.5411,0.96,201214.1,9725008.086773
HSI,20230130,22579.88,22623.81,21992.51,22069.73,22688.9,-619.17,-2.729,2.78,380278.04,20324759.938003
HSI,20230131,22190.27,22284.32,21631.55,21842.33,22069.73,-227.4,-1.0304,2.96,330437.22,17382184.083859
HSI,20230201,21920.8,22072.18,21703.6,22072.18,21842.33,229.85,1.0523,1.69,254857.1,15557434.708955
HSI,20230202,22276.23,22311.96,21930.53,21958.36,22072.18,-113.82,-0.5157,1.73,240124.56,14005098.457059
HSI,20230203,21811.08,21820.78,21459.65,21660.47,21958.36,-297.89,-1.3566,1.64,241466.47,12996036.215042
HSI,20230206,21349.17,21349.17,21085.72,21222.16,21660.47,-438.31,-2.0235,1.22,231446.98,13602011.893153
HSI,20230207,21288.39,21512.21,21259.21,21298.7,21222.16,76.54,0.3607,1.19,177794.2,10377655.012924
HSI,20230208,21283.9,21443.48,21178.87,21283.52,21298.7,-15.18,-0.0713,1.24,189449.89,11560136.64537
HSI,20230209,21154.25,21637.55,21151.27,21624.36,21283.52,340.84,1.6014,2.28,193382.97,11776466.001128
HSI,20230210,21559.44,21579.99,21157.52,21190.42,21624.36,-433.94,-2.0067,1.95,178269.2,11978075.413661
HSI,20230213,20910.08,21230.15,20799.91,21164.42,21190.42,-26.0,-0.1227,2.03,177263.4,11207397.248699
HSI,20230214,21235.92,21237.88,21074.94,21113.76,21164.42,-50.66,-0.2394,0.77,140873.22,9767062.905746
HSI,20230215,21116.84,21117.58,20726.83,20812.17,21113.76,-301.59,-1.4284,1.85,214302.42,11231293.700965
HSI,20230216,20947.07,21306.54,20887.7,20987.67,20812.17,175.5,0.8433,2.01,218046.38,12290440.308523
HSI,20230217,20958.63,21056.68,20703.74,20719.81,20987.67,-267.86,-1.2763,1.68,163165.08,8973939.19299
HSI,20230220,20681.47,20973.67,20606.85,20886.96,20719.81,167.15,0.8067,1.77,191536.75,11206144.809451
HSI,20230221,20859.5,20941.3,20503.05,20529.49,20886.96,-357.47,-1.7115,2.1,200460.11,11117654.199181
HSI,20230222,20512.49,20620.98,20344.86,20423.84,20529.49,-105.65,-0.5146,1.34,176638.83,11460721.450274
HSI,20230223,20339.15,20601.22,20323.24,20351.35,20423.84,-72.49,-0.3549,1.36,172974.84,10266178.140006
HSI,20230224,20223.67,20233.64,20006.78,20010.04,20351.35,-341.31,-1.6771,1.11,206188.01,11631293.765355
HSI,20230227,19821.03,20086.53,19804.56,19943.51,20010.04,-66.53,-0.3325,1.41,189762.73,11241553.893186
HSI,20230228,20020.17,20185.05,19783.07,19785.94,19943.51,-157.57,-0.7901,2.02,275187.53,14247295.969619
HSI,20230301,19849.97,20674.07,19849.97,20619.71,19785.94,833.77,4.214,4.17,288963.97,15392133.044513
HSI,20230302,20390.02,20548.57,20321.25,20429.46,20619.71,-190.25,-0.9227,1.1,199256.55,11050818.330981
HSI,20230303,20703.14,20727.25,20498.16,20567.54,20429.46,138.08,0.6759,1.12,222614.54,10578348.924739
HSI,20230306,20437.87,20702.75,20410.0,20603.19,20567.54,35.65,0.1733,1.42,248535.58,10908409.73777
HSI,20230307,20606.83,21005.66,20358.78,20534.48,20603.19,-68.71,-0.3335,3.14,363482.97,12771059.92682
HSI,20230308,20256.89,20269.93,19969.47,20051.25,20534.48,-483.23,-2.3533,1.46,264354.29,11747873.983963
HSI,20230309,20082.42,20157.24,19907.58,19925.74,20051.25,-125.51,-0.6259,1.25,219334.04,10293069.821587
HSI,20230310,19580.78,19637.72,19281.97,19319.92,19925.74,-605.82,-3.0404,1.79,358798.98,16646517.698342
HSI,20230313,19411.88,19791.64,19390.38,19695.97,19319.92,376.05,1.9464,2.08,313374.0,14518524.638685
HSI,20230314,19524.51,19639.52,19122.82,19247.96,19695.97,-448.01,-2.2746,2.62,302739.37,13089526.796494
HSI,20230315,19523.49,19745.44,19431.09,19539.87,19247.96,291.91,1.5166,1.63,263391.08,10805595.394003
HSI,20230316,19197.97,19388.77,19109.07,19203.91,19539.87,-335.96,-1.7194,1.43,304739.34,11135350.495684
HSI,20230317,19439.84,19597.18,19303.29,19518.59,19203.91,314.68,1.6386,1.53,433227.7,16492341.289293
HSI,20230320,19352.9,19382.97,18829.11,19000.71,19518.59,-517.88,-2.6533,2.84,283904.26,12943882.420696
HSI,20230321,19118.87,19295.64,19018.1,19258.76,19000.71,258.05,1.3581,1.46,192968.38,10243288.556828
HSI,20230322,19428.36,19775.69,19428.36,19591.43,19258.76,332.67,1.7274,1.8,236413.32,10686538.883332
HSI,20230323,19619.74,20051.26,19523.5,20049.64,19591.43,458.21,2.3388,2.69,253121.32,13630552.432395
HSI,20230324,19919.65,20118.29,19834.45,19915.68,20049.64,-133.96,-0.6681,1.42,230689.4,12302690.300851
HSI,20230327,19851.79,19938.77,19509.49,19567.69,19915.68,-347.99,-1.7473,2.16,250360.74,12719603.967015
HSI,20230328,19688.31,19875.11,19559.47,19784.65,19567.69,216.96,1.1088,1.61,193509.42,10613492.178674
HSI,20230329,20348.64,20437.69,20107.73,20192.4,19784.65,407.75,2.0609,1.67,259742.74,14640981.410847
HSI,20230330,20216.79,20320.02,20017.17,20309.13,20192.4,116.73,0.5781,1.5,298198.46,13359384.043151
HSI,20230331,20583.88,20721.97,20357.41,20400.11,20309.13,90.98,0.448,1.8,304498.28,14057302.30011
HSI,20230403,20379.5,20475.43,20226.95,20409.18,20400.11,9.07,0.0445,1.22,265115.23,12041583.985181
HSI,20230404,20364.36,20364.36,20126.9,20274.59,20409.18,-134.59,-0.6595,1.16,241528.28,11939904.545249
HSI,20230406,20146.22,20343.86,20099.48,20331.2,20274.59,56.61,0.2792,1.21,214323.87,10168628.922604
HSI,20230411,20566.59,20750.73,20293.37,20485.24,20331.2,154.04,0.7577,2.25,306422.98,12689538.752267
HSI,20230412,20481.53,20494.81,20236.92,20309.86,20485.24,-175.38,-0.8561,1.26,235192.67,10809214.202781
HSI,20230413,19977.96,20344.48,19885.53,20344.48,20309.86,34.62,0.1705,2.26,232972.76,10999509.566709
HSI,20230414,20422.72,20482.68,20297.16,20438.81,20344.48,94.33,0.4637,0.91,208626.22,10836388.751262
HSI,20230417,20374.51,20864.74,20299.15,20782.45,20438.81,343.64,1.6813,2.77,341123.26,13657934.273029
HSI,20230418,20643.41,20742.39,20559.08,20650.51,20782.45,-131.94,-0.6349,0.88,234965.9,10972019.519662
HSI,20230419,20633.0,20633.0,20336.71,20367.76,20650.51,-282.75,-1.3692,1.43,218374.96,9990320.106154
HSI,20230420,20354.83,20472.5,20308.33,20396.97,20367.76,29.21,0.1434,0.81,204718.16,10156059.43658
HSI,20230421,20330.15,20378.9,19974.91,20075.73,20396.97,-321.24,-1.5749,1.98,249422.39,10612145.453959
HSI,20230424,20049.87,20146.37,19734.68,19959.94,20075.73,-115.79,-0.5768,2.05,224790.2,9644025.009585
HSI,20230425,19903.53,19910.28,19527.63,19617.88,19959.94,-342.06,-1.7137,1.92,219627.45,10665739.54501
HSI,20230426,19520.97,19903.73,19520.97,19757.27,19617.88,139.39,0.7105,1.95,194104.26,9788799.713668
HSI,20230427,19736.35,19880.29,19662.6,19840.28,19757.27,83.01,0.4201,1.1,215045.4,9708792.137578
HSI,20230428,19936.02,20167.88,19879.07,19894.57,19840.28,54.29,0.2736,1.46,257485.55,10151096.763629
HSI,20230502,20122.9,20286.46,19761.13,19933.81,19894.57,39.24,0.1972,2.64,145941.29,7545597.727239
HSI,20230503,19686.15,19721.96,19538.72,19699.16,19933.81,-234.65,-1.1771,0.92,146065.36,6624573.489806
HSI,20230504,19695.73,19979.77,19695.73,19948.73,19699.16,249.57,1.2669,1.44,320629.43,10528875.554215
HSI,20230505,20061.0,20208.75,19968.41,20049.31,19948.73,100.58,0.5042,1.2,332124.3,9827466.28006
HSI,20230508,20128.18,20321.74,20081.7,20297.03,20049.31,247.72,1.2356,1.2,428809.89,10800010.40599
HSI,20230509,20252.13,20297.83,19817.78,19867.58,20297.03,-429.45,-2.1158,2.37,403791.94,12214024.235882
HSI,20230510,19860.5,19880.03,19696.59,19762.2,19867.58,-105.38,-0.5304,0.92,277951.87,9880321.132887
HSI,20230511,19842.98,19854.49,19567.62,19743.79,19762.2,-18.41,-0.0932,1.45,221379.24,9709190.305341
HSI,20230512,19850.84,19853.37,19596.49,19627.24,19743.79,-116.55,-0.5903,1.3,228417.9,10277322.421147
HSI,20230515,19525.06,20063.35,19498.04,19971.13,19627.24,343.89,1.7521,2.88,258007.44,10162421.081454
HSI,20230516,20183.28,20183.28,19891.49,19978.25,19971.13,7.12,0.0357,1.46,172089.77,7839041.731676
HSI,20230517,19956.13,19987.93,19538.09,19560.57,19978.25,-417.68,-2.0907,2.25,225803.05,10160454.190142
HSI,20230518,19702.73,19894.23,19630.76,19727.25,19560.57,166.68,0.8521,1.35,209539.41,9862490.947107
HSI,20230519,19535.49,19610.72,19352.81,19450.57,19727.25,-276.68,-1.4025,1.31,194723.09,9523565.075902
HSI,20230522,19479.06,19806.44,19410.07,19678.17,19450.57,227.6,1.1701,2.04,167793.96,9397761.605205
HSI,20230523,19713.46,19769.14,19363.5,19431.25,19678.17,-246.92,-1.2548,2.06,188853.86,8637964.047413
HSI,20230524,19279.39,19304.2,19046.8,19115.93,19431.25,-315.32,-1.6227,1.32,247666.72,9796669.174239
HSI,20230525,18930.23,18930.23,18620.84,18746.92,19115.93,-369.01,-1.9304,1.62,279243.87,11554730.33836
HSI,20230529,18827.08,18879.09,18517.86,18551.11,18746.92,-195.81,-1.0445,1.93,219659.47,11048334.862992
HSI,20230530,18574.19,18666.71,18369.93,18595.78,18551.11,44.67,0.2408,1.6,224498.0,9454157.869927
HSI,20230531,18415.0,18415.0,18044.86,18234.27,18595.78,-361.51,-1.944,1.99,437292.37,17095311.013132
HSI,20230601,18190.27,18465.64,18190.27,18216.91,18234.27,-17.36,-0.0952,1.51,262276.5,12851379.062148
HSI,20230602,18566.81,19024.91,18548.3,18949.94,18216.91,733.03,4.0239,2.62,373152.8,14913699.362738
HSI,20230605,19014.96,19123.8,18896.13,19108.5,18949.94,158.56,0.8367,1.2,209639.45,9990061.773676
HSI,20230606,19117.11,19377.38,19033.85,19099.28,19108.5,-9.22,-0.0483,1.8,226363.66,10248887.705413
HSI,20230607,19327.15,19410.48,19196.09,19252.0,19099.28,152.72,0.7996,1.12,215605.91,8672447.321963
HSI,20230608,19227.84,19339.82,19087.66,19299.18,19252.0,47.18,0.2451,1.31,221210.32,8449799.650335
HSI,20230609,19333.43,19463.61,19231.13,19389.95,19299.18,90.77,0.4703,1.2,200301.34,8660954.332774
HSI,20230612,19440.99,19440.99,19255.65,19404.31,19389.95,14.36,0.0741,0.96,168819.31,8025405.487742
HSI,20230613,19355.65,19572.42,19273.42,19521.42,19404.31,117.11,0.6035,1.54,246629.17,9977511.830682
HSI,20230614,19547.58,19641.16,19352.34,19408.42,19521.42,-113.0,-0.5789,1.48,248261.28,9312762.241511
HSI,20230615,19626.8,19832.2,19510.76,19828.92,19408.42,420.5,2.1666,1.66,265748.03,12140778.535667
HSI,20230616,19915.44,20155.92,19876.42,20040.37,19828.92,211.45,1.0664,1.41,358236.87,17545954.874568
HSI,20230619,19983.4,20000.22,19718.43,19912.89,20040.37,-127.48,-0.6361,1.41,190605.43,10299154.293042
HSI,20230620,19863.86,19863.86,19504.63,19607.08,19912.89,-305.81,-1.5357,1.8,212167.19,9443951.613875
HSI,20230621,19305.24,19377.69,19174.16,19218.35,19607.08,-388.73,-1.9826,1.04,199561.59,9817226.488647
HSI,20230623,19135.02,19138.42,18800.34,18889.97,19218.35,-328.38,-1.7087,1.76,168931.34,6979828.164712
HSI,20230626,18845.9,19001.62,18767.15,18794.13,18889.97,-95.84,-0.5074,1.24,206605.22,8380508.322831
HSI,20230627,18851.66,19226.32,18842.42,19148.13,18794.13,354.0,1.8836,2.04,205953.63,9168803.977955
HSI,20230628,19099.39,19222.13,19019.26,19172.05,19148.13,23.92,0.1249,1.06,167519.65,7931845.068336
HSI,20230629,19180.28,19180.28,18837.32,18934.36,19172.05,-237.69,-1.2398,1.79,169035.34,8217556.218995
HSI,20230630,18881.43,19070.11,18838.62,18916.43,18934.36,-17.93,-0.0947,1.22,186955.52,8114765.053739
HSI,20230703,19002.55,19371.71,19002.55,19306.59,18916.43,390.16,2.0625,1.95,221444.75,8973574.761856
HSI,20230704,19289.06,19449.11,19253.22,19415.68,19306.59,109.09,0.565,1.01,198740.12,7604579.057578
HSI,20230705,19355.06,19378.9,19095.6,19110.38,19415.68,-305.3,-1.5724,1.46,243261.11,8688814.42695
HSI,20230706,18840.41,18973.01,18483.08,18533.05,19110.38,-577.33,-3.021,2.56,327713.23,9729099.174706
HSI,20230707,18435.46,18537.75,18279.73,18365.7,18533.05,-167.35,-0.903,1.39,246326.61,9945586.871331
HSI,20230710,18747.5,18781.21,18417.63,18479.72,18365.7,114.02,0.6208,1.98,195346.15,7829148.628664
HSI,20230711,18671.42,18806.55,18573.67,18659.83,18479.72,180.11,0.9746,1.26,211493.24,8390883.67819
HSI,20230712,18797.01,18932.18,18739.6,18860.95,18659.83,201.12,1.0778,1.03,181831.18,8384787.664209
HSI,20230713,19181.31,19368.92,19163.21,19350.62,18860.95,489.67,2.5962,1.09,272975.65,11133391.403606
HSI,20230714,19534.82,19534.82,19364.6,19413.78,19350.62,63.16,0.3264,0.88,246007.07,9124951.666447
HSI,20230718,19324.34,19324.34,18979.92,19015.72,19413.78,-398.06,-2.0504,1.77,259122.96,9504957.218463
HSI,20230719,18826.59,19004.42,18711.03,18952.31,19015.72,-63.41,-0.3335,1.54,198296.96,11171609.264104
HSI,20230720,19003.28,19215.74,18888.76,18928.02,18952.31,-24.29,-0.1282,1.73,180792.64,10485801.969765
HSI,20230721,18918.7,19169.75,18886.43,19075.26,18928.02,147.24,0.7779,1.5,163701.32,7662294.148333
HSI,20230724,18867.61,18946.56,18562.12,18668.15,19075.26,-407.11,-2.1342,2.02,221287.19,9350334.636334
HSI,20230725,19172.28,19465.27,19111.82,19434.4,18668.15,766.25,4.1046,1.89,367088.7,14210621.805585
HSI,20230726,19340.77,19404.5,19245.66,19365.14,19434.4,-69.26,-0.3564,0.82,213651.26,8749205.784346
HSI,20230727,19502.09,19685.79,19482.47,19639.11,19365.14,273.97,1.4148,1.05,302876.71,11356397.128907
HSI,20230728,19418.48,19940.59,19381.9,19916.56,19639.11,277.45,1.4127,2.84,309485.99,13772762.163684
HSI,20230731,20237.53,20361.03,20019.79,20078.94,19916.56,162.38,0.8153,1.71,432787.3,18256143.444082
HSI,20230801,20211.2,20331.28,19891.81,20011.12,20078.94,-67.82,-0.3378,2.19,301363.53,13519026.952786
HSI,20230802,19902.77,19981.0,19475.15,19517.38,20011.12,-493.74,-2.4673,2.53,295822.78,11336192.427735
HSI,20230803,19404.14,19650.16,19369.06,19420.87,19517.38,-96.51,-0.4945,1.44,248807.14,10116240.838215
HSI,20230804,19671.13,19857.39,19461.61,19539.46,19420.87,118.59,0.6106,2.04,277146.77,11441323.243659
HSI,20230807,19474.66,19581.82,19352.35,19537.92,19539.46,-1.54,-0.0079,1.17,227701.94,7897930.42545
HSI,20230808,19308.55,19370.8,19112.61,19184.17,19537.92,-353.75,-1.8106,1.32,349104.85,10461976.849638
HSI,20230809,19059.58,19270.48,19056.1,19246.03,19184.17,61.86,0.3225,1.12,226424.48,8503870.794561
HSI,20230810,19125.0,19315.17,19030.39,19248.26,19246.03,2.23,0.0116,1.48,259834.06,8108649.39574
HSI,20230811,19319.91,19346.29,19049.92,19075.19,19248.26,-173.07,-0.8991,1.54,336382.83,9657915.562756
HSI,20230814,18697.33,18792.72,18554.51,18773.55,19075.19,-301.64,-1.5813,1.25,389051.04,10414670.528945
HSI,20230815,18599.2,18745.82,18513.78,18581.11,18773.55,-192.44,-1.0251,1.24,266837.22,8190384.773109
HSI,20230816,18356.65,18440.96,18261.85,18329.3,18581.11,-251.81,-1.3552,0.96,282362.55,9793036.6204
HSI,20230817,18023.11,18399.2,17900.77,18326.63,18329.3,-2.67,-0.0146,2.72,316094.29,11292367.872613
HSI,20230818,18208.98,18336.41,17936.43,17950.85,18326.63,-375.78,-2.0505,2.18,304941.4,10638591.288102
HSI,20230821,17798.47,17867.66,17587.38,17623.29,17950.85,-327.56,-1.8248,1.56,314186.39,10854313.449673
HSI,20230822,17641.86,17965.26,17573.7,17791.01,17623.29,167.72,0.9517,2.22,289565.38,10226663.629395
HSI,20230823,17762.76,18000.53,17730.79,17845.92,17791.01,54.91,0.3086,1.52,249973.19,8422095.723799
HSI,20230824,17992.73,18272.95,17945.01,18212.17,17845.92,366.25,2.0523,1.84,275891.32,10151991.884802
HSI,20230825,18037.6,18137.65,17956.38,17956.38,18212.17,-255.79,-1.4045,1.0,246769.68,8136565.319192
HSI,20230828,18519.08,18564.43,18113.23,18130.74,17956.38,174.36,0.971,2.51,298584.22,10102263.733292
HSI,20230829,18261.69,18583.8,18239.92,18484.03,18130.74,353.29,1.9486,1.9,307123.56,10138542.576935
HSI,20230830,18659.96,18742.14,18427.22,18482.86,18484.03,-1.17,-0.0063,1.7,328867.09,10808586.183318
HSI,20230831,18580.47,18667.18,18312.76,18382.06,18482.86,-100.8,-0.5454,1.92,407488.12,13654209.661651
HSI,20230904,18592.53,18899.49,18575.45,18844.16,18382.06,462.1,2.5139,1.76,404029.6,15268748.415041
HSI,20230905,18717.42,18725.5,18431.72,18456.91,18844.16,-387.25,-2.055,1.56,231566.39,10149891.528048
HSI,20230906,18405.09,18492.59,18256.1,18449.98,18456.91,-6.93,-0.0375,1.28,235288.77,9292843.134245
HSI,20230907,18437.48,18437.48,18173.44,18202.07,18449.98,-247.91,-1.3437,1.43,212330.69,8684601.694602
HSI,20230911,17941.65,18164.61,17842.37,18096.45,18202.07,-105.62,-0.5803,1.77,252242.29,12448280.256123
HSI,20230912,18015.56,18145.58,17892.01,18025.89,18096.45,-70.56,-0.3899,1.4,188713.91,8411115.793482
HSI,20230913,18131.1,18200.52,17954.97,18009.22,18025.89,-16.67,-0.0925,1.36,186596.12,7985892.146216
HSI,20230914,18101.96,18173.54,17928.63,18047.92,18009.22,38.7,0.2149,1.36,201384.08,8160393.450011
HSI,20230915,18154.01,18372.65,18030.79,18182.89,18047.92,134.97,0.7478,1.89,278139.07,11807854.14381
HSI,20230918,18069.04,18114.82,17894.81,17930.55,18182.89,-252.34,-1.3878,1.21,169154.65,8450558.196389
HSI,20230919,17942.07,18004.74,17832.3,17997.17,17930.55,66.62,0.3715,0.96,177822.18,7623175.24592
HSI,20230920,17939.25,17995.38,17833.2,17885.6,17997.17,-111.57,-0.6199,0.9,165712.01,7129675.974686
HSI,20230921,17795.8,17823.82,17623.87,17655.41,17885.6,-230.19,-1.287,1.12,204644.96,7742993.645212
HSI,20230922,17578.26,18078.69,17573.81,18057.45,17655.41,402.04,2.2771,2.86,192414.89,10184719.626164
HSI,20230925,18046.89,18046.89,17722.49,17729.29,18057.45,-328.16,-1.8173,1.8,155239.13,7426062.605245
HSI,20230926,17661.85,17718.18,17379.44,17466.9,17729.29,-262.39,-1.48,1.91,190938.71,8246790.079808
HSI,20230927,17472.11,17655.31,17472.11,17611.87,17466.9,144.97,0.83,1.05,157162.43,7593466.219546
HSI,20230928,17587.08,17627.73,17352.83,17373.03,17611.87,-238.84,-1.3561,1.56,199713.88,8018435.810024
HSI,20230929,17484.95,17935.15,17482.39,17809.66,17373.03,436.63,2.5133,2.61,183991.03,6765023.442227
HSI,20231003,17546.39,17546.39,17212.87,17331.22,17809.66,-478.44,-2.6864,1.87,210288.4,8612079.988822
HSI,20231004,17266.82,17266.82,17094.0,17195.84,17331.22,-135.38,-0.7811,1.0,129465.5,5762631.08106
HSI,20231005,17249.97,17336.43,17197.61,17213.87,17195.84,18.03,0.1049,0.81,108825.99,4700482.4302
HSI,20231006,17370.03,17603.8,17370.03,17485.98,17213.87,272.11,1.5808,1.36,114121.0,4798801.178259
HSI,20231009,17500.37,17633.19,17447.76,17517.4,17485.98,31.42,0.1797,1.06,122129.8,4687266.880585
HSI,20231010,17726.63,17916.62,17638.01,17664.73,17517.4,147.33,0.841,1.59,159684.72,7967865.332636
HSI,20231011,17956.83,18022.45,17889.71,17893.1,17664.73,228.37,1.2928,0.75,202913.37,8879572.538985
HSI,20231012,18258.26,18290.91,18175.35,18238.21,17893.1,345.11,1.9287,0.65,386157.49,10111856.557003
HSI,20231013,17946.77,18013.67,17776.95,17813.45,18238.21,-424.76,-2.329,1.3,213965.12,8419537.671719
HSI,20231016,17803.31,17858.18,17601.5,17640.36,17813.45,-173.09,-0.9717,1.44,190458.25,7379114.075824
HSI,20231017,17806.23,17815.71,17671.99,17773.34,17640.36,132.98,0.7538,0.81,173095.49,6353988.71981
HSI,20231018,17728.25,17831.18,17625.89,17732.52,17773.34,-40.82,-0.2297,1.16,193754.12,8888430.503443
HSI,20231019,17540.46,17540.46,17292.36,17295.89,17732.52,-436.63,-2.4623,1.4,227246.55,9119766.620039
HSI,20231020,17127.26,17309.74,17118.07,17172.13,17295.89,-123.76,-0.7155,1.11,198991.07,8277587.224187
HSI,20231024,17053.15,17139.53,16879.66,16991.53,17172.13,-180.6,-1.0517,1.51,211617.4,8995489.479802
HSI,20231025,17465.43,17465.82,17001.43,17085.33,16991.53,93.8,0.552,2.73,249993.41,9547226.220274
HSI,20231026,17085.12,17174.08,16917.22,17044.61,17085.33,-40.72,-0.2383,1.5,196721.59,8080735.227078
HSI,20231027,17160.23,17497.72,17078.24,17398.73,17044.61,354.12,2.0776,2.46,245209.03,9147809.715262
HSI,20231030,17225.65,17406.36,17225.65,17406.36,17398.73,7.63,0.0439,1.04,266523.13,9247167.850176
HSI,20231031,17337.7,17337.7,17042.1,17112.48,17406.36,-293.88,-1.6883,1.7,211280.35,8465186.43892
HSI,20231101,17139.4,17188.85,16979.26,17101.78,17112.48,-10.7,-0.0625,1.22,152928.4,6796971.169636
HSI,20231102,17282.39,17459.43,17176.01,17230.59,17101.78,128.81,0.7532,1.66,180271.46,7112412.957486
HSI,20231103,17405.91,17729.43,17352.6,17664.12,17230.59,433.53,2.516,2.19,199872.24,9091512.455034
HSI,20231106,17913.54,18037.94,17899.35,17966.59,17664.12,302.47,1.7123,0.78,276409.21,11518942.749596
HSI,20231107,17850.59,17890.63,17658.91,17670.16,17966.59,-296.43,-1.6499,1.29,197124.33,8962901.076691
HSI,20231108,17650.51,17753.59,17537.2,17568.46,17670.16,-101.7,-0.5755,1.22,214077.78,9414613.629037
HSI,20231109,17553.26,17617.27,17457.0,17511.29,17568.46,-57.17,-0.3254,0.91,164379.55,7531982.273924
HSI,20231110,17350.87,17350.87,17177.53,17203.26,17511.29,-308.03,-1.759,0.99,167448.45,7509128.137022
HSI,20231113,17263.0,17456.08,17126.61,17426.21,17203.26,222.95,1.296,1.92,144026.95,7518828.53967
HSI,20231114,17495.1,17565.22,17358.89,17396.86,17426.21,-29.35,-0.1684,1.18,144931.8,7678002.9736
HSI,20231115,17836.65,18102.28,17766.22,18079.0,17396.86,682.14,3.9211,1.93,290867.97,13494874.029602
HSI,20231116,18174.69,18174.69,17722.86,17832.82,18079.0,-246.18,-1.3617,2.5,188019.94,11519962.470049
HSI,20231117,17584.32,17631.04,17413.46,17454.19,17832.82,-378.63,-2.1232,1.22,194503.48,9798944.171262
HSI,20231120,17625.84,17788.9,17532.73,17778.07,17454.19,323.88,1.8556,1.47,196456.56,10636471.979847
HSI,20231121,17932.54,18057.62,17689.01,17733.89,17778.07,-44.18,-0.2485,2.07,209043.22,10724410.036674
HSI,20231122,17736.4,17796.86,17650.49,17734.6,17733.89,0.71,0.004,0.83,123583.77,8113523.475683
HSI,20231123,17680.05,17927.36,17577.31,17910.84,17734.6,176.24,0.9938,1.97,167197.43,9774196.237348
HSI,20231124,17771.75,17771.75,17545.61,17559.42,17910.84,-351.42,-1.9621,1.26,129821.18,8814900.856963
HSI,20231127,17677.52,17677.52,17358.24,17525.06,17559.42,-34.36,-0.1957,1.82,150272.83,7591446.85274
HSI,20231128,17541.48,17541.48,17303.82,17354.14,17525.06,-170.92,-0.9753,1.36,178576.55,9500937.55062
HSI,20231129,17359.08,17359.08,16881.98,16993.44,17354.14,-360.7,-2.0785,2.75,281013.65,13016485.654492
HSI,20231130,16985.18,17068.26,16863.05,17042.88,16993.44,49.44,0.2909,1.21,301399.33,13911925.19429
HSI,20231201,17019.17,17038.98,16830.3,16830.3,17042.88,-212.58,-1.2473,1.22,243441.08,11420047.184457
HSI,20231204,16919.08,16941.91,16617.03,16646.05,16830.3,-184.25,-1.0948,1.93,247613.23,10638506.146628
HSI,20231205,16606.54,16606.54,16228.52,16327.86,16646.05,-318.19,-1.9115,2.27,268237.97,11802515.059483
HSI,20231206,16311.96,16600.36,16234.84,16463.26,16327.86,135.4,0.8293,2.24,198676.89,9886385.263611
HSI,20231207,16376.44,16376.44,16157.98,16345.89,16463.26,-117.37,-0.7129,1.33,194734.57,8903696.964211
HSI,20231208,16373.44,16464.14,16249.15,16334.37,16345.89,-11.52,-0.0705,1.32,187723.57,8836735.780648
HSI,20231211,16149.06,16276.88,15972.31,16201.49,16334.37,-132.88,-0.8135,1.86,253229.06,9872849.468996
HSI,20231212,16236.06,16420.97,16157.68,16374.5,16201.49,173.01,1.0679,1.63,198079.17,8662849.738634
HSI,20231213,16311.71,16326.95,16145.25,16228.75,16374.5,-145.75,-0.8901,1.11,186333.31,7545644.944384
HSI,20231214,16419.74,16577.75,16319.22,16402.19,16228.75,173.44,1.0687,1.59,234165.2,10223479.844027
HSI,20231215,16610.7,16964.33,16610.7,16792.19,16402.19,390.0,2.3777,2.16,390026.85,13625893.138176
HSI,20231218,16669.82,16713.41,16572.88,16629.23,16792.19,-162.96,-0.9705,0.84,156662.0,9431681.171934
HSI,20231219,16551.44,16579.55,16408.02,16505.0,16629.23,-124.23,-0.7471,1.03,152145.28,7659786.411496
HSI,20231220,16647.95,16741.05,16549.49,16613.81,16505.0,108.81,0.6593,1.16,164732.07,9003611.210478
HSI,20231221,16455.14,16649.57,16444.73,16621.13,16613.81,7.32,0.0441,1.23,140441.72,6956660.049507
HSI,20231222,16743.06,16857.84,16271.5,16340.41,16621.13,-280.72,-1.6889,3.53,219755.39,14116329.484283
HSI,20231227,16561.78,16673.57,16439.26,16624.84,16340.41,284.43,1.7407,1.43,222805.13,9924586.56437
HSI,20231228,16678.23,17086.1,16644.43,17043.53,16624.84,418.69,2.5185,2.66,230132.94,10994271.961543
HSI,20231229,17066.52,17095.12,16950.9,17047.39,17043.53,3.86,0.0226,0.85,157005.3,7516802.406884
HSI,20240102,17135.12,17135.12,16725.28,16788.55,17047.39,-258.84,-1.5184,2.4,172067.0,7664126.094156
HSI,20240103,16624.92,16657.51,16564.8,16646.41,16788.55,-142.14,-0.8466,0.55,157746.17,7926970.935418
HSI,20240104,16673.4,16673.4,16516.33,16645.98,16646.41,-0.43,-0.0026,0.94,178934.93,7039004.080701
HSI,20240105,16573.12,16745.73,16455.57,16535.33,16645.98,-110.65,-0.6647,1.74,193659.98,8183000.040225
HSI,20240108,16581.86,16592.06,16144.56,16224.45,16535.33,-310.88,-1.8801,2.71,222717.2,8444205.718897
HSI,20240109,16256.1,16414.79,16190.02,16190.02,16224.45,-34.43,-0.2122,1.39,193738.05,8190802.106597
HSI,20240110,16143.97,16247.3,16036.42,16097.28,16190.02,-92.74,-0.5728,1.3,178811.37,7451443.395309
HSI,20240111,16154.17,16459.92,16106.83,16302.04,16097.28,204.76,1.272,2.19,197086.61,9371676.551107
HSI,20240112,16216.97,16393.74,16185.91,16244.58,16302.04,-57.46,-0.3525,1.27,153459.98,6948304.801021
HSI,20240115,16258.28,16334.71,16104.5,16216.33,16244.58,-28.25,-0.1739,1.42,136841.54,7107930.692325
HSI,20240116,16030.25,16197.04,15834.41,15865.92,16216.33,-350.41,-2.1608,2.24,213916.41,8441288.597239
HSI,20240117,15764.38,15764.38,15194.94,15276.9,15865.92,-589.02,-3.7125,3.59,395231.01,13054144.135393
HSI,20240118,15301.19,15463.69,15183.96,15391.79,15276.9,114.89,0.7521,1.83,281598.7,10735217.268072
HSI,20240119,15404.69,15540.75,15207.99,15308.69,15391.79,-83.1,-0.5399,2.16,224225.73,9687186.543757
HSI,20240122,15349.05,15362.91,14794.16,14961.18,15308.69,-347.51,-2.27,3.72,281238.46,11217786.677946
HSI,20240123,15038.33,15516.8,14994.37,15353.98,14961.18,392.8,2.6255,3.49,280400.97,12406708.755251
HSI,20240124,15602.45,15975.11,15412.1,15899.87,15353.98,545.89,3.5554,3.67,359768.35,12880683.785083
HSI,20240125,15989.94,16254.93,15828.93,16211.96,15899.87,312.09,1.9628,2.68,409640.48,13208622.873109
HSI,20240126,16158.72,16240.96,15888.04,15952.23,16211.96,-259.73,-1.6021,2.18,331402.15,13162425.834712
HSI,20240129,16046.25,16258.45,16012.59,16077.24,15952.23,125.01,0.7837,1.54,292319.88,10012421.603408
HSI,20240130,15896.66,15896.66,15654.97,15703.45,16077.24,-373.79,-2.325,1.5,256552.44,9486025.395939
HSI,20240131,15652.05,15744.04,15411.66,15485.07,15703.45,-218.38,-1.3907,2.12,259493.78,9884546.357281
HSI,20240201,15522.86,15805.06,15434.82,15566.21,15485.07,81.14,0.524,2.39,245456.81,9490717.378066
HSI,20240202,15756.12,15912.61,15435.85,15533.56,15566.21,-32.65,-0.2097,3.06,247595.52,10315585.003387
HSI,20240205,15336.86,15669.77,15336.86,15510.01,15533.56,-23.55,-0.1516,2.14,231327.73,9471327.956751
HSI,20240206,15541.23,16154.05,15541.23,16136.87,15510.01,626.86,4.0416,3.95,331417.11,12804066.038438
HSI,20240207,16282.39,16408.15,16035.43,16081.89,16136.87,-54.98,-0.3407,2.31,280964.51,10363269.575146
HSI,20240208,15988.62,16093.52,15821.86,15878.07,16081.89,-203.82,-1.2674,1.69,194061.51,7771274.04961
HSI,20240209,15709.3,15754.01,15531.03,15746.58,15878.07,-131.49,-0.8281,1.4,74546.64,3128185.264346
HSI,20240214,15579.41,15911.05,15456.32,15879.38,15746.58,132.8,0.8434,2.89,140303.28,5706443.993422
HSI,20240215,15824.21,16029.02,15751.36,15944.63,15879.38,65.25,0.4109,1.75,105690.02,4701716.351393
HSI,20240216,16007.54,16394.16,15937.28,16339.96,15944.63,395.33,2.4794,2.87,174296.11,7065830.230141
HSI,20240219,16334.47,16334.47,16137.98,16155.61,16339.96,-184.35,-1.1282,1.2,218582.08,8208742.749576
HSI,20240220,16222.09,16274.56,16055.08,16247.51,16155.61,91.9,0.5688,1.36,220592.44,7696139.383457
HSI,20240221,16182.93,16756.01,16138.81,16503.1,16247.51,255.59,1.5731,3.8,384426.3,12244424.027531
HSI,20240222,16489.84,16742.95,16424.79,16742.95,16503.1,239.85,1.4534,1.93,273967.32,10009662.969095
HSI,20240223,16654.68,16895.82,16654.68,16725.86,16742.95,-17.09,-0.1021,1.44,290314.38,9605261.459227
HSI,20240226,16684.96,16777.41,16590.71,16634.74,16725.86,-91.12,-0.5448,1.12,225354.97,8354569.920361
HSI,20240227,16645.63,16828.67,16453.5,16790.8,16634.74,156.06,0.9382,2.26,242390.96,10260075.776762
HSI,20240228,16833.61,16844.33,16517.84,16536.85,16790.8,-253.95,-1.5124,1.94,258772.18,10701665.652217
HSI,20240229,16429.57,16695.36,16429.57,16511.44,16536.85,-25.41,-0.1537,1.61,338082.55,13035137.234411
HSI,20240301,16390.89,16651.67,16321.12,16589.44,16511.44,78.0,0.4724,2.0,288065.85,12183189.322693
HSI,20240304,16629.55,16645.96,16473.65,16595.97,16589.44,6.53,0.0394,1.04,251901.79,10686693.08364
HSI,20240305,16343.95,16450.37,16095.68,16162.64,16595.97,-433.33,-2.6111,2.14,269788.95,11212931.912512
HSI,20240306,16167.45,16545.05,16145.22,16438.09,16162.64,275.45,1.7042,2.47,248870.11,10237714.160163
HSI,20240307,16417.77,16512.41,16136.12,16229.78,16438.09,-208.31,-1.2672,2.29,253541.43,9800881.727122
HSI,20240308,16275.39,16489.73,16275.39,16353.39,16229.78,123.61,0.7616,1.32,259631.33,8668790.639865
HSI,20240311,16416.17,16625.64,16416.17,16587.57,16353.39,234.18,1.432,1.28,249403.1,9294503.154468
HSI,20240312,16701.95,17154.87,16613.45,17093.5,16587.57,505.93,3.0501,3.26,400175.3,14996550.672528
HSI,20240313,17059.11,17214.67,17050.87,17082.11,17093.5,-11.39,-0.0666,0.96,280101.4,12044913.398127
HSI,20240314,17120.54,17209.82,16878.11,16961.66,17082.11,-120.45,-0.7051,1.94,269909.64,11313047.554857
HSI,20240315,16758.36,16821.13,16550.42,16720.89,16961.66,-240.77,-1.4195,1.6,377669.42,13908636.068427
HSI,20240318,16690.26,16801.64,16641.58,16737.12,16720.89,16.23,0.0971,0.96,224177.68,9577693.788085
HSI,20240319,16628.07,16682.54,16492.09,16529.48,16737.12,-207.64,-1.2406,1.14,243358.29,9068942.326356
HSI,20240320,16559.01,16654.08,16430.12,16543.07,16529.48,13.59,0.0822,1.35,229167.26,8534255.451653
HSI,20240321,16762.83,16973.52,16762.83,16863.1,16543.07,320.03,1.9345,1.27,322096.71,11805083.129484
HSI,20240322,16745.27,16747.2,16341.61,16499.47,16863.1,-363.63,-2.1564,2.41,311041.15,13565275.591955
HSI,20240325,16531.95,16612.64,16441.3,16473.64,16499.47,-25.83,-0.1566,1.04,262450.65,11270861.099765
HSI,20240326,16548.5,16728.9,16452.55,16618.32,16473.64,144.68,0.8783,1.68,274576.57,10865245.911241
HSI,20240327,16530.44,16612.0,16354.81,16392.84,16618.32,-225.48,-1.3568,1.55,276988.96,11560914.742712
HSI,20240328,16378.4,16725.61,16345.9,16541.42,16392.84,148.58,0.9064,2.32,320342.13,11725673.117161
HSI,20240402,16811.74,17007.34,16811.74,16931.52,16541.42,390.1,2.3583,1.18,398314.13,14418428.20543
HSI,20240403,16926.85,16926.85,16689.19,16725.1,16931.52,-206.42,-1.2191,1.4,266736.32,9978714.741468
HSI,20240405,16787.93,16839.55,16480.36,16723.92,16725.1,-1.18,-0.0071,2.15,180439.61,7361500.283976
HSI,20240408,16650.83,16895.06,16580.53,16732.85,16723.92,8.93,0.0534,1.88,263677.3,9987106.603955
HSI,20240409,16819.18,17006.85,16805.99,16828.07,16732.85,95.22,0.5691,1.2,212005.69,8293373.754989
HSI,20240410,16926.02,17190.5,16918.36,17139.17,16828.07,311.1,1.8487,1.62,254907.47,10729398.643859
HSI,20240411,16856.19,17141.36,16856.19,17095.03,17139.17,-44.14,-0.2575,1.66,248054.53,9879680.768521
HSI,20240412,16978.7,17031.31,16721.69,16721.69,17095.03,-373.34,-2.1839,1.81,284032.12,10621829.207064
HSI,20240415,16487.36,16647.09,16465.4,16600.46,16721.69,-121.23,-0.725,1.09,256179.06,9515487.237458
HSI,20240416,16367.69,16449.24,16208.64,16248.97,16600.46,-351.49,-2.1174,1.45,309291.16,11458009.873117
HSI,20240417,16225.54,16316.69,16155.83,16251.84,16248.97,2.87,0.0177,0.99,245052.6,9919074.354504
HSI,20240418,16253.24,16507.6,16206.55,16385.87,16251.84,134.03,0.8247,1.85,322801.49,9527989.279239
HSI,20240419,16246.34,16254.9,16044.45,16224.14,16385.87,-161.73,-0.987,1.28,339374.33,10615273.057157
HSI,20240422,16410.83,16637.82,16410.83,16511.69,16224.14,287.55,1.7724,1.4,291506.33,10492489.110896
HSI,20240423,16679.39,16846.13,16599.21,16828.93,16511.69,317.24,1.9213,1.5,299365.59,11600571.482063
HSI,20240424,16993.17,17217.86,16934.65,17201.27,16828.93,372.34,2.2125,1.68,331475.27,12958388.605651
HSI,20240425,17144.12,17438.83,17109.57,17284.54,17201.27,83.27,0.4841,1.91,314728.42,11991175.502867
HSI,20240426,17336.2,17758.24,17336.2,17651.15,17284.54,366.61,2.121,2.44,385096.87,15724222.278876
HSI,20240429,17737.93,18031.16,17679.19,17746.91,17651.15,95.76,0.5425,1.99,485088.22,16341704.583352
HSI,20240430,17843.44,17902.02,17686.94,17763.03,17746.91,16.12,0.0908,1.21,367996.24,13086035.157623
HSI,20240502,17760.68,18217.82,17740.62,18207.13,17763.03,444.1,2.5001,2.69,242496.33,11591175.565549
HSI,20240503,18543.3,18604.17,18362.22,18475.92,18207.13,268.79,1.4763,1.33,247608.58,11618992.677999
HSI,20240506,18488.55,18590.17,18389.54,18578.3,18475.92,102.38,0.5541,1.09,343862.73,14448604.039123
HSI,20240507,18577.55,18638.81,18411.02,18479.37,18578.3,-98.93,-0.5325,1.23,249439.97,11342372.838102
HSI,20240508,18510.54,18606.56,18298.36,18313.86,18479.37,-165.51,-0.8956,1.67,291167.63,12865541.946342
HSI,20240509,18306.25,18560.76,18278.11,18537.81,18313.86,223.95,1.2228,1.54,290497.45,12369442.200052
HSI,20240510,18669.43,18993.28,18657.51,18963.68,18537.81,425.87,2.2973,1.81,650689.98,17100096.755249
HSI,20240513,18904.58,19123.48,18827.6,19115.06,18963.68,151.38,0.7983,1.56,376062.59,14723778.243345
HSI,20240514,19203.82,19301.13,19072.64,19073.71,19115.06,-41.35,-0.2163,1.2,345524.26,14308505.404115
HSI,20240516,19262.79,19442.9,19114.38,19376.53,19073.71,302.82,1.5876,1.72,581345.85,20489909.620392
HSI,20240517,19525.12,19602.24,19342.96,19553.61,19376.53,177.08,0.9139,1.34,437605.76,17930402.796106
HSI,20240520,19621.43,19706.12,19574.56,19636.22,19553.61,82.61,0.4225,0.67,350123.81,15647666.586988
HSI,20240521,19473.67,19487.36,19175.8,19220.62,19636.22,-415.6,-2.1165,1.59,351718.66,15058268.853528
HSI,20240522,19225.26,19359.68,19149.41,19195.6,19220.62,-25.02,-0.1302,1.09,283760.51,12664792.276203
HSI,20240523,19024.41,19024.41,18776.21,18868.71,19195.6,-326.89,-1.7029,1.29,316600.59,12993540.452209
HSI,20240524,18742.28,18867.91,18532.41,18608.94,18868.71,-259.77,-1.3767,1.78,354901.76,12671201.164314
HSI,20240527,18606.02,18871.13,18504.53,18827.35,18608.94,218.41,1.1737,1.97,290607.07,11885775.88358
HSI,20240528,18814.01,19000.52,18776.1,18821.16,18827.35,-6.19,-0.0329,1.19,243270.54,9776395.617
HSI,20240529,18659.41,18694.55,18425.09,18477.01,18821.16,-344.15,-1.8285,1.43,321557.9,12319263.154
HSI,20240530,18423.78,18537.92,18163.21,18230.19,18477.01,-246.82,-1.3358,2.03,349279.65,12550323.87032
HSI,20240531,18409.62,18551.18,18077.39,18079.61,18230.19,-150.58,-0.826,2.6,533705.42,19175092.283103
HSI,20240603,18283.56,18573.81,18283.56,18403.04,18079.61,323.43,1.7889,1.61,314093.64,13230984.741702
HSI,20240604,18335.45,18541.03,18335.45,18444.11,18403.04,41.07,0.2232,1.12,297146.7,11623117.973066
HSI,20240605,18489.78,18724.62,18375.27,18424.96,18444.11,-19.15,-0.1038,1.89,325080.5,11562695.810141
HSI,20240606,18577.58,18700.68,18383.8,18476.8,18424.96,51.84,0.2814,1.72,279774.68,11456332.987343
HSI,20240607,18562.48,18575.69,18302.33,18366.95,18476.8,-109.85,-0.5945,1.48,331005.92,13311171.621988
HSI,20240611,18163.12,18267.69,17994.1,18176.34,18366.95,-190.61,-1.0378,1.49,352846.18,13980644.882835
HSI,20240612,18032.4,18063.72,17848.76,17937.84,18176.34,-238.5,-1.3121,1.18,313946.34,11511812.840906
HSI,20240613,18104.13,18173.53,17971.57,18112.63,17937.84,174.79,0.9744,1.13,233125.3,10732202.225875
HSI,20240614,18028.07,18109.89,17927.16,17941.78,18112.63,-170.85,-0.9433,1.01,262128.83,11622396.2657
HSI,20240617,17848.87,18122.8,17752.96,17936.12,17941.78,-5.66,-0.0315,2.06,211842.12,9632430.368
HSI,20240618,17961.89,18043.48,17854.79,17915.55,17936.12,-20.57,-0.1147,1.05,255003.08,9234229.371252
HSI,20240619,18056.22,18448.66,18039.01,18430.39,17915.55,514.84,2.8737,2.29,351329.34,11275836.445773
HSI,20240620,18453.63,18520.37,18274.2,18335.32,18430.39,-95.07,-0.5158,1.34,268289.76,10355547.479709
HSI,20240621,18199.14,18240.13,17968.37,18028.52,18335.32,-306.8,-1.6733,1.48,342621.37,12907589.918353
HSI,20240624,17906.36,18032.67,17789.57,18027.71,18028.52,-0.81,-0.0045,1.35,271625.95,9647349.353465
HSI,20240625,18088.02,18231.46,17959.07,18072.9,18027.71,45.19,0.2507,1.51,233370.98,9374306.682223
HSI,20240626,17934.63,18156.35,17934.63,18089.93,18072.9,17.03,0.0942,1.23,230852.56,9515001.827889
HSI,20240627,17946.0,17961.92,17677.33,17716.47,18089.93,-373.46,-2.0645,1.57,280608.78,10422493.790845
HSI,20240628,17583.19,17865.47,17583.19,17718.61,17716.47,2.14,0.0121,1.59,282659.63,9888699.241557
HSI,20240702,17669.42,17986.14,17669.42,17769.14,17718.61,50.53,0.2852,1.79,337429.02,11843415.85123
HSI,20240703,17841.77,18017.76,17808.27,17978.57,17769.14,209.43,1.1786,1.18,308969.18,11355021.893583
HSI,20240704,18079.72,18133.3,17942.08,18028.28,17978.57,49.71,0.2765,1.06,299463.08,9079628.676228
HSI,20240705,18035.77,18105.01,17799.61,17799.61,18028.28,-228.67,-1.2684,1.69,288655.02,9032093.383751
HSI,20240708,17667.97,17735.58,17453.56,17524.06,17799.61,-275.55,-1.5481,1.58,234897.01,8931035.234732
HSI,20240709,17481.0,17617.64,17376.48,17523.23,17524.06,-0.83,-0.0047,1.38,261891.16,9433294.27732
HSI,20240710,17613.5,17765.88,17455.08,17471.67,17523.23,-51.56,-0.2942,1.77,264197.42,10233981.501553
HSI,20240711,17629.13,17864.09,17621.05,17832.33,17471.67,360.66,2.0643,1.39,223159.74,10037985.150355
HSI,20240712,18020.17,18317.31,18020.17,18293.38,17832.33,461.05,2.5855,1.67,305902.72,11943189.29239
HSI,20240715,18201.48,18243.39,17946.49,18015.94,18293.38,-277.44,-1.5166,1.62,232633.95,9114693.362105
HSI,20240716,17845.06,17899.55,17727.98,17727.98,18015.94,-287.96,-1.5984,0.95,233496.83,9424265.801849
HSI,20240717,17741.77,17807.68,17658.68,17739.41,17727.98,11.43,0.0645,0.84,275701.58,10495679.139062
HSI,20240718,17653.23,17864.12,17623.74,17778.41,17739.41,39.0,0.2198,1.36,201829.15,8753587.091244
HSI,20240719,17603.8,17629.97,17376.23,17417.68,17778.41,-360.73,-2.029,1.43,281163.88,10200189.918796
HSI,20240722,17465.13,17693.35,17313.88,17635.88,17417.68,218.2,1.2528,2.18,213363.03,9342248.291047
HSI,20240723,17679.55,17707.68,17451.86,17469.36,17635.88,-166.52,-0.9442,1.45,221645.6,8582595.322628
HSI,20240724,17454.43,17516.95,17251.26,17311.05,17469.36,-158.31,-0.9062,1.52,220818.24,8689904.052335
HSI,20240725,17260.83,17288.46,16964.52,17004.97,17311.05,-306.08,-1.7681,1.87,240139.07,10573403.030537
HSI,20240726,17079.67,17229.19,16924.58,17021.31,17004.97,16.34,0.0961,1.79,237421.07,10467018.16974
HSI,20240729,17196.45,17358.66,17154.12,17238.34,17021.31,217.03,1.275,1.2,225841.38,8472820.948619
HSI,20240730,17194.37,17194.37,16971.6,17002.91,17238.34,-235.43,-1.3657,1.29,255268.89,8997585.500688
HSI,20240731,17070.86,17400.24,17015.83,17344.6,17002.91,341.69,2.0096,2.26,267895.05,11886666.554497
HSI,20240801,17327.85,17408.95,17248.12,17304.96,17344.6,-39.64,-0.2285,0.93,193387.47,9405119.749561
HSI,20240802,17025.26,17075.52,16865.93,16945.51,17304.96,-359.45,-2.0772,1.21,243381.86,10050239.08656
HSI,20240805,16676.82,16944.59,16441.44,16698.36,16945.51,-247.15,-1.4585,2.97,366747.06,13501456.160018
HSI,20240806,16861.3,16908.97,16611.14,16647.34,16698.36,-51.02,-0.3055,1.78,242595.8,9645531.74013
HSI,20240807,16684.78,16988.26,16684.78,16877.86,16647.34,230.52,1.3847,1.82,226742.02,9566231.383214
HSI,20240808,16773.04,17023.1,16665.06,16891.83,16877.86,13.97,0.0828,2.12,211435.62,10283664.10917
HSI,20240809,17097.36,17252.22,17079.35,17090.23,16891.83,198.4,1.1745,1.02,214540.65,8806955.058437
HSI,20240812,17102.98,17162.76,17002.93,17111.65,17090.23,21.42,0.1253,0.94,179307.46,7033369.680851
HSI,20240813,17160.21,17252.88,17074.69,17174.06,17111.65,62.41,0.3647,1.04,193499.59,7084602.503502
HSI,20240814,17233.68,17254.23,17055.7,17113.36,17174.06,-60.7,-0.3534,1.16,157453.4,6804476.109823
HSI,20240815,17008.21,17283.65,16926.47,17109.14,17113.36,-4.22,-0.0247,2.09,240702.75,8793465.416413
HSI,20240816,17286.04,17473.89,17255.86,17430.16,17109.14,321.02,1.8763,1.27,255171.68,10140513.959874
HSI,20240819,17569.66,17685.86,17547.65,17569.57,17430.16,139.41,0.7998,0.79,236157.06,9441468.204058
HSI,20240820,17661.69,17661.69,17449.99,17511.08,17569.57,-58.49,-0.3329,1.2,196180.0,7453272.049612
HSI,20240821,17313.86,17415.48,17232.13,17391.01,17511.08,-120.07,-0.6857,1.05,206022.43,9383047.063893
HSI,20240822,17497.63,17652.8,17389.94,17641.0,17391.01,249.99,1.4375,1.51,294572.98,9740848.182303
HSI,20240823,17521.18,17635.7,17493.08,17612.1,17641.0,-28.9,-0.1638,0.81,205412.16,7877311.243934
HSI,20240826,17709.27,17826.05,17709.27,17798.73,17612.1,186.63,1.0597,0.66,197009.85,8358566.545378
HSI,20240827,17663.8,17879.27,17624.42,17874.67,17798.73,75.94,0.4267,1.43,270269.88,9192255.331789
HSI,20240828,17847.99,17879.01,17659.29,17692.45,17874.67,-182.22,-1.0194,1.23,218459.24,9393005.190366
HSI,20240829,17614.41,17797.17,17502.53,17786.32,17692.45,93.87,0.5306,1.67,285817.25,10813484.500482
HSI,20240830,17794.41,18202.6,17778.1,17989.07,17786.32,202.75,1.1399,2.39,475380.62,17349931.829429
HSI,20240902,17862.59,17862.59,17645.92,17691.97,17989.07,-297.1,-1.6516,1.2,307712.03,11288876.443494
HSI,20240903,17665.93,17725.51,17583.7,17651.49,17691.97,-40.48,-0.2288,0.8,247076.04,7931540.79751
HSI,20240904,17474.74,17531.05,17333.3,17457.34,17651.49,-194.15,-1.0999,1.12,260123.72,9698215.943266
HSI,20240905,17469.96,17555.61,17332.49,17444.3,17457.34,-13.04,-0.0747,1.28,255863.49,8495160.756523
HSI,20240909,17261.89,17305.91,17067.45,17196.96,17444.3,-247.34,-1.4179,1.37,384186.41,13366460.909464
HSI,20240910,17205.42,17297.95,17133.5,17234.09,17196.96,37.13,0.2159,0.96,278672.65,10739421.648072
HSI,20240911,17051.84,17124.96,16964.28,17108.71,17234.09,-125.38,-0.7275,0.93,307114.27,10578458.205848
HSI,20240912,17177.3,17334.19,17127.25,17240.39,17108.71,131.68,0.7697,1.21,237415.33,9168012.895467
HSI,20240913,17298.35,17540.81,17298.35,17369.09,17240.39,128.7,0.7465,1.41,213997.79,8887964.893583
HSI,20240916,17252.77,17422.12,17177.08,17422.12,17369.09,53.03,0.3053,1.41,112792.45,4798957.888124
HSI,20240917,17386.75,17715.77,17368.14,17660.02,17422.12,237.9,1.3655,2.0,166572.15,6307807.289558
HSI,20240919,17633.93,18071.1,17602.45,18013.16,17660.02,353.14,1.9997,2.65,343667.33,14875469.230296
HSI,20240920,18069.33,18355.15,18047.13,18258.57,18013.16,245.41,1.3624,1.71,400530.68,17680155.303949
HSI,20240923,18237.41,18426.92,18212.58,18247.11,18258.57,-11.46,-0.0628,1.17,272452.44,12428935.868554
HSI,20240924,18573.92,19002.05,18532.28,19000.56,18247.11,753.45,4.1291,2.57,600842.14,24239867.882698
HSI,20240925,19592.43,19592.43,19072.72,19129.1,19000.56,128.54,0.6765,2.74,650748.87,25484481.282477
HSI,20240926,19302.57,19954.06,19176.58,19924.58,19129.1,795.48,4.1585,4.06,742825.63,30287023.90363
HSI,20240927,20446.74,20743.2,20268.63,20632.3,19924.58,707.72,3.552,2.38,965609.34,44574768.44375
HSI,20240930,21175.41,21488.75,20789.93,21133.68,20632.3,501.38,2.4301,3.39,103570.62,50583840.296967
HSI,20241002,21289.6,22667.74,21289.6,22443.73,21133.68,1310.05,6.1989,6.52,769628.66,43401731.002029
HSI,20241003,22484.04,22484.04,21442.25,22113.51,22443.73,-330.22,-1.4713,4.64,494218.09,31034354.285714
HSI,20241004,22015.08,22742.36,21824.68,22736.87,22113.51,623.36,2.8189,4.15,461995.12,26152637.850974
HSI,20241007,22948.35,23241.74,22719.91,23099.78,22736.87,362.91,1.5961,2.3,509840.0,29683509.32067
HSI,20241008,22849.23,22902.36,20762.82,20926.79,23099.78,-2172.99,-9.407,9.26,1125790.0,62043772.652584
HSI,20241009,21290.04,21417.75,20190.53,20637.24,20926.79,-289.55,-1.3836,5.86,795360.0,42701388.478164
HSI,20241010,21046.0,21622.65,20983.94,21251.98,20637.24,614.74,2.9788,3.09,603990.0,32532652.337971
HSI,20241014,21228.65,21348.86,20693.75,21092.87,21251.98,-159.11,-0.7487,3.08,574330.0,27707326.487052
HSI,20241015,21046.19,21095.01,20154.71,20318.79,21092.87,-774.08,-3.6699,4.46,490640.0,26128826.876811
HSI,20241016,20144.75,20548.18,20131.34,20286.85,20318.79,-31.94,-0.1572,2.05,415870.0,20836867.632917
HSI,20241017,20471.99,20783.35,19977.35,20079.1,20286.85,-207.75,-1.0241,3.97,364690.0,19125960.435222
HSI,20241018,20106.65,20952.99,20058.67,20804.11,20079.1,725.01,3.6108,4.45,458620.0,25905574.86484
HSI,20241021,20730.95,20845.57,20423.09,20478.46,20804.11,-325.65,-1.5653,2.03,377500.0,19556326.209189
HSI,20241022,20433.49,20629.48,20380.04,20498.95,20478.46,20.49,0.1001,1.22,255660.0,15480381.613378
HSI,20241023,20525.44,20942.26,20448.84,20760.15,20498.95,261.2,1.2742,2.41,354200.0,19264818.908716
HSI,20241024,20576.05,20685.46,20448.46,20489.62,20760.15,-270.53,-1.3031,1.14,272560.0,16524916.813692
HSI,20241025,20521.95,20784.47,20521.95,20590.15,20489.62,100.53,0.4906,1.28,298460.0,16125848.176754
HSI,20241028,20592.74,20669.41,20428.94,20599.36,20590.15,9.21,0.0447,1.17,297860.0,13632102.758478
HSI,20241029,20729.98,20890.08,20563.74,20701.14,20599.36,101.78,0.4941,1.58,313770.0,15424931.898798
HSI,20241030,20586.55,20681.52,20270.07,20380.64,20701.14,-320.5,-1.5482,1.99,362650.0,16664482.335188
HSI,20241031,20414.2,20553.3,20317.33,20317.33,20380.64,-63.31,-0.3106,1.16,323820.0,15447928.149566
HSI,20241101,20427.88,20667.22,20353.34,20506.43,20317.33,189.1,0.9307,1.54,327880.0,14148328.911722
HSI,20241104,20584.45,20633.58,20446.26,20567.52,20506.43,61.09,0.2979,0.91,246360.0,11623327.690927
HSI,20241105,20409.94,21006.97,20409.94,21006.97,20567.52,439.45,2.1366,2.9,314730.0,16991014.827276
HSI,20241106,20791.8,20859.66,20361.92,20538.38,21006.97,-468.59,-2.2306,2.37,390390.0,21681771.660595
HSI,20241107,20386.36,20986.31,20370.44,20953.34,20538.38,414.96,2.0204,3.0,431750.0,21977547.848287
HSI,20241108,21199.96,21355.44,20705.12,20728.19,20953.34,-225.15,-1.0745,3.1,415350.0,23309604.762056
HSI,20241111,20258.14,20505.01,20151.38,20426.93,20728.19,-301.26,-1.4534,1.71,364970.0,20434039.187494
HSI,20241112,20334.09,20517.24,19761.31,19846.88,20426.93,-580.05,-2.8396,3.7,431950.0,23422370.548693
HSI,20241113,19671.92,19840.28,19608.32,19823.45,19846.88,-23.43,-0.1181,1.17,286230.0,18461848.998873
HSI,20241114,19626.26,19859.17,19392.59,19435.81,19823.45,-387.64,-1.9555,2.35,331000.0,17326184.106638
HSI,20241115,19503.03,19608.24,19332.34,19426.34,19435.81,-9.47,-0.0487,1.42,294720.0,15549473.282409
HSI,20241118,19595.5,19781.08,19470.43,19576.61,19426.34,150.27,0.7735,1.6,317640.0,14108583.0035
HSI,20241119,19699.81,19758.57,19522.59,19663.67,19576.61,87.06,0.4447,1.21,252990.0,12197739.012346
HSI,20241120,19623.39,19752.93,19575.91,19705.01,19663.67,41.34,0.2102,0.9,205750.0,11467110.871673
HSI,20241121,19646.04,19764.62,19552.5,19601.11,19705.01,-103.9,-0.5273,1.08,207920.0,11926790.291837
HSI,20241122,19613.55,19711.4,19134.59,19229.97,19601.11,-371.14,-1.8935,2.94,323760.0,15798339.372363
HSI,20241125,19307.34,19351.06,19102.06,19150.99,19229.97,-78.98,-0.4107,1.29,438560.0,18325828.844108
HSI,20241126,19054.4,19295.75,19054.4,19159.2,19150.99,8.21,0.0429,1.26,238470.0,12228743.828973
HSI,20241127,19187.05,19660.99,19061.6,19603.13,19159.2,443.93,2.3171,3.13,237480.0,13891212.526785
HSI,20241128,19558.18,19558.18,19312.26,19366.96,19603.13,-236.17,-1.2048,1.25,216080.0,10821548.332045
HSI,20241129,19346.62,19658.2,19312.41,19423.61,19366.96,56.65,0.2925,1.79,248760.0,13350133.905626
HSI,20241202,19442.31,19690.22,19387.2,19550.29,19423.61,126.68,0.6522,1.56,239230.0,14609902.157253
HSI,20241203,19585.35,19768.32,19386.82,19746.32,19550.29,196.03,1.0027,1.95,262530.0,12668325.894285
HSI,20241204,19722.15,19823.09,19615.61,19742.46,19746.32,-3.86,-0.0195,1.05,258910.0,13119724.186908
HSI,20241205,19578.66,19642.73,19466.69,19560.44,19742.46,-182.02,-0.922,0.89,200750.0,10935944.041988
HSI,20241206,19611.62,19934.72,19566.29,19865.85,19560.44,305.41,1.5614,1.88,349330.0,16278505.275112
HSI,20241209,19732.28,20433.73,19695.51,20414.09,19865.85,548.24,2.7597,3.72,396060.0,20652961.615619
HSI,20241210,21070.05,21070.05,20308.86,20311.28,20414.09,-102.81,-0.5036,3.73,447240.0,24754243.141236
HSI,20241211,20404.5,20481.37,20100.07,20155.05,20311.28,-156.23,-0.7692,1.88,230010.0,14161877.774691
HSI,20241212,20213.24,20546.44,20121.47,20397.05,20155.05,242.0,1.2007,2.11,277710.0,15775375.310483
HSI,20241213,20238.21,20238.21,19927.27,19971.24,20397.05,-425.81,-2.0876,1.52,310680.0,15847662.322367
HSI,20241216,19947.23,20049.21,19726.15,19795.49,19971.24,-175.75,-0.88,1.62,269960.0,13406977.723933
HSI,20241217,19678.03,19930.83,19620.63,19700.48,19795.49,-95.01,-0.48,1.57,278710.0,13198915.491493
HSI,20241218,19884.54,19953.53,19802.22,19864.55,19700.48,164.07,0.8328,0.77,228810.0,10754114.368106
HSI,20241219,19610.1,19849.03,19591.49,19752.51,19864.55,-112.04,-0.564,1.3,238500.0,14286956.692349
HSI,20241220,19697.06,19875.9,19692.68,19720.7,19752.51,-31.81,-0.161,0.93,350120.0,17846014.558978
HSI,20241223,19843.65,19937.39,19746.46,19883.13,19720.7,162.43,0.8237,0.97,340360.0,12730553.140241
HSI,20241224,19911.5,20165.46,19908.57,20098.29,19883.13,215.16,1.0821,1.29,220650.0,8459049.161922
HSI,20241227,20083.44,20184.88,20009.95,20090.46,20098.29,-7.83,-0.039,0.87,290660.0,13951852.991955
HSI,20241230,20124.75,20193.09,19968.07,20041.42,20090.46,-49.04,-0.2441,1.12,272490.0,12856005.078783
HSI,20241231,20003.36,20180.4,20003.36,20059.95,20041.42,18.53,0.0925,0.88,172210.0,7452112.149839
HSI,20250102,19932.8,19932.8,19542.98,19623.32,20059.95,-436.63,-2.1766,1.94,403340.0,16478438.536997
HSI,20250103,19708.74,19891.86,19634.07,19760.27,19623.32,136.95,0.6979,1.31,339380.0,16035359.447731
HSI,20250106,19848.71,19851.55,19627.84,19688.29,19760.27,-71.98,-0.3643,1.13,246570.0,12163524.457254
HSI,20250107,19501.45,19668.65,19252.61,19447.58,19688.29,-240.71,-1.2226,2.11,358100.0,20571769.686582
HSI,20250108,19390.76,19483.59,19111.54,19279.84,19447.58,-167.74,-0.8625,1.91,323240.0,16839705.411371
HSI,20250109,19254.38,19405.74,19227.73,19240.89,19279.84,-38.95,-0.202,0.92,245650.0,12906877.072384
HSI,20250110,19328.07,19370.49,19036.64,19064.29,19240.89,-176.6,-0.9178,1.74,260670.0,14469834.840361
HSI,20250113,18918.15,18929.12,18671.49,18874.14,19064.29,-190.15,-0.9974,1.35,275480.0,13404666.822999
HSI,20250114,18901.56,19318.36,18901.56,19219.78,18874.14,345.64,1.8313,2.21,283860.0,15768704.837194
HSI,20250115,19149.94,19319.22,19149.94,19286.07,19219.78,66.29,0.3449,0.88,245190.0,12852624.979844
HSI,20250116,19454.92,19664.39,19345.19,19522.89,19286.07,236.82,1.2279,1.66,271070.0,14230717.511001
HSI,20250117,19499.1,19640.37,19423.7,19584.06,19522.89,61.17,0.3133,1.11,243580.0,12227155.067932
HSI,20250120,19804.64,20093.65,19786.73,19925.81,19584.06,341.75,1.745,1.57,276440.0,16137582.576152
HSI,20250121,20128.34,20205.25,19920.31,20106.55,19925.81,180.74,0.9071,1.43,241210.0,14798465.170931
HSI,20250122,19997.09,20022.34,19733.21,19778.77,20106.55,-327.78,-1.6302,1.44,228210.0,13531722.630634
HSI,20250123,19881.32,20044.06,19644.83,19700.56,19778.77,-78.21,-0.3954,2.02,305970.0,14851491.314597
HSI,20250124,19842.85,20144.0,19768.13,20066.19,19700.56,365.63,1.8559,1.91,320980.0,15980830.207256
HSI,20250127,20118.02,20296.94,20118.02,20197.77,20066.19,131.58,0.6557,0.89,275120.0,14733151.991874
HSI,20250128,20337.46,20337.46,20165.73,20225.11,20197.77,27.34,0.1354,0.85,94520.0,5166342.564949
HSI,20250203,20048.87,20222.0,19764.67,20217.26,20225.11,-7.85,-0.0388,2.26,222440.0,12495591.201335
HSI,20250204,20488.29,20885.49,20297.64,20789.96,20217.26,572.7,2.8327,2.91,285400.0,16187520.207831
HSI,20250205,20827.77,20827.77,20417.39,20597.09,20789.96,-192.87,-0.9277,1.97,296790.0,19221082.407043
HSI,20250206,20598.98,20891.62,20532.06,20891.62,20597.09,294.53,1.43,1.75,295740.0,17844657.07051
HSI,20250207,20858.52,21213.7,20806.1,21133.54,20891.62,241.92,1.158,1.95,412560.0,24637280.150197
HSI,20250210,21223.61,21539.63,21223.61,21521.98,21133.54,388.44,1.838,1.5,373610.0,24249302.22048
HSI,20250211,21656.82,21682.41,21279.37,21294.86,21521.98,-227.12,-1.0553,1.87,358340.0,21961184.028869
HSI,20250212,21526.41,21858.83,21411.09,21857.92,21294.86,563.06,2.6441,2.1,487300.0,28716273.956361
HSI,20250213,21958.69,22523.57,21735.56,21814.37,21857.92,-43.55,-0.1992,3.61,648720.0,37944835.997306
HSI,20250214,22027.07,22620.33,22027.07,22620.33,21814.37,805.96,3.6946,2.72,605700.0,36460082.485732
HSI,20250217,22755.06,22977.25,22319.32,22616.23,22620.33,-4.1,-0.0181,2.91,673620.0,40023681.455731
HSI,20250218,22664.73,23141.41,22608.18,22976.81,22616.23,360.58,1.5943,2.36,522260.0,33862555.96209
HSI,20250219,22777.46,22975.34,22649.49,22944.24,22976.81,-32.57,-0.1418,1.42,408040.0,26256653.50843
HSI,20250220,22716.71,22849.66,22436.13,22576.98,22944.24,-367.26,-1.6007,1.8,420040.0,28394294.325426
HSI,20250221,23090.03,23477.92,22901.69,23477.92,22576.98,900.94,3.9905,2.55,616730.0,39359790.429877
HSI,20250224,23472.14,23688.45,23221.57,23341.61,23477.92,-136.31,-0.5806,1.99,526460.0,35603141.479068
HSI,20250225,22716.48,23248.52,22716.48,23034.02,23341.61,-307.59,-1.3178,2.28,444980.0,32955184.09249
HSI,20250226,23238.34,23973.17,23238.34,23787.93,23034.02,753.91,3.273,3.19,513810.0,37013076.243421
HSI,20250227,23783.75,24076.53,23441.74,23718.29,23787.93,-69.64,-0.2928,2.67,625700.0,40646497.322051
HSI,20250228,23616.18,23616.18,22798.34,22941.32,23718.29,-776.97,-3.2758,3.45,657830.0,40626440.221768
HSI,20250303,23135.12,23405.98,22861.75,23006.27,22941.32,64.95,0.2831,2.37,433820.0,30189775.534622
HSI,20250304,22678.25,23051.01,22547.53,22941.77,23006.27,-64.5,-0.2804,2.19,399480.0,26952804.88065
HSI,20250305,23200.42,23636.65,23090.63,23594.21,22941.77,652.44,2.8439,2.38,407770.0,25868923.472874
HSI,20250306,23987.09,24410.93,23987.09,24369.71,23594.21,775.5,3.2868,1.8,488630.0,37714591.320484
HSI,20250307,24182.02,24669.62,24065.01,24231.3,24369.71,-138.41,-0.568,2.48,483080.0,38316626.30582
HSI,20250310,24115.98,24292.8,23632.42,23783.49,24231.3,-447.81,-1.8481,2.73,368420.0,30181462.720395
HSI,20250311,23274.86,23858.61,23238.36,23782.14,23783.49,-1.35,-0.0057,2.61,355410.0,30703387.725018
HSI,20250312,23859.23,23962.03,23363.98,23600.31,23782.14,-181.83,-0.7646,2.51,363270.0,27849153.46047
HSI,20250313,23616.33,23712.61,23198.73,23462.65,23600.31,-137.66,-0.5833,2.18,323130.0,23383267.886488
HSI,20250314,23653.33,24113.53,23454.49,23959.98,23462.65,497.33,2.1197,2.81,426010.0,29061253.876176
HSI,20250317,24226.0,24352.47,24077.15,24145.57,23959.98,185.59,0.7746,1.15,328420.0,24482221.630154
HSI,20250318,24679.35,24745.13,24475.26,24740.57,24145.57,595.0,2.4642,1.12,393070.0,28593519.705303
HSI,20250319,24697.63,24874.39,24601.73,24771.14,24740.57,30.57,0.1236,1.1,359300.0,27185926.985121
HSI,20250320,24753.15,24753.15,24186.69,24219.95,24771.14,-551.19,-2.2251,2.29,410220.0,29485534.296145
HSI,20250321,24109.07,24230.72,23577.78,23689.72,24219.95,-530.23,-2.1892,2.7,493100.0,33909214.823263
HSI,20250324,23749.58,23967.51,23531.2,23905.56,23689.72,215.84,0.9111,1.84,338610.0,23310843.388279
HSI,20250325,23643.32,23747.32,23321.67,23344.25,23905.56,-561.31,-2.348,1.78,423440.0,28526894.689715
HSI,20250326,23460.31,23596.85,23350.73,23483.32,23344.25,139.07,0.5957,1.05,311660.0,19976530.831157
HSI,20250327,23543.86,23865.62,23372.36,23578.8,23483.32,95.48,0.4066,2.1,379010.0,23964095.634861
HSI,20250328,23672.82,23775.3,23254.3,23426.6,23578.8,-152.2,-0.6455,2.21,354080.0,22962246.616575
HSI,20250331,23207.07,23399.73,23002.81,23119.58,23426.6,-307.02,-1.3106,1.69,475280.0,25732544.948896
HSI,20250401,23217.11,23456.58,23123.35,23206.84,23119.58,87.26,0.3774,1.44,397970.0,25023098.391941
HSI,20250402,23167.31,23393.03,22980.96,23202.53,23206.84,-4.31,-0.0186,1.78,357350.0,21659825.083323
HSI,20250403,22638.21,22998.3,22638.21,22849.81,23202.53,-352.72,-1.5202,1.55,424990.0,28949246.156199
HSI,20250407,20730.05,21047.83,19706.03,19828.3,22849.81,-3021.51,-13.2233,5.87,1268650.0,62089766.687769
HSI,20250408,20157.52,20454.26,19745.14,20127.68,19828.3,299.38,1.5099,3.58,842070.0,43315667.3473
HSI,20250409,19494.92,20441.14,19260.21,20264.49,20127.68,136.81,0.6797,5.87,867240.0,41238506.198364
HSI,20250410,20810.43,21211.13,20530.43,20681.78,20264.49,417.29,2.0592,3.36,661180.0,39553449.133761
HSI,20250411,20557.49,21127.37,20444.04,20914.69,20681.78,232.91,1.1262,3.3,513920.0,27642603.800841
HSI,20250414,21363.88,21517.32,21224.55,21417.4,20914.69,502.71,2.4036,1.4,453830.0,25338905.998941
HSI,20250415,21603.52,21603.52,21297.59,21466.27,21417.4,48.87,0.2282,1.43,294280.0,18506430.737459
HSI,20250416,21316.47,21363.57,20868.36,21056.98,21466.27,-409.29,-1.9067,2.31,344180.0,21999168.470271
HSI,20250417,21066.81,21417.64,21039.16,21395.14,21056.98,338.16,1.6059,1.8,289280.0,19241098.0246
HSI,20250422,21303.51,21592.67,21191.02,21562.32,21395.14,167.18,0.7814,1.88,388360.0,25138167.69628
HSI,20250423,22080.19,22138.81,21862.87,22072.62,21562.32,510.3,2.3666,1.28,358530.0,26061947.061158
HSI,20250424,22030.15,22093.68,21712.1,21909.76,22072.62,-162.86,-0.7378,1.73,298580.0,20475986.032533
HSI,20250425,22080.44,22267.96,21923.9,21980.74,21909.76,70.98,0.324,1.57,302570.0,20803607.178366
HSI,20250428,22072.35,22072.35,21817.85,21971.96,21980.74,-8.78,-0.0399,1.16,246600.0,16903080.728784
HSI,20250429,22073.36,22213.51,21918.1,22008.11,21971.96,36.15,0.1645,1.34,304520.0,17765819.512287
HSI,20250430,22038.73,22129.31,21848.33,22119.41,22008.11,111.3,0.5057,1.28,468230.0,20155297.272164
HSI,20250502,22192.51,22532.54,22058.3,22504.68,22119.41,385.27,1.7418,2.14,183100.0,13372832.134448
HSI,20250506,22576.56,22747.63,22449.16,22662.71,22504.68,158.03,0.7022,1.33,331740.0,21336764.049287
HSI,20250507,23169.83,23197.57,22691.88,22691.88,22662.71,29.17,0.1287,2.23,369410.0,24005035.244242
HSI,20250508,22589.13,22979.29,22589.13,22775.92,22691.88,84.04,0.3704,1.72,277370.0,18589628.068582
HSI,20250509,22856.21,22907.91,22692.44,22867.74,22775.92,91.82,0.4031,0.95,263590.0,16162860.163189
HSI,20250512,23183.81,23685.34,22982.91,23549.46,22867.74,681.72,2.9811,3.07,516140.0,32242640.616528
HSI,20250513,23494.44,23494.44,23070.48,23108.27,23549.46,-441.19,-1.8735,1.8,347590.0,21984493.495248
HSI,20250514,23316.45,23640.65,23278.22,23640.65,23108.27,532.38,2.3039,1.57,374290.0,22284051.246607
HSI,20250515,23644.4,23710.82,23371.73,23453.16,23640.65,-187.49,-0.7931,1.43,288760.0,20020898.205674
HSI,20250516,23249.16,23374.7,23190.31,23345.05,23453.16,-108.11,-0.461,0.79,275950.0,19072200.96523
HSI,20250519,23156.27,23402.2,23059.89,23332.72,23345.05,-12.33,-0.0528,1.47,281400.0,18470365.201199
HSI,20250520,23398.35,23709.04,23357.0,23681.48,23332.72,348.76,1.4947,1.51,329060.0,20573616.182847
HSI,20250521,23736.43,23917.0,23697.76,23827.78,23681.48,146.3,0.6178,0.93,346370.0,21625393.559745
HSI,20250522,23748.58,23778.24,23470.81,23544.31,23827.78,-283.47,-1.1897,1.29,339770.0,19822918.270449
HSI,20250523,23557.38,23749.38,23487.4,23601.26,23544.31,56.95,0.2419,1.11,334870.0,20367064.52462
HSI,20250526,23505.9,23571.02,23234.27,23282.33,23601.26,-318.93,-1.3513,1.43,338180.0,22352032.865021
HSI,20250527,23216.87,23419.55,23167.56,23381.99,23282.33,99.66,0.4281,1.08,308140.0,20326826.104455
HSI,20250528,23385.18,23476.22,23180.17,23258.31,23381.99,-123.68,-0.529,1.27,287470.0,18081627.46622
HSI,20250529,23240.71,23603.82,23207.37,23573.38,23258.31,315.07,1.3547,1.7,371130.0,22685506.715555
HSI,20250530,23339.64,23375.34,23163.22,23289.77,23573.38,-283.61,-1.2031,0.9,529350.0,27156265.975742
HSI,20250602,23043.1,23163.35,22668.35,23157.97,23289.77,-131.8,-0.5659,2.13,230930.0,14524538.000203
HSI,20250603,23281.1,23535.37,23281.1,23512.49,23157.97,354.52,1.5309,1.1,367630.0,20368101.543787
HSI,20250604,23499.78,23716.93,23481.46,23654.03,23512.49,141.54,0.602,1.0,349870.0,21268681.6592
HSI,20250605,23828.69,23911.14,23732.31,23906.97,23654.03,252.94,1.0693,0.76,327260.0,22202566.371691
HSI,20250606,23941.57,23951.14,23773.36,23792.54,23906.97,-114.43,-0.4786,0.74,437670.0,23562181.849455
HSI,20250609,23977.54,24181.43,23957.96,24181.43,23792.54,388.89,1.6345,0.94,398720.0,24582833.494581
HSI,20250610,24231.31,24296.47,24003.38,24162.87,24181.43,-18.56,-0.0768,1.21,368520.0,25033936.964887
HSI,20250611,24191.32,24439.35,24179.35,24366.94,24162.87,204.07,0.8446,1.08,370330.0,23517313.416838
HSI,20250612,24223.12,24288.76,24002.42,24035.38,24366.94,-331.56,-1.3607,1.18,432870.0,24441225.526547
HSI,20250613,23959.81,24100.32,23774.92,23892.56,24035.38,-142.82,-0.5942,1.35,492600.0,29428696.92272
HSI,20250616,23791.79,24125.05,23718.72,24060.99,23892.56,168.43,0.7049,1.7,382590.0,22924100.278577
HSI,20250617,24107.34,24131.44,23880.67,23980.3,24060.99,-80.69,-0.3354,1.04,337420.0,20214394.413728
HSI,20250618,23859.55,23880.24,23631.48,23710.69,23980.3,-269.61,-1.1243,1.04,326430.0,18192802.531289
HSI,20250619,23620.02,23653.55,23185.58,23237.74,23710.69,-472.95,-1.9947,1.97,387190.0,22009879.541827
HSI,20250620,23291.4,23538.63,23291.4,23530.48,23237.74,292.74,1.2598,1.06,480150.0,22242278.131057
HSI,20250623,23335.51,23689.13,23272.75,23689.13,23530.48,158.65,0.6742,1.77,322590.0,19859059.593053
HSI,20250624,23832.73,24229.21,23832.73,24177.07,23689.13,487.94,2.0598,1.67,399570.0,24048154.869455
HSI,20250625,24327.82,24533.39,24287.86,24474.67,24177.07,297.6,1.2309,1.02,372430.0,26780083.985964
HSI,20250626,24345.29,24411.48,24235.54,24325.4,24474.67,-149.27,-0.6099,0.72,325850.0,26172933.098909
HSI,20250627,24451.19,24471.53,24194.85,24284.15,24325.4,-41.25,-0.1696,1.14,434160.0,27511450.052139
HSI,20250630,24274.91,24274.91,24064.26,24072.28,24284.15,-211.87,-0.8725,0.87,377590.0,24223353.898691
HSI,20250702,24304.31,24372.7,24122.57,24221.41,24072.28,149.13,0.6195,1.04,406130.0,24022491.845952
HSI,20250703,24234.28,24269.14,23920.0,24069.94,24221.41,-151.47,-0.6254,1.44,359490.0,23124670.253943
HSI,20250704,23900.69,24068.51,23690.94,23916.06,24069.94,-153.88,-0.6393,1.57,402120.0,26780795.373451
HSI,20250707,23828.85,23910.95,23713.78,23887.83,23916.06,-28.23,-0.118,0.82,251650.0,19379040.148338
HSI,20250708,23927.53,24159.01,23899.6,24148.07,23887.83,260.24,1.0894,1.09,303990.0,21328874.830725
HSI,20250709,24061.08,24061.08,23827.15,23892.32,24148.07,-255.75,-1.0591,0.97,319760.0,23387841.156012
HSI,20250710,23865.64,24087.59,23820.58,24028.37,23892.32,136.05,0.5694,1.12,350110.0,24672751.500053
HSI,20250711,24033.12,24506.3,24033.12,24139.57,24028.37,111.2,0.4628,1.97,414200.0,32395021.454637
HSI,20250714,24100.57,24267.84,24097.32,24203.32,24139.57,63.75,0.2641,0.71,273030.0,21036259.141957
HSI,20250715,24281.94,24590.12,24141.88,24590.12,24203.32,386.8,1.5981,1.85,377490.0,28840028.068504
HSI,20250716,24704.05,24867.81,24517.75,24517.76,24590.12,-72.36,-0.2943,1.42,338170.0,25895055.084213
HSI,20250717,24547.08,24672.51,24447.93,24498.95,24517.76,-18.81,-0.0767,0.92,320830.0,23641247.680548
HSI,20250718,24757.83,24825.66,24630.79,24825.66,24498.95,326.71,1.3336,0.8,290420.0,23869056.421091
HSI,20250721,24991.14,25010.9,24844.8,24994.14,24825.66,168.48,0.6787,0.67,360900.0,26301238.068515
HSI,20250722,25024.93,25130.03,24900.59,25130.03,24994.14,135.89,0.5437,0.92,382240.0,26607335.079152
HSI,20250723,25348.3,25538.07,25228.01,25538.07,25130.03,408.04,1.6237,1.23,413980.0,33306660.517909
HSI,20250724,25528.22,25735.89,25502.49,25667.18,25538.07,129.11,0.5056,0.91,359570.0,29481092.10926
HSI,20250725,25531.59,25585.73,25355.31,25388.35,25667.18,-278.83,-1.0863,0.9,340630.0,28176957.802856
HSI,20250728,25458.87,25667.4,25399.36,25562.13,25388.35,173.78,0.6845,1.06,342540.0,25029877.012553
HSI,20250729,25454.83,25530.42,25252.32,25524.45,25562.13,-37.68,-0.1474,1.09,374500.0,26700987.146255
HSI,20250730,25335.21,25499.57,25082.2,25176.93,25524.45,-347.52,-1.3615,1.64,466760.0,31965234.989565
HSI,20250731,24982.87,25000.06,24744.92,24773.33,25176.93,-403.6,-1.6031,1.01,418640.0,32063250.044619
HSI,20250801,24744.34,24856.54,24507.63,24507.81,24773.33,-265.52,-1.0718,1.41,376530.0,25467428.882832
HSI,20250804,24431.88,24748.76,24372.51,24733.45,24507.81,225.64,0.9207,1.54,285130.0,23468233.447141
HSI,20250805,24746.81,24925.9,24686.85,24902.53,24733.45,169.08,0.6836,0.97,305800.0,22939876.571554
HSI,20250806,24864.15,25002.97,24806.46,24910.63,24902.53,8.1,0.0325,0.79,244980.0,21523537.346795
HSI,20250807,24982.5,25115.16,24820.6,25081.63,24910.63,171.0,0.6865,1.18,293780.0,24574802.908571
HSI,20250808,24968.31,24999.11,24812.12,24858.82,25081.63,-222.81,-0.8883,0.75,248740.0,20671990.060793
HSI,20250811,24946.55,24969.3,24775.73,24906.81,24858.82,47.99,0.1931,0.78,252520.0,20090184.860539
HSI,20250812,24824.07,25016.29,24801.13,24969.68,24906.81,62.87,0.2524,0.86,236860.0,21542126.200498
HSI,20250813,25176.52,25613.67,25176.52,25613.67,24969.68,643.99,2.5791,1.75,327170.0,28404069.059134
HSI,20250814,25766.62,25766.62,25449.8,25519.32,25613.67,-94.35,-0.3684,1.24,333000.0,27012118.031988
HSI,20250815,25322.1,25356.54,25167.81,25270.07,25519.32,-249.25,-0.9767,0.74,415790.0,31268724.805394
HSI,20250818,25293.34,25466.1,25176.85,25176.85,25270.07,-93.22,-0.3689,1.14,372050.0,31278257.157445
HSI,20250819,25241.29,25260.58,25083.2,25122.9,25176.85,-53.95,-0.2143,0.7,319550.0,27821826.195692
HSI,20250820,24968.57,25210.9,24887.93,25165.94,25122.9,43.04,0.1713,1.29,298420.0,28528580.566613
HSI,20250821,25216.42,25216.42,25000.85,25104.61,25165.94,-61.33,-0.2437,0.86,286100.0,23948688.592653
HSI,20250822,25205.04,25349.08,25140.08,25339.14,25104.61,234.53,0.9342,0.83,335940.0,28558411.697199
HSI,20250825,25606.88,25918.86,25590.62,25829.91,25339.14,490.77,1.9368,1.3,414330.0,36969816.176361
HSI,20250826,25714.91,25819.7,25524.92,25524.92,25829.91,-304.99,-1.1808,1.14,363540.0,31787091.683802
HSI,20250827,25626.17,25653.92,25140.17,25201.76,25524.92,-323.16,-1.2661,2.01,387120.0,37137605.374235
HSI,20250828,25030.54,25093.65,24808.78,24998.82,25201.76,-202.94,-0.8053,1.13,417880.0,39148833.44504
HSI,20250829,25095.45,25277.51,25066.85,25077.62,24998.82,78.8,0.3152,0.84,381810.0,33560141.6508
HSI,20250901,25508.21,25638.34,25471.35,25617.42,25077.62,539.8,2.1525,0.67,431680.0,38023103.92258
HSI,20250902,25587.97,25724.73,25416.61,25496.55,25617.42,-120.87,-0.4718,1.2,381110.0,32811856.983431
HSI,20250903,25660.65,25789.99,25276.87,25343.43,25496.55,-153.12,-0.6006,2.01,318620.0,26764747.847473
HSI,20250904,25489.13,25494.45,25013.26,25058.51,25343.43,-284.92,-1.1242,1.9,363030.0,30223286.132173
HSI,20250905,25136.24,25471.8,25090.65,25417.98,25058.51,359.47,1.4345,1.52,373940.0,29994538.263243
HSI,20250908,25440.01,25664.01,25387.81,25633.91,25417.98,215.93,0.8495,1.09,365500.0,28604317.063921
HSI,20250909,25711.07,26027.94,25675.28,25938.13,25633.91,304.22,1.1868,1.38,363270.0,29403288.238549
HSI,20250910,26042.41,26296.6,26017.5,26200.26,25938.13,262.13,1.0106,1.08,379320.0,28820855.682085
HSI,20250911,25987.49,26241.46,25878.97,26086.32,26200.26,-113.94,-0.4349,1.38,399250.0,32520532.979112
HSI,20250912,26539.44,26585.95,26329.66,26388.16,26086.32,301.84,1.1571,0.98,333250.0,32073387.243618
HSI,20250915,26308.91,26532.75,26280.23,26446.56,26388.16,58.4,0.2213,0.96,285770.0,29019496.778099
HSI,20250916,26536.63,26601.59,26332.21,26438.51,26446.56,-8.05,-0.0304,1.02,288250.0,29406907.976444
HSI,20250917,26554.19,26936.5,26540.57,26908.39,26438.51,469.88,1.7773,1.5,370080.0,36028360.087889
HSI,20250918,26863.69,27058.03,26322.08,26544.85,26908.39,-363.54,-1.351,2.74,411420.0,41331399.608479
HSI,20250919,26583.03,26637.64,26414.11,26545.1,26544.85,0.25,0.0009,0.84,416590.0,37681227.936842
HSI,20250922,26459.52,26479.14,26204.01,26344.14,26545.1,-200.96,-0.7571,1.04,329840.0,29053714.883838
HSI,20250923,26435.58,26454.09,26003.67,26159.12,26344.14,-185.02,-0.7023,1.71,312450.0,29456077.095032
HSI,20250924,26073.69,26562.88,26057.26,26518.65,26159.12,359.53,1.3744,1.93,302320.0,28877244.004747
HSI,20250925,26536.13,26640.53,26403.52,26484.68,26518.65,-33.97,-0.1281,0.89,368700.0,31488968.731481
HSI,20250926,26272.3,26406.05,26072.93,26128.2,26484.68,-356.48,-1.346,1.26,344060.0,32367367.094683
HSI,20250929,26321.57,26687.72,26321.57,26622.88,26128.2,494.68,1.8933,1.4,350280.0,30909614.140869
HSI,20250930,26674.16,26888.4,26558.28,26855.56,26622.88,232.68,0.874,1.24,350190.0,31492613.527221
HSI,20251002,26918.3,27381.84,26918.3,27287.12,26855.56,431.56,1.607,1.73,232460.0,22246790.078933
HSI,20251003,27221.46,27262.0,26972.71,27140.92,27287.12,-146.2,-0.5358,1.06,139200.0,13478100.893393
HSI,20251006,27003.92,27145.17,26873.34,26957.77,27140.92,-183.15,-0.6748,1.0,113160.0,12125725.891112
HSI,20251008,26900.64,26906.2,26517.45,26829.46,26957.77,-128.31,-0.476,1.44,210570.0,17380330.47675
HSI,20251009,26862.03,26978.41,26480.58,26752.59,26829.46,-76.87,-0.2865,1.86,401390.0,38681832.127823
HSI,20251010,26523.89,26558.87,26247.04,26290.32,26752.59,-462.27,-1.7279,1.17,343200.0,33373669.689191
HSI,20251013,25634.0,25895.62,25336.09,25889.48,26290.32,-400.84,-1.5247,2.13,517280.0,49036553.132297
HSI,20251014,25969.21,26102.68,25331.64,25441.35,25889.48,-448.13,-1.7309,2.98,475320.0,39891043.226495
HSI,20251015,25714.89,25982.21,25593.45,25910.6,25441.35,469.25,1.8444,1.53,350390.0,31581323.888677
HSI,20251016,25890.01,26062.8,25687.32,25888.51,25910.6,-22.09,-0.0853,1.45,338090.0,27543124.444832
HSI,20251017,25851.94,25859.82,25145.34,25247.1,25888.51,-641.41,-2.4776,2.76,400840.0,31462370.579498
HSI,20251020,25884.46,25912.77,25710.61,25858.83,25247.1,611.73,2.423,0.8,290160.0,23916061.4955
HSI,20251021,26160.24,26367.35,26017.72,26027.55,25858.83,168.72,0.6525,1.35,306500.0,26465694.762891
HSI,20251022,25897.62,25947.88,25653.75,25781.77,26027.55,-245.78,-0.9443,1.13,283030.0,22753644.93925
HSI,20251023,25718.53,26080.84,25591.66,25967.98,25781.77,186.21,0.7223,1.9,310400.0,24525567.066555
HSI,20251024,26177.11,26239.96,26063.99,26160.15,25967.98,192.17,0.74,0.68,259210.0,22661380.490097
HSI,20251027,26495.97,26495.97,26319.22,26433.7,26160.15,273.55,1.0457,0.68,316460.0,26707717.088103
HSI,20251028,26508.75,26519.24,26245.33,26346.14,26433.7,-87.56,-0.3312,1.04,285730.0,24269983.589769
HSI,20251030,26545.92,26588.89,26138.79,26282.69,26346.14,-63.45,-0.2408,1.71,431880.0,35380444.679034
HSI,20251031,26263.01,26283.96,25906.65,25906.65,26282.69,-376.04,-1.4308,1.44,337820.0,25761208.420063
HSI,20251103,25999.17,26217.12,25920.27,26158.36,25906.65,251.71,0.9716,1.15,178970.0,22867552.214022
HSI,20251104,26148.07,26291.65,25911.79,25952.4,26158.36,-205.96,-0.7874,1.45,342120.0,23998643.002088
HSI,20251105,25701.63,25980.9,25496.13,25935.41,25952.4,-16.99,-0.0655,1.87,277000.0,23882461.962136
HSI,20251106,26061.58,26490.71,26061.58,26485.9,25935.41,550.49,2.1225,1.65,270520.0,23465308.4614
HSI,20251107,26350.74,26371.46,26167.23,26241.83,26485.9,-244.07,-0.9215,0.77,269590.0,20964428.573794
HSI,20251110,26319.4,26668.89,26302.93,26649.06,26241.83,407.23,1.5518,1.39,312450.0,21478784.570717
HSI,20251111,26748.09,26788.43,26511.25,26696.41,26649.06,47.35,0.1777,1.04,241760.0,21023145.494287
HSI,20251112,26754.93,27016.4,26739.09,26922.73,26696.41,226.32,0.8478,1.04,343730.0,23639516.262914
HSI,20251113,26779.48,27188.81,26733.21,27073.03,26922.73,150.3,0.5583,1.69,328570.0,27067306.616275
HSI,20251114,26660.31,26881.88,26535.42,26572.46,27073.03,-500.57,-1.849,1.28,280990.0,23278808.912981
HSI,20251117,26441.7,26531.8,26252.36,26384.28,26572.46,-188.18,-0.7082,1.05,252110.0,21761272.441656
HSI,20251118,26172.27,26188.82,25821.84,25930.03,26384.28,-454.25,-1.7217,1.39,351410.0,24211163.987614
HSI,20251119,25954.23,26045.37,25742.07,25830.65,25930.03,-99.38,-0.3833,1.17,288670.0,21142643.383948
HSI,20251120,25999.78,26046.76,25692.13,25835.57,25830.65,4.92,0.019,1.37,297920.0,24513566.879736
HSI,20251121,25460.42,25483.67,25178.63,25220.02,25835.57,-615.55,-2.3826,1.18,395790.0,28570228.300765
HSI,20251124,25452.87,25770.45,25369.29,25716.5,25220.02,496.48,1.9686,1.59,442270.0,30264183.124234
HSI,20251125,25948.9,26069.22,25740.54,25894.55,25716.5,178.05,0.6924,1.28,296210.0,23114853.152892
HSI,20251126,26046.74,26136.27,25907.06,25928.08,25894.55,33.53,0.1295,0.89,256470.0,20707751.347764
HSI,20251127,25945.54,26123.69,25822.66,25945.93,25928.08,17.85,0.0688,1.16,268270.0,20472806.829772
HSI,20251128,26011.06,26011.06,25807.55,25858.89,25945.93,-87.04,-0.3355,0.78,196160.0,14620401.198296
HSI,20251201,25945.87,26179.72,25913.98,26033.26,25858.89,174.37,0.6743,1.03,231860.0,20088423.219417
HSI,20251202,26188.55,26264.13,25989.45,26095.05,26033.26,61.79,0.2374,1.06,245300.0,17824677.419453
HSI,20251203,25980.89,25996.88,25724.82,25760.73,26095.05,-334.32,-1.2812,1.04,217660.0,16436067.011799
HSI,20251204,25804.01,25990.73,25649.3,25935.9,25760.73,175.17,0.68,1.33,216920.0,17930587.409177
HSI,20251205,25833.11,26131.61,25758.17,26085.08,25935.9,149.18,0.5752,1.44,297310.0,21047262.014557
HSI,20251208,26067.86,26151.46,25755.01,25765.36,26085.08,-319.72,-1.2257,1.52,292310.0,20623025.346452
HSI,20251209,25780.97,25820.31,25386.58,25434.23,25765.36,-331.13,-1.2852,1.68,285870.0,21023587.68426
HSI,20251210,25435.49,25540.78,25257.61,25540.78,25434.23,106.55,0.4189,1.11,272990.0,19339185.889438
HSI,20251211,25710.61,25801.34,25471.5,25530.51,25540.78,-10.27,-0.0402,1.29,235260.0,18247705.75415
HSI,20251212,25761.41,26006.47,25697.43,25976.79,25530.51,446.28,1.748,1.21,321950.0,24265694.533956
HSI,20251215,25718.14,25824.44,25609.28,25628.88,25976.79,-347.91,-1.3393,0.83,280320.0,20428866.521972
HSI,20251216,25547.92,25547.92,25086.54,25235.41,25628.88,-393.47,-1.5353,1.8,291770.0,20152776.564505
HSI,20251217,25243.59,25494.94,25168.19,25468.78,25235.41,233.37,0.9248,1.29,247190.0,18314054.00793
HSI,20251218,25330.83,25511.84,25261.38,25498.13,25468.78,29.35,0.1152,0.98,261350.0,16237745.143164
HSI,20251219,25634.22,25747.01,25545.92,25690.53,25498.13,192.4,0.7546,0.79,335800.0,22118635.534285
HSI,20251222,25795.94,25859.61,25671.33,25801.77,25690.53,111.24,0.433,0.73,236210.0,16977703.662726
HSI,20251223,25875.85,25927.66,25726.45,25774.14,25801.77,-27.63,-0.1071,0.78,224090.0,15713142.568279
HSI,20251224,25780.09,25890.87,25772.87,25818.93,25774.14,44.79,0.1738,0.46,123630.0,9252418.309866
HSI,20251229,25928.89,26082.94,25630.75,25635.23,25818.93,-183.7,-0.7115,1.75,293160.0,22450835.838311
HSI,20251230,25636.4,25930.22,25611.23,25854.6,25635.23,219.37,0.8557,1.24,313810.0,19976906.517452
HSI,20251231,25801.49,25808.52,25554.31,25630.54,25854.6,-224.06,-0.8666,0.98,165100.0,11896585.113207
HSI,20260102,25717.42,26345.63,25717.42,26338.47,25630.54,707.93,2.7621,2.45,148970.0,14086393.602578
HSI,20260105,26361.44,26445.5,26256.0,26347.24,26338.47,8.77,0.0333,0.72,369220.0,28346230.893692
HSI,20260106,26502.4,26858.13,26498.36,26710.45,26347.24,363.21,1.3786,1.37,380090.0,29175818.765262
HSI,20260107,26601.83,26616.94,26313.51,26458.95,26710.45,-251.5,-0.9416,1.14,364530.0,27613371.436303
HSI,20260108,26302.78,26305.69,25960.34,26149.31,26458.95,-309.64,-1.1703,1.31,324330.0,26827475.178016
HSI,20260109,26272.54,26299.32,26114.41,26231.79,26149.31,82.48,0.3154,0.71,324170.0,24512996.672935
HSI,20260112,26376.84,26608.48,26187.76,26608.48,26231.79,376.69,1.436,1.6,359960.0,30622339.888908
HSI,20260113,26958.52,27143.66,26729.54,26848.47,26608.48,239.99,0.9019,1.56,369170.0,31519246.697144
HSI,20260114,26971.97,27097.72,26780.27,26999.81,26848.47,151.34,0.5637,1.18,484960.0,34039344.064503
HSI,20260115,26972.36,27206.84,26808.35,26923.62,26999.81,-76.19,-0.2822,1.48,357370.0,29045533.018323
HSI,20260116,27094.85,27176.31,26741.54,26844.96,26923.62,-78.66,-0.2922,1.61,336590.0,25507862.487863
HSI,20260119,26641.6,26715.58,26533.67,26563.9,26844.96,-281.06,-1.047,0.68,274240.0,22568850.48116
HSI,20260120,26544.9,26638.55,26363.86,26487.51,26563.9,-76.39,-0.2876,1.03,277080.0,23776578.686855
HSI,20260121,26397.04,26692.78,26397.04,26585.06,26487.51,97.55,0.3683,1.12,299870.0,25045141.979871
HSI,20260122,26750.51,26779.22,26499.14,26629.96,26585.06,44.9,0.1689,1.05,299090.0,23486006.290484
HSI,20260123,26861.36,26895.94,26689.73,26749.51,26629.96,119.55,0.4489,0.77,280350.0,24087217.40338
HSI,20260126,26844.04,26911.44,26619.83,26765.52,26749.51,16.01,0.0599,1.09,292650.0,26169884.619065
HSI,20260127,26863.15,27188.9,26829.71,27126.95,26765.52,361.43,1.3504,1.34,306320.0,25437261.792274
HSI,20260128,27325.89,27826.91,27258.1,27826.91,27126.95,699.96,2.5803,2.1,505020.0,36152310.019239
HSI,20260129,27627.11,28056.1,27611.9,27968.09,27826.91,141.18,0.5074,1.6,439640.0,33199416.727675
HSI,20260130,27785.98,27887.24,27384.02,27387.11,27968.09,-580.98,-2.0773,1.8,442750.0,30161239.898331
HSI,20260202,27097.34,27100.09,26507.62,26775.57,27387.11,-611.54,-2.2329,2.16,483500.0,34788574.125492
HSI,20260203,26995.76,27126.48,26431.8,26834.77,26775.57,59.2,0.2211,2.59,342520.0,33515248.842491
HSI,20260204,26797.05,27004.22,26593.18,26847.32,26834.77,12.55,0.0468,1.53,298480.0,28543280.393615
HSI,20260205,26627.95,26919.39,26410.77,26885.24,26847.32,37.92,0.1412,1.89,318980.0,31511224.033753
HSI,20260206,26354.34,26710.34,26295.03,26559.95,26885.24,-325.29,-1.2099,1.54,291330.0,24786532.51395
HSI,20260209,26982.49,27111.54,26879.1,27027.16,26559.95,467.21,1.7591,0.88,273450.0,25514160.801113
HSI,20260210,27202.96,27397.65,27104.82,27183.15,27027.16,155.99,0.5772,1.08,255430.0,23403958.514441
HSI,20260211,27246.18,27325.98,27133.77,27266.38,27183.15,83.23,0.3062,0.71,240370.0,21721751.545554
HSI,20260212,27210.56,27215.63,26932.56,27032.54,27266.38,-233.84,-0.8576,1.04,266880.0,23870504.372179
HSI,20260213,26640.16,26774.44,26444.46,26567.12,27032.54,-465.42,-1.7217,1.22,248900.0,25757759.252466
HSI,20260216,26501.2,26734.41,26382.41,26705.94,26567.12,138.82,0.5225,1.32,80850.0,8499658.622961
HSI,20260220,26657.84,26694.34,26356.96,26413.35,26705.94,-292.59,-1.0956,1.26,169480.0,16537268.128763
HSI,20260223,26798.97,27156.28,26798.97,27081.91,26413.35,668.56,2.5311,1.35,181640.0,17296334.561599
HSI,20260224,26913.68,26913.68,26480.86,26590.32,27081.91,-491.59,-1.8152,1.6,268380.0,25099214.484433
HSI,20260225,26745.2,26870.03,26632.53,26765.72,26590.32,175.4,0.6596,0.89,249940.0,23676513.947821
HSI,20260226,27019.74,27024.07,26373.01,26381.02,26765.72,-384.7,-1.4373,2.43,290120.0,25927686.271395
HSI,20260227,26447.05,26701.5,26375.7,26630.54,26381.02,249.52,0.9458,1.23,329440.0,28842037.517022
HSI,20260302,26305.58,26403.85,25882.95,26059.85,26630.54,-570.69,-2.143,1.96,459350.0,35767866.420022
HSI,20260303,26190.24,26218.93,25727.0,25768.08,26059.85,-291.77,-1.1196,1.89,470520.0,37054542.262422
HSI,20260304,25469.34,25470.05,24958.43,25249.48,25768.08,-518.6,-2.0126,1.99,470370.0,36430385.504993
HSI,20260305,25583.65,25736.6,25236.68,25321.34,25249.48,71.86,0.2846,1.98,348420.0,32187206.505896
HSI,20260306,25358.56,25806.72,25267.63,25757.29,25321.34,435.95,1.7217,2.13,366980.0,29276601.52384
HSI,20260309,25075.74,25442.62,24906.0,25408.46,25757.29,-348.83,-1.3543,2.08,530080.0,39233037.914463
HSI,20260310,25740.29,25959.9,25611.79,25959.9,25408.46,551.44,2.1703,1.37,351860.0,33092874.970175
HSI,20260311,26112.08,26149.64,25819.1,25898.76,25959.9,-61.14,-0.2355,1.27,314480.0,25448133.554368
HSI,20260312,25719.47,25932.58,25521.15,25716.76,25898.76,-182.0,-0.7027,1.59,304650.0,24218028.816878
HSI,20260313,25583.55,25697.17,25419.87,25465.6,25716.76,-251.16,-0.9766,1.08,278610.0,24654212.93422
HSI,20260316,25436.27,25856.73,25317.81,25834.02,25465.6,368.42,1.4467,2.12,301810.0,26445339.600197
HSI,20260317,25938.43,26250.14,25844.95,25868.54,25834.02,34.52,0.1336,1.57,290140.0,26825875.696142
HSI,20260318,25923.03,26117.95,25791.82,26025.42,25868.54,156.88,0.6065,1.26,253600.0,24037387.28268
HSI,20260319,25550.56,25737.83,25449.06,25500.58,26025.42,-524.84,-2.0166,1.11,355230.0,30621350.284506
HSI,20260320,25337.28,25563.88,25121.46,25277.32,25500.58,-223.26,-0.8755,1.73,460250.0,34251750.775794
HSI,20260323,24789.14,24789.14,24203.54,24382.47,25277.32,-894.85,-3.5401,2.32,509440.0,36867737.954443
HSI,20260324,24759.82,25077.09,24555.5,25063.71,24382.47,681.24,2.794,2.14,389070.0,30307335.990692
HSI,20260325,25280.52,25390.3,25015.2,25335.95,25063.71,272.24,1.0862,1.5,457470.0,35093289.805935
HSI,20260326,25267.16,25278.03,24793.1,24856.43,25335.95,-479.52,-1.8926,1.91,397370.0,26166236.642483
HSI,20260327,24768.66,25095.57,24712.92,24951.88,24856.43,95.45,0.384,1.54,340920.0,26308082.321959
HSI,20260330,24532.85,24811.86,24409.57,24750.79,24951.88,-201.09,-0.8059,1.61,414910.0,28543488.370464
HSI,20260331,24818.2,24988.53,24559.57,24788.14,24750.79,37.35,0.1509,1.73,380470.0,25575957.087139
HSI,20260401,25357.23,25429.76,25203.69,25294.03,24788.14,505.89,2.0409,0.91,385770.0,29142111.509349
HSI,20260402,25254.49,25254.49,24901.77,25116.53,25294.03,-177.5,-0.7017,1.39,319460.0,24362753.873723
HSI,20260408,25772.56,25934.18,25668.67,25893.02,25116.53,776.49,3.0916,1.06,487130.0,37243701.931686
HSI,20260409,25756.41,25854.8,25653.63,25752.4,25893.02,-140.62,-0.5431,0.78,291800.0,24497718.247135
HSI,20260410,25891.88,26073.97,25843.65,25893.54,25752.4,141.14,0.5481,0.89,257290.0,24631651.021671
HSI,20260413,25708.64,25717.38,25508.53,25660.85,25893.54,-232.69,-0.8986,0.81,228880.0,20790896.747779
HSI,20260414,25929.4,25995.09,25668.53,25872.32,25660.85,211.47,0.8241,1.27,270710.0,23677597.847876
HSI,20260415,26168.25,26216.58,25947.32,25947.32,25872.32,75.0,0.2899,1.04,302170.0,24558775.592414
HSI,20260416,26122.8,26403.07,26122.8,26394.26,25947.32,446.94,1.7225,1.08,280550.0,25622793.280587
HSI,20260417,26210.97,26280.96,26015.44,26160.33,26394.26,-233.93,-0.8863,1.01,279320.0,23804204.813905
HSI,20260420,26204.61,26411.69,26094.64,26361.07,26160.33,200.74,0.7673,1.21,287320.0,24146279.953524
HSI,20260421,26442.29,26529.49,26342.02,26487.48,26361.07,126.41,0.4795,0.71,246000.0,20517736.82739
HSI,20260422,26303.6,26303.6,26073.45,26163.24,26487.48,-324.24,-1.2241,0.87,256210.0,22830262.159295
HSI,20260423,26098.81,26115.07,25840.55,25915.2,26163.24,-248.04,-0.948,1.05,260780.0,25537933.209537
HSI,20260424,25733.61,26004.59,25639.26,25978.07,25915.2,62.87,0.2426,1.41,288580.0,23672257.687667
HSI,20260427,25976.97,26086.02,25858.24,25925.65,25978.07,-52.42,-0.2018,0.88,260140.0,25163424.043912
HSI,20260428,25814.37,25896.66,25609.61,25679.78,25925.65,-245.87,-0.9484,1.11,326360.0,26233339.987393
HSI,20260429,25842.63,26132.94,25811.46,26111.84,25679.78,432.06,1.6825,1.25,378320.0,25828078.770716
HSI,20260430,26008.32,26072.24,25734.16,25776.53,26111.84,-335.31,-1.2841,1.29,412970.0,29155265.362132
HSI,20260504,26138.34,26326.44,26091.86,26095.88,25776.53,319.35,1.2389,0.91,181110.0,17697914.216822
HSI,20260505,25945.75,25945.75,25690.36,25898.61,26095.88,-197.27,-0.7559,0.98,148200.0,12223472.304686
HSI,20260506,26029.65,26213.78,25877.82,26213.78,25898.61,315.17,1.2169,1.3,354430.0,30473706.029586
HSI,20260507,26531.35,26669.26,26518.79,26626.28,26213.78,412.5,1.5736,0.57,398900.0,31248906.787192
HSI,20260508,26359.79,26470.49,26274.8,26393.71,26626.28,-232.57,-0.8735,0.73,306120.0,27975446.556669
HSI,20260511,26310.87,26427.14,26219.26,26406.84,26393.71,13.13,0.0497,0.79,307950.0,28849137.730225
HSI,20260512,26497.03,26592.37,26328.84,26347.91,26406.84,-58.93,-0.2232,1.0,308230.0,26264712.155907
HSI,20260513,26369.99,26458.9,26220.12,26388.44,26347.91,40.53,0.1538,0.91,282040.0,27777070.445454
HSI,20260514,26836.66,26844.8,26366.86,26389.04,26388.44,0.6,0.0023,1.81,312430.0,30670192.628048
HSI,20260515,26391.02,26391.02,25847.15,25962.73,26389.04,-426.31,-1.6155,2.06,325990.0,32538551.586989
HSI,20260518,25838.96,25838.96,25505.71,25675.18,25962.73,-287.55,-1.1075,1.28,301710.0,29271239.85539
HSI,20260519,25693.37,25845.46,25671.12,25797.85,25675.18,122.67,0.4778,0.68,310010.0,27216587.755238
HSI,20260520,25709.62,25713.53,25555.06,25651.12,25797.85,-146.73,-0.5688,0.61,285950.0,26209778.587541
HSI,20260521,25833.24,25833.71,25341.73,25386.52,25651.12,-264.6,-1.0315,1.92,302770.0,29855238.355773
HSI,20260522,25641.8,25732.36,25483.24,25606.03,25386.52,219.51,0.8647,0.98,328080.0,28129817.682085
HSI,20260526,25622.36,25768.38,25431.17,25599.45,25606.03,-6.58,-0.0257,1.32,408280.0,35947574.551582
HSI,20260527,25608.78,25638.41,25258.03,25328.23,25599.45,-271.22,-1.0595,1.49,371710.0,32075819.4309
HSI,20260528,25230.58,25230.58,24727.26,25006.16,25328.23,-322.07,-1.2716,1.99,423700.0,35634460.329832
HSI,20260529,25161.52,25313.33,25055.8,25182.39,25006.16,176.23,0.7047,1.03,676610.0,46207014.12799
HSI,20260601,25180.05,25486.76,25174.3,25398.18,25182.39,215.79,0.8569,1.24,370300.0,33093679.842239
HSI,20260602,25395.07,26045.07,25394.64,26038.32,25398.18,640.14,2.5204,2.56,375130.0,37378007.480919
HSI,20260603,25953.01,25953.01,25569.45,25633.21,26038.32,-405.11,-1.5558,1.47,317480.0,32292104.928994
HSI,20260604,25465.3,25499.09,25188.02,25253.4,25633.21,-379.81,-1.4817,1.21,278300.0,27023040.551047
HSI,20260605,25186.12,25216.18,24928.14,24961.95,25253.4,-291.45,-1.1541,1.14,357480.0,34280536.610194
HSI,20260608,24582.91,24837.98,24458.54,24657.06,24961.95,-304.89,-1.2214,1.52,380670.0,36397470.97125
HSI,20260609,24551.93,24740.65,24486.39,24565.9,24657.06,-91.16,-0.3697,1.03,335900.0,30891605.139532
HSI,20260610,24442.52,24505.96,24207.03,24407.96,24565.9,-157.94,-0.6429,1.22,394230.0,32055387.672599
HSI,20260611,24380.02,24492.71,23999.67,24249.29,24407.96,-158.67,-0.6501,2.02,342080.0,28857374.423646
HSI,20260612,24501.5,24771.61,24445.51,24718.1,24249.29,468.81,1.9333,1.34,375190.0,31643830.828132
HSI,20260615,25001.42,25047.9,24796.3,24842.67,24718.1,124.57,0.504,1.02,363620.0,28335340.969964
HSI,20260616,24826.19,24844.98,24378.69,24493.95,24842.67,-348.72,-1.4037,1.88,314520.0,24988495.766775
HSI,20260617,24495.85,24560.19,24254.07,24312.16,24493.95,-181.79,-0.7422,1.25,305500.0,27041205.825731
HSI,20260618,24145.19,24163.25,23749.99,23924.81,24312.16,-387.35,-1.5932,1.7,483530.0,35871454.161026
HSI,20260622,23811.76,23863.71,23444.86,23768.52,23924.81,-156.29,-0.6533,1.75,405030.0,34861649.242848
HSI,20260623,23800.02,23825.81,23252.13,23336.28,23768.52,-432.24,-1.8185,2.41,368920.0,33436121.736623
HSI,20260624,23420.7,23565.65,23248.87,23412.18,23336.28,75.9,0.3252,1.36,346010.0,32291815.591623
HSI,20260625,23388.5,23388.5,22978.59,23076.91,23412.18,-335.27,-1.432,1.75,426570.0,32578469.082164
HSI,20260626,22952.09,22962.46,22518.0,22671.86,23076.91,-405.05,-1.7552,1.93,419450.0,34210075.586757
HSI,20260629,22827.65,23183.17,22783.64,23026.68,22671.86,354.82,1.565,1.76,345760.0,31537860.647576
HSI,20260630,23007.87,23086.85,22685.14,22881.02,23026.68,-145.66,-0.6326,1.74,449470.0,30804956.523974
HSI,20260702,23071.43,23335.92,22953.7,23055.03,22881.02,174.01,0.7605,1.67,414450.0,36963302.235156
HSI,20260703,23240.85,23516.7,23226.2,23350.03,23055.03,295.0,1.2795,1.26,339460.0,30495384.27861
HSI,20260706,23404.61,23686.56,23229.38,23616.32,23350.03,266.29,1.1404,1.96,339690.0,31471741.251275
HSI,20260707,23568.49,23820.92,23398.27,23496.89,23616.32,-119.43,-0.5057,1.79,369300.0,31971106.423845
HSI,20260708,23541.22,24310.92,23541.22,24199.46,23496.89,702.57,2.9901,3.28,444770.0,37583505.687489
HSI,20260709,24181.34,24353.76,23917.32,24030.18,24199.46,-169.28,-0.6995,1.8,366620.0,37724754.024956
HSI,20260710,24213.44,24499.63,24064.62,24175.12,24030.18,144.94,0.6032,1.81,334080.0,33959238.828172
HSI,20260713,24157.65,24449.77,24095.73,24213.72,24175.12,38.6,0.1597,1.46,299130.0,30951461.275206
HSI,20260714,24181.52,24436.58,23902.05,24340.73,24213.72,127.01,0.5245,2.21,357140.0,31291554.177263
HSI,20260715,24551.34,24774.84,24449.53,24681.1,24340.73,340.37,1.3984,1.34,324690.0,30429716.76033
HSI,20260716,24825.02,25221.44,24825.02,25008.6,24681.1,327.5,1.3269,1.61,343610.0,32289241.770493
HSI,20260717,25022.54,25166.56,24332.51,24562.24,25008.6,-446.36,-1.7848,3.34,374740.0,34732530.830197
HSI,20260720,24835.03,25155.55,24756.36,25143.05,24562.24,580.81,2.3646,1.63,333810.0,30641332.734506
HSI,20260721,25150.54,25253.65,24991.39,25132.29,25143.05,-10.76,-0.0428,1.04,289460.0,28994265.997246
HSI,20260722,24978.9,25040.27,24802.06,24892.66,25132.29,-239.63,-0.9535,0.95,303290.0,31276305.895728
HSI,20260723,24966.53,25267.39,24876.83,25210.81,24892.66,318.15,1.2781,1.57,270020.0,23348036.390118
HSI,20260724,24932.5,25031.34,24812.5,24963.23,25210.81,-247.58,-0.982,0.87,247340.0,20987683.285053
HSI,20260727,24993.77,25276.96,24938.34,25207.18,24963.23,243.95,0.9772,1.36,263010.0,21049994.100016
HSI,20260728,25271.95,25440.68,25069.85,25310.85,25207.18,103.67,0.4113,1.47,308410.0,25063252.74817
HSI,20260729,25487.16,25808.93,25487.16,25807.92,25310.85,497.07,1.9639,1.27,387040.0,31223327.566667
HSI,20260730,25875.83,25971.63,25657.33,25858.88,25807.92,50.96,0.1975,1.22,374380.0,30489426.085137
HSI,20260731,25837.72,25917.2,25622.92,25884.43,25858.88,25.55,0.0988,1.14,358540.0,32817769.100305
HSI,20260803,25987.31,26133.88,25811.74,26009.4,25884.43,124.97,0.4828,1.24,292300.0,25517895.315612
HSI,20260804,26090.98,26187.57,25768.04,25852.92,26009.4,-156.48,-0.6016,1.61,291860.0,25781945.149183
HSI,20260805,25890.99,25973.94,25729.86,25915.82,25852.92,62.9,0.2433,0.94,291730.0,27804268.868702
HSI,20260806,25667.14,25667.14,25389.42,25530.28,25915.82,-385.54,-1.4877,1.07,285500.0,25522675.858837
HSI,20260807,25526.65,25669.52,25393.13,25668.03,25530.28,137.75,0.5396,1.08,275740.0,25968573.21416
HSI,20260810,25805.18,25957.75,25720.46,25937.49,25668.03,269.46,1.0498,0.92,240930.0,24027965.738961
HSI,20260811,25998.59,26060.32,25647.66,25652.82,25937.49,-284.67,-1.0975,1.59,233600.0,21094244.934892
HSI,20260812,25498.39,25498.39,25323.33,25440.17,25652.82,-212.65,-0.829,0.68,238040.0,21677907.094554
HSI,20260813,25288.07,25519.39,25288.07,25396.51,25440.17,-43.66,-0.1716,0.91,286870.0,26371007.249042
HSI,20260814,25219.15,25311.86,25089.14,25116.85,25396.51,-279.66,-1.1012,0.88,,25417923.962043
