symbol,market,asset_type,trade_date,open,high,low,close,prev_close,volume,amount,pct_change,ret_1d,log_ret_1d,quality_flag,ingest_time,data_version
3690.HK,HK,equity,2018-09-20,72.9,74.0,72.0,72.65,69.0,115846804.0,8438947990.75,0.05289855072463778,0.05289855072463778,0.05154688541903262,PASS,2026-04-20T12:14:39Z,D20260420.01
3690.HK,HK,equity,2018-09-21,74.0,74.0,71.95,72.1,72.65,43838241.0,3176663016.75,-0.007570543702684285,-0.007570543702684285,-0.007599345725388703,PASS,2026-04-20T12:14:39Z,D20260420.01
3690.HK,HK,equity,2018-09-24,70.65,71.9,69.0,69.0,72.1,31460064.0,2200166444.8,-0.04299583911234384,-0.04299583911234384,-0.04394753969364387,PASS,2026-04-20T12:14:39Z,D20260420.01
3690.HK,HK,equity,2018-09-26,69.35,69.6,65.65,68.8,69.0,68632397.0,4703103298.3,-0.0028985507246377384,-0.0028985507246377384,-0.0029027596579614626,PASS,2026-04-20T12:14:39Z,D20260420.01
3690.HK,HK,equity,2018-09-27,68.8,69.75,65.65,67.0,68.8,29514806.0,1969154540.5,-0.026162790697674354,-0.026162790697674354,-0.026511125548331852,PASS,2026-04-20T12:14:39Z,D20260420.01
3690.HK,HK,equity,2018-09-28,67.05,68.8,65.05,68.75,67.0,26889022.0,1803101582.922,0.026119402985074647,0.026119402985074647,0.025784117155714634,PASS,2026-04-20T12:14:39Z,D20260420.01
3690.HK,HK,equity,2018-10-02,68.75,68.75,66.05,66.7,68.75,6611904.0,443955890.0,-0.029818181818181744,-0.029818181818181744,-0.030271783625102563,PASS,2026-04-20T12:14:39Z,D20260420.01
3690.HK,HK,equity,2018-10-03,66.5,66.5,65.0,65.05,66.7,13389350.0,871853112.2,-0.02473763118440786,-0.02473763118440786,-0.02504874796306382,PASS,2026-04-20T12:14:39Z,D20260420.01
3690.HK,HK,equity,2018-10-04,65.05,65.8,64.95,65.05,65.05,14815600.0,963873670.0,0.0,0.0,0.0,PASS,2026-04-20T12:14:39Z,D20260420.01
3690.HK,HK,equity,2018-10-05,64.85,68.0,63.8,67.9,65.05,16945330.0,1111466215.0,0.04381245196003092,0.04381245196003092,0.04287982960613633,PASS,2026-04-20T12:14:39Z,D20260420.01
3690.HK,HK,equity,2018-10-08,68.05,69.0,68.0,68.45,67.9,12875421.0,880882700.1,0.008100147275404979,0.008100147275404979,0.008067517169807423,PASS,2026-04-20T12:14:39Z,D20260420.01
3690.HK,HK,equity,2018-10-09,68.0,69.3,68.0,68.95,68.45,5585136.0,383280261.4,0.007304601899196461,0.007304601899196461,0.0072780525048528905,PASS,2026-04-20T12:14:39Z,D20260420.01
3690.HK,HK,equity,2018-10-10,69.3,69.3,68.5,69.0,68.95,9010000.0,619788603.944,0.0007251631617113397,0.0007251631617113397,0.0007249003579485184,PASS,2026-04-20T12:14:39Z,D20260420.01
3690.HK,HK,equity,2018-10-11,67.0,67.0,60.0,62.0,69.0,36620203.0,2340596546.7,-0.10144927536231885,-0.10144927536231885,-0.10697211955216783,PASS,2026-04-20T12:14:39Z,D20260420.01
3690.HK,HK,equity,2018-10-12,61.8,62.3,58.25,59.3,62.0,17488088.0,1054191288.1,-0.04354838709677422,-0.04354838709677422,-0.044525079041411814,PASS,2026-04-20T12:14:39Z,D20260420.01
3690.HK,HK,equity,2018-10-15,60.0,61.95,53.7,55.45,59.3,11367725.0,649184215.1,-0.06492411467116344,-0.06492411467116344,-0.06712759220730358,PASS,2026-04-20T12:14:39Z,D20260420.01
3690.HK,HK,equity,2018-10-16,55.8,58.0,55.8,56.0,55.45,14010749.0,792669481.85,0.009918845807033394,0.009918845807033394,0.009869976938773221,PASS,2026-04-20T12:14:39Z,D20260420.01
3690.HK,HK,equity,2018-10-18,57.1,57.95,53.9,55.0,56.0,10245018.0,569584245.8,-0.017857142857142905,-0.017857142857142905,-0.018018505502678365,PASS,2026-04-20T12:14:39Z,D20260420.01
3690.HK,HK,equity,2018-10-19,55.1,55.5,52.8,55.0,55.0,6373538.0,348874156.1,0.0,0.0,0.0,PASS,2026-04-20T12:14:39Z,D20260420.01
3690.HK,HK,equity,2018-10-22,56.2,60.35,54.25,58.5,55.0,13604574.0,791607453.5,0.06363636363636371,0.06363636363636371,0.06169356900533996,PASS,2026-04-20T12:14:39Z,D20260420.01
3690.HK,HK,equity,2018-10-23,58.55,59.0,54.1,55.05,58.5,8703111.0,482165894.15,-0.05897435897435899,-0.05897435897435899,-0.060784891069121855,PASS,2026-04-20T12:14:39Z,D20260420.01
3690.HK,HK,equity,2018-10-24,56.5,56.9,52.25,52.75,55.05,9604413.0,512421510.2,-0.04178019981834691,-0.04178019981834691,-0.04267809081251304,PASS,2026-04-20T12:14:39Z,D20260420.01
3690.HK,HK,equity,2018-10-25,50.15,55.2,50.15,55.0,52.75,7989938.0,421582134.2,0.042654028436019065,0.042654028436019065,0.041769412876295146,PASS,2026-04-20T12:14:39Z,D20260420.01
3690.HK,HK,equity,2018-10-26,55.3,55.9,51.75,52.75,55.0,5718032.0,301136774.9,-0.040909090909090895,-0.040909090909090895,-0.04176941287629503,PASS,2026-04-20T12:14:39Z,D20260420.01
3690.HK,HK,equity,2018-10-29,52.5,55.0,52.25,52.85,52.75,6819861.0,363509852.8,0.0018957345971564177,0.0018957345971564177,0.0018939399600707832,PASS,2026-04-20T12:14:39Z,D20260420.01
3690.HK,HK,equity,2018-10-30,52.3,53.1,49.8,50.15,52.85,10378493.0,530214220.35,-0.0510879848628194,-0.0510879848628194,-0.05243919790830221,PASS,2026-04-20T12:14:39Z,D20260420.01
3690.HK,HK,equity,2018-10-31,50.5,52.6,49.45,50.7,50.15,16590628.0,841320236.38,0.010967098703888345,0.010967098703888345,0.010907396189192953,PASS,2026-04-20T12:14:39Z,D20260420.01
3690.HK,HK,equity,2018-11-01,52.45,56.9,52.0,56.35,50.7,18512139.0,988958654.21,0.11143984220907299,0.11143984220907299,0.10565632988864784,PASS,2026-04-20T12:14:39Z,D20260420.01
3690.HK,HK,equity,2018-11-02,60.0,63.0,58.5,61.35,56.35,19469470.0,1183257773.55,0.08873114463176579,0.08873114463176579,0.08501293067113518,PASS,2026-04-20T12:14:39Z,D20260420.01
3690.HK,HK,equity,2018-11-05,60.0,64.4,59.6,62.15,61.35,11757361.0,726209781.33,0.013039934800326058,0.013039934800326058,0.012955646799799735,PASS,2026-04-20T12:14:39Z,D20260420.01
3690.HK,HK,equity,2018-11-06,62.5,63.0,61.7,62.8,62.15,4586359.0,285971374.15,0.01045856798069189,0.01045856798069189,0.01040425551743289,PASS,2026-04-20T12:14:39Z,D20260420.01
3690.HK,HK,equity,2018-11-07,62.8,63.5,61.45,62.05,62.8,3474958.0,216479402.45,-0.011942675159235638,-0.011942675159235638,-0.012014561823536746,PASS,2026-04-20T12:14:39Z,D20260420.01
3690.HK,HK,equity,2018-11-08,62.8,63.2,59.55,59.8,62.05,4331755.0,264486942.3,-0.03626107977437554,-0.03626107977437554,-0.0369348506940302,PASS,2026-04-20T12:14:39Z,D20260420.01
3690.HK,HK,equity,2018-11-09,60.0,60.05,55.0,56.3,59.8,6976039.0,391763193.7,-0.058528428093645446,-0.058528428093645446,-0.060311125810941314,PASS,2026-04-20T12:14:39Z,D20260420.01
3690.HK,HK,equity,2018-11-12,56.4,56.45,52.35,53.95,56.3,7366316.0,398613877.0,-0.04174067495559497,-0.04174067495559497,-0.042636843441500975,PASS,2026-04-20T12:14:39Z,D20260420.01
3690.HK,HK,equity,2018-11-13,51.3,55.2,51.3,54.55,53.95,7060621.0,377241037.59,0.011121408711770142,0.011121408711770142,0.011060020574936144,PASS,2026-04-20T12:14:39Z,D20260420.01
3690.HK,HK,equity,2018-11-14,55.2,58.6,53.25,56.9,54.55,4528430.0,254118598.8,0.043079743354720534,0.043079743354720534,0.0421776288532055,PASS,2026-04-20T12:14:39Z,D20260420.01
3690.HK,HK,equity,2018-11-15,57.5,58.15,56.05,57.5,56.9,3307828.0,188772947.85,0.010544815465729274,0.010544815465729274,0.010489606671019443,PASS,2026-04-20T12:14:39Z,D20260420.01
3690.HK,HK,equity,2018-11-16,57.8,59.4,57.0,58.3,57.5,5727882.0,329886628.08,0.013913043478260834,0.013913043478260834,0.013817145553141903,PASS,2026-04-20T12:14:39Z,D20260420.01
3690.HK,HK,equity,2018-11-19,58.5,60.0,57.6,58.35,58.3,5370348.0,313229405.33,0.0008576329331047017,0.0008576329331047017,0.000857265376118367,PASS,2026-04-20T12:14:39Z,D20260420.01
3690.HK,HK,equity,2018-11-20,56.9,57.95,56.25,57.0,58.35,5786600.0,328993008.76,-0.023136246786632397,-0.023136246786632397,-0.023408090898014846,PASS,2026-04-20T12:14:39Z,D20260420.01
3690.HK,HK,equity,2018-11-21,57.0,60.2,56.35,59.7,57.0,8520454.0,506066438.45,0.047368421052631726,0.047368421052631726,0.04628075256400639,PASS,2026-04-20T12:14:39Z,D20260420.01
3690.HK,HK,equity,2018-11-22,60.7,63.0,59.0,61.05,59.7,9433464.0,581205006.75,0.022613065326632986,0.022613065326632986,0.022361180158157107,PASS,2026-04-20T12:14:39Z,D20260420.01
3690.HK,HK,equity,2018-11-23,56.05,57.0,52.25,53.85,61.05,18461332.0,1008645099.5,-0.11793611793611791,-0.11793611793611791,-0.1254907969543161,PASS,2026-04-20T12:14:39Z,D20260420.01
3690.HK,HK,equity,2018-11-26,53.95,54.1,50.9,52.65,53.85,8579817.0,444832515.85,-0.022284122562674202,-0.022284122562674202,-0.022536165022413172,PASS,2026-04-20T12:14:39Z,D20260420.01
3690.HK,HK,equity,2018-11-27,51.85,53.1,50.05,50.95,52.65,9010569.0,460387495.51,-0.03228869895536557,-0.03228869895536557,-0.03282147891125063,PASS,2026-04-20T12:14:39Z,D20260420.01
3690.HK,HK,equity,2018-11-28,51.1,53.05,49.65,53.0,50.95,10342326.0,528834423.15,0.04023552502453387,0.04023552502453387,0.03944715388338803,PASS,2026-04-20T12:14:39Z,D20260420.01
3690.HK,HK,equity,2018-11-29,53.9,55.25,50.25,50.5,53.0,9647537.0,503928238.1,-0.047169811320754707,-0.047169811320754707,-0.04831857727080768,PASS,2026-04-20T12:14:39Z,D20260420.01
3690.HK,HK,equity,2018-11-30,51.0,53.4,51.0,52.45,50.5,7860149.0,412780235.45,0.03861386138613865,0.03861386138613865,0.03788699856099207,PASS,2026-04-20T12:14:39Z,D20260420.01
3690.HK,HK,equity,2018-12-03,55.05,55.55,54.0,55.5,52.45,10186476.0,558679283.7,0.058150619637750145,0.058150619637750145,0.056522685910082554,PASS,2026-04-20T12:14:39Z,D20260420.01
3690.HK,HK,equity,2018-12-04,55.55,55.55,53.0,53.85,55.5,5265125.0,283467795.55,-0.02972972972972976,-0.02972972972972976,-0.030180617149991287,PASS,2026-04-20T12:14:39Z,D20260420.01
3690.HK,HK,equity,2018-12-05,52.85,55.3,51.65,54.65,53.85,5854445.0,313213702.2,0.01485608170844932,0.01485608170844932,0.01474681102014992,PASS,2026-04-20T12:14:39Z,D20260420.01
3690.HK,HK,equity,2018-12-06,54.8,54.8,52.25,54.0,54.65,9598571.0,513834796.5,-0.011893870082342106,-0.011893870082342106,-0.011965168058273112,PASS,2026-04-20T12:14:39Z,D20260420.01
3690.HK,HK,equity,2018-12-07,53.0,54.45,52.9,54.0,54.0,3870878.0,209012862.5,0.0,0.0,0.0,PASS,2026-04-20T12:14:39Z,D20260420.01
3690.HK,HK,equity,2018-12-10,53.95,54.0,51.65,52.05,54.0,6282378.0,329165581.45,-0.036111111111111205,-0.036111111111111205,-0.03677925150329659,PASS,2026-04-20T12:14:39Z,D20260420.01
3690.HK,HK,equity,2018-12-11,53.0,53.25,51.9,52.5,52.05,5323958.0,278684908.3,0.008645533141210526,0.008645533141210526,0.008608374536600322,PASS,2026-04-20T12:14:39Z,D20260420.01
3690.HK,HK,equity,2018-12-12,53.95,53.95,52.1,52.3,52.5,4180258.0,219210708.83,-0.003809523809523818,-0.003809523809523818,-0.0038167985267008537,PASS,2026-04-20T12:14:39Z,D20260420.01
3690.HK,HK,equity,2018-12-13,52.55,53.1,52.05,52.35,52.3,4430980.0,232086970.4,0.0009560229445506607,0.0009560229445506607,0.0009555662456686359,PASS,2026-04-20T12:14:39Z,D20260420.01
3690.HK,HK,equity,2018-12-14,52.3,53.0,51.55,52.6,52.35,4849676.0,253958999.6,0.0047755491881567025,0.0047755491881567025,0.004764182427118379,PASS,2026-04-20T12:14:39Z,D20260420.01
3690.HK,HK,equity,2018-12-17,52.7,52.7,50.65,51.85,52.6,3721475.0,191439953.95,-0.014258555133079831,-0.014258555133079831,-0.014361185068127823,PASS,2026-04-20T12:14:39Z,D20260420.01
3690.HK,HK,equity,2018-12-18,51.8,51.8,47.9,47.9,51.85,8637104.0,424648172.6,-0.07618129218900682,-0.07618129218900682,-0.07923943025866687,PASS,2026-04-20T12:14:39Z,D20260420.01
3690.HK,HK,equity,2018-12-19,48.15,48.5,45.2,45.8,47.9,9201997.0,424663366.15,-0.04384133611691021,-0.04384133611691021,-0.04483141329673026,PASS,2026-04-20T12:14:39Z,D20260420.01
3690.HK,HK,equity,2018-12-20,45.6,47.4,44.6,44.85,45.8,8695876.0,394521569.75,-0.020742358078602474,-0.020742358078602474,-0.020960502615334,PASS,2026-04-20T12:14:39Z,D20260420.01
3690.HK,HK,equity,2018-12-21,44.25,47.0,43.1,46.9,44.85,9429505.0,423700335.25,0.04570791527313256,0.04570791527313256,0.044694086947428456,PASS,2026-04-20T12:14:39Z,D20260420.01
3690.HK,HK,equity,2018-12-24,46.2,46.2,43.2,44.25,46.9,2629925.0,116223626.8,-0.056503198294242996,-0.056503198294242996,-0.05816230399829508,PASS,2026-04-20T12:14:39Z,D20260420.01
3690.HK,HK,equity,2018-12-27,46.45,46.5,45.1,45.8,44.25,8884712.0,406803035.2,0.03502824858757059,0.03502824858757059,0.034428719666200716,PASS,2026-04-20T12:14:39Z,D20260420.01
3690.HK,HK,equity,2018-12-28,45.9,45.9,44.05,44.05,45.8,4137428.0,184980626.2,-0.03820960698689957,-0.03820960698689957,-0.03895873873795076,PASS,2026-04-20T12:14:39Z,D20260420.01
3690.HK,HK,equity,2018-12-31,44.95,45.15,43.4,43.9,44.05,5459196.0,241637753.4,-0.0034052213393870323,-0.0034052213393870323,-0.003411032301062821,PASS,2026-04-20T12:14:39Z,D20260420.01
3690.HK,HK,equity,2019-01-02,43.6,44.25,41.15,41.2,43.9,6185730.0,262047202.5,-0.061503416856491966,-0.061503416856491966,-0.06347606372564489,PASS,2026-04-20T12:14:39Z,D20260420.01
3690.HK,HK,equity,2019-01-03,41.1,42.65,40.25,41.25,41.2,4813333.0,199114801.85,0.0012135922330096527,0.0012135922330096527,0.0012128564252092296,PASS,2026-04-20T12:14:39Z,D20260420.01
3690.HK,HK,equity,2019-01-04,41.95,44.45,40.8,44.0,41.25,10293472.0,438106345.2,0.06666666666666665,0.06666666666666665,0.06453852113757116,PASS,2026-04-20T12:14:39Z,D20260420.01
3690.HK,HK,equity,2019-01-07,44.7,46.25,44.5,45.45,44.0,5853496.0,266773568.75,0.03295454545454546,0.03295454545454546,0.03242318670522668,PASS,2026-04-20T12:14:39Z,D20260420.01
3690.HK,HK,equity,2019-01-08,44.8,46.45,43.25,43.9,45.45,5837715.0,259530609.25,-0.034103410341034146,-0.034103410341034146,-0.03469850054236222,PASS,2026-04-20T12:14:39Z,D20260420.01
3690.HK,HK,equity,2019-01-09,45.55,46.2,44.3,45.6,43.9,7311038.0,331741981.0,0.03872437357630987,0.03872437357630987,0.0379933964392148,PASS,2026-04-20T12:14:39Z,D20260420.01
3690.HK,HK,equity,2019-01-10,44.95,46.2,44.6,44.95,45.6,5847194.0,265903195.56,-0.014254385964912242,-0.014254385964912242,-0.014356955602711077,PASS,2026-04-20T12:14:39Z,D20260420.01
3690.HK,HK,equity,2019-01-11,45.75,46.2,45.0,45.5,44.95,4624201.0,210225872.25,0.012235817575083408,0.012235817575083408,0.012161565039275435,PASS,2026-04-20T12:14:39Z,D20260420.01
3690.HK,HK,equity,2019-01-14,44.5,45.25,42.95,43.9,45.5,9530176.0,417688287.0,-0.03516483516483515,-0.03516483516483515,-0.035798005875779054,PASS,2026-04-20T12:14:39Z,D20260420.01
3690.HK,HK,equity,2019-01-15,44.0,44.95,42.8,43.75,43.9,5590377.0,244473647.65,-0.003416856492027276,-0.003416856492027276,-0.0034227072775021715,PASS,2026-04-20T12:14:39Z,D20260420.01
3690.HK,HK,equity,2019-01-16,44.25,44.7,43.0,44.6,43.75,10180878.0,448612426.94,0.01942857142857135,0.01942857142857135,0.01924224622239487,PASS,2026-04-20T12:14:39Z,D20260420.01
3690.HK,HK,equity,2019-01-17,44.65,45.35,43.95,44.2,44.6,4152604.0,184735783.35,-0.008968609865470767,-0.008968609865470767,-0.009009069942365857,PASS,2026-04-20T12:14:39Z,D20260420.01
3690.HK,HK,equity,2019-01-18,45.05,46.0,44.7,45.55,44.2,7606369.0,345329959.39,0.030542986425339258,0.030542986425339258,0.030085834622314782,PASS,2026-04-20T12:14:39Z,D20260420.01
3690.HK,HK,equity,2019-01-21,45.55,47.45,44.9,45.65,45.55,7943218.0,365319321.75,0.002195389681668436,0.002195389681668436,0.0021929833350100864,PASS,2026-04-20T12:14:39Z,D20260420.01
3690.HK,HK,equity,2019-01-22,45.6,46.4,42.5,43.9,45.65,6306301.0,275218558.2,-0.03833515881708649,-0.03833515881708649,-0.03908928695985177,PASS,2026-04-20T12:14:39Z,D20260420.01
3690.HK,HK,equity,2019-01-23,43.25,44.1,43.0,43.45,43.9,2731700.0,119200761.17,-0.010250569476081939,-0.010250569476081939,-0.010303468369724554,PASS,2026-04-20T12:14:39Z,D20260420.01
3690.HK,HK,equity,2019-01-24,43.5,44.5,42.6,43.6,43.45,3857606.0,168320016.9,0.0034522439585731313,0.0034522439585731313,0.003446298643587649,PASS,2026-04-20T12:14:39Z,D20260420.01
3690.HK,HK,equity,2019-01-25,44.35,48.45,44.35,47.85,43.6,14030655.0,660519105.42,0.09747706422018343,0.09747706422018343,0.09301396754397458,PASS,2026-04-20T12:14:39Z,D20260420.01
3690.HK,HK,equity,2019-01-28,49.8,50.45,47.0,47.45,47.85,8586835.0,417573031.8,-0.008359456635318674,-0.008359456635318674,-0.008394592843026367,PASS,2026-04-20T12:14:39Z,D20260420.01
3690.HK,HK,equity,2019-01-29,47.3,47.95,46.2,47.5,47.45,5815645.0,274857625.45,0.0010537407797681642,0.0010537407797681642,0.0010531859846586405,PASS,2026-04-20T12:14:39Z,D20260420.01
3690.HK,HK,equity,2019-01-30,48.0,49.35,47.8,49.0,47.5,5523526.0,268014845.8,0.03157894736842115,0.03157894736842115,0.03109058707003118,PASS,2026-04-20T12:14:39Z,D20260420.01
3690.HK,HK,equity,2019-01-31,50.0,53.95,49.5,53.3,49.0,12735987.0,665974217.25,0.08775510204081627,0.08775510204081627,0.0841160330611722,PASS,2026-04-20T12:14:39Z,D20260420.01
3690.HK,HK,equity,2019-02-01,54.0,55.95,51.7,53.8,53.3,14357202.0,775191932.35,0.009380863039399667,0.009380863039399667,0.009337135995939917,PASS,2026-04-20T12:14:39Z,D20260420.01
3690.HK,HK,equity,2019-02-04,53.8,54.95,52.65,54.65,53.8,14578867.0,782172586.615,0.01579925650557623,0.01579925650557623,0.015675747454808858,PASS,2026-04-20T12:14:39Z,D20260420.01
3690.HK,HK,equity,2019-02-08,52.9,58.35,52.9,57.9,54.65,6340228.0,355381223.15,0.059469350411710975,0.059469350411710975,0.05776816995640208,PASS,2026-04-20T12:14:39Z,D20260420.01
3690.HK,HK,equity,2019-02-11,57.85,62.45,57.75,62.4,57.9,11852485.0,724289488.85,0.07772020725388606,0.07772020725388606,0.07484789079643248,PASS,2026-04-20T12:14:39Z,D20260420.01
3690.HK,HK,equity,2019-02-12,63.65,64.2,59.55,59.85,62.4,7408072.0,450658707.75,-0.04086538461538458,-0.04086538461538458,-0.04172384337139979,PASS,2026-04-20T12:14:39Z,D20260420.01
3690.HK,HK,equity,2019-02-13,58.85,60.5,58.6,58.65,59.85,5176071.0,307977301.35,-0.020050125313283207,-0.020050125313283207,-0.020253856904497686,PASS,2026-04-20T12:14:39Z,D20260420.01
3690.HK,HK,equity,2019-02-14,59.0,61.05,58.8,61.0,58.65,5885185.0,354436196.7,0.04006820119352095,0.04006820119352095,0.039286289073826836,PASS,2026-04-20T12:14:39Z,D20260420.01
3690.HK,HK,equity,2019-02-15,60.8,60.8,58.25,58.4,61.0,3537407.0,208847727.35,-0.042622950819672156,-0.042622950819672156,-0.043557974339129904,PASS,2026-04-20T12:14:39Z,D20260420.01
3690.HK,HK,equity,2019-02-18,59.8,60.1,58.2,58.3,58.4,3021256.0,177751673.8,-0.00171232876712335,-0.00171232876712335,-0.0017137964777347416,PASS,2026-04-20T12:14:39Z,D20260420.01
3690.HK,HK,equity,2019-02-19,58.0,58.15,55.3,56.0,58.3,7694804.0,432198233.45,-0.039451114922812947,-0.039451114922812947,-0.040250402621297365,PASS,2026-04-20T12:14:39Z,D20260420.01
3690.HK,HK,equity,2019-02-20,55.05,57.7,55.05,56.75,56.0,2431674.0,137274155.1,0.013392857142857206,0.013392857142857206,0.013303965626362886,PASS,2026-04-20T12:14:39Z,D20260420.01
3690.HK,HK,equity,2019-02-21,58.15,58.8,56.5,58.55,56.75,3996244.0,231823943.1,0.0317180616740087,0.0317180616740087,0.03122543368221419,PASS,2026-04-20T12:14:39Z,D20260420.01
3690.HK,HK,equity,2019-02-22,58.85,59.2,57.85,58.75,58.55,1956099.0,114736166.7,0.0034158838599487318,0.0034158838599487318,0.003410062980541964,PASS,2026-04-20T12:14:39Z,D20260420.01
3690.HK,HK,equity,2019-02-25,58.8,61.5,58.75,61.0,58.75,6529686.0,394480717.25,0.038297872340425476,0.038297872340425476,0.03758271114904285,PASS,2026-04-20T12:14:39Z,D20260420.01
3690.HK,HK,equity,2019-02-26,60.8,62.8,57.25,58.5,61.0,8820682.0,532555925.05,-0.040983606557377095,-0.040983606557377095,-0.04184710993550049,PASS,2026-04-20T12:14:39Z,D20260420.01
3690.HK,HK,equity,2019-02-27,59.25,60.3,57.3,58.9,58.5,6709707.0,392848954.9,0.006837606837606813,0.006837606837606813,0.006814336419730188,PASS,2026-04-20T12:14:39Z,D20260420.01
3690.HK,HK,equity,2019-02-28,59.9,61.6,58.7,60.9,58.9,21518122.0,1306717714.75,0.03395585738539908,0.03395585738539908,0.033392084058310414,PASS,2026-04-20T12:14:39Z,D20260420.01
3690.HK,HK,equity,2019-03-01,60.9,61.4,59.4,60.0,60.9,6779854.0,408256523.7,-0.014778325123152691,-0.014778325123152691,-0.014888612493750637,PASS,2026-04-20T12:14:39Z,D20260420.01
3690.HK,HK,equity,2019-03-04,62.0,62.0,59.2,60.8,60.0,5344838.0,324257615.1,0.013333333333333197,0.013333333333333197,0.013245226750020505,PASS,2026-04-20T12:14:39Z,D20260420.01
3690.HK,HK,equity,2019-03-05,60.8,60.9,59.8,60.85,60.8,6265068.0,377169242.7,0.000822368421052655,0.000822368421052655,0.0008220304614148797,PASS,2026-04-20T12:14:39Z,D20260420.01
3690.HK,HK,equity,2019-03-06,61.95,62.0,60.0,61.2,60.85,5137261.0,314051756.75,0.005751848808545734,0.005751848808545734,0.005735370084744348,PASS,2026-04-20T12:14:39Z,D20260420.01
3690.HK,HK,equity,2019-03-07,61.05,61.5,59.05,59.6,61.2,3929654.0,235673505.6,-0.02614379084967322,-0.02614379084967322,-0.02649161544697634,PASS,2026-04-20T12:14:39Z,D20260420.01
3690.HK,HK,equity,2019-03-08,58.6,59.2,56.35,56.85,59.6,6182989.0,355954323.4,-0.04614093959731547,-0.04614093959731547,-0.04723935387475906,PASS,2026-04-20T12:14:39Z,D20260420.01
3690.HK,HK,equity,2019-03-11,57.95,59.6,56.9,58.9,56.85,5642937.0,331727837.3,0.036059806508355274,0.036059806508355274,0.03542487046099593,PASS,2026-04-20T12:14:39Z,D20260420.01
3690.HK,HK,equity,2019-03-12,56.6,57.1,52.1,52.35,58.9,15973789.0,855558732.65,-0.11120543293718166,-0.11120543293718166,-0.11788915334099516,PASS,2026-04-20T12:14:39Z,D20260420.01
3690.HK,HK,equity,2019-03-13,52.55,52.95,48.0,49.8,52.35,20489600.0,1017703949.15,-0.04871060171919783,-0.04871060171919783,-0.04993695328593875,PASS,2026-04-20T12:14:39Z,D20260420.01
3690.HK,HK,equity,2019-03-14,50.5,50.5,47.0,48.3,49.8,12111085.0,582503653.2,-0.030120481927710885,-0.030120481927710885,-0.030583423372080278,PASS,2026-04-20T12:14:39Z,D20260420.01
3690.HK,HK,equity,2019-03-15,48.75,53.95,48.3,53.95,48.3,19361201.0,1015486954.95,0.11697722567287805,0.11697722567287805,0.11062613104561685,PASS,2026-04-20T12:14:39Z,D20260420.01
3690.HK,HK,equity,2019-03-18,54.7,55.6,52.6,55.35,53.95,10632254.0,583488514.35,0.025949953660797,0.025949953660797,0.025618967450502184,PASS,2026-04-20T12:14:39Z,D20260420.01
3690.HK,HK,equity,2019-03-19,55.6,55.6,51.6,51.95,55.35,6828543.0,361884592.55,-0.061427280939476026,-0.061427280939476026,-0.06339494160940945,PASS,2026-04-20T12:14:39Z,D20260420.01
3690.HK,HK,equity,2019-03-20,51.15,52.35,48.5,50.0,51.95,19510062.0,973102805.5,-0.037536092396535214,-0.037536092396535214,-0.03825871211709043,PASS,2026-04-20T12:14:39Z,D20260420.01
3690.HK,HK,equity,2019-03-21,50.0,50.7,48.3,48.9,50.0,28238299.0,1386985387.5,-0.02200000000000002,-0.02200000000000002,-0.022245608947319737,PASS,2026-04-20T12:14:39Z,D20260420.01
3690.HK,HK,equity,2019-03-22,48.85,50.4,48.2,49.7,48.9,31610750.0,1552140101.5,0.01635991820040905,0.01635991820040905,0.016227536621756754,PASS,2026-04-20T12:14:39Z,D20260420.01
3690.HK,HK,equity,2019-03-25,49.25,50.35,48.25,50.0,49.7,38538990.0,1926428280.8,0.006036217303822866,0.006036217303822866,0.006018072325562945,PASS,2026-04-20T12:14:39Z,D20260420.01
3690.HK,HK,equity,2019-03-26,50.5,50.95,49.6,50.3,50.0,8706001.0,435894835.1,0.006000000000000005,0.006000000000000005,0.005982071677547469,PASS,2026-04-20T12:14:39Z,D20260420.01
3690.HK,HK,equity,2019-03-27,50.8,53.9,50.0,52.5,50.3,19829056.0,1042724389.9,0.04373757455268401,0.04373757455268401,0.04280809249188465,PASS,2026-04-20T12:14:39Z,D20260420.01
3690.HK,HK,equity,2019-03-28,52.85,53.0,51.45,52.0,52.5,26174705.0,1345579816.6,-0.00952380952380949,-0.00952380952380949,-0.009569451016150672,PASS,2026-04-20T12:14:39Z,D20260420.01
3690.HK,HK,equity,2019-03-29,53.25,53.25,51.05,52.9,52.0,11413221.0,600278838.65,0.017307692307692246,0.017307692307692246,0.017159620282826284,PASS,2026-04-20T12:14:39Z,D20260420.01
3690.HK,HK,equity,2019-04-01,53.6,53.8,52.0,52.7,52.9,35261869.0,1814300144.2,-0.003780718336483857,-0.003780718336483857,-0.0037878833169369803,PASS,2026-04-20T12:14:39Z,D20260420.01
3690.HK,HK,equity,2019-04-02,53.4,53.4,51.15,51.75,52.7,9451381.0,490756428.55,-0.018026565464895672,-0.018026565464895672,-0.018191023401838223,PASS,2026-04-20T12:14:39Z,D20260420.01
3690.HK,HK,equity,2019-04-03,50.8,52.4,50.8,52.3,51.75,6391298.0,332120008.14,0.010628019323671412,0.010628019323671412,0.010571938925398677,PASS,2026-04-20T12:14:39Z,D20260420.01
3690.HK,HK,equity,2019-04-04,50.8,52.0,50.8,51.25,52.3,14565369.0,750003643.1,-0.020076481835563986,-0.020076481835563986,-0.020280753052359587,PASS,2026-04-20T12:14:39Z,D20260420.01
3690.HK,HK,equity,2019-04-08,50.9,52.35,50.2,51.8,51.25,18695042.0,961380938.25,0.01073170731707318,0.01073170731707318,0.010674531246919824,PASS,2026-04-20T12:14:39Z,D20260420.01
3690.HK,HK,equity,2019-04-09,51.1,53.3,51.0,53.15,51.8,31836998.0,1665733773.79,0.026061776061776065,0.026061776061776065,0.025727955522519563,PASS,2026-04-20T12:14:39Z,D20260420.01
3690.HK,HK,equity,2019-04-10,53.0,54.2,51.85,53.75,53.15,34969903.0,1866433773.75,0.011288805268109048,0.011288805268109048,0.011225562219815167,PASS,2026-04-20T12:14:39Z,D20260420.01
3690.HK,HK,equity,2019-04-11,53.5,53.85,52.6,53.05,53.75,10453999.0,557023337.35,-0.013023255813953583,-0.013023255813953583,-0.013108801947780134,PASS,2026-04-20T12:14:39Z,D20260420.01
3690.HK,HK,equity,2019-04-12,52.35,53.8,52.35,53.75,53.05,11756069.0,626483561.752,0.013195098963242335,0.013195098963242335,0.013108801947780148,PASS,2026-04-20T12:14:39Z,D20260420.01
3690.HK,HK,equity,2019-04-15,53.5,55.7,53.2,55.15,53.75,28809767.0,1583086426.9,0.026046511627906943,0.026046511627906943,0.025713078691739263,PASS,2026-04-20T12:14:39Z,D20260420.01
3690.HK,HK,equity,2019-04-16,54.95,55.3,54.15,55.3,55.15,18228403.0,1002200415.49,0.0027198549410698547,0.0027198549410698547,0.002716162828777683,PASS,2026-04-20T12:14:39Z,D20260420.01
3690.HK,HK,equity,2019-04-17,54.85,55.3,54.15,55.2,55.3,8471820.0,465894292.95,-0.0018083182640143969,-0.0018083182640143969,-0.001809955245239419,PASS,2026-04-20T12:14:39Z,D20260420.01
3690.HK,HK,equity,2019-04-18,54.65,55.2,54.55,55.2,55.2,9760493.0,536637145.15,0.0,0.0,0.0,PASS,2026-04-20T12:14:39Z,D20260420.01
3690.HK,HK,equity,2019-04-23,55.1,56.75,54.3,56.2,55.2,16705153.0,928435662.45,0.018115942028985588,0.018115942028985588,0.017953803616595845,PASS,2026-04-20T12:14:39Z,D20260420.01
3690.HK,HK,equity,2019-04-24,55.7,57.8,55.7,57.8,56.2,20254128.0,1159775694.66,0.028469750889679624,0.028469750889679624,0.028072018778686307,PASS,2026-04-20T12:14:39Z,D20260420.01
3690.HK,HK,equity,2019-04-25,57.0,57.3,56.0,56.25,57.8,14630035.0,829415502.94,-0.026816608996539704,-0.026816608996539704,-0.02718273459380218,PASS,2026-04-20T12:14:39Z,D20260420.01
3690.HK,HK,equity,2019-04-26,56.0,57.45,56.0,56.8,56.25,11085417.0,631267388.4,0.009777777777777663,0.009777777777777663,0.009730284642576038,PASS,2026-04-20T12:14:39Z,D20260420.01
3690.HK,HK,equity,2019-04-29,56.2,57.2,56.2,56.8,56.8,12634445.0,717215997.0,0.0,0.0,0.0,PASS,2026-04-20T12:14:39Z,D20260420.01
3690.HK,HK,equity,2019-04-30,56.35,57.9,56.35,57.0,56.8,20274663.0,1156575009.74,0.0035211267605634866,0.0035211267605634866,0.003514942107444592,PASS,2026-04-20T12:14:39Z,D20260420.01
3690.HK,HK,equity,2019-05-02,55.9,56.5,54.5,55.15,57.0,14820068.0,823476841.52,-0.03245614035087718,-0.03245614035087718,-0.032994522135038666,PASS,2026-04-20T12:14:39Z,D20260420.01
3690.HK,HK,equity,2019-05-03,54.5,55.6,54.45,55.5,55.15,6911383.0,380239223.5,0.006346328195829587,0.006346328195829587,0.0063262750528773806,PASS,2026-04-20T12:14:39Z,D20260420.01
3690.HK,HK,equity,2019-05-06,52.85,55.45,52.5,55.25,55.5,11191180.0,607420856.6,-0.0045045045045044585,-0.0045045045045044585,-0.004514680354526583,PASS,2026-04-20T12:14:39Z,D20260420.01
3690.HK,HK,equity,2019-05-07,55.0,57.5,54.55,56.8,55.25,18552516.0,1055177643.72,0.028054298642533837,0.028054298642533837,0.02766798532924337,PASS,2026-04-20T12:14:39Z,D20260420.01
3690.HK,HK,equity,2019-05-08,56.0,59.1,56.0,57.6,56.8,21484556.0,1240249763.6,0.014084507042253502,0.014084507042253502,0.01398624197473987,PASS,2026-04-20T12:14:39Z,D20260420.01
3690.HK,HK,equity,2019-05-09,56.7,58.0,56.7,57.3,57.6,16092475.0,922316968.17,-0.00520833333333337,-0.00520833333333337,-0.0052219439811517126,PASS,2026-04-20T12:14:39Z,D20260420.01
3690.HK,HK,equity,2019-05-10,57.7,59.6,57.7,58.95,57.3,31844926.0,1879842508.0,0.028795811518324665,0.028795811518324665,0.02838900326268611,PASS,2026-04-20T12:14:39Z,D20260420.01
3690.HK,HK,equity,2019-05-14,57.75,58.75,56.45,58.3,58.95,24633353.0,1418314026.27,-0.011026293469041604,-0.011026293469041604,-0.011087533626933283,PASS,2026-04-20T12:14:39Z,D20260420.01
3690.HK,HK,equity,2019-05-15,58.6,60.25,58.2,60.2,58.3,33045569.0,1969626651.494,0.032590051457976,0.032590051457976,0.03207025895832867,PASS,2026-04-20T12:14:39Z,D20260420.01
3690.HK,HK,equity,2019-05-16,59.85,60.5,58.3,60.0,60.2,53062902.0,3188152124.45,-0.0033222591362126463,-0.0033222591362126463,-0.003327790092674691,PASS,2026-04-20T12:14:39Z,D20260420.01
3690.HK,HK,equity,2019-05-17,60.5,64.6,60.0,61.85,60.0,61806576.0,3844316401.04,0.030833333333333268,0.030833333333333268,0.030367536616396157,PASS,2026-04-20T12:14:39Z,D20260420.01
3690.HK,HK,equity,2019-05-20,62.45,62.75,60.7,61.45,61.85,31610537.0,1945968851.58,-0.006467259498787348,-0.006467259498787348,-0.006488262826453037,PASS,2026-04-20T12:14:39Z,D20260420.01
3690.HK,HK,equity,2019-05-21,60.8,61.4,59.65,60.45,61.45,33983861.0,2061779029.48,-0.016273393002441017,-0.016273393002441017,-0.016407258951242155,PASS,2026-04-20T12:14:39Z,D20260420.01
3690.HK,HK,equity,2019-05-22,60.15,61.9,58.4,61.7,60.45,16317041.0,984616888.8,0.02067824648469818,0.02067824648469818,0.02046735385054053,PASS,2026-04-20T12:14:39Z,D20260420.01
3690.HK,HK,equity,2019-05-23,60.85,61.05,57.0,58.15,61.7,23684467.0,1395415993.9,-0.057536466774716466,-0.057536466774716466,-0.0592580519466688,PASS,2026-04-20T12:14:39Z,D20260420.01
3690.HK,HK,equity,2019-05-24,57.15,61.45,57.15,61.0,58.15,32142192.0,1941331431.7,0.049011177987962284,0.049011177987962284,0.04784798520863793,PASS,2026-04-20T12:14:39Z,D20260420.01
3690.HK,HK,equity,2019-05-27,62.3,62.4,60.15,60.8,61.0,21740717.0,1329900469.45,-0.003278688524590234,-0.003278688524590234,-0.003284075201189996,PASS,2026-04-20T12:14:39Z,D20260420.01
3690.HK,HK,equity,2019-05-28,61.25,61.25,59.2,61.1,60.8,63190747.0,3838330122.95,0.00493421052631593,0.00493421052631593,0.004922077205428455,PASS,2026-04-20T12:14:39Z,D20260420.01
3690.HK,HK,equity,2019-05-29,60.25,61.2,59.55,60.9,61.1,36319595.0,2211363603.39,-0.00327332242225864,-0.00327332242225864,-0.003278691461698347,PASS,2026-04-20T12:14:39Z,D20260420.01
3690.HK,HK,equity,2019-05-30,61.0,61.25,59.5,60.05,60.9,11738237.0,707088301.85,-0.013957307060755375,-0.013957307060755375,-0.014055626189858832,PASS,2026-04-20T12:14:39Z,D20260420.01
3690.HK,HK,equity,2019-05-31,61.85,61.85,60.0,60.55,60.05,13840060.0,840033839.65,0.008326394671107407,0.008326394671107407,0.008291921473108707,PASS,2026-04-20T12:14:39Z,D20260420.01
3690.HK,HK,equity,2019-06-03,60.2,60.5,59.4,60.35,60.55,8568959.0,515317210.7,-0.003303055326176696,-0.003303055326176696,-0.0033085224555607327,PASS,2026-04-20T12:14:39Z,D20260420.01
3690.HK,HK,equity,2019-06-04,59.85,60.0,57.0,58.0,60.35,13152006.0,770291324.37,-0.03893951946975971,-0.03893951946975971,-0.039717936997121145,PASS,2026-04-20T12:14:39Z,D20260420.01
3690.HK,HK,equity,2019-06-05,59.15,60.0,58.65,59.65,58.0,12042759.0,717257721.65,0.028448275862068995,0.028448275862068995,0.02805113799750581,PASS,2026-04-20T12:14:39Z,D20260420.01
3690.HK,HK,equity,2019-06-06,59.65,60.3,59.5,59.65,59.65,16157212.0,968044583.55,0.0,0.0,0.0,PASS,2026-04-20T12:14:39Z,D20260420.01
3690.HK,HK,equity,2019-06-10,59.75,60.85,59.75,60.2,59.65,13508055.0,813718481.25,0.009220452640402499,0.009220452640402499,0.009178203770850385,PASS,2026-04-20T12:14:39Z,D20260420.01
3690.HK,HK,equity,2019-06-11,60.45,61.8,60.25,61.3,60.2,30595369.0,1874670537.3,0.018272425249169277,0.018272425249169277,0.018107490627390206,PASS,2026-04-20T12:14:39Z,D20260420.01
3690.HK,HK,equity,2019-06-12,60.3,62.7,59.2,61.3,61.3,20333947.0,1252564675.75,0.0,0.0,0.0,PASS,2026-04-20T12:14:39Z,D20260420.01
3690.HK,HK,equity,2019-06-13,61.8,62.2,61.15,61.5,61.3,12385321.0,764078083.0,0.0032626427406199365,0.0032626427406199365,0.003257331870306505,PASS,2026-04-20T12:14:39Z,D20260420.01
3690.HK,HK,equity,2019-06-14,62.1,62.1,59.5,61.0,61.5,14119496.0,859065846.644,-0.008130081300813052,-0.008130081300813052,-0.008163310639160981,PASS,2026-04-20T12:14:39Z,D20260420.01
3690.HK,HK,equity,2019-06-17,60.2,61.7,60.2,61.05,61.0,10110593.0,616616181.05,0.0008196721311475308,0.0008196721311475308,0.0008193363834024275,PASS,2026-04-20T12:14:39Z,D20260420.01
3690.HK,HK,equity,2019-06-18,60.5,61.85,60.0,61.3,61.05,19385679.0,1187219921.89,0.004095004095004073,0.004095004095004073,0.004086642385452008,PASS,2026-04-20T12:14:39Z,D20260420.01
3690.HK,HK,equity,2019-06-19,62.0,62.55,61.15,62.45,61.3,29876592.0,1861267867.088,0.01876019575856458,0.01876019575856458,0.018586393629421105,PASS,2026-04-20T12:14:39Z,D20260420.01
3690.HK,HK,equity,2019-06-20,62.2,62.95,61.8,62.7,62.45,38370544.0,2395834577.25,0.004003202562049557,0.004003202562049557,0.003995211067288247,PASS,2026-04-20T12:14:39Z,D20260420.01
3690.HK,HK,equity,2019-06-21,62.55,65.2,62.45,64.3,62.7,152072807.0,9769731071.255,0.02551834130781483,0.02551834130781483,0.025198183604698533,PASS,2026-04-20T12:14:39Z,D20260420.01
3690.HK,HK,equity,2019-06-24,63.65,64.2,62.75,63.75,64.3,20324507.0,1300236241.79,-0.008553654743390315,-0.008553654743390315,-0.008590447205038133,PASS,2026-04-20T12:14:39Z,D20260420.01
3690.HK,HK,equity,2019-06-25,64.0,64.05,62.95,63.6,63.75,9355148.0,595510155.05,-0.0023529411764705577,-0.0023529411764705577,-0.0023557136924590365,PASS,2026-04-20T12:14:39Z,D20260420.01
3690.HK,HK,equity,2019-06-26,63.6,64.8,63.1,64.35,63.6,14358058.0,920481215.2,0.011792452830188482,0.011792452830188482,0.011723463696059014,PASS,2026-04-20T12:14:39Z,D20260420.01
3690.HK,HK,equity,2019-06-27,64.3,68.95,64.3,68.5,64.35,35694681.0,2392386385.25,0.06449106449106456,0.06449106449106456,0.062496811226044,PASS,2026-04-20T12:14:39Z,D20260420.01
3690.HK,HK,equity,2019-06-28,69.05,69.35,67.65,68.5,68.5,25251530.0,1722751238.79,0.0,0.0,0.0,PASS,2026-04-20T12:14:39Z,D20260420.01
3690.HK,HK,equity,2019-07-02,68.5,70.05,68.3,69.25,68.5,30128642.0,2086326527.8,0.010948905109489093,0.010948905109489093,0.010889399799268317,PASS,2026-04-20T12:14:39Z,D20260420.01
3690.HK,HK,equity,2019-07-03,69.25,69.25,67.9,68.8,69.25,14705242.0,1008803835.538,-0.006498194945848468,-0.006498194945848468,-0.0065194001281499965,PASS,2026-04-20T12:14:39Z,D20260420.01
3690.HK,HK,equity,2019-07-04,68.9,70.5,68.3,70.0,68.8,20880309.0,1458213963.93,0.01744186046511631,0.01744186046511631,0.017291497110061043,PASS,2026-04-20T12:14:39Z,D20260420.01
3690.HK,HK,equity,2019-07-05,70.1,70.1,69.0,69.1,70.0,8020760.0,556352601.25,-0.0128571428571429,-0.0128571428571429,-0.01294051127573482,PASS,2026-04-20T12:14:39Z,D20260420.01
3690.HK,HK,equity,2019-07-08,69.0,69.0,67.25,68.65,69.1,10175769.0,694840730.65,-0.0065123010130244685,-0.0065123010130244685,-0.006533598559644022,PASS,2026-04-20T12:14:39Z,D20260420.01
3690.HK,HK,equity,2019-07-09,67.5,68.1,65.75,68.0,68.65,11639925.0,780921415.1,-0.009468317552804195,-0.009468317552804195,-0.009513427037873475,PASS,2026-04-20T12:14:39Z,D20260420.01
3690.HK,HK,equity,2019-07-10,69.1,69.1,66.45,67.45,68.0,10079576.0,678033714.85,-0.008088235294117618,-0.008088235294117618,-0.008121122522341782,PASS,2026-04-20T12:14:39Z,D20260420.01
3690.HK,HK,equity,2019-07-11,67.45,67.95,65.55,66.0,67.45,18408072.0,1216977372.8,-0.021497405485544907,-0.021497405485544907,-0.021731840627339405,PASS,2026-04-20T12:14:39Z,D20260420.01
3690.HK,HK,equity,2019-07-12,65.75,66.9,64.95,65.0,66.0,9304511.0,609507950.2,-0.015151515151515138,-0.015151515151515138,-0.01526747213078842,PASS,2026-04-20T12:14:39Z,D20260420.01
3690.HK,HK,equity,2019-07-15,64.5,65.25,62.9,65.05,65.0,15651895.0,999753345.15,0.0007692307692306333,0.0007692307692306333,0.0007689350628770347,PASS,2026-04-20T12:14:39Z,D20260420.01
3690.HK,HK,equity,2019-07-16,65.0,65.0,63.8,64.5,65.05,9335441.0,601874249.9,-0.008455034588777832,-0.008455034588777832,-0.008490981156787444,PASS,2026-04-20T12:14:39Z,D20260420.01
3690.HK,HK,equity,2019-07-17,63.65,65.8,63.3,65.75,64.5,9037281.0,586083062.0,0.019379844961240345,0.019379844961240345,0.01919444725614716,PASS,2026-04-20T12:14:39Z,D20260420.01
3690.HK,HK,equity,2019-07-18,65.0,65.8,64.7,65.55,65.75,5198008.0,340026103.35,-0.003041825095057127,-0.003041825095057127,-0.0030464608481651765,PASS,2026-04-20T12:14:39Z,D20260420.01
3690.HK,HK,equity,2019-07-19,65.25,68.0,64.25,67.25,65.55,13608634.0,905622327.35,0.02593440122044255,0.02593440122044255,0.025603808272239775,PASS,2026-04-20T12:14:39Z,D20260420.01
3690.HK,HK,equity,2019-07-22,66.65,66.85,65.0,65.6,67.25,9256578.0,609412825.95,-0.024535315985130146,-0.024535315985130146,-0.024841322531905165,PASS,2026-04-20T12:14:39Z,D20260420.01
3690.HK,HK,equity,2019-07-23,66.0,66.1,64.05,65.05,65.6,9154604.0,593924957.23,-0.008384146341463339,-0.008384146341463339,-0.008419490991529,PASS,2026-04-20T12:14:39Z,D20260420.01
3690.HK,HK,equity,2019-07-24,65.55,67.0,65.35,65.75,65.05,7020274.0,463856094.0,0.010760953112989968,0.010760953112989968,0.010703466099359613,PASS,2026-04-20T12:14:39Z,D20260420.01
3690.HK,HK,equity,2019-07-25,65.95,66.0,64.9,65.3,65.75,6931545.0,453504635.0,-0.006844106463878341,-0.006844106463878341,-0.006867634775488569,PASS,2026-04-20T12:14:39Z,D20260420.01
3690.HK,HK,equity,2019-07-26,65.0,65.5,64.2,64.8,65.3,5999055.0,388102980.832,-0.007656967840735107,-0.007656967840735107,-0.007686432924156406,PASS,2026-04-20T12:14:39Z,D20260420.01
3690.HK,HK,equity,2019-07-29,64.0,65.4,63.85,64.95,64.8,8682965.0,562065204.25,0.0023148148148148806,0.0023148148148148806,0.0023121397583796004,PASS,2026-04-20T12:14:39Z,D20260420.01
3690.HK,HK,equity,2019-07-30,65.0,66.45,64.2,64.75,64.95,8932321.0,580678644.2,-0.003079291762894565,-0.003079291762894565,-0.003084042536961445,PASS,2026-04-20T12:14:39Z,D20260420.01
3690.HK,HK,equity,2019-07-31,64.0,64.55,63.35,63.95,64.75,10730690.0,689226910.59,-0.012355212355212308,-0.012355212355212308,-0.012432172554795387,PASS,2026-04-20T12:14:39Z,D20260420.01
3690.HK,HK,equity,2019-08-01,63.95,66.8,63.65,66.45,63.95,12968925.0,851498774.65,0.03909304143862391,0.03909304143862391,0.038348257134402625,PASS,2026-04-20T12:14:39Z,D20260420.01
3690.HK,HK,equity,2019-08-02,65.1,65.2,63.4,63.9,66.45,21872163.0,1408548186.25,-0.038374717832957206,-0.038374717832957206,-0.03913042377576532,PASS,2026-04-20T12:14:39Z,D20260420.01
3690.HK,HK,equity,2019-08-05,63.5,63.9,60.9,62.15,63.9,21516471.0,1335237964.707,-0.027386541471048464,-0.027386541471048464,-0.02776854342676895,PASS,2026-04-20T12:14:39Z,D20260420.01
3690.HK,HK,equity,2019-08-06,59.15,62.25,59.15,61.6,62.15,24736543.0,1495273279.25,-0.008849557522123797,-0.008849557522123797,-0.008888947417245928,PASS,2026-04-20T12:14:39Z,D20260420.01
3690.HK,HK,equity,2019-08-07,62.3,62.35,60.5,61.35,61.6,10634711.0,652235018.4,-0.0040584415584415945,-0.0040584415584415945,-0.004066699382553686,PASS,2026-04-20T12:14:39Z,D20260420.01
3690.HK,HK,equity,2019-08-08,61.0,63.1,61.0,62.5,61.35,9681334.0,605557997.69,0.018744906275468542,0.018744906275468542,0.018571385585435293,PASS,2026-04-20T12:14:39Z,D20260420.01
3690.HK,HK,equity,2019-08-09,63.0,64.5,62.0,63.5,62.5,10146663.0,643771932.35,0.016000000000000014,0.016000000000000014,0.015873349156290163,PASS,2026-04-20T12:14:39Z,D20260420.01
3690.HK,HK,equity,2019-08-12,63.45,64.15,62.7,63.65,63.5,9387494.0,598097424.55,0.0023622047244094,0.0023622047244094,0.002359419104769514,PASS,2026-04-20T12:14:39Z,D20260420.01
3690.HK,HK,equity,2019-08-13,63.6,64.0,62.05,62.35,63.65,8126546.0,509796225.69,-0.0204241948153967,-0.0204241948153967,-0.02063565287737007,PASS,2026-04-20T12:14:39Z,D20260420.01
3690.HK,HK,equity,2019-08-14,63.0,64.2,63.0,63.7,62.35,16122341.0,1026195017.94,0.02165196471531683,0.02165196471531683,0.021420890452072273,PASS,2026-04-20T12:14:39Z,D20260420.01
3690.HK,HK,equity,2019-08-15,62.5,65.25,62.25,65.0,63.7,14884737.0,956267945.2,0.020408163265306145,0.020408163265306145,0.02020270731751947,PASS,2026-04-20T12:14:39Z,D20260420.01
3690.HK,HK,equity,2019-08-16,65.15,67.0,65.15,66.15,65.0,23426251.0,1549154638.98,0.017692307692307674,0.017692307692307674,0.01753762066532756,PASS,2026-04-20T12:14:39Z,D20260420.01
3690.HK,HK,equity,2019-08-19,66.8,69.4,66.6,69.25,66.15,33792172.0,2322496132.09,0.04686318972033243,0.04686318972033243,0.04579825450648305,PASS,2026-04-20T12:14:39Z,D20260420.01
3690.HK,HK,equity,2019-08-20,68.45,69.6,67.9,68.95,69.25,13029393.0,898244551.04,-0.0043321299638988675,-0.0043321299638988675,-0.004341540828137013,PASS,2026-04-20T12:14:39Z,D20260420.01
3690.HK,HK,equity,2019-08-21,69.2,69.5,68.0,68.75,68.95,14345837.0,986635185.0,-0.0029006526468455807,-0.0029006526468455807,-0.0029048676926301848,PASS,2026-04-20T12:14:39Z,D20260420.01
3690.HK,HK,equity,2019-08-22,68.75,70.25,68.75,70.1,68.75,29389615.0,2052689429.49,0.019636363636363452,0.019636363636363452,0.01944605749386355,PASS,2026-04-20T12:14:39Z,D20260420.01
3690.HK,HK,equity,2019-08-23,69.15,70.05,68.55,70.0,70.1,18152829.0,1258186814.5,-0.0014265335235377208,-0.0014265335235377208,-0.001427551991185335,PASS,2026-04-20T12:14:39Z,D20260420.01
3690.HK,HK,equity,2019-08-26,74.0,77.0,72.55,76.2,70.0,89445215.0,6688250521.8,0.08857142857142852,0.08857142857142852,0.08486622064324156,PASS,2026-04-20T12:14:39Z,D20260420.01
3690.HK,HK,equity,2019-08-27,76.6,76.85,74.7,75.0,76.2,29432576.0,2225610571.98,-0.015748031496063075,-0.015748031496063075,-0.015873349156290233,PASS,2026-04-20T12:14:39Z,D20260420.01
3690.HK,HK,equity,2019-08-28,75.5,75.85,73.8,74.8,75.0,14263087.0,1067374613.856,-0.002666666666666706,-0.002666666666666706,-0.0026702285558789208,PASS,2026-04-20T12:14:39Z,D20260420.01
3690.HK,HK,equity,2019-08-29,75.2,75.9,74.15,74.65,74.8,12924786.0,966285933.65,-0.002005347593582729,-0.002005347593582729,-0.002007360995232008,PASS,2026-04-20T12:14:39Z,D20260420.01
3690.HK,HK,equity,2019-08-30,73.85,75.1,72.6,74.35,74.65,19349446.0,1430938746.28,-0.004018754186202456,-0.004018754186202456,-0.004026851079035491,PASS,2026-04-20T12:14:39Z,D20260420.01
3690.HK,HK,equity,2019-09-02,73.75,74.3,72.7,74.05,74.35,18203157.0,1342127637.6,-0.004034969737726879,-0.004034969737726879,-0.004043132192356203,PASS,2026-04-20T12:14:39Z,D20260420.01
3690.HK,HK,equity,2019-09-03,74.4,74.4,72.95,73.55,74.05,7960222.0,584203977.3,-0.006752194463200523,-0.006752194463200523,-0.006775093666361247,PASS,2026-04-20T12:14:39Z,D20260420.01
3690.HK,HK,equity,2019-09-04,73.1,75.0,72.7,74.05,73.55,16037852.0,1182842621.29,0.00679809653297081,0.00679809653297081,0.006775093666361306,PASS,2026-04-20T12:14:39Z,D20260420.01
3690.HK,HK,equity,2019-09-05,74.4,74.4,72.8,73.55,74.05,14418173.0,1057065911.45,-0.006752194463200523,-0.006752194463200523,-0.006775093666361247,PASS,2026-04-20T12:14:39Z,D20260420.01
3690.HK,HK,equity,2019-09-06,74.4,74.4,72.8,73.75,73.55,16909859.0,1240416304.08,0.002719238613188235,0.002719238613188235,0.0027155481724826097,PASS,2026-04-20T12:14:39Z,D20260420.01
3690.HK,HK,equity,2019-09-09,73.8,73.9,71.9,72.45,73.75,14719316.0,1068144589.4,-0.01762711864406774,-0.01762711864406774,-0.017784326453237763,PASS,2026-04-20T12:14:39Z,D20260420.01
3690.HK,HK,equity,2019-09-10,71.75,72.0,69.85,70.3,72.45,31181310.0,2193161184.75,-0.029675638371290614,-0.029675638371290614,-0.030124869950072235,PASS,2026-04-20T12:14:39Z,D20260420.01
3690.HK,HK,equity,2019-09-11,70.3,72.15,70.1,71.6,70.3,20733611.0,1481545409.8,0.01849217638691325,0.01849217638691325,0.018323275149980733,PASS,2026-04-20T12:14:39Z,D20260420.01
3690.HK,HK,equity,2019-09-12,72.45,72.95,71.5,72.2,71.6,9668264.0,698651118.15,0.008379888268156499,0.008379888268156499,0.008344971932180688,PASS,2026-04-20T12:14:39Z,D20260420.01
3690.HK,HK,equity,2019-09-13,72.55,75.15,71.9,73.6,72.2,22783233.0,1683094667.55,0.01939058171745134,0.01939058171745134,0.019204979836049827,PASS,2026-04-20T12:14:39Z,D20260420.01
3690.HK,HK,equity,2019-09-16,73.25,73.75,71.6,72.3,73.6,23549767.0,1714333898.3,-0.017663043478260865,-0.017663043478260865,-0.017820896570111548,PASS,2026-04-20T12:14:39Z,D20260420.01
3690.HK,HK,equity,2019-09-17,72.5,72.75,71.15,72.0,72.3,7196364.0,517742318.16,-0.004149377593360981,-0.004149377593360981,-0.004158010148663677,PASS,2026-04-20T12:14:39Z,D20260420.01
3690.HK,HK,equity,2019-09-18,73.05,75.4,72.7,75.4,72.0,31800819.0,2366319375.49,0.047222222222222276,0.047222222222222276,0.04614115599785513,PASS,2026-04-20T12:14:39Z,D20260420.01
3690.HK,HK,equity,2019-09-19,76.25,76.9,74.9,75.3,75.4,20945123.0,1581177441.45,-0.0013262599469496816,-0.0013262599469496816,-0.0013271402080625746,PASS,2026-04-20T12:14:39Z,D20260420.01
3690.HK,HK,equity,2019-09-20,75.55,77.7,74.6,77.5,75.3,26008639.0,1991612563.25,0.02921646746347939,0.02921646746347939,0.028797801553453392,PASS,2026-04-20T12:14:39Z,D20260420.01
3690.HK,HK,equity,2019-09-23,76.95,77.05,75.4,76.05,77.5,21538931.0,1643355253.5,-0.01870967741935492,-0.01870967741935492,-0.01888691765399953,PASS,2026-04-20T12:14:39Z,D20260420.01
3690.HK,HK,equity,2019-09-24,76.75,78.6,76.35,78.25,76.05,39508283.0,3050230195.25,0.028928336620644313,0.028928336620644313,0.028517810714960738,PASS,2026-04-20T12:14:39Z,D20260420.01
3690.HK,HK,equity,2019-09-25,77.7,80.1,77.55,79.5,78.25,24436456.0,1940364730.11,0.015974440894568787,0.015974440894568787,0.015848192240023713,PASS,2026-04-20T12:14:39Z,D20260420.01
3690.HK,HK,equity,2019-09-26,81.0,81.1,78.4,79.65,79.5,19871441.0,1578972671.15,0.0018867924528302993,0.0018867924528302993,0.0018850146957714257,PASS,2026-04-20T12:14:39Z,D20260420.01
3690.HK,HK,equity,2019-09-27,79.6,81.4,79.0,81.0,79.65,30693195.0,2458227991.23,0.016949152542372836,0.016949152542372836,0.01680711831638119,PASS,2026-04-20T12:14:39Z,D20260420.01
3690.HK,HK,equity,2019-09-30,80.15,81.05,78.8,80.1,81.0,21639095.0,1727532837.07,-0.011111111111111183,-0.011111111111111183,-0.011173300598125302,PASS,2026-04-20T12:14:39Z,D20260420.01
3690.HK,HK,equity,2019-10-02,79.55,82.0,79.45,81.5,80.1,16599934.0,1346371617.1,0.017478152309613026,0.017478152309613026,0.01732716617250353,PASS,2026-04-20T12:14:39Z,D20260420.01
3690.HK,HK,equity,2019-10-03,82.0,83.0,81.1,82.4,81.5,21877932.0,1790590984.9,0.011042944785276232,0.011042944785276232,0.010982416668609147,PASS,2026-04-20T12:14:39Z,D20260420.01
3690.HK,HK,equity,2019-10-04,82.85,85.05,82.05,84.7,82.4,31287712.0,2624376634.92,0.027912621359223344,0.027912621359223344,0.027530164742582738,PASS,2026-04-20T12:14:39Z,D20260420.01
3690.HK,HK,equity,2019-10-08,85.25,89.25,84.9,89.0,84.7,36749893.0,3237614723.98,0.050767414403777966,0.050767414403777966,0.04952076807413106,PASS,2026-04-20T12:14:39Z,D20260420.01
3690.HK,HK,equity,2019-10-09,88.55,89.55,86.8,89.45,89.0,23667266.0,2085312215.77,0.0050561797752808335,0.0050561797752808335,0.0050434402225882635,PASS,2026-04-20T12:14:39Z,D20260420.01
3690.HK,HK,equity,2019-10-10,88.6,93.65,88.5,91.15,89.45,28544676.0,2609150898.807,0.019005030743432183,0.019005030743432183,0.018826691169943975,PASS,2026-04-20T12:14:39Z,D20260420.01
3690.HK,HK,equity,2019-10-11,91.0,91.0,87.4,88.45,91.15,40424956.0,3603346486.61,-0.029621503017004946,-0.029621503017004946,-0.030069080518877772,PASS,2026-04-20T12:14:39Z,D20260420.01
3690.HK,HK,equity,2019-10-14,87.5,88.7,85.9,88.0,88.45,24041618.0,2101634796.902,-0.005087620124364034,-0.005087620124364034,-0.005100606127587797,PASS,2026-04-20T12:14:39Z,D20260420.01
3690.HK,HK,equity,2019-10-15,87.5,91.2,87.1,90.75,88.0,22096289.0,1988901674.833,0.03125,0.03125,0.030771658666753687,PASS,2026-04-20T12:14:39Z,D20260420.01
3690.HK,HK,equity,2019-10-16,90.25,90.8,88.4,90.45,90.75,13823160.0,1242693475.74,-0.0033057851239669533,-0.0033057851239669533,-0.0033112613036560315,PASS,2026-04-20T12:14:39Z,D20260420.01
3690.HK,HK,equity,2019-10-17,90.75,93.45,89.2,90.9,90.45,18668368.0,1706260815.01,0.004975124378109541,0.004975124378109541,0.004962789342129097,PASS,2026-04-20T12:14:39Z,D20260420.01
3690.HK,HK,equity,2019-10-18,89.95,93.2,89.95,92.75,90.9,15181872.0,1396763171.018,0.020352035203520247,0.020352035203520247,0.02014770030411127,PASS,2026-04-20T12:14:39Z,D20260420.01
3690.HK,HK,equity,2019-10-21,93.55,97.4,93.25,96.75,92.75,28708708.0,2758425923.22,0.043126684636118684,0.043126684636118684,0.04222263042234675,PASS,2026-04-20T12:14:39Z,D20260420.01
3690.HK,HK,equity,2019-10-22,95.65,95.75,89.95,90.55,96.75,29228808.0,2697635232.05,-0.06408268733850131,-0.06408268733850131,-0.06622814758046881,PASS,2026-04-20T12:14:39Z,D20260420.01
3690.HK,HK,equity,2019-10-23,89.85,91.5,87.55,89.0,90.55,28268574.0,2533748646.642,-0.01711761457758143,-0.01711761457758143,-0.017265814597282533,PASS,2026-04-20T12:14:39Z,D20260420.01
3690.HK,HK,equity,2019-10-24,89.85,90.3,87.85,88.6,89.0,18666203.0,1654016343.74,-0.004494382022471988,-0.004494382022471988,-0.004504512121104653,PASS,2026-04-20T12:14:39Z,D20260420.01
3690.HK,HK,equity,2019-10-25,88.15,92.5,88.15,90.55,88.6,18215274.0,1660904142.99,0.02200902934537252,0.02200902934537252,0.021770326718387186,PASS,2026-04-20T12:14:39Z,D20260420.01
3690.HK,HK,equity,2019-10-28,92.8,97.15,92.5,93.7,90.55,38486205.0,3656477502.72,0.03478741027056875,0.03478741027056875,0.03419600491495412,PASS,2026-04-20T12:14:39Z,D20260420.01
3690.HK,HK,equity,2019-10-29,93.45,93.9,90.6,92.0,93.7,26328764.0,2436060729.34,-0.018143009605122717,-0.018143009605122717,-0.01830961219533618,PASS,2026-04-20T12:14:39Z,D20260420.01
3690.HK,HK,equity,2019-10-30,91.4,94.15,91.1,94.0,92.0,20547096.0,1914321540.715,0.021739130434782705,0.021739130434782705,0.021506205220963682,PASS,2026-04-20T12:14:39Z,D20260420.01
3690.HK,HK,equity,2019-10-31,93.6,96.1,93.15,93.65,94.0,19955274.0,1889609034.65,-0.0037234042553191404,-0.0037234042553191404,-0.0037303533799063677,PASS,2026-04-20T12:14:39Z,D20260420.01
3690.HK,HK,equity,2019-11-01,94.15,94.4,92.1,93.8,93.65,13496191.0,1257077351.33,0.0016017084890549427,0.0016017084890549427,0.001600427122081421,PASS,2026-04-20T12:14:39Z,D20260420.01
3690.HK,HK,equity,2019-11-04,94.8,99.25,93.9,98.4,93.8,27999815.0,2711546733.05,0.049040511727078906,0.049040511727078906,0.047875948046028766,PASS,2026-04-20T12:14:39Z,D20260420.01
3690.HK,HK,equity,2019-11-05,98.5,100.0,95.8,97.15,98.4,31135892.0,3030970316.121,-0.012703252032520318,-0.012703252032520318,-0.012784628234758639,PASS,2026-04-20T12:14:39Z,D20260420.01
3690.HK,HK,equity,2019-11-06,97.6,97.7,96.05,96.6,97.15,17987208.0,1741579910.06,-0.005661348430262558,-0.005661348430262558,-0.005677434604976859,PASS,2026-04-20T12:14:39Z,D20260420.01
3690.HK,HK,equity,2019-11-07,97.0,99.0,96.15,98.5,96.6,23915467.0,2339855416.13,0.019668737060041463,0.019668737060041463,0.01947780695957094,PASS,2026-04-20T12:14:39Z,D20260420.01
3690.HK,HK,equity,2019-11-08,97.6,97.6,93.2,94.6,98.5,31777567.0,3011053843.6,-0.039593908629441676,-0.039593908629441676,-0.04039907212021066,PASS,2026-04-20T12:14:39Z,D20260420.01
3690.HK,HK,equity,2019-11-11,93.75,93.8,91.0,91.35,94.6,25487094.0,2353279895.82,-0.034355179704016914,-0.034355179704016914,-0.034959193233816875,PASS,2026-04-20T12:14:39Z,D20260420.01
3690.HK,HK,equity,2019-11-12,92.0,95.65,92.0,95.5,91.35,19863000.0,1871597026.64,0.04542966611932142,0.04542966611932142,0.04442796466266897,PASS,2026-04-20T12:14:39Z,D20260420.01
3690.HK,HK,equity,2019-11-13,95.0,96.3,94.2,95.05,95.5,11302062.0,1075392170.83,-0.0047120418848167755,-0.0047120418848167755,-0.004723178552246417,PASS,2026-04-20T12:14:39Z,D20260420.01
3690.HK,HK,equity,2019-11-14,96.0,96.0,93.55,93.75,95.05,11676331.0,1106614932.98,-0.01367701209889527,-0.01367701209889527,-0.013771404083917922,PASS,2026-04-20T12:14:39Z,D20260420.01
3690.HK,HK,equity,2019-11-15,94.0,97.2,93.8,96.85,93.75,19431007.0,1860921413.3,0.03306666666666658,0.03306666666666658,0.0325317250024846,PASS,2026-04-20T12:14:39Z,D20260420.01
3690.HK,HK,equity,2019-11-18,96.1,97.8,96.1,97.65,96.85,11899480.0,1156988754.29,0.00826019617965934,0.00826019617965934,0.00822626746968313,PASS,2026-04-20T12:14:39Z,D20260420.01
3690.HK,HK,equity,2019-11-19,96.65,96.95,94.8,96.0,97.65,16938955.0,1630024893.84,-0.016897081413210557,-0.016897081413210557,-0.017041465854851817,PASS,2026-04-20T12:14:39Z,D20260420.01
3690.HK,HK,equity,2019-11-20,95.55,97.7,94.35,97.3,96.0,11958536.0,1151679796.55,0.013541666666666563,0.013541666666666563,0.013450797724123038,PASS,2026-04-20T12:14:39Z,D20260420.01
3690.HK,HK,equity,2019-11-21,95.6,95.85,90.8,91.9,97.3,34271134.0,3175657480.45,-0.05549845837615608,-0.05549845837615608,-0.05709795983031787,PASS,2026-04-20T12:14:39Z,D20260420.01
3690.HK,HK,equity,2019-11-22,101.3,103.5,98.0,98.05,91.9,75214905.0,7496876475.05,0.06692056583242656,0.06692056583242656,0.06477652328071393,PASS,2026-04-20T12:14:39Z,D20260420.01
3690.HK,HK,equity,2019-11-25,100.0,100.8,98.05,98.3,98.05,24765281.0,2453083345.35,0.0025497195308517018,0.0025497195308517018,0.002546474510765678,PASS,2026-04-20T12:14:39Z,D20260420.01
3690.HK,HK,equity,2019-11-26,98.75,101.2,97.65,100.8,98.3,35316746.0,3538563973.87,0.025432349949135347,0.025432349949135347,0.02511432848414742,PASS,2026-04-20T12:14:39Z,D20260420.01
3690.HK,HK,equity,2019-11-27,101.5,105.5,101.1,104.2,100.8,36943629.0,3854385990.6,0.03373015873015883,0.03373015873015883,0.0331737736819984,PASS,2026-04-20T12:14:39Z,D20260420.01
3690.HK,HK,equity,2019-11-28,104.2,106.9,103.2,106.5,104.2,20796272.0,2192835061.698,0.02207293666026877,0.02207293666026877,0.021832855830213316,PASS,2026-04-20T12:14:39Z,D20260420.01
3690.HK,HK,equity,2019-11-29,106.5,106.7,102.1,103.2,106.5,29051574.0,3019488120.0,-0.030985915492957705,-0.030985915492957705,-0.0314761321020174,PASS,2026-04-20T12:14:39Z,D20260420.01
3690.HK,HK,equity,2019-12-02,104.0,107.4,103.6,104.7,103.2,16459897.0,1737064471.081,0.014534883720930258,0.014534883720930258,0.014430264829028837,PASS,2026-04-20T12:14:39Z,D20260420.01
3690.HK,HK,equity,2019-12-03,103.5,104.9,102.3,103.6,104.7,15868970.0,1641550400.5,-0.010506208213944657,-0.010506208213944657,-0.01056178805110854,PASS,2026-04-20T12:14:39Z,D20260420.01
3690.HK,HK,equity,2019-12-04,102.0,102.8,100.4,100.5,103.6,22543511.0,2278827570.7,-0.02992277992277992,-0.02992277992277992,-0.03037960232625224,PASS,2026-04-20T12:14:39Z,D20260420.01
3690.HK,HK,equity,2019-12-05,102.0,102.4,100.0,102.2,100.5,13361164.0,1353291665.2,0.01691542288557213,0.01691542288557213,0.016773950270473608,PASS,2026-04-20T12:14:39Z,D20260420.01
3690.HK,HK,equity,2019-12-06,102.9,104.1,101.8,103.6,102.2,13377936.0,1382118239.2,0.013698630136986134,0.013698630136986134,0.01360565205577846,PASS,2026-04-20T12:14:39Z,D20260420.01
3690.HK,HK,equity,2019-12-09,103.6,104.8,102.3,103.3,103.6,11509299.0,1191468835.6,-0.0028957528957528345,-0.0028957528957528345,-0.0028999536997897602,PASS,2026-04-20T12:14:39Z,D20260420.01
3690.HK,HK,equity,2019-12-10,102.4,102.9,100.0,101.0,103.3,19245424.0,1947205388.6,-0.022265246853823806,-0.022265246853823806,-0.022516859284333404,PASS,2026-04-20T12:14:39Z,D20260420.01
3690.HK,HK,equity,2019-12-11,101.5,101.7,98.7,101.7,101.0,18225965.0,1828681968.208,0.006930693069306937,0.006930693069306937,0.0069067862132548225,PASS,2026-04-20T12:14:39Z,D20260420.01
3690.HK,HK,equity,2019-12-12,102.0,103.0,99.8,100.2,101.7,13946346.0,1407545691.065,-0.014749262536873142,-0.014749262536873142,-0.014859114403749828,PASS,2026-04-20T12:14:39Z,D20260420.01
3690.HK,HK,equity,2019-12-13,101.5,102.2,99.75,101.1,100.2,18973665.0,1915720877.24,0.008982035928143617,0.008982035928143617,0.008941937375661213,PASS,2026-04-20T12:14:39Z,D20260420.01
3690.HK,HK,equity,2019-12-16,101.3,103.4,100.0,102.3,101.1,14800762.0,1510784069.408,0.011869436201780381,0.011869436201780381,0.01179954693115503,PASS,2026-04-20T12:14:39Z,D20260420.01
3690.HK,HK,equity,2019-12-17,102.8,105.5,102.0,104.5,102.3,20752130.0,2166509202.76,0.021505376344086002,0.021505376344086002,0.02127739844728488,PASS,2026-04-20T12:14:39Z,D20260420.01
3690.HK,HK,equity,2019-12-18,104.5,105.0,102.8,103.1,104.5,15894394.0,1648242317.945,-0.013397129186602963,-0.013397129186602963,-0.013487680381951547,PASS,2026-04-20T12:14:39Z,D20260420.01
3690.HK,HK,equity,2019-12-19,102.9,103.9,101.6,103.5,103.1,11110344.0,1141316825.87,0.0038797284190106307,0.0038797284190106307,0.0038722216825094846,PASS,2026-04-20T12:14:39Z,D20260420.01
3690.HK,HK,equity,2019-12-20,102.5,103.3,100.8,102.0,103.5,16487106.0,1682065616.415,-0.01449275362318836,-0.01449275362318836,-0.014598799421152636,PASS,2026-04-20T12:14:39Z,D20260420.01
3690.HK,HK,equity,2019-12-23,101.4,102.1,100.2,101.0,102.0,14951263.0,1510180649.99,-0.009803921568627416,-0.009803921568627416,-0.009852296443011594,PASS,2026-04-20T12:14:39Z,D20260420.01
3690.HK,HK,equity,2019-12-24,100.3,103.7,100.3,102.3,101.0,7841205.0,801615648.045,0.012871287128712883,0.012871287128712883,0.012789156116321358,PASS,2026-04-20T12:14:39Z,D20260420.01
3690.HK,HK,equity,2019-12-27,102.5,103.2,100.9,102.7,102.3,16741121.0,1707744194.031,0.003910068426197455,0.003910068426197455,0.0039024439769317454,PASS,2026-04-20T12:14:39Z,D20260420.01
3690.HK,HK,equity,2019-12-30,102.4,103.9,101.7,102.5,102.7,11994444.0,1234186506.894,-0.0019474196689386325,-0.0019474196689386325,-0.0019493183560496533,PASS,2026-04-20T12:14:39Z,D20260420.01
3690.HK,HK,equity,2019-12-31,102.5,102.5,100.6,101.9,102.5,7805602.0,790953489.88,-0.00585365853658526,-0.00585365853658526,-0.005870858349783633,PASS,2026-04-20T12:14:39Z,D20260420.01
3690.HK,HK,equity,2020-01-02,102.0,104.1,101.4,103.5,101.9,14288070.0,1480457053.705,0.015701668302257055,0.015701668302257055,0.015579672476744575,PASS,2026-04-20T12:14:39Z,D20260420.01
3690.HK,HK,equity,2020-01-03,105.0,106.5,103.1,104.2,103.5,13356117.0,1396969295.48,0.006763285024154575,0.006763285024154575,0.006740516613842765,PASS,2026-04-20T12:14:39Z,D20260420.01
3690.HK,HK,equity,2020-01-06,104.1,110.9,103.2,109.5,104.2,28660335.0,3089055306.906,0.050863723608445266,0.050863723608445266,0.04961241993728894,PASS,2026-04-20T12:14:39Z,D20260420.01
3690.HK,HK,equity,2020-01-07,108.5,112.4,108.5,110.4,109.5,23744196.0,2615366819.39,0.008219178082191858,0.008219178082191858,0.008185584586439502,PASS,2026-04-20T12:14:39Z,D20260420.01
3690.HK,HK,equity,2020-01-08,108.9,110.1,104.9,106.4,110.4,33875920.0,3640113957.94,-0.036231884057971064,-0.036231884057971064,-0.03690455693545098,PASS,2026-04-20T12:14:39Z,D20260420.01
3690.HK,HK,equity,2020-01-09,108.0,109.1,106.7,108.4,106.4,19103001.0,2064191116.36,0.018796992481203034,0.018796992481203034,0.01862251209800185,PASS,2026-04-20T12:14:39Z,D20260420.01
3690.HK,HK,equity,2020-01-10,108.0,110.5,107.9,109.6,108.4,15634833.0,1698673689.57,0.011070110701106861,0.011070110701106861,0.011009285508369175,PASS,2026-04-20T12:14:39Z,D20260420.01
3690.HK,HK,equity,2020-01-13,109.2,113.9,108.5,113.1,109.6,25155698.0,2834256222.58,0.03193430656934315,0.03193430656934315,0.0314350086081597,PASS,2026-04-20T12:14:39Z,D20260420.01
3690.HK,HK,equity,2020-01-14,114.2,116.0,111.5,112.3,113.1,24724051.0,2817634188.315,-0.007073386383731228,-0.007073386383731228,-0.007098521377677291,PASS,2026-04-20T12:14:39Z,D20260420.01
3690.HK,HK,equity,2020-01-15,112.0,114.5,112.0,114.1,112.3,15959916.0,1810811028.855,0.01602849510240434,0.01602849510240434,0.015901395123632523,PASS,2026-04-20T12:14:39Z,D20260420.01
3690.HK,HK,equity,2020-01-16,112.6,113.0,110.9,112.3,114.1,21980179.0,2463622502.21,-0.015775635407537236,-0.015775635407537236,-0.015901395123632447,PASS,2026-04-20T12:14:39Z,D20260420.01
3690.HK,HK,equity,2020-01-17,110.6,111.9,109.2,111.9,112.3,23800547.0,2632846525.457,-0.003561887800534236,-0.003561887800534236,-0.0035682464265179,PASS,2026-04-20T12:14:39Z,D20260420.01
3690.HK,HK,equity,2020-01-20,111.8,112.7,110.2,110.6,111.9,14254059.0,1588679651.4,-0.011617515638963516,-0.011617515638963516,-0.011685526229645282,PASS,2026-04-20T12:14:39Z,D20260420.01
3690.HK,HK,equity,2020-01-21,110.4,110.4,105.2,105.8,110.6,34056516.0,3638984685.88,-0.04339963833634719,-0.04339963833634719,-0.04436956966403541,PASS,2026-04-20T12:14:39Z,D20260420.01
3690.HK,HK,equity,2020-01-22,105.8,109.5,105.2,108.3,105.8,23890941.0,2568333275.895,0.023629489603024467,0.023629489603024467,0.023354634582745816,PASS,2026-04-20T12:14:39Z,D20260420.01
3690.HK,HK,equity,2020-01-23,106.2,106.8,98.65,102.6,108.3,52641390.0,5362245604.844,-0.052631578947368474,-0.052631578947368474,-0.05406722127027582,PASS,2026-04-20T12:14:39Z,D20260420.01
3690.HK,HK,equity,2020-01-24,101.9,103.5,100.2,102.3,102.6,16029235.0,1635369958.825,-0.0029239766081871066,-0.0029239766081871066,-0.002928259779088334,PASS,2026-04-20T12:14:39Z,D20260420.01
3690.HK,HK,equity,2020-01-29,100.0,105.7,99.0,101.2,102.3,36153481.0,3680170685.98,-0.010752688172043001,-0.010752688172043001,-0.010810916104215617,PASS,2026-04-20T12:14:39Z,D20260420.01
3690.HK,HK,equity,2020-01-30,101.5,102.8,96.3,96.85,101.2,30309810.0,2981142392.41,-0.04298418972332019,-0.04298418972332019,-0.04393536700036032,PASS,2026-04-20T12:14:39Z,D20260420.01
3690.HK,HK,equity,2020-01-31,98.95,100.2,97.0,99.3,96.85,33231367.0,3293235079.458,0.025296850800206494,0.025296850800206494,0.024982181198122014,PASS,2026-04-20T12:14:39Z,D20260420.01
3690.HK,HK,equity,2020-02-03,96.9,103.9,94.85,99.5,99.3,44393731.0,4430633532.6,0.002014098690835908,0.002014098690835908,0.002012073113420235,PASS,2026-04-20T12:14:39Z,D20260420.01
3690.HK,HK,equity,2020-02-04,101.9,102.7,99.9,101.0,99.5,40976416.0,4155028253.09,0.015075376884422065,0.015075376884422065,0.01496287267671232,PASS,2026-04-20T12:14:39Z,D20260420.01
3690.HK,HK,equity,2020-02-05,102.6,102.7,97.85,99.5,101.0,40890598.0,4090660980.48,-0.014851485148514865,-0.014851485148514865,-0.014962872676712377,PASS,2026-04-20T12:14:39Z,D20260420.01
3690.HK,HK,equity,2020-02-06,100.5,102.0,98.9,101.7,99.5,27663612.0,2801959448.31,0.022110552763819014,0.022110552763819014,0.0218696588899671,PASS,2026-04-20T12:14:39Z,D20260420.01
3690.HK,HK,equity,2020-02-07,101.8,102.4,100.2,101.9,101.7,21770713.0,2206889266.27,0.001966568338249708,0.001966568338249708,0.001964637174164816,PASS,2026-04-20T12:14:39Z,D20260420.01
3690.HK,HK,equity,2020-02-10,99.9,100.0,95.55,95.8,101.9,61544538.0,5987930781.006,-0.0598626104023553,-0.0598626104023553,-0.06172925525186432,PASS,2026-04-20T12:14:39Z,D20260420.01
3690.HK,HK,equity,2020-02-11,97.2,100.8,97.0,99.2,95.8,36482070.0,3607742241.26,0.03549060542797511,0.03549060542797511,0.0348753293140124,PASS,2026-04-20T12:14:39Z,D20260420.01
3690.HK,HK,equity,2020-02-12,100.0,104.7,99.7,103.0,99.2,44634881.0,4585060387.82,0.03830645161290325,0.03830645161290325,0.03759097393880868,PASS,2026-04-20T12:14:39Z,D20260420.01
3690.HK,HK,equity,2020-02-13,103.0,104.3,100.6,102.5,103.0,28535994.0,2922578525.65,-0.004854368932038833,-0.004854368932038833,-0.004866189651172899,PASS,2026-04-20T12:14:39Z,D20260420.01
3690.HK,HK,equity,2020-02-14,100.0,101.6,99.0,100.9,102.5,28218540.0,2828889597.942,-0.015609756097560878,-0.015609756097560878,-0.015732871218899498,PASS,2026-04-20T12:14:39Z,D20260420.01
3690.HK,HK,equity,2020-02-17,100.9,103.2,100.5,101.5,100.9,24027282.0,2445578050.745,0.005946481665014769,0.005946481665014769,0.005928871122278654,PASS,2026-04-20T12:14:39Z,D20260420.01
3690.HK,HK,equity,2020-02-18,101.0,101.9,99.75,100.6,101.5,26365705.0,2671278168.006,-0.00886699507389166,-0.00886699507389166,-0.008906540816203226,PASS,2026-04-20T12:14:39Z,D20260420.01
3690.HK,HK,equity,2020-02-19,101.5,101.5,99.7,100.4,100.6,22716309.0,2276976519.22,-0.001988071570576455,-0.001988071570576455,-0.001990050408009925,PASS,2026-04-20T12:14:39Z,D20260420.01
3690.HK,HK,equity,2020-02-20,101.0,104.5,99.8,103.3,100.4,28828743.0,2954159130.23,0.028884462151394397,0.028884462151394397,0.028475168867964015,PASS,2026-04-20T12:14:39Z,D20260420.01
3690.HK,HK,equity,2020-02-21,101.8,104.4,101.2,103.2,103.3,24401923.0,2517005781.275,-0.0009680542110357404,-0.0009680542110357404,-0.0009685230781304258,PASS,2026-04-20T12:14:39Z,D20260420.01
3690.HK,HK,equity,2020-02-24,101.5,101.6,99.65,100.5,103.2,25507817.0,2561307231.35,-0.026162790697674465,-0.026162790697674465,-0.026511125548331967,PASS,2026-04-20T12:14:39Z,D20260420.01
3690.HK,HK,equity,2020-02-25,99.8,103.9,99.7,103.3,100.5,28664568.0,2932836173.91,0.027860696517412853,0.027860696517412853,0.02747964862646234,PASS,2026-04-20T12:14:39Z,D20260420.01
3690.HK,HK,equity,2020-02-26,101.5,103.7,100.8,102.0,103.3,26810093.0,2742541300.88,-0.012584704743465625,-0.012584704743465625,-0.012664562841321772,PASS,2026-04-20T12:14:39Z,D20260420.01
3690.HK,HK,equity,2020-02-27,101.7,103.8,101.6,103.3,102.0,18526257.0,1907983095.15,0.012745098039215641,0.012745098039215641,0.012664562841321737,PASS,2026-04-20T12:14:39Z,D20260420.01
3690.HK,HK,equity,2020-02-28,100.9,101.8,98.4,98.9,103.3,33581650.0,3348401068.298,-0.04259438528557591,-0.04259438528557591,-0.04352813749692634,PASS,2026-04-20T12:14:39Z,D20260420.01
3690.HK,HK,equity,2020-03-02,98.0,100.9,96.6,99.3,98.9,30556369.0,3013803131.663,0.004044489383215222,0.004044489383215222,0.004036332422460332,PASS,2026-04-20T12:14:39Z,D20260420.01
3690.HK,HK,equity,2020-03-03,101.0,101.0,98.65,98.85,99.3,23547875.0,2351313014.336,-0.004531722054380682,-0.004531722054380682,-0.004542021434501009,PASS,2026-04-20T12:14:39Z,D20260420.01
3690.HK,HK,equity,2020-03-04,100.4,100.4,98.0,99.2,98.85,13808574.0,1364663308.44,0.0035407182599900278,0.0035407182599900278,0.0035344646742013356,PASS,2026-04-20T12:14:39Z,D20260420.01
3690.HK,HK,equity,2020-03-05,100.0,103.8,99.3,103.5,99.2,37054428.0,3783792033.718,0.043346774193548265,0.043346774193548265,0.04243359841459654,PASS,2026-04-20T12:14:39Z,D20260420.01
3690.HK,HK,equity,2020-03-06,102.0,102.7,99.7,100.7,103.5,25100105.0,2521070628.12,-0.0270531400966183,-0.0270531400966183,-0.027425812980907096,PASS,2026-04-20T12:14:39Z,D20260420.01
3690.HK,HK,equity,2020-03-09,96.0,98.2,95.3,96.0,100.7,42406135.0,4090858753.62,-0.046673286991062546,-0.046673286991062546,-0.047797608256680356,PASS,2026-04-20T12:14:39Z,D20260420.01
3690.HK,HK,equity,2020-03-10,97.5,100.3,94.05,98.75,96.0,33666426.0,3300929444.39,0.02864583333333326,0.02864583333333326,0.02824321231339494,PASS,2026-04-20T12:14:39Z,D20260420.01
3690.HK,HK,equity,2020-03-11,99.6,100.0,95.2,95.65,98.75,31246955.0,3028471142.44,-0.03139240506329111,-0.03139240506329111,-0.03189570789496934,PASS,2026-04-20T12:14:39Z,D20260420.01
3690.HK,HK,equity,2020-03-12,93.4,93.8,89.5,90.8,95.65,43161237.0,3928543598.836,-0.050705697856769594,-0.050705697856769594,-0.0520364102790144,PASS,2026-04-20T12:14:39Z,D20260420.01
3690.HK,HK,equity,2020-03-13,84.5,90.0,81.85,89.0,90.8,61009136.0,5289549276.55,-0.01982378854625544,-0.01982378854625544,-0.020022915875107704,PASS,2026-04-20T12:14:39Z,D20260420.01
3690.HK,HK,equity,2020-03-16,87.0,89.0,80.1,82.2,89.0,45102949.0,3773529639.46,-0.07640449438202246,-0.07640449438202246,-0.0794810676700056,PASS,2026-04-20T12:14:39Z,D20260420.01
3690.HK,HK,equity,2020-03-17,83.0,85.2,78.5,82.15,82.2,43552157.0,3563481299.08,-0.000608272506082641,-0.000608272506082641,-0.0006084575788570614,PASS,2026-04-20T12:14:39Z,D20260420.01
3690.HK,HK,equity,2020-03-18,82.75,83.3,75.15,75.55,82.15,56631055.0,4522729242.61,-0.08034083992696295,-0.08034083992696295,-0.08375215576452859,PASS,2026-04-20T12:14:39Z,D20260420.01
3690.HK,HK,equity,2020-03-19,76.0,76.2,70.1,72.4,75.55,71479686.0,5161366334.614,-0.04169424222369278,-0.04169424222369278,-0.04258838932707775,PASS,2026-04-20T12:14:39Z,D20260420.01
3690.HK,HK,equity,2020-03-20,77.0,84.0,75.35,84.0,72.4,66390320.0,5324787488.2,0.16022099447513805,0.16022099447513805,0.14861049945164287,PASS,2026-04-20T12:14:39Z,D20260420.01
3690.HK,HK,equity,2020-03-23,79.0,83.9,78.85,80.8,84.0,31954360.0,2603420963.94,-0.03809523809523818,-0.03809523809523818,-0.03883983331626401,PASS,2026-04-20T12:14:39Z,D20260420.01
3690.HK,HK,equity,2020-03-24,84.2,89.4,84.2,85.5,80.8,37653710.0,3260683016.64,0.05816831683168311,0.05816831683168311,0.056539410415664786,PASS,2026-04-20T12:14:39Z,D20260420.01
3690.HK,HK,equity,2020-03-25,89.8,91.0,89.1,90.75,85.5,38052204.0,3423027582.555,0.06140350877192979,0.06140350877192979,0.0595920972022456,PASS,2026-04-20T12:14:39Z,D20260420.01
3690.HK,HK,equity,2020-03-26,89.0,92.0,89.0,90.15,90.75,21703366.0,1967943904.879,-0.006611570247933796,-0.006611570247933796,-0.006633523495633794,PASS,2026-04-20T12:14:39Z,D20260420.01
3690.HK,HK,equity,2020-03-27,92.05,92.8,88.25,89.3,90.15,21140875.0,1904058208.7,-0.00942872989462018,-0.00942872989462018,-0.009473461766873017,PASS,2026-04-20T12:14:39Z,D20260420.01
3690.HK,HK,equity,2020-03-30,88.2,88.35,85.3,88.0,89.3,19881242.0,1731808845.62,-0.014557670772676334,-0.014557670772676334,-0.014664673404246853,PASS,2026-04-20T12:14:39Z,D20260420.01
3690.HK,HK,equity,2020-03-31,96.8,96.9,91.5,93.65,88.0,55186910.0,5204629809.58,0.06420454545454546,0.06420454545454546,0.06222761441189105,PASS,2026-04-20T12:14:39Z,D20260420.01
3690.HK,HK,equity,2020-04-01,95.0,96.0,92.05,92.85,93.65,29073218.0,2739702011.0,-0.008542445274960064,-0.008542445274960064,-0.008579141091382829,PASS,2026-04-20T12:14:39Z,D20260420.01
3690.HK,HK,equity,2020-04-02,93.95,94.2,92.2,93.95,92.85,12280441.0,1149175123.06,0.011847065158858472,0.011847065158858472,0.011777438060759619,PASS,2026-04-20T12:14:39Z,D20260420.01
3690.HK,HK,equity,2020-04-03,93.95,94.8,91.7,92.85,93.95,14291484.0,1326830584.0,-0.011708355508249113,-0.011708355508249113,-0.011777438060759567,PASS,2026-04-20T12:14:39Z,D20260420.01
3690.HK,HK,equity,2020-04-06,94.2,95.4,92.3,94.45,92.85,18678438.0,1758750394.83,0.017232094776521434,0.017232094776521434,0.01708530614880392,PASS,2026-04-20T12:14:39Z,D20260420.01
3690.HK,HK,equity,2020-04-07,96.7,98.0,95.7,97.55,94.45,28111239.0,2723821949.8,0.03282159872948642,0.03282159872948642,0.03229447312160158,PASS,2026-04-20T12:14:39Z,D20260420.01
3690.HK,HK,equity,2020-04-08,98.0,98.0,96.3,96.8,97.55,23599264.0,2290957369.54,-0.0076883649410558474,-0.0076883649410558474,-0.007718072786588864,PASS,2026-04-20T12:14:39Z,D20260420.01
3690.HK,HK,equity,2020-04-09,98.1,98.5,96.8,97.25,96.8,13094386.0,1276503041.5,0.004648760330578483,0.004648760330578483,0.004637988216024312,PASS,2026-04-20T12:14:39Z,D20260420.01
3690.HK,HK,equity,2020-04-14,96.0,98.55,94.3,97.75,97.25,29714370.0,2860935196.2,0.005141388174807249,0.005141388174807249,0.005128216366919529,PASS,2026-04-20T12:14:39Z,D20260420.01
3690.HK,HK,equity,2020-04-15,99.4,100.5,97.8,97.85,97.75,24099396.0,2391514627.83,0.001023017902813228,0.001023017902813228,0.0010224949766100139,PASS,2026-04-20T12:14:39Z,D20260420.01
3690.HK,HK,equity,2020-04-16,98.5,100.0,97.65,98.85,97.85,20048529.0,1987909113.4,0.010219724067450198,0.010219724067450198,0.010167855774540699,PASS,2026-04-20T12:14:39Z,D20260420.01
3690.HK,HK,equity,2020-04-17,101.5,102.2,99.35,100.0,98.85,21048085.0,2120081193.74,0.01163378856853825,0.01163378856853825,0.011566636371465511,PASS,2026-04-20T12:14:39Z,D20260420.01
3690.HK,HK,equity,2020-04-20,100.8,102.0,99.0,100.9,100.0,13557548.0,1369469571.96,0.009000000000000119,0.009000000000000119,0.008959741371472022,PASS,2026-04-20T12:14:39Z,D20260420.01
3690.HK,HK,equity,2020-04-21,100.4,100.5,98.05,98.55,100.9,13739667.0,1358561797.3,-0.023290386521308326,-0.023290386521308326,-0.023565893760834164,PASS,2026-04-20T12:14:39Z,D20260420.01
3690.HK,HK,equity,2020-04-22,96.85,102.0,96.85,101.3,98.55,19234466.0,1929976998.52,0.02790461694571289,0.02790461694571289,0.02752237765590854,PASS,2026-04-20T12:14:39Z,D20260420.01
3690.HK,HK,equity,2020-04-23,101.1,102.0,99.6,100.0,101.3,16168597.0,1626856942.25,-0.012833168805528095,-0.012833168805528095,-0.012916225266546288,PASS,2026-04-20T12:14:39Z,D20260420.01
3690.HK,HK,equity,2020-04-24,101.0,101.0,99.0,99.2,100.0,10203920.0,1019193051.05,-0.008000000000000007,-0.008000000000000007,-0.008032171697264267,PASS,2026-04-20T12:14:39Z,D20260420.01
3690.HK,HK,equity,2020-04-27,100.1,101.2,99.75,100.1,99.2,15529292.0,1559377260.69,0.009072580645161255,0.009072580645161255,0.009031672030347757,PASS,2026-04-20T12:14:39Z,D20260420.01
3690.HK,HK,equity,2020-04-28,101.1,102.0,99.5,101.0,100.1,18959053.0,1917248553.83,0.00899100899100902,0.00899100899100902,0.008950830520084578,PASS,2026-04-20T12:14:39Z,D20260420.01
3690.HK,HK,equity,2020-04-29,100.0,104.8,99.95,103.8,101.0,20746153.0,2135539191.168,0.027722772277227747,0.027722772277227747,0.027345453890528837,PASS,2026-04-20T12:14:39Z,D20260420.01
3690.HK,HK,equity,2020-05-04,101.8,102.2,99.8,100.7,103.8,20024153.0,2018919197.946,-0.029865125240847723,-0.029865125240847723,-0.03032017100727159,PASS,2026-04-20T12:14:39Z,D20260420.01
3690.HK,HK,equity,2020-05-05,101.8,105.3,101.0,104.3,100.7,19022272.0,1977299517.356,0.03574975173783512,0.03574975173783512,0.03512556228221012,PASS,2026-04-20T12:14:39Z,D20260420.01
3690.HK,HK,equity,2020-05-06,104.2,109.0,102.8,108.0,104.3,27860086.0,2983409262.25,0.03547459252157248,0.03547459252157248,0.03485986511749302,PASS,2026-04-20T12:14:39Z,D20260420.01
3690.HK,HK,equity,2020-05-07,107.9,109.2,107.2,107.7,108.0,14227118.0,1539912189.1,-0.002777777777777768,-0.002777777777777768,-0.0027816429618768026,PASS,2026-04-20T12:14:39Z,D20260420.01
3690.HK,HK,equity,2020-05-08,109.8,111.6,108.4,111.6,107.7,19884788.0,2193656422.41,0.0362116991643453,0.0362116991643453,0.035571465784867584,PASS,2026-04-20T12:14:39Z,D20260420.01
3690.HK,HK,equity,2020-05-11,113.5,114.0,107.0,109.7,111.6,26306523.0,2888717902.28,-0.017025089605734678,-0.017025089605734678,-0.017171682666025912,PASS,2026-04-20T12:14:39Z,D20260420.01
3690.HK,HK,equity,2020-05-12,111.0,112.0,109.0,112.0,109.7,20614348.0,2284883518.3,0.02096627164995435,0.02096627164995435,0.02074950401390991,PASS,2026-04-20T12:14:39Z,D20260420.01
3690.HK,HK,equity,2020-05-13,116.4,119.8,113.0,118.1,112.0,52602980.0,6182058513.314,0.05446428571428563,0.05446428571428563,0.053032851908222,PASS,2026-04-20T12:14:39Z,D20260420.01
3690.HK,HK,equity,2020-05-14,117.7,123.0,117.0,121.5,118.1,37538299.0,4530479121.184,0.028789161727349688,0.028789161727349688,0.028382539577286512,PASS,2026-04-20T12:14:39Z,D20260420.01
3690.HK,HK,equity,2020-05-15,120.5,121.0,117.7,119.4,121.5,27130737.0,3238019066.28,-0.01728395061728394,-0.01728395061728394,-0.017435061822101423,PASS,2026-04-20T12:14:39Z,D20260420.01
3690.HK,HK,equity,2020-05-18,120.5,123.1,120.0,121.9,119.4,22301521.0,2704098522.75,0.020938023450586263,0.020938023450586263,0.020721835528724128,PASS,2026-04-20T12:14:39Z,D20260420.01
3690.HK,HK,equity,2020-05-19,123.4,126.9,121.4,125.8,121.9,25630912.0,3190143394.32,0.03199343724364234,0.03199343724364234,0.03149230777911432,PASS,2026-04-20T12:14:39Z,D20260420.01
3690.HK,HK,equity,2020-05-20,126.5,128.6,125.9,128.5,125.8,20080940.0,2566480813.02,0.021462639109697923,0.021462639109697923,0.021235560068934328,PASS,2026-04-20T12:14:39Z,D20260420.01
3690.HK,HK,equity,2020-05-21,128.0,131.4,125.1,127.6,128.5,25975197.0,3351154804.5,-0.007003891050583744,-0.007003891050583744,-0.007028533424585069,PASS,2026-04-20T12:14:39Z,D20260420.01
3690.HK,HK,equity,2020-05-22,126.7,127.0,118.0,118.5,127.6,45856204.0,5574469825.916,-0.07131661442006265,-0.07131661442006265,-0.07398741033550359,PASS,2026-04-20T12:14:39Z,D20260420.01
3690.HK,HK,equity,2020-05-25,116.9,126.0,116.1,125.8,118.5,45525402.0,5597275576.77,0.06160337552742612,0.06160337552742612,0.05978038369115424,PASS,2026-04-20T12:14:39Z,D20260420.01
3690.HK,HK,equity,2020-05-26,129.0,138.9,127.8,138.9,125.8,60406645.0,8177658113.93,0.10413354531001606,0.10413354531001606,0.09906090549395807,PASS,2026-04-20T12:14:39Z,D20260420.01
3690.HK,HK,equity,2020-05-27,137.8,138.0,132.6,135.3,138.9,36068646.0,4864768250.936,-0.02591792656587466,-0.02591792656587466,-0.026259714583555655,PASS,2026-04-20T12:14:39Z,D20260420.01
3690.HK,HK,equity,2020-05-28,135.0,138.8,133.6,137.0,135.3,37421853.0,5107996617.76,0.012564671101256364,0.012564671101256364,0.012486390651382458,PASS,2026-04-20T12:14:39Z,D20260420.01
3690.HK,HK,equity,2020-05-29,140.4,146.7,134.8,146.7,137.0,146640627.0,21051585876.02,0.0708029197080291,0.0708029197080291,0.06840875932081103,PASS,2026-04-20T12:14:39Z,D20260420.01
3690.HK,HK,equity,2020-06-01,145.0,150.0,144.0,150.0,146.7,140983930.0,20712924474.91,0.02249488752556239,0.02249488752556239,0.022245608947319737,PASS,2026-04-20T12:14:39Z,D20260420.01
3690.HK,HK,equity,2020-06-02,149.0,149.8,144.0,147.1,150.0,38861465.0,5700452330.856,-0.019333333333333425,-0.019333333333333425,-0.01952266648886401,PASS,2026-04-20T12:14:39Z,D20260420.01
3690.HK,HK,equity,2020-06-03,149.8,160.7,148.4,155.3,147.1,51943176.0,8051263179.1,0.055744391570360374,0.055744391570360374,0.054246102547249625,PASS,2026-04-20T12:14:39Z,D20260420.01
3690.HK,HK,equity,2020-06-04,164.0,164.2,158.1,164.2,155.3,44440881.0,7167167677.435,0.05730843528654206,0.05730843528654206,0.05572646686368635,PASS,2026-04-20T12:14:39Z,D20260420.01
3690.HK,HK,equity,2020-06-05,165.9,165.9,156.5,159.0,164.2,38060221.0,6070899510.286,-0.03166869671132755,-0.03166869671132755,-0.03218099479809622,PASS,2026-04-20T12:14:39Z,D20260420.01
3690.HK,HK,equity,2020-06-08,159.4,160.7,149.4,154.8,159.0,36350448.0,5608294134.23,-0.026415094339622525,-0.026415094339622525,-0.026770241064604666,PASS,2026-04-20T12:14:39Z,D20260420.01
3690.HK,HK,equity,2020-06-09,153.0,155.7,151.5,151.5,154.8,28730754.0,4391950417.3,-0.02131782945736438,-0.02131782945736438,-0.02154833620620295,PASS,2026-04-20T12:14:39Z,D20260420.01
3690.HK,HK,equity,2020-06-10,153.5,159.6,152.1,159.6,151.5,27780038.0,4346756679.68,0.05346534653465351,0.05346534653465351,0.052085060066284605,PASS,2026-04-20T12:14:39Z,D20260420.01
3690.HK,HK,equity,2020-06-11,160.1,169.5,160.1,165.0,159.6,36443116.0,6019180153.93,0.03383458646616555,0.03383458646616555,0.03327478888487235,PASS,2026-04-20T12:14:39Z,D20260420.01
3690.HK,HK,equity,2020-06-12,161.7,170.1,160.0,165.6,165.0,27087242.0,4507744508.22,0.0036363636363636598,0.0036363636363636598,0.003629768050578731,PASS,2026-04-20T12:14:39Z,D20260420.01
3690.HK,HK,equity,2020-06-15,164.0,165.0,155.2,159.5,165.6,37623943.0,6019583418.365,-0.03683574879227047,-0.03683574879227047,-0.03753131972626,PASS,2026-04-20T12:14:39Z,D20260420.01
3690.HK,HK,equity,2020-06-16,164.0,172.5,163.0,172.0,159.5,40681271.0,6863547935.79,0.07836990595611293,0.07836990595611293,0.07545055458855385,PASS,2026-04-20T12:14:39Z,D20260420.01
3690.HK,HK,equity,2020-06-17,174.5,175.9,167.8,172.4,172.0,22720335.0,3912579440.877,0.0023255813953488857,0.0023255813953488857,0.0023228814161397287,PASS,2026-04-20T12:14:39Z,D20260420.01
3690.HK,HK,equity,2020-06-18,173.0,173.8,168.1,172.5,172.4,20822859.0,3574248142.475,0.000580046403712231,0.000580046403712231,0.0005798782418216589,PASS,2026-04-20T12:14:39Z,D20260420.01
3690.HK,HK,equity,2020-06-19,170.0,175.5,170.0,174.0,172.5,21055960.0,3643876913.51,0.008695652173912993,0.008695652173912993,0.008658062743114531,PASS,2026-04-20T12:14:39Z,D20260420.01
3690.HK,HK,equity,2020-06-22,174.1,174.1,169.4,170.5,174.0,19948128.0,3413229723.24,-0.02011494252873558,-0.02011494252873558,-0.020320002490957494,PASS,2026-04-20T12:14:39Z,D20260420.01
3690.HK,HK,equity,2020-06-23,169.4,176.8,169.1,176.8,170.5,19336308.0,3374220521.64,0.03695014662756613,0.03695014662756613,0.03628385347997172,PASS,2026-04-20T12:14:39Z,D20260420.01
3690.HK,HK,equity,2020-06-24,177.0,180.0,175.0,178.4,176.8,19255837.0,3432533478.3,0.009049773755656076,0.009049773755656076,0.00900906994236591,PASS,2026-04-20T12:14:39Z,D20260420.01
3690.HK,HK,equity,2020-06-26,178.0,179.0,172.5,174.7,178.4,17442067.0,3049678691.38,-0.020739910313901433,-0.020739910313901433,-0.020958003005898212,PASS,2026-04-20T12:14:39Z,D20260420.01
3690.HK,HK,equity,2020-06-29,176.0,176.0,166.9,171.7,174.7,20919315.0,3557301611.68,-0.017172295363480305,-0.017172295363480305,-0.017321449236581087,PASS,2026-04-20T12:14:39Z,D20260420.01
3690.HK,HK,equity,2020-06-30,173.0,175.5,170.0,171.9,171.7,13157270.0,2272559733.37,0.0011648223645894795,0.0011648223645894795,0.0011641444853738039,PASS,2026-04-20T12:14:39Z,D20260420.01
3690.HK,HK,equity,2020-07-02,176.5,181.0,171.6,179.4,171.9,29789962.0,5271056373.72,0.04363001745200701,0.04363001745200701,0.042705037235892196,PASS,2026-04-20T12:14:39Z,D20260420.01
3690.HK,HK,equity,2020-07-03,181.0,193.1,179.4,191.7,179.4,30371583.0,5707683650.06,0.06856187290969884,0.06856187290969884,0.06631370042690292,PASS,2026-04-20T12:14:39Z,D20260420.01
3690.HK,HK,equity,2020-07-06,192.0,193.0,189.0,191.0,191.7,24030535.0,4581816516.78,-0.003651538862806447,-0.003651538862806447,-0.0036582220049689172,PASS,2026-04-20T12:14:39Z,D20260420.01
3690.HK,HK,equity,2020-07-07,189.4,190.4,180.7,185.0,191.0,36545415.0,6792311183.42,-0.03141361256544506,-0.03141361256544506,-0.031917602968305085,PASS,2026-04-20T12:14:39Z,D20260420.01
3690.HK,HK,equity,2020-07-08,183.0,199.8,183.0,199.8,185.0,33295773.0,6459313611.17,0.08000000000000007,0.08000000000000007,0.0769610411361284,PASS,2026-04-20T12:14:39Z,D20260420.01
3690.HK,HK,equity,2020-07-09,204.0,212.0,203.0,209.8,199.8,31514113.0,6542147608.58,0.05005005005005003,0.05005005005005003,0.04883782974774364,PASS,2026-04-20T12:14:39Z,D20260420.01
3690.HK,HK,equity,2020-07-10,205.8,213.4,203.2,208.2,209.8,22300662.0,4658448934.33,-0.007626310772164024,-0.007626310772164024,-0.00765553978132835,PASS,2026-04-20T12:14:39Z,D20260420.01
3690.HK,HK,equity,2020-07-13,205.0,212.0,203.0,206.0,208.2,26487237.0,5493419538.0,-0.01056676272814594,-0.01056676272814594,-0.010622987391287354,PASS,2026-04-20T12:14:39Z,D20260420.01
3690.HK,HK,equity,2020-07-14,200.0,201.0,186.1,197.1,206.0,27969125.0,5519656700.12,-0.0432038834951457,-0.0432038834951457,-0.04416495463090663,PASS,2026-04-20T12:14:39Z,D20260420.01
3690.HK,HK,equity,2020-07-15,205.0,205.0,197.1,200.6,197.1,23712419.0,4766884327.44,0.017757483510908223,0.017757483510908223,0.01760166136916069,PASS,2026-04-20T12:14:39Z,D20260420.01
3690.HK,HK,equity,2020-07-16,200.4,201.8,183.3,185.1,200.6,38006106.0,7177367183.27,-0.07726819541375873,-0.07726819541375873,-0.08041665594838335,PASS,2026-04-20T12:14:39Z,D20260420.01
3690.HK,HK,equity,2020-07-17,188.8,191.6,184.2,191.1,185.1,29238035.0,5507266013.33,0.03241491085899506,0.03241491085899506,0.03190063166677546,PASS,2026-04-20T12:14:39Z,D20260420.01
3690.HK,HK,equity,2020-07-20,192.3,192.6,184.0,188.4,191.1,22737903.0,4252273757.37,-0.014128728414442682,-0.014128728414442682,-0.01422948910396465,PASS,2026-04-20T12:14:39Z,D20260420.01
3690.HK,HK,equity,2020-07-21,194.0,205.8,192.9,205.0,188.4,31120694.0,6233750934.7,0.08811040339702747,0.08811040339702747,0.08444261699614537,PASS,2026-04-20T12:14:39Z,D20260420.01
3690.HK,HK,equity,2020-07-22,195.6,201.8,190.2,192.2,205.0,36332990.0,7147408829.35,-0.06243902439024396,-0.06243902439024396,-0.06447348260221612,PASS,2026-04-20T12:14:39Z,D20260420.01
3690.HK,HK,equity,2020-07-23,192.0,201.2,191.8,199.0,192.2,24454384.0,4837939048.26,0.03537981269510926,0.03537981269510926,0.03476832818830027,PASS,2026-04-20T12:14:39Z,D20260420.01
3690.HK,HK,equity,2020-07-24,192.9,197.8,188.8,190.7,199.0,26785560.0,5150272084.8,-0.04170854271356794,-0.04170854271356794,-0.04260331211811912,PASS,2026-04-20T12:14:39Z,D20260420.01
3690.HK,HK,equity,2020-07-27,192.7,195.0,182.1,185.0,190.7,21301234.0,3997134852.76,-0.029889879391714724,-0.029889879391714724,-0.030345687528048552,PASS,2026-04-20T12:14:39Z,D20260420.01
3690.HK,HK,equity,2020-07-28,190.1,192.1,188.2,191.0,185.0,17496333.0,3325226933.68,0.03243243243243232,0.03243243243243232,0.031917602968304946,PASS,2026-04-20T12:14:39Z,D20260420.01
3690.HK,HK,equity,2020-07-29,187.0,193.6,187.0,193.0,191.0,13712426.0,2635659512.52,0.010471204188481575,0.010471204188481575,0.01041676085825558,PASS,2026-04-20T12:14:39Z,D20260420.01
3690.HK,HK,equity,2020-07-30,192.2,199.9,192.2,195.0,193.0,18918222.0,3720210537.24,0.010362694300518172,0.010362694300518172,0.010309369658861287,PASS,2026-04-20T12:14:39Z,D20260420.01
3690.HK,HK,equity,2020-07-31,198.3,201.0,191.9,191.9,195.0,16055919.0,3151689652.1,-0.015897435897435863,-0.015897435897435863,-0.01602515555009254,PASS,2026-04-20T12:14:39Z,D20260420.01
3690.HK,HK,equity,2020-08-03,200.0,202.8,195.4,200.6,191.9,31273989.0,6230813962.26,0.04533611255862424,0.04533611255862424,0.04433847251418089,PASS,2026-04-20T12:14:39Z,D20260420.01
3690.HK,HK,equity,2020-08-04,205.0,221.6,203.4,218.0,200.6,44481265.0,9529612355.36,0.0867397806580259,0.0867397806580259,0.08318218726125383,PASS,2026-04-20T12:14:39Z,D20260420.01
3690.HK,HK,equity,2020-08-05,215.0,220.2,215.0,218.4,218.0,27493304.0,5989253281.8,0.0018348623853210455,0.0018348623853210455,0.0018331810816609117,PASS,2026-04-20T12:14:39Z,D20260420.01
3690.HK,HK,equity,2020-08-06,219.0,229.2,218.8,221.2,218.4,25504916.0,5692996199.66,0.012820512820512775,0.012820512820512775,0.012739025777429712,PASS,2026-04-20T12:14:39Z,D20260420.01
3690.HK,HK,equity,2020-08-07,218.6,225.8,208.0,222.4,221.2,30723455.0,6715479249.26,0.005424954792043524,0.005424954792043524,0.0054102927282477006,PASS,2026-04-20T12:14:39Z,D20260420.01
3690.HK,HK,equity,2020-08-10,220.8,228.8,219.0,223.0,222.4,22146672.0,4997295386.94,0.0026978417266185772,0.0026978417266185772,0.0026942090836913203,PASS,2026-04-20T12:14:39Z,D20260420.01
3690.HK,HK,equity,2020-08-11,225.0,227.0,216.8,218.4,223.0,24009014.0,5333030647.17,-0.020627802690582953,-0.020627802690582953,-0.020843527589368773,PASS,2026-04-20T12:14:39Z,D20260420.01
3690.HK,HK,equity,2020-08-12,218.0,218.0,202.6,213.8,218.4,30180144.0,6340530245.55,-0.021062271062270987,-0.021062271062270987,-0.02128724527980505,PASS,2026-04-20T12:14:39Z,D20260420.01
3690.HK,HK,equity,2020-08-13,220.2,220.2,211.0,211.4,213.8,13979736.0,2998130173.52,-0.011225444340505208,-0.011225444340505208,-0.011288925154807656,PASS,2026-04-20T12:14:39Z,D20260420.01
3690.HK,HK,equity,2020-08-14,212.2,226.0,209.2,219.8,211.4,20487919.0,4528014036.17,0.039735099337748325,0.039735099337748325,0.03896596853338371,PASS,2026-04-20T12:14:39Z,D20260420.01
3690.HK,HK,equity,2020-08-17,209.2,223.4,209.0,218.2,219.8,18258785.0,3972479695.11,-0.007279344858962755,-0.007279344858962755,-0.007305968570550606,PASS,2026-04-20T12:14:39Z,D20260420.01
3690.HK,HK,equity,2020-08-18,220.4,236.6,220.4,235.0,218.2,26274365.0,6079540902.01,0.07699358386801114,0.07699358386801114,0.07417344074518865,PASS,2026-04-20T12:14:39Z,D20260420.01
3690.HK,HK,equity,2020-08-19,240.0,243.4,230.8,231.0,235.0,13658640.0,3210806645.71,-0.017021276595744705,-0.017021276595744705,-0.017167803622365446,PASS,2026-04-20T12:14:39Z,D20260420.01
3690.HK,HK,equity,2020-08-20,236.0,236.0,227.4,234.6,231.0,13907223.0,3219003978.84,0.01558441558441559,0.01558441558441559,0.015464225697581553,PASS,2026-04-20T12:14:39Z,D20260420.01
3690.HK,HK,equity,2020-08-21,239.8,247.4,238.4,245.2,234.6,22000701.0,5341185250.08,0.04518329070758731,0.04518329070758731,0.044192267842681175,PASS,2026-04-20T12:14:39Z,D20260420.01
3690.HK,HK,equity,2020-08-24,244.2,272.0,236.2,265.8,245.2,44379871.0,11230610495.0,0.08401305057096264,0.08401305057096264,0.08066994221708877,PASS,2026-04-20T12:14:39Z,D20260420.01
3690.HK,HK,equity,2020-08-25,264.6,267.6,253.2,257.6,265.8,31491733.0,8172337053.67,-0.030850263355906682,-0.030850263355906682,-0.03133615204894639,PASS,2026-04-20T12:14:39Z,D20260420.01
3690.HK,HK,equity,2020-08-26,258.6,263.4,251.6,258.8,257.6,23624566.0,6067000347.02,0.004658385093167627,0.004658385093167627,0.0046475683965468756,PASS,2026-04-20T12:14:39Z,D20260420.01
3690.HK,HK,equity,2020-08-27,262.0,273.0,258.2,271.0,258.8,24864353.0,6651339061.1,0.047140649149922664,0.047140649149922664,0.04606325825295535,PASS,2026-04-20T12:14:39Z,D20260420.01
3690.HK,HK,equity,2020-08-28,269.0,274.4,261.2,265.2,271.0,24829281.0,6652288537.73,-0.021402214022140265,-0.021402214022140265,-0.021634562567993502,PASS,2026-04-20T12:14:39Z,D20260420.01
3690.HK,HK,equity,2020-08-31,272.8,272.8,255.6,255.6,265.2,24316298.0,6386308415.15,-0.03619909502262442,-0.03619909502262442,-0.036870535808327685,PASS,2026-04-20T12:14:39Z,D20260420.01
3690.HK,HK,equity,2020-09-01,256.2,269.2,255.6,264.6,255.6,20663943.0,5474247445.36,0.03521126760563398,0.03521126760563398,0.03460552917747574,PASS,2026-04-20T12:14:39Z,D20260420.01
3690.HK,HK,equity,2020-09-02,280.0,280.0,269.0,272.8,264.6,20239932.0,5537405937.17,0.030990173847316616,0.030990173847316616,0.030519674288451638,PASS,2026-04-20T12:14:39Z,D20260420.01
3690.HK,HK,equity,2020-09-03,274.0,274.2,259.6,262.6,272.8,27314059.0,7231336643.19,-0.03739002932551316,-0.03739002932551316,-0.038106964100611186,PASS,2026-04-20T12:14:39Z,D20260420.01
3690.HK,HK,equity,2020-09-04,250.0,265.2,244.2,261.8,262.6,44935057.0,11554077907.18,-0.0030464584920031346,-0.0030464584920031346,-0.003051108392896346,PASS,2026-04-20T12:14:39Z,D20260420.01
3690.HK,HK,equity,2020-09-07,264.0,265.0,248.0,248.2,261.8,26942910.0,6809349686.84,-0.051948051948052076,-0.051948051948052076,-0.05334598070529285,PASS,2026-04-20T12:14:39Z,D20260420.01
3690.HK,HK,equity,2020-09-08,252.0,252.2,228.4,238.0,248.2,44212637.0,10499867793.07,-0.041095890410958846,-0.041095890410958846,-0.04196419909903208,PASS,2026-04-20T12:14:39Z,D20260420.01
3690.HK,HK,equity,2020-09-09,231.8,239.0,227.2,232.0,238.0,28843775.0,6685070811.95,-0.025210084033613467,-0.025210084033613467,-0.025533302005164762,PASS,2026-04-20T12:14:39Z,D20260420.01
3690.HK,HK,equity,2020-09-10,240.0,244.8,233.0,233.0,232.0,20449441.0,4902112254.8,0.004310344827586299,0.004310344827586299,0.004301081899390702,PASS,2026-04-20T12:14:39Z,D20260420.01
3690.HK,HK,equity,2020-09-11,233.0,245.0,232.6,242.8,233.0,18598115.0,4472733820.6,0.04206008583691001,0.04206008583691001,0.04119960561964277,PASS,2026-04-20T12:14:39Z,D20260420.01
3690.HK,HK,equity,2020-09-14,248.0,248.2,240.6,244.6,242.8,14014049.0,3427388033.77,0.007413509060955503,0.007413509060955503,0.007386164067728768,PASS,2026-04-20T12:14:39Z,D20260420.01
3690.HK,HK,equity,2020-09-15,246.0,247.4,241.4,243.6,244.6,10234327.0,2500309527.4,-0.00408830744071953,-0.00408830744071953,-0.00409668741733001,PASS,2026-04-20T12:14:39Z,D20260420.01
3690.HK,HK,equity,2020-09-16,245.0,252.6,243.6,248.2,243.6,17346852.0,4310900977.32,0.018883415435139606,0.018883415435139606,0.01870733693476491,PASS,2026-04-20T12:14:39Z,D20260420.01
3690.HK,HK,equity,2020-09-17,248.2,250.2,238.4,240.8,248.2,16847300.0,4072952531.24,-0.0298146655922642,-0.0298146655922642,-0.030268159335840757,PASS,2026-04-20T12:14:39Z,D20260420.01
3690.HK,HK,equity,2020-09-18,240.8,241.6,233.6,241.6,240.8,24578097.0,5876213819.82,0.0033222591362125353,0.0033222591362125353,0.0033167526259938207,PASS,2026-04-20T12:14:39Z,D20260420.01
3690.HK,HK,equity,2020-09-21,245.0,248.8,239.6,241.6,241.6,14231614.0,3469180489.23,0.0,0.0,0.0,PASS,2026-04-20T12:14:39Z,D20260420.01
3690.HK,HK,equity,2020-09-22,240.8,247.4,235.8,242.6,241.6,10565588.0,2565207024.29,0.004139072847682224,0.004139072847682224,0.004130530449289978,PASS,2026-04-20T12:14:39Z,D20260420.01
3690.HK,HK,equity,2020-09-23,244.2,251.0,243.0,250.0,242.6,13948018.0,3449030385.91,0.030502885408079106,0.030502885408079106,0.03004692135229664,PASS,2026-04-20T12:14:39Z,D20260420.01
3690.HK,HK,equity,2020-09-24,245.8,248.0,236.0,238.6,250.0,21647967.0,5192423565.96,-0.045599999999999974,-0.045599999999999974,-0.046672408198430666,PASS,2026-04-20T12:14:39Z,D20260420.01
3690.HK,HK,equity,2020-09-25,240.0,241.0,230.8,232.0,238.6,15986303.0,3759885683.07,-0.027661357921207053,-0.027661357921207053,-0.028051137997505794,PASS,2026-04-20T12:14:39Z,D20260420.01
3690.HK,HK,equity,2020-09-28,236.0,239.2,233.6,237.0,232.0,12597151.0,2988694840.36,0.02155172413793105,0.02155172413793105,0.021322769468821244,PASS,2026-04-20T12:14:39Z,D20260420.01
3690.HK,HK,equity,2020-09-29,238.0,239.0,234.6,234.6,237.0,8024314.0,1898487709.76,-0.010126582278481067,-0.010126582278481067,-0.010178204915756153,PASS,2026-04-20T12:14:39Z,D20260420.01
3690.HK,HK,equity,2020-09-30,238.0,244.4,237.0,241.8,234.6,13417820.0,3234271265.28,0.03069053708439906,0.03069053708439906,0.03022900196131729,PASS,2026-04-20T12:14:39Z,D20260420.01
3690.HK,HK,equity,2020-10-05,248.8,248.8,242.0,245.8,241.8,10951714.0,2690236901.95,0.016542597187758412,0.016542597187758412,0.016407258951242083,PASS,2026-04-20T12:14:39Z,D20260420.01
3690.HK,HK,equity,2020-10-06,247.0,258.4,245.8,258.0,245.8,19094559.0,4859820011.93,0.04963384865744502,0.04963384865744502,0.048441387789682926,PASS,2026-04-20T12:14:39Z,D20260420.01
3690.HK,HK,equity,2020-10-07,262.0,269.4,257.2,267.8,258.0,20947573.0,5548483783.5,0.037984496124030986,0.037984496124030986,0.03728084833545469,PASS,2026-04-20T12:14:39Z,D20260420.01
3690.HK,HK,equity,2020-10-08,268.0,272.4,263.0,266.8,267.8,12907550.0,3449923302.4,-0.0037341299477221535,-0.0037341299477221535,-0.003741119215603452,PASS,2026-04-20T12:14:39Z,D20260420.01
3690.HK,HK,equity,2020-10-09,270.0,278.6,267.8,270.0,266.8,23045243.0,6304380984.27,0.011994002998500619,0.011994002998500619,0.011922644956905976,PASS,2026-04-20T12:14:39Z,D20260420.01
3690.HK,HK,equity,2020-10-12,274.0,282.0,270.0,275.2,270.0,18399473.0,5107018077.54,0.01925925925925931,0.01925925925925931,0.019076147060813887,PASS,2026-04-20T12:14:39Z,D20260420.01
3690.HK,HK,equity,2020-10-14,283.6,283.6,273.8,278.4,275.2,18889360.0,5254970019.1,0.011627906976744207,0.011627906976744207,0.011560822401076006,PASS,2026-04-20T12:14:39Z,D20260420.01
3690.HK,HK,equity,2020-10-15,279.8,279.8,263.8,265.0,278.4,18704788.0,5042381531.54,-0.048132183908045856,-0.048132183908045856,-0.04932910247404224,PASS,2026-04-20T12:14:39Z,D20260420.01
3690.HK,HK,equity,2020-10-16,268.0,273.8,264.6,265.8,265.0,11796799.0,3164447854.29,0.0030188679245284344,0.0030188679245284344,0.0030143202929228782,PASS,2026-04-20T12:14:39Z,D20260420.01
3690.HK,HK,equity,2020-10-19,269.8,270.4,258.0,259.0,265.8,17467959.0,4584350735.28,-0.02558314522197147,-0.02558314522197147,-0.02591608457960727,PASS,2026-04-20T12:14:39Z,D20260420.01
3690.HK,HK,equity,2020-10-20,264.0,264.0,255.2,260.8,259.0,16586507.0,4287203612.54,0.006949806949807069,0.006949806949807069,0.006925768352960257,PASS,2026-04-20T12:14:39Z,D20260420.01
3690.HK,HK,equity,2020-10-21,264.0,270.8,263.4,269.0,260.8,14657160.0,3928156177.8,0.03144171779141103,0.03144171779141103,0.030957549549341205,PASS,2026-04-20T12:14:39Z,D20260420.01
3690.HK,HK,equity,2020-10-22,269.0,269.4,260.8,269.0,269.0,12747563.0,3394662984.91,0.0,0.0,0.0,PASS,2026-04-20T12:14:39Z,D20260420.01
3690.HK,HK,equity,2020-10-23,269.6,269.6,260.0,262.4,269.0,11993449.0,3160108060.27,-0.024535315985130146,-0.024535315985130146,-0.024841322531905165,PASS,2026-04-20T12:14:39Z,D20260420.01
3690.HK,HK,equity,2020-10-27,258.0,267.0,257.0,266.0,262.4,12041346.0,3176553396.4,0.01371951219512213,0.01371951219512213,0.013626251711765274,PASS,2026-04-20T12:14:39Z,D20260420.01
3690.HK,HK,equity,2020-10-28,266.0,281.2,265.0,280.0,266.0,25568706.0,7079679754.85,0.05263157894736836,0.05263157894736836,0.05129329438755048,PASS,2026-04-20T12:14:39Z,D20260420.01
3690.HK,HK,equity,2020-10-29,276.0,299.8,274.6,297.2,280.0,32069783.0,9288839369.22,0.06142857142857139,0.06142857142857139,0.05961570967435445,PASS,2026-04-20T12:14:39Z,D20260420.01
3690.HK,HK,equity,2020-10-30,294.8,300.4,286.0,288.2,297.2,24007250.0,7033944040.1,-0.030282637954239577,-0.030282637954239577,-0.030750629278182395,PASS,2026-04-20T12:14:39Z,D20260420.01
3690.HK,HK,equity,2020-11-02,291.0,296.8,287.4,294.6,288.2,13753164.0,4021588326.19,0.02220680083275517,0.02220680083275517,0.021963820463108318,PASS,2026-04-20T12:14:39Z,D20260420.01
3690.HK,HK,equity,2020-11-03,292.6,302.4,291.2,296.0,294.6,18843133.0,5594669431.57,0.004752206381534174,0.004752206381534174,0.004740950295530368,PASS,2026-04-20T12:14:39Z,D20260420.01
3690.HK,HK,equity,2020-11-04,297.0,319.6,292.0,313.8,296.0,26667676.0,8233198702.3,0.06013513513513513,0.06013513513513513,0.058396385974871845,PASS,2026-04-20T12:14:39Z,D20260420.01
3690.HK,HK,equity,2020-11-05,329.8,334.6,317.8,329.6,313.8,26756098.0,8703393640.43,0.05035054174633524,0.05035054174633524,0.049123957736384415,PASS,2026-04-20T12:14:39Z,D20260420.01
3690.HK,HK,equity,2020-11-06,332.2,333.0,317.0,326.8,329.6,19579471.0,6346493558.78,-0.008495145631068013,-0.008495145631068013,-0.008531435049468867,PASS,2026-04-20T12:14:39Z,D20260420.01
3690.HK,HK,equity,2020-11-09,333.8,338.2,328.4,335.2,326.8,16412022.0,5489954677.77,0.025703794369644983,0.025703794369644983,0.0253790056220801,PASS,2026-04-20T12:14:39Z,D20260420.01
3690.HK,HK,equity,2020-11-10,322.8,323.0,289.0,300.0,335.2,65445971.0,19969385578.42,-0.1050119331742243,-0.1050119331742243,-0.11094489395172687,PASS,2026-04-20T12:14:39Z,D20260420.01
3690.HK,HK,equity,2020-11-11,282.0,301.0,270.0,271.0,300.0,70096624.0,19828578003.95,-0.09666666666666668,-0.09666666666666668,-0.10166365377650018,PASS,2026-04-20T12:14:39Z,D20260420.01
3690.HK,HK,equity,2020-11-12,282.0,298.0,282.0,286.8,271.0,38676503.0,11180959933.43,0.05830258302583036,0.05830258302583036,0.05666628784576449,PASS,2026-04-20T12:14:39Z,D20260420.01
3690.HK,HK,equity,2020-11-13,292.6,309.6,288.2,305.8,286.8,28408342.0,8566972691.6,0.0662482566248257,0.0662482566248257,0.06414618476949667,PASS,2026-04-20T12:14:39Z,D20260420.01
3690.HK,HK,equity,2020-11-16,321.0,321.0,308.0,318.4,305.8,25489057.0,8048679740.51,0.04120340091563102,0.04120340091563102,0.04037716047526591,PASS,2026-04-20T12:14:39Z,D20260420.01
3690.HK,HK,equity,2020-11-17,315.0,317.8,293.0,303.0,318.4,34051196.0,10348015519.49,-0.04836683417085419,-0.04836683417085419,-0.04957564846085872,PASS,2026-04-20T12:14:39Z,D20260420.01
3690.HK,HK,equity,2020-11-18,300.0,301.2,290.8,300.0,303.0,22789844.0,6792409848.98,-0.00990099009900991,-0.00990099009900991,-0.009950330853168092,PASS,2026-04-20T12:14:39Z,D20260420.01
3690.HK,HK,equity,2020-11-19,297.0,297.0,287.8,294.0,300.0,19472151.0,5697765908.9,-0.020000000000000018,-0.020000000000000018,-0.020202707317519466,PASS,2026-04-20T12:14:39Z,D20260420.01
3690.HK,HK,equity,2020-11-20,300.6,307.4,298.2,304.2,294.0,13753149.0,4176926763.5,0.03469387755102038,0.03469387755102038,0.03410561248651084,PASS,2026-04-20T12:14:39Z,D20260420.01
3690.HK,HK,equity,2020-11-23,308.0,313.4,301.2,308.0,304.2,16504923.0,5053761667.96,0.012491781722550943,0.012491781722550943,0.012414403148381978,PASS,2026-04-20T12:14:39Z,D20260420.01
3690.HK,HK,equity,2020-11-24,313.0,313.0,301.0,303.4,308.0,13755656.0,4201906838.09,-0.014935064935065023,-0.014935064935065023,-0.015047716059142685,PASS,2026-04-20T12:14:39Z,D20260420.01
3690.HK,HK,equity,2020-11-25,305.0,309.0,293.0,293.6,303.4,19435890.0,5797885434.8,-0.03230059327620294,-0.03230059327620294,-0.03283377017407126,PASS,2026-04-20T12:14:39Z,D20260420.01
3690.HK,HK,equity,2020-11-26,298.6,309.0,297.0,308.0,293.6,18281482.0,5552636278.01,0.049046321525885395,0.049046321525885395,0.047881486233213796,PASS,2026-04-20T12:14:39Z,D20260420.01
3690.HK,HK,equity,2020-11-27,307.4,316.6,305.0,312.0,308.0,18017888.0,5627892825.94,0.01298701298701288,0.01298701298701288,0.012903404835907782,PASS,2026-04-20T12:14:39Z,D20260420.01
3690.HK,HK,equity,2020-11-30,310.0,310.2,290.0,290.0,312.0,35189702.0,10445792549.73,-0.07051282051282048,-0.07051282051282048,-0.07312226482896261,PASS,2026-04-20T12:14:39Z,D20260420.01
3690.HK,HK,equity,2020-12-01,292.0,299.6,287.0,289.2,290.0,41060884.0,11946615725.88,-0.0027586206896552667,-0.0027586206896552667,-0.002762432695910184,PASS,2026-04-20T12:14:39Z,D20260420.01
3690.HK,HK,equity,2020-12-02,290.2,290.2,267.2,277.8,289.2,39765106.0,10977387886.78,-0.03941908713692943,-0.03941908713692943,-0.0402170599643662,PASS,2026-04-20T12:14:39Z,D20260420.01
3690.HK,HK,equity,2020-12-03,282.8,285.0,274.0,275.8,277.8,28926729.0,8033580601.7,-0.007199424046076319,-0.007199424046076319,-0.007225464961041959,PASS,2026-04-20T12:14:39Z,D20260420.01
3690.HK,HK,equity,2020-12-04,277.0,295.0,276.0,288.6,275.8,54036264.0,15562626519.33,0.046410442349528624,0.046410442349528624,0.04536568098056904,PASS,2026-04-20T12:14:39Z,D20260420.01
3690.HK,HK,equity,2020-12-07,290.8,290.8,278.0,282.4,288.6,31479260.0,8978427037.02,-0.021483021483021614,-0.021483021483021614,-0.02171714072068362,PASS,2026-04-20T12:14:39Z,D20260420.01
3690.HK,HK,equity,2020-12-08,285.0,294.6,281.2,287.6,282.4,18850755.0,5454360695.9,0.018413597733711207,0.018413597733711207,0.018246120227804766,PASS,2026-04-20T12:14:39Z,D20260420.01
3690.HK,HK,equity,2020-12-09,295.6,295.6,283.4,286.4,287.6,17640016.0,5082864991.85,-0.004172461752434131,-0.004172461752434131,-0.004181190760401269,PASS,2026-04-20T12:14:39Z,D20260420.01
3690.HK,HK,equity,2020-12-10,283.0,290.0,281.2,287.0,286.4,11597567.0,3320724213.25,0.0020949720670391248,0.0020949720670391248,0.0020927806731305776,PASS,2026-04-20T12:14:39Z,D20260420.01
3690.HK,HK,equity,2020-12-11,294.0,295.0,288.6,293.8,287.0,18035695.0,5280926399.34,0.023693379790940883,0.023693379790940883,0.023417047980155935,PASS,2026-04-20T12:14:39Z,D20260420.01
3690.HK,HK,equity,2020-12-14,281.0,285.8,272.2,282.6,293.8,33772473.0,9492405452.93,-0.038121170864533704,-0.038121170864533704,-0.03886679348934987,PASS,2026-04-20T12:14:39Z,D20260420.01
3690.HK,HK,equity,2020-12-15,283.0,283.2,273.6,274.2,282.6,26407250.0,7298561527.1,-0.029723991507431102,-0.029723991507431102,-0.030174703122213157,PASS,2026-04-20T12:14:39Z,D20260420.01
3690.HK,HK,equity,2020-12-16,274.0,280.0,271.0,279.2,274.2,14807242.0,4099155523.08,0.018234865061998562,0.018234865061998562,0.018070603760003412,PASS,2026-04-20T12:14:39Z,D20260420.01
3690.HK,HK,equity,2020-12-17,284.0,286.0,280.0,285.0,279.2,13738871.0,3900039054.53,0.02077363896848139,0.02077363896848139,0.020560809380433132,PASS,2026-04-20T12:14:39Z,D20260420.01
3690.HK,HK,equity,2020-12-18,284.4,287.0,275.0,278.4,285.0,20075054.0,5600932900.03,-0.023157894736842155,-0.023157894736842155,-0.023430251808385996,PASS,2026-04-20T12:14:39Z,D20260420.01
3690.HK,HK,equity,2020-12-21,278.4,282.8,275.0,278.4,278.4,13574376.0,3784055949.18,0.0,0.0,0.0,PASS,2026-04-20T12:14:39Z,D20260420.01
3690.HK,HK,equity,2020-12-22,280.0,281.8,275.0,276.2,278.4,11373811.0,3162740520.7,-0.007902298850574696,-0.007902298850574696,-0.00793368748507282,PASS,2026-04-20T12:14:39Z,D20260420.01
3690.HK,HK,equity,2020-12-23,276.2,290.8,274.0,287.0,276.2,26855263.0,7653221028.22,0.03910209992758884,0.03910209992758884,0.038356974784429496,PASS,2026-04-20T12:14:39Z,D20260420.01
3690.HK,HK,equity,2020-12-24,285.0,285.0,274.2,279.2,287.0,21514905.0,5995944760.26,-0.027177700348432143,-0.027177700348432143,-0.02755384487140379,PASS,2026-04-20T12:14:39Z,D20260420.01
3690.HK,HK,equity,2020-12-28,273.0,276.4,258.2,260.0,279.2,46994103.0,12417287297.05,-0.06876790830945556,-0.06876790830945556,-0.07124673987268965,PASS,2026-04-20T12:14:39Z,D20260420.01
3690.HK,HK,equity,2020-12-29,265.0,278.2,261.0,273.4,260.0,22513268.0,6138580188.31,0.05153846153846153,0.05153846153846153,0.05025429327432145,PASS,2026-04-20T12:14:39Z,D20260420.01
3690.HK,HK,equity,2020-12-30,275.2,289.8,275.0,287.8,273.4,24274147.0,6938161718.69,0.05267008046817856,0.05267008046817856,0.05132987016341832,PASS,2026-04-20T12:14:39Z,D20260420.01
3690.HK,HK,equity,2020-12-31,287.8,296.6,286.6,294.6,287.8,13114144.0,3847619702.27,0.023627519110493544,0.023627519110493544,0.023352709575262597,PASS,2026-04-20T12:14:39Z,D20260420.01
3690.HK,HK,equity,2021-01-04,293.4,300.0,288.4,292.6,294.6,19704573.0,5825577299.11,-0.006788866259334725,-0.006788866259334725,-0.006812015442505995,PASS,2026-04-20T12:14:39Z,D20260420.01
3690.HK,HK,equity,2021-01-05,296.0,296.6,286.4,296.6,292.6,14735494.0,4322723109.31,0.0136705399863295,0.0136705399863295,0.013577941117807826,PASS,2026-04-20T12:14:39Z,D20260420.01
3690.HK,HK,equity,2021-01-06,297.2,313.8,296.6,310.0,296.6,27240173.0,8412945435.37,0.04517869184086298,0.04517869184086298,0.04418786777536008,PASS,2026-04-20T12:14:39Z,D20260420.01
3690.HK,HK,equity,2021-01-07,310.0,310.0,296.2,308.0,310.0,18341782.0,5612742449.66,-0.006451612903225823,-0.006451612903225823,-0.006472514505617479,PASS,2026-04-20T12:14:39Z,D20260420.01
3690.HK,HK,equity,2021-01-08,309.2,318.0,308.8,318.0,308.0,22420414.0,7059592759.57,0.032467532467532534,0.032467532467532534,0.03195159980660243,PASS,2026-04-20T12:14:39Z,D20260420.01
3690.HK,HK,equity,2021-01-11,320.4,321.6,305.0,309.6,318.0,21270725.0,6596380924.59,-0.026415094339622525,-0.026415094339622525,-0.026770241064604666,PASS,2026-04-20T12:14:39Z,D20260420.01
3690.HK,HK,equity,2021-01-12,310.0,310.0,301.0,302.0,309.6,21074145.0,6399114698.37,-0.02454780361757114,-0.02454780361757114,-0.024854124340702496,PASS,2026-04-20T12:14:39Z,D20260420.01
3690.HK,HK,equity,2021-01-13,300.0,304.2,293.0,296.4,302.0,22376999.0,6660050601.14,-0.018543046357615944,-0.018543046357615944,-0.018717123952937866,PASS,2026-04-20T12:14:39Z,D20260420.01
3690.HK,HK,equity,2021-01-14,302.8,315.0,300.0,313.2,296.4,19436205.0,6041743645.62,0.05668016194331993,0.05668016194331993,0.0551320706947163,PASS,2026-04-20T12:14:39Z,D20260420.01
3690.HK,HK,equity,2021-01-15,314.8,315.0,300.4,307.6,313.2,16771942.0,5157913262.91,-0.017879948914431565,-0.017879948914431565,-0.018041726485159018,PASS,2026-04-20T12:14:39Z,D20260420.01
3690.HK,HK,equity,2021-01-18,307.6,327.0,305.0,325.0,307.6,22557709.0,7261577811.92,0.05656697009102718,0.05656697009102718,0.05502494469824845,PASS,2026-04-20T12:14:39Z,D20260420.01
3690.HK,HK,equity,2021-01-19,334.0,348.0,329.8,341.0,325.0,33824229.0,11498559451.27,0.04923076923076919,0.04923076923076919,0.048057294953779264,PASS,2026-04-20T12:14:39Z,D20260420.01
3690.HK,HK,equity,2021-01-20,346.0,374.6,344.4,372.0,341.0,36876123.0,13353318805.06,0.09090909090909083,0.09090909090909083,0.0870113769896297,PASS,2026-04-20T12:14:39Z,D20260420.01
3690.HK,HK,equity,2021-01-21,364.2,381.6,359.0,375.2,372.0,27820117.0,10313361079.76,0.008602150537634357,0.008602150537634357,0.008565362858923,PASS,2026-04-20T12:14:39Z,D20260420.01
3690.HK,HK,equity,2021-01-22,370.0,387.6,369.2,380.2,375.2,19474199.0,7410324022.26,0.013326226012793096,0.013326226012793096,0.013238212922259098,PASS,2026-04-20T12:14:39Z,D20260420.01
3690.HK,HK,equity,2021-01-25,384.6,407.6,384.0,399.8,380.2,29854313.0,11908424348.46,0.051551814834297716,0.051551814834297716,0.05026699201197088,PASS,2026-04-20T12:14:39Z,D20260420.01
3690.HK,HK,equity,2021-01-26,390.6,395.4,372.0,378.6,399.8,28319599.0,10829428160.39,-0.05302651325662833,-0.05302651325662833,-0.05448418329107723,PASS,2026-04-20T12:14:39Z,D20260420.01
3690.HK,HK,equity,2021-01-27,372.0,378.4,358.4,364.0,378.6,38354634.0,14099165820.97,-0.03856312731114642,-0.03856312731114642,-0.039326371138481905,PASS,2026-04-20T12:14:39Z,D20260420.01
3690.HK,HK,equity,2021-01-28,360.0,375.8,352.4,355.6,364.0,25616292.0,9234646607.09,-0.023076923076922995,-0.023076923076922995,-0.023347363996991062,PASS,2026-04-20T12:14:39Z,D20260420.01
3690.HK,HK,equity,2021-01-29,369.6,377.0,355.8,355.8,355.6,23194119.0,8468446381.72,0.0005624296962878361,0.0005624296962878361,0.0005622715919851286,PASS,2026-04-20T12:14:39Z,D20260420.01
3690.HK,HK,equity,2021-02-01,369.0,392.4,364.0,391.0,355.8,24165176.0,9238136351.3,0.09893198426082073,0.09893198426082073,0.09433878475363104,PASS,2026-04-20T12:14:39Z,D20260420.01
3690.HK,HK,equity,2021-02-02,400.0,410.6,391.2,395.0,391.0,26607201.0,10693182579.89,0.010230179028132946,0.010230179028132946,0.010178204915756052,PASS,2026-04-20T12:14:39Z,D20260420.01
3690.HK,HK,equity,2021-02-03,410.0,414.4,399.0,414.2,395.0,25297659.0,10368671488.34,0.04860759493670885,0.04860759493670885,0.04746318406036191,PASS,2026-04-20T12:14:39Z,D20260420.01
3690.HK,HK,equity,2021-02-04,403.0,406.0,388.2,401.0,414.2,26446610.0,10546009675.31,-0.031868662481892795,-0.031868662481892795,-0.03238752165491459,PASS,2026-04-20T12:14:39Z,D20260420.01
3690.HK,HK,equity,2021-02-05,403.4,415.6,396.0,401.4,401.0,16427318.0,6659015332.57,0.0009975062344138586,0.0009975062344138586,0.0009970090556684745,PASS,2026-04-20T12:14:39Z,D20260420.01
3690.HK,HK,equity,2021-02-08,411.6,413.8,403.0,406.4,401.4,11703461.0,4776207241.1,0.012456402590931726,0.012456402590931726,0.012379459902034356,PASS,2026-04-20T12:14:39Z,D20260420.01
3690.HK,HK,equity,2021-02-09,407.0,411.0,403.6,409.0,406.4,11997750.0,4883933445.28,0.00639763779527569,0.00639763779527569,0.006377259778529708,PASS,2026-04-20T12:14:39Z,D20260420.01
3690.HK,HK,equity,2021-02-10,415.6,436.6,409.0,430.4,409.0,21259665.0,9050718786.68,0.052322738386308076,0.052322738386308076,0.05099985280477292,PASS,2026-04-20T12:14:39Z,D20260420.01
3690.HK,HK,equity,2021-02-11,429.4,445.0,421.6,445.0,430.4,10085497.0,4387692247.34,0.03392193308550184,0.03392193308550184,0.03335927331866554,PASS,2026-04-20T12:14:39Z,D20260420.01
3690.HK,HK,equity,2021-02-16,455.0,458.8,430.2,439.2,445.0,21028101.0,9268472400.76,-0.013033707865168553,-0.013033707865168553,-0.013119391970919351,PASS,2026-04-20T12:14:39Z,D20260420.01
3690.HK,HK,equity,2021-02-17,430.6,452.0,430.0,451.4,439.2,12859183.0,5720530104.23,0.02777777777777768,0.02777777777777768,0.027398974188114347,PASS,2026-04-20T12:14:39Z,D20260420.01
3690.HK,HK,equity,2021-02-18,454.6,460.0,426.2,428.0,451.4,27160897.0,11869213692.65,-0.051838723969871436,-0.051838723969871436,-0.053230668801638445,PASS,2026-04-20T12:14:39Z,D20260420.01
3690.HK,HK,equity,2021-02-19,422.2,426.6,411.0,423.6,428.0,23715622.0,9949611018.28,-0.010280373831775602,-0.010280373831775602,-0.010333581854545299,PASS,2026-04-20T12:14:39Z,D20260420.01
3690.HK,HK,equity,2021-02-22,435.8,435.8,400.2,400.2,423.6,29567738.0,12093953685.5,-0.055240793201133176,-0.055240793201133176,-0.056825191577618395,PASS,2026-04-20T12:14:39Z,D20260420.01
3690.HK,HK,equity,2021-02-23,392.0,408.2,381.2,392.8,400.2,23775442.0,9387015170.09,-0.018490754622688566,-0.018490754622688566,-0.01866384566932212,PASS,2026-04-20T12:14:39Z,D20260420.01
3690.HK,HK,equity,2021-02-24,393.0,403.0,361.0,365.8,392.8,44418612.0,16564339052.98,-0.06873727087576376,-0.06873727087576376,-0.07121384052354551,PASS,2026-04-20T12:14:39Z,D20260420.01
3690.HK,HK,equity,2021-02-25,383.0,383.0,358.8,370.4,365.8,28113890.0,10418389815.67,0.01257517769272809,0.01257517769272809,0.012496766815258822,PASS,2026-04-20T12:14:39Z,D20260420.01
3690.HK,HK,equity,2021-02-26,349.0,355.0,340.0,340.0,370.4,42878713.0,14897841209.46,-0.0820734341252699,-0.0820734341252699,-0.08563788516181717,PASS,2026-04-20T12:14:39Z,D20260420.01
3690.HK,HK,equity,2021-03-01,355.0,366.8,350.4,366.8,340.0,34725734.0,12456557683.19,0.07882352941176474,0.07882352941176474,0.07587112277210274,PASS,2026-04-20T12:14:39Z,D20260420.01
3690.HK,HK,equity,2021-03-02,388.0,388.0,360.6,362.4,366.8,31246598.0,11615313698.07,-0.01199563794983649,-0.01199563794983649,-0.012068166213485589,PASS,2026-04-20T12:14:39Z,D20260420.01
3690.HK,HK,equity,2021-03-03,365.0,375.0,352.8,372.6,362.4,19621974.0,7131366031.61,0.0281456953642385,0.0281456953642385,0.027756883998663905,PASS,2026-04-20T12:14:39Z,D20260420.01
3690.HK,HK,equity,2021-03-04,360.0,360.4,340.0,340.0,372.6,32230252.0,11187344457.89,-0.08749329039184117,-0.08749329039184117,-0.09155984055728107,PASS,2026-04-20T12:14:39Z,D20260420.01
3690.HK,HK,equity,2021-03-08,343.2,344.0,301.8,308.8,337.0,51449220.0,16290797840.28,-0.08367952522255184,-0.08367952522255184,-0.08738911220174052,PASS,2026-04-20T12:14:39Z,D20260420.01
3690.HK,HK,equity,2021-03-09,303.6,320.8,289.2,302.0,308.8,54064527.0,16420919112.95,-0.022020725388601115,-0.022020725388601115,-0.022266800775751546,PASS,2026-04-20T12:14:39Z,D20260420.01
3690.HK,HK,equity,2021-03-10,325.0,329.0,314.6,317.0,302.0,33352900.0,10686803332.61,0.04966887417218535,0.04966887417218535,0.0484747565024109,PASS,2026-04-20T12:14:39Z,D20260420.01
3690.HK,HK,equity,2021-03-11,315.0,345.0,314.0,344.6,317.0,34663277.0,11636471352.87,0.08706624605678237,0.08706624605678237,0.08348255021654867,PASS,2026-04-20T12:14:39Z,D20260420.01
3690.HK,HK,equity,2021-03-12,355.0,355.2,330.0,333.0,344.6,28533683.0,9689602990.54,-0.03366221706326178,-0.03366221706326178,-0.034241834113385446,PASS,2026-04-20T12:14:39Z,D20260420.01
3690.HK,HK,equity,2021-03-15,335.4,343.4,312.2,317.2,333.0,23814532.0,7698068873.82,-0.047447447447447444,-0.047447447447447444,-0.048610000219750905,PASS,2026-04-20T12:14:39Z,D20260420.01
3690.HK,HK,equity,2021-03-16,323.6,333.0,323.0,329.6,317.2,14112999.0,4621343212.27,0.03909205548549832,0.03909205548549832,0.03834730827462392,PASS,2026-04-20T12:14:39Z,D20260420.01
3690.HK,HK,equity,2021-03-17,326.0,331.8,318.0,325.4,329.6,14358388.0,4657443468.92,-0.01274271844660213,-0.01274271844660213,-0.012824603250379402,PASS,2026-04-20T12:14:39Z,D20260420.01
3690.HK,HK,equity,2021-03-18,331.6,345.0,331.4,337.4,325.4,20482557.0,6963786857.43,0.03687768899815613,0.03687768899815613,0.03621397532693052,PASS,2026-04-20T12:14:39Z,D20260420.01
3690.HK,HK,equity,2021-03-19,329.0,333.0,321.2,333.0,337.4,20546621.0,6729738092.11,-0.01304090100770594,-0.01304090100770594,-0.013126680131424052,PASS,2026-04-20T12:14:39Z,D20260420.01
3690.HK,HK,equity,2021-03-22,326.0,335.8,319.0,320.6,333.0,18792228.0,6102881354.41,-0.03723723723723715,-0.03723723723723715,-0.03794824980499116,PASS,2026-04-20T12:14:39Z,D20260420.01
3690.HK,HK,equity,2021-03-23,325.0,325.8,301.6,303.8,320.6,26994042.0,8321147190.83,-0.05240174672489084,-0.05240174672489084,-0.05382465001378011,PASS,2026-04-20T12:14:39Z,D20260420.01
3690.HK,HK,equity,2021-03-24,306.0,311.8,287.4,292.0,303.8,37248107.0,10922932604.18,-0.03884134298880848,-0.03884134298880848,-0.03961578789339079,PASS,2026-04-20T12:14:39Z,D20260420.01
3690.HK,HK,equity,2021-03-25,282.0,292.6,274.6,287.4,292.0,28097756.0,8010293821.4,-0.015753424657534376,-0.015753424657534376,-0.01587882862335733,PASS,2026-04-20T12:14:39Z,D20260420.01
3690.HK,HK,equity,2021-03-26,290.0,305.2,289.0,302.0,287.4,25880764.0,7734028959.68,0.05080027835768974,0.05080027835768974,0.04955204372994519,PASS,2026-04-20T12:14:39Z,D20260420.01
3690.HK,HK,equity,2021-03-29,295.0,295.0,274.4,280.4,302.0,49192404.0,13873742911.21,-0.07152317880794712,-0.07152317880794712,-0.07420986221443472,PASS,2026-04-20T12:14:39Z,D20260420.01
3690.HK,HK,equity,2021-03-30,278.0,295.4,278.0,293.6,280.4,24752892.0,7198023218.5,0.04707560627674767,0.04707560627674767,0.04600114157992565,PASS,2026-04-20T12:14:39Z,D20260420.01
3690.HK,HK,equity,2021-03-31,295.0,304.0,294.8,298.2,293.6,20828610.0,6236658136.1,0.01566757493187998,0.01566757493187998,0.0155461055902774,PASS,2026-04-20T12:14:39Z,D20260420.01
3690.HK,HK,equity,2021-04-01,307.0,328.0,305.8,325.8,298.2,29295048.0,9333423787.01,0.09255533199195187,0.09255533199195187,0.08851929383730686,PASS,2026-04-20T12:14:39Z,D20260420.01
3690.HK,HK,equity,2021-04-07,335.0,335.0,315.0,318.0,325.8,25621849.0,8270348398.16,-0.023941068139963217,-0.023941068139963217,-0.024232313387767972,PASS,2026-04-20T12:14:39Z,D20260420.01
3690.HK,HK,equity,2021-04-08,313.2,326.6,310.8,320.8,318.0,12818367.0,4109059435.89,0.008805031446540879,0.008805031446540879,0.008766493212182593,PASS,2026-04-20T12:14:39Z,D20260420.01
3690.HK,HK,equity,2021-04-09,324.4,324.4,309.8,314.0,320.8,11658356.0,3669916706.18,-0.021197007481296826,-0.021197007481296826,-0.021424890084106134,PASS,2026-04-20T12:14:39Z,D20260420.01
3690.HK,HK,equity,2021-04-12,314.0,314.6,292.6,298.2,314.0,24890065.0,7425673479.47,-0.05031847133757961,-0.05031847133757961,-0.05162858357761531,PASS,2026-04-20T12:14:39Z,D20260420.01
3690.HK,HK,equity,2021-04-13,296.2,301.0,274.2,276.0,298.2,43263925.0,12250194295.82,-0.07444668008048283,-0.07444668008048283,-0.07736353661348797,PASS,2026-04-20T12:14:39Z,D20260420.01
3690.HK,HK,equity,2021-04-14,287.0,290.8,283.0,286.0,276.0,28878747.0,8293805727.19,0.03623188405797095,0.03623188405797095,0.03559094510270253,PASS,2026-04-20T12:14:39Z,D20260420.01
3690.HK,HK,equity,2021-04-15,286.0,290.4,280.0,284.8,286.0,12718239.0,3613106394.5,-0.00419580419580412,-0.00419580419580412,-0.004204631282031812,PASS,2026-04-20T12:14:39Z,D20260420.01
3690.HK,HK,equity,2021-04-16,286.0,294.8,283.8,290.2,284.8,18016614.0,5220144174.05,0.01896067415730318,0.01896067415730318,0.018783160912266585,PASS,2026-04-20T12:14:39Z,D20260420.01
3690.HK,HK,equity,2021-04-19,290.2,301.0,285.0,289.2,290.2,19089091.0,5591502930.0,-0.00344589937973816,-0.00344589937973816,-0.0034518501654778985,PASS,2026-04-20T12:14:39Z,D20260420.01
3690.HK,HK,equity,2021-04-20,288.6,296.0,284.0,293.6,289.2,242615551.0,67400013287.06,0.015214384508990486,0.015214384508990486,0.01509980645575106,PASS,2026-04-20T12:14:39Z,D20260420.01
3690.HK,HK,equity,2021-04-21,287.2,292.0,280.6,282.2,293.6,28467362.0,8117212338.9,-0.03882833787465956,-0.03882833787465956,-0.03960225732164705,PASS,2026-04-20T12:14:39Z,D20260420.01
3690.HK,HK,equity,2021-04-22,288.4,292.6,283.8,292.0,282.2,27941527.0,8098564902.06,0.03472714386959597,0.03472714386959597,0.03413776284956806,PASS,2026-04-20T12:14:39Z,D20260420.01
3690.HK,HK,equity,2021-04-23,293.0,311.4,292.0,306.4,292.0,32455805.0,9896366063.15,0.049315068493150704,0.049315068493150704,0.0481376355981545,PASS,2026-04-20T12:14:39Z,D20260420.01
3690.HK,HK,equity,2021-04-26,310.0,321.6,303.4,305.0,306.4,30584797.0,9553749716.56,-0.004569190600522077,-0.004569190600522077,-0.004579661259024494,PASS,2026-04-20T12:14:39Z,D20260420.01
3690.HK,HK,equity,2021-04-27,300.0,319.0,296.4,313.0,305.0,43285503.0,13355938929.39,0.026229508196721207,0.026229508196721207,0.02589141393274149,PASS,2026-04-20T12:14:39Z,D20260420.01
3690.HK,HK,equity,2021-04-28,309.8,311.6,306.2,309.4,313.0,12079410.0,3735496879.65,-0.011501597444089517,-0.011501597444089517,-0.01156825240118753,PASS,2026-04-20T12:14:39Z,D20260420.01
3690.HK,HK,equity,2021-04-29,313.0,314.8,304.0,309.2,309.4,16583681.0,5109644076.71,-0.0006464124111182912,-0.0006464124111182912,-0.000646621425698848,PASS,2026-04-20T12:14:39Z,D20260420.01
3690.HK,HK,equity,2021-04-30,304.0,305.0,297.2,298.0,309.2,15334320.0,4590560786.67,-0.036222509702457883,-0.036222509702457883,-0.03689483020786237,PASS,2026-04-20T12:14:39Z,D20260420.01
3690.HK,HK,equity,2021-05-03,297.4,297.8,290.0,293.2,298.0,10072434.0,2946874090.34,-0.016107382550335614,-0.016107382550335614,-0.016238516492908067,PASS,2026-04-20T12:14:39Z,D20260420.01
3690.HK,HK,equity,2021-05-04,293.2,295.6,290.6,291.8,293.2,9074489.0,2653129029.2,-0.00477489768076389,-0.00477489768076389,-0.004786333923811062,PASS,2026-04-20T12:14:39Z,D20260420.01
3690.HK,HK,equity,2021-05-05,288.0,293.8,285.6,287.0,291.8,12284824.0,3536727074.73,-0.016449623029472282,-0.016449623029472282,-0.016586420329064204,PASS,2026-04-20T12:14:39Z,D20260420.01
3690.HK,HK,equity,2021-05-06,285.4,293.6,280.0,285.8,287.0,19249251.0,5479741833.86,-0.004181184668989535,-0.004181184668989535,-0.004189950263854065,PASS,2026-04-20T12:14:39Z,D20260420.01
3690.HK,HK,equity,2021-05-07,288.0,290.4,279.2,282.8,285.8,19379263.0,5491295057.51,-0.01049685094471653,-0.01049685094471653,-0.010552331473349285,PASS,2026-04-20T12:14:39Z,D20260420.01
3690.HK,HK,equity,2021-05-10,280.0,280.0,255.0,262.8,282.8,73924579.0,19510359155.78,-0.07072135785007072,-0.07072135785007072,-0.07334664741196224,PASS,2026-04-20T12:14:39Z,D20260420.01
3690.HK,HK,equity,2021-05-11,250.2,252.0,240.0,249.0,262.8,63727234.0,15673064248.75,-0.05251141552511418,-0.05251141552511418,-0.053940390145747856,PASS,2026-04-20T12:14:39Z,D20260420.01
3690.HK,HK,equity,2021-05-12,251.0,262.6,251.0,255.2,249.0,32343072.0,8270808670.72,0.02489959839357425,0.02489959839357425,0.024594655005927155,PASS,2026-04-20T12:14:39Z,D20260420.01
3690.HK,HK,equity,2021-05-13,247.6,257.0,245.0,251.6,255.2,21199638.0,5358327403.08,-0.014106583072100332,-0.014106583072100332,-0.014207026644349374,PASS,2026-04-20T12:14:39Z,D20260420.01
3690.HK,HK,equity,2021-05-14,245.2,251.0,242.2,244.0,251.6,28110988.0,6880641138.82,-0.030206677265500748,-0.030206677265500748,-0.030672299533083543,PASS,2026-04-20T12:14:39Z,D20260420.01
3690.HK,HK,equity,2021-05-17,246.4,256.0,244.6,254.2,244.0,27285020.0,6899375337.86,0.041803278688524514,0.041803278688524514,0.040953133462151736,PASS,2026-04-20T12:14:39Z,D20260420.01
3690.HK,HK,equity,2021-05-18,255.8,261.8,255.8,260.0,254.2,17873111.0,4633702984.05,0.022816679779701143,0.022816679779701143,0.022560272260174173,PASS,2026-04-20T12:14:39Z,D20260420.01
3690.HK,HK,equity,2021-05-20,256.2,276.8,255.0,273.2,260.0,36907302.0,10024913655.94,0.05076923076923068,0.05076923076923068,0.049522496681107184,PASS,2026-04-20T12:14:39Z,D20260420.01
3690.HK,HK,equity,2021-05-21,280.0,280.8,267.2,275.2,273.2,20946889.0,5769386788.49,0.007320644216691097,0.007320644216691097,0.007293978362553626,PASS,2026-04-20T12:14:39Z,D20260420.01
3690.HK,HK,equity,2021-05-24,276.8,279.0,265.2,271.0,275.2,14192265.0,3831156107.16,-0.015261627906976716,-0.015261627906976716,-0.015379285179487667,PASS,2026-04-20T12:14:39Z,D20260420.01
3690.HK,HK,equity,2021-05-25,270.0,278.2,265.8,276.6,271.0,14353423.0,3927733865.91,0.020664206642066585,0.020664206642066585,0.020453598350957097,PASS,2026-04-20T12:14:39Z,D20260420.01
3690.HK,HK,equity,2021-05-26,277.2,290.0,277.2,279.6,276.6,17575426.0,4974947753.4,0.010845986984815648,0.010845986984815648,0.010787591128997385,PASS,2026-04-20T12:14:39Z,D20260420.01
3690.HK,HK,equity,2021-05-27,279.6,279.6,265.2,271.8,279.6,29857723.0,8096246457.7,-0.027896995708154515,-0.027896995708154515,-0.028293508642611865,PASS,2026-04-20T12:14:39Z,D20260420.01
3690.HK,HK,equity,2021-05-28,272.6,274.4,263.0,265.2,271.8,16971893.0,4532851254.47,-0.02428256070640189,-0.02428256070640189,-0.024582243405336022,PASS,2026-04-20T12:14:39Z,D20260420.01
3690.HK,HK,equity,2021-05-31,276.2,294.8,271.6,294.0,265.2,44006174.0,12585624235.02,0.10859728506787336,0.10859728506787336,0.10309550902697422,PASS,2026-04-20T12:14:39Z,D20260420.01
3690.HK,HK,equity,2021-06-01,296.2,315.2,294.4,313.0,294.0,41772699.0,12925398209.6,0.06462585034013602,0.06462585034013602,0.06262342320147157,PASS,2026-04-20T12:14:39Z,D20260420.01
3690.HK,HK,equity,2021-06-02,312.0,313.4,304.0,311.8,313.0,24252954.0,7507146897.44,-0.003833865814696469,-0.003833865814696469,-0.003841233916477055,PASS,2026-04-20T12:14:39Z,D20260420.01
3690.HK,HK,equity,2021-06-03,311.8,321.0,305.6,307.4,311.8,23234022.0,7268778734.66,-0.014111610006414477,-0.014111610006414477,-0.014212125519180769,PASS,2026-04-20T12:14:39Z,D20260420.01
3690.HK,HK,equity,2021-06-04,297.8,311.0,297.8,302.2,307.4,40645528.0,12310511950.07,-0.016916070266753347,-0.016916070266753347,-0.017060781265856223,PASS,2026-04-20T12:14:39Z,D20260420.01
3690.HK,HK,equity,2021-06-07,302.6,305.4,296.6,300.0,302.2,27170971.0,8181395994.78,-0.007279947054930513,-0.007279947054930513,-0.007306575182438139,PASS,2026-04-20T12:14:39Z,D20260420.01
3690.HK,HK,equity,2021-06-08,300.0,303.6,293.0,297.0,300.0,13395646.0,3974604331.08,-0.010000000000000009,-0.010000000000000009,-0.01005033585350145,PASS,2026-04-20T12:14:39Z,D20260420.01
3690.HK,HK,equity,2021-06-09,295.8,298.8,290.8,293.2,297.0,10810536.0,3178021799.17,-0.012794612794612803,-0.012794612794612803,-0.0128771687902032,PASS,2026-04-20T12:14:39Z,D20260420.01
3690.HK,HK,equity,2021-06-10,295.2,305.2,291.2,298.0,293.2,14448149.0,4315350554.06,0.016371077762619368,0.016371077762619368,0.016238516492908018,PASS,2026-04-20T12:14:39Z,D20260420.01
3690.HK,HK,equity,2021-06-11,302.6,311.8,300.0,307.2,298.0,18599815.0,5698003329.42,0.0308724832214764,0.0308724832214764,0.030405514768112544,PASS,2026-04-20T12:14:39Z,D20260420.01
3690.HK,HK,equity,2021-06-15,307.0,311.0,299.0,302.4,307.2,13806094.0,4187713187.73,-0.015625,-0.015625,-0.015748356968139168,PASS,2026-04-20T12:14:39Z,D20260420.01
3690.HK,HK,equity,2021-06-16,299.4,301.6,287.4,288.8,302.4,19770810.0,5765215920.27,-0.04497354497354489,-0.04497354497354489,-0.04601623728670668,PASS,2026-04-20T12:14:39Z,D20260420.01
3690.HK,HK,equity,2021-06-17,285.0,294.2,283.4,290.0,288.8,12109734.0,3500670230.04,0.0041551246537396835,0.0041551246537396835,0.004146515961848618,PASS,2026-04-20T12:14:39Z,D20260420.01
3690.HK,HK,equity,2021-06-18,297.6,304.4,294.4,300.6,290.0,17708557.0,5312494158.81,0.036551724137931174,0.036551724137931174,0.03589955433835454,PASS,2026-04-20T12:14:39Z,D20260420.01
3690.HK,HK,equity,2021-06-21,296.8,303.2,292.8,301.8,300.6,12340521.0,3681882941.58,0.003992015968063756,0.003992015968063756,0.003984069014874292,PASS,2026-04-20T12:14:39Z,D20260420.01
3690.HK,HK,equity,2021-06-22,302.8,303.8,292.0,292.8,301.8,12894472.0,3804774865.81,-0.02982107355864816,-0.02982107355864816,-0.03027476424659208,PASS,2026-04-20T12:14:39Z,D20260420.01
3690.HK,HK,equity,2021-06-23,295.8,309.4,292.6,308.0,292.8,19408354.0,5904763923.18,0.051912568306010876,0.051912568306010876,0.05061000088641792,PASS,2026-04-20T12:14:39Z,D20260420.01
3690.HK,HK,equity,2021-06-24,310.0,319.6,310.0,315.0,308.0,20689334.0,6516414789.54,0.022727272727272707,0.022727272727272707,0.022472855852058576,PASS,2026-04-20T12:14:39Z,D20260420.01
3690.HK,HK,equity,2021-06-25,317.0,333.0,315.4,330.0,315.0,31517759.0,10291625489.3,0.04761904761904767,0.04761904761904767,0.04652001563489291,PASS,2026-04-20T12:14:39Z,D20260420.01
3690.HK,HK,equity,2021-06-28,333.0,338.0,325.2,328.6,330.0,12324384.0,4058040750.56,-0.004242424242424159,-0.004242424242424159,-0.00425144885735813,PASS,2026-04-20T12:14:39Z,D20260420.01
3690.HK,HK,equity,2021-06-29,329.6,331.8,322.0,323.8,328.6,15304408.0,4982519176.43,-0.014607425441266031,-0.014607425441266031,-0.014715164359633005,PASS,2026-04-20T12:14:39Z,D20260420.01
3690.HK,HK,equity,2021-06-30,329.0,329.2,317.6,320.4,323.8,13672818.0,4390001198.48,-0.010500308832612881,-0.010500308832612881,-0.010555826049330759,PASS,2026-04-20T12:14:39Z,D20260420.01
3690.HK,HK,equity,2021-07-02,318.2,318.6,300.4,304.0,320.4,23363439.0,7182686096.97,-0.05118601747815221,-0.05118601747815221,-0.05254251378798236,PASS,2026-04-20T12:14:39Z,D20260420.01
3690.HK,HK,equity,2021-07-05,300.2,300.8,280.0,287.0,304.0,38091180.0,10975439984.65,-0.05592105263157898,-0.05592105263157898,-0.05754548564660063,PASS,2026-04-20T12:14:39Z,D20260420.01
3690.HK,HK,equity,2021-07-06,287.0,292.8,277.0,289.8,287.0,19388472.0,5544174213.22,0.009756097560975618,0.009756097560975618,0.009708814126960903,PASS,2026-04-20T12:14:39Z,D20260420.01
3690.HK,HK,equity,2021-07-07,287.0,287.8,279.2,286.0,289.8,15809580.0,4489864672.74,-0.013112491373361013,-0.013112491373361013,-0.01319921906672949,PASS,2026-04-20T12:14:39Z,D20260420.01
3690.HK,HK,equity,2021-07-08,281.8,283.8,265.8,267.6,286.0,43323881.0,11726618211.2,-0.06433566433566429,-0.06433566433566429,-0.06649848256577916,PASS,2026-04-20T12:14:39Z,D20260420.01
3690.HK,HK,equity,2021-07-09,264.2,285.4,258.0,279.2,267.6,46931905.0,12853167729.39,0.04334828101644228,0.04334828101644228,0.04243504263414386,PASS,2026-04-20T12:14:39Z,D20260420.01
3690.HK,HK,equity,2021-07-12,287.0,291.4,281.8,285.2,279.2,22668759.0,6481960802.6,0.02148997134670494,0.02148997134670494,0.021262317651923532,PASS,2026-04-20T12:14:39Z,D20260420.01
3690.HK,HK,equity,2021-07-13,284.0,302.0,280.8,295.0,285.2,25187613.0,7442205735.25,0.03436185133239844,0.03436185133239844,0.03378466779967907,PASS,2026-04-20T12:14:39Z,D20260420.01
3690.HK,HK,equity,2021-07-14,293.0,294.8,281.6,290.0,295.0,24001923.0,6903524841.97,-0.016949152542372836,-0.016949152542372836,-0.017094433359300068,PASS,2026-04-20T12:14:39Z,D20260420.01
3690.HK,HK,equity,2021-07-15,289.4,294.8,287.2,290.4,290.0,13427920.0,3904874270.2,0.0013793103448274113,0.0013793103448274113,0.001378359970121138,PASS,2026-04-20T12:14:39Z,D20260420.01
3690.HK,HK,equity,2021-07-16,287.6,295.6,284.2,290.8,290.4,12235819.0,3551127057.78,0.0013774104683197397,0.0013774104683197397,0.0013764627087234573,PASS,2026-04-20T12:14:39Z,D20260420.01
3690.HK,HK,equity,2021-07-19,284.8,285.0,272.0,276.2,290.8,23214788.0,6441795780.1,-0.05020632737276487,-0.05020632737276487,-0.05151050468417264,PASS,2026-04-20T12:14:39Z,D20260420.01
3690.HK,HK,equity,2021-07-20,272.4,279.8,271.6,275.2,276.2,14740972.0,4050355340.04,-0.003620564808110016,-0.003620564808110016,-0.0036271349160030986,PASS,2026-04-20T12:14:39Z,D20260420.01
3690.HK,HK,equity,2021-07-21,271.6,274.0,266.4,270.2,275.2,21252300.0,5723575644.3,-0.018168604651162767,-0.018168604651162767,-0.01833568053309009,PASS,2026-04-20T12:14:39Z,D20260420.01
3690.HK,HK,equity,2021-07-22,273.8,281.8,272.4,279.8,270.2,17738480.0,4942636927.61,0.03552923760177662,0.03552923760177662,0.03491263670528247,PASS,2026-04-20T12:14:39Z,D20260420.01
3690.HK,HK,equity,2021-07-23,280.4,280.8,270.8,273.2,279.8,15386626.0,4208081505.19,-0.02358827734095792,-0.02358827734095792,-0.023870934534745897,PASS,2026-04-20T12:14:39Z,D20260420.01
3690.HK,HK,equity,2021-07-26,259.2,265.0,232.4,235.6,273.2,82759612.0,20526287961.46,-0.13762811127379204,-0.13762811127379204,-0.1480686759192033,PASS,2026-04-20T12:14:39Z,D20260420.01
3690.HK,HK,equity,2021-07-27,235.6,235.6,194.0,194.0,235.6,165740968.0,34667847820.29,-0.1765704584040747,-0.1765704584040747,-0.19427729271410352,PASS,2026-04-20T12:14:39Z,D20260420.01
3690.HK,HK,equity,2021-07-28,196.8,217.6,190.4,208.6,194.0,127665813.0,25850692257.93,0.07525773195876284,0.07525773195876284,0.0725603835033439,PASS,2026-04-20T12:14:39Z,D20260420.01
3690.HK,HK,equity,2021-07-29,230.6,231.4,220.2,228.4,208.6,89287107.0,20263630608.36,0.09491850431447757,0.09491850431447757,0.09067993521518317,PASS,2026-04-20T12:14:39Z,D20260420.01
3690.HK,HK,equity,2021-07-30,219.0,220.6,204.6,215.0,228.4,49329194.0,10498499680.7,-0.05866900175131351,-0.05866900175131351,-0.06046044965419238,PASS,2026-04-20T12:14:39Z,D20260420.01
3690.HK,HK,equity,2021-08-02,217.0,219.6,205.0,216.0,215.0,25875297.0,5508124214.95,0.0046511627906977715,0.0046511627906977715,0.004640379556502301,PASS,2026-04-20T12:14:39Z,D20260420.01
3690.HK,HK,equity,2021-08-03,218.6,218.6,199.8,211.6,216.0,30559039.0,6376749464.7,-0.020370370370370372,-0.020370370370370372,-0.020580707700020687,PASS,2026-04-20T12:14:39Z,D20260420.01
3690.HK,HK,equity,2021-08-04,208.8,223.6,204.0,213.6,211.6,27873850.0,5975593008.39,0.00945179584120992,0.00945179584120992,0.009407407101895547,PASS,2026-04-20T12:14:39Z,D20260420.01
3690.HK,HK,equity,2021-08-05,213.6,220.0,208.4,211.2,213.6,17599873.0,3770808533.56,-0.011235955056179803,-0.011235955056179803,-0.011299555253933394,PASS,2026-04-20T12:14:39Z,D20260420.01
3690.HK,HK,equity,2021-08-06,220.4,220.4,205.0,213.8,211.2,18318848.0,3880039918.49,0.012310606060606188,0.012310606060606188,0.012235446758838569,PASS,2026-04-20T12:14:39Z,D20260420.01
3690.HK,HK,equity,2021-08-09,212.0,230.8,209.8,220.4,213.8,30191591.0,6716629724.04,0.030869971936389184,0.030869971936389184,0.030403078687814607,PASS,2026-04-20T12:14:39Z,D20260420.01
3690.HK,HK,equity,2021-08-10,226.0,241.0,225.0,239.0,220.4,41723449.0,9804228234.43,0.0843920145190562,0.0843920145190562,0.0810194746527512,PASS,2026-04-20T12:14:39Z,D20260420.01
3690.HK,HK,equity,2021-08-11,236.0,243.0,232.6,237.2,239.0,24673817.0,5842162614.13,-0.007531380753138084,-0.007531380753138084,-0.007559884807940288,PASS,2026-04-20T12:14:39Z,D20260420.01
3690.HK,HK,equity,2021-08-12,233.0,244.4,233.0,236.6,237.2,25626912.0,6122089897.8,-0.002529510961214121,-0.002529510961214121,-0.0025327155792839403,PASS,2026-04-20T12:14:39Z,D20260420.01
3690.HK,HK,equity,2021-08-13,232.0,238.8,230.6,233.4,236.6,16019697.0,3751675133.7,-0.013524936601859605,-0.013524936601859605,-0.013617231691830718,PASS,2026-04-20T12:14:39Z,D20260420.01
3690.HK,HK,equity,2021-08-16,231.0,234.6,217.0,221.4,233.4,27143724.0,6046895287.5,-0.05141388174807193,-0.05141388174807193,-0.052782699577919055,PASS,2026-04-20T12:14:39Z,D20260420.01
3690.HK,HK,equity,2021-08-17,217.6,224.0,211.0,213.6,221.4,22502996.0,4856941698.3,-0.035230352303523116,-0.035230352303523116,-0.035865913188496815,PASS,2026-04-20T12:14:39Z,D20260420.01
3690.HK,HK,equity,2021-08-18,219.0,225.6,211.8,218.2,213.6,27194037.0,5978594692.66,0.021535580524344455,0.021535580524344455,0.02130696631293056,PASS,2026-04-20T12:14:39Z,D20260420.01
3690.HK,HK,equity,2021-08-19,217.4,222.6,200.0,202.6,218.2,36878005.0,7607193115.65,-0.07149404216315303,-0.07149404216315303,-0.07417848158438739,PASS,2026-04-20T12:14:39Z,D20260420.01
3690.HK,HK,equity,2021-08-20,200.0,200.4,183.2,193.4,202.6,54748972.0,10540466195.2,-0.045409674234945685,-0.045409674234945685,-0.046473008795389036,PASS,2026-04-20T12:14:39Z,D20260420.01
3690.HK,HK,equity,2021-08-23,200.0,203.6,190.0,195.4,193.4,32157538.0,6348878336.64,0.010341261633919352,0.010341261633919352,0.010288156589488428,PASS,2026-04-20T12:14:39Z,D20260420.01
3690.HK,HK,equity,2021-08-24,200.4,224.2,200.4,221.8,195.4,43795211.0,9448331163.39,0.13510747185260996,0.13510747185260996,0.12672733530758423,PASS,2026-04-20T12:14:39Z,D20260420.01
3690.HK,HK,equity,2021-08-25,231.8,235.8,223.4,227.0,221.8,41974276.0,9634970655.69,0.023444544634806164,0.023444544634806164,0.023173942565136045,PASS,2026-04-20T12:14:39Z,D20260420.01
3690.HK,HK,equity,2021-08-26,227.0,231.0,221.0,226.8,227.0,17311459.0,3906816826.84,-0.0008810572687224516,-0.0008810572687224516,-0.0008814456278056542,PASS,2026-04-20T12:14:39Z,D20260420.01
3690.HK,HK,equity,2021-08-27,226.8,234.4,224.0,225.0,226.8,21087902.0,4818429034.0,-0.00793650793650802,-0.00793650793650802,-0.007968169649176958,PASS,2026-04-20T12:14:39Z,D20260420.01
3690.HK,HK,equity,2021-08-30,229.0,231.0,221.4,228.4,225.0,19898069.0,4513473880.33,0.015111111111111075,0.015111111111111075,0.014998075577434985,PASS,2026-04-20T12:14:39Z,D20260420.01
3690.HK,HK,equity,2021-08-31,236.2,249.0,223.6,249.0,228.4,77441090.0,18595498796.12,0.0901926444833625,0.0901926444833625,0.08635441868285244,PASS,2026-04-20T12:14:39Z,D20260420.01
3690.HK,HK,equity,2021-09-01,249.0,257.0,244.0,253.4,249.0,56121987.0,14087844254.2,0.017670682730923648,0.017670682730923648,0.017516371422331017,PASS,2026-04-20T12:14:39Z,D20260420.01
3690.HK,HK,equity,2021-09-02,263.4,267.6,250.0,253.6,253.4,43736792.0,11309876433.04,0.0007892659826360671,0.0007892659826360671,0.0007889546760320998,PASS,2026-04-20T12:14:39Z,D20260420.01
3690.HK,HK,equity,2021-09-03,249.4,251.0,239.4,244.8,253.6,46118676.0,11261452231.32,-0.034700315457413144,-0.034700315457413144,-0.035316671924899734,PASS,2026-04-20T12:14:39Z,D20260420.01
3690.HK,HK,equity,2021-09-06,239.0,249.4,238.8,247.4,244.8,23335163.0,5705480089.58,0.0106209150326797,0.0106209150326797,0.01056490932021647,PASS,2026-04-20T12:14:39Z,D20260420.01
3690.HK,HK,equity,2021-09-07,251.0,263.0,249.2,257.4,247.4,35642442.0,9192471883.88,0.04042037186742098,0.04042037186742098,0.03962483520363857,PASS,2026-04-20T12:14:39Z,D20260420.01
3690.HK,HK,equity,2021-09-08,261.6,267.8,256.4,261.0,257.4,27199752.0,7135105141.93,0.013986013986014179,0.013986013986014179,0.013889112160667311,PASS,2026-04-20T12:14:39Z,D20260420.01
3690.HK,HK,equity,2021-09-09,255.4,258.0,245.6,248.6,261.0,28952413.0,7279692057.05,-0.04750957854406135,-0.04750957854406135,-0.04867522824608272,PASS,2026-04-20T12:14:39Z,D20260420.01
3690.HK,HK,equity,2021-09-10,252.0,262.6,251.6,259.4,248.6,18803186.0,4870191934.97,0.043443282381335324,0.043443282381335324,0.04252609280573262,PASS,2026-04-20T12:14:39Z,D20260420.01
3690.HK,HK,equity,2021-09-13,251.2,254.0,239.0,247.8,259.4,24934818.0,6110075124.7,-0.04471858134155726,-0.04471858134155726,-0.04574930268730125,PASS,2026-04-20T12:14:39Z,D20260420.01
3690.HK,HK,equity,2021-09-14,247.8,251.0,238.6,245.0,247.8,18788167.0,4594418781.78,-0.011299435028248594,-0.011299435028248594,-0.011363758650315095,PASS,2026-04-20T12:14:39Z,D20260420.01
3690.HK,HK,equity,2021-09-15,236.2,241.4,232.6,234.0,245.0,21866401.0,5166493263.18,-0.04489795918367345,-0.04489795918367345,-0.04593709518702554,PASS,2026-04-20T12:14:39Z,D20260420.01
3690.HK,HK,equity,2021-09-16,231.0,238.2,230.4,232.6,234.0,16031559.0,3738443377.92,-0.005982905982905962,-0.005982905982905962,-0.006000875273137357,PASS,2026-04-20T12:14:39Z,D20260420.01
3690.HK,HK,equity,2021-09-17,230.8,243.8,228.4,240.8,232.6,19870460.0,4758415183.2,0.03525365434221839,0.03525365434221839,0.03464647335010191,PASS,2026-04-20T12:14:39Z,D20260420.01
3690.HK,HK,equity,2021-09-20,237.0,237.4,230.4,234.6,240.8,11665337.0,2737436470.56,-0.02574750830564787,-0.02574750830564787,-0.026084777215290917,PASS,2026-04-20T12:14:39Z,D20260420.01
3690.HK,HK,equity,2021-09-21,230.0,232.0,224.8,230.6,234.6,18293893.0,4178421470.7,-0.01705029838022165,-0.01705029838022165,-0.017197328384416434,PASS,2026-04-20T12:14:39Z,D20260420.01
3690.HK,HK,equity,2021-09-23,238.0,247.8,237.0,242.6,230.6,28399235.0,6861533112.74,0.05203816131830008,0.05203816131830008,0.0507293886749911,PASS,2026-04-20T12:14:39Z,D20260420.01
3690.HK,HK,equity,2021-09-24,242.2,252.0,241.2,244.6,242.6,23980206.0,5933197480.2,0.008244023083264551,0.008244023083264551,0.008210226743122143,PASS,2026-04-20T12:14:39Z,D20260420.01
3690.HK,HK,equity,2021-09-27,243.2,256.8,243.2,248.4,244.6,22688044.0,5707969794.3,0.015535568274734235,0.015535568274734235,0.015416126806251694,PASS,2026-04-20T12:14:39Z,D20260420.01
3690.HK,HK,equity,2021-09-28,252.0,256.8,249.2,251.8,248.4,20017062.0,5072472909.9,0.013687600644122444,0.013687600644122444,0.013594771550923153,PASS,2026-04-20T12:14:39Z,D20260420.01
3690.HK,HK,equity,2021-09-29,245.0,250.8,238.0,250.0,251.8,13265074.0,3263219792.27,-0.007148530579825341,-0.007148530579825341,-0.007174203748000442,PASS,2026-04-20T12:14:39Z,D20260420.01
3690.HK,HK,equity,2021-09-30,243.0,248.4,241.6,246.6,250.0,12907162.0,3172068981.58,-0.013600000000000056,-0.013600000000000056,-0.013693327132002567,PASS,2026-04-20T12:14:39Z,D20260420.01
3690.HK,HK,equity,2021-10-04,242.4,246.2,235.4,236.8,246.6,14934956.0,3563079895.9,-0.03974047039740458,-0.03974047039740458,-0.04055168772039318,PASS,2026-04-20T12:14:39Z,D20260420.01
3690.HK,HK,equity,2021-10-05,231.2,237.0,229.8,233.6,236.8,15546940.0,3633810850.09,-0.013513513513513598,-0.013513513513513598,-0.013605652055778709,PASS,2026-04-20T12:14:39Z,D20260420.01
3690.HK,HK,equity,2021-10-06,237.0,237.0,228.2,228.6,233.6,15286557.0,3521554574.6,-0.021404109589041043,-0.021404109589041043,-0.021636499593361655,PASS,2026-04-20T12:14:39Z,D20260420.01
3690.HK,HK,equity,2021-10-07,236.8,252.8,234.6,250.8,228.6,22228487.0,5459897101.48,0.09711286089238857,0.09711286089238857,0.09268205739805546,PASS,2026-04-20T12:14:39Z,D20260420.01
3690.HK,HK,equity,2021-10-08,258.2,258.2,248.8,256.0,250.8,26350580.0,6696252108.48,0.020733652312599604,0.020733652312599604,0.02052163572079677,PASS,2026-04-20T12:14:39Z,D20260420.01
3690.HK,HK,equity,2021-10-11,270.0,280.6,265.6,277.4,256.0,54578979.0,15032979204.87,0.08359374999999991,0.08359374999999991,0.08028306340116866,PASS,2026-04-20T12:14:39Z,D20260420.01
3690.HK,HK,equity,2021-10-12,273.0,277.6,268.0,269.0,277.4,27949555.0,7602221031.64,-0.03028118240807487,-0.03028118240807487,-0.030749128278891993,PASS,2026-04-20T12:14:39Z,D20260420.01
3690.HK,HK,equity,2021-10-15,275.0,281.0,272.8,280.8,269.0,45778121.0,12702160471.59,0.04386617100371759,0.04386617100371759,0.04293129254981706,PASS,2026-04-20T12:14:39Z,D20260420.01
3690.HK,HK,equity,2021-10-18,280.0,280.6,269.2,280.4,280.8,20471250.0,5631673152.16,-0.0014245014245015675,-0.0014245014245015675,-0.0014255169912211724,PASS,2026-04-20T12:14:39Z,D20260420.01
3690.HK,HK,equity,2021-10-19,280.4,288.0,278.0,285.6,280.4,17509802.0,5000354537.88,0.018544935805991702,0.018544935805991702,0.01837507530499455,PASS,2026-04-20T12:14:39Z,D20260420.01
3690.HK,HK,equity,2021-10-20,290.0,297.8,289.0,293.8,285.6,38356351.0,11276452749.83,0.028711484593837433,0.028711484593837433,0.02830703327434751,PASS,2026-04-20T12:14:39Z,D20260420.01
3690.HK,HK,equity,2021-10-21,295.4,298.0,284.4,288.4,293.8,28901998.0,8432664521.45,-0.01837985023825739,-0.01837985023825739,-0.018550858328982994,PASS,2026-04-20T12:14:39Z,D20260420.01
3690.HK,HK,equity,2021-10-22,290.0,292.8,283.2,289.2,288.4,12113045.0,3500333958.05,0.00277392510402219,0.00277392510402219,0.0027700848738156096,PASS,2026-04-20T12:14:39Z,D20260420.01
3690.HK,HK,equity,2021-10-25,285.4,294.8,285.0,286.8,289.2,15930495.0,4610574555.46,-0.008298755186721962,-0.008298755186721962,-0.0083333815591443,PASS,2026-04-20T12:14:39Z,D20260420.01
3690.HK,HK,equity,2021-10-26,286.0,288.0,280.8,283.0,286.8,13595769.0,3859581280.22,-0.01324965132496514,-0.01324965132496514,-0.013338211082227675,PASS,2026-04-20T12:14:39Z,D20260420.01
3690.HK,HK,equity,2021-10-27,275.0,275.8,267.6,268.6,283.0,23823732.0,6435615164.4,-0.05088339222614835,-0.05088339222614835,-0.05222361355410036,PASS,2026-04-20T12:14:39Z,D20260420.01
3690.HK,HK,equity,2021-10-28,275.2,277.2,269.8,272.2,268.6,13575181.0,3701396723.12,0.013402829486224732,0.013402829486224732,0.013313806128228361,PASS,2026-04-20T12:14:39Z,D20260420.01
3690.HK,HK,equity,2021-10-29,271.4,276.0,269.2,269.6,272.2,14380080.0,3912608587.3,-0.009551800146950673,-0.009551800146950673,-0.009597711179213628,PASS,2026-04-20T12:14:39Z,D20260420.01
3690.HK,HK,equity,2021-11-01,267.0,272.4,263.2,267.4,269.6,13360881.0,3567201697.2,-0.008160237388724179,-0.008160237388724179,-0.008193714370309309,PASS,2026-04-20T12:14:39Z,D20260420.01
3690.HK,HK,equity,2021-11-02,278.2,285.4,269.4,271.0,267.4,20579374.0,5705805816.3,0.013462976813762184,0.013462976813762184,0.013373156211858127,PASS,2026-04-20T12:14:39Z,D20260420.01
3690.HK,HK,equity,2021-11-03,277.4,277.6,267.8,277.0,271.0,14426808.0,3951494562.89,0.022140221402213944,0.022140221402213944,0.021898685307637524,PASS,2026-04-20T12:14:39Z,D20260420.01
3690.HK,HK,equity,2021-11-04,282.0,286.8,280.4,286.0,277.0,16494718.0,4680235938.3,0.032490974729241895,0.032490974729241895,0.031974304632514106,PASS,2026-04-20T12:14:39Z,D20260420.01
3690.HK,HK,equity,2021-11-05,279.4,282.4,274.0,276.8,286.0,14726028.0,4105310073.49,-0.032167832167832144,-0.032167832167832144,-0.03269658707633807,PASS,2026-04-20T12:14:39Z,D20260420.01
3690.HK,HK,equity,2021-11-08,274.6,275.8,267.2,271.2,276.8,14403163.0,3906468972.32,-0.020231213872832443,-0.020231213872832443,-0.02043866767727407,PASS,2026-04-20T12:14:39Z,D20260420.01
3690.HK,HK,equity,2021-11-09,276.4,276.6,268.0,270.4,271.2,10236993.0,2772381522.0,-0.002949852507374673,-0.002949852507374673,-0.00295421189743152,PASS,2026-04-20T12:14:39Z,D20260420.01
3690.HK,HK,equity,2021-11-10,270.4,277.6,266.8,277.4,270.4,12138458.0,3311673267.82,0.025887573964497035,0.025887573964497035,0.025558163711922183,PASS,2026-04-20T12:14:39Z,D20260420.01
3690.HK,HK,equity,2021-11-11,275.2,285.8,272.0,282.4,277.4,15036145.0,4211293783.2,0.018024513338139814,0.018024513338139814,0.01786399773835574,PASS,2026-04-20T12:14:39Z,D20260420.01
3690.HK,HK,equity,2021-11-12,289.8,292.6,287.2,289.8,282.4,22694413.0,6586125051.7,0.02620396600566588,0.02620396600566588,0.025866524267495146,PASS,2026-04-20T12:14:39Z,D20260420.01
3690.HK,HK,equity,2021-11-15,291.0,293.4,284.2,289.6,289.8,11339494.0,3272724791.72,-0.0006901311249136732,-0.0006901311249136732,-0.0006903693750206432,PASS,2026-04-20T12:14:39Z,D20260420.01
3690.HK,HK,equity,2021-11-16,289.6,297.6,287.6,297.4,289.6,19416943.0,5728439061.5,0.026933701657458453,0.026933701657458453,0.02657737351449329,PASS,2026-04-20T12:14:39Z,D20260420.01
3690.HK,HK,equity,2021-11-17,295.0,296.6,290.4,292.6,297.4,11680027.0,3420010051.8,-0.016139878950907738,-0.016139878950907738,-0.016271545440030632,PASS,2026-04-20T12:14:39Z,D20260420.01
3690.HK,HK,equity,2021-11-18,285.0,286.4,277.6,285.4,292.6,15189245.0,4303656068.89,-0.024606971975393188,-0.024606971975393188,-0.024914783543288056,PASS,2026-04-20T12:14:39Z,D20260420.01
3690.HK,HK,equity,2021-11-19,279.4,282.2,273.0,280.8,285.4,17487510.0,4863745404.84,-0.016117729502452605,-0.016117729502452605,-0.016249032891079894,PASS,2026-04-20T12:14:39Z,D20260420.01
3690.HK,HK,equity,2021-11-22,278.0,279.4,268.8,274.0,280.8,19704966.0,5379133477.8,-0.024216524216524205,-0.024216524216524205,-0.024514565763585818,PASS,2026-04-20T12:14:39Z,D20260420.01
3690.HK,HK,equity,2021-11-23,267.0,268.8,264.6,265.4,274.0,15575043.0,4149844741.8,-0.0313868613138687,-0.0313868613138687,-0.03188998448996318,PASS,2026-04-20T12:14:39Z,D20260420.01
3690.HK,HK,equity,2021-11-24,265.4,281.8,265.0,273.4,265.4,21714997.0,5938339494.04,0.03014318010550121,0.03014318010550121,0.029697802391742127,PASS,2026-04-20T12:14:39Z,D20260420.01
3690.HK,HK,equity,2021-11-25,273.4,276.8,268.0,274.2,273.4,12784951.0,3482133865.46,0.002926115581565414,0.002926115581565414,0.002921842838364772,PASS,2026-04-20T12:14:39Z,D20260420.01
3690.HK,HK,equity,2021-11-26,268.0,269.4,260.2,263.6,274.2,19649028.0,5187536420.4,-0.038657913931436805,-0.038657913931436805,-0.039424964499861756,PASS,2026-04-20T12:14:39Z,D20260420.01
3690.HK,HK,equity,2021-11-29,240.4,248.4,240.4,245.0,263.6,55011133.0,13402738126.94,-0.07056145675265557,-0.07056145675265557,-0.0731745920836252,PASS,2026-04-20T12:14:39Z,D20260420.01
3690.HK,HK,equity,2021-11-30,242.0,244.0,230.2,238.0,245.0,41440947.0,9781214357.39,-0.02857142857142858,-0.02857142857142858,-0.028987536873252298,PASS,2026-04-20T12:14:39Z,D20260420.01
3690.HK,HK,equity,2021-12-01,238.0,249.0,237.4,244.6,238.0,21863166.0,5356206969.56,0.02773109243697469,0.02773109243697469,0.02735354958159719,PASS,2026-04-20T12:14:39Z,D20260420.01
3690.HK,HK,equity,2021-12-02,240.2,252.0,238.2,247.8,244.6,17078175.0,4221375033.32,0.013082583810302584,0.013082583810302584,0.01299774594197014,PASS,2026-04-20T12:14:39Z,D20260420.01
3690.HK,HK,equity,2021-12-03,243.2,244.6,234.6,241.2,247.8,30985281.0,7423373971.27,-0.026634382566586012,-0.026634382566586012,-0.026995504342011752,PASS,2026-04-20T12:14:39Z,D20260420.01
3690.HK,HK,equity,2021-12-06,236.2,245.8,231.0,232.4,241.2,34298272.0,8108274107.6,-0.036484245439469265,-0.036484245439469265,-0.037166439875274154,PASS,2026-04-20T12:14:39Z,D20260420.01
3690.HK,HK,equity,2021-12-07,239.8,246.6,236.4,245.8,232.4,26956099.0,6502421400.4,0.057659208261617856,0.057659208261617856,0.05605817215417824,PASS,2026-04-20T12:14:39Z,D20260420.01
3690.HK,HK,equity,2021-12-08,250.0,253.4,245.0,245.2,245.8,17961861.0,4454403899.9,-0.0024410089503662524,-0.0024410089503662524,-0.0024439930698782137,PASS,2026-04-20T12:14:39Z,D20260420.01
3690.HK,HK,equity,2021-12-09,251.2,252.0,245.2,247.0,245.2,16500427.0,4095229132.28,0.007340946166394913,0.007340946166394913,0.007314132565920994,PASS,2026-04-20T12:14:39Z,D20260420.01
3690.HK,HK,equity,2021-12-10,247.0,251.0,240.2,243.0,247.0,22238652.0,5450328934.35,-0.01619433198380571,-0.01619433198380571,-0.01632689328742878,PASS,2026-04-20T12:14:39Z,D20260420.01
3690.HK,HK,equity,2021-12-13,246.2,256.6,245.6,248.0,243.0,23961728.0,6031867013.96,0.020576131687242816,0.020576131687242816,0.020367302824433733,PASS,2026-04-20T12:14:39Z,D20260420.01
3690.HK,HK,equity,2021-12-14,243.0,248.0,242.2,246.2,248.0,14275556.0,3506625822.14,-0.007258064516129092,-0.007258064516129092,-0.007284532414629099,PASS,2026-04-20T12:14:39Z,D20260420.01
3690.HK,HK,equity,2021-12-15,243.4,246.2,240.2,241.8,246.2,12522375.0,3043843690.5,-0.017871649065800077,-0.017871649065800077,-0.01803327556966075,PASS,2026-04-20T12:14:39Z,D20260420.01
3690.HK,HK,equity,2021-12-16,238.8,240.2,229.2,238.4,241.8,19372057.0,4540794738.55,-0.014061207609594728,-0.014061207609594728,-0.014161002989497627,PASS,2026-04-20T12:14:39Z,D20260420.01
3690.HK,HK,equity,2021-12-17,237.0,237.0,225.2,225.8,238.4,24909630.0,5670816692.36,-0.05285234899328861,-0.05285234899328861,-0.05430028347563307,PASS,2026-04-20T12:14:39Z,D20260420.01
3690.HK,HK,equity,2021-12-20,224.6,228.2,215.2,219.2,225.8,19537037.0,4313600177.76,-0.029229406554473036,-0.029229406554473036,-0.029665096641701225,PASS,2026-04-20T12:14:39Z,D20260420.01
3690.HK,HK,equity,2021-12-21,216.8,231.8,216.2,229.0,219.2,22538844.0,5095509732.25,0.04470802919708028,0.04470802919708028,0.043737448480379165,PASS,2026-04-20T12:14:39Z,D20260420.01
3690.HK,HK,equity,2021-12-22,233.0,239.8,228.2,230.4,229.0,12951440.0,3019277679.41,0.006113537117903967,0.006113537117903967,0.0060949252674965615,PASS,2026-04-20T12:14:39Z,D20260420.01
3690.HK,HK,equity,2021-12-23,224.4,228.2,217.8,226.6,230.4,21859122.0,4889485776.36,-0.01649305555555558,-0.01649305555555558,-0.01663058022783026,PASS,2026-04-20T12:14:39Z,D20260420.01
3690.HK,HK,equity,2021-12-24,229.8,229.8,224.0,226.0,226.6,6023974.0,1363964212.07,-0.0026478375992938785,-0.0026478375992938785,-0.002651349321620031,PASS,2026-04-20T12:14:39Z,D20260420.01
3690.HK,HK,equity,2021-12-28,227.6,228.4,217.0,223.4,226.0,19511435.0,4325497052.89,-0.011504424778761013,-0.011504424778761013,-0.011571112637185495,PASS,2026-04-20T12:14:39Z,D20260420.01
3690.HK,HK,equity,2021-12-29,222.8,222.8,214.8,216.0,223.4,14075343.0,3054259161.31,-0.033124440465532756,-0.033124440465532756,-0.03368547895093541,PASS,2026-04-20T12:14:39Z,D20260420.01
3690.HK,HK,equity,2021-12-30,215.6,221.8,213.4,218.4,216.0,10527641.0,2295319223.78,0.011111111111111072,0.011111111111111072,0.011049836186584935,PASS,2026-04-20T12:14:39Z,D20260420.01
3690.HK,HK,equity,2021-12-31,228.8,232.4,225.4,225.4,218.4,9609156.0,2193947387.28,0.03205128205128216,0.03205128205128216,0.03154835773492606,PASS,2026-04-20T12:14:39Z,D20260420.01
3690.HK,HK,equity,2022-01-03,229.0,232.2,221.2,223.4,225.4,6017145.0,1349511800.8,-0.008873114463176623,-0.008873114463176623,-0.008912714970575641,PASS,2026-04-20T12:14:39Z,D20260420.01
3690.HK,HK,equity,2022-01-04,222.8,225.8,216.4,219.6,223.4,13311694.0,2933279064.5,-0.017009847806624956,-0.017009847806624956,-0.017156176999724836,PASS,2026-04-20T12:14:39Z,D20260420.01
3690.HK,HK,equity,2022-01-05,211.0,212.0,193.6,195.1,219.6,53165889.0,10632894434.75,-0.11156648451730422,-0.11156648451730422,-0.11829546200631008,PASS,2026-04-20T12:14:39Z,D20260420.01
3690.HK,HK,equity,2022-01-06,195.0,203.6,191.8,202.2,195.1,29435398.0,5825377887.47,0.03639159405433112,0.03639159405433112,0.03574505895730552,PASS,2026-04-20T12:14:39Z,D20260420.01
3690.HK,HK,equity,2022-01-07,208.0,209.2,201.4,204.0,202.2,23027044.0,4714854081.86,0.008902077151335286,0.008902077151335286,0.008862687257845324,PASS,2026-04-20T12:14:39Z,D20260420.01
3690.HK,HK,equity,2022-01-10,202.0,210.6,198.3,206.6,204.0,20952466.0,4315804531.34,0.012745098039215641,0.012745098039215641,0.012664562841321737,PASS,2026-04-20T12:14:39Z,D20260420.01
3690.HK,HK,equity,2022-01-11,209.4,211.8,203.4,208.0,206.6,15263461.0,3181208138.61,0.006776379477250849,0.006776379477250849,0.006753523015779924,PASS,2026-04-20T12:14:39Z,D20260420.01
3690.HK,HK,equity,2022-01-12,216.0,228.4,215.0,227.0,208.0,30954151.0,6936030012.73,0.09134615384615374,0.09134615384615374,0.0874119377800846,PASS,2026-04-20T12:14:39Z,D20260420.01
3690.HK,HK,equity,2022-01-13,228.0,231.2,221.8,226.2,227.0,18464506.0,4174513323.3,-0.0035242290748899174,-0.0035242290748899174,-0.003530453799382645,PASS,2026-04-20T12:14:39Z,D20260420.01
3690.HK,HK,equity,2022-01-14,215.0,221.0,212.2,220.6,226.2,23662887.0,5144457886.8,-0.024756852343059244,-0.024756852343059244,-0.025068456862617987,PASS,2026-04-20T12:14:39Z,D20260420.01
3690.HK,HK,equity,2022-01-17,219.0,221.0,213.0,216.6,220.6,14712314.0,3181525128.81,-0.018132366273798772,-0.018132366273798772,-0.0182987722525119,PASS,2026-04-20T12:14:39Z,D20260420.01
3690.HK,HK,equity,2022-01-18,216.6,228.0,213.4,215.8,216.6,16482922.0,3623370439.19,-0.003693444136657398,-0.003693444136657398,-0.0037002817428559167,PASS,2026-04-20T12:14:39Z,D20260420.01
3690.HK,HK,equity,2022-01-19,216.8,220.0,210.8,214.4,215.8,17405542.0,3737573534.12,-0.006487488415199305,-0.006487488415199305,-0.006508623627387409,PASS,2026-04-20T12:14:39Z,D20260420.01
3690.HK,HK,equity,2022-01-20,217.0,241.2,215.2,238.0,214.4,43804700.0,10146170301.19,0.1100746268656716,0.1100746268656716,0.10442724447482774,PASS,2026-04-20T12:14:39Z,D20260420.01
3690.HK,HK,equity,2022-01-21,235.0,242.4,233.6,238.0,238.0,30191207.0,7156720288.54,0.0,0.0,0.0,PASS,2026-04-20T12:14:39Z,D20260420.01
3690.HK,HK,equity,2022-01-24,233.2,238.0,226.6,232.8,238.0,22769733.0,5317952249.2,-0.02184873949579824,-0.02184873949579824,-0.022090957814191858,PASS,2026-04-20T12:14:39Z,D20260420.01
3690.HK,HK,equity,2022-01-25,226.8,230.6,221.0,225.8,232.8,25026259.0,5678747732.09,-0.030068728522336774,-0.030068728522336774,-0.03053006414172112,PASS,2026-04-20T12:14:39Z,D20260420.01
3690.HK,HK,equity,2022-01-26,224.2,229.8,220.0,225.0,225.8,22040731.0,4949034412.88,-0.003542958370239213,-0.003542958370239213,-0.0035492495111415744,PASS,2026-04-20T12:14:39Z,D20260420.01
3690.HK,HK,equity,2022-01-27,216.4,217.0,203.6,209.4,225.0,34183417.0,7141956577.66,-0.06933333333333336,-0.06933333333333336,-0.07185410376798368,PASS,2026-04-20T12:14:39Z,D20260420.01
3690.HK,HK,equity,2022-01-28,203.2,210.4,200.4,208.0,209.4,22081953.0,4553698914.83,-0.006685768863419317,-0.006685768863419317,-0.0067082187351185305,PASS,2026-04-20T12:14:39Z,D20260420.01
3690.HK,HK,equity,2022-01-31,212.4,222.4,212.2,219.6,208.0,16342741.0,3559365707.69,0.05576923076923079,0.05576923076923079,0.054269629934057616,PASS,2026-04-20T12:14:39Z,D20260420.01
3690.HK,HK,equity,2022-02-04,226.6,228.8,221.2,226.8,219.6,11967427.0,2707355394.6,0.032786885245901676,0.032786885245901676,0.03226086221822148,PASS,2026-04-20T12:14:39Z,D20260420.01
3690.HK,HK,equity,2022-02-07,229.6,229.6,218.2,225.8,226.8,15057139.0,3359281351.94,-0.0044091710758377145,-0.0044091710758377145,-0.004418920138035335,PASS,2026-04-20T12:14:39Z,D20260420.01
3690.HK,HK,equity,2022-02-08,225.6,225.6,215.2,221.0,225.8,13414299.0,2950951903.6,-0.021257750221434946,-0.021257750221434946,-0.021486950197808875,PASS,2026-04-20T12:14:39Z,D20260420.01
3690.HK,HK,equity,2022-02-09,228.8,232.2,227.8,229.2,221.0,16036174.0,3680968663.62,0.03710407239818991,0.03710407239818991,0.036432283322831556,PASS,2026-04-20T12:14:39Z,D20260420.01
3690.HK,HK,equity,2022-02-10,233.0,235.8,225.4,233.0,229.2,13890467.0,3200155218.0,0.016579406631762605,0.016579406631762605,0.01644346872511602,PASS,2026-04-20T12:14:39Z,D20260420.01
3690.HK,HK,equity,2022-02-11,228.2,233.0,224.4,227.8,233.0,15331337.0,3489563609.94,-0.022317596566523545,-0.022317596566523545,-0.02257040255261874,PASS,2026-04-20T12:14:39Z,D20260420.01
3690.HK,HK,equity,2022-02-14,222.8,224.8,216.6,219.6,227.8,18413678.0,4042939012.98,-0.035996488147497896,-0.035996488147497896,-0.036660341377706296,PASS,2026-04-20T12:14:39Z,D20260420.01
3690.HK,HK,equity,2022-02-15,218.0,220.0,212.2,214.0,219.6,15144429.0,3261738811.5,-0.025500910746812377,-0.025500910746812377,-0.025831694613524074,PASS,2026-04-20T12:14:39Z,D20260420.01
3690.HK,HK,equity,2022-02-16,219.0,222.0,216.2,219.4,214.0,12648841.0,2770056871.5,0.025233644859813165,0.025233644859813165,0.024920532819278467,PASS,2026-04-20T12:14:39Z,D20260420.01
3690.HK,HK,equity,2022-02-17,216.0,224.0,216.0,220.8,219.4,11182758.0,2463838685.96,0.006381039197812299,0.006381039197812299,0.006360766561810458,PASS,2026-04-20T12:14:39Z,D20260420.01
3690.HK,HK,equity,2022-02-18,217.4,221.0,182.0,188.0,220.8,82653856.0,16086080935.21,-0.14855072463768115,-0.14855072463768115,-0.16081535157299104,PASS,2026-04-20T12:14:39Z,D20260420.01
3690.HK,HK,equity,2022-02-21,178.0,194.1,178.0,180.5,188.0,80793669.0,14866486628.96,-0.039893617021276584,-0.039893617021276584,-0.040711185057013585,PASS,2026-04-20T12:14:39Z,D20260420.01
3690.HK,HK,equity,2022-02-22,176.8,180.3,166.8,171.3,180.5,61729725.0,10605031204.08,-0.05096952908587249,-0.05096952908587249,-0.052314372442861294,PASS,2026-04-20T12:14:39Z,D20260420.01
3690.HK,HK,equity,2022-02-23,172.2,184.6,171.0,176.6,171.3,43212550.0,7733222968.77,0.03093987157034439,0.03093987157034439,0.03047088283978538,PASS,2026-04-20T12:14:39Z,D20260420.01
3690.HK,HK,equity,2022-02-24,172.9,177.0,166.4,170.2,176.6,38922085.0,6665916631.28,-0.03624009060022648,-0.03624009060022648,-0.03691307203058586,PASS,2026-04-20T12:14:39Z,D20260420.01
3690.HK,HK,equity,2022-02-25,174.1,179.2,170.2,170.2,170.2,27281680.0,4741136841.73,0.0,0.0,0.0,PASS,2026-04-20T12:14:39Z,D20260420.01
3690.HK,HK,equity,2022-02-28,172.0,172.8,165.3,172.2,170.2,28598348.0,4840419269.32,0.011750881316098694,0.011750881316098694,0.011682375854356651,PASS,2026-04-20T12:14:39Z,D20260420.01
3690.HK,HK,equity,2022-03-01,174.6,178.2,170.6,173.4,172.2,27631263.0,4807603737.3,0.006968641114982743,0.006968641114982743,0.006944472352811215,PASS,2026-04-20T12:14:39Z,D20260420.01
3690.HK,HK,equity,2022-03-02,177.0,181.9,175.1,176.4,173.4,29068743.0,5171496067.38,0.01730103806228378,0.01730103806228378,0.017153079226249493,PASS,2026-04-20T12:14:39Z,D20260420.01
3690.HK,HK,equity,2022-03-03,175.6,178.1,169.5,174.2,176.4,22115571.0,3810440064.09,-0.012471655328798237,-0.012471655328798237,-0.012550079154288558,PASS,2026-04-20T12:14:39Z,D20260420.01
3690.HK,HK,equity,2022-03-04,165.0,167.9,161.2,164.8,174.2,48303297.0,7921279626.18,-0.05396096440872544,-0.05396096440872544,-0.055471446943030925,PASS,2026-04-20T12:14:39Z,D20260420.01
3690.HK,HK,equity,2022-03-07,157.0,157.8,145.8,146.2,164.8,66684818.0,10057513446.57,-0.11286407766990303,-0.11286407766990303,-0.11975707015969332,PASS,2026-04-20T12:14:39Z,D20260420.01
3690.HK,HK,equity,2022-03-08,146.0,152.8,144.5,145.5,146.2,47995870.0,7107981010.65,-0.004787961696306353,-0.004787961696306353,-0.004799460704130848,PASS,2026-04-20T12:14:39Z,D20260420.01
3690.HK,HK,equity,2022-03-09,149.1,151.3,139.3,148.5,145.5,40551427.0,5910709128.82,0.020618556701030855,0.020618556701030855,0.020408871631207033,PASS,2026-04-20T12:14:39Z,D20260420.01
3690.HK,HK,equity,2022-03-10,155.7,155.8,141.0,144.2,148.5,35919402.0,5292328827.98,-0.02895622895622907,-0.02895622895622907,-0.029383733391905722,PASS,2026-04-20T12:14:39Z,D20260420.01
3690.HK,HK,equity,2022-03-11,135.0,140.8,126.0,135.4,144.2,72625389.0,9583799908.8,-0.06102635228848807,-0.06102635228848807,-0.06296786437267393,PASS,2026-04-20T12:14:39Z,D20260420.01
3690.HK,HK,equity,2022-03-14,128.0,129.7,111.4,112.6,135.4,103004664.0,12309130798.57,-0.1683899556868539,-0.1683899556868539,-0.18439164477258477,PASS,2026-04-20T12:14:39Z,D20260420.01
3690.HK,HK,equity,2022-03-15,104.1,120.7,103.5,106.0,112.6,105044140.0,11539158830.3,-0.05861456483126104,-0.05861456483126104,-0.0604026215935228,PASS,2026-04-20T12:14:39Z,D20260420.01
3690.HK,HK,equity,2022-03-16,114.3,144.7,110.0,140.0,106.0,137116536.0,17579414808.61,0.320754716981132,0.320754716981132,0.2782033284972371,PASS,2026-04-20T12:14:39Z,D20260420.01
3690.HK,HK,equity,2022-03-17,160.3,166.0,147.2,157.2,140.0,112339654.0,17453763508.35,0.12285714285714278,0.12285714285714278,0.1158764573858018,PASS,2026-04-20T12:14:39Z,D20260420.01
3690.HK,HK,equity,2022-03-18,150.0,158.0,142.0,153.3,157.2,62369007.0,9362951437.78,-0.024809160305343414,-0.024809160305343414,-0.02512209411733763,PASS,2026-04-20T12:14:39Z,D20260420.01
3690.HK,HK,equity,2022-03-21,157.7,158.3,140.8,143.9,153.3,47464792.0,6975151026.95,-0.06131767775603392,-0.06131767775603392,-0.06327817198444631,PASS,2026-04-20T12:14:39Z,D20260420.01
3690.HK,HK,equity,2022-03-22,145.0,154.0,142.6,153.0,143.9,29758929.0,4431901624.14,0.06323835997220284,0.06323835997220284,0.061319307499113254,PASS,2026-04-20T12:14:39Z,D20260420.01
3690.HK,HK,equity,2022-03-23,158.5,165.0,155.2,156.2,153.0,44059464.0,7042174792.9,0.020915032679738488,0.020915032679738488,0.020699316013150056,PASS,2026-04-20T12:14:39Z,D20260420.01
3690.HK,HK,equity,2022-03-24,156.2,157.7,144.3,147.0,156.2,36791648.0,5553028957.24,-0.05889884763124198,-0.05889884763124198,-0.06070465062684927,PASS,2026-04-20T12:14:39Z,D20260420.01
3690.HK,HK,equity,2022-03-25,145.6,149.4,132.6,135.0,147.0,45154541.0,6227057702.03,-0.08163265306122447,-0.08163265306122447,-0.08515780834030683,PASS,2026-04-20T12:14:39Z,D20260420.01
3690.HK,HK,equity,2022-03-28,143.0,155.9,137.0,150.6,135.0,55833698.0,8252029288.18,0.11555555555555541,0.11555555555555541,0.10935253692736363,PASS,2026-04-20T12:14:39Z,D20260420.01
3690.HK,HK,equity,2022-03-29,153.1,162.3,152.6,159.3,150.6,37739214.0,6004508388.92,0.057768924302789015,0.057768924302789015,0.0561619015502098,PASS,2026-04-20T12:14:39Z,D20260420.01
3690.HK,HK,equity,2022-03-30,161.7,165.4,156.8,160.1,159.3,35317236.0,5688113112.84,0.005021971123665869,0.005021971123665869,0.005009403086665993,PASS,2026-04-20T12:14:39Z,D20260420.01
3690.HK,HK,equity,2022-03-31,160.1,160.3,152.7,155.6,160.1,19121653.0,2983196330.4,-0.02810743285446593,-0.02810743285446593,-0.028510008258377746,PASS,2026-04-20T12:14:39Z,D20260420.01
3690.HK,HK,equity,2022-04-01,148.4,156.8,145.6,155.5,155.6,23095390.0,3517883141.01,-0.0006426735218508783,-0.0006426735218508783,-0.0006428801250023815,PASS,2026-04-20T12:14:39Z,D20260420.01
3690.HK,HK,equity,2022-04-04,160.1,167.6,158.6,167.0,155.5,30498933.0,4979444792.3,0.07395498392282951,0.07395498392282951,0.07134808079746621,PASS,2026-04-20T12:14:39Z,D20260420.01
3690.HK,HK,equity,2022-04-06,160.0,165.4,158.8,160.9,167.0,29819804.0,4831705912.6,-0.0365269461077844,-0.0365269461077844,-0.03721075841841755,PASS,2026-04-20T12:14:39Z,D20260420.01
3690.HK,HK,equity,2022-04-07,158.2,172.5,157.6,159.3,160.9,36718605.0,6022144448.3,-0.009944064636420058,-0.009944064636420058,-0.009993837082334605,PASS,2026-04-20T12:14:39Z,D20260420.01
3690.HK,HK,equity,2022-04-08,154.1,158.1,152.0,156.5,159.3,22560050.0,3501351645.8,-0.01757689893283121,-0.01757689893283121,-0.01773320693579501,PASS,2026-04-20T12:14:39Z,D20260420.01
3690.HK,HK,equity,2022-04-11,150.1,151.6,146.0,147.5,156.5,28364129.0,4212279057.4,-0.057507987220447254,-0.057507987220447254,-0.05922783420033336,PASS,2026-04-20T12:14:39Z,D20260420.01
3690.HK,HK,equity,2022-04-12,147.0,159.2,145.2,153.9,147.5,36838492.0,5622203037.04,0.04338983050847456,0.04338983050847456,0.04247486506495901,PASS,2026-04-20T12:14:39Z,D20260420.01
3690.HK,HK,equity,2022-04-13,150.1,157.5,150.1,154.1,153.9,20107516.0,3099861864.0,0.001299545159194171,0.001299545159194171,0.001298701481236414,PASS,2026-04-20T12:14:39Z,D20260420.01
3690.HK,HK,equity,2022-04-14,156.5,157.4,153.6,155.2,154.1,21940716.0,3417360700.5,0.007138221933809197,0.007138221933809197,0.007112865423048291,PASS,2026-04-20T12:14:39Z,D20260420.01
3690.HK,HK,equity,2022-04-19,146.5,151.7,144.7,146.0,155.2,30988940.0,4566779576.8,-0.05927835051546382,-0.05927835051546382,-0.06110798604078183,PASS,2026-04-20T12:14:39Z,D20260420.01
3690.HK,HK,equity,2022-04-20,147.4,148.7,144.4,144.9,146.0,19599415.0,2867596358.1,-0.007534246575342407,-0.007534246575342407,-0.007562772381699685,PASS,2026-04-20T12:14:39Z,D20260420.01
3690.HK,HK,equity,2022-04-21,139.0,140.6,132.8,137.8,144.9,46359101.0,6337080157.17,-0.04899930986887502,-0.04899930986887502,-0.050240490747078426,PASS,2026-04-20T12:14:39Z,D20260420.01
3690.HK,HK,equity,2022-04-22,130.1,143.3,130.1,141.4,137.8,32263734.0,4464357905.8,0.026124818577648812,0.026124818577648812,0.02578939488291423,PASS,2026-04-20T12:14:39Z,D20260420.01
3690.HK,HK,equity,2022-04-25,138.3,145.6,135.0,138.6,141.4,35712522.0,4987865612.34,-0.01980198019801993,-0.01980198019801993,-0.020000666706669654,PASS,2026-04-20T12:14:39Z,D20260420.01
3690.HK,HK,equity,2022-04-26,141.9,150.8,141.9,145.3,138.6,35974757.0,5262801928.92,0.04834054834054857,0.04834054834054857,0.047208483820434584,PASS,2026-04-20T12:14:39Z,D20260420.01
3690.HK,HK,equity,2022-04-27,144.6,156.0,142.5,147.9,145.3,52702988.0,7903993236.1,0.01789401238816235,0.01789401238816235,0.017735799140516824,PASS,2026-04-20T12:14:39Z,D20260420.01
3690.HK,HK,equity,2022-04-28,152.1,152.1,144.2,148.9,147.9,25114706.0,3714039848.3,0.006761325219743153,0.006761325219743153,0.006738569973209269,PASS,2026-04-20T12:14:39Z,D20260420.01
3690.HK,HK,equity,2022-04-29,150.4,177.8,145.5,172.0,148.9,88434684.0,14475952502.9,0.15513767629281383,0.15513767629281383,0.14421953712348962,PASS,2026-04-20T12:14:39Z,D20260420.01
3690.HK,HK,equity,2022-05-03,173.9,178.0,165.9,172.4,172.0,38798509.0,6725137787.6,0.0023255813953488857,0.0023255813953488857,0.0023228814161397287,PASS,2026-04-20T12:14:39Z,D20260420.01
3690.HK,HK,equity,2022-05-04,169.3,169.9,161.6,164.5,172.4,22784991.0,3747705646.1,-0.04582366589327147,-0.04582366589327147,-0.046906788024166146,PASS,2026-04-20T12:14:39Z,D20260420.01
3690.HK,HK,equity,2022-05-05,170.4,173.4,164.3,164.7,164.5,39710521.0,6708153539.79,0.0012158054711246535,0.0012158054711246535,0.0012150669781680898,PASS,2026-04-20T12:14:39Z,D20260420.01
3690.HK,HK,equity,2022-05-06,155.0,161.3,153.0,157.0,164.7,38554679.0,6069166118.91,-0.04675166970248934,-0.04675166970248934,-0.047879831835286546,PASS,2026-04-20T12:14:39Z,D20260420.01
3690.HK,HK,equity,2022-05-10,146.0,155.4,144.0,151.8,157.0,46205079.0,6914313331.05,-0.033121019108280136,-0.033121019108280136,-0.03368194038677838,PASS,2026-04-20T12:14:39Z,D20260420.01
3690.HK,HK,equity,2022-05-11,149.4,168.6,149.0,161.4,151.8,46522147.0,7497114576.0,0.06324110671936745,0.06324110671936745,0.06132189087431874,PASS,2026-04-20T12:14:39Z,D20260420.01
3690.HK,HK,equity,2022-05-12,156.9,166.4,154.3,157.0,161.4,47512447.0,7589097579.4,-0.027261462205700138,-0.027261462205700138,-0.02763995048754038,PASS,2026-04-20T12:14:39Z,D20260420.01
3690.HK,HK,equity,2022-05-13,161.8,168.2,159.7,167.6,157.0,41625770.0,6838357504.34,0.06751592356687897,0.06751592356687897,0.06533438269967459,PASS,2026-04-20T12:14:39Z,D20260420.01
3690.HK,HK,equity,2022-05-16,172.3,172.6,159.3,163.5,167.6,34701721.0,5720558058.8,-0.02446300715990446,-0.02446300715990446,-0.024767197710674507,PASS,2026-04-20T12:14:39Z,D20260420.01
3690.HK,HK,equity,2022-05-17,168.3,175.6,166.0,173.7,163.5,46239919.0,7929933542.47,0.062385321100917324,0.062385321100917324,0.06051668290975107,PASS,2026-04-20T12:14:39Z,D20260420.01
3690.HK,HK,equity,2022-05-18,174.0,174.9,167.0,172.0,173.7,36512734.0,6254633922.24,-0.00978698906160036,-0.00978698906160036,-0.009835196433606107,PASS,2026-04-20T12:14:39Z,D20260420.01
3690.HK,HK,equity,2022-05-19,165.0,167.8,160.1,165.5,172.0,37890659.0,6227118287.99,-0.03779069767441856,-0.03779069767441856,-0.0385232819963354,PASS,2026-04-20T12:14:39Z,D20260420.01
3690.HK,HK,equity,2022-05-20,171.1,174.5,169.1,173.0,165.5,28364485.0,4882959210.12,0.0453172205438066,0.0453172205438066,0.044320399680661315,PASS,2026-04-20T12:14:39Z,D20260420.01
3690.HK,HK,equity,2022-05-23,172.5,173.7,165.5,167.7,173.0,28566571.0,4799700442.2,-0.03063583815028903,-0.03063583815028903,-0.031114925668615793,PASS,2026-04-20T12:14:39Z,D20260420.01
3690.HK,HK,equity,2022-05-24,167.5,169.4,156.0,159.6,167.7,34499947.0,5535044863.8,-0.04830053667262968,-0.04830053667262968,-0.04950598381345476,PASS,2026-04-20T12:14:39Z,D20260420.01
3690.HK,HK,equity,2022-05-25,159.3,163.4,156.2,159.7,159.6,23534891.0,3751217066.65,0.0006265664160400863,0.0006265664160400863,0.0006263702052583445,PASS,2026-04-20T12:14:39Z,D20260420.01
3690.HK,HK,equity,2022-05-26,161.7,161.8,152.4,158.6,159.7,22184712.0,3481518780.7,-0.006887914840325582,-0.006887914840325582,-0.006911746020219111,PASS,2026-04-20T12:14:39Z,D20260420.01
3690.HK,HK,equity,2022-05-27,166.5,169.4,160.9,163.9,158.6,32424080.0,5356301849.7,0.03341740226986145,0.03341740226986145,0.03287117654903655,PASS,2026-04-20T12:14:39Z,D20260420.01
3690.HK,HK,equity,2022-05-30,168.8,176.8,167.9,175.1,163.9,44394745.0,7697474102.2,0.06833435021354473,0.06833435021354473,0.06610075354202205,PASS,2026-04-20T12:14:39Z,D20260420.01
3690.HK,HK,equity,2022-05-31,174.7,187.1,173.7,187.0,175.1,52536707.0,9621101287.03,0.06796116504854366,0.06796116504854366,0.06575137756278043,PASS,2026-04-20T12:14:39Z,D20260420.01
3690.HK,HK,equity,2022-06-01,184.7,187.3,178.8,182.5,187.0,28745719.0,5254550763.5,-0.024064171122994638,-0.024064171122994638,-0.024358443832040416,PASS,2026-04-20T12:14:39Z,D20260420.01
3690.HK,HK,equity,2022-06-02,178.5,183.6,175.6,180.2,182.5,27650843.0,4944945246.84,-0.012602739726027434,-0.012602739726027434,-0.012682827848308691,PASS,2026-04-20T12:14:39Z,D20260420.01
3690.HK,HK,equity,2022-06-06,192.0,198.1,187.2,198.1,180.2,52844539.0,10221851402.23,0.09933407325194232,0.09933407325194232,0.09470460853026774,PASS,2026-04-20T12:14:39Z,D20260420.01
3690.HK,HK,equity,2022-06-07,197.6,202.4,193.4,199.0,198.1,36520966.0,7238801650.07,0.00454316002019195,0.00454316002019195,0.0045328710199872765,PASS,2026-04-20T12:14:39Z,D20260420.01
3690.HK,HK,equity,2022-06-08,204.4,210.0,202.4,208.2,199.0,49529296.0,10245670972.38,0.04623115577889436,0.04623115577889436,0.04519433145637601,PASS,2026-04-20T12:14:39Z,D20260420.01
3690.HK,HK,equity,2022-06-09,209.4,211.6,197.2,201.8,208.2,45094591.0,9143693876.96,-0.030739673390970168,-0.030739673390970168,-0.031222048261359873,PASS,2026-04-20T12:14:39Z,D20260420.01
3690.HK,HK,equity,2022-06-10,195.3,208.6,195.0,201.2,201.8,59757791.0,12125461086.25,-0.0029732408325074955,-0.0029732408325074955,-0.0029776696939245034,PASS,2026-04-20T12:14:39Z,D20260420.01
3690.HK,HK,equity,2022-06-13,195.4,199.3,186.8,188.2,201.2,47852863.0,9195732398.36,-0.06461232604373757,-0.06461232604373757,-0.06679421107430487,PASS,2026-04-20T12:14:39Z,D20260420.01
3690.HK,HK,equity,2022-06-14,186.4,197.4,183.0,194.4,188.2,45630900.0,8701977136.99,0.032943676939426236,0.032943676939426236,0.03241266487505953,PASS,2026-04-20T12:14:39Z,D20260420.01
3690.HK,HK,equity,2022-06-15,200.2,202.8,196.1,197.0,194.4,31702659.0,6303687523.93,0.01337448559670773,0.01337448559670773,0.013285836711649719,PASS,2026-04-20T12:14:39Z,D20260420.01
3690.HK,HK,equity,2022-06-16,202.6,202.6,186.6,189.2,197.0,30923811.0,5972215635.44,-0.039593908629441676,-0.039593908629441676,-0.04039907212021066,PASS,2026-04-20T12:14:39Z,D20260420.01
3690.HK,HK,equity,2022-06-17,189.0,200.0,187.5,199.1,189.2,41539099.0,8179812760.4,0.05232558139534893,0.05232558139534893,0.05100255445237279,PASS,2026-04-20T12:14:39Z,D20260420.01
3690.HK,HK,equity,2022-06-20,200.0,200.8,194.8,199.4,199.1,19567596.0,3880349781.52,0.0015067805123054612,0.0015067805123054612,0.0015056464575874356,PASS,2026-04-20T12:14:39Z,D20260420.01
3690.HK,HK,equity,2022-06-21,200.0,202.2,195.3,201.2,199.4,20084578.0,3999130995.86,0.009027081243731194,0.009027081243731194,0.008986580697846186,PASS,2026-04-20T12:14:39Z,D20260420.01
3690.HK,HK,equity,2022-06-22,201.2,201.2,190.3,191.6,201.2,24450049.0,4747663003.0,-0.04771371769383692,-0.04771371769383692,-0.048889572688823914,PASS,2026-04-20T12:14:39Z,D20260420.01
3690.HK,HK,equity,2022-06-23,193.2,195.5,185.6,192.6,191.6,23729076.0,4532590949.2,0.005219206680584509,0.005219206680584509,0.00520563382726497,PASS,2026-04-20T12:14:39Z,D20260420.01
3690.HK,HK,equity,2022-06-24,195.1,200.2,188.0,198.1,192.6,30535036.0,5969439714.64,0.02855659397715482,0.02855659397715482,0.02815645434048016,PASS,2026-04-20T12:14:39Z,D20260420.01
3690.HK,HK,equity,2022-06-27,201.0,210.0,200.0,205.0,198.1,40891219.0,8408899104.7,0.03483089348813739,0.03483089348813739,0.034238025433903016,PASS,2026-04-20T12:14:39Z,D20260420.01
3690.HK,HK,equity,2022-06-28,205.0,210.8,197.5,207.6,205.0,32122986.0,6553564795.8,0.012682926829268304,0.012682926829268304,0.012603172153325405,PASS,2026-04-20T12:14:39Z,D20260420.01
3690.HK,HK,equity,2022-06-29,204.6,206.8,198.3,202.8,207.6,26639598.0,5388158583.8,-0.02312138728323687,-0.02312138728323687,-0.023392879574705348,PASS,2026-04-20T12:14:39Z,D20260420.01
3690.HK,HK,equity,2022-06-30,199.8,204.0,191.9,194.2,202.8,32444184.0,6382418164.66,-0.04240631163708097,-0.04240631163708097,-0.04333171585980367,PASS,2026-04-20T12:14:39Z,D20260420.01
3690.HK,HK,equity,2022-07-04,196.0,203.4,193.3,201.2,194.2,24212667.0,4837067275.34,0.036045314109165894,0.036045314109165894,0.03541088236835969,PASS,2026-04-20T12:14:39Z,D20260420.01
3690.HK,HK,equity,2022-07-05,205.0,205.6,196.0,197.7,201.2,15618630.0,3111888524.15,-0.01739562624254476,-0.01739562624254476,-0.017548708049012943,PASS,2026-04-20T12:14:39Z,D20260420.01
3690.HK,HK,equity,2022-07-06,197.2,199.8,190.1,195.9,197.7,18181782.0,3545669410.34,-0.009104704097116723,-0.009104704097116723,-0.009146405226076036,PASS,2026-04-20T12:14:39Z,D20260420.01
3690.HK,HK,equity,2022-07-07,192.1,195.3,188.1,194.4,195.9,18290219.0,3517746225.2,-0.007656967840735107,-0.007656967840735107,-0.007686432924156406,PASS,2026-04-20T12:14:39Z,D20260420.01
3690.HK,HK,equity,2022-07-08,198.0,198.2,190.2,192.3,194.4,15029795.0,2902568915.68,-0.010802469135802406,-0.010802469135802406,-0.01086123943160459,PASS,2026-04-20T12:14:39Z,D20260420.01
3690.HK,HK,equity,2022-07-11,188.5,188.5,180.0,181.6,192.3,30615208.0,5585060771.22,-0.05564222568902766,-0.05564222568902766,-0.05725018642754123,PASS,2026-04-20T12:14:39Z,D20260420.01
3690.HK,HK,equity,2022-07-12,179.8,183.1,174.5,178.0,181.6,25505508.0,4544697675.95,-0.01982378854625544,-0.01982378854625544,-0.020022915875107704,PASS,2026-04-20T12:14:39Z,D20260420.01
3690.HK,HK,equity,2022-07-13,179.0,185.7,179.0,180.5,178.0,17343497.0,3159024640.68,0.014044943820224809,0.014044943820224809,0.013947227480850552,PASS,2026-04-20T12:14:39Z,D20260420.01
3690.HK,HK,equity,2022-07-14,181.1,185.4,179.7,182.5,180.5,16538169.0,3023015628.5,0.011080332409972193,0.011080332409972193,0.01101939524961048,PASS,2026-04-20T12:14:39Z,D20260420.01
3690.HK,HK,equity,2022-07-15,180.2,184.0,176.2,179.2,182.5,21497378.0,3853717158.9,-0.018082191780821932,-0.018082191780821932,-0.01824767248171611,PASS,2026-04-20T12:14:39Z,D20260420.01
3690.HK,HK,equity,2022-07-18,185.0,191.9,183.6,189.7,179.2,34638466.0,6530582815.7,0.05859375,0.05859375,0.056941376400138424,PASS,2026-04-20T12:14:39Z,D20260420.01
3690.HK,HK,equity,2022-07-19,190.4,192.4,187.2,189.1,189.7,15552498.0,2949232906.0,-0.003162888771744865,-0.003162888771744865,-0.0031679012765567153,PASS,2026-04-20T12:14:39Z,D20260420.01
3690.HK,HK,equity,2022-07-20,193.6,197.8,193.4,194.7,189.1,18575240.0,3637254920.52,0.029613960867265865,0.029613960867265865,0.029183936713742063,PASS,2026-04-20T12:14:39Z,D20260420.01
3690.HK,HK,equity,2022-07-21,193.7,196.0,189.2,190.4,194.7,22373294.0,4304680144.2,-0.022085259373394894,-0.022085259373394894,-0.02233279002088899,PASS,2026-04-20T12:14:39Z,D20260420.01
3690.HK,HK,equity,2022-07-22,194.0,194.9,189.6,191.7,190.4,15008353.0,2885846231.4,0.0068277310924369505,0.0068277310924369505,0.0068045276943338485,PASS,2026-04-20T12:14:39Z,D20260420.01
3690.HK,HK,equity,2022-07-25,190.7,191.5,184.1,188.2,191.7,15606282.0,2917790315.0,-0.018257694314032347,-0.018257694314032347,-0.018426422900319556,PASS,2026-04-20T12:14:39Z,D20260420.01
3690.HK,HK,equity,2022-07-26,188.7,192.4,185.3,190.7,188.2,11205025.0,2128086516.9,0.013283740701381497,0.013283740701381497,0.01319628545509411,PASS,2026-04-20T12:14:39Z,D20260420.01
3690.HK,HK,equity,2022-07-27,188.8,192.4,187.8,190.1,190.7,9431352.0,1785538125.1,-0.0031463030938646552,-0.0031463030938646552,-0.003151263111989851,PASS,2026-04-20T12:14:39Z,D20260420.01
3690.HK,HK,equity,2022-07-28,191.2,191.6,187.4,188.0,190.1,14058776.0,2653625995.12,-0.01104681746449232,-0.01104681746449232,-0.01110828666443422,PASS,2026-04-20T12:14:39Z,D20260420.01
3690.HK,HK,equity,2022-07-29,188.9,189.8,173.3,176.3,188.0,37161599.0,6620045023.76,-0.062234042553191427,-0.062234042553191427,-0.0642548734261246,PASS,2026-04-20T12:14:39Z,D20260420.01
3690.HK,HK,equity,2022-08-01,177.3,181.5,173.7,180.0,176.3,17921551.0,3200428424.7,0.020986954055586926,0.020986954055586926,0.020769761486385693,PASS,2026-04-20T12:14:39Z,D20260420.01
3690.HK,HK,equity,2022-08-02,175.0,177.3,171.9,176.2,180.0,28277651.0,4942775838.64,-0.02111111111111119,-0.02111111111111119,-0.021337137388131325,PASS,2026-04-20T12:14:39Z,D20260420.01
3690.HK,HK,equity,2022-08-03,179.1,180.5,175.4,177.1,176.2,19046985.0,3380888779.92,0.005107832009080715,0.005107832009080715,0.005094831286708846,PASS,2026-04-20T12:14:39Z,D20260420.01
3690.HK,HK,equity,2022-08-04,181.5,184.4,180.3,183.8,177.1,15527963.0,2830922063.76,0.03783173348390756,0.03783173348390756,0.037133665132798976,PASS,2026-04-20T12:14:39Z,D20260420.01
3690.HK,HK,equity,2022-08-05,186.9,187.0,182.6,183.5,183.8,10321784.0,1901972353.54,-0.0016322089227421843,-0.0016322089227421843,-0.0016335424269617862,PASS,2026-04-20T12:14:39Z,D20260420.01
3690.HK,HK,equity,2022-08-08,181.1,183.5,178.5,179.6,183.5,12690016.0,2281062411.6,-0.02125340599455039,-0.02125340599455039,-0.021482511626525716,PASS,2026-04-20T12:14:39Z,D20260420.01
3690.HK,HK,equity,2022-08-09,179.7,180.0,174.2,176.0,179.6,15998055.0,2826369586.4,-0.020044543429844075,-0.020044543429844075,-0.020248160829947424,PASS,2026-04-20T12:14:39Z,D20260420.01
3690.HK,HK,equity,2022-08-10,174.7,176.5,167.0,169.6,176.0,23557035.0,3994347499.2,-0.036363636363636376,-0.036363636363636376,-0.0370412716803491,PASS,2026-04-20T12:14:39Z,D20260420.01
3690.HK,HK,equity,2022-08-11,172.0,176.9,171.1,176.4,169.6,20644773.0,3599420066.66,0.04009433962264164,0.04009433962264164,0.03931142021488836,PASS,2026-04-20T12:14:39Z,D20260420.01
3690.HK,HK,equity,2022-08-12,177.8,179.9,175.9,179.1,176.4,14324286.0,2550314256.2,0.015306122448979442,0.015306122448979442,0.01519016549397502,PASS,2026-04-20T12:14:39Z,D20260420.01
3690.HK,HK,equity,2022-08-15,179.0,185.0,178.5,180.9,179.1,14582497.0,2652963535.75,0.01005025125628145,0.01005025125628145,0.010000083334583399,PASS,2026-04-20T12:14:39Z,D20260420.01
3690.HK,HK,equity,2022-08-16,184.3,184.5,159.5,164.5,180.9,66970466.0,11191442122.4,-0.09065782200110561,-0.09065782200110561,-0.0950338221958229,PASS,2026-04-20T12:14:39Z,D20260420.01
3690.HK,HK,equity,2022-08-17,169.6,173.2,165.7,170.0,164.5,38079991.0,6482358468.6,0.033434650455927084,0.033434650455927084,0.03288786684483521,PASS,2026-04-20T12:14:39Z,D20260420.01
3690.HK,HK,equity,2022-08-18,173.0,174.9,169.5,171.1,170.0,18845951.0,3231010580.72,0.006470588235294006,0.006470588235294006,0.0064497438478859186,PASS,2026-04-20T12:14:39Z,D20260420.01
3690.HK,HK,equity,2022-08-19,169.4,174.4,165.4,169.9,171.1,20464820.0,3479759915.0,-0.007013442431326622,-0.007013442431326622,-0.007038152220261366,PASS,2026-04-20T12:14:39Z,D20260420.01
3690.HK,HK,equity,2022-08-22,166.4,175.5,165.7,171.1,169.9,18756016.0,3217085466.05,0.007062978222483807,0.007062978222483807,0.007038152220261447,PASS,2026-04-20T12:14:39Z,D20260420.01
3690.HK,HK,equity,2022-08-23,171.1,173.4,167.1,168.7,171.1,16913154.0,2865545680.42,-0.014026884862653466,-0.014026884862653466,-0.014126191346225225,PASS,2026-04-20T12:14:39Z,D20260420.01
3690.HK,HK,equity,2022-08-24,170.9,171.2,163.1,164.1,168.7,24176621.0,3993237450.0,-0.027267338470657987,-0.027267338470657987,-0.027645991455877417,PASS,2026-04-20T12:14:39Z,D20260420.01
3690.HK,HK,equity,2022-08-25,164.9,179.5,164.9,177.3,164.1,27920623.0,4862147743.3,0.080438756855576,0.080438756855576,0.07736721498411711,PASS,2026-04-20T12:14:39Z,D20260420.01
3690.HK,HK,equity,2022-08-26,180.3,183.8,177.7,181.9,177.3,28586308.0,5152428676.0,0.025944726452340694,0.025944726452340694,0.02561387244391439,PASS,2026-04-20T12:14:39Z,D20260420.01
3690.HK,HK,equity,2022-08-29,188.0,191.0,184.0,186.7,181.9,49828941.0,9386009372.83,0.02638812534359536,0.02638812534359536,0.026045965023600338,PASS,2026-04-20T12:14:39Z,D20260420.01
3690.HK,HK,equity,2022-08-30,189.4,189.4,179.7,185.0,186.7,26865792.0,4926095157.9,-0.00910551687198713,-0.00910551687198713,-0.009147225469352096,PASS,2026-04-20T12:14:39Z,D20260420.01
3690.HK,HK,equity,2022-08-31,181.2,193.6,180.2,189.8,185.0,60734926.0,11497327931.4,0.025945945945945903,0.025945945945945903,0.02561506109750263,PASS,2026-04-20T12:14:39Z,D20260420.01
3690.HK,HK,equity,2022-09-01,185.0,186.5,177.0,178.7,189.8,30511180.0,5533289774.85,-0.05848261327713389,-0.05848261327713389,-0.0602624640104452,PASS,2026-04-20T12:14:39Z,D20260420.01
3690.HK,HK,equity,2022-09-02,182.0,182.4,174.2,176.2,178.7,19643601.0,3471405432.6,-0.013989927252378243,-0.013989927252378243,-0.014088708663303176,PASS,2026-04-20T12:14:39Z,D20260420.01
3690.HK,HK,equity,2022-09-05,174.0,175.6,169.6,173.6,176.2,16340553.0,2830019357.5,-0.014755959137343844,-0.014755959137343844,-0.014865911275829254,PASS,2026-04-20T12:14:39Z,D20260420.01
3690.HK,HK,equity,2022-09-06,175.6,177.7,172.0,173.4,173.6,12974024.0,2256406527.5,-0.0011520737327188613,-0.0011520737327188613,-0.0011527378798082853,PASS,2026-04-20T12:14:39Z,D20260420.01
3690.HK,HK,equity,2022-09-07,170.4,173.6,167.8,172.1,173.4,13830921.0,2354672803.7,-0.007497116493656364,-0.007497116493656364,-0.0075253611289478215,PASS,2026-04-20T12:14:39Z,D20260420.01
3690.HK,HK,equity,2022-09-08,172.7,175.2,170.4,171.5,172.1,9187502.0,1584880514.0,-0.0034863451481695895,-0.0034863451481695895,-0.003492436611499049,PASS,2026-04-20T12:14:39Z,D20260420.01
3690.HK,HK,equity,2022-09-09,172.6,181.1,172.3,179.9,171.5,18276352.0,3273123049.6,0.04897959183673484,0.04897959183673484,0.04781787435049295,PASS,2026-04-20T12:14:39Z,D20260420.01
3690.HK,HK,equity,2022-09-13,181.1,181.6,177.4,177.8,179.9,13153478.0,2360756933.5,-0.011673151750972721,-0.011673151750972721,-0.011741817876683174,PASS,2026-04-20T12:14:39Z,D20260420.01
3690.HK,HK,equity,2022-09-14,173.1,176.2,172.4,173.8,177.8,11858668.0,2063215147.57,-0.022497187851518552,-0.022497187851518552,-0.02275411024851253,PASS,2026-04-20T12:14:39Z,D20260420.01
3690.HK,HK,equity,2022-09-15,173.8,177.2,173.3,175.4,173.8,10370843.0,1817559940.26,0.009205983889528202,0.009205983889528202,0.009163867106791011,PASS,2026-04-20T12:14:39Z,D20260420.01
3690.HK,HK,equity,2022-09-16,172.4,175.0,170.0,171.9,175.4,15356162.0,2646672400.28,-0.019954389965792463,-0.019954389965792463,-0.020156167549279083,PASS,2026-04-20T12:14:39Z,D20260420.01
3690.HK,HK,equity,2022-09-19,172.0,172.0,167.2,169.4,171.9,13739607.0,2328278332.74,-0.014543339150668966,-0.014543339150668966,-0.014650130170849525,PASS,2026-04-20T12:14:39Z,D20260420.01
3690.HK,HK,equity,2022-09-20,172.0,176.7,171.4,172.6,169.4,13838467.0,2407603745.9,0.018890200708382432,0.018890200708382432,0.018713996431373458,PASS,2026-04-20T12:14:39Z,D20260420.01
3690.HK,HK,equity,2022-09-21,172.3,172.3,166.1,167.5,172.6,15593525.0,2617350578.36,-0.029548088064889844,-0.029548088064889844,-0.029993427384206368,PASS,2026-04-20T12:14:39Z,D20260420.01
3690.HK,HK,equity,2022-09-22,163.9,165.0,160.3,164.9,167.5,17788120.0,2899572063.85,-0.015522388059701409,-0.015522388059701409,-0.01564412169956782,PASS,2026-04-20T12:14:39Z,D20260420.01
3690.HK,HK,equity,2022-09-23,162.4,164.7,160.3,160.3,164.9,12682207.0,2051913232.62,-0.027895694360218326,-0.027895694360218326,-0.02829216995004596,PASS,2026-04-20T12:14:39Z,D20260420.01
3690.HK,HK,equity,2022-09-26,160.0,170.6,159.4,167.5,160.3,20487619.0,3418971827.08,0.04491578290704923,0.04491578290704923,0.0439362916496138,PASS,2026-04-20T12:14:39Z,D20260420.01
3690.HK,HK,equity,2022-09-27,168.1,174.8,166.5,174.2,167.5,23512367.0,4011839828.2,0.040000000000000036,0.040000000000000036,0.03922071315328133,PASS,2026-04-20T12:14:39Z,D20260420.01
3690.HK,HK,equity,2022-09-28,172.0,172.9,167.7,168.8,174.2,18959922.0,3230942292.8,-0.030998851894374124,-0.030998851894374124,-0.03148948225654552,PASS,2026-04-20T12:14:39Z,D20260420.01
3690.HK,HK,equity,2022-09-29,174.5,174.7,167.5,170.2,168.8,17156821.0,2933681602.27,0.008293838862559078,0.008293838862559078,0.008259633977416858,PASS,2026-04-20T12:14:39Z,D20260420.01
3690.HK,HK,equity,2022-09-30,171.6,171.6,160.9,165.6,170.2,19211935.0,3173009111.3,-0.027027027027026973,-0.027027027027026973,-0.027398974188114388,PASS,2026-04-20T12:14:39Z,D20260420.01
3690.HK,HK,equity,2022-10-03,164.4,165.9,159.8,161.7,165.6,13299004.0,2156123393.8,-0.023550724637681153,-0.023550724637681153,-0.023832475368098148,PASS,2026-04-20T12:14:39Z,D20260420.01
3690.HK,HK,equity,2022-10-05,168.4,177.0,168.0,174.9,161.7,23594372.0,4082401950.83,0.08163265306122458,0.08163265306122458,0.07847161544149531,PASS,2026-04-20T12:14:39Z,D20260420.01
3690.HK,HK,equity,2022-10-06,177.5,179.4,173.3,177.1,174.9,11941492.0,2110140344.06,0.012578616352201255,0.012578616352201255,0.012500162764231468,PASS,2026-04-20T12:14:39Z,D20260420.01
3690.HK,HK,equity,2022-10-07,175.4,177.5,172.8,172.9,177.1,6408263.0,1118484483.9,-0.02371541501976282,-0.02371541501976282,-0.024001152099543014,PASS,2026-04-20T12:14:39Z,D20260420.01
3690.HK,HK,equity,2022-10-10,168.0,168.0,159.6,161.3,172.9,30853484.0,5008951138.9,-0.06709080393290912,-0.06709080393290912,-0.06944740755808156,PASS,2026-04-20T12:14:39Z,D20260420.01
3690.HK,HK,equity,2022-10-11,161.3,161.5,146.7,151.4,161.3,38209080.0,5793751581.2,-0.06137631742095473,-0.06137631742095473,-0.06334064412781476,PASS,2026-04-20T12:14:39Z,D20260420.01
3690.HK,HK,equity,2022-10-12,151.8,158.6,142.0,150.4,151.4,42562313.0,6343715524.13,-0.006605019815059454,-0.006605019815059454,-0.006626929487608961,PASS,2026-04-20T12:14:39Z,D20260420.01
3690.HK,HK,equity,2022-10-13,149.8,149.8,144.5,146.0,150.4,19571364.0,2875921021.0,-0.0292553191489362,-0.0292553191489362,-0.02969178980740304,PASS,2026-04-20T12:14:39Z,D20260420.01
3690.HK,HK,equity,2022-10-14,148.7,155.3,148.7,149.0,146.0,26274605.0,3975681110.48,0.020547945205479534,0.020547945205479534,0.020339684237122783,PASS,2026-04-20T12:14:39Z,D20260420.01
3690.HK,HK,equity,2022-10-17,146.0,153.5,141.6,149.7,149.0,24052728.0,3535780731.5,0.004697986577181235,0.004697986577181235,0.004686985480123558,PASS,2026-04-20T12:14:39Z,D20260420.01
3690.HK,HK,equity,2022-10-18,153.2,155.8,149.5,154.0,149.7,25249963.0,3869177785.9,0.02872411489645965,0.02872411489645965,0.02831931098804655,PASS,2026-04-20T12:14:39Z,D20260420.01
3690.HK,HK,equity,2022-10-19,153.4,153.6,144.4,144.5,154.0,25715958.0,3790444432.6,-0.06168831168831168,-0.06168831168831168,-0.0636730948611423,PASS,2026-04-20T12:14:39Z,D20260420.01
3690.HK,HK,equity,2022-10-20,139.5,141.8,133.7,140.8,144.5,50447486.0,6959559686.6,-0.02560553633217988,-0.02560553633217988,-0.025939063828544773,PASS,2026-04-20T12:14:39Z,D20260420.01
3690.HK,HK,equity,2022-10-21,141.2,143.8,139.2,141.6,140.8,17633947.0,2496654188.06,0.005681818181818121,0.005681818181818121,0.0056657375356773,PASS,2026-04-20T12:14:39Z,D20260420.01
3690.HK,HK,equity,2022-10-24,135.0,137.8,119.1,120.6,141.6,87427196.0,11067631023.73,-0.14830508474576276,-0.14830508474576276,-0.16052689696653438,PASS,2026-04-20T12:14:39Z,D20260420.01
3690.HK,HK,equity,2022-10-25,120.9,127.7,112.8,123.5,120.6,78266339.0,9467572033.4,0.024046434494195745,0.024046434494195745,0.023761871774946874,PASS,2026-04-20T12:14:39Z,D20260420.01
3690.HK,HK,equity,2022-10-26,121.7,134.6,121.3,129.7,123.5,52186329.0,6765763805.75,0.050202429149797556,0.050202429149797556,0.0489829352543663,PASS,2026-04-20T12:14:39Z,D20260420.01
3690.HK,HK,equity,2022-10-27,138.4,139.2,131.1,131.8,129.7,41077734.0,5543639924.4,0.016191210485736462,0.016191210485736462,0.016061530746008794,PASS,2026-04-20T12:14:39Z,D20260420.01
3690.HK,HK,equity,2022-10-28,131.5,131.6,120.2,121.8,131.8,45546979.0,5654136705.98,-0.0758725341426405,-0.0758725341426405,-0.07890526679261034,PASS,2026-04-20T12:14:39Z,D20260420.01
3690.HK,HK,equity,2022-10-31,122.0,130.8,118.8,124.8,121.8,41381680.0,5197295647.6,0.024630541871921263,0.024630541871921263,0.02433210065953072,PASS,2026-04-20T12:14:39Z,D20260420.01
3690.HK,HK,equity,2022-11-01,128.0,145.0,127.6,139.6,124.8,63316429.0,8714106089.08,0.11858974358974361,0.11858974358974361,0.11206873439294483,PASS,2026-04-20T12:14:39Z,D20260420.01
3690.HK,HK,equity,2022-11-02,139.0,149.0,134.7,146.7,139.6,40243112.0,5740238397.21,0.05085959885386826,0.05085959885386826,0.049608494820664,PASS,2026-04-20T12:14:39Z,D20260420.01
3690.HK,HK,equity,2022-11-03,141.0,146.0,138.2,141.5,146.7,27092886.0,3853748523.3,-0.035446489434219464,-0.035446489434219464,-0.036089968065643685,PASS,2026-04-20T12:14:39Z,D20260420.01
3690.HK,HK,equity,2022-11-04,145.0,158.8,144.5,149.5,141.5,62912735.0,9562905174.31,0.05653710247349819,0.05653710247349819,0.054996675747448764,PASS,2026-04-20T12:14:39Z,D20260420.01
3690.HK,HK,equity,2022-11-07,145.0,157.1,142.2,153.0,149.5,36876150.0,5608865632.8,0.02341137123745818,0.02341137123745818,0.02314152856169433,PASS,2026-04-20T12:14:39Z,D20260420.01
3690.HK,HK,equity,2022-11-08,153.3,155.9,146.6,148.8,153.0,30156050.0,4497334328.1,-0.027450980392156765,-0.027450980392156765,-0.027834798993443873,PASS,2026-04-20T12:14:39Z,D20260420.01
3690.HK,HK,equity,2022-11-09,147.0,149.7,141.4,144.3,148.8,30446854.0,4387580159.7,-0.030241935483870996,-0.030241935483870996,-0.030708656619166334,PASS,2026-04-20T12:14:39Z,D20260420.01
3690.HK,HK,equity,2022-11-10,140.0,143.0,138.7,141.9,144.3,21861746.0,3088300306.2,-0.016632016632016633,-0.016632016632016633,-0.016771881613828213,PASS,2026-04-20T12:14:39Z,D20260420.01
3690.HK,HK,equity,2022-11-11,160.0,160.7,152.6,159.6,141.9,59572296.0,9387425592.15,0.12473572938689204,0.12473572938689204,0.11754810084971129,PASS,2026-04-20T12:14:39Z,D20260420.01
3690.HK,HK,equity,2022-11-14,167.0,168.0,155.4,156.5,159.6,60532565.0,9673549155.84,-0.01942355889724312,-0.01942355889724312,-0.019614675035500496,PASS,2026-04-20T12:14:39Z,D20260420.01
3690.HK,HK,equity,2022-11-15,155.7,170.3,153.6,166.4,156.5,51487473.0,8525358804.37,0.06325878594249201,0.06325878594249201,0.061338518406900314,PASS,2026-04-20T12:14:39Z,D20260420.01
3690.HK,HK,equity,2022-11-16,164.0,167.8,157.7,162.3,166.4,45330585.0,7334772433.51,-0.024639423076923017,-0.024639423076923017,-0.02494805386656263,PASS,2026-04-20T12:14:39Z,D20260420.01
3690.HK,HK,equity,2022-11-17,152.0,154.8,149.0,153.0,162.3,78316760.0,11924413125.4,-0.0573012939001849,-0.0573012939001849,-0.05900855312811013,PASS,2026-04-20T12:14:39Z,D20260420.01
3690.HK,HK,equity,2022-11-18,158.6,167.0,156.9,160.4,153.0,49770374.0,8034949396.7,0.048366013071895475,0.048366013071895475,0.047232774039978706,PASS,2026-04-20T12:14:39Z,D20260420.01
3690.HK,HK,equity,2022-11-21,153.0,154.4,150.1,152.5,160.4,32192357.0,4897286292.71,-0.04925187032418954,-0.04925187032418954,-0.05050609938494782,PASS,2026-04-20T12:14:39Z,D20260420.01
3690.HK,HK,equity,2022-11-22,152.0,153.0,137.1,139.9,152.5,71799046.0,10239125095.6,-0.08262295081967208,-0.08262295081967208,-0.08623671437603077,PASS,2026-04-20T12:14:39Z,D20260420.01
3690.HK,HK,equity,2022-11-23,139.5,142.0,134.1,138.4,139.9,37356864.0,5190490163.2,-0.010721944245889903,-0.010721944245889903,-0.010779838487866282,PASS,2026-04-20T12:14:39Z,D20260420.01
3690.HK,HK,equity,2022-11-24,140.0,141.7,135.1,138.9,138.4,20411741.0,2815388941.46,0.0036127167630057855,0.0036127167630057855,0.0036062065767288954,PASS,2026-04-20T12:14:39Z,D20260420.01
3690.HK,HK,equity,2022-11-25,137.9,137.9,133.3,136.6,138.9,25695319.0,3471769883.4,-0.016558675305975656,-0.016558675305975656,-0.01669730262360853,PASS,2026-04-20T12:14:39Z,D20260420.01
3690.HK,HK,equity,2022-11-28,129.0,140.7,128.5,139.4,136.6,47477623.0,6440315266.2,0.02049780380673516,0.02049780380673516,0.020290551189733986,PASS,2026-04-20T12:14:39Z,D20260420.01
3690.HK,HK,equity,2022-11-29,143.3,156.0,141.3,155.4,139.4,68348315.0,10241838581.03,0.11477761836441891,0.11477761836441891,0.10865493960712354,PASS,2026-04-20T12:14:39Z,D20260420.01
3690.HK,HK,equity,2022-11-30,152.4,165.9,150.7,163.6,155.4,67182966.0,10724910384.48,0.052767052767052736,0.052767052767052736,0.05142198623509958,PASS,2026-04-20T12:14:39Z,D20260420.01
3690.HK,HK,equity,2022-12-01,172.0,177.5,161.0,163.0,163.6,61192587.0,10343919376.84,-0.003667481662591676,-0.003667481662591676,-0.0036742233618843358,PASS,2026-04-20T12:14:39Z,D20260420.01
3690.HK,HK,equity,2022-12-02,162.7,171.5,162.0,168.0,163.0,43061411.0,7194109000.58,0.030674846625766916,0.030674846625766916,0.030213778596496633,PASS,2026-04-20T12:14:39Z,D20260420.01
3690.HK,HK,equity,2022-12-05,175.0,176.0,168.9,174.3,168.0,52254576.0,9036931402.24,0.03750000000000009,0.03750000000000009,0.0368139731227164,PASS,2026-04-20T12:14:39Z,D20260420.01
3690.HK,HK,equity,2022-12-06,170.0,178.9,169.0,173.8,174.3,39055024.0,6776387477.66,-0.002868617326448608,-0.002868617326448608,-0.0028727396946835286,PASS,2026-04-20T12:14:39Z,D20260420.01
3690.HK,HK,equity,2022-12-07,172.5,182.3,167.0,167.5,173.8,47537009.0,8273206395.12,-0.03624856156501732,-0.03624856156501732,-0.036921861566170604,PASS,2026-04-20T12:14:39Z,D20260420.01
3690.HK,HK,equity,2022-12-08,171.1,180.0,170.2,178.3,167.5,37406352.0,6607076111.7,0.06447761194029855,0.06447761194029855,0.06248417360397364,PASS,2026-04-20T12:14:39Z,D20260420.01
3690.HK,HK,equity,2022-12-09,177.5,188.9,175.3,188.5,178.3,50368648.0,9224399904.1,0.05720695457094771,0.05720695457094771,0.055630482018970605,PASS,2026-04-20T12:14:39Z,D20260420.01
3690.HK,HK,equity,2022-12-12,182.0,187.0,172.6,175.4,188.5,37430376.0,6656196537.3,-0.06949602122015908,-0.06949602122015908,-0.07202892694998271,PASS,2026-04-20T12:14:39Z,D20260420.01
3690.HK,HK,equity,2022-12-13,175.2,183.9,174.9,179.0,175.4,28408770.0,5112047204.88,0.020524515393386622,0.020524515393386622,0.020316725902672406,PASS,2026-04-20T12:14:39Z,D20260420.01
3690.HK,HK,equity,2022-12-14,181.9,185.4,179.4,182.8,179.0,24871987.0,4545182899.17,0.021229050279329753,0.021229050279329753,0.02100685317929478,PASS,2026-04-20T12:14:39Z,D20260420.01
3690.HK,HK,equity,2022-12-15,181.4,181.9,175.3,176.8,182.8,18337831.0,3256781507.76,-0.03282275711159732,-0.03282275711159732,-0.03337350881650652,PASS,2026-04-20T12:14:39Z,D20260420.01
3690.HK,HK,equity,2022-12-16,174.2,179.1,170.7,175.9,176.8,24271580.0,4248938380.7,-0.005090497737556543,-0.005090497737556543,-0.005103498460030557,PASS,2026-04-20T12:14:39Z,D20260420.01
3690.HK,HK,equity,2022-12-19,180.0,187.0,177.1,178.8,175.9,24976402.0,4523216437.72,0.01648664013644119,0.01648664013644119,0.01635221099590131,PASS,2026-04-20T12:14:39Z,D20260420.01
3690.HK,HK,equity,2022-12-20,176.1,178.9,171.8,175.5,178.8,18837092.0,3289752181.5,-0.01845637583892623,-0.01845637583892623,-0.018628819833493324,PASS,2026-04-20T12:14:39Z,D20260420.01
3690.HK,HK,equity,2022-12-21,176.2,176.8,172.5,174.2,175.5,10613803.0,1850019863.2,-0.007407407407407418,-0.007407407407407418,-0.00743497848751809,PASS,2026-04-20T12:14:39Z,D20260420.01
3690.HK,HK,equity,2022-12-22,179.7,186.8,178.2,186.2,174.2,35630667.0,6555281004.8,0.06888633754305395,0.06888633754305395,0.06661730042456426,PASS,2026-04-20T12:14:39Z,D20260420.01
3690.HK,HK,equity,2022-12-23,180.4,185.6,180.4,183.2,186.2,17329993.0,3173082000.21,-0.01611170784103111,-0.01611170784103111,-0.01624291260293676,PASS,2026-04-20T12:14:39Z,D20260420.01
3690.HK,HK,equity,2022-12-28,186.2,189.6,182.8,184.2,183.2,28927593.0,5387521977.0,0.005458515283842891,0.005458515283842891,0.005443671581176673,PASS,2026-04-20T12:14:39Z,D20260420.01
3690.HK,HK,equity,2022-12-29,180.8,185.0,179.9,183.8,184.2,17062318.0,3120787446.04,-0.0021715526601518986,-0.0021715526601518986,-0.002173913899619685,PASS,2026-04-20T12:14:39Z,D20260420.01
3690.HK,HK,equity,2022-12-30,188.4,188.5,174.7,174.7,183.8,31271880.0,5576976568.38,-0.049510337323177445,-0.049510337323177445,-0.050777992781575874,PASS,2026-04-20T12:14:39Z,D20260420.01
3690.HK,HK,equity,2023-01-03,173.0,177.8,164.7,176.8,174.7,37814940.0,6499986603.5,0.012020606754436391,0.012020606754436391,0.011948933063532393,PASS,2026-04-20T12:14:39Z,D20260420.01
3690.HK,HK,equity,2023-01-04,175.2,184.9,173.6,181.3,176.8,42884019.0,7767311872.1,0.025452488687782715,0.025452488687782715,0.025133967557262223,PASS,2026-04-20T12:14:39Z,D20260420.01
3690.HK,HK,equity,2023-01-05,188.8,195.6,187.2,190.8,181.3,45355119.0,8653699380.92,0.05239933811362385,0.05239933811362385,0.051072641253380804,PASS,2026-04-20T12:14:39Z,D20260420.01
3690.HK,HK,equity,2023-01-06,191.0,192.6,181.6,182.7,190.8,34445779.0,6402793415.3,-0.0424528301886794,-0.0424528301886794,-0.04338029563022529,PASS,2026-04-20T12:14:39Z,D20260420.01
3690.HK,HK,equity,2023-01-09,185.1,186.5,177.2,180.6,182.7,43409393.0,7864797436.55,-0.011494252873563204,-0.011494252873563204,-0.011560822401075971,PASS,2026-04-20T12:14:39Z,D20260420.01
3690.HK,HK,equity,2023-01-10,178.2,179.1,175.0,178.5,180.6,31231825.0,5536053381.66,-0.011627906976744207,-0.011627906976744207,-0.011696039763191298,PASS,2026-04-20T12:14:39Z,D20260420.01
3690.HK,HK,equity,2023-01-11,179.8,181.9,172.2,174.0,178.5,48156549.0,8506046558.3,-0.025210084033613467,-0.025210084033613467,-0.025533302005164762,PASS,2026-04-20T12:14:39Z,D20260420.01
3690.HK,HK,equity,2023-01-12,175.7,177.8,169.4,173.0,174.0,36223970.0,6263626517.75,-0.005747126436781658,-0.005747126436781658,-0.0057637047167501294,PASS,2026-04-20T12:14:39Z,D20260420.01
3690.HK,HK,equity,2023-01-13,173.0,173.2,168.0,171.2,173.0,37740104.0,6411471671.1,-0.010404624277456698,-0.010404624277456698,-0.01045913079013727,PASS,2026-04-20T12:14:39Z,D20260420.01
3690.HK,HK,equity,2023-01-16,171.6,172.6,161.6,165.6,171.2,58214816.0,9636307936.51,-0.032710280373831724,-0.032710280373831724,-0.03325722175648235,PASS,2026-04-20T12:14:39Z,D20260420.01
3690.HK,HK,equity,2023-01-17,165.8,169.8,162.3,164.8,165.6,34147894.0,5634360208.9,-0.004830917874396046,-0.004830917874396046,-0.004842624475787903,PASS,2026-04-20T12:14:39Z,D20260420.01
3690.HK,HK,equity,2023-01-18,162.1,165.8,161.0,163.6,164.8,32337925.0,5281548700.1,-0.00728155339805836,-0.00728155339805836,-0.0073081933067247525,PASS,2026-04-20T12:14:39Z,D20260420.01
3690.HK,HK,equity,2023-01-19,161.0,162.0,159.0,160.2,163.6,20979883.0,3366055075.65,-0.020782396088019572,-0.020782396088019572,-0.021001389534387845,PASS,2026-04-20T12:14:39Z,D20260420.01
3690.HK,HK,equity,2023-01-20,163.9,168.9,163.8,168.1,160.2,27743295.0,4632210569.22,0.049313358302122356,0.049313358302122356,0.04813600578031109,PASS,2026-04-20T12:14:39Z,D20260420.01
3690.HK,HK,equity,2023-01-26,171.1,173.4,169.5,172.4,168.1,29899068.0,5132193196.6,0.02558001189768011,0.02558001189768011,0.025258317815022954,PASS,2026-04-20T12:14:39Z,D20260420.01
3690.HK,HK,equity,2023-01-27,173.0,175.2,171.0,174.9,172.4,19439756.0,3381020361.9,0.01450116009280733,0.01450116009280733,0.01439702379496357,PASS,2026-04-20T12:14:39Z,D20260420.01
3690.HK,HK,equity,2023-01-30,172.0,181.1,172.0,173.5,174.9,55331550.0,9746200311.68,-0.00800457404230992,-0.00800457404230992,-0.008036782637642532,PASS,2026-04-20T12:14:39Z,D20260420.01
3690.HK,HK,equity,2023-01-31,175.8,178.5,170.3,174.6,173.5,32516625.0,5646904972.6,0.006340057636887497,0.006340057636887497,0.006320044018587837,PASS,2026-04-20T12:14:39Z,D20260420.01
3690.HK,HK,equity,2023-02-01,176.6,182.4,174.1,180.1,174.6,35916222.0,6426258609.66,0.03150057273768625,0.03150057273768625,0.031014608776408673,PASS,2026-04-20T12:14:39Z,D20260420.01
3690.HK,HK,equity,2023-02-02,183.1,185.0,176.0,176.6,180.1,26580738.0,4785554707.93,-0.019433647973348123,-0.019433647973348123,-0.019624964012050737,PASS,2026-04-20T12:14:39Z,D20260420.01
3690.HK,HK,equity,2023-02-03,173.2,174.8,169.0,172.8,176.6,28869669.0,4961476482.9,-0.021517553793884425,-0.021517553793884425,-0.021752431799904333,PASS,2026-04-20T12:14:39Z,D20260420.01
3690.HK,HK,equity,2023-02-06,167.8,170.0,160.4,164.1,172.8,43310208.0,7098755086.0,-0.05034722222222232,-0.05034722222222232,-0.05165885827391014,PASS,2026-04-20T12:14:39Z,D20260420.01
3690.HK,HK,equity,2023-02-07,165.0,166.5,162.4,163.7,164.1,22939843.0,3772963446.5,-0.0024375380865326868,-0.0024375380865326868,-0.0024405137189560788,PASS,2026-04-20T12:14:39Z,D20260420.01
3690.HK,HK,equity,2023-02-08,159.0,159.0,148.3,153.1,163.7,105815798.0,16180058838.62,-0.064752596212584,-0.064752596212584,-0.06694418171345115,PASS,2026-04-20T12:14:39Z,D20260420.01
3690.HK,HK,equity,2023-02-09,149.0,155.0,148.5,153.5,153.1,42178820.0,6437679771.1,0.0026126714565644082,0.0026126714565644082,0.0026092643636138452,PASS,2026-04-20T12:14:39Z,D20260420.01
3690.HK,HK,equity,2023-02-10,152.5,153.4,145.0,148.1,153.5,46144143.0,6815332384.89,-0.03517915309446262,-0.03517915309446262,-0.03581284575349883,PASS,2026-04-20T12:14:39Z,D20260420.01
3690.HK,HK,equity,2023-02-13,145.0,151.2,143.6,148.2,148.1,36985397.0,5470033181.46,0.0006752194463199857,0.0006752194463199857,0.000674991588233346,PASS,2026-04-20T12:14:39Z,D20260420.01
3690.HK,HK,equity,2023-02-14,149.0,150.1,146.7,147.7,148.2,26961707.0,3997353585.54,-0.003373819163292824,-0.003373819163292824,-0.0033795233246523724,PASS,2026-04-20T12:14:39Z,D20260420.01
3690.HK,HK,equity,2023-02-15,148.6,148.6,143.3,145.9,147.7,31980470.0,4653779189.9,-0.012186865267433844,-0.012186865267433844,-0.012261734008594009,PASS,2026-04-20T12:14:39Z,D20260420.01
3690.HK,HK,equity,2023-02-16,144.5,151.7,144.2,148.3,145.9,34797292.0,5175400254.74,0.01644962302947217,0.01644962302947217,0.01631579361514638,PASS,2026-04-20T12:14:39Z,D20260420.01
3690.HK,HK,equity,2023-02-17,147.9,149.8,144.1,144.2,148.3,25463180.0,3717048953.9,-0.02764666217127465,-0.02764666217127465,-0.028036024293037923,PASS,2026-04-20T12:14:39Z,D20260420.01
3690.HK,HK,equity,2023-02-20,144.7,147.6,142.2,145.8,144.2,19909280.0,2896986222.36,0.011095700416088983,0.011095700416088983,0.011034594723709287,PASS,2026-04-20T12:14:39Z,D20260420.01
3690.HK,HK,equity,2023-02-21,146.1,146.8,139.3,139.8,145.8,34114924.0,4817283542.3,-0.04115226337448563,-0.04115226337448563,-0.042022989774847926,PASS,2026-04-20T12:14:39Z,D20260420.01
3690.HK,HK,equity,2023-02-22,138.8,143.4,137.1,140.0,139.8,26855616.0,3762599073.36,0.0014306151645206988,0.0014306151645206988,0.0014295928095943715,PASS,2026-04-20T12:14:39Z,D20260420.01
3690.HK,HK,equity,2023-02-23,138.7,142.2,138.5,139.1,140.0,21932466.0,3069069077.28,-0.00642857142857145,-0.00642857142857145,-0.006449323679907095,PASS,2026-04-20T12:14:39Z,D20260420.01
3690.HK,HK,equity,2023-02-24,137.9,138.1,133.8,134.4,139.1,34832905.0,4717595774.22,-0.0337886412652767,-0.0337886412652767,-0.03437267084034797,PASS,2026-04-20T12:14:39Z,D20260420.01
3690.HK,HK,equity,2023-02-27,132.3,138.8,132.1,136.2,134.4,28234666.0,3852001224.8,0.013392857142856984,0.013392857142856984,0.013303965626362666,PASS,2026-04-20T12:14:39Z,D20260420.01
3690.HK,HK,equity,2023-02-28,138.3,140.4,135.1,136.1,136.2,31464557.0,4316032322.0,-0.0007342143906020615,-0.0007342143906020615,-0.0007344840579916098,PASS,2026-04-20T12:14:39Z,D20260420.01
3690.HK,HK,equity,2023-03-01,135.3,143.6,135.3,142.8,136.1,35180578.0,4954435851.37,0.04922850844966953,0.04922850844966953,0.04805514024806378,PASS,2026-04-20T12:14:39Z,D20260420.01
3690.HK,HK,equity,2023-03-02,140.6,142.5,139.7,141.3,142.8,17983015.0,2538383034.8,-0.010504201680672232,-0.010504201680672232,-0.010559760215002217,PASS,2026-04-20T12:14:39Z,D20260420.01
3690.HK,HK,equity,2023-03-03,145.3,146.0,141.8,142.3,141.3,22071347.0,3165216316.5,0.007077140835102691,0.007077140835102691,0.007052215405325001,PASS,2026-04-20T12:14:39Z,D20260420.01
3690.HK,HK,equity,2023-03-06,141.0,146.5,140.8,142.9,142.3,20474166.0,2951255576.24,0.0042164441321153046,0.0042164441321153046,0.0042075798400150926,PASS,2026-04-20T12:14:39Z,D20260420.01
3690.HK,HK,equity,2023-03-07,141.1,144.0,135.7,137.9,142.9,33805962.0,4695112393.6,-0.034989503149055246,-0.034989503149055246,-0.035616300136565554,PASS,2026-04-20T12:14:39Z,D20260420.01
3690.HK,HK,equity,2023-03-08,135.1,136.3,130.3,131.9,137.9,39112924.0,5175339975.4,-0.043509789702683155,-0.043509789702683155,-0.04448472507598727,PASS,2026-04-20T12:14:39Z,D20260420.01
3690.HK,HK,equity,2023-03-09,131.1,132.0,129.2,129.4,131.9,27384196.0,3567054543.03,-0.018953752843062888,-0.018953752843062888,-0.019135677656468685,PASS,2026-04-20T12:14:39Z,D20260420.01
3690.HK,HK,equity,2023-03-10,125.9,127.4,122.1,127.4,129.4,69948713.0,8821102787.8,-0.015455950540958274,-0.015455950540958274,-0.015576638928737225,PASS,2026-04-20T12:14:39Z,D20260420.01
3690.HK,HK,equity,2023-03-13,129.1,131.4,127.0,129.0,127.4,31670535.0,4099718420.5,0.012558869701726705,0.012558869701726705,0.012480661223609005,PASS,2026-04-20T12:14:39Z,D20260420.01
3690.HK,HK,equity,2023-03-14,127.7,130.9,124.5,125.4,129.0,24599054.0,3105670589.21,-0.027906976744185963,-0.027906976744185963,-0.028303776162851707,PASS,2026-04-20T12:14:39Z,D20260420.01
3690.HK,HK,equity,2023-03-15,127.9,130.3,125.6,126.7,125.4,20973761.0,2679245392.5,0.010366826156299913,0.010366826156299913,0.010313459128273118,PASS,2026-04-20T12:14:39Z,D20260420.01
3690.HK,HK,equity,2023-03-16,124.5,129.5,124.2,126.3,126.7,21703846.0,2746961420.85,-0.0031570639305446013,-0.0031570639305446013,-0.0031620579706479507,PASS,2026-04-20T12:14:39Z,D20260420.01
3690.HK,HK,equity,2023-03-17,128.7,131.4,127.8,130.4,126.3,36936345.0,4798928038.48,0.03246239113222482,0.03246239113222482,0.031946620136107114,PASS,2026-04-20T12:14:39Z,D20260420.01
3690.HK,HK,equity,2023-03-20,129.2,130.8,126.4,128.9,130.4,20529878.0,2628735062.02,-0.011503067484662566,-0.011503067484662566,-0.011569739547410864,PASS,2026-04-20T12:14:39Z,D20260420.01
3690.HK,HK,equity,2023-03-21,129.6,130.5,125.6,130.1,128.9,18879916.0,2423378828.96,0.009309542280837801,0.009309542280837801,0.00926647557331783,PASS,2026-04-20T12:14:39Z,D20260420.01
3690.HK,HK,equity,2023-03-22,131.4,132.9,128.4,130.3,130.1,27442623.0,3573506525.2,0.001537279016141646,0.001537279016141646,0.0015360986123400591,PASS,2026-04-20T12:14:39Z,D20260420.01
3690.HK,HK,equity,2023-03-23,130.7,142.0,129.3,141.1,130.3,55356860.0,7570895086.41,0.08288564850345348,0.08288564850345348,0.0796293747279688,PASS,2026-04-20T12:14:39Z,D20260420.01
3690.HK,HK,equity,2023-03-24,140.8,143.7,136.9,140.2,141.1,43628145.0,6098092346.0,-0.006378454996456506,-0.006378454996456506,-0.006398884258278697,PASS,2026-04-20T12:14:39Z,D20260420.01
3690.HK,HK,equity,2023-03-27,138.0,139.7,130.5,131.4,140.2,95718074.0,12747066032.99,-0.06276747503566327,-0.06276747503566327,-0.0648238685499795,PASS,2026-04-20T12:14:39Z,D20260420.01
3690.HK,HK,equity,2023-03-28,128.0,136.6,128.0,134.6,131.4,50100100.0,6614392532.22,0.0243531202435312,0.0243531202435312,0.024061311160117293,PASS,2026-04-20T12:14:39Z,D20260420.01
3690.HK,HK,equity,2023-03-29,140.0,144.4,138.0,140.0,134.6,76240940.0,10745046580.4,0.04011887072808329,0.04011887072808329,0.039335005398676945,PASS,2026-04-20T12:14:39Z,D20260420.01
3690.HK,HK,equity,2023-03-30,140.2,142.4,138.0,142.0,140.0,34864662.0,4899240050.46,0.014285714285714235,0.014285714285714235,0.014184634991956381,PASS,2026-04-20T12:14:39Z,D20260420.01
3690.HK,HK,equity,2023-03-31,144.8,148.0,143.3,143.5,142.0,47423368.0,6898999061.17,0.010563380281690238,0.010563380281690238,0.010507977598415165,PASS,2026-04-20T12:14:39Z,D20260420.01
3690.HK,HK,equity,2023-04-03,140.6,142.5,139.1,140.0,143.5,32056637.0,4503106234.1,-0.024390243902439046,-0.024390243902439046,-0.02469261259037152,PASS,2026-04-20T12:14:39Z,D20260420.01
3690.HK,HK,equity,2023-04-04,136.3,137.7,132.0,133.9,140.0,41379452.0,5551985760.82,-0.04357142857142848,-0.04357142857142848,-0.04454916991217738,PASS,2026-04-20T12:14:39Z,D20260420.01
3690.HK,HK,equity,2023-04-06,131.0,133.9,129.2,133.8,133.9,28511889.0,3760891513.3,-0.0007468259895443419,-0.0007468259895443419,-0.000747105002998653,PASS,2026-04-20T12:14:39Z,D20260420.01
3690.HK,HK,equity,2023-04-11,134.2,137.2,132.7,135.4,133.8,23521030.0,3167145442.94,0.01195814648729443,0.01195814648729443,0.011887212784046504,PASS,2026-04-20T12:14:39Z,D20260420.01
3690.HK,HK,equity,2023-04-12,134.8,137.6,130.3,131.0,135.4,24250489.0,3200441543.62,-0.03249630723781394,-0.03249630723781394,-0.03303603727702313,PASS,2026-04-20T12:14:39Z,D20260420.01
3690.HK,HK,equity,2023-04-13,128.0,130.9,126.5,130.9,131.0,27623109.0,3554848849.2,-0.0007633587786258778,-0.0007633587786258778,-0.0007636502852972222,PASS,2026-04-20T12:14:39Z,D20260420.01
3690.HK,HK,equity,2023-04-14,131.3,131.9,127.6,129.5,130.9,23135639.0,2991776573.6,-0.010695187165775444,-0.010695187165775444,-0.01075279177626185,PASS,2026-04-20T12:14:39Z,D20260420.01
3690.HK,HK,equity,2023-04-17,128.5,136.7,128.0,135.6,129.5,30802735.0,4099541671.6,0.0471042471042471,0.0471042471042471,0.04602849436670275,PASS,2026-04-20T12:14:39Z,D20260420.01
3690.HK,HK,equity,2023-04-18,133.3,136.6,133.3,135.3,135.6,15484880.0,2090532259.6,-0.0022123893805308104,-0.0022123893805308104,-0.002214840329552676,PASS,2026-04-20T12:14:39Z,D20260420.01
3690.HK,HK,equity,2023-04-19,135.6,138.6,133.9,135.6,135.3,24319557.0,3309185201.12,0.0022172949002217113,0.0022172949002217113,0.0022148403295528213,PASS,2026-04-20T12:14:39Z,D20260420.01
3690.HK,HK,equity,2023-04-20,135.8,142.2,135.8,140.4,135.6,35146544.0,4926315905.48,0.03539823008849563,0.03539823008849563,0.034786116085415604,PASS,2026-04-20T12:14:39Z,D20260420.01
3690.HK,HK,equity,2023-04-21,140.0,140.6,136.4,137.7,140.4,22543597.0,3125698947.75,-0.019230769230769384,-0.019230769230769384,-0.01941808585710174,PASS,2026-04-20T12:14:39Z,D20260420.01
3690.HK,HK,equity,2023-04-24,137.7,141.0,134.9,137.6,137.7,17718915.0,2435364068.28,-0.000726216412490932,-0.000726216412490932,-0.000726480235365885,PASS,2026-04-20T12:14:39Z,D20260420.01
3690.HK,HK,equity,2023-04-25,136.7,136.8,129.5,131.6,137.6,31004357.0,4080695404.4,-0.043604651162790664,-0.043604651162790664,-0.04458390660802643,PASS,2026-04-20T12:14:39Z,D20260420.01
3690.HK,HK,equity,2023-04-26,130.8,135.7,130.4,133.1,131.6,18835502.0,2514002270.53,0.011398176291793405,0.011398176291793405,0.011333706509849212,PASS,2026-04-20T12:14:39Z,D20260420.01
3690.HK,HK,equity,2023-04-27,132.3,134.2,131.4,134.0,133.1,15864433.0,2111073163.73,0.0067618332081142984,0.0067618332081142984,0.006739074549845519,PASS,2026-04-20T12:14:39Z,D20260420.01
3690.HK,HK,equity,2023-04-28,134.1,136.6,132.6,133.0,134.0,15047849.0,2014867626.2,-0.007462686567164201,-0.007462686567164201,-0.007490671729157626,PASS,2026-04-20T12:14:39Z,D20260420.01
3690.HK,HK,equity,2023-05-02,135.9,137.4,131.5,132.5,133.0,10384370.0,1388418129.6,-0.003759398496240629,-0.003759398496240629,-0.0037664827954768934,PASS,2026-04-20T12:14:39Z,D20260420.01
3690.HK,HK,equity,2023-05-03,130.0,131.4,128.9,131.3,132.5,9248479.0,1204854367.2,-0.00905660377358486,-0.00905660377358486,-0.00909786411752635,PASS,2026-04-20T12:14:39Z,D20260420.01
3690.HK,HK,equity,2023-05-04,131.9,133.5,130.4,132.0,131.3,14987634.0,1979496750.11,0.005331302361005319,0.005331302361005319,0.005317141277620339,PASS,2026-04-20T12:14:39Z,D20260420.01
3690.HK,HK,equity,2023-05-05,134.0,137.0,132.8,135.6,132.0,19031107.0,2576991181.28,0.027272727272727337,0.027272727272727337,0.026907452919924402,PASS,2026-04-20T12:14:39Z,D20260420.01
3690.HK,HK,equity,2023-05-08,135.7,137.7,132.7,134.2,135.6,13434802.0,1804887915.7,-0.0103244837758113,-0.0103244837758113,-0.010378150968713867,PASS,2026-04-20T12:14:39Z,D20260420.01
3690.HK,HK,equity,2023-05-09,133.0,135.3,129.8,130.3,134.2,21017532.0,2767917386.4,-0.029061102831594465,-0.029061102831594465,-0.02949174040678181,PASS,2026-04-20T12:14:39Z,D20260420.01
3690.HK,HK,equity,2023-05-10,129.3,130.0,126.6,129.0,130.3,22057043.0,2829540242.93,-0.009976976208749155,-0.009976976208749155,-0.010027079769127435,PASS,2026-04-20T12:14:39Z,D20260420.01
3690.HK,HK,equity,2023-05-11,128.6,129.9,126.2,128.5,129.0,21665041.0,2768531372.07,-0.003875968992248069,-0.003875968992248069,-0.003883500026397633,PASS,2026-04-20T12:14:39Z,D20260420.01
3690.HK,HK,equity,2023-05-12,130.8,134.6,130.0,131.8,128.5,30262695.0,4017864817.2,0.02568093385214021,0.02568093385214021,0.025356717733132483,PASS,2026-04-20T12:14:39Z,D20260420.01
3690.HK,HK,equity,2023-05-15,131.8,139.2,131.2,136.3,131.8,32892977.0,4462328002.6,0.03414264036418824,0.03414264036418824,0.03357271663408016,PASS,2026-04-20T12:14:39Z,D20260420.01
3690.HK,HK,equity,2023-05-16,138.9,139.8,137.0,137.4,136.3,17895478.0,2477583142.55,0.00807043286867204,0.00807043286867204,0.008038041085762029,PASS,2026-04-20T12:14:39Z,D20260420.01
3690.HK,HK,equity,2023-05-17,137.4,139.0,132.8,133.0,137.4,16045180.0,2170724863.73,-0.03202328966521106,-0.03202328966521106,-0.032547251566495204,PASS,2026-04-20T12:14:39Z,D20260420.01
3690.HK,HK,equity,2023-05-18,133.5,135.3,131.7,133.5,133.0,15303929.0,2039765893.31,0.003759398496240518,0.003759398496240518,0.003752349618550372,PASS,2026-04-20T12:14:39Z,D20260420.01
3690.HK,HK,equity,2023-05-19,130.7,131.1,127.6,128.6,133.5,29496414.0,3793832381.6,-0.03670411985018729,-0.03670411985018729,-0.037394666036785235,PASS,2026-04-20T12:14:39Z,D20260420.01
3690.HK,HK,equity,2023-05-22,129.7,134.0,127.5,132.6,128.6,24354632.0,3206342750.2,0.031104199066874116,0.031104199066874116,0.030630265948243206,PASS,2026-04-20T12:14:39Z,D20260420.01
3690.HK,HK,equity,2023-05-23,132.7,135.7,132.0,132.8,132.6,18896202.0,2530776451.0,0.0015082956259429015,0.0015082956259429015,0.0015071592905715604,PASS,2026-04-20T12:14:39Z,D20260420.01
3690.HK,HK,equity,2023-05-24,130.8,131.9,129.6,130.4,132.8,15450737.0,2019147427.15,-0.01807228915662651,-0.01807228915662651,-0.0182375875497809,PASS,2026-04-20T12:14:39Z,D20260420.01
3690.HK,HK,equity,2023-05-25,128.9,129.6,123.3,126.0,130.4,34594015.0,4356445154.3,-0.033742331288343586,-0.033742331288343586,-0.03432474254107461,PASS,2026-04-20T12:14:39Z,D20260420.01
3690.HK,HK,equity,2023-05-29,126.0,126.0,115.3,115.8,126.0,93174015.0,11024168209.99,-0.080952380952381,-0.080952380952381,-0.08441734181258317,PASS,2026-04-20T12:14:39Z,D20260420.01
3690.HK,HK,equity,2023-05-30,116.5,117.6,113.0,116.4,115.8,45855807.0,5284283733.32,0.005181347150259086,0.005181347150259086,0.005167970158442598,PASS,2026-04-20T12:14:39Z,D20260420.01
3690.HK,HK,equity,2023-05-31,112.1,113.4,109.2,110.2,116.4,87568473.0,9710096709.4,-0.053264604810996596,-0.053264604810996596,-0.05473563857852337,PASS,2026-04-20T12:14:39Z,D20260420.01
3690.HK,HK,equity,2023-06-01,110.9,117.0,110.8,112.8,110.2,45431448.0,5176696326.97,0.023593466424682408,0.023593466424682408,0.023319442345144423,PASS,2026-04-20T12:14:39Z,D20260420.01
3690.HK,HK,equity,2023-06-02,116.8,122.0,115.5,121.6,112.8,63586477.0,7634293288.48,0.07801418439716312,0.07801418439716312,0.07512063046810812,PASS,2026-04-20T12:14:39Z,D20260420.01
3690.HK,HK,equity,2023-06-05,120.1,122.4,118.7,121.6,121.6,29492833.0,3572442082.6,0.0,0.0,0.0,PASS,2026-04-20T12:14:39Z,D20260420.01
3690.HK,HK,equity,2023-06-06,122.0,125.3,120.4,121.8,121.6,23872365.0,2930160122.28,0.00164473684210531,0.00164473684210531,0.0016433857437300632,PASS,2026-04-20T12:14:39Z,D20260420.01
3690.HK,HK,equity,2023-06-07,125.2,126.5,123.2,123.5,121.8,20229163.0,2516223023.03,0.013957307060755264,0.013957307060755264,0.013860800792235166,PASS,2026-04-20T12:14:39Z,D20260420.01
3690.HK,HK,equity,2023-06-08,124.0,124.8,120.2,124.4,123.5,20637994.0,2534261986.1,0.007287449392712642,0.007287449392712642,0.007261024237047273,PASS,2026-04-20T12:14:39Z,D20260420.01
3690.HK,HK,equity,2023-06-09,126.2,128.0,124.5,127.1,124.4,27792192.0,3527010460.8,0.02170418006430852,0.02170418006430852,0.02147199789032914,PASS,2026-04-20T12:14:39Z,D20260420.01
3690.HK,HK,equity,2023-06-12,128.6,128.8,125.2,127.6,127.1,17065634.0,2168802142.7,0.003933910306844979,0.003933910306844979,0.003926192715281115,PASS,2026-04-20T12:14:39Z,D20260420.01
3690.HK,HK,equity,2023-06-13,127.6,129.5,126.2,128.0,127.6,24358052.0,3117433800.0,0.0031347962382446415,0.0031347962382446415,0.003129893008927787,PASS,2026-04-20T12:14:39Z,D20260420.01
3690.HK,HK,equity,2023-06-14,129.2,130.4,125.6,127.3,128.0,18064760.0,2311089824.7,-0.005468750000000022,-0.005468750000000022,-0.005483758356256353,PASS,2026-04-20T12:14:39Z,D20260420.01
3690.HK,HK,equity,2023-06-15,130.2,137.3,128.9,137.2,127.3,52675219.0,7025369097.8,0.077769049489395,0.077769049489395,0.07489320972842389,PASS,2026-04-20T12:14:39Z,D20260420.01
3690.HK,HK,equity,2023-06-16,139.0,139.8,136.0,138.0,137.2,71956565.0,9929994620.0,0.005830903790087438,0.005830903790087438,0.005813969865419816,PASS,2026-04-20T12:14:39Z,D20260420.01
3690.HK,HK,equity,2023-06-19,136.7,137.5,132.9,137.0,138.0,23414744.0,3166754778.3,-0.007246376811594235,-0.007246376811594235,-0.007272759329079809,PASS,2026-04-20T12:14:39Z,D20260420.01
3690.HK,HK,equity,2023-06-20,137.2,137.2,130.8,132.3,137.0,21691469.0,2871913559.2,-0.03430656934306564,-0.03430656934306564,-0.03490885470721486,PASS,2026-04-20T12:14:39Z,D20260420.01
3690.HK,HK,equity,2023-06-21,129.0,129.5,126.0,127.6,132.3,25298667.0,3223822536.9,-0.035525321239607055,-0.035525321239607055,-0.0361717002102206,PASS,2026-04-20T12:14:39Z,D20260420.01
3690.HK,HK,equity,2023-06-23,125.7,126.0,122.6,124.7,127.6,16208306.0,2012379741.5,-0.022727272727272707,-0.022727272727272707,-0.02298951822469872,PASS,2026-04-20T12:14:39Z,D20260420.01
3690.HK,HK,equity,2023-06-26,124.5,126.6,122.9,124.0,124.7,18021336.0,2238865284.05,-0.005613472333600655,-0.005613472333600655,-0.005629287080953916,PASS,2026-04-20T12:14:39Z,D20260420.01
3690.HK,HK,equity,2023-06-27,123.4,127.5,123.1,126.2,124.0,16670910.0,2100171832.5,0.01774193548387104,0.01774193548387104,0.01758638450207599,PASS,2026-04-20T12:14:39Z,D20260420.01
3690.HK,HK,equity,2023-06-28,125.3,128.0,124.7,127.1,126.2,16886084.0,2138652599.9,0.007131537242472286,0.007131537242472286,0.007106228088295603,PASS,2026-04-20T12:14:39Z,D20260420.01
3690.HK,HK,equity,2023-06-29,126.8,128.1,123.2,124.7,127.1,18153464.0,2257795924.8,-0.018882769472855943,-0.018882769472855943,-0.01906332550941752,PASS,2026-04-20T12:14:39Z,D20260420.01
3690.HK,HK,equity,2023-06-30,123.4,124.4,121.6,122.3,124.7,22205599.0,2722244483.42,-0.019246190858059342,-0.019246190858059342,-0.019433809992864096,PASS,2026-04-20T12:14:39Z,D20260420.01
3690.HK,HK,equity,2023-07-03,123.9,127.2,123.3,126.4,122.3,18128687.0,2280567809.6,0.03352412101390034,0.03352412101390034,0.03297443901963047,PASS,2026-04-20T12:14:39Z,D20260420.01
3690.HK,HK,equity,2023-07-04,126.6,128.8,124.9,127.6,126.4,12694880.0,1617373084.74,0.009493670886075778,0.009493670886075778,0.009448889197932289,PASS,2026-04-20T12:14:39Z,D20260420.01
3690.HK,HK,equity,2023-07-05,127.1,127.9,123.6,124.5,127.6,12203478.0,1523906351.8,-0.024294670846394917,-0.024294670846394917,-0.02459465500592713,PASS,2026-04-20T12:14:39Z,D20260420.01
3690.HK,HK,equity,2023-07-06,123.0,124.6,119.7,120.6,124.5,22254934.0,2695868742.8,-0.031325301204819356,-0.031325301204819356,-0.03182643161167732,PASS,2026-04-20T12:14:39Z,D20260420.01
3690.HK,HK,equity,2023-07-07,119.0,121.2,117.3,119.1,120.6,19381215.0,2307376658.3,-0.01243781094527363,-0.01243781094527363,-0.012515807931830646,PASS,2026-04-20T12:14:39Z,D20260420.01
3690.HK,HK,equity,2023-07-10,122.7,123.9,120.6,121.1,119.1,14335857.0,1744062677.88,0.016792611251049472,0.016792611251049472,0.01665317419779208,PASS,2026-04-20T12:14:39Z,D20260420.01
3690.HK,HK,equity,2023-07-11,124.0,124.0,121.5,122.0,121.1,12052968.0,1477872641.7,0.007431874483897705,0.007431874483897705,0.007404394174210089,PASS,2026-04-20T12:14:39Z,D20260420.01
3690.HK,HK,equity,2023-07-12,124.0,128.2,123.1,127.3,122.0,26018894.0,3292962007.9,0.043442622950819576,0.043442622950819576,0.04252546083010419,PASS,2026-04-20T12:14:39Z,D20260420.01
3690.HK,HK,equity,2023-07-13,131.5,135.4,131.1,134.6,127.3,46811946.0,6268466040.5,0.0573448546739983,0.0573448546739983,0.05576091164726647,PASS,2026-04-20T12:14:39Z,D20260420.01
3690.HK,HK,equity,2023-07-14,137.3,137.4,131.5,132.5,134.6,25152849.0,3350207970.4,-0.015601783060921193,-0.015601783060921193,-0.015724771784350475,PASS,2026-04-20T12:14:39Z,D20260420.01
3690.HK,HK,equity,2023-07-18,131.2,132.0,128.1,129.1,132.5,17254666.0,2230394497.8,-0.025660377358490583,-0.025660377358490583,-0.025995347573680102,PASS,2026-04-20T12:14:39Z,D20260420.01
3690.HK,HK,equity,2023-07-19,125.5,128.3,125.2,127.7,129.1,21572134.0,2732862205.04,-0.010844306738961973,-0.010844306738961973,-0.010903534814103135,PASS,2026-04-20T12:14:39Z,D20260420.01
3690.HK,HK,equity,2023-07-20,128.8,131.9,126.2,126.7,127.7,15235978.0,1956690609.12,-0.007830853563038365,-0.007830853563038365,-0.007861675711400232,PASS,2026-04-20T12:14:39Z,D20260420.01
3690.HK,HK,equity,2023-07-21,126.0,129.2,126.0,128.2,126.7,14407358.0,1843745718.44,0.011838989739542116,0.011838989739542116,0.01176945715947619,PASS,2026-04-20T12:14:39Z,D20260420.01
3690.HK,HK,equity,2023-07-24,125.6,127.4,123.7,125.0,128.2,16798364.0,2105799589.57,-0.024960998439937487,-0.024960998439937487,-0.02527780718426843,PASS,2026-04-20T12:14:39Z,D20260420.01
3690.HK,HK,equity,2023-07-25,131.0,135.2,129.8,134.8,125.0,41601348.0,5532442212.6,0.07840000000000003,0.07840000000000003,0.07547846117590556,PASS,2026-04-20T12:14:39Z,D20260420.01
3690.HK,HK,equity,2023-07-26,133.0,135.5,131.8,134.9,134.8,17449621.0,2340733906.92,0.0007418397626113293,0.0007418397626113293,0.0007415647355035913,PASS,2026-04-20T12:14:39Z,D20260420.01
3690.HK,HK,equity,2023-07-27,136.7,138.2,135.7,136.6,134.9,23954776.0,3283108889.32,0.01260192735359511,0.01260192735359511,0.012523183922979348,PASS,2026-04-20T12:14:39Z,D20260420.01
3690.HK,HK,equity,2023-07-28,134.2,143.0,133.9,142.4,136.6,40948029.0,5750093090.98,0.04245973645680823,0.04245973645680823,0.04158305184118573,PASS,2026-04-20T12:14:39Z,D20260420.01
3690.HK,HK,equity,2023-07-31,149.3,150.0,145.4,146.3,142.4,48528755.0,7187354918.17,0.0273876404494382,0.0273876404494382,0.02701930904820323,PASS,2026-04-20T12:14:39Z,D20260420.01
3690.HK,HK,equity,2023-08-01,149.0,150.0,143.5,145.5,146.3,26924963.0,3951564267.2,-0.005468215994531844,-0.005468215994531844,-0.005483221414531482,PASS,2026-04-20T12:14:39Z,D20260420.01
3690.HK,HK,equity,2023-08-02,143.9,144.7,138.8,140.7,145.5,25201177.0,3551923717.04,-0.03298969072164959,-0.03298969072164959,-0.03354612249120394,PASS,2026-04-20T12:14:39Z,D20260420.01
3690.HK,HK,equity,2023-08-03,140.3,142.8,139.3,140.2,140.7,13772924.0,1943792877.1,-0.003553660270078196,-0.003553660270078196,-0.0035599895198536718,PASS,2026-04-20T12:14:39Z,D20260420.01
3690.HK,HK,equity,2023-08-04,144.0,146.9,142.0,144.0,140.2,19915828.0,2877664371.0,0.02710413694721825,0.02710413694721825,0.026743324975510893,PASS,2026-04-20T12:14:39Z,D20260420.01
3690.HK,HK,equity,2023-08-07,144.8,146.2,141.4,144.7,144.0,11552859.0,1663945710.91,0.004861111111110983,0.004861111111110983,0.004849334061437429,PASS,2026-04-20T12:14:39Z,D20260420.01
3690.HK,HK,equity,2023-08-08,141.1,142.5,138.7,140.1,144.7,20110425.0,2822365797.1,-0.0317899101589495,-0.0317899101589495,-0.0323061802944768,PASS,2026-04-20T12:14:39Z,D20260420.01
3690.HK,HK,equity,2023-08-09,137.6,141.4,137.6,140.9,140.1,10966324.0,1533865350.6,0.005710206995003686,0.005710206995003686,0.005693965561673331,PASS,2026-04-20T12:14:39Z,D20260420.01
3690.HK,HK,equity,2023-08-10,139.4,142.0,137.6,141.0,140.9,12527662.0,1751006037.1,0.0007097232079489313,0.0007097232079489313,0.0007094714735337766,PASS,2026-04-20T12:14:39Z,D20260420.01
3690.HK,HK,equity,2023-08-11,141.2,141.5,136.9,137.2,141.0,17193808.0,2371071219.9,-0.026950354609929117,-0.026950354609929117,-0.02732017508638347,PASS,2026-04-20T12:14:39Z,D20260420.01
3690.HK,HK,equity,2023-08-14,133.0,135.9,131.6,135.4,137.2,16180085.0,2163066539.98,-0.01311953352769668,-0.01311953352769668,-0.013206354813610119,PASS,2026-04-20T12:14:39Z,D20260420.01
3690.HK,HK,equity,2023-08-15,134.0,135.8,132.8,133.9,135.4,11024207.0,1476906264.0,-0.01107828655834564,-0.01107828655834564,-0.011140107781047794,PASS,2026-04-20T12:14:39Z,D20260420.01
3690.HK,HK,equity,2023-08-16,131.0,133.7,130.9,132.4,133.9,10505315.0,1387046116.54,-0.011202389843166571,-0.011202389843166571,-0.011265609194219017,PASS,2026-04-20T12:14:39Z,D20260420.01
3690.HK,HK,equity,2023-08-17,129.7,135.0,129.1,133.6,132.4,16806999.0,2221203863.5,0.009063444108761143,0.009063444108761143,0.009022617599637331,PASS,2026-04-20T12:14:39Z,D20260420.01
3690.HK,HK,equity,2023-08-18,131.8,133.8,129.4,129.9,133.6,17637567.0,2309515967.0,-0.02769461077844304,-0.02769461077844304,-0.02808533742599142,PASS,2026-04-20T12:14:39Z,D20260420.01
3690.HK,HK,equity,2023-08-21,128.2,129.9,125.6,127.0,129.9,21050493.0,2686306303.54,-0.02232486528098543,-0.02232486528098543,-0.022577837217962637,PASS,2026-04-20T12:14:39Z,D20260420.01
3690.HK,HK,equity,2023-08-22,128.0,131.6,125.7,129.2,127.0,23483185.0,3023649941.9,0.017322834645669305,0.017322834645669305,0.017174504889910215,PASS,2026-04-20T12:14:39Z,D20260420.01
3690.HK,HK,equity,2023-08-23,129.7,133.2,127.3,130.3,129.2,16176065.0,2104074237.8,0.00851393188854499,0.00851393188854499,0.008477892782298057,PASS,2026-04-20T12:14:39Z,D20260420.01
3690.HK,HK,equity,2023-08-24,131.9,140.4,131.3,140.0,130.3,42613537.0,5849382161.1,0.074443591711435,0.074443591711435,0.07180293847850472,PASS,2026-04-20T12:14:39Z,D20260420.01
3690.HK,HK,equity,2023-08-25,135.2,135.8,130.2,132.2,140.0,43410345.0,5779664405.8,-0.05571428571428583,-0.05571428571428583,-0.05732649519171851,PASS,2026-04-20T12:14:39Z,D20260420.01
3690.HK,HK,equity,2023-08-28,138.0,139.3,134.2,134.7,132.2,24644805.0,3355373369.32,0.018910741301058964,0.018910741301058964,0.018734155998732353,PASS,2026-04-20T12:14:39Z,D20260420.01
3690.HK,HK,equity,2023-08-29,136.6,138.9,135.0,137.3,134.7,20565514.0,2826745845.6,0.01930215293244264,0.01930215293244264,0.019118229357607236,PASS,2026-04-20T12:14:39Z,D20260420.01
3690.HK,HK,equity,2023-08-30,138.8,140.0,133.4,134.2,137.3,24450563.0,3321123363.08,-0.022578295702840645,-0.022578295702840645,-0.0228370882363441,PASS,2026-04-20T12:14:39Z,D20260420.01
3690.HK,HK,equity,2023-08-31,134.1,134.2,128.3,128.5,134.2,42183417.0,5478707590.3,-0.04247391952309976,-0.04247391952309976,-0.04340232020230683,PASS,2026-04-20T12:14:39Z,D20260420.01
3690.HK,HK,equity,2023-09-04,131.9,134.9,130.5,132.7,128.5,42270768.0,5625579603.95,0.03268482490272362,0.03268482490272362,0.03216203700288722,PASS,2026-04-20T12:14:39Z,D20260420.01
3690.HK,HK,equity,2023-09-05,132.3,132.5,128.3,128.6,132.7,20179605.0,2621654801.2,-0.030896759608138646,-0.030896759608138646,-0.0313841295346428,PASS,2026-04-20T12:14:39Z,D20260420.01
3690.HK,HK,equity,2023-09-06,128.0,129.0,125.2,128.3,128.6,20503896.0,2610581754.44,-0.00233281493001547,-0.00233281493001547,-0.0023355401819281866,PASS,2026-04-20T12:14:39Z,D20260420.01
3690.HK,HK,equity,2023-09-07,129.0,129.0,124.2,125.0,128.3,24107147.0,3025132120.1,-0.025720966484801377,-0.025720966484801377,-0.026057534319289755,PASS,2026-04-20T12:14:39Z,D20260420.01
3690.HK,HK,equity,2023-09-11,122.4,127.1,122.0,125.7,125.0,23497040.0,2928870453.7,0.005600000000000049,0.005600000000000049,0.0055843782939006634,PASS,2026-04-20T12:14:39Z,D20260420.01
3690.HK,HK,equity,2023-09-12,124.6,126.0,122.7,124.8,125.7,15824406.0,1969566335.67,-0.007159904534606243,-0.007159904534606243,-0.007185659660874486,PASS,2026-04-20T12:14:39Z,D20260420.01
3690.HK,HK,equity,2023-09-13,124.6,125.2,122.5,123.1,124.8,13579391.0,1674808317.1,-0.013621794871794934,-0.013621794871794934,-0.013715422744919529,PASS,2026-04-20T12:14:39Z,D20260420.01
3690.HK,HK,equity,2023-09-14,123.5,124.3,121.6,123.0,123.1,14635798.0,1798974852.4,-0.0008123476848090894,-0.0008123476848090894,-0.0008126778179903221,PASS,2026-04-20T12:14:39Z,D20260420.01
3690.HK,HK,equity,2023-09-15,124.5,126.3,122.2,124.3,123.0,22337043.0,2786571137.1,0.010569105691056846,0.010569105691056846,0.01051364314424787,PASS,2026-04-20T12:14:39Z,D20260420.01
3690.HK,HK,equity,2023-09-18,122.2,123.6,121.3,122.0,124.3,13494852.0,1654248272.2,-0.018503620273531807,-0.018503620273531807,-0.0186769537834089,PASS,2026-04-20T12:14:39Z,D20260420.01
3690.HK,HK,equity,2023-09-19,121.4,122.4,118.7,121.7,122.0,21026601.0,2532972370.68,-0.0024590163934425924,-0.0024590163934425924,-0.0024620447397750386,PASS,2026-04-20T12:14:39Z,D20260420.01
3690.HK,HK,equity,2023-09-20,120.7,121.3,118.6,119.2,121.7,18468116.0,2206486807.9,-0.020542317173377178,-0.020542317173377178,-0.020756245362232126,PASS,2026-04-20T12:14:39Z,D20260420.01
3690.HK,HK,equity,2023-09-21,117.5,117.8,115.2,116.3,119.2,25261260.0,2934952937.6,-0.02432885906040272,-0.02432885906040272,-0.02462969510663068,PASS,2026-04-20T12:14:39Z,D20260420.01
3690.HK,HK,equity,2023-09-22,114.8,121.5,114.8,120.8,116.3,24610941.0,2934364535.82,0.038693035253654307,0.038693035253654307,0.0379632259760958,PASS,2026-04-20T12:14:39Z,D20260420.01
3690.HK,HK,equity,2023-09-25,119.9,120.0,116.6,117.2,120.8,19533949.0,2299818825.85,-0.02980132450331119,-0.02980132450331119,-0.03025440835780226,PASS,2026-04-20T12:14:39Z,D20260420.01
3690.HK,HK,equity,2023-09-26,116.4,118.4,115.9,116.3,117.2,18430577.0,2157140083.0,-0.007679180887372072,-0.007679180887372072,-0.007708817618293559,PASS,2026-04-20T12:14:39Z,D20260420.01
3690.HK,HK,equity,2023-09-27,115.5,117.2,113.7,114.8,116.3,32223497.0,3705009502.5,-0.012897678417884806,-0.012897678417884806,-0.012981575639152722,PASS,2026-04-20T12:14:39Z,D20260420.01
3690.HK,HK,equity,2023-09-28,113.1,114.3,110.2,110.8,114.8,45106314.0,5014137917.48,-0.03484320557491294,-0.03484320557491294,-0.035464709572282656,PASS,2026-04-20T12:14:39Z,D20260420.01
3690.HK,HK,equity,2023-09-29,112.3,115.7,111.3,114.6,110.8,19167952.0,2193202044.6,0.03429602888086647,0.03429602888086647,0.033721029967455796,PASS,2026-04-20T12:14:39Z,D20260420.01
3690.HK,HK,equity,2023-10-03,111.5,111.9,107.6,110.0,114.6,25231513.0,2760165937.2,-0.04013961605584637,-0.04013961605584637,-0.04096743848822291,PASS,2026-04-20T12:14:39Z,D20260420.01
3690.HK,HK,equity,2023-10-04,109.0,109.8,105.7,106.9,110.0,22890772.0,2442358516.3,-0.028181818181818086,-0.028181818181818086,-0.028586547761416586,PASS,2026-04-20T12:14:39Z,D20260420.01
3690.HK,HK,equity,2023-10-05,108.0,108.8,105.5,105.9,106.9,16875152.0,1801723405.9,-0.009354536950420989,-0.009354536950420989,-0.009398565423638802,PASS,2026-04-20T12:14:39Z,D20260420.01
3690.HK,HK,equity,2023-10-06,107.8,109.5,107.3,108.3,105.9,14467080.0,1566519900.7,0.022662889518413554,0.022662889518413554,0.02240990139958411,PASS,2026-04-20T12:14:39Z,D20260420.01
3690.HK,HK,equity,2023-10-09,108.8,110.6,106.0,108.9,108.3,18733292.0,2040939851.01,0.005540166204986319,0.005540166204986319,0.0055248759319700275,PASS,2026-04-20T12:14:39Z,D20260420.01
3690.HK,HK,equity,2023-10-10,111.9,115.2,111.0,112.3,108.9,32929871.0,3730901299.3,0.031221303948576695,0.031221303948576695,0.03074383180548273,PASS,2026-04-20T12:14:39Z,D20260420.01
3690.HK,HK,equity,2023-10-11,115.5,118.3,115.1,116.5,112.3,35533689.0,4160304205.78,0.037399821905609976,0.037399821905609976,0.03671741126135776,PASS,2026-04-20T12:14:39Z,D20260420.01
3690.HK,HK,equity,2023-10-12,120.0,120.0,118.0,118.4,116.5,23289955.0,2765800491.61,0.016309012875536544,0.016309012875536544,0.016177449444150113,PASS,2026-04-20T12:14:39Z,D20260420.01
3690.HK,HK,equity,2023-10-13,114.5,115.8,113.3,114.6,118.4,24256165.0,2776296555.39,-0.03209459459459474,-0.03209459459459474,-0.032620918169266266,PASS,2026-04-20T12:14:39Z,D20260420.01
3690.HK,HK,equity,2023-10-16,113.5,114.7,112.5,113.7,114.6,17292685.0,1962833076.78,-0.007853403141361182,-0.007853403141361182,-0.007884403524148759,PASS,2026-04-20T12:14:39Z,D20260420.01
3690.HK,HK,equity,2023-10-17,115.6,116.1,114.0,114.5,113.7,11089439.0,1273251836.3,0.0070360598065082325,0.0070360598065082325,0.0070114222378038615,PASS,2026-04-20T12:14:39Z,D20260420.01
3690.HK,HK,equity,2023-10-18,113.4,115.1,111.6,113.7,114.5,18746586.0,2127905353.06,-0.006986899563318771,-0.006986899563318771,-0.007011422237803978,PASS,2026-04-20T12:14:39Z,D20260420.01
3690.HK,HK,equity,2023-10-19,111.8,112.0,109.4,110.4,113.7,23721099.0,2625242797.64,-0.02902374670184693,-0.02902374670184693,-0.029453266913495382,PASS,2026-04-20T12:14:39Z,D20260420.01
3690.HK,HK,equity,2023-10-20,108.5,109.5,107.3,107.8,110.4,26300972.0,2843346298.2,-0.023550724637681264,-0.023550724637681264,-0.023832475368098262,PASS,2026-04-20T12:14:39Z,D20260420.01
3690.HK,HK,equity,2023-10-24,107.0,109.0,104.6,107.5,107.8,32208971.0,3457946650.9,-0.002782931354359919,-0.002782931354359919,-0.002786810907179284,PASS,2026-04-20T12:14:39Z,D20260420.01
3690.HK,HK,equity,2023-10-25,112.8,113.5,108.2,109.6,107.5,28410868.0,3164119298.2,0.019534883720930152,0.019534883720930152,0.019346526946197592,PASS,2026-04-20T12:14:39Z,D20260420.01
3690.HK,HK,equity,2023-10-26,109.5,110.4,107.5,109.8,109.6,17363252.0,1892096801.84,0.0018248175182482562,0.0018248175182482562,0.0018231545615151783,PASS,2026-04-20T12:14:39Z,D20260420.01
3690.HK,HK,equity,2023-10-27,110.0,113.9,109.0,113.0,109.8,21965604.0,2469991919.84,0.02914389799635697,0.02914389799635697,0.02872728963691027,PASS,2026-04-20T12:14:39Z,D20260420.01
3690.HK,HK,equity,2023-10-30,111.1,115.5,111.1,114.0,113.0,20470904.0,2321411355.55,0.008849557522123908,0.008849557522123908,0.008810629682154906,PASS,2026-04-20T12:14:39Z,D20260420.01
3690.HK,HK,equity,2023-10-31,113.0,113.6,110.3,110.6,114.0,17728879.0,1972835175.0,-0.029824561403508865,-0.029824561403508865,-0.030278359306261132,PASS,2026-04-20T12:14:39Z,D20260420.01
3690.HK,HK,equity,2023-11-01,111.1,112.2,107.7,109.0,110.6,15437450.0,1684697122.0,-0.01446654611211573,-0.01446654611211573,-0.014572206859090723,PASS,2026-04-20T12:14:39Z,D20260420.01
3690.HK,HK,equity,2023-11-02,110.7,112.0,106.6,108.0,109.0,23363522.0,2538715037.4,-0.00917431192660545,-0.00917431192660545,-0.009216655104923952,PASS,2026-04-20T12:14:39Z,D20260420.01
3690.HK,HK,equity,2023-11-03,109.0,111.7,108.1,111.0,108.0,27757555.0,3053322011.9,0.02777777777777768,0.02777777777777768,0.027398974188114347,PASS,2026-04-20T12:14:39Z,D20260420.01
3690.HK,HK,equity,2023-11-06,114.3,118.3,113.8,117.2,111.0,39276922.0,4575491871.43,0.05585585585585595,0.05585585585585595,0.0543516758305782,PASS,2026-04-20T12:14:39Z,D20260420.01
3690.HK,HK,equity,2023-11-07,116.3,118.1,114.8,115.5,117.2,18753172.0,2176480171.8,-0.014505119453924964,-0.014505119453924964,-0.01461134718106406,PASS,2026-04-20T12:14:39Z,D20260420.01
3690.HK,HK,equity,2023-11-08,115.8,117.3,114.3,115.0,115.5,18691337.0,2159846328.45,-0.0043290043290042934,-0.0043290043290042934,-0.00433840159859813,PASS,2026-04-20T12:14:39Z,D20260420.01
3690.HK,HK,equity,2023-11-09,114.5,116.2,114.2,115.0,115.0,11629715.0,1335612769.0,0.0,0.0,0.0,PASS,2026-04-20T12:14:39Z,D20260420.01
3690.HK,HK,equity,2023-11-10,113.2,113.4,110.3,110.7,115.0,20602660.0,2289474393.94,-0.037391304347826115,-0.037391304347826115,-0.0381082886486589,PASS,2026-04-20T12:14:39Z,D20260420.01
3690.HK,HK,equity,2023-11-13,111.1,112.8,107.6,111.6,110.7,24889362.0,2725796874.6,0.008130081300812941,0.008130081300812941,0.008097210232619303,PASS,2026-04-20T12:14:39Z,D20260420.01
3690.HK,HK,equity,2023-11-14,111.2,111.4,108.1,108.3,111.6,21343531.0,2324106234.2,-0.029569892473118253,-0.029569892473118253,-0.03001589594026561,PASS,2026-04-20T12:14:39Z,D20260420.01
3690.HK,HK,equity,2023-11-15,112.1,113.9,110.9,113.3,108.3,33797257.0,3798175171.4,0.046168051708217916,0.046168051708217916,0.04513401402701571,PASS,2026-04-20T12:14:39Z,D20260420.01
3690.HK,HK,equity,2023-11-16,114.8,114.8,110.0,111.7,113.3,25049103.0,2802683373.2,-0.014121800529567463,-0.014121800529567463,-0.01422246195880555,PASS,2026-04-20T12:14:39Z,D20260420.01
3690.HK,HK,equity,2023-11-17,108.9,110.5,106.8,107.3,111.7,28968535.0,3127409176.7,-0.0393912264995524,-0.0393912264995524,-0.04018805643850227,PASS,2026-04-20T12:14:39Z,D20260420.01
3690.HK,HK,equity,2023-11-20,109.7,109.7,106.5,109.0,107.3,31587831.0,3415395593.5,0.01584342963653307,0.01584342963653307,0.015719232592490896,PASS,2026-04-20T12:14:39Z,D20260420.01
3690.HK,HK,equity,2023-11-21,111.8,114.0,109.6,110.5,109.0,34164065.0,3823918007.47,0.013761467889908285,0.013761467889908285,0.013667638728663835,PASS,2026-04-20T12:14:39Z,D20260420.01
3690.HK,HK,equity,2023-11-22,110.2,113.0,110.1,111.4,110.5,18106009.0,2022276652.0,0.008144796380090469,0.008144796380090469,0.008111806535376112,PASS,2026-04-20T12:14:39Z,D20260420.01
3690.HK,HK,equity,2023-11-23,111.3,112.5,109.3,112.2,111.4,20531919.0,2278510790.1,0.007181328545780907,0.007181328545780907,0.007155665595412232,PASS,2026-04-20T12:14:39Z,D20260420.01
3690.HK,HK,equity,2023-11-24,111.0,111.5,108.9,109.1,112.2,17937066.0,1966444347.8,-0.027629233511586526,-0.027629233511586526,-0.028018100249570882,PASS,2026-04-20T12:14:39Z,D20260420.01
3690.HK,HK,equity,2023-11-27,111.0,111.0,107.6,108.6,109.1,19162668.0,2080585337.6,-0.004582951420714965,-0.004582951420714965,-0.004593485339190095,PASS,2026-04-20T12:14:39Z,D20260420.01
3690.HK,HK,equity,2023-11-28,109.3,109.3,100.7,103.0,108.6,70295663.0,7276217439.21,-0.05156537753222834,-0.05156537753222834,-0.05294241927019927,PASS,2026-04-20T12:14:39Z,D20260420.01
3690.HK,HK,equity,2023-11-29,95.0,96.55,90.1,90.45,103.0,207480684.0,19228661709.6,-0.12184466019417473,-0.12184466019417473,-0.1299317763883316,PASS,2026-04-20T12:14:39Z,D20260420.01
3690.HK,HK,equity,2023-11-30,88.0,92.3,88.0,90.6,90.45,64543444.0,5855742202.98,0.0016583747927030323,0.0016583747927030323,0.0016570012076293867,PASS,2026-04-20T12:14:39Z,D20260420.01
3690.HK,HK,equity,2023-12-01,90.15,90.5,85.35,87.9,90.6,101718394.0,8942551823.54,-0.02980132450331119,-0.02980132450331119,-0.03025440835780226,PASS,2026-04-20T12:14:39Z,D20260420.01
3690.HK,HK,equity,2023-12-04,88.65,88.9,85.8,86.45,87.9,54326852.0,4717649401.5,-0.016496018202502905,-0.016496018202502905,-0.01663359256183187,PASS,2026-04-20T12:14:39Z,D20260420.01
3690.HK,HK,equity,2023-12-05,85.65,86.0,83.7,84.65,86.45,56576963.0,4787764506.71,-0.020821283979178706,-0.020821283979178706,-0.021041103550155177,PASS,2026-04-20T12:14:39Z,D20260420.01
3690.HK,HK,equity,2023-12-06,84.5,88.1,83.7,86.4,84.65,37426397.0,3237105908.28,0.020673360897814463,0.020673360897814463,0.02046256723086555,PASS,2026-04-20T12:14:39Z,D20260420.01
3690.HK,HK,equity,2023-12-07,84.2,86.45,83.15,86.1,86.4,42729794.0,3621101344.74,-0.003472222222222321,-0.003472222222222321,-0.00347826437632492,PASS,2026-04-20T12:14:39Z,D20260420.01
3690.HK,HK,equity,2023-12-08,86.35,87.55,84.2,86.65,86.1,49376170.0,4248423041.55,0.006387921022067422,0.006387921022067422,0.0063676047279300286,PASS,2026-04-20T12:14:39Z,D20260420.01
3690.HK,HK,equity,2023-12-11,84.8,85.15,82.6,83.5,86.65,39284636.0,3280991930.7,-0.036353144835545415,-0.036353144835545415,-0.03703038430480541,PASS,2026-04-20T12:14:39Z,D20260420.01
3690.HK,HK,equity,2023-12-12,83.15,85.55,82.7,84.6,83.5,26096513.0,2205511691.07,0.013173652694610682,0.013173652694610682,0.013087634755367703,PASS,2026-04-20T12:14:39Z,D20260420.01
3690.HK,HK,equity,2023-12-13,84.55,84.6,80.9,82.2,84.6,36705341.0,3017125534.59,-0.028368794326241065,-0.028368794326241065,-0.02877896455004329,PASS,2026-04-20T12:14:39Z,D20260420.01
3690.HK,HK,equity,2023-12-14,83.8,84.5,81.2,81.75,82.2,26137737.0,2155795064.73,-0.005474452554744547,-0.005474452554744547,-0.00548949228477148,PASS,2026-04-20T12:14:39Z,D20260420.01
3690.HK,HK,equity,2023-12-15,82.45,87.5,82.4,84.95,81.75,61429877.0,5232089346.85,0.03914373088685008,0.03914373088685008,0.038397038340578185,PASS,2026-04-20T12:14:39Z,D20260420.01
3690.HK,HK,equity,2023-12-18,83.65,84.4,82.6,83.15,84.95,28002417.0,2336267563.0,-0.02118893466745142,-0.02118893466745142,-0.021416642479004325,PASS,2026-04-20T12:14:39Z,D20260420.01
3690.HK,HK,equity,2023-12-19,81.65,82.15,76.2,78.45,83.15,93956024.0,7360310244.7,-0.056524353577871334,-0.056524353577871334,-0.0581847264598951,PASS,2026-04-20T12:14:39Z,D20260420.01
3690.HK,HK,equity,2023-12-20,79.6,79.9,77.9,78.8,78.45,41943164.0,3312016914.87,0.004461440407903083,0.004461440407903083,0.0044515176847918034,PASS,2026-04-20T12:14:39Z,D20260420.01
3690.HK,HK,equity,2023-12-21,76.7,80.75,76.2,79.7,78.8,35084557.0,2775509111.85,0.011421319796954377,0.011421319796954377,0.011356588932335975,PASS,2026-04-20T12:14:39Z,D20260420.01
3690.HK,HK,equity,2023-12-22,79.6,80.4,76.0,76.6,79.7,48774861.0,3795366348.77,-0.038895859473023986,-0.038895859473023986,-0.03967250904962389,PASS,2026-04-20T12:14:39Z,D20260420.01
3690.HK,HK,equity,2023-12-27,78.5,78.95,76.35,78.3,76.6,27957023.0,2180841669.45,0.022193211488250597,0.022193211488250597,0.02195052625021175,PASS,2026-04-20T12:14:39Z,D20260420.01
3690.HK,HK,equity,2023-12-28,78.45,84.15,78.15,82.35,78.3,49732197.0,4090014723.65,0.051724137931034475,0.051724137931034475,0.050430853626891904,PASS,2026-04-20T12:14:39Z,D20260420.01
3690.HK,HK,equity,2023-12-29,84.0,84.25,81.6,81.9,82.35,24613929.0,2027953555.45,-0.005464480874316835,-0.005464480874316835,-0.005479465764625484,PASS,2026-04-20T12:14:39Z,D20260420.01
3690.HK,HK,equity,2024-01-02,82.75,83.2,78.65,79.4,81.9,22897005.0,1827567798.6,-0.030525030525030528,-0.030525030525030528,-0.031000622605933705,PASS,2026-04-20T12:14:39Z,D20260420.01
3690.HK,HK,equity,2024-01-03,77.45,78.5,77.45,78.0,79.4,21074008.0,1641476536.49,-0.017632241813602123,-0.017632241813602123,-0.01778954156349841,PASS,2026-04-20T12:14:39Z,D20260420.01
3690.HK,HK,equity,2024-01-04,78.0,78.45,76.05,77.5,78.0,24609222.0,1893588843.25,-0.0064102564102563875,-0.0064102564102563875,-0.0064308903302904025,PASS,2026-04-20T12:14:39Z,D20260420.01
3690.HK,HK,equity,2024-01-05,76.8,79.6,76.2,77.75,77.5,19320699.0,1508628652.23,0.003225806451612856,0.003225806451612856,0.003220614700042157,PASS,2026-04-20T12:14:39Z,D20260420.01
3690.HK,HK,equity,2024-01-08,77.75,77.75,73.55,73.95,77.75,32722832.0,2444756777.0,-0.04887459807073946,-0.04887459807073946,-0.050109361902534615,PASS,2026-04-20T12:14:39Z,D20260420.01
3690.HK,HK,equity,2024-01-09,74.05,75.15,70.4,70.55,73.95,52400400.0,3769345782.52,-0.04597701149425293,-0.04597701149425293,-0.047067510857985856,PASS,2026-04-20T12:14:39Z,D20260420.01
3690.HK,HK,equity,2024-01-10,70.0,72.85,69.55,71.75,70.55,45733628.0,3247483126.676,0.01700921332388372,0.01700921332388372,0.01686617634090743,PASS,2026-04-20T12:14:39Z,D20260420.01
3690.HK,HK,equity,2024-01-11,72.65,77.05,72.4,75.6,71.75,56259716.0,4240718599.494,0.05365853658536568,0.05365853658536568,0.05226842854575666,PASS,2026-04-20T12:14:39Z,D20260420.01
3690.HK,HK,equity,2024-01-12,74.95,77.1,74.6,75.25,75.6,34751944.0,2638802400.3,-0.004629629629629539,-0.004629629629629539,-0.0046403795565021135,PASS,2026-04-20T12:14:39Z,D20260420.01
3690.HK,HK,equity,2024-01-15,75.25,76.9,73.6,75.65,75.25,34093032.0,2567162227.35,0.0053156146179402786,0.0053156146179402786,0.005301536605379895,PASS,2026-04-20T12:14:39Z,D20260420.01
3690.HK,HK,equity,2024-01-16,73.85,76.2,72.55,73.9,75.65,42021462.0,3111564189.9,-0.023132848645076032,-0.023132848645076032,-0.023404612280208858,PASS,2026-04-20T12:14:39Z,D20260420.01
3690.HK,HK,equity,2024-01-17,72.45,72.6,68.15,68.75,73.9,70999330.0,4935025382.045,-0.06968876860622475,-0.06968876860622475,-0.07223609140747554,PASS,2026-04-20T12:14:39Z,D20260420.01
3690.HK,HK,equity,2024-01-18,69.15,71.55,68.35,69.8,68.75,60041641.0,4197259448.25,0.015272727272727327,0.015272727272727327,0.015157273221646167,PASS,2026-04-20T12:14:39Z,D20260420.01
3690.HK,HK,equity,2024-01-19,69.6,71.3,68.35,68.65,69.8,40400550.0,2811285144.213,-0.016475644699140313,-0.016475644699140313,-0.016612877554346643,PASS,2026-04-20T12:14:39Z,D20260420.01
3690.HK,HK,equity,2024-01-22,68.6,68.65,64.3,65.4,68.65,61089885.0,3999909703.409,-0.04734158776402042,-0.04734158776402042,-0.048498873750827065,PASS,2026-04-20T12:14:39Z,D20260420.01
3690.HK,HK,equity,2024-01-23,65.65,69.4,63.45,66.3,65.4,65894453.0,4422394132.5,0.013761467889908063,0.013761467889908063,0.013667638728663615,PASS,2026-04-20T12:14:39Z,D20260420.01
3690.HK,HK,equity,2024-01-24,69.15,70.75,67.3,70.3,66.3,61021190.0,4213806916.5,0.0603318250377074,0.0603318250377074,0.0585819016248024,PASS,2026-04-20T12:14:39Z,D20260420.01
3690.HK,HK,equity,2024-01-25,70.3,70.5,67.3,69.4,70.3,44747046.0,3100322981.8,-0.012802275960170584,-0.012802275960170584,-0.012884931303860288,PASS,2026-04-20T12:14:39Z,D20260420.01
3690.HK,HK,equity,2024-01-26,68.5,68.75,66.05,66.7,69.4,37208078.0,2499933177.15,-0.0389048991354467,-0.0389048991354467,-0.0396819145911808,PASS,2026-04-20T12:14:39Z,D20260420.01
3690.HK,HK,equity,2024-01-29,67.35,68.3,65.55,67.3,66.7,27797193.0,1860351404.861,0.008995502248875464,0.008995502248875464,0.00895528372910399,PASS,2026-04-20T12:14:39Z,D20260420.01
3690.HK,HK,equity,2024-01-30,66.0,66.6,65.05,65.4,67.3,28952811.0,1902429082.13,-0.028231797919762158,-0.028231797919762158,-0.028637978187529,PASS,2026-04-20T12:14:39Z,D20260420.01
3690.HK,HK,equity,2024-01-31,65.15,65.4,61.9,62.55,65.4,41410699.0,2609416743.824,-0.043577981651376274,-0.043577981651376274,-0.044556021550233006,PASS,2026-04-20T12:14:39Z,D20260420.01
3690.HK,HK,equity,2024-02-01,62.95,65.9,62.55,64.1,62.55,31904342.0,2050207915.78,0.02478017585931247,0.02478017585931247,0.02447812701370413,PASS,2026-04-20T12:14:39Z,D20260420.01
3690.HK,HK,equity,2024-02-02,67.0,67.0,62.85,63.25,64.1,35526659.0,2291971227.13,-0.013260530421216776,-0.013260530421216776,-0.013349236318994666,PASS,2026-04-20T12:14:39Z,D20260420.01
3690.HK,HK,equity,2024-02-05,61.2,66.75,61.1,65.05,63.25,44622116.0,2891241789.283,0.028458498023715473,0.028458498023715473,0.02806107735088472,PASS,2026-04-20T12:14:39Z,D20260420.01
3690.HK,HK,equity,2024-02-06,64.7,69.55,64.7,69.25,65.05,57567225.0,3944646294.53,0.06456571867794003,0.06456571867794003,0.06256694010893359,PASS,2026-04-20T12:14:39Z,D20260420.01
3690.HK,HK,equity,2024-02-07,70.3,72.45,67.75,68.25,69.25,47795239.0,3343770510.222,-0.014440433212996373,-0.014440433212996373,-0.014545711002378751,PASS,2026-04-20T12:14:39Z,D20260420.01
3690.HK,HK,equity,2024-02-08,68.15,69.85,67.2,68.15,68.25,29755332.0,2036247579.57,-0.001465201465201349,-0.001465201465201349,-0.0014662759225273767,PASS,2026-04-20T12:14:39Z,D20260420.01
3690.HK,HK,equity,2024-02-09,67.1,68.25,66.25,67.3,68.15,7218799.0,484615734.1,-0.012472487160675061,-0.012472487160675061,-0.01255092149185958,PASS,2026-04-20T12:14:39Z,D20260420.01
3690.HK,HK,equity,2024-02-14,66.8,71.35,66.1,71.1,67.3,26359051.0,1839674079.9,0.05646359583952454,0.05646359583952454,0.05492710015851309,PASS,2026-04-20T12:14:39Z,D20260420.01
3690.HK,HK,equity,2024-02-15,70.8,72.2,69.95,71.35,71.1,21096630.0,1499196789.34,0.0035161744022502717,0.0035161744022502717,0.003510007113650151,PASS,2026-04-20T12:14:39Z,D20260420.01
3690.HK,HK,equity,2024-02-16,72.5,75.0,70.85,74.65,71.35,31111357.0,2291511279.9,0.046250875963560034,0.046250875963560034,0.04521318006235408,PASS,2026-04-20T12:14:39Z,D20260420.01
3690.HK,HK,equity,2024-02-19,75.0,75.0,70.4,72.75,74.65,39524524.0,2874967832.403,-0.025452109845947812,-0.025452109845947812,-0.025781617933597557,PASS,2026-04-20T12:14:39Z,D20260420.01
3690.HK,HK,equity,2024-02-20,73.75,74.4,71.7,73.4,72.75,21163619.0,1544770610.9,0.008934707903780037,0.008934707903780037,0.00889502956886797,PASS,2026-04-20T12:14:39Z,D20260420.01
3690.HK,HK,equity,2024-02-21,73.0,79.15,72.6,77.0,73.4,62086475.0,4810780824.75,0.049046321525885395,0.049046321525885395,0.047881486233213796,PASS,2026-04-20T12:14:39Z,D20260420.01
3690.HK,HK,equity,2024-02-22,78.25,79.9,75.8,79.75,77.0,41887709.0,3281342593.18,0.03571428571428581,0.03571428571428581,0.03509131981127019,PASS,2026-04-20T12:14:39Z,D20260420.01
3690.HK,HK,equity,2024-02-23,80.0,81.95,79.5,81.5,79.75,49886870.0,4046818613.75,0.021943573667711602,0.021943573667711602,0.021706278581863074,PASS,2026-04-20T12:14:39Z,D20260420.01
3690.HK,HK,equity,2024-02-26,81.5,83.0,80.65,81.15,81.5,30721936.0,2508527958.27,-0.004294478527607337,-0.004294478527607337,-0.00430372628621678,PASS,2026-04-20T12:14:39Z,D20260420.01
3690.HK,HK,equity,2024-02-27,80.8,82.0,77.4,81.65,81.15,46228362.0,3681418917.872,0.006161429451632783,0.006161429451632783,0.006142525455873903,PASS,2026-04-20T12:14:39Z,D20260420.01
3690.HK,HK,equity,2024-02-28,81.65,82.3,78.2,78.35,81.65,39805027.0,3171654833.042,-0.04041641151255371,-0.04041641151255371,-0.041255850614444416,PASS,2026-04-20T12:14:39Z,D20260420.01
3690.HK,HK,equity,2024-02-29,77.5,80.85,77.15,79.8,78.35,45596242.0,3619018628.45,0.01850670070197835,0.01850670070197835,0.018337535653733295,PASS,2026-04-20T12:14:39Z,D20260420.01
3690.HK,HK,equity,2024-03-01,79.0,88.7,78.2,88.4,79.8,112823802.0,9675008682.82,0.10776942355889729,0.10776942355889729,0.10234846518783472,PASS,2026-04-20T12:14:39Z,D20260420.01
3690.HK,HK,equity,2024-03-04,90.0,92.4,87.45,91.5,88.4,80510164.0,7285367739.99,0.035067873303167296,0.035067873303167296,0.03446700263787776,PASS,2026-04-20T12:14:39Z,D20260420.01
3690.HK,HK,equity,2024-03-05,89.55,90.2,85.7,86.35,91.5,54549058.0,4767902016.57,-0.05628415300546452,-0.05628415300546452,-0.057930167688788066,PASS,2026-04-20T12:14:39Z,D20260420.01
3690.HK,HK,equity,2024-03-06,86.45,90.75,85.8,88.7,86.35,44220022.0,3912789428.81,0.027214823393167498,0.027214823393167498,0.02685108472284635,PASS,2026-04-20T12:14:39Z,D20260420.01
3690.HK,HK,equity,2024-03-07,89.75,90.15,82.45,85.4,88.7,55120852.0,4754703670.266,-0.03720405862457721,-0.03720405862457721,-0.03791378852100961,PASS,2026-04-20T12:14:39Z,D20260420.01
3690.HK,HK,equity,2024-03-08,84.95,87.85,84.4,84.7,85.4,25732322.0,2202102492.55,-0.008196721311475419,-0.008196721311475419,-0.00823049913651548,PASS,2026-04-20T12:14:39Z,D20260420.01
3690.HK,HK,equity,2024-03-11,86.05,90.1,85.9,89.2,84.7,32784520.0,2920610261.0,0.053128689492325964,0.053128689492325964,0.051765437927955085,PASS,2026-04-20T12:14:39Z,D20260420.01
3690.HK,HK,equity,2024-03-12,91.0,94.45,88.45,93.4,89.2,65843507.0,6075380349.09,0.047085201793722,0.047085201793722,0.046010305648833266,PASS,2026-04-20T12:14:39Z,D20260420.01
3690.HK,HK,equity,2024-03-13,94.3,95.5,92.85,94.35,93.4,52081620.0,4926956874.7,0.010171306209850073,0.010171306209850073,0.010119926579762252,PASS,2026-04-20T12:14:39Z,D20260420.01
3690.HK,HK,equity,2024-03-14,94.5,96.0,91.8,92.9,94.35,29698359.0,2769907404.15,-0.015368309485956466,-0.015368309485956466,-0.015487625994766309,PASS,2026-04-20T12:14:39Z,D20260420.01
3690.HK,HK,equity,2024-03-15,90.9,91.3,87.1,89.4,92.9,60598885.0,5389438719.31,-0.03767491926803013,-0.03767491926803013,-0.03840296364032436,PASS,2026-04-20T12:14:39Z,D20260420.01
3690.HK,HK,equity,2024-03-18,89.4,91.85,88.3,90.4,89.4,30006515.0,2707371107.65,0.01118568232662187,0.01118568232662187,0.011123585218662302,PASS,2026-04-20T12:14:39Z,D20260420.01
3690.HK,HK,equity,2024-03-19,89.9,90.35,87.3,89.2,90.4,22526449.0,2006912069.355,-0.013274336283185861,-0.013274336283185861,-0.013363227812167141,PASS,2026-04-20T12:14:39Z,D20260420.01
3690.HK,HK,equity,2024-03-20,89.2,89.8,86.6,88.8,89.2,23666436.0,2097991425.95,-0.004484304932735439,-0.004484304932735439,-0.004494389587839326,PASS,2026-04-20T12:14:39Z,D20260420.01
3690.HK,HK,equity,2024-03-21,90.0,93.4,90.0,92.3,88.8,37444742.0,3453142708.69,0.0394144144144144,0.0394144144144144,0.03865749151068208,PASS,2026-04-20T12:14:39Z,D20260420.01
3690.HK,HK,equity,2024-03-22,91.65,91.85,86.25,88.25,92.3,40590379.0,3592173229.1,-0.0438786565547129,-0.0438786565547129,-0.044870445695400336,PASS,2026-04-20T12:14:39Z,D20260420.01
3690.HK,HK,equity,2024-03-25,92.65,96.8,92.35,93.3,88.25,87057189.0,8234110998.3,0.0572237960339943,0.0572237960339943,0.055646412039891964,PASS,2026-04-20T12:14:39Z,D20260420.01
3690.HK,HK,equity,2024-03-26,95.65,95.85,92.05,93.4,93.3,36035734.0,3363027011.28,0.001071811361200492,0.001071811361200492,0.0010712373814988586,PASS,2026-04-20T12:14:39Z,D20260420.01
3690.HK,HK,equity,2024-03-27,91.5,93.4,90.4,91.1,93.4,32797948.0,3005241414.85,-0.024625267665952966,-0.024625267665952966,-0.024933540968884376,PASS,2026-04-20T12:14:39Z,D20260420.01
3690.HK,HK,equity,2024-03-28,91.1,99.25,91.1,96.8,91.1,68225499.0,6568309588.988,0.06256860592755209,0.06256860592755209,0.06068919001661865,PASS,2026-04-20T12:14:39Z,D20260420.01
3690.HK,HK,equity,2024-04-02,99.8,101.8,98.9,101.4,96.8,47901184.0,4817315947.82,0.04752066115702491,0.04752066115702491,0.04642609687455157,PASS,2026-04-20T12:14:39Z,D20260420.01
3690.HK,HK,equity,2024-04-03,102.9,102.9,98.3,98.95,101.4,25820529.0,2579984865.88,-0.024161735700197307,-0.024161735700197307,-0.024458419108508125,PASS,2026-04-20T12:14:39Z,D20260420.01
3690.HK,HK,equity,2024-04-05,99.0,101.2,96.65,100.4,98.95,23113479.0,2296765594.54,0.014653865588681203,0.014653865588681203,0.014547535209054137,PASS,2026-04-20T12:14:39Z,D20260420.01
3690.HK,HK,equity,2024-04-08,99.0,100.7,97.55,99.4,100.4,23724590.0,2351195522.1,-0.009960159362549792,-0.009960159362549792,-0.01001009359510046,PASS,2026-04-20T12:14:39Z,D20260420.01
3690.HK,HK,equity,2024-04-09,99.95,102.3,99.2,99.7,99.4,20265683.0,2029661006.75,0.003018108651911433,0.003018108651911433,0.0030135633052642587,PASS,2026-04-20T12:14:39Z,D20260420.01
3690.HK,HK,equity,2024-04-10,100.5,104.9,99.65,103.8,99.7,36264390.0,3738261699.25,0.04112337011033085,0.04112337011033085,0.04030029376399548,PASS,2026-04-20T12:14:39Z,D20260420.01
3690.HK,HK,equity,2024-04-11,100.6,105.7,100.6,104.5,103.8,29968182.0,3118810403.4,0.00674373795761074,0.00674373795761074,0.006721100673077382,PASS,2026-04-20T12:14:39Z,D20260420.01
3690.HK,HK,equity,2024-04-12,103.7,104.6,102.0,102.1,104.5,25336583.0,2613400453.49,-0.022966507177033524,-0.022966507177033524,-0.023234346234245855,PASS,2026-04-20T12:14:39Z,D20260420.01
3690.HK,HK,equity,2024-04-15,100.2,102.1,99.05,101.6,102.1,23691075.0,2389285173.55,-0.004897159647404559,-0.004897159647404559,-0.004909190026238408,PASS,2026-04-20T12:14:39Z,D20260420.01
3690.HK,HK,equity,2024-04-16,99.45,101.5,97.7,98.7,101.6,32570899.0,3230315338.546,-0.028543307086614123,-0.028543307086614123,-0.028958588704945564,PASS,2026-04-20T12:14:39Z,D20260420.01
3690.HK,HK,equity,2024-04-17,100.0,100.8,96.3,97.55,98.7,23341654.0,2279774049.07,-0.011651469098277634,-0.011651469098277634,-0.011719879370315706,PASS,2026-04-20T12:14:39Z,D20260420.01
3690.HK,HK,equity,2024-04-18,97.55,98.5,94.9,97.75,97.55,25433968.0,2470330984.3,0.002050230650948226,0.002050230650948226,0.002048131796354929,PASS,2026-04-20T12:14:39Z,D20260420.01
3690.HK,HK,equity,2024-04-19,94.9,95.5,92.4,95.3,97.75,43757725.0,4120639771.28,-0.025063938618925863,-0.025063938618925863,-0.025383388205318755,PASS,2026-04-20T12:14:39Z,D20260420.01
3690.HK,HK,equity,2024-04-22,97.7,101.4,96.35,100.6,95.3,34032651.0,3405984845.94,0.05561385099685201,0.05561385099685201,0.05412244700548237,PASS,2026-04-20T12:14:39Z,D20260420.01
3690.HK,HK,equity,2024-04-23,102.6,108.8,102.0,108.6,100.6,67329893.0,7170784677.26,0.07952286282306154,0.07952286282306154,0.07651914983419614,PASS,2026-04-20T12:14:39Z,D20260420.01
3690.HK,HK,equity,2024-04-24,109.9,113.6,108.2,113.6,108.6,75120018.0,8373420332.771,0.046040515653775316,0.046040515653775316,0.045012098787215904,PASS,2026-04-20T12:14:39Z,D20260420.01
3690.HK,HK,equity,2024-04-25,113.6,113.6,109.9,111.5,113.6,41607467.0,4643246026.089,-0.01848591549295775,-0.01848591549295775,-0.018658915386877528,PASS,2026-04-20T12:14:39Z,D20260420.01
3690.HK,HK,equity,2024-04-26,113.0,117.5,111.3,115.6,111.5,58244146.0,6735121902.58,0.036771300448430466,0.036771300448430466,0.03611136533810362,PASS,2026-04-20T12:14:39Z,D20260420.01
3690.HK,HK,equity,2024-04-29,115.6,116.0,110.4,111.4,115.6,58947214.0,6658411419.35,-0.03633217993079574,-0.03633217993079574,-0.037008628745093336,PASS,2026-04-20T12:14:39Z,D20260420.01
3690.HK,HK,equity,2024-04-30,112.9,113.3,109.4,109.5,111.4,31352217.0,3450741583.536,-0.017055655296229877,-0.017055655296229877,-0.017202778236628212,PASS,2026-04-20T12:14:39Z,D20260420.01
3690.HK,HK,equity,2024-05-02,111.5,119.9,109.6,119.1,109.5,54349618.0,6385335421.1,0.08767123287671219,0.08767123287671219,0.08403892710469878,PASS,2026-04-20T12:14:39Z,D20260420.01
3690.HK,HK,equity,2024-05-03,120.6,122.9,116.4,119.7,119.1,47271453.0,5635507316.3,0.005037783375315019,0.005037783375315019,0.005025136202673201,PASS,2026-04-20T12:14:39Z,D20260420.01
3690.HK,HK,equity,2024-05-06,120.0,120.6,117.2,120.3,119.7,49035480.0,5837528453.88,0.005012531328320691,0.005012531328320691,0.005000010416705619,PASS,2026-04-20T12:14:39Z,D20260420.01
3690.HK,HK,equity,2024-05-07,120.0,120.0,114.8,115.5,120.3,42001964.0,4886405581.24,-0.03990024937655856,-0.03990024937655856,-0.040718093018784915,PASS,2026-04-20T12:14:39Z,D20260420.01
3690.HK,HK,equity,2024-05-08,115.9,118.6,113.2,113.5,115.5,30580670.0,3518075137.52,-0.017316017316017285,-0.017316017316017285,-0.017467693040390832,PASS,2026-04-20T12:14:39Z,D20260420.01
3690.HK,HK,equity,2024-05-09,113.5,118.9,113.4,117.9,113.5,38108570.0,4467181915.18,0.03876651982378854,0.03876651982378854,0.03803397062186787,PASS,2026-04-20T12:14:39Z,D20260420.01
3690.HK,HK,equity,2024-05-10,119.6,119.7,116.1,118.6,117.9,27327103.0,3231431004.4,0.00593723494486853,0.00593723494486853,0.005919679020299833,PASS,2026-04-20T12:14:39Z,D20260420.01
3690.HK,HK,equity,2024-05-13,117.1,123.2,116.2,122.3,118.6,35200441.0,4264871583.07,0.031197301854974713,0.031197301854974713,0.0307205561295016,PASS,2026-04-20T12:14:39Z,D20260420.01
3690.HK,HK,equity,2024-05-14,124.1,125.9,121.8,121.9,122.3,38288586.0,4729602301.18,-0.003270645952575535,-0.003270645952575535,-0.003276006205900731,PASS,2026-04-20T12:14:39Z,D20260420.01
3690.HK,HK,equity,2024-05-16,126.0,128.0,122.3,125.6,121.9,42701385.0,5361179384.49,0.03035274815422473,0.03035274815422473,0.029901217546872416,PASS,2026-04-20T12:14:39Z,D20260420.01
3690.HK,HK,equity,2024-05-17,127.8,129.2,124.3,125.0,125.6,31704186.0,3990908696.3,-0.004777070063694211,-0.004777070063694211,-0.004788516731797121,PASS,2026-04-20T12:14:39Z,D20260420.01
3690.HK,HK,equity,2024-05-20,125.0,126.6,121.4,124.0,125.0,28982420.0,3577638709.1,-0.008000000000000007,-0.008000000000000007,-0.008032171697264267,PASS,2026-04-20T12:14:39Z,D20260420.01
3690.HK,HK,equity,2024-05-21,122.0,123.2,120.1,121.4,124.0,29710345.0,3605942055.3,-0.020967741935483786,-0.020967741935483786,-0.02119068697963889,PASS,2026-04-20T12:14:39Z,D20260420.01
3690.HK,HK,equity,2024-05-22,122.1,122.5,119.2,120.6,121.4,19562007.0,2368178082.4,-0.006589785831960571,-0.006589785831960571,-0.00661159433231293,PASS,2026-04-20T12:14:39Z,D20260420.01
3690.HK,HK,equity,2024-05-23,120.1,120.5,117.6,119.5,120.6,24699425.0,2948631449.9,-0.009121061359867233,-0.009121061359867233,-0.009162912921519613,PASS,2026-04-20T12:14:39Z,D20260420.01
3690.HK,HK,equity,2024-05-24,118.1,118.9,115.1,116.3,119.5,26306133.0,3062809162.0,-0.02677824267782425,-0.02677824267782425,-0.027143311846946596,PASS,2026-04-20T12:14:39Z,D20260420.01
3690.HK,HK,equity,2024-05-27,116.3,119.8,114.0,118.7,116.3,21389207.0,2510379609.6,0.020636285468615734,0.020636285468615734,0.020426242091003695,PASS,2026-04-20T12:14:39Z,D20260420.01
3690.HK,HK,equity,2024-05-28,118.6,121.4,117.5,119.0,118.7,15835259.0,1888007664.401,0.002527379949452291,0.002527379949452291,0.0025241914959069226,PASS,2026-04-20T12:14:39Z,D20260420.01
3690.HK,HK,equity,2024-05-29,116.5,117.7,111.9,112.7,119.0,41575906.0,4734954317.5,-0.05294117647058816,-0.05294117647058816,-0.05439407206579869,PASS,2026-04-20T12:14:39Z,D20260420.01
3690.HK,HK,equity,2024-05-30,112.7,114.0,107.7,108.9,112.7,49115730.0,5401911522.5,-0.03371783496007097,-0.03371783496007097,-0.03429939110681581,PASS,2026-04-20T12:14:39Z,D20260420.01
3690.HK,HK,equity,2024-05-31,110.9,112.5,104.2,105.1,108.9,70686575.0,7572884381.0,-0.03489439853076226,-0.03489439853076226,-0.03551775205600944,PASS,2026-04-20T12:14:39Z,D20260420.01
3690.HK,HK,equity,2024-06-03,107.4,110.4,106.4,109.0,105.1,32263292.0,3498362776.721,0.0371075166508088,0.0371075166508088,0.036435604346238305,PASS,2026-04-20T12:14:39Z,D20260420.01
3690.HK,HK,equity,2024-06-04,109.0,115.0,108.6,113.5,109.0,36668490.0,4140344620.4,0.041284403669724856,0.041284403669724856,0.04045495469231375,PASS,2026-04-20T12:14:39Z,D20260420.01
3690.HK,HK,equity,2024-06-05,113.5,116.0,111.5,112.6,113.5,28629666.0,3248138402.2,-0.007929515418502286,-0.007929515418502286,-0.007961121215867444,PASS,2026-04-20T12:14:39Z,D20260420.01
3690.HK,HK,equity,2024-06-06,114.4,116.0,111.0,112.7,112.6,37302723.0,4207164720.55,0.000888099467140302,0.000888099467140302,0.0008877053401405918,PASS,2026-04-20T12:14:39Z,D20260420.01
3690.HK,HK,equity,2024-06-07,115.0,115.0,109.8,110.4,112.7,73605024.0,8195250704.4,-0.020408163265306145,-0.020408163265306145,-0.020619287202735703,PASS,2026-04-20T12:14:39Z,D20260420.01
3690.HK,HK,equity,2024-06-11,108.0,116.6,107.0,115.3,110.4,72840707.0,8224382234.02,0.04438405797101441,0.04438405797101441,0.04342729343201833,PASS,2026-04-20T12:14:39Z,D20260420.01
3690.HK,HK,equity,2024-06-12,115.0,116.7,112.5,112.6,115.3,33337950.0,3795113242.74,-0.02341717259323506,-0.02341717259323506,-0.023695711569423353,PASS,2026-04-20T12:14:39Z,D20260420.01
3690.HK,HK,equity,2024-06-13,114.4,116.9,112.3,116.7,112.6,37711546.0,4334135818.1,0.03641207815275327,0.03641207815275327,0.03576482358692045,PASS,2026-04-20T12:14:39Z,D20260420.01
3690.HK,HK,equity,2024-06-14,116.7,118.0,113.8,114.7,116.7,37941208.0,4379252169.4,-0.01713796058269068,-0.01713796058269068,-0.017286515157185316,PASS,2026-04-20T12:14:39Z,D20260420.01
3690.HK,HK,equity,2024-06-17,114.0,117.7,112.4,116.8,114.7,28862165.0,3355085255.78,0.018308631211856996,0.018308631211856996,0.018143046258801653,PASS,2026-04-20T12:14:39Z,D20260420.01
3690.HK,HK,equity,2024-06-18,118.0,118.9,114.5,115.0,116.8,28072090.0,3255753264.0,-0.015410958904109595,-0.015410958904109595,-0.015530942030876623,PASS,2026-04-20T12:14:39Z,D20260420.01
3690.HK,HK,equity,2024-06-19,116.7,121.9,115.0,121.4,115.0,35696099.0,4256860048.6,0.05565217391304356,0.05565217391304356,0.0541587502621479,PASS,2026-04-20T12:14:39Z,D20260420.01
3690.HK,HK,equity,2024-06-20,122.0,122.4,118.9,119.9,121.4,20924768.0,2511556816.81,-0.012355848434925876,-0.012355848434925876,-0.012432816591929338,PASS,2026-04-20T12:14:39Z,D20260420.01
3690.HK,HK,equity,2024-06-21,119.7,121.0,114.0,116.2,119.9,40576486.0,4726048263.8,-0.030859049207673128,-0.030859049207673128,-0.031345217615657776,PASS,2026-04-20T12:14:39Z,D20260420.01
3690.HK,HK,equity,2024-06-24,113.8,115.8,112.4,115.4,116.2,26037487.0,2968914437.36,-0.0068846815834767705,-0.0068846815834767705,-0.006908490343811673,PASS,2026-04-20T12:14:39Z,D20260420.01
3690.HK,HK,equity,2024-06-25,116.2,119.0,115.5,116.8,115.4,24626406.0,2885281012.0,0.0121317157712304,0.0121317157712304,0.012058716320127394,PASS,2026-04-20T12:14:39Z,D20260420.01
3690.HK,HK,equity,2024-06-26,115.0,117.5,114.2,117.0,116.8,18098098.0,2104004519.8,0.001712328767123239,0.001712328767123239,0.0017108644036293876,PASS,2026-04-20T12:14:39Z,D20260420.01
3690.HK,HK,equity,2024-06-27,115.5,116.7,112.6,113.7,117.0,27528943.0,3140285765.71,-0.028205128205128216,-0.028205128205128216,-0.028610534041265775,PASS,2026-04-20T12:14:39Z,D20260420.01
3690.HK,HK,equity,2024-06-28,111.5,114.3,110.6,111.1,113.7,28512066.0,3186119411.3,-0.022867194371152255,-0.022867194371152255,-0.023132704110906146,PASS,2026-04-20T12:14:39Z,D20260420.01
3690.HK,HK,equity,2024-07-02,111.4,113.3,108.6,112.2,111.1,27443010.0,3060537263.61,0.00990099009900991,0.00990099009900991,0.00985229644301164,PASS,2026-04-20T12:14:39Z,D20260420.01
3690.HK,HK,equity,2024-07-03,114.3,117.4,112.5,117.1,112.2,31244921.0,3605672588.59,0.04367201426024958,0.04367201426024958,0.042745277515075744,PASS,2026-04-20T12:14:39Z,D20260420.01
3690.HK,HK,equity,2024-07-04,119.9,121.6,118.8,119.7,117.1,35834785.0,4298962399.56,0.02220324508966698,0.02220324508966698,0.021960341960255834,PASS,2026-04-20T12:14:39Z,D20260420.01
3690.HK,HK,equity,2024-07-05,119.7,121.0,117.7,119.1,119.7,23440790.0,2797407959.2,-0.005012531328320913,-0.005012531328320913,-0.005025136202673155,PASS,2026-04-20T12:14:39Z,D20260420.01
3690.HK,HK,equity,2024-07-08,118.7,118.9,116.3,117.0,119.1,17430565.0,2044743717.295,-0.017632241813602012,-0.017632241813602012,-0.0177895415634983,PASS,2026-04-20T12:14:39Z,D20260420.01
3690.HK,HK,equity,2024-07-09,115.3,115.9,112.5,114.7,117.0,32986108.0,3770374662.4,-0.01965811965811959,-0.01965811965811959,-0.019853910662431043,PASS,2026-04-20T12:14:39Z,D20260420.01
3690.HK,HK,equity,2024-07-10,116.2,118.9,114.6,114.9,114.7,30789640.0,3591160857.6,0.0017436791630340842,0.0017436791630340842,0.0017421607193850734,PASS,2026-04-20T12:14:39Z,D20260420.01
3690.HK,HK,equity,2024-07-11,115.8,117.7,114.8,116.1,114.9,25270801.0,2930613766.087,0.010443864229764843,0.010443864229764843,0.010389703849135647,PASS,2026-04-20T12:14:39Z,D20260420.01
3690.HK,HK,equity,2024-07-12,119.1,122.3,118.0,121.8,116.1,42746740.0,5156390368.14,0.04909560723514206,0.04909560723514206,0.047928466571950774,PASS,2026-04-20T12:14:39Z,D20260420.01
3690.HK,HK,equity,2024-07-15,119.9,121.6,118.7,119.1,121.8,20533862.0,2456932221.7,-0.022167487684729092,-0.022167487684729092,-0.02241687891454226,PASS,2026-04-20T12:14:39Z,D20260420.01
3690.HK,HK,equity,2024-07-16,117.6,118.8,116.6,117.5,119.1,18714084.0,2202057129.8,-0.013434089000839533,-0.013434089000839533,-0.01352514277704067,PASS,2026-04-20T12:14:39Z,D20260420.01
3690.HK,HK,equity,2024-07-17,117.5,120.5,116.0,119.1,117.5,23222975.0,2757051788.6,0.013617021276595587,0.013617021276595587,0.013525142777040613,PASS,2026-04-20T12:14:39Z,D20260420.01
3690.HK,HK,equity,2024-07-18,117.1,120.4,116.8,119.4,119.1,22116025.0,2630887423.8,0.0025188916876575096,0.0025188916876575096,0.0025157245972473705,PASS,2026-04-20T12:14:39Z,D20260420.01
3690.HK,HK,equity,2024-07-19,118.1,119.3,117.1,117.5,119.4,29688510.0,3505940875.36,-0.01591289782244565,-0.01591289782244565,-0.01604086737428815,PASS,2026-04-20T12:14:39Z,D20260420.01
3690.HK,HK,equity,2024-07-22,118.9,121.9,118.5,121.3,117.5,30662005.0,3695238184.21,0.03234042553191485,0.03234042553191485,0.03182848236579076,PASS,2026-04-20T12:14:39Z,D20260420.01
3690.HK,HK,equity,2024-07-23,121.1,121.4,117.2,118.1,121.3,28762101.0,3414508010.02,-0.02638087386644683,-0.02638087386644683,-0.026735092746687828,PASS,2026-04-20T12:14:39Z,D20260420.01
3690.HK,HK,equity,2024-07-24,118.1,118.3,111.5,113.3,118.1,42947253.0,4894942101.1,-0.04064352243861136,-0.04064352243861136,-0.041492555169356,PASS,2026-04-20T12:14:39Z,D20260420.01
3690.HK,HK,equity,2024-07-25,110.6,111.6,106.2,107.1,113.3,52401441.0,5647885045.4,-0.054721977052074156,-0.054721977052074156,-0.05627619058025756,PASS,2026-04-20T12:14:39Z,D20260420.01
3690.HK,HK,equity,2024-07-26,108.5,108.7,105.1,107.6,107.1,27148879.0,2909993793.7,0.00466853408029877,0.00466853408029877,0.00465767027398094,PASS,2026-04-20T12:14:39Z,D20260420.01
3690.HK,HK,equity,2024-07-29,109.3,110.5,107.7,108.4,107.6,17136896.0,1869939413.2,0.0074349442379182396,0.0074349442379182396,0.007407441277861818,PASS,2026-04-20T12:14:39Z,D20260420.01
3690.HK,HK,equity,2024-07-30,108.6,108.6,105.8,106.4,108.4,17955125.0,1911911381.6,-0.01845018450184499,-0.01845018450184499,-0.0186225120980018,PASS,2026-04-20T12:14:39Z,D20260420.01
3690.HK,HK,equity,2024-07-31,106.7,110.3,106.0,109.3,106.4,21711841.0,2364092911.4,0.02725563909774431,0.02725563909774431,0.026890818274948818,PASS,2026-04-20T12:14:39Z,D20260420.01
3690.HK,HK,equity,2024-08-01,108.1,111.2,108.1,109.2,109.3,15275269.0,1674418098.96,-0.0009149130832570851,-0.0009149130832570851,-0.0009153318716882037,PASS,2026-04-20T12:14:39Z,D20260420.01
3690.HK,HK,equity,2024-08-02,107.8,107.8,100.7,104.0,109.2,40365144.0,4182048100.36,-0.04761904761904767,-0.04761904761904767,-0.048790164169432056,PASS,2026-04-20T12:14:39Z,D20260420.01
3690.HK,HK,equity,2024-08-05,102.8,107.6,101.4,106.8,104.0,41740738.0,4410792717.0,0.026923076923076827,0.026923076923076827,0.026567027384721706,PASS,2026-04-20T12:14:39Z,D20260420.01
3690.HK,HK,equity,2024-08-06,109.1,109.9,105.6,105.6,106.8,24808382.0,2650800836.45,-0.011235955056179803,-0.011235955056179803,-0.011299555253933394,PASS,2026-04-20T12:14:39Z,D20260420.01
3690.HK,HK,equity,2024-08-07,106.2,108.3,105.1,106.0,105.6,20383337.0,2171777172.18,0.0037878787878788955,0.0037878787878788955,0.0037807228399061523,PASS,2026-04-20T12:14:39Z,D20260420.01
3690.HK,HK,equity,2024-08-08,104.5,107.2,102.8,104.6,106.0,25310352.0,2654022201.2,-0.013207547169811429,-0.013207547169811429,-0.013295542481244727,PASS,2026-04-20T12:14:39Z,D20260420.01
3690.HK,HK,equity,2024-08-09,106.2,108.5,105.6,106.2,104.6,19633016.0,2098894936.21,0.015296367112810794,0.015296367112810794,0.015180557177016017,PASS,2026-04-20T12:14:39Z,D20260420.01
3690.HK,HK,equity,2024-08-12,105.9,106.7,101.9,104.0,106.2,22028432.0,2280099089.36,-0.020715630885122405,-0.020715630885122405,-0.02093320966646579,PASS,2026-04-20T12:14:39Z,D20260420.01
3690.HK,HK,equity,2024-08-13,104.0,105.3,101.3,103.4,104.0,24773088.0,2548732011.99,-0.005769230769230749,-0.005769230769230749,-0.0057859370670438875,PASS,2026-04-20T12:14:39Z,D20260420.01
3690.HK,HK,equity,2024-08-14,104.6,104.6,101.3,102.1,103.4,14885295.0,1523251293.44,-0.012572533849129708,-0.012572533849129708,-0.012652236903709,PASS,2026-04-20T12:14:39Z,D20260420.01
3690.HK,HK,equity,2024-08-15,101.9,104.4,100.1,102.4,102.1,23016192.0,2349924412.4,0.002938295788442735,0.002938295788442735,0.0029339874347875704,PASS,2026-04-20T12:14:39Z,D20260420.01
3690.HK,HK,equity,2024-08-16,104.0,108.3,103.8,107.7,102.4,37261404.0,3964523632.45,0.0517578125,0.0517578125,0.05046287155693547,PASS,2026-04-20T12:14:39Z,D20260420.01
3690.HK,HK,equity,2024-08-19,109.8,110.4,108.2,108.7,107.7,17188364.0,1873853152.35,0.00928505106778088,0.00928505106778088,0.009242209964820886,PASS,2026-04-20T12:14:39Z,D20260420.01
3690.HK,HK,equity,2024-08-20,110.0,110.2,107.5,108.1,108.7,14669733.0,1593032551.1,-0.005519779208831732,-0.005519779208831732,-0.0055350694820012515,PASS,2026-04-20T12:14:39Z,D20260420.01
3690.HK,HK,equity,2024-08-21,105.5,108.8,105.2,107.7,108.1,15349800.0,1650830920.44,-0.0037002775208140326,-0.0037002775208140326,-0.0037071404828196847,PASS,2026-04-20T12:14:39Z,D20260420.01
3690.HK,HK,equity,2024-08-22,109.1,109.3,105.3,109.0,107.7,18083963.0,1943392923.04,0.0120705663881151,0.0120705663881151,0.011998298066800786,PASS,2026-04-20T12:14:39Z,D20260420.01
3690.HK,HK,equity,2024-08-23,107.2,107.9,106.3,107.5,109.0,16679813.0,1787522466.6,-0.013761467889908285,-0.013761467889908285,-0.013857034661426241,PASS,2026-04-20T12:14:39Z,D20260420.01
3690.HK,HK,equity,2024-08-26,108.5,111.0,108.0,109.0,107.5,18754675.0,2047842886.487,0.013953488372093092,0.013953488372093092,0.01385703466142628,PASS,2026-04-20T12:14:39Z,D20260420.01
3690.HK,HK,equity,2024-08-27,106.0,107.0,103.0,106.2,109.0,42738256.0,4505374297.2,-0.025688073394495414,-0.025688073394495414,-0.026023773421305244,PASS,2026-04-20T12:14:39Z,D20260420.01
3690.HK,HK,equity,2024-08-28,104.8,105.5,101.6,102.8,106.2,43855211.0,4530179928.9,-0.032015065913371,-0.032015065913371,-0.032538755786773725,PASS,2026-04-20T12:14:39Z,D20260420.01
3690.HK,HK,equity,2024-08-29,110.0,116.5,108.2,115.7,102.8,88880692.0,10003663554.9,0.1254863813229572,0.1254863813229572,0.11821528117856615,PASS,2026-04-20T12:14:39Z,D20260420.01
3690.HK,HK,equity,2024-08-30,116.9,121.9,116.0,118.2,115.7,74886388.0,8934570566.94,0.021607605877268732,0.021607605877268732,0.021377470772366867,PASS,2026-04-20T12:14:39Z,D20260420.01
3690.HK,HK,equity,2024-09-02,118.5,119.3,115.8,116.3,118.2,27217094.0,3193465234.55,-0.0160744500846024,-0.0160744500846024,-0.016205045447379114,PASS,2026-04-20T12:14:39Z,D20260420.01
3690.HK,HK,equity,2024-09-03,116.7,119.4,116.4,118.9,116.3,19616696.0,2322804223.75,0.022355975924333693,0.022355975924333693,0.022109744172117477,PASS,2026-04-20T12:14:39Z,D20260420.01
3690.HK,HK,equity,2024-09-04,118.9,120.4,117.0,119.2,118.9,27521023.0,3271849669.7,0.002523128679562614,0.002523128679562614,0.0025199509345131947,PASS,2026-04-20T12:14:39Z,D20260420.01
3690.HK,HK,equity,2024-09-05,119.2,120.9,117.8,119.3,119.2,24972705.0,2975224776.45,0.0008389261744965459,0.0008389261744965459,0.0008385744726209456,PASS,2026-04-20T12:14:39Z,D20260420.01
3690.HK,HK,equity,2024-09-09,118.3,120.2,117.2,118.6,119.3,38187905.0,4524753286.94,-0.005867560771165126,-0.005867560771165126,-0.005884842540245347,PASS,2026-04-20T12:14:39Z,D20260420.01
3690.HK,HK,equity,2024-09-10,119.4,119.8,116.9,118.9,118.6,21838708.0,2592759580.34,0.002529510961214232,0.002529510961214232,0.0025263171331111355,PASS,2026-04-20T12:14:39Z,D20260420.01
3690.HK,HK,equity,2024-09-11,116.7,119.9,116.7,119.4,118.9,23022020.0,2736485102.3,0.00420521446593769,0.00420521446593769,0.004196397261765492,PASS,2026-04-20T12:14:39Z,D20260420.01
3690.HK,HK,equity,2024-09-12,120.9,124.9,119.9,122.3,119.4,41248772.0,5079727718.2,0.02428810720267993,0.02428810720267993,0.023997841734624825,PASS,2026-04-20T12:14:39Z,D20260420.01
3690.HK,HK,equity,2024-09-13,123.6,126.0,122.6,123.0,122.3,28574247.0,3551542329.3,0.005723630417007408,0.005723630417007408,0.005707312679290873,PASS,2026-04-20T12:14:39Z,D20260420.01
3690.HK,HK,equity,2024-09-16,123.2,127.0,122.2,126.5,123.0,21336151.0,2683847216.4,0.028455284552845628,0.028455284552845628,0.028057952795157527,PASS,2026-04-20T12:14:39Z,D20260420.01
3690.HK,HK,equity,2024-09-17,126.7,128.9,126.2,128.6,126.5,17621881.0,2260390361.58,0.016600790513833896,0.016600790513833896,0.016464503635943994,PASS,2026-04-20T12:14:39Z,D20260420.01
3690.HK,HK,equity,2024-09-19,128.8,134.7,127.7,133.8,128.6,53919649.0,7110994633.82,0.04043545878693644,0.04043545878693644,0.03963933589060926,PASS,2026-04-20T12:14:39Z,D20260420.01
3690.HK,HK,equity,2024-09-20,135.6,138.1,133.8,135.9,133.8,60241060.0,8174574196.36,0.015695067264573925,0.015695067264573925,0.015573173462969887,PASS,2026-04-20T12:14:39Z,D20260420.01
3690.HK,HK,equity,2024-09-23,135.8,138.3,131.3,132.8,135.9,37934059.0,5072962093.6,-0.022810890360559166,-0.022810890360559166,-0.023075084114764482,PASS,2026-04-20T12:14:39Z,D20260420.01
3690.HK,HK,equity,2024-09-24,136.8,139.9,134.9,139.8,132.8,58311925.0,8067174042.1,0.052710843373493965,0.052710843373493965,0.051368592757376395,PASS,2026-04-20T12:14:39Z,D20260420.01
3690.HK,HK,equity,2024-09-25,147.2,148.0,139.7,141.3,139.8,75294115.0,10765691308.52,0.010729613733905685,0.010729613733905685,0.01067245989077198,PASS,2026-04-20T12:14:39Z,D20260420.01
3690.HK,HK,equity,2024-09-26,143.8,153.3,142.6,152.2,141.3,84240850.0,12505740689.4,0.07714083510261838,0.07714083510261838,0.07431015573710355,PASS,2026-04-20T12:14:39Z,D20260420.01
3690.HK,HK,equity,2024-09-27,160.0,170.0,159.6,164.6,152.2,127235353.0,20835345196.891,0.08147174770039434,0.08147174770039434,0.07832284281538408,PASS,2026-04-20T12:14:39Z,D20260420.01
3690.HK,HK,equity,2024-09-30,176.4,178.0,167.6,172.0,164.6,102848272.0,17708900215.0,0.04495747266099648,0.04495747266099648,0.04397618857048372,PASS,2026-04-20T12:14:39Z,D20260420.01
3690.HK,HK,equity,2024-10-02,178.0,201.4,178.0,197.2,172.0,111032616.0,21390913356.63,0.1465116279069767,0.1465116279069767,0.13672396535508197,PASS,2026-04-20T12:14:39Z,D20260420.01
3690.HK,HK,equity,2024-10-03,198.0,209.8,189.0,205.0,197.2,78089168.0,15514923092.3,0.03955375253549698,0.03955375253549698,0.038791536969873155,PASS,2026-04-20T12:14:39Z,D20260420.01
3690.HK,HK,equity,2024-10-04,199.9,213.8,197.3,213.4,205.0,72028503.0,14933098677.66,0.0409756097560976,0.0409756097560976,0.04015835972924485,PASS,2026-04-20T12:14:39Z,D20260420.01
3690.HK,HK,equity,2024-10-07,212.0,217.0,206.2,213.2,213.4,50709476.0,10783014713.64,-0.0009372071227742307,-0.0009372071227742307,-0.0009376465759636146,PASS,2026-04-20T12:14:39Z,D20260420.01
3690.HK,HK,equity,2024-10-08,204.8,207.6,177.7,180.2,213.2,129061135.0,24708532544.74,-0.15478424015009384,-0.15478424015009384,-0.16816334711745198,PASS,2026-04-20T12:14:39Z,D20260420.01
3690.HK,HK,equity,2024-10-09,189.4,198.4,175.3,184.4,180.2,108218713.0,20178267892.9,0.023307436182020025,0.023307436182020025,0.02303996594825596,PASS,2026-04-20T12:14:39Z,D20260420.01
3690.HK,HK,equity,2024-10-10,193.2,200.0,189.7,193.7,184.4,68711009.0,13354745626.15,0.05043383947939262,0.05043383947939262,0.049203259290456734,PASS,2026-04-20T12:14:39Z,D20260420.01
3690.HK,HK,equity,2024-10-14,189.9,190.8,177.8,183.6,193.7,62345605.0,11495666215.36,-0.05214248838409907,-0.05214248838409907,-0.05355109222656005,PASS,2026-04-20T12:14:39Z,D20260420.01
3690.HK,HK,equity,2024-10-15,182.8,185.4,168.4,170.8,183.6,69635778.0,12129061802.703,-0.06971677559912848,-0.06971677559912848,-0.07226619683192054,PASS,2026-04-20T12:14:39Z,D20260420.01
3690.HK,HK,equity,2024-10-16,170.0,177.6,167.1,173.2,170.8,48202224.0,8374350044.35,0.014051522248243353,0.014051522248243353,0.013953714773865089,PASS,2026-04-20T12:14:39Z,D20260420.01
3690.HK,HK,equity,2024-10-17,176.7,180.3,168.4,170.2,173.2,37092810.0,6452344454.5,-0.01732101616628179,-0.01732101616628179,-0.017472779989061056,PASS,2026-04-20T12:14:39Z,D20260420.01
3690.HK,HK,equity,2024-10-18,170.1,187.8,170.0,185.4,170.2,55680008.0,10037683247.12,0.08930669800235025,0.08930669800235025,0.08554143699248108,PASS,2026-04-20T12:14:39Z,D20260420.01
3690.HK,HK,equity,2024-10-21,182.3,187.3,179.1,181.2,185.4,32248970.0,5903474820.6,-0.02265372168284796,-0.02265372168284796,-0.022914259522875888,PASS,2026-04-20T12:14:39Z,D20260420.01
3690.HK,HK,equity,2024-10-22,181.2,188.6,180.5,184.8,181.2,25949808.0,4789199645.6,0.019867549668874274,0.019867549668874274,0.019672765598704928,PASS,2026-04-20T12:14:39Z,D20260420.01
3690.HK,HK,equity,2024-10-23,187.3,197.5,186.2,194.9,184.8,45149007.0,8764179961.5,0.05465367965367962,0.05465367965367962,0.05321244730593131,PASS,2026-04-20T12:14:39Z,D20260420.01
3690.HK,HK,equity,2024-10-24,190.6,194.2,186.5,187.0,194.9,29157453.0,5525835043.78,-0.0405336069779374,-0.0405336069779374,-0.0413779896589285,PASS,2026-04-20T12:14:39Z,D20260420.01
3690.HK,HK,equity,2024-10-25,186.5,189.8,182.6,184.9,187.0,24837829.0,4617209291.16,-0.011229946524064172,-0.011229946524064172,-0.011293478461507462,PASS,2026-04-20T12:14:39Z,D20260420.01
3690.HK,HK,equity,2024-10-28,185.9,189.0,183.7,185.2,184.9,19619475.0,3642555441.86,0.0016224986479176362,0.0016224986479176362,0.001621183818999689,PASS,2026-04-20T12:14:39Z,D20260420.01
3690.HK,HK,equity,2024-10-29,189.2,192.9,186.9,189.3,185.2,32660150.0,6204712780.28,0.022138228941684712,0.022138228941684712,0.021896736003198202,PASS,2026-04-20T12:14:39Z,D20260420.01
3690.HK,HK,equity,2024-10-30,186.5,190.2,182.6,184.7,189.3,25149030.0,4659105348.54,-0.024300052826201957,-0.024300052826201957,-0.024600171010083053,PASS,2026-04-20T12:14:39Z,D20260420.01
3690.HK,HK,equity,2024-10-31,185.4,186.4,182.3,182.5,184.7,18630573.0,3425203144.9,-0.011911207363291765,-0.011911207363291765,-0.011982714182648022,PASS,2026-04-20T12:14:39Z,D20260420.01
3690.HK,HK,equity,2024-11-01,186.4,190.4,184.6,187.6,182.5,21507197.0,4035753876.437,0.027945205479452007,0.027945205479452007,0.02756186354957806,PASS,2026-04-20T12:14:39Z,D20260420.01
3690.HK,HK,equity,2024-11-04,188.0,190.4,185.0,187.7,187.6,14033434.0,2631009671.55,0.0005330490405117683,0.0005330490405117683,0.0005329070203388764,PASS,2026-04-20T12:14:39Z,D20260420.01
3690.HK,HK,equity,2024-11-05,184.4,193.9,184.4,193.8,187.7,28395939.0,5386755844.52,0.03249866808737356,0.03249866808737356,0.031981755864202814,PASS,2026-04-20T12:14:39Z,D20260420.01
3690.HK,HK,equity,2024-11-06,191.0,193.0,183.3,189.3,193.8,38093891.0,7161648216.1,-0.023219814241486114,-0.023219814241486114,-0.023493641241388738,PASS,2026-04-20T12:14:39Z,D20260420.01
3690.HK,HK,equity,2024-11-07,188.0,200.4,186.1,199.9,189.3,42255252.0,8287126730.4,0.05599577390385635,0.05599577390385635,0.05448418329107725,PASS,2026-04-20T12:14:39Z,D20260420.01
3690.HK,HK,equity,2024-11-08,203.0,205.4,190.4,191.8,199.9,39449252.0,7708009189.7,-0.040520260130065044,-0.040520260130065044,-0.04136407905701655,PASS,2026-04-20T12:14:39Z,D20260420.01
3690.HK,HK,equity,2024-11-11,185.0,187.1,181.3,185.6,191.8,39159080.0,7202967282.22,-0.03232533889468203,-0.03232533889468203,-0.03285934209723772,PASS,2026-04-20T12:14:39Z,D20260420.01
3690.HK,HK,equity,2024-11-12,182.8,184.8,171.8,175.7,185.6,60520914.0,10711866301.7,-0.05334051724137934,-0.05334051724137934,-0.05481582515904872,PASS,2026-04-20T12:14:39Z,D20260420.01
3690.HK,HK,equity,2024-11-13,173.0,175.6,168.6,175.4,175.7,36152267.0,6238892593.28,-0.0017074558907227422,-0.0017074558907227422,-0.0017089152549687608,PASS,2026-04-20T12:14:39Z,D20260420.01
3690.HK,HK,equity,2024-11-14,171.0,177.8,168.1,169.3,175.4,33412299.0,5715455713.7,-0.03477765108323827,-0.03477765108323827,-0.03539679079899299,PASS,2026-04-20T12:14:39Z,D20260420.01
3690.HK,HK,equity,2024-11-15,171.0,174.0,166.6,169.6,169.3,26486305.0,4513609058.5,0.0017720023626697223,0.0017720023626697223,0.0017704342187129713,PASS,2026-04-20T12:14:39Z,D20260420.01
3690.HK,HK,equity,2024-11-18,171.0,173.0,166.7,169.0,169.6,28205598.0,4784863769.64,-0.003537735849056589,-0.003537735849056589,-0.0035440084347292105,PASS,2026-04-20T12:14:39Z,D20260420.01
3690.HK,HK,equity,2024-11-19,169.1,172.6,167.2,171.9,169.0,26059344.0,4430973299.34,0.017159763313609577,0.017159763313609577,0.017014197465730206,PASS,2026-04-20T12:14:39Z,D20260420.01
3690.HK,HK,equity,2024-11-20,171.9,176.0,170.9,174.8,171.9,23492659.0,4078124695.45,0.016870273414776094,0.016870273414776094,0.016729550832631574,PASS,2026-04-20T12:14:39Z,D20260420.01
3690.HK,HK,equity,2024-11-21,174.8,175.9,172.1,172.7,174.8,14104129.0,2450838360.24,-0.012013729977116805,-0.012013729977116805,-0.012086478068802269,PASS,2026-04-20T12:14:39Z,D20260420.01
3690.HK,HK,equity,2024-11-22,172.5,174.4,165.1,167.1,172.7,25731303.0,4333002442.7,-0.03242617255356106,-0.03242617255356106,-0.03296354955128486,PASS,2026-04-20T12:14:39Z,D20260420.01
3690.HK,HK,equity,2024-11-25,165.9,168.2,158.2,162.0,167.1,54935851.0,8902161289.4,-0.030520646319569078,-0.030520646319569078,-0.03099610036896391,PASS,2026-04-20T12:14:39Z,D20260420.01
3690.HK,HK,equity,2024-11-26,161.0,168.6,160.2,164.3,162.0,25797668.0,4255800222.69,0.014197530864197505,0.014197530864197505,0.014097689810838296,PASS,2026-04-20T12:14:39Z,D20260420.01
3690.HK,HK,equity,2024-11-27,165.8,176.8,163.7,176.2,164.3,41736756.0,7166659546.35,0.07242848447961037,0.07242848447961037,0.06992568845885665,PASS,2026-04-20T12:14:39Z,D20260420.01
3690.HK,HK,equity,2024-11-28,176.9,176.9,170.7,172.2,176.2,24252235.0,4190326377.49,-0.022701475595913734,-0.022701475595913734,-0.022963121508448706,PASS,2026-04-20T12:14:39Z,D20260420.01
3690.HK,HK,equity,2024-11-29,171.1,177.0,165.2,168.7,172.2,40356999.0,6881047881.6,-0.020325203252032575,-0.020325203252032575,-0.020534602441707864,PASS,2026-04-20T12:14:39Z,D20260420.01
3690.HK,HK,equity,2024-12-02,160.0,169.2,159.9,167.4,168.7,66398327.0,10916901728.2,-0.007705986959098854,-0.007705986959098854,-0.007735831496547532,PASS,2026-04-20T12:14:39Z,D20260420.01
3690.HK,HK,equity,2024-12-03,167.2,167.3,160.7,165.5,167.4,41771143.0,6842320339.0,-0.011350059737156526,-0.011350059737156526,-0.011414963238257369,PASS,2026-04-20T12:14:39Z,D20260420.01
3690.HK,HK,equity,2024-12-04,166.3,170.6,164.8,165.2,165.5,32453687.0,5408164672.68,-0.0018126888217523396,-0.0018126888217523396,-0.0018143337302399746,PASS,2026-04-20T12:14:39Z,D20260420.01
3690.HK,HK,equity,2024-12-05,162.8,163.3,157.0,159.2,165.2,46562493.0,7426508317.2,-0.03631961259079908,-0.03631961259079908,-0.036995587676595096,PASS,2026-04-20T12:14:39Z,D20260420.01
3690.HK,HK,equity,2024-12-06,160.8,163.7,156.9,162.4,159.2,63874792.0,10264621427.06,0.0201005025125629,0.0201005025125629,0.01990115431729502,PASS,2026-04-20T12:14:39Z,D20260420.01
3690.HK,HK,equity,2024-12-09,159.0,172.5,158.9,171.7,162.4,58871653.0,9736726223.6,0.05726600985221664,0.05726600985221664,0.05568634017585217,PASS,2026-04-20T12:14:39Z,D20260420.01
3690.HK,HK,equity,2024-12-10,182.0,182.9,171.0,171.8,171.7,70828812.0,12496546941.2,0.0005824111822947398,0.0005824111822947398,0.0005822416467251893,PASS,2026-04-20T12:14:39Z,D20260420.01
3690.HK,HK,equity,2024-12-11,172.1,175.2,165.4,167.0,171.8,29501888.0,4990135019.7,-0.0279394644935973,-0.0279394644935973,-0.028337197133399984,PASS,2026-04-20T12:14:39Z,D20260420.01
3690.HK,HK,equity,2024-12-12,169.0,173.0,163.2,168.9,167.0,39912261.0,6705027452.44,0.011377245508982003,0.011377245508982003,0.01131301139699925,PASS,2026-04-20T12:14:39Z,D20260420.01
3690.HK,HK,equity,2024-12-13,165.0,165.8,161.6,162.6,168.9,37180662.0,6070473166.2,-0.03730017761989346,-0.03730017761989346,-0.038013626700044205,PASS,2026-04-20T12:14:39Z,D20260420.01
3690.HK,HK,equity,2024-12-16,161.6,162.7,158.2,159.6,162.6,27168729.0,4338973425.5,-0.01845018450184499,-0.01845018450184499,-0.0186225120980018,PASS,2026-04-20T12:14:39Z,D20260420.01
3690.HK,HK,equity,2024-12-17,156.9,164.8,155.6,158.6,159.6,33855934.0,5379055022.4,-0.006265664160400974,-0.006265664160400974,-0.006285375814960753,PASS,2026-04-20T12:14:39Z,D20260420.01
3690.HK,HK,equity,2024-12-18,164.8,164.8,159.2,160.1,158.6,18611465.0,2988467839.86,0.009457755359394637,0.009457755359394637,0.009413310801921326,PASS,2026-04-20T12:14:39Z,D20260420.01
3690.HK,HK,equity,2024-12-19,157.3,159.2,156.4,158.4,160.1,20597561.0,3253411009.9,-0.010618363522798213,-0.010618363522798213,-0.010675140622343484,PASS,2026-04-20T12:14:39Z,D20260420.01
3690.HK,HK,equity,2024-12-20,158.0,161.2,157.3,158.6,158.4,34086217.0,5418177427.82,0.0012626262626262985,0.0012626262626262985,0.0012618298204221654,PASS,2026-04-20T12:14:39Z,D20260420.01
3690.HK,HK,equity,2024-12-23,161.2,161.5,153.6,155.6,158.6,31530269.0,4905774443.89,-0.018915510718789386,-0.018915510718789386,-0.01909669745645636,PASS,2026-04-20T12:14:39Z,D20260420.01
3690.HK,HK,equity,2024-12-24,156.8,157.3,153.1,155.1,155.6,20197571.0,3115123333.52,-0.0032133676092545027,-0.0032133676092545027,-0.0032185415617980934,PASS,2026-04-20T12:14:39Z,D20260420.01
3690.HK,HK,equity,2024-12-27,153.1,157.0,151.6,154.7,155.1,23550112.0,3640007686.819,-0.0025789813023855412,-0.0025789813023855412,-0.0025823126034726844,PASS,2026-04-20T12:14:39Z,D20260420.01
3690.HK,HK,equity,2024-12-30,155.9,156.6,151.4,152.8,154.7,25450241.0,3893607693.3,-0.012281835811247421,-0.012281835811247421,-0.012357880846600163,PASS,2026-04-20T12:14:39Z,D20260420.01
3690.HK,HK,equity,2024-12-31,152.7,154.8,151.7,151.7,152.8,11665658.0,1783303292.3,-0.007198952879581277,-0.007198952879581277,-0.00722499037793368,PASS,2026-04-20T12:14:39Z,D20260420.01
3690.HK,HK,equity,2025-01-02,151.7,154.3,148.4,150.6,151.7,28715165.0,4322192014.5,-0.007251153592616966,-0.007251153592616966,-0.00727757098869332,PASS,2026-04-20T12:14:39Z,D20260420.01
3690.HK,HK,equity,2025-01-03,151.3,155.7,148.8,153.7,150.6,30511065.0,4665644080.7,0.02058432934926957,0.02058432934926957,0.020375335178756955,PASS,2026-04-20T12:14:39Z,D20260420.01
3690.HK,HK,equity,2025-01-06,153.8,153.8,148.4,150.7,153.7,27783624.0,4169062743.18,-0.01951854261548469,-0.01951854261548469,-0.019711544912100382,PASS,2026-04-20T12:14:39Z,D20260420.01
3690.HK,HK,equity,2025-01-07,150.7,152.8,145.8,148.7,150.7,30932550.0,4601183930.8,-0.013271400132713995,-0.013271400132713995,-0.01336025216634038,PASS,2026-04-20T12:14:39Z,D20260420.01
3690.HK,HK,equity,2025-01-08,148.9,149.1,143.9,146.7,148.7,25790556.0,3767426622.2,-0.01344989912575656,-0.01344989912575656,-0.01354116831717336,PASS,2026-04-20T12:14:39Z,D20260420.01
3690.HK,HK,equity,2025-01-09,145.9,146.8,142.5,144.4,146.7,26551311.0,3827119336.5,-0.015678254942058545,-0.015678254942058545,-0.0158024586902101,PASS,2026-04-20T12:14:39Z,D20260420.01
3690.HK,HK,equity,2025-01-10,146.1,146.4,139.0,140.1,144.4,30901748.0,4361305500.3,-0.02977839335180066,-0.02977839335180066,-0.030230773115764643,PASS,2026-04-20T12:14:39Z,D20260420.01
3690.HK,HK,equity,2025-01-13,139.0,139.0,133.5,137.4,140.1,37818018.0,5143929719.25,-0.01927194860813697,-0.01927194860813697,-0.019460073554712274,PASS,2026-04-20T12:14:39Z,D20260420.01
3690.HK,HK,equity,2025-01-14,138.8,146.7,138.1,144.3,137.4,58761811.0,8450457857.37,0.05021834061135366,0.05021834061135366,0.04899808599157617,PASS,2026-04-20T12:14:39Z,D20260420.01
3690.HK,HK,equity,2025-01-15,143.3,146.0,141.2,144.5,144.3,29515844.0,4258124537.7,0.001386001386001201,0.001386001386001201,0.0013850417726614787,PASS,2026-04-20T12:14:39Z,D20260420.01
3690.HK,HK,equity,2025-01-16,146.7,150.5,144.5,147.6,144.5,37707184.0,5562490982.21,0.02145328719723172,0.02145328719723172,0.02122640461388516,PASS,2026-04-20T12:14:39Z,D20260420.01
3690.HK,HK,equity,2025-01-17,148.2,149.1,145.0,147.8,147.6,20474850.0,3013558783.4,0.0013550135501356753,0.0013550135501356753,0.0013540963477294517,PASS,2026-04-20T12:14:39Z,D20260420.01
3690.HK,HK,equity,2025-01-20,151.0,158.8,150.6,155.5,147.8,62838210.0,9774753994.17,0.05209742895805136,0.05209742895805136,0.05078572310518737,PASS,2026-04-20T12:14:39Z,D20260420.01
3690.HK,HK,equity,2025-01-21,159.7,160.4,155.0,158.5,155.5,41021524.0,6497398959.5,0.019292604501607746,0.019292604501607746,0.019108861698046507,PASS,2026-04-20T12:14:39Z,D20260420.01
3690.HK,HK,equity,2025-01-22,157.5,157.5,151.3,152.5,158.5,39709233.0,6079426128.42,-0.03785488958990535,-0.03785488958990535,-0.038589997269868975,PASS,2026-04-20T12:14:39Z,D20260420.01
3690.HK,HK,equity,2025-01-23,153.7,155.7,150.0,151.1,152.5,25525543.0,3879430886.76,-0.009180327868852478,-0.009180327868852478,-0.009222726768772447,PASS,2026-04-20T12:14:39Z,D20260420.01
3690.HK,HK,equity,2025-01-24,153.3,153.7,149.0,150.0,151.1,39355209.0,5943655544.96,-0.007279947054930513,-0.007279947054930513,-0.007306575182438139,PASS,2026-04-20T12:14:39Z,D20260420.01
3690.HK,HK,equity,2025-01-27,151.8,155.3,149.3,149.7,150.0,37485511.0,5685904600.05,-0.002000000000000113,-0.002000000000000113,-0.0020020026706731903,PASS,2026-04-20T12:14:39Z,D20260420.01
3690.HK,HK,equity,2025-01-28,151.8,152.4,146.8,148.2,149.7,16691789.0,2490598983.3,-0.01002004008016033,-0.01002004008016033,-0.01007057856359617,PASS,2026-04-20T12:14:39Z,D20260420.01
3690.HK,HK,equity,2025-02-03,148.2,148.2,140.0,142.3,148.2,42691211.0,6079819589.1,-0.03981106612685548,-0.03981106612685548,-0.0406252077661797,PASS,2026-04-20T12:14:39Z,D20260420.01
3690.HK,HK,equity,2025-02-04,144.9,151.9,144.2,150.8,142.3,52094377.0,7730114263.002,0.0597329585382993,0.0597329585382993,0.058016950478048945,PASS,2026-04-20T12:14:39Z,D20260420.01
3690.HK,HK,equity,2025-02-05,154.0,154.2,146.8,150.9,150.8,48027206.0,7248641159.03,0.0006631299734747298,0.0006631299734747298,0.0006629101999474445,PASS,2026-04-20T12:14:39Z,D20260420.01
3690.HK,HK,equity,2025-02-06,152.8,152.9,146.8,150.1,150.9,35817495.0,5345501267.1,-0.005301524188204176,-0.005301524188204176,-0.005315627134387012,PASS,2026-04-20T12:14:39Z,D20260420.01
3690.HK,HK,equity,2025-02-07,148.0,155.8,146.0,154.1,150.1,49976855.0,7598158293.8,0.02664890073284476,0.02664890073284476,0.026300003686653788,PASS,2026-04-20T12:14:39Z,D20260420.01
3690.HK,HK,equity,2025-02-10,155.0,163.3,154.5,162.7,154.1,65305089.0,10493577109.7,0.05580791693705378,0.05580791693705378,0.054306271898921975,PASS,2026-04-20T12:14:39Z,D20260420.01
3690.HK,HK,equity,2025-02-11,166.2,167.6,161.3,161.8,162.7,56360376.0,9231266082.1,-0.005531653349723276,-0.005531653349723276,-0.005547009600600657,PASS,2026-04-20T12:14:39Z,D20260420.01
3690.HK,HK,equity,2025-02-12,162.6,162.7,150.2,155.2,161.8,114470084.0,17558341011.5,-0.040791100123609536,-0.040791100123609536,-0.041646396875273085,PASS,2026-04-20T12:14:39Z,D20260420.01
3690.HK,HK,equity,2025-02-13,155.2,167.5,155.2,159.7,155.2,94924956.0,15360136721.17,0.02899484536082464,0.02899484536082464,0.028582447471848273,PASS,2026-04-20T12:14:39Z,D20260420.01
3690.HK,HK,equity,2025-02-14,162.0,170.0,161.9,169.9,159.7,75772482.0,12647316682.39,0.0638697557921104,0.0638697557921104,0.061912973456919776,PASS,2026-04-20T12:14:39Z,D20260420.01
3690.HK,HK,equity,2025-02-17,174.2,179.3,166.1,168.9,169.9,85909353.0,14789129199.28,-0.005885815185403209,-0.005885815185403209,-0.005903204864131982,PASS,2026-04-20T12:14:39Z,D20260420.01
3690.HK,HK,equity,2025-02-18,170.2,177.0,167.0,172.9,168.9,66733331.0,11444481540.36,0.023682652457075237,0.023682652457075237,0.02340656887549047,PASS,2026-04-20T12:14:39Z,D20260420.01
3690.HK,HK,equity,2025-02-19,169.6,171.8,166.0,167.7,172.9,46995938.0,7891005062.4,-0.03007518796992492,-0.03007518796992492,-0.030536723860081764,PASS,2026-04-20T12:14:39Z,D20260420.01
3690.HK,HK,equity,2025-02-20,158.0,160.2,156.1,156.9,167.7,90728227.0,14304964022.4,-0.06440071556350613,-0.06440071556350613,-0.06656800909017611,PASS,2026-04-20T12:14:39Z,D20260420.01
3690.HK,HK,equity,2025-02-21,158.8,163.2,155.3,162.9,156.9,85995656.0,13768266680.22,0.03824091778202687,0.03824091778202687,0.03752785586901264,PASS,2026-04-20T12:14:39Z,D20260420.01
3690.HK,HK,equity,2025-02-24,164.7,168.9,160.0,166.5,162.9,62554358.0,10360491958.91,0.022099447513812098,0.022099447513812098,0.021858793812499017,PASS,2026-04-20T12:14:39Z,D20260420.01
3690.HK,HK,equity,2025-02-25,160.0,163.3,157.2,158.6,166.5,52752020.0,8439533200.75,-0.047447447447447444,-0.047447447447447444,-0.048610000219750905,PASS,2026-04-20T12:14:39Z,D20260420.01
3690.HK,HK,equity,2025-02-26,161.1,177.0,160.0,174.2,158.6,100972406.0,17210522372.6,0.0983606557377048,0.0983606557377048,0.0938187552176547,PASS,2026-04-20T12:14:39Z,D20260420.01
3690.HK,HK,equity,2025-02-27,175.1,176.0,167.8,172.8,174.2,62385994.0,10748875378.19,-0.008036739380022806,-0.008036739380022806,-0.008069208048447017,PASS,2026-04-20T12:14:39Z,D20260420.01
3690.HK,HK,equity,2025-02-28,169.8,170.5,160.3,162.0,172.8,64070709.0,10520064732.16,-0.06250000000000011,-0.06250000000000011,-0.06453852113757129,PASS,2026-04-20T12:14:39Z,D20260420.01
3690.HK,HK,equity,2025-03-03,162.8,166.1,160.8,162.6,162.0,36975379.0,6043577521.74,0.0037037037037037646,0.0037037037037037646,0.0036968618813262026,PASS,2026-04-20T12:14:39Z,D20260420.01
3690.HK,HK,equity,2025-03-04,158.9,163.1,158.0,161.2,162.6,23331992.0,3747599653.3,-0.008610086100861003,-0.008610086100861003,-0.008647367041182295,PASS,2026-04-20T12:14:39Z,D20260420.01
3690.HK,HK,equity,2025-03-05,165.1,172.7,163.5,171.5,161.2,48079120.0,8146225914.4,0.06389578163771725,0.06389578163771725,0.06193743653346681,PASS,2026-04-20T12:14:39Z,D20260420.01
3690.HK,HK,equity,2025-03-06,174.7,181.5,174.2,180.3,171.5,68514831.0,12258828781.88,0.051311953352769724,0.051311953352769724,0.05003886360327702,PASS,2026-04-20T12:14:39Z,D20260420.01
3690.HK,HK,equity,2025-03-07,180.3,189.6,177.0,183.5,180.3,75915127.0,13978005470.19,0.0177481974486966,0.0177481974486966,0.01759253728535336,PASS,2026-04-20T12:14:39Z,D20260420.01
3690.HK,HK,equity,2025-03-10,183.5,184.0,173.0,174.9,183.5,50030702.0,8869019143.2,-0.04686648501362389,-0.04686648501362389,-0.04800028547006849,PASS,2026-04-20T12:14:39Z,D20260420.01
3690.HK,HK,equity,2025-03-11,170.0,173.3,167.7,171.6,174.9,47328733.0,8053843464.14,-0.018867924528301994,-0.018867924528301994,-0.019048194970694588,PASS,2026-04-20T12:14:39Z,D20260420.01
3690.HK,HK,equity,2025-03-12,174.2,175.6,165.1,168.3,171.6,39260107.0,6645979850.65,-0.019230769230769162,-0.019230769230769162,-0.019418085857101513,PASS,2026-04-20T12:14:39Z,D20260420.01
3690.HK,HK,equity,2025-03-13,168.3,168.9,161.4,164.5,168.3,38849089.0,6376260924.027,-0.022578728461081443,-0.022578728461081443,-0.022837530991333784,PASS,2026-04-20T12:14:39Z,D20260420.01
3690.HK,HK,equity,2025-03-14,168.4,175.5,165.4,173.4,164.5,44151948.0,7596574144.1,0.05410334346504553,0.05410334346504553,0.052690494141014836,PASS,2026-04-20T12:14:39Z,D20260420.01
3690.HK,HK,equity,2025-03-17,177.8,178.9,174.2,175.1,173.4,37555448.0,6636558241.66,0.009803921568627416,0.009803921568627416,0.009756174945364656,PASS,2026-04-20T12:14:39Z,D20260420.01
3690.HK,HK,equity,2025-03-18,181.5,181.8,174.7,177.3,175.1,41082229.0,7254489122.332,0.012564249000571293,0.012564249000571293,0.012485973788356227,PASS,2026-04-20T12:14:39Z,D20260420.01
3690.HK,HK,equity,2025-03-19,176.6,176.6,172.4,175.9,177.3,38845173.0,6772195671.035,-0.007896221094190636,-0.007896221094190636,-0.007927561336649718,PASS,2026-04-20T12:14:39Z,D20260420.01
3690.HK,HK,equity,2025-03-20,175.9,175.9,167.7,168.1,175.9,44029819.0,7503060559.3,-0.044343376918703825,-0.044343376918703825,-0.04535661132894258,PASS,2026-04-20T12:14:39Z,D20260420.01
3690.HK,HK,equity,2025-03-21,168.9,172.4,165.6,167.6,168.1,49899045.0,8410185674.82,-0.002974419988102328,-0.002974419988102328,-0.002978852366587266,PASS,2026-04-20T12:14:39Z,D20260420.01
3690.HK,HK,equity,2025-03-24,163.0,166.2,158.8,165.7,167.6,61238376.0,9919146988.458,-0.011336515513126533,-0.011336515513126533,-0.011401263615465479,PASS,2026-04-20T12:14:39Z,D20260420.01
3690.HK,HK,equity,2025-03-25,162.9,163.0,158.1,158.5,165.7,43845502.0,6995163724.2,-0.043452021726010814,-0.043452021726010814,-0.044424331115181875,PASS,2026-04-20T12:14:39Z,D20260420.01
3690.HK,HK,equity,2025-03-26,159.0,161.2,156.7,159.9,158.5,26504416.0,4216989432.88,0.00883280757097804,0.00883280757097804,0.008794026522573365,PASS,2026-04-20T12:14:39Z,D20260420.01
3690.HK,HK,equity,2025-03-27,162.2,165.8,159.6,162.8,159.9,25666765.0,4189296452.5,0.018136335209506083,0.018136335209506083,0.017973833728531514,PASS,2026-04-20T12:14:39Z,D20260420.01
3690.HK,HK,equity,2025-03-28,163.1,165.5,159.0,160.1,162.8,23655795.0,3811133066.58,-0.016584766584766708,-0.016584766584766708,-0.016723833565771045,PASS,2026-04-20T12:14:39Z,D20260420.01
3690.HK,HK,equity,2025-03-31,156.2,160.1,154.1,155.8,160.1,35770136.0,5601821876.231,-0.026858213616489546,-0.026858213616489546,-0.02722548656602096,PASS,2026-04-20T12:14:39Z,D20260420.01
3690.HK,HK,equity,2025-04-01,157.7,160.3,156.9,157.9,155.8,22898803.0,3628239055.9,0.01347881899871628,0.01347881899871628,0.013388787824948494,PASS,2026-04-20T12:14:39Z,D20260420.01
3690.HK,HK,equity,2025-04-02,157.0,160.3,155.5,157.8,157.9,18784941.0,2962780279.6,-0.0006333122229258414,-0.0006333122229258414,-0.0006335128498224776,PASS,2026-04-20T12:14:39Z,D20260420.01
3690.HK,HK,equity,2025-04-03,152.4,160.8,152.4,157.9,157.8,32917192.0,5179460374.291,0.0006337135614702394,0.0006337135614702394,0.0006335128498225626,PASS,2026-04-20T12:14:39Z,D20260420.01
3690.HK,HK,equity,2025-04-07,145.1,148.9,132.7,134.3,157.9,98058866.0,13652926321.73,-0.1494616846105129,-0.1494616846105129,-0.16188581773240443,PASS,2026-04-20T12:14:39Z,D20260420.01
3690.HK,HK,equity,2025-04-08,135.8,144.5,135.8,140.6,134.3,80514588.0,11293580960.3,0.04690990320178701,0.04690990320178701,0.0458428758473726,PASS,2026-04-20T12:14:39Z,D20260420.01
3690.HK,HK,equity,2025-04-09,135.0,149.4,133.3,146.4,140.6,70467850.0,10024524763.02,0.04125177809388347,0.04125177809388347,0.040423622150646765,PASS,2026-04-20T12:14:39Z,D20260420.01
3690.HK,HK,equity,2025-04-10,148.3,152.3,144.0,145.4,146.4,72400269.0,10670537221.35,-0.006830601092896127,-0.006830601092896127,-0.006854036427792145,PASS,2026-04-20T12:14:39Z,D20260420.01
3690.HK,HK,equity,2025-04-11,144.9,146.2,141.0,143.5,145.4,51245697.0,7357395627.64,-0.013067400275103225,-0.013067400275103225,-0.013153529899743254,PASS,2026-04-20T12:14:39Z,D20260420.01
3690.HK,HK,equity,2025-04-14,146.6,147.1,143.1,145.9,143.5,33857822.0,4927203763.1,0.01672473867595814,0.01672473867595814,0.016586420329064114,PASS,2026-04-20T12:14:39Z,D20260420.01
3690.HK,HK,equity,2025-04-15,146.5,147.3,143.9,146.8,145.9,24286799.0,3540742245.9,0.006168608636052175,0.006168608636052175,0.006149660651675329,PASS,2026-04-20T12:14:39Z,D20260420.01
3690.HK,HK,equity,2025-04-16,143.1,144.5,133.5,134.9,146.8,78561767.0,10729263547.36,-0.08106267029972758,-0.08106267029972758,-0.08453735296670507,PASS,2026-04-20T12:14:39Z,D20260420.01
3690.HK,HK,equity,2025-04-17,133.2,136.5,129.6,136.5,134.9,56895776.0,7622679577.64,0.011860637509266025,0.011860637509266025,0.01179085141130413,PASS,2026-04-20T12:14:39Z,D20260420.01
3690.HK,HK,equity,2025-04-22,131.1,131.5,125.6,130.2,136.5,110254462.0,14160794731.86,-0.04615384615384621,-0.04615384615384621,-0.047252884850545615,PASS,2026-04-20T12:14:39Z,D20260420.01
3690.HK,HK,equity,2025-04-23,133.0,134.7,130.7,133.9,130.2,54953599.0,7309573507.91,0.028417818740399614,0.028417818740399614,0.028021522922658176,PASS,2026-04-20T12:14:39Z,D20260420.01
3690.HK,HK,equity,2025-04-24,132.0,132.6,125.8,127.0,133.9,75864030.0,9712800529.32,-0.05153099327856614,-0.05153099327856614,-0.0529061662385356,PASS,2026-04-20T12:14:39Z,D20260420.01
3690.HK,HK,equity,2025-04-25,125.6,130.7,125.6,127.6,127.0,56566102.0,7250730679.48,0.0047244094488188,0.0047244094488188,0.004713284452098137,PASS,2026-04-20T12:14:39Z,D20260420.01
3690.HK,HK,equity,2025-04-28,127.6,129.8,125.0,128.4,127.6,55141223.0,7007747333.1,0.006269592476489061,0.006269592476489061,0.006250020345171326,PASS,2026-04-20T12:14:39Z,D20260420.01
3690.HK,HK,equity,2025-04-29,129.5,134.8,128.2,132.1,128.4,55426571.0,7347111302.6,0.028816199376946905,0.028816199376946905,0.028408820272418703,PASS,2026-04-20T12:14:39Z,D20260420.01
3690.HK,HK,equity,2025-04-30,132.1,134.6,128.3,130.3,132.1,47460144.0,6197149445.5,-0.01362604087812247,-0.01362604087812247,-0.013719727397480034,PASS,2026-04-20T12:14:39Z,D20260420.01
3690.HK,HK,equity,2025-05-02,129.6,133.1,128.8,132.5,130.3,28920212.0,3804511282.56,0.016884113584036742,0.016884113584036742,0.01674316129547737,PASS,2026-04-20T12:14:39Z,D20260420.01
3690.HK,HK,equity,2025-05-06,133.2,141.0,131.2,138.5,132.5,87006642.0,11947586912.44,0.04528301886792452,0.04528301886792452,0.04428768020111628,PASS,2026-04-20T12:14:39Z,D20260420.01
3690.HK,HK,equity,2025-05-07,144.0,145.0,138.5,139.0,138.5,58771688.0,8309768947.4,0.0036101083032491488,0.0036101083032491488,0.003603607503298618,PASS,2026-04-20T12:14:39Z,D20260420.01
3690.HK,HK,equity,2025-05-08,139.0,144.3,138.7,141.4,139.0,39204516.0,5572776871.24,0.01726618705035965,0.01726618705035965,0.01711882033178056,PASS,2026-04-20T12:14:39Z,D20260420.01
3690.HK,HK,equity,2025-05-09,143.0,143.3,139.2,141.0,141.4,26978060.0,3798730546.16,-0.0028288543140028155,-0.0028288543140028155,-0.00283286308430409,PASS,2026-04-20T12:14:39Z,D20260420.01
3690.HK,HK,equity,2025-05-12,145.0,145.9,139.0,144.5,141.0,66601665.0,9523521533.1,0.024822695035461084,0.024822695035461084,0.02451961717431866,PASS,2026-04-20T12:14:39Z,D20260420.01
3690.HK,HK,equity,2025-05-13,144.4,144.4,137.0,137.4,144.5,54387262.0,7553637532.9,-0.04913494809688579,-0.04913494809688579,-0.05038312776423786,PASS,2026-04-20T12:14:39Z,D20260420.01
3690.HK,HK,equity,2025-05-14,139.4,141.6,137.7,139.4,137.4,47614723.0,6636310080.2,0.01455604075691408,0.01455604075691408,0.014451118538174506,PASS,2026-04-20T12:14:39Z,D20260420.01
3690.HK,HK,equity,2025-05-15,138.0,138.4,134.8,135.4,139.4,44033746.0,6003008306.15,-0.028694404591104727,-0.028694404591104727,-0.029114137848248883,PASS,2026-04-20T12:14:39Z,D20260420.01
3690.HK,HK,equity,2025-05-16,132.6,134.1,130.3,131.4,135.4,60689121.0,7996943142.61,-0.02954209748892167,-0.02954209748892167,-0.029987254427664436,PASS,2026-04-20T12:14:39Z,D20260420.01
3690.HK,HK,equity,2025-05-19,129.1,136.2,127.8,134.4,131.4,52631525.0,7002578851.3,0.022831050228310446,0.022831050228310446,0.022574322038538975,PASS,2026-04-20T12:14:39Z,D20260420.01
3690.HK,HK,equity,2025-05-20,132.9,137.4,132.9,136.4,134.4,35438230.0,4805527040.7,0.014880952380952328,0.014880952380952328,0.014771317320312503,PASS,2026-04-20T12:14:39Z,D20260420.01
3690.HK,HK,equity,2025-05-21,136.4,138.6,135.2,137.3,136.4,32045978.0,4394352758.58,0.006598240469208205,0.006598240469208205,0.006576567364563635,PASS,2026-04-20T12:14:39Z,D20260420.01
3690.HK,HK,equity,2025-05-22,136.5,138.4,135.1,136.0,137.3,30893775.0,4212664323.7,-0.009468317552804195,-0.009468317552804195,-0.009513427037873475,PASS,2026-04-20T12:14:39Z,D20260420.01
3690.HK,HK,equity,2025-05-23,136.0,139.5,136.0,136.9,136.0,37290455.0,5134012932.4,0.006617647058823506,0.006617647058823506,0.006595846558351173,PASS,2026-04-20T12:14:39Z,D20260420.01
3690.HK,HK,equity,2025-05-26,136.2,136.5,128.2,129.4,136.9,95490174.0,12427180306.3,-0.05478451424397368,-0.05478451424397368,-0.05634235022760299,PASS,2026-04-20T12:14:39Z,D20260420.01
3690.HK,HK,equity,2025-05-27,123.0,132.4,122.3,132.1,129.4,92728255.0,11893986405.3,0.02086553323029361,0.02086553323029361,0.020650829461479392,PASS,2026-04-20T12:14:39Z,D20260420.01
3690.HK,HK,equity,2025-05-28,131.0,132.0,129.6,131.4,132.1,44849657.0,5859071698.73,-0.005299015897047621,-0.005299015897047621,-0.005313105477769427,PASS,2026-04-20T12:14:39Z,D20260420.01
3690.HK,HK,equity,2025-05-29,131.0,140.9,129.9,140.1,131.4,110427776.0,15176913534.28,0.06621004566210043,0.06621004566210043,0.06411034729245116,PASS,2026-04-20T12:14:39Z,D20260420.01
3690.HK,HK,equity,2025-05-30,137.4,140.1,135.8,138.0,140.1,67729328.0,9328657249.4,-0.01498929336188437,-0.01498929336188437,-0.01510276818575663,PASS,2026-04-20T12:14:39Z,D20260420.01
3690.HK,HK,equity,2025-06-02,136.3,136.4,131.1,135.7,138.0,29861371.0,4006443228.55,-0.01666666666666672,-0.01666666666666672,-0.01680711831638129,PASS,2026-04-20T12:14:39Z,D20260420.01
3690.HK,HK,equity,2025-06-03,135.7,138.1,134.8,136.6,135.7,31827489.0,4336400496.4,0.006632277081798144,0.006632277081798144,0.006610380295866291,PASS,2026-04-20T12:14:39Z,D20260420.01
3690.HK,HK,equity,2025-06-04,134.7,142.8,134.7,140.7,136.6,60551727.0,8504143572.75,0.030014641288433452,0.030014641288433452,0.029573016983653753,PASS,2026-04-20T12:14:39Z,D20260420.01
3690.HK,HK,equity,2025-06-05,141.4,147.6,141.4,144.4,140.7,56000955.0,8116800723.71,0.026297085998578718,0.026297085998578718,0.02595726233838266,PASS,2026-04-20T12:14:39Z,D20260420.01
3690.HK,HK,equity,2025-06-06,145.7,146.3,141.0,141.7,144.4,41913440.0,5975393588.26,-0.018698060941828354,-0.018698060941828354,-0.018875079762091202,PASS,2026-04-20T12:14:39Z,D20260420.01
3690.HK,HK,equity,2025-06-09,145.0,149.8,144.7,148.4,141.7,59982755.0,8889285199.4,0.047282992237120736,0.047282992237120736,0.04619918403664538,PASS,2026-04-20T12:14:39Z,D20260420.01
3690.HK,HK,equity,2025-06-10,148.0,148.2,143.1,144.4,148.4,55184136.0,8013990157.87,-0.02695417789757415,-0.02695417789757415,-0.027324104274554246,PASS,2026-04-20T12:14:39Z,D20260420.01
3690.HK,HK,equity,2025-06-11,144.4,145.5,143.2,143.8,144.4,41562132.0,6003056890.6,-0.0041551246537395725,-0.0041551246537395725,-0.004163781171779501,PASS,2026-04-20T12:14:39Z,D20260420.01
3690.HK,HK,equity,2025-06-12,141.0,144.8,140.2,141.0,143.8,41489094.0,5897442626.94,-0.01947148817802513,-0.01947148817802513,-0.019663554908778136,PASS,2026-04-20T12:14:39Z,D20260420.01
3690.HK,HK,equity,2025-06-13,139.3,140.6,136.0,138.2,141.0,57660518.0,7949183935.6,-0.019858156028368823,-0.019858156028368823,-0.020057979044598787,PASS,2026-04-20T12:14:39Z,D20260420.01
3690.HK,HK,equity,2025-06-16,136.3,139.5,134.8,138.8,138.2,43857495.0,6018468191.0,0.004341534008683201,0.004341534008683201,0.004332136739134737,PASS,2026-04-20T12:14:39Z,D20260420.01
3690.HK,HK,equity,2025-06-17,139.3,141.4,137.1,138.1,138.8,25920440.0,3598307313.32,-0.005043227665706196,-0.005043227665706196,-0.005055987657457838,PASS,2026-04-20T12:14:39Z,D20260420.01
3690.HK,HK,equity,2025-06-18,137.0,137.1,132.7,133.3,138.1,45725864.0,6117115370.0,-0.03475742215785649,-0.03475742215785649,-0.035375833230583305,PASS,2026-04-20T12:14:39Z,D20260420.01
3690.HK,HK,equity,2025-06-19,132.3,132.5,127.5,128.3,133.3,61441168.0,7946431934.7,-0.037509377344336126,-0.037509377344336126,-0.03823095556307229,PASS,2026-04-20T12:14:39Z,D20260420.01
3690.HK,HK,equity,2025-06-20,128.0,129.7,127.6,128.6,128.3,45495479.0,5848163521.3,0.002338269680436378,0.002338269680436378,0.00233554018192817,PASS,2026-04-20T12:14:39Z,D20260420.01
3690.HK,HK,equity,2025-06-23,126.3,132.9,126.0,131.4,128.6,58256443.0,7591920690.6,0.021772939346812015,0.021772939346812015,0.021539294246991317,PASS,2026-04-20T12:14:39Z,D20260420.01
3690.HK,HK,equity,2025-06-24,133.0,134.4,127.8,130.0,131.4,67005171.0,8772871308.3,-0.010654490106544956,-0.010654490106544956,-0.010711655594927772,PASS,2026-04-20T12:14:39Z,D20260420.01
3690.HK,HK,equity,2025-06-25,130.4,133.0,129.9,131.8,130.0,51771073.0,6809388778.5,0.013846153846153841,0.013846153846153841,0.01375117161282442,PASS,2026-04-20T12:14:39Z,D20260420.01
3690.HK,HK,equity,2025-06-26,130.1,131.2,128.6,130.0,131.8,36118238.0,4688438944.79,-0.013657056145675361,-0.013657056145675361,-0.013751171612824522,PASS,2026-04-20T12:14:39Z,D20260420.01
3690.HK,HK,equity,2025-06-27,129.6,131.2,128.5,129.4,130.0,44855347.0,5807365167.369,-0.004615384615384577,-0.004615384615384577,-0.004626068388782191,PASS,2026-04-20T12:14:39Z,D20260420.01
3690.HK,HK,equity,2025-06-30,128.6,128.9,125.3,125.3,129.4,71889200.0,9110888227.7,-0.0316846986089645,-0.0316846986089645,-0.03219752016477762,PASS,2026-04-20T12:14:39Z,D20260420.01
3690.HK,HK,equity,2025-07-02,127.2,127.8,124.0,126.0,125.3,49628850.0,6241884733.52,0.005586592178770999,0.005586592178770999,0.0055710450494554295,PASS,2026-04-20T12:14:39Z,D20260420.01
3690.HK,HK,equity,2025-07-03,124.9,125.5,122.4,122.8,126.0,67794577.0,8346799499.4,-0.025396825396825418,-0.025396825396825418,-0.02572489123843593,PASS,2026-04-20T12:14:39Z,D20260420.01
3690.HK,HK,equity,2025-07-04,121.3,123.2,119.5,120.8,122.8,61959326.0,7509491526.3,-0.016286644951140072,-0.016286644951140072,-0.01642073021232752,PASS,2026-04-20T12:14:39Z,D20260420.01
3690.HK,HK,equity,2025-07-07,119.4,119.4,115.8,119.0,120.8,83139176.0,9778342901.2,-0.01490066225165565,-0.01490066225165565,-0.015012792389185209,PASS,2026-04-20T12:14:39Z,D20260420.01
3690.HK,HK,equity,2025-07-08,117.6,122.5,116.8,122.2,119.0,61606923.0,7408084049.5,0.026890756302521135,0.026890756302521135,0.026535553625965685,PASS,2026-04-20T12:14:39Z,D20260420.01
3690.HK,HK,equity,2025-07-09,121.5,122.1,118.8,119.2,122.2,49539878.0,5953496504.4,-0.02454991816693941,-0.02454991816693941,-0.02485629210624553,PASS,2026-04-20T12:14:39Z,D20260420.01
3690.HK,HK,equity,2025-07-10,118.0,120.5,117.5,118.6,119.2,46874068.0,5569256997.9,-0.005033557046979942,-0.005033557046979942,-0.005046268067624384,PASS,2026-04-20T12:14:39Z,D20260420.01
3690.HK,HK,equity,2025-07-11,118.5,122.9,117.2,120.0,118.6,59292989.0,7178497458.1,0.01180438448566612,0.01180438448566612,0.011735256218420932,PASS,2026-04-20T12:14:39Z,D20260420.01
3690.HK,HK,equity,2025-07-14,119.8,121.6,118.3,120.9,120.0,37669963.0,4529048561.052,0.007500000000000062,0.007500000000000062,0.0074720148387010564,PASS,2026-04-20T12:14:39Z,D20260420.01
3690.HK,HK,equity,2025-07-15,121.0,126.5,120.8,126.2,120.9,89410007.0,11134362646.45,0.04383788254756005,0.04383788254756005,0.04290419248636587,PASS,2026-04-20T12:14:39Z,D20260420.01
3690.HK,HK,equity,2025-07-16,127.8,129.6,123.8,124.1,126.2,68803291.0,8722600929.3,-0.016640253565768703,-0.016640253565768703,-0.01678025789655134,PASS,2026-04-20T12:14:39Z,D20260420.01
3690.HK,HK,equity,2025-07-17,125.4,127.4,125.0,125.5,124.1,40731440.0,5139007491.1,0.011281224818694646,0.011281224818694646,0.011218066361277096,PASS,2026-04-20T12:14:39Z,D20260420.01
3690.HK,HK,equity,2025-07-18,127.8,129.1,126.7,127.3,125.5,40295446.0,5145781769.4,0.014342629482071656,0.014342629482071656,0.014240746991522203,PASS,2026-04-20T12:14:39Z,D20260420.01
3690.HK,HK,equity,2025-07-21,133.0,133.7,130.1,130.8,127.3,83230227.0,10964742718.9,0.027494108405341722,0.027494108405341722,0.0271229334597375,PASS,2026-04-20T12:14:39Z,D20260420.01
3690.HK,HK,equity,2025-07-22,130.9,131.5,127.2,129.0,130.8,56136421.0,7223747568.58,-0.013761467889908396,-0.013761467889908396,-0.013857034661426354,PASS,2026-04-20T12:14:39Z,D20260420.01
3690.HK,HK,equity,2025-07-23,131.0,134.2,128.2,133.2,129.0,72661334.0,9599166055.32,0.032558139534883734,0.032558139534883734,0.03203935374461666,PASS,2026-04-20T12:14:39Z,D20260420.01
3690.HK,HK,equity,2025-07-24,133.0,136.1,132.0,134.4,133.2,56625778.0,7610103644.85,0.009009009009009139,0.009009009009009139,0.008968669982760536,PASS,2026-04-20T12:14:39Z,D20260420.01
3690.HK,HK,equity,2025-07-25,134.4,135.4,129.7,130.1,134.4,50780870.0,6669210254.0,-0.03199404761904767,-0.03199404761904767,-0.032517042570589634,PASS,2026-04-20T12:14:39Z,D20260420.01
3690.HK,HK,equity,2025-07-28,130.7,131.3,129.0,129.4,130.1,35482986.0,4606670499.1,-0.005380476556494873,-0.005380476556494873,-0.005395003451659269,PASS,2026-04-20T12:14:39Z,D20260420.01
3690.HK,HK,equity,2025-07-29,129.1,129.2,126.2,128.6,129.4,42962406.0,5473167808.4,-0.0061823802163833985,-0.0061823802163833985,-0.006201570263281269,PASS,2026-04-20T12:14:39Z,D20260420.01
3690.HK,HK,equity,2025-07-30,127.0,130.6,125.8,127.4,128.6,46172472.0,5921838169.7,-0.009331259720062102,-0.009331259720062102,-0.009375068665455934,PASS,2026-04-20T12:14:39Z,D20260420.01
3690.HK,HK,equity,2025-07-31,123.5,123.6,120.5,121.6,127.4,96061772.0,11712066014.0,-0.04552590266875989,-0.04552590266875989,-0.04659477360599642,PASS,2026-04-20T12:14:39Z,D20260420.01
3690.HK,HK,equity,2025-08-01,121.1,125.9,121.1,122.2,121.6,55437231.0,6844131526.5,0.00493421052631593,0.00493421052631593,0.004922077205428455,PASS,2026-04-20T12:14:39Z,D20260420.01
3690.HK,HK,equity,2025-08-04,122.2,123.2,119.9,123.0,122.2,34769687.0,4230830239.5,0.006546644844517058,0.006546644844517058,0.006525308634922421,PASS,2026-04-20T12:14:39Z,D20260420.01
3690.HK,HK,equity,2025-08-05,122.6,123.2,121.0,122.9,123.0,30068857.0,3676937414.44,-0.0008130081300812275,-0.0008130081300812275,-0.0008133388004282849,PASS,2026-04-20T12:14:39Z,D20260420.01
3690.HK,HK,equity,2025-08-06,122.8,122.8,120.3,121.1,122.9,45089472.0,5459457789.9,-0.01464605370219696,-0.01464605370219696,-0.01475436601294262,PASS,2026-04-20T12:14:39Z,D20260420.01
3690.HK,HK,equity,2025-08-07,121.8,122.7,120.9,122.0,121.1,29091754.0,3543346004.2,0.007431874483897705,0.007431874483897705,0.007404394174210089,PASS,2026-04-20T12:14:39Z,D20260420.01
3690.HK,HK,equity,2025-08-08,121.0,122.2,120.5,120.8,122.0,21911956.0,2652028107.3,-0.00983606557377048,-0.00983606557377048,-0.009884759232541973,PASS,2026-04-20T12:14:39Z,D20260420.01
3690.HK,HK,equity,2025-08-11,121.1,121.3,118.6,119.2,120.8,39684143.0,4736078320.6,-0.013245033112582738,-0.013245033112582738,-0.013333530869465144,PASS,2026-04-20T12:14:39Z,D20260420.01
3690.HK,HK,equity,2025-08-12,118.4,119.9,117.8,119.4,119.2,32006831.0,3801177308.8,0.001677852348993314,0.001677852348993314,0.0016764463272523522,PASS,2026-04-20T12:14:39Z,D20260420.01
3690.HK,HK,equity,2025-08-13,121.0,124.9,120.5,124.3,119.4,54998562.0,6772082453.5,0.04103852596314894,0.04103852596314894,0.040218797558163585,PASS,2026-04-20T12:14:39Z,D20260420.01
3690.HK,HK,equity,2025-08-14,126.2,127.0,123.7,124.4,124.3,44651247.0,5588056782.1,0.0008045052292839916,0.0008045052292839916,0.0008041817884136416,PASS,2026-04-20T12:14:39Z,D20260420.01
3690.HK,HK,equity,2025-08-15,121.9,122.1,119.6,121.7,124.4,62448840.0,7555710225.0,-0.021704180064308742,-0.021704180064308742,-0.021943180311597643,PASS,2026-04-20T12:14:39Z,D20260420.01
3690.HK,HK,equity,2025-08-18,121.7,124.3,120.9,121.5,121.7,39442216.0,4836410194.1,-0.0016433853738702098,-0.0016433853738702098,-0.0016447372128783784,PASS,2026-04-20T12:14:39Z,D20260420.01
3690.HK,HK,equity,2025-08-19,121.6,121.8,120.4,120.8,121.5,31105236.0,3760503834.7,-0.0057613168724279795,-0.0057613168724279795,-0.005777977279888571,PASS,2026-04-20T12:14:39Z,D20260420.01
3690.HK,HK,equity,2025-08-20,120.0,121.3,119.7,120.8,120.8,25371797.0,3057170751.6,0.0,0.0,0.0,PASS,2026-04-20T12:14:39Z,D20260420.01
3690.HK,HK,equity,2025-08-21,121.0,121.0,116.2,117.1,120.8,70414468.0,8308405570.4,-0.0306291390728477,-0.0306291390728477,-0.031108014897042933,PASS,2026-04-20T12:14:39Z,D20260420.01
3690.HK,HK,equity,2025-08-22,117.1,118.6,116.0,118.4,117.1,55624919.0,6512929250.22,0.01110162254483349,0.01110162254483349,0.011040451846233663,PASS,2026-04-20T12:14:39Z,D20260420.01
3690.HK,HK,equity,2025-08-25,119.1,122.9,118.8,122.3,118.4,82491028.0,10023564090.5,0.03293918918918903,0.03293918918918903,0.03240832024322121,PASS,2026-04-20T12:14:39Z,D20260420.01
3690.HK,HK,equity,2025-08-26,122.0,122.0,120.0,120.0,122.3,46013154.0,5552060207.9,-0.01880621422730988,-0.01880621422730988,-0.018985299911080663,PASS,2026-04-20T12:14:39Z,D20260420.01
3690.HK,HK,equity,2025-08-27,120.0,120.3,116.1,116.3,120.0,80540435.0,9476608969.76,-0.03083333333333338,-0.03083333333333338,-0.0313186832574273,PASS,2026-04-20T12:14:39Z,D20260420.01
3690.HK,HK,equity,2025-08-28,105.0,108.3,101.0,101.7,116.3,309557433.0,32178614349.04,-0.1255374032674118,-0.1255374032674118,-0.1341457564701044,PASS,2026-04-20T12:14:39Z,D20260420.01
3690.HK,HK,equity,2025-08-29,102.4,103.4,100.2,102.7,101.7,113304631.0,11561609130.11,0.009832841691248762,0.009832841691248762,0.00978481387999827,PASS,2026-04-20T12:14:39Z,D20260420.01
3690.HK,HK,equity,2025-09-01,101.5,104.8,98.0,103.0,102.7,132661260.0,13474700223.0,0.0029211295034079487,0.0029211295034079487,0.002916871295123189,PASS,2026-04-20T12:14:39Z,D20260420.01
3690.HK,HK,equity,2025-09-02,101.7,102.8,99.8,101.1,103.0,73829916.0,7460781818.0,-0.01844660194174763,-0.01844660194174763,-0.018618862203210098,PASS,2026-04-20T12:14:39Z,D20260420.01
3690.HK,HK,equity,2025-09-03,101.0,102.0,99.8,100.5,101.1,64088481.0,6434646110.5,-0.005934718100890191,-0.005934718100890191,-0.005952398527295273,PASS,2026-04-20T12:14:39Z,D20260420.01
3690.HK,HK,equity,2025-09-04,100.8,101.9,100.2,101.4,100.5,63068026.0,6381494835.35,0.008955223880596996,0.008955223880596996,0.008915363657952329,PASS,2026-04-20T12:14:39Z,D20260420.01
3690.HK,HK,equity,2025-09-05,101.3,104.2,101.0,103.0,101.4,101979886.0,10505462746.19,0.015779092702169484,0.015779092702169484,0.015655897072552844,PASS,2026-04-20T12:14:39Z,D20260420.01
3690.HK,HK,equity,2025-09-08,102.5,103.8,100.8,102.0,103.0,96814388.0,9919662678.5,-0.009708737864077666,-0.009708737864077666,-0.009756174945364685,PASS,2026-04-20T12:14:39Z,D20260420.01
3690.HK,HK,equity,2025-09-09,102.0,102.0,97.1,99.65,102.0,148686738.0,14766702150.38,-0.023039215686274428,-0.023039215686274428,-0.023308766625467273,PASS,2026-04-20T12:14:39Z,D20260420.01
3690.HK,HK,equity,2025-09-10,98.45,103.4,98.45,101.7,99.65,94064361.0,9569403431.75,0.02057200200702458,0.02057200200702458,0.020363256395710537,PASS,2026-04-20T12:14:39Z,D20260420.01
3690.HK,HK,equity,2025-09-11,100.2,101.0,96.4,96.55,101.7,138996794.0,13560486401.39,-0.0506391347099312,-0.0506391347099312,-0.05196629417999085,PASS,2026-04-20T12:14:39Z,D20260420.01
3690.HK,HK,equity,2025-09-12,97.0,98.05,95.35,96.55,96.55,108406343.0,10499837691.3,0.0,0.0,0.0,PASS,2026-04-20T12:14:39Z,D20260420.01
3690.HK,HK,equity,2025-09-15,95.7,97.85,95.35,97.35,96.55,62754919.0,6075424291.3,0.008285862247540132,0.008285862247540132,0.008251722943685242,PASS,2026-04-20T12:14:39Z,D20260420.01
3690.HK,HK,equity,2025-09-16,98.0,101.8,97.55,100.3,97.35,95908509.0,9604222984.35,0.030303030303030276,0.030303030303030276,0.02985296314968113,PASS,2026-04-20T12:14:39Z,D20260420.01
3690.HK,HK,equity,2025-09-17,101.1,106.7,101.0,105.2,100.3,139083488.0,14604464247.6,0.048853439680957234,0.048853439680957234,0.04769760533571974,PASS,2026-04-20T12:14:39Z,D20260420.01
3690.HK,HK,equity,2025-09-18,104.9,109.7,104.0,105.5,105.2,124934835.0,13341089177.99,0.002851711026615966,0.002851711026615966,0.002847652612511697,PASS,2026-04-20T12:14:39Z,D20260420.01
3690.HK,HK,equity,2025-09-19,105.6,107.6,104.3,106.3,105.5,64899879.0,6880077370.1,0.007582938388625671,0.007582938388625671,0.0075543324317811356,PASS,2026-04-20T12:14:39Z,D20260420.01
3690.HK,HK,equity,2025-09-22,105.2,105.5,102.3,103.9,106.3,70033614.0,7253293565.49,-0.022577610536218207,-0.022577610536218207,-0.022836387242720493,PASS,2026-04-20T12:14:39Z,D20260420.01
3690.HK,HK,equity,2025-09-23,103.8,104.0,100.3,101.0,103.9,58944762.0,5970150758.3,-0.02791145332050049,-0.02791145332050049,-0.028308381263922267,PASS,2026-04-20T12:14:39Z,D20260420.01
3690.HK,HK,equity,2025-09-24,100.3,104.1,100.3,102.2,101.0,60736788.0,6227841128.4,0.011881188118811892,0.011881188118811892,0.01181116092834462,PASS,2026-04-20T12:14:39Z,D20260420.01
3690.HK,HK,equity,2025-09-25,101.6,103.0,100.7,102.3,102.2,45966392.0,4684903311.2,0.0009784735812132794,0.0009784735812132794,0.0009779951879767099,PASS,2026-04-20T12:14:39Z,D20260420.01
3690.HK,HK,equity,2025-09-26,101.0,102.0,100.3,100.6,102.3,40317300.0,4072455182.3,-0.016617790811339184,-0.016617790811339184,-0.01675741529194195,PASS,2026-04-20T12:14:39Z,D20260420.01
3690.HK,HK,equity,2025-09-29,101.0,103.8,101.0,102.8,100.6,58610731.0,6018687826.2,0.021868787276341894,0.021868787276341894,0.02163309535542585,PASS,2026-04-20T12:14:39Z,D20260420.01
3690.HK,HK,equity,2025-09-30,102.4,105.3,101.9,104.5,102.8,71076759.0,7364012704.6,0.01653696498054469,0.01653696498054469,0.016401718383800903,PASS,2026-04-20T12:14:39Z,D20260420.01
3690.HK,HK,equity,2025-10-02,104.2,107.5,104.1,105.8,104.5,62226576.0,6630323979.4,0.012440191387559807,0.012440191387559807,0.01236344801933331,PASS,2026-04-20T12:14:39Z,D20260420.01
3690.HK,HK,equity,2025-10-03,105.8,106.6,105.1,106.1,105.8,33287609.0,3521204990.5,0.002835538752362865,0.002835538752362865,0.0028315261957383604,PASS,2026-04-20T12:14:39Z,D20260420.01
3690.HK,HK,equity,2025-10-06,106.1,107.8,104.9,105.6,106.1,30205074.0,3206359024.8,-0.004712535344015056,-0.004712535344015056,-0.004723674347776328,PASS,2026-04-20T12:14:39Z,D20260420.01
3690.HK,HK,equity,2025-10-08,105.0,105.2,102.5,103.7,105.6,37052377.0,3824739800.9,-0.0179924242424242,-0.0179924242424242,-0.01815625603667941,PASS,2026-04-20T12:14:39Z,D20260420.01
3690.HK,HK,equity,2025-10-09,104.8,105.8,102.5,103.6,103.7,48363814.0,5030679608.0,-0.0009643201542912649,-0.0009643201542912649,-0.000964785410099001,PASS,2026-04-20T12:14:39Z,D20260420.01
3690.HK,HK,equity,2025-10-10,102.5,103.7,101.2,101.7,103.6,47852870.0,4885307270.16,-0.018339768339768248,-0.018339768339768248,-0.018510026770868323,PASS,2026-04-20T12:14:39Z,D20260420.01
3690.HK,HK,equity,2025-10-13,98.55,101.0,97.2,99.8,101.7,85317769.0,8463502669.7,-0.01868239921337267,-0.01868239921337267,-0.018859119737095982,PASS,2026-04-20T12:14:39Z,D20260420.01
3690.HK,HK,equity,2025-10-14,100.1,101.2,97.85,98.3,99.8,56742746.0,5626928644.7,-0.01503006012024044,-0.01503006012024044,-0.015144156164297382,PASS,2026-04-20T12:14:39Z,D20260420.01
3690.HK,HK,equity,2025-10-15,99.8,100.3,98.95,99.9,98.3,39259817.0,3914500793.8,0.016276703967446737,0.016276703967446737,0.01614565850138711,PASS,2026-04-20T12:14:39Z,D20260420.01
3690.HK,HK,equity,2025-10-16,99.05,100.1,97.9,98.75,99.9,33048302.0,3263048054.65,-0.01151151151151153,-0.01151151151151153,-0.011578281873276603,PASS,2026-04-20T12:14:39Z,D20260420.01
3690.HK,HK,equity,2025-10-17,98.55,98.6,94.05,94.5,98.75,72221262.0,6909172232.85,-0.04303797468354431,-0.04303797468354431,-0.043991569281534186,PASS,2026-04-20T12:14:39Z,D20260420.01
3690.HK,HK,equity,2025-10-20,97.5,97.5,96.05,96.65,94.5,39887843.0,3857625360.35,0.022751322751322745,0.022751322751322745,0.022496371154642827,PASS,2026-04-20T12:14:39Z,D20260420.01
3690.HK,HK,equity,2025-10-21,97.5,98.9,96.4,96.5,96.65,39365037.0,3838220843.85,-0.0015519917227109215,-0.0015519917227109215,-0.0015531973093997709,PASS,2026-04-20T12:14:39Z,D20260420.01
3690.HK,HK,equity,2025-10-22,96.0,97.15,95.4,96.1,96.5,31999681.0,3075527896.1,-0.004145077720207335,-0.004145077720207335,-0.004153692368693516,PASS,2026-04-20T12:14:39Z,D20260420.01
3690.HK,HK,equity,2025-10-23,95.25,102.7,95.25,100.0,96.1,106954704.0,10621247720.7,0.04058272632674309,0.04058272632674309,0.03978087001184467,PASS,2026-04-20T12:14:39Z,D20260420.01
3690.HK,HK,equity,2025-10-24,101.3,101.9,98.4,100.6,100.0,53974824.0,5389310286.89,0.006000000000000005,0.006000000000000005,0.005982071677547469,PASS,2026-04-20T12:14:39Z,D20260420.01
3690.HK,HK,equity,2025-10-27,101.5,103.6,101.0,102.0,100.6,56223912.0,5750306261.3,0.013916500994035852,0.013916500994035852,0.013820555618632316,PASS,2026-04-20T12:14:39Z,D20260420.01
3690.HK,HK,equity,2025-10-28,102.0,102.5,99.75,100.0,102.0,38000867.0,3822206064.0,-0.019607843137254943,-0.019607843137254943,-0.019802627296179754,PASS,2026-04-20T12:14:39Z,D20260420.01
3690.HK,HK,equity,2025-10-30,101.2,105.3,99.15,102.4,100.0,100543878.0,10366753435.0,0.02400000000000002,0.02400000000000002,0.023716526617316065,PASS,2026-04-20T12:14:39Z,D20260420.01
3690.HK,HK,equity,2025-10-31,102.6,104.6,102.0,102.0,102.4,39102336.0,4024880247.5,-0.00390625,-0.00390625,-0.003913899321136329,PASS,2026-04-20T12:14:39Z,D20260420.01
3690.HK,HK,equity,2025-11-03,102.9,103.8,101.4,102.3,102.0,31041608.0,3181967633.3,0.002941176470588225,0.002941176470588225,0.0029368596733097057,PASS,2026-04-20T12:14:39Z,D20260420.01
3690.HK,HK,equity,2025-11-04,101.8,102.2,99.2,99.9,102.3,44273602.0,4446132063.45,-0.02346041055718462,-0.02346041055718462,-0.023739987303072828,PASS,2026-04-20T12:14:39Z,D20260420.01
3690.HK,HK,equity,2025-11-05,98.6,102.0,98.3,101.2,99.9,42049675.0,4230579008.64,0.013013013013013053,0.013013013013013053,0.012929071198857374,PASS,2026-04-20T12:14:39Z,D20260420.01
3690.HK,HK,equity,2025-11-06,102.1,103.6,101.5,103.3,101.2,42887298.0,4413807614.7,0.02075098814229248,0.02075098814229248,0.020538619272227686,PASS,2026-04-20T12:14:39Z,D20260420.01
3690.HK,HK,equity,2025-11-07,101.9,102.2,100.8,102.0,103.3,29757750.0,3022506737.48,-0.012584704743465625,-0.012584704743465625,-0.012664562841321772,PASS,2026-04-20T12:14:39Z,D20260420.01
3690.HK,HK,equity,2025-11-10,102.0,103.6,101.2,103.3,102.0,30303643.0,3112785548.0,0.012745098039215641,0.012745098039215641,0.012664562841321737,PASS,2026-04-20T12:14:39Z,D20260420.01
3690.HK,HK,equity,2025-11-11,103.3,104.4,100.6,102.0,103.3,41269159.0,4197723581.6,-0.012584704743465625,-0.012584704743465625,-0.012664562841321772,PASS,2026-04-20T12:14:39Z,D20260420.01
3690.HK,HK,equity,2025-11-12,102.0,102.4,100.8,101.8,102.0,24968884.0,2537600016.5,-0.0019607843137254832,-0.0019607843137254832,-0.001962709167848706,PASS,2026-04-20T12:14:39Z,D20260420.01
3690.HK,HK,equity,2025-11-13,101.0,103.0,99.5,102.1,101.8,33815896.0,3421970520.6,0.0029469548133596035,0.0029469548133596035,0.002942621054197578,PASS,2026-04-20T12:14:39Z,D20260420.01
3690.HK,HK,equity,2025-11-14,100.6,101.6,99.5,100.0,102.1,35419273.0,3545426568.8,-0.020568070519098813,-0.020568070519098813,-0.02078253918252839,PASS,2026-04-20T12:14:39Z,D20260420.01
3690.HK,HK,equity,2025-11-17,99.5,102.5,99.5,100.3,100.0,28915570.0,2907676038.7,0.0029999999999998916,0.0029999999999998916,0.002995508979798371,PASS,2026-04-20T12:14:39Z,D20260420.01
3690.HK,HK,equity,2025-11-18,99.35,100.1,98.05,98.6,100.3,33786187.0,3335585514.25,-0.016949152542372947,-0.016949152542372947,-0.017094433359300183,PASS,2026-04-20T12:14:39Z,D20260420.01
3690.HK,HK,equity,2025-11-19,98.65,99.65,97.7,98.0,98.6,25108369.0,2468961726.9,-0.006085192697768749,-0.006085192697768749,-0.006103782938017799,PASS,2026-04-20T12:14:39Z,D20260420.01
3690.HK,HK,equity,2025-11-20,98.95,99.4,97.2,98.5,98.0,24966349.0,2453894932.9,0.005102040816326481,0.005102040816326481,0.005089069507471228,PASS,2026-04-20T12:14:39Z,D20260420.01
3690.HK,HK,equity,2025-11-21,97.0,97.25,95.15,95.55,98.5,46164332.0,4433509373.68,-0.02994923857868026,-0.02994923857868026,-0.03040687749176121,PASS,2026-04-20T12:14:39Z,D20260420.01
3690.HK,HK,equity,2025-11-24,96.05,98.6,95.65,98.15,95.55,38950345.0,3810237349.4,0.027210884353741527,0.027210884353741527,0.026847250036188056,PASS,2026-04-20T12:14:39Z,D20260420.01
3690.HK,HK,equity,2025-11-25,99.2,99.6,97.45,98.25,98.15,29485452.0,2900235574.25,0.0010188487009679115,0.0010188487009679115,0.0010183300269005506,PASS,2026-04-20T12:14:39Z,D20260420.01
3690.HK,HK,equity,2025-11-26,102.4,105.2,102.1,103.8,98.25,128129815.0,13326934186.55,0.056488549618320505,0.056488549618320505,0.054950719982417545,PASS,2026-04-20T12:14:39Z,D20260420.01
3690.HK,HK,equity,2025-11-27,103.6,104.8,101.9,104.0,103.8,58022656.0,6003642459.1,0.0019267822736031004,0.0019267822736031004,0.001924928409584418,PASS,2026-04-20T12:14:39Z,D20260420.01
3690.HK,HK,equity,2025-11-28,104.5,104.8,102.3,102.5,104.0,43785936.0,4522753722.8,-0.014423076923076872,-0.014423076923076872,-0.014528100562909744,PASS,2026-04-20T12:14:39Z,D20260420.01
3690.HK,HK,equity,2025-12-01,100.1,103.4,98.6,99.55,102.5,86464495.0,8686237171.9,-0.028780487804878074,-0.028780487804878074,-0.029202768068257598,PASS,2026-04-20T12:14:39Z,D20260420.01
3690.HK,HK,equity,2025-12-02,99.5,99.7,95.7,96.5,99.55,80744936.0,7831610695.116,-0.030637870416875934,-0.030637870416875934,-0.031117022165265046,PASS,2026-04-20T12:14:39Z,D20260420.01
3690.HK,HK,equity,2025-12-03,96.5,97.4,95.4,95.9,96.5,39051180.0,3751362894.2,-0.006217616580310836,-0.006217616580310836,-0.006237026455547661,PASS,2026-04-20T12:14:39Z,D20260420.01
3690.HK,HK,equity,2025-12-04,96.8,98.8,96.25,98.1,95.9,49912883.0,4876753385.7,0.02294056308654846,0.02294056308654846,0.022681384681924835,PASS,2026-04-20T12:14:39Z,D20260420.01
3690.HK,HK,equity,2025-12-05,97.6,99.75,96.65,99.05,98.1,44529788.0,4375516456.79,0.00968399592252811,0.00968399592252811,0.009637406573242614,PASS,2026-04-20T12:14:39Z,D20260420.01
3690.HK,HK,equity,2025-12-08,98.4,101.2,98.4,99.5,99.05,31145522.0,3102147104.0,0.00454316002019195,0.00454316002019195,0.0045328710199872765,PASS,2026-04-20T12:14:39Z,D20260420.01
3690.HK,HK,equity,2025-12-09,99.5,99.7,97.2,97.35,99.5,36058225.0,3530965460.8,-0.02160804020100504,-0.02160804020100504,-0.02184491234633841,PASS,2026-04-20T12:14:39Z,D20260420.01
3690.HK,HK,equity,2025-12-10,98.4,100.5,97.65,100.0,97.35,51497713.0,5117375615.25,0.027221366204417174,0.027221366204417174,0.026857454169882795,PASS,2026-04-20T12:14:39Z,D20260420.01
3690.HK,HK,equity,2025-12-11,100.2,102.0,99.8,101.5,100.0,41406607.0,4188543769.45,0.014999999999999902,0.014999999999999902,0.014888612493750559,PASS,2026-04-20T12:14:39Z,D20260420.01
3690.HK,HK,equity,2025-12-12,102.0,104.0,101.4,102.4,101.5,85213513.0,8775018771.15,0.00886699507389177,0.00886699507389177,0.00882791412356553,PASS,2026-04-20T12:14:39Z,D20260420.01
3690.HK,HK,equity,2025-12-15,101.6,102.8,100.5,100.9,102.4,38535431.0,3912560231.77,-0.0146484375,-0.0146484375,-0.014756785245844138,PASS,2026-04-20T12:14:39Z,D20260420.01
3690.HK,HK,equity,2025-12-16,100.2,101.3,98.65,99.5,100.9,32115324.0,3197773753.45,-0.013875123885034757,-0.013875123885034757,-0.013972283195016257,PASS,2026-04-20T12:14:39Z,D20260420.01
3690.HK,HK,equity,2025-12-17,99.6,103.0,98.9,101.3,99.5,38155110.0,3857350663.55,0.018090452261306567,0.018090452261306567,0.017928767090090645,PASS,2026-04-20T12:14:39Z,D20260420.01
3690.HK,HK,equity,2025-12-18,100.7,102.1,100.2,101.4,101.3,22759882.0,2299834130.9,0.000987166831194486,0.000987166831194486,0.0009866799024451063,PASS,2026-04-20T12:14:39Z,D20260420.01
3690.HK,HK,equity,2025-12-19,102.2,104.5,101.7,102.7,101.4,50727640.0,5225878129.9,0.012820512820512775,0.012820512820512775,0.012739025777429712,PASS,2026-04-20T12:14:39Z,D20260420.01
3690.HK,HK,equity,2025-12-22,104.2,105.2,102.4,102.8,102.7,31556484.0,3259380430.0,0.0009737098344693162,0.0009737098344693162,0.0009732360865521751,PASS,2026-04-20T12:14:39Z,D20260420.01
3690.HK,HK,equity,2025-12-23,103.7,104.0,102.5,103.2,102.8,21108052.0,2176705961.2,0.0038910505836575737,0.0038910505836575737,0.003883500026397612,PASS,2026-04-20T12:14:39Z,D20260420.01
3690.HK,HK,equity,2025-12-24,102.8,104.2,102.7,103.2,103.2,12043868.0,1245784801.64,0.0,0.0,0.0,PASS,2026-04-20T12:14:39Z,D20260420.01
3690.HK,HK,equity,2025-12-29,104.0,106.7,103.8,104.2,103.2,56811243.0,5981620110.2,0.009689922480620172,0.009689922480620172,0.009643276271804202,PASS,2026-04-20T12:14:39Z,D20260420.01
3690.HK,HK,equity,2025-12-30,104.0,105.1,103.7,104.3,104.2,32946951.0,3440189361.0,0.0009596928982724684,0.0009596928982724684,0.0009592326874601342,PASS,2026-04-20T12:14:39Z,D20260420.01
3690.HK,HK,equity,2025-12-31,103.7,104.3,102.5,103.3,104.3,21806552.0,2247874001.359,-0.009587727708533111,-0.009587727708533111,-0.009633985881133934,PASS,2026-04-20T12:14:39Z,D20260420.01
3690.HK,HK,equity,2026-01-02,103.3,105.8,102.2,104.6,103.3,24476486.0,2563068459.2,0.012584704743465513,0.012584704743465513,0.012506175505229545,PASS,2026-04-20T12:14:39Z,D20260420.01
3690.HK,HK,equity,2026-01-05,104.2,106.2,103.7,105.4,104.6,40887247.0,4296123546.0,0.007648183556405508,0.007648183556405508,0.007619084476439579,PASS,2026-04-20T12:14:39Z,D20260420.01
3690.HK,HK,equity,2026-01-06,106.2,108.0,105.7,106.1,105.4,47681423.0,5099690915.86,0.006641366223908873,0.006641366223908873,0.006619409512675455,PASS,2026-04-20T12:14:39Z,D20260420.01
3690.HK,HK,equity,2026-01-07,106.1,106.1,103.5,104.5,106.1,43863326.0,4570699811.1,-0.015080113100848225,-0.015080113100848225,-0.015194974215071724,PASS,2026-04-20T12:14:39Z,D20260420.01
3690.HK,HK,equity,2026-01-08,103.7,103.9,99.65,101.0,104.5,71725824.0,7253550959.8,-0.03349282296650713,-0.03349282296650713,-0.034066554563606195,PASS,2026-04-20T12:14:39Z,D20260420.01
3690.HK,HK,equity,2026-01-09,100.0,100.6,98.2,98.5,101.0,71605201.0,7076085798.985,-0.024752475247524774,-0.024752475247524774,-0.025063968663216276,PASS,2026-04-20T12:14:39Z,D20260420.01
3690.HK,HK,equity,2026-01-12,101.3,106.4,100.8,105.0,98.5,108743770.0,11309799466.3,0.06598984771573613,0.06598984771573613,0.06390380197948026,PASS,2026-04-20T12:14:39Z,D20260420.01
3690.HK,HK,equity,2026-01-13,106.5,107.0,103.9,104.9,105.0,52013088.0,5460947281.5,-0.0009523809523809268,-0.0009523809523809268,-0.0009528347552718544,PASS,2026-04-20T12:14:39Z,D20260420.01
3690.HK,HK,equity,2026-01-14,104.9,104.9,100.4,101.5,104.9,80092305.0,8142038421.1,-0.03241182078169691,-0.03241182078169691,-0.03294871692040952,PASS,2026-04-20T12:14:39Z,D20260420.01
3690.HK,HK,equity,2026-01-15,102.0,102.3,100.2,100.8,101.5,39093176.0,3945024952.0,-0.006896551724137945,-0.006896551724137945,-0.006920442844573795,PASS,2026-04-20T12:14:39Z,D20260420.01
3690.HK,HK,equity,2026-01-16,101.9,102.5,99.35,100.0,100.8,37523001.0,3754492445.3,-0.007936507936507908,-0.007936507936507908,-0.007968169649176845,PASS,2026-04-20T12:14:39Z,D20260420.01
3690.HK,HK,equity,2026-01-19,98.8,99.9,98.3,98.5,100.0,37288820.0,3688128614.8,-0.015000000000000013,-0.015000000000000013,-0.015113637810048184,PASS,2026-04-20T12:14:39Z,D20260420.01
3690.HK,HK,equity,2026-01-20,98.3,99.45,97.05,97.35,98.5,45401371.0,4439900206.75,-0.011675126903553323,-0.011675126903553323,-0.01174381635983453,PASS,2026-04-20T12:14:39Z,D20260420.01
3690.HK,HK,equity,2026-01-21,97.0,98.0,96.3,97.3,97.35,38515912.0,3732826134.0,-0.0005136106831021836,-0.0005136106831021836,-0.0005137426262492894,PASS,2026-04-20T12:14:39Z,D20260420.01
3690.HK,HK,equity,2026-01-22,97.35,98.1,96.2,97.0,97.3,34480371.0,3337220654.97,-0.0030832476875641834,-0.0030832476875641834,-0.0030880106885765052,PASS,2026-04-20T12:14:39Z,D20260420.01
3690.HK,HK,equity,2026-01-23,97.3,98.8,97.0,97.55,97.0,37200891.0,3638783224.0,0.005670103092783485,0.005670103092783485,0.005654088565737375,PASS,2026-04-20T12:14:39Z,D20260420.01
3690.HK,HK,equity,2026-01-26,97.95,97.95,96.2,97.1,97.55,31250095.0,3025217107.55,-0.0046130189646335085,-0.0046130189646335085,-0.0046236917718409775,PASS,2026-04-20T12:14:39Z,D20260420.01
3690.HK,HK,equity,2026-01-27,97.1,97.55,96.2,96.55,97.1,27407450.0,2650166329.3,-0.005664263645726031,-0.005664263645726031,-0.005680366422755754,PASS,2026-04-20T12:14:39Z,D20260420.01
3690.HK,HK,equity,2026-01-28,97.0,98.4,96.1,98.35,96.55,39950423.0,3897711004.7,0.018643190056965242,0.018643190056965242,0.018471535960544568,PASS,2026-04-20T12:14:39Z,D20260420.01
3690.HK,HK,equity,2026-01-29,97.3,98.9,97.05,98.6,98.35,27680308.0,2719596956.4,0.002541942043721379,0.002541942043721379,0.002538716773521632,PASS,2026-04-20T12:14:39Z,D20260420.01
3690.HK,HK,equity,2026-01-30,98.05,98.95,97.2,97.2,98.6,28956959.0,2833933063.55,-0.014198782961460377,-0.014198782961460377,-0.01430055014219627,PASS,2026-04-20T12:14:39Z,D20260420.01
3690.HK,HK,equity,2026-02-02,96.5,96.95,94.05,94.85,97.2,54620063.0,5177245156.09,-0.02417695473251036,-0.02417695473251036,-0.02447401508537025,PASS,2026-04-20T12:14:39Z,D20260420.01
3690.HK,HK,equity,2026-02-03,95.1,95.65,91.15,93.2,94.85,50436330.0,4696946989.6,-0.01739588824459659,-0.01739588824459659,-0.017548974689477567,PASS,2026-04-20T12:14:39Z,D20260420.01
3690.HK,HK,equity,2026-02-04,91.5,92.65,90.7,92.15,93.2,53329150.0,4889303425.8,-0.01126609442060078,-0.01126609442060078,-0.011330037575713133,PASS,2026-04-20T12:14:39Z,D20260420.01
3690.HK,HK,equity,2026-02-05,90.2,93.95,90.2,93.8,92.15,39784843.0,3680101063.03,0.017905588714053122,0.017905588714053122,0.01774717189634665,PASS,2026-04-20T12:14:39Z,D20260420.01
3690.HK,HK,equity,2026-02-06,92.55,94.5,91.15,91.4,93.8,39226920.0,3613023452.85,-0.025586353944562767,-0.025586353944562767,-0.02591937755207453,PASS,2026-04-20T12:14:39Z,D20260420.01
3690.HK,HK,equity,2026-02-09,93.0,93.2,90.4,91.05,91.4,42466515.0,3873803561.55,-0.003829321663019747,-0.003829321663019747,-0.0038366722864874177,PASS,2026-04-20T12:14:39Z,D20260420.01
3690.HK,HK,equity,2026-02-10,91.05,91.7,88.1,88.8,91.05,74372071.0,6639467254.75,-0.02471169686985175,-0.02471169686985175,-0.025022156175492603,PASS,2026-04-20T12:14:39Z,D20260420.01
3690.HK,HK,equity,2026-02-11,88.4,89.4,87.25,88.85,88.8,37829736.0,3353428398.4,0.0005630630630630851,0.0005630630630630851,0.0005629046025359818,PASS,2026-04-20T12:14:39Z,D20260420.01
3690.HK,HK,equity,2026-02-12,86.65,87.8,84.3,84.85,88.85,90415198.0,7718365047.09,-0.045019696117051256,-0.045019696117051256,-0.046064562920425066,PASS,2026-04-20T12:14:39Z,D20260420.01
3690.HK,HK,equity,2026-02-13,84.05,84.25,80.8,82.15,84.85,99656113.0,8163046696.29,-0.031820860341779444,-0.031820860341779444,-0.032338147196958066,PASS,2026-04-20T12:14:39Z,D20260420.01
3690.HK,HK,equity,2026-02-16,81.65,82.4,79.25,82.05,82.15,23648794.0,1916737788.45,-0.00121728545343891,-0.00121728545343891,-0.0012180269471772616,PASS,2026-04-20T12:14:39Z,D20260420.01
3690.HK,HK,equity,2026-02-20,81.15,82.0,80.1,80.75,82.05,27220396.0,2198664138.95,-0.01584399756246191,-0.01584399756246191,-0.01597085543333398,PASS,2026-04-20T12:14:39Z,D20260420.01
3690.HK,HK,equity,2026-02-23,83.2,87.5,82.65,85.0,80.75,65205703.0,5570943448.5,0.05263157894736836,0.05263157894736836,0.05129329438755048,PASS,2026-04-20T12:14:39Z,D20260420.01
3690.HK,HK,equity,2026-02-24,84.2,84.2,80.65,81.4,85.0,67807380.0,5524281029.2,-0.04235294117647048,-0.04235294117647048,-0.04327598348182173,PASS,2026-04-20T12:14:39Z,D20260420.01
3690.HK,HK,equity,2026-02-25,82.4,83.6,81.5,82.7,81.4,39932923.0,3307337539.4,0.01597051597051591,0.01597051597051591,0.015844329021150957,PASS,2026-04-20T12:14:39Z,D20260420.01
3690.HK,HK,equity,2026-02-26,82.7,83.2,80.35,80.45,82.7,40036885.0,3249845503.15,-0.027206771463119672,-0.027206771463119672,-0.027583728591253374,PASS,2026-04-20T12:14:39Z,D20260420.01
3690.HK,HK,equity,2026-02-27,81.0,82.45,80.45,81.15,80.45,42462533.0,3462342574.1,0.008701056556867703,0.008701056556867703,0.008663420522208087,PASS,2026-04-20T12:14:39Z,D20260420.01
3690.HK,HK,equity,2026-03-02,79.6,80.2,77.1,77.4,81.15,57081668.0,4466838101.8,-0.04621072088724587,-0.04621072088724587,-0.04731251336491882,PASS,2026-04-20T12:14:39Z,D20260420.01
3690.HK,HK,equity,2026-03-03,77.25,78.15,75.35,75.65,77.4,64441703.0,4915585675.0,-0.022609819121446995,-0.022609819121446995,-0.02286934036131647,PASS,2026-04-20T12:14:39Z,D20260420.01
3690.HK,HK,equity,2026-03-04,74.65,75.65,73.6,75.4,75.65,62511701.0,4655016653.9,-0.0033046926635822427,-0.0033046926635822427,-0.0033101652204544922,PASS,2026-04-20T12:14:39Z,D20260420.01
3690.HK,HK,equity,2026-03-05,76.65,76.65,73.85,74.5,75.4,44459291.0,3321256933.2,-0.011936339522546469,-0.011936339522546469,-0.012008149628396607,PASS,2026-04-20T12:14:39Z,D20260420.01
3690.HK,HK,equity,2026-03-06,74.5,77.95,73.65,76.85,74.5,81436279.0,6248516834.65,0.03154362416107381,0.03154362416107381,0.031056344599091023,PASS,2026-04-20T12:14:39Z,D20260420.01
3690.HK,HK,equity,2026-03-09,74.4,79.0,74.0,78.7,76.85,67180598.0,5207113498.9,0.02407286922576457,0.02407286922576457,0.023787685438752766,PASS,2026-04-20T12:14:39Z,D20260420.01
3690.HK,HK,equity,2026-03-10,80.0,80.55,77.55,79.1,78.7,46241432.0,3634937609.7,0.0050825921219821435,0.0050825921219821435,0.00506971935025058,PASS,2026-04-20T12:14:39Z,D20260420.01
3690.HK,HK,equity,2026-03-11,79.15,79.6,76.65,77.4,79.1,39917143.0,3092097298.8,-0.0214917825537293,-0.0214917825537293,-0.0217260941779266,PASS,2026-04-20T12:14:39Z,D20260420.01
3690.HK,HK,equity,2026-03-12,76.5,77.2,75.4,76.7,77.4,37947010.0,2890556280.4,-0.009043927648578864,-0.009043927648578864,-0.009085072222470982,PASS,2026-04-20T12:14:39Z,D20260420.01
3690.HK,HK,equity,2026-03-13,76.0,77.4,75.85,75.95,76.7,18836697.0,1439696706.15,-0.009778357235984303,-0.009778357235984303,-0.009826479331428589,PASS,2026-04-20T12:14:39Z,D20260420.01
3690.HK,HK,equity,2026-03-16,76.9,79.0,76.5,78.3,75.95,38287519.0,2994178671.3,0.03094140882159313,0.03094140882159313,0.030472373954975533,PASS,2026-04-20T12:14:39Z,D20260420.01
3690.HK,HK,equity,2026-03-17,78.45,82.2,78.4,80.0,78.3,52313278.0,4227247116.86,0.02171136653895278,0.02171136653895278,0.02147903167712423,PASS,2026-04-20T12:14:39Z,D20260420.01
3690.HK,HK,equity,2026-03-18,80.55,81.4,79.6,80.3,80.0,26863720.0,2159489930.9,0.00374999999999992,0.00374999999999992,0.003742986278834297,PASS,2026-04-20T12:14:39Z,D20260420.01
3690.HK,HK,equity,2026-03-19,78.7,81.55,78.5,80.7,80.3,50616607.0,4077022588.104,0.00498132004981322,0.00498132004981322,0.004968954323187144,PASS,2026-04-20T12:14:39Z,D20260420.01
3690.HK,HK,equity,2026-03-20,81.55,82.65,78.15,79.15,80.7,64632837.0,5140724068.75,-0.019206939281288693,-0.019206939281288693,-0.019393788948881927,PASS,2026-04-20T12:14:39Z,D20260420.01
3690.HK,HK,equity,2026-03-23,77.8,78.5,75.85,76.55,79.15,54303511.0,4181270814.8,-0.032849020846494104,-0.032849020846494104,-0.033400664223328505,PASS,2026-04-20T12:14:39Z,D20260420.01
3690.HK,HK,equity,2026-03-24,76.75,79.2,76.75,79.0,76.55,44636705.0,3493274588.1,0.03200522534291306,0.03200522534291306,0.031503730363328666,PASS,2026-04-20T12:14:39Z,D20260420.01
3690.HK,HK,equity,2026-03-25,79.95,91.55,78.55,90.0,79.0,252756064.0,21966766070.99,0.139240506329114,0.139240506329114,0.13036181786324363,PASS,2026-04-20T12:14:39Z,D20260420.01
3690.HK,HK,equity,2026-03-26,90.0,90.65,85.5,86.7,90.0,121140962.0,10557625757.08,-0.036666666666666625,-0.036666666666666625,-0.03735578654376886,PASS,2026-04-20T12:14:39Z,D20260420.01
3690.HK,HK,equity,2026-03-27,86.15,90.7,84.7,85.9,86.7,99424658.0,8699086277.8,-0.009227220299884653,-0.009227220299884653,-0.009270054796286474,PASS,2026-04-20T12:14:39Z,D20260420.01
3690.HK,HK,equity,2026-03-30,83.7,86.6,82.7,84.2,85.9,60221748.0,5086758600.4,-0.019790454016298087,-0.019790454016298087,-0.019988907741928713,PASS,2026-04-20T12:14:39Z,D20260420.01
3690.HK,HK,equity,2026-03-31,83.8,84.8,82.5,82.95,84.2,41291471.0,3443633182.95,-0.014845605700712583,-0.014845605700712583,-0.01495690461182754,PASS,2026-04-20T12:14:39Z,D20260420.01
3690.HK,HK,equity,2026-04-01,85.0,85.6,80.95,81.95,82.95,57818900.0,4757192100.15,-0.012055455093429757,-0.012055455093429757,-0.012128711446614785,PASS,2026-04-20T12:14:39Z,D20260420.01
3690.HK,HK,equity,2026-04-02,81.3,81.5,78.7,80.25,81.95,47181021.0,3763110967.6,-0.020744356314826184,-0.020744356314826184,-0.02096254317971352,PASS,2026-04-20T12:14:39Z,D20260420.01
3690.HK,HK,equity,2026-04-08,82.55,89.9,82.5,88.5,80.25,106097187.0,9279511929.15,0.10280373831775691,0.10280373831775691,0.09785579000375849,PASS,2026-04-20T12:14:39Z,D20260420.01
3690.HK,HK,equity,2026-04-09,87.25,89.7,86.9,88.0,88.5,34932772.0,3083467161.1,-0.005649717514124242,-0.005649717514124242,-0.005665737535677308,PASS,2026-04-20T12:14:39Z,D20260420.01
3690.HK,HK,equity,2026-04-10,88.25,90.85,87.3,87.6,88.0,31529595.0,2800948566.45,-0.00454545454545463,-0.00454545454545463,-0.004555816535860802,PASS,2026-04-20T12:14:39Z,D20260420.01
3690.HK,HK,equity,2026-04-13,86.7,87.1,85.3,86.45,87.6,23659777.0,2037960968.0,-0.013127853881278462,-0.013127853881278462,-0.01321478581304617,PASS,2026-04-20T12:14:39Z,D20260420.01
3690.HK,HK,equity,2026-04-14,87.4,87.9,83.75,85.1,86.45,36646937.0,3112690347.59,-0.015615962984384169,-0.015615962984384169,-0.01573917654997119,PASS,2026-04-20T12:14:39Z,D20260420.01
3690.HK,HK,equity,2026-04-15,86.05,88.2,85.3,86.3,85.1,37510423.0,3240577224.25,0.014101057579318566,0.014101057579318566,0.014002562510053926,PASS,2026-04-20T12:14:39Z,D20260420.01
3690.HK,HK,equity,2026-04-16,86.85,89.45,86.0,88.75,86.3,44399802.0,3917908977.95,0.028389339513325673,0.028389339513325673,0.02799383026614298,PASS,2026-04-20T12:14:39Z,D20260420.01
3690.HK,HK,equity,2026-04-17,87.5,87.9,84.6,86.5,88.75,46743644.0,4010024793.55,-0.025352112676056304,-0.025352112676056304,-0.025679014417691506,PASS,2026-04-20T12:14:39Z,D20260420.01
3690.HK,HK,equity,2026-04-20,85.85,85.95,84.35,85.15,86.5,36368973.0,3098224272.6,-0.015606936416184936,-0.015606936416184936,-0.015730006829136313,PASS,2026-04-20T12:14:39Z,D20260420.01
