symbol,market,asset_type,trade_date,open,high,low,close,prev_close,volume,amount,pct_change,ret_1d,log_ret_1d,quality_flag,ingest_time,data_version
9618.HK,HK,equity,2020-06-18,239.0,239.0,228.6,234.0,226.0,29789263.0,7000096555.55,0.03539823008849563,0.03539823008849563,0.034786116085415604,PASS,2026-05-13T13:31:06Z,D20260513.01
9618.HK,HK,equity,2020-06-19,234.0,235.6,233.4,233.6,234.0,7588265.0,1778409038.35,-0.0017094017094017033,-0.0017094017094017033,-0.00171086440362943,PASS,2026-05-13T13:31:06Z,D20260513.01
9618.HK,HK,equity,2020-06-22,229.8,230.0,226.8,228.0,233.6,8716948.0,1992980922.9,-0.023972602739726012,-0.023972602739726012,-0.024264621999631208,PASS,2026-05-13T13:31:06Z,D20260513.01
9618.HK,HK,equity,2020-06-23,227.0,231.6,226.0,230.0,228.0,5800950.0,1330228290.6,0.00877192982456143,0.00877192982456143,0.008733679968754631,PASS,2026-05-13T13:31:06Z,D20260513.01
9618.HK,HK,equity,2020-06-24,232.6,235.4,231.8,234.8,230.0,7307560.0,1713110549.05,0.02086956521739136,0.02086956521739136,0.020654779030746064,PASS,2026-05-13T13:31:06Z,D20260513.01
9618.HK,HK,equity,2020-06-26,234.8,236.0,233.4,234.4,234.8,3147850.0,739105750.8,-0.0017035775127768327,-0.0017035775127768327,-0.0017050302510838342,PASS,2026-05-13T13:31:06Z,D20260513.01
9618.HK,HK,equity,2020-06-29,232.0,232.2,228.2,229.8,234.4,4125307.0,947082847.4,-0.019624573378839605,-0.019624573378839605,-0.019819692288202257,PASS,2026-05-13T13:31:06Z,D20260513.01
9618.HK,HK,equity,2020-06-30,231.2,232.8,228.4,231.8,229.8,2175206.0,501528933.15,0.00870322019147074,0.00870322019147074,0.008665565490995925,PASS,2026-05-13T13:31:06Z,D20260513.01
9618.HK,HK,equity,2020-07-02,232.4,235.8,231.4,235.8,231.8,4620079.0,1076705613.23,0.01725625539257991,0.01725625539257991,0.017109057197619317,PASS,2026-05-13T13:31:06Z,D20260513.01
9618.HK,HK,equity,2020-07-03,236.2,236.8,234.4,235.6,235.8,4343783.0,1024500443.4,-0.0008481764206955678,-0.0008481764206955678,-0.0008485363258389747,PASS,2026-05-13T13:31:06Z,D20260513.01
9618.HK,HK,equity,2020-07-06,237.0,245.0,236.0,244.8,235.6,5452223.0,1311211939.05,0.039049235993208864,0.039049235993208864,0.03830609886073941,PASS,2026-05-13T13:31:06Z,D20260513.01
9618.HK,HK,equity,2020-07-07,248.4,248.6,240.2,242.0,244.8,4434131.0,1076930621.2,-0.011437908496732097,-0.011437908496732097,-0.01150382448148469,PASS,2026-05-13T13:31:06Z,D20260513.01
9618.HK,HK,equity,2020-07-08,237.0,247.6,236.6,247.6,242.0,4511655.0,1094445497.3,0.023140495867768562,0.023140495867768562,0.022876814653754608,PASS,2026-05-13T13:31:06Z,D20260513.01
9618.HK,HK,equity,2020-07-09,252.6,271.6,252.0,266.0,247.6,11022464.0,2892146491.63,0.07431340872374803,0.07431340872374803,0.07168176797125808,PASS,2026-05-13T13:31:06Z,D20260513.01
9618.HK,HK,equity,2020-07-10,264.0,266.0,257.0,260.4,266.0,5766817.0,1508915676.2,-0.021052631578947434,-0.021052631578947434,-0.021277398447284965,PASS,2026-05-13T13:31:06Z,D20260513.01
9618.HK,HK,equity,2020-07-13,256.8,259.0,252.2,255.6,260.4,5257759.0,1345568694.6,-0.018433179723502224,-0.018433179723502224,-0.018605187831034358,PASS,2026-05-13T13:31:06Z,D20260513.01
9618.HK,HK,equity,2020-07-14,243.2,244.4,238.6,241.8,255.6,9143476.0,2213972509.4,-0.05399061032863839,-0.05399061032863839,-0.05550278432268733,PASS,2026-05-13T13:31:06Z,D20260513.01
9618.HK,HK,equity,2020-07-15,242.2,243.4,239.0,241.2,241.8,3617890.0,873272854.4,-0.002481389578163906,-0.002481389578163906,-0.0024844733276620564,PASS,2026-05-13T13:31:06Z,D20260513.01
9618.HK,HK,equity,2020-07-16,243.8,244.0,233.0,235.0,241.2,5553074.0,1313178888.2,-0.025704809286898778,-0.025704809286898778,-0.026040950708871354,PASS,2026-05-13T13:31:06Z,D20260513.01
9618.HK,HK,equity,2020-07-17,239.0,244.2,238.8,240.6,235.0,3488903.0,844826592.4,0.0238297872340425,0.0238297872340425,0.02355028939641949,PASS,2026-05-13T13:31:06Z,D20260513.01
9618.HK,HK,equity,2020-07-20,242.2,243.6,238.0,241.8,240.6,2322904.0,561694714.2,0.004987531172069959,0.004987531172069959,0.004975134640113929,PASS,2026-05-13T13:31:06Z,D20260513.01
9618.HK,HK,equity,2020-07-21,251.2,254.2,248.2,254.2,241.8,4671746.0,1172576549.15,0.0512820512820511,0.0512820512820511,0.0500104205746612,PASS,2026-05-13T13:31:06Z,D20260513.01
9618.HK,HK,equity,2020-07-22,244.4,248.2,242.0,242.2,254.2,8166401.0,1999835128.8,-0.04720692368214008,-0.04720692368214008,-0.04835752763636183,PASS,2026-05-13T13:31:06Z,D20260513.01
9618.HK,HK,equity,2020-07-23,241.4,243.8,238.6,241.6,242.2,4145525.0,999474411.95,-0.002477291494632494,-0.002477291494632494,-0.002480365058331954,PASS,2026-05-13T13:31:06Z,D20260513.01
9618.HK,HK,equity,2020-07-24,235.0,238.6,231.8,234.8,241.6,7106385.0,1668395622.5,-0.028145695364238388,-0.028145695364238388,-0.028549378106718475,PASS,2026-05-13T13:31:06Z,D20260513.01
9618.HK,HK,equity,2020-07-27,236.0,239.0,234.2,236.8,234.8,2997808.0,709097344.95,0.008517887563884052,0.008517887563884052,0.00848181505590913,PASS,2026-05-13T13:31:06Z,D20260513.01
9618.HK,HK,equity,2020-07-28,242.0,245.0,241.2,243.4,236.8,3109197.0,756079179.9,0.02787162162162149,0.02787162162162149,0.027490277543576053,PASS,2026-05-13T13:31:06Z,D20260513.01
9618.HK,HK,equity,2020-07-29,239.2,240.0,238.2,239.8,243.4,2066347.0,494588556.59,-0.014790468364831555,-0.014790468364831555,-0.01490093796001293,PASS,2026-05-13T13:31:06Z,D20260513.01
9618.HK,HK,equity,2020-07-30,241.6,242.8,239.8,240.8,239.8,1537150.0,370941515.0,0.00417014178482078,0.00417014178482078,0.0041614708412521986,PASS,2026-05-13T13:31:06Z,D20260513.01
9618.HK,HK,equity,2020-07-31,243.2,244.0,238.8,240.8,240.8,1722539.0,415055673.36,0.0,0.0,0.0,PASS,2026-05-13T13:31:06Z,D20260513.01
9618.HK,HK,equity,2020-08-03,245.0,247.4,245.0,247.2,240.8,3302847.0,814089054.5,0.02657807308970095,0.02657807308970095,0.026231012148869685,PASS,2026-05-13T13:31:06Z,D20260513.01
9618.HK,HK,equity,2020-08-04,250.0,252.0,248.0,252.0,247.2,3337203.0,835993909.2,0.01941747572815533,0.01941747572815533,0.019231361927887592,PASS,2026-05-13T13:31:06Z,D20260513.01
9618.HK,HK,equity,2020-08-05,251.6,253.0,249.2,253.0,252.0,1656440.0,416242821.0,0.003968253968253954,0.003968253968253954,0.003960401216096914,PASS,2026-05-13T13:31:06Z,D20260513.01
9618.HK,HK,equity,2020-08-06,253.6,254.8,250.4,254.0,253.0,1840278.0,464693335.5,0.0039525691699604515,0.0039525691699604515,0.003944778291016325,PASS,2026-05-13T13:31:06Z,D20260513.01
9618.HK,HK,equity,2020-08-07,250.8,250.8,241.2,246.4,254.0,4084993.0,1007764448.05,-0.0299212598425197,-0.0299212598425197,-0.030378035359171884,PASS,2026-05-13T13:31:06Z,D20260513.01
9618.HK,HK,equity,2020-08-10,241.8,243.4,239.0,240.4,246.4,2688482.0,647322840.4,-0.024350649350649345,-0.024350649350649345,-0.024652028998312193,PASS,2026-05-13T13:31:06Z,D20260513.01
9618.HK,HK,equity,2020-08-11,240.4,244.0,240.4,242.4,240.4,2721861.0,659788657.2,0.008319467554076532,0.008319467554076532,0.008285051534106865,PASS,2026-05-13T13:31:06Z,D20260513.01
9618.HK,HK,equity,2020-08-12,239.0,241.6,236.8,241.0,242.4,3717897.0,888555517.25,-0.005775577557755818,-0.005775577557755818,-0.005792320704504433,PASS,2026-05-13T13:31:06Z,D20260513.01
9618.HK,HK,equity,2020-08-13,244.4,245.6,243.0,244.4,241.0,1825042.0,446019010.45,0.014107883817427336,0.014107883817427336,0.014009293806785212,PASS,2026-05-13T13:31:06Z,D20260513.01
9618.HK,HK,equity,2020-08-14,244.4,244.4,242.4,243.0,244.4,1421558.0,345597301.99,-0.005728314238952592,-0.005728314238952592,-0.005744783956891856,PASS,2026-05-13T13:31:06Z,D20260513.01
9618.HK,HK,equity,2020-08-17,241.6,246.6,238.0,242.6,243.0,4163589.0,1008548476.9,-0.0016460905349794386,-0.0016460905349794386,-0.0016474468305987156,PASS,2026-05-13T13:31:06Z,D20260513.01
9618.HK,HK,equity,2020-08-18,256.0,266.0,255.8,265.6,242.6,17077458.0,4450794970.48,0.09480626545754345,0.09480626545754345,0.09057742109232918,PASS,2026-05-13T13:31:06Z,D20260513.01
9618.HK,HK,equity,2020-08-19,268.4,279.6,268.4,278.0,265.6,7451163.0,2052610303.5,0.04668674698795172,0.04668674698795172,0.0456296960883582,PASS,2026-05-13T13:31:06Z,D20260513.01
9618.HK,HK,equity,2020-08-20,279.4,280.0,274.0,279.8,278.0,4811896.0,1335271200.59,0.006474820143884896,0.006474820143884896,0.006453948540743738,PASS,2026-05-13T13:31:06Z,D20260513.01
9618.HK,HK,equity,2020-08-21,286.6,291.0,285.6,287.6,279.8,6479102.0,1867509586.8,0.027877055039313925,0.027877055039313925,0.02749556361551095,PASS,2026-05-13T13:31:06Z,D20260513.01
9618.HK,HK,equity,2020-08-24,290.0,300.6,289.8,299.0,287.6,6424380.0,1900865018.49,0.03963838664812225,0.03963838664812225,0.03887294754379467,PASS,2026-05-13T13:31:06Z,D20260513.01
9618.HK,HK,equity,2020-08-25,299.0,306.0,294.4,298.0,299.0,7810400.0,2344335307.2,-0.0033444816053511683,-0.0033444816053511683,-0.0033500868852819744,PASS,2026-05-13T13:31:06Z,D20260513.01
9618.HK,HK,equity,2020-08-26,310.8,321.6,306.8,315.8,298.0,9122156.0,2869918287.33,0.05973154362416122,0.05973154362416122,0.05801561531613741,PASS,2026-05-13T13:31:06Z,D20260513.01
9618.HK,HK,equity,2020-08-27,315.0,322.6,307.4,316.6,315.8,7458833.0,2352288065.2,0.002533248891703588,0.002533248891703588,0.0025300456253700356,PASS,2026-05-13T13:31:06Z,D20260513.01
9618.HK,HK,equity,2020-08-28,309.0,312.0,307.0,308.4,316.6,6864653.0,2122974188.37,-0.025900189513581973,-0.025900189513581973,-0.02624150575773752,PASS,2026-05-13T13:31:06Z,D20260513.01
9618.HK,HK,equity,2020-08-31,310.0,317.4,310.0,310.6,308.4,3569552.0,1120599726.0,0.007133592736705774,0.007133592736705774,0.007108269025412466,PASS,2026-05-13T13:31:06Z,D20260513.01
9618.HK,HK,equity,2020-09-01,306.4,312.0,305.0,309.2,310.6,4629256.0,1431636186.09,-0.004507405022537103,-0.004507405022537103,-0.004517594001319877,PASS,2026-05-13T13:31:06Z,D20260513.01
9618.HK,HK,equity,2020-09-02,326.0,337.2,322.2,332.0,309.2,8081230.0,2661259553.75,0.07373868046571808,0.07373868046571808,0.07114665220322174,PASS,2026-05-13T13:31:06Z,D20260513.01
9618.HK,HK,equity,2020-09-03,323.0,328.2,320.2,323.2,332.0,6026765.0,1951054645.95,-0.026506024096385583,-0.026506024096385583,-0.02686364226954827,PASS,2026-05-13T13:31:06Z,D20260513.01
9618.HK,HK,equity,2020-09-04,305.0,309.6,300.0,307.8,323.2,10782370.0,3296622882.02,-0.047648514851485135,-0.047648514851485135,-0.04882110524216145,PASS,2026-05-13T13:31:06Z,D20260513.01
9618.HK,HK,equity,2020-09-07,306.8,314.0,302.4,305.8,307.8,4106816.0,1263693014.29,-0.00649772579597141,-0.00649772579597141,-0.006518927909816924,PASS,2026-05-13T13:31:06Z,D20260513.01
9618.HK,HK,equity,2020-09-08,310.0,310.2,296.4,305.0,305.8,3356261.0,1015505767.35,-0.002616088947024253,-0.002616088947024253,-0.002619516887550358,PASS,2026-05-13T13:31:06Z,D20260513.01
9618.HK,HK,equity,2020-09-09,293.2,297.8,291.8,295.6,305.0,4512619.0,1328474941.09,-0.030819672131147446,-0.030819672131147446,-0.03130458753336482,PASS,2026-05-13T13:31:06Z,D20260513.01
9618.HK,HK,equity,2020-09-10,298.4,304.8,294.0,295.0,295.6,2748950.0,821401814.55,-0.002029769959404626,-0.002029769959404626,-0.0020318327342269088,PASS,2026-05-13T13:31:06Z,D20260513.01
9618.HK,HK,equity,2020-09-11,291.8,296.4,289.0,295.0,295.0,3923159.0,1151550091.85,0.0,0.0,0.0,PASS,2026-05-13T13:31:06Z,D20260513.01
9618.HK,HK,equity,2020-09-14,292.8,295.2,292.0,293.8,295.0,4212797.0,1235756937.85,-0.004067796610169427,-0.004067796610169427,-0.0040760926000428304,PASS,2026-05-13T13:31:06Z,D20260513.01
9618.HK,HK,equity,2020-09-15,296.6,304.6,296.4,301.8,293.8,4112490.0,1239660766.95,0.027229407760381186,0.027229407760381186,0.026865282593971567,PASS,2026-05-13T13:31:06Z,D20260513.01
9618.HK,HK,equity,2020-09-16,300.0,300.6,296.0,298.4,301.8,3773093.0,1126974548.6,-0.011265738899933875,-0.011265738899933875,-0.011329678004142883,PASS,2026-05-13T13:31:06Z,D20260513.01
9618.HK,HK,equity,2020-09-17,292.0,293.0,284.2,287.0,298.4,6150385.0,1774557031.75,-0.038203753351206404,-0.038203753351206404,-0.03895265256998465,PASS,2026-05-13T13:31:06Z,D20260513.01
9618.HK,HK,equity,2020-09-18,289.0,293.4,288.0,291.8,287.0,2591487.0,756558633.6,0.01672473867595814,0.01672473867595814,0.016586420329064114,PASS,2026-05-13T13:31:06Z,D20260513.01
9618.HK,HK,equity,2020-09-21,291.0,292.8,287.0,287.2,291.8,1946835.0,562807304.1,-0.015764222069911016,-0.015764222069911016,-0.015889798914616275,PASS,2026-05-13T13:31:06Z,D20260513.01
9618.HK,HK,equity,2020-09-22,290.0,293.8,287.0,290.0,287.2,2715939.0,788566807.45,0.009749303621169991,0.009749303621169991,0.009702085806450668,PASS,2026-05-13T13:31:06Z,D20260513.01
9618.HK,HK,equity,2020-09-23,291.6,296.0,290.2,292.4,290.0,2311704.0,677745080.19,0.008275862068965356,0.008275862068965356,0.008241804895103568,PASS,2026-05-13T13:31:06Z,D20260513.01
9618.HK,HK,equity,2020-09-24,288.0,292.0,285.2,288.4,292.4,2957946.0,852062578.65,-0.013679890560875485,-0.013679890560875485,-0.0137743224648294,PASS,2026-05-13T13:31:06Z,D20260513.01
9618.HK,HK,equity,2020-09-25,284.6,286.0,279.8,282.2,288.4,3834701.0,1082755228.25,-0.021497919556171974,-0.021497919556171974,-0.021732365992080373,PASS,2026-05-13T13:31:06Z,D20260513.01
9618.HK,HK,equity,2020-09-28,286.6,292.4,286.6,290.0,282.2,3492472.0,1013001460.04,0.027639971651311157,0.027639971651311157,0.027264883561806112,PASS,2026-05-13T13:31:06Z,D20260513.01
9618.HK,HK,equity,2020-09-29,297.0,297.0,292.6,295.2,290.0,3648160.0,1076475021.5,0.017931034482758568,0.017931034482758568,0.017772169745797668,PASS,2026-05-13T13:31:06Z,D20260513.01
9618.HK,HK,equity,2020-09-30,292.6,298.4,291.2,293.8,295.2,4193866.0,1234207625.03,-0.004742547425474197,-0.004742547425474197,-0.004753828986540443,PASS,2026-05-13T13:31:06Z,D20260513.01
9618.HK,HK,equity,2020-10-05,300.0,300.6,295.0,297.4,293.8,2649215.0,788942196.65,0.012253233492171445,0.012253233492171445,0.01217877028627767,PASS,2026-05-13T13:31:06Z,D20260513.01
9618.HK,HK,equity,2020-10-06,297.2,299.2,296.4,298.6,297.4,2579224.0,769252979.8,0.004034969737727101,0.004034969737727101,0.004026851079035445,PASS,2026-05-13T13:31:06Z,D20260513.01
9618.HK,HK,equity,2020-10-07,298.0,306.0,298.0,305.2,298.6,4504756.0,1365772028.55,0.022103148024112507,0.022103148024112507,0.02186241430521191,PASS,2026-05-13T13:31:06Z,D20260513.01
9618.HK,HK,equity,2020-10-08,305.2,305.2,302.0,305.0,305.2,3323959.0,1010940289.11,-0.000655307994757548,-0.000655307994757548,-0.0006555228028903288,PASS,2026-05-13T13:31:06Z,D20260513.01
9618.HK,HK,equity,2020-10-09,305.0,309.2,302.0,307.8,305.0,6339645.0,1948430758.8,0.009180327868852478,0.009180327868852478,0.009138444797367246,PASS,2026-05-13T13:31:06Z,D20260513.01
9618.HK,HK,equity,2020-10-12,310.2,317.8,309.6,316.8,307.8,6558498.0,2059521844.2,0.029239766081871288,0.029239766081871288,0.028820438535491884,PASS,2026-05-13T13:31:06Z,D20260513.01
9618.HK,HK,equity,2020-10-14,323.2,324.0,319.4,324.0,316.8,5306020.0,1709294371.15,0.022727272727272707,0.022727272727272707,0.022472855852058576,PASS,2026-05-13T13:31:06Z,D20260513.01
9618.HK,HK,equity,2020-10-15,316.0,316.0,310.0,311.4,324.0,5075136.0,1584914936.2,-0.03888888888888897,-0.03888888888888897,-0.039665256392431514,PASS,2026-05-13T13:31:06Z,D20260513.01
9618.HK,HK,equity,2020-10-16,309.2,316.2,308.6,315.0,311.4,3809369.0,1189941360.5,0.011560693641618602,0.011560693641618602,0.011494379425735212,PASS,2026-05-13T13:31:06Z,D20260513.01
9618.HK,HK,equity,2020-10-19,318.6,321.2,314.6,317.0,315.0,2204561.0,699414609.75,0.006349206349206327,0.006349206349206327,0.00632913505164753,PASS,2026-05-13T13:31:06Z,D20260513.01
9618.HK,HK,equity,2020-10-20,316.4,318.2,311.6,317.6,317.0,2373277.0,748689455.6,0.0018927444794953896,0.0018927444794953896,0.0018909554957001644,PASS,2026-05-13T13:31:06Z,D20260513.01
9618.HK,HK,equity,2020-10-21,321.0,326.0,320.2,322.8,317.6,3380891.0,1094700800.8,0.016372795969773257,0.016372795969773257,0.016240207022813032,PASS,2026-05-13T13:31:06Z,D20260513.01
9618.HK,HK,equity,2020-10-22,322.0,323.0,316.8,323.0,322.8,3105355.0,994585993.7,0.0006195786864930941,0.0006195786864930941,0.0006193868268627174,PASS,2026-05-13T13:31:06Z,D20260513.01
9618.HK,HK,equity,2020-10-23,317.4,317.6,314.2,316.0,323.0,4105015.0,1296795502.8,-0.021671826625387025,-0.021671826625387025,-0.021910109635744458,PASS,2026-05-13T13:31:06Z,D20260513.01
9618.HK,HK,equity,2020-10-27,313.4,318.2,312.2,316.4,316.0,2094501.0,659693485.9,0.0012658227848101333,0.0012658227848101333,0.0012650223065867022,PASS,2026-05-13T13:31:06Z,D20260513.01
9618.HK,HK,equity,2020-10-28,321.0,323.2,318.6,321.0,316.4,3480020.0,1118557005.04,0.014538558786346467,0.014538558786346467,0.014433887236517125,PASS,2026-05-13T13:31:06Z,D20260513.01
9618.HK,HK,equity,2020-10-29,314.8,320.6,312.6,318.0,321.0,3910246.0,1238940140.0,-0.009345794392523366,-0.009345794392523366,-0.009389740349839032,PASS,2026-05-13T13:31:06Z,D20260513.01
9618.HK,HK,equity,2020-10-30,321.6,326.0,314.6,315.2,318.0,4808349.0,1538324733.44,-0.008805031446540879,-0.008805031446540879,-0.008844024796452772,PASS,2026-05-13T13:31:06Z,D20260513.01
9618.HK,HK,equity,2020-11-02,317.0,322.4,315.0,320.4,315.2,2326434.0,742014665.09,0.016497461928933976,0.016497461928933976,0.016362857210480062,PASS,2026-05-13T13:31:06Z,D20260513.01
9618.HK,HK,equity,2020-11-03,321.6,324.0,320.6,322.0,320.4,3094286.0,998146756.2,0.004993757802746579,0.004993757802746579,0.004981330350204162,PASS,2026-05-13T13:31:06Z,D20260513.01
9618.HK,HK,equity,2020-11-04,318.8,337.6,317.6,330.0,322.0,9289115.0,3075989467.84,0.024844720496894457,0.024844720496894457,0.02454110891611766,PASS,2026-05-13T13:31:06Z,D20260513.01
9618.HK,HK,equity,2020-11-05,350.0,361.8,347.2,361.0,330.0,9415312.0,3335990065.08,0.09393939393939399,0.09393939393939399,0.08978530387235505,PASS,2026-05-13T13:31:06Z,D20260513.01
9618.HK,HK,equity,2020-11-06,355.6,364.2,354.0,358.2,361.0,4780390.0,1710258544.3,-0.007756232686980669,-0.007756232686980669,-0.007786468706269576,PASS,2026-05-13T13:31:06Z,D20260513.01
9618.HK,HK,equity,2020-11-09,365.0,365.2,357.8,362.2,358.2,4800405.0,1740385447.7,0.011166945840312748,0.011166945840312748,0.011105055822701677,PASS,2026-05-13T13:31:06Z,D20260513.01
9618.HK,HK,equity,2020-11-10,335.0,340.6,323.0,330.4,362.2,17310752.0,5784797629.78,-0.08779679734953072,-0.08779679734953072,-0.09189250380249009,PASS,2026-05-13T13:31:06Z,D20260513.01
9618.HK,HK,equity,2020-11-11,309.8,314.8,300.0,300.0,330.4,16951314.0,5195474342.58,-0.09200968523002417,-0.09200968523002417,-0.0965215669906219,PASS,2026-05-13T13:31:06Z,D20260513.01
9618.HK,HK,equity,2020-11-12,320.0,326.8,317.2,323.0,300.0,10671161.0,3443570359.76,0.07666666666666666,0.07666666666666666,0.07386984856645548,PASS,2026-05-13T13:31:06Z,D20260513.01
9618.HK,HK,equity,2020-11-13,335.0,348.4,332.2,348.4,323.0,10216844.0,3509201813.94,0.07863777089783275,0.07863777089783275,0.07569892175569112,PASS,2026-05-13T13:31:06Z,D20260513.01
9618.HK,HK,equity,2020-11-16,360.0,368.2,348.6,368.0,348.4,9499722.0,3431019382.95,0.05625717566016086,0.05625717566016086,0.05473169319058332,PASS,2026-05-13T13:31:06Z,D20260513.01
9618.HK,HK,equity,2020-11-17,339.0,345.8,335.6,341.8,368.0,14658502.0,5007539863.93,-0.071195652173913,-0.071195652173913,-0.07385716748744035,PASS,2026-05-13T13:31:06Z,D20260513.01
9618.HK,HK,equity,2020-11-18,339.8,344.2,336.0,340.0,341.8,8649610.0,2938684795.69,-0.0052662375658280025,-0.0052662375658280025,-0.005280153071283475,PASS,2026-05-13T13:31:06Z,D20260513.01
9618.HK,HK,equity,2020-11-19,336.8,336.8,331.0,332.2,340.0,6629844.0,2205189932.98,-0.022941176470588243,-0.022941176470588243,-0.023208420431012584,PASS,2026-05-13T13:31:06Z,D20260513.01
9618.HK,HK,equity,2020-11-20,332.0,339.4,330.6,336.0,332.2,5109847.0,1711978822.89,0.011438892233594178,0.011438892233594178,0.011373962784009694,PASS,2026-05-13T13:31:06Z,D20260513.01
9618.HK,HK,equity,2020-11-23,341.0,345.2,338.4,344.6,336.0,4799775.0,1642568633.6,0.025595238095238226,0.025595238095238226,0.02527316413062514,PASS,2026-05-13T13:31:06Z,D20260513.01
9618.HK,HK,equity,2020-11-24,352.8,354.0,345.8,348.2,344.6,5550985.0,1940687696.9,0.010446894950667307,0.010446894950667307,0.010392703240259288,PASS,2026-05-13T13:31:06Z,D20260513.01
9618.HK,HK,equity,2020-11-25,349.0,352.4,339.6,343.0,348.2,5527376.0,1910893994.65,-0.014933946008041321,-0.014933946008041321,-0.015046580168148718,PASS,2026-05-13T13:31:06Z,D20260513.01
9618.HK,HK,equity,2020-11-26,343.0,346.8,340.6,345.8,343.0,3624361.0,1249166697.47,0.008163265306122547,0.008163265306122547,0.008130126083250309,PASS,2026-05-13T13:31:06Z,D20260513.01
9618.HK,HK,equity,2020-11-27,346.6,350.0,342.8,342.8,345.8,3090093.0,1066640817.05,-0.008675534991324452,-0.008675534991324452,-0.008713386525565388,PASS,2026-05-13T13:31:06Z,D20260513.01
9618.HK,HK,equity,2020-11-30,343.6,343.6,336.0,338.6,342.8,4435838.0,1502270483.84,-0.01225204200700114,-0.01225204200700114,-0.012327717024589756,PASS,2026-05-13T13:31:06Z,D20260513.01
9618.HK,HK,equity,2020-12-01,333.6,337.4,329.8,335.6,338.6,5343968.0,1781120025.72,-0.008860011813349056,-0.008860011813349056,-0.0088994951059838,PASS,2026-05-13T13:31:06Z,D20260513.01
9618.HK,HK,equity,2020-12-02,331.8,331.8,324.0,326.0,335.6,5631674.0,1843240439.41,-0.028605482717520947,-0.028605482717520947,-0.02902259322634356,PASS,2026-05-13T13:31:06Z,D20260513.01
9618.HK,HK,equity,2020-12-03,330.0,332.8,327.8,331.4,326.0,4841972.0,1600155152.3,0.016564417177914015,0.016564417177914015,0.0164287236257548,PASS,2026-05-13T13:31:06Z,D20260513.01
9618.HK,HK,equity,2020-12-04,333.0,343.6,332.6,339.4,331.4,7503488.0,2547512679.6,0.024140012070005934,0.024140012070005934,0.023853247807663305,PASS,2026-05-13T13:31:06Z,D20260513.01
9618.HK,HK,equity,2020-12-07,332.8,333.0,328.2,331.8,339.4,5379127.0,1777486067.16,-0.02239245727754846,-0.02239245727754846,-0.022646975043781666,PASS,2026-05-13T13:31:06Z,D20260513.01
9618.HK,HK,equity,2020-12-08,324.8,326.2,321.0,325.8,331.8,8216680.0,2666417146.65,-0.018083182640144635,-0.018083182640144635,-0.01824868158839933,PASS,2026-05-13T13:31:06Z,D20260513.01
9618.HK,HK,equity,2020-12-09,320.0,323.6,319.8,321.2,325.8,12619788.0,4058398656.35,-0.01411909146715784,-0.01411909146715784,-0.014219714095338223,PASS,2026-05-13T13:31:06Z,D20260513.01
9618.HK,HK,equity,2020-12-10,318.6,319.8,317.0,319.0,321.2,8185147.0,2613562832.39,-0.006849315068493067,-0.006849315068493067,-0.006872879287761952,PASS,2026-05-13T13:31:06Z,D20260513.01
9618.HK,HK,equity,2020-12-11,319.0,324.4,318.0,320.2,319.0,7589145.0,2434251847.7,0.0037617554858933033,0.0037617554858933033,0.003754697777769627,PASS,2026-05-13T13:31:06Z,D20260513.01
9618.HK,HK,equity,2020-12-14,321.0,322.8,313.4,315.2,320.2,6720726.0,2117514431.0,-0.015615240474703307,-0.015615240474703307,-0.015738442578890247,PASS,2026-05-13T13:31:06Z,D20260513.01
9618.HK,HK,equity,2020-12-15,309.0,310.2,302.2,306.4,315.2,11088321.0,3388270228.6,-0.027918781725888353,-0.027918781725888353,-0.028315920117287854,PASS,2026-05-13T13:31:06Z,D20260513.01
9618.HK,HK,equity,2020-12-16,308.8,317.4,307.2,311.6,306.4,7111959.0,2223669631.1,0.016971279373368287,0.016971279373368287,0.016828876130157103,PASS,2026-05-13T13:31:06Z,D20260513.01
9618.HK,HK,equity,2020-12-17,317.0,324.0,316.6,323.0,311.6,6066105.0,1950703904.59,0.03658536585365857,0.03658536585365857,0.03593200922606337,PASS,2026-05-13T13:31:06Z,D20260513.01
9618.HK,HK,equity,2020-12-18,321.0,322.0,316.8,320.4,323.0,11890700.0,3806668553.73,-0.008049535603715241,-0.008049535603715241,-0.008082108028452455,PASS,2026-05-13T13:31:06Z,D20260513.01
9618.HK,HK,equity,2020-12-21,318.0,318.2,313.2,313.4,320.4,5909369.0,1866787525.03,-0.021847690387016283,-0.021847690387016283,-0.022089885272283758,PASS,2026-05-13T13:31:06Z,D20260513.01
9618.HK,HK,equity,2020-12-22,315.0,321.4,313.2,315.2,313.4,4318485.0,1366533289.16,0.00574345883854499,0.00574345883854499,0.005727028061803607,PASS,2026-05-13T13:31:06Z,D20260513.01
9618.HK,HK,equity,2020-12-23,320.6,336.8,318.4,333.0,315.2,9682381.0,3197694449.8,0.056472081218274184,0.056472081218274184,0.05493513199671984,PASS,2026-05-13T13:31:06Z,D20260513.01
9618.HK,HK,equity,2020-12-24,326.0,333.6,321.0,325.4,333.0,4746655.0,1545335852.64,-0.022822822822822886,-0.022822822822822886,-0.023087295195506466,PASS,2026-05-13T13:31:06Z,D20260513.01
9618.HK,HK,equity,2020-12-28,323.0,323.8,315.0,318.4,325.4,6207213.0,1977481405.25,-0.021511985248924392,-0.021511985248924392,-0.021746740814709467,PASS,2026-05-13T13:31:06Z,D20260513.01
9618.HK,HK,equity,2020-12-29,317.6,324.8,316.8,322.0,318.4,4117028.0,1325705869.3,0.011306532663316604,0.011306532663316604,0.011243091574180377,PASS,2026-05-13T13:31:06Z,D20260513.01
9618.HK,HK,equity,2020-12-30,331.4,338.0,330.2,337.8,322.0,5290284.0,1773164206.7,0.04906832298136643,0.04906832298136643,0.04790245882929137,PASS,2026-05-13T13:31:06Z,D20260513.01
9618.HK,HK,equity,2020-12-31,344.0,346.2,340.4,342.0,337.8,3343847.0,1146550258.29,0.01243339253996445,0.01243339253996445,0.012356732688905428,PASS,2026-05-13T13:31:06Z,D20260513.01
9618.HK,HK,equity,2021-01-04,340.2,346.0,336.6,343.6,342.0,4312589.0,1473441430.4,0.004678362573099504,0.004678362573099504,0.004667453047495242,PASS,2026-05-13T13:31:06Z,D20260513.01
9618.HK,HK,equity,2021-01-05,335.4,340.8,333.8,338.8,343.6,3244487.0,1098313291.11,-0.01396973224679865,-0.01396973224679865,-0.014068227332201024,PASS,2026-05-13T13:31:06Z,D20260513.01
9618.HK,HK,equity,2021-01-06,363.8,367.8,356.6,365.0,338.8,10200927.0,3705403569.55,0.07733175914994095,0.07733175914994095,0.07448739080459216,PASS,2026-05-13T13:31:06Z,D20260513.01
9618.HK,HK,equity,2021-01-07,346.6,353.0,343.4,351.0,365.0,7080623.0,2469177355.15,-0.0383561643835616,-0.0383561643835616,-0.03911113011662565,PASS,2026-05-13T13:31:06Z,D20260513.01
9618.HK,HK,equity,2021-01-08,342.0,350.0,341.2,347.6,351.0,6109727.0,2117578268.4,-0.009686609686609615,-0.009686609686609615,-0.009733830074628766,PASS,2026-05-13T13:31:06Z,D20260513.01
9618.HK,HK,equity,2021-01-11,353.0,357.6,351.0,353.6,347.6,4907313.0,1737193058.19,0.017261219792865434,0.017261219792865434,0.01711393737225147,PASS,2026-05-13T13:31:06Z,D20260513.01
9618.HK,HK,equity,2021-01-12,350.4,358.0,350.4,352.8,353.6,3231081.0,1144988507.15,-0.002262443438914019,-0.002262443438914019,-0.002265006630852125,PASS,2026-05-13T13:31:06Z,D20260513.01
9618.HK,HK,equity,2021-01-13,345.4,347.4,343.6,346.6,352.8,4907614.0,1695725224.65,-0.017573696145124718,-0.017573696145124718,-0.017729946851130534,PASS,2026-05-13T13:31:06Z,D20260513.01
9618.HK,HK,equity,2021-01-14,351.0,355.6,350.4,353.4,346.6,2912710.0,1029215422.02,0.019619157530294196,0.019619157530294196,0.01942918260409023,PASS,2026-05-13T13:31:06Z,D20260513.01
9618.HK,HK,equity,2021-01-15,349.4,351.2,346.0,350.4,353.4,3910133.0,1364987933.95,-0.008488964346349714,-0.008488964346349714,-0.008525200823359617,PASS,2026-05-13T13:31:06Z,D20260513.01
9618.HK,HK,equity,2021-01-18,342.0,348.6,339.8,347.4,350.4,6262771.0,2161568114.4,-0.008561643835616417,-0.008561643835616417,-0.008598505255231793,PASS,2026-05-13T13:31:06Z,D20260513.01
9618.HK,HK,equity,2021-01-19,350.0,359.8,350.0,352.4,347.4,7201078.0,2545236083.35,0.014392630972941856,0.014392630972941856,0.014290040255019884,PASS,2026-05-13T13:31:06Z,D20260513.01
9618.HK,HK,equity,2021-01-20,354.8,369.4,352.0,364.2,352.4,9095720.0,3299525709.85,0.03348467650397269,0.03348467650397269,0.03293627323148307,PASS,2026-05-13T13:31:06Z,D20260513.01
9618.HK,HK,equity,2021-01-21,371.0,377.8,366.0,370.0,364.2,7783199.0,2899904761.9,0.015925315760571213,0.015925315760571213,0.015799838344762646,PASS,2026-05-13T13:31:06Z,D20260513.01
9618.HK,HK,equity,2021-01-22,370.0,373.8,363.6,365.2,370.0,3971471.0,1462359055.19,-0.012972972972972951,-0.012972972972972951,-0.013057856917456704,PASS,2026-05-13T13:31:06Z,D20260513.01
9618.HK,HK,equity,2021-01-25,370.0,389.0,370.0,387.6,365.2,8276429.0,3184516380.1,0.06133625410733856,0.06133625410733856,0.059528731295797874,PASS,2026-05-13T13:31:06Z,D20260513.01
9618.HK,HK,equity,2021-01-26,385.8,389.8,378.0,382.0,387.6,6236887.0,2387037344.75,-0.014447884416924683,-0.014447884416924683,-0.014553271410036003,PASS,2026-05-13T13:31:06Z,D20260513.01
9618.HK,HK,equity,2021-01-27,376.0,377.8,363.4,372.8,382.0,6956387.0,2581670313.4,-0.02408376963350778,-0.02408376963350778,-0.024378525795138987,PASS,2026-05-13T13:31:06Z,D20260513.01
9618.HK,HK,equity,2021-01-28,351.8,356.0,346.0,350.4,372.8,13272231.0,4643794579.5,-0.06008583690987135,-0.06008583690987135,-0.061966723749199856,PASS,2026-05-13T13:31:06Z,D20260513.01
9618.HK,HK,equity,2021-01-29,355.0,358.8,342.4,345.8,350.4,6382292.0,2225320131.2,-0.013127853881278462,-0.013127853881278462,-0.01321478581304617,PASS,2026-05-13T13:31:06Z,D20260513.01
9618.HK,HK,equity,2021-02-01,344.4,355.8,344.0,353.0,345.8,5495973.0,1930712477.76,0.020821283979178595,0.020821283979178595,0.020607483684106524,PASS,2026-05-13T13:31:06Z,D20260513.01
9618.HK,HK,equity,2021-02-02,360.0,375.6,359.4,372.4,353.0,8138153.0,3009448211.77,0.05495750708215286,0.05495750708215286,0.05350048846961512,PASS,2026-05-13T13:31:06Z,D20260513.01
9618.HK,HK,equity,2021-02-03,373.2,382.2,368.4,377.6,372.4,6309732.0,2376648101.4,0.013963480128893702,0.013963480128893702,0.013866888868433656,PASS,2026-05-13T13:31:06Z,D20260513.01
9618.HK,HK,equity,2021-02-04,370.0,371.8,359.8,368.0,377.6,5701389.0,2091950408.88,-0.025423728813559365,-0.025423728813559365,-0.02575249610241474,PASS,2026-05-13T13:31:06Z,D20260513.01
9618.HK,HK,equity,2021-02-05,371.6,375.4,368.6,369.6,368.0,3745232.0,1391909923.95,0.004347826086956497,0.004347826086956497,0.004338401598598141,PASS,2026-05-13T13:31:06Z,D20260513.01
9618.HK,HK,equity,2021-02-08,375.6,378.2,365.6,367.4,369.6,3609172.0,1341196601.45,-0.005952380952381042,-0.005952380952381042,-0.005970166986503908,PASS,2026-05-13T13:31:06Z,D20260513.01
9618.HK,HK,equity,2021-02-09,367.6,369.2,362.4,367.0,367.4,3661107.0,1340588428.4,-0.0010887316276537717,-0.0010887316276537717,-0.0010893247264549934,PASS,2026-05-13T13:31:06Z,D20260513.01
9618.HK,HK,equity,2021-02-10,376.0,386.0,375.6,384.0,367.0,6119575.0,2342290637.2,0.04632152588555849,0.04632152588555849,0.045280704533156496,PASS,2026-05-13T13:31:06Z,D20260513.01
9618.HK,HK,equity,2021-02-11,383.0,386.8,380.2,386.8,384.0,1727383.0,664647587.7,0.007291666666666696,0.007291666666666696,0.007265210991412432,PASS,2026-05-13T13:31:06Z,D20260513.01
9618.HK,HK,equity,2021-02-16,393.0,394.8,388.0,391.6,386.8,4534364.0,1776974870.95,0.012409513960703222,0.012409513960703222,0.012333147077216073,PASS,2026-05-13T13:31:06Z,D20260513.01
9618.HK,HK,equity,2021-02-17,399.6,419.8,398.4,416.8,391.6,8193956.0,3386710509.85,0.06435137895812049,0.06435137895812049,0.0623655797828018,PASS,2026-05-13T13:31:06Z,D20260513.01
9618.HK,HK,equity,2021-02-18,422.4,422.8,408.4,413.6,416.8,5764341.0,2385549430.72,-0.007677543186180413,-0.007677543186180413,-0.007707167244937778,PASS,2026-05-13T13:31:06Z,D20260513.01
9618.HK,HK,equity,2021-02-19,406.4,410.6,393.2,410.6,413.6,4735906.0,1911298453.59,-0.007253384912959349,-0.007253384912959349,-0.007279818609386146,PASS,2026-05-13T13:31:06Z,D20260513.01
9618.HK,HK,equity,2021-02-22,413.8,414.2,395.0,395.0,410.6,4730672.0,1898022996.06,-0.03799318071115443,-0.03799318071115443,-0.03873373968371135,PASS,2026-05-13T13:31:06Z,D20260513.01
9618.HK,HK,equity,2021-02-23,380.0,392.6,375.8,389.0,395.0,7684387.0,2964373785.05,-0.015189873417721489,-0.015189873417721489,-0.015306421282675545,PASS,2026-05-13T13:31:06Z,D20260513.01
9618.HK,HK,equity,2021-02-24,389.0,391.0,367.2,373.8,389.0,7389001.0,2768809990.36,-0.03907455012853467,-0.03907455012853467,-0.03985844859698379,PASS,2026-05-13T13:31:06Z,D20260513.01
9618.HK,HK,equity,2021-02-25,378.0,383.4,369.2,378.0,373.8,5002837.0,1883670080.81,0.011235955056179803,0.011235955056179803,0.011173300598125255,PASS,2026-05-13T13:31:06Z,D20260513.01
9618.HK,HK,equity,2021-02-26,356.8,365.4,353.6,360.0,378.0,7604685.0,2745483386.83,-0.04761904761904767,-0.04761904761904767,-0.048790164169432056,PASS,2026-05-13T13:31:06Z,D20260513.01
9618.HK,HK,equity,2021-03-01,363.0,374.6,363.0,374.6,360.0,5392759.0,1996689100.9,0.04055555555555568,0.04055555555555568,0.03975475855983257,PASS,2026-05-13T13:31:06Z,D20260513.01
9618.HK,HK,equity,2021-03-02,384.4,388.6,375.2,377.8,374.6,6211340.0,2375461149.95,0.008542445274959842,0.008542445274959842,0.008506165057420925,PASS,2026-05-13T13:31:06Z,D20260513.01
9618.HK,HK,equity,2021-03-03,376.6,377.8,368.4,377.8,377.8,3867732.0,1446187003.71,0.0,0.0,0.0,PASS,2026-05-13T13:31:06Z,D20260513.01
9618.HK,HK,equity,2021-03-04,364.8,366.0,357.0,362.8,377.8,7079842.0,2566132594.33,-0.03970354685018529,-0.03970354685018529,-0.04051323682642765,PASS,2026-05-13T13:31:06Z,D20260513.01
9618.HK,HK,equity,2021-03-08,354.6,354.8,331.8,336.2,357.4,9474502.0,3216151539.6,-0.05931729155008392,-0.05931729155008392,-0.06114938175081241,PASS,2026-05-13T13:31:06Z,D20260513.01
9618.HK,HK,equity,2021-03-09,330.0,341.0,319.4,327.0,336.2,10424128.0,3422319295.32,-0.027364663890541263,-0.027364663890541263,-0.027746050077261757,PASS,2026-05-13T13:31:06Z,D20260513.01
9618.HK,HK,equity,2021-03-10,347.0,348.2,339.4,341.4,327.0,5847436.0,2007738016.6,0.044036697247706424,0.044036697247706424,0.04309463946308685,PASS,2026-05-13T13:31:06Z,D20260513.01
9618.HK,HK,equity,2021-03-11,346.0,363.0,345.2,360.8,341.4,5729258.0,2046866925.9,0.05682483889865275,0.05682483889865275,0.05526897782812849,PASS,2026-05-13T13:31:06Z,D20260513.01
9618.HK,HK,equity,2021-03-12,353.6,353.6,339.0,343.4,360.8,12357281.0,4252406282.6,-0.04822616407982272,-0.04822616407982272,-0.04942783972509354,PASS,2026-05-13T13:31:06Z,D20260513.01
9618.HK,HK,equity,2021-03-15,329.0,330.0,318.4,322.2,343.4,12174234.0,3944326777.25,-0.061735585323238196,-0.061735585323238196,-0.06372347772050115,PASS,2026-05-13T13:31:06Z,D20260513.01
9618.HK,HK,equity,2021-03-16,331.6,336.8,328.6,331.0,322.2,5668725.0,1881345362.2,0.027312228429546836,0.027312228429546836,0.026945904634188868,PASS,2026-05-13T13:31:06Z,D20260513.01
9618.HK,HK,equity,2021-03-17,329.0,333.0,324.0,329.0,331.0,3642710.0,1197344398.3,-0.0060422960725075026,-0.0060422960725075026,-0.006060624611690958,PASS,2026-05-13T13:31:06Z,D20260513.01
9618.HK,HK,equity,2021-03-18,334.0,336.8,331.0,331.0,329.0,4783318.0,1594400633.9,0.006079027355623046,0.006079027355623046,0.0060606246116909545,PASS,2026-05-13T13:31:06Z,D20260513.01
9618.HK,HK,equity,2021-03-19,325.0,328.8,322.0,326.4,331.0,6190440.0,2013490470.85,-0.013897280966767456,-0.013897280966767456,-0.013994752287111042,PASS,2026-05-13T13:31:06Z,D20260513.01
9618.HK,HK,equity,2021-03-22,326.2,333.6,326.2,328.0,326.4,2635125.0,866072668.95,0.004901960784313708,0.004901960784313708,0.00488998529419177,PASS,2026-05-13T13:31:06Z,D20260513.01
9618.HK,HK,equity,2021-03-23,333.0,333.0,320.0,323.0,328.0,2887668.0,932686813.85,-0.015243902439024404,-0.015243902439024404,-0.015361285161487206,PASS,2026-05-13T13:31:06Z,D20260513.01
9618.HK,HK,equity,2021-03-24,325.0,327.8,316.2,319.2,323.0,5456416.0,1740926608.75,-0.01176470588235301,-0.01176470588235301,-0.01183445764700291,PASS,2026-05-13T13:31:06Z,D20260513.01
9618.HK,HK,equity,2021-03-25,308.0,309.2,298.0,307.8,319.2,7887111.0,2406183833.61,-0.0357142857142857,-0.0357142857142857,-0.03636764417087483,PASS,2026-05-13T13:31:06Z,D20260513.01
9618.HK,HK,equity,2021-03-26,308.8,316.0,306.8,313.2,307.8,3243485.0,1014567230.1,0.01754385964912264,0.01754385964912264,0.01739174271186902,PASS,2026-05-13T13:31:06Z,D20260513.01
9618.HK,HK,equity,2021-03-29,317.0,320.2,310.0,313.4,313.2,3934800.0,1234924878.65,0.0006385696040867028,0.0006385696040867028,0.0006383658052722746,PASS,2026-05-13T13:31:06Z,D20260513.01
9618.HK,HK,equity,2021-03-30,321.0,325.4,317.0,319.0,313.4,4469920.0,1435561824.4,0.01786853860880666,0.01786853860880666,0.01771077286292414,PASS,2026-05-13T13:31:06Z,D20260513.01
9618.HK,HK,equity,2021-03-31,326.0,327.4,321.2,322.0,319.0,3798164.0,1230407210.35,0.00940438871473348,0.00940438871473348,0.009360442759563672,PASS,2026-05-13T13:31:06Z,D20260513.01
9618.HK,HK,equity,2021-04-01,328.6,338.2,326.6,336.2,322.0,6303187.0,2104503583.25,0.04409937888198745,0.04409937888198745,0.04315467543010681,PASS,2026-05-13T13:31:06Z,D20260513.01
9618.HK,HK,equity,2021-04-07,327.0,327.4,321.0,324.4,336.2,4624561.0,1498387841.89,-0.035098155859607405,-0.035098155859607405,-0.03572889873325741,PASS,2026-05-13T13:31:06Z,D20260513.01
9618.HK,HK,equity,2021-04-08,317.0,323.4,315.2,320.8,324.4,4969124.0,1592357202.2,-0.011097410604192226,-0.011097410604192226,-0.011159446248898296,PASS,2026-05-13T13:31:06Z,D20260513.01
9618.HK,HK,equity,2021-04-09,320.8,320.8,312.8,316.0,320.8,3288043.0,1036696189.5,-0.014962593516209544,-0.014962593516209544,-0.015075662405447386,PASS,2026-05-13T13:31:06Z,D20260513.01
9618.HK,HK,equity,2021-04-12,315.0,315.0,303.2,309.2,316.0,5424736.0,1671300985.15,-0.021518987341772156,-0.021518987341772156,-0.02175389687364522,PASS,2026-05-13T13:31:06Z,D20260513.01
9618.HK,HK,equity,2021-04-13,305.2,307.8,295.4,298.4,309.2,9310823.0,2798452077.39,-0.03492884864165591,-0.03492884864165591,-0.03555344838366113,PASS,2026-05-13T13:31:06Z,D20260513.01
9618.HK,HK,equity,2021-04-14,303.4,307.8,303.2,306.0,298.4,5481245.0,1672773332.3,0.025469168900804418,0.025469168900804418,0.02515023362277511,PASS,2026-05-13T13:31:06Z,D20260513.01
9618.HK,HK,equity,2021-04-15,303.0,303.2,298.0,301.0,306.0,4915355.0,1475834439.85,-0.016339869281045805,-0.016339869281045805,-0.016474837203505097,PASS,2026-05-13T13:31:06Z,D20260513.01
9618.HK,HK,equity,2021-04-16,301.0,304.4,299.2,303.0,301.0,3173306.0,958581277.7,0.006644518272425293,0.006644518272425293,0.006622540760493457,PASS,2026-05-13T13:31:06Z,D20260513.01
9618.HK,HK,equity,2021-04-19,299.0,302.6,296.0,301.4,303.0,6140290.0,1839551588.2,-0.005280528052805322,-0.005280528052805322,-0.005294519316974099,PASS,2026-05-13T13:31:06Z,D20260513.01
9618.HK,HK,equity,2021-04-20,298.2,301.0,296.4,298.0,301.4,5085730.0,1514582230.15,-0.011280690112806857,-0.011280690112806857,-0.01134479968699059,PASS,2026-05-13T13:31:06Z,D20260513.01
9618.HK,HK,equity,2021-04-21,289.8,290.0,284.0,287.2,298.0,12479182.0,3581247908.55,-0.03624161073825505,-0.03624161073825505,-0.03691464933133535,PASS,2026-05-13T13:31:06Z,D20260513.01
9618.HK,HK,equity,2021-04-22,291.0,295.0,288.4,291.4,287.2,4029795.0,1173724538.32,0.014623955431754876,0.014623955431754876,0.014518056587035342,PASS,2026-05-13T13:31:06Z,D20260513.01
9618.HK,HK,equity,2021-04-23,295.0,298.4,293.2,297.0,291.4,3233401.0,959333269.65,0.019217570350034352,0.019217570350034352,0.019035245041595195,PASS,2026-05-13T13:31:06Z,D20260513.01
9618.HK,HK,equity,2021-04-26,298.0,303.6,298.0,299.2,297.0,4647326.0,1397605063.05,0.007407407407407307,0.007407407407407307,0.00738010729762246,PASS,2026-05-13T13:31:06Z,D20260513.01
9618.HK,HK,equity,2021-04-27,299.0,300.0,295.8,298.0,299.2,2989807.0,890200971.8,-0.004010695187165791,-0.004010695187165791,-0.004018759594917744,PASS,2026-05-13T13:31:06Z,D20260513.01
9618.HK,HK,equity,2021-04-28,306.0,312.0,301.2,304.6,298.0,5966680.0,1832040125.7,0.022147651006711566,0.022147651006711566,0.02190595395565714,PASS,2026-05-13T13:31:06Z,D20260513.01
9618.HK,HK,equity,2021-04-29,309.6,310.8,305.2,307.0,304.6,2525149.0,776466606.15,0.007879185817465384,0.007879185817465384,0.007848307126135575,PASS,2026-05-13T13:31:06Z,D20260513.01
9618.HK,HK,equity,2021-04-30,302.0,302.0,297.2,298.8,307.0,3616470.0,1082016018.65,-0.026710097719869652,-0.026710097719869652,-0.027073294328534857,PASS,2026-05-13T13:31:06Z,D20260513.01
9618.HK,HK,equity,2021-05-03,299.0,302.0,297.4,298.8,298.8,2997664.0,897035043.79,0.0,0.0,0.0,PASS,2026-05-13T13:31:06Z,D20260513.01
9618.HK,HK,equity,2021-05-04,297.0,302.6,297.0,300.8,298.8,1845055.0,553943652.6,0.006693440428380271,0.006693440428380271,0.006671138817022601,PASS,2026-05-13T13:31:06Z,D20260513.01
9618.HK,HK,equity,2021-05-05,295.2,297.4,293.2,296.0,300.8,2699099.0,798689576.5,-0.015957446808510634,-0.015957446808510634,-0.01608613775162438,PASS,2026-05-13T13:31:06Z,D20260513.01
9618.HK,HK,equity,2021-05-06,296.6,299.8,293.6,295.4,296.0,3171637.0,939095674.05,-0.002027027027027062,-0.002027027027027062,-0.002029084226780981,PASS,2026-05-13T13:31:06Z,D20260513.01
9618.HK,HK,equity,2021-05-07,297.0,299.8,292.0,292.6,295.4,2850882.0,840320737.94,-0.009478672985781866,-0.009478672985781866,-0.009523881511255366,PASS,2026-05-13T13:31:06Z,D20260513.01
9618.HK,HK,equity,2021-05-10,294.6,295.0,283.6,287.2,292.6,4604034.0,1321556058.05,-0.018455228981544836,-0.018455228981544836,-0.018627651411954882,PASS,2026-05-13T13:31:06Z,D20260513.01
9618.HK,HK,equity,2021-05-11,274.0,275.0,267.4,272.2,287.2,8983155.0,2438458244.0,-0.0522284122562674,-0.0522284122562674,-0.05364174695670341,PASS,2026-05-13T13:31:06Z,D20260513.01
9618.HK,HK,equity,2021-05-12,278.8,287.0,278.6,286.4,272.2,5221350.0,1481773277.5,0.0521675238795003,0.0521675238795003,0.05085234486912479,PASS,2026-05-13T13:31:06Z,D20260513.01
9618.HK,HK,equity,2021-05-13,279.0,279.8,275.0,276.6,286.4,3431222.0,950744671.2,-0.03421787709497193,-0.03421787709497193,-0.03481701585583257,PASS,2026-05-13T13:31:06Z,D20260513.01
9618.HK,HK,equity,2021-05-14,264.8,268.4,261.0,268.2,276.6,9953866.0,2641152571.15,-0.030368763557483858,-0.030368763557483858,-0.030839448383079816,PASS,2026-05-13T13:31:06Z,D20260513.01
9618.HK,HK,equity,2021-05-17,264.8,267.0,261.6,265.8,268.2,9107426.0,2408995766.21,-0.008948545861297452,-0.008948545861297452,-0.008988824568433107,PASS,2026-05-13T13:31:06Z,D20260513.01
9618.HK,HK,equity,2021-05-18,269.6,271.6,266.8,270.8,265.8,4415339.0,1189250073.2,0.018811136192625977,0.018811136192625977,0.018636394758974915,PASS,2026-05-13T13:31:06Z,D20260513.01
9618.HK,HK,equity,2021-05-20,275.4,285.0,275.4,280.8,270.8,8532149.0,2398490363.9,0.03692762186115206,0.03692762186115206,0.036262131113536045,PASS,2026-05-13T13:31:06Z,D20260513.01
9618.HK,HK,equity,2021-05-21,291.8,292.6,288.2,288.8,280.8,8727689.0,2529426548.38,0.028490028490028463,0.028490028490028463,0.028091734867015085,PASS,2026-05-13T13:31:06Z,D20260513.01
9618.HK,HK,equity,2021-05-24,282.4,282.6,276.8,282.4,288.8,5562028.0,1560573105.56,-0.02216066481994472,-0.02216066481994472,-0.02240990139958428,PASS,2026-05-13T13:31:06Z,D20260513.01
9618.HK,HK,equity,2021-05-25,278.2,286.2,277.0,285.0,282.4,4416752.0,1250489209.55,0.009206798866855603,0.009206798866855603,0.009164674649563593,PASS,2026-05-13T13:31:06Z,D20260513.01
9618.HK,HK,equity,2021-05-26,286.0,291.0,285.6,287.6,285.0,3707365.0,1069318685.5,0.009122807017543977,0.009122807017543977,0.009081445578241214,PASS,2026-05-13T13:31:06Z,D20260513.01
9618.HK,HK,equity,2021-05-27,285.0,286.2,282.6,284.4,287.6,3500292.0,997208278.0,-0.011126564673157313,-0.011126564673157313,-0.011188927917805964,PASS,2026-05-13T13:31:06Z,D20260513.01
9618.HK,HK,equity,2021-05-28,286.8,286.8,281.0,282.4,284.4,3432284.0,971797746.3,-0.007032348804500654,-0.007032348804500654,-0.007057192309998751,PASS,2026-05-13T13:31:06Z,D20260513.01
9618.HK,HK,equity,2021-05-31,286.4,292.0,285.6,291.2,282.4,3616214.0,1048617160.1,0.031161473087818692,0.031161473087818692,0.030685810703443887,PASS,2026-05-13T13:31:06Z,D20260513.01
9618.HK,HK,equity,2021-06-01,294.0,299.0,293.2,297.8,291.2,5987869.0,1776645728.4,0.022664835164835306,0.022664835164835306,0.022411803927377846,PASS,2026-05-13T13:31:06Z,D20260513.01
9618.HK,HK,equity,2021-06-02,303.6,305.8,298.6,299.8,297.8,6518988.0,1968523861.15,0.00671591672263272,0.00671591672263272,0.006693465418588799,PASS,2026-05-13T13:31:06Z,D20260513.01
9618.HK,HK,equity,2021-06-03,298.2,300.0,294.4,295.8,299.8,3170345.0,941629036.45,-0.013342228152101399,-0.013342228152101399,-0.013432035391797903,PASS,2026-05-13T13:31:06Z,D20260513.01
9618.HK,HK,equity,2021-06-04,294.0,298.8,290.8,295.4,295.8,3272562.0,965920175.06,-0.0013522650439486972,-0.0013522650439486972,-0.0013531801794200813,PASS,2026-05-13T13:31:06Z,D20260513.01
9618.HK,HK,equity,2021-06-07,290.4,292.0,286.2,289.2,295.4,3298122.0,951932063.13,-0.02098849018280291,-0.02098849018280291,-0.021211879812669733,PASS,2026-05-13T13:31:06Z,D20260513.01
9618.HK,HK,equity,2021-06-08,292.0,292.0,285.0,288.0,289.2,2663573.0,765555208.4,-0.004149377593360981,-0.004149377593360981,-0.004158010148663677,PASS,2026-05-13T13:31:06Z,D20260513.01
9618.HK,HK,equity,2021-06-09,284.6,284.8,280.0,281.4,288.0,4881901.0,1373188720.15,-0.022916666666666696,-0.022916666666666696,-0.02318333545565728,PASS,2026-05-13T13:31:06Z,D20260513.01
9618.HK,HK,equity,2021-06-10,281.4,285.6,280.2,283.4,281.4,2451267.0,694944796.35,0.007107320540156392,0.007107320540156392,0.0070821825762914115,PASS,2026-05-13T13:31:06Z,D20260513.01
9618.HK,HK,equity,2021-06-11,279.0,280.0,277.2,279.2,283.4,4835571.0,1346925105.2,-0.014820042342978068,-0.014820042342978068,-0.0149309563683626,PASS,2026-05-13T13:31:06Z,D20260513.01
9618.HK,HK,equity,2021-06-15,278.0,278.4,274.2,276.0,279.2,4724469.0,1305087250.91,-0.011461318051575908,-0.011461318051575908,-0.011527505171067383,PASS,2026-05-13T13:31:06Z,D20260513.01
9618.HK,HK,equity,2021-06-16,276.0,276.6,272.6,273.8,276.0,4397356.0,1207414067.0,-0.007971014492753614,-0.007971014492753614,-0.008002952862801479,PASS,2026-05-13T13:31:06Z,D20260513.01
9618.HK,HK,equity,2021-06-17,275.2,282.2,275.2,276.6,273.8,2980751.0,827410000.6,0.010226442658875179,0.010226442658875179,0.010174506376309407,PASS,2026-05-13T13:31:06Z,D20260513.01
9618.HK,HK,equity,2021-06-18,285.0,289.6,284.0,286.4,276.6,7176870.0,2057022010.8,0.03543022415039743,0.03543022415039743,0.03481701585583247,PASS,2026-05-13T13:31:06Z,D20260513.01
9618.HK,HK,equity,2021-06-21,278.0,280.2,275.6,280.0,286.4,5321187.0,1481476054.65,-0.022346368715083775,-0.022346368715083775,-0.02259983191724092,PASS,2026-05-13T13:31:06Z,D20260513.01
9618.HK,HK,equity,2021-06-22,280.0,282.0,277.6,278.8,280.0,2445189.0,682137476.0,-0.004285714285714226,-0.004285714285714226,-0.004294924282880729,PASS,2026-05-13T13:31:06Z,D20260513.01
9618.HK,HK,equity,2021-06-23,284.8,287.8,284.0,286.0,278.8,4274506.0,1223851014.05,0.02582496413199431,0.02582496413199431,0.025497131933483817,PASS,2026-05-13T13:31:06Z,D20260513.01
9618.HK,HK,equity,2021-06-24,286.0,288.4,284.0,286.2,286.0,3814626.0,1093506311.36,0.0006993006993005757,0.0006993006993005757,0.0006990563024978207,PASS,2026-05-13T13:31:06Z,D20260513.01
9618.HK,HK,equity,2021-06-25,291.2,296.8,290.4,295.0,286.2,6194875.0,1825196573.81,0.030747728860936352,0.030747728860936352,0.03028448921746924,PASS,2026-05-13T13:31:06Z,D20260513.01
9618.HK,HK,equity,2021-06-28,299.0,305.0,299.0,300.2,295.0,4270196.0,1286342877.2,0.01762711864406774,0.01762711864406774,0.0174735628595417,PASS,2026-05-13T13:31:06Z,D20260513.01
9618.HK,HK,equity,2021-06-29,300.4,307.6,300.0,302.0,300.2,6532320.0,1978039417.09,0.005996002664890199,0.005996002664890199,0.005978098175508183,PASS,2026-05-13T13:31:06Z,D20260513.01
9618.HK,HK,equity,2021-06-30,309.6,309.6,304.4,305.4,302.0,5428940.0,1663305565.67,0.011258278145695355,0.011258278145695355,0.011195375409662412,PASS,2026-05-13T13:31:06Z,D20260513.01
9618.HK,HK,equity,2021-07-02,304.6,304.6,297.2,300.8,305.4,6978208.0,2096083260.32,-0.015062213490504184,-0.015062213490504184,-0.015176800708847226,PASS,2026-05-13T13:31:06Z,D20260513.01
9618.HK,HK,equity,2021-07-05,295.2,297.2,289.8,292.0,300.8,4963743.0,1452414285.13,-0.0292553191489362,-0.0292553191489362,-0.02969178980740304,PASS,2026-05-13T13:31:06Z,D20260513.01
9618.HK,HK,equity,2021-07-06,292.0,295.2,289.2,293.2,292.0,1871064.0,546700624.4,0.004109589041095818,0.004109589041095818,0.004101167744214607,PASS,2026-05-13T13:31:06Z,D20260513.01
9618.HK,HK,equity,2021-07-07,283.6,287.4,281.6,287.0,293.2,6441944.0,1836363292.4,-0.02114597544338337,-0.02114597544338337,-0.021372754252875333,PASS,2026-05-13T13:31:06Z,D20260513.01
9618.HK,HK,equity,2021-07-08,279.0,281.8,276.0,276.6,287.0,6941862.0,1929903224.29,-0.036236933797909376,-0.036236933797909376,-0.03690979652896324,PASS,2026-05-13T13:31:06Z,D20260513.01
9618.HK,HK,equity,2021-07-09,275.0,280.2,269.0,279.0,276.6,5777611.0,1598811362.5,0.00867678958785234,0.00867678958785234,0.00863936259070764,PASS,2026-05-13T13:31:06Z,D20260513.01
9618.HK,HK,equity,2021-07-12,284.0,286.0,279.8,281.4,279.0,4723965.0,1336221518.0,0.008602150537634357,0.008602150537634357,0.008565362858923,PASS,2026-05-13T13:31:06Z,D20260513.01
9618.HK,HK,equity,2021-07-13,285.0,294.6,283.0,291.0,281.4,5781729.0,1674701309.55,0.03411513859275073,0.03411513859275073,0.03354612249120402,PASS,2026-05-13T13:31:06Z,D20260513.01
9618.HK,HK,equity,2021-07-14,297.6,298.8,294.6,295.8,291.0,6928302.0,2053564061.2,0.016494845360824684,0.016494845360824684,0.016360283105206853,PASS,2026-05-13T13:31:06Z,D20260513.01
9618.HK,HK,equity,2021-07-15,295.2,299.6,293.0,297.0,295.8,4565622.0,1356422850.3,0.0040567951318457585,0.0040567951318457585,0.004048588526000111,PASS,2026-05-13T13:31:06Z,D20260513.01
9618.HK,HK,equity,2021-07-16,298.4,300.0,295.2,298.0,297.0,3115372.0,928979676.6,0.0033670033670034627,0.0033670033670034627,0.0033613477027049274,PASS,2026-05-13T13:31:06Z,D20260513.01
9618.HK,HK,equity,2021-07-19,292.6,293.4,288.0,289.6,298.0,3140552.0,910137212.45,-0.028187919463087185,-0.028187919463087185,-0.028592825993843086,PASS,2026-05-13T13:31:06Z,D20260513.01
9618.HK,HK,equity,2021-07-20,288.0,292.6,286.6,287.8,289.6,2057975.0,593360077.35,-0.006215469613259694,-0.006215469613259694,-0.006234866058293884,PASS,2026-05-13T13:31:06Z,D20260513.01
9618.HK,HK,equity,2021-07-21,286.6,289.2,282.8,286.2,287.8,2165207.0,618451294.2,-0.005559416261292638,-0.005559416261292638,-0.0055749273309169825,PASS,2026-05-13T13:31:06Z,D20260513.01
9618.HK,HK,equity,2021-07-22,291.2,296.6,291.2,295.2,286.2,2697633.0,794191118.6,0.03144654088050314,0.03144654088050314,0.03096222560396689,PASS,2026-05-13T13:31:06Z,D20260513.01
9618.HK,HK,equity,2021-07-23,297.0,297.2,288.0,289.8,295.2,2394028.0,696653944.45,-0.018292682926829174,-0.018292682926829174,-0.01846206283973533,PASS,2026-05-13T13:31:06Z,D20260513.01
9618.HK,HK,equity,2021-07-26,279.2,279.2,266.8,267.2,289.8,9397687.0,2555630629.05,-0.07798481711525196,-0.07798481711525196,-0.08119358822409141,PASS,2026-05-13T13:31:06Z,D20260513.01
9618.HK,HK,equity,2021-07-27,258.0,262.6,238.2,242.0,267.2,16523228.0,4118176796.77,-0.09431137724550898,-0.09431137724550898,-0.09905971550580425,PASS,2026-05-13T13:31:06Z,D20260513.01
9618.HK,HK,equity,2021-07-28,251.2,255.0,241.2,251.0,242.0,10380744.0,2577473710.4,0.037190082644628086,0.037190082644628086,0.03651521297509747,PASS,2026-05-13T13:31:06Z,D20260513.01
9618.HK,HK,equity,2021-07-29,272.0,283.2,268.6,283.2,251.0,11726410.0,3240304235.38,0.12828685258964145,0.12828685258964145,0.12070042268778082,PASS,2026-05-13T13:31:06Z,D20260513.01
9618.HK,HK,equity,2021-07-30,276.0,277.6,270.4,276.6,283.2,5418352.0,1487696363.29,-0.02330508474576254,-0.02330508474576254,-0.023580942588906684,PASS,2026-05-13T13:31:06Z,D20260513.01
9618.HK,HK,equity,2021-08-02,279.2,279.2,270.2,277.2,276.6,3938732.0,1086598965.5,0.002169197396963085,0.002169197396963085,0.002166848085090293,PASS,2026-05-13T13:31:06Z,D20260513.01
9618.HK,HK,equity,2021-08-03,285.8,285.8,271.2,275.8,277.2,6514363.0,1802630170.1,-0.005050505050504972,-0.005050505050504972,-0.005063301956546651,PASS,2026-05-13T13:31:06Z,D20260513.01
9618.HK,HK,equity,2021-08-04,272.0,282.8,271.2,277.4,275.8,3837901.0,1069323334.8,0.005801305293690939,0.005801305293690939,0.0057845425215296365,PASS,2026-05-13T13:31:06Z,D20260513.01
9618.HK,HK,equity,2021-08-05,277.4,281.2,273.0,273.6,277.4,2194268.0,606412755.1,-0.013698630136986134,-0.013698630136986134,-0.013793322132335648,PASS,2026-05-13T13:31:06Z,D20260513.01
9618.HK,HK,equity,2021-08-06,273.0,278.0,269.6,276.4,273.6,2629143.0,723675658.84,0.010233918128654818,0.010233918128654818,0.010181906145119284,PASS,2026-05-13T13:31:06Z,D20260513.01
9618.HK,HK,equity,2021-08-09,270.0,277.0,267.0,273.4,276.4,3735189.0,1020106685.68,-0.01085383502170767,-0.01085383502170767,-0.010913167603665645,PASS,2026-05-13T13:31:06Z,D20260513.01
9618.HK,HK,equity,2021-08-10,278.2,286.4,276.6,285.2,273.4,3440279.0,973381286.2,0.0431602048280908,0.0431602048280908,0.042254764250291774,PASS,2026-05-13T13:31:06Z,D20260513.01
9618.HK,HK,equity,2021-08-11,280.0,286.0,277.4,281.6,285.2,2946149.0,830625902.95,-0.012622720897615625,-0.012622720897615625,-0.01270306425625345,PASS,2026-05-13T13:31:06Z,D20260513.01
9618.HK,HK,equity,2021-08-12,278.0,279.8,274.0,276.2,281.6,3865338.0,1069730229.5,-0.019176136363636465,-0.019176136363636465,-0.019362383308695694,PASS,2026-05-13T13:31:06Z,D20260513.01
9618.HK,HK,equity,2021-08-13,273.6,279.8,272.4,274.0,276.2,3922730.0,1076426465.6,-0.007965242577842147,-0.007965242577842147,-0.007997134587121523,PASS,2026-05-13T13:31:06Z,D20260513.01
9618.HK,HK,equity,2021-08-16,271.0,273.0,262.0,263.6,274.0,4220101.0,1117294843.3,-0.03795620437956193,-0.03795620437956193,-0.038695303759717956,PASS,2026-05-13T13:31:06Z,D20260513.01
9618.HK,HK,equity,2021-08-17,259.8,260.0,245.2,250.0,263.6,7827200.0,1985405869.15,-0.0515933232169955,-0.0515933232169955,-0.05297188476610578,PASS,2026-05-13T13:31:06Z,D20260513.01
9618.HK,HK,equity,2021-08-18,250.8,256.4,250.2,253.4,250.0,4645307.0,1177236861.3,0.013600000000000056,0.013600000000000056,0.0135083500247923,PASS,2026-05-13T13:31:06Z,D20260513.01
9618.HK,HK,equity,2021-08-19,253.4,257.0,244.8,246.6,253.4,4823518.0,1208714717.65,-0.026835043409629056,-0.026835043409629056,-0.027201677156794765,PASS,2026-05-13T13:31:06Z,D20260513.01
9618.HK,HK,equity,2021-08-20,246.0,247.0,236.4,241.4,246.6,5828161.0,1404855316.8,-0.02108678021086774,-0.02108678021086774,-0.02131228206681273,PASS,2026-05-13T13:31:06Z,D20260513.01
9618.HK,HK,equity,2021-08-23,247.2,254.2,240.8,243.6,241.4,5680532.0,1396634534.75,0.009113504556752305,0.009113504556752305,0.009072227172310859,PASS,2026-05-13T13:31:06Z,D20260513.01
9618.HK,HK,equity,2021-08-24,256.2,284.0,256.2,280.0,243.6,12394449.0,3384609014.7,0.14942528735632177,0.14942528735632177,0.1392620673335076,PASS,2026-05-13T13:31:06Z,D20260513.01
9618.HK,HK,equity,2021-08-25,295.0,306.8,288.4,294.0,280.0,14835906.0,4379367834.84,0.050000000000000044,0.050000000000000044,0.04879016416943205,PASS,2026-05-13T13:31:06Z,D20260513.01
9618.HK,HK,equity,2021-08-26,298.0,298.8,291.0,296.6,294.0,5460927.0,1610517782.19,0.008843537414966018,0.008843537414966018,0.00880466236515014,PASS,2026-05-13T13:31:06Z,D20260513.01
9618.HK,HK,equity,2021-08-27,299.0,306.6,298.4,304.8,296.6,7794088.0,2361449002.17,0.027646662171274317,0.027646662171274317,0.027271394108659364,PASS,2026-05-13T13:31:06Z,D20260513.01
9618.HK,HK,equity,2021-08-30,298.0,304.6,294.8,298.4,304.8,4246552.0,1275061878.65,-0.0209973753280841,-0.0209973753280841,-0.021220955482885537,PASS,2026-05-13T13:31:06Z,D20260513.01
9618.HK,HK,equity,2021-08-31,298.4,306.4,294.2,306.4,298.4,4058187.0,1225155062.65,0.02680965147453085,0.02680965147453085,0.026456569536830465,PASS,2026-05-13T13:31:06Z,D20260513.01
9618.HK,HK,equity,2021-09-01,307.0,314.0,305.6,311.4,306.4,5552660.0,1726831168.39,0.01631853785900783,0.01631853785900783,0.01618682153346172,PASS,2026-05-13T13:31:06Z,D20260513.01
9618.HK,HK,equity,2021-09-02,315.0,320.8,311.2,315.0,311.4,5354590.0,1691762125.23,0.011560693641618602,0.011560693641618602,0.011494379425735212,PASS,2026-05-13T13:31:06Z,D20260513.01
9618.HK,HK,equity,2021-09-03,315.2,316.6,308.8,312.2,315.0,3372365.0,1052374074.51,-0.008888888888888946,-0.008888888888888946,-0.008928630744301431,PASS,2026-05-13T13:31:06Z,D20260513.01
9618.HK,HK,equity,2021-09-06,308.8,316.8,307.4,316.4,312.2,2515295.0,791748401.96,0.013452914798206317,0.013452914798206317,0.013363227812167158,PASS,2026-05-13T13:31:06Z,D20260513.01
9618.HK,HK,equity,2021-09-07,318.0,323.4,315.6,317.4,316.4,4031048.0,1285663066.06,0.003160556257901348,0.003160556257901348,0.003155572198809847,PASS,2026-05-13T13:31:06Z,D20260513.01
9618.HK,HK,equity,2021-09-08,318.0,325.8,318.0,323.4,317.4,4569193.0,1474977655.15,0.018903591682419618,0.018903591682419618,0.01872713905069773,PASS,2026-05-13T13:31:06Z,D20260513.01
9618.HK,HK,equity,2021-09-09,320.0,320.0,303.2,305.2,323.4,5493747.0,1699864907.01,-0.05627705627705626,-0.05627705627705626,-0.05792264773270451,PASS,2026-05-13T13:31:06Z,D20260513.01
9618.HK,HK,equity,2021-09-10,313.0,321.2,311.4,321.2,305.2,5848784.0,1857013153.86,0.05242463958060295,0.05242463958060295,0.05109668266230473,PASS,2026-05-13T13:31:06Z,D20260513.01
9618.HK,HK,equity,2021-09-13,315.0,315.0,307.2,313.2,321.2,4929511.0,1531785866.85,-0.02490660024906599,-0.02490660024906599,-0.02522201795595856,PASS,2026-05-13T13:31:06Z,D20260513.01
9618.HK,HK,equity,2021-09-14,318.0,318.0,311.0,313.6,313.2,5523084.0,1738897324.73,0.0012771392081738497,0.0012771392081738497,0.0012763243596049052,PASS,2026-05-13T13:31:06Z,D20260513.01
9618.HK,HK,equity,2021-09-15,303.0,304.2,292.8,295.0,313.6,7200608.0,2153577005.25,-0.05931122448979598,-0.05931122448979598,-0.06114293213643302,PASS,2026-05-13T13:31:06Z,D20260513.01
9618.HK,HK,equity,2021-09-16,295.0,298.4,290.8,293.8,295.0,4844463.0,1425651928.84,-0.004067796610169427,-0.004067796610169427,-0.0040760926000428304,PASS,2026-05-13T13:31:06Z,D20260513.01
9618.HK,HK,equity,2021-09-17,296.8,308.8,295.8,307.4,293.8,7710234.0,2355513937.46,0.04628999319264793,0.04628999319264793,0.04525056736471843,PASS,2026-05-13T13:31:06Z,D20260513.01
9618.HK,HK,equity,2021-09-20,300.8,301.2,291.2,294.6,307.4,4048031.0,1193143309.02,-0.041639557579700615,-0.041639557579700615,-0.042531327075965485,PASS,2026-05-13T13:31:06Z,D20260513.01
9618.HK,HK,equity,2021-09-21,289.8,294.4,285.0,290.8,294.6,3744311.0,1082030733.79,-0.012898845892735933,-0.012898845892735933,-0.012982758369165615,PASS,2026-05-13T13:31:06Z,D20260513.01
9618.HK,HK,equity,2021-09-23,300.0,303.0,293.2,296.4,290.8,3643254.0,1086250381.25,0.019257221458046647,0.019257221458046647,0.019074147762567405,PASS,2026-05-13T13:31:06Z,D20260513.01
9618.HK,HK,equity,2021-09-24,296.4,299.0,291.2,292.2,296.4,3278373.0,966968051.1,-0.014170040485829927,-0.014170040485829927,-0.014271394105332682,PASS,2026-05-13T13:31:06Z,D20260513.01
9618.HK,HK,equity,2021-09-27,293.4,300.8,291.4,292.4,292.2,4630083.0,1369509863.86,0.000684462696783017,0.000684462696783017,0.0006842285590243227,PASS,2026-05-13T13:31:06Z,D20260513.01
9618.HK,HK,equity,2021-09-28,297.8,302.0,295.0,299.2,292.4,3959849.0,1186152932.3,0.023255813953488413,0.023255813953488413,0.02298951822469878,PASS,2026-05-13T13:31:06Z,D20260513.01
9618.HK,HK,equity,2021-09-29,291.0,294.4,286.8,293.8,299.2,5119391.0,1491088595.1,-0.018048128342245895,-0.018048128342245895,-0.018212982360545152,PASS,2026-05-13T13:31:06Z,D20260513.01
9618.HK,HK,equity,2021-09-30,281.2,287.6,276.0,283.2,293.8,8535741.0,2403646120.8,-0.036078965282505204,-0.036078965282505204,-0.036745901920212334,PASS,2026-05-13T13:31:06Z,D20260513.01
9618.HK,HK,equity,2021-10-04,276.0,278.4,269.0,274.6,283.2,6641369.0,1823385072.7,-0.030367231638417924,-0.030367231638417924,-0.03083786848569386,PASS,2026-05-13T13:31:06Z,D20260513.01
9618.HK,HK,equity,2021-10-05,269.0,276.4,268.0,275.6,274.6,5377150.0,1469211909.95,0.0036416605972322547,0.0036416605972322547,0.003635045805632747,PASS,2026-05-13T13:31:06Z,D20260513.01
9618.HK,HK,equity,2021-10-06,277.2,280.0,272.2,273.2,275.6,3192588.0,876640179.15,-0.008708272859216382,-0.008708272859216382,-0.008746411442868635,PASS,2026-05-13T13:31:06Z,D20260513.01
9618.HK,HK,equity,2021-10-07,279.0,291.4,278.0,290.0,273.2,5091948.0,1465696539.0,0.061493411420205035,0.061493411420205035,0.05967679528388477,PASS,2026-05-13T13:31:06Z,D20260513.01
9618.HK,HK,equity,2021-10-08,301.4,301.4,293.8,296.2,290.0,5113419.0,1520176935.1,0.02137931034482765,0.02137931034482765,0.02115397885317876,PASS,2026-05-13T13:31:06Z,D20260513.01
9618.HK,HK,equity,2021-10-11,305.0,313.0,304.6,311.6,296.2,5218002.0,1617554792.08,0.051991897366644224,0.051991897366644224,0.05068541216289485,PASS,2026-05-13T13:31:06Z,D20260513.01
9618.HK,HK,equity,2021-10-12,305.4,309.6,300.4,304.4,311.6,3941953.0,1203540864.6,-0.0231065468549424,-0.0231065468549424,-0.0233776880090626,PASS,2026-05-13T13:31:06Z,D20260513.01
9618.HK,HK,equity,2021-10-15,315.0,317.0,310.8,314.8,304.4,4585521.0,1440364022.27,0.03416557161629452,0.03416557161629452,0.03359489055571756,PASS,2026-05-13T13:31:06Z,D20260513.01
9618.HK,HK,equity,2021-10-18,317.0,318.4,310.4,317.8,314.8,3629284.0,1143976670.82,0.009529860228716602,0.009529860228716602,0.009484737559367401,PASS,2026-05-13T13:31:06Z,D20260513.01
9618.HK,HK,equity,2021-10-19,317.8,323.0,317.0,323.0,317.8,2857853.0,918753942.27,0.016362492133417117,0.016362492133417117,0.01623006912004081,PASS,2026-05-13T13:31:06Z,D20260513.01
9618.HK,HK,equity,2021-10-20,328.0,334.8,326.8,331.2,323.0,4966747.0,1645346135.03,0.025386996904024794,0.025386996904024794,0.025070099288448115,PASS,2026-05-13T13:31:06Z,D20260513.01
9618.HK,HK,equity,2021-10-21,332.0,332.8,323.6,327.0,331.2,4123145.0,1348238719.27,-0.0126811594202898,-0.0126811594202898,-0.01276225161385118,PASS,2026-05-13T13:31:06Z,D20260513.01
9618.HK,HK,equity,2021-10-22,327.0,328.2,323.4,325.0,327.0,4070983.0,1325616088.35,-0.006116207951070374,-0.006116207951070374,-0.006134988567515944,PASS,2026-05-13T13:31:06Z,D20260513.01
9618.HK,HK,equity,2021-10-25,325.0,328.0,322.4,325.0,325.0,2002973.0,652010178.64,0.0,0.0,0.0,PASS,2026-05-13T13:31:06Z,D20260513.01
9618.HK,HK,equity,2021-10-26,326.0,327.4,322.4,325.6,325.0,1750991.0,568273949.81,0.0018461538461538307,0.0018461538461538307,0.001844451798647732,PASS,2026-05-13T13:31:06Z,D20260513.01
9618.HK,HK,equity,2021-10-27,319.2,319.2,311.0,312.6,325.6,3152755.0,986713427.2,-0.03992628992628988,-0.03992628992628988,-0.04074521614100895,PASS,2026-05-13T13:31:06Z,D20260513.01
9618.HK,HK,equity,2021-10-28,315.0,316.2,310.4,312.6,312.6,2436460.0,762387942.45,0.0,0.0,0.0,PASS,2026-05-13T13:31:06Z,D20260513.01
9618.HK,HK,equity,2021-10-29,312.0,313.6,308.0,310.4,312.6,1942762.0,602977879.35,-0.007037747920665582,-0.007037747920665582,-0.007062629678312746,PASS,2026-05-13T13:31:06Z,D20260513.01
9618.HK,HK,equity,2021-11-01,304.2,306.6,301.4,306.4,310.4,2358467.0,719522031.9,-0.012886597938144284,-0.012886597938144284,-0.012970350442627404,PASS,2026-05-13T13:31:06Z,D20260513.01
9618.HK,HK,equity,2021-11-02,320.4,321.6,311.8,314.2,306.4,3216614.0,1015770053.9,0.025456919060052208,0.025456919060052208,0.025138287955084538,PASS,2026-05-13T13:31:06Z,D20260513.01
9618.HK,HK,equity,2021-11-03,315.0,319.6,311.6,316.4,314.2,3066093.0,968452914.14,0.007001909611712209,0.007001909611712209,0.006977510071977951,PASS,2026-05-13T13:31:06Z,D20260513.01
9618.HK,HK,equity,2021-11-04,318.6,324.8,317.0,323.8,316.4,2711814.0,873747748.75,0.023388116308470375,0.023388116308470375,0.02311880535003603,PASS,2026-05-13T13:31:06Z,D20260513.01
9618.HK,HK,equity,2021-11-05,314.4,316.0,308.2,309.8,323.8,3078753.0,959879511.15,-0.04323656578134649,-0.04323656578134649,-0.04419911326076648,PASS,2026-05-13T13:31:06Z,D20260513.01
9618.HK,HK,equity,2021-11-08,305.2,306.0,301.0,305.6,309.8,2623316.0,798416278.95,-0.01355713363460298,-0.01355713363460298,-0.01364987069040284,PASS,2026-05-13T13:31:06Z,D20260513.01
9618.HK,HK,equity,2021-11-09,303.2,304.0,297.4,301.6,305.6,2725138.0,818002816.24,-0.01308900523560208,-0.01308900523560208,-0.013175421158564404,PASS,2026-05-13T13:31:06Z,D20260513.01
9618.HK,HK,equity,2021-11-10,302.2,309.0,296.2,308.0,301.6,1980873.0,600782733.15,0.021220159151193574,0.021220159151193574,0.020998146839773402,PASS,2026-05-13T13:31:06Z,D20260513.01
9618.HK,HK,equity,2021-11-11,303.0,314.6,300.0,313.4,308.0,3766821.0,1167582866.72,0.01753246753246751,0.01753246753246751,0.017380546948345964,PASS,2026-05-13T13:31:06Z,D20260513.01
9618.HK,HK,equity,2021-11-12,329.0,330.8,325.0,329.6,313.4,6676625.0,2193732215.9,0.051691129546905135,0.051691129546905135,0.05039946811339639,PASS,2026-05-13T13:31:06Z,D20260513.01
9618.HK,HK,equity,2021-11-15,334.8,337.8,332.6,335.8,329.6,4103558.0,1375473341.89,0.018810679611650505,0.018810679611650505,0.01863594660812383,PASS,2026-05-13T13:31:06Z,D20260513.01
9618.HK,HK,equity,2021-11-16,332.0,338.0,328.8,338.0,335.8,3794922.0,1275213688.2,0.00655151876116733,0.00655151876116733,0.006530150839578305,PASS,2026-05-13T13:31:06Z,D20260513.01
9618.HK,HK,equity,2021-11-17,334.8,337.0,330.8,335.0,338.0,2785612.0,933292116.4,-0.00887573964497046,-0.00887573964497046,-0.008915363657952393,PASS,2026-05-13T13:31:06Z,D20260513.01
9618.HK,HK,equity,2021-11-18,324.0,325.4,321.0,323.0,335.0,2896847.0,937284232.65,-0.035820895522388096,-0.035820895522388096,-0.03647820860240993,PASS,2026-05-13T13:31:06Z,D20260513.01
9618.HK,HK,equity,2021-11-19,339.0,352.4,336.2,352.4,323.0,12403666.0,4278861159.94,0.09102167182662524,0.09102167182662524,0.08711457083936777,PASS,2026-05-13T13:31:06Z,D20260513.01
9618.HK,HK,equity,2021-11-22,364.0,365.0,354.4,359.2,352.4,7483155.0,2687446815.32,0.0192962542565267,0.0192962542565267,0.01911244236602012,PASS,2026-05-13T13:31:06Z,D20260513.01
9618.HK,HK,equity,2021-11-23,345.0,357.8,344.2,354.8,359.2,11135160.0,3933774235.8,-0.012249443207126842,-0.012249443207126842,-0.012325085992620005,PASS,2026-05-13T13:31:06Z,D20260513.01
9618.HK,HK,equity,2021-11-24,349.4,355.0,347.4,352.4,354.8,4611988.0,1621938526.48,-0.006764374295377795,-0.006764374295377795,-0.0067873563734001,PASS,2026-05-13T13:31:06Z,D20260513.01
9618.HK,HK,equity,2021-11-25,352.2,355.2,346.6,354.4,352.4,3895936.0,1369469406.48,0.00567536889897835,0.00567536889897835,0.0056593246689013565,PASS,2026-05-13T13:31:06Z,D20260513.01
9618.HK,HK,equity,2021-11-26,352.4,352.6,344.8,346.0,354.4,3668308.0,1276797952.35,-0.023702031602708784,-0.023702031602708784,-0.023987443673201606,PASS,2026-05-13T13:31:06Z,D20260513.01
9618.HK,HK,equity,2021-11-29,350.0,355.6,346.2,350.6,346.0,5962909.0,2095956545.99,0.013294797687861237,0.013294797687861237,0.013207197429409834,PASS,2026-05-13T13:31:06Z,D20260513.01
9618.HK,HK,equity,2021-11-30,345.0,345.8,332.2,339.8,350.6,8391947.0,2831327881.826,-0.03080433542498573,-0.03080433542498573,-0.031288763249302465,PASS,2026-05-13T13:31:06Z,D20260513.01
9618.HK,HK,equity,2021-12-01,333.2,343.8,332.4,341.4,339.8,8809663.0,2994121735.56,0.00470865214832239,0.00470865214832239,0.004697601122508437,PASS,2026-05-13T13:31:06Z,D20260513.01
9618.HK,HK,equity,2021-12-02,336.0,345.0,336.0,342.0,341.4,6025614.0,2053299047.35,0.0017574692442883233,0.0017574692442883233,0.0017559267022650125,PASS,2026-05-13T13:31:06Z,D20260513.01
9618.HK,HK,equity,2021-12-03,331.6,331.6,315.2,321.6,342.0,16502634.0,5310429232.75,-0.05964912280701751,-0.05964912280701751,-0.06150219975779381,PASS,2026-05-13T13:31:06Z,D20260513.01
9618.HK,HK,equity,2021-12-06,309.8,312.0,303.0,306.0,321.6,15776823.0,4921521555.75,-0.04850746268656725,-0.04850746268656725,-0.04972343535243062,PASS,2026-05-13T13:31:06Z,D20260513.01
9618.HK,HK,equity,2021-12-07,300.0,310.2,295.8,307.0,306.0,13898798.0,4216694104.9,0.0032679738562091387,0.0032679738562091387,0.0032626456348163694,PASS,2026-05-13T13:31:06Z,D20260513.01
9618.HK,HK,equity,2021-12-08,307.0,312.4,304.2,307.0,307.0,5085054.0,1565735928.6,0.0,0.0,0.0,PASS,2026-05-13T13:31:06Z,D20260513.01
9618.HK,HK,equity,2021-12-09,309.0,316.0,308.6,311.0,307.0,4869335.0,1516460086.77,0.013029315960912058,0.013029315960912058,0.012945164592036986,PASS,2026-05-13T13:31:06Z,D20260513.01
9618.HK,HK,equity,2021-12-10,311.0,316.4,310.8,312.2,311.0,3085667.0,965973075.83,0.0038585209003214604,0.0038585209003214604,0.0038510959020974724,PASS,2026-05-13T13:31:06Z,D20260513.01
9618.HK,HK,equity,2021-12-13,315.6,323.0,310.2,310.6,312.2,5236392.0,1644580103.75,-0.005124919923126137,-0.005124919923126137,-0.005138097366744929,PASS,2026-05-13T13:31:06Z,D20260513.01
9618.HK,HK,equity,2021-12-14,305.0,307.2,302.4,304.4,310.6,4410864.0,1343150762.88,-0.01996136509980695,-0.01996136509980695,-0.02016328472705605,PASS,2026-05-13T13:31:06Z,D20260513.01
9618.HK,HK,equity,2021-12-15,302.6,303.8,297.2,299.4,304.4,3764838.0,1128270009.5,-0.016425755584756896,-0.016425755584756896,-0.016562154002002786,PASS,2026-05-13T13:31:06Z,D20260513.01
9618.HK,HK,equity,2021-12-16,290.4,291.8,283.6,290.4,299.4,6350977.0,1827044692.97,-0.030060120240480992,-0.030060120240480992,-0.03052118903488699,PASS,2026-05-13T13:31:06Z,D20260513.01
9618.HK,HK,equity,2021-12-17,288.0,288.0,278.0,280.2,290.4,10071364.0,2823302543.8,-0.0351239669421487,-0.0351239669421487,-0.03575564904773433,PASS,2026-05-13T13:31:06Z,D20260513.01
9618.HK,HK,equity,2021-12-20,273.6,279.0,266.4,269.0,280.2,5657364.0,1530925343.3,-0.039971448965024914,-0.039971448965024914,-0.04079225430106745,PASS,2026-05-13T13:31:06Z,D20260513.01
9618.HK,HK,equity,2021-12-21,266.8,276.8,263.8,273.4,269.0,7499042.0,2029176617.75,0.01635687732341995,0.01635687732341995,0.016224544688009955,PASS,2026-05-13T13:31:06Z,D20260513.01
9618.HK,HK,equity,2021-12-22,287.4,287.4,275.6,279.2,273.4,6758432.0,1890477447.95,0.02121433796634964,0.02121433796634964,0.02099244659836819,PASS,2026-05-13T13:31:06Z,D20260513.01
9618.HK,HK,equity,2021-12-23,261.4,264.0,248.0,259.6,279.2,21926356.0,5647980372.85,-0.07020057306590244,-0.07020057306590244,-0.07278638605828233,PASS,2026-05-13T13:31:06Z,D20260513.01
9618.HK,HK,equity,2021-12-24,267.6,269.2,260.2,261.2,259.6,6233818.0,1641129489.97,0.006163328197226425,0.006163328197226425,0.00614441257234099,PASS,2026-05-13T13:31:06Z,D20260513.01
9618.HK,HK,equity,2021-12-28,263.0,265.8,257.4,260.8,261.2,5520278.0,1436632743.2,-0.0015313935681469104,-0.0015313935681469104,-0.001532567349778005,PASS,2026-05-13T13:31:06Z,D20260513.01
9618.HK,HK,equity,2021-12-29,260.0,260.0,254.6,255.2,260.8,5634942.0,1443529060.9,-0.021472392638036908,-0.021472392638036908,-0.02170627858186317,PASS,2026-05-13T13:31:06Z,D20260513.01
9618.HK,HK,equity,2021-12-30,257.4,264.4,256.8,259.8,255.2,5914686.0,1538034427.0,0.018025078369906078,0.018025078369906078,0.017864552765864468,PASS,2026-05-13T13:31:06Z,D20260513.01
9618.HK,HK,equity,2021-12-31,275.0,278.0,272.2,274.0,259.8,5377924.0,1476539319.22,0.054657428791377916,0.054657428791377916,0.053216002151571,PASS,2026-05-13T13:31:06Z,D20260513.01
9618.HK,HK,equity,2022-01-03,276.2,278.0,269.2,270.4,274.0,2526429.0,684430544.85,-0.013138686131386912,-0.013138686131386912,-0.01322576221926125,PASS,2026-05-13T13:31:06Z,D20260513.01
9618.HK,HK,equity,2022-01-04,267.0,268.2,260.8,265.4,270.4,3998115.0,1056189145.9,-0.01849112426035504,-0.01849112426035504,-0.018664222270701903,PASS,2026-05-13T13:31:06Z,D20260513.01
9618.HK,HK,equity,2022-01-05,251.0,252.6,245.0,246.4,265.4,12719737.0,3165524304.3,-0.07159005275056507,-0.07159005275056507,-0.07428189023874229,PASS,2026-05-13T13:31:06Z,D20260513.01
9618.HK,HK,equity,2022-01-06,248.0,257.8,247.2,256.6,246.4,11419984.0,2883128603.43,0.04139610389610393,0.04139610389610393,0.04056222052217137,PASS,2026-05-13T13:31:06Z,D20260513.01
9618.HK,HK,equity,2022-01-07,264.6,270.0,260.2,268.8,256.6,9715221.0,2593517301.9,0.04754481683554168,0.04754481683554168,0.04644915646745841,PASS,2026-05-13T13:31:06Z,D20260513.01
9618.HK,HK,equity,2022-01-10,268.8,272.2,265.0,270.2,268.8,4721905.0,1275242548.59,0.005208333333333259,0.005208333333333259,0.00519481687710393,PASS,2026-05-13T13:31:06Z,D20260513.01
9618.HK,HK,equity,2022-01-11,273.6,278.4,270.6,275.0,270.2,7023343.0,1930271251.25,0.0177646188008882,0.0177646188008882,0.017608672140472778,PASS,2026-05-13T13:31:06Z,D20260513.01
9618.HK,HK,equity,2022-01-12,298.8,306.0,295.0,305.2,275.0,14837086.0,4459049728.27,0.10981818181818181,0.10981818181818181,0.10419620174373065,PASS,2026-05-13T13:31:06Z,D20260513.01
9618.HK,HK,equity,2022-01-13,298.2,300.2,290.4,293.2,305.2,7179345.0,2105850482.25,-0.03931847968545221,-0.03931847968545221,-0.04011232939780557,PASS,2026-05-13T13:31:06Z,D20260513.01
9618.HK,HK,equity,2022-01-14,280.2,287.4,277.0,287.0,293.2,6659772.0,1883920880.75,-0.02114597544338337,-0.02114597544338337,-0.021372754252875333,PASS,2026-05-13T13:31:06Z,D20260513.01
9618.HK,HK,equity,2022-01-17,284.8,285.0,280.4,283.8,287.0,3050376.0,863176180.2,-0.011149825783972056,-0.011149825783972056,-0.011212451033678754,PASS,2026-05-13T13:31:06Z,D20260513.01
9618.HK,HK,equity,2022-01-18,287.0,290.0,276.4,279.0,283.8,4451443.0,1257101440.87,-0.016913319238900715,-0.016913319238900715,-0.01705798290457674,PASS,2026-05-13T13:31:06Z,D20260513.01
9618.HK,HK,equity,2022-01-19,286.0,289.6,280.4,281.4,279.0,8367151.0,2371917315.58,0.008602150537634357,0.008602150537634357,0.008565362858923,PASS,2026-05-13T13:31:06Z,D20260513.01
9618.HK,HK,equity,2022-01-20,284.0,303.2,283.2,299.8,281.4,12172021.0,3600821436.98,0.06538734896943854,0.06538734896943854,0.06333844098820866,PASS,2026-05-13T13:31:06Z,D20260513.01
9618.HK,HK,equity,2022-01-21,302.0,308.2,298.6,306.2,299.8,9267101.0,2816307688.55,0.021347565043362104,0.021347565043362104,0.021122897555085916,PASS,2026-05-13T13:31:06Z,D20260513.01
9618.HK,HK,equity,2022-01-24,290.0,292.4,288.2,289.2,306.2,7563868.0,2195923629.17,-0.055519268451992176,-0.055519268451992176,-0.057119992938973775,PASS,2026-05-13T13:31:06Z,D20260513.01
9618.HK,HK,equity,2022-01-25,280.0,283.2,275.2,280.6,289.2,8266102.0,2308868043.0,-0.029737206085753698,-0.029737206085753698,-0.030188322616248948,PASS,2026-05-13T13:31:06Z,D20260513.01
9618.HK,HK,equity,2022-01-26,282.6,287.0,279.0,284.8,280.6,4922643.0,1399398051.08,0.014967925873129007,0.014967925873129007,0.014857011869460134,PASS,2026-05-13T13:31:06Z,D20260513.01
9618.HK,HK,equity,2022-01-27,277.0,277.4,269.2,274.8,284.8,8082096.0,2205575687.03,-0.0351123595505618,-0.0351123595505618,-0.03574361918962643,PASS,2026-05-13T13:31:06Z,D20260513.01
9618.HK,HK,equity,2022-01-28,263.0,271.0,259.0,266.0,274.8,10021652.0,2649718935.77,-0.03202328966521106,-0.03202328966521106,-0.032547251566495204,PASS,2026-05-13T13:31:06Z,D20260513.01
9618.HK,HK,equity,2022-01-31,274.0,284.0,270.0,279.6,266.0,7612806.0,2124457136.88,0.051127819548872244,0.051127819548872244,0.04986370157795618,PASS,2026-05-13T13:31:06Z,D20260513.01
9618.HK,HK,equity,2022-02-04,286.6,287.8,279.0,284.8,279.6,7168192.0,2040133669.7,0.01859799713876953,0.01859799713876953,0.01842716917816537,PASS,2026-05-13T13:31:06Z,D20260513.01
9618.HK,HK,equity,2022-02-07,288.0,293.6,285.4,292.2,284.8,6886706.0,1997802327.0,0.025983146067415586,0.025983146067415586,0.025651319778778266,PASS,2026-05-13T13:31:06Z,D20260513.01
9618.HK,HK,equity,2022-02-08,288.0,289.0,282.6,285.6,292.2,5640754.0,1614746939.8,-0.02258726899383967,-0.02258726899383967,-0.022846268851169617,PASS,2026-05-13T13:31:06Z,D20260513.01
9618.HK,HK,equity,2022-02-09,292.8,300.6,292.4,298.0,285.6,5532193.0,1648279127.3,0.04341736694677856,0.04341736694677856,0.04250125603997498,PASS,2026-05-13T13:31:06Z,D20260513.01
9618.HK,HK,equity,2022-02-10,304.0,304.8,295.6,301.8,298.0,4342598.0,1303113412.1,0.012751677852349097,0.012751677852349097,0.012671059828344175,PASS,2026-05-13T13:31:06Z,D20260513.01
9618.HK,HK,equity,2022-02-11,301.0,301.0,295.4,298.6,301.8,3270909.0,975973159.5,-0.01060304837640813,-0.01060304837640813,-0.010659661228658425,PASS,2026-05-13T13:31:06Z,D20260513.01
9618.HK,HK,equity,2022-02-14,288.0,293.2,286.8,289.6,298.6,3643601.0,1056003274.86,-0.030140656396517085,-0.030140656396517085,-0.030604224593528715,PASS,2026-05-13T13:31:06Z,D20260513.01
9618.HK,HK,equity,2022-02-15,290.4,293.6,288.4,290.4,289.6,2167445.0,629340842.55,0.0027624309392264568,0.0027624309392264568,0.0027586224390796607,PASS,2026-05-13T13:31:06Z,D20260513.01
9618.HK,HK,equity,2022-02-16,296.0,299.2,293.6,297.2,290.4,3216411.0,953195866.8,0.023415977961432466,0.023415977961432466,0.023146029892963035,PASS,2026-05-13T13:31:06Z,D20260513.01
9618.HK,HK,equity,2022-02-17,292.6,296.4,290.4,295.4,297.2,2937475.0,863871316.25,-0.00605652759084796,-0.00605652759084796,-0.00607494274632472,PASS,2026-05-13T13:31:06Z,D20260513.01
9618.HK,HK,equity,2022-02-18,292.4,297.6,284.6,287.0,295.4,4569249.0,1329190061.95,-0.028436018957345932,-0.028436018957345932,-0.028848154337658277,PASS,2026-05-13T13:31:06Z,D20260513.01
9618.HK,HK,equity,2022-02-21,281.0,291.0,280.4,285.0,287.0,6566388.0,1877908575.75,-0.006968641114982632,-0.006968641114982632,-0.006993035490970637,PASS,2026-05-13T13:31:06Z,D20260513.01
9618.HK,HK,equity,2022-02-22,280.0,280.0,270.4,275.2,285.0,7909756.0,2174752154.6,-0.03438596491228074,-0.03438596491228074,-0.03499107420946197,PASS,2026-05-13T13:31:06Z,D20260513.01
9618.HK,HK,equity,2022-02-23,280.0,285.4,278.0,285.0,275.2,5645614.0,1601919882.84,0.03561046511627919,0.03561046511627919,0.03499107420946204,PASS,2026-05-13T13:31:06Z,D20260513.01
9618.HK,HK,equity,2022-02-24,272.4,275.2,267.6,271.2,285.0,9803730.0,2664418671.58,-0.04842105263157903,-0.04842105263157903,-0.04963262420241011,PASS,2026-05-13T13:31:06Z,D20260513.01
9618.HK,HK,equity,2022-02-25,276.2,278.8,273.8,275.8,271.2,5009708.0,1383462316.55,0.016961651917404286,0.016961651917404286,0.016819409292961086,PASS,2026-05-13T13:31:06Z,D20260513.01
9618.HK,HK,equity,2022-02-28,283.0,283.0,274.4,279.2,275.8,8126113.0,2256489210.98,0.01232777374909344,0.01232777374909344,0.012252405529015865,PASS,2026-05-13T13:31:06Z,D20260513.01
9618.HK,HK,equity,2022-03-01,282.0,290.6,280.8,287.8,279.2,6538021.0,1871921319.18,0.03080229226361042,0.03080229226361042,0.030337423565050137,PASS,2026-05-13T13:31:06Z,D20260513.01
9618.HK,HK,equity,2022-03-02,290.0,291.6,284.2,285.0,287.8,4932432.0,1419780655.3,-0.00972897845726206,-0.00972897845726206,-0.00977661418461699,PASS,2026-05-13T13:31:06Z,D20260513.01
9618.HK,HK,equity,2022-03-03,282.0,287.6,281.8,286.2,285.0,6843574.0,1953187346.45,0.004210526315789442,0.004210526315789442,0.004201686853699977,PASS,2026-05-13T13:31:06Z,D20260513.01
9618.HK,HK,equity,2022-03-04,262.6,267.2,261.0,262.4,286.2,16074031.0,4244040153.69,-0.08315863032844173,-0.08315863032844173,-0.08682081005241664,PASS,2026-05-13T13:31:06Z,D20260513.01
9618.HK,HK,equity,2022-03-07,246.0,253.2,240.2,247.0,262.4,15717918.0,3919108197.15,-0.058689024390243816,-0.058689024390243816,-0.06048172044195669,PASS,2026-05-13T13:31:06Z,D20260513.01
9618.HK,HK,equity,2022-03-08,239.8,243.0,227.8,230.4,247.0,12617093.0,2951712804.58,-0.06720647773279353,-0.06720647773279353,-0.06957140780624103,PASS,2026-05-13T13:31:06Z,D20260513.01
9618.HK,HK,equity,2022-03-09,231.0,237.0,224.0,235.0,230.4,11861400.0,2737447171.94,0.01996527777777768,0.01996527777777768,0.01976858532242269,PASS,2026-05-13T13:31:06Z,D20260513.01
9618.HK,HK,equity,2022-03-10,244.8,247.2,232.2,237.4,235.0,7981880.0,1919684740.95,0.010212765957446912,0.010212765957446912,0.010160968031408804,PASS,2026-05-13T13:31:06Z,D20260513.01
9618.HK,HK,equity,2022-03-11,208.0,216.6,195.3,211.2,237.4,23283995.0,4778104101.75,-0.11036225779275488,-0.11036225779275488,-0.1169409303434613,PASS,2026-05-13T13:31:06Z,D20260513.01
9618.HK,HK,equity,2022-03-14,190.8,191.5,177.6,180.0,211.2,27108838.0,5028628848.9,-0.1477272727272727,-0.1477272727272727,-0.15984870094189602,PASS,2026-05-13T13:31:06Z,D20260513.01
9618.HK,HK,equity,2022-03-15,170.0,179.2,160.1,161.9,180.0,25047944.0,4200929112.38,-0.10055555555555551,-0.10055555555555551,-0.10597799020662088,PASS,2026-05-13T13:31:06Z,D20260513.01
9618.HK,HK,equity,2022-03-16,181.8,221.8,177.8,219.6,161.9,32923422.0,6611598119.97,0.3563928350833847,0.3563928350833847,0.304828848951786,PASS,2026-05-13T13:31:06Z,D20260513.01
9618.HK,HK,equity,2022-03-17,252.4,265.6,236.6,254.4,219.6,34120421.0,8491857185.05,0.1584699453551912,0.1584699453551912,0.14710012183059148,PASS,2026-05-13T13:31:06Z,D20260513.01
9618.HK,HK,equity,2022-03-18,241.0,251.0,230.0,243.8,254.4,17392398.0,4198605079.73,-0.04166666666666663,-0.04166666666666663,-0.04255961441879589,PASS,2026-05-13T13:31:06Z,D20260513.01
9618.HK,HK,equity,2022-03-21,250.4,252.6,235.0,239.0,243.8,11999584.0,2892425823.95,-0.01968826907301069,-0.01968826907301069,-0.019884665115660508,PASS,2026-05-13T13:31:06Z,D20260513.01
9618.HK,HK,equity,2022-03-22,243.0,257.2,241.2,253.8,239.0,11606914.0,2873679857.94,0.061924686192468714,0.061924686192468714,0.06008300334877671,PASS,2026-05-13T13:31:06Z,D20260513.01
9618.HK,HK,equity,2022-03-23,259.0,263.0,250.0,252.0,253.8,9998787.0,2563108003.1,-0.007092198581560294,-0.007092198581560294,-0.0071174677688639896,PASS,2026-05-13T13:31:06Z,D20260513.01
9618.HK,HK,equity,2022-03-24,249.0,253.6,239.8,241.6,252.0,8961105.0,2205432896.45,-0.041269841269841345,-0.041269841269841345,-0.042145621450763504,PASS,2026-05-13T13:31:06Z,D20260513.01
9618.HK,HK,equity,2022-03-25,232.2,241.6,223.0,228.8,241.6,17064091.0,3949833347.41,-0.05298013245033106,-0.05298013245033106,-0.054435206555016984,PASS,2026-05-13T13:31:06Z,D20260513.01
9618.HK,HK,equity,2022-03-28,223.0,227.4,212.0,224.8,228.8,38312460.0,8473164827.38,-0.0174825174825175,-0.0174825174825175,-0.017637141486106844,PASS,2026-05-13T13:31:06Z,D20260513.01
9618.HK,HK,equity,2022-03-29,228.0,240.4,225.2,238.4,224.8,31993192.0,7446009844.17,0.06049822064056931,0.06049822064056931,0.05873881717165861,PASS,2026-05-13T13:31:06Z,D20260513.01
9618.HK,HK,equity,2022-03-30,244.0,248.6,238.0,238.0,238.4,24650847.0,5961939493.59,-0.001677852348993314,-0.001677852348993314,-0.0016792615197200253,PASS,2026-05-13T13:31:06Z,D20260513.01
9618.HK,HK,equity,2022-03-31,238.0,238.2,230.2,234.0,238.0,10953079.0,2563040286.11,-0.01680672268907568,-0.01680672268907568,-0.01694955831377332,PASS,2026-05-13T13:31:06Z,D20260513.01
9618.HK,HK,equity,2022-04-01,226.4,229.0,221.6,229.0,234.0,10312112.0,2332469111.41,-0.021367521367521403,-0.021367521367521403,-0.021599111803461815,PASS,2026-05-13T13:31:06Z,D20260513.01
9618.HK,HK,equity,2022-04-04,235.0,248.8,233.2,246.6,229.0,13078563.0,3181324735.82,0.0768558951965066,0.0768558951965066,0.07404558717600432,PASS,2026-05-13T13:31:06Z,D20260513.01
9618.HK,HK,equity,2022-04-06,234.2,237.6,232.8,234.8,246.6,11120025.0,2612918431.99,-0.04785077047850761,-0.04785077047850761,-0.04903350277630244,PASS,2026-05-13T13:31:06Z,D20260513.01
9618.HK,HK,equity,2022-04-07,230.2,237.4,225.4,227.2,234.8,8357903.0,1920604850.65,-0.03236797274275993,-0.03236797274275993,-0.032903401106945236,PASS,2026-05-13T13:31:06Z,D20260513.01
9618.HK,HK,equity,2022-04-08,222.6,225.4,218.4,222.4,227.2,8397595.0,1857989852.19,-0.021126760563380254,-0.021126760563380254,-0.021353124470568946,PASS,2026-05-13T13:31:06Z,D20260513.01
9618.HK,HK,equity,2022-04-11,221.0,222.2,213.6,215.4,222.4,8802098.0,1913061433.5,-0.03147482014388492,-0.03147482014388492,-0.03198079765413915,PASS,2026-05-13T13:31:06Z,D20260513.01
9618.HK,HK,equity,2022-04-12,220.2,229.2,218.0,224.2,215.4,11327157.0,2530078548.98,0.04085422469823574,0.04085422469823574,0.040041745915771254,PASS,2026-05-13T13:31:06Z,D20260513.01
9618.HK,HK,equity,2022-04-13,223.4,232.0,221.8,227.8,224.2,12682818.0,2900181964.02,0.01605709188224802,0.01605709188224802,0.015929540375022255,PASS,2026-05-13T13:31:06Z,D20260513.01
9618.HK,HK,equity,2022-04-14,230.0,230.8,225.2,226.4,227.8,7568102.0,1724801776.45,-0.006145741878841093,-0.006145741878841093,-0.006164704684053901,PASS,2026-05-13T13:31:06Z,D20260513.01
9618.HK,HK,equity,2022-04-19,222.0,229.4,220.4,222.2,226.4,8666598.0,1942588307.18,-0.01855123674911663,-0.01855123674911663,-0.01872546912349827,PASS,2026-05-13T13:31:06Z,D20260513.01
9618.HK,HK,equity,2022-04-20,220.0,225.6,219.2,220.8,222.2,3739334.0,828211715.8,-0.006300630063006185,-0.006300630063006185,-0.006320562802589259,PASS,2026-05-13T13:31:06Z,D20260513.01
9618.HK,HK,equity,2022-04-21,211.0,213.8,202.0,206.4,220.8,10550458.0,2185000880.76,-0.0652173913043479,-0.0652173913043479,-0.06744128079553265,PASS,2026-05-13T13:31:06Z,D20260513.01
9618.HK,HK,equity,2022-04-22,196.0,209.8,195.2,208.4,206.4,8839388.0,1799854355.3,0.009689922480620172,0.009689922480620172,0.009643276271804202,PASS,2026-05-13T13:31:06Z,D20260513.01
9618.HK,HK,equity,2022-04-25,203.8,206.6,199.8,200.8,208.4,8996972.0,1822460542.5,-0.03646833013435702,-0.03646833013435702,-0.03714992206163774,PASS,2026-05-13T13:31:06Z,D20260513.01
9618.HK,HK,equity,2022-04-26,210.2,221.4,209.4,212.2,200.8,12375093.0,2657823036.77,0.056772908366533814,0.056772908366533814,0.05521983836230858,PASS,2026-05-13T13:31:06Z,D20260513.01
9618.HK,HK,equity,2022-04-27,212.4,221.0,211.2,219.8,212.2,11596201.0,2528809930.5,0.035815268614514784,0.035815268614514784,0.035188815789638395,PASS,2026-05-13T13:31:06Z,D20260513.01
9618.HK,HK,equity,2022-04-28,228.4,230.4,222.8,229.6,219.8,10912526.0,2474024789.79,0.04458598726114649,0.04458598726114649,0.04362062247589035,PASS,2026-05-13T13:31:06Z,D20260513.01
9618.HK,HK,equity,2022-04-29,227.0,286.0,222.6,265.6,229.6,26926251.0,6883291319.9,0.15679442508710806,0.15679442508710806,0.14565275315686746,PASS,2026-05-13T13:31:06Z,D20260513.01
9618.HK,HK,equity,2022-05-03,251.0,258.8,242.0,249.8,265.6,17500126.0,4407552084.18,-0.05948795180722899,-0.05948795180722899,-0.06133081991080156,PASS,2026-05-13T13:31:06Z,D20260513.01
9618.HK,HK,equity,2022-05-04,244.0,246.0,238.0,239.6,249.8,7617477.0,1836897537.6,-0.04083266613290637,-0.04083266613290637,-0.041689731450183065,PASS,2026-05-13T13:31:06Z,D20260513.01
9618.HK,HK,equity,2022-05-05,246.2,249.4,238.2,241.6,239.6,10533336.0,2569026779.0,0.008347245409014992,0.008347245409014992,0.008312599819365565,PASS,2026-05-13T13:31:06Z,D20260513.01
9618.HK,HK,equity,2022-05-06,231.0,234.4,223.6,226.6,241.6,11118477.0,2533872366.63,-0.0620860927152318,-0.0620860927152318,-0.06409711746675395,PASS,2026-05-13T13:31:06Z,D20260513.01
9618.HK,HK,equity,2022-05-10,199.3,211.2,199.3,208.0,226.6,27481497.0,5655302390.95,-0.08208296557811123,-0.08208296557811123,-0.08564826889258799,PASS,2026-05-13T13:31:06Z,D20260513.01
9618.HK,HK,equity,2022-05-11,204.0,216.6,202.2,208.2,208.0,20039496.0,4193564081.09,0.0009615384615384581,0.0009615384615384581,0.000961076479550532,PASS,2026-05-13T13:31:06Z,D20260513.01
9618.HK,HK,equity,2022-05-12,199.0,200.8,189.4,192.0,208.2,22275662.0,4336874255.3,-0.0778097982708933,-0.0778097982708933,-0.08100378415308687,PASS,2026-05-13T13:31:06Z,D20260513.01
9618.HK,HK,equity,2022-05-13,196.2,201.4,196.0,199.6,192.0,14049091.0,2799212728.5,0.039583333333333304,0.039583333333333304,0.03881999184958202,PASS,2026-05-13T13:31:06Z,D20260513.01
9618.HK,HK,equity,2022-05-16,205.0,209.0,198.0,200.0,199.6,8207444.0,1658499765.62,0.002004008016032177,0.002004008016032177,0.0020020026706731903,PASS,2026-05-13T13:31:06Z,D20260513.01
9618.HK,HK,equity,2022-05-17,205.2,217.2,203.4,214.8,200.0,15919535.0,3370723185.97,0.07400000000000007,0.07400000000000007,0.071389996086673,PASS,2026-05-13T13:31:06Z,D20260513.01
9618.HK,HK,equity,2022-05-18,213.2,214.2,205.2,212.4,214.8,15135344.0,3180102449.12,-0.011173184357541888,-0.011173184357541888,-0.011236073266925842,PASS,2026-05-13T13:31:06Z,D20260513.01
9618.HK,HK,equity,2022-05-19,198.9,202.8,195.5,199.8,207.49,13923745.0,2775027744.1,-0.03706202708564266,-0.03706202708564266,-0.03776627952390658,PASS,2026-05-13T13:31:06Z,D20260513.01
9618.HK,HK,equity,2022-05-20,206.8,214.6,206.6,211.6,199.8,14984250.0,3159739659.74,0.05905905905905895,0.05905905905905895,0.05738083376969107,PASS,2026-05-13T13:31:06Z,D20260513.01
9618.HK,HK,equity,2022-05-23,210.6,217.8,209.4,212.8,211.6,18768024.0,4009912363.18,0.005671077504725952,0.005671077504725952,0.0056550574833450565,PASS,2026-05-13T13:31:06Z,D20260513.01
9618.HK,HK,equity,2022-05-24,208.6,213.6,200.2,201.6,212.8,17941973.0,3693936035.05,-0.052631578947368474,-0.052631578947368474,-0.05406722127027582,PASS,2026-05-13T13:31:06Z,D20260513.01
9618.HK,HK,equity,2022-05-25,197.2,200.6,196.1,198.6,201.6,9777705.0,1942288121.75,-0.014880952380952328,-0.014880952380952328,-0.01499278458614128,PASS,2026-05-13T13:31:06Z,D20260513.01
9618.HK,HK,equity,2022-05-26,199.5,199.5,193.7,197.4,198.6,7491959.0,1474561190.5,-0.0060422960725075026,-0.0060422960725075026,-0.006060624611690958,PASS,2026-05-13T13:31:06Z,D20260513.01
9618.HK,HK,equity,2022-05-27,207.2,209.0,205.4,208.4,197.4,12177627.0,2524083552.81,0.05572441742654499,0.05572441742654499,0.054227182879830554,PASS,2026-05-13T13:31:06Z,D20260513.01
9618.HK,HK,equity,2022-05-30,214.0,223.4,213.4,222.8,208.4,17275282.0,3777780728.91,0.06909788867562372,0.06909788867562372,0.06681519817391703,PASS,2026-05-13T13:31:06Z,D20260513.01
9618.HK,HK,equity,2022-05-31,222.2,230.8,218.8,226.0,222.8,25198704.0,5685253001.57,0.014362657091561815,0.014362657091561815,0.014260491219156799,PASS,2026-05-13T13:31:06Z,D20260513.01
9618.HK,HK,equity,2022-06-01,223.2,226.8,220.0,224.2,226.0,12871097.0,2888850685.79,-0.007964601769911539,-0.007964601769911539,-0.007996488634226378,PASS,2026-05-13T13:31:06Z,D20260513.01
9618.HK,HK,equity,2022-06-02,220.2,224.0,216.8,221.4,224.2,11386613.0,2523258000.25,-0.012488849241748312,-0.012488849241748312,-0.012567490363522903,PASS,2026-05-13T13:31:06Z,D20260513.01
9618.HK,HK,equity,2022-06-06,229.2,233.0,223.0,231.8,221.4,14583426.0,3315597731.6,0.046973803071364006,0.046973803071364006,0.04590391063111479,PASS,2026-05-13T13:31:06Z,D20260513.01
9618.HK,HK,equity,2022-06-07,242.0,244.6,236.4,238.8,231.8,17532537.0,4221536619.26,0.030198446937014678,0.030198446937014678,0.0297514506127957,PASS,2026-05-13T13:31:06Z,D20260513.01
9618.HK,HK,equity,2022-06-08,243.0,257.0,242.2,254.2,238.8,26010177.0,6510628112.73,0.06448911222780551,0.06448911222780551,0.06249497723690648,PASS,2026-05-13T13:31:06Z,D20260513.01
9618.HK,HK,equity,2022-06-09,259.0,262.0,244.2,249.0,254.2,19851258.0,4963805423.47,-0.020456333595593956,-0.020456333595593956,-0.020668462290645995,PASS,2026-05-13T13:31:06Z,D20260513.01
9618.HK,HK,equity,2022-06-10,239.2,252.8,236.2,250.8,249.0,27221560.0,6788769527.0,0.0072289156626506035,0.0072289156626506035,0.007202912294058016,PASS,2026-05-13T13:31:06Z,D20260513.01
9618.HK,HK,equity,2022-06-13,237.8,246.6,237.2,239.2,250.8,20692445.0,5045560574.35,-0.046251993620414766,-0.046251993620414766,-0.047355786682289056,PASS,2026-05-13T13:31:06Z,D20260513.01
9618.HK,HK,equity,2022-06-14,234.0,245.4,233.4,241.2,239.2,13094185.0,3127493692.85,0.008361204013378032,0.008361204013378032,0.00832644277655381,PASS,2026-05-13T13:31:06Z,D20260513.01
9618.HK,HK,equity,2022-06-15,249.8,253.4,248.4,250.4,241.2,11077400.0,2778294799.54,0.03814262023217263,0.03814262023217263,0.037433174372913235,PASS,2026-05-13T13:31:06Z,D20260513.01
9618.HK,HK,equity,2022-06-16,259.2,259.2,242.4,246.2,250.4,15693587.0,3937282877.18,-0.016773162939297204,-0.016773162939297204,-0.016915425475590405,PASS,2026-05-13T13:31:06Z,D20260513.01
9618.HK,HK,equity,2022-06-17,245.2,261.4,244.2,261.2,246.2,58700625.0,15260177613.72,0.06092607636068248,0.06092607636068248,0.05914218365192296,PASS,2026-05-13T13:31:06Z,D20260513.01
9618.HK,HK,equity,2022-06-20,258.0,258.0,243.2,254.4,261.2,16459309.0,4149150182.95,-0.026033690658499142,-0.026033690658499142,-0.026378565936308822,PASS,2026-05-13T13:31:06Z,D20260513.01
9618.HK,HK,equity,2022-06-21,254.4,257.4,250.4,256.8,254.4,8504328.0,2164417164.7,0.009433962264151052,0.009433962264151052,0.009389740349839137,PASS,2026-05-13T13:31:06Z,D20260513.01
9618.HK,HK,equity,2022-06-22,249.8,251.4,238.4,240.8,256.8,12334897.0,3007113597.45,-0.06230529595015577,-0.06230529595015577,-0.06433085838114014,PASS,2026-05-13T13:31:06Z,D20260513.01
9618.HK,HK,equity,2022-06-23,244.0,247.6,238.4,243.6,240.8,8906182.0,2168249953.6,0.011627906976744207,0.011627906976744207,0.011560822401076006,PASS,2026-05-13T13:31:06Z,D20260513.01
9618.HK,HK,equity,2022-06-24,247.0,252.6,243.4,249.8,243.6,10718920.0,2665159001.7,0.02545155993431858,0.02545155993431858,0.025133061855735366,PASS,2026-05-13T13:31:06Z,D20260513.01
9618.HK,HK,equity,2022-06-27,253.6,275.2,253.6,265.4,249.8,18527398.0,4881398551.21,0.0624499599679742,0.0624499599679742,0.060577524206629665,PASS,2026-05-13T13:31:06Z,D20260513.01
9618.HK,HK,equity,2022-06-28,258.6,264.8,251.2,259.4,265.4,16016499.0,4128988071.79,-0.022607385079125852,-0.022607385079125852,-0.02286685001576363,PASS,2026-05-13T13:31:06Z,D20260513.01
9618.HK,HK,equity,2022-06-29,252.6,256.2,248.4,251.4,259.4,10334958.0,2609598964.18,-0.030840400925211897,-0.030840400925211897,-0.031325975726196324,PASS,2026-05-13T13:31:06Z,D20260513.01
9618.HK,HK,equity,2022-06-30,252.0,256.8,249.4,252.8,251.4,8123711.0,2054159312.44,0.005568814638027053,0.005568814638027053,0.005553366116555314,PASS,2026-05-13T13:31:06Z,D20260513.01
9618.HK,HK,equity,2022-07-04,253.0,263.6,251.2,262.0,252.8,7554189.0,1958737044.55,0.03639240506329111,0.03639240506329111,0.03574584148839447,PASS,2026-05-13T13:31:06Z,D20260513.01
9618.HK,HK,equity,2022-07-05,265.0,269.8,259.0,260.2,262.0,5326877.0,1403927036.24,-0.006870229007633677,-0.006870229007633677,-0.006893937682692043,PASS,2026-05-13T13:31:06Z,D20260513.01
9618.HK,HK,equity,2022-07-06,251.4,254.2,245.0,250.0,260.2,9612924.0,2397238171.71,-0.039200614911606424,-0.039200614911606424,-0.039989648216158434,PASS,2026-05-13T13:31:06Z,D20260513.01
9618.HK,HK,equity,2022-07-07,242.6,249.8,239.0,247.2,250.0,10361205.0,2545738215.8,-0.011200000000000099,-0.011200000000000099,-0.011263192278710827,PASS,2026-05-13T13:31:06Z,D20260513.01
9618.HK,HK,equity,2022-07-08,248.0,249.8,244.4,245.8,247.2,6619381.0,1628480876.35,-0.005663430420711935,-0.005663430420711935,-0.0056795284516012205,PASS,2026-05-13T13:31:06Z,D20260513.01
9618.HK,HK,equity,2022-07-11,238.8,240.0,233.0,235.0,245.8,8864517.0,2084417698.5,-0.04393816110659077,-0.04393816110659077,-0.04493268298777553,PASS,2026-05-13T13:31:06Z,D20260513.01
9618.HK,HK,equity,2022-07-12,234.0,236.0,228.8,230.8,235.0,7914553.0,1831757419.04,-0.017872340425531874,-0.017872340425531874,-0.018033979510214425,PASS,2026-05-13T13:31:06Z,D20260513.01
9618.HK,HK,equity,2022-07-13,237.6,243.8,236.2,237.6,230.8,8372085.0,2006138033.5,0.029462738301559765,0.029462738301559765,0.02903705285454534,PASS,2026-05-13T13:31:06Z,D20260513.01
9618.HK,HK,equity,2022-07-14,242.0,248.8,241.4,244.0,237.6,7912755.0,1936336581.69,0.026936026936027035,0.026936026936027035,0.026579637804712102,PASS,2026-05-13T13:31:06Z,D20260513.01
9618.HK,HK,equity,2022-07-15,241.8,243.4,236.0,236.6,244.0,4382450.0,1047554093.75,-0.030327868852459083,-0.030327868852459083,-0.030797273748915534,PASS,2026-05-13T13:31:06Z,D20260513.01
9618.HK,HK,equity,2022-07-18,238.4,246.6,234.6,244.0,236.6,5564218.0,1353920029.5,0.031276415891800635,0.031276415891800635,0.03079727374891559,PASS,2026-05-13T13:31:06Z,D20260513.01
9618.HK,HK,equity,2022-07-19,243.4,245.6,239.0,241.0,244.0,3749326.0,905353577.85,-0.012295081967213073,-0.012295081967213073,-0.012371291802546829,PASS,2026-05-13T13:31:06Z,D20260513.01
9618.HK,HK,equity,2022-07-20,247.4,251.6,245.6,245.6,241.0,5978484.0,1484749628.15,0.019087136929460513,0.019087136929460513,0.018907262782332335,PASS,2026-05-13T13:31:06Z,D20260513.01
9618.HK,HK,equity,2022-07-21,246.8,249.8,243.2,247.4,245.6,6174606.0,1526322223.62,0.007328990228013144,0.007328990228013144,0.007302263685400241,PASS,2026-05-13T13:31:06Z,D20260513.01
9618.HK,HK,equity,2022-07-22,250.0,251.2,246.0,247.0,247.4,3599306.0,894537296.77,-0.0016168148746968924,-0.0016168148746968924,-0.0016181233304103741,PASS,2026-05-13T13:31:06Z,D20260513.01
9618.HK,HK,equity,2022-07-25,243.8,248.0,242.8,247.0,247.0,5227765.0,1285248499.7,0.0,0.0,0.0,PASS,2026-05-13T13:31:06Z,D20260513.01
9618.HK,HK,equity,2022-07-26,250.0,253.6,247.6,251.4,247.0,5691470.0,1431394004.45,0.01781376518218636,0.01781376518218636,0.017656959528169973,PASS,2026-05-13T13:31:06Z,D20260513.01
9618.HK,HK,equity,2022-07-27,247.2,249.2,246.0,248.8,251.4,3886513.0,963661527.95,-0.010342084327764511,-0.010342084327764511,-0.010395935291122663,PASS,2026-05-13T13:31:06Z,D20260513.01
9618.HK,HK,equity,2022-07-28,248.8,249.2,244.0,245.0,248.8,5020084.0,1234696791.45,-0.015273311897106123,-0.015273311897106123,-0.015391150320297408,PASS,2026-05-13T13:31:06Z,D20260513.01
9618.HK,HK,equity,2022-07-29,249.0,249.0,231.4,233.8,245.0,8708370.0,2055525475.74,-0.04571428571428571,-0.04571428571428571,-0.04679216150675894,PASS,2026-05-13T13:31:06Z,D20260513.01
9618.HK,HK,equity,2022-08-01,230.0,237.6,228.4,235.0,233.8,6173646.0,1448181136.45,0.0051325919589391145,0.0051325919589391145,0.005119465106190774,PASS,2026-05-13T13:31:06Z,D20260513.01
9618.HK,HK,equity,2022-08-02,231.6,231.6,223.2,228.2,235.0,7900179.0,1794825310.97,-0.028936170212765955,-0.028936170212765955,-0.029363076716183694,PASS,2026-05-13T13:31:06Z,D20260513.01
9618.HK,HK,equity,2022-08-03,234.4,237.4,231.0,233.2,228.2,4766086.0,1114044538.67,0.021910604732690686,0.021910604732690686,0.02167401704836211,PASS,2026-05-13T13:31:06Z,D20260513.01
9618.HK,HK,equity,2022-08-04,239.8,247.0,238.4,246.0,233.2,7483399.0,1831943962.48,0.054888507718696466,0.054888507718696466,0.05343508145602556,PASS,2026-05-13T13:31:06Z,D20260513.01
9618.HK,HK,equity,2022-08-05,249.0,249.0,242.8,245.4,246.0,4348782.0,1067810112.93,-0.0024390243902439046,-0.0024390243902439046,-0.0024420036555517443,PASS,2026-05-13T13:31:06Z,D20260513.01
9618.HK,HK,equity,2022-08-08,241.6,243.0,236.0,237.4,245.4,5624715.0,1339934297.45,-0.032599837000815035,-0.032599837000815035,-0.03314305010124344,PASS,2026-05-13T13:31:06Z,D20260513.01
9618.HK,HK,equity,2022-08-09,231.6,234.6,228.0,228.6,237.4,8418431.0,1941687789.6,-0.03706823925863523,-0.03706823925863523,-0.037772730814857394,PASS,2026-05-13T13:31:06Z,D20260513.01
9618.HK,HK,equity,2022-08-10,224.0,225.6,212.6,218.4,228.6,8819675.0,1929796380.8,-0.044619422572178435,-0.044619422572178435,-0.04564550748996026,PASS,2026-05-13T13:31:06Z,D20260513.01
9618.HK,HK,equity,2022-08-11,217.6,221.8,216.0,221.2,218.4,8806077.0,1932014330.05,0.012820512820512775,0.012820512820512775,0.012739025777429712,PASS,2026-05-13T13:31:06Z,D20260513.01
9618.HK,HK,equity,2022-08-12,223.0,225.2,219.6,222.6,221.2,6259290.0,1392090325.5,0.006329113924050667,0.006329113924050667,0.006309169193264756,PASS,2026-05-13T13:31:06Z,D20260513.01
9618.HK,HK,equity,2022-08-15,221.2,227.4,220.6,222.2,222.6,3563793.0,797009866.0,-0.0017969451931716396,-0.0017969451931716396,-0.0017985616359148672,PASS,2026-05-13T13:31:06Z,D20260513.01
9618.HK,HK,equity,2022-08-16,227.0,229.0,217.4,221.2,222.2,6430525.0,1431876405.9,-0.004500450045004545,-0.004500450045004545,-0.004510607557349931,PASS,2026-05-13T13:31:06Z,D20260513.01
9618.HK,HK,equity,2022-08-17,224.8,226.6,221.4,223.2,221.2,3825652.0,855511635.6,0.009041591320072317,0.009041591320072317,0.009000960858976123,PASS,2026-05-13T13:31:06Z,D20260513.01
9618.HK,HK,equity,2022-08-18,223.0,223.0,215.2,217.6,223.2,4897192.0,1070478996.1,-0.02508960573476704,-0.02508960573476704,-0.025409715525368325,PASS,2026-05-13T13:31:06Z,D20260513.01
9618.HK,HK,equity,2022-08-19,213.2,219.4,213.2,217.2,217.6,5197263.0,1128392405.45,-0.0018382352941176405,-0.0018382352941176405,-0.0018399269220071826,PASS,2026-05-13T13:31:06Z,D20260513.01
9618.HK,HK,equity,2022-08-22,213.2,221.8,213.2,218.8,217.2,5988210.0,1312863866.71,0.007366482504604255,0.007366482504604255,0.0073394824880459696,PASS,2026-05-13T13:31:06Z,D20260513.01
9618.HK,HK,equity,2022-08-23,218.8,222.2,218.6,221.4,218.8,6578848.0,1450920373.25,0.01188299817184646,0.01188299817184646,0.011812949726710388,PASS,2026-05-13T13:31:06Z,D20260513.01
9618.HK,HK,equity,2022-08-24,227.2,230.0,220.6,221.8,221.4,9589394.0,2156469178.94,0.0018066847335140857,0.0018066847335140857,0.0018050546417302405,PASS,2026-05-13T13:31:06Z,D20260513.01
9618.HK,HK,equity,2022-08-25,230.0,247.6,228.4,246.2,221.8,12625314.0,3040425103.5,0.11000901713255185,0.11000901713255185,0.10436813883408647,PASS,2026-05-13T13:31:06Z,D20260513.01
9618.HK,HK,equity,2022-08-26,252.0,254.6,245.8,248.4,246.2,13437039.0,3351476346.1,0.008935824532900094,0.008935824532900094,0.008896136308970577,PASS,2026-05-13T13:31:06Z,D20260513.01
9618.HK,HK,equity,2022-08-29,246.2,249.0,242.4,245.0,248.4,6976605.0,1718145307.47,-0.013687600644122444,-0.013687600644122444,-0.013782139514596777,PASS,2026-05-13T13:31:06Z,D20260513.01
9618.HK,HK,equity,2022-08-30,247.8,247.8,240.6,247.0,245.0,7255844.0,1777441966.28,0.008163265306122547,0.008163265306122547,0.008130126083250309,PASS,2026-05-13T13:31:06Z,D20260513.01
9618.HK,HK,equity,2022-08-31,241.8,254.2,240.2,246.8,247.0,22826527.0,5639819279.8,-0.0008097165991902688,-0.0008097165991902688,-0.0008100445967444326,PASS,2026-05-13T13:31:06Z,D20260513.01
9618.HK,HK,equity,2022-09-01,246.0,249.2,243.0,245.0,246.8,7847271.0,1930687964.46,-0.007293354943273989,-0.007293354943273989,-0.007320081486505847,PASS,2026-05-13T13:31:06Z,D20260513.01
9618.HK,HK,equity,2022-09-02,246.6,248.8,241.0,244.0,245.0,10017289.0,2443878817.35,-0.004081632653061273,-0.004081632653061273,-0.004089985251525166,PASS,2026-05-13T13:31:06Z,D20260513.01
9618.HK,HK,equity,2022-09-05,239.0,239.0,233.2,236.8,244.0,6528350.0,1542353424.0,-0.02950819672131144,-0.02950819672131144,-0.029952322283351217,PASS,2026-05-13T13:31:06Z,D20260513.01
9618.HK,HK,equity,2022-09-06,239.0,240.2,233.2,236.6,236.8,3376895.0,798445988.22,-0.0008445945945946276,-0.0008445945945946276,-0.0008449514655642472,PASS,2026-05-13T13:31:06Z,D20260513.01
9618.HK,HK,equity,2022-09-07,232.0,235.2,230.0,233.8,236.6,4674027.0,1085314833.55,-0.011834319526627168,-0.011834319526627168,-0.011904902506318314,PASS,2026-05-13T13:31:06Z,D20260513.01
9618.HK,HK,equity,2022-09-08,234.6,239.0,234.0,235.2,233.8,4580463.0,1079828333.9,0.0059880239520957446,0.0059880239520957446,0.005970166986503754,PASS,2026-05-13T13:31:06Z,D20260513.01
9618.HK,HK,equity,2022-09-09,236.6,244.8,234.2,243.4,235.2,5241639.0,1268826994.45,0.03486394557823136,0.03486394557823136,0.034269964528955005,PASS,2026-05-13T13:31:06Z,D20260513.01
9618.HK,HK,equity,2022-09-13,242.0,242.0,233.0,233.4,243.4,8356058.0,1977993521.6,-0.041084634346754356,-0.041084634346754356,-0.04195246070097123,PASS,2026-05-13T13:31:06Z,D20260513.01
9618.HK,HK,equity,2022-09-14,225.4,226.6,220.8,223.6,233.4,11552241.0,2597803933.49,-0.041988003427592124,-0.041988003427592124,-0.042894978571511526,PASS,2026-05-13T13:31:06Z,D20260513.01
9618.HK,HK,equity,2022-09-15,223.2,227.8,221.8,226.8,223.6,6684999.0,1506893351.32,0.014311270125223707,0.014311270125223707,0.014209830572653003,PASS,2026-05-13T13:31:06Z,D20260513.01
9618.HK,HK,equity,2022-09-16,223.4,227.6,222.2,223.0,226.8,7143496.0,1599177326.86,-0.01675485008818345,-0.01675485008818345,-0.016896800393478274,PASS,2026-05-13T13:31:06Z,D20260513.01
9618.HK,HK,equity,2022-09-19,219.0,220.6,216.8,217.4,223.0,7185155.0,1569757606.54,-0.02511210762331839,-0.02511210762331839,-0.025432796773009695,PASS,2026-05-13T13:31:06Z,D20260513.01
9618.HK,HK,equity,2022-09-20,220.8,227.0,220.8,225.0,217.4,5211445.0,1170576095.3,0.034958601655933785,0.034958601655933785,0.03436142751731108,PASS,2026-05-13T13:31:06Z,D20260513.01
9618.HK,HK,equity,2022-09-21,223.0,223.0,217.4,218.4,225.0,4220924.0,926028805.6,-0.029333333333333322,-0.029333333333333322,-0.029772158333670144,PASS,2026-05-13T13:31:06Z,D20260513.01
9618.HK,HK,equity,2022-09-22,211.0,213.6,208.8,212.2,218.4,4921083.0,1040411441.6,-0.02838827838827851,-0.02838827838827851,-0.028799017690867342,PASS,2026-05-13T13:31:06Z,D20260513.01
9618.HK,HK,equity,2022-09-23,212.2,212.4,204.2,205.0,212.2,4956019.0,1029236899.32,-0.03393025447690856,-0.03393025447690856,-0.03451924704147456,PASS,2026-05-13T13:31:06Z,D20260513.01
9618.HK,HK,equity,2022-09-26,202.8,211.6,202.2,210.0,205.0,5818134.0,1215642416.56,0.024390243902439046,0.024390243902439046,0.024097551579060524,PASS,2026-05-13T13:31:06Z,D20260513.01
9618.HK,HK,equity,2022-09-27,209.6,214.0,206.8,213.0,210.0,5660066.0,1193803795.53,0.014285714285714235,0.014285714285714235,0.014184634991956381,PASS,2026-05-13T13:31:06Z,D20260513.01
9618.HK,HK,equity,2022-09-28,206.8,206.8,200.0,201.0,213.0,7959909.0,1609738333.3,-0.05633802816901412,-0.05633802816901412,-0.0579872576503494,PASS,2026-05-13T13:31:06Z,D20260513.01
9618.HK,HK,equity,2022-09-29,207.2,209.6,199.9,202.0,201.0,7020937.0,1432579808.04,0.004975124378109541,0.004975124378109541,0.004962789342129097,PASS,2026-05-13T13:31:06Z,D20260513.01
9618.HK,HK,equity,2022-09-30,204.0,205.4,195.8,198.6,202.0,8032149.0,1595429312.94,-0.016831683168316847,-0.016831683168316847,-0.01697494579013256,PASS,2026-05-13T13:31:06Z,D20260513.01
9618.HK,HK,equity,2022-10-03,196.5,198.2,191.0,193.4,198.6,5417556.0,1047966648.56,-0.02618328298086603,-0.02618328298086603,-0.026532168591878232,PASS,2026-05-13T13:31:06Z,D20260513.01
9618.HK,HK,equity,2022-10-05,204.2,215.8,203.4,213.0,193.4,11178543.0,2366234228.35,0.10134436401240943,0.10134436401240943,0.09653158269023109,PASS,2026-05-13T13:31:06Z,D20260513.01
9618.HK,HK,equity,2022-10-06,211.0,211.0,205.6,206.8,213.0,6473485.0,1346431022.6,-0.029107981220657275,-0.029107981220657275,-0.029540023075151044,PASS,2026-05-13T13:31:06Z,D20260513.01
9618.HK,HK,equity,2022-10-07,203.8,204.4,198.4,199.4,206.8,5421783.0,1085814049.75,-0.03578336557059969,-0.03578336557059969,-0.03643928510653619,PASS,2026-05-13T13:31:06Z,D20260513.01
9618.HK,HK,equity,2022-10-10,194.1,195.4,190.0,192.0,199.4,6155441.0,1182260438.7,-0.03711133400200606,-0.03711133400200606,-0.03781748549995645,PASS,2026-05-13T13:31:06Z,D20260513.01
9618.HK,HK,equity,2022-10-11,188.0,189.1,181.0,182.4,192.0,7741109.0,1419131466.0,-0.04999999999999993,-0.04999999999999993,-0.05129329438755046,PASS,2026-05-13T13:31:06Z,D20260513.01
9618.HK,HK,equity,2022-10-12,182.7,191.7,178.3,185.3,182.4,8402573.0,1542020023.54,0.01589912280701755,0.01589912280701755,0.01577405565108309,PASS,2026-05-13T13:31:06Z,D20260513.01
9618.HK,HK,equity,2022-10-13,184.3,184.8,176.6,176.6,185.3,5833051.0,1045903293.52,-0.04695089044792233,-0.04695089044792233,-0.048088845121454504,PASS,2026-05-13T13:31:06Z,D20260513.01
9618.HK,HK,equity,2022-10-14,179.0,182.5,173.6,174.8,176.6,8004551.0,1428122600.35,-0.010192525481313552,-0.010192525481313552,-0.010244824948424401,PASS,2026-05-13T13:31:06Z,D20260513.01
9618.HK,HK,equity,2022-10-17,168.2,174.0,164.1,171.9,174.8,12607803.0,2129428761.19,-0.016590389016018392,-0.016590389016018392,-0.016729550832631602,PASS,2026-05-13T13:31:06Z,D20260513.01
9618.HK,HK,equity,2022-10-18,176.1,179.1,171.8,178.3,171.9,8268857.0,1459413433.08,0.03723094822571271,0.03723094822571271,0.03655461248029124,PASS,2026-05-13T13:31:06Z,D20260513.01
9618.HK,HK,equity,2022-10-19,175.0,176.5,168.4,168.4,178.3,6862764.0,1175651271.95,-0.055524397083567045,-0.055524397083567045,-0.057125423060868395,PASS,2026-05-13T13:31:06Z,D20260513.01
9618.HK,HK,equity,2022-10-20,160.9,164.1,158.0,162.0,168.4,13038474.0,2097644851.86,-0.038004750593824244,-0.038004750593824244,-0.03874576657584229,PASS,2026-05-13T13:31:06Z,D20260513.01
9618.HK,HK,equity,2022-10-21,167.6,167.6,163.0,163.3,162.0,9589796.0,1577574527.71,0.00802469135802486,0.00802469135802486,0.00799266474403552,PASS,2026-05-13T13:31:06Z,D20260513.01
9618.HK,HK,equity,2022-10-24,156.0,157.5,138.9,141.8,163.3,26061411.0,3787398559.99,-0.13165952235150025,-0.13165952235150025,-0.14117138587839223,PASS,2026-05-13T13:31:06Z,D20260513.01
9618.HK,HK,equity,2022-10-25,143.9,153.7,139.2,148.9,141.8,21972579.0,3228930310.76,0.050070521861777184,0.050070521861777184,0.04885732559193621,PASS,2026-05-13T13:31:06Z,D20260513.01
9618.HK,HK,equity,2022-10-26,147.9,153.5,145.6,148.4,148.9,15546158.0,2324154170.48,-0.00335795836131636,-0.00335795836131636,-0.003363608956683267,PASS,2026-05-13T13:31:06Z,D20260513.01
9618.HK,HK,equity,2022-10-27,161.4,164.4,155.9,157.1,148.4,15636132.0,2505911790.55,0.058625336927223604,0.058625336927223604,0.05697121452829529,PASS,2026-05-13T13:31:06Z,D20260513.01
9618.HK,HK,equity,2022-10-28,156.7,156.7,144.5,146.6,157.1,13035586.0,1935184927.15,-0.06683640992998086,-0.06683640992998086,-0.06917475580902431,PASS,2026-05-13T13:31:06Z,D20260513.01
9618.HK,HK,equity,2022-10-31,145.2,151.2,142.6,145.1,146.6,11111441.0,1633028764.99,-0.01023192360163716,-0.01023192360163716,-0.010284629562409008,PASS,2026-05-13T13:31:06Z,D20260513.01
9618.HK,HK,equity,2022-11-01,149.5,160.0,147.0,157.3,145.1,14488939.0,2235264099.05,0.08407994486560999,0.08407994486560999,0.08073165017409004,PASS,2026-05-13T13:31:06Z,D20260513.01
9618.HK,HK,equity,2022-11-02,155.5,162.5,151.2,161.6,157.3,12871001.0,2034648502.76,0.027336300063572683,0.027336300063572683,0.02696933602276276,PASS,2026-05-13T13:31:06Z,D20260513.01
9618.HK,HK,equity,2022-11-03,156.0,159.3,151.5,152.5,161.6,7194784.0,1111704414.9,-0.056311881188118806,-0.056311881188118806,-0.057959550039528684,PASS,2026-05-13T13:31:06Z,D20260513.01
9618.HK,HK,equity,2022-11-04,158.0,177.8,158.0,171.6,152.5,21308781.0,3627249333.0,0.12524590163934413,0.12524590163934413,0.11800159100639547,PASS,2026-05-13T13:31:06Z,D20260513.01
9618.HK,HK,equity,2022-11-07,170.0,182.4,167.8,177.0,171.6,15451858.0,2729681833.04,0.03146853146853146,0.03146853146853146,0.030983545519967227,PASS,2026-05-13T13:31:06Z,D20260513.01
9618.HK,HK,equity,2022-11-08,175.9,180.9,173.7,178.2,177.0,11943165.0,2127787874.04,0.006779661016949046,0.006779661016949046,0.006756782462879687,PASS,2026-05-13T13:31:06Z,D20260513.01
9618.HK,HK,equity,2022-11-09,178.2,180.5,170.2,172.1,178.2,8027205.0,1389924564.55,-0.034231200897867575,-0.034231200897867575,-0.03483081181921521,PASS,2026-05-13T13:31:06Z,D20260513.01
9618.HK,HK,equity,2022-11-10,168.0,168.0,164.2,165.8,172.1,6515680.0,1079234084.08,-0.03660662405578141,-0.03660662405578141,-0.03729346051629902,PASS,2026-05-13T13:31:06Z,D20260513.01
9618.HK,HK,equity,2022-11-11,183.0,196.0,179.8,192.5,165.8,15928679.0,2992287268.34,0.16103739445114584,0.16103739445114584,0.1493139110266442,PASS,2026-05-13T13:31:06Z,D20260513.01
9618.HK,HK,equity,2022-11-14,210.8,211.0,197.1,200.8,192.5,19555404.0,3955805856.45,0.04311688311688311,0.04311688311688311,0.04221323408973521,PASS,2026-05-13T13:31:06Z,D20260513.01
9618.HK,HK,equity,2022-11-15,198.7,219.0,198.3,217.4,200.8,16113392.0,3433695607.2,0.08266932270916327,0.08266932270916327,0.07942958686953487,PASS,2026-05-13T13:31:06Z,D20260513.01
9618.HK,HK,equity,2022-11-16,210.0,215.8,207.0,212.8,217.4,10439572.0,2200528768.6,-0.021159153633854566,-0.021159153633854566,-0.02138621721961967,PASS,2026-05-13T13:31:06Z,D20260513.01
9618.HK,HK,equity,2022-11-17,212.6,213.8,203.4,210.4,212.8,6965275.0,1452827357.15,-0.011278195488721776,-0.011278195488721776,-0.011342276603934495,PASS,2026-05-13T13:31:06Z,D20260513.01
9618.HK,HK,equity,2022-11-18,225.6,228.6,213.4,218.0,210.4,10339323.0,2281245471.32,0.03612167300380231,0.03612167300380231,0.03548458192553425,PASS,2026-05-13T13:31:06Z,D20260513.01
9618.HK,HK,equity,2022-11-21,210.0,212.8,203.6,206.6,218.0,10760880.0,2232107757.5,-0.05229357798165135,-0.05229357798165135,-0.05371050610355081,PASS,2026-05-13T13:31:06Z,D20260513.01
9618.HK,HK,equity,2022-11-22,206.8,207.0,194.0,197.6,206.6,9699390.0,1935242800.3,-0.04356243949661176,-0.04356243949661176,-0.04453977137177068,PASS,2026-05-13T13:31:06Z,D20260513.01
9618.HK,HK,equity,2022-11-23,198.3,206.6,197.6,204.2,197.6,6953490.0,1408562642.56,0.0334008097165992,0.0334008097165992,0.03285512041679775,PASS,2026-05-13T13:31:06Z,D20260513.01
9618.HK,HK,equity,2022-11-24,205.0,206.8,195.0,200.0,204.2,6823250.0,1367672912.05,-0.020568070519098813,-0.020568070519098813,-0.02078253918252839,PASS,2026-05-13T13:31:06Z,D20260513.01
9618.HK,HK,equity,2022-11-25,199.4,199.8,194.5,198.7,200.0,5239631.0,1033624411.05,-0.006500000000000061,-0.006500000000000061,-0.006521216990265575,PASS,2026-05-13T13:31:06Z,D20260513.01
9618.HK,HK,equity,2022-11-28,185.0,193.4,182.8,190.1,198.7,9196234.0,1735881071.43,-0.043281328636134875,-0.043281328636134875,-0.04424590006338768,PASS,2026-05-13T13:31:06Z,D20260513.01
9618.HK,HK,equity,2022-11-29,198.0,211.8,195.5,210.8,190.1,13452241.0,2760652988.73,0.10889005786428196,0.10889005786428196,0.1033595671728238,PASS,2026-05-13T13:31:06Z,D20260513.01
9618.HK,HK,equity,2022-11-30,205.6,220.0,205.0,218.8,210.8,16743352.0,3577260867.05,0.03795066413662229,0.03795066413662229,0.03724825388061878,PASS,2026-05-13T13:31:06Z,D20260513.01
9618.HK,HK,equity,2022-12-01,224.0,229.2,216.2,217.0,218.8,13440020.0,2977942557.44,-0.00822669104204754,-0.00822669104204754,-0.008260717007366598,PASS,2026-05-13T13:31:06Z,D20260513.01
9618.HK,HK,equity,2022-12-02,219.2,221.2,213.0,217.2,217.0,8552229.0,1854871527.85,0.0009216589861751334,0.0009216589861751334,0.0009212345193208402,PASS,2026-05-13T13:31:06Z,D20260513.01
9618.HK,HK,equity,2022-12-05,232.0,242.0,226.6,241.6,217.2,14883311.0,3498218681.91,0.11233885819521183,0.11233885819521183,0.10646487800087955,PASS,2026-05-13T13:31:06Z,D20260513.01
9618.HK,HK,equity,2022-12-06,231.8,239.4,230.2,235.8,241.6,11395629.0,2676971321.7,-0.024006622516556275,-0.024006622516556275,-0.024299477957389314,PASS,2026-05-13T13:31:06Z,D20260513.01
9618.HK,HK,equity,2022-12-07,236.2,240.2,221.4,221.8,235.8,10434201.0,2395806605.9,-0.0593723494486853,-0.0593723494486853,-0.061207913187003866,PASS,2026-05-13T13:31:06Z,D20260513.01
9618.HK,HK,equity,2022-12-08,225.6,236.6,224.2,234.0,221.8,7073902.0,1641730640.7,0.05500450856627581,0.05500450856627581,0.05354504044143466,PASS,2026-05-13T13:31:06Z,D20260513.01
9618.HK,HK,equity,2022-12-09,236.0,241.0,233.6,236.8,234.0,9416015.0,2232792038.45,0.011965811965811923,0.011965811965811923,0.011894787652149146,PASS,2026-05-13T13:31:06Z,D20260513.01
9618.HK,HK,equity,2022-12-12,226.6,232.6,226.2,230.0,236.8,7397832.0,1702567799.0,-0.028716216216216228,-0.028716216216216228,-0.029136594086655254,PASS,2026-05-13T13:31:06Z,D20260513.01
9618.HK,HK,equity,2022-12-13,225.6,233.0,223.8,228.0,230.0,6973102.0,1591350051.5,-0.008695652173912993,-0.008695652173912993,-0.008733679968754553,PASS,2026-05-13T13:31:06Z,D20260513.01
9618.HK,HK,equity,2022-12-14,227.0,231.8,225.2,228.0,228.0,8426204.0,1921820587.68,0.0,0.0,0.0,PASS,2026-05-13T13:31:06Z,D20260513.01
9618.HK,HK,equity,2022-12-15,227.0,227.0,220.4,221.6,228.0,6679972.0,1490831790.9,-0.028070175438596467,-0.028070175438596467,-0.028471674081312,PASS,2026-05-13T13:31:06Z,D20260513.01
9618.HK,HK,equity,2022-12-16,221.6,230.6,218.6,225.0,221.6,6740682.0,1516775178.9,0.01534296028880866,0.01534296028880866,0.015226447331291384,PASS,2026-05-13T13:31:06Z,D20260513.01
9618.HK,HK,equity,2022-12-19,226.8,234.2,222.8,224.2,225.0,5116697.0,1158095789.95,-0.003555555555555645,-0.003555555555555645,-0.003561891566360686,PASS,2026-05-13T13:31:06Z,D20260513.01
9618.HK,HK,equity,2022-12-20,221.4,224.4,216.2,220.4,224.2,5003277.0,1101186908.59,-0.016949152542372836,-0.016949152542372836,-0.017094433359300068,PASS,2026-05-13T13:31:06Z,D20260513.01
9618.HK,HK,equity,2022-12-21,220.6,223.6,216.6,219.0,220.4,4676429.0,1026954993.95,-0.006352087114337546,-0.006352087114337546,-0.006372347462258579,PASS,2026-05-13T13:31:06Z,D20260513.01
9618.HK,HK,equity,2022-12-22,227.8,234.4,227.2,232.6,219.0,6246154.0,1446645478.27,0.06210045662100461,0.06210045662100461,0.06024851026806327,PASS,2026-05-13T13:31:06Z,D20260513.01
9618.HK,HK,equity,2022-12-23,225.6,230.0,224.0,227.8,232.6,3868817.0,881585294.8,-0.020636285468615623,-0.020636285468615623,-0.020852189071482258,PASS,2026-05-13T13:31:06Z,D20260513.01
9618.HK,HK,equity,2022-12-28,229.0,233.6,228.6,230.4,227.8,6402105.0,1479487229.35,0.011413520632133523,0.011413520632133523,0.01134887780865448,PASS,2026-05-13T13:31:06Z,D20260513.01
9618.HK,HK,equity,2022-12-29,218.8,220.4,214.4,218.0,230.4,9216806.0,2008299174.85,-0.05381944444444442,-0.05381944444444442,-0.05532186603264714,PASS,2026-05-13T13:31:06Z,D20260513.01
9618.HK,HK,equity,2022-12-30,224.0,225.2,218.4,220.2,218.0,4082108.0,903405710.1,0.010091743119265972,0.010091743119265972,0.010041161499490497,PASS,2026-05-13T13:31:06Z,D20260513.01
9618.HK,HK,equity,2023-01-03,213.0,226.0,211.6,224.8,220.2,6894915.0,1518364905.76,0.020890099909173676,0.020890099909173676,0.020674893730956614,PASS,2026-05-13T13:31:06Z,D20260513.01
9618.HK,HK,equity,2023-01-04,227.2,241.0,224.8,241.0,224.8,11835143.0,2794571860.25,0.07206405693950169,0.07206405693950169,0.0695858154711189,PASS,2026-05-13T13:31:06Z,D20260513.01
9618.HK,HK,equity,2023-01-05,258.0,258.6,245.0,247.4,241.0,13064014.0,3267635445.3,0.0265560165975105,0.0265560165975105,0.026209526467732655,PASS,2026-05-13T13:31:06Z,D20260513.01
9618.HK,HK,equity,2023-01-06,251.0,254.2,246.2,250.0,247.4,11143856.0,2786776158.59,0.010509296685529579,0.010509296685529579,0.01045445790385898,PASS,2026-05-13T13:31:06Z,D20260513.01
9618.HK,HK,equity,2023-01-09,250.0,253.2,246.4,250.0,250.0,8859205.0,2214108872.65,0.0,0.0,0.0,PASS,2026-05-13T13:31:06Z,D20260513.01
9618.HK,HK,equity,2023-01-10,248.0,251.0,244.4,250.0,250.0,5864606.0,1458067532.25,0.0,0.0,0.0,PASS,2026-05-13T13:31:06Z,D20260513.01
9618.HK,HK,equity,2023-01-11,246.6,252.4,244.2,246.6,250.0,8159286.0,2029629591.15,-0.013600000000000056,-0.013600000000000056,-0.013693327132002567,PASS,2026-05-13T13:31:06Z,D20260513.01
9618.HK,HK,equity,2023-01-12,247.0,250.0,241.2,247.4,246.6,9990408.0,2455399912.7,0.0032441200324413444,0.0032441200324413444,0.003238869228143745,PASS,2026-05-13T13:31:06Z,D20260513.01
9618.HK,HK,equity,2023-01-13,248.2,249.2,239.2,248.2,247.4,6449487.0,1580926529.57,0.003233629749393563,0.003233629749393563,0.0032284128121191787,PASS,2026-05-13T13:31:06Z,D20260513.01
9618.HK,HK,equity,2023-01-16,249.8,250.2,240.4,243.8,248.2,5128571.0,1252691840.29,-0.01772763900080576,-0.01772763900080576,-0.017886655723335643,PASS,2026-05-13T13:31:06Z,D20260513.01
9618.HK,HK,equity,2023-01-17,241.0,243.6,234.6,239.6,243.8,8091792.0,1925647411.35,-0.01722723543888438,-0.01722723543888438,-0.017377350805876917,PASS,2026-05-13T13:31:06Z,D20260513.01
9618.HK,HK,equity,2023-01-18,232.2,235.4,226.2,235.4,239.6,10610610.0,2462743772.02,-0.017529215358931483,-0.017529215358931483,-0.01768467141511787,PASS,2026-05-13T13:31:06Z,D20260513.01
9618.HK,HK,equity,2023-01-19,228.4,234.6,227.2,231.8,235.4,6765457.0,1561936598.5,-0.015293118096856406,-0.015293118096856406,-0.015411263920525,PASS,2026-05-13T13:31:06Z,D20260513.01
9618.HK,HK,equity,2023-01-20,235.0,240.8,233.8,238.8,231.8,6492161.0,1542631469.93,0.030198446937014678,0.030198446937014678,0.0297514506127957,PASS,2026-05-13T13:31:06Z,D20260513.01
9618.HK,HK,equity,2023-01-26,244.6,245.4,240.0,245.4,238.8,6191386.0,1507506325.19,0.027638190954773822,0.027638190954773822,0.027263150758363996,PASS,2026-05-13T13:31:06Z,D20260513.01
9618.HK,HK,equity,2023-01-27,250.2,251.4,246.2,251.4,245.4,5555259.0,1387769846.35,0.02444987775061125,0.02444987775061125,0.024155763879335986,PASS,2026-05-13T13:31:06Z,D20260513.01
9618.HK,HK,equity,2023-01-30,246.4,249.0,236.2,237.4,251.4,10769927.0,2594223422.43,-0.05568814638027053,-0.05568814638027053,-0.057298813980579434,PASS,2026-05-13T13:31:06Z,D20260513.01
9618.HK,HK,equity,2023-01-31,238.0,239.0,228.2,231.6,237.4,9233551.0,2144013993.91,-0.024431339511373218,-0.024431339511373218,-0.024734736476727495,PASS,2026-05-13T13:31:06Z,D20260513.01
9618.HK,HK,equity,2023-02-01,232.4,238.0,230.0,238.0,231.6,8013925.0,1881585719.0,0.02763385146804831,0.02763385146804831,0.027258927972634468,PASS,2026-05-13T13:31:06Z,D20260513.01
9618.HK,HK,equity,2023-02-02,240.8,242.6,235.4,236.4,238.0,5792332.0,1383728898.55,-0.006722689075630228,-0.006722689075630228,-0.006745388139531538,PASS,2026-05-13T13:31:06Z,D20260513.01
9618.HK,HK,equity,2023-02-03,228.6,233.8,227.0,230.8,236.4,6676415.0,1533842695.05,-0.02368866328257191,-0.02368866328257191,-0.023973750897998632,PASS,2026-05-13T13:31:06Z,D20260513.01
9618.HK,HK,equity,2023-02-06,222.0,223.6,218.6,222.6,230.8,6718137.0,1485329044.72,-0.03552859618717508,-0.03552859618717508,-0.03617509579250008,PASS,2026-05-13T13:31:06Z,D20260513.01
9618.HK,HK,equity,2023-02-07,223.0,226.2,220.4,222.6,222.6,4720757.0,1053746123.25,0.0,0.0,0.0,PASS,2026-05-13T13:31:06Z,D20260513.01
9618.HK,HK,equity,2023-02-08,223.4,225.0,218.2,219.2,222.6,5734017.0,1261886389.58,-0.015274034141958714,-0.015274034141958714,-0.015391883767584031,PASS,2026-05-13T13:31:06Z,D20260513.01
9618.HK,HK,equity,2023-02-09,217.0,225.0,216.0,224.6,219.2,6530590.0,1451405976.7,0.02463503649635035,0.02463503649635035,0.02433648723048232,PASS,2026-05-13T13:31:06Z,D20260513.01
9618.HK,HK,equity,2023-02-10,217.0,219.0,208.8,210.4,224.6,12439326.0,2639768014.95,-0.06322350845948344,-0.06322350845948344,-0.06531056144078791,PASS,2026-05-13T13:31:06Z,D20260513.01
9618.HK,HK,equity,2023-02-13,200.4,208.6,199.3,207.4,210.4,16376266.0,3360779785.36,-0.014258555133079831,-0.014258555133079831,-0.014361185068127823,PASS,2026-05-13T13:31:06Z,D20260513.01
9618.HK,HK,equity,2023-02-14,205.6,205.8,201.6,203.6,207.4,9095805.0,1849409175.23,-0.018322082931533368,-0.018322082931533368,-0.018492011119059376,PASS,2026-05-13T13:31:06Z,D20260513.01
9618.HK,HK,equity,2023-02-15,205.0,206.2,199.8,202.0,203.6,8234044.0,1661689000.8,-0.007858546168958758,-0.007858546168958758,-0.007889587275162932,PASS,2026-05-13T13:31:06Z,D20260513.01
9618.HK,HK,equity,2023-02-16,205.0,217.6,204.6,212.6,202.0,13546520.0,2883226316.8,0.05247524752475252,0.05247524752475252,0.05114476850664284,PASS,2026-05-13T13:31:06Z,D20260513.01
9618.HK,HK,equity,2023-02-17,213.0,215.8,209.4,210.6,212.6,6859486.0,1448480597.35,-0.00940733772342428,-0.00940733772342428,-0.009451866207972436,PASS,2026-05-13T13:31:06Z,D20260513.01
9618.HK,HK,equity,2023-02-20,208.4,210.8,206.6,207.4,210.6,5989310.0,1250089514.3,-0.015194681861348425,-0.015194681861348425,-0.015311303904448067,PASS,2026-05-13T13:31:06Z,D20260513.01
9618.HK,HK,equity,2023-02-21,205.4,206.6,189.0,189.7,207.4,22613377.0,4368394781.8,-0.0853423336547735,-0.0853423336547735,-0.08920541885445857,PASS,2026-05-13T13:31:06Z,D20260513.01
9618.HK,HK,equity,2023-02-22,183.4,188.9,182.0,184.0,189.7,19767488.0,3643465188.45,-0.030047443331576162,-0.030047443331576162,-0.030508119331982893,PASS,2026-05-13T13:31:06Z,D20260513.01
9618.HK,HK,equity,2023-02-23,178.8,188.7,178.8,187.3,184.0,15161702.0,2819165641.35,0.017934782608695743,0.017934782608695743,0.0177758518410573,PASS,2026-05-13T13:31:06Z,D20260513.01
9618.HK,HK,equity,2023-02-24,183.8,185.4,177.4,178.4,187.3,12274957.0,2215623655.41,-0.04751735184196482,-0.04751735184196482,-0.048683389304133885,PASS,2026-05-13T13:31:06Z,D20260513.01
9618.HK,HK,equity,2023-02-27,176.0,181.9,175.8,178.0,178.4,10191538.0,1817297317.75,-0.0022421524663677195,-0.0022421524663677195,-0.002244669853823862,PASS,2026-05-13T13:31:06Z,D20260513.01
9618.HK,HK,equity,2023-02-28,177.5,178.0,171.3,173.7,178.0,15577215.0,2717958479.3,-0.024157303370786587,-0.024157303370786587,-0.024453877045025968,PASS,2026-05-13T13:31:06Z,D20260513.01
9618.HK,HK,equity,2023-03-01,174.1,184.6,173.5,183.3,173.7,10224998.0,1850415737.03,0.05526770293609684,0.05526770293609684,0.053794481598600195,PASS,2026-05-13T13:31:06Z,D20260513.01
9618.HK,HK,equity,2023-03-02,178.8,180.6,176.8,179.1,183.3,9798016.0,1754062545.2,-0.022913256955810257,-0.022913256955810257,-0.02317984577899335,PASS,2026-05-13T13:31:06Z,D20260513.01
9618.HK,HK,equity,2023-03-03,185.6,187.7,183.2,184.7,179.1,9105981.0,1686629038.45,0.03126744835287543,0.03126744835287543,0.030788578138528123,PASS,2026-05-13T13:31:06Z,D20260513.01
9618.HK,HK,equity,2023-03-06,188.0,190.7,185.2,187.3,184.7,9953007.0,1872138307.59,0.014076881429345045,0.014076881429345045,0.013978722244848711,PASS,2026-05-13T13:31:06Z,D20260513.01
9618.HK,HK,equity,2023-03-07,188.4,192.2,182.6,186.4,187.3,7839049.0,1467587527.86,-0.00480512546716505,-0.00480512546716505,-0.004816707198552094,PASS,2026-05-13T13:31:06Z,D20260513.01
9618.HK,HK,equity,2023-03-08,182.0,182.5,176.7,178.3,186.4,10066987.0,1796108840.1,-0.043454935622317614,-0.043454935622317614,-0.044427377382396105,PASS,2026-05-13T13:31:06Z,D20260513.01
9618.HK,HK,equity,2023-03-09,182.9,183.4,178.5,179.3,178.3,8259285.0,1493888880.68,0.005608524957936067,0.005608524957936067,0.005592855741992474,PASS,2026-05-13T13:31:06Z,D20260513.01
9618.HK,HK,equity,2023-03-10,161.5,163.1,158.0,158.7,179.3,43661369.0,6968793871.8,-0.11489124372559967,-0.11489124372559967,-0.12204475307872394,PASS,2026-05-13T13:31:06Z,D20260513.01
9618.HK,HK,equity,2023-03-13,159.0,164.5,157.6,159.0,158.7,20493003.0,3287868114.98,0.001890359168241984,0.001890359168241984,0.0018885746878681546,PASS,2026-05-13T13:31:06Z,D20260513.01
9618.HK,HK,equity,2023-03-14,157.6,160.2,153.7,155.5,159.0,14841727.0,2317086580.06,-0.022012578616352196,-0.022012578616352196,-0.022258470600942697,PASS,2026-05-13T13:31:06Z,D20260513.01
9618.HK,HK,equity,2023-03-15,158.9,160.9,157.4,159.2,155.5,9224652.0,1468133201.65,0.023794212218649413,0.023794212218649413,0.023515541790993712,PASS,2026-05-13T13:31:06Z,D20260513.01
9618.HK,HK,equity,2023-03-16,154.7,158.5,153.6,155.0,159.2,8984223.0,1399778994.55,-0.02638190954773867,-0.02638190954773867,-0.026736156491035994,PASS,2026-05-13T13:31:06Z,D20260513.01
9618.HK,HK,equity,2023-03-17,157.8,158.0,152.8,154.6,155.0,18824803.0,2915713071.88,-0.002580645161290307,-0.002580645161290307,-0.002583980765925018,PASS,2026-05-13T13:31:06Z,D20260513.01
9618.HK,HK,equity,2023-03-20,152.4,153.5,147.1,150.4,154.6,11644403.0,1741142251.78,-0.027166882276843385,-0.027166882276843385,-0.027542724637582054,PASS,2026-05-13T13:31:06Z,D20260513.01
9618.HK,HK,equity,2023-03-21,149.4,150.7,145.7,150.1,150.4,11079465.0,1643467751.1,-0.0019946808510639125,-0.0019946808510639125,-0.0019966728763232628,PASS,2026-05-13T13:31:06Z,D20260513.01
9618.HK,HK,equity,2023-03-22,155.0,157.7,151.8,152.9,150.1,10701327.0,1648702085.99,0.01865423051299131,0.01865423051299131,0.018482374295600318,PASS,2026-05-13T13:31:06Z,D20260513.01
9618.HK,HK,equity,2023-03-23,151.6,159.2,150.5,158.8,152.9,12582745.0,1958137948.15,0.038587311968606874,0.038587311968606874,0.03786143587801868,PASS,2026-05-13T13:31:06Z,D20260513.01
9618.HK,HK,equity,2023-03-24,155.8,162.3,155.3,158.8,158.8,12333500.0,1960472741.89,0.0,0.0,0.0,PASS,2026-05-13T13:31:06Z,D20260513.01
9618.HK,HK,equity,2023-03-27,157.6,158.5,151.8,153.2,158.8,10765673.0,1664035757.77,-0.035264483627204135,-0.035264483627204135,-0.03590129150654453,PASS,2026-05-13T13:31:06Z,D20260513.01
9618.HK,HK,equity,2023-03-28,157.0,157.2,154.1,156.1,153.2,7329905.0,1140510772.36,0.01892950391644921,0.01892950391644921,0.018752570214895577,PASS,2026-05-13T13:31:06Z,D20260513.01
9618.HK,HK,equity,2023-03-29,166.2,168.0,158.2,159.1,156.1,17110423.0,2763150156.2,0.01921844971172315,0.01921844971172315,0.0190361078223547,PASS,2026-05-13T13:31:06Z,D20260513.01
9618.HK,HK,equity,2023-03-30,160.5,164.3,159.5,163.2,159.1,14622088.0,2362089108.6,0.025769956002514194,0.025769956002514194,0.0254435071862655,PASS,2026-05-13T13:31:06Z,D20260513.01
9618.HK,HK,equity,2023-03-31,174.8,176.5,171.4,172.0,163.2,24058257.0,4181355284.38,0.05392156862745101,0.05392156862745101,0.05251803428344644,PASS,2026-05-13T13:31:06Z,D20260513.01
9618.HK,HK,equity,2023-04-03,171.6,172.2,167.3,169.7,172.0,9360923.0,1588848194.9,-0.013372093023255927,-0.013372093023255927,-0.013462304573272525,PASS,2026-05-13T13:31:06Z,D20260513.01
9618.HK,HK,equity,2023-04-04,165.0,165.5,161.0,164.0,167.27,8033703.0,1311534906.3,-0.019549231780953025,-0.019549231780953025,-0.019742845499719,PASS,2026-05-13T13:31:06Z,D20260513.01
9618.HK,HK,equity,2023-04-06,158.0,159.4,155.9,159.0,164.0,12979395.0,2045792489.0,-0.030487804878048808,-0.030487804878048808,-0.030962225603966925,PASS,2026-05-13T13:31:06Z,D20260513.01
9618.HK,HK,equity,2023-04-11,159.0,161.7,156.2,158.6,159.0,9024853.0,1430535654.75,-0.002515723270440251,-0.002515723270440251,-0.002518893019483915,PASS,2026-05-13T13:31:06Z,D20260513.01
9618.HK,HK,equity,2023-04-12,157.7,157.8,151.3,153.0,158.6,10761564.0,1646362902.15,-0.035308953341740223,-0.035308953341740223,-0.035947387808312144,PASS,2026-05-13T13:31:06Z,D20260513.01
9618.HK,HK,equity,2023-04-13,144.4,149.9,143.5,149.9,153.0,13821516.0,2038945611.65,-0.02026143790849666,-0.02026143790849666,-0.02046951628388337,PASS,2026-05-13T13:31:06Z,D20260513.01
9618.HK,HK,equity,2023-04-14,149.4,149.5,146.4,147.7,149.9,11727208.0,1732304598.9,-0.014676450967311627,-0.014676450967311627,-0.01478521557121799,PASS,2026-05-13T13:31:06Z,D20260513.01
9618.HK,HK,equity,2023-04-17,145.0,151.2,143.7,149.4,147.7,11257419.0,1665088547.85,0.011509817197021155,0.011509817197021155,0.011444083161382979,PASS,2026-05-13T13:31:06Z,D20260513.01
9618.HK,HK,equity,2023-04-18,148.6,149.5,146.5,148.5,149.4,8085116.0,1194347804.15,-0.006024096385542244,-0.006024096385542244,-0.006042314455962698,PASS,2026-05-13T13:31:06Z,D20260513.01
9618.HK,HK,equity,2023-04-19,148.5,148.5,143.6,144.2,148.5,10183194.0,1476523108.0,-0.02895622895622907,-0.02895622895622907,-0.029383733391905722,PASS,2026-05-13T13:31:06Z,D20260513.01
9618.HK,HK,equity,2023-04-20,144.1,145.4,142.0,142.9,144.2,12571216.0,1802054290.22,-0.009015256588072007,-0.009015256588072007,-0.009056139915026863,PASS,2026-05-13T13:31:06Z,D20260513.01
9618.HK,HK,equity,2023-04-21,141.5,142.0,138.4,139.7,142.9,11385223.0,1595830227.05,-0.022393282015395477,-0.022393282015395477,-0.022647818672905686,PASS,2026-05-13T13:31:06Z,D20260513.01
9618.HK,HK,equity,2023-04-24,138.7,140.6,136.8,138.4,139.7,9038647.0,1249765707.58,-0.009305654974946176,-0.009305654974946176,-0.009349223079346804,PASS,2026-05-13T13:31:06Z,D20260513.01
9618.HK,HK,equity,2023-04-25,136.7,136.9,131.6,132.7,138.4,11030238.0,1467899236.05,-0.04118497109826602,-0.04118497109826602,-0.042057101845407494,PASS,2026-05-13T13:31:06Z,D20260513.01
9618.HK,HK,equity,2023-04-26,132.7,138.7,132.7,136.1,132.7,11282847.0,1538263182.6,0.02562170308967593,0.02562170308967593,0.02529896831925853,PASS,2026-05-13T13:31:06Z,D20260513.01
9618.HK,HK,equity,2023-04-27,136.1,136.1,133.5,135.9,136.1,7979961.0,1077463401.99,-0.0014695077149153857,-0.0014695077149153857,-0.0014705885003222425,PASS,2026-05-13T13:31:06Z,D20260513.01
9618.HK,HK,equity,2023-04-28,136.3,138.6,135.3,135.9,135.9,8128265.0,1109804573.15,0.0,0.0,0.0,PASS,2026-05-13T13:31:06Z,D20260513.01
9618.HK,HK,equity,2023-05-02,139.1,142.8,136.3,138.2,135.9,9336864.0,1297569296.96,0.016924208977189048,0.016924208977189048,0.016782590176471435,PASS,2026-05-13T13:31:06Z,D20260513.01
9618.HK,HK,equity,2023-05-03,134.8,135.4,132.4,134.3,138.2,8607140.0,1155600902.14,-0.028219971056439808,-0.028219971056439808,-0.028625807804377495,PASS,2026-05-13T13:31:06Z,D20260513.01
9618.HK,HK,equity,2023-05-04,135.5,137.8,135.1,137.5,134.3,7529847.0,1030303485.41,0.023827252419955203,0.023827252419955203,0.023547813577433976,PASS,2026-05-13T13:31:06Z,D20260513.01
9618.HK,HK,equity,2023-05-05,140.7,143.0,139.7,140.8,137.5,8147678.0,1148471742.05,0.02400000000000002,0.02400000000000002,0.023716526617316065,PASS,2026-05-13T13:31:06Z,D20260513.01
9618.HK,HK,equity,2023-05-08,140.8,141.7,138.2,139.5,140.8,6663123.0,929946977.69,-0.009232954545454586,-0.009232954545454586,-0.009275842462521748,PASS,2026-05-13T13:31:06Z,D20260513.01
9618.HK,HK,equity,2023-05-09,140.2,140.6,135.9,136.5,139.5,7426665.0,1027641854.06,-0.021505376344086002,-0.021505376344086002,-0.021739986636405875,PASS,2026-05-13T13:31:06Z,D20260513.01
9618.HK,HK,equity,2023-05-10,136.5,137.5,133.6,135.6,136.5,13575422.0,1836777964.8,-0.006593406593406681,-0.006593406593406681,-0.006615239118719317,PASS,2026-05-13T13:31:06Z,D20260513.01
9618.HK,HK,equity,2023-05-11,138.1,139.5,132.2,135.0,135.6,12467373.0,1680069945.8,-0.004424778761061954,-0.004424778761061954,-0.004434597067865753,PASS,2026-05-13T13:31:06Z,D20260513.01
9618.HK,HK,equity,2023-05-12,146.0,146.0,142.3,144.8,135.0,21710205.0,3135991846.05,0.07259259259259276,0.07259259259259276,0.07007870151318671,PASS,2026-05-13T13:31:06Z,D20260513.01
9618.HK,HK,equity,2023-05-15,139.8,143.3,137.6,141.1,144.8,13391094.0,1877825084.33,-0.025552486187845447,-0.025552486187845447,-0.02588462109284782,PASS,2026-05-13T13:31:06Z,D20260513.01
9618.HK,HK,equity,2023-05-16,147.0,147.7,146.0,146.8,141.1,11971065.0,1756719274.6,0.04039688164422417,0.04039688164422417,0.03960225732164709,PASS,2026-05-13T13:31:06Z,D20260513.01
9618.HK,HK,equity,2023-05-17,149.2,149.2,142.1,143.6,146.8,11128795.0,1617358858.95,-0.021798365122615904,-0.021798365122615904,-0.0220394595662915,PASS,2026-05-13T13:31:06Z,D20260513.01
9618.HK,HK,equity,2023-05-18,145.9,146.7,143.2,144.0,143.6,9925411.0,1432207210.36,0.0027855153203342198,0.0027855153203342198,0.0027816429618767705,PASS,2026-05-13T13:31:06Z,D20260513.01
9618.HK,HK,equity,2023-05-19,141.8,141.8,136.7,137.2,144.0,10896133.0,1509033051.8,-0.047222222222222276,-0.047222222222222276,-0.04837358428421583,PASS,2026-05-13T13:31:06Z,D20260513.01
9618.HK,HK,equity,2023-05-22,138.5,142.7,136.8,140.1,137.2,6265046.0,879624017.55,0.021137026239067103,0.021137026239067103,0.020916738051176515,PASS,2026-05-13T13:31:06Z,D20260513.01
9618.HK,HK,equity,2023-05-23,141.3,141.6,137.4,138.4,140.1,5136527.0,714322660.72,-0.012134189864382527,-0.012134189864382527,-0.01220841015939207,PASS,2026-05-13T13:31:06Z,D20260513.01
9618.HK,HK,equity,2023-05-24,137.0,137.3,134.6,135.3,138.4,5589836.0,759391014.15,-0.022398843930635848,-0.022398843930635848,-0.022653508006826847,PASS,2026-05-13T13:31:06Z,D20260513.01
9618.HK,HK,equity,2023-05-25,132.7,132.9,128.4,130.1,135.3,12264676.0,1597292995.25,-0.03843311160384344,-0.03843311160384344,-0.039191149658282895,PASS,2026-05-13T13:31:06Z,D20260513.01
9618.HK,HK,equity,2023-05-29,130.1,130.7,127.5,127.9,130.1,9573227.0,1233678530.1,-0.016910069177555664,-0.016910069177555664,-0.01705467693366252,PASS,2026-05-13T13:31:06Z,D20260513.01
9618.HK,HK,equity,2023-05-30,129.1,131.0,126.1,130.0,127.9,9767010.0,1258304019.95,0.016419077404222104,0.016419077404222104,0.016285741870785467,PASS,2026-05-13T13:31:06Z,D20260513.01
9618.HK,HK,equity,2023-05-31,126.1,126.3,122.7,125.9,130.0,31696443.0,3973681648.25,-0.031538461538461515,-0.031538461538461515,-0.032046509405280914,PASS,2026-05-13T13:31:06Z,D20260513.01
9618.HK,HK,equity,2023-06-01,128.3,132.9,127.6,130.0,125.9,21801803.0,2814660612.1,0.03256552819698166,0.03256552819698166,0.03204650940528087,PASS,2026-05-13T13:31:06Z,D20260513.01
9618.HK,HK,equity,2023-06-02,136.1,139.3,134.3,138.5,130.0,19619054.0,2704739445.99,0.06538461538461537,0.06538461538461537,0.06333587517181076,PASS,2026-05-13T13:31:06Z,D20260513.01
9618.HK,HK,equity,2023-06-05,135.0,138.6,135.0,138.4,138.5,8637266.0,1187489116.1,-0.0007220216606498298,-0.0007220216606498298,-0.0007222824438240095,PASS,2026-05-13T13:31:06Z,D20260513.01
9618.HK,HK,equity,2023-06-06,141.8,144.6,140.3,141.4,138.4,8797161.0,1249459020.2,0.021676300578034713,0.021676300578034713,0.02144471027890322,PASS,2026-05-13T13:31:06Z,D20260513.01
9618.HK,HK,equity,2023-06-07,147.0,147.0,142.3,144.2,141.4,9050028.0,1303729830.6,0.019801980198019598,0.019801980198019598,0.01960847138837612,PASS,2026-05-13T13:31:06Z,D20260513.01
9618.HK,HK,equity,2023-06-08,143.8,145.4,142.9,144.7,144.2,6799043.0,980852985.85,0.0034674063800277377,0.0034674063800277377,0.0034614087865894746,PASS,2026-05-13T13:31:06Z,D20260513.01
9618.HK,HK,equity,2023-06-09,144.8,145.9,143.2,145.0,144.7,6664745.0,964365602.18,0.0020732550103663705,0.0020732550103663705,0.0020711087831363196,PASS,2026-05-13T13:31:06Z,D20260513.01
9618.HK,HK,equity,2023-06-12,145.0,145.0,141.5,143.8,145.0,5380386.0,770618488.25,-0.008275862068965467,-0.008275862068965467,-0.008310297133628037,PASS,2026-05-13T13:31:06Z,D20260513.01
9618.HK,HK,equity,2023-06-13,143.7,148.0,143.2,147.4,143.8,6543742.0,957481233.4,0.025034770514603677,0.025034770514603677,0.024726534468289974,PASS,2026-05-13T13:31:06Z,D20260513.01
9618.HK,HK,equity,2023-06-14,149.1,150.2,145.9,147.5,147.4,4856129.0,718268406.55,0.0006784260515604323,0.0006784260515604323,0.000678196024638339,PASS,2026-05-13T13:31:06Z,D20260513.01
9618.HK,HK,equity,2023-06-15,150.0,155.5,148.8,155.2,147.5,13180426.0,2017245928.94,0.05220338983050832,0.05220338983050832,0.05088643196924371,PASS,2026-05-13T13:31:06Z,D20260513.01
9618.HK,HK,equity,2023-06-16,156.0,159.4,153.6,157.4,155.2,12783130.0,2006902487.4,0.014175257731958935,0.014175257731958935,0.014075728234184647,PASS,2026-05-13T13:31:06Z,D20260513.01
9618.HK,HK,equity,2023-06-19,156.2,157.0,151.0,154.4,157.4,6885818.0,1057531008.5,-0.019059720457433316,-0.019059720457433316,-0.01924369839262708,PASS,2026-05-13T13:31:06Z,D20260513.01
9618.HK,HK,equity,2023-06-20,153.8,153.8,148.5,149.7,154.4,7948980.0,1191752948.35,-0.03044041450777213,-0.03044041450777213,-0.030913346165093235,PASS,2026-05-13T13:31:06Z,D20260513.01
9618.HK,HK,equity,2023-06-21,144.7,146.2,142.3,142.6,149.7,8278540.0,1188536442.9,-0.04742818971275886,-0.04742818971275886,-0.04858978344538712,PASS,2026-05-13T13:31:06Z,D20260513.01
9618.HK,HK,equity,2023-06-23,142.2,142.6,138.8,140.1,142.6,8687735.0,1217774322.19,-0.017531556802244053,-0.017531556802244053,-0.017687054637234256,PASS,2026-05-13T13:31:06Z,D20260513.01
9618.HK,HK,equity,2023-06-26,136.1,138.1,135.6,136.1,140.1,8800583.0,1201690407.99,-0.028551034975017875,-0.028551034975017875,-0.02896654368554096,PASS,2026-05-13T13:31:06Z,D20260513.01
9618.HK,HK,equity,2023-06-27,136.8,140.8,136.6,139.7,136.1,7918347.0,1104454318.55,0.02645113886847894,0.02645113886847894,0.02610735660549563,PASS,2026-05-13T13:31:06Z,D20260513.01
9618.HK,HK,equity,2023-06-28,138.7,139.4,136.6,138.0,139.7,9659309.0,1332838126.1,-0.012168933428775897,-0.012168933428775897,-0.01224358110571139,PASS,2026-05-13T13:31:06Z,D20260513.01
9618.HK,HK,equity,2023-06-29,137.3,137.3,132.0,132.9,138.0,11448891.0,1526325121.5,-0.036956521739130443,-0.036956521739130443,-0.037656719438005054,PASS,2026-05-13T13:31:06Z,D20260513.01
9618.HK,HK,equity,2023-06-30,133.0,134.2,131.2,132.4,132.9,8073936.0,1071554316.0,-0.003762227238525262,-0.003762227238525262,-0.003769322216291865,PASS,2026-05-13T13:31:06Z,D20260513.01
9618.HK,HK,equity,2023-07-03,134.5,138.9,134.0,138.3,132.4,10049005.0,1382092709.79,0.04456193353474314,0.04456193353474314,0.04359759516780463,PASS,2026-05-13T13:31:06Z,D20260513.01
9618.HK,HK,equity,2023-07-04,138.3,142.3,137.5,142.2,138.3,6734973.0,950873154.71,0.02819956616052055,0.02819956616052055,0.027809278698427923,PASS,2026-05-13T13:31:06Z,D20260513.01
9618.HK,HK,equity,2023-07-05,141.3,142.6,138.2,138.7,142.2,3465074.0,482324882.45,-0.024613220815752457,-0.024613220815752457,-0.024921190048354594,PASS,2026-05-13T13:31:06Z,D20260513.01
9618.HK,HK,equity,2023-07-06,136.9,138.8,133.4,135.5,138.7,7700580.0,1041707987.35,-0.02307137707281892,-0.02307137707281892,-0.0233416870010302,PASS,2026-05-13T13:31:06Z,D20260513.01
9618.HK,HK,equity,2023-07-07,133.9,136.7,131.5,134.7,135.5,8837699.0,1184345517.1,-0.005904059040590437,-0.005904059040590437,-0.005921556903437321,PASS,2026-05-13T13:31:06Z,D20260513.01
9618.HK,HK,equity,2023-07-10,139.3,139.8,135.9,137.0,134.7,5877453.0,808284150.61,0.017074981440237558,0.017074981440237558,0.016930842411806608,PASS,2026-05-13T13:31:06Z,D20260513.01
9618.HK,HK,equity,2023-07-11,139.6,141.3,138.7,139.5,137.0,6739947.0,940938153.39,0.018248175182481674,0.018248175182481674,0.018083675433295327,PASS,2026-05-13T13:31:06Z,D20260513.01
9618.HK,HK,equity,2023-07-12,141.6,143.8,140.2,141.6,139.5,5219331.0,742000697.35,0.015053763440860068,0.015053763440860068,0.014941579998198923,PASS,2026-05-13T13:31:06Z,D20260513.01
9618.HK,HK,equity,2023-07-13,146.9,150.7,145.8,150.7,141.6,14165794.0,2109980369.1,0.06426553672316371,0.06426553672316371,0.062284924372830265,PASS,2026-05-13T13:31:06Z,D20260513.01
9618.HK,HK,equity,2023-07-14,155.2,155.3,149.1,150.5,150.7,10220309.0,1545434921.15,-0.0013271400132712774,-0.0013271400132712774,-0.0013280214435192333,PASS,2026-05-13T13:31:06Z,D20260513.01
9618.HK,HK,equity,2023-07-18,147.5,147.8,142.3,143.5,150.5,12104169.0,1746927933.44,-0.046511627906976716,-0.046511627906976716,-0.04762804898925459,PASS,2026-05-13T13:31:06Z,D20260513.01
9618.HK,HK,equity,2023-07-19,140.4,143.7,137.8,142.8,143.5,9558761.0,1348047864.18,-0.004878048780487698,-0.004878048780487698,-0.004889985294191681,PASS,2026-05-13T13:31:06Z,D20260513.01
9618.HK,HK,equity,2023-07-20,143.3,146.0,142.0,142.9,142.8,4882915.0,699889006.0,0.0007002801120448154,0.0007002801120448154,0.0007000350303377084,PASS,2026-05-13T13:31:06Z,D20260513.01
9618.HK,HK,equity,2023-07-21,142.7,147.7,142.4,145.2,142.9,3848023.0,558005855.8,0.016095171448565315,0.016095171448565315,0.015967017454873878,PASS,2026-05-13T13:31:06Z,D20260513.01
9618.HK,HK,equity,2023-07-24,141.9,144.1,139.8,141.4,145.2,6472926.0,915769522.56,-0.0261707988980715,-0.0261707988980715,-0.026519348928223205,PASS,2026-05-13T13:31:06Z,D20260513.01
9618.HK,HK,equity,2023-07-25,148.5,153.3,148.2,152.3,141.4,13870351.0,2095385968.52,0.07708628005657703,0.07708628005657703,0.0742595064386437,PASS,2026-05-13T13:31:06Z,D20260513.01
9618.HK,HK,equity,2023-07-26,150.5,150.5,148.6,149.5,152.3,5044730.0,754008180.4,-0.018384766907419636,-0.018384766907419636,-0.01855586707037508,PASS,2026-05-13T13:31:06Z,D20260513.01
9618.HK,HK,equity,2023-07-27,152.0,153.2,149.6,151.3,149.5,7226209.0,1093838086.41,0.012040133779264384,0.012040133779264384,0.011968227963569285,PASS,2026-05-13T13:31:06Z,D20260513.01
9618.HK,HK,equity,2023-07-28,148.3,154.5,147.7,153.4,151.3,8283419.0,1263055148.45,0.013879709187045508,0.013879709187045508,0.013784268138845483,PASS,2026-05-13T13:31:06Z,D20260513.01
9618.HK,HK,equity,2023-07-31,162.7,164.5,158.7,159.8,153.4,18408224.0,2974648370.9,0.041720990873533204,0.041720990873533204,0.04087414439901844,PASS,2026-05-13T13:31:06Z,D20260513.01
9618.HK,HK,equity,2023-08-01,160.0,163.5,156.4,158.2,159.8,8944417.0,1427198788.9,-0.010012515644555853,-0.010012515644555853,-0.010062977998620952,PASS,2026-05-13T13:31:06Z,D20260513.01
9618.HK,HK,equity,2023-08-02,158.0,158.7,152.2,152.7,158.2,10221363.0,1581720783.83,-0.03476611883691527,-0.03476611883691527,-0.035384843108966724,PASS,2026-05-13T13:31:06Z,D20260513.01
9618.HK,HK,equity,2023-08-03,149.8,153.1,149.2,150.3,152.7,6298502.0,951489572.6,-0.015717092337917293,-0.015717092337917293,-0.01584191546565775,PASS,2026-05-13T13:31:06Z,D20260513.01
9618.HK,HK,equity,2023-08-04,155.1,157.2,152.9,155.0,150.3,6944259.0,1076354211.16,0.031270791749833604,0.031270791749833604,0.030791820160317753,PASS,2026-05-13T13:31:06Z,D20260513.01
9618.HK,HK,equity,2023-08-07,154.4,157.2,152.3,155.2,155.0,5325575.0,826028574.7,0.001290322580645098,0.001290322580645098,0.001289490829871692,PASS,2026-05-13T13:31:06Z,D20260513.01
9618.HK,HK,equity,2023-08-08,151.5,151.5,147.9,148.4,155.2,8909879.0,1328717725.0,-0.043814432989690566,-0.043814432989690566,-0.04480327701583814,PASS,2026-05-13T13:31:06Z,D20260513.01
9618.HK,HK,equity,2023-08-09,148.0,150.6,147.3,149.1,148.4,4939474.0,733299536.25,0.004716981132075304,0.004716981132075304,0.004705891037412493,PASS,2026-05-13T13:31:06Z,D20260513.01
9618.HK,HK,equity,2023-08-10,147.4,149.7,145.4,149.1,149.1,5429141.0,801342998.15,0.0,0.0,0.0,PASS,2026-05-13T13:31:06Z,D20260513.01
9618.HK,HK,equity,2023-08-11,150.0,150.5,145.5,146.1,149.1,6007880.0,883166306.8,-0.02012072434607648,-0.02012072434607648,-0.020325903014038957,PASS,2026-05-13T13:31:06Z,D20260513.01
9618.HK,HK,equity,2023-08-14,141.4,144.4,140.5,144.2,146.1,7781906.0,1110221569.67,-0.013004791238877544,-0.013004791238877544,-0.01309009390580516,PASS,2026-05-13T13:31:06Z,D20260513.01
9618.HK,HK,equity,2023-08-15,142.9,145.6,141.4,142.2,144.2,7033239.0,1005408984.6,-0.01386962552011095,-0.01386962552011095,-0.013966707481708193,PASS,2026-05-13T13:31:06Z,D20260513.01
9618.HK,HK,equity,2023-08-16,139.8,143.3,139.6,140.6,142.2,7357815.0,1036894644.75,-0.011251758087201136,-0.011251758087201136,-0.011315537992575984,PASS,2026-05-13T13:31:06Z,D20260513.01
9618.HK,HK,equity,2023-08-17,135.4,139.5,134.1,138.6,140.6,15189227.0,2084504895.25,-0.014224751066856278,-0.014224751066856278,-0.01432689262076162,PASS,2026-05-13T13:31:06Z,D20260513.01
9618.HK,HK,equity,2023-08-18,134.6,136.4,131.2,131.2,138.6,17175129.0,2289034353.7,-0.053391053391053434,-0.053391053391053434,-0.05486921024581424,PASS,2026-05-13T13:31:06Z,D20260513.01
9618.HK,HK,equity,2023-08-21,127.8,132.7,127.8,129.0,131.2,11659908.0,1515740654.4,-0.01676829268292679,-0.01676829268292679,-0.01691047214831651,PASS,2026-05-13T13:31:06Z,D20260513.01
9618.HK,HK,equity,2023-08-22,129.2,133.6,128.6,131.3,129.0,8280596.0,1082810818.45,0.01782945736434116,0.01782945736434116,0.017672376947078464,PASS,2026-05-13T13:31:06Z,D20260513.01
9618.HK,HK,equity,2023-08-23,131.3,132.7,130.0,131.0,131.3,6598692.0,865556154.65,-0.0022848438690024064,-0.0022848438690024064,-0.0022874581075990807,PASS,2026-05-13T13:31:06Z,D20260513.01
9618.HK,HK,equity,2023-08-24,131.8,134.3,130.8,133.2,131.0,8943038.0,1188252607.55,0.016793893129770865,0.016793893129770865,0.016654434905137093,PASS,2026-05-13T13:31:06Z,D20260513.01
9618.HK,HK,equity,2023-08-25,130.2,131.1,129.4,130.0,133.2,6677775.0,870410795.35,-0.024024024024023927,-0.024024024024023927,-0.024317307650706242,PASS,2026-05-13T13:31:06Z,D20260513.01
9618.HK,HK,equity,2023-08-28,136.4,136.6,130.8,131.1,130.0,6023360.0,800794942.4,0.00846153846153852,0.00846153846153852,0.008425940314071796,PASS,2026-05-13T13:31:06Z,D20260513.01
9618.HK,HK,equity,2023-08-29,132.0,134.5,131.7,133.8,131.1,5915101.0,789021781.5,0.020594965675057253,0.020594965675057253,0.02038575692447396,PASS,2026-05-13T13:31:06Z,D20260513.01
9618.HK,HK,equity,2023-08-30,134.6,135.4,130.8,131.8,133.8,7796486.0,1032419875.8,-0.014947683109118093,-0.014947683109118093,-0.015060525625721237,PASS,2026-05-13T13:31:06Z,D20260513.01
9618.HK,HK,equity,2023-08-31,132.0,133.2,128.1,128.8,131.8,17121776.0,2215613059.45,-0.022761760242792084,-0.022761760242792084,-0.02302480839815358,PASS,2026-05-13T13:31:06Z,D20260513.01
9618.HK,HK,equity,2023-09-04,132.8,136.2,130.7,135.2,128.8,20415714.0,2748338501.71,0.04968944099378869,0.04968944099378869,0.048494349938610355,PASS,2026-05-13T13:31:06Z,D20260513.01
9618.HK,HK,equity,2023-09-05,133.8,134.8,131.9,132.2,135.2,8667579.0,1157268395.85,-0.022189349112425982,-0.022189349112425982,-0.022439236191277752,PASS,2026-05-13T13:31:06Z,D20260513.01
9618.HK,HK,equity,2023-09-06,133.0,134.2,131.4,132.6,132.2,8197063.0,1086483357.0,0.00302571860816947,0.00302571860816947,0.003021150334176251,PASS,2026-05-13T13:31:06Z,D20260513.01
9618.HK,HK,equity,2023-09-07,131.1,132.1,128.2,128.5,132.6,8990170.0,1161936138.75,-0.03092006033182504,-0.03092006033182504,-0.03140817341648765,PASS,2026-05-13T13:31:06Z,D20260513.01
9618.HK,HK,equity,2023-09-11,124.2,126.7,122.8,125.6,128.5,19094054.0,2378984617.4,-0.02256809338521404,-0.02256809338521404,-0.02282665030117622,PASS,2026-05-13T13:31:06Z,D20260513.01
9618.HK,HK,equity,2023-09-12,123.5,126.0,123.0,124.7,125.6,6790145.0,846114423.5,-0.007165605095541316,-0.007165605095541316,-0.007191401348107449,PASS,2026-05-13T13:31:06Z,D20260513.01
9618.HK,HK,equity,2023-09-13,124.7,125.8,122.8,123.7,124.7,6427598.0,796778017.55,-0.008019246190858031,-0.008019246190858031,-0.008051573287548523,PASS,2026-05-13T13:31:06Z,D20260513.01
9618.HK,HK,equity,2023-09-14,124.3,124.9,122.8,124.0,123.7,7515238.0,931845251.12,0.0024252223120453387,0.0024252223120453387,0.002422286206594717,PASS,2026-05-13T13:31:06Z,D20260513.01
9618.HK,HK,equity,2023-09-15,124.8,126.4,123.1,124.6,124.0,11461269.0,1432092153.8,0.004838709677419395,0.004838709677419395,0.004827040748315944,PASS,2026-05-13T13:31:06Z,D20260513.01
9618.HK,HK,equity,2023-09-18,123.4,123.9,121.0,121.0,124.6,9895275.0,1210418271.48,-0.028892455858748,-0.028892455858748,-0.029318060756611686,PASS,2026-05-13T13:31:06Z,D20260513.01
9618.HK,HK,equity,2023-09-19,121.1,121.8,117.4,119.6,121.0,11605963.0,1380811151.35,-0.011570247933884392,-0.011570247933884392,-0.011637704080209822,PASS,2026-05-13T13:31:06Z,D20260513.01
9618.HK,HK,equity,2023-09-20,119.7,120.1,118.0,118.0,119.6,7836229.0,930277264.65,-0.013377926421404673,-0.013377926421404673,-0.013468217050866593,PASS,2026-05-13T13:31:06Z,D20260513.01
9618.HK,HK,equity,2023-09-21,118.0,118.5,116.0,116.7,118.0,7654302.0,894990125.3,-0.011016949152542366,-0.011016949152542366,-0.011078085173154452,PASS,2026-05-13T13:31:06Z,D20260513.01
9618.HK,HK,equity,2023-09-22,116.3,120.5,115.9,120.3,116.7,11004795.0,1303760216.26,0.03084832904884305,0.03084832904884305,0.030382083688122757,PASS,2026-05-13T13:31:06Z,D20260513.01
9618.HK,HK,equity,2023-09-25,119.0,119.4,115.2,115.4,120.3,9053631.0,1050965243.85,-0.040731504571903554,-0.040731504571903554,-0.041584268906633984,PASS,2026-05-13T13:31:06Z,D20260513.01
9618.HK,HK,equity,2023-09-26,115.0,116.2,112.0,112.3,115.4,17008879.0,1922322681.05,-0.026863084922010505,-0.026863084922010505,-0.0272304923296018,PASS,2026-05-13T13:31:06Z,D20260513.01
9618.HK,HK,equity,2023-09-27,113.4,115.4,112.7,113.4,112.3,13797259.0,1570951400.47,0.009795191451469343,0.009795191451469343,0.009747529549254263,PASS,2026-05-13T13:31:06Z,D20260513.01
9618.HK,HK,equity,2023-09-28,113.1,113.9,110.7,111.1,113.4,9100120.0,1015551892.25,-0.020282186948853753,-0.020282186948853753,-0.020490694648067527,PASS,2026-05-13T13:31:06Z,D20260513.01
9618.HK,HK,equity,2023-09-29,111.9,116.3,111.1,115.1,111.1,7425918.0,852277609.25,0.036003600360035914,0.036003600360035914,0.035370619082252565,PASS,2026-05-13T13:31:06Z,D20260513.01
9618.HK,HK,equity,2023-10-03,112.3,112.4,110.2,111.4,115.1,9165391.0,1019782500.35,-0.03214596003475234,-0.03214596003475234,-0.03267398823465326,PASS,2026-05-13T13:31:06Z,D20260513.01
9618.HK,HK,equity,2023-10-04,110.7,111.0,109.2,110.3,111.4,6847283.0,754344253.25,-0.009874326750448859,-0.009874326750448859,-0.009923401233726887,PASS,2026-05-13T13:31:06Z,D20260513.01
9618.HK,HK,equity,2023-10-05,111.0,112.8,110.5,111.5,110.3,6681323.0,747572777.45,0.010879419764279197,0.010879419764279197,0.010820664640716621,PASS,2026-05-13T13:31:06Z,D20260513.01
9618.HK,HK,equity,2023-10-06,113.6,114.3,112.2,113.2,111.5,7431822.0,840747644.4,0.015246636771300448,0.015246636771300448,0.01513157486890911,PASS,2026-05-13T13:31:06Z,D20260513.01
9618.HK,HK,equity,2023-10-09,111.5,114.9,110.7,113.8,113.2,7159342.0,813140086.8,0.005300353356890497,0.005300353356890497,0.0052863559231480246,PASS,2026-05-13T13:31:06Z,D20260513.01
9618.HK,HK,equity,2023-10-10,116.1,119.2,114.9,115.4,113.8,9907644.0,1154529950.1,0.01405975395430592,0.01405975395430592,0.01396183238176876,PASS,2026-05-13T13:31:06Z,D20260513.01
9618.HK,HK,equity,2023-10-11,118.7,118.9,116.6,117.1,115.4,6948831.0,816315870.3,0.014731369150779772,0.014731369150779772,0.014623916529672348,PASS,2026-05-13T13:31:06Z,D20260513.01
9618.HK,HK,equity,2023-10-12,119.6,120.0,116.9,117.7,117.1,8739630.0,1031159548.9,0.00512382578992332,0.00512382578992332,0.0051107436625595516,PASS,2026-05-13T13:31:06Z,D20260513.01
9618.HK,HK,equity,2023-10-13,109.0,110.2,102.5,104.2,117.7,40812885.0,4296098930.17,-0.1146983857264231,-0.1146983857264231,-0.12182688494696448,PASS,2026-05-13T13:31:06Z,D20260513.01
9618.HK,HK,equity,2023-10-16,104.9,107.6,102.1,103.7,104.2,16265661.0,1689056062.5,-0.004798464491362786,-0.004798464491362786,-0.0048100140837849205,PASS,2026-05-13T13:31:06Z,D20260513.01
9618.HK,HK,equity,2023-10-17,107.5,107.5,105.1,106.0,103.7,10018401.0,1062799943.25,0.022179363548698205,0.022179363548698205,0.021936978876585536,PASS,2026-05-13T13:31:06Z,D20260513.01
9618.HK,HK,equity,2023-10-18,103.7,104.8,102.2,102.8,106.0,15618440.0,1607527717.55,-0.030188679245283012,-0.030188679245283012,-0.030653741091002402,PASS,2026-05-13T13:31:06Z,D20260513.01
9618.HK,HK,equity,2023-10-19,99.0,100.0,96.95,97.2,102.8,25950460.0,2539678482.2,-0.05447470817120614,-0.05447470817120614,-0.05601464155467126,PASS,2026-05-13T13:31:06Z,D20260513.01
9618.HK,HK,equity,2023-10-20,96.05,97.65,95.1,96.65,97.2,12990207.0,1253303862.5,-0.005658436213991758,-0.005658436213991758,-0.0056745058120534755,PASS,2026-05-13T13:31:06Z,D20260513.01
9618.HK,HK,equity,2023-10-24,95.5,96.75,93.35,93.9,96.65,18259565.0,1722444785.1,-0.02845318158303156,-0.02845318158303156,-0.028865819440122686,PASS,2026-05-13T13:31:06Z,D20260513.01
9618.HK,HK,equity,2023-10-25,98.2,99.1,95.95,96.65,93.9,15220177.0,1482201132.05,0.029286474973375887,0.029286474973375887,0.028865819440122637,PASS,2026-05-13T13:31:06Z,D20260513.01
9618.HK,HK,equity,2023-10-26,97.8,99.5,97.3,98.1,96.65,11405751.0,1121284901.3,0.01500258665287113,0.01500258665287113,0.014891160916977442,PASS,2026-05-13T13:31:06Z,D20260513.01
9618.HK,HK,equity,2023-10-27,101.0,102.6,100.4,101.4,98.1,15340532.0,1554940637.14,0.033639143730886945,0.033639143730886945,0.03308572458576548,PASS,2026-05-13T13:31:06Z,D20260513.01
9618.HK,HK,equity,2023-10-30,100.0,102.6,100.0,101.3,101.4,9831290.0,994659013.45,-0.0009861932938857176,-0.0009861932938857176,-0.0009866799024452087,PASS,2026-05-13T13:31:06Z,D20260513.01
9618.HK,HK,equity,2023-10-31,101.3,101.9,99.4,99.8,101.3,5371974.0,536910913.96,-0.014807502467917066,-0.014807502467917066,-0.014918227937219393,PASS,2026-05-13T13:31:06Z,D20260513.01
9618.HK,HK,equity,2023-11-01,99.2,100.0,97.2,98.75,99.8,7568142.0,744170233.95,-0.010521042084168264,-0.010521042084168264,-0.010576779536186968,PASS,2026-05-13T13:31:06Z,D20260513.01
9618.HK,HK,equity,2023-11-02,100.5,101.9,99.05,99.4,98.75,4548782.0,455045105.05,0.006582278481012782,0.006582278481012782,0.006560709881297225,PASS,2026-05-13T13:31:06Z,D20260513.01
9618.HK,HK,equity,2023-11-03,101.2,104.0,100.2,103.1,99.4,9700407.0,994434802.55,0.037223340040241304,0.037223340040241304,0.03654727736038575,PASS,2026-05-13T13:31:06Z,D20260513.01
9618.HK,HK,equity,2023-11-06,106.8,107.7,106.1,107.0,103.1,9012380.0,963431475.95,0.03782735208535404,0.03782735208535404,0.037129443438991945,PASS,2026-05-13T13:31:06Z,D20260513.01
9618.HK,HK,equity,2023-11-07,106.2,106.4,104.0,104.6,107.0,6720551.0,704925571.1,-0.02242990654205612,-0.02242990654205612,-0.022685282831083696,PASS,2026-05-13T13:31:06Z,D20260513.01
9618.HK,HK,equity,2023-11-08,103.6,105.7,103.3,103.7,104.6,7371413.0,767231617.02,-0.008604206500955947,-0.008604206500955947,-0.008641436395340804,PASS,2026-05-13T13:31:06Z,D20260513.01
9618.HK,HK,equity,2023-11-09,103.2,103.6,101.5,102.1,103.7,8392126.0,858797721.35,-0.015429122468659684,-0.015429122468659684,-0.015549390064861864,PASS,2026-05-13T13:31:06Z,D20260513.01
9618.HK,HK,equity,2023-11-10,99.8,99.9,98.4,99.0,102.1,7459545.0,739288387.4,-0.03036238981390793,-0.03036238981390793,-0.030832875036029942,PASS,2026-05-13T13:31:06Z,D20260513.01
9618.HK,HK,equity,2023-11-13,99.8,101.2,98.7,100.8,99.0,6955880.0,694386312.75,0.018181818181818077,0.018181818181818077,0.018018505502678212,PASS,2026-05-13T13:31:06Z,D20260513.01
9618.HK,HK,equity,2023-11-14,100.4,101.2,98.85,99.55,100.8,5044540.0,502610798.1,-0.012400793650793607,-0.012400793650793607,-0.0124783251270629,PASS,2026-05-13T13:31:06Z,D20260513.01
9618.HK,HK,equity,2023-11-15,104.4,105.9,103.4,105.9,99.55,13253618.0,1388354467.2,0.0637870416875943,0.0637870416875943,0.0618352220971556,PASS,2026-05-13T13:31:06Z,D20260513.01
9618.HK,HK,equity,2023-11-16,111.4,111.4,106.9,108.0,105.9,19953606.0,2171130298.7,0.019830028328611915,0.019830028328611915,0.019635974516858935,PASS,2026-05-13T13:31:06Z,D20260513.01
9618.HK,HK,equity,2023-11-17,107.4,108.5,104.4,105.4,108.0,13989742.0,1480293655.28,-0.024074074074074026,-0.024074074074074026,-0.02436859101695769,PASS,2026-05-13T13:31:06Z,D20260513.01
9618.HK,HK,equity,2023-11-20,107.8,109.7,107.2,108.6,105.4,13348160.0,1449985531.7,0.030360531309297834,0.030360531309297834,0.029908771392573034,PASS,2026-05-13T13:31:06Z,D20260513.01
9618.HK,HK,equity,2023-11-21,110.6,113.0,110.1,110.8,108.6,15826463.0,1764215968.85,0.0202578268876612,0.0202578268876612,0.02005536681334843,PASS,2026-05-13T13:31:06Z,D20260513.01
9618.HK,HK,equity,2023-11-22,110.6,111.1,109.3,110.2,110.8,6837913.0,754366739.1,-0.005415162454873612,-0.005415162454873612,-0.005429877594369288,PASS,2026-05-13T13:31:06Z,D20260513.01
9618.HK,HK,equity,2023-11-23,109.6,113.0,109.2,112.6,110.2,6392557.0,713863633.8,0.02177858439201441,0.02177858439201441,0.02154481898677579,PASS,2026-05-13T13:31:06Z,D20260513.01
9618.HK,HK,equity,2023-11-24,111.4,112.1,110.2,110.5,112.6,5397138.0,597760186.4,-0.018650088809946674,-0.018650088809946674,-0.01882619474778246,PASS,2026-05-13T13:31:06Z,D20260513.01
9618.HK,HK,equity,2023-11-27,112.7,112.7,109.6,110.7,110.5,5193665.0,574688850.4,0.0018099547511312153,0.0018099547511312153,0.0018083187567836808,PASS,2026-05-13T13:31:06Z,D20260513.01
9618.HK,HK,equity,2023-11-28,109.5,110.1,107.9,108.3,110.7,8587054.0,934005426.15,-0.02168021680216803,-0.02168021680216803,-0.021918685707646275,PASS,2026-05-13T13:31:06Z,D20260513.01
9618.HK,HK,equity,2023-11-29,109.4,109.7,105.9,106.6,108.3,15107674.0,1615629147.16,-0.015697137580794163,-0.015697137580794163,-0.015821642275200835,PASS,2026-05-13T13:31:06Z,D20260513.01
9618.HK,HK,equity,2023-11-30,104.5,107.0,104.5,106.7,106.6,11123904.0,1182130159.36,0.0009380863039401,0.0009380863039401,0.0009376465759636541,PASS,2026-05-13T13:31:06Z,D20260513.01
9618.HK,HK,equity,2023-12-01,106.5,107.0,105.3,105.8,106.7,13866532.0,1469446193.56,-0.008434864104967299,-0.008434864104967299,-0.008470638883508777,PASS,2026-05-13T13:31:06Z,D20260513.01
9618.HK,HK,equity,2023-12-04,106.7,106.8,103.4,103.8,105.8,9475305.0,990492080.16,-0.018903591682419618,-0.018903591682419618,-0.0190845486924107,PASS,2026-05-13T13:31:06Z,D20260513.01
9618.HK,HK,equity,2023-12-05,102.6,102.9,100.9,102.1,103.8,12432306.0,1263733601.95,-0.016377649325626242,-0.016377649325626242,-0.01651324556116843,PASS,2026-05-13T13:31:06Z,D20260513.01
9618.HK,HK,equity,2023-12-06,102.1,104.3,100.4,103.4,102.1,7681977.0,792291105.67,0.012732615083251853,0.012732615083251853,0.012652236903709022,PASS,2026-05-13T13:31:06Z,D20260513.01
9618.HK,HK,equity,2023-12-07,102.8,104.6,102.0,104.0,103.4,5711829.0,591045372.13,0.005802707930367523,0.005802707930367523,0.0057859370670439265,PASS,2026-05-13T13:31:06Z,D20260513.01
9618.HK,HK,equity,2023-12-08,103.4,105.8,102.8,104.8,104.0,10925791.0,1143705306.15,0.007692307692307665,0.007692307692307665,0.007662872745569097,PASS,2026-05-13T13:31:06Z,D20260513.01
9618.HK,HK,equity,2023-12-11,102.0,102.5,96.6,98.25,104.8,23702314.0,2331909886.1,-0.0625,-0.0625,-0.06453852113757118,PASS,2026-05-13T13:31:06Z,D20260513.01
9618.HK,HK,equity,2023-12-12,99.5,101.4,98.25,100.3,98.25,7714227.0,775269638.75,0.020865139949109324,0.020865139949109324,0.02065044421851914,PASS,2026-05-13T13:31:06Z,D20260513.01
9618.HK,HK,equity,2023-12-13,98.0,98.35,96.9,97.9,100.3,11319014.0,1106438333.8,-0.023928215353938076,-0.023928215353938076,-0.024219145431425036,PASS,2026-05-13T13:31:06Z,D20260513.01
9618.HK,HK,equity,2023-12-14,99.6,100.3,97.9,98.8,97.9,10803242.0,1069219175.6,0.009193054136874323,0.009193054136874323,0.009151055217357394,PASS,2026-05-13T13:31:06Z,D20260513.01
9618.HK,HK,equity,2023-12-15,102.2,109.2,102.1,105.7,98.8,28156143.0,2981577814.6,0.06983805668016196,0.06983805668016196,0.06750728812236984,PASS,2026-05-13T13:31:06Z,D20260513.01
9618.HK,HK,equity,2023-12-18,105.1,106.1,104.5,105.5,105.7,7963448.0,838459091.85,-0.0018921475875118832,-0.0018921475875118832,-0.0018939399600708209,PASS,2026-05-13T13:31:06Z,D20260513.01
9618.HK,HK,equity,2023-12-19,104.1,104.2,101.8,102.7,105.5,7574945.0,778188295.95,-0.026540284360189514,-0.026540284360189514,-0.02689883598160858,PASS,2026-05-13T13:31:06Z,D20260513.01
9618.HK,HK,equity,2023-12-20,107.0,107.3,105.5,106.1,102.7,16275616.0,1730284345.5,0.033106134371956975,0.033106134371956975,0.03256992868542473,PASS,2026-05-13T13:31:06Z,D20260513.01
9618.HK,HK,equity,2023-12-21,104.5,105.9,104.0,105.3,106.1,8675670.0,914356200.5,-0.007540056550424112,-0.007540056550424112,-0.007568626480007617,PASS,2026-05-13T13:31:06Z,D20260513.01
9618.HK,HK,equity,2023-12-22,109.2,110.7,104.9,105.8,105.3,16015631.0,1719296403.8,0.0047483380816715215,0.0047483380816715215,0.004737100284269296,PASS,2026-05-13T13:31:06Z,D20260513.01
9618.HK,HK,equity,2023-12-27,108.2,108.2,104.9,107.2,105.8,8423999.0,898153381.1,0.013232514177693888,0.013232514177693888,0.01314572921250273,PASS,2026-05-13T13:31:06Z,D20260513.01
9618.HK,HK,equity,2023-12-28,107.6,113.5,107.4,112.6,107.2,12534712.0,1402818845.0,0.050373134328358216,0.050373134328358216,0.0491454670688884,PASS,2026-05-13T13:31:06Z,D20260513.01
9618.HK,HK,equity,2023-12-29,112.6,113.1,111.3,112.5,112.6,7247700.0,813099012.45,-0.000888099467140302,-0.000888099467140302,-0.000888494061115167,PASS,2026-05-13T13:31:06Z,D20260513.01
9618.HK,HK,equity,2024-01-02,113.0,113.5,108.6,109.8,112.5,6377349.0,699376662.9,-0.02400000000000002,-0.02400000000000002,-0.024292692569044587,PASS,2026-05-13T13:31:06Z,D20260513.01
9618.HK,HK,equity,2024-01-03,106.0,106.5,105.2,106.3,109.8,6883027.0,729081985.25,-0.031876138433515444,-0.031876138433515444,-0.03239524372752797,PASS,2026-05-13T13:31:06Z,D20260513.01
9618.HK,HK,equity,2024-01-04,106.7,107.2,105.3,107.0,106.3,4594782.0,489228705.05,0.0065851364063969076,0.0065851364063969076,0.006563549114003847,PASS,2026-05-13T13:31:06Z,D20260513.01
9618.HK,HK,equity,2024-01-05,106.4,107.8,104.0,105.3,107.0,5027820.0,531015047.9,-0.0158878504672898,-0.0158878504672898,-0.016015415321976437,PASS,2026-05-13T13:31:06Z,D20260513.01
9618.HK,HK,equity,2024-01-08,105.0,105.0,99.25,101.2,105.3,8995344.0,907768343.1,-0.03893637226970559,-0.03893637226970559,-0.03971466228656463,PASS,2026-05-13T13:31:06Z,D20260513.01
9618.HK,HK,equity,2024-01-09,100.3,102.1,97.0,98.0,101.2,11759100.0,1162779347.455,-0.031620553359683834,-0.031620553359683834,-0.032131278182793294,PASS,2026-05-13T13:31:06Z,D20260513.01
9618.HK,HK,equity,2024-01-10,98.95,100.3,97.35,98.2,98.0,5495993.0,541114142.0,0.0020408163265306367,0.0020408163265306367,0.002038736689848309,PASS,2026-05-13T13:31:06Z,D20260513.01
9618.HK,HK,equity,2024-01-11,99.1,101.3,98.4,99.9,98.2,6559195.0,656376661.8,0.01731160896130346,0.01731160896130346,0.01716347029408763,PASS,2026-05-13T13:31:06Z,D20260513.01
9618.HK,HK,equity,2024-01-12,98.5,100.5,97.55,98.3,99.9,5737024.0,565482334.55,-0.0160160160160161,-0.0160160160160161,-0.01614565850138705,PASS,2026-05-13T13:31:06Z,D20260513.01
9618.HK,HK,equity,2024-01-15,97.2,97.65,95.7,96.65,98.3,5223898.0,503703388.0,-0.01678535096642919,-0.01678535096642919,-0.016927821498780856,PASS,2026-05-13T13:31:06Z,D20260513.01
9618.HK,HK,equity,2024-01-16,96.25,96.35,93.35,93.4,96.65,8955773.0,841834479.3,-0.03362648732540097,-0.03362648732540097,-0.034204860419543,PASS,2026-05-13T13:31:06Z,D20260513.01
9618.HK,HK,equity,2024-01-17,92.3,93.1,86.6,87.75,93.4,16975185.0,1502382588.166,-0.06049250535331907,-0.06049250535331907,-0.06239948288882176,PASS,2026-05-13T13:31:06Z,D20260513.01
9618.HK,HK,equity,2024-01-18,87.45,87.55,85.4,86.3,87.75,16211614.0,1402474531.65,-0.01652421652421654,-0.01652421652421654,-0.016662264256592944,PASS,2026-05-13T13:31:06Z,D20260513.01
9618.HK,HK,equity,2024-01-19,85.25,86.85,83.0,84.15,86.3,12478533.0,1056591955.363,-0.024913093858632607,-0.024913093858632607,-0.025228677452567176,PASS,2026-05-13T13:31:06Z,D20260513.01
9618.HK,HK,equity,2024-01-22,85.55,85.75,81.55,82.5,84.15,16209371.0,1346552709.725,-0.019607843137254943,-0.019607843137254943,-0.019802627296179754,PASS,2026-05-13T13:31:06Z,D20260513.01
9618.HK,HK,equity,2024-01-23,84.1,88.3,83.65,86.35,82.5,14441806.0,1248119992.111,0.046666666666666634,0.046666666666666634,0.045610511252052274,PASS,2026-05-13T13:31:06Z,D20260513.01
9618.HK,HK,equity,2024-01-24,89.75,91.05,85.1,90.4,86.35,20918444.0,1850967573.33,0.04690214244354385,0.04690214244354385,0.04583546280544333,PASS,2026-05-13T13:31:06Z,D20260513.01
9618.HK,HK,equity,2024-01-25,91.8,93.8,90.65,93.5,90.4,18498485.0,1714580023.6,0.034292035398230114,0.034292035398230114,0.033717168896510524,PASS,2026-05-13T13:31:06Z,D20260513.01
9618.HK,HK,equity,2024-01-26,92.8,94.6,90.65,91.35,93.5,10761230.0,992155811.555,-0.022994652406417182,-0.022994652406417182,-0.023263153470625665,PASS,2026-05-13T13:31:06Z,D20260513.01
9618.HK,HK,equity,2024-01-29,92.9,94.9,92.85,93.35,91.35,8842093.0,828011696.15,0.021893814997263172,0.021893814997263172,0.0216575871637158,PASS,2026-05-13T13:31:06Z,D20260513.01
9618.HK,HK,equity,2024-01-30,89.95,91.45,89.0,89.55,93.35,11299168.0,1014344401.6,-0.04070701660417775,-0.04070701660417775,-0.041558741481010755,PASS,2026-05-13T13:31:06Z,D20260513.01
9618.HK,HK,equity,2024-01-31,89.55,89.9,85.95,86.8,89.55,7077293.0,616391141.95,-0.03070910106085989,-0.03070910106085989,-0.031190506840416334,PASS,2026-05-13T13:31:06Z,D20260513.01
9618.HK,HK,equity,2024-02-01,87.5,90.0,86.5,87.5,86.8,11207603.0,983990524.87,0.008064516129032251,0.008064516129032251,0.008032171697264253,PASS,2026-05-13T13:31:06Z,D20260513.01
9618.HK,HK,equity,2024-02-02,88.6,89.7,85.15,86.0,87.5,10337045.0,900345619.358,-0.017142857142857126,-0.017142857142857126,-0.017291497110060994,PASS,2026-05-13T13:31:06Z,D20260513.01
9618.HK,HK,equity,2024-02-05,84.15,87.45,83.6,86.05,86.0,9479278.0,815932684.326,0.0005813953488371659,0.0005813953488371659,0.0005812264040406488,PASS,2026-05-13T13:31:06Z,D20260513.01
9618.HK,HK,equity,2024-02-06,87.15,93.1,87.15,92.75,86.05,15710130.0,1430784211.007,0.07786170830912265,0.07786170830912265,0.07497917882999613,PASS,2026-05-13T13:31:06Z,D20260513.01
9618.HK,HK,equity,2024-02-07,93.9,95.75,89.3,90.35,92.75,14805097.0,1351049509.166,-0.025876010781671233,-0.025876010781671233,-0.026216684449307096,PASS,2026-05-13T13:31:06Z,D20260513.01
9618.HK,HK,equity,2024-02-08,89.95,90.6,86.85,88.0,90.35,9851269.0,869565486.8,-0.026009961261759806,-0.026009961261759806,-0.02635420256003101,PASS,2026-05-13T13:31:06Z,D20260513.01
9618.HK,HK,equity,2024-02-09,85.55,86.35,84.4,86.05,88.0,3154307.0,269323900.5,-0.02215909090909096,-0.02215909090909096,-0.0224082918206581,PASS,2026-05-13T13:31:06Z,D20260513.01
9618.HK,HK,equity,2024-02-14,85.55,89.3,84.3,89.1,86.05,5862054.0,514008243.9,0.03544450900639151,0.03544450900639151,0.03483081181921508,PASS,2026-05-13T13:31:06Z,D20260513.01
9618.HK,HK,equity,2024-02-15,89.1,91.9,88.65,91.25,89.1,5123451.0,464991845.29,0.02413019079685763,0.02413019079685763,0.023843657985837423,PASS,2026-05-13T13:31:06Z,D20260513.01
9618.HK,HK,equity,2024-02-16,92.1,96.5,91.95,95.75,91.25,9890087.0,939193221.73,0.049315068493150704,0.049315068493150704,0.0481376355981545,PASS,2026-05-13T13:31:06Z,D20260513.01
9618.HK,HK,equity,2024-02-19,93.85,94.5,90.8,91.85,95.75,9221316.0,847046268.326,-0.0407310704960836,-0.0407310704960836,-0.04158381639962076,PASS,2026-05-13T13:31:06Z,D20260513.01
9618.HK,HK,equity,2024-02-20,92.45,93.25,88.5,91.7,91.85,11009957.0,992940416.1,-0.0016330974414805466,-0.0016330974414805466,-0.001634432398715364,PASS,2026-05-13T13:31:06Z,D20260513.01
9618.HK,HK,equity,2024-02-21,90.95,96.6,90.0,94.2,91.7,11055109.0,1043928994.87,0.0272628135223556,0.0272628135223556,0.0268978023198983,PASS,2026-05-13T13:31:06Z,D20260513.01
9618.HK,HK,equity,2024-02-22,93.6,95.35,91.7,95.35,94.2,8052238.0,755004434.29,0.012208067940551848,0.012208067940551848,0.012134150464110531,PASS,2026-05-13T13:31:06Z,D20260513.01
9618.HK,HK,equity,2024-02-23,93.2,95.35,93.05,93.75,95.35,9888466.0,926967462.55,-0.01678028316727842,-0.01678028316727842,-0.016922667195907848,PASS,2026-05-13T13:31:06Z,D20260513.01
9618.HK,HK,equity,2024-02-26,92.25,94.15,92.25,93.05,93.75,6722924.0,626093659.51,-0.0074666666666667325,-0.0074666666666667325,-0.007494681762260499,PASS,2026-05-13T13:31:06Z,D20260513.01
9618.HK,HK,equity,2024-02-27,92.55,94.1,90.05,93.75,93.05,9709631.0,894540060.205,0.007522837184309461,0.007522837184309461,0.007494681762260383,PASS,2026-05-13T13:31:06Z,D20260513.01
9618.HK,HK,equity,2024-02-28,94.4,94.85,90.85,91.2,93.75,9110809.0,839346808.862,-0.027200000000000002,-0.027200000000000002,-0.027576767770234493,PASS,2026-05-13T13:31:06Z,D20260513.01
9618.HK,HK,equity,2024-02-29,89.4,90.75,88.35,89.05,91.2,17404039.0,1555275200.75,-0.023574561403508887,-0.023574561403508887,-0.023856887344615166,PASS,2026-05-13T13:31:06Z,D20260513.01
9618.HK,HK,equity,2024-03-01,88.75,90.7,87.15,90.55,89.05,14329745.0,1290058634.405,0.016844469399214024,0.016844469399214024,0.016704174593751828,PASS,2026-05-13T13:31:06Z,D20260513.01
9618.HK,HK,equity,2024-03-04,90.9,91.4,88.6,89.5,90.55,9592604.0,857441949.346,-0.011595803423522844,-0.011595803423522844,-0.011663559048612628,PASS,2026-05-13T13:31:06Z,D20260513.01
9618.HK,HK,equity,2024-03-05,84.55,85.7,82.6,82.75,89.5,22703302.0,1905593027.75,-0.07541899441340782,-0.07541899441340782,-0.0784146110236374,PASS,2026-05-13T13:31:06Z,D20260513.01
9618.HK,HK,equity,2024-03-06,84.05,90.8,84.05,89.2,82.75,21595354.0,1917246846.38,0.07794561933534738,0.07794561933534738,0.07505702532879137,PASS,2026-05-13T13:31:06Z,D20260513.01
9618.HK,HK,equity,2024-03-07,96.5,97.85,93.5,94.55,89.2,29527563.0,2813835146.01,0.059977578475336246,0.059977578475336246,0.05824775551850273,PASS,2026-05-13T13:31:06Z,D20260513.01
9618.HK,HK,equity,2024-03-08,94.0,94.85,92.5,92.6,94.55,12622603.0,1178063856.67,-0.02062400846113166,-0.02062400846113166,-0.020839653452332785,PASS,2026-05-13T13:31:06Z,D20260513.01
9618.HK,HK,equity,2024-03-11,96.0,100.4,96.0,98.55,92.6,20227329.0,1990176051.22,0.06425485961123112,0.06425485961123112,0.06227489194659553,PASS,2026-05-13T13:31:06Z,D20260513.01
9618.HK,HK,equity,2024-03-12,102.3,107.2,101.1,106.3,98.55,25208723.0,2654944518.077,0.07864028411973623,0.07864028411973623,0.07570125174917308,PASS,2026-05-13T13:31:06Z,D20260513.01
9618.HK,HK,equity,2024-03-13,106.0,107.4,105.7,106.3,106.3,12638403.0,1347153450.4,0.0,0.0,0.0,PASS,2026-05-13T13:31:06Z,D20260513.01
9618.HK,HK,equity,2024-03-14,109.8,110.5,105.3,106.4,106.3,15545395.0,1666040022.35,0.0009407337723426057,0.0009407337723426057,0.0009402915596419434,PASS,2026-05-13T13:31:06Z,D20260513.01
9618.HK,HK,equity,2024-03-15,105.0,105.4,102.3,104.5,106.4,16502616.0,1716128520.42,-0.017857142857142905,-0.017857142857142905,-0.018018505502678365,PASS,2026-05-13T13:31:06Z,D20260513.01
9618.HK,HK,equity,2024-03-18,106.6,109.0,106.0,107.3,104.5,9995611.0,1075446155.65,0.026794258373205704,0.026794258373205704,0.026441578231787055,PASS,2026-05-13T13:31:06Z,D20260513.01
9618.HK,HK,equity,2024-03-19,107.5,108.4,105.9,106.6,107.3,9010009.0,961604210.68,-0.006523765144454852,-0.006523765144454852,-0.006545137904908674,PASS,2026-05-13T13:31:06Z,D20260513.01
9618.HK,HK,equity,2024-03-20,107.5,107.8,105.5,106.9,106.6,5510732.0,589583853.13,0.002814258911820078,0.002814258911820078,0.002810306299255566,PASS,2026-05-13T13:31:06Z,D20260513.01
9618.HK,HK,equity,2024-03-21,109.8,111.0,108.6,109.4,106.9,12432625.0,1365180174.9,0.023386342376052305,0.023386342376052305,0.02311707195688121,PASS,2026-05-13T13:31:06Z,D20260513.01
9618.HK,HK,equity,2024-03-22,105.8,106.3,102.4,103.6,109.4,16202655.0,1680783657.3,-0.05301645338208416,-0.05301645338208416,-0.054473560162498214,PASS,2026-05-13T13:31:06Z,D20260513.01
9618.HK,HK,equity,2024-03-25,105.0,106.5,102.0,103.3,103.6,9172224.0,947178517.6,-0.0028957528957528345,-0.0028957528957528345,-0.0028999536997897602,PASS,2026-05-13T13:31:06Z,D20260513.01
9618.HK,HK,equity,2024-03-26,104.9,106.2,103.4,104.7,103.3,8559644.0,896657366.86,0.013552758954501476,0.013552758954501476,0.013461741750898332,PASS,2026-05-13T13:31:06Z,D20260513.01
9618.HK,HK,equity,2024-03-27,103.0,103.1,100.8,102.2,104.7,8621994.0,880146369.392,-0.02387774594078318,-0.02387774594078318,-0.0241674401068871,PASS,2026-05-13T13:31:06Z,D20260513.01
9618.HK,HK,equity,2024-03-28,105.3,109.9,105.3,107.9,102.2,15731624.0,1697389720.825,0.05577299412915848,0.05577299412915848,0.05427319449448489,PASS,2026-05-13T13:31:06Z,D20260513.01
9618.HK,HK,equity,2024-04-02,108.6,110.5,107.7,108.7,107.9,8226338.0,894071076.1,0.007414272474513428,0.007414272474513428,0.007386921863074773,PASS,2026-05-13T13:31:06Z,D20260513.01
9618.HK,HK,equity,2024-04-03,105.1,106.0,103.8,104.4,105.726,8298416.0,867016225.03,-0.01254185347029102,-0.01254185347029102,-0.012621166366110104,PASS,2026-05-13T13:31:06Z,D20260513.01
9618.HK,HK,equity,2024-04-05,103.0,103.5,99.95,102.9,104.4,8997731.0,917469786.975,-0.014367816091954033,-0.014367816091954033,-0.014472032608534432,PASS,2026-05-13T13:31:06Z,D20260513.01
9618.HK,HK,equity,2024-04-08,100.9,103.4,100.5,102.3,102.9,4917849.0,501696222.45,-0.005830903790087549,-0.005830903790087549,-0.0058479698824232115,PASS,2026-05-13T13:31:06Z,D20260513.01
9618.HK,HK,equity,2024-04-09,102.3,103.6,100.7,101.6,102.3,7257487.0,737786464.05,-0.006842619745845546,-0.006842619745845546,-0.006866137813199274,PASS,2026-05-13T13:31:06Z,D20260513.01
9618.HK,HK,equity,2024-04-10,103.7,108.0,103.4,106.4,101.6,12158080.0,1288534492.7,0.047244094488189115,0.047244094488189115,0.046162041763162624,PASS,2026-05-13T13:31:06Z,D20260513.01
9618.HK,HK,equity,2024-04-11,103.4,106.2,103.1,105.8,106.4,5841538.0,613193508.15,-0.005639097744360999,-0.005639097744360999,-0.0056550574833451,PASS,2026-05-13T13:31:06Z,D20260513.01
9618.HK,HK,equity,2024-04-12,104.7,105.4,102.0,102.4,105.8,8898196.0,915743625.99,-0.032136105860113395,-0.032136105860113395,-0.03266380681879157,PASS,2026-05-13T13:31:06Z,D20260513.01
9618.HK,HK,equity,2024-04-15,99.5,101.7,99.4,101.2,102.4,5830771.0,588998096.98,-0.01171875,-0.01171875,-0.01178795575204224,PASS,2026-05-13T13:31:06Z,D20260513.01
9618.HK,HK,equity,2024-04-16,98.65,99.8,98.0,98.85,101.2,8739613.0,863750842.43,-0.02322134387351782,-0.02322134387351782,-0.023495207236739285,PASS,2026-05-13T13:31:06Z,D20260513.01
9618.HK,HK,equity,2024-04-17,98.85,100.7,97.35,98.75,98.85,6820563.0,673218342.185,-0.0010116337885685,-0.0010116337885685,-0.001012145835394629,PASS,2026-05-13T13:31:06Z,D20260513.01
9618.HK,HK,equity,2024-04-18,98.0,98.9,96.05,98.05,98.75,8804974.0,860313517.3,-0.007088607594936791,-0.007088607594936791,-0.007113851138876048,PASS,2026-05-13T13:31:06Z,D20260513.01
9618.HK,HK,equity,2024-04-19,97.15,97.95,95.7,97.3,98.05,9215461.0,892418683.594,-0.007649158592554772,-0.007649158592554772,-0.00767856345039586,PASS,2026-05-13T13:31:06Z,D20260513.01
9618.HK,HK,equity,2024-04-22,99.85,102.6,99.85,100.5,97.3,7587428.0,764851633.45,0.03288797533401855,0.03288797533401855,0.03235873830717111,PASS,2026-05-13T13:31:06Z,D20260513.01
9618.HK,HK,equity,2024-04-23,105.5,107.3,104.5,106.6,100.5,17308866.0,1834474132.75,0.06069651741293525,0.06069651741293525,0.05892578423261365,PASS,2026-05-13T13:31:06Z,D20260513.01
9618.HK,HK,equity,2024-04-24,108.0,111.6,107.8,111.2,106.6,13271677.0,1461301070.45,0.04315196998123838,0.04315196998123838,0.04224687008473794,PASS,2026-05-13T13:31:06Z,D20260513.01
9618.HK,HK,equity,2024-04-25,110.0,113.7,109.8,111.3,111.2,10219026.0,1140060944.84,0.0008992805755394517,0.0008992805755394517,0.0008988764650170287,PASS,2026-05-13T13:31:06Z,D20260513.01
9618.HK,HK,equity,2024-04-26,111.3,118.8,111.3,117.7,111.3,17505997.0,2048128952.87,0.05750224618149158,0.05750224618149158,0.055909755984731996,PASS,2026-05-13T13:31:06Z,D20260513.01
9618.HK,HK,equity,2024-04-29,118.8,122.0,117.8,118.0,117.7,16217457.0,1936033952.7,0.002548853016142605,0.002548853016142605,0.002545610199433596,PASS,2026-05-13T13:31:06Z,D20260513.01
9618.HK,HK,equity,2024-04-30,117.0,117.6,113.8,114.8,118.0,12279321.0,1411917750.94,-0.027118644067796627,-0.027118644067796627,-0.027493140580198732,PASS,2026-05-13T13:31:06Z,D20260513.01
9618.HK,HK,equity,2024-05-02,115.4,121.9,114.9,120.4,114.8,18233076.0,2189237101.65,0.04878048780487809,0.04878048780487809,0.047628048989254664,PASS,2026-05-13T13:31:06Z,D20260513.01
9618.HK,HK,equity,2024-05-03,126.8,128.7,124.1,127.0,120.4,21289942.0,2689396590.75,0.054817275747508276,0.054817275747508276,0.05336755358387058,PASS,2026-05-13T13:31:06Z,D20260513.01
9618.HK,HK,equity,2024-05-06,127.3,128.2,124.1,127.5,127.0,14862899.0,1881503656.833,0.003937007874015741,0.003937007874015741,0.003929278139889557,PASS,2026-05-13T13:31:06Z,D20260513.01
9618.HK,HK,equity,2024-05-07,127.4,127.5,124.1,124.8,127.5,8841190.0,1107085311.65,-0.021176470588235352,-0.021176470588235352,-0.021403908663153604,PASS,2026-05-13T13:31:06Z,D20260513.01
9618.HK,HK,equity,2024-05-08,125.5,127.6,123.4,124.4,124.8,11089037.0,1388682416.7,-0.0032051282051280827,-0.0032051282051280827,-0.0032102756302480988,PASS,2026-05-13T13:31:06Z,D20260513.01
9618.HK,HK,equity,2024-05-09,124.4,126.7,123.6,125.7,124.4,7448578.0,935276728.95,0.010450160771704242,0.010450160771704242,0.01039593529112273,PASS,2026-05-13T13:31:06Z,D20260513.01
9618.HK,HK,equity,2024-05-10,125.8,127.4,123.7,126.6,125.7,7766813.0,979161145.53,0.007159904534606243,0.007159904534606243,0.007134394113874111,PASS,2026-05-13T13:31:06Z,D20260513.01
9618.HK,HK,equity,2024-05-13,125.6,130.5,123.0,129.3,126.6,14569054.0,1877081805.5,0.021327014218009532,0.021327014218009532,0.021102776067736036,PASS,2026-05-13T13:31:06Z,D20260513.01
9618.HK,HK,equity,2024-05-14,130.9,132.9,128.4,129.1,129.3,11643351.0,1509631718.9,-0.0015467904098995788,-0.0015467904098995788,-0.0015479879252150999,PASS,2026-05-13T13:31:06Z,D20260513.01
9618.HK,HK,equity,2024-05-16,130.3,133.6,128.1,132.4,129.1,14900952.0,1961435138.8,0.025561580170410547,0.025561580170410547,0.02524034565031103,PASS,2026-05-13T13:31:06Z,D20260513.01
9618.HK,HK,equity,2024-05-17,134.5,134.8,130.7,134.1,132.4,14162594.0,1887579067.45,0.01283987915407847,0.01283987915407847,0.012758146784724925,PASS,2026-05-13T13:31:06Z,D20260513.01
9618.HK,HK,equity,2024-05-20,135.3,138.8,135.3,136.8,134.1,13811498.0,1894980306.8,0.020134228187919545,0.020134228187919545,0.01993421490081733,PASS,2026-05-13T13:31:06Z,D20260513.01
9618.HK,HK,equity,2024-05-21,134.4,135.9,132.0,132.0,136.8,10233343.0,1359096694.38,-0.03508771929824572,-0.03508771929824572,-0.03571808260207934,PASS,2026-05-13T13:31:06Z,D20260513.01
9618.HK,HK,equity,2024-05-22,129.9,130.7,128.3,129.0,132.0,16948826.0,2193852910.89,-0.022727272727272707,-0.022727272727272707,-0.02298951822469872,PASS,2026-05-13T13:31:06Z,D20260513.01
9618.HK,HK,equity,2024-05-23,127.9,127.9,123.2,123.7,129.0,23101808.0,2879948745.655,-0.041085271317829464,-0.041085271317829464,-0.04195312496322991,PASS,2026-05-13T13:31:06Z,D20260513.01
9618.HK,HK,equity,2024-05-24,122.2,122.5,118.8,119.6,123.7,14245326.0,1712336996.175,-0.03314470493128541,-0.03314470493128541,-0.0337064378819109,PASS,2026-05-13T13:31:06Z,D20260513.01
9618.HK,HK,equity,2024-05-27,118.2,119.2,116.9,118.8,119.6,11062249.0,1306371293.69,-0.006688963210702337,-0.006688963210702337,-0.006711434587986804,PASS,2026-05-13T13:31:06Z,D20260513.01
9618.HK,HK,equity,2024-05-28,118.8,120.7,117.4,118.3,118.8,7031783.0,834576279.95,-0.004208754208754217,-0.004208754208754217,-0.004217635944203469,PASS,2026-05-13T13:31:06Z,D20260513.01
9618.HK,HK,equity,2024-05-29,116.3,116.6,113.2,114.5,118.3,14081856.0,1612192592.7,-0.03212172442941674,-0.03212172442941674,-0.03264894799004676,PASS,2026-05-13T13:31:06Z,D20260513.01
9618.HK,HK,equity,2024-05-30,113.9,116.0,112.7,113.4,114.5,8526887.0,968591638.0,-0.009606986899563297,-0.009606986899563297,-0.00965343170064262,PASS,2026-05-13T13:31:06Z,D20260513.01
9618.HK,HK,equity,2024-05-31,117.1,117.9,113.6,113.9,113.4,18668150.0,2150825812.55,0.0044091710758378255,0.0044091710758378255,0.004399479159484842,PASS,2026-05-13T13:31:06Z,D20260513.01
9618.HK,HK,equity,2024-06-03,115.7,117.7,115.6,116.8,113.9,10309258.0,1201294614.51,0.025460930640913038,0.025460930640913038,0.025142199940990186,PASS,2026-05-13T13:31:06Z,D20260513.01
9618.HK,HK,equity,2024-06-04,116.4,118.1,116.2,117.2,116.8,8831876.0,1034698114.55,0.0034246575342467,0.0034246575342467,0.0034188067487856823,PASS,2026-05-13T13:31:06Z,D20260513.01
9618.HK,HK,equity,2024-06-05,118.4,122.0,118.4,119.4,117.2,12572423.0,1509611605.03,0.018771331058020424,0.018771331058020424,0.018597323815589418,PASS,2026-05-13T13:31:06Z,D20260513.01
9618.HK,HK,equity,2024-06-06,120.2,121.8,115.8,117.4,119.4,9243867.0,1089245985.7,-0.01675041876046901,-0.01675041876046901,-0.016892293564505636,PASS,2026-05-13T13:31:06Z,D20260513.01
9618.HK,HK,equity,2024-06-07,117.0,117.2,113.9,115.7,117.4,19544114.0,2255993060.5,-0.014480408858603133,-0.014480408858603133,-0.014586273194365252,PASS,2026-05-13T13:31:06Z,D20260513.01
9618.HK,HK,equity,2024-06-11,115.3,116.5,113.6,115.7,115.7,9788850.0,1129184597.38,0.0,0.0,0.0,PASS,2026-05-13T13:31:06Z,D20260513.01
9618.HK,HK,equity,2024-06-12,114.4,115.2,113.4,113.8,115.7,7249627.0,827935890.45,-0.01642178046672438,-0.01642178046672438,-0.016558112507400437,PASS,2026-05-13T13:31:06Z,D20260513.01
9618.HK,HK,equity,2024-06-13,116.0,117.0,114.3,116.0,113.8,8636840.0,996896293.45,0.019332161687170446,0.019332161687170446,0.019147669414134073,PASS,2026-05-13T13:31:06Z,D20260513.01
9618.HK,HK,equity,2024-06-14,114.7,115.3,113.7,113.9,116.0,12326895.0,1406852030.7,-0.018103448275861966,-0.018103448275861966,-0.018269320653228085,PASS,2026-05-13T13:31:06Z,D20260513.01
9618.HK,HK,equity,2024-06-17,113.2,113.9,111.6,113.1,113.9,11105898.0,1257387006.27,-0.0070237050043898686,-0.0070237050043898686,-0.007048487331061739,PASS,2026-05-13T13:31:06Z,D20260513.01
9618.HK,HK,equity,2024-06-18,112.7,115.2,112.6,112.9,113.1,5585671.0,634675845.15,-0.0017683465959327238,-0.0017683465959327238,-0.0017699119664583583,PASS,2026-05-13T13:31:06Z,D20260513.01
9618.HK,HK,equity,2024-06-19,114.0,115.5,113.4,115.2,112.9,10115922.0,1159886187.0,0.02037201062887517,0.02037201062887517,0.02016727710617459,PASS,2026-05-13T13:31:06Z,D20260513.01
9618.HK,HK,equity,2024-06-20,115.2,116.1,112.1,112.4,115.2,9148312.0,1035779733.7,-0.02430555555555558,-0.02430555555555558,-0.02460581080220019,PASS,2026-05-13T13:31:06Z,D20260513.01
9618.HK,HK,equity,2024-06-21,111.0,111.6,108.4,109.5,112.4,13998429.0,1534328342.39,-0.025800711743772298,-0.025800711743772298,-0.026139388203035244,PASS,2026-05-13T13:31:06Z,D20260513.01
9618.HK,HK,equity,2024-06-24,108.5,110.4,108.1,110.1,109.5,4901905.0,534413096.77,0.005479452054794498,0.005479452054794498,0.005464494472078745,PASS,2026-05-13T13:31:06Z,D20260513.01
9618.HK,HK,equity,2024-06-25,110.1,110.4,107.7,109.4,110.1,7581942.0,826788038.35,-0.006357856494096148,-0.006357856494096148,-0.006378153740753319,PASS,2026-05-13T13:31:06Z,D20260513.01
9618.HK,HK,equity,2024-06-26,107.2,109.0,106.2,107.9,109.4,8209914.0,885841445.8,-0.013711151736745864,-0.013711151736745864,-0.013806017723791832,PASS,2026-05-13T13:31:06Z,D20260513.01
9618.HK,HK,equity,2024-06-27,106.9,107.1,105.0,105.5,107.9,10517585.0,1110890248.3,-0.022242817423540395,-0.022242817423540395,-0.02249391934796787,PASS,2026-05-13T13:31:06Z,D20260513.01
9618.HK,HK,equity,2024-06-28,102.7,105.2,102.1,103.3,105.5,9632889.0,996490848.1,-0.020853080568720372,-0.020853080568720372,-0.021073576790528317,PASS,2026-05-13T13:31:06Z,D20260513.01
9618.HK,HK,equity,2024-07-02,100.3,102.8,99.7,101.2,103.3,11626572.0,1176773598.07,-0.020329138431752103,-0.020329138431752103,-0.020538619272227616,PASS,2026-05-13T13:31:06Z,D20260513.01
9618.HK,HK,equity,2024-07-03,101.9,104.2,101.5,103.3,101.2,6863954.0,706269893.86,0.02075098814229248,0.02075098814229248,0.020538619272227686,PASS,2026-05-13T13:31:06Z,D20260513.01
9618.HK,HK,equity,2024-07-04,105.2,105.5,102.5,103.4,103.3,4204980.0,435812538.55,0.0009680542110359625,0.0009680542110359625,0.0009675859487360381,PASS,2026-05-13T13:31:06Z,D20260513.01
9618.HK,HK,equity,2024-07-05,102.2,103.9,102.2,102.7,103.4,4995561.0,514208212.45,-0.0067698259187620735,-0.0067698259187620735,-0.006792845139816195,PASS,2026-05-13T13:31:06Z,D20260513.01
9618.HK,HK,equity,2024-07-08,103.5,104.8,101.9,103.0,102.7,7800537.0,802082421.55,0.0029211295034079487,0.0029211295034079487,0.002916871295123189,PASS,2026-05-13T13:31:06Z,D20260513.01
9618.HK,HK,equity,2024-07-09,102.6,103.2,101.2,102.2,103.0,9086495.0,928573478.675,-0.007766990291262155,-0.007766990291262155,-0.00779731046003173,PASS,2026-05-13T13:31:06Z,D20260513.01
9618.HK,HK,equity,2024-07-10,104.0,105.8,103.6,103.9,102.2,9272374.0,970553354.5,0.016634050880626194,0.016634050880626194,0.01649722033557762,PASS,2026-05-13T13:31:06Z,D20260513.01
9618.HK,HK,equity,2024-07-11,105.0,107.4,104.8,106.8,103.9,9029729.0,959901042.17,0.02791145332050049,0.02791145332050049,0.027529028420912764,PASS,2026-05-13T13:31:06Z,D20260513.01
9618.HK,HK,equity,2024-07-12,112.0,112.9,111.3,112.0,106.8,12848942.0,1440722894.1,0.048689138576779145,0.048689138576779145,0.04754094476900019,PASS,2026-05-13T13:31:06Z,D20260513.01
9618.HK,HK,equity,2024-07-15,109.3,109.6,105.9,106.7,112.0,9536268.0,1022638345.0,-0.047321428571428514,-0.047321428571428514,-0.0484777129873868,PASS,2026-05-13T13:31:06Z,D20260513.01
9618.HK,HK,equity,2024-07-16,104.1,105.1,102.9,104.5,106.7,9798416.0,1021919220.0,-0.020618556701030966,-0.020618556701030966,-0.020834086902842025,PASS,2026-05-13T13:31:06Z,D20260513.01
9618.HK,HK,equity,2024-07-17,105.1,107.6,105.1,106.7,104.5,8369289.0,892929896.5,0.021052631578947434,0.021052631578947434,0.020834086902842053,PASS,2026-05-13T13:31:06Z,D20260513.01
9618.HK,HK,equity,2024-07-18,105.3,106.9,104.8,106.2,106.7,5174988.0,549203668.46,-0.004686035613870709,-0.004686035613870709,-0.0046970494998692675,PASS,2026-05-13T13:31:06Z,D20260513.01
9618.HK,HK,equity,2024-07-19,103.1,104.0,102.2,102.7,106.2,9164098.0,942151923.25,-0.03295668549905839,-0.03295668549905839,-0.03351199187332592,PASS,2026-05-13T13:31:06Z,D20260513.01
9618.HK,HK,equity,2024-07-22,102.8,105.0,102.3,104.1,102.7,4754611.0,494063339.14,0.013631937682570427,0.013631937682570427,0.01353985868641049,PASS,2026-05-13T13:31:06Z,D20260513.01
9618.HK,HK,equity,2024-07-23,104.6,104.7,102.1,102.6,104.1,5279349.0,543007389.75,-0.014409221902017322,-0.014409221902017322,-0.01451404288425407,PASS,2026-05-13T13:31:06Z,D20260513.01
9618.HK,HK,equity,2024-07-24,102.3,103.0,100.0,100.6,102.6,5824334.0,588768656.9,-0.01949317738791423,-0.01949317738791423,-0.019685675071030327,PASS,2026-05-13T13:31:06Z,D20260513.01
9618.HK,HK,equity,2024-07-25,100.5,101.7,99.15,99.3,100.6,5237869.0,521693844.35,-0.012922465208747513,-0.012922465208747513,-0.013006686614511922,PASS,2026-05-13T13:31:06Z,D20260513.01
9618.HK,HK,equity,2024-07-26,102.4,104.2,101.6,102.3,99.3,7380146.0,758524121.1,0.030211480362537735,0.030211480362537735,0.02976410190645386,PASS,2026-05-13T13:31:06Z,D20260513.01
9618.HK,HK,equity,2024-07-29,104.3,105.1,103.2,103.7,102.3,5797698.0,603363079.75,0.013685239491691092,0.013685239491691092,0.013592442277900836,PASS,2026-05-13T13:31:06Z,D20260513.01
9618.HK,HK,equity,2024-07-30,103.0,103.4,101.6,102.2,103.7,6356280.0,649160635.55,-0.014464802314368419,-0.014464802314368419,-0.014570437465877635,PASS,2026-05-13T13:31:06Z,D20260513.01
9618.HK,HK,equity,2024-07-31,102.2,104.6,101.7,104.0,102.2,10273622.0,1061638368.545,0.017612524461839474,0.017612524461839474,0.01745922137176855,PASS,2026-05-13T13:31:06Z,D20260513.01
9618.HK,HK,equity,2024-08-01,102.0,102.5,98.65,99.95,104.0,14151808.0,1416821900.35,-0.038942307692307665,-0.038942307692307665,-0.03972083819496357,PASS,2026-05-13T13:31:06Z,D20260513.01
9618.HK,HK,equity,2024-08-02,98.4,98.85,97.25,98.4,99.95,7668304.0,752838150.265,-0.01550775387693848,-0.01550775387693848,-0.01562925688820134,PASS,2026-05-13T13:31:06Z,D20260513.01
9618.HK,HK,equity,2024-08-05,96.55,98.6,94.65,96.95,98.4,9615737.0,928284335.974,-0.014735772357723609,-0.014735772357723609,-0.01484542236954696,PASS,2026-05-13T13:31:06Z,D20260513.01
9618.HK,HK,equity,2024-08-06,98.5,99.55,97.5,97.7,96.95,8535159.0,837982240.415,0.0077359463641051285,0.0077359463641051285,0.007706177360076165,PASS,2026-05-13T13:31:06Z,D20260513.01
9618.HK,HK,equity,2024-08-07,99.25,101.0,98.55,99.75,97.7,7532838.0,752390659.25,0.020982599795291712,0.020982599795291712,0.020765496721235784,PASS,2026-05-13T13:31:06Z,D20260513.01
9618.HK,HK,equity,2024-08-08,98.8,100.8,97.3,98.85,99.75,6599583.0,653749759.61,-0.009022556390977488,-0.009022556390977488,-0.009063506153346964,PASS,2026-05-13T13:31:06Z,D20260513.01
9618.HK,HK,equity,2024-08-09,100.7,101.7,99.9,100.2,98.85,5115016.0,513708963.28,0.01365705614567525,0.01365705614567525,0.013564639034138492,PASS,2026-05-13T13:31:06Z,D20260513.01
9618.HK,HK,equity,2024-08-12,100.7,101.2,98.75,100.1,100.2,5645290.0,563446301.55,-0.0009980039920161055,-0.0009980039920161055,-0.0009985023295896603,PASS,2026-05-13T13:31:06Z,D20260513.01
9618.HK,HK,equity,2024-08-13,101.2,102.0,99.9,100.8,100.1,4867450.0,490310346.5,0.006993006993007089,0.006993006993007089,0.0069686693160934355,PASS,2026-05-13T13:31:06Z,D20260513.01
9618.HK,HK,equity,2024-08-14,101.2,101.7,100.6,100.8,100.8,5233998.0,528176966.95,0.0,0.0,0.0,PASS,2026-05-13T13:31:06Z,D20260513.01
9618.HK,HK,equity,2024-08-15,100.6,100.6,98.05,99.35,100.8,8664745.0,859925556.3,-0.014384920634920695,-0.014384920634920695,-0.014489386639442447,PASS,2026-05-13T13:31:06Z,D20260513.01
9618.HK,HK,equity,2024-08-16,105.8,108.8,104.4,108.2,99.35,21019773.0,2257887606.4,0.08907901358832415,0.08907901358832415,0.08533239741455534,PASS,2026-05-13T13:31:06Z,D20260513.01
9618.HK,HK,equity,2024-08-19,113.8,114.9,112.0,112.4,108.2,15036115.0,1704622821.7,0.038817005545286554,0.038817005545286554,0.0380825710472096,PASS,2026-05-13T13:31:06Z,D20260513.01
9618.HK,HK,equity,2024-08-20,114.8,114.8,111.5,112.2,112.4,10894015.0,1225831773.3,-0.001779359430605032,-0.001779359430605032,-0.0017809443709948087,PASS,2026-05-13T13:31:06Z,D20260513.01
9618.HK,HK,equity,2024-08-21,99.8,103.0,98.7,102.4,112.2,68726949.0,6917504096.35,-0.08734402852049905,-0.08734402852049905,-0.09139628048318847,PASS,2026-05-13T13:31:06Z,D20260513.01
9618.HK,HK,equity,2024-08-22,105.3,106.0,103.0,106.0,102.4,19718862.0,2069788058.34,0.03515625,0.03515625,0.034552381506659735,PASS,2026-05-13T13:31:06Z,D20260513.01
9618.HK,HK,equity,2024-08-23,103.9,106.0,103.7,105.9,106.0,11966687.0,1259998318.8,-0.0009433962264150386,-0.0009433962264150386,-0.000943841504706313,PASS,2026-05-13T13:31:06Z,D20260513.01
9618.HK,HK,equity,2024-08-26,105.1,106.0,104.6,105.6,105.9,24792182.0,2614500817.6,-0.0028328611898018607,-0.0028328611898018607,-0.002836881335199838,PASS,2026-05-13T13:31:06Z,D20260513.01
9618.HK,HK,equity,2024-08-27,101.0,101.9,99.75,101.7,105.6,16786491.0,1697325153.3,-0.03693181818181812,-0.03693181818181812,-0.037631068217646765,PASS,2026-05-13T13:31:06Z,D20260513.01
9618.HK,HK,equity,2024-08-28,103.3,104.3,102.5,103.5,101.7,15531874.0,1604671830.63,0.017699115044247815,0.017699115044247815,0.017544309650909525,PASS,2026-05-13T13:31:06Z,D20260513.01
9618.HK,HK,equity,2024-08-29,101.2,103.5,100.8,103.5,103.5,12215844.0,1250178074.66,0.0,0.0,0.0,PASS,2026-05-13T13:31:06Z,D20260513.01
9618.HK,HK,equity,2024-08-30,103.2,108.8,102.5,107.2,103.5,27527908.0,2945454121.98,0.035748792270531515,0.035748792270531515,0.03512463593127796,PASS,2026-05-13T13:31:06Z,D20260513.01
9618.HK,HK,equity,2024-09-02,106.0,106.3,104.2,105.1,107.2,8989836.0,948063998.47,-0.019589552238806096,-0.019589552238806096,-0.0197839707537963,PASS,2026-05-13T13:31:06Z,D20260513.01
9618.HK,HK,equity,2024-09-03,105.1,106.5,104.3,104.9,105.1,4588106.0,482483410.15,-0.0019029495718362321,-0.0019029495718362321,-0.0019047624806538361,PASS,2026-05-13T13:31:06Z,D20260513.01
9618.HK,HK,equity,2024-09-04,104.1,106.9,103.5,105.8,104.9,10613993.0,1117876254.25,0.008579599618684375,0.008579599618684375,0.00854300402194743,PASS,2026-05-13T13:31:06Z,D20260513.01
9618.HK,HK,equity,2024-09-05,105.1,105.8,103.1,104.3,105.8,8587971.0,894518655.6,-0.01417769376181477,-0.01417769376181477,-0.01427915741747227,PASS,2026-05-13T13:31:06Z,D20260513.01
9618.HK,HK,equity,2024-09-09,103.0,103.0,100.2,101.2,104.3,15785695.0,1596719136.2,-0.029721955896452434,-0.029721955896452434,-0.03017260515336148,PASS,2026-05-13T13:31:06Z,D20260513.01
9618.HK,HK,equity,2024-09-10,101.1,103.0,100.2,102.4,101.2,10854893.0,1108615161.65,0.011857707509881354,0.011857707509881354,0.011787955752042173,PASS,2026-05-13T13:31:06Z,D20260513.01
9618.HK,HK,equity,2024-09-11,100.8,102.2,100.3,101.9,102.4,7681109.0,779117219.0,-0.0048828125,-0.0048828125,-0.004894772376728281,PASS,2026-05-13T13:31:06Z,D20260513.01
9618.HK,HK,equity,2024-09-12,103.5,105.3,103.3,104.4,101.9,8891733.0,929133293.85,0.024533856722276814,0.024533856722276814,0.024237735219859287,PASS,2026-05-13T13:31:06Z,D20260513.01
9618.HK,HK,equity,2024-09-13,105.0,105.8,104.1,104.3,104.4,4603415.0,481795063.34,-0.0009578544061303873,-0.0009578544061303873,-0.0009583134418117019,PASS,2026-05-13T13:31:06Z,D20260513.01
9618.HK,HK,equity,2024-09-16,102.0,103.4,101.4,103.4,104.3,6451995.0,661620088.25,-0.008628954937679678,-0.008628954937679678,-0.008666399932397914,PASS,2026-05-13T13:31:06Z,D20260513.01
9618.HK,HK,equity,2024-09-17,103.0,104.8,102.4,104.3,103.4,9140642.0,951860258.3,0.008704061895551174,0.008704061895551174,0.008666399932397923,PASS,2026-05-13T13:31:06Z,D20260513.01
9618.HK,HK,equity,2024-09-19,105.5,112.5,104.8,111.8,104.3,23899137.0,2635553778.05,0.07190795781399806,0.07190795781399806,0.069440198714272,PASS,2026-05-13T13:31:06Z,D20260513.01
9618.HK,HK,equity,2024-09-20,111.4,113.7,110.8,112.6,111.8,17251225.0,1940891831.44,0.007155635062611854,0.007155635062611854,0.007130154984591269,PASS,2026-05-13T13:31:06Z,D20260513.01
9618.HK,HK,equity,2024-09-23,112.6,115.4,111.9,113.1,112.6,13739549.0,1566580278.6,0.00444049733570151,0.00444049733570151,0.004430667416484675,PASS,2026-05-13T13:31:06Z,D20260513.01
9618.HK,HK,equity,2024-09-24,118.0,124.8,116.6,124.6,113.1,33165967.0,4035109017.649,0.10167992926613612,0.10167992926613612,0.09683622323127795,PASS,2026-05-13T13:31:06Z,D20260513.01
9618.HK,HK,equity,2024-09-25,130.6,130.9,125.0,125.8,124.6,28488437.0,3633675979.3,0.009630818619582593,0.009630818619582593,0.00958473791298731,PASS,2026-05-13T13:31:06Z,D20260513.01
9618.HK,HK,equity,2024-09-26,129.1,138.9,128.2,138.5,125.8,34768705.0,4696961638.155,0.10095389507154207,0.10095389507154207,0.09617698136105299,PASS,2026-05-13T13:31:06Z,D20260513.01
9618.HK,HK,equity,2024-09-27,147.7,155.2,146.7,152.0,138.5,47797976.0,7181742907.6,0.09747292418772568,0.09747292418772568,0.09301019521888325,PASS,2026-05-13T13:31:06Z,D20260513.01
9618.HK,HK,equity,2024-09-30,159.6,170.6,156.3,167.1,152.0,50016517.0,8240312498.54,0.09934210526315779,0.09934210526315779,0.09471191475507154,PASS,2026-05-13T13:31:06Z,D20260513.01
9618.HK,HK,equity,2024-10-02,168.2,192.3,168.1,185.1,167.1,45744282.0,8419055305.05,0.1077199281867145,0.1077199281867145,0.10230378397810375,PASS,2026-05-13T13:31:06Z,D20260513.01
9618.HK,HK,equity,2024-10-03,176.5,177.1,164.0,170.4,185.1,45132324.0,7718989994.22,-0.07941653160453799,-0.07941653160453799,-0.08274760518423635,PASS,2026-05-13T13:31:06Z,D20260513.01
9618.HK,HK,equity,2024-10-04,174.0,185.6,171.5,182.8,170.4,26538078.0,4812092127.55,0.07276995305164324,0.07276995305164324,0.07024404462483433,PASS,2026-05-13T13:31:06Z,D20260513.01
9618.HK,HK,equity,2024-10-07,186.6,189.6,180.6,185.1,182.8,24305099.0,4481056962.95,0.012582056892778803,0.012582056892778803,0.012503560559401999,PASS,2026-05-13T13:31:06Z,D20260513.01
9618.HK,HK,equity,2024-10-08,172.4,177.8,157.8,163.0,185.1,47649791.0,8058744616.9,-0.11939492166396537,-0.11939492166396537,-0.1271460187726894,PASS,2026-05-13T13:31:06Z,D20260513.01
9618.HK,HK,equity,2024-10-09,170.4,171.3,158.5,161.6,163.0,31419471.0,5144214644.15,-0.008588957055214785,-0.008588957055214785,-0.00862605471976739,PASS,2026-05-13T13:31:06Z,D20260513.01
9618.HK,HK,equity,2024-10-10,166.0,172.6,164.0,167.1,161.6,18590330.0,3120424409.91,0.03403465346534662,0.03403465346534662,0.03346828951435311,PASS,2026-05-13T13:31:06Z,D20260513.01
9618.HK,HK,equity,2024-10-14,167.4,173.0,162.6,168.7,167.1,24134724.0,4060769507.9,0.00957510472770795,0.00957510472770795,0.009529553950574579,PASS,2026-05-13T13:31:06Z,D20260513.01
9618.HK,HK,equity,2024-10-15,169.9,171.3,158.3,160.4,168.7,25564137.0,4179876739.39,-0.04919976289270889,-0.04919976289270889,-0.05045129411950843,PASS,2026-05-13T13:31:06Z,D20260513.01
9618.HK,HK,equity,2024-10-16,157.2,158.7,153.3,155.4,160.4,22066852.0,3435888454.12,-0.03117206982543641,-0.03117206982543641,-0.03166825749886706,PASS,2026-05-13T13:31:06Z,D20260513.01
9618.HK,HK,equity,2024-10-17,158.3,163.2,153.5,154.7,155.4,16272763.0,2563157892.35,-0.0045045045045045695,-0.0045045045045045695,-0.0045146803545266945,PASS,2026-05-13T13:31:06Z,D20260513.01
9618.HK,HK,equity,2024-10-18,150.5,162.1,149.3,158.8,154.7,23802259.0,3696044379.75,0.02650290885585016,0.02650290885585016,0.026157791234015036,PASS,2026-05-13T13:31:06Z,D20260513.01
9618.HK,HK,equity,2024-10-21,156.2,157.5,153.8,154.9,158.8,17699380.0,2754401376.1,-0.024559193954659997,-0.024559193954659997,-0.02486580139021245,PASS,2026-05-13T13:31:06Z,D20260513.01
9618.HK,HK,equity,2024-10-22,155.0,158.1,152.9,154.4,154.9,13297848.0,2060184100.57,-0.0032278889606197625,-0.0032278889606197625,-0.003233109832147159,PASS,2026-05-13T13:31:06Z,D20260513.01
9618.HK,HK,equity,2024-10-23,154.9,160.0,153.2,159.0,154.4,10794964.0,1709403943.6,0.02979274611398952,0.02979274611398952,0.029357564629555615,PASS,2026-05-13T13:31:06Z,D20260513.01
9618.HK,HK,equity,2024-10-24,156.1,156.9,153.5,154.2,159.0,12061663.0,1866531793.5,-0.030188679245283123,-0.030188679245283123,-0.030653741091002516,PASS,2026-05-13T13:31:06Z,D20260513.01
9618.HK,HK,equity,2024-10-25,154.6,157.7,154.5,156.2,154.2,7852941.0,1226724640.61,0.012970168612191912,0.012970168612191912,0.01288677627635643,PASS,2026-05-13T13:31:06Z,D20260513.01
9618.HK,HK,equity,2024-10-28,156.2,159.2,155.3,158.2,156.2,7184912.0,1135086437.35,0.012804097311139628,0.012804097311139628,0.01272281792796797,PASS,2026-05-13T13:31:06Z,D20260513.01
9618.HK,HK,equity,2024-10-29,161.3,167.2,161.2,162.5,158.2,11705277.0,1912642540.65,0.02718078381795208,0.02718078381795208,0.026817946436238794,PASS,2026-05-13T13:31:06Z,D20260513.01
9618.HK,HK,equity,2024-10-30,159.2,159.8,155.0,155.9,162.5,11948683.0,1874191404.3,-0.04061538461538461,-0.04061538461538461,-0.041463225706061334,PASS,2026-05-13T13:31:06Z,D20260513.01
9618.HK,HK,equity,2024-10-31,156.9,158.1,155.3,155.5,155.9,8353682.0,1305799030.903,-0.0025657472738935816,-0.0025657472738935816,-0.0025690444444420707,PASS,2026-05-13T13:31:06Z,D20260513.01
9618.HK,HK,equity,2024-11-01,159.0,161.1,157.5,158.1,155.5,7662567.0,1216167056.59,0.0167202572347267,0.0167202572347267,0.016582012596137518,PASS,2026-05-13T13:31:06Z,D20260513.01
9618.HK,HK,equity,2024-11-04,158.7,159.0,154.0,156.1,158.1,5991618.0,936158372.165,-0.012650221378874171,-0.012650221378874171,-0.012730916694039996,PASS,2026-05-13T13:31:06Z,D20260513.01
9618.HK,HK,equity,2024-11-05,153.9,158.6,153.9,158.6,156.1,7253485.0,1136458727.485,0.01601537475976933,0.01601537475976933,0.01588848167936118,PASS,2026-05-13T13:31:06Z,D20260513.01
9618.HK,HK,equity,2024-11-06,154.4,154.6,148.7,152.0,158.6,17258974.0,2611999274.01,-0.04161412358133665,-0.04161412358133665,-0.04250478835447117,PASS,2026-05-13T13:31:06Z,D20260513.01
9618.HK,HK,equity,2024-11-07,150.1,154.3,148.7,153.6,152.0,12510690.0,1901280359.9,0.010526315789473717,0.010526315789473717,0.010471299867295437,PASS,2026-05-13T13:31:06Z,D20260513.01
9618.HK,HK,equity,2024-11-08,160.2,161.8,154.7,155.3,153.6,15683497.0,2467343479.75,0.011067708333333481,0.011067708333333481,0.01100690944106974,PASS,2026-05-13T13:31:06Z,D20260513.01
9618.HK,HK,equity,2024-11-11,147.2,153.3,147.2,151.7,155.3,10836896.0,1628366278.16,-0.02318094011590488,-0.02318094011590488,-0.023453843800155003,PASS,2026-05-13T13:31:06Z,D20260513.01
9618.HK,HK,equity,2024-11-12,150.9,151.9,142.5,144.1,151.7,19253570.0,2803533154.718,-0.050098879367172056,-0.050098879367172056,-0.051397383349010166,PASS,2026-05-13T13:31:06Z,D20260513.01
9618.HK,HK,equity,2024-11-13,140.4,141.8,139.5,141.8,144.1,14041060.0,1974696458.6,-0.015961138098542604,-0.015961138098542604,-0.016089888907449203,PASS,2026-05-13T13:31:06Z,D20260513.01
9618.HK,HK,equity,2024-11-14,139.0,139.7,133.5,135.1,141.8,18896815.0,2562855731.9,-0.04724964739069126,-0.04724964739069126,-0.04840236913187411,PASS,2026-05-13T13:31:06Z,D20260513.01
9618.HK,HK,equity,2024-11-15,130.9,134.7,128.8,132.6,135.1,16384486.0,2165191370.35,-0.01850481125092529,-0.01850481125092529,-0.01867816721439109,PASS,2026-05-13T13:31:06Z,D20260513.01
9618.HK,HK,equity,2024-11-18,138.0,139.0,136.5,137.4,132.6,14444133.0,1988428167.85,0.03619909502262453,0.03619909502262453,0.035559302036486926,PASS,2026-05-13T13:31:06Z,D20260513.01
9618.HK,HK,equity,2024-11-19,136.9,138.5,136.2,137.2,137.4,8753612.0,1202004453.75,-0.0014556040756915634,-0.0014556040756915634,-0.0014566644964642667,PASS,2026-05-13T13:31:06Z,D20260513.01
9618.HK,HK,equity,2024-11-20,136.5,138.9,136.0,137.5,137.2,5058507.0,694028991.7,0.0021865889212828726,0.0021865889212828726,0.0021842018148412073,PASS,2026-05-13T13:31:06Z,D20260513.01
9618.HK,HK,equity,2024-11-21,137.3,139.3,136.8,137.9,137.5,8301033.0,1145681124.2,0.0029090909090909722,0.0029090909090909722,0.002904867692630207,PASS,2026-05-13T13:31:06Z,D20260513.01
9618.HK,HK,equity,2024-11-22,140.2,141.1,136.7,137.5,137.9,17737130.0,2456341044.15,-0.0029006526468455807,-0.0029006526468455807,-0.0029048676926301848,PASS,2026-05-13T13:31:06Z,D20260513.01
9618.HK,HK,equity,2024-11-25,135.3,136.4,132.3,133.3,137.5,17860146.0,2389346162.8,-0.03054545454545443,-0.03054545454545443,-0.03102168992196288,PASS,2026-05-13T13:31:06Z,D20260513.01
9618.HK,HK,equity,2024-11-26,132.4,136.8,132.4,135.8,133.3,11752469.0,1591267735.66,0.01875468867216812,0.01875468867216812,0.018580987939932844,PASS,2026-05-13T13:31:06Z,D20260513.01
9618.HK,HK,equity,2024-11-27,138.9,143.7,137.3,142.6,135.8,12799681.0,1801847111.125,0.050073637702503504,0.050073637702503504,0.04886029285559964,PASS,2026-05-13T13:31:06Z,D20260513.01
9618.HK,HK,equity,2024-11-28,144.6,144.6,141.5,142.2,142.6,11124648.0,1586004767.1,-0.0028050490883591017,-0.0028050490883591017,-0.0028089906110551153,PASS,2026-05-13T13:31:06Z,D20260513.01
9618.HK,HK,equity,2024-11-29,142.0,146.1,141.7,143.8,142.2,8237247.0,1183479181.3,0.011251758087201358,0.011251758087201358,0.01118892791780604,PASS,2026-05-13T13:31:06Z,D20260513.01
9618.HK,HK,equity,2024-12-02,146.0,148.3,145.0,147.3,143.8,10532772.0,1549488710.85,0.024339360222531248,0.024339360222531248,0.024047878181638227,PASS,2026-05-13T13:31:06Z,D20260513.01
9618.HK,HK,equity,2024-12-03,147.8,148.0,143.1,145.3,147.3,10169128.0,1478635632.35,-0.013577732518669339,-0.013577732518669339,-0.013670752892347322,PASS,2026-05-13T13:31:06Z,D20260513.01
9618.HK,HK,equity,2024-12-04,144.2,144.3,141.4,142.4,145.3,9154441.0,1305023717.965,-0.019958706125258074,-0.019958706125258074,-0.020160571598361814,PASS,2026-05-13T13:31:06Z,D20260513.01
9618.HK,HK,equity,2024-12-05,140.3,142.2,138.3,142.2,142.4,13759352.0,1936191622.3,-0.0014044943820226141,-0.0014044943820226141,-0.001405481608735032,PASS,2026-05-13T13:31:06Z,D20260513.01
9618.HK,HK,equity,2024-12-06,142.9,146.7,141.6,146.6,142.2,22018351.0,3203281310.08,0.030942334739803234,0.030942334739803234,0.03047327208341075,PASS,2026-05-13T13:31:06Z,D20260513.01
9618.HK,HK,equity,2024-12-09,145.1,153.0,142.3,152.2,146.6,18060947.0,2655393043.1,0.038199181446111785,0.038199181446111785,0.03748765597503426,PASS,2026-05-13T13:31:06Z,D20260513.01
9618.HK,HK,equity,2024-12-10,160.9,161.6,153.2,153.3,152.2,20477627.0,3201302916.3,0.007227332457293123,0.007227332457293123,0.007201340450183067,PASS,2026-05-13T13:31:06Z,D20260513.01
9618.HK,HK,equity,2024-12-11,154.5,155.9,148.2,149.0,153.3,10428396.0,1573022603.292,-0.028049575994781528,-0.028049575994781528,-0.028450479932309355,PASS,2026-05-13T13:31:06Z,D20260513.01
9618.HK,HK,equity,2024-12-12,149.2,150.4,145.1,147.8,149.0,15938415.0,2358612908.23,-0.008053691275167751,-0.008053691275167751,-0.008086297431357707,PASS,2026-05-13T13:31:06Z,D20260513.01
9618.HK,HK,equity,2024-12-13,147.8,147.8,143.5,144.4,147.8,17973757.0,2603725196.9,-0.023004059539918797,-0.023004059539918797,-0.023272782055375533,PASS,2026-05-13T13:31:06Z,D20260513.01
9618.HK,HK,equity,2024-12-16,144.4,146.7,142.9,144.0,144.4,7875004.0,1135044313.57,-0.0027700831024931594,-0.0027700831024931594,-0.0027739268827253194,PASS,2026-05-13T13:31:06Z,D20260513.01
9618.HK,HK,equity,2024-12-17,142.0,145.2,141.1,142.2,144.0,9084175.0,1293568344.19,-0.012500000000000067,-0.012500000000000067,-0.012578782206860185,PASS,2026-05-13T13:31:06Z,D20260513.01
9618.HK,HK,equity,2024-12-18,145.2,145.7,143.1,144.0,142.2,5347904.0,771140880.5,0.012658227848101333,0.012658227848101333,0.012578782206860185,PASS,2026-05-13T13:31:06Z,D20260513.01
9618.HK,HK,equity,2024-12-19,141.9,142.7,140.7,141.7,144.0,8105059.0,1148250102.75,-0.015972222222222276,-0.015972222222222276,-0.016101152879365924,PASS,2026-05-13T13:31:06Z,D20260513.01
9618.HK,HK,equity,2024-12-20,140.5,141.5,137.4,137.4,141.7,23018242.0,3175663368.18,-0.030345800988002658,-0.030345800988002658,-0.030815766908385618,PASS,2026-05-13T13:31:06Z,D20260513.01
9618.HK,HK,equity,2024-12-23,139.5,140.7,137.8,139.6,137.4,6401037.0,891237955.1,0.01601164483260553,0.01601164483260553,0.015884810540023133,PASS,2026-05-13T13:31:06Z,D20260513.01
9618.HK,HK,equity,2024-12-24,140.5,142.4,140.3,140.9,139.6,2924128.0,413031130.55,0.009312320916905481,0.009312320916905481,0.00926922857636247,PASS,2026-05-13T13:31:06Z,D20260513.01
9618.HK,HK,equity,2024-12-27,138.7,139.6,134.6,135.9,140.9,8639058.0,1175648134.5,-0.03548616039744501,-0.03548616039744501,-0.03613109774753652,PASS,2026-05-13T13:31:06Z,D20260513.01
9618.HK,HK,equity,2024-12-30,136.5,137.2,134.2,134.7,135.9,5818998.0,785224395.5,-0.008830022075055344,-0.008830022075055344,-0.008869237740779884,PASS,2026-05-13T13:31:06Z,D20260513.01
9618.HK,HK,equity,2024-12-31,134.7,136.4,134.4,136.0,134.7,6083465.0,826221763.05,0.009651076466221209,0.009651076466221209,0.009604802319733685,PASS,2026-05-13T13:31:06Z,D20260513.01
9618.HK,HK,equity,2025-01-02,132.9,133.8,130.8,132.5,136.0,10338375.0,1367179807.85,-0.02573529411764708,-0.02573529411764708,-0.02607224030977513,PASS,2026-05-13T13:31:06Z,D20260513.01
9618.HK,HK,equity,2025-01-03,134.4,136.3,132.6,134.2,132.5,9781570.0,1311174621.15,0.012830188679245236,0.012830188679245236,0.012748579111304472,PASS,2026-05-13T13:31:06Z,D20260513.01
9618.HK,HK,equity,2025-01-06,137.5,137.8,135.0,135.7,134.2,8152282.0,1108303946.4,0.011177347242921076,0.011177347242921076,0.011115342303242102,PASS,2026-05-13T13:31:06Z,D20260513.01
9618.HK,HK,equity,2025-01-07,135.7,137.2,132.8,135.0,135.7,10120538.0,1361454354.65,-0.005158437730287346,-0.005158437730287346,-0.005171788402393956,PASS,2026-05-13T13:31:06Z,D20260513.01
9618.HK,HK,equity,2025-01-08,136.5,138.3,133.4,135.3,135.0,10327410.0,1398850632.92,0.0022222222222223476,0.0022222222222223476,0.0022197567383130316,PASS,2026-05-13T13:31:06Z,D20260513.01
9618.HK,HK,equity,2025-01-09,134.7,135.2,132.4,133.2,135.3,5896281.0,787930176.3,-0.015521064301552312,-0.015521064301552312,-0.015642777070453803,PASS,2026-05-13T13:31:06Z,D20260513.01
9618.HK,HK,equity,2025-01-10,133.8,133.9,130.3,130.9,133.2,6650231.0,873031336.55,-0.017267267267267128,-0.017267267267267128,-0.017418085190434376,PASS,2026-05-13T13:31:06Z,D20260513.01
9618.HK,HK,equity,2025-01-13,129.6,129.6,126.6,129.0,130.9,6263756.0,803976941.34,-0.014514896867838134,-0.014514896867838134,-0.014621268554182222,PASS,2026-05-13T13:31:06Z,D20260513.01
9618.HK,HK,equity,2025-01-14,129.7,137.0,129.7,135.9,129.0,11784415.0,1587228241.5,0.05348837209302326,0.05348837209302326,0.052106916795425916,PASS,2026-05-13T13:31:06Z,D20260513.01
9618.HK,HK,equity,2025-01-15,134.8,138.0,133.9,137.1,135.9,7551753.0,1029980744.895,0.00883002207505501,0.00883002207505501,0.008791265411170503,PASS,2026-05-13T13:31:06Z,D20260513.01
9618.HK,HK,equity,2025-01-16,137.3,140.2,137.3,140.1,137.1,7810928.0,1087587271.0,0.02188183807439814,0.02188183807439814,0.021645866774692508,PASS,2026-05-13T13:31:06Z,D20260513.01
9618.HK,HK,equity,2025-01-17,137.8,148.2,137.4,146.7,140.1,19783768.0,2870887274.5,0.047109207708779355,0.047109207708779355,0.04603323180597463,PASS,2026-05-13T13:31:06Z,D20260513.01
9618.HK,HK,equity,2025-01-20,152.6,158.3,152.1,157.4,146.7,21426774.0,3343902198.135,0.07293796864349034,0.07293796864349034,0.07040065083436703,PASS,2026-05-13T13:31:06Z,D20260513.01
9618.HK,HK,equity,2025-01-21,159.0,159.3,155.1,158.4,157.4,11460196.0,1808931160.85,0.006353240152477735,0.006353240152477735,0.006333143397022599,PASS,2026-05-13T13:31:06Z,D20260513.01
9618.HK,HK,equity,2025-01-22,151.1,153.2,150.6,151.6,158.4,23216064.0,3520528056.75,-0.04292929292929304,-0.04292929292929304,-0.04387800617205431,PASS,2026-05-13T13:31:06Z,D20260513.01
9618.HK,HK,equity,2025-01-23,152.7,154.0,150.0,151.2,151.6,10582489.0,1601878312.4,-0.0026385224274406704,-0.0026385224274406704,-0.0026420094628386965,PASS,2026-05-13T13:31:06Z,D20260513.01
9618.HK,HK,equity,2025-01-24,150.4,157.0,150.2,155.7,151.2,12839453.0,1985878803.65,0.029761904761904656,0.029761904761904656,0.02932761509451992,PASS,2026-05-13T13:31:06Z,D20260513.01
9618.HK,HK,equity,2025-01-27,157.6,159.6,156.4,157.3,155.7,10348930.0,1631571573.15,0.010276172125883276,0.010276172125883276,0.01022373122427966,PASS,2026-05-13T13:31:06Z,D20260513.01
9618.HK,HK,equity,2025-01-28,158.5,158.6,154.7,156.9,157.3,6917079.0,1084526431.34,-0.00254291163382081,-0.00254291163382081,-0.0025461503252453177,PASS,2026-05-13T13:31:06Z,D20260513.01
9618.HK,HK,equity,2025-02-03,152.4,152.8,147.2,151.9,156.9,16874796.0,2542659179.309,-0.03186743148502236,-0.03186743148502236,-0.032386250137259785,PASS,2026-05-13T13:31:06Z,D20260513.01
9618.HK,HK,equity,2025-02-04,156.2,162.1,155.9,162.1,151.9,17827300.0,2848306576.935,0.06714944042132975,0.06714944042132975,0.06499101913990318,PASS,2026-05-13T13:31:06Z,D20260513.01
9618.HK,HK,equity,2025-02-05,160.8,160.8,153.3,156.5,162.1,15836502.0,2468208680.55,-0.034546576187538536,-0.034546576187538536,-0.03515741876142249,PASS,2026-05-13T13:31:06Z,D20260513.01
9618.HK,HK,equity,2025-02-06,154.7,157.9,154.3,157.7,156.5,8374946.0,1312595254.6,0.007667731629392938,0.007667731629392938,0.007638483988784759,PASS,2026-05-13T13:31:06Z,D20260513.01
9618.HK,HK,equity,2025-02-07,156.0,158.6,154.7,157.1,157.7,11026726.0,1729178975.9,-0.0038046924540265925,-0.0038046924540265925,-0.003811948707417186,PASS,2026-05-13T13:31:06Z,D20260513.01
9618.HK,HK,equity,2025-02-10,157.0,161.6,156.6,161.5,157.1,11303750.0,1814660545.3,0.02800763844684928,0.02800763844684928,0.027622597401135894,PASS,2026-05-13T13:31:06Z,D20260513.01
9618.HK,HK,equity,2025-02-11,163.4,164.4,158.3,158.5,161.5,11564784.0,1855137285.65,-0.018575851393188847,-0.018575851393188847,-0.018750549345375917,PASS,2026-05-13T13:31:06Z,D20260513.01
9618.HK,HK,equity,2025-02-12,160.5,161.7,153.5,156.1,158.5,17600967.0,2749612754.065,-0.015141955835962229,-0.015141955835962229,-0.01525776579594901,PASS,2026-05-13T13:31:06Z,D20260513.01
9618.HK,HK,equity,2025-02-13,153.4,159.4,149.5,151.5,156.1,27373656.0,4226736213.365,-0.029468289557975647,-0.029468289557975647,-0.029911202571962538,PASS,2026-05-13T13:31:06Z,D20260513.01
9618.HK,HK,equity,2025-02-14,155.0,163.0,155.0,163.0,151.5,24858873.0,3974937401.28,0.07590759075907583,0.07590759075907583,0.07316457585733843,PASS,2026-05-13T13:31:06Z,D20260513.01
9618.HK,HK,equity,2025-02-17,164.0,164.8,155.5,157.1,163.0,17128732.0,2734088318.9,-0.03619631901840492,-0.03619631901840492,-0.036867655545186874,PASS,2026-05-13T13:31:06Z,D20260513.01
9618.HK,HK,equity,2025-02-18,158.3,159.8,154.8,156.6,157.1,16099549.0,2526102250.45,-0.003182686187141903,-0.003182686187141903,-0.0031877617048727013,PASS,2026-05-13T13:31:06Z,D20260513.01
9618.HK,HK,equity,2025-02-19,151.9,155.7,150.2,154.2,156.6,13987154.0,2146024770.35,-0.01532567049808431,-0.01532567049808431,-0.015444322427473631,PASS,2026-05-13T13:31:06Z,D20260513.01
9618.HK,HK,equity,2025-02-20,153.8,155.3,150.8,153.7,154.2,13279250.0,2036352233.65,-0.003242542153047978,-0.003242542153047978,-0.003247810584678926,PASS,2026-05-13T13:31:06Z,D20260513.01
9618.HK,HK,equity,2025-02-21,160.7,161.8,156.2,161.6,153.7,17894279.0,2848342610.82,0.05139882888744318,0.05139882888744318,0.05012149554244493,PASS,2026-05-13T13:31:06Z,D20260513.01
9618.HK,HK,equity,2025-02-24,161.7,164.3,158.1,161.1,161.6,14895758.0,2407032397.18,-0.0030940594059405413,-0.0030940594059405413,-0.0030988559040662565,PASS,2026-05-13T13:31:06Z,D20260513.01
9618.HK,HK,equity,2025-02-25,153.0,157.7,152.2,155.0,161.1,16418884.0,2548056412.95,-0.0378646803227809,-0.0378646803227809,-0.03860017326368209,PASS,2026-05-13T13:31:06Z,D20260513.01
9618.HK,HK,equity,2025-02-26,157.8,169.7,157.8,168.1,155.0,27699130.0,4609632436.41,0.08451612903225802,0.08451612903225802,0.08113392349532327,PASS,2026-05-13T13:31:06Z,D20260513.01
9618.HK,HK,equity,2025-02-27,166.7,169.9,165.2,167.2,168.1,17368443.0,2905503395.05,-0.005353955978584235,-0.005353955978584235,-0.005368339763968734,PASS,2026-05-13T13:31:06Z,D20260513.01
9618.HK,HK,equity,2025-02-28,164.9,166.6,159.0,160.6,167.2,16684324.0,2698812153.4,-0.03947368421052633,-0.03947368421052633,-0.04027389913793996,PASS,2026-05-13T13:31:06Z,D20260513.01
9618.HK,HK,equity,2025-03-03,161.3,164.9,157.3,159.0,160.6,18694436.0,3005012293.546,-0.00996264009962633,-0.00996264009962633,-0.0100125992924297,PASS,2026-05-13T13:31:06Z,D20260513.01
9618.HK,HK,equity,2025-03-04,156.2,160.9,154.3,160.2,159.0,9078856.0,1441982425.45,0.007547169811320753,0.007547169811320753,0.007518832414027319,PASS,2026-05-13T13:31:06Z,D20260513.01
9618.HK,HK,equity,2025-03-05,160.9,165.7,159.6,165.1,160.2,11230845.0,1834364455.395,0.030586766541822685,0.030586766541822685,0.030128316291823443,PASS,2026-05-13T13:31:06Z,D20260513.01
9618.HK,HK,equity,2025-03-06,168.8,180.8,168.4,179.0,165.1,27581261.0,4842849294.75,0.08419139915202911,0.08419139915202911,0.08083445491467271,PASS,2026-05-13T13:31:06Z,D20260513.01
9618.HK,HK,equity,2025-03-07,173.8,177.4,168.5,170.1,179.0,34873936.0,5984118954.595,-0.04972067039106154,-0.04972067039106154,-0.05099930643893901,PASS,2026-05-13T13:31:06Z,D20260513.01
9618.HK,HK,equity,2025-03-10,165.8,168.6,161.3,162.3,170.1,21324098.0,3510518076.9,-0.04585537918871241,-0.04585537918871241,-0.04694002488127043,PASS,2026-05-13T13:31:06Z,D20260513.01
9618.HK,HK,equity,2025-03-11,157.3,160.6,155.6,160.1,162.3,22572980.0,3575395195.075,-0.013555144793592211,-0.013555144793592211,-0.013647854517876626,PASS,2026-05-13T13:31:06Z,D20260513.01
9618.HK,HK,equity,2025-03-12,159.5,160.7,154.3,156.7,160.1,17331449.0,2727445110.75,-0.021236727045596537,-0.021236727045596537,-0.021465470640693894,PASS,2026-05-13T13:31:06Z,D20260513.01
9618.HK,HK,equity,2025-03-13,157.7,159.9,155.8,157.2,156.7,12843862.0,2021190280.155,0.0031908104658582293,0.0031908104658582293,0.003185730633130928,PASS,2026-05-13T13:31:06Z,D20260513.01
9618.HK,HK,equity,2025-03-14,161.5,166.9,158.4,165.6,157.2,19093438.0,3132136428.95,0.05343511450381677,0.05343511450381677,0.05205636195605313,PASS,2026-05-13T13:31:06Z,D20260513.01
9618.HK,HK,equity,2025-03-17,171.3,171.9,168.0,169.0,165.6,13084601.0,2220336094.735,0.020531400966183666,0.020531400966183666,0.020323472971914242,PASS,2026-05-13T13:31:06Z,D20260513.01
9618.HK,HK,equity,2025-03-18,175.4,178.0,172.9,177.9,169.0,17627921.0,3100031348.5,0.05266272189349119,0.05266272189349119,0.051322879748716056,PASS,2026-05-13T13:31:06Z,D20260513.01
9618.HK,HK,equity,2025-03-19,176.7,177.8,174.5,176.2,177.9,11341539.0,1998538000.52,-0.009555930297920234,-0.009555930297920234,-0.00960188116971038,PASS,2026-05-13T13:31:06Z,D20260513.01
9618.HK,HK,equity,2025-03-20,175.6,175.6,166.2,167.5,176.2,13554596.0,2295737655.65,-0.04937570942111236,-0.04937570942111236,-0.05063636223695799,PASS,2026-05-13T13:31:06Z,D20260513.01
9618.HK,HK,equity,2025-03-21,168.9,170.0,162.7,162.9,167.5,15013036.0,2473133927.8,-0.027462686567164107,-0.027462686567164107,-0.027846835657121604,PASS,2026-05-13T13:31:06Z,D20260513.01
9618.HK,HK,equity,2025-03-24,165.2,167.6,162.2,166.6,162.9,9185640.0,1513448878.436,0.022713321055862323,0.022713321055862323,0.022459214124742704,PASS,2026-05-13T13:31:06Z,D20260513.01
9618.HK,HK,equity,2025-03-25,165.6,166.4,161.1,161.2,166.6,9389015.0,1524340728.57,-0.032412965186074505,-0.032412965186074505,-0.03294989966021448,PASS,2026-05-13T13:31:06Z,D20260513.01
9618.HK,HK,equity,2025-03-26,161.0,164.7,161.0,164.1,161.2,9153598.0,1496801188.508,0.01799007444168743,0.01799007444168743,0.017830168023517383,PASS,2026-05-13T13:31:06Z,D20260513.01
9618.HK,HK,equity,2025-03-27,163.4,167.6,162.6,164.6,164.1,7523847.0,1243058244.55,0.0030469226081657474,0.0030469226081657474,0.0030422901469242193,PASS,2026-05-13T13:31:06Z,D20260513.01
9618.HK,HK,equity,2025-03-28,168.0,169.1,162.8,164.4,164.6,8950924.0,1478404228.7,-0.0012150668286755595,-0.0012150668286755595,-0.001215805620889878,PASS,2026-05-13T13:31:06Z,D20260513.01
9618.HK,HK,equity,2025-03-31,162.2,163.0,159.0,160.8,164.4,6875716.0,1106196218.413,-0.021897810218978075,-0.021897810218978075,-0.022141125877213518,PASS,2026-05-13T13:31:06Z,D20260513.01
9618.HK,HK,equity,2025-04-01,161.0,163.8,160.4,161.2,160.8,6763957.0,1094492357.75,0.0024875621890545485,0.0024875621890545485,0.002484473327661744,PASS,2026-05-13T13:31:06Z,D20260513.01
9618.HK,HK,equity,2025-04-02,161.2,163.0,158.8,161.9,161.2,5972448.0,964453291.4,0.004342431761786614,0.004342431761786614,0.004333030611061542,PASS,2026-05-13T13:31:06Z,D20260513.01
9618.HK,HK,equity,2025-04-03,152.4,156.0,152.2,153.5,161.9,15572015.0,2399933191.85,-0.05188387893761581,-0.05188387893761581,-0.0532782936563376,PASS,2026-05-13T13:31:06Z,D20260513.01
9618.HK,HK,equity,2025-04-07,133.6,137.1,125.2,126.4,149.61,43949826.0,5701816155.02,-0.15513668872401576,-0.15513668872401576,-0.1685804265133838,PASS,2026-05-13T13:31:06Z,D20260513.01
9618.HK,HK,equity,2025-04-08,134.6,141.0,132.7,137.6,126.4,41666302.0,5689930483.14,0.08860759493670867,0.08860759493670867,0.08489944378648606,PASS,2026-05-13T13:31:06Z,D20260513.01
9618.HK,HK,equity,2025-04-09,130.1,138.7,127.2,136.7,137.6,27009831.0,3631663537.55,-0.006540697674418672,-0.006540697674418672,-0.006562181769339478,PASS,2026-05-13T13:31:06Z,D20260513.01
9618.HK,HK,equity,2025-04-10,141.4,145.9,138.2,141.7,136.7,23343085.0,3308539957.1,0.03657644476956845,0.03657644476956845,0.035923402966730925,PASS,2026-05-13T13:31:06Z,D20260513.01
9618.HK,HK,equity,2025-04-11,141.5,146.2,139.8,143.1,141.7,20247413.0,2895311719.43,0.009880028228652193,0.009880028228652193,0.009831539865770582,PASS,2026-05-13T13:31:06Z,D20260513.01
9618.HK,HK,equity,2025-04-14,145.0,148.9,142.0,146.6,143.1,17292261.0,2527411838.1,0.024458420684835724,0.024458420684835724,0.02416410289014584,PASS,2026-05-13T13:31:06Z,D20260513.01
9618.HK,HK,equity,2025-04-15,148.4,149.5,145.2,146.5,146.6,12226438.0,1789423815.96,-0.0006821282401090478,-0.0006821282401090478,-0.0006823609954290284,PASS,2026-05-13T13:31:06Z,D20260513.01
9618.HK,HK,equity,2025-04-16,143.4,144.5,136.6,138.4,146.5,18319471.0,2548893805.0,-0.0552901023890785,-0.0552901023890785,-0.05687738527355281,PASS,2026-05-13T13:31:06Z,D20260513.01
9618.HK,HK,equity,2025-04-17,137.8,139.6,136.6,139.2,138.4,10658510.0,1476594786.75,0.005780346820809079,0.005780346820809079,0.005763704716749913,PASS,2026-05-13T13:31:06Z,D20260513.01
9618.HK,HK,equity,2025-04-22,132.0,132.0,128.0,130.4,139.2,33988518.0,4411589603.55,-0.06321839080459757,-0.06321839080459757,-0.06530509840776655,PASS,2026-05-13T13:31:06Z,D20260513.01
9618.HK,HK,equity,2025-04-23,135.3,135.5,130.4,132.4,130.4,26374585.0,3478497268.0,0.015337423312883347,0.015337423312883347,0.01522099401035517,PASS,2026-05-13T13:31:06Z,D20260513.01
9618.HK,HK,equity,2025-04-24,130.8,130.8,122.1,124.2,132.4,43918714.0,5496450056.378,-0.0619335347432024,-0.0619335347432024,-0.06393447400352943,PASS,2026-05-13T13:31:06Z,D20260513.01
9618.HK,HK,equity,2025-04-25,124.7,126.9,123.2,123.8,124.2,21194464.0,2650987903.65,-0.0032206119162641045,-0.0032206119162641045,-0.003225809248882677,PASS,2026-05-13T13:31:06Z,D20260513.01
9618.HK,HK,equity,2025-04-28,126.0,127.7,124.6,126.5,123.8,18225414.0,2309306142.92,0.021809369951534707,0.021809369951534707,0.021574947917079174,PASS,2026-05-13T13:31:06Z,D20260513.01
9618.HK,HK,equity,2025-04-29,127.9,131.3,127.0,128.9,126.5,15966800.0,2067114506.23,0.01897233201581039,0.01897233201581039,0.018794601777566887,PASS,2026-05-13T13:31:06Z,D20260513.01
9618.HK,HK,equity,2025-04-30,128.7,128.9,126.6,127.9,128.9,12415165.0,1584569311.5,-0.007757951900698168,-0.007757951900698168,-0.00778820136034465,PASS,2026-05-13T13:31:06Z,D20260513.01
9618.HK,HK,equity,2025-05-02,128.7,132.7,128.2,132.1,127.9,17681775.0,2322752314.08,0.03283815480844399,0.03283815480844399,0.03231050294348252,PASS,2026-05-13T13:31:06Z,D20260513.01
9618.HK,HK,equity,2025-05-06,130.0,132.3,128.3,131.5,132.1,20884988.0,2730968635.56,-0.004542013626040786,-0.004542013626040786,-0.004552359910460301,PASS,2026-05-13T13:31:06Z,D20260513.01
9618.HK,HK,equity,2025-05-07,134.6,135.8,130.9,130.9,131.5,17948326.0,2377848300.0,-0.004562737642585524,-0.004562737642585524,-0.004573178701964969,PASS,2026-05-13T13:31:06Z,D20260513.01
9618.HK,HK,equity,2025-05-08,130.5,133.2,130.5,131.6,130.9,13168759.0,1738690751.38,0.005347593582887722,0.005347593582887722,0.005333345975362603,PASS,2026-05-13T13:31:06Z,D20260513.01
9618.HK,HK,equity,2025-05-09,132.4,132.6,129.7,131.5,131.6,11381493.0,1491642376.71,-0.0007598784194527974,-0.0007598784194527974,-0.0007601672733974949,PASS,2026-05-13T13:31:06Z,D20260513.01
9618.HK,HK,equity,2025-05-12,135.0,141.2,134.4,139.9,131.5,26348682.0,3630490110.75,0.06387832699619778,0.06387832699619778,0.0619210300536163,PASS,2026-05-13T13:31:06Z,D20260513.01
9618.HK,HK,equity,2025-05-13,139.6,140.0,136.4,137.0,139.9,16796654.0,2314273956.9,-0.020729092208720545,-0.020729092208720545,-0.02094695584331061,PASS,2026-05-13T13:31:06Z,D20260513.01
9618.HK,HK,equity,2025-05-14,142.8,143.2,139.6,141.6,137.0,21966646.0,3103327976.65,0.033576642335766405,0.033576642335766405,0.033025255431494455,PASS,2026-05-13T13:31:06Z,D20260513.01
9618.HK,HK,equity,2025-05-15,138.2,139.0,135.2,135.4,141.6,20773139.0,2831492328.4,-0.043785310734463234,-0.043785310734463234,-0.044772820781444726,PASS,2026-05-13T13:31:06Z,D20260513.01
9618.HK,HK,equity,2025-05-16,133.6,134.6,131.3,131.8,135.4,20699129.0,2736173826.9,-0.026587887740029514,-0.026587887740029514,-0.026947738409767746,PASS,2026-05-13T13:31:06Z,D20260513.01
9618.HK,HK,equity,2025-05-19,130.0,131.5,129.2,130.4,131.8,16879938.0,2197336678.15,-0.01062215477996964,-0.01062215477996964,-0.010678972575854255,PASS,2026-05-13T13:31:06Z,D20260513.01
9618.HK,HK,equity,2025-05-20,130.7,134.5,130.7,133.5,130.4,14041319.0,1869132307.8,0.023773006134969243,0.023773006134969243,0.023494828347751563,PASS,2026-05-13T13:31:06Z,D20260513.01
9618.HK,HK,equity,2025-05-21,134.0,135.7,133.1,134.5,133.5,9292766.0,1251526100.95,0.0074906367041198685,0.0074906367041198685,0.007462721201589594,PASS,2026-05-13T13:31:06Z,D20260513.01
9618.HK,HK,equity,2025-05-22,132.8,134.3,132.1,132.5,134.5,9318454.0,1240168143.15,-0.014869888475836479,-0.014869888475836479,-0.014981553615616946,PASS,2026-05-13T13:31:06Z,D20260513.01
9618.HK,HK,equity,2025-05-23,132.7,133.4,131.3,131.9,132.5,6727839.0,890682813.2,-0.00452830188679243,-0.00452830188679243,-0.004538585703007961,PASS,2026-05-13T13:31:06Z,D20260513.01
9618.HK,HK,equity,2025-05-26,130.8,131.9,129.4,129.6,131.9,7951362.0,1035888636.7,-0.01743745261561802,-0.01743745261561802,-0.017591275805094727,PASS,2026-05-13T13:31:06Z,D20260513.01
9618.HK,HK,equity,2025-05-27,127.0,128.6,121.0,128.3,129.6,19067891.0,2401802371.55,-0.010030864197530742,-0.010030864197530742,-0.010081512296583453,PASS,2026-05-13T13:31:06Z,D20260513.01
9618.HK,HK,equity,2025-05-28,127.2,128.6,125.9,126.5,128.3,10818992.0,1371927741.0,-0.014029618082618933,-0.014029618082618933,-0.01412896345401589,PASS,2026-05-13T13:31:06Z,D20260513.01
9618.HK,HK,equity,2025-05-29,123.8,132.8,123.8,131.8,126.5,25690114.0,3336983264.38,0.04189723320158101,0.04189723320158101,0.0410433139008319,PASS,2026-05-13T13:31:06Z,D20260513.01
9618.HK,HK,equity,2025-05-30,129.0,129.2,127.2,128.9,131.8,22555094.0,2898336913.46,-0.022003034901365792,-0.022003034901365792,-0.022248712123265228,PASS,2026-05-13T13:31:06Z,D20260513.01
9618.HK,HK,equity,2025-06-02,127.0,129.0,125.1,128.6,128.9,11405309.0,1451375635.73,-0.002327385570209506,-0.002327385570209506,-0.0023300981416227323,PASS,2026-05-13T13:31:06Z,D20260513.01
9618.HK,HK,equity,2025-06-03,128.8,130.8,128.0,128.6,128.6,9117797.0,1176319957.475,0.0,0.0,0.0,PASS,2026-05-13T13:31:06Z,D20260513.01
9618.HK,HK,equity,2025-06-04,127.3,129.4,126.5,128.7,128.6,14148878.0,1814644697.82,0.0007776049766718973,0.0007776049766718973,0.0007773027985620129,PASS,2026-05-13T13:31:06Z,D20260513.01
9618.HK,HK,equity,2025-06-05,129.1,131.3,128.8,130.6,128.7,13169176.0,1713018699.85,0.014763014763014892,0.014763014763014892,0.014655102240249835,PASS,2026-05-13T13:31:06Z,D20260513.01
9618.HK,HK,equity,2025-06-06,130.7,131.0,127.8,128.7,130.6,16518729.0,2131534581.93,-0.014548238897396648,-0.014548238897396648,-0.014655102240249726,PASS,2026-05-13T13:31:06Z,D20260513.01
9618.HK,HK,equity,2025-06-09,130.6,135.5,130.6,134.0,128.7,20752058.0,2776461061.25,0.04118104118104138,0.04118104118104138,0.04035568534883058,PASS,2026-05-13T13:31:06Z,D20260513.01
9618.HK,HK,equity,2025-06-10,134.0,134.7,131.1,131.9,134.0,11193480.0,1483539662.95,-0.015671641791044744,-0.015671641791044744,-0.01579574022764242,PASS,2026-05-13T13:31:06Z,D20260513.01
9618.HK,HK,equity,2025-06-11,132.6,135.3,132.6,133.9,131.9,10862759.0,1457633286.15,0.015163002274450443,0.015163002274450443,0.01504919297385801,PASS,2026-05-13T13:31:06Z,D20260513.01
9618.HK,HK,equity,2025-06-12,131.5,132.9,130.8,131.4,133.9,11954081.0,1574395275.4,-0.01867064973861088,-0.01867064973861088,-0.018847146646616658,PASS,2026-05-13T13:31:06Z,D20260513.01
9618.HK,HK,equity,2025-06-13,130.2,132.1,128.8,129.8,131.4,24065566.0,3125924832.85,-0.0121765601217656,-0.0121765601217656,-0.012251301780520517,PASS,2026-05-13T13:31:06Z,D20260513.01
9618.HK,HK,equity,2025-06-16,129.0,131.9,128.3,130.9,129.8,10604032.0,1381820866.85,0.008474576271186418,0.008474576271186418,0.008438868645864604,PASS,2026-05-13T13:31:06Z,D20260513.01
9618.HK,HK,equity,2025-06-17,131.0,132.6,130.5,131.5,130.9,6490498.0,853124748.05,0.004583651642475095,0.004583651642475095,0.00457317870196492,PASS,2026-05-13T13:31:06Z,D20260513.01
9618.HK,HK,equity,2025-06-18,132.0,132.8,129.1,129.4,131.5,8916181.0,1159944626.85,-0.01596958174904939,-0.01596958174904939,-0.01609846955101901,PASS,2026-05-13T13:31:06Z,D20260513.01
9618.HK,HK,equity,2025-06-19,128.5,128.7,123.4,124.7,129.4,20978668.0,2624864553.2,-0.036321483771251994,-0.036321483771251994,-0.03699752938080949,PASS,2026-05-13T13:31:06Z,D20260513.01
9618.HK,HK,equity,2025-06-20,124.6,125.7,123.7,125.6,124.7,18234214.0,2275421019.55,0.007217321571772128,0.007217321571772128,0.007191401348107411,PASS,2026-05-13T13:31:06Z,D20260513.01
9618.HK,HK,equity,2025-06-23,123.1,125.3,121.7,124.8,125.6,13699454.0,1693890463.35,-0.006369426751592355,-0.006369426751592355,-0.00638979809877101,PASS,2026-05-13T13:31:06Z,D20260513.01
9618.HK,HK,equity,2025-06-24,125.1,127.3,124.8,126.6,124.8,13846575.0,1749011422.05,0.014423076923076872,0.014423076923076872,0.014320053774748471,PASS,2026-05-13T13:31:06Z,D20260513.01
9618.HK,HK,equity,2025-06-25,127.7,131.2,127.2,129.8,126.6,15239326.0,1977555445.79,0.02527646129541883,0.02527646129541883,0.02496229455991399,PASS,2026-05-13T13:31:06Z,D20260513.01
9618.HK,HK,equity,2025-06-26,128.0,130.6,128.0,130.1,129.8,10781497.0,1397527606.035,0.0023112480739597707,0.0023112480739597707,0.0023085812484698034,PASS,2026-05-13T13:31:06Z,D20260513.01
9618.HK,HK,equity,2025-06-27,130.7,133.0,129.7,130.3,130.1,16008304.0,2096071265.0,0.001537279016141646,0.001537279016141646,0.0015360986123400591,PASS,2026-05-13T13:31:06Z,D20260513.01
9618.HK,HK,equity,2025-06-30,130.9,131.5,127.6,127.9,130.3,12949308.0,1668227165.8,-0.018419033000767526,-0.018419033000767526,-0.018590775546002497,PASS,2026-05-13T13:31:06Z,D20260513.01
9618.HK,HK,equity,2025-07-02,131.5,131.5,126.8,128.0,127.9,13455540.0,1729488622.0,0.0007818608287724071,0.0007818608287724071,0.0007815553348200886,PASS,2026-05-13T13:31:06Z,D20260513.01
9618.HK,HK,equity,2025-07-03,128.2,128.8,124.5,125.3,128.0,17251226.0,2163305390.7,-0.021093750000000022,-0.021093750000000022,-0.021319402017594573,PASS,2026-05-13T13:31:06Z,D20260513.01
9618.HK,HK,equity,2025-07-04,124.8,125.9,123.1,124.2,125.3,17595224.0,2184318702.95,-0.00877893056664003,-0.00877893056664003,-0.008817692402644194,PASS,2026-05-13T13:31:06Z,D20260513.01
9618.HK,HK,equity,2025-07-07,124.0,125.7,121.8,124.8,124.2,15985896.0,1982311844.5,0.004830917874396157,0.004830917874396157,0.004819286435948922,PASS,2026-05-13T13:31:06Z,D20260513.01
9618.HK,HK,equity,2025-07-08,126.4,128.3,125.7,127.7,124.8,9284825.0,1181629406.6,0.023237179487179516,0.023237179487179516,0.022971307103166343,PASS,2026-05-13T13:31:06Z,D20260513.01
9618.HK,HK,equity,2025-07-09,128.0,128.0,124.8,125.3,127.7,11166261.0,1407292435.35,-0.018794048551292186,-0.018794048551292186,-0.018972901136471088,PASS,2026-05-13T13:31:06Z,D20260513.01
9618.HK,HK,equity,2025-07-10,124.0,124.3,122.0,123.6,125.3,15803091.0,1945691830.6,-0.013567438148443745,-0.013567438148443745,-0.01366031687843223,PASS,2026-05-13T13:31:06Z,D20260513.01
9618.HK,HK,equity,2025-07-11,121.9,125.9,121.7,123.3,123.6,16937160.0,2098756108.55,-0.0024271844660194164,-0.0024271844660194164,-0.002430134853291782,PASS,2026-05-13T13:31:06Z,D20260513.01
9618.HK,HK,equity,2025-07-14,122.0,122.6,120.5,122.4,123.3,10640122.0,1295641364.023,-0.007299270072992581,-0.007299270072992581,-0.007326040092072786,PASS,2026-05-13T13:31:06Z,D20260513.01
9618.HK,HK,equity,2025-07-15,121.1,125.7,121.0,125.0,122.4,21738410.0,2684039155.15,0.0212418300653594,0.0212418300653594,0.021019367224075342,PASS,2026-05-13T13:31:06Z,D20260513.01
9618.HK,HK,equity,2025-07-16,127.0,128.6,124.3,124.7,125.0,15128348.0,1906399787.3,-0.0023999999999999577,-0.0023999999999999577,-0.002402884616310315,PASS,2026-05-13T13:31:06Z,D20260513.01
9618.HK,HK,equity,2025-07-17,124.0,125.4,123.4,124.5,124.7,9099498.0,1131332429.5,-0.001603849238171584,-0.001603849238171584,-0.0016051367812284334,PASS,2026-05-13T13:31:06Z,D20260513.01
9618.HK,HK,equity,2025-07-18,126.8,129.8,126.8,128.2,124.5,20590635.0,2641838599.25,0.029718875502007913,0.029718875502007913,0.029285828581807245,PASS,2026-05-13T13:31:06Z,D20260513.01
9618.HK,HK,equity,2025-07-21,132.3,132.8,130.3,130.9,128.2,20128298.0,2644973345.4,0.021060842433697546,0.021060842433697546,0.020842128429284776,PASS,2026-05-13T13:31:06Z,D20260513.01
9618.HK,HK,equity,2025-07-22,131.1,131.5,128.8,130.5,130.9,9942916.0,1293369109.7,-0.0030557677616501744,-0.0030557677616501744,-0.003060446153106205,PASS,2026-05-13T13:31:06Z,D20260513.01
9618.HK,HK,equity,2025-07-23,132.8,135.7,132.0,134.1,130.5,20208002.0,2700760525.8,0.02758620689655178,0.02758620689655178,0.027212563524884794,PASS,2026-05-13T13:31:06Z,D20260513.01
9618.HK,HK,equity,2025-07-24,134.1,135.3,132.9,133.3,134.1,15439519.0,2073507457.5,-0.005965697240864931,-0.005965697240864931,-0.0059835631029697585,PASS,2026-05-13T13:31:06Z,D20260513.01
9618.HK,HK,equity,2025-07-25,132.0,132.0,130.0,130.5,133.3,11216257.0,1466885616.1,-0.021005251312828266,-0.021005251312828266,-0.021229000421914945,PASS,2026-05-13T13:31:06Z,D20260513.01
9618.HK,HK,equity,2025-07-28,131.1,132.9,130.5,131.2,130.5,8050512.0,1059667470.9,0.005363984674329414,0.005363984674329414,0.005349649747240479,PASS,2026-05-13T13:31:06Z,D20260513.01
9618.HK,HK,equity,2025-07-29,130.4,130.8,128.6,130.4,131.2,8922156.0,1157227530.0,-0.0060975609756096505,-0.0060975609756096505,-0.0061162270174359825,PASS,2026-05-13T13:31:06Z,D20260513.01
9618.HK,HK,equity,2025-07-30,127.4,129.1,126.5,126.9,130.4,21601896.0,2757482325.805,-0.026840490797546024,-0.026840490797546024,-0.02720727477221061,PASS,2026-05-13T13:31:06Z,D20260513.01
9618.HK,HK,equity,2025-07-31,125.7,125.7,122.7,122.9,126.9,19773600.0,2443435245.95,-0.03152088258471242,-0.03152088258471242,-0.032028358148352885,PASS,2026-05-13T13:31:06Z,D20260513.01
9618.HK,HK,equity,2025-08-01,122.9,125.0,122.5,122.7,122.9,14724532.0,1821070463.69,-0.0016273393002441683,-0.0016273393002441683,-0.0016286648551234514,PASS,2026-05-13T13:31:06Z,D20260513.01
9618.HK,HK,equity,2025-08-04,121.8,123.3,121.3,123.0,122.7,10592054.0,1298049807.55,0.0024449877750611915,0.0024449877750611915,0.002442003655551809,PASS,2026-05-13T13:31:06Z,D20260513.01
9618.HK,HK,equity,2025-08-05,123.3,123.8,122.3,123.0,123.0,11862607.0,1457460716.36,0.0,0.0,0.0,PASS,2026-05-13T13:31:06Z,D20260513.01
9618.HK,HK,equity,2025-08-06,123.2,124.3,122.3,122.6,123.0,9200765.0,1132328093.15,-0.003252032520325243,-0.003252032520325243,-0.0032573318703065105,PASS,2026-05-13T13:31:06Z,D20260513.01
9618.HK,HK,equity,2025-08-07,123.8,125.7,122.9,124.7,122.6,13755622.0,1712233363.6,0.0171288743882545,0.0171288743882545,0.016983829183879754,PASS,2026-05-13T13:31:06Z,D20260513.01
9618.HK,HK,equity,2025-08-08,124.7,125.0,122.6,122.9,124.7,8428565.0,1040140790.3,-0.014434643143544479,-0.014434643143544479,-0.014539836114001602,PASS,2026-05-13T13:31:06Z,D20260513.01
9618.HK,HK,equity,2025-08-11,123.8,124.1,121.9,122.3,122.9,9121178.0,1119007972.1,-0.004882017900732394,-0.004882017900732394,-0.004893973878862558,PASS,2026-05-13T13:31:06Z,D20260513.01
9618.HK,HK,equity,2025-08-12,122.4,123.4,122.0,122.7,122.3,10202409.0,1250794767.85,0.003270645952575757,0.003270645952575757,0.0032653090237392047,PASS,2026-05-13T13:31:06Z,D20260513.01
9618.HK,HK,equity,2025-08-13,125.7,127.5,124.8,127.4,122.7,18061549.0,2284497966.1,0.03830480847595763,0.03830480847595763,0.03758939142119723,PASS,2026-05-13T13:31:06Z,D20260513.01
9618.HK,HK,equity,2025-08-14,127.1,127.5,125.0,125.1,127.4,12991544.0,1635311926.3,-0.018053375196232402,-0.018053375196232402,-0.018218325665197578,PASS,2026-05-13T13:31:06Z,D20260513.01
9618.HK,HK,equity,2025-08-15,122.6,123.5,119.5,120.8,125.1,28595222.0,3452176046.55,-0.03437250199840125,-0.03437250199840125,-0.034977131972150854,PASS,2026-05-13T13:31:06Z,D20260513.01
9618.HK,HK,equity,2025-08-18,122.8,126.5,122.7,124.0,120.8,21398654.0,2672618908.96,0.026490066225165476,0.026490066225165476,0.026145280104322207,PASS,2026-05-13T13:31:06Z,D20260513.01
9618.HK,HK,equity,2025-08-19,124.3,124.6,122.3,123.3,124.0,8995656.0,1108714029.15,-0.005645161290322553,-0.005645161290322553,-0.005661155434738223,PASS,2026-05-13T13:31:06Z,D20260513.01
9618.HK,HK,equity,2025-08-20,121.7,123.0,121.3,122.5,123.3,9547463.0,1166321611.4,-0.006488240064882356,-0.006488240064882356,-0.006509380185516894,PASS,2026-05-13T13:31:06Z,D20260513.01
9618.HK,HK,equity,2025-08-21,122.5,123.0,120.5,121.1,122.5,9957126.0,1208883641.0,-0.011428571428571455,-0.011428571428571455,-0.011494379425735134,PASS,2026-05-13T13:31:06Z,D20260513.01
9618.HK,HK,equity,2025-08-22,121.7,122.3,119.9,121.4,121.1,12883333.0,1555110613.15,0.0024772914946327163,0.0024772914946327163,0.0024742280663515004,PASS,2026-05-13T13:31:06Z,D20260513.01
9618.HK,HK,equity,2025-08-25,124.0,127.4,123.8,126.6,121.4,19884498.0,2509639651.75,0.04283360790774293,0.04283360790774293,0.04194163108467786,PASS,2026-05-13T13:31:06Z,D20260513.01
9618.HK,HK,equity,2025-08-26,125.2,126.8,124.0,124.4,126.6,11008444.0,1378174193.25,-0.017377567140600236,-0.017377567140600236,-0.017530329404996662,PASS,2026-05-13T13:31:06Z,D20260513.01
9618.HK,HK,equity,2025-08-27,124.4,125.4,120.6,121.3,124.4,18825418.0,2299455389.185,-0.024919614147909996,-0.024919614147909996,-0.02523536435507465,PASS,2026-05-13T13:31:06Z,D20260513.01
9618.HK,HK,equity,2025-08-28,120.0,120.6,114.8,115.2,121.3,29732078.0,3468608000.85,-0.05028854080791423,-0.05028854080791423,-0.051597067688213545,PASS,2026-05-13T13:31:06Z,D20260513.01
9618.HK,HK,equity,2025-08-29,117.1,119.5,116.8,117.8,115.2,19682921.0,2325278493.81,0.02256944444444442,0.02256944444444442,0.022318522955695443,PASS,2026-05-13T13:31:06Z,D20260513.01
9618.HK,HK,equity,2025-09-01,120.5,122.3,120.5,121.4,117.8,17495761.0,2124118226.45,0.03056027164685915,0.03056027164685915,0.03010260740791162,PASS,2026-05-13T13:31:06Z,D20260513.01
9618.HK,HK,equity,2025-09-02,121.0,121.7,119.1,119.6,121.4,10962410.0,1316384015.1,-0.014827018121911117,-0.014827018121911117,-0.014938037108866606,PASS,2026-05-13T13:31:06Z,D20260513.01
9618.HK,HK,equity,2025-09-03,122.8,123.9,119.9,120.7,119.6,14607782.0,1774687678.875,0.00919732441471588,0.00919732441471588,0.009155286586954615,PASS,2026-05-13T13:31:06Z,D20260513.01
9618.HK,HK,equity,2025-09-04,122.7,122.7,119.6,119.8,120.7,11194250.0,1350660995.6,-0.0074565037282519064,-0.0074565037282519064,-0.007484442422136886,PASS,2026-05-13T13:31:06Z,D20260513.01
9618.HK,HK,equity,2025-09-05,121.1,122.5,120.6,122.1,119.8,20382243.0,2484683541.55,0.01919866444073448,0.01919866444073448,0.019016695435309948,PASS,2026-05-13T13:31:06Z,D20260513.01
9618.HK,HK,equity,2025-09-08,122.2,123.8,121.9,123.4,122.1,10859107.0,1334691249.65,0.01064701064701068,0.01064701064701068,0.010590730354628475,PASS,2026-05-13T13:31:06Z,D20260513.01
9618.HK,HK,equity,2025-09-09,126.8,127.9,126.0,127.5,123.4,20087889.0,2552496983.4,0.03322528363047006,0.03322528363047006,0.03268525312719344,PASS,2026-05-13T13:31:06Z,D20260513.01
9618.HK,HK,equity,2025-09-10,131.1,135.2,129.0,132.1,127.5,34449535.0,4568669276.3,0.03607843137254907,0.03607843137254907,0.03544284692979885,PASS,2026-05-13T13:31:06Z,D20260513.01
9618.HK,HK,equity,2025-09-11,130.6,131.2,128.8,129.8,132.1,12959216.0,1682995139.5,-0.017411052233156532,-0.017411052233156532,-0.017564407258289845,PASS,2026-05-13T13:31:06Z,D20260513.01
9618.HK,HK,equity,2025-09-12,134.3,134.9,131.3,131.7,129.8,19492410.0,2588657321.6,0.014637904468412843,0.014637904468412843,0.014531804479245639,PASS,2026-05-13T13:31:06Z,D20260513.01
9618.HK,HK,equity,2025-09-15,131.7,134.7,130.7,131.7,131.7,12845549.0,1698937637.3,0.0,0.0,0.0,PASS,2026-05-13T13:31:06Z,D20260513.01
9618.HK,HK,equity,2025-09-16,130.8,131.1,129.1,130.0,131.7,13469755.0,1751347967.75,-0.012908124525436548,-0.012908124525436548,-0.012992158293652887,PASS,2026-05-13T13:31:06Z,D20260513.01
9618.HK,HK,equity,2025-09-17,134.0,138.4,133.7,136.7,130.0,30635965.0,4183277239.7,0.05153846153846153,0.05153846153846153,0.05025429327432145,PASS,2026-05-13T13:31:06Z,D20260513.01
9618.HK,HK,equity,2025-09-18,136.2,138.5,133.1,134.3,136.7,19037627.0,2584721796.57,-0.017556693489392705,-0.017556693489392705,-0.01771264020071186,PASS,2026-05-13T13:31:06Z,D20260513.01
9618.HK,HK,equity,2025-09-19,137.1,139.6,136.2,138.8,134.3,22881305.0,3168662182.8,0.033507073715562274,0.033507073715562274,0.032957944543512335,PASS,2026-05-13T13:31:06Z,D20260513.01
9618.HK,HK,equity,2025-09-22,138.0,138.0,133.5,134.2,138.8,15017762.0,2023944166.935,-0.03314121037463991,-0.03314121037463991,-0.03370282353512285,PASS,2026-05-13T13:31:06Z,D20260513.01
9618.HK,HK,equity,2025-09-23,132.6,133.0,126.5,128.3,134.2,24681900.0,3173258197.6,-0.04396423248882253,-0.04396423248882253,-0.044959952915990545,PASS,2026-05-13T13:31:06Z,D20260513.01
9618.HK,HK,equity,2025-09-24,128.5,133.0,128.2,133.0,128.3,14883510.0,1955605019.6,0.036632891660171474,0.036632891660171474,0.03597785660016302,PASS,2026-05-13T13:31:06Z,D20260513.01
9618.HK,HK,equity,2025-09-25,135.5,142.6,134.4,137.6,133.0,33321172.0,4615505375.6,0.03458646616541339,0.03458646616541339,0.03400179727748938,PASS,2026-05-13T13:31:06Z,D20260513.01
9618.HK,HK,equity,2025-09-26,135.4,136.0,132.2,132.5,137.6,14308826.0,1917483727.73,-0.0370639534883721,-0.0370639534883721,-0.0377682800729664,PASS,2026-05-13T13:31:06Z,D20260513.01
9618.HK,HK,equity,2025-09-29,134.5,137.0,134.5,136.6,132.5,16670663.0,2270037558.35,0.030943396226414954,0.030943396226414954,0.030474301710412655,PASS,2026-05-13T13:31:06Z,D20260513.01
9618.HK,HK,equity,2025-09-30,137.7,138.7,135.9,138.5,136.6,13386682.0,1840704317.55,0.013909224011713128,0.013909224011713128,0.013813378490703599,PASS,2026-05-13T13:31:06Z,D20260513.01
9618.HK,HK,equity,2025-10-02,141.3,143.8,140.5,142.8,138.5,20985894.0,2988368373.1,0.031046931407942235,0.031046931407942235,0.03057472427809082,PASS,2026-05-13T13:31:06Z,D20260513.01
9618.HK,HK,equity,2025-10-03,140.2,141.0,138.3,140.2,142.8,11171880.0,1558905539.12,-0.018207282913165423,-0.018207282913165423,-0.018375075304994454,PASS,2026-05-13T13:31:06Z,D20260513.01
9618.HK,HK,equity,2025-10-06,138.0,139.3,136.5,137.2,140.2,8349301.0,1146864494.95,-0.021398002853067033,-0.021398002853067033,-0.021630259308704852,PASS,2026-05-13T13:31:06Z,D20260513.01
9618.HK,HK,equity,2025-10-08,136.5,136.6,133.0,135.6,137.2,11829547.0,1590702803.85,-0.011661807580174877,-0.011661807580174877,-0.011730339785489605,PASS,2026-05-13T13:31:06Z,D20260513.01
9618.HK,HK,equity,2025-10-09,137.0,137.2,133.7,135.7,135.6,10087126.0,1369167966.854,0.0007374631268435294,0.0007374631268435294,0.0007371913345281344,PASS,2026-05-13T13:31:06Z,D20260513.01
9618.HK,HK,equity,2025-10-10,132.7,134.0,131.6,131.8,135.7,14114743.0,1870877947.7,-0.028739867354458215,-0.028739867354458215,-0.02916094477241646,PASS,2026-05-13T13:31:06Z,D20260513.01
9618.HK,HK,equity,2025-10-13,127.8,128.5,123.3,127.0,131.8,26684816.0,3368299126.7,-0.036418816388467445,-0.036418816388467445,-0.037098535609815644,PASS,2026-05-13T13:31:06Z,D20260513.01
9618.HK,HK,equity,2025-10-14,129.0,131.0,125.8,126.4,127.0,17562863.0,2247520727.3,-0.0047244094488188,-0.0047244094488188,-0.004735604745834127,PASS,2026-05-13T13:31:06Z,D20260513.01
9618.HK,HK,equity,2025-10-15,129.1,129.8,127.5,129.0,126.4,12781596.0,1644393039.5,0.020569620253164445,0.020569620253164445,0.020360922648914957,PASS,2026-05-13T13:31:06Z,D20260513.01
9618.HK,HK,equity,2025-10-16,128.4,129.4,126.7,128.1,129.0,10389455.0,1329524911.235,-0.006976744186046546,-0.006976744186046546,-0.007001195458983588,PASS,2026-05-13T13:31:06Z,D20260513.01
9618.HK,HK,equity,2025-10-17,127.5,127.7,123.3,124.1,128.1,12926726.0,1612017423.35,-0.031225604996096834,-0.031225604996096834,-0.03172351669212707,PASS,2026-05-13T13:31:06Z,D20260513.01
9618.HK,HK,equity,2025-10-20,130.4,130.4,127.1,127.8,124.1,10271485.0,1315404649.4,0.029814665592264422,0.029814665592264422,0.02937884973287302,PASS,2026-05-13T13:31:06Z,D20260513.01
9618.HK,HK,equity,2025-10-21,130.1,130.4,128.3,128.6,127.8,9595574.0,1239763501.15,0.0062597809076681,0.0062597809076681,0.006240269860084452,PASS,2026-05-13T13:31:06Z,D20260513.01
9618.HK,HK,equity,2025-10-22,127.6,128.3,126.1,126.8,128.6,7253676.0,922613513.32,-0.013996889580093264,-0.013996889580093264,-0.014095769800393414,PASS,2026-05-13T13:31:06Z,D20260513.01
9618.HK,HK,equity,2025-10-23,126.2,130.9,125.4,128.7,126.8,8345895.0,1069137233.85,0.014984227129337446,0.014984227129337446,0.014873072598955338,PASS,2026-05-13T13:31:06Z,D20260513.01
9618.HK,HK,equity,2025-10-24,129.7,129.9,127.5,128.8,128.7,8445281.0,1085186980.81,0.0007770007770009357,0.0007770007770009357,0.0007766990681724199,PASS,2026-05-13T13:31:06Z,D20260513.01
9618.HK,HK,equity,2025-10-27,131.0,132.6,130.0,131.8,128.8,8853659.0,1165434727.63,0.02329192546583858,0.02329192546583858,0.023024808398153674,PASS,2026-05-13T13:31:06Z,D20260513.01
9618.HK,HK,equity,2025-10-28,132.9,133.6,130.1,130.8,131.8,6600492.0,866180753.5,-0.007587253414264028,-0.007587253414264028,-0.00761618304530851,PASS,2026-05-13T13:31:06Z,D20260513.01
9618.HK,HK,equity,2025-10-30,133.6,134.8,129.9,130.9,130.8,14423687.0,1905372573.5,0.000764525993883769,0.000764525993883769,0.0007642338927558957,PASS,2026-05-13T13:31:06Z,D20260513.01
9618.HK,HK,equity,2025-10-31,129.9,130.6,127.6,127.6,130.9,6989903.0,897739699.7,-0.025210084033613578,-0.025210084033613578,-0.025533302005164876,PASS,2026-05-13T13:31:06Z,D20260513.01
9618.HK,HK,equity,2025-11-03,128.4,128.9,126.5,127.2,127.6,5362005.0,684109384.1,-0.0031347962382444194,-0.0031347962382444194,-0.003139720004667641,PASS,2026-05-13T13:31:06Z,D20260513.01
9618.HK,HK,equity,2025-11-04,126.3,126.8,123.3,123.4,127.2,10856773.0,1353043392.25,-0.029874213836477925,-0.029874213836477925,-0.030329539434734265,PASS,2026-05-13T13:31:06Z,D20260513.01
9618.HK,HK,equity,2025-11-05,121.8,123.6,120.2,122.8,123.4,12199635.0,1491591271.14,-0.004862236628849326,-0.004862236628849326,-0.004874095758245407,PASS,2026-05-13T13:31:06Z,D20260513.01
9618.HK,HK,equity,2025-11-06,123.8,127.3,123.6,126.9,122.8,9247285.0,1164532904.9,0.03338762214983726,0.03338762214983726,0.03284235900730001,PASS,2026-05-13T13:31:06Z,D20260513.01
9618.HK,HK,equity,2025-11-07,124.2,125.1,123.3,124.0,126.9,7019975.0,870775895.55,-0.022852639873916503,-0.022852639873916503,-0.023117809115305147,PASS,2026-05-13T13:31:06Z,D20260513.01
9618.HK,HK,equity,2025-11-10,123.9,124.8,122.8,124.5,124.0,7528870.0,933194473.95,0.0040322580645162365,0.0040322580645162365,0.004024150299725548,PASS,2026-05-13T13:31:06Z,D20260513.01
9618.HK,HK,equity,2025-11-11,122.1,123.2,121.3,123.1,124.5,10012848.0,1223081015.1,-0.011244979919678766,-0.011244979919678766,-0.01130868271435453,PASS,2026-05-13T13:31:06Z,D20260513.01
9618.HK,HK,equity,2025-11-12,123.2,125.3,122.8,124.7,123.1,9102999.0,1133738562.4,0.012997562956945652,0.012997562956945652,0.012913819495583019,PASS,2026-05-13T13:31:06Z,D20260513.01
9618.HK,HK,equity,2025-11-13,121.5,125.5,121.0,124.4,124.7,12092692.0,1488868504.4,-0.002405773857257376,-0.002405773857257376,-0.0024086723809116557,PASS,2026-05-13T13:31:06Z,D20260513.01
9618.HK,HK,equity,2025-11-14,120.7,121.1,116.5,116.9,124.4,27150506.0,3204614985.9,-0.060289389067524124,-0.060289389067524124,-0.06218331182705635,PASS,2026-05-13T13:31:06Z,D20260513.01
9618.HK,HK,equity,2025-11-17,115.9,116.6,114.4,115.4,116.9,14026491.0,1618132427.65,-0.01283147989734812,-0.01283147989734812,-0.012914514404023499,PASS,2026-05-13T13:31:06Z,D20260513.01
9618.HK,HK,equity,2025-11-18,114.6,115.7,114.1,114.3,115.4,11826634.0,1354766885.0,-0.00953206239168114,-0.00953206239168114,-0.009577783273234245,PASS,2026-05-13T13:31:06Z,D20260513.01
9618.HK,HK,equity,2025-11-19,114.5,114.7,113.1,113.5,114.3,9909252.0,1127750729.6,-0.006999125109361293,-0.006999125109361293,-0.0070237338793075685,PASS,2026-05-13T13:31:06Z,D20260513.01
9618.HK,HK,equity,2025-11-20,113.5,114.8,112.9,113.5,113.5,13266682.0,1506736070.04,0.0,0.0,0.0,PASS,2026-05-13T13:31:06Z,D20260513.01
9618.HK,HK,equity,2025-11-21,110.8,112.2,110.1,110.3,113.5,16209520.0,1798858811.2,-0.028193832599119006,-0.028193832599119006,-0.028598910662000643,PASS,2026-05-13T13:31:06Z,D20260513.01
9618.HK,HK,equity,2025-11-24,112.0,113.5,111.2,112.4,110.3,21419215.0,2409293238.15,0.01903898458748876,0.01903898458748876,0.018860011200134006,PASS,2026-05-13T13:31:06Z,D20260513.01
9618.HK,HK,equity,2025-11-25,112.5,112.9,111.3,112.4,112.4,15067944.0,1689976473.185,0.0,0.0,0.0,PASS,2026-05-13T13:31:06Z,D20260513.01
9618.HK,HK,equity,2025-11-26,112.8,115.6,112.7,114.8,112.4,13777502.0,1580335207.6,0.021352313167259718,0.021352313167259718,0.021127546425875277,PASS,2026-05-13T13:31:06Z,D20260513.01
9618.HK,HK,equity,2025-11-27,114.7,117.8,114.6,116.2,114.8,11080169.0,1290773197.65,0.012195121951219523,0.012195121951219523,0.01212136053234482,PASS,2026-05-13T13:31:06Z,D20260513.01
9618.HK,HK,equity,2025-11-28,116.8,117.6,116.2,116.5,116.2,9249406.0,1081722928.3,0.002581755593803692,0.002581755593803692,0.002578428587944307,PASS,2026-05-13T13:31:06Z,D20260513.01
9618.HK,HK,equity,2025-12-01,115.7,118.1,115.5,117.1,116.5,9511983.0,1114126080.75,0.0051502145922746045,0.0051502145922746045,0.005136997597916328,PASS,2026-05-13T13:31:06Z,D20260513.01
9618.HK,HK,equity,2025-12-02,117.1,117.4,115.8,116.0,117.1,7615396.0,885453208.85,-0.009393680614859012,-0.009393680614859012,-0.009438079497306929,PASS,2026-05-13T13:31:06Z,D20260513.01
9618.HK,HK,equity,2025-12-03,115.6,116.3,115.2,115.5,116.0,7859439.0,908647208.75,-0.004310344827586188,-0.004310344827586188,-0.004319661144516396,PASS,2026-05-13T13:31:06Z,D20260513.01
9618.HK,HK,equity,2025-12-04,116.2,116.9,114.5,116.1,115.5,8972978.0,1037826693.5,0.0051948051948051965,0.0051948051948051965,0.0051813587419975845,PASS,2026-05-13T13:31:06Z,D20260513.01
9618.HK,HK,equity,2025-12-05,115.0,117.7,114.4,117.0,116.1,14790746.0,1724892637.07,0.007751937984496138,0.007751937984496138,0.0077220460939103185,PASS,2026-05-13T13:31:06Z,D20260513.01
9618.HK,HK,equity,2025-12-08,117.3,118.2,116.0,116.2,117.0,6310171.0,736782568.15,-0.006837606837606813,-0.006837606837606813,-0.0068610903799452404,PASS,2026-05-13T13:31:06Z,D20260513.01
9618.HK,HK,equity,2025-12-09,116.4,116.9,114.8,114.9,116.2,9213992.0,1064506660.3,-0.011187607573149738,-0.011187607573149738,-0.011250659563100854,PASS,2026-05-13T13:31:06Z,D20260513.01
9618.HK,HK,equity,2025-12-10,114.3,115.4,113.5,114.8,114.9,8796504.0,1007522304.5,-0.0008703220191471628,-0.0008703220191471628,-0.000870700969244032,PASS,2026-05-13T13:31:06Z,D20260513.01
9618.HK,HK,equity,2025-12-11,114.8,115.5,113.8,114.3,114.8,4875060.0,557756696.7,-0.004355400696864131,-0.004355400696864131,-0.004364913084701091,PASS,2026-05-13T13:31:06Z,D20260513.01
9618.HK,HK,equity,2025-12-12,115.1,116.2,114.7,115.6,114.3,14246121.0,1644760361.75,0.01137357830271224,0.01137357830271224,0.011309385437512202,PASS,2026-05-13T13:31:06Z,D20260513.01
9618.HK,HK,equity,2025-12-15,114.9,115.0,113.5,113.5,115.6,8616416.0,982815454.85,-0.018166089965397925,-0.018166089965397925,-0.018333119316819732,PASS,2026-05-13T13:31:06Z,D20260513.01
9618.HK,HK,equity,2025-12-16,113.2,113.2,109.9,110.9,113.5,11148958.0,1235464797.05,-0.022907488986784075,-0.022907488986784075,-0.023173942565135948,PASS,2026-05-13T13:31:06Z,D20260513.01
9618.HK,HK,equity,2025-12-17,111.4,112.6,111.0,112.3,110.9,10265864.0,1149332349.63,0.012623985572587815,0.012623985572587815,0.012544967388076044,PASS,2026-05-13T13:31:06Z,D20260513.01
9618.HK,HK,equity,2025-12-18,111.4,112.8,111.0,112.2,112.3,4946925.0,554169335.25,-0.0008904719501334757,-0.0008904719501334757,-0.0008908686558014602,PASS,2026-05-13T13:31:06Z,D20260513.01
9618.HK,HK,equity,2025-12-19,113.0,113.1,111.1,111.3,112.2,12601344.0,1406183973.5,-0.008021390374331583,-0.008021390374331583,-0.008053734807096827,PASS,2026-05-13T13:31:06Z,D20260513.01
9618.HK,HK,equity,2025-12-22,111.4,112.6,111.4,112.3,111.3,7906246.0,885675417.7,0.008984725965857976,0.008984725965857976,0.008944603462898285,PASS,2026-05-13T13:31:06Z,D20260513.01
9618.HK,HK,equity,2025-12-23,112.7,113.6,112.4,112.8,112.3,5676788.0,641126954.75,0.0044523597506678225,0.0044523597506678225,0.004442477319560994,PASS,2026-05-13T13:31:06Z,D20260513.01
9618.HK,HK,equity,2025-12-24,112.6,113.3,112.4,112.8,112.8,2404081.0,271313356.5,0.0,0.0,0.0,PASS,2026-05-13T13:31:06Z,D20260513.01
9618.HK,HK,equity,2025-12-29,113.4,114.5,111.8,112.0,112.8,8879485.0,1004020680.5,-0.007092198581560294,-0.007092198581560294,-0.0071174677688639896,PASS,2026-05-13T13:31:06Z,D20260513.01
9618.HK,HK,equity,2025-12-30,112.9,114.3,112.5,113.6,112.0,9386468.0,1065519396.965,0.014285714285714235,0.014285714285714235,0.014184634991956381,PASS,2026-05-13T13:31:06Z,D20260513.01
9618.HK,HK,equity,2025-12-31,112.1,112.1,110.8,111.6,113.6,6236210.0,695042921.8,-0.017605633802816878,-0.017605633802816878,-0.017762456339840388,PASS,2026-05-13T13:31:06Z,D20260513.01
9618.HK,HK,equity,2026-01-02,112.3,115.6,112.3,115.1,111.6,8695252.0,998022018.85,0.03136200716845883,0.03136200716845883,0.030880265780626442,PASS,2026-05-13T13:31:06Z,D20260513.01
9618.HK,HK,equity,2026-01-05,114.8,115.2,113.0,113.7,115.1,10453025.0,1189786050.065,-0.012163336229365718,-0.012163336229365718,-0.012237914971346553,PASS,2026-05-13T13:31:06Z,D20260513.01
9618.HK,HK,equity,2026-01-06,115.0,117.1,114.5,115.5,113.7,11779827.0,1366079630.21,0.0158311345646438,0.0158311345646438,0.015707129205357877,PASS,2026-05-13T13:31:06Z,D20260513.01
9618.HK,HK,equity,2026-01-07,115.9,116.2,113.3,114.0,115.5,11518144.0,1314726610.75,-0.012987012987012991,-0.012987012987012991,-0.013072081567352775,PASS,2026-05-13T13:31:06Z,D20260513.01
9618.HK,HK,equity,2026-01-08,113.1,113.1,111.0,111.7,114.0,13487302.0,1507748415.15,-0.02017543859649118,-0.02017543859649118,-0.020381742319340385,PASS,2026-05-13T13:31:06Z,D20260513.01
9618.HK,HK,equity,2026-01-09,115.4,116.6,114.4,114.6,111.7,13812469.0,1589993561.58,0.025962399283795845,0.025962399283795845,0.025631098205484128,PASS,2026-05-13T13:31:06Z,D20260513.01
9618.HK,HK,equity,2026-01-12,115.6,117.5,114.3,116.9,114.6,10290561.0,1198615239.5,0.020069808027923353,0.020069808027923353,0.019871064197383676,PASS,2026-05-13T13:31:06Z,D20260513.01
9618.HK,HK,equity,2026-01-13,119.3,120.4,116.9,117.4,116.9,12940625.0,1532083248.45,0.004277159965782706,0.004277159965782706,0.004268038915973332,PASS,2026-05-13T13:31:06Z,D20260513.01
9618.HK,HK,equity,2026-01-14,116.4,117.4,114.8,115.9,117.4,12998960.0,1507737953.95,-0.01277683134582619,-0.01277683134582619,-0.012859157048290003,PASS,2026-05-13T13:31:06Z,D20260513.01
9618.HK,HK,equity,2026-01-15,116.2,116.8,114.5,115.1,115.9,7960677.0,918543198.85,-0.006902502157032031,-0.006902502157032031,-0.006926434617869173,PASS,2026-05-13T13:31:06Z,D20260513.01
9618.HK,HK,equity,2026-01-16,114.5,115.5,113.1,113.6,115.1,10580579.0,1203247872.5,-0.013032145960034769,-0.013032145960034769,-0.013117809440786,PASS,2026-05-13T13:31:06Z,D20260513.01
9618.HK,HK,equity,2026-01-19,113.0,113.1,111.9,112.3,113.6,6024636.0,677240053.625,-0.011443661971830998,-0.011443661971830998,-0.011509644542653491,PASS,2026-05-13T13:31:06Z,D20260513.01
9618.HK,HK,equity,2026-01-20,112.2,113.8,111.7,112.4,112.3,8737424.0,985303312.641,0.0008904719501336977,0.0008904719501336977,0.0008900757151933303,PASS,2026-05-13T13:31:06Z,D20260513.01
9618.HK,HK,equity,2026-01-21,112.0,113.6,111.8,112.8,112.4,10226076.0,1151117742.65,0.003558718861209842,0.003558718861209842,0.0035524016043677006,PASS,2026-05-13T13:31:06Z,D20260513.01
9618.HK,HK,equity,2026-01-22,113.9,114.6,112.7,113.9,112.8,8256681.0,937425236.665,0.009751773049645474,0.009751773049645474,0.009704531389178017,PASS,2026-05-13T13:31:06Z,D20260513.01
9618.HK,HK,equity,2026-01-23,116.9,117.3,114.8,114.8,113.9,9828732.0,1134465663.425,0.007901668129938422,0.007901668129938422,0.007870613432329468,PASS,2026-05-13T13:31:06Z,D20260513.01
9618.HK,HK,equity,2026-01-26,116.0,116.5,114.6,116.0,114.8,10532195.0,1219459572.65,0.010452961672473782,0.010452961672473782,0.010398707220898517,PASS,2026-05-13T13:31:06Z,D20260513.01
9618.HK,HK,equity,2026-01-27,115.8,115.9,112.7,113.5,116.0,14654490.0,1669128526.15,-0.02155172413793105,-0.02155172413793105,-0.021787354184907296,PASS,2026-05-13T13:31:06Z,D20260513.01
9618.HK,HK,equity,2026-01-28,115.2,116.4,113.5,116.3,113.5,15557923.0,1793914507.3,0.02466960352422909,0.02466960352422909,0.02437022260316139,PASS,2026-05-13T13:31:06Z,D20260513.01
9618.HK,HK,equity,2026-01-29,113.6,115.0,113.5,114.6,116.3,14861889.0,1698487944.9,-0.014617368873602765,-0.014617368873602765,-0.014725255243979565,PASS,2026-05-13T13:31:06Z,D20260513.01
9618.HK,HK,equity,2026-01-30,113.7,114.2,112.2,112.4,114.6,15632455.0,1762696888.5,-0.019197207678883,-0.019197207678883,-0.019383866821048416,PASS,2026-05-13T13:31:06Z,D20260513.01
9618.HK,HK,equity,2026-02-02,112.0,112.7,109.5,110.5,112.4,13829763.0,1530457182.15,-0.01690391459074736,-0.01690391459074736,-0.017048416501783223,PASS,2026-05-13T13:31:06Z,D20260513.01
9618.HK,HK,equity,2026-02-03,111.1,111.9,107.8,109.7,110.5,10698271.0,1175451194.2,-0.007239819004524861,-0.007239819004524861,-0.007266153676622919,PASS,2026-05-13T13:31:06Z,D20260513.01
9618.HK,HK,equity,2026-02-04,109.5,109.8,107.6,107.9,109.7,13178141.0,1427606503.95,-0.016408386508659945,-0.016408386508659945,-0.01654449501709555,PASS,2026-05-13T13:31:06Z,D20260513.01
9618.HK,HK,equity,2026-02-05,106.3,109.2,105.9,108.8,107.9,14545393.0,1568428032.07,0.008341056533827551,0.008341056533827551,0.00830646215775321,PASS,2026-05-13T13:31:06Z,D20260513.01
9618.HK,HK,equity,2026-02-06,106.2,107.3,106.0,106.9,108.8,13305426.0,1419387026.2,-0.01746323529411753,-0.01746323529411753,-0.01761751639084259,PASS,2026-05-13T13:31:06Z,D20260513.01
9618.HK,HK,equity,2026-02-09,109.8,110.1,107.9,107.9,106.9,7827278.0,848602061.95,0.009354536950420878,0.009354536950420878,0.009311054233089358,PASS,2026-05-13T13:31:06Z,D20260513.01
9618.HK,HK,equity,2026-02-10,109.2,110.8,108.7,110.0,107.9,11390711.0,1254070537.72,0.019462465245597693,0.019462465245597693,0.01927549352832717,PASS,2026-05-13T13:31:06Z,D20260513.01
9618.HK,HK,equity,2026-02-11,111.0,111.3,109.6,109.8,110.0,6850343.0,755532322.5,-0.0018181818181818299,-0.0018181818181818299,-0.0018198367169859828,PASS,2026-05-13T13:31:06Z,D20260513.01
9618.HK,HK,equity,2026-02-12,109.9,110.3,108.1,108.4,109.8,7935520.0,861481782.75,-0.012750455373406133,-0.012750455373406133,-0.012832440069884361,PASS,2026-05-13T13:31:06Z,D20260513.01
9618.HK,HK,equity,2026-02-13,107.1,107.6,105.0,106.4,108.4,13708742.0,1456229473.8,-0.01845018450184499,-0.01845018450184499,-0.0186225120980018,PASS,2026-05-13T13:31:06Z,D20260513.01
9618.HK,HK,equity,2026-02-16,105.5,106.3,103.2,105.9,106.4,9123926.0,954454029.9,-0.0046992481203007586,-0.0046992481203007586,-0.004710324300183241,PASS,2026-05-13T13:31:06Z,D20260513.01
9618.HK,HK,equity,2026-02-20,105.1,106.1,103.6,103.8,105.9,8122746.0,847763802.0,-0.019830028328612026,-0.019830028328612026,-0.02002928187557264,PASS,2026-05-13T13:31:06Z,D20260513.01
9618.HK,HK,equity,2026-02-23,106.0,109.4,105.9,107.5,103.8,10400125.0,1123405546.6,0.035645472061657024,0.035645472061657024,0.03502487683592922,PASS,2026-05-13T13:31:06Z,D20260513.01
9618.HK,HK,equity,2026-02-24,106.9,107.8,105.3,106.3,107.5,11228354.0,1199277201.0,-0.011162790697674452,-0.011162790697674452,-0.011225562219815279,PASS,2026-05-13T13:31:06Z,D20260513.01
9618.HK,HK,equity,2026-02-25,107.4,108.1,106.3,106.8,106.3,11752769.0,1257284513.1,0.00470366886171214,0.00470366886171214,0.004692641178192225,PASS,2026-05-13T13:31:06Z,D20260513.01
9618.HK,HK,equity,2026-02-26,107.3,107.7,103.9,104.0,106.8,14245518.0,1490067313.25,-0.02621722846441943,-0.02621722846441943,-0.02656702738472175,PASS,2026-05-13T13:31:06Z,D20260513.01
9618.HK,HK,equity,2026-02-27,105.0,105.4,104.0,104.4,104.0,11576972.0,1209808940.5,0.0038461538461538325,0.0038461538461538325,0.003838776307165667,PASS,2026-05-13T13:31:06Z,D20260513.01
9618.HK,HK,equity,2026-03-02,102.9,103.0,100.4,101.3,104.4,15724548.0,1594895565.2,-0.029693486590038343,-0.029693486590038343,-0.030143264193900676,PASS,2026-05-13T13:31:06Z,D20260513.01
9618.HK,HK,equity,2026-03-03,102.1,103.4,100.2,100.4,101.3,16960919.0,1719629050.9,-0.008884501480750151,-0.008884501480750151,-0.008924203997008778,PASS,2026-05-13T13:31:06Z,D20260513.01
9618.HK,HK,equity,2026-03-04,99.3,99.45,95.9,98.0,100.4,23737725.0,2311199735.24,-0.02390438247011961,-0.02390438247011961,-0.024194728587056992,PASS,2026-05-13T13:31:06Z,D20260513.01
9618.HK,HK,equity,2026-03-05,98.95,99.5,96.65,96.95,98.0,18033650.0,1759491556.35,-0.010714285714285676,-0.010714285714285676,-0.01077209698191107,PASS,2026-05-13T13:31:06Z,D20260513.01
9618.HK,HK,equity,2026-03-06,98.5,106.6,98.5,106.6,96.95,48151193.0,5062004383.73,0.09953584321815367,0.09953584321815367,0.09488813004308334,PASS,2026-05-13T13:31:06Z,D20260513.01
9618.HK,HK,equity,2026-03-09,102.6,105.8,102.3,105.5,106.6,23771929.0,2496541882.4,-0.010318949343339545,-0.010318949343339545,-0.010372558815622936,PASS,2026-05-13T13:31:06Z,D20260513.01
9618.HK,HK,equity,2026-03-10,107.6,108.7,106.7,108.5,105.5,13555673.0,1464729109.15,0.028436018957346043,0.028436018957346043,0.028039220064393126,PASS,2026-05-13T13:31:06Z,D20260513.01
9618.HK,HK,equity,2026-03-11,109.0,110.5,108.0,108.6,108.5,8840612.0,961189708.95,0.0009216589861751334,0.0009216589861751334,0.0009212345193208402,PASS,2026-05-13T13:31:06Z,D20260513.01
9618.HK,HK,equity,2026-03-12,108.9,110.6,108.3,109.5,108.6,8770540.0,959326729.54,0.008287292817679592,0.008287292817679592,0.008253141756720482,PASS,2026-05-13T13:31:06Z,D20260513.01
9618.HK,HK,equity,2026-03-13,109.5,111.8,109.0,109.6,109.5,9895902.0,1092952342.6,0.0009132420091324533,0.0009132420091324533,0.0009128252573596817,PASS,2026-05-13T13:31:06Z,D20260513.01
9618.HK,HK,equity,2026-03-16,111.0,112.2,110.6,111.5,109.6,9999042.0,1115363176.2,0.017335766423357768,0.017335766423357768,0.01718721638625839,PASS,2026-05-13T13:31:06Z,D20260513.01
9618.HK,HK,equity,2026-03-17,111.8,113.6,111.6,112.1,111.5,7665981.0,861718185.15,0.0053811659192823935,0.0053811659192823935,0.00536673917794066,PASS,2026-05-13T13:31:06Z,D20260513.01
9618.HK,HK,equity,2026-03-18,112.3,114.0,111.7,112.8,112.1,7938873.0,895902121.2,0.006244424620874156,0.006244424620874156,0.006225008985844233,PASS,2026-05-13T13:31:06Z,D20260513.01
9618.HK,HK,equity,2026-03-19,110.0,112.1,110.0,110.7,112.8,9831672.0,1090548119.985,-0.018617021276595702,-0.018617021276595702,-0.018792499349367286,PASS,2026-05-13T13:31:06Z,D20260513.01
9618.HK,HK,equity,2026-03-20,108.4,110.0,106.2,108.6,110.7,21697532.0,2342630880.3,-0.018970189701897122,-0.018970189701897122,-0.019152432214756234,PASS,2026-05-13T13:31:06Z,D20260513.01
9618.HK,HK,equity,2026-03-23,106.5,106.7,103.5,105.1,108.6,19055693.0,2009341044.1,-0.0322283609576427,-0.0322283609576427,-0.032759129616929596,PASS,2026-05-13T13:31:06Z,D20260513.01
9618.HK,HK,equity,2026-03-24,105.9,107.6,104.5,107.2,105.1,8148970.0,867558993.6,0.019980970504281714,0.019980970504281714,0.01978397075379625,PASS,2026-05-13T13:31:06Z,D20260513.01
9618.HK,HK,equity,2026-03-25,108.3,113.3,107.8,112.4,107.2,18278547.0,2030145173.28,0.04850746268656714,0.04850746268656714,0.04736768882288906,PASS,2026-05-13T13:31:06Z,D20260513.01
9618.HK,HK,equity,2026-03-26,115.2,116.3,113.0,113.6,112.4,17228223.0,1967389654.32,0.010676156583629748,0.010676156583629748,0.010619568827460131,PASS,2026-05-13T13:31:06Z,D20260513.01
9618.HK,HK,equity,2026-03-27,114.0,115.7,113.7,113.7,113.6,10465238.0,1197850754.2,0.0008802816901409827,0.0008802816901409827,0.0008798944694395177,PASS,2026-05-13T13:31:06Z,D20260513.01
9618.HK,HK,equity,2026-03-30,110.3,114.3,110.3,113.0,113.7,13019171.0,1468717461.3,-0.006156552330694787,-0.006156552330694787,-0.006175582044149763,PASS,2026-05-13T13:31:06Z,D20260513.01
9618.HK,HK,equity,2026-03-31,113.6,115.0,111.9,113.2,113.0,10114180.0,1143341813.02,0.001769911504424737,0.001769911504424737,0.0017683470567419492,PASS,2026-05-13T13:31:06Z,D20260513.01
9618.HK,HK,equity,2026-04-01,114.4,115.5,112.7,112.9,113.2,8581179.0,973529193.85,-0.0026501766784452485,-0.0026501766784452485,-0.002653694613466245,PASS,2026-05-13T13:31:06Z,D20260513.01
9618.HK,HK,equity,2026-04-02,112.2,112.8,110.7,111.9,112.9,8000443.0,892222650.4,-0.008857395925597866,-0.008857395925597866,-0.008896855837736776,PASS,2026-05-13T13:31:06Z,D20260513.01
9618.HK,HK,equity,2026-04-08,111.1,112.3,109.6,111.9,107.982,14245698.0,1584869497.95,0.036283825081958154,0.036283825081958154,0.03564106875075886,PASS,2026-05-13T13:31:06Z,D20260513.01
9618.HK,HK,equity,2026-04-09,110.0,112.5,109.9,111.7,111.9,11053570.0,1233209336.03,-0.0017873100983021306,-0.0017873100983021306,-0.0017889092427245995,PASS,2026-05-13T13:31:06Z,D20260513.01
9618.HK,HK,equity,2026-04-10,111.7,112.8,111.1,111.4,111.7,6118243.0,683874283.95,-0.0026857654431512445,-0.0026857654431512445,-0.0026893785819713236,PASS,2026-05-13T13:31:06Z,D20260513.01
9618.HK,HK,equity,2026-04-13,112.2,113.2,111.4,112.3,111.4,6643006.0,744616014.3,0.00807899461400341,0.00807899461400341,0.008046534251213669,PASS,2026-05-13T13:31:06Z,D20260513.01
9618.HK,HK,equity,2026-04-14,113.0,116.5,111.5,115.4,112.3,13878249.0,1588204226.85,0.027604630454140855,0.027604630454140855,0.027230492329601848,PASS,2026-05-13T13:31:06Z,D20260513.01
9618.HK,HK,equity,2026-04-15,122.3,124.3,120.5,120.7,115.4,23272509.0,2838991137.8,0.045927209705372674,0.045927209705372674,0.044903774029486684,PASS,2026-05-13T13:31:06Z,D20260513.01
9618.HK,HK,equity,2026-04-16,123.4,124.2,122.7,123.8,120.7,15218068.0,1880909201.7,0.025683512841756295,0.025683512841756295,0.02535923214700979,PASS,2026-05-13T13:31:06Z,D20260513.01
9618.HK,HK,equity,2026-04-17,121.8,123.3,121.4,122.6,123.8,8807963.0,1074890619.0,-0.009693053311793265,-0.009693053311793265,-0.009740336748384754,PASS,2026-05-13T13:31:06Z,D20260513.01
9618.HK,HK,equity,2026-04-20,123.3,123.3,121.6,122.4,122.6,7966703.0,974377831.1,-0.0016313213703098572,-0.0016313213703098572,-0.0016326534238852235,PASS,2026-05-13T13:31:06Z,D20260513.01
9618.HK,HK,equity,2026-04-21,123.2,123.5,121.7,123.0,122.4,4823387.0,591841817.32,0.004901960784313708,0.004901960784313708,0.00488998529419177,PASS,2026-05-13T13:31:06Z,D20260513.01
9618.HK,HK,equity,2026-04-22,120.1,120.4,119.3,120.2,123.0,7945596.0,952582561.6,-0.02276422764227637,-0.02276422764227637,-0.023027333271310235,PASS,2026-05-13T13:31:06Z,D20260513.01
9618.HK,HK,equity,2026-04-23,119.2,119.8,118.4,118.7,120.2,4895719.0,582048718.1,-0.012479201331114798,-0.012479201331114798,-0.012557720485484841,PASS,2026-05-13T13:31:06Z,D20260513.01
9618.HK,HK,equity,2026-04-24,117.6,118.7,116.6,118.5,118.7,5704531.0,672391727.7,-0.0016849199663016012,-0.0016849199663016012,-0.0016863410404364776,PASS,2026-05-13T13:31:06Z,D20260513.01
9618.HK,HK,equity,2026-04-27,117.4,117.9,116.5,117.0,118.5,8177593.0,956991020.35,-0.012658227848101222,-0.012658227848101222,-0.012739025777429714,PASS,2026-05-13T13:31:06Z,D20260513.01
9618.HK,HK,equity,2026-04-28,115.5,117.5,114.9,115.3,117.0,9620882.0,1114026357.1,-0.01452991452991459,-0.01452991452991459,-0.014636507522742837,PASS,2026-05-13T13:31:06Z,D20260513.01
9618.HK,HK,equity,2026-04-29,117.5,117.9,116.1,117.5,115.3,7489993.0,879222642.9,0.019080659150043422,0.019080659150043422,0.018900906309200365,PASS,2026-05-13T13:31:06Z,D20260513.01
9618.HK,HK,equity,2026-04-30,115.8,117.5,115.6,116.3,117.5,5661428.0,658754990.53,-0.010212765957446801,-0.010212765957446801,-0.010265274059594903,PASS,2026-05-13T13:31:06Z,D20260513.01
9618.HK,HK,equity,2026-05-04,117.4,119.4,116.3,116.8,116.3,6885389.0,810526035.05,0.004299226139294898,0.004299226139294898,0.004290010869507913,PASS,2026-05-13T13:31:06Z,D20260513.01
9618.HK,HK,equity,2026-05-05,116.8,117.1,114.2,116.2,116.8,5698308.0,659102357.05,-0.005136986301369828,-0.005136986301369828,-0.005150225976315793,PASS,2026-05-13T13:31:06Z,D20260513.01
9618.HK,HK,equity,2026-05-06,117.1,117.4,115.7,116.4,116.2,8503103.0,988932717.45,0.001721170395869276,0.001721170395869276,0.001719690879526679,PASS,2026-05-13T13:31:06Z,D20260513.01
9618.HK,HK,equity,2026-05-07,119.7,120.5,118.4,119.0,116.4,11229420.0,1337855394.29,0.022336769759450092,0.022336769759450092,0.02209095781419186,PASS,2026-05-13T13:31:06Z,D20260513.01
9618.HK,HK,equity,2026-05-08,117.9,118.5,116.6,118.5,119.0,9354542.0,1100509859.3,-0.004201680672268893,-0.004201680672268893,-0.004210532536343494,PASS,2026-05-13T13:31:06Z,D20260513.01
9618.HK,HK,equity,2026-05-11,118.0,119.1,116.7,118.5,118.5,8877112.0,1047596008.75,0.0,0.0,0.0,PASS,2026-05-13T13:31:06Z,D20260513.01
9618.HK,HK,equity,2026-05-12,118.2,119.6,117.4,118.4,118.5,10169530.0,1206446019.09,-0.0008438818565400519,-0.0008438818565400519,-0.0008442381252805361,PASS,2026-05-13T13:31:06Z,D20260513.01
9618.HK,HK,equity,2026-05-13,122.7,128.3,122.4,128.2,118.4,34312231.0,4344588784.95,0.08277027027027017,0.08277027027027017,0.07952282203666428,PASS,2026-05-13T13:31:06Z,D20260513.01
