symbol,market,asset_type,trade_date,open,high,low,close,prev_close,volume,amount,pct_change,ret_1d,log_ret_1d,quality_flag,ingest_time,data_version
1519.HK,HK,equity,2023-10-27,12.0,12.2,11.8,12.0,12.0,21003699.0,251546793.98,0.0,0.0,0.0,PASS,2026-05-11T14:02:07Z,D20260511.01
1519.HK,HK,equity,2023-10-30,12.0,12.0,11.82,12.0,12.0,4884200.0,58507048.0,0.0,0.0,0.0,PASS,2026-05-11T14:02:07Z,D20260511.01
1519.HK,HK,equity,2023-10-31,12.0,12.0,11.86,11.86,12.0,2782600.0,33154700.0,-0.011666666666666714,-0.011666666666666714,-0.011735256218420965,PASS,2026-05-11T14:02:07Z,D20260511.01
1519.HK,HK,equity,2023-11-01,11.8,12.0,11.8,12.0,11.86,2932400.0,35045984.0,0.01180438448566612,0.01180438448566612,0.011735256218420932,PASS,2026-05-11T14:02:07Z,D20260511.01
1519.HK,HK,equity,2023-11-02,11.98,12.6,11.94,12.58,12.0,5395200.0,66474784.0,0.04833333333333334,0.04833333333333334,0.04720160148429416,PASS,2026-05-11T14:02:07Z,D20260511.01
1519.HK,HK,equity,2023-11-03,12.7,12.8,12.22,12.4,12.58,4447200.0,55632764.0,-0.014308426073131986,-0.014308426073131986,-0.014411778661303316,PASS,2026-05-11T14:02:07Z,D20260511.01
1519.HK,HK,equity,2023-11-06,12.34,12.54,12.08,12.4,12.4,4620800.0,56723234.0,0.0,0.0,0.0,PASS,2026-05-11T14:02:07Z,D20260511.01
1519.HK,HK,equity,2023-11-07,12.4,12.4,12.12,12.38,12.4,4520800.0,55260724.0,-0.001612903225806428,-0.001612903225806428,-0.0016142053545411135,PASS,2026-05-11T14:02:07Z,D20260511.01
1519.HK,HK,equity,2023-11-08,12.3,12.58,12.22,12.3,12.38,4601400.0,57267468.0,-0.00646203554119551,-0.00646203554119551,-0.006483004878078266,PASS,2026-05-11T14:02:07Z,D20260511.01
1519.HK,HK,equity,2023-11-09,12.3,12.4,11.8,12.14,12.3,4552400.0,54959328.0,-0.013008130081300862,-0.013008130081300862,-0.013093476747019658,PASS,2026-05-11T14:02:07Z,D20260511.01
1519.HK,HK,equity,2023-11-10,12.0,12.2,11.96,12.0,12.14,5276800.0,63475168.0,-0.011532125205930832,-0.011532125205930832,-0.011599135843351918,PASS,2026-05-11T14:02:07Z,D20260511.01
1519.HK,HK,equity,2023-11-13,12.0,12.02,11.9,12.0,12.0,6423200.0,76891968.0,0.0,0.0,0.0,PASS,2026-05-11T14:02:07Z,D20260511.01
1519.HK,HK,equity,2023-11-14,12.0,12.02,11.7,12.0,12.0,11438800.0,136103112.0,0.0,0.0,0.0,PASS,2026-05-11T14:02:07Z,D20260511.01
1519.HK,HK,equity,2023-11-15,12.0,12.0,11.78,12.0,12.0,15013400.0,178886892.0,0.0,0.0,0.0,PASS,2026-05-11T14:02:07Z,D20260511.01
1519.HK,HK,equity,2023-11-16,12.0,12.08,11.88,12.0,12.0,12178200.0,146052716.0,0.0,0.0,0.0,PASS,2026-05-11T14:02:07Z,D20260511.01
1519.HK,HK,equity,2023-11-17,12.0,12.0,11.58,11.6,12.0,5653600.0,66624472.0,-0.033333333333333326,-0.033333333333333326,-0.03390155167568134,PASS,2026-05-11T14:02:07Z,D20260511.01
1519.HK,HK,equity,2023-11-20,11.5,11.72,11.3,11.56,11.6,3119000.0,35787204.0,-0.0034482758620688614,-0.0034482758620688614,-0.003454234868087446,PASS,2026-05-11T14:02:07Z,D20260511.01
1519.HK,HK,equity,2023-11-21,11.58,11.6,10.98,11.4,11.56,2067200.0,23575012.0,-0.01384083044982698,-0.01384083044982698,-0.013937507843781624,PASS,2026-05-11T14:02:07Z,D20260511.01
1519.HK,HK,equity,2023-11-22,11.1,11.8,11.1,11.54,11.4,2368400.0,27485288.0,0.012280701754385781,0.012280701754385781,0.012205905679503545,PASS,2026-05-11T14:02:07Z,D20260511.01
1519.HK,HK,equity,2023-11-23,11.58,11.98,10.72,11.96,11.54,4464400.0,51781748.0,0.036395147313691645,0.036395147313691645,0.035748487442532305,PASS,2026-05-11T14:02:07Z,D20260511.01
1519.HK,HK,equity,2023-11-24,11.96,12.18,11.4,12.06,11.96,3024600.0,35965800.0,0.00836120401337781,0.00836120401337781,0.00832644277655359,PASS,2026-05-11T14:02:07Z,D20260511.01
1519.HK,HK,equity,2023-11-27,12.06,12.16,11.82,11.86,12.06,2221800.0,26594804.0,-0.016583747927031545,-0.016583747927031545,-0.016722797729460025,PASS,2026-05-11T14:02:07Z,D20260511.01
1519.HK,HK,equity,2023-11-28,11.9,12.04,11.68,11.76,11.86,2465000.0,29153256.0,-0.00843170320404718,-0.00843170320404718,-0.008467451099098494,PASS,2026-05-11T14:02:07Z,D20260511.01
1519.HK,HK,equity,2023-11-29,11.8,12.08,11.68,11.98,11.76,2804600.0,33192808.0,0.018707482993197244,0.018707482993197244,0.018534650216822393,PASS,2026-05-11T14:02:07Z,D20260511.01
1519.HK,HK,equity,2023-11-30,11.98,12.9,11.88,12.8,11.98,5078900.0,63537113.0,0.06844741235392315,0.06844741235392315,0.06620657823826814,PASS,2026-05-11T14:02:07Z,D20260511.01
1519.HK,HK,equity,2023-12-01,12.8,14.04,12.8,13.98,12.8,6253800.0,84000836.0,0.09218749999999987,0.09218749999999987,0.0881825658800926,PASS,2026-05-11T14:02:07Z,D20260511.01
1519.HK,HK,equity,2023-12-04,13.9,13.96,12.94,13.2,13.98,4493400.0,59794880.0,-0.05579399141630914,-0.05579399141630914,-0.05741090721333916,PASS,2026-05-11T14:02:07Z,D20260511.01
1519.HK,HK,equity,2023-12-05,13.2,13.3,12.8,13.06,13.2,4489600.0,58573632.0,-0.010606060606060508,-0.010606060606060508,-0.010662705744040069,PASS,2026-05-11T14:02:07Z,D20260511.01
1519.HK,HK,equity,2023-12-06,13.06,13.28,12.82,12.98,13.06,4489400.0,58656284.4,-0.006125574272588086,-0.006125574272588086,-0.006144412572341097,PASS,2026-05-11T14:02:07Z,D20260511.01
1519.HK,HK,equity,2023-12-07,12.92,13.24,12.62,13.1,12.98,4660601.0,60205898.7,0.009244992295839749,0.009244992295839749,0.00920251893116192,PASS,2026-05-11T14:02:07Z,D20260511.01
1519.HK,HK,equity,2023-12-08,13.04,13.2,12.82,13.12,13.1,3277200.0,42555414.0,0.0015267175572519776,0.0015267175572519776,0.0015255533088371917,PASS,2026-05-11T14:02:07Z,D20260511.01
1519.HK,HK,equity,2023-12-11,13.08,13.44,12.78,13.38,13.12,4586600.0,59881484.6,0.01981707317073189,0.01981707317073189,0.01962327118413959,PASS,2026-05-11T14:02:07Z,D20260511.01
1519.HK,HK,equity,2023-12-12,13.3,14.06,13.3,14.0,13.38,4866400.0,66933472.0,0.046337817638266054,0.046337817638266054,0.04529627491517621,PASS,2026-05-11T14:02:07Z,D20260511.01
1519.HK,HK,equity,2023-12-13,13.98,14.68,13.98,14.24,14.0,5236500.0,75761667.2,0.017142857142857126,0.017142857142857126,0.016997576368571077,PASS,2026-05-11T14:02:07Z,D20260511.01
1519.HK,HK,equity,2023-12-14,14.24,14.46,12.94,13.08,14.24,5484600.0,74689288.0,-0.0814606741573034,-0.0814606741573034,-0.0849705599547771,PASS,2026-05-11T14:02:07Z,D20260511.01
1519.HK,HK,equity,2023-12-15,13.08,13.88,12.84,13.74,13.08,6184650.0,83703790.2,0.050458715596330306,0.050458715596330306,0.04922694076515067,PASS,2026-05-11T14:02:07Z,D20260511.01
1519.HK,HK,equity,2023-12-18,13.8,13.94,13.34,13.6,13.74,2375600.0,32285656.0,-0.010189228529839944,-0.010189228529839944,-0.010241494052197018,PASS,2026-05-11T14:02:07Z,D20260511.01
1519.HK,HK,equity,2023-12-19,13.52,13.98,13.28,13.9,13.6,2534600.0,34832608.0,0.02205882352941191,0.02205882352941191,0.021819047394639888,PASS,2026-05-11T14:02:07Z,D20260511.01
1519.HK,HK,equity,2023-12-20,13.9,14.46,13.82,14.4,13.9,2902600.0,40816810.0,0.03597122302158273,0.03597122302158273,0.03533936644530886,PASS,2026-05-11T14:02:07Z,D20260511.01
1519.HK,HK,equity,2023-12-21,14.22,15.18,14.1,15.0,14.4,4332900.0,63543590.0,0.04166666666666674,0.04166666666666674,0.0408219945202552,PASS,2026-05-11T14:02:07Z,D20260511.01
1519.HK,HK,equity,2023-12-22,15.0,15.2,14.54,14.86,15.0,2609800.0,38614112.0,-0.009333333333333416,-0.009333333333333416,-0.009377161812597044,PASS,2026-05-11T14:02:07Z,D20260511.01
1519.HK,HK,equity,2023-12-27,14.7,15.14,14.5,15.12,14.86,2852300.0,42728122.0,0.01749663526244949,0.01749663526244949,0.017345331461773795,PASS,2026-05-11T14:02:07Z,D20260511.01
1519.HK,HK,equity,2023-12-28,15.12,15.9,14.88,15.8,15.12,3151000.0,48549432.0,0.04497354497354511,0.04497354497354511,0.04399156928153431,PASS,2026-05-11T14:02:07Z,D20260511.01
1519.HK,HK,equity,2023-12-29,15.8,16.16,15.6,15.82,15.8,4586100.0,72881376.0,0.0012658227848101333,0.0012658227848101333,0.0012650223065867022,PASS,2026-05-11T14:02:07Z,D20260511.01
1519.HK,HK,equity,2024-01-02,15.6,15.88,15.3,15.58,15.82,4730200.0,73585364.0,-0.015170670037926715,-0.015170670037926715,-0.01528692189690565,PASS,2026-05-11T14:02:07Z,D20260511.01
1519.HK,HK,equity,2024-01-03,15.58,16.2,15.44,16.1,15.58,4712439.0,75163885.08,0.033376123234916566,0.033376123234916566,0.032831231547815115,PASS,2026-05-11T14:02:07Z,D20260511.01
1519.HK,HK,equity,2024-01-04,16.1,16.36,15.9,16.36,16.1,4764600.0,77311072.0,0.01614906832298124,0.01614906832298124,0.01602005918418356,PASS,2026-05-11T14:02:07Z,D20260511.01
1519.HK,HK,equity,2024-01-05,16.3,16.54,14.82,14.92,16.36,5090200.0,79860048.0,-0.08801955990220045,-0.08801955990220045,-0.09213673639898616,PASS,2026-05-11T14:02:07Z,D20260511.01
1519.HK,HK,equity,2024-01-08,14.92,15.46,14.72,15.28,14.92,3044400.0,46038135.0,0.024128686327077764,0.024128686327077764,0.023842188962759657,PASS,2026-05-11T14:02:07Z,D20260511.01
1519.HK,HK,equity,2024-01-09,15.28,15.68,15.04,15.64,15.28,4574800.0,70435860.0,0.023560209424083878,0.023560209424083878,0.023286951378790693,PASS,2026-05-11T14:02:07Z,D20260511.01
1519.HK,HK,equity,2024-01-10,15.64,15.74,15.4,15.5,15.64,1868600.0,29148016.0,-0.008951406649616356,-0.008951406649616356,-0.008991711191964073,PASS,2026-05-11T14:02:07Z,D20260511.01
1519.HK,HK,equity,2024-01-11,15.5,15.76,15.36,15.7,15.5,2184000.0,34024028.0,0.012903225806451646,0.012903225806451646,0.012820688429061469,PASS,2026-05-11T14:02:07Z,D20260511.01
1519.HK,HK,equity,2024-01-12,15.7,16.06,15.66,16.04,15.7,2369000.0,37573472.0,0.021656050955414008,0.021656050955414008,0.021424890084106057,PASS,2026-05-11T14:02:07Z,D20260511.01
1519.HK,HK,equity,2024-01-15,16.0,16.22,15.68,15.78,16.04,1912000.0,30652748.0,-0.016209476309226867,-0.016209476309226867,-0.016342287020640184,PASS,2026-05-11T14:02:07Z,D20260511.01
1519.HK,HK,equity,2024-01-16,15.92,16.0,15.64,15.82,15.78,1876100.0,29733750.0,0.0025348542458809575,0.0025348542458809575,0.0025316469217797266,PASS,2026-05-11T14:02:07Z,D20260511.01
1519.HK,HK,equity,2024-01-17,15.62,15.82,15.38,15.5,15.82,1595200.0,24831696.0,-0.020227560050568916,-0.020227560050568916,-0.020434938414306894,PASS,2026-05-11T14:02:07Z,D20260511.01
1519.HK,HK,equity,2024-01-18,15.66,16.26,15.6,16.26,15.5,4524400.0,71968454.0,0.049032258064516165,0.049032258064516165,0.04786808019446363,PASS,2026-05-11T14:02:07Z,D20260511.01
1519.HK,HK,equity,2024-01-19,16.26,16.3,15.26,15.4,16.26,2049800.0,32202412.0,-0.052890528905289114,-0.052890528905289114,-0.054340594700081124,PASS,2026-05-11T14:02:07Z,D20260511.01
1519.HK,HK,equity,2024-01-22,15.4,15.66,15.16,15.58,15.4,4475600.0,69297596.0,0.011688311688311748,0.011688311688311748,0.01162053102301879,PASS,2026-05-11T14:02:07Z,D20260511.01
1519.HK,HK,equity,2024-01-23,15.7,16.04,15.6,15.92,15.58,4568000.0,72313800.0,0.021822849807445532,0.021822849807445532,0.02158813997363484,PASS,2026-05-11T14:02:07Z,D20260511.01
1519.HK,HK,equity,2024-01-24,16.02,16.02,15.66,15.94,15.92,3108400.0,49279884.0,0.0012562814070351536,0.0012562814070351536,0.0012554929458320028,PASS,2026-05-11T14:02:07Z,D20260511.01
1519.HK,HK,equity,2024-01-25,15.96,16.46,15.8,16.38,15.94,4727200.0,75872736.0,0.027603513174403904,0.027603513174403904,0.027229405062854276,PASS,2026-05-11T14:02:07Z,D20260511.01
1519.HK,HK,equity,2024-01-26,16.24,16.38,15.44,15.58,16.38,4476600.0,70941768.0,-0.04884004884004878,-0.04884004884004878,-0.05007303798232109,PASS,2026-05-11T14:02:07Z,D20260511.01
1519.HK,HK,equity,2024-01-29,15.56,16.1,15.5,16.08,15.58,4518800.0,71634904.0,0.03209242618741959,0.03209242618741959,0.03158822330821793,PASS,2026-05-11T14:02:07Z,D20260511.01
1519.HK,HK,equity,2024-01-30,16.08,16.42,15.68,16.12,16.08,4451800.0,71197836.0,0.0024875621890549926,0.0024875621890549926,0.002484473327662187,PASS,2026-05-11T14:02:07Z,D20260511.01
1519.HK,HK,equity,2024-01-31,16.2,16.2,15.28,15.42,16.12,2423400.0,38410012.0,-0.043424317617866026,-0.043424317617866026,-0.044395368943298825,PASS,2026-05-11T14:02:07Z,D20260511.01
1519.HK,HK,equity,2024-02-01,15.4,15.9,15.18,15.76,15.42,4453000.0,69514240.0,0.02204928664072625,0.02204928664072625,0.021809716294549558,PASS,2026-05-11T14:02:07Z,D20260511.01
1519.HK,HK,equity,2024-02-02,15.8,15.96,13.1,13.26,15.76,2796764.0,40422406.64,-0.15862944162436543,-0.15862944162436543,-0.17272309967201654,PASS,2026-05-11T14:02:07Z,D20260511.01
1519.HK,HK,equity,2024-02-05,13.78,14.6,13.1,14.1,13.26,2119800.0,29524028.0,0.06334841628959276,0.06334841628959276,0.06142281262640614,PASS,2026-05-11T14:02:07Z,D20260511.01
1519.HK,HK,equity,2024-02-06,13.96,14.6,13.96,14.22,14.1,4522800.0,64669676.0,0.008510638297872353,0.008510638297872353,0.008474626990972236,PASS,2026-05-11T14:02:07Z,D20260511.01
1519.HK,HK,equity,2024-02-07,14.42,15.0,14.2,15.0,14.22,5344800.0,77539594.0,0.05485232067510548,0.05485232067510548,0.05340077672711525,PASS,2026-05-11T14:02:07Z,D20260511.01
1519.HK,HK,equity,2024-02-08,14.76,14.82,13.26,13.48,15.0,3026200.0,43453520.0,-0.10133333333333328,-0.10133333333333328,-0.10684309561804903,PASS,2026-05-11T14:02:07Z,D20260511.01
1519.HK,HK,equity,2024-02-09,13.5,14.12,13.24,14.1,13.48,2446800.0,33540160.0,0.04599406528189909,0.04599406528189909,0.044967691899961595,PASS,2026-05-11T14:02:07Z,D20260511.01
1519.HK,HK,equity,2024-02-14,13.9,14.0,13.38,13.72,14.1,1775600.0,24415248.0,-0.026950354609929006,-0.026950354609929006,-0.027320175086383354,PASS,2026-05-11T14:02:07Z,D20260511.01
1519.HK,HK,equity,2024-02-15,13.9,13.9,13.52,13.76,13.72,1912400.0,26187628.0,0.002915451895043608,0.002915451895043608,0.002911210207458313,PASS,2026-05-11T14:02:07Z,D20260511.01
1519.HK,HK,equity,2024-02-16,13.7,13.7,10.2,12.04,13.76,7544400.0,88118759.0,-0.125,-0.125,-0.13353139262452263,PASS,2026-05-11T14:02:07Z,D20260511.01
1519.HK,HK,equity,2024-02-19,12.0,12.38,11.3,11.74,12.04,4418400.0,52419080.8,-0.02491694352159457,-0.02491694352159457,-0.025232625480724472,PASS,2026-05-11T14:02:07Z,D20260511.01
1519.HK,HK,equity,2024-02-20,11.98,11.98,10.22,10.68,11.74,4441400.0,47893808.0,-0.09028960817717213,-0.09028960817717213,-0.09462898086790168,PASS,2026-05-11T14:02:07Z,D20260511.01
1519.HK,HK,equity,2024-02-21,10.7,11.18,10.44,10.84,10.68,4873600.0,52918344.0,0.014981273408239737,0.014981273408239737,0.014870162479451407,PASS,2026-05-11T14:02:07Z,D20260511.01
1519.HK,HK,equity,2024-02-22,10.86,11.28,10.86,11.1,10.84,4565000.0,50559108.0,0.023985239852398532,0.023985239852398532,0.023702112306788307,PASS,2026-05-11T14:02:07Z,D20260511.01
1519.HK,HK,equity,2024-02-23,11.1,11.88,10.96,11.78,11.1,5476200.0,62574308.0,0.0612612612612613,0.0612612612612613,0.05945806990515223,PASS,2026-05-11T14:02:07Z,D20260511.01
1519.HK,HK,equity,2024-02-26,11.78,12.04,11.38,11.46,11.78,4696200.0,54821260.0,-0.02716468590831911,-0.02716468590831911,-0.02754046693684706,PASS,2026-05-11T14:02:07Z,D20260511.01
1519.HK,HK,equity,2024-02-27,11.46,11.98,11.4,11.7,11.46,4322800.0,50735496.0,0.02094240837696315,0.02094240837696315,0.020726130517116734,PASS,2026-05-11T14:02:07Z,D20260511.01
1519.HK,HK,equity,2024-02-28,11.8,11.9,11.6,11.88,11.7,4521800.0,53306978.2,0.015384615384615552,0.015384615384615552,0.0152674721307886,PASS,2026-05-11T14:02:07Z,D20260511.01
1519.HK,HK,equity,2024-02-29,11.88,12.2,11.74,12.0,11.88,4134200.0,49511212.0,0.010101010101009944,0.010101010101009944,0.010050335853501286,PASS,2026-05-11T14:02:07Z,D20260511.01
1519.HK,HK,equity,2024-03-01,12.0,12.1,11.8,11.94,12.0,3801600.0,45487016.0,-0.0050000000000000044,-0.0050000000000000044,-0.005012541823544286,PASS,2026-05-11T14:02:07Z,D20260511.01
1519.HK,HK,equity,2024-03-04,11.92,12.0,11.44,11.52,11.94,4478200.0,51604030.0,-0.035175879396984966,-0.035175879396984966,-0.03580945269671089,PASS,2026-05-11T14:02:07Z,D20260511.01
1519.HK,HK,equity,2024-03-05,11.5,11.7,11.4,11.5,11.52,2960200.0,34170948.0,-0.0017361111111110494,-0.0017361111111110494,-0.0017376198985407374,PASS,2026-05-11T14:02:07Z,D20260511.01
1519.HK,HK,equity,2024-03-06,11.48,11.92,11.42,11.84,11.5,4878000.0,57180940.0,0.029565217391304355,0.029565217391304355,0.029136594086655247,PASS,2026-05-11T14:02:07Z,D20260511.01
1519.HK,HK,equity,2024-03-07,11.82,12.08,11.6,12.08,11.84,4696000.0,55557600.0,0.020270270270270396,0.020270270270270396,0.020067563050809388,PASS,2026-05-11T14:02:07Z,D20260511.01
1519.HK,HK,equity,2024-03-08,12.08,12.24,11.9,12.0,12.08,3675000.0,44361888.0,-0.0066225165562914245,-0.0066225165562914245,-0.006644542718668613,PASS,2026-05-11T14:02:07Z,D20260511.01
1519.HK,HK,equity,2024-03-11,12.0,12.02,11.66,11.98,12.0,4719600.0,55867454.0,-0.0016666666666665941,-0.0016666666666665941,-0.0016680571006969474,PASS,2026-05-11T14:02:07Z,D20260511.01
1519.HK,HK,equity,2024-03-12,12.0,12.38,11.98,12.3,11.98,4779400.0,58416124.0,0.026711185308848195,0.026711185308848195,0.026360669691068633,PASS,2026-05-11T14:02:07Z,D20260511.01
1519.HK,HK,equity,2024-03-13,12.22,12.26,10.76,11.28,12.3,3365600.0,39069674.0,-0.08292682926829276,-0.08292682926829276,-0.08656801630845905,PASS,2026-05-11T14:02:07Z,D20260511.01
1519.HK,HK,equity,2024-03-14,11.28,11.44,11.08,11.42,11.28,4527800.0,51200948.0,0.012411347517730542,0.012411347517730542,0.012334958157951366,PASS,2026-05-11T14:02:07Z,D20260511.01
1519.HK,HK,equity,2024-03-15,11.44,11.58,11.3,11.42,11.42,4707200.0,53691918.0,0.0,0.0,0.0,PASS,2026-05-11T14:02:07Z,D20260511.01
1519.HK,HK,equity,2024-03-18,11.42,11.42,11.16,11.2,11.42,4486600.0,50798212.4,-0.019264448336252293,-0.019264448336252293,-0.019452425926815405,PASS,2026-05-11T14:02:07Z,D20260511.01
1519.HK,HK,equity,2024-03-19,11.2,11.24,10.72,10.82,11.2,1752200.0,19373630.0,-0.03392857142857131,-0.03392857142857131,-0.03451750488271327,PASS,2026-05-11T14:02:07Z,D20260511.01
1519.HK,HK,equity,2024-03-20,10.8,11.26,10.74,11.1,10.82,5128800.0,56743105.6,0.025878003696857554,0.025878003696857554,0.025548834899952876,PASS,2026-05-11T14:02:07Z,D20260511.01
1519.HK,HK,equity,2024-03-21,11.1,11.48,11.02,11.3,11.1,2909600.0,32557880.0,0.018018018018018056,0.018018018018018056,0.01785761740000647,PASS,2026-05-11T14:02:07Z,D20260511.01
1519.HK,HK,equity,2024-03-22,11.3,11.5,11.14,11.42,11.3,2110000.0,23839851.4,0.010619469026548645,0.010619469026548645,0.010563478509569246,PASS,2026-05-11T14:02:07Z,D20260511.01
1519.HK,HK,equity,2024-03-25,11.32,11.4,11.16,11.28,11.42,4642600.0,52322060.0,-0.012259194395796924,-0.012259194395796924,-0.012334958157951397,PASS,2026-05-11T14:02:07Z,D20260511.01
1519.HK,HK,equity,2024-03-26,11.28,11.28,10.94,10.94,11.28,903200.0,10010672.0,-0.03014184397163122,-0.03014184397163122,-0.030605449076077706,PASS,2026-05-11T14:02:07Z,D20260511.01
1519.HK,HK,equity,2024-03-27,11.04,11.06,10.76,10.9,10.94,4757600.0,51761376.0,-0.003656307129798808,-0.003656307129798808,-0.0036630077587370352,PASS,2026-05-11T14:02:07Z,D20260511.01
1519.HK,HK,equity,2024-03-28,10.9,11.04,10.22,10.48,10.9,959800.0,10168256.0,-0.038532110091743066,-0.038532110091743066,-0.03929411034220186,PASS,2026-05-11T14:02:07Z,D20260511.01
1519.HK,HK,equity,2024-04-02,10.48,10.48,9.8,10.46,10.48,5014500.0,51030204.0,-0.001908396946564861,-0.001908396946564861,-0.0019102202561192376,PASS,2026-05-11T14:02:07Z,D20260511.01
1519.HK,HK,equity,2024-04-03,10.22,10.32,9.92,10.06,10.46,16018400.0,173741816.0,-0.03824091778202676,-0.03824091778202676,-0.038991293965183686,PASS,2026-05-11T14:02:07Z,D20260511.01
1519.HK,HK,equity,2024-04-05,10.36,10.46,9.96,10.0,10.06,1233200.0,12378832.0,-0.005964214711729698,-0.005964214711729698,-0.00598207167754754,PASS,2026-05-11T14:02:07Z,D20260511.01
1519.HK,HK,equity,2024-04-08,9.88,10.18,9.88,10.02,10.0,1801800.0,18120268.0,0.0020000000000000018,0.0020000000000000018,0.001998002662673058,PASS,2026-05-11T14:02:07Z,D20260511.01
1519.HK,HK,equity,2024-04-09,10.1,11.0,10.1,11.0,10.02,4896800.0,51604922.0,0.09780439121756501,0.09780439121756501,0.09331217714165194,PASS,2026-05-11T14:02:07Z,D20260511.01
1519.HK,HK,equity,2024-04-10,11.0,11.0,10.5,10.5,11.0,14963200.0,170053768.0,-0.045454545454545414,-0.045454545454545414,-0.04652001563489282,PASS,2026-05-11T14:02:07Z,D20260511.01
1519.HK,HK,equity,2024-04-11,10.5,10.64,10.18,10.3,10.5,2541000.0,26239566.0,-0.01904761904761898,-0.01904761904761898,-0.019231361927887533,PASS,2026-05-11T14:02:07Z,D20260511.01
1519.HK,HK,equity,2024-04-12,10.28,10.7,10.18,10.66,10.3,4609200.0,48418882.72,0.03495145631067964,0.03495145631067964,0.03435452350210842,PASS,2026-05-11T14:02:07Z,D20260511.01
1519.HK,HK,equity,2024-04-15,10.2,10.54,8.66,9.26,10.66,5037200.0,46593655.6,-0.1313320825515948,-0.1313320825515948,-0.14079437007961051,PASS,2026-05-11T14:02:07Z,D20260511.01
1519.HK,HK,equity,2024-04-16,9.26,9.5,8.99,9.08,9.26,2408000.0,21895712.0,-0.01943844492440605,-0.01943844492440605,-0.019629856044886092,PASS,2026-05-11T14:02:07Z,D20260511.01
1519.HK,HK,equity,2024-04-17,9.08,9.25,8.28,8.32,9.08,24831200.0,224382159.0,-0.08370044052863435,-0.08370044052863435,-0.08741193778008469,PASS,2026-05-11T14:02:07Z,D20260511.01
1519.HK,HK,equity,2024-04-18,8.32,8.42,7.69,7.73,8.32,6823800.0,53866410.4,-0.07091346153846156,-0.07091346153846156,-0.07355339223378665,PASS,2026-05-11T14:02:07Z,D20260511.01
1519.HK,HK,equity,2024-04-19,7.7,7.98,7.29,7.53,7.73,4979220.0,37189047.4,-0.02587322121604141,-0.02587322121604141,-0.026213820787528395,PASS,2026-05-11T14:02:07Z,D20260511.01
1519.HK,HK,equity,2024-04-22,7.54,7.62,7.0,7.29,7.53,7148000.0,51818494.0,-0.031872509960159445,-0.031872509960159445,-0.032391495791235514,PASS,2026-05-11T14:02:07Z,D20260511.01
1519.HK,HK,equity,2024-04-23,7.2,7.2,6.77,6.91,7.29,11004800.0,78843313.4,-0.052126200274348444,-0.052126200274348444,-0.053533908240988276,PASS,2026-05-11T14:02:07Z,D20260511.01
1519.HK,HK,equity,2024-04-24,6.91,7.17,6.68,7.0,6.91,21639600.0,148057293.8,0.013024602026049159,0.013024602026049159,0.012940511275734732,PASS,2026-05-11T14:02:07Z,D20260511.01
1519.HK,HK,equity,2024-04-25,7.08,7.3,6.8,7.25,7.0,11171600.0,78659456.0,0.03571428571428581,0.03571428571428581,0.03509131981127019,PASS,2026-05-11T14:02:07Z,D20260511.01
1519.HK,HK,equity,2024-04-26,7.25,7.48,6.16,6.37,7.25,14934000.0,97482581.4,-0.12137931034482752,-0.12137931034482752,-0.12940199928251137,PASS,2026-05-11T14:02:07Z,D20260511.01
1519.HK,HK,equity,2024-04-29,5.47,6.5,5.3,6.17,6.37,60570496.0,349662710.76,-0.031397174254317095,-0.031397174254317095,-0.031900631666775515,PASS,2026-05-11T14:02:07Z,D20260511.01
1519.HK,HK,equity,2024-04-30,6.39,6.39,5.85,6.0,6.17,9588200.0,57948118.6,-0.027552674230145846,-0.027552674230145846,-0.027939368689241423,PASS,2026-05-11T14:02:07Z,D20260511.01
1519.HK,HK,equity,2024-05-02,6.14,6.89,5.96,6.68,6.0,24248769.0,159382467.49,0.11333333333333329,0.11333333333333329,0.10735851832049932,PASS,2026-05-11T14:02:07Z,D20260511.01
1519.HK,HK,equity,2024-05-03,6.7,7.02,6.7,6.86,6.68,20780330.0,143274751.6,0.026946107784431295,0.026946107784431295,0.02658945418923965,PASS,2026-05-11T14:02:07Z,D20260511.01
1519.HK,HK,equity,2024-05-06,6.86,7.55,6.8,7.23,6.86,16440200.0,117548512.6,0.05393586005830908,0.05393586005830908,0.052531594432879504,PASS,2026-05-11T14:02:07Z,D20260511.01
1519.HK,HK,equity,2024-05-07,7.32,7.32,6.98,6.98,7.23,3820400.0,27159308.2,-0.03457814661134162,-0.03457814661134162,-0.0351901193963922,PASS,2026-05-11T14:02:07Z,D20260511.01
1519.HK,HK,equity,2024-05-08,7.0,7.34,6.93,7.33,6.98,5409200.0,38939023.0,0.05014326647564471,0.05014326647564471,0.04892659912427903,PASS,2026-05-11T14:02:07Z,D20260511.01
1519.HK,HK,equity,2024-05-09,7.3,7.65,7.1,7.63,7.33,10419400.0,77708008.0,0.04092769440654842,0.04092769440654842,0.040112329397805506,PASS,2026-05-11T14:02:07Z,D20260511.01
1519.HK,HK,equity,2024-05-10,7.64,8.18,7.63,7.92,7.63,12296100.0,98187484.0,0.038007863695937116,0.038007863695937116,0.037303360529968875,PASS,2026-05-11T14:02:07Z,D20260511.01
1519.HK,HK,equity,2024-05-13,7.93,8.02,7.71,8.01,7.92,10194600.0,80967767.0,0.011363636363636243,0.011363636363636243,0.011299555253933247,PASS,2026-05-11T14:02:07Z,D20260511.01
1519.HK,HK,equity,2024-05-14,8.01,9.2,8.01,8.48,8.01,28070900.0,241980735.9,0.0586766541822723,0.0586766541822723,0.05701968872354399,PASS,2026-05-11T14:02:07Z,D20260511.01
1519.HK,HK,equity,2024-05-16,8.48,8.6,8.04,8.26,8.48,12844800.0,105870221.0,-0.025943396226415172,-0.025943396226415172,-0.026285862270925085,PASS,2026-05-11T14:02:07Z,D20260511.01
1519.HK,HK,equity,2024-05-17,8.26,8.37,8.03,8.16,8.26,11261346.0,91654863.1,-0.012106537530266248,-0.012106537530266248,-0.01218041855687096,PASS,2026-05-11T14:02:07Z,D20260511.01
1519.HK,HK,equity,2024-05-20,8.16,8.5,8.1,8.35,8.16,8055800.0,67478118.0,0.023284313725490113,0.023284313725490113,0.023017369886748393,PASS,2026-05-11T14:02:07Z,D20260511.01
1519.HK,HK,equity,2024-05-21,8.36,8.53,8.27,8.44,8.35,10652200.0,89831501.2,0.010778443113772518,0.010778443113772518,0.010720769745101695,PASS,2026-05-11T14:02:07Z,D20260511.01
1519.HK,HK,equity,2024-05-22,8.44,8.58,8.35,8.46,8.44,7529632.0,63972627.2,0.0023696682464455776,0.0023696682464455776,0.002366865010266244,PASS,2026-05-11T14:02:07Z,D20260511.01
1519.HK,HK,equity,2024-05-23,8.5,8.5,8.11,8.16,8.46,8802400.0,72665805.96,-0.03546099290780147,-0.03546099290780147,-0.03610500464211632,PASS,2026-05-11T14:02:07Z,D20260511.01
1519.HK,HK,equity,2024-05-24,8.16,8.44,7.94,8.29,8.16,13890933.0,112950572.03,0.01593137254901955,0.01593137254901955,0.01580580017118791,PASS,2026-05-11T14:02:07Z,D20260511.01
1519.HK,HK,equity,2024-05-27,8.5,8.7,7.95,8.1,8.29,23763600.0,194955158.4,-0.022919179734619988,-0.022919179734619988,-0.02318590746881049,PASS,2026-05-11T14:02:07Z,D20260511.01
1519.HK,HK,equity,2024-05-28,8.1,8.46,8.03,8.35,8.1,18564200.0,155141532.0,0.030864197530864113,0.030864197530864113,0.030397477184370948,PASS,2026-05-11T14:02:07Z,D20260511.01
1519.HK,HK,equity,2024-05-29,8.72,8.88,6.66,7.8,8.35,75999600.0,599865230.4,-0.06586826347305386,-0.06586826347305386,-0.06813780516721803,PASS,2026-05-11T14:02:07Z,D20260511.01
1519.HK,HK,equity,2024-05-30,7.8,8.02,7.51,7.71,7.8,18772200.0,146133342.6,-0.011538461538461497,-0.011538461538461497,-0.01160554612030789,PASS,2026-05-11T14:02:07Z,D20260511.01
1519.HK,HK,equity,2024-05-31,7.74,7.87,7.61,7.63,7.71,11134400.0,86221605.0,-0.01037613488975353,-0.01037613488975353,-0.010430342278872446,PASS,2026-05-11T14:02:07Z,D20260511.01
1519.HK,HK,equity,2024-06-03,7.64,7.96,7.6,7.93,7.63,11170400.0,87373369.0,0.03931847968545221,0.03931847968545221,0.03856519035039103,PASS,2026-05-11T14:02:07Z,D20260511.01
1519.HK,HK,equity,2024-06-04,7.8,8.23,7.8,8.05,7.93,13277600.0,107016288.0,0.01513240857503173,0.01513240857503173,0.015019055783715587,PASS,2026-05-11T14:02:07Z,D20260511.01
1519.HK,HK,equity,2024-06-05,8.05,8.13,7.82,7.98,8.05,7657400.0,61204571.0,-0.008695652173913104,-0.008695652173913104,-0.008733679968754666,PASS,2026-05-11T14:02:07Z,D20260511.01
1519.HK,HK,equity,2024-06-06,7.98,8.13,7.88,7.98,7.98,9783800.0,78007248.4,0.0,0.0,0.0,PASS,2026-05-11T14:02:07Z,D20260511.01
1519.HK,HK,equity,2024-06-07,7.89,8.21,7.85,8.02,7.98,12361432.0,98952468.0,0.005012531328320691,0.005012531328320691,0.005000010416705619,PASS,2026-05-11T14:02:07Z,D20260511.01
1519.HK,HK,equity,2024-06-11,8.0,8.0,7.44,7.66,8.02,7721800.0,59424967.0,-0.04488778054862841,-0.04488778054862841,-0.045926438125923175,PASS,2026-05-11T14:02:07Z,D20260511.01
1519.HK,HK,equity,2024-06-12,7.66,8.01,7.66,7.94,7.66,12295800.0,97181239.0,0.036553524804177506,0.036553524804177506,0.035901291506544385,PASS,2026-05-11T14:02:07Z,D20260511.01
1519.HK,HK,equity,2024-06-13,8.0,8.1,7.91,8.0,7.94,18262550.0,145671077.0,0.007556675062972307,0.007556675062972307,0.007528266420791588,PASS,2026-05-11T14:02:07Z,D20260511.01
1519.HK,HK,equity,2024-06-14,8.0,8.12,7.91,8.0,8.0,11559200.0,92813672.4,0.0,0.0,0.0,PASS,2026-05-11T14:02:07Z,D20260511.01
1519.HK,HK,equity,2024-06-17,8.0,8.48,7.91,8.33,8.0,19219600.0,159561324.6,0.04125000000000001,0.04125000000000001,0.040421914498915405,PASS,2026-05-11T14:02:07Z,D20260511.01
1519.HK,HK,equity,2024-06-18,8.45,8.66,8.33,8.58,8.33,33795718.0,288075474.67,0.03001200480192079,0.03001200480192079,0.02957045732111961,PASS,2026-05-11T14:02:07Z,D20260511.01
1519.HK,HK,equity,2024-06-19,8.76,8.93,8.52,8.75,8.58,16040359.0,140003125.62,0.019813519813519864,0.019813519813519864,0.019619786869652198,PASS,2026-05-11T14:02:07Z,D20260511.01
1519.HK,HK,equity,2024-06-20,8.75,8.83,8.16,8.3,8.75,32026400.0,270296575.0,-0.05142857142857138,-0.05142857142857138,-0.052798185566970766,PASS,2026-05-11T14:02:07Z,D20260511.01
1519.HK,HK,equity,2024-06-21,8.25,8.83,8.16,8.33,8.3,261317750.0,2183919691.34,0.0036144578313253017,0.0036144578313253017,0.0036079413761990835,PASS,2026-05-11T14:02:07Z,D20260511.01
1519.HK,HK,equity,2024-06-24,8.33,8.33,6.94,7.46,8.33,126206325.0,994435300.65,-0.10444177671068433,-0.10444177671068433,-0.1103080419630819,PASS,2026-05-11T14:02:07Z,D20260511.01
1519.HK,HK,equity,2024-06-25,7.46,7.73,7.26,7.28,7.46,13062200.0,97329962.0,-0.024128686327077764,-0.024128686327077764,-0.0244245520070749,PASS,2026-05-11T14:02:07Z,D20260511.01
1519.HK,HK,equity,2024-06-26,7.28,7.4,7.2,7.28,7.28,4762604.0,34869654.6,0.0,0.0,0.0,PASS,2026-05-11T14:02:07Z,D20260511.01
1519.HK,HK,equity,2024-06-27,7.29,7.37,7.08,7.22,7.28,11528059.0,83163074.64,-0.008241758241758323,-0.008241758241758323,-0.008275909303859822,PASS,2026-05-11T14:02:07Z,D20260511.01
1519.HK,HK,equity,2024-06-28,7.22,7.23,6.99,7.13,7.22,7024800.0,49830323.6,-0.012465373961218829,-0.012465373961218829,-0.012543718478530285,PASS,2026-05-11T14:02:07Z,D20260511.01
1519.HK,HK,equity,2024-07-02,7.13,7.37,7.1,7.2,7.13,2920483.0,21051613.97,0.009817671809256634,0.009817671809256634,0.00976979159580503,PASS,2026-05-11T14:02:07Z,D20260511.01
1519.HK,HK,equity,2024-07-03,7.2,7.54,7.2,7.47,7.2,9759400.0,71762620.4,0.03749999999999987,0.03749999999999987,0.036813973122716184,PASS,2026-05-11T14:02:07Z,D20260511.01
1519.HK,HK,equity,2024-07-04,7.53,7.61,7.36,7.51,7.47,2197400.0,16473889.4,0.0053547523427042165,0.0053547523427042165,0.005340466631317504,PASS,2026-05-11T14:02:07Z,D20260511.01
1519.HK,HK,equity,2024-07-05,7.48,7.48,7.36,7.41,7.51,1568000.0,11619139.0,-0.013315579227696328,-0.013315579227696328,-0.01340502646804778,PASS,2026-05-11T14:02:07Z,D20260511.01
1519.HK,HK,equity,2024-07-08,7.41,7.41,7.06,7.07,7.41,5522806.0,39458470.62,-0.045883940620782715,-0.045883940620782715,-0.04696995939951412,PASS,2026-05-11T14:02:07Z,D20260511.01
1519.HK,HK,equity,2024-07-09,7.07,7.35,7.0,7.28,7.07,5115832.0,36903625.36,0.02970297029702973,0.02970297029702973,0.029270382300113237,PASS,2026-05-11T14:02:07Z,D20260511.01
1519.HK,HK,equity,2024-07-10,7.37,7.37,7.11,7.2,7.28,1905620.0,13665020.5,-0.01098901098901095,-0.01098901098901095,-0.011049836186584935,PASS,2026-05-11T14:02:07Z,D20260511.01
1519.HK,HK,equity,2024-07-11,7.2,7.39,7.11,7.34,7.2,4054000.0,29543690.6,0.019444444444444375,0.019444444444444375,0.01925781660441452,PASS,2026-05-11T14:02:07Z,D20260511.01
1519.HK,HK,equity,2024-07-12,7.34,7.34,7.07,7.12,7.34,3936200.0,28103926.4,-0.02997275204359673,-0.02997275204359673,-0.030431117202539812,PASS,2026-05-11T14:02:07Z,D20260511.01
1519.HK,HK,equity,2024-07-15,7.12,7.12,7.01,7.01,7.12,1962800.0,13836016.0,-0.015449438202247201,-0.015449438202247201,-0.015570024377385687,PASS,2026-05-11T14:02:07Z,D20260511.01
1519.HK,HK,equity,2024-07-16,7.01,7.08,6.82,7.04,7.01,3987496.0,27746069.2,0.004279600570613384,0.004279600570613384,0.0042704691234522855,PASS,2026-05-11T14:02:07Z,D20260511.01
1519.HK,HK,equity,2024-07-17,6.96,7.09,6.94,7.0,7.04,1499800.0,10520299.0,-0.005681818181818232,-0.005681818181818232,-0.005698021114637779,PASS,2026-05-11T14:02:07Z,D20260511.01
1519.HK,HK,equity,2024-07-18,7.0,7.1,6.9,6.97,7.0,10500000.0,73223625.76,-0.004285714285714337,-0.004285714285714337,-0.004294924282880841,PASS,2026-05-11T14:02:07Z,D20260511.01
1519.HK,HK,equity,2024-07-19,6.91,6.99,6.78,6.78,6.97,3278400.0,22441180.8,-0.027259684361549463,-0.027259684361549463,-0.02763812282012828,PASS,2026-05-11T14:02:07Z,D20260511.01
1519.HK,HK,equity,2024-07-22,6.78,6.93,6.78,6.84,6.78,1163400.0,7948204.4,0.008849557522123908,0.008849557522123908,0.008810629682154906,PASS,2026-05-11T14:02:07Z,D20260511.01
1519.HK,HK,equity,2024-07-23,6.8,6.89,6.32,6.43,6.84,13974600.0,90709559.2,-0.059941520467836296,-0.059941520467836296,-0.06181319338493112,PASS,2026-05-11T14:02:07Z,D20260511.01
1519.HK,HK,equity,2024-07-24,6.44,6.44,6.12,6.21,6.43,7410580.0,46188637.7,-0.03421461897356137,-0.03421461897356137,-0.03481364230414056,PASS,2026-05-11T14:02:07Z,D20260511.01
1519.HK,HK,equity,2024-07-25,6.18,6.4,6.07,6.3,6.21,2753400.0,17303113.4,0.01449275362318847,0.01449275362318847,0.01438873745209967,PASS,2026-05-11T14:02:07Z,D20260511.01
1519.HK,HK,equity,2024-07-26,6.3,6.53,6.23,6.28,6.3,1941400.0,12326526.2,-0.0031746031746030523,-0.0031746031746030523,-0.003179652917379573,PASS,2026-05-11T14:02:07Z,D20260511.01
1519.HK,HK,equity,2024-07-29,6.28,6.28,6.01,6.09,6.28,5842600.0,35655188.0,-0.030254777070063743,-0.030254777070063743,-0.030721898758301704,PASS,2026-05-11T14:02:07Z,D20260511.01
1519.HK,HK,equity,2024-07-30,6.1,6.13,5.83,5.96,6.09,4837600.0,28768862.2,-0.021346469622331665,-0.021346469622331665,-0.021577600644547237,PASS,2026-05-11T14:02:07Z,D20260511.01
1519.HK,HK,equity,2024-07-31,5.97,6.32,5.71,6.15,5.96,4154900.0,25625815.0,0.03187919463087252,0.03187919463087252,0.03138160074116814,PASS,2026-05-11T14:02:07Z,D20260511.01
1519.HK,HK,equity,2024-08-01,6.15,6.3,6.09,6.14,6.15,3450391.0,21358721.79,-0.001626016260162677,-0.001626016260162677,-0.0016273396593754824,PASS,2026-05-11T14:02:07Z,D20260511.01
1519.HK,HK,equity,2024-08-02,6.15,6.21,6.05,6.16,6.14,3103200.0,18977846.0,0.0032573289902280145,0.0032573289902280145,0.003252035386377316,PASS,2026-05-11T14:02:07Z,D20260511.01
1519.HK,HK,equity,2024-08-05,6.17,6.18,5.85,5.97,6.16,3986800.0,23754876.2,-0.030844155844155896,-0.030844155844155896,-0.03132985014091774,PASS,2026-05-11T14:02:07Z,D20260511.01
1519.HK,HK,equity,2024-08-06,6.02,6.18,5.99,6.06,5.97,1678800.0,10237184.8,0.015075376884422065,0.015075376884422065,0.01496287267671232,PASS,2026-05-11T14:02:07Z,D20260511.01
1519.HK,HK,equity,2024-08-07,5.99,6.15,5.99,6.09,6.06,1556154.0,9479892.8,0.004950495049504955,0.004950495049504955,0.004938281640582577,PASS,2026-05-11T14:02:07Z,D20260511.01
1519.HK,HK,equity,2024-08-08,6.1,6.23,6.02,6.12,6.09,4605200.0,28226973.6,0.0049261083743843415,0.0049261083743843415,0.004914014802429163,PASS,2026-05-11T14:02:07Z,D20260511.01
1519.HK,HK,equity,2024-08-09,6.25,6.33,6.17,6.24,6.12,3319000.0,20754851.0,0.019607843137254832,0.019607843137254832,0.019418085857101516,PASS,2026-05-11T14:02:07Z,D20260511.01
1519.HK,HK,equity,2024-08-12,6.24,6.59,6.24,6.51,6.24,3784000.0,24541734.2,0.043269230769230616,0.043269230769230616,0.04235927383914143,PASS,2026-05-11T14:02:07Z,D20260511.01
1519.HK,HK,equity,2024-08-13,6.55,6.7,6.48,6.63,6.51,3592400.0,23585493.2,0.018433179723502224,0.018433179723502224,0.01826534797729319,PASS,2026-05-11T14:02:07Z,D20260511.01
1519.HK,HK,equity,2024-08-14,6.64,7.09,6.64,6.84,6.63,8331600.0,57311338.8,0.03167420814479627,0.03167420814479627,0.031182927436687845,PASS,2026-05-11T14:02:07Z,D20260511.01
1519.HK,HK,equity,2024-08-15,6.99,6.99,6.67,6.82,6.84,3993322.0,27152492.42,-0.0029239766081871066,-0.0029239766081871066,-0.002928259779088334,PASS,2026-05-11T14:02:07Z,D20260511.01
1519.HK,HK,equity,2024-08-16,6.5,7.05,6.5,6.81,6.82,20374400.0,140135782.6,-0.0014662756598241566,-0.0014662756598241566,-0.0014673516939498429,PASS,2026-05-11T14:02:07Z,D20260511.01
1519.HK,HK,equity,2024-08-19,7.18,7.45,7.0,7.23,6.81,39791369.0,287796303.96,0.06167400881057272,0.06167400881057272,0.059846916009252356,PASS,2026-05-11T14:02:07Z,D20260511.01
1519.HK,HK,equity,2024-08-20,7.43,7.45,6.48,6.8,7.23,28358400.0,192975915.6,-0.05947441217150773,-0.05947441217150773,-0.06131642398861243,PASS,2026-05-11T14:02:07Z,D20260511.01
1519.HK,HK,equity,2024-08-21,6.8,6.8,6.46,6.72,6.8,11089463.0,73806448.6,-0.0117647058823529,-0.0117647058823529,-0.011834457647002796,PASS,2026-05-11T14:02:07Z,D20260511.01
1519.HK,HK,equity,2024-08-22,6.72,6.88,6.56,6.6,6.72,8495800.0,56649423.0,-0.017857142857142905,-0.017857142857142905,-0.018018505502678365,PASS,2026-05-11T14:02:07Z,D20260511.01
1519.HK,HK,equity,2024-08-23,6.6,6.6,6.15,6.24,6.6,11957000.0,75116058.0,-0.05454545454545445,-0.05454545454545445,-0.05608946665104347,PASS,2026-05-11T14:02:07Z,D20260511.01
1519.HK,HK,equity,2024-08-26,6.24,6.48,6.24,6.36,6.24,6791000.0,43295175.0,0.019230769230769162,0.019230769230769162,0.01904819497069441,PASS,2026-05-11T14:02:07Z,D20260511.01
1519.HK,HK,equity,2024-08-27,6.36,6.57,6.3,6.5,6.36,6675705.0,43263607.05,0.022012578616352085,0.022012578616352085,0.021773799549560536,PASS,2026-05-11T14:02:07Z,D20260511.01
1519.HK,HK,equity,2024-08-28,6.5,6.5,6.09,6.15,6.5,8806200.0,55200781.6,-0.053846153846153766,-0.053846153846153766,-0.05535009508316484,PASS,2026-05-11T14:02:07Z,D20260511.01
1519.HK,HK,equity,2024-08-29,6.11,6.15,5.87,6.0,6.15,14285800.0,86005516.0,-0.024390243902439046,-0.024390243902439046,-0.02469261259037152,PASS,2026-05-11T14:02:07Z,D20260511.01
1519.HK,HK,equity,2024-08-30,6.0,6.2,5.93,6.04,6.0,11494983.0,70201866.83,0.006666666666666599,0.006666666666666599,0.006644542718668511,PASS,2026-05-11T14:02:07Z,D20260511.01
1519.HK,HK,equity,2024-09-02,6.04,6.09,5.88,6.07,6.04,9015200.0,53697096.0,0.004966887417218624,0.004966887417218624,0.004954593124683395,PASS,2026-05-11T14:02:07Z,D20260511.01
1519.HK,HK,equity,2024-09-03,6.06,6.54,6.05,6.37,6.07,17318600.0,110000100.0,0.0494233937397035,0.0494233937397035,0.04824086451266513,PASS,2026-05-11T14:02:07Z,D20260511.01
1519.HK,HK,equity,2024-09-04,6.37,6.55,6.28,6.29,6.37,9120200.0,58535274.4,-0.012558869701726816,-0.012558869701726816,-0.012638398871722793,PASS,2026-05-11T14:02:07Z,D20260511.01
1519.HK,HK,equity,2024-09-05,6.29,6.4,6.09,6.34,6.29,15652800.0,98222833.0,0.007949125596184325,0.007949125596184325,0.007917697736785306,PASS,2026-05-11T14:02:07Z,D20260511.01
1519.HK,HK,equity,2024-09-09,6.11,6.3,5.79,5.87,6.34,74950400.0,443805988.8,-0.07413249211356465,-0.07413249211356465,-0.07702413460912946,PASS,2026-05-11T14:02:07Z,D20260511.01
1519.HK,HK,equity,2024-09-10,5.91,6.02,5.61,5.79,5.87,33336502.0,194216944.36,-0.013628620102214661,-0.013628620102214661,-0.013722342255101216,PASS,2026-05-11T14:02:07Z,D20260511.01
1519.HK,HK,equity,2024-09-11,5.79,5.79,5.57,5.6,5.79,12703895.0,71497151.95,-0.032815198618307506,-0.032815198618307506,-0.033365693843800406,PASS,2026-05-11T14:02:07Z,D20260511.01
1519.HK,HK,equity,2024-09-12,5.6,5.88,5.6,5.85,5.6,8788600.0,50497903.0,0.044642857142857206,0.044642857142857206,0.043675063502661635,PASS,2026-05-11T14:02:07Z,D20260511.01
1519.HK,HK,equity,2024-09-13,5.85,5.88,5.7,5.74,5.85,4579400.0,26455867.0,-0.018803418803418737,-0.018803418803418737,-0.018982450912290005,PASS,2026-05-11T14:02:07Z,D20260511.01
1519.HK,HK,equity,2024-09-16,5.63,5.65,5.22,5.37,5.74,8642800.0,46280924.8,-0.06445993031358888,-0.06445993031358888,-0.06663130181070176,PASS,2026-05-11T14:02:07Z,D20260511.01
1519.HK,HK,equity,2024-09-17,5.31,5.37,5.17,5.29,5.37,10017000.0,52728376.0,-0.014897579143389184,-0.014897579143389184,-0.01500966265056529,PASS,2026-05-11T14:02:07Z,D20260511.01
1519.HK,HK,equity,2024-09-19,5.29,5.66,5.28,5.61,5.29,12985000.0,72314880.0,0.060491493383743045,0.060491493383743045,0.05873247366439706,PASS,2026-05-11T14:02:07Z,D20260511.01
1519.HK,HK,equity,2024-09-20,5.63,5.79,5.52,5.77,5.61,15648948.0,89553503.24,0.02852049910873422,0.02852049910873422,0.02812136098540307,PASS,2026-05-11T14:02:07Z,D20260511.01
1519.HK,HK,equity,2024-09-23,5.76,5.87,5.45,5.57,5.77,11218200.0,63333467.8,-0.03466204506065851,-0.03466204506065851,-0.03527702658081547,PASS,2026-05-11T14:02:07Z,D20260511.01
1519.HK,HK,equity,2024-09-24,5.75,6.17,5.68,6.06,5.57,30509800.0,182598179.56,0.08797127468581678,0.08797127468581678,0.08431474614203034,PASS,2026-05-11T14:02:07Z,D20260511.01
1519.HK,HK,equity,2024-09-25,6.36,6.55,6.21,6.3,6.06,25090372.0,160216436.76,0.03960396039603964,0.03960396039603964,0.03883983331626396,PASS,2026-05-11T14:02:07Z,D20260511.01
1519.HK,HK,equity,2024-09-26,6.3,6.56,6.28,6.5,6.3,34974000.0,225180418.0,0.031746031746031855,0.031746031746031855,0.03125254350410453,PASS,2026-05-11T14:02:07Z,D20260511.01
1519.HK,HK,equity,2024-09-27,6.6,6.99,6.47,6.89,6.5,40312800.0,272668090.0,0.06000000000000005,0.06000000000000005,0.058268908123975824,PASS,2026-05-11T14:02:07Z,D20260511.01
1519.HK,HK,equity,2024-09-30,7.09,7.35,6.89,7.02,6.89,45102200.0,319793426.2,0.018867924528301883,0.018867924528301883,0.018692133012152546,PASS,2026-05-11T14:02:07Z,D20260511.01
1519.HK,HK,equity,2024-10-02,7.28,7.34,7.02,7.08,7.02,35655442.0,256344459.44,0.008547008547008517,0.008547008547008517,0.00851068966790861,PASS,2026-05-11T14:02:07Z,D20260511.01
1519.HK,HK,equity,2024-10-03,7.08,7.08,6.47,6.75,7.08,21407496.0,144309969.48,-0.04661016949152541,-0.04661016949152541,-0.04773140282118992,PASS,2026-05-11T14:02:07Z,D20260511.01
1519.HK,HK,equity,2024-10-04,6.76,6.96,6.6,6.9,6.75,23031300.0,157040176.0,0.022222222222222365,0.022222222222222365,0.021978906718775382,PASS,2026-05-11T14:02:07Z,D20260511.01
1519.HK,HK,equity,2024-10-07,6.99,7.1,6.76,6.8,6.9,29127785.0,199494475.7,-0.01449275362318847,-0.01449275362318847,-0.014598799421152749,PASS,2026-05-11T14:02:07Z,D20260511.01
1519.HK,HK,equity,2024-10-08,6.88,6.91,6.14,6.39,6.8,58422358.0,379384878.63,-0.06029411764705883,-0.06029411764705883,-0.06218834379261759,PASS,2026-05-11T14:02:07Z,D20260511.01
1519.HK,HK,equity,2024-10-09,6.57,6.57,6.23,6.35,6.39,19936044.0,127207819.6,-0.006259780907668211,-0.006259780907668211,-0.006279455484843136,PASS,2026-05-11T14:02:07Z,D20260511.01
1519.HK,HK,equity,2024-10-10,6.58,6.58,6.29,6.43,6.35,13846200.0,88932663.2,0.012598425196850505,0.012598425196850505,0.012519725344927849,PASS,2026-05-11T14:02:07Z,D20260511.01
1519.HK,HK,equity,2024-10-14,6.43,6.43,6.16,6.27,6.43,10844300.0,67865362.0,-0.02488335925349927,-0.02488335925349927,-0.02519818360469874,PASS,2026-05-11T14:02:07Z,D20260511.01
1519.HK,HK,equity,2024-10-15,6.28,6.34,6.01,6.09,6.27,18207800.0,111646763.2,-0.028708133971291794,-0.028708133971291794,-0.0291282729230236,PASS,2026-05-11T14:02:07Z,D20260511.01
1519.HK,HK,equity,2024-10-16,6.09,6.25,6.06,6.19,6.09,9058000.0,56031555.8,0.016420361247947435,0.016420361247947435,0.01628700497469906,PASS,2026-05-11T14:02:07Z,D20260511.01
1519.HK,HK,equity,2024-10-17,6.19,6.29,5.96,5.99,6.19,8800074.0,53514213.92,-0.03231017770597744,-0.03231017770597744,-0.03284367456914681,PASS,2026-05-11T14:02:07Z,D20260511.01
1519.HK,HK,equity,2024-10-18,5.99,6.24,5.99,6.23,5.99,11005600.0,67477356.0,0.04006677796327218,0.04006677796327218,0.039284920672003856,PASS,2026-05-11T14:02:07Z,D20260511.01
1519.HK,HK,equity,2024-10-21,6.22,6.22,5.97,6.06,6.23,12208458.0,73990685.18,-0.027287319422151013,-0.027287319422151013,-0.027666532718138827,PASS,2026-05-11T14:02:07Z,D20260511.01
1519.HK,HK,equity,2024-10-22,6.05,6.16,6.01,6.06,6.06,6263600.0,38246286.0,0.0,0.0,0.0,PASS,2026-05-11T14:02:07Z,D20260511.01
1519.HK,HK,equity,2024-10-23,6.07,6.15,5.97,6.0,6.06,13544400.0,81863558.0,-0.009900990099009799,-0.009900990099009799,-0.00995033085316798,PASS,2026-05-11T14:02:07Z,D20260511.01
1519.HK,HK,equity,2024-10-24,6.0,6.0,5.82,5.85,6.0,8419016.0,49439263.72,-0.025000000000000022,-0.025000000000000022,-0.025317807984289897,PASS,2026-05-11T14:02:07Z,D20260511.01
1519.HK,HK,equity,2024-10-25,5.86,6.11,5.85,5.97,5.85,10937800.0,65846444.0,0.02051282051282044,0.02051282051282044,0.020305266160745523,PASS,2026-05-11T14:02:07Z,D20260511.01
1519.HK,HK,equity,2024-10-28,5.91,6.1,5.9,5.92,5.97,13039000.0,77713856.4,-0.008375209380234505,-0.008375209380234505,-0.008410478508596404,PASS,2026-05-11T14:02:07Z,D20260511.01
1519.HK,HK,equity,2024-10-29,5.96,6.07,5.85,5.92,5.92,9195800.0,54392665.0,0.0,0.0,0.0,PASS,2026-05-11T14:02:07Z,D20260511.01
1519.HK,HK,equity,2024-10-30,6.04,6.07,5.91,5.97,5.92,19288610.0,115536775.3,0.008445945945945832,0.008445945945945832,0.008410478508596293,PASS,2026-05-11T14:02:07Z,D20260511.01
1519.HK,HK,equity,2024-10-31,6.05,6.19,5.97,6.15,5.97,13836385.0,84109985.45,0.03015075376884435,0.03015075376884435,0.02970515441391591,PASS,2026-05-11T14:02:07Z,D20260511.01
1519.HK,HK,equity,2024-11-01,6.15,6.35,6.15,6.26,6.15,11456400.0,71591620.4,0.01788617886178856,0.01788617886178856,0.0177281032935806,PASS,2026-05-11T14:02:07Z,D20260511.01
1519.HK,HK,equity,2024-11-04,6.36,6.36,6.01,6.14,6.26,10949001.0,67100474.09,-0.019169329073482455,-0.019169329073482455,-0.01935544295295609,PASS,2026-05-11T14:02:07Z,D20260511.01
1519.HK,HK,equity,2024-11-05,6.14,6.23,6.05,6.22,6.14,8659400.0,53272515.0,0.013029315960912058,0.013029315960912058,0.012945164592036986,PASS,2026-05-11T14:02:07Z,D20260511.01
1519.HK,HK,equity,2024-11-06,6.23,6.23,5.92,5.97,6.22,17189200.0,103128149.2,-0.04019292604501612,-0.04019292604501612,-0.0410229793465774,PASS,2026-05-11T14:02:07Z,D20260511.01
1519.HK,HK,equity,2024-11-07,5.97,6.0,5.78,6.0,5.97,14643200.0,86817476.8,0.005025125628140836,0.005025125628140836,0.005012541823544414,PASS,2026-05-11T14:02:07Z,D20260511.01
1519.HK,HK,equity,2024-11-08,6.01,6.35,5.97,6.29,6.0,25615800.0,158891750.0,0.04833333333333334,0.04833333333333334,0.04720160148429416,PASS,2026-05-11T14:02:07Z,D20260511.01
1519.HK,HK,equity,2024-11-11,6.05,6.25,6.05,6.25,6.29,15328800.0,94559475.4,-0.006359300476947549,-0.006359300476947549,-0.00637960696403904,PASS,2026-05-11T14:02:07Z,D20260511.01
1519.HK,HK,equity,2024-11-12,6.12,6.34,6.03,6.08,6.25,13700350.0,84080313.5,-0.027200000000000002,-0.027200000000000002,-0.027576767770234493,PASS,2026-05-11T14:02:07Z,D20260511.01
1519.HK,HK,equity,2024-11-13,6.08,6.11,5.91,6.1,6.08,15142200.0,90526672.46,0.0032894736842103978,0.0032894736842103978,0.0032840752011897975,PASS,2026-05-11T14:02:07Z,D20260511.01
1519.HK,HK,equity,2024-11-14,6.05,6.18,5.89,5.91,6.1,17174200.0,103173786.2,-0.031147540983606503,-0.031147540983606503,-0.031642939761258676,PASS,2026-05-11T14:02:07Z,D20260511.01
1519.HK,HK,equity,2024-11-15,5.96,6.02,5.86,5.9,5.91,7520204.0,44660259.48,-0.0016920473773265332,-0.0016920473773265332,-0.0016934805063330315,PASS,2026-05-11T14:02:07Z,D20260511.01
1519.HK,HK,equity,2024-11-18,5.99,5.99,5.84,5.91,5.9,5689454.0,33525962.44,0.0016949152542371504,0.0016949152542371504,0.0016934805063329261,PASS,2026-05-11T14:02:07Z,D20260511.01
1519.HK,HK,equity,2024-11-19,5.91,5.98,5.86,5.89,5.91,7277200.0,43026918.2,-0.0033840947546531774,-0.0033840947546531774,-0.0033898337545115397,PASS,2026-05-11T14:02:07Z,D20260511.01
1519.HK,HK,equity,2024-11-20,5.89,5.92,5.83,5.91,5.89,6004200.0,35371781.0,0.00339558573853993,0.00339558573853993,0.003389833754511524,PASS,2026-05-11T14:02:07Z,D20260511.01
1519.HK,HK,equity,2024-11-21,5.93,5.95,5.82,5.84,5.91,6014308.0,35200771.04,-0.011844331641285955,-0.011844331641285955,-0.01191503457787114,PASS,2026-05-11T14:02:07Z,D20260511.01
1519.HK,HK,equity,2024-11-22,5.84,5.88,5.65,5.71,5.84,11106864.0,63543235.6,-0.022260273972602773,-0.022260273972602773,-0.022511773172216875,PASS,2026-05-11T14:02:07Z,D20260511.01
1519.HK,HK,equity,2024-11-25,5.71,5.79,5.64,5.71,5.71,6835105.0,39136596.55,0.0,0.0,0.0,PASS,2026-05-11T14:02:07Z,D20260511.01
1519.HK,HK,equity,2024-11-26,5.77,5.77,5.61,5.66,5.71,6690560.0,37867094.0,-0.008756567425569184,-0.008756567425569184,-0.008795131452827289,PASS,2026-05-11T14:02:07Z,D20260511.01
1519.HK,HK,equity,2024-11-27,5.66,5.85,5.57,5.85,5.66,14451800.0,82025195.4,0.03356890459363959,0.03356890459363959,0.03301776902867357,PASS,2026-05-11T14:02:07Z,D20260511.01
1519.HK,HK,equity,2024-11-28,5.9,5.9,5.59,5.66,5.85,12029800.0,68390326.0,-0.03247863247863236,-0.03247863247863236,-0.03301776902867344,PASS,2026-05-11T14:02:07Z,D20260511.01
1519.HK,HK,equity,2024-11-29,5.7,5.89,5.63,5.84,5.66,7883916.0,45801888.392,0.03180212014134276,0.03180212014134276,0.031306904625044124,PASS,2026-05-11T14:02:07Z,D20260511.01
1519.HK,HK,equity,2024-12-02,5.89,5.89,5.74,5.82,5.84,6003400.0,34941371.0,-0.003424657534246478,-0.003424657534246478,-0.0034305350967891368,PASS,2026-05-11T14:02:07Z,D20260511.01
1519.HK,HK,equity,2024-12-03,5.85,5.85,5.62,5.79,5.82,8253800.0,47113508.4,-0.005154639175257825,-0.005154639175257825,-0.005167970158442673,PASS,2026-05-11T14:02:07Z,D20260511.01
1519.HK,HK,equity,2024-12-04,5.79,5.94,5.7,5.9,5.79,9777714.0,57522148.48,0.01899827288428324,0.01899827288428324,0.018820059326769886,PASS,2026-05-11T14:02:07Z,D20260511.01
1519.HK,HK,equity,2024-12-05,5.9,5.92,5.73,5.92,5.9,6257200.0,36559986.4,0.003389830508474523,0.003389830508474523,0.003384097984240494,PASS,2026-05-11T14:02:07Z,D20260511.01
1519.HK,HK,equity,2024-12-06,5.93,6.17,5.87,6.13,5.92,26696455.0,162073781.65,0.03547297297297303,0.03547297297297303,0.03485830105220577,PASS,2026-05-11T14:02:07Z,D20260511.01
1519.HK,HK,equity,2024-12-09,6.1,6.25,5.96,6.25,6.13,13803000.0,84257128.0,0.019575856443719397,0.019575856443719397,0.019386713800190084,PASS,2026-05-11T14:02:07Z,D20260511.01
1519.HK,HK,equity,2024-12-10,6.5,6.5,6.01,6.02,6.25,25467848.0,159774159.25,-0.036800000000000055,-0.036800000000000055,-0.037494204427580516,PASS,2026-05-11T14:02:07Z,D20260511.01
1519.HK,HK,equity,2024-12-11,6.05,6.27,6.05,6.16,6.02,10626600.0,65573060.0,0.023255813953488413,0.023255813953488413,0.02298951822469878,PASS,2026-05-11T14:02:07Z,D20260511.01
1519.HK,HK,equity,2024-12-12,6.09,6.28,6.04,6.2,6.16,10647592.0,66218610.16,0.006493506493506551,0.006493506493506551,0.00647251450561752,PASS,2026-05-11T14:02:07Z,D20260511.01
1519.HK,HK,equity,2024-12-13,6.16,6.16,6.0,6.05,6.2,8279670.0,50124585.38,-0.024193548387096864,-0.024193548387096864,-0.02449102000829587,PASS,2026-05-11T14:02:07Z,D20260511.01
1519.HK,HK,equity,2024-12-16,6.0,6.07,5.95,5.99,6.05,4236600.0,25401095.8,-0.009917355371900749,-0.009917355371900749,-0.009966859915392036,PASS,2026-05-11T14:02:07Z,D20260511.01
1519.HK,HK,equity,2024-12-17,6.08,6.08,5.89,5.9,5.99,7963306.0,47370401.0,-0.015025041736226985,-0.015025041736226985,-0.015139061215684153,PASS,2026-05-11T14:02:07Z,D20260511.01
1519.HK,HK,equity,2024-12-18,5.99,6.1,5.84,6.06,5.9,4945333.0,29834211.67,0.027118644067796405,0.027118644067796405,0.026757449169549117,PASS,2026-05-11T14:02:07Z,D20260511.01
1519.HK,HK,equity,2024-12-19,6.06,6.12,5.95,6.04,6.06,4160800.0,25147994.4,-0.0033003300330032292,-0.0033003300330032292,-0.003305788134499433,PASS,2026-05-11T14:02:07Z,D20260511.01
1519.HK,HK,equity,2024-12-20,6.03,6.17,5.99,6.11,6.04,17771751.0,108317823.73,0.011589403973510048,0.011589403973510048,0.011522761236780489,PASS,2026-05-11T14:02:07Z,D20260511.01
1519.HK,HK,equity,2024-12-23,6.11,6.19,6.07,6.17,6.11,5820956.0,35780058.48,0.009819967266775809,0.009819967266775809,0.009772064733792522,PASS,2026-05-11T14:02:07Z,D20260511.01
1519.HK,HK,equity,2024-12-24,6.17,6.25,6.1,6.25,6.17,8700882.0,54049336.2,0.01296596434359798,0.01296596434359798,0.01288262583101361,PASS,2026-05-11T14:02:07Z,D20260511.01
1519.HK,HK,equity,2024-12-27,6.16,6.2,5.96,6.09,6.25,12112477.0,73130889.82,-0.025600000000000067,-0.025600000000000067,-0.025933382026504543,PASS,2026-05-11T14:02:07Z,D20260511.01
1519.HK,HK,equity,2024-12-30,6.09,6.13,6.01,6.11,6.09,8701478.0,52872153.9,0.003284072249589487,0.003284072249589487,0.0032786914616982953,PASS,2026-05-11T14:02:07Z,D20260511.01
1519.HK,HK,equity,2024-12-31,6.11,6.2,6.06,6.13,6.11,7953600.0,48791686.0,0.003273322422258529,0.003273322422258529,0.003267976764616013,PASS,2026-05-11T14:02:07Z,D20260511.01
1519.HK,HK,equity,2025-01-02,6.02,6.1,5.85,5.86,6.13,11536166.0,68403886.72,-0.04404567699836859,-0.04404567699836859,-0.04504514635919869,PASS,2026-05-11T14:02:07Z,D20260511.01
1519.HK,HK,equity,2025-01-03,5.87,5.98,5.58,5.66,5.86,17099800.0,97691097.6,-0.03412969283276457,-0.03412969283276457,-0.034725711373829744,PASS,2026-05-11T14:02:07Z,D20260511.01
1519.HK,HK,equity,2025-01-06,5.67,5.89,5.66,5.85,5.66,7802000.0,45307140.0,0.03356890459363959,0.03356890459363959,0.03301776902867357,PASS,2026-05-11T14:02:07Z,D20260511.01
1519.HK,HK,equity,2025-01-07,5.84,5.97,5.76,5.95,5.85,13178200.0,77376168.0,0.017094017094017255,0.017094017094017255,0.016949558313773424,PASS,2026-05-11T14:02:07Z,D20260511.01
1519.HK,HK,equity,2025-01-08,5.95,5.95,5.7,5.82,5.95,9084800.0,52489056.0,-0.021848739495798353,-0.021848739495798353,-0.022090957814191972,PASS,2026-05-11T14:02:07Z,D20260511.01
1519.HK,HK,equity,2025-01-09,5.85,6.49,5.83,6.42,5.82,60576200.0,384861272.0,0.1030927835051545,0.1030927835051545,0.09811785595852322,PASS,2026-05-11T14:02:07Z,D20260511.01
1519.HK,HK,equity,2025-01-10,6.42,6.66,6.32,6.52,6.42,28360722.0,185481822.88,0.015576323987538832,0.015576323987538832,0.015456258236691672,PASS,2026-05-11T14:02:07Z,D20260511.01
1519.HK,HK,equity,2025-01-13,6.4,6.43,6.11,6.23,6.52,19364000.0,119956596.8,-0.04447852760736182,-0.04447852760736182,-0.045498043139199654,PASS,2026-05-11T14:02:07Z,D20260511.01
1519.HK,HK,equity,2025-01-14,6.3,6.48,6.06,6.4,6.23,13696900.0,86532006.2,0.02728731942215079,0.02728731942215079,0.026921657566264308,PASS,2026-05-11T14:02:07Z,D20260511.01
1519.HK,HK,equity,2025-01-15,6.41,6.5,6.28,6.29,6.4,9852000.0,62609914.6,-0.017187500000000022,-0.017187500000000022,-0.01733691965327704,PASS,2026-05-11T14:02:07Z,D20260511.01
1519.HK,HK,equity,2025-01-16,6.29,6.42,6.22,6.4,6.29,11710165.0,74238641.0,0.01748807631160587,0.01748807631160587,0.01733691965327716,PASS,2026-05-11T14:02:07Z,D20260511.01
1519.HK,HK,equity,2025-01-17,6.35,6.47,6.23,6.33,6.4,11028600.0,69843591.0,-0.010937500000000044,-0.010937500000000044,-0.010997754209541398,PASS,2026-05-11T14:02:07Z,D20260511.01
1519.HK,HK,equity,2025-01-20,6.34,6.47,6.29,6.38,6.33,10577000.0,67360103.0,0.00789889415481837,0.00789889415481837,0.007867861200613738,PASS,2026-05-11T14:02:07Z,D20260511.01
1519.HK,HK,equity,2025-01-21,6.35,6.45,6.3,6.4,6.38,6122300.0,38975183.4,0.0031347962382446415,0.0031347962382446415,0.003129893008927787,PASS,2026-05-11T14:02:07Z,D20260511.01
1519.HK,HK,equity,2025-01-22,6.34,6.39,6.07,6.12,6.4,13842400.0,85219239.6,-0.04375000000000007,-0.04375000000000007,-0.04473589384139153,PASS,2026-05-11T14:02:07Z,D20260511.01
1519.HK,HK,equity,2025-01-23,6.12,6.12,5.88,5.93,6.12,17382948.0,103803368.852,-0.03104575163398704,-0.03104575163398704,-0.03153788351460075,PASS,2026-05-11T14:02:07Z,D20260511.01
1519.HK,HK,equity,2025-01-24,5.95,6.09,5.85,6.07,5.93,10543247.0,63311985.75,0.02360876897133224,0.02360876897133224,0.02333439206177284,PASS,2026-05-11T14:02:07Z,D20260511.01
1519.HK,HK,equity,2025-01-27,6.04,6.28,6.01,6.25,6.07,11193000.0,69482359.6,0.029654036243822013,0.029654036243822013,0.029222858676903177,PASS,2026-05-11T14:02:07Z,D20260511.01
1519.HK,HK,equity,2025-01-28,6.25,6.28,6.16,6.22,6.25,1184400.0,7376533.0,-0.0048000000000000265,-0.0048000000000000265,-0.004811556997222082,PASS,2026-05-11T14:02:07Z,D20260511.01
1519.HK,HK,equity,2025-02-03,6.22,6.34,6.01,6.21,6.22,11262251.0,70353817.82,-0.001607717041800627,-0.001607717041800627,-0.0016090108057006626,PASS,2026-05-11T14:02:07Z,D20260511.01
1519.HK,HK,equity,2025-02-04,6.26,6.8,6.26,6.54,6.21,28113000.0,183843639.0,0.0531400966183575,0.0531400966183575,0.05177626952371995,PASS,2026-05-11T14:02:07Z,D20260511.01
1519.HK,HK,equity,2025-02-05,6.54,6.54,6.16,6.18,6.54,15191300.0,95108448.6,-0.05504587155963303,-0.05504587155963303,-0.05661889399950793,PASS,2026-05-11T14:02:07Z,D20260511.01
1519.HK,HK,equity,2025-02-06,6.2,6.42,6.12,6.4,6.18,11463940.0,72320423.8,0.035598705501618255,0.035598705501618255,0.0349797188960269,PASS,2026-05-11T14:02:07Z,D20260511.01
1519.HK,HK,equity,2025-02-07,6.4,6.42,6.22,6.37,6.4,15450458.0,97457104.32,-0.004687500000000067,-0.004687500000000067,-0.004698520781554261,PASS,2026-05-11T14:02:07Z,D20260511.01
1519.HK,HK,equity,2025-02-10,6.23,6.42,6.22,6.38,6.37,11332400.0,72116898.0,0.0015698587127157548,0.0015698587127157548,0.001568627772626434,PASS,2026-05-11T14:02:07Z,D20260511.01
1519.HK,HK,equity,2025-02-11,6.31,6.4,6.21,6.24,6.38,11570749.0,72643053.86,-0.021943573667711602,-0.021943573667711602,-0.022187914975362218,PASS,2026-05-11T14:02:07Z,D20260511.01
1519.HK,HK,equity,2025-02-12,6.37,6.66,6.32,6.63,6.24,47584171.0,312491027.24,0.0625,0.0625,0.06062462181643484,PASS,2026-05-11T14:02:07Z,D20260511.01
1519.HK,HK,equity,2025-02-13,6.63,6.96,6.53,6.57,6.63,26071130.0,174683174.66,-0.009049773755656076,-0.009049773755656076,-0.009090971701251963,PASS,2026-05-11T14:02:07Z,D20260511.01
1519.HK,HK,equity,2025-02-14,6.57,6.68,6.39,6.57,6.57,19857263.0,129412728.5,0.0,0.0,0.0,PASS,2026-05-11T14:02:07Z,D20260511.01
1519.HK,HK,equity,2025-02-17,6.57,6.57,6.28,6.43,6.57,21538893.0,137524848.41,-0.021308980213089912,-0.021308980213089912,-0.021539294246991237,PASS,2026-05-11T14:02:07Z,D20260511.01
1519.HK,HK,equity,2025-02-18,6.35,6.69,6.35,6.65,6.43,15513400.0,101972705.0,0.034214618973561484,0.034214618973561484,0.033642316418234806,PASS,2026-05-11T14:02:07Z,D20260511.01
1519.HK,HK,equity,2025-02-19,6.64,6.64,6.45,6.61,6.65,16550100.0,108204269.4,-0.006015037593984918,-0.006015037593984918,-0.006033200804167809,PASS,2026-05-11T14:02:07Z,D20260511.01
1519.HK,HK,equity,2025-02-20,6.47,6.67,6.37,6.39,6.61,16661400.0,107780467.8,-0.033282904689863946,-0.033282904689863946,-0.03384938547415159,PASS,2026-05-11T14:02:07Z,D20260511.01
1519.HK,HK,equity,2025-02-21,6.5,6.62,6.42,6.62,6.39,11337000.0,74037059.2,0.03599374021909241,0.03599374021909241,0.03536110155947348,PASS,2026-05-11T14:02:07Z,D20260511.01
1519.HK,HK,equity,2025-02-24,6.52,6.66,6.45,6.59,6.62,16473200.0,108101210.0,-0.004531722054380682,-0.004531722054380682,-0.004542021434501009,PASS,2026-05-11T14:02:07Z,D20260511.01
1519.HK,HK,equity,2025-02-25,6.64,6.64,6.5,6.59,6.59,12902400.0,84734801.6,0.0,0.0,0.0,PASS,2026-05-11T14:02:07Z,D20260511.01
1519.HK,HK,equity,2025-02-26,6.65,6.9,6.6,6.74,6.59,25696914.0,174599612.0,0.022761760242792084,0.022761760242792084,0.02250657640979979,PASS,2026-05-11T14:02:07Z,D20260511.01
1519.HK,HK,equity,2025-02-27,6.73,6.8,6.63,6.68,6.74,19574000.0,131379724.8,-0.008902077151335397,-0.008902077151335397,-0.008941937375661393,PASS,2026-05-11T14:02:07Z,D20260511.01
1519.HK,HK,equity,2025-02-28,6.69,6.79,6.36,6.42,6.68,196793932.0,1265971430.15,-0.03892215568862267,-0.03892215568862267,-0.039699869846684464,PASS,2026-05-11T14:02:07Z,D20260511.01
1519.HK,HK,equity,2025-03-03,6.42,6.42,6.07,6.13,6.42,74353605.0,468843020.36,-0.04517133956386299,-0.04517133956386299,-0.046223367753749835,PASS,2026-05-11T14:02:07Z,D20260511.01
1519.HK,HK,equity,2025-03-04,6.13,6.13,5.8,5.99,6.13,34709000.0,205038234.6,-0.022838499184339223,-0.022838499184339223,-0.023103337820761956,PASS,2026-05-11T14:02:07Z,D20260511.01
1519.HK,HK,equity,2025-03-05,6.08,6.15,5.84,5.96,5.99,31902600.0,189281668.8,-0.005008347245409106,-0.005008347245409106,-0.005020931050099681,PASS,2026-05-11T14:02:07Z,D20260511.01
1519.HK,HK,equity,2025-03-06,6.22,6.76,6.21,6.37,5.96,111799990.0,726324764.26,0.06879194630872476,0.06879194630872476,0.06652898850681352,PASS,2026-05-11T14:02:07Z,D20260511.01
1519.HK,HK,equity,2025-03-07,6.44,6.44,5.88,5.93,6.37,62012000.0,373387693.1,-0.06907378335949765,-0.06907378335949765,-0.0715752565744379,PASS,2026-05-11T14:02:07Z,D20260511.01
1519.HK,HK,equity,2025-03-10,5.95,6.07,5.89,6.05,5.93,31963708.0,191109707.64,0.02023608768971341,0.02023608768971341,0.020034059033116097,PASS,2026-05-11T14:02:07Z,D20260511.01
1519.HK,HK,equity,2025-03-11,5.99,6.02,5.86,5.91,6.05,27241165.0,161107885.35,-0.023140495867768562,-0.023140495867768562,-0.023412440624743232,PASS,2026-05-11T14:02:07Z,D20260511.01
1519.HK,HK,equity,2025-03-12,5.99,5.99,5.86,5.97,5.91,19622243.0,116325314.39,0.010152284263959421,0.010152284263959421,0.01010109598650392,PASS,2026-05-11T14:02:07Z,D20260511.01
1519.HK,HK,equity,2025-03-13,5.98,5.98,5.73,5.83,5.97,36407200.0,211499426.0,-0.02345058626465657,-0.02345058626465657,-0.02372992704210966,PASS,2026-05-11T14:02:07Z,D20260511.01
1519.HK,HK,equity,2025-03-14,5.87,5.93,5.8,5.93,5.83,16977597.0,99938831.51,0.01715265866209248,0.01715265866209248,0.01700721264723293,PASS,2026-05-11T14:02:07Z,D20260511.01
1519.HK,HK,equity,2025-03-17,5.9,5.99,5.89,5.96,5.93,15597363.0,92813854.07,0.005059021922428464,0.005059021922428464,0.0050462680676244395,PASS,2026-05-11T14:02:07Z,D20260511.01
1519.HK,HK,equity,2025-03-18,5.99,6.15,5.97,6.15,5.96,25681980.0,155867174.42,0.03187919463087252,0.03187919463087252,0.03138160074116814,PASS,2026-05-11T14:02:07Z,D20260511.01
1519.HK,HK,equity,2025-03-19,6.16,6.23,6.01,6.02,6.15,17561805.0,107183683.5,-0.021138211382113914,-0.021138211382113914,-0.021364822497696927,PASS,2026-05-11T14:02:07Z,D20260511.01
1519.HK,HK,equity,2025-03-20,6.06,6.06,5.9,5.92,6.02,13498763.0,80165089.81,-0.01661129568106301,-0.01661129568106301,-0.01675081042481524,PASS,2026-05-11T14:02:07Z,D20260511.01
1519.HK,HK,equity,2025-03-21,5.92,5.92,5.75,5.78,5.92,27764449.0,161105164.37,-0.023648648648648574,-0.023648648648648574,-0.023932766211628136,PASS,2026-05-11T14:02:07Z,D20260511.01
1519.HK,HK,equity,2025-03-24,5.79,5.8,5.63,5.64,5.78,32895777.0,186794241.06,-0.02422145328719738,-0.02422145328719738,-0.024519617174318727,PASS,2026-05-11T14:02:07Z,D20260511.01
1519.HK,HK,equity,2025-03-25,5.64,5.64,5.47,5.54,5.64,30835383.0,170853987.69,-0.01773049645390068,-0.01773049645390068,-0.017889564750775057,PASS,2026-05-11T14:02:07Z,D20260511.01
1519.HK,HK,equity,2025-03-26,5.58,5.69,5.55,5.69,5.54,15210890.0,85717070.2,0.027075812274368394,0.027075812274368394,0.02671574737904727,PASS,2026-05-11T14:02:07Z,D20260511.01
1519.HK,HK,equity,2025-03-27,5.7,5.8,5.62,5.78,5.69,11884906.0,68239841.74,0.01581722319859402,0.01581722319859402,0.015693434546046547,PASS,2026-05-11T14:02:07Z,D20260511.01
1519.HK,HK,equity,2025-03-28,5.78,5.85,5.68,5.69,5.78,12602915.0,72081817.5,-0.01557093425605538,-0.01557093425605538,-0.015693434546046565,PASS,2026-05-11T14:02:07Z,D20260511.01
1519.HK,HK,equity,2025-03-31,5.69,5.7,5.57,5.66,5.69,18192360.0,102261603.8,-0.005272407732864748,-0.005272407732864748,-0.00528635592314806,PASS,2026-05-11T14:02:07Z,D20260511.01
1519.HK,HK,equity,2025-04-01,5.66,5.67,5.52,5.53,5.66,27171001.0,151243161.57,-0.0229681978798586,-0.0229681978798586,-0.023236076680848074,PASS,2026-05-11T14:02:07Z,D20260511.01
1519.HK,HK,equity,2025-04-02,5.6,5.6,5.46,5.52,5.53,10678801.0,58905270.67,-0.001808318264014619,-0.001808318264014619,-0.0018099552452396416,PASS,2026-05-11T14:02:07Z,D20260511.01
1519.HK,HK,equity,2025-04-03,5.52,5.52,5.36,5.46,5.52,16215720.0,87701534.64,-0.010869565217391242,-0.010869565217391242,-0.010929070532190206,PASS,2026-05-11T14:02:07Z,D20260511.01
1519.HK,HK,equity,2025-04-07,5.0,5.08,4.68,4.68,5.46,72932628.0,350894183.04,-0.1428571428571429,-0.1428571428571429,-0.15415067982725836,PASS,2026-05-11T14:02:07Z,D20260511.01
1519.HK,HK,equity,2025-04-08,4.75,4.85,4.6,4.82,4.68,41036774.0,194691194.72,0.02991452991453003,0.02991452991453003,0.02947581813295368,PASS,2026-05-11T14:02:07Z,D20260511.01
1519.HK,HK,equity,2025-04-09,4.69,5.02,4.53,4.97,4.82,54768217.0,261801320.96,0.03112033195020736,0.03112033195020736,0.030645912046028314,PASS,2026-05-11T14:02:07Z,D20260511.01
1519.HK,HK,equity,2025-04-10,5.19,5.23,5.02,5.14,4.97,30477400.0,156465103.0,0.03420523138832987,0.03420523138832987,0.03363323935853628,PASS,2026-05-11T14:02:07Z,D20260511.01
1519.HK,HK,equity,2025-04-11,5.13,5.45,5.07,5.31,5.14,35801979.0,188783162.56,0.03307392996108938,0.03307392996108938,0.032538755786773614,PASS,2026-05-11T14:02:07Z,D20260511.01
1519.HK,HK,equity,2025-04-14,5.35,5.6,5.32,5.49,5.31,26348000.0,144884802.0,0.033898305084745894,0.033898305084745894,0.033336420267591926,PASS,2026-05-11T14:02:07Z,D20260511.01
1519.HK,HK,equity,2025-04-15,5.47,5.81,5.45,5.6,5.49,45669000.0,258083864.0,0.02003642987249532,0.02003642987249532,0.019838342219664164,PASS,2026-05-11T14:02:07Z,D20260511.01
1519.HK,HK,equity,2025-04-16,5.59,5.77,5.42,5.49,5.6,35788960.0,199567008.0,-0.019642857142857073,-0.019642857142857073,-0.019838342219664216,PASS,2026-05-11T14:02:07Z,D20260511.01
1519.HK,HK,equity,2025-04-17,5.5,5.59,5.44,5.49,5.49,16117372.0,88722793.19,0.0,0.0,0.0,PASS,2026-05-11T14:02:07Z,D20260511.01
1519.HK,HK,equity,2025-04-22,5.49,5.63,5.45,5.57,5.49,25746401.0,143636254.31,0.014571948998178597,0.014571948998178597,0.014466798417753479,PASS,2026-05-11T14:02:07Z,D20260511.01
1519.HK,HK,equity,2025-04-23,5.54,5.74,5.54,5.71,5.57,29935396.0,170085317.98,0.025134649910233398,0.025134649910233398,0.0248239697287262,PASS,2026-05-11T14:02:07Z,D20260511.01
1519.HK,HK,equity,2025-04-24,5.7,5.75,5.63,5.68,5.71,12733464.0,72419651.76,-0.005253940455341555,-0.005253940455341555,-0.005267790934858916,PASS,2026-05-11T14:02:07Z,D20260511.01
1519.HK,HK,equity,2025-04-25,5.65,5.94,5.65,5.88,5.68,39095689.0,228635295.47,0.035211267605633756,0.035211267605633756,0.03460552917747552,PASS,2026-05-11T14:02:07Z,D20260511.01
1519.HK,HK,equity,2025-04-28,5.89,6.04,5.8,6.01,5.88,22013342.0,131771788.41,0.022108843537415046,0.022108843537415046,0.02186798663658074,PASS,2026-05-11T14:02:07Z,D20260511.01
1519.HK,HK,equity,2025-04-29,6.05,6.05,5.92,5.99,6.01,13911892.0,83537548.91,-0.0033277870216305017,-0.0033277870216305017,-0.003333336419758116,PASS,2026-05-11T14:02:07Z,D20260511.01
1519.HK,HK,equity,2025-04-30,5.94,6.06,5.92,6.04,5.99,11856886.0,71303834.7,0.008347245409014992,0.008347245409014992,0.008312599819365565,PASS,2026-05-11T14:02:07Z,D20260511.01
1519.HK,HK,equity,2025-05-02,5.97,6.18,5.97,6.14,6.04,11626967.0,71005685.41,0.01655629139072845,0.01655629139072845,0.01642073021232749,PASS,2026-05-11T14:02:07Z,D20260511.01
1519.HK,HK,equity,2025-05-06,6.08,6.24,6.02,6.13,6.14,18430937.0,113650479.92,-0.0016286644951140072,-0.0016286644951140072,-0.0016299922109310643,PASS,2026-05-11T14:02:07Z,D20260511.01
1519.HK,HK,equity,2025-05-07,6.25,6.38,6.17,6.29,6.13,48546843.0,303132018.47,0.02610114192495927,0.02610114192495927,0.02576632076422918,PASS,2026-05-11T14:02:07Z,D20260511.01
1519.HK,HK,equity,2025-05-08,6.29,6.29,6.13,6.19,6.29,14568103.0,90212190.38,-0.015898251192368762,-0.015898251192368762,-0.016025984015844343,PASS,2026-05-11T14:02:07Z,D20260511.01
1519.HK,HK,equity,2025-05-09,6.13,6.25,6.07,6.24,6.19,18010235.0,110940246.79,0.008077544426494221,0.008077544426494221,0.008045095684831438,PASS,2026-05-11T14:02:07Z,D20260511.01
1519.HK,HK,equity,2025-05-12,6.35,6.45,6.2,6.4,6.24,20507813.0,130368495.93,0.025641025641025772,0.025641025641025772,0.02531780798429,PASS,2026-05-11T14:02:07Z,D20260511.01
1519.HK,HK,equity,2025-05-13,6.34,6.41,6.31,6.39,6.4,22124422.0,140008426.79,-0.0015625000000001332,-0.0015625000000001332,-0.00156372197618287,PASS,2026-05-11T14:02:07Z,D20260511.01
1519.HK,HK,equity,2025-05-14,6.39,6.39,6.29,6.37,6.39,11692714.0,74160948.0,-0.00312989045383405,-0.00312989045383405,-0.003134798805371392,PASS,2026-05-11T14:02:07Z,D20260511.01
1519.HK,HK,equity,2025-05-15,6.36,6.38,6.24,6.24,6.37,8423985.0,52999656.35,-0.020408163265306145,-0.020408163265306145,-0.020619287202735703,PASS,2026-05-11T14:02:07Z,D20260511.01
1519.HK,HK,equity,2025-05-16,6.17,6.31,6.11,6.24,6.24,14081287.0,87584992.47,0.0,0.0,0.0,PASS,2026-05-11T14:02:07Z,D20260511.01
1519.HK,HK,equity,2025-05-19,6.24,6.5,6.15,6.41,6.24,23577950.0,151056766.47,0.027243589743589647,0.027243589743589647,0.02687908855124228,PASS,2026-05-11T14:02:07Z,D20260511.01
1519.HK,HK,equity,2025-05-20,6.45,6.45,6.31,6.34,6.41,9809238.0,62444424.88,-0.01092043681747279,-0.01092043681747279,-0.010980502483444208,PASS,2026-05-11T14:02:07Z,D20260511.01
1519.HK,HK,equity,2025-05-21,6.34,6.4,6.16,6.35,6.34,16625449.0,104997421.39,0.001577287066246047,0.001577287066246047,0.0015760444554657142,PASS,2026-05-11T14:02:07Z,D20260511.01
1519.HK,HK,equity,2025-05-22,6.4,6.53,6.3,6.42,6.35,38727486.0,249488165.14,0.011023622047244164,0.011023622047244164,0.010963304797269594,PASS,2026-05-11T14:02:07Z,D20260511.01
1519.HK,HK,equity,2025-05-23,6.41,6.72,6.36,6.52,6.42,61956289.0,409389992.24,0.015576323987538832,0.015576323987538832,0.015456258236691672,PASS,2026-05-11T14:02:07Z,D20260511.01
1519.HK,HK,equity,2025-05-26,6.7,6.7,6.3,6.47,6.52,27313561.0,176127974.68,-0.0076687116564416735,-0.0076687116564416735,-0.007698267425752344,PASS,2026-05-11T14:02:07Z,D20260511.01
1519.HK,HK,equity,2025-05-27,6.39,6.71,6.39,6.65,6.47,28191599.0,186765901.87,0.02782071097372496,0.02782071097372496,0.02744074615495365,PASS,2026-05-11T14:02:07Z,D20260511.01
1519.HK,HK,equity,2025-05-28,6.72,6.99,6.63,6.9,6.65,50223348.0,346024042.57,0.03759398496240607,0.03759398496240607,0.03690455693545098,PASS,2026-05-11T14:02:07Z,D20260511.01
1519.HK,HK,equity,2025-05-29,6.9,6.95,6.81,6.88,6.9,46899762.0,322815091.6,-0.0028985507246377384,-0.0028985507246377384,-0.0029027596579614626,PASS,2026-05-11T14:02:07Z,D20260511.01
1519.HK,HK,equity,2025-05-30,6.82,6.95,6.76,6.83,6.88,38946131.0,265922784.84,-0.007267441860465129,-0.007267441860465129,-0.007293978362553611,PASS,2026-05-11T14:02:07Z,D20260511.01
1519.HK,HK,equity,2025-06-02,6.78,6.82,6.68,6.82,6.83,10339652.0,69613929.62,-0.0014641288433381305,-0.0014641288433381305,-0.0014652017273278806,PASS,2026-05-11T14:02:07Z,D20260511.01
1519.HK,HK,equity,2025-06-03,6.82,6.91,6.82,6.89,6.82,23316275.0,160610168.34,0.01026392961876832,0.01026392961876832,0.010211613170196462,PASS,2026-05-11T14:02:07Z,D20260511.01
1519.HK,HK,equity,2025-06-04,6.87,6.91,6.79,6.88,6.89,23140226.0,159133722.8,-0.0014513788098693414,-0.0014513788098693414,-0.0014524330803148745,PASS,2026-05-11T14:02:07Z,D20260511.01
1519.HK,HK,equity,2025-06-05,6.88,6.9,6.7,6.77,6.88,12712176.0,86166941.34,-0.015988372093023284,-0.015988372093023284,-0.016117565021068696,PASS,2026-05-11T14:02:07Z,D20260511.01
1519.HK,HK,equity,2025-06-06,6.77,6.89,6.71,6.85,6.77,12822714.0,87352241.8,0.011816838995568624,0.011816838995568624,0.011747565349950235,PASS,2026-05-11T14:02:07Z,D20260511.01
1519.HK,HK,equity,2025-06-09,6.85,6.9,6.8,6.85,6.85,10141406.0,69628187.86,0.0,0.0,0.0,PASS,2026-05-11T14:02:07Z,D20260511.01
1519.HK,HK,equity,2025-06-10,6.88,6.95,6.78,6.8,6.85,26270278.0,179795716.48,-0.007299270072992692,-0.007299270072992692,-0.007326040092072898,PASS,2026-05-11T14:02:07Z,D20260511.01
1519.HK,HK,equity,2025-06-11,6.81,6.83,6.73,6.79,6.8,10981891.0,74536129.64,-0.0014705882352941124,-0.0014705882352941124,-0.0014716706114562507,PASS,2026-05-11T14:02:07Z,D20260511.01
1519.HK,HK,equity,2025-06-12,6.72,6.78,6.69,6.74,6.79,9704225.0,65449506.8,-0.007363770250368162,-0.007363770250368162,-0.007391016646389067,PASS,2026-05-11T14:02:07Z,D20260511.01
1519.HK,HK,equity,2025-06-13,6.66,6.78,6.55,6.67,6.74,20984199.0,139706777.07,-0.010385756676557945,-0.010385756676557945,-0.010440064996683398,PASS,2026-05-11T14:02:07Z,D20260511.01
1519.HK,HK,equity,2025-06-16,6.67,6.94,6.57,6.8,6.67,26065861.0,177917698.1,0.019490254872563728,0.019490254872563728,0.019302752254528675,PASS,2026-05-11T14:02:07Z,D20260511.01
1519.HK,HK,equity,2025-06-17,6.88,6.91,6.75,6.83,6.8,15072700.0,103313977.3,0.004411764705882337,0.004411764705882337,0.004402061400637665,PASS,2026-05-11T14:02:07Z,D20260511.01
1519.HK,HK,equity,2025-06-18,6.76,6.83,6.75,6.78,6.83,7719150.0,52364900.5,-0.007320644216691097,-0.007320644216691097,-0.007347571630394522,PASS,2026-05-11T14:02:07Z,D20260511.01
1519.HK,HK,equity,2025-06-19,6.77,6.77,6.51,6.56,6.78,14283000.0,93834281.4,-0.03244837758112107,-0.03244837758112107,-0.03298649899630666,PASS,2026-05-11T14:02:07Z,D20260511.01
1519.HK,HK,equity,2025-06-20,6.57,6.63,6.53,6.61,6.56,40427732.0,266904229.28,0.007621951219512368,0.007621951219512368,0.007593050907597416,PASS,2026-05-11T14:02:07Z,D20260511.01
1519.HK,HK,equity,2025-06-23,6.57,6.71,6.52,6.66,6.61,14343197.0,95025250.84,0.0075642965204236745,0.0075642965204236745,0.007535830688702924,PASS,2026-05-11T14:02:07Z,D20260511.01
1519.HK,HK,equity,2025-06-24,6.66,6.91,6.66,6.79,6.66,19846096.0,135505573.43,0.019519519519519468,0.019519519519519468,0.01933145701830694,PASS,2026-05-11T14:02:07Z,D20260511.01
1519.HK,HK,equity,2025-06-25,6.84,6.94,6.8,6.87,6.79,14563280.0,100026878.8,0.01178203240058906,0.01178203240058906,0.01171316466365317,PASS,2026-05-11T14:02:07Z,D20260511.01
1519.HK,HK,equity,2025-06-26,6.75,6.85,6.66,6.71,6.87,8189400.0,55187456.0,-0.02328966521106257,-0.02328966521106257,-0.023565155250667526,PASS,2026-05-11T14:02:07Z,D20260511.01
1519.HK,HK,equity,2025-06-27,6.67,6.92,6.67,6.85,6.71,25300027.0,173807541.54,0.02086438152011927,0.02086438152011927,0.02064970129054354,PASS,2026-05-11T14:02:07Z,D20260511.01
1519.HK,HK,equity,2025-06-30,6.9,7.05,6.77,6.78,6.85,21014854.0,144993480.88,-0.010218978102189746,-0.010218978102189746,-0.010271550321829685,PASS,2026-05-11T14:02:07Z,D20260511.01
1519.HK,HK,equity,2025-07-02,6.89,7.14,6.84,7.1,6.78,42711261.0,299640537.15,0.0471976401179941,0.0471976401179941,0.046117682094965536,PASS,2026-05-11T14:02:07Z,D20260511.01
1519.HK,HK,equity,2025-07-03,7.2,7.5,7.2,7.29,7.1,45514600.0,334626600.0,0.026760563380281654,0.026760563380281654,0.02640876197329701,PASS,2026-05-11T14:02:07Z,D20260511.01
1519.HK,HK,equity,2025-07-04,7.27,7.92,7.25,7.69,7.29,102316659.0,782488520.52,0.054869684499314175,0.054869684499314175,0.05341723749698587,PASS,2026-05-11T14:02:07Z,D20260511.01
1519.HK,HK,equity,2025-07-07,7.69,7.83,7.59,7.72,7.69,34996953.0,269391535.8,0.0039011703511051543,0.0039011703511051543,0.0038935805191320197,PASS,2026-05-11T14:02:07Z,D20260511.01
1519.HK,HK,equity,2025-07-08,7.92,8.18,7.73,8.01,7.72,75525943.0,600255251.04,0.03756476683937815,0.03756476683937815,0.03687639704358296,PASS,2026-05-11T14:02:07Z,D20260511.01
1519.HK,HK,equity,2025-07-09,8.0,8.47,7.94,8.39,8.01,74577731.0,617010916.05,0.0474406991260925,0.0474406991260925,0.046349759398847064,PASS,2026-05-11T14:02:07Z,D20260511.01
1519.HK,HK,equity,2025-07-10,8.5,9.14,8.39,9.03,8.39,125915239.0,1115110577.54,0.07628128724672223,0.07628128724672223,0.07351184694977919,PASS,2026-05-11T14:02:07Z,D20260511.01
1519.HK,HK,equity,2025-07-11,8.97,9.25,8.83,8.95,9.03,71241344.0,640664088.225,-0.008859357696566983,-0.008859357696566983,-0.008898835142130032,PASS,2026-05-11T14:02:07Z,D20260511.01
1519.HK,HK,equity,2025-07-14,9.1,9.36,8.87,9.07,8.95,60472196.0,549017274.92,0.013407821229050487,0.013407821229050487,0.013318731840281437,PASS,2026-05-11T14:02:07Z,D20260511.01
1519.HK,HK,equity,2025-07-15,9.18,9.43,8.95,9.32,9.07,80218245.0,740043346.36,0.027563395810363822,0.027563395810363822,0.027190364570454567,PASS,2026-05-11T14:02:07Z,D20260511.01
1519.HK,HK,equity,2025-07-16,9.36,9.42,9.21,9.29,9.32,40229994.0,374120794.98,-0.0032188841201717944,-0.0032188841201717944,-0.003224075871752788,PASS,2026-05-11T14:02:07Z,D20260511.01
1519.HK,HK,equity,2025-07-17,9.29,9.45,9.24,9.4,9.29,35709286.0,335003663.72,0.011840688912809538,0.011840688912809538,0.011771136450211129,PASS,2026-05-11T14:02:07Z,D20260511.01
1519.HK,HK,equity,2025-07-18,9.45,9.75,9.4,9.7,9.4,40176769.0,386279012.68,0.03191489361702127,0.03191489361702127,0.031416196233378914,PASS,2026-05-11T14:02:07Z,D20260511.01
1519.HK,HK,equity,2025-07-21,9.7,9.94,9.59,9.82,9.7,45990177.0,452078788.26,0.012371134020618735,0.012371134020618735,0.012295236857037558,PASS,2026-05-11T14:02:07Z,D20260511.01
1519.HK,HK,equity,2025-07-22,9.82,9.94,9.49,9.69,9.82,51042458.0,493954435.92,-0.013238289205702691,-0.013238289205702691,-0.013326696463699701,PASS,2026-05-11T14:02:07Z,D20260511.01
1519.HK,HK,equity,2025-07-23,9.8,9.8,9.49,9.68,9.69,28689994.0,275569756.12,-0.0010319917440659854,-0.0010319917440659854,-0.001032524614189153,PASS,2026-05-11T14:02:07Z,D20260511.01
1519.HK,HK,equity,2025-07-24,9.58,9.93,9.58,9.84,9.68,35207268.0,346678112.68,0.016528925619834656,0.016528925619834656,0.016393809775676352,PASS,2026-05-11T14:02:07Z,D20260511.01
1519.HK,HK,equity,2025-07-25,9.87,10.3,9.76,10.16,9.84,62760730.0,633444680.07,0.03252032520325199,0.03252032520325199,0.032002731086173734,PASS,2026-05-11T14:02:07Z,D20260511.01
1519.HK,HK,equity,2025-07-28,10.18,10.72,10.18,10.42,10.16,57390081.0,601435551.36,0.025590551181102317,0.025590551181102317,0.025268594174884983,PASS,2026-05-11T14:02:07Z,D20260511.01
1519.HK,HK,equity,2025-07-29,10.42,10.96,10.3,10.92,10.42,77877800.0,838212483.36,0.04798464491362764,0.04798464491362764,0.046868933991538124,PASS,2026-05-11T14:02:07Z,D20260511.01
1519.HK,HK,equity,2025-07-30,11.04,11.34,10.5,10.66,10.92,85876282.0,927533907.64,-0.023809523809523836,-0.023809523809523836,-0.02409755157906053,PASS,2026-05-11T14:02:07Z,D20260511.01
1519.HK,HK,equity,2025-07-31,10.66,10.72,10.24,10.32,10.66,47255578.0,491556267.02,-0.031894934333958735,-0.031894934333958735,-0.03241465868428182,PASS,2026-05-11T14:02:07Z,D20260511.01
1519.HK,HK,equity,2025-08-01,10.38,11.04,10.32,10.58,10.32,52999353.0,571264608.24,0.025193798449612448,0.025193798449612448,0.02488166637673669,PASS,2026-05-11T14:02:07Z,D20260511.01
1519.HK,HK,equity,2025-08-04,10.8,10.8,10.36,10.54,10.58,22449611.0,236205951.75,-0.003780718336483968,-0.003780718336483968,-0.0037878833169370917,PASS,2026-05-11T14:02:07Z,D20260511.01
1519.HK,HK,equity,2025-08-05,10.56,10.6,10.02,10.29,10.54,58215142.0,594446431.08,-0.02371916508538896,-0.02371916508538896,-0.024004993267257992,PASS,2026-05-11T14:02:07Z,D20260511.01
1519.HK,HK,equity,2025-08-06,10.29,10.37,10.06,10.25,10.29,36438846.0,372030386.54,-0.0038872691933915515,-0.0038872691933915515,-0.0038948442615409622,PASS,2026-05-11T14:02:07Z,D20260511.01
1519.HK,HK,equity,2025-08-07,10.12,10.6,10.03,10.47,10.25,40764400.0,422173573.4,0.02146341463414636,0.02146341463414636,0.02123631929802832,PASS,2026-05-11T14:02:07Z,D20260511.01
1519.HK,HK,equity,2025-08-08,10.3,10.69,10.26,10.52,10.47,25506685.0,267796032.95,0.0047755491881564804,0.0047755491881564804,0.004764182427118158,PASS,2026-05-11T14:02:07Z,D20260511.01
1519.HK,HK,equity,2025-08-11,10.63,10.85,10.25,10.35,10.52,27113600.0,281300871.2,-0.016159695817490438,-0.016159695817490438,-0.016291687598185663,PASS,2026-05-11T14:02:07Z,D20260511.01
1519.HK,HK,equity,2025-08-12,10.35,10.35,10.14,10.29,10.35,22355350.0,228882727.5,-0.005797101449275366,-0.005797101449275366,-0.005813969865419845,PASS,2026-05-11T14:02:07Z,D20260511.01
1519.HK,HK,equity,2025-08-13,10.4,10.5,10.13,10.47,10.29,27592800.0,285606840.0,0.017492711370262537,0.017492711370262537,0.01734147503648739,PASS,2026-05-11T14:02:07Z,D20260511.01
1519.HK,HK,equity,2025-08-14,10.48,10.77,10.42,10.6,10.47,34137353.0,362217296.58,0.01241642788920716,0.01241642788920716,0.012339976235575876,PASS,2026-05-11T14:02:07Z,D20260511.01
1519.HK,HK,equity,2025-08-15,10.54,10.65,10.35,10.52,10.6,30560996.0,320961412.8,-0.007547169811320753,-0.007547169811320753,-0.007575793808457656,PASS,2026-05-11T14:02:07Z,D20260511.01
1519.HK,HK,equity,2025-08-18,10.6,11.21,10.56,10.93,10.52,87969144.0,967585131.28,0.03897338403041828,0.03897338403041828,0.03823309487888342,PASS,2026-05-11T14:02:07Z,D20260511.01
1519.HK,HK,equity,2025-08-19,11.03,11.03,10.68,10.92,10.93,33519200.0,364798655.8,-0.0009149130832570851,-0.0009149130832570851,-0.0009153318716882037,PASS,2026-05-11T14:02:07Z,D20260511.01
1519.HK,HK,equity,2025-08-20,10.92,11.01,10.68,10.93,10.92,27374600.0,298301869.2,0.0009157509157509125,0.0009157509157509125,0.000915331871688206,PASS,2026-05-11T14:02:07Z,D20260511.01
1519.HK,HK,equity,2025-08-21,10.99,11.08,10.75,10.92,10.93,24828300.0,269642879.2,-0.0009149130832570851,-0.0009149130832570851,-0.0009153318716882037,PASS,2026-05-11T14:02:07Z,D20260511.01
1519.HK,HK,equity,2025-08-22,10.92,10.92,10.66,10.81,10.92,23552820.0,253434091.4,-0.010073260073260037,-0.010073260073260037,-0.010124338665642038,PASS,2026-05-11T14:02:07Z,D20260511.01
1519.HK,HK,equity,2025-08-25,10.81,10.81,10.35,10.77,10.81,48445240.0,512400284.56,-0.0037002775208141436,-0.0037002775208141436,-0.003707140482819796,PASS,2026-05-11T14:02:07Z,D20260511.01
1519.HK,HK,equity,2025-08-26,10.7,10.92,10.61,10.88,10.77,40287395.0,436260734.38,0.010213556174559102,0.010213556174559102,0.010161750259499513,PASS,2026-05-11T14:02:07Z,D20260511.01
1519.HK,HK,equity,2025-08-27,10.88,10.9,10.63,10.75,10.88,32758139.0,353562358.59,-0.01194852941176483,-0.01194852941176483,-0.01202048685412489,PASS,2026-05-11T14:02:07Z,D20260511.01
1519.HK,HK,equity,2025-08-28,10.7,10.7,10.2,10.48,10.75,58917340.0,611350107.2,-0.025116279069767433,-0.025116279069767433,-0.025437075680775693,PASS,2026-05-11T14:02:07Z,D20260511.01
1519.HK,HK,equity,2025-08-29,10.46,10.72,10.26,10.4,10.48,31862600.0,334459812.4,-0.007633587786259555,-0.007633587786259555,-0.007662872745569137,PASS,2026-05-11T14:02:07Z,D20260511.01
1519.HK,HK,equity,2025-09-01,10.24,10.27,9.11,10.09,10.4,172764060.0,1680975329.83,-0.029807692307692313,-0.029807692307692313,-0.030260971781809396,PASS,2026-05-11T14:02:07Z,D20260511.01
1519.HK,HK,equity,2025-09-02,9.97,9.97,9.49,9.65,10.09,71380997.0,685909227.85,-0.043607532210108935,-0.043607532210108935,-0.044586919014622944,PASS,2026-05-11T14:02:07Z,D20260511.01
1519.HK,HK,equity,2025-09-03,9.75,9.82,9.46,9.62,9.65,43986200.0,421988937.0,-0.0031088082901555847,-0.0031088082901555847,-0.0031136506732795813,PASS,2026-05-11T14:02:07Z,D20260511.01
1519.HK,HK,equity,2025-09-04,9.8,9.89,9.41,9.56,9.62,39885935.0,382528787.64,-0.006237006237006071,-0.006237006237006071,-0.006256537614305037,PASS,2026-05-11T14:02:07Z,D20260511.01
1519.HK,HK,equity,2025-09-05,9.71,9.89,9.58,9.84,9.56,64355111.0,631298133.87,0.029288702928870203,0.029288702928870203,0.02886798400085205,PASS,2026-05-11T14:02:07Z,D20260511.01
1519.HK,HK,equity,2025-09-08,9.84,10.0,9.7,9.91,9.84,52639731.0,519946826.97,0.007113821138211351,0.007113821138211351,0.007088637277734536,PASS,2026-05-11T14:02:07Z,D20260511.01
1519.HK,HK,equity,2025-09-09,9.91,10.13,9.72,9.81,9.91,29969072.0,296386179.16,-0.010090817356205761,-0.010090817356205761,-0.010142074764624814,PASS,2026-05-11T14:02:07Z,D20260511.01
1519.HK,HK,equity,2025-09-10,9.7,9.94,9.7,9.77,9.81,20871471.0,205055486.56,-0.004077471967380286,-0.004077471967380286,-0.004085807522580405,PASS,2026-05-11T14:02:07Z,D20260511.01
1519.HK,HK,equity,2025-09-11,9.77,9.92,9.56,9.69,9.77,25535537.0,247384314.27,-0.008188331627430934,-0.008188331627430934,-0.008222040152016531,PASS,2026-05-11T14:02:07Z,D20260511.01
1519.HK,HK,equity,2025-09-12,9.64,9.72,9.51,9.64,9.69,25387834.0,243966707.79,-0.005159958720330149,-0.005159958720330149,-0.005173317280220528,PASS,2026-05-11T14:02:07Z,D20260511.01
1519.HK,HK,equity,2025-09-15,9.65,9.65,9.14,9.25,9.64,54864096.0,507898665.18,-0.04045643153526979,-0.04045643153526979,-0.0412975570981205,PASS,2026-05-11T14:02:07Z,D20260511.01
1519.HK,HK,equity,2025-09-16,9.24,9.43,9.09,9.23,9.25,41595597.0,382011488.0,-0.00216216216216214,-0.00216216216216214,-0.002164503009573014,PASS,2026-05-11T14:02:07Z,D20260511.01
1519.HK,HK,equity,2025-09-17,9.16,9.22,8.83,9.03,9.23,60199589.0,540648506.98,-0.021668472372697867,-0.021668472372697867,-0.021906681085866884,PASS,2026-05-11T14:02:07Z,D20260511.01
1519.HK,HK,equity,2025-09-18,9.26,9.4,9.13,9.2,9.03,49093800.0,454132935.0,0.01882613510520481,0.01882613510520481,0.018651116626100514,PASS,2026-05-11T14:02:07Z,D20260511.01
1519.HK,HK,equity,2025-09-19,9.39,9.75,9.35,9.51,9.2,55976590.0,535598852.06,0.033695652173913127,0.033695652173913127,0.03314039250230439,PASS,2026-05-11T14:02:07Z,D20260511.01
1519.HK,HK,equity,2025-09-22,9.76,10.04,9.52,9.9,9.51,60152100.0,595103116.63,0.04100946372239744,0.04100946372239744,0.04019088058324528,PASS,2026-05-11T14:02:07Z,D20260511.01
1519.HK,HK,equity,2025-09-23,9.93,10.02,9.61,9.78,9.9,51908524.0,508147844.52,-0.0121212121212122,-0.0121212121212122,-0.012195273093818355,PASS,2026-05-11T14:02:07Z,D20260511.01
1519.HK,HK,equity,2025-09-24,9.78,10.32,9.67,10.12,9.78,86065726.0,872356343.21,0.03476482617586907,0.03476482617586907,0.03417417981259347,PASS,2026-05-11T14:02:07Z,D20260511.01
1519.HK,HK,equity,2025-09-25,10.29,10.3,9.95,10.05,10.12,30735874.0,309584675.98,-0.006916996047430679,-0.006916996047430679,-0.006941029354234576,PASS,2026-05-11T14:02:07Z,D20260511.01
1519.HK,HK,equity,2025-09-26,10.0,10.06,9.82,9.89,10.05,11903583.0,118457471.84,-0.015920398009950265,-0.015920398009950265,-0.016048488870464027,PASS,2026-05-11T14:02:07Z,D20260511.01
1519.HK,HK,equity,2025-09-29,9.9,9.99,9.69,9.85,9.89,13880388.0,136132783.12,-0.004044489383215444,-0.004044489383215444,-0.004052690450623308,PASS,2026-05-11T14:02:07Z,D20260511.01
1519.HK,HK,equity,2025-09-30,9.95,9.95,9.67,9.78,9.85,25602107.0,250050846.5,-0.007106598984771617,-0.007106598984771617,-0.00713197113727159,PASS,2026-05-11T14:02:07Z,D20260511.01
1519.HK,HK,equity,2025-10-02,9.78,9.83,9.67,9.77,9.78,7285032.0,71088067.96,-0.0010224948875255935,-0.0010224948875255935,-0.0010230179920346257,PASS,2026-05-11T14:02:07Z,D20260511.01
1519.HK,HK,equity,2025-10-03,9.77,9.77,9.49,9.65,9.77,6698800.0,64192282.0,-0.01228249744114629,-0.01228249744114629,-0.012358550703796736,PASS,2026-05-11T14:02:07Z,D20260511.01
1519.HK,HK,equity,2025-10-06,9.65,9.65,9.5,9.6,9.65,3712135.0,35484823.0,-0.005181347150259086,-0.005181347150259086,-0.005194816877104023,PASS,2026-05-11T14:02:07Z,D20260511.01
1519.HK,HK,equity,2025-10-08,9.62,9.62,9.45,9.55,9.6,5570228.0,52985041.72,-0.005208333333333259,-0.005208333333333259,-0.005221943981151601,PASS,2026-05-11T14:02:07Z,D20260511.01
1519.HK,HK,equity,2025-10-09,9.6,10.17,9.55,9.98,9.55,38205541.0,379244181.1,0.04502617801047126,0.04502617801047126,0.044041935830733785,PASS,2026-05-11T14:02:07Z,D20260511.01
1519.HK,HK,equity,2025-10-10,9.98,9.98,9.27,9.5,9.98,35868687.0,342278633.55,-0.04809619238476959,-0.04809619238476959,-0.04929129171687751,PASS,2026-05-11T14:02:07Z,D20260511.01
1519.HK,HK,equity,2025-10-13,8.55,9.74,8.55,9.71,9.5,62930327.0,593713695.79,0.02210526315789485,0.02210526315789485,0.021864483696738504,PASS,2026-05-11T14:02:07Z,D20260511.01
1519.HK,HK,equity,2025-10-14,9.9,10.24,9.54,9.61,9.71,36897406.0,362391606.34,-0.010298661174047541,-0.010298661174047541,-0.010352059321032588,PASS,2026-05-11T14:02:07Z,D20260511.01
1519.HK,HK,equity,2025-10-15,9.92,10.27,9.71,10.15,9.61,52842116.0,532669915.4,0.05619146722164414,0.05619146722164414,0.05466948250559524,PASS,2026-05-11T14:02:07Z,D20260511.01
1519.HK,HK,equity,2025-10-16,10.46,10.54,10.17,10.34,10.15,35839604.0,372477647.5,0.01871921182266001,0.01871921182266001,0.018546163592486644,PASS,2026-05-11T14:02:07Z,D20260511.01
1519.HK,HK,equity,2025-10-17,10.34,10.36,9.86,9.9,10.34,22883486.0,228245148.8,-0.04255319148936165,-0.04255319148936165,-0.04348511193973878,PASS,2026-05-11T14:02:07Z,D20260511.01
1519.HK,HK,equity,2025-10-20,10.18,10.32,10.0,10.19,9.9,17134970.0,174747393.0,0.02929292929292915,0.02929292929292915,0.028872090094089062,PASS,2026-05-11T14:02:07Z,D20260511.01
1519.HK,HK,equity,2025-10-21,10.31,10.76,10.2,10.39,10.19,31410031.0,331071924.16,0.01962708537782154,0.01962708537782154,0.019436957876502722,PASS,2026-05-11T14:02:07Z,D20260511.01
1519.HK,HK,equity,2025-10-22,10.49,10.52,10.31,10.47,10.39,11506347.0,119920595.13,0.007699711260827691,0.007699711260827691,0.007670219771309434,PASS,2026-05-11T14:02:07Z,D20260511.01
1519.HK,HK,equity,2025-10-23,10.48,10.48,10.05,10.31,10.47,19210013.0,196755552.73,-0.015281757402101248,-0.015281757402101248,-0.015399726853576936,PASS,2026-05-11T14:02:07Z,D20260511.01
1519.HK,HK,equity,2025-10-24,10.32,10.48,10.29,10.42,10.31,15529400.0,161765179.4,0.010669253152279179,0.010669253152279179,0.010612738296352143,PASS,2026-05-11T14:02:07Z,D20260511.01
1519.HK,HK,equity,2025-10-27,10.42,10.58,10.2,10.41,10.42,21608736.0,223427082.2,-0.0009596928982725794,-0.0009596928982725794,-0.0009601536983433704,PASS,2026-05-11T14:02:07Z,D20260511.01
1519.HK,HK,equity,2025-10-28,10.44,10.46,9.96,10.11,10.41,29606621.0,299542485.81,-0.028818443804034644,-0.028818443804034644,-0.02924184959449753,PASS,2026-05-11T14:02:07Z,D20260511.01
1519.HK,HK,equity,2025-10-30,10.29,10.29,9.86,10.0,10.11,17035313.0,169601843.13,-0.010880316518298683,-0.010880316518298683,-0.010939940038334333,PASS,2026-05-11T14:02:07Z,D20260511.01
1519.HK,HK,equity,2025-10-31,10.0,10.18,9.85,9.97,10.0,19828000.0,198924096.0,-0.0029999999999998916,-0.0029999999999998916,-0.0030045090202986133,PASS,2026-05-11T14:02:07Z,D20260511.01
1519.HK,HK,equity,2025-11-03,10.18,10.2,9.74,10.11,9.97,16348181.0,164326897.29,0.014042126379137265,0.014042126379137265,0.01394444905863294,PASS,2026-05-11T14:02:07Z,D20260511.01
1519.HK,HK,equity,2025-11-04,10.2,10.2,9.82,9.92,10.11,12342439.0,122578397.0,-0.01879327398615227,-0.01879327398615227,-0.018972111735598568,PASS,2026-05-11T14:02:07Z,D20260511.01
1519.HK,HK,equity,2025-11-05,10.04,10.04,9.68,9.92,9.92,11225096.0,110271164.33,0.0,0.0,0.0,PASS,2026-05-11T14:02:07Z,D20260511.01
1519.HK,HK,equity,2025-11-06,10.0,10.18,9.92,10.0,9.92,17086034.0,170662331.34,0.008064516129032251,0.008064516129032251,0.008032171697264253,PASS,2026-05-11T14:02:07Z,D20260511.01
1519.HK,HK,equity,2025-11-07,9.99,9.99,9.77,9.91,10.0,12174107.0,120289235.39,-0.009000000000000008,-0.009000000000000008,-0.00904074465214907,PASS,2026-05-11T14:02:07Z,D20260511.01
1519.HK,HK,equity,2025-11-10,9.94,10.17,9.78,10.0,9.91,17131156.0,171302474.45,0.00908173562058523,0.00908173562058523,0.009040744652149024,PASS,2026-05-11T14:02:07Z,D20260511.01
1519.HK,HK,equity,2025-11-11,10.0,10.2,9.96,10.04,10.0,13528740.0,135748408.3,0.0040000000000000036,0.0040000000000000036,0.003992021269537457,PASS,2026-05-11T14:02:07Z,D20260511.01
1519.HK,HK,equity,2025-11-12,10.04,10.14,9.89,9.99,10.04,11638305.0,116128426.65,-0.004980079681274785,-0.004980079681274785,-0.004992521603120871,PASS,2026-05-11T14:02:07Z,D20260511.01
1519.HK,HK,equity,2025-11-13,9.98,10.07,9.81,10.0,9.99,19358231.0,192403637.2,0.0010010010010010895,0.0010010010010010895,0.001000500333583622,PASS,2026-05-11T14:02:07Z,D20260511.01
1519.HK,HK,equity,2025-11-14,9.95,10.15,9.82,9.9,10.0,11952437.0,119600193.61,-0.010000000000000009,-0.010000000000000009,-0.01005033585350145,PASS,2026-05-11T14:02:07Z,D20260511.01
1519.HK,HK,equity,2025-11-17,9.9,10.01,9.67,9.87,9.9,19742254.0,193455291.52,-0.003030303030303161,-0.003030303030303161,-0.0030349036951541584,PASS,2026-05-11T14:02:07Z,D20260511.01
1519.HK,HK,equity,2025-11-18,9.87,9.88,9.65,9.73,9.87,13847655.0,134839535.5,-0.014184397163120477,-0.014184397163120477,-0.014285957247476428,PASS,2026-05-11T14:02:07Z,D20260511.01
1519.HK,HK,equity,2025-11-19,9.68,9.82,9.27,9.53,9.73,44085905.0,415719994.83,-0.020554984583761704,-0.020554984583761704,-0.020769178531803094,PASS,2026-05-11T14:02:07Z,D20260511.01
1519.HK,HK,equity,2025-11-20,9.6,9.72,9.43,9.52,9.53,12512637.0,118936433.35,-0.0010493179433368471,-0.0010493179433368471,-0.0010498688628368148,PASS,2026-05-11T14:02:07Z,D20260511.01
1519.HK,HK,equity,2025-11-21,9.52,9.52,9.2,9.37,9.52,21836543.0,203986960.81,-0.01575630252100846,-0.01575630252100846,-0.015881752552943183,PASS,2026-05-11T14:02:07Z,D20260511.01
1519.HK,HK,equity,2025-11-24,9.37,9.52,9.35,9.5,9.37,18077592.0,171043283.04,0.013874066168623411,0.013874066168623411,0.013778702356164475,PASS,2026-05-11T14:02:07Z,D20260511.01
1519.HK,HK,equity,2025-11-25,9.51,9.68,9.34,9.41,9.5,26286674.0,248295381.55,-0.0094736842105263,-0.0094736842105263,-0.00951884500920687,PASS,2026-05-11T14:02:07Z,D20260511.01
1519.HK,HK,equity,2025-11-26,9.3,9.51,9.29,9.4,9.41,14259126.0,133284376.21,-0.0010626992561104665,-0.0010626992561104665,-0.0010632643213300003,PASS,2026-05-11T14:02:07Z,D20260511.01
1519.HK,HK,equity,2025-11-27,9.28,9.68,9.28,9.6,9.4,13413200.0,128496144.8,0.02127659574468077,0.02127659574468077,0.021053409197832263,PASS,2026-05-11T14:02:07Z,D20260511.01
1519.HK,HK,equity,2025-11-28,9.51,9.66,9.42,9.58,9.6,12991400.0,123594842.2,-0.002083333333333326,-0.002083333333333326,-0.0020855064910213707,PASS,2026-05-11T14:02:07Z,D20260511.01
1519.HK,HK,equity,2025-12-01,9.4,9.65,9.4,9.6,9.58,14037433.0,133584272.03,0.0020876826722338038,0.0020876826722338038,0.002085506491021361,PASS,2026-05-11T14:02:07Z,D20260511.01
1519.HK,HK,equity,2025-12-02,9.63,10.4,9.51,10.3,9.6,65530040.0,664235447.6,0.07291666666666674,0.07291666666666674,0.0703807967617996,PASS,2026-05-11T14:02:07Z,D20260511.01
1519.HK,HK,equity,2025-12-03,10.2,10.46,10.16,10.44,10.3,41765277.0,433404762.86,0.013592233009708687,0.013592233009708687,0.013500687218902524,PASS,2026-05-11T14:02:07Z,D20260511.01
1519.HK,HK,equity,2025-12-04,10.46,10.53,10.27,10.5,10.44,24473733.0,256140633.84,0.005747126436781658,0.005747126436781658,0.0057306747089850745,PASS,2026-05-11T14:02:07Z,D20260511.01
1519.HK,HK,equity,2025-12-05,10.4,10.71,10.33,10.69,10.5,29770571.0,314929363.64,0.018095238095237942,0.018095238095237942,0.01793346787347602,PASS,2026-05-11T14:02:07Z,D20260511.01
1519.HK,HK,equity,2025-12-08,10.66,10.66,10.33,10.48,10.69,21288093.0,222336484.45,-0.019644527595883865,-0.019644527595883865,-0.019840046144057613,PASS,2026-05-11T14:02:07Z,D20260511.01
1519.HK,HK,equity,2025-12-09,10.4,10.59,10.38,10.46,10.48,16081070.0,168505466.4,-0.001908396946564861,-0.001908396946564861,-0.0019102202561192376,PASS,2026-05-11T14:02:07Z,D20260511.01
1519.HK,HK,equity,2025-12-10,10.45,10.45,10.09,10.16,10.46,14768172.0,150830184.24,-0.028680688336520155,-0.028680688336520155,-0.029100016486441088,PASS,2026-05-11T14:02:07Z,D20260511.01
1519.HK,HK,equity,2025-12-11,10.17,10.25,9.98,10.08,10.16,15238939.0,153468218.07,-0.007874015748031482,-0.007874015748031482,-0.007905179507113261,PASS,2026-05-11T14:02:07Z,D20260511.01
1519.HK,HK,equity,2025-12-12,10.08,10.91,10.01,10.61,10.08,37200600.0,393727879.2,0.052579365079365115,0.052579365079365115,0.05124368998266924,PASS,2026-05-11T14:02:07Z,D20260511.01
1519.HK,HK,equity,2025-12-15,10.85,10.98,10.49,10.81,10.61,27765491.0,301412983.39,0.018850141376060447,0.018850141376060447,0.018674679025225266,PASS,2026-05-11T14:02:07Z,D20260511.01
1519.HK,HK,equity,2025-12-16,10.8,10.98,10.43,10.56,10.81,19227540.0,203578926.0,-0.023126734505087843,-0.023126734505087843,-0.023398353373001456,PASS,2026-05-11T14:02:07Z,D20260511.01
1519.HK,HK,equity,2025-12-17,10.56,10.56,10.31,10.49,10.56,9568800.0,99737864.2,-0.006628787878787956,-0.006628787878787956,-0.006650855869909686,PASS,2026-05-11T14:02:07Z,D20260511.01
1519.HK,HK,equity,2025-12-18,10.47,10.59,10.31,10.43,10.49,6466044.0,67498683.2,-0.0057197330791229906,-0.0057197330791229906,-0.005736153395524746,PASS,2026-05-11T14:02:07Z,D20260511.01
1519.HK,HK,equity,2025-12-19,10.48,10.51,10.3,10.5,10.43,13277425.0,138496305.29,0.006711409395973256,0.006711409395973256,0.00668898815079671,PASS,2026-05-11T14:02:07Z,D20260511.01
1519.HK,HK,equity,2025-12-22,10.5,10.52,10.23,10.3,10.5,23843762.0,245908283.5,-0.01904761904761898,-0.01904761904761898,-0.019231361927887533,PASS,2026-05-11T14:02:07Z,D20260511.01
1519.HK,HK,equity,2025-12-23,10.45,10.69,10.3,10.59,10.3,24784250.0,261889882.56,0.028155339805825186,0.028155339805825186,0.027766264377724947,PASS,2026-05-11T14:02:07Z,D20260511.01
1519.HK,HK,equity,2025-12-24,10.38,10.75,10.38,10.6,10.59,12326804.0,130717596.67,0.0009442870632672129,0.0009442870632672129,0.0009438415047063485,PASS,2026-05-11T14:02:07Z,D20260511.01
1519.HK,HK,equity,2025-12-29,10.49,10.63,9.8,10.31,10.6,33747091.0,347928244.3,-0.027358490566037674,-0.027358490566037674,-0.02773970308915284,PASS,2026-05-11T14:02:07Z,D20260511.01
1519.HK,HK,equity,2025-12-30,10.36,10.45,10.16,10.27,10.31,20406400.0,210682782.8,-0.0038797284190107417,-0.0038797284190107417,-0.0038872740884017677,PASS,2026-05-11T14:02:07Z,D20260511.01
1519.HK,HK,equity,2025-12-31,10.18,10.55,10.18,10.45,10.27,10809710.0,112164118.4,0.017526777020447915,0.017526777020447915,0.017374954470353157,PASS,2026-05-11T14:02:07Z,D20260511.01
1519.HK,HK,equity,2026-01-02,10.45,10.46,10.24,10.41,10.45,3892800.0,40423906.0,-0.00382775119617218,-0.00382775119617218,-0.003835095783942426,PASS,2026-05-11T14:02:07Z,D20260511.01
1519.HK,HK,equity,2026-01-05,10.41,11.06,10.41,11.0,10.41,45471143.0,498385858.42,0.0566762728146013,0.0566762728146013,0.055128390171492986,PASS,2026-05-11T14:02:07Z,D20260511.01
1519.HK,HK,equity,2026-01-06,11.01,11.33,10.96,11.2,11.0,38476194.0,431152898.11,0.018181818181818077,0.018181818181818077,0.018018505502678212,PASS,2026-05-11T14:02:07Z,D20260511.01
1519.HK,HK,equity,2026-01-07,11.2,11.68,11.01,11.58,11.2,39551039.0,453394517.7,0.03392857142857153,0.03392857142857153,0.03336569384380043,PASS,2026-05-11T14:02:07Z,D20260511.01
1519.HK,HK,equity,2026-01-08,11.58,12.07,11.57,11.85,11.58,46296649.0,550742175.99,0.023316062176165664,0.023316062176165664,0.02304839543629087,PASS,2026-05-11T14:02:07Z,D20260511.01
1519.HK,HK,equity,2026-01-09,11.85,12.2,11.79,12.0,11.85,45861836.0,551782257.96,0.012658227848101333,0.012658227848101333,0.012578782206860185,PASS,2026-05-11T14:02:07Z,D20260511.01
1519.HK,HK,equity,2026-01-12,12.08,12.08,11.68,11.89,12.0,29440262.0,347418993.96,-0.009166666666666656,-0.009166666666666656,-0.009208939085309837,PASS,2026-05-11T14:02:07Z,D20260511.01
1519.HK,HK,equity,2026-01-13,12.0,12.15,11.66,11.81,11.89,16693848.0,197028648.35,-0.006728343145500415,-0.006728343145500415,-0.00675108049341952,PASS,2026-05-11T14:02:07Z,D20260511.01
1519.HK,HK,equity,2026-01-14,11.61,11.82,11.47,11.74,11.81,27131680.0,315203309.5,-0.00592718035563089,-0.00592718035563089,-0.005944815809320617,PASS,2026-05-11T14:02:07Z,D20260511.01
1519.HK,HK,equity,2026-01-15,12.15,12.16,11.72,11.83,11.74,41475201.0,494701475.39,0.0076660988074956915,0.0076660988074956915,0.007636863590344971,PASS,2026-05-11T14:02:07Z,D20260511.01
1519.HK,HK,equity,2026-01-16,11.9,11.9,11.32,11.4,11.83,23843115.0,273842177.69,-0.036348267117497834,-0.036348267117497834,-0.03702532258984558,PASS,2026-05-11T14:02:07Z,D20260511.01
1519.HK,HK,equity,2026-01-19,11.38,11.38,11.15,11.32,11.4,21801400.0,245189393.6,-0.007017543859649145,-0.007017543859649145,-0.007042282625412923,PASS,2026-05-11T14:02:07Z,D20260511.01
1519.HK,HK,equity,2026-01-20,11.35,11.36,11.06,11.32,11.32,19566969.0,219607455.96,0.0,0.0,0.0,PASS,2026-05-11T14:02:07Z,D20260511.01
1519.HK,HK,equity,2026-01-21,11.33,11.57,11.13,11.26,11.32,13902743.0,156551567.69,-0.005300353356890497,-0.005300353356890497,-0.00531445006349259,PASS,2026-05-11T14:02:07Z,D20260511.01
1519.HK,HK,equity,2026-01-22,11.26,11.32,10.99,11.12,11.26,18788584.0,208009230.04,-0.01243339253996456,-0.01243339253996456,-0.012511333889108092,PASS,2026-05-11T14:02:07Z,D20260511.01
1519.HK,HK,equity,2026-01-23,10.89,11.09,10.52,10.76,11.12,49746654.0,538303161.92,-0.03237410071942437,-0.03237410071942437,-0.03290973408879787,PASS,2026-05-11T14:02:07Z,D20260511.01
1519.HK,HK,equity,2026-01-26,10.75,10.75,10.45,10.68,10.76,41523409.0,439369464.67,-0.0074349442379182396,-0.0074349442379182396,-0.0074627212015896,PASS,2026-05-11T14:02:07Z,D20260511.01
1519.HK,HK,equity,2026-01-27,10.67,10.88,10.34,10.47,10.68,53625170.0,561893933.62,-0.019662921348314488,-0.019662921348314488,-0.019858808649603172,PASS,2026-05-11T14:02:07Z,D20260511.01
1519.HK,HK,equity,2026-01-28,10.41,10.63,10.23,10.53,10.47,35902517.0,375448072.26,0.005730659025787732,0.005730659025787732,0.005714301263438415,PASS,2026-05-11T14:02:07Z,D20260511.01
1519.HK,HK,equity,2026-01-29,10.53,10.6,10.03,10.13,10.53,63497986.0,645963155.88,-0.03798670465337117,-0.03798670465337117,-0.038727007885291966,PASS,2026-05-11T14:02:07Z,D20260511.01
1519.HK,HK,equity,2026-01-30,10.13,10.3,9.95,10.17,10.13,31271039.0,317823253.9,0.0039486673247777215,0.0039486673247777215,0.003940891799876406,PASS,2026-05-11T14:02:07Z,D20260511.01
1519.HK,HK,equity,2026-02-02,10.17,10.51,10.08,10.41,10.17,48528281.0,504742347.36,0.02359882005899716,0.02359882005899716,0.02332467256640904,PASS,2026-05-11T14:02:07Z,D20260511.01
1519.HK,HK,equity,2026-02-03,10.57,10.88,10.42,10.7,10.41,51667315.0,551101623.92,0.02785782901056666,0.02785782901056666,0.027476858840982873,PASS,2026-05-11T14:02:07Z,D20260511.01
1519.HK,HK,equity,2026-02-04,10.7,10.83,10.55,10.61,10.7,31122059.0,331513963.6,-0.008411214953271018,-0.008411214953271018,-0.008446788841968712,PASS,2026-05-11T14:02:07Z,D20260511.01
1519.HK,HK,equity,2026-02-05,10.5,10.71,10.43,10.7,10.61,15047249.0,159070158.5,0.008482563619227168,0.008482563619227168,0.008446788841968747,PASS,2026-05-11T14:02:07Z,D20260511.01
1519.HK,HK,equity,2026-02-06,10.7,10.7,10.52,10.61,10.7,13552346.0,143870569.93,-0.008411214953271018,-0.008411214953271018,-0.008446788841968712,PASS,2026-05-11T14:02:07Z,D20260511.01
1519.HK,HK,equity,2026-02-09,10.61,10.98,10.61,10.86,10.61,34583441.0,373004659.17,0.023562676720075393,0.023562676720075393,0.023289361879897604,PASS,2026-05-11T14:02:07Z,D20260511.01
1519.HK,HK,equity,2026-02-10,10.95,11.2,10.87,11.01,10.86,34668156.0,382344265.05,0.013812154696132728,0.013812154696132728,0.013717636228799344,PASS,2026-05-11T14:02:07Z,D20260511.01
1519.HK,HK,equity,2026-02-11,11.01,11.31,11.01,11.14,11.01,36816061.0,411563257.11,0.01180744777475029,0.01180744777475029,0.011738283764549431,PASS,2026-05-11T14:02:07Z,D20260511.01
1519.HK,HK,equity,2026-02-12,11.22,11.22,10.86,11.04,11.14,13764323.0,151634326.63,-0.008976660682226356,-0.008976660682226356,-0.009017193650188857,PASS,2026-05-11T14:02:07Z,D20260511.01
1519.HK,HK,equity,2026-02-13,11.0,11.0,10.47,10.71,11.04,29265377.0,311684966.06,-0.029891304347825942,-0.029891304347825942,-0.030347156389291703,PASS,2026-05-11T14:02:07Z,D20260511.01
1519.HK,HK,equity,2026-02-16,10.76,10.79,10.58,10.76,10.71,2579600.0,27629452.0,0.00466853408029877,0.00466853408029877,0.00465767027398094,PASS,2026-05-11T14:02:07Z,D20260511.01
1519.HK,HK,equity,2026-02-20,10.76,10.78,10.56,10.7,10.76,8326139.0,88924991.71,-0.005576208178438735,-0.005576208178438735,-0.0055918132657779415,PASS,2026-05-11T14:02:07Z,D20260511.01
1519.HK,HK,equity,2026-02-23,10.6,10.91,10.52,10.58,10.7,5903418.0,62545069.34,-0.01121495327102795,-0.01121495327102795,-0.011278315037707078,PASS,2026-05-11T14:02:07Z,D20260511.01
1519.HK,HK,equity,2026-02-24,10.45,10.55,10.23,10.35,10.58,23460177.0,244395664.05,-0.021739130434782594,-0.021739130434782594,-0.02197890671877523,PASS,2026-05-11T14:02:07Z,D20260511.01
1519.HK,HK,equity,2026-02-25,10.31,10.42,10.22,10.31,10.35,18104691.0,186272829.66,-0.0038647342995168366,-0.0038647342995168366,-0.0038722216825094508,PASS,2026-05-11T14:02:07Z,D20260511.01
1519.HK,HK,equity,2026-02-26,10.5,10.5,9.99,10.1,10.31,37935692.0,382923929.54,-0.02036857419980609,-0.02036857419980609,-0.02057887418165487,PASS,2026-05-11T14:02:07Z,D20260511.01
1519.HK,HK,equity,2026-02-27,10.1,10.32,10.05,10.27,10.1,30689520.0,314769238.43,0.016831683168316847,0.016831683168316847,0.01669160009325311,PASS,2026-05-11T14:02:07Z,D20260511.01
1519.HK,HK,equity,2026-03-02,10.27,10.35,10.12,10.15,10.27,29959570.0,306785932.02,-0.011684518013631906,-0.011684518013631906,-0.011753318452670492,PASS,2026-05-11T14:02:07Z,D20260511.01
1519.HK,HK,equity,2026-03-03,10.2,10.29,9.58,9.75,10.15,40847707.0,399289899.32,-0.039408866995073955,-0.039408866995073955,-0.04020642047804059,PASS,2026-05-11T14:02:07Z,D20260511.01
1519.HK,HK,equity,2026-03-04,9.65,9.76,9.53,9.72,9.75,27323686.0,263846927.36,-0.003076923076922977,-0.003076923076922977,-0.0030816665374080007,PASS,2026-05-11T14:02:07Z,D20260511.01
1519.HK,HK,equity,2026-03-05,9.86,9.96,9.58,9.66,9.72,19822914.0,192761213.92,-0.006172839506172867,-0.006172839506172867,-0.006191970247921107,PASS,2026-05-11T14:02:07Z,D20260511.01
1519.HK,HK,equity,2026-03-06,9.58,9.91,9.58,9.85,9.66,17034373.0,167360727.8,0.019668737060041463,0.019668737060041463,0.01947780695957094,PASS,2026-05-11T14:02:07Z,D20260511.01
1519.HK,HK,equity,2026-03-09,9.4,9.72,9.37,9.66,9.85,28734831.0,274037602.72,-0.019289340101522834,-0.019289340101522834,-0.019477806959570874,PASS,2026-05-11T14:02:07Z,D20260511.01
1519.HK,HK,equity,2026-03-10,9.8,10.02,9.78,9.86,9.66,18958354.0,188000584.9,0.020703933747411973,0.020703933747411973,0.020492520390117386,PASS,2026-05-11T14:02:07Z,D20260511.01
1519.HK,HK,equity,2026-03-11,10.0,10.03,9.77,9.84,9.86,21563000.0,211882348.66,-0.0020283975659228792,-0.0020283975659228792,-0.0020304575503819517,PASS,2026-05-11T14:02:07Z,D20260511.01
1519.HK,HK,equity,2026-03-12,9.85,9.95,9.64,9.84,9.84,11881999.0,116062344.81,0.0,0.0,0.0,PASS,2026-05-11T14:02:07Z,D20260511.01
1519.HK,HK,equity,2026-03-13,9.73,9.85,9.5,9.55,9.84,13167330.0,126282834.9,-0.029471544715447107,-0.029471544715447107,-0.029914556571523126,PASS,2026-05-11T14:02:07Z,D20260511.01
1519.HK,HK,equity,2026-03-16,9.87,9.87,9.3,9.42,9.55,28238336.0,265281203.4,-0.013612565445026203,-0.013612565445026203,-0.013706065904367215,PASS,2026-05-11T14:02:07Z,D20260511.01
1519.HK,HK,equity,2026-03-17,9.64,9.79,9.43,9.6,9.42,17807200.0,172287474.0,0.019108280254777066,0.019108280254777066,0.01892800988551886,PASS,2026-05-11T14:02:07Z,D20260511.01
1519.HK,HK,equity,2026-03-18,9.46,9.79,9.46,9.72,9.6,11900407.0,114808340.02,0.012500000000000178,0.012500000000000178,0.012422519998557329,PASS,2026-05-11T14:02:07Z,D20260511.01
1519.HK,HK,equity,2026-03-19,9.8,9.8,9.53,9.7,9.72,20964600.0,202899763.8,-0.002057613168724437,-0.002057613168724437,-0.002059732963010727,PASS,2026-05-11T14:02:07Z,D20260511.01
1519.HK,HK,equity,2026-03-20,9.7,9.84,9.41,9.49,9.7,27854804.0,266838333.4,-0.021649484536082397,-0.021649484536082397,-0.021887272887500562,PASS,2026-05-11T14:02:07Z,D20260511.01
1519.HK,HK,equity,2026-03-23,9.51,9.51,8.93,9.14,9.49,41904145.0,381020027.05,-0.03688092729188619,-0.03688092729188619,-0.03757822715577785,PASS,2026-05-11T14:02:07Z,D20260511.01
1519.HK,HK,equity,2026-03-24,9.32,9.52,9.12,9.43,9.14,31686120.0,294723244.8,0.03172866520787743,0.03172866520787743,0.031235711179307454,PASS,2026-05-11T14:02:07Z,D20260511.01
1519.HK,HK,equity,2026-03-25,9.64,9.75,9.45,9.56,9.43,18179050.0,174579856.5,0.01378579003181346,0.01378579003181346,0.01369163041794389,PASS,2026-05-11T14:02:07Z,D20260511.01
1519.HK,HK,equity,2026-03-26,9.55,9.59,9.02,9.08,9.56,33736741.0,309718312.5,-0.05020920502092052,-0.05020920502092052,-0.05151353445010801,PASS,2026-05-11T14:02:07Z,D20260511.01
1519.HK,HK,equity,2026-03-27,9.0,9.39,9.0,9.29,9.08,28166060.0,261136428.6,0.02312775330396466,0.02312775330396466,0.022864360212545128,PASS,2026-05-11T14:02:07Z,D20260511.01
1519.HK,HK,equity,2026-03-30,9.25,9.34,8.93,9.08,9.29,43190870.0,390310268.8,-0.022604951560817987,-0.022604951560817987,-0.022864360212545124,PASS,2026-05-11T14:02:07Z,D20260511.01
1519.HK,HK,equity,2026-03-31,9.98,10.49,9.85,10.11,9.08,126921457.0,1284839436.21,0.11343612334801745,0.11343612334801745,0.10745084041917796,PASS,2026-05-11T14:02:07Z,D20260511.01
1519.HK,HK,equity,2026-04-01,10.3,10.37,9.91,10.1,10.11,44943336.0,454061866.54,-0.0009891196834816984,-0.0009891196834816984,-0.0009896091851662782,PASS,2026-05-11T14:02:07Z,D20260511.01
1519.HK,HK,equity,2026-04-02,10.11,10.29,10.0,10.29,10.1,39128394.0,398197462.85,0.01881188118811883,0.01881188118811883,0.018637125998744487,PASS,2026-05-11T14:02:07Z,D20260511.01
1519.HK,HK,equity,2026-04-08,10.64,10.75,10.38,10.65,10.29,42797770.0,453419583.36,0.03498542274052485,0.03498542274052485,0.034387342309475946,PASS,2026-05-11T14:02:07Z,D20260511.01
1519.HK,HK,equity,2026-04-09,10.65,10.94,10.48,10.82,10.65,27991921.0,300932605.42,0.015962441314554043,0.015962441314554043,0.015836381262901395,PASS,2026-05-11T14:02:07Z,D20260511.01
1519.HK,HK,equity,2026-04-10,10.82,11.18,10.8,11.09,10.82,41399119.0,455601533.7,0.024953789279112737,0.024953789279112737,0.024647527943940185,PASS,2026-05-11T14:02:07Z,D20260511.01
1519.HK,HK,equity,2026-04-13,11.0,11.1,10.72,10.88,11.09,32932006.0,358929199.66,-0.018935978358881833,-0.018935978358881833,-0.019117559934479056,PASS,2026-05-11T14:02:07Z,D20260511.01
1519.HK,HK,equity,2026-04-14,10.91,10.99,10.28,10.39,10.88,42402929.0,442402074.61,-0.04503676470588236,-0.04503676470588236,-0.04608243631666055,PASS,2026-05-11T14:02:07Z,D20260511.01
1519.HK,HK,equity,2026-04-15,10.44,10.88,10.44,10.59,10.39,33550576.0,357421946.2,0.019249278152069227,0.019249278152069227,0.019066354502178997,PASS,2026-05-11T14:02:07Z,D20260511.01
1519.HK,HK,equity,2026-04-16,10.65,10.83,10.51,10.57,10.59,30221782.0,321823778.08,-0.0018885741265344258,-0.0018885741265344258,-0.001890359731168784,PASS,2026-05-11T14:02:07Z,D20260511.01
1519.HK,HK,equity,2026-04-17,10.58,10.62,10.35,10.5,10.57,15517144.0,162457051.98,-0.0066225165562914245,-0.0066225165562914245,-0.006644542718668613,PASS,2026-05-11T14:02:07Z,D20260511.01
1519.HK,HK,equity,2026-04-20,10.5,10.61,10.35,10.46,10.5,19986339.0,209745556.76,-0.003809523809523707,-0.003809523809523707,-0.003816798526700742,PASS,2026-05-11T14:02:07Z,D20260511.01
1519.HK,HK,equity,2026-04-21,10.6,10.6,10.36,10.5,10.46,13184318.0,137939701.11,0.003824091778202643,0.003824091778202643,0.003816798526700811,PASS,2026-05-11T14:02:07Z,D20260511.01
1519.HK,HK,equity,2026-04-22,10.5,10.58,10.34,10.35,10.5,19292021.0,201615601.48,-0.014285714285714346,-0.014285714285714346,-0.014388737452099669,PASS,2026-05-11T14:02:07Z,D20260511.01
1519.HK,HK,equity,2026-04-23,10.35,10.5,10.25,10.4,10.35,13131454.0,136528659.98,0.004830917874396157,0.004830917874396157,0.004819286435948922,PASS,2026-05-11T14:02:07Z,D20260511.01
1519.HK,HK,equity,2026-04-24,10.4,10.44,10.25,10.38,10.4,8787283.0,90869643.99,-0.0019230769230769162,-0.0019230769230769162,-0.0019249284095843938,PASS,2026-05-11T14:02:07Z,D20260511.01
1519.HK,HK,equity,2026-04-27,10.38,10.38,10.12,10.21,10.38,17784374.0,181815111.68,-0.016377649325626242,-0.016377649325626242,-0.01651324556116843,PASS,2026-05-11T14:02:07Z,D20260511.01
1519.HK,HK,equity,2026-04-28,10.17,10.33,10.11,10.27,10.21,16529407.0,169249544.46,0.005876591576885248,0.005876591576885248,0.005859391763892517,PASS,2026-05-11T14:02:07Z,D20260511.01
1519.HK,HK,equity,2026-04-29,10.27,10.31,9.93,10.1,10.27,20777286.0,208984164.26,-0.0165530671859786,-0.0165530671859786,-0.016691600093253114,PASS,2026-05-11T14:02:07Z,D20260511.01
1519.HK,HK,equity,2026-04-30,10.1,10.1,9.66,9.8,10.1,23522167.0,230436235.98,-0.02970297029702962,-0.02970297029702962,-0.030153038170687443,PASS,2026-05-11T14:02:07Z,D20260511.01
1519.HK,HK,equity,2026-05-04,9.8,9.99,9.67,9.87,9.8,13179689.0,130295008.36,0.0071428571428568954,0.0071428571428568954,0.007117467768863734,PASS,2026-05-11T14:02:07Z,D20260511.01
1519.HK,HK,equity,2026-05-05,9.8,9.88,9.69,9.86,9.87,6593805.0,64816009.35,-0.0010131712259371373,-0.0010131712259371373,-0.0010136848308461204,PASS,2026-05-11T14:02:07Z,D20260511.01
1519.HK,HK,equity,2026-05-06,9.86,9.93,9.51,9.68,9.86,33488192.0,323276352.0,-0.018255578093306246,-0.018255578093306246,-0.01842426732605836,PASS,2026-05-11T14:02:07Z,D20260511.01
1519.HK,HK,equity,2026-05-07,9.85,9.96,9.66,9.88,9.68,39072217.0,384744027.19,0.02066115702479343,0.02066115702479343,0.02045061047129084,PASS,2026-05-11T14:02:07Z,D20260511.01
1519.HK,HK,equity,2026-05-08,9.8,9.92,9.59,9.68,9.88,15694642.0,151858774.4,-0.020242914979757165,-0.020242914979757165,-0.02045061047129088,PASS,2026-05-11T14:02:07Z,D20260511.01
1519.HK,HK,equity,2026-05-11,9.68,9.77,9.5,9.58,9.68,18575286.0,178724735.62,-0.010330578512396604,-0.010330578512396604,-0.01038430930571638,PASS,2026-05-11T14:02:07Z,D20260511.01
