symbol,market,asset_type,trade_date,open,high,low,close,prev_close,volume,amount,pct_change,ret_1d,log_ret_1d,quality_flag,ingest_time,data_version
02618.HK,HK,equity,2021-05-28,46.05,47.75,41.25,41.7,40.36,158666916.0,7166974069.65,0.03320118929633309,0.03320118929633309,0.03266193331934764,PASS,2026-08-16T10:34:12Z,D20260816.01
02618.HK,HK,equity,2021-05-31,41.7,43.2,40.4,41.55,41.7,23839000.0,998166022.2,-0.003597122302158362,-0.003597122302158362,-0.0036036075032986558,PASS,2026-08-16T10:34:12Z,D20260816.01
02618.HK,HK,equity,2021-06-01,43.15,46.05,42.2,45.8,41.55,42380110.0,1877928517.9,0.10228640192539107,0.10228640192539107,0.09738656981868204,PASS,2026-08-16T10:34:12Z,D20260816.01
02618.HK,HK,equity,2021-06-02,46.0,48.15,45.0,45.4,45.8,46880752.0,2187613236.2,-0.008733624454148492,-0.008733624454148492,-0.008771986072836994,PASS,2026-08-16T10:34:12Z,D20260816.01
02618.HK,HK,equity,2021-06-03,45.5,47.0,45.5,47.0,45.4,21285150.0,983273347.7,0.03524229074889873,0.03524229074889873,0.03463549666275634,PASS,2026-08-16T10:34:12Z,D20260816.01
02618.HK,HK,equity,2021-06-04,46.5,47.9,46.35,46.95,47.0,19974835.0,944803274.6,-0.0010638297872339608,-0.0010638297872339608,-0.0010643960557865904,PASS,2026-08-16T10:34:12Z,D20260816.01
02618.HK,HK,equity,2021-06-07,47.5,47.5,45.5,45.9,46.95,10892372.0,499762921.8,-0.022364217252396235,-0.022364217252396235,-0.022618088587772513,PASS,2026-08-16T10:34:12Z,D20260816.01
02618.HK,HK,equity,2021-06-08,46.0,46.15,44.2,45.3,45.9,12963544.0,581227441.35,-0.013071895424836666,-0.013071895424836666,-0.013158084577511199,PASS,2026-08-16T10:34:12Z,D20260816.01
02618.HK,HK,equity,2021-06-09,45.4,45.7,44.5,44.65,45.3,5893300.0,265120137.5,-0.014348785871964642,-0.014348785871964642,-0.014452725166480244,PASS,2026-08-16T10:34:12Z,D20260816.01
02618.HK,HK,equity,2021-06-10,44.65,45.2,43.85,43.9,44.65,7720218.0,342461590.05,-0.016797312430011146,-0.016797312430011146,-0.016939987241382334,PASS,2026-08-16T10:34:12Z,D20260816.01
02618.HK,HK,equity,2021-06-11,45.5,45.8,42.75,42.75,43.9,16151882.0,705895859.33,-0.026195899772209486,-0.026195899772209486,-0.02654512469835636,PASS,2026-08-16T10:34:12Z,D20260816.01
02618.HK,HK,equity,2021-06-15,43.25,43.25,41.8,42.0,42.75,8373600.0,353188332.75,-0.01754385964912286,-0.01754385964912286,-0.017699577099400975,PASS,2026-08-16T10:34:12Z,D20260816.01
02618.HK,HK,equity,2021-06-16,42.0,42.45,41.25,41.6,42.0,5603353.0,234435337.45,-0.00952380952380949,-0.00952380952380949,-0.009569451016150672,PASS,2026-08-16T10:34:12Z,D20260816.01
02618.HK,HK,equity,2021-06-17,41.6,43.65,40.85,42.0,41.6,7761394.0,328308391.6,0.009615384615384581,0.009615384615384581,0.009569451016150672,PASS,2026-08-16T10:34:12Z,D20260816.01
02618.HK,HK,equity,2021-06-18,42.1,43.0,41.6,41.9,42.0,4950420.0,208375321.0,-0.0023809523809523725,-0.0023809523809523725,-0.0023837913552762504,PASS,2026-08-16T10:34:12Z,D20260816.01
02618.HK,HK,equity,2021-06-21,41.15,41.3,40.5,41.0,41.9,7371500.0,301803434.95,-0.021479713603818618,-0.021479713603818618,-0.021713760223784247,PASS,2026-08-16T10:34:12Z,D20260816.01
02618.HK,HK,equity,2021-06-22,41.5,41.95,40.95,41.05,41.0,4985237.0,206255139.85,0.0012195121951219523,0.0012195121951219523,0.0012187691941294254,PASS,2026-08-16T10:34:12Z,D20260816.01
02618.HK,HK,equity,2021-06-23,41.55,41.55,40.75,40.9,41.05,4618220.0,189042490.0,-0.0036540803897685548,-0.0036540803897685548,-0.0036607728496811463,PASS,2026-08-16T10:34:12Z,D20260816.01
02618.HK,HK,equity,2021-06-24,41.05,41.4,40.45,40.85,40.9,4841341.0,196945783.3,-0.0012224938875304847,-0.0012224938875304847,-0.001223241742744094,PASS,2026-08-16T10:34:12Z,D20260816.01
02618.HK,HK,equity,2021-06-25,40.95,41.5,40.95,41.3,40.85,4646820.0,191891712.0,0.011015911872704898,0.011015911872704898,0.010955678660975063,PASS,2026-08-16T10:34:12Z,D20260816.01
02618.HK,HK,equity,2021-06-28,41.3,42.45,41.25,42.0,41.3,3412711.0,143181169.7,0.016949152542373058,0.016949152542373058,0.016807118316381407,PASS,2026-08-16T10:34:12Z,D20260816.01
02618.HK,HK,equity,2021-06-29,41.9,42.35,41.6,42.05,42.0,3045512.0,127782277.4,0.0011904761904761862,0.0011904761904761862,0.0011897681355887508,PASS,2026-08-16T10:34:12Z,D20260816.01
02618.HK,HK,equity,2021-06-30,42.05,43.1,41.8,42.3,42.05,7061868.0,300175554.5,0.005945303210463715,0.005945303210463715,0.005927699633275206,PASS,2026-08-16T10:34:12Z,D20260816.01
02618.HK,HK,equity,2021-07-02,42.5,42.65,41.05,41.4,42.3,4345350.0,180140805.0,-0.02127659574468077,-0.02127659574468077,-0.021506205220963505,PASS,2026-08-16T10:34:12Z,D20260816.01
02618.HK,HK,equity,2021-07-05,41.3,41.85,40.5,40.5,41.4,4648000.0,189767230.0,-0.021739130434782594,-0.021739130434782594,-0.02197890671877523,PASS,2026-08-16T10:34:12Z,D20260816.01
02618.HK,HK,equity,2021-07-06,40.8,40.9,36.75,39.0,40.5,13880676.0,534733265.35,-0.03703703703703709,-0.03703703703703709,-0.037740327982847086,PASS,2026-08-16T10:34:12Z,D20260816.01
02618.HK,HK,equity,2021-07-07,38.55,39.35,37.7,39.25,39.0,5068127.0,195963758.35,0.0064102564102563875,0.0064102564102563875,0.006389798098770988,PASS,2026-08-16T10:34:12Z,D20260816.01
02618.HK,HK,equity,2021-07-08,39.5,39.55,37.7,38.25,39.25,5576583.0,212627922.95,-0.02547770700636942,-0.02547770700636942,-0.02580788395587259,PASS,2026-08-16T10:34:12Z,D20260816.01
02618.HK,HK,equity,2021-07-09,38.25,38.9,38.0,38.7,38.25,3021607.0,116223481.35,0.011764705882353121,0.011764705882353121,0.011696039763191456,PASS,2026-08-16T10:34:12Z,D20260816.01
02618.HK,HK,equity,2021-07-12,39.1,39.1,38.15,38.6,38.7,2176900.0,83872982.5,-0.0025839793281654533,-0.0025839793281654533,-0.0025873235649510238,PASS,2026-08-16T10:34:12Z,D20260816.01
02618.HK,HK,equity,2021-07-13,38.6,39.8,38.45,39.6,38.6,3511035.0,137488549.6,0.02590673575129543,0.02590673575129543,0.025576841789649776,PASS,2026-08-16T10:34:12Z,D20260816.01
02618.HK,HK,equity,2021-07-14,40.0,40.0,39.0,39.15,39.6,3084700.0,121658562.7,-0.011363636363636465,-0.011363636363636465,-0.011428695823622857,PASS,2026-08-16T10:34:12Z,D20260816.01
02618.HK,HK,equity,2021-07-15,39.45,39.5,38.6,39.0,39.15,2167500.0,84542289.45,-0.003831417624520994,-0.003831417624520994,-0.0038387763071656015,PASS,2026-08-16T10:34:12Z,D20260816.01
02618.HK,HK,equity,2021-07-16,38.9,39.05,37.8,38.0,39.0,4540400.0,173679137.7,-0.02564102564102566,-0.02564102564102566,-0.025975486403260677,PASS,2026-08-16T10:34:12Z,D20260816.01
02618.HK,HK,equity,2021-07-19,37.9,37.95,36.65,37.15,38.0,6321831.0,233847913.15,-0.022368421052631593,-0.022368421052631593,-0.022622388562617612,PASS,2026-08-16T10:34:12Z,D20260816.01
02618.HK,HK,equity,2021-07-20,37.15,37.25,36.5,36.6,37.15,5446300.0,199713866.4,-0.014804845222072593,-0.014804845222072593,-0.014915530756447519,PASS,2026-08-16T10:34:12Z,D20260816.01
02618.HK,HK,equity,2021-07-21,36.95,37.25,34.5,34.55,36.6,11058600.0,388098038.5,-0.05601092896174875,-0.05601092896174875,-0.057640690193641785,PASS,2026-08-16T10:34:12Z,D20260816.01
02618.HK,HK,equity,2021-07-22,34.75,35.55,34.6,34.8,34.55,5503634.0,192717996.4,0.00723589001447178,0.00723589001447178,0.00720983656674975,PASS,2026-08-16T10:34:12Z,D20260816.01
02618.HK,HK,equity,2021-07-23,34.9,35.15,34.0,34.2,34.8,3248430.0,112402559.5,-0.01724137931034464,-0.01724137931034464,-0.017391742711868996,PASS,2026-08-16T10:34:12Z,D20260816.01
02618.HK,HK,equity,2021-07-26,33.95,33.95,30.05,30.1,34.2,17415389.0,540464243.15,-0.11988304093567259,-0.11988304093567259,-0.12770047231372952,PASS,2026-08-16T10:34:12Z,D20260816.01
02618.HK,HK,equity,2021-07-27,30.0,30.9,26.1,26.8,30.1,22991845.0,630178388.85,-0.10963455149501666,-0.10963455149501666,-0.11612328423801911,PASS,2026-08-16T10:34:12Z,D20260816.01
02618.HK,HK,equity,2021-07-28,27.1,27.55,25.25,27.4,26.8,13368280.0,353265744.8,0.02238805970149249,0.02238805970149249,0.0221411258772135,PASS,2026-08-16T10:34:12Z,D20260816.01
02618.HK,HK,equity,2021-07-29,28.55,30.1,27.8,29.25,27.4,10330775.0,301517614.0,0.0675182481751826,0.0675182481751826,0.06533656028384106,PASS,2026-08-16T10:34:12Z,D20260816.01
02618.HK,HK,equity,2021-07-30,28.6,29.05,27.2,28.05,29.25,4063760.0,113025086.9,-0.04102564102564099,-0.04102564102564099,-0.04189094170916014,PASS,2026-08-16T10:34:12Z,D20260816.01
02618.HK,HK,equity,2021-08-02,28.05,29.4,27.15,29.2,28.05,3308500.0,95194017.5,0.04099821746880572,0.04099821746880572,0.040180077305530755,PASS,2026-08-16T10:34:12Z,D20260816.01
02618.HK,HK,equity,2021-08-03,29.5,29.8,27.65,28.3,29.2,4466200.0,125905680.0,-0.03082191780821908,-0.03082191780821908,-0.03130690462504402,PASS,2026-08-16T10:34:12Z,D20260816.01
02618.HK,HK,equity,2021-08-04,28.3,29.55,28.15,29.4,28.3,3739272.0,108713997.9,0.03886925795052987,0.03886925795052987,0.03813286969544383,PASS,2026-08-16T10:34:12Z,D20260816.01
02618.HK,HK,equity,2021-08-05,29.5,29.65,28.5,28.8,29.4,2978307.0,86402584.8,-0.020408163265306034,-0.020408163265306034,-0.020619287202735592,PASS,2026-08-16T10:34:12Z,D20260816.01
02618.HK,HK,equity,2021-08-06,29.3,29.5,28.0,28.65,28.8,3034599.0,86750322.85,-0.00520833333333337,-0.00520833333333337,-0.0052219439811517126,PASS,2026-08-16T10:34:12Z,D20260816.01
02618.HK,HK,equity,2021-08-09,28.6,29.15,28.3,28.8,28.65,1873700.0,54008989.9,0.00523560209424101,0.00523560209424101,0.005221943981151846,PASS,2026-08-16T10:34:12Z,D20260816.01
02618.HK,HK,equity,2021-08-10,29.0,30.45,28.9,30.15,28.8,3993200.0,118656899.3,0.046875,0.046875,0.0458095360312942,PASS,2026-08-16T10:34:12Z,D20260816.01
02618.HK,HK,equity,2021-08-11,30.2,31.3,29.75,31.05,30.15,5950415.0,182471344.0,0.029850746268656803,0.029850746268656803,0.029413885206293407,PASS,2026-08-16T10:34:12Z,D20260816.01
02618.HK,HK,equity,2021-08-12,31.05,31.05,29.3,29.35,31.05,5649285.0,168541729.5,-0.054750402576489554,-0.054750402576489554,-0.05630626210538234,PASS,2026-08-16T10:34:12Z,D20260816.01
02618.HK,HK,equity,2021-08-13,29.25,29.7,28.45,28.45,29.35,3932149.0,113481517.9,-0.030664395229982988,-0.030664395229982988,-0.031144385701765552,PASS,2026-08-16T10:34:12Z,D20260816.01
02618.HK,HK,equity,2021-08-16,28.4,28.45,26.9,27.3,28.45,6857048.0,187905941.2,-0.040421792618629104,-0.040421792618629104,-0.04126145838142581,PASS,2026-08-16T10:34:12Z,D20260816.01
02618.HK,HK,equity,2021-08-17,26.9,28.25,26.8,27.05,27.3,5083798.0,138525958.1,-0.009157509157509125,-0.009157509157509125,-0.009199696898423487,PASS,2026-08-16T10:34:12Z,D20260816.01
02618.HK,HK,equity,2021-08-18,27.05,28.15,27.05,27.3,27.05,3769520.0,103740764.0,0.009242144177449063,0.009242144177449063,0.009199696898423416,PASS,2026-08-16T10:34:12Z,D20260816.01
02618.HK,HK,equity,2021-08-19,27.3,27.9,26.5,26.6,27.3,3860113.0,104292007.15,-0.02564102564102566,-0.02564102564102566,-0.025975486403260677,PASS,2026-08-16T10:34:12Z,D20260816.01
02618.HK,HK,equity,2021-08-20,26.6,26.95,25.0,25.05,26.6,8902612.0,227185799.3,-0.05827067669172936,-0.05827067669172936,-0.06003738825677963,PASS,2026-08-16T10:34:12Z,D20260816.01
02618.HK,HK,equity,2021-08-23,25.05,26.3,24.9,24.95,25.05,7001600.0,178407299.0,-0.003992015968063978,-0.003992015968063978,-0.0040000053333462396,PASS,2026-08-16T10:34:12Z,D20260816.01
02618.HK,HK,equity,2021-08-24,25.55,27.6,25.55,26.75,24.95,11184212.0,296571168.6,0.07214428857715438,0.07214428857715438,0.06966065114448795,PASS,2026-08-16T10:34:12Z,D20260816.01
02618.HK,HK,equity,2021-08-25,27.7,28.7,27.3,28.35,26.75,11101500.0,312574992.7,0.059813084112149584,0.059813084112149584,0.05809255683174557,PASS,2026-08-16T10:34:12Z,D20260816.01
02618.HK,HK,equity,2021-08-26,28.6,29.5,28.05,28.95,28.35,11398190.0,328595533.9,0.021164021164021163,0.021164021164021163,0.020943173845243173,PASS,2026-08-16T10:34:12Z,D20260816.01
02618.HK,HK,equity,2021-08-27,29.1,30.7,28.6,30.6,28.95,13282300.0,399739159.4,0.05699481865284972,0.05699481865284972,0.05542980493933082,PASS,2026-08-16T10:34:12Z,D20260816.01
02618.HK,HK,equity,2021-08-30,31.0,33.3,30.8,33.15,30.6,13503420.0,437244681.02,0.08333333333333326,0.08333333333333326,0.08004270767353636,PASS,2026-08-16T10:34:12Z,D20260816.01
02618.HK,HK,equity,2021-08-31,33.25,33.65,32.05,33.6,33.15,8125750.0,267800367.5,0.013574660633484337,0.013574660633484337,0.013483350337287207,PASS,2026-08-16T10:34:12Z,D20260816.01
02618.HK,HK,equity,2021-09-01,33.9,33.9,32.2,33.2,33.6,6608490.0,215870001.7,-0.011904761904761862,-0.011904761904761862,-0.01197619104671565,PASS,2026-08-16T10:34:12Z,D20260816.01
02618.HK,HK,equity,2021-09-02,33.0,34.2,32.75,34.0,33.2,8234385.0,274969475.5,0.02409638554216853,0.02409638554216853,0.023810648693718392,PASS,2026-08-16T10:34:12Z,D20260816.01
02618.HK,HK,equity,2021-09-03,34.0,34.2,33.05,33.85,34.0,17991039.0,606954946.3,-0.004411764705882337,-0.004411764705882337,-0.004421525257877374,PASS,2026-08-16T10:34:12Z,D20260816.01
02618.HK,HK,equity,2021-09-06,33.85,35.2,33.7,35.0,33.85,7218516.0,250629870.2,0.033973412112259904,0.033973412112259904,0.03340906213112962,PASS,2026-08-16T10:34:12Z,D20260816.01
02618.HK,HK,equity,2021-09-07,35.0,36.0,34.9,35.0,35.0,6620892.0,235273565.75,0.0,0.0,0.0,PASS,2026-08-16T10:34:12Z,D20260816.01
02618.HK,HK,equity,2021-09-08,35.3,35.95,34.55,34.75,35.0,4810620.0,169133885.0,-0.0071428571428571175,-0.0071428571428571175,-0.007168489478612516,PASS,2026-08-16T10:34:12Z,D20260816.01
02618.HK,HK,equity,2021-09-09,34.75,34.75,33.15,33.5,34.75,4361000.0,146772339.0,-0.03597122302158273,-0.03597122302158273,-0.036634133179780384,PASS,2026-08-16T10:34:12Z,D20260816.01
02618.HK,HK,equity,2021-09-10,33.95,36.0,33.8,35.7,33.5,6301450.0,223732642.5,0.06567164179104479,0.06567164179104479,0.06360524995457266,PASS,2026-08-16T10:34:12Z,D20260816.01
02618.HK,HK,equity,2021-09-13,35.7,35.7,33.85,34.3,35.7,6026100.0,207873525.0,-0.03921568627451,-0.03921568627451,-0.040005334613699366,PASS,2026-08-16T10:34:12Z,D20260816.01
02618.HK,HK,equity,2021-09-14,34.45,34.55,31.6,32.7,34.3,8867300.0,288137391.2,-0.046647230320699506,-0.046647230320699506,-0.04777027626868631,PASS,2026-08-16T10:34:12Z,D20260816.01
02618.HK,HK,equity,2021-09-15,32.65,32.8,31.2,31.8,32.7,4787100.0,152242312.1,-0.02752293577981657,-0.02752293577981657,-0.027908788117076616,PASS,2026-08-16T10:34:12Z,D20260816.01
02618.HK,HK,equity,2021-09-16,32.2,32.2,30.3,31.9,31.8,4522915.0,140160322.0,0.0031446540880502027,0.0031446540880502027,0.0031397200046676247,PASS,2026-08-16T10:34:12Z,D20260816.01
02618.HK,HK,equity,2021-09-17,32.3,32.5,31.1,31.95,31.9,3063299.0,98024883.25,0.0015673981191222097,0.0015673981191222097,0.0015661710327448761,PASS,2026-08-16T10:34:12Z,D20260816.01
02618.HK,HK,equity,2021-09-20,31.95,32.7,29.8,32.55,31.95,3494625.0,109520137.5,0.018779342723004522,0.018779342723004522,0.018605187831034268,PASS,2026-08-16T10:34:12Z,D20260816.01
02618.HK,HK,equity,2021-09-21,32.55,32.7,31.7,32.0,32.55,2329600.0,74947037.5,-0.016897081413210335,-0.016897081413210335,-0.01704146585485159,PASS,2026-08-16T10:34:12Z,D20260816.01
02618.HK,HK,equity,2021-09-23,32.8,33.5,31.1,31.25,32.0,4864680.0,155537134.5,-0.0234375,-0.0234375,-0.023716526617316044,PASS,2026-08-16T10:34:12Z,D20260816.01
02618.HK,HK,equity,2021-09-24,31.9,32.15,31.25,31.65,31.25,1968200.0,62368330.0,0.012799999999999923,0.012799999999999923,0.012718772407774612,PASS,2026-08-16T10:34:12Z,D20260816.01
02618.HK,HK,equity,2021-09-27,31.65,32.3,31.6,31.85,31.65,1997200.0,63757950.0,0.006319115323854652,0.006319115323854652,0.0062992334279871505,PASS,2026-08-16T10:34:12Z,D20260816.01
02618.HK,HK,equity,2021-09-28,31.9,32.7,31.3,31.3,31.85,4380800.0,139973914.3,-0.017268445839874413,-0.017268445839874413,-0.01741928447206482,PASS,2026-08-16T10:34:12Z,D20260816.01
02618.HK,HK,equity,2021-09-29,31.0,32.65,30.4,31.65,31.3,4977000.0,157935250.8,0.011182108626198062,0.011182108626198062,0.01112005104407764,PASS,2026-08-16T10:34:12Z,D20260816.01
02618.HK,HK,equity,2021-09-30,31.55,32.95,31.35,32.4,31.65,2358017.0,76615763.25,0.023696682464454888,0.023696682464454888,0.023420274208098422,PASS,2026-08-16T10:34:12Z,D20260816.01
02618.HK,HK,equity,2021-10-04,32.4,32.9,31.7,32.1,32.4,1755650.0,56330360.0,-0.00925925925925919,-0.00925925925925919,-0.009302392662313448,PASS,2026-08-16T10:34:12Z,D20260816.01
02618.HK,HK,equity,2021-10-05,31.65,32.05,31.1,31.7,32.1,1801100.0,57051540.0,-0.012461059190031265,-0.012461059190031265,-0.012539349252735364,PASS,2026-08-16T10:34:12Z,D20260816.01
02618.HK,HK,equity,2021-10-06,31.7,31.95,30.8,31.25,31.7,1598750.0,49671915.0,-0.014195583596214534,-0.014195583596214534,-0.014297304700824449,PASS,2026-08-16T10:34:12Z,D20260816.01
02618.HK,HK,equity,2021-10-07,32.05,32.5,31.75,31.9,31.25,3411054.0,109583811.9,0.02079999999999993,0.02079999999999993,0.020586633608388312,PASS,2026-08-16T10:34:12Z,D20260816.01
02618.HK,HK,equity,2021-10-08,31.9,32.45,30.5,30.75,31.9,4681917.0,146082887.85,-0.03605015673981182,-0.03605015673981182,-0.03671601553827192,PASS,2026-08-16T10:34:12Z,D20260816.01
02618.HK,HK,equity,2021-10-11,30.85,31.6,30.85,31.0,30.75,2799600.0,87057585.0,0.008130081300812941,0.008130081300812941,0.008097210232619303,PASS,2026-08-16T10:34:12Z,D20260816.01
02618.HK,HK,equity,2021-10-12,30.1,31.15,30.1,30.3,31.0,2471000.0,75449260.0,-0.022580645161290325,-0.022580645161290325,-0.02283949196982279,PASS,2026-08-16T10:34:12Z,D20260816.01
02618.HK,HK,equity,2021-10-15,30.6,30.85,29.6,29.9,30.3,3823560.0,115034063.3,-0.01320132013201325,-0.01320132013201325,-0.013289232118682765,PASS,2026-08-16T10:34:12Z,D20260816.01
02618.HK,HK,equity,2021-10-18,29.9,29.95,28.7,29.75,29.9,4260967.0,124487992.25,-0.0050167224080267525,-0.0050167224080267525,-0.005029348405001973,PASS,2026-08-16T10:34:12Z,D20260816.01
02618.HK,HK,equity,2021-10-19,29.75,30.5,29.35,30.4,29.75,2520875.0,75866895.0,0.02184873949579824,0.02184873949579824,0.02161347642053717,PASS,2026-08-16T10:34:12Z,D20260816.01
02618.HK,HK,equity,2021-10-20,30.75,31.3,30.55,31.05,30.4,4615616.0,143028974.4,0.021381578947368585,0.021381578947368585,0.02115619996731192,PASS,2026-08-16T10:34:12Z,D20260816.01
02618.HK,HK,equity,2021-10-21,31.0,32.35,30.85,31.9,31.05,5945730.0,188841264.5,0.027375201288244666,0.027375201288244666,0.027007201411311018,PASS,2026-08-16T10:34:12Z,D20260816.01
02618.HK,HK,equity,2021-10-22,32.3,33.0,31.75,32.6,31.9,4485200.0,146067957.7,0.021943573667711602,0.021943573667711602,0.021706278581863074,PASS,2026-08-16T10:34:12Z,D20260816.01
02618.HK,HK,equity,2021-10-25,32.5,32.7,31.85,32.1,32.6,2447900.0,78836950.5,-0.015337423312883458,-0.015337423312883458,-0.015456258236691802,PASS,2026-08-16T10:34:12Z,D20260816.01
02618.HK,HK,equity,2021-10-26,32.1,32.85,32.1,32.65,32.1,3870550.0,125926881.7,0.01713395638629267,0.01713395638629267,0.016988825586469726,PASS,2026-08-16T10:34:12Z,D20260816.01
02618.HK,HK,equity,2021-10-27,32.45,32.45,31.65,31.7,32.65,1926460.0,61526198.2,-0.029096477794793296,-0.029096477794793296,-0.029528174839205175,PASS,2026-08-16T10:34:12Z,D20260816.01
02618.HK,HK,equity,2021-10-28,31.75,32.15,30.7,30.9,31.7,2622100.0,81945327.2,-0.025236593059936974,-0.025236593059936974,-0.02556049697953522,PASS,2026-08-16T10:34:12Z,D20260816.01
02618.HK,HK,equity,2021-10-29,31.0,31.2,30.3,30.75,30.9,1969361.0,60417582.7,-0.004854368932038833,-0.004854368932038833,-0.004866189651172899,PASS,2026-08-16T10:34:12Z,D20260816.01
02618.HK,HK,equity,2021-11-01,30.65,30.85,29.75,30.6,30.75,2594520.0,78544815.1,-0.004878048780487809,-0.004878048780487809,-0.004889985294191792,PASS,2026-08-16T10:34:12Z,D20260816.01
02618.HK,HK,equity,2021-11-02,31.4,32.45,31.2,31.3,30.6,4912820.0,156136859.0,0.02287581699346397,0.02287581699346397,0.022618088587772364,PASS,2026-08-16T10:34:12Z,D20260816.01
02618.HK,HK,equity,2021-11-03,31.0,31.35,30.15,30.55,31.3,2112415.0,64627708.9,-0.02396166134185307,-0.02396166134185307,-0.02425341192850324,PASS,2026-08-16T10:34:12Z,D20260816.01
02618.HK,HK,equity,2021-11-04,30.7,32.55,30.65,32.55,30.55,6622600.0,211544417.4,0.06546644844517169,0.06546644844517169,0.06341268303697377,PASS,2026-08-16T10:34:12Z,D20260816.01
02618.HK,HK,equity,2021-11-05,31.8,32.45,31.4,32.0,32.55,2672286.0,85724571.8,-0.016897081413210335,-0.016897081413210335,-0.01704146585485159,PASS,2026-08-16T10:34:12Z,D20260816.01
02618.HK,HK,equity,2021-11-08,31.2,32.45,31.2,31.8,32.0,2082108.0,66490552.8,-0.006249999999999978,-0.006249999999999978,-0.006269613013595374,PASS,2026-08-16T10:34:12Z,D20260816.01
02618.HK,HK,equity,2021-11-09,31.85,33.2,31.65,32.9,31.8,8965799.0,291175872.55,0.03459119496855334,0.03459119496855334,0.03400636798519494,PASS,2026-08-16T10:34:12Z,D20260816.01
02618.HK,HK,equity,2021-11-10,32.8,33.15,32.3,32.75,32.9,5237818.0,171258228.1,-0.004559270516717229,-0.004559270516717229,-0.004569695690065186,PASS,2026-08-16T10:34:12Z,D20260816.01
02618.HK,HK,equity,2021-11-11,32.8,33.75,32.5,33.4,32.75,7453280.0,247955876.9,0.01984732824427482,0.01984732824427482,0.01965293790139382,PASS,2026-08-16T10:34:12Z,D20260816.01
02618.HK,HK,equity,2021-11-12,33.6,33.8,31.6,32.05,33.4,8656537.0,277653110.3,-0.04041916167664672,-0.04041916167664672,-0.0412587166159757,PASS,2026-08-16T10:34:12Z,D20260816.01
02618.HK,HK,equity,2021-11-15,32.05,32.4,30.05,30.1,32.05,8213404.0,251549856.8,-0.060842433697347764,-0.060842433697347764,-0.06277201161184887,PASS,2026-08-16T10:34:12Z,D20260816.01
02618.HK,HK,equity,2021-11-16,30.0,30.75,29.4,30.55,30.1,6001400.0,181681545.0,0.014950166112956742,0.014950166112956742,0.014839513862774217,PASS,2026-08-16T10:34:12Z,D20260816.01
02618.HK,HK,equity,2021-11-17,30.2,31.2,30.2,31.1,30.55,3753004.0,115556018.7,0.018003273322422242,0.018003273322422242,0.017843133567584105,PASS,2026-08-16T10:34:12Z,D20260816.01
02618.HK,HK,equity,2021-11-18,30.8,31.3,30.6,30.7,31.1,2849950.0,87790138.5,-0.012861736334405238,-0.012861736334405238,-0.012945164592037076,PASS,2026-08-16T10:34:12Z,D20260816.01
02618.HK,HK,equity,2021-11-19,30.6,31.65,30.4,31.5,30.7,6306140.0,195965169.45,0.026058631921824116,0.026058631921824116,0.02572489123843592,PASS,2026-08-16T10:34:12Z,D20260816.01
02618.HK,HK,equity,2021-11-22,31.45,31.45,29.7,29.9,31.5,8690500.0,260746057.8,-0.050793650793650835,-0.050793650793650835,-0.05212906543494668,PASS,2026-08-16T10:34:12Z,D20260816.01
02618.HK,HK,equity,2021-11-23,29.75,29.75,28.1,28.3,29.9,10220600.0,290585368.3,-0.05351170568561869,-0.05351170568561869,-0.054996675747448764,PASS,2026-08-16T10:34:12Z,D20260816.01
02618.HK,HK,equity,2021-11-24,27.8,28.2,27.5,27.65,28.3,6306956.0,174690211.0,-0.02296819787985871,-0.02296819787985871,-0.023236076680848188,PASS,2026-08-16T10:34:12Z,D20260816.01
02618.HK,HK,equity,2021-11-25,27.7,27.9,27.05,27.3,27.65,5506950.0,149783922.1,-0.012658227848101222,-0.012658227848101222,-0.012739025777429714,PASS,2026-08-16T10:34:12Z,D20260816.01
02618.HK,HK,equity,2021-11-26,27.05,27.3,26.1,26.15,27.3,8627560.0,228602481.25,-0.0421245421245422,-0.0421245421245422,-0.04303751167998222,PASS,2026-08-16T10:34:12Z,D20260816.01
02618.HK,HK,equity,2021-11-29,26.2,26.6,25.0,25.0,26.15,14480261.0,370982216.9,-0.043977055449330726,-0.043977055449330726,-0.0449733656427311,PASS,2026-08-16T10:34:12Z,D20260816.01
02618.HK,HK,equity,2021-11-30,25.2,25.5,24.55,24.75,25.0,15649231.0,391034229.55,-0.010000000000000009,-0.010000000000000009,-0.01005033585350145,PASS,2026-08-16T10:34:12Z,D20260816.01
02618.HK,HK,equity,2021-12-01,25.45,25.45,24.7,24.9,24.75,9128603.0,227264831.35,0.0060606060606061,0.0060606060606061,0.006042314455962662,PASS,2026-08-16T10:34:12Z,D20260816.01
02618.HK,HK,equity,2021-12-02,24.8,27.1,24.6,26.3,24.9,17843133.0,470194887.85,0.05622489959839361,0.05622489959839361,0.054701135713056966,PASS,2026-08-16T10:34:12Z,D20260816.01
02618.HK,HK,equity,2021-12-03,26.05,26.45,25.7,25.75,26.3,9570216.0,249159756.0,-0.020912547528517123,-0.020912547528517123,-0.02113431207397373,PASS,2026-08-16T10:34:12Z,D20260816.01
02618.HK,HK,equity,2021-12-06,25.35,26.3,25.05,25.15,25.75,4875339.0,124699513.2,-0.023300970873786464,-0.023300970873786464,-0.023576730563996996,PASS,2026-08-16T10:34:12Z,D20260816.01
02618.HK,HK,equity,2021-12-07,25.8,27.05,25.6,26.9,25.15,7967636.0,211190606.2,0.06958250497017904,0.06958250497017904,0.06726839006204531,PASS,2026-08-16T10:34:12Z,D20260816.01
02618.HK,HK,equity,2021-12-08,27.0,27.6,26.95,27.2,26.9,8610452.0,234599110.2,0.011152416356877248,0.011152416356877248,0.011090686694158138,PASS,2026-08-16T10:34:12Z,D20260816.01
02618.HK,HK,equity,2021-12-09,27.2,28.7,27.05,28.3,27.2,8380399.0,236085560.5,0.040441176470588314,0.040441176470588314,0.03964483134724038,PASS,2026-08-16T10:34:12Z,D20260816.01
02618.HK,HK,equity,2021-12-10,28.35,28.5,27.7,28.0,28.3,5192300.0,145735977.5,-0.010600706713780994,-0.010600706713780994,-0.010657294473988093,PASS,2026-08-16T10:34:12Z,D20260816.01
02618.HK,HK,equity,2021-12-13,28.1,29.05,28.1,28.6,28.0,6791047.0,194490552.8,0.021428571428571574,0.021428571428571574,0.021202207650603124,PASS,2026-08-16T10:34:12Z,D20260816.01
02618.HK,HK,equity,2021-12-14,28.2,28.35,27.3,27.45,28.6,8021143.0,224176880.18,-0.04020979020979032,-0.04020979020979032,-0.04104054987026738,PASS,2026-08-16T10:34:12Z,D20260816.01
02618.HK,HK,equity,2021-12-15,27.95,27.95,26.7,26.95,27.45,4205113.0,113742271.2,-0.01821493624772308,-0.01821493624772308,-0.018382870600533424,PASS,2026-08-16T10:34:12Z,D20260816.01
02618.HK,HK,equity,2021-12-16,26.85,28.1,26.6,27.8,26.95,4236710.0,116050855.5,0.03153988868274582,0.03153988868274582,0.031052723341585216,PASS,2026-08-16T10:34:12Z,D20260816.01
02618.HK,HK,equity,2021-12-17,28.15,28.15,27.0,27.05,27.8,18280990.0,496936688.1,-0.026978417266187105,-0.026978417266187105,-0.02734901540410091,PASS,2026-08-16T10:34:12Z,D20260816.01
02618.HK,HK,equity,2021-12-20,26.8,27.25,25.85,25.95,27.05,3397964.0,89809540.5,-0.04066543438077641,-0.04066543438077641,-0.041515395680592954,PASS,2026-08-16T10:34:12Z,D20260816.01
02618.HK,HK,equity,2021-12-21,25.9,26.3,25.65,26.05,25.95,3682458.0,95835580.4,0.003853564547206201,0.003853564547206201,0.003846158587478315,PASS,2026-08-16T10:34:12Z,D20260816.01
02618.HK,HK,equity,2021-12-22,26.3,26.9,26.05,26.45,26.05,3279369.0,86605056.65,0.015355086372360827,0.015355086372360827,0.015238390104932446,PASS,2026-08-16T10:34:12Z,D20260816.01
02618.HK,HK,equity,2021-12-23,26.35,26.75,26.0,26.35,26.45,2700914.0,71581012.55,-0.003780718336483857,-0.003780718336483857,-0.0037878833169369803,PASS,2026-08-16T10:34:12Z,D20260816.01
02618.HK,HK,equity,2021-12-24,26.35,26.95,26.2,26.95,26.35,1113500.0,29651854.0,0.022770398481973375,0.022770398481973375,0.02251502236763477,PASS,2026-08-16T10:34:12Z,D20260816.01
02618.HK,HK,equity,2021-12-28,26.9,26.9,26.0,26.55,26.95,1715331.0,45255696.5,-0.014842300556586197,-0.014842300556586197,-0.014953549667058245,PASS,2026-08-16T10:34:12Z,D20260816.01
02618.HK,HK,equity,2021-12-29,26.55,26.9,26.1,26.85,26.55,1943841.0,51697420.38,0.011299435028248705,0.011299435028248705,0.01123607326692597,PASS,2026-08-16T10:34:12Z,D20260816.01
02618.HK,HK,equity,2021-12-30,26.85,27.0,26.35,26.45,26.85,3201331.0,85297721.35,-0.014897579143389295,-0.014897579143389295,-0.015009662650565402,PASS,2026-08-16T10:34:12Z,D20260816.01
02618.HK,HK,equity,2021-12-31,27.4,27.45,26.35,26.45,26.45,1617315.0,43198680.7,0.0,0.0,0.0,PASS,2026-08-16T10:34:12Z,D20260816.01
02618.HK,HK,equity,2022-01-03,26.7,26.95,26.35,26.7,26.45,1788748.0,47604661.2,0.00945179584120992,0.00945179584120992,0.009407407101895547,PASS,2026-08-16T10:34:12Z,D20260816.01
02618.HK,HK,equity,2022-01-04,26.7,26.9,26.05,26.1,26.7,3889250.0,102348893.9,-0.022471910112359494,-0.022471910112359494,-0.022728251077556064,PASS,2026-08-16T10:34:12Z,D20260816.01
02618.HK,HK,equity,2022-01-05,26.0,26.2,25.2,25.3,26.1,6025682.0,154543346.8,-0.03065134099616862,-0.03065134099616862,-0.031130918595173213,PASS,2026-08-16T10:34:12Z,D20260816.01
02618.HK,HK,equity,2022-01-06,25.0,25.25,23.15,23.85,25.3,12167409.0,290256307.05,-0.05731225296442688,-0.05731225296442688,-0.05902017839912433,PASS,2026-08-16T10:34:12Z,D20260816.01
02618.HK,HK,equity,2022-01-07,23.85,24.45,23.8,24.1,23.85,4571166.0,110237372.1,0.01048218029350112,0.01048218029350112,0.01042762316225916,PASS,2026-08-16T10:34:12Z,D20260816.01
02618.HK,HK,equity,2022-01-10,24.05,25.25,24.0,25.0,24.1,3874943.0,96564671.85,0.03734439834024883,0.03734439834024883,0.03666398437159131,PASS,2026-08-16T10:34:12Z,D20260816.01
02618.HK,HK,equity,2022-01-11,25.0,25.95,24.6,25.65,25.0,7188492.0,182691922.0,0.026000000000000023,0.026000000000000023,0.025667746748577813,PASS,2026-08-16T10:34:12Z,D20260816.01
02618.HK,HK,equity,2022-01-12,26.0,27.55,25.95,27.0,25.65,8711212.0,233985331.2,0.052631578947368585,0.052631578947368585,0.05129329438755069,PASS,2026-08-16T10:34:12Z,D20260816.01
02618.HK,HK,equity,2022-01-13,27.0,27.4,26.15,26.55,27.0,4068394.0,108229062.65,-0.016666666666666607,-0.016666666666666607,-0.016807118316381174,PASS,2026-08-16T10:34:12Z,D20260816.01
02618.HK,HK,equity,2022-01-14,26.55,26.9,26.15,26.85,26.55,4478400.0,119568532.7,0.011299435028248705,0.011299435028248705,0.01123607326692597,PASS,2026-08-16T10:34:12Z,D20260816.01
02618.HK,HK,equity,2022-01-17,26.7,26.85,26.2,26.25,26.85,2335951.0,62010788.8,-0.022346368715083886,-0.022346368715083886,-0.02259983191724103,PASS,2026-08-16T10:34:12Z,D20260816.01
02618.HK,HK,equity,2022-01-18,26.4,27.7,26.25,27.4,26.25,7164661.0,195686794.85,0.04380952380952374,0.04380952380952374,0.04287702435639172,PASS,2026-08-16T10:34:12Z,D20260816.01
02618.HK,HK,equity,2022-01-19,27.4,27.55,26.55,26.8,27.4,3347609.0,89965589.65,-0.021897810218978075,-0.021897810218978075,-0.022141125877213518,PASS,2026-08-16T10:34:12Z,D20260816.01
02618.HK,HK,equity,2022-01-20,26.9,27.65,26.8,27.15,26.8,6298065.0,170913898.0,0.013059701492537323,0.013059701492537323,0.01297515886313346,PASS,2026-08-16T10:34:12Z,D20260816.01
02618.HK,HK,equity,2022-01-21,27.1,27.2,26.6,26.75,27.15,5361999.0,143908279.95,-0.014732965009208066,-0.014732965009208066,-0.014842573037928852,PASS,2026-08-16T10:34:12Z,D20260816.01
02618.HK,HK,equity,2022-01-24,26.7,26.75,26.1,26.3,26.75,2242078.0,59244048.3,-0.016822429906542036,-0.016822429906542036,-0.01696553415829667,PASS,2026-08-16T10:34:12Z,D20260816.01
02618.HK,HK,equity,2022-01-25,25.8,26.15,25.25,25.4,26.3,2926833.0,74960694.1,-0.034220532319391705,-0.034220532319391705,-0.03481976515922804,PASS,2026-08-16T10:34:12Z,D20260816.01
02618.HK,HK,equity,2022-01-26,25.4,25.7,24.95,25.05,25.4,2626025.0,66084354.8,-0.013779527559054983,-0.013779527559054983,-0.013875346493616957,PASS,2026-08-16T10:34:12Z,D20260816.01
02618.HK,HK,equity,2022-01-27,24.3,24.8,24.1,24.3,25.05,6546403.0,159224759.2,-0.029940119760479056,-0.029940119760479056,-0.030397477184371045,PASS,2026-08-16T10:34:12Z,D20260816.01
02618.HK,HK,equity,2022-01-28,24.3,24.65,22.8,23.15,24.3,9842140.0,228067342.6,-0.0473251028806585,-0.0473251028806585,-0.04848156981425976,PASS,2026-08-16T10:34:12Z,D20260816.01
02618.HK,HK,equity,2022-01-31,23.15,23.3,22.35,23.15,23.15,4093700.0,93892869.1,0.0,0.0,0.0,PASS,2026-08-16T10:34:12Z,D20260816.01
02618.HK,HK,equity,2022-02-04,23.6,24.0,22.8,23.8,23.15,4722921.0,111600240.25,0.02807775377969768,0.02807775377969768,0.027690800145185983,PASS,2026-08-16T10:34:12Z,D20260816.01
02618.HK,HK,equity,2022-02-07,23.9,24.5,23.7,24.1,23.8,3668928.0,88367440.6,0.012605042016806678,0.012605042016806678,0.012526259819180256,PASS,2026-08-16T10:34:12Z,D20260816.01
02618.HK,HK,equity,2022-02-08,24.2,24.4,24.0,24.25,24.1,4807933.0,116292865.3,0.006224066390041472,0.006224066390041472,0.00620477688688287,PASS,2026-08-16T10:34:12Z,D20260816.01
02618.HK,HK,equity,2022-02-09,24.6,25.3,24.5,24.65,24.25,4352744.0,107665741.8,0.016494845360824684,0.016494845360824684,0.016360283105206853,PASS,2026-08-16T10:34:12Z,D20260816.01
02618.HK,HK,equity,2022-02-10,24.75,25.05,24.5,25.0,24.65,4149397.0,102907673.4,0.014198782961460488,0.014198782961460488,0.014098924379501675,PASS,2026-08-16T10:34:12Z,D20260816.01
02618.HK,HK,equity,2022-02-11,24.95,25.1,24.1,24.25,25.0,3961950.0,96985005.0,-0.030000000000000027,-0.030000000000000027,-0.030459207484708574,PASS,2026-08-16T10:34:12Z,D20260816.01
02618.HK,HK,equity,2022-02-14,24.2,24.35,23.55,23.75,24.25,5426780.0,129324330.8,-0.020618556701030966,-0.020618556701030966,-0.020834086902842025,PASS,2026-08-16T10:34:12Z,D20260816.01
02618.HK,HK,equity,2022-02-15,23.5,24.65,23.5,24.5,23.75,6478098.0,157153875.8,0.03157894736842115,0.03157894736842115,0.03109058707003118,PASS,2026-08-16T10:34:12Z,D20260816.01
02618.HK,HK,equity,2022-02-16,24.65,24.95,24.4,24.8,24.5,2656231.0,65614464.25,0.012244897959183598,0.012244897959183598,0.012170535620255114,PASS,2026-08-16T10:34:12Z,D20260816.01
02618.HK,HK,equity,2022-02-17,25.0,25.1,24.5,24.8,24.8,2432466.0,60393182.8,0.0,0.0,0.0,PASS,2026-08-16T10:34:12Z,D20260816.01
02618.HK,HK,equity,2022-02-18,24.25,24.85,24.2,24.6,24.8,3688898.0,90659679.4,-0.008064516129032251,-0.008064516129032251,-0.008097210232619362,PASS,2026-08-16T10:34:12Z,D20260816.01
02618.HK,HK,equity,2022-02-21,25.0,26.7,24.9,26.7,24.6,14515112.0,379540809.81,0.08536585365853644,0.08536585365853644,0.08191712246788659,PASS,2026-08-16T10:34:12Z,D20260816.01
02618.HK,HK,equity,2022-02-22,26.05,26.7,25.55,25.6,26.7,9433775.0,244286571.05,-0.041198501872659055,-0.041198501872659055,-0.042071213920686926,PASS,2026-08-16T10:34:12Z,D20260816.01
02618.HK,HK,equity,2022-02-23,26.0,26.0,25.25,25.55,25.6,5670549.0,145293657.55,-0.001953125,-0.001953125,-0.0019550348358033506,PASS,2026-08-16T10:34:12Z,D20260816.01
02618.HK,HK,equity,2022-02-24,25.25,25.85,24.3,24.8,25.55,8941215.0,223768801.2,-0.02935420743639927,-0.02935420743639927,-0.029793663478777006,PASS,2026-08-16T10:34:12Z,D20260816.01
02618.HK,HK,equity,2022-02-25,25.1,25.4,24.8,25.15,24.8,5287546.0,132639329.7,0.014112903225806273,0.014112903225806273,0.014014243374811546,PASS,2026-08-16T10:34:12Z,D20260816.01
02618.HK,HK,equity,2022-02-28,25.15,25.15,24.3,24.7,25.15,4470245.0,109726094.1,-0.017892644135188873,-0.017892644135188873,-0.018054652911816706,PASS,2026-08-16T10:34:12Z,D20260816.01
02618.HK,HK,equity,2022-03-01,24.8,26.15,24.8,25.8,24.7,4450398.0,113881061.7,0.044534412955465674,0.044534412955465674,0.04357124829364031,PASS,2026-08-16T10:34:12Z,D20260816.01
02618.HK,HK,equity,2022-03-02,26.0,26.1,25.45,25.5,25.8,4650000.0,119708760.0,-0.011627906976744207,-0.011627906976744207,-0.011696039763191298,PASS,2026-08-16T10:34:12Z,D20260816.01
02618.HK,HK,equity,2022-03-03,26.0,26.0,24.95,25.4,25.5,4959312.0,125817332.8,-0.0039215686274510775,-0.0039215686274510775,-0.003929278139889661,PASS,2026-08-16T10:34:12Z,D20260816.01
02618.HK,HK,equity,2022-03-04,24.8,24.9,24.05,24.3,25.4,7613398.0,185428181.6,-0.04330708661417315,-0.04330708661417315,-0.044272823677988044,PASS,2026-08-16T10:34:12Z,D20260816.01
02618.HK,HK,equity,2022-03-07,23.35,23.9,22.3,23.65,24.3,13359235.0,309312986.3,-0.026748971193415683,-0.026748971193415683,-0.027113235408560844,PASS,2026-08-16T10:34:12Z,D20260816.01
02618.HK,HK,equity,2022-03-08,23.65,23.85,21.25,21.35,23.65,10475050.0,232917652.15,-0.09725158562367853,-0.09725158562367853,-0.10231137526330827,PASS,2026-08-16T10:34:12Z,D20260816.01
02618.HK,HK,equity,2022-03-09,21.3,21.3,19.22,20.1,21.35,18892493.0,376067050.43,-0.05854800936768145,-0.05854800936768145,-0.060331924609603446,PASS,2026-08-16T10:34:12Z,D20260816.01
02618.HK,HK,equity,2022-03-10,20.55,20.8,19.22,19.56,20.1,11514166.0,226358098.64,-0.02686567164179121,-0.02686567164179121,-0.027233150458358963,PASS,2026-08-16T10:34:12Z,D20260816.01
02618.HK,HK,equity,2022-03-11,18.72,19.12,17.78,19.0,19.56,19630500.0,364630685.84,-0.02862985685071573,-0.02862985685071573,-0.0290476854402308,PASS,2026-08-16T10:34:12Z,D20260816.01
02618.HK,HK,equity,2022-03-14,18.4,19.02,18.08,18.38,19.0,13243072.0,246325533.4,-0.032631578947368456,-0.032631578947368456,-0.033175862238899505,PASS,2026-08-16T10:34:12Z,D20260816.01
02618.HK,HK,equity,2022-03-15,18.1,20.3,17.72,18.56,18.38,32281102.0,614562387.18,0.009793253536452662,0.009793253536452662,0.00974561043051352,PASS,2026-08-16T10:34:12Z,D20260816.01
02618.HK,HK,equity,2022-03-16,19.6,21.9,19.4,21.45,18.56,26335353.0,542186837.76,0.15571120689655182,0.15571120689655182,0.14471591801597156,PASS,2026-08-16T10:34:12Z,D20260816.01
02618.HK,HK,equity,2022-03-17,23.65,23.95,22.5,23.5,21.45,15358032.0,355719364.3,0.09557109557109555,0.09557109557109555,0.09127577577608728,PASS,2026-08-16T10:34:12Z,D20260816.01
02618.HK,HK,equity,2022-03-18,23.5,24.75,23.05,24.0,23.5,74859461.0,1797762546.36,0.02127659574468077,0.02127659574468077,0.021053409197832263,PASS,2026-08-16T10:34:12Z,D20260816.01
02618.HK,HK,equity,2022-03-21,24.95,25.5,23.7,24.1,24.0,10598372.0,257951642.0,0.004166666666666652,0.004166666666666652,0.004158010148663677,PASS,2026-08-16T10:34:12Z,D20260816.01
02618.HK,HK,equity,2022-03-22,24.0,24.35,23.55,24.25,24.1,5456536.0,131141990.73,0.006224066390041472,0.006224066390041472,0.00620477688688287,PASS,2026-08-16T10:34:12Z,D20260816.01
02618.HK,HK,equity,2022-03-23,23.9,25.1,23.9,24.7,24.25,10836604.0,268014635.0,0.01855670103092777,0.01855670103092777,0.018386626250439245,PASS,2026-08-16T10:34:12Z,D20260816.01
02618.HK,HK,equity,2022-03-24,24.6,24.6,22.95,23.0,24.7,7215526.0,170004780.7,-0.06882591093117407,-0.06882591093117407,-0.0713090277047818,PASS,2026-08-16T10:34:12Z,D20260816.01
02618.HK,HK,equity,2022-03-25,20.75,20.8,19.4,19.84,23.0,52954960.0,1062809604.6,-0.1373913043478261,-0.1373913043478261,-0.14779411407242296,PASS,2026-08-16T10:34:12Z,D20260816.01
02618.HK,HK,equity,2022-03-28,19.68,19.72,18.24,18.4,19.84,37007174.0,694720991.2,-0.07258064516129037,-0.07258064516129037,-0.07534943724178685,PASS,2026-08-16T10:34:12Z,D20260816.01
02618.HK,HK,equity,2022-03-29,18.52,19.08,18.42,18.7,18.4,20407682.0,381491940.44,0.016304347826086918,0.016304347826086918,0.016172859245600968,PASS,2026-08-16T10:34:12Z,D20260816.01
02618.HK,HK,equity,2022-03-30,19.1,19.74,18.86,19.7,18.7,23764346.0,459697326.92,0.053475935828877,0.053475935828877,0.05209511188340187,PASS,2026-08-16T10:34:12Z,D20260816.01
02618.HK,HK,equity,2022-03-31,19.68,19.68,19.0,19.34,19.7,11207617.0,216612650.28,-0.018274111675126825,-0.018274111675126825,-0.018443145718794476,PASS,2026-08-16T10:34:12Z,D20260816.01
02618.HK,HK,equity,2022-04-01,19.0,19.06,18.4,18.9,19.34,10638838.0,200050593.92,-0.022750775594622574,-0.022750775594622574,-0.023013567959551604,PASS,2026-08-16T10:34:12Z,D20260816.01
02618.HK,HK,equity,2022-04-04,18.94,19.18,18.72,18.88,18.9,15548385.0,293652775.44,-0.0010582010582009804,-0.0010582010582009804,-0.0010587613482419878,PASS,2026-08-16T10:34:12Z,D20260816.01
02618.HK,HK,equity,2022-04-06,18.82,18.82,18.0,18.0,18.88,26332214.0,480227061.68,-0.04661016949152541,-0.04661016949152541,-0.04773140282118992,PASS,2026-08-16T10:34:12Z,D20260816.01
02618.HK,HK,equity,2022-04-07,17.96,18.32,17.54,17.62,18.0,11704801.0,208366713.84,-0.02111111111111108,-0.02111111111111108,-0.02133713738813121,PASS,2026-08-16T10:34:12Z,D20260816.01
02618.HK,HK,equity,2022-04-08,17.6,17.6,17.02,17.44,17.62,8165677.0,141108931.64,-0.010215664018161208,-0.010215664018161208,-0.010268202027199908,PASS,2026-08-16T10:34:12Z,D20260816.01
02618.HK,HK,equity,2022-04-11,18.06,18.36,17.38,17.44,17.44,18392527.0,327155933.44,0.0,0.0,0.0,PASS,2026-08-16T10:34:12Z,D20260816.01
02618.HK,HK,equity,2022-04-12,17.5,17.72,16.84,17.48,17.44,15190098.0,262146249.0,0.002293577981651307,0.002293577981651307,0.0022909517465557624,PASS,2026-08-16T10:34:12Z,D20260816.01
02618.HK,HK,equity,2022-04-13,17.48,17.98,17.34,17.86,17.48,11686165.0,207042552.7,0.021739130434782483,0.021739130434782483,0.021506205220963463,PASS,2026-08-16T10:34:12Z,D20260816.01
02618.HK,HK,equity,2022-04-14,17.88,19.08,17.88,18.88,17.86,14324340.0,266737722.6,0.05711086226203799,0.05711086226203799,0.05553958526900156,PASS,2026-08-16T10:34:12Z,D20260816.01
02618.HK,HK,equity,2022-04-19,19.0,19.08,18.2,18.4,18.88,14079046.0,261067986.66,-0.025423728813559365,-0.025423728813559365,-0.02575249610241474,PASS,2026-08-16T10:34:12Z,D20260816.01
02618.HK,HK,equity,2022-04-20,18.2,18.66,18.0,18.04,18.4,6202207.0,112897627.56,-0.019565217391304346,-0.019565217391304346,-0.019759149980462333,PASS,2026-08-16T10:34:12Z,D20260816.01
02618.HK,HK,equity,2022-04-21,17.9,17.9,17.2,17.24,18.04,11000499.0,191359073.16,-0.04434589800443467,-0.04434589800443467,-0.04535924939893064,PASS,2026-08-16T10:34:12Z,D20260816.01
02618.HK,HK,equity,2022-04-22,17.1,17.34,16.68,17.08,17.24,7727716.0,131394849.56,-0.009280742459396807,-0.009280742459396807,-0.00932407687512329,PASS,2026-08-16T10:34:12Z,D20260816.01
02618.HK,HK,equity,2022-04-25,16.8,16.8,16.04,16.14,17.08,12831533.0,209939135.46,-0.05503512880562045,-0.05503512880562045,-0.056607525518620895,PASS,2026-08-16T10:34:12Z,D20260816.01
02618.HK,HK,equity,2022-04-26,16.54,16.68,16.0,16.12,16.14,14485439.0,237784224.64,-0.0012391573729862992,-0.0012391573729862992,-0.0012399257633204362,PASS,2026-08-16T10:34:12Z,D20260816.01
02618.HK,HK,equity,2022-04-27,16.04,16.04,15.52,15.74,16.12,17661223.0,278236715.58,-0.023573200992555887,-0.023573200992555887,-0.023855494089225122,PASS,2026-08-16T10:34:12Z,D20260816.01
02618.HK,HK,equity,2022-04-28,15.74,16.1,15.64,16.0,15.74,12298590.0,195555949.2,0.016518424396442244,0.016518424396442244,0.016383479250524125,PASS,2026-08-16T10:34:12Z,D20260816.01
02618.HK,HK,equity,2022-04-29,16.0,16.92,15.68,16.44,16.0,19776230.0,323625920.96,0.02750000000000008,0.02750000000000008,0.027128667388252696,PASS,2026-08-16T10:34:12Z,D20260816.01
02618.HK,HK,equity,2022-05-03,16.3,17.28,16.0,16.94,16.44,9009066.0,151454432.34,0.03041362530413627,0.03041362530413627,0.029960299595874495,PASS,2026-08-16T10:34:12Z,D20260816.01
02618.HK,HK,equity,2022-05-04,16.86,16.92,16.1,16.22,16.94,4286952.0,70320859.28,-0.04250295159386086,-0.04250295159386086,-0.043432640536641656,PASS,2026-08-16T10:34:12Z,D20260816.01
02618.HK,HK,equity,2022-05-05,16.4,16.86,16.38,16.46,16.22,9632550.0,159966887.0,0.014796547472256671,0.014796547472256671,0.014688146561657086,PASS,2026-08-16T10:34:12Z,D20260816.01
02618.HK,HK,equity,2022-05-06,16.08,16.24,15.42,15.44,16.46,10486934.0,163818661.54,-0.06196840826245453,-0.06196840826245453,-0.06397165065229375,PASS,2026-08-16T10:34:12Z,D20260816.01
02618.HK,HK,equity,2022-05-10,14.98,15.44,14.74,14.86,15.44,16271994.0,243865749.2,-0.03756476683937826,-0.03756476683937826,-0.03828850530701703,PASS,2026-08-16T10:34:12Z,D20260816.01
02618.HK,HK,equity,2022-05-11,14.88,15.48,14.78,15.04,14.86,9251360.0,140538677.28,0.01211305518169592,0.01211305518169592,0.012040279232080751,PASS,2026-08-16T10:34:12Z,D20260816.01
02618.HK,HK,equity,2022-05-12,14.84,15.0,14.4,14.46,15.04,11454198.0,166989063.62,-0.03856382978723394,-0.03856382978723394,-0.03932710179107503,PASS,2026-08-16T10:34:12Z,D20260816.01
02618.HK,HK,equity,2022-05-13,14.6,14.98,14.52,14.96,14.46,12581266.0,185794677.16,0.03457814661134173,0.03457814661134173,0.03399375581571265,PASS,2026-08-16T10:34:12Z,D20260816.01
02618.HK,HK,equity,2022-05-16,15.3,15.48,15.0,15.4,14.96,8242697.0,125687543.02,0.02941176470588225,0.02941176470588225,0.028987536873252187,PASS,2026-08-16T10:34:12Z,D20260816.01
02618.HK,HK,equity,2022-05-17,15.68,15.96,15.44,15.94,15.4,9045925.0,142998368.26,0.03506493506493502,0.03506493506493502,0.034464163942485464,PASS,2026-08-16T10:34:12Z,D20260816.01
02618.HK,HK,equity,2022-05-18,15.96,15.98,14.68,14.94,15.94,23918114.0,359796990.16,-0.06273525721455453,-0.06273525721455453,-0.06478949365739768,PASS,2026-08-16T10:34:12Z,D20260816.01
02618.HK,HK,equity,2022-05-19,14.66,14.7,14.1,14.42,14.94,16445904.0,236895064.56,-0.03480589022757696,-0.03480589022757696,-0.035426047847868215,PASS,2026-08-16T10:34:12Z,D20260816.01
02618.HK,HK,equity,2022-05-20,14.8,15.3,14.58,15.24,14.42,26373899.0,395234135.08,0.0568654646324549,0.0568654646324549,0.05530741840169717,PASS,2026-08-16T10:34:12Z,D20260816.01
02618.HK,HK,equity,2022-05-23,14.92,15.08,14.34,14.66,15.24,15658803.0,228923861.58,-0.03805774278215224,-0.03805774278215224,-0.03880085379999479,PASS,2026-08-16T10:34:12Z,D20260816.01
02618.HK,HK,equity,2022-05-24,14.68,14.8,14.1,14.12,14.66,12748410.0,183091392.54,-0.03683492496589369,-0.03683492496589369,-0.03753046439340952,PASS,2026-08-16T10:34:12Z,D20260816.01
02618.HK,HK,equity,2022-05-25,14.36,14.44,14.04,14.18,14.12,9423516.0,133586275.58,0.004249291784702569,0.004249291784702569,0.004240289038885442,PASS,2026-08-16T10:34:12Z,D20260816.01
02618.HK,HK,equity,2022-05-26,14.32,14.36,13.9,14.2,14.18,7544349.0,106498028.1,0.0014104372355430161,0.0014104372355430161,0.001409443503233604,PASS,2026-08-16T10:34:12Z,D20260816.01
02618.HK,HK,equity,2022-05-27,14.6,14.88,14.36,14.5,14.2,12076866.0,176747692.78,0.021126760563380254,0.021126760563380254,0.020906684819313643,PASS,2026-08-16T10:34:12Z,D20260816.01
02618.HK,HK,equity,2022-05-30,14.66,15.28,14.64,15.2,14.5,12957443.0,195733876.22,0.04827586206896539,0.04827586206896539,0.04714677842570187,PASS,2026-08-16T10:34:12Z,D20260816.01
02618.HK,HK,equity,2022-05-31,15.3,15.6,15.06,15.38,15.2,9950732.0,152638718.8,0.011842105263158098,0.011842105263158098,0.011772536225267412,PASS,2026-08-16T10:34:12Z,D20260816.01
02618.HK,HK,equity,2022-06-01,15.4,15.54,15.06,15.26,15.38,6246510.0,95332337.8,-0.007802340702210753,-0.007802340702210753,-0.00783293822118706,PASS,2026-08-16T10:34:12Z,D20260816.01
02618.HK,HK,equity,2022-06-02,15.18,15.2,14.88,15.16,15.26,4620487.0,69438844.3,-0.006553079947575369,-0.006553079947575369,-0.006574645642085357,PASS,2026-08-16T10:34:12Z,D20260816.01
02618.HK,HK,equity,2022-06-06,15.2,15.86,15.04,15.84,15.16,10523512.0,164123379.16,0.04485488126649084,0.04485488126649084,0.04387800617205427,PASS,2026-08-16T10:34:12Z,D20260816.01
02618.HK,HK,equity,2022-06-07,15.84,16.24,15.58,16.0,15.84,10361632.0,166102341.34,0.010101010101010166,0.010101010101010166,0.010050335853501506,PASS,2026-08-16T10:34:12Z,D20260816.01
02618.HK,HK,equity,2022-06-08,16.38,17.1,16.2,17.0,16.0,20543778.0,345272958.92,0.0625,0.0625,0.06062462181643484,PASS,2026-08-16T10:34:12Z,D20260816.01
02618.HK,HK,equity,2022-06-09,17.12,17.18,16.16,16.34,17.0,16177933.0,266159174.58,-0.0388235294117647,-0.0388235294117647,-0.03959725462435925,PASS,2026-08-16T10:34:12Z,D20260816.01
02618.HK,HK,equity,2022-06-10,15.96,16.48,15.74,16.32,16.34,15337222.0,249061322.68,-0.001223990208078285,-0.001223990208078285,-0.0012247398958958238,PASS,2026-08-16T10:34:12Z,D20260816.01
02618.HK,HK,equity,2022-06-13,16.0,16.18,15.52,15.6,16.32,11718332.0,185292575.33,-0.044117647058823595,-0.044117647058823595,-0.045120435280469655,PASS,2026-08-16T10:34:12Z,D20260816.01
02618.HK,HK,equity,2022-06-14,15.42,15.86,15.12,15.64,15.6,10338717.0,159827218.96,0.002564102564102555,0.002564102564102555,0.0025608208616736505,PASS,2026-08-16T10:34:12Z,D20260816.01
02618.HK,HK,equity,2022-06-15,15.68,16.22,15.68,15.96,15.64,9816412.0,156708540.84,0.020460358056265893,0.020460358056265893,0.020253856904497596,PASS,2026-08-16T10:34:12Z,D20260816.01
02618.HK,HK,equity,2022-06-16,16.12,16.28,15.36,15.54,15.96,8680578.0,137097390.36,-0.026315789473684292,-0.026315789473684292,-0.02666824708216141,PASS,2026-08-16T10:34:12Z,D20260816.01
02618.HK,HK,equity,2022-06-17,15.28,15.9,15.28,15.8,15.54,13790510.0,217094942.71,0.016731016731016846,0.016731016731016846,0.01659259509341985,PASS,2026-08-16T10:34:12Z,D20260816.01
02618.HK,HK,equity,2022-06-20,15.98,16.14,15.68,16.12,15.8,5910943.0,94346584.78,0.020253164556962133,0.020253164556962133,0.02005079704556122,PASS,2026-08-16T10:34:12Z,D20260816.01
02618.HK,HK,equity,2022-06-21,16.02,16.7,15.9,16.68,16.12,9257622.0,152145346.08,0.03473945409429269,0.03473945409429269,0.034149659852118354,PASS,2026-08-16T10:34:12Z,D20260816.01
02618.HK,HK,equity,2022-06-22,16.5,16.86,16.34,16.38,16.68,8998752.0,149164406.26,-0.017985611510791366,-0.017985611510791366,-0.018149318505677334,PASS,2026-08-16T10:34:12Z,D20260816.01
02618.HK,HK,equity,2022-06-23,16.58,16.88,16.4,16.66,16.38,5838138.0,97296106.46,0.017094017094017255,0.017094017094017255,0.016949558313773424,PASS,2026-08-16T10:34:12Z,D20260816.01
02618.HK,HK,equity,2022-06-24,16.72,17.26,16.62,17.0,16.66,10233643.0,173925186.42,0.020408163265306145,0.020408163265306145,0.02020270731751947,PASS,2026-08-16T10:34:12Z,D20260816.01
02618.HK,HK,equity,2022-06-27,17.4,17.78,17.18,17.5,17.0,13378349.0,234376597.8,0.02941176470588225,0.02941176470588225,0.028987536873252187,PASS,2026-08-16T10:34:12Z,D20260816.01
02618.HK,HK,equity,2022-06-28,17.84,17.84,16.98,17.78,17.5,9157856.0,159580227.28,0.016000000000000014,0.016000000000000014,0.015873349156290163,PASS,2026-08-16T10:34:12Z,D20260816.01
02618.HK,HK,equity,2022-06-29,17.62,17.62,16.86,17.1,17.78,13266367.0,227512847.66,-0.038245219347581516,-0.038245219347581516,-0.03899576657714433,PASS,2026-08-16T10:34:12Z,D20260816.01
02618.HK,HK,equity,2022-06-30,17.26,17.38,16.98,17.12,17.1,6701350.0,114858613.62,0.0011695906432749315,0.0011695906432749315,0.0011689072049819618,PASS,2026-08-16T10:34:12Z,D20260816.01
02618.HK,HK,equity,2022-07-04,17.14,17.26,16.86,17.0,17.12,4916613.0,83610950.42,-0.007009345794392607,-0.007009345794392607,-0.007034026657380048,PASS,2026-08-16T10:34:12Z,D20260816.01
02618.HK,HK,equity,2022-07-05,17.08,17.36,16.88,17.14,17.0,5086440.0,87155897.74,0.008235294117647118,0.008235294117647118,0.00820156911341771,PASS,2026-08-16T10:34:12Z,D20260816.01
02618.HK,HK,equity,2022-07-06,17.26,17.26,16.3,16.54,17.14,7327923.0,122059579.32,-0.03500583430571769,-0.03500583430571769,-0.035633223574088546,PASS,2026-08-16T10:34:12Z,D20260816.01
02618.HK,HK,equity,2022-07-07,16.6,16.6,16.22,16.42,16.54,5718247.0,93381358.72,-0.0072551390568317276,-0.0072551390568317276,-0.0072815855712628965,PASS,2026-08-16T10:34:12Z,D20260816.01
02618.HK,HK,equity,2022-07-08,16.66,16.72,16.24,16.4,16.42,4602221.0,75413680.46,-0.0012180267965896663,-0.0012180267965896663,-0.0012187691941295657,PASS,2026-08-16T10:34:12Z,D20260816.01
02618.HK,HK,equity,2022-07-11,16.4,16.4,15.5,15.6,16.4,7748248.0,122097472.6,-0.04878048780487798,-0.04878048780487798,-0.050010420574661305,PASS,2026-08-16T10:34:12Z,D20260816.01
02618.HK,HK,equity,2022-07-12,15.44,15.52,14.9,14.9,15.6,9098755.0,137218795.7,-0.04487179487179482,-0.04487179487179482,-0.04590970130407786,PASS,2026-08-16T10:34:12Z,D20260816.01
02618.HK,HK,equity,2022-07-13,15.2,15.44,14.92,15.14,14.9,6672666.0,101358181.24,0.016107382550335503,0.016107382550335503,0.015979035057889193,PASS,2026-08-16T10:34:12Z,D20260816.01
02618.HK,HK,equity,2022-07-14,15.14,15.82,15.12,15.78,15.14,7166464.0,111612339.76,0.04227212681638037,0.04227212681638037,0.04140306740842539,PASS,2026-08-16T10:34:12Z,D20260816.01
02618.HK,HK,equity,2022-07-15,15.72,15.76,15.2,15.2,15.78,6329531.0,97696941.98,-0.03675538656527255,-0.03675538656527255,-0.03744788756549754,PASS,2026-08-16T10:34:12Z,D20260816.01
02618.HK,HK,equity,2022-07-18,15.5,15.92,15.14,15.86,15.2,4588942.0,71862422.24,0.04342105263157903,0.04342105263157903,0.0425047883544713,PASS,2026-08-16T10:34:12Z,D20260816.01
02618.HK,HK,equity,2022-07-19,15.78,16.72,15.68,16.48,15.86,11226980.0,183033428.84,0.0390920554854981,0.0390920554854981,0.03834730827462371,PASS,2026-08-16T10:34:12Z,D20260816.01
02618.HK,HK,equity,2022-07-20,16.7,17.16,16.62,16.98,16.48,10635601.0,180890496.36,0.03033980582524265,0.03033980582524265,0.02988865640187555,PASS,2026-08-16T10:34:12Z,D20260816.01
02618.HK,HK,equity,2022-07-21,16.98,17.16,16.8,16.96,16.98,6459391.0,109491932.32,-0.0011778563015312216,-0.0011778563015312216,-0.0011785505194442526,PASS,2026-08-16T10:34:12Z,D20260816.01
02618.HK,HK,equity,2022-07-22,16.98,17.12,16.6,16.96,16.96,4325454.0,72928638.82,0.0,0.0,0.0,PASS,2026-08-16T10:34:12Z,D20260816.01
02618.HK,HK,equity,2022-07-25,16.96,17.04,16.68,16.8,16.96,5660299.0,95272117.24,-0.009433962264150941,-0.009433962264150941,-0.00947874395454377,PASS,2026-08-16T10:34:12Z,D20260816.01
02618.HK,HK,equity,2022-07-26,16.8,16.96,16.46,16.56,16.8,2833874.0,47160959.54,-0.014285714285714457,-0.014285714285714457,-0.01438873745209978,PASS,2026-08-16T10:34:12Z,D20260816.01
02618.HK,HK,equity,2022-07-27,16.6,16.64,16.12,16.2,16.56,2891916.0,47059226.84,-0.021739130434782594,-0.021739130434782594,-0.02197890671877523,PASS,2026-08-16T10:34:12Z,D20260816.01
02618.HK,HK,equity,2022-07-28,16.1,16.56,16.1,16.36,16.2,2497078.0,40882670.32,0.009876543209876631,0.009876543209876631,0.009828088936262693,PASS,2026-08-16T10:34:12Z,D20260816.01
02618.HK,HK,equity,2022-07-29,16.48,16.56,15.76,15.96,16.36,5205066.0,83284543.8,-0.024449877750611138,-0.024449877750611138,-0.024753739152938176,PASS,2026-08-16T10:34:12Z,D20260816.01
02618.HK,HK,equity,2022-08-01,15.96,15.96,15.64,15.84,15.96,3006466.0,47541593.54,-0.007518796992481258,-0.007518796992481258,-0.007547205635382966,PASS,2026-08-16T10:34:12Z,D20260816.01
02618.HK,HK,equity,2022-08-02,15.84,15.84,14.9,15.2,15.84,8535610.0,129273059.3,-0.04040404040404044,-0.04040404040404044,-0.041242958534049134,PASS,2026-08-16T10:34:12Z,D20260816.01
02618.HK,HK,equity,2022-08-03,15.18,15.6,15.18,15.52,15.2,5612425.0,86755293.16,0.021052631578947434,0.021052631578947434,0.020834086902842053,PASS,2026-08-16T10:34:12Z,D20260816.01
02618.HK,HK,equity,2022-08-04,15.52,15.96,15.5,15.64,15.52,3549516.0,55938044.0,0.0077319587628865705,0.0077319587628865705,0.007702220362092303,PASS,2026-08-16T10:34:12Z,D20260816.01
02618.HK,HK,equity,2022-08-05,15.64,15.94,15.62,15.86,15.64,3271408.0,51763269.84,0.014066496163682718,0.014066496163682718,0.01396848108953676,PASS,2026-08-16T10:34:12Z,D20260816.01
02618.HK,HK,equity,2022-08-08,15.8,15.84,15.42,15.78,15.86,4053633.0,63685026.8,-0.0050441361916772065,-0.0050441361916772065,-0.005056900788973774,PASS,2026-08-16T10:34:12Z,D20260816.01
02618.HK,HK,equity,2022-08-09,15.68,15.92,15.42,15.64,15.78,3604066.0,56446230.68,-0.008871989860582907,-0.008871989860582907,-0.008911580300563052,PASS,2026-08-16T10:34:12Z,D20260816.01
02618.HK,HK,equity,2022-08-10,15.46,15.46,14.82,15.02,15.64,8369677.0,125820261.88,-0.03964194373401542,-0.03964194373401542,-0.04044908878117641,PASS,2026-08-16T10:34:12Z,D20260816.01
02618.HK,HK,equity,2022-08-11,15.04,15.28,14.96,15.16,15.02,9376766.0,141292552.04,0.009320905459387463,0.009320905459387463,0.009277733878236893,PASS,2026-08-16T10:34:12Z,D20260816.01
02618.HK,HK,equity,2022-08-12,15.04,15.04,14.1,14.4,15.16,19574764.0,282882953.88,-0.05013192612137207,-0.05013192612137207,-0.051432173632270706,PASS,2026-08-16T10:34:12Z,D20260816.01
02618.HK,HK,equity,2022-08-15,14.4,14.7,14.34,14.34,14.4,5034633.0,72958349.46,-0.004166666666666652,-0.004166666666666652,-0.0041753714104806215,PASS,2026-08-16T10:34:12Z,D20260816.01
02618.HK,HK,equity,2022-08-16,14.34,14.56,14.14,14.3,14.34,7049000.0,101240269.7,-0.002789400278939924,-0.002789400278939924,-0.0027932979056126,PASS,2026-08-16T10:34:12Z,D20260816.01
02618.HK,HK,equity,2022-08-17,14.3,14.5,14.14,14.38,14.3,4087500.0,58737422.3,0.005594405594405494,0.005594405594405494,0.005578815027038934,PASS,2026-08-16T10:34:12Z,D20260816.01
02618.HK,HK,equity,2022-08-18,14.24,14.34,13.96,14.08,14.38,7425298.0,104463190.1,-0.020862308762169768,-0.020862308762169768,-0.021083001563004376,PASS,2026-08-16T10:34:12Z,D20260816.01
02618.HK,HK,equity,2022-08-19,13.92,14.3,13.92,14.3,14.08,3998984.0,56713823.2,0.015625,0.015625,0.015504186535965254,PASS,2026-08-16T10:34:12Z,D20260816.01
02618.HK,HK,equity,2022-08-22,14.04,14.44,13.9,14.08,14.3,4965715.0,70540696.5,-0.015384615384615441,-0.015384615384615441,-0.015504186535965312,PASS,2026-08-16T10:34:12Z,D20260816.01
02618.HK,HK,equity,2022-08-23,14.08,14.24,13.94,14.1,14.08,6859282.0,96323535.3,0.0014204545454545858,0.0014204545454545858,0.0014194466542262925,PASS,2026-08-16T10:34:12Z,D20260816.01
02618.HK,HK,equity,2022-08-24,14.6,15.64,14.56,15.4,14.1,31142430.0,476421197.06,0.09219858156028371,0.09219858156028371,0.0881927120354609,PASS,2026-08-16T10:34:12Z,D20260816.01
02618.HK,HK,equity,2022-08-25,15.42,16.1,15.34,15.98,15.4,18227161.0,287782744.1,0.03766233766233773,0.03766233766233773,0.0369704309185452,PASS,2026-08-16T10:34:12Z,D20260816.01
02618.HK,HK,equity,2022-08-26,16.32,16.8,16.24,16.8,15.98,21796799.0,362088729.26,0.051314142678347885,0.051314142678347885,0.050040946071084585,PASS,2026-08-16T10:34:12Z,D20260816.01
02618.HK,HK,equity,2022-08-29,16.66,17.08,16.38,17.06,16.8,12175074.0,205865936.96,0.015476190476190421,0.015476190476190421,0.015357655654319765,PASS,2026-08-16T10:34:12Z,D20260816.01
02618.HK,HK,equity,2022-08-30,17.02,17.44,16.9,17.24,17.06,15869493.0,272276066.44,0.010550996483001063,0.010550996483001063,0.01049572317201387,PASS,2026-08-16T10:34:12Z,D20260816.01
02618.HK,HK,equity,2022-08-31,16.88,17.06,16.68,16.84,17.24,8441063.0,142364574.66,-0.023201856148491795,-0.023201856148491795,-0.023475256421366286,PASS,2026-08-16T10:34:12Z,D20260816.01
02618.HK,HK,equity,2022-09-01,16.66,17.0,16.24,16.36,16.84,10244131.0,170024766.82,-0.028503562945368155,-0.028503562945368155,-0.028917677639579656,PASS,2026-08-16T10:34:12Z,D20260816.01
02618.HK,HK,equity,2022-09-02,16.36,16.52,15.92,16.22,16.36,18845166.0,304808185.54,-0.008557457212713948,-0.008557457212713948,-0.008594282487334145,PASS,2026-08-16T10:34:12Z,D20260816.01
02618.HK,HK,equity,2022-09-05,16.22,16.36,15.94,16.3,16.22,4709199.0,76221190.7,0.004932182490752224,0.004932182490752224,0.004920059125449853,PASS,2026-08-16T10:34:12Z,D20260816.01
02618.HK,HK,equity,2022-09-06,16.4,16.66,16.24,16.46,16.3,4878948.0,80113526.18,0.009815950920245342,0.009815950920245342,0.009768087436207048,PASS,2026-08-16T10:34:12Z,D20260816.01
02618.HK,HK,equity,2022-09-07,16.3,16.38,16.08,16.36,16.46,5037101.0,81760669.86,-0.0060753341433780195,-0.0060753341433780195,-0.006093864074322892,PASS,2026-08-16T10:34:12Z,D20260816.01
02618.HK,HK,equity,2022-09-08,16.28,16.58,16.18,16.42,16.36,6381526.0,104639429.74,0.0036674816625918982,0.0036674816625918982,0.003660772849681377,PASS,2026-08-16T10:34:12Z,D20260816.01
02618.HK,HK,equity,2022-09-09,16.38,16.9,16.26,16.82,16.42,7281006.0,121911724.92,0.02436053593179044,0.02436053593179044,0.024068550520519774,PASS,2026-08-16T10:34:12Z,D20260816.01
02618.HK,HK,equity,2022-09-13,16.82,17.12,16.48,16.54,16.82,8839510.0,148728077.84,-0.01664684898929847,-0.01664684898929847,-0.016786964949256755,PASS,2026-08-16T10:34:12Z,D20260816.01
02618.HK,HK,equity,2022-09-14,16.2,16.3,15.8,15.9,16.54,9090064.0,146017940.94,-0.038694074969770176,-0.038694074969770176,-0.03946258036935933,PASS,2026-08-16T10:34:12Z,D20260816.01
02618.HK,HK,equity,2022-09-15,15.9,16.56,15.9,16.46,15.9,7122613.0,116521971.84,0.035220125786163514,0.035220125786163514,0.034614086022737904,PASS,2026-08-16T10:34:12Z,D20260816.01
02618.HK,HK,equity,2022-09-16,16.46,16.5,16.0,16.34,16.46,9857307.0,160987305.6,-0.007290400972053468,-0.007290400972053468,-0.007317105817066933,PASS,2026-08-16T10:34:12Z,D20260816.01
02618.HK,HK,equity,2022-09-19,16.1,16.16,14.9,14.92,16.34,11543630.0,174981407.88,-0.08690330477356178,-0.08690330477356178,-0.090913494656242,PASS,2026-08-16T10:34:12Z,D20260816.01
02618.HK,HK,equity,2022-09-20,15.02,15.16,14.62,15.08,14.92,5377143.0,80164728.16,0.01072386058981234,0.01072386058981234,0.010666767804195228,PASS,2026-08-16T10:34:12Z,D20260816.01
02618.HK,HK,equity,2022-09-21,15.08,15.16,14.76,14.9,15.08,3219033.0,48134854.78,-0.011936339522546358,-0.011936339522546358,-0.012008149628396496,PASS,2026-08-16T10:34:12Z,D20260816.01
02618.HK,HK,equity,2022-09-22,14.6,14.88,14.44,14.6,14.9,4657069.0,68323722.28,-0.020134228187919545,-0.020134228187919545,-0.020339684237122787,PASS,2026-08-16T10:34:12Z,D20260816.01
02618.HK,HK,equity,2022-09-23,14.88,14.88,14.36,14.36,14.6,3777645.0,54784056.0,-0.016438356164383605,-0.016438356164383605,-0.016574965094212676,PASS,2026-08-16T10:34:12Z,D20260816.01
02618.HK,HK,equity,2022-09-26,14.28,14.7,14.24,14.56,14.36,3179592.0,46299074.9,0.013927576601671321,0.013927576601671321,0.013831479148461799,PASS,2026-08-16T10:34:12Z,D20260816.01
02618.HK,HK,equity,2022-09-27,14.6,14.68,14.24,14.58,14.56,3868343.0,55945329.96,0.0013736263736263687,0.0013736263736263687,0.0013726838119721742,PASS,2026-08-16T10:34:12Z,D20260816.01
02618.HK,HK,equity,2022-09-28,14.58,14.58,14.1,14.1,14.58,5374914.0,76391634.08,-0.03292181069958855,-0.03292181069958855,-0.03347592919638957,PASS,2026-08-16T10:34:12Z,D20260816.01
02618.HK,HK,equity,2022-09-29,14.3,14.58,13.7,14.0,14.1,6149764.0,86620008.36,-0.007092198581560294,-0.007092198581560294,-0.0071174677688639896,PASS,2026-08-16T10:34:12Z,D20260816.01
02618.HK,HK,equity,2022-09-30,13.9,14.08,13.68,13.8,14.0,5809152.0,80526162.98,-0.014285714285714235,-0.014285714285714235,-0.014388737452099556,PASS,2026-08-16T10:34:12Z,D20260816.01
02618.HK,HK,equity,2022-10-03,13.8,14.02,13.52,13.7,13.8,2015645.0,27602299.02,-0.007246376811594346,-0.007246376811594346,-0.007272759329079921,PASS,2026-08-16T10:34:12Z,D20260816.01
02618.HK,HK,equity,2022-10-05,14.3,14.98,14.28,14.92,13.7,8823511.0,130186710.86,0.089051094890511,0.089051094890511,0.08530676194153561,PASS,2026-08-16T10:34:12Z,D20260816.01
02618.HK,HK,equity,2022-10-06,14.76,14.78,14.3,14.34,14.92,3397700.0,49036114.4,-0.03887399463806973,-0.03887399463806973,-0.03964975960414052,PASS,2026-08-16T10:34:12Z,D20260816.01
02618.HK,HK,equity,2022-10-07,14.26,14.34,14.02,14.08,14.34,3195732.0,45148448.52,-0.018131101813110173,-0.018131101813110173,-0.01829748444157795,PASS,2026-08-16T10:34:12Z,D20260816.01
02618.HK,HK,equity,2022-10-10,13.76,13.96,13.58,13.74,14.08,5116602.0,70614570.66,-0.024147727272727293,-0.024147727272727293,-0.02444406393569308,PASS,2026-08-16T10:34:12Z,D20260816.01
02618.HK,HK,equity,2022-10-11,13.64,13.8,13.14,13.32,13.74,4689032.0,62753635.5,-0.03056768558951961,-0.03056768558951961,-0.031044621681960163,PASS,2026-08-16T10:34:12Z,D20260816.01
02618.HK,HK,equity,2022-10-12,13.26,13.34,12.6,13.0,13.32,13963833.0,180361845.9,-0.024024024024024038,-0.024024024024024038,-0.024317307650706357,PASS,2026-08-16T10:34:12Z,D20260816.01
02618.HK,HK,equity,2022-10-13,12.96,12.96,11.92,12.04,13.0,15531714.0,190219149.52,-0.0738461538461539,-0.0738461538461539,-0.07671491758086181,PASS,2026-08-16T10:34:12Z,D20260816.01
02618.HK,HK,equity,2022-10-14,12.3,12.66,12.18,12.36,12.04,21429000.0,265635223.2,0.02657807308970095,0.02657807308970095,0.026231012148869685,PASS,2026-08-16T10:34:12Z,D20260816.01
02618.HK,HK,equity,2022-10-17,12.3,13.0,12.08,12.84,12.36,7921612.0,99806501.08,0.03883495145631066,0.03883495145631066,0.03809984623227038,PASS,2026-08-16T10:34:12Z,D20260816.01
02618.HK,HK,equity,2022-10-18,13.04,13.4,12.8,13.36,12.84,14535988.0,190532183.84,0.04049844236760114,0.04049844236760114,0.03969986984668445,PASS,2026-08-16T10:34:12Z,D20260816.01
02618.HK,HK,equity,2022-10-19,13.34,13.76,13.3,13.34,13.36,10702874.0,144739972.1,-0.0014970059880239361,-0.0014970059880239361,-0.0014981276210219922,PASS,2026-08-16T10:34:12Z,D20260816.01
02618.HK,HK,equity,2022-10-20,13.0,13.0,12.44,12.74,13.34,10970288.0,139168653.16,-0.044977511244377766,-0.044977511244377766,-0.046020390343460324,PASS,2026-08-16T10:34:12Z,D20260816.01
02618.HK,HK,equity,2022-10-21,12.74,12.98,12.68,12.86,12.74,4889458.0,62764313.88,0.009419152276294973,0.009419152276294973,0.009375068665455882,PASS,2026-08-16T10:34:12Z,D20260816.01
02618.HK,HK,equity,2022-10-24,12.5,12.78,11.46,11.62,12.86,12776473.0,152294289.92,-0.0964230171073095,-0.0964230171073095,-0.10139396738570816,PASS,2026-08-16T10:34:12Z,D20260816.01
02618.HK,HK,equity,2022-10-25,12.56,12.56,11.36,11.56,11.62,17434400.0,202847170.2,-0.005163511187607495,-0.005163511187607495,-0.00517688817953368,PASS,2026-08-16T10:34:12Z,D20260816.01
02618.HK,HK,equity,2022-10-26,11.56,12.16,11.5,12.02,11.56,10589091.0,125948132.9,0.03979238754325243,0.03979238754325243,0.03902106586282995,PASS,2026-08-16T10:34:12Z,D20260816.01
02618.HK,HK,equity,2022-10-27,12.38,12.54,11.96,12.02,12.02,7275927.0,89141708.48,0.0,0.0,0.0,PASS,2026-08-16T10:34:12Z,D20260816.01
02618.HK,HK,equity,2022-10-28,12.02,12.1,11.14,11.22,12.02,11120532.0,127278340.48,-0.06655574043261225,-0.06655574043261225,-0.0688740290125112,PASS,2026-08-16T10:34:12Z,D20260816.01
02618.HK,HK,equity,2022-10-31,11.22,11.46,10.9,10.96,11.22,11647420.0,129377415.06,-0.02317290552584672,-0.02317290552584672,-0.0234456185746808,PASS,2026-08-16T10:34:12Z,D20260816.01
02618.HK,HK,equity,2022-11-01,11.2,11.88,11.02,11.86,10.96,13830440.0,159760006.98,0.08211678832116776,0.08211678832116776,0.0789191120497098,PASS,2026-08-16T10:34:12Z,D20260816.01
02618.HK,HK,equity,2022-11-02,11.84,12.56,11.54,12.34,11.86,11097764.0,134721018.44,0.0404721753794266,0.0404721753794266,0.03967462490766232,PASS,2026-08-16T10:34:12Z,D20260816.01
02618.HK,HK,equity,2022-11-03,12.08,12.1,11.7,11.7,12.34,8481266.0,100309624.9,-0.05186385737439225,-0.05186385737439225,-0.05325717667353135,PASS,2026-08-16T10:34:12Z,D20260816.01
02618.HK,HK,equity,2022-11-04,11.92,12.64,11.84,12.42,11.7,15164115.0,187990071.64,0.06153846153846154,0.06153846153846154,0.05971923470162228,PASS,2026-08-16T10:34:12Z,D20260816.01
02618.HK,HK,equity,2022-11-07,12.36,12.8,12.12,12.7,12.42,17820565.0,224718120.06,0.02254428341384851,0.02254428341384851,0.02229391695921276,PASS,2026-08-16T10:34:12Z,D20260816.01
02618.HK,HK,equity,2022-11-08,12.8,12.84,12.24,12.5,12.7,8367800.0,104220777.3,-0.015748031496062964,-0.015748031496062964,-0.01587334915629012,PASS,2026-08-16T10:34:12Z,D20260816.01
02618.HK,HK,equity,2022-11-09,12.46,12.7,12.04,12.18,12.5,7847656.0,96221346.02,-0.025600000000000067,-0.025600000000000067,-0.025933382026504543,PASS,2026-08-16T10:34:12Z,D20260816.01
02618.HK,HK,equity,2022-11-10,11.98,11.98,11.54,11.62,12.18,6955899.0,81190061.14,-0.04597701149425293,-0.04597701149425293,-0.047067510857985856,PASS,2026-08-16T10:34:12Z,D20260816.01
02618.HK,HK,equity,2022-11-11,12.24,13.44,12.12,13.42,11.62,32645731.0,418471887.1,0.15490533562822728,0.15490533562822728,0.14401838011977064,PASS,2026-08-16T10:34:12Z,D20260816.01
02618.HK,HK,equity,2022-11-14,13.92,14.64,13.64,14.2,13.42,29833315.0,422048635.96,0.05812220566318915,0.05812220566318915,0.0564958330636792,PASS,2026-08-16T10:34:12Z,D20260816.01
02618.HK,HK,equity,2022-11-15,14.2,15.0,14.02,14.82,14.2,13602387.0,200451499.16,0.04366197183098608,0.04366197183098608,0.04273565526072594,PASS,2026-08-16T10:34:12Z,D20260816.01
02618.HK,HK,equity,2022-11-16,14.8,14.86,14.4,14.78,14.82,8353032.0,122393875.4,-0.0026990553306343035,-0.0026990553306343035,-0.002702704347885139,PASS,2026-08-16T10:34:12Z,D20260816.01
02618.HK,HK,equity,2022-11-17,14.7,14.8,13.9,14.4,14.78,12161899.0,173629773.9,-0.025710419485791558,-0.025710419485791558,-0.026046708938100724,PASS,2026-08-16T10:34:12Z,D20260816.01
02618.HK,HK,equity,2022-11-18,14.68,14.82,14.26,14.5,14.4,13150567.0,191749148.56,0.00694444444444442,0.00694444444444442,0.006920442844573757,PASS,2026-08-16T10:34:12Z,D20260816.01
02618.HK,HK,equity,2022-11-21,14.5,14.5,13.62,13.76,14.5,11065732.0,152993373.98,-0.05103448275862066,-0.05103448275862066,-0.05238281692133108,PASS,2026-08-16T10:34:12Z,D20260816.01
02618.HK,HK,equity,2022-11-22,13.78,13.9,13.28,13.34,13.76,8678348.0,117144805.38,-0.03052325581395343,-0.03052325581395343,-0.030998792017719885,PASS,2026-08-16T10:34:12Z,D20260816.01
02618.HK,HK,equity,2022-11-23,13.5,13.58,13.2,13.28,13.34,7126931.0,95383737.2,-0.004497751124437843,-0.004497751124437843,-0.004507896439189928,PASS,2026-08-16T10:34:12Z,D20260816.01
02618.HK,HK,equity,2022-11-24,13.42,13.54,12.76,12.92,13.28,17867711.0,232117691.26,-0.027108433734939763,-0.027108433734939763,-0.027482645693832006,PASS,2026-08-16T10:34:12Z,D20260816.01
02618.HK,HK,equity,2022-11-25,12.84,12.9,12.56,12.7,12.92,6291873.0,79973811.66,-0.01702786377708987,-0.01702786377708987,-0.017174504889910288,PASS,2026-08-16T10:34:12Z,D20260816.01
02618.HK,HK,equity,2022-11-28,12.4,12.48,11.84,12.48,12.7,11805798.0,144191650.58,-0.017322834645669194,-0.017322834645669194,-0.017474630523263885,PASS,2026-08-16T10:34:12Z,D20260816.01
02618.HK,HK,equity,2022-11-29,12.58,13.68,12.58,13.68,12.48,16089952.0,212881223.08,0.09615384615384603,0.09615384615384603,0.09180754925312269,PASS,2026-08-16T10:34:12Z,D20260816.01
02618.HK,HK,equity,2022-11-30,13.34,13.98,13.26,13.96,13.68,17036164.0,232060860.26,0.02046783625731008,0.02046783625731008,0.020261185139822144,PASS,2026-08-16T10:34:12Z,D20260816.01
02618.HK,HK,equity,2022-12-01,14.44,14.64,14.02,14.12,13.96,14502553.0,208393846.14,0.011461318051575908,0.011461318051575908,0.011396134730869582,PASS,2026-08-16T10:34:12Z,D20260816.01
02618.HK,HK,equity,2022-12-02,14.1,14.48,13.96,14.12,14.12,8476252.0,120128200.08,0.0,0.0,0.0,PASS,2026-08-16T10:34:12Z,D20260816.01
02618.HK,HK,equity,2022-12-05,14.62,15.68,14.48,15.68,14.12,22965568.0,350161072.46,0.11048158640226635,0.11048158640226635,0.10479378285716583,PASS,2026-08-16T10:34:12Z,D20260816.01
02618.HK,HK,equity,2022-12-06,15.46,15.82,15.18,15.46,15.68,16209380.0,251014745.1,-0.014030612244897878,-0.014030612244897878,-0.014129971762985803,PASS,2026-08-16T10:34:12Z,D20260816.01
02618.HK,HK,equity,2022-12-07,15.36,16.14,14.88,14.92,15.46,20573533.0,318090007.25,-0.03492884864165591,-0.03492884864165591,-0.03555344838366113,PASS,2026-08-16T10:34:12Z,D20260816.01
02618.HK,HK,equity,2022-12-08,15.14,16.3,15.1,16.24,14.92,22290929.0,355327136.0,0.08847184986595158,0.08847184986595158,0.08477473995791696,PASS,2026-08-16T10:34:12Z,D20260816.01
02618.HK,HK,equity,2022-12-09,16.34,16.6,15.88,16.26,16.24,17816589.0,289140583.48,0.0012315270935963074,0.0012315270935963074,0.0012307693861328883,PASS,2026-08-16T10:34:12Z,D20260816.01
02618.HK,HK,equity,2022-12-12,15.96,16.14,15.46,15.56,16.26,13299595.0,209354740.62,-0.043050430504305126,-0.043050430504305126,-0.04400458536941908,PASS,2026-08-16T10:34:12Z,D20260816.01
02618.HK,HK,equity,2022-12-13,15.56,16.18,15.46,15.66,15.56,7223300.0,114288814.3,0.006426735218509005,0.006426735218509005,0.006406171812411507,PASS,2026-08-16T10:34:12Z,D20260816.01
02618.HK,HK,equity,2022-12-14,15.96,15.98,15.42,15.6,15.66,6299000.0,98825015.8,-0.003831417624521105,-0.003831417624521105,-0.003838776307165713,PASS,2026-08-16T10:34:12Z,D20260816.01
02618.HK,HK,equity,2022-12-15,15.76,15.8,15.14,15.38,15.6,6968506.0,107543894.46,-0.014102564102564052,-0.014102564102564052,-0.014202950177993395,PASS,2026-08-16T10:34:12Z,D20260816.01
02618.HK,HK,equity,2022-12-16,15.34,15.88,15.2,15.78,15.38,7799395.0,121991605.4,0.026007802340702213,0.026007802340702213,0.02567535134023027,PASS,2026-08-16T10:34:12Z,D20260816.01
02618.HK,HK,equity,2022-12-19,15.68,16.16,15.24,15.32,15.78,5989182.0,93261317.7,-0.0291508238276299,-0.0291508238276299,-0.029584151105282935,PASS,2026-08-16T10:34:12Z,D20260816.01
02618.HK,HK,equity,2022-12-20,15.3,15.56,15.0,15.26,15.32,6763790.0,103082517.86,-0.003916449086161955,-0.003916449086161955,-0.00392413845613437,PASS,2026-08-16T10:34:12Z,D20260816.01
02618.HK,HK,equity,2022-12-21,15.46,15.66,15.22,15.56,15.26,4080507.0,63285646.38,0.019659239842726217,0.019659239842726217,0.01946849289393473,PASS,2026-08-16T10:34:12Z,D20260816.01
02618.HK,HK,equity,2022-12-22,15.82,16.1,15.56,15.76,15.56,7560188.0,120108430.53,0.01285347043701801,0.01285347043701801,0.01277156567948754,PASS,2026-08-16T10:34:12Z,D20260816.01
02618.HK,HK,equity,2022-12-23,15.52,15.94,15.42,15.6,15.76,4419626.0,69242914.26,-0.010152284263959421,-0.010152284263959421,-0.010204170174241736,PASS,2026-08-16T10:34:12Z,D20260816.01
02618.HK,HK,equity,2022-12-28,15.82,16.02,15.62,15.78,15.6,5808644.0,91981479.22,0.011538461538461497,0.011538461538461497,0.011472401162236781,PASS,2026-08-16T10:34:12Z,D20260816.01
02618.HK,HK,equity,2022-12-29,15.46,15.64,14.92,15.0,15.78,8433572.0,128061729.96,-0.049429657794676785,-0.049429657794676785,-0.050693114315518095,PASS,2026-08-16T10:34:12Z,D20260816.01
02618.HK,HK,equity,2022-12-30,15.12,15.34,15.0,15.12,15.0,3783430.0,57393647.42,0.008000000000000007,0.008000000000000007,0.007968169649176881,PASS,2026-08-16T10:34:12Z,D20260816.01
02618.HK,HK,equity,2023-01-03,14.86,15.6,14.56,15.56,15.12,8732193.0,132681969.48,0.029100529100529293,0.029100529100529293,0.028685147998858792,PASS,2026-08-16T10:34:12Z,D20260816.01
02618.HK,HK,equity,2023-01-04,15.56,16.2,15.5,16.14,15.56,12384538.0,198097508.88,0.037275064267352276,0.037275064267352276,0.03659714409155728,PASS,2026-08-16T10:34:12Z,D20260816.01
02618.HK,HK,equity,2023-01-05,16.62,16.94,16.22,16.72,16.14,18380641.0,305073747.18,0.035935563816604565,0.035935563816604565,0.03530494481475269,PASS,2026-08-16T10:34:12Z,D20260816.01
02618.HK,HK,equity,2023-01-06,16.92,16.92,16.22,16.28,16.72,6670883.0,110203892.22,-0.02631578947368407,-0.02631578947368407,-0.02666824708216118,PASS,2026-08-16T10:34:12Z,D20260816.01
02618.HK,HK,equity,2023-01-09,16.28,17.0,16.28,16.8,16.28,8927938.0,149661286.68,0.03194103194103182,0.03194103194103182,0.03144152583481888,PASS,2026-08-16T10:34:12Z,D20260816.01
02618.HK,HK,equity,2023-01-10,16.76,16.9,16.44,16.52,16.8,5837560.0,97087903.62,-0.01666666666666672,-0.01666666666666672,-0.01680711831638129,PASS,2026-08-16T10:34:12Z,D20260816.01
02618.HK,HK,equity,2023-01-11,16.66,16.98,16.38,16.56,16.52,8621605.0,144213656.68,0.002421307506053294,0.002421307506053294,0.0024183808642816527,PASS,2026-08-16T10:34:12Z,D20260816.01
02618.HK,HK,equity,2023-01-12,16.54,16.7,16.12,16.22,16.56,6644114.0,108862666.34,-0.020531400966183555,-0.020531400966183555,-0.02074510026984675,PASS,2026-08-16T10:34:12Z,D20260816.01
02618.HK,HK,equity,2023-01-13,16.56,16.62,16.26,16.54,16.22,5772480.0,95045244.61,0.019728729963008673,0.019728729963008673,0.019536640908278436,PASS,2026-08-16T10:34:12Z,D20260816.01
02618.HK,HK,equity,2023-01-16,16.54,17.04,16.46,16.68,16.54,7634134.0,128338393.04,0.00846432889963733,0.00846432889963733,0.008428707335055529,PASS,2026-08-16T10:34:12Z,D20260816.01
02618.HK,HK,equity,2023-01-17,16.52,16.68,16.1,16.18,16.68,4358734.0,70842649.36,-0.029976019184652314,-0.029976019184652314,-0.030434485300255106,PASS,2026-08-16T10:34:12Z,D20260816.01
02618.HK,HK,equity,2023-01-18,16.2,16.52,15.9,16.36,16.18,8097396.0,131957524.82,0.011124845488257096,0.011124845488257096,0.011063419544255354,PASS,2026-08-16T10:34:12Z,D20260816.01
02618.HK,HK,equity,2023-01-19,16.36,16.42,15.86,15.94,16.36,3843229.0,61812850.4,-0.025672371638141844,-0.025672371638141844,-0.026007657812532052,PASS,2026-08-16T10:34:12Z,D20260816.01
02618.HK,HK,equity,2023-01-20,15.94,16.38,15.9,16.28,15.94,3215440.0,51987211.6,0.021329987452948673,0.021329987452948673,0.021105687212325374,PASS,2026-08-16T10:34:12Z,D20260816.01
02618.HK,HK,equity,2023-01-26,16.6,17.5,16.28,17.42,16.28,8685281.0,148352744.9,0.07002457002457008,0.07002457002457008,0.06768161084996255,PASS,2026-08-16T10:34:12Z,D20260816.01
02618.HK,HK,equity,2023-01-27,17.42,17.74,17.12,17.42,17.42,5506649.0,95992275.9,0.0,0.0,0.0,PASS,2026-08-16T10:34:12Z,D20260816.01
02618.HK,HK,equity,2023-01-30,17.48,17.62,17.08,17.14,17.42,11810365.0,205122446.58,-0.016073478760045945,-0.016073478760045945,-0.016204058254723028,PASS,2026-08-16T10:34:12Z,D20260816.01
02618.HK,HK,equity,2023-01-31,17.34,18.02,17.1,17.32,17.14,12159645.0,213899099.28,0.010501750291715295,0.010501750291715295,0.010446989964655375,PASS,2026-08-16T10:34:12Z,D20260816.01
02618.HK,HK,equity,2023-02-01,17.36,18.0,17.3,17.84,17.32,11154560.0,197787414.4,0.03002309468822162,0.03002309468822162,0.029581224017574133,PASS,2026-08-16T10:34:12Z,D20260816.01
02618.HK,HK,equity,2023-02-02,17.86,17.98,17.42,17.42,17.84,7168612.0,126438331.24,-0.023542600896860888,-0.023542600896860888,-0.023824155727506482,PASS,2026-08-16T10:34:12Z,D20260816.01
02618.HK,HK,equity,2023-02-03,17.42,17.46,16.66,16.78,17.42,10415114.0,175696586.76,-0.036739380022962176,-0.036739380022962176,-0.037431270385296686,PASS,2026-08-16T10:34:12Z,D20260816.01
02618.HK,HK,equity,2023-02-06,16.72,16.72,15.8,16.16,16.78,8474400.0,136513463.0,-0.03694874851013119,-0.03694874851013119,-0.037648647946110884,PASS,2026-08-16T10:34:12Z,D20260816.01
02618.HK,HK,equity,2023-02-07,16.2,16.36,15.88,15.92,16.16,4649490.0,74672783.5,-0.014851485148514865,-0.014851485148514865,-0.014962872676712377,PASS,2026-08-16T10:34:12Z,D20260816.01
02618.HK,HK,equity,2023-02-08,15.88,16.16,15.62,15.78,15.92,5467859.0,86483975.59,-0.008793969849246297,-0.008793969849246297,-0.008832864998508837,PASS,2026-08-16T10:34:12Z,D20260816.01
02618.HK,HK,equity,2023-02-09,15.54,16.04,15.52,15.96,15.78,4872413.0,77466207.94,0.011406844106463865,0.011406844106463865,0.01134227660393451,PASS,2026-08-16T10:34:12Z,D20260816.01
02618.HK,HK,equity,2023-02-10,15.98,15.98,15.54,15.76,15.96,5394856.0,84768323.56,-0.01253132832080206,-0.01253132832080206,-0.012610507591929696,PASS,2026-08-16T10:34:12Z,D20260816.01
02618.HK,HK,equity,2023-02-13,15.74,15.9,15.42,15.76,15.76,5226229.0,82154217.18,0.0,0.0,0.0,PASS,2026-08-16T10:34:12Z,D20260816.01
02618.HK,HK,equity,2023-02-14,15.76,15.88,15.54,15.7,15.76,4398569.0,69058809.36,-0.0038071065989847552,-0.0038071065989847552,-0.0038143720754706774,PASS,2026-08-16T10:34:12Z,D20260816.01
02618.HK,HK,equity,2023-02-15,15.7,15.76,14.9,14.92,15.7,7921334.0,120567779.28,-0.04968152866242037,-0.04968152866242037,-0.05095811757864757,PASS,2026-08-16T10:34:12Z,D20260816.01
02618.HK,HK,equity,2023-02-16,15.0,15.4,14.98,15.04,14.92,9646599.0,146599678.58,0.008042895442359255,0.008042895442359255,0.008010723746078979,PASS,2026-08-16T10:34:12Z,D20260816.01
02618.HK,HK,equity,2023-02-17,14.9,15.02,14.8,14.8,15.04,4687105.0,69783058.92,-0.015957446808510523,-0.015957446808510523,-0.01608613775162427,PASS,2026-08-16T10:34:12Z,D20260816.01
02618.HK,HK,equity,2023-02-20,14.76,15.18,14.56,15.12,14.8,4820508.0,72023629.2,0.021621621621621623,0.021621621621621623,0.02139118998131756,PASS,2026-08-16T10:34:12Z,D20260816.01
02618.HK,HK,equity,2023-02-21,15.14,15.14,14.74,14.8,15.12,6589897.0,98070657.06,-0.021164021164021052,-0.021164021164021052,-0.021391189981317445,PASS,2026-08-16T10:34:12Z,D20260816.01
02618.HK,HK,equity,2023-02-22,14.64,14.76,14.4,14.5,14.8,7652290.0,111377730.96,-0.020270270270270285,-0.020270270270270285,-0.020478531343540676,PASS,2026-08-16T10:34:12Z,D20260816.01
02618.HK,HK,equity,2023-02-23,14.5,14.74,14.42,14.54,14.5,4187884.0,60982951.96,0.0027586206896550447,0.0027586206896550447,0.002754822678844462,PASS,2026-08-16T10:34:12Z,D20260816.01
02618.HK,HK,equity,2023-02-24,14.56,14.62,14.0,14.0,14.54,8356650.0,117960984.78,-0.037138927097661534,-0.037138927097661534,-0.0378461424901146,PASS,2026-08-16T10:34:12Z,D20260816.01
02618.HK,HK,equity,2023-02-27,13.96,14.02,13.56,13.92,14.0,8784070.0,121373580.0,-0.005714285714285672,-0.005714285714285672,-0.005730674708984983,PASS,2026-08-16T10:34:12Z,D20260816.01
02618.HK,HK,equity,2023-02-28,13.98,14.3,13.84,14.0,13.92,6449632.0,90777932.34,0.005747126436781658,0.005747126436781658,0.0057306747089850745,PASS,2026-08-16T10:34:12Z,D20260816.01
02618.HK,HK,equity,2023-03-01,14.0,14.74,14.0,14.62,14.0,6552759.0,95053533.1,0.04428571428571426,0.04428571428571426,0.04333312470637381,PASS,2026-08-16T10:34:12Z,D20260816.01
02618.HK,HK,equity,2023-03-02,14.4,14.62,14.34,14.52,14.62,4513519.0,65433009.1,-0.0068399452804377425,-0.0068399452804377425,-0.0068634449249824,PASS,2026-08-16T10:34:12Z,D20260816.01
02618.HK,HK,equity,2023-03-03,14.64,14.96,14.64,14.86,14.52,4551850.0,67649256.6,0.023415977961432466,0.023415977961432466,0.023146029892963035,PASS,2026-08-16T10:34:12Z,D20260816.01
02618.HK,HK,equity,2023-03-06,14.86,14.96,14.6,14.86,14.86,4109362.0,60980980.22,0.0,0.0,0.0,PASS,2026-08-16T10:34:12Z,D20260816.01
02618.HK,HK,equity,2023-03-07,14.76,15.14,14.62,14.84,14.86,5608624.0,83632485.08,-0.0013458950201884479,-0.0013458950201884479,-0.0013468015503787388,PASS,2026-08-16T10:34:12Z,D20260816.01
02618.HK,HK,equity,2023-03-08,14.68,14.72,14.3,14.38,14.84,6304574.0,90789928.1,-0.030997304582210172,-0.030997304582210172,-0.031487885446333685,PASS,2026-08-16T10:34:12Z,D20260816.01
02618.HK,HK,equity,2023-03-09,14.44,14.54,14.0,14.0,14.38,5130159.0,72692571.4,-0.026425591098748313,-0.026425591098748313,-0.02678102267764207,PASS,2026-08-16T10:34:12Z,D20260816.01
02618.HK,HK,equity,2023-03-10,13.64,13.7,12.72,12.72,14.0,35896682.0,467013689.68,-0.09142857142857141,-0.09142857142857141,-0.09588177170328252,PASS,2026-08-16T10:34:12Z,D20260816.01
02618.HK,HK,equity,2023-03-13,12.8,13.34,12.62,13.24,12.72,10976430.0,143550146.98,0.04088050314465397,0.04088050314465397,0.04006699259688595,PASS,2026-08-16T10:34:12Z,D20260816.01
02618.HK,HK,equity,2023-03-14,13.24,13.46,12.92,13.18,13.24,7513690.0,98951736.2,-0.004531722054380682,-0.004531722054380682,-0.004542021434501009,PASS,2026-08-16T10:34:12Z,D20260816.01
02618.HK,HK,equity,2023-03-15,13.34,13.58,13.3,13.48,13.18,7594466.0,102191822.08,0.022761760242792084,0.022761760242792084,0.02250657640979979,PASS,2026-08-16T10:34:12Z,D20260816.01
02618.HK,HK,equity,2023-03-16,13.26,13.4,12.98,13.14,13.48,6786915.0,89287037.58,-0.02522255192878342,-0.02522255192878342,-0.02554609242769656,PASS,2026-08-16T10:34:12Z,D20260816.01
02618.HK,HK,equity,2023-03-17,13.22,13.6,13.22,13.44,13.14,10252356.0,137327530.2,0.022831050228310446,0.022831050228310446,0.022574322038538975,PASS,2026-08-16T10:34:12Z,D20260816.01
02618.HK,HK,equity,2023-03-20,13.26,13.36,12.82,12.9,13.44,7691274.0,99730032.24,-0.0401785714285714,-0.0401785714285714,-0.041008023727377024,PASS,2026-08-16T10:34:12Z,D20260816.01
02618.HK,HK,equity,2023-03-21,12.98,13.36,12.98,13.32,12.9,6493832.0,85530849.32,0.032558139534883734,0.032558139534883734,0.03203935374461666,PASS,2026-08-16T10:34:12Z,D20260816.01
02618.HK,HK,equity,2023-03-22,13.36,13.64,13.28,13.36,13.32,7178377.0,96306830.48,0.0030030030030030463,0.0030030030030030463,0.002998502996256633,PASS,2026-08-16T10:34:12Z,D20260816.01
02618.HK,HK,equity,2023-03-23,13.46,13.78,13.12,13.74,13.36,5920216.0,80015996.2,0.02844311377245523,0.02844311377245523,0.02804611868570375,PASS,2026-08-16T10:34:12Z,D20260816.01
02618.HK,HK,equity,2023-03-24,13.76,14.06,13.48,13.84,13.74,7035387.0,97450288.74,0.00727802037845704,0.00727802037845704,0.0072516633953202065,PASS,2026-08-16T10:34:12Z,D20260816.01
02618.HK,HK,equity,2023-03-27,13.8,14.0,13.46,13.82,13.84,5182000.0,71371008.1,-0.0014450867052022698,-0.0014450867052022698,-0.0014461318499996267,PASS,2026-08-16T10:34:12Z,D20260816.01
02618.HK,HK,equity,2023-03-28,13.86,14.34,13.78,14.18,13.82,6791667.0,95888513.3,0.026049204052098318,0.026049204052098318,0.025715702764457515,PASS,2026-08-16T10:34:12Z,D20260816.01
02618.HK,HK,equity,2023-03-29,14.42,14.66,13.76,13.94,14.18,10679595.0,150831010.56,-0.016925246826516194,-0.016925246826516194,-0.017070115771603587,PASS,2026-08-16T10:34:12Z,D20260816.01
02618.HK,HK,equity,2023-03-30,13.94,14.08,13.7,14.08,13.94,9170351.0,127277289.92,0.010043041606886627,0.010043041606886627,0.009992945397518486,PASS,2026-08-16T10:34:12Z,D20260816.01
02618.HK,HK,equity,2023-03-31,14.4,14.58,14.02,14.1,14.08,7689044.0,109814796.98,0.0014204545454545858,0.0014204545454545858,0.0014194466542262925,PASS,2026-08-16T10:34:12Z,D20260816.01
02618.HK,HK,equity,2023-04-03,14.06,14.22,13.34,13.52,14.1,13433564.0,182292987.88,-0.041134751773049705,-0.041134751773049705,-0.042004726769304626,PASS,2026-08-16T10:34:12Z,D20260816.01
02618.HK,HK,equity,2023-04-04,13.68,13.68,13.02,13.2,13.52,9282143.0,122503867.48,-0.023668639053254448,-0.023668639053254448,-0.023953241022492872,PASS,2026-08-16T10:34:12Z,D20260816.01
02618.HK,HK,equity,2023-04-06,12.96,13.28,12.96,13.26,13.2,4776415.0,62675885.4,0.00454545454545463,0.00454545454545463,0.004535155165391363,PASS,2026-08-16T10:34:12Z,D20260816.01
02618.HK,HK,equity,2023-04-11,13.42,13.58,13.22,13.56,13.26,4960866.0,66750437.02,0.022624434389140413,0.022624434389140413,0.0223722977545332,PASS,2026-08-16T10:34:12Z,D20260816.01
02618.HK,HK,equity,2023-04-12,13.56,13.68,13.04,13.04,13.56,7351990.0,97156027.3,-0.0383480825958703,-0.0383480825958703,-0.03910272601374272,PASS,2026-08-16T10:34:12Z,D20260816.01
02618.HK,HK,equity,2023-04-13,12.74,12.96,12.54,12.94,13.04,8037240.0,102578437.1,-0.0076687116564416735,-0.0076687116564416735,-0.007698267425752344,PASS,2026-08-16T10:34:12Z,D20260816.01
02618.HK,HK,equity,2023-04-14,13.08,13.5,13.02,13.3,12.94,5544522.0,73848477.26,0.02782071097372496,0.02782071097372496,0.02744074615495365,PASS,2026-08-16T10:34:12Z,D20260816.01
02618.HK,HK,equity,2023-04-17,13.3,13.48,13.08,13.48,13.3,5638353.0,75006918.42,0.013533834586466176,0.013533834586466176,0.013443070256452904,PASS,2026-08-16T10:34:12Z,D20260816.01
02618.HK,HK,equity,2023-04-18,13.4,13.4,13.06,13.1,13.48,5521617.0,72693427.9,-0.028189910979228516,-0.028189910979228516,-0.028594875277055145,PASS,2026-08-16T10:34:12Z,D20260816.01
02618.HK,HK,equity,2023-04-19,12.98,13.1,12.64,12.7,13.1,12658281.0,161404156.24,-0.03053435114503822,-0.03053435114503822,-0.031010236742560322,PASS,2026-08-16T10:34:12Z,D20260816.01
02618.HK,HK,equity,2023-04-20,12.66,12.7,12.34,12.36,12.7,11817588.0,147591938.16,-0.026771653543307128,-0.026771653543307128,-0.027136541435000917,PASS,2026-08-16T10:34:12Z,D20260816.01
02618.HK,HK,equity,2023-04-21,12.36,12.42,11.92,12.0,12.36,16320469.0,197518930.14,-0.029126213592232997,-0.029126213592232997,-0.02955880224154439,PASS,2026-08-16T10:34:12Z,D20260816.01
02618.HK,HK,equity,2023-04-24,12.02,12.46,12.0,12.26,12.0,9044025.0,110552860.86,0.021666666666666723,0.021666666666666723,0.021435280720065085,PASS,2026-08-16T10:34:12Z,D20260816.01
02618.HK,HK,equity,2023-04-25,12.26,12.26,11.86,11.96,12.26,6774791.0,81124995.58,-0.02446982055464919,-0.02446982055464919,-0.024774181985579586,PASS,2026-08-16T10:34:12Z,D20260816.01
02618.HK,HK,equity,2023-04-26,11.96,12.28,11.84,12.12,11.96,5869876.0,71108278.52,0.013377926421404451,0.013377926421404451,0.013289232118682487,PASS,2026-08-16T10:34:12Z,D20260816.01
02618.HK,HK,equity,2023-04-27,12.12,12.14,11.88,12.02,12.12,4576137.0,54968770.86,-0.008250825082508184,-0.008250825082508184,-0.008285051534106806,PASS,2026-08-16T10:34:12Z,D20260816.01
02618.HK,HK,equity,2023-04-28,12.1,12.32,12.1,12.2,12.02,5269650.0,64395763.5,0.014975041597337757,0.014975041597337757,0.01486402263214934,PASS,2026-08-16T10:34:12Z,D20260816.01
02618.HK,HK,equity,2023-05-02,12.4,12.5,11.96,12.14,12.2,2594532.0,31616562.32,-0.004918032786885185,-0.004918032786885185,-0.004930166107858609,PASS,2026-08-16T10:34:12Z,D20260816.01
02618.HK,HK,equity,2023-05-03,12.06,12.14,11.88,12.06,12.14,3007254.0,36116261.2,-0.00658978583196046,-0.00658978583196046,-0.006611594332312818,PASS,2026-08-16T10:34:12Z,D20260816.01
02618.HK,HK,equity,2023-05-04,12.1,12.34,12.1,12.28,12.06,4711864.0,57582795.02,0.018242122719734466,0.018242122719734466,0.01807773141995683,PASS,2026-08-16T10:34:12Z,D20260816.01
02618.HK,HK,equity,2023-05-05,12.32,12.5,12.32,12.36,12.28,4374393.0,54231731.81,0.006514657980456029,0.006514657980456029,0.0064935293105483115,PASS,2026-08-16T10:34:12Z,D20260816.01
02618.HK,HK,equity,2023-05-08,12.36,12.54,12.3,12.52,12.36,5919390.0,73707263.3,0.012944983818770295,0.012944983818770295,0.012861913642407822,PASS,2026-08-16T10:34:12Z,D20260816.01
02618.HK,HK,equity,2023-05-09,12.5,12.66,12.22,12.22,12.52,3945140.0,49024681.4,-0.023961661341852958,-0.023961661341852958,-0.024253411928503124,PASS,2026-08-16T10:34:12Z,D20260816.01
02618.HK,HK,equity,2023-05-10,12.34,12.72,12.2,12.62,12.22,7175564.0,90117558.78,0.03273322422258573,0.03273322422258573,0.032208903369617646,PASS,2026-08-16T10:34:12Z,D20260816.01
02618.HK,HK,equity,2023-05-11,12.64,12.74,12.36,12.48,12.62,11874892.0,148866293.54,-0.011093502377178988,-0.011093502377178988,-0.011155494171785399,PASS,2026-08-16T10:34:12Z,D20260816.01
02618.HK,HK,equity,2023-05-12,13.2,13.38,12.86,13.16,12.48,24009259.0,314568927.22,0.054487179487179516,0.054487179487179516,0.05305456295588956,PASS,2026-08-16T10:34:12Z,D20260816.01
02618.HK,HK,equity,2023-05-15,12.92,13.44,12.9,13.36,13.16,10878741.0,144604929.14,0.015197568389057725,0.015197568389057725,0.0150832422113285,PASS,2026-08-16T10:34:12Z,D20260816.01
02618.HK,HK,equity,2023-05-16,13.54,13.64,12.96,13.1,13.36,13112104.0,173563992.22,-0.019461077844311392,-0.019461077844311392,-0.019652937901393823,PASS,2026-08-16T10:34:12Z,D20260816.01
02618.HK,HK,equity,2023-05-17,13.1,13.18,12.66,12.68,13.1,11207555.0,144882412.7,-0.032061068702290085,-0.032061068702290085,-0.03258628119802601,PASS,2026-08-16T10:34:12Z,D20260816.01
02618.HK,HK,equity,2023-05-18,12.78,13.02,12.56,12.72,12.68,6602561.0,84190455.96,0.003154574132492094,0.003154574132492094,0.0031496089028962013,PASS,2026-08-16T10:34:12Z,D20260816.01
02618.HK,HK,equity,2023-05-19,12.72,12.72,12.42,12.46,12.72,5644360.0,70570250.8,-0.020440251572326984,-0.020440251572326984,-0.02065204455266894,PASS,2026-08-16T10:34:12Z,D20260816.01
02618.HK,HK,equity,2023-05-22,12.38,12.98,12.32,12.86,12.46,5335927.0,68265336.86,0.0321027287319422,0.0321027287319422,0.03159820545016623,PASS,2026-08-16T10:34:12Z,D20260816.01
02618.HK,HK,equity,2023-05-23,12.74,12.86,12.34,12.46,12.86,7092736.0,89152717.02,-0.031104199066873894,-0.031104199066873894,-0.0315982054501661,PASS,2026-08-16T10:34:12Z,D20260816.01
02618.HK,HK,equity,2023-05-24,12.4,12.4,12.04,12.16,12.46,7433994.0,90319406.9,-0.024077046548956704,-0.024077046548956704,-0.02437163682128618,PASS,2026-08-16T10:34:12Z,D20260816.01
02618.HK,HK,equity,2023-05-25,12.0,12.16,11.74,11.82,12.16,12402266.0,147476109.3,-0.02796052631578949,-0.02796052631578949,-0.028358864560068826,PASS,2026-08-16T10:34:12Z,D20260816.01
02618.HK,HK,equity,2023-05-29,11.86,12.02,11.74,11.86,11.82,9848341.0,116937877.7,0.0033840947546530664,0.0033840947546530664,0.0033783815916271906,PASS,2026-08-16T10:34:12Z,D20260816.01
02618.HK,HK,equity,2023-05-30,11.86,12.36,11.8,12.12,11.86,11795186.0,143244688.62,0.021922428330522825,0.021922428330522825,0.021685587071589057,PASS,2026-08-16T10:34:12Z,D20260816.01
02618.HK,HK,equity,2023-05-31,12.12,12.52,11.88,12.52,12.12,171755024.0,2140916869.08,0.03300330033003296,0.03300330033003296,0.03247038503078403,PASS,2026-08-16T10:34:12Z,D20260816.01
02618.HK,HK,equity,2023-06-01,12.2,12.54,12.16,12.2,12.52,40013993.0,496104974.9,-0.025559105431309903,-0.025559105431309903,-0.02589141393274159,PASS,2026-08-16T10:34:12Z,D20260816.01
02618.HK,HK,equity,2023-06-02,12.5,12.6,12.34,12.58,12.2,14250080.0,178312667.5,0.031147540983606614,0.031147540983606614,0.030672299533083647,PASS,2026-08-16T10:34:12Z,D20260816.01
02618.HK,HK,equity,2023-06-05,12.64,12.82,12.48,12.54,12.58,6125322.0,77379512.22,-0.0031796502384738856,-0.0031796502384738856,-0.0031847160675199473,PASS,2026-08-16T10:34:12Z,D20260816.01
02618.HK,HK,equity,2023-06-06,12.54,12.84,12.34,12.48,12.54,9830090.0,123379700.68,-0.004784688995215225,-0.004784688995215225,-0.004796172263492944,PASS,2026-08-16T10:34:12Z,D20260816.01
02618.HK,HK,equity,2023-06-07,12.66,12.76,12.48,12.62,12.48,7190729.0,90453344.72,0.011217948717948678,0.011217948717948678,0.011155494171785452,PASS,2026-08-16T10:34:12Z,D20260816.01
02618.HK,HK,equity,2023-06-08,12.62,12.62,12.4,12.5,12.62,4070282.0,50886675.68,-0.009508716323296307,-0.009508716323296307,-0.009554212804811611,PASS,2026-08-16T10:34:12Z,D20260816.01
02618.HK,HK,equity,2023-06-09,12.62,12.72,12.44,12.68,12.5,5764612.0,72575594.1,0.014399999999999968,0.014399999999999968,0.014297304700824394,PASS,2026-08-16T10:34:12Z,D20260816.01
02618.HK,HK,equity,2023-06-12,12.68,12.78,12.46,12.68,12.68,3863373.0,48675469.8,0.0,0.0,0.0,PASS,2026-08-16T10:34:12Z,D20260816.01
02618.HK,HK,equity,2023-06-13,12.72,12.84,12.58,12.84,12.68,7219999.0,91986486.26,0.012618296529968376,0.012618296529968376,0.012539349252735173,PASS,2026-08-16T10:34:12Z,D20260816.01
02618.HK,HK,equity,2023-06-14,12.88,12.92,12.62,12.7,12.84,4364523.0,55498758.12,-0.010903426791277315,-0.010903426791277315,-0.010963304797269584,PASS,2026-08-16T10:34:12Z,D20260816.01
02618.HK,HK,equity,2023-06-15,12.9,13.28,12.7,13.28,12.7,6882275.0,89881662.82,0.045669291338582774,0.045669291338582774,0.0446571505837423,PASS,2026-08-16T10:34:12Z,D20260816.01
02618.HK,HK,equity,2023-06-16,13.3,13.58,13.2,13.58,13.28,11331890.0,152397044.7,0.02259036144578319,0.02259036144578319,0.022338978082262335,PASS,2026-08-16T10:34:12Z,D20260816.01
02618.HK,HK,equity,2023-06-19,13.68,13.68,13.12,13.2,13.58,4697804.0,62286181.88,-0.027982326951399128,-0.027982326951399128,-0.02838129253822491,PASS,2026-08-16T10:34:12Z,D20260816.01
02618.HK,HK,equity,2023-06-20,13.2,13.2,12.7,12.9,13.2,5584625.0,71830686.8,-0.022727272727272596,-0.022727272727272596,-0.022989518224698604,PASS,2026-08-16T10:34:12Z,D20260816.01
02618.HK,HK,equity,2023-06-21,12.66,12.8,12.42,12.5,12.9,6208952.0,77623937.4,-0.03100775193798455,-0.03100775193798455,-0.03149866705937105,PASS,2026-08-16T10:34:12Z,D20260816.01
02618.HK,HK,equity,2023-06-23,12.5,12.5,11.98,12.2,12.5,3609410.0,43703359.3,-0.02400000000000002,-0.02400000000000002,-0.024292692569044587,PASS,2026-08-16T10:34:12Z,D20260816.01
02618.HK,HK,equity,2023-06-26,12.3,12.38,12.08,12.24,12.2,5733950.0,70125186.4,0.003278688524590345,0.003278688524590345,0.0032733253449693297,PASS,2026-08-16T10:34:12Z,D20260816.01
02618.HK,HK,equity,2023-06-27,12.5,12.66,12.22,12.6,12.24,4176289.0,52409575.2,0.02941176470588225,0.02941176470588225,0.028987536873252187,PASS,2026-08-16T10:34:12Z,D20260816.01
02618.HK,HK,equity,2023-06-28,12.58,12.8,12.48,12.78,12.6,7880737.0,99696355.86,0.014285714285714235,0.014285714285714235,0.014184634991956381,PASS,2026-08-16T10:34:12Z,D20260816.01
02618.HK,HK,equity,2023-06-29,12.7,12.78,12.02,12.16,12.78,7536678.0,92174296.7,-0.04851330203442872,-0.04851330203442872,-0.04972957241136772,PASS,2026-08-16T10:34:12Z,D20260816.01
02618.HK,HK,equity,2023-06-30,12.18,12.3,12.1,12.22,12.16,3441303.0,41991923.3,0.00493421052631593,0.00493421052631593,0.004922077205428455,PASS,2026-08-16T10:34:12Z,D20260816.01
02618.HK,HK,equity,2023-07-03,12.4,12.56,12.26,12.34,12.22,6194389.0,76323541.88,0.009819967266775809,0.009819967266775809,0.009772064733792522,PASS,2026-08-16T10:34:12Z,D20260816.01
02618.HK,HK,equity,2023-07-04,12.34,12.48,12.26,12.46,12.34,2880877.0,35733436.58,0.009724473257698651,0.009724473257698651,0.009677494882065438,PASS,2026-08-16T10:34:12Z,D20260816.01
02618.HK,HK,equity,2023-07-05,12.46,12.46,12.18,12.28,12.46,2898166.0,35529352.6,-0.014446227929374111,-0.014446227929374111,-0.014551590640310797,PASS,2026-08-16T10:34:12Z,D20260816.01
02618.HK,HK,equity,2023-07-06,12.28,12.28,11.84,11.88,12.28,6641530.0,79475064.8,-0.032573289902280034,-0.032573289902280034,-0.03311560878449744,PASS,2026-08-16T10:34:12Z,D20260816.01
02618.HK,HK,equity,2023-07-07,11.88,11.96,11.76,11.82,11.88,4113969.0,48634471.88,-0.005050505050505083,-0.005050505050505083,-0.005063301956546762,PASS,2026-08-16T10:34:12Z,D20260816.01
02618.HK,HK,equity,2023-07-10,11.96,12.1,11.86,11.94,11.82,3035727.0,36241542.1,0.010152284263959421,0.010152284263959421,0.01010109598650392,PASS,2026-08-16T10:34:12Z,D20260816.01
02618.HK,HK,equity,2023-07-11,11.94,12.16,11.94,12.08,11.94,3357840.0,40499830.24,0.011725293132328396,0.011725293132328396,0.011657084542212948,PASS,2026-08-16T10:34:12Z,D20260816.01
02618.HK,HK,equity,2023-07-12,12.14,12.3,12.04,12.1,12.08,3484146.0,42296639.2,0.0016556291390728006,0.0016556291390728006,0.001654260096026468,PASS,2026-08-16T10:34:12Z,D20260816.01
02618.HK,HK,equity,2023-07-13,12.3,12.4,12.2,12.34,12.1,7098616.0,87475842.36,0.01983471074380172,0.01983471074380172,0.019640565874546417,PASS,2026-08-16T10:34:12Z,D20260816.01
02618.HK,HK,equity,2023-07-14,12.46,12.62,12.36,12.6,12.34,7123603.0,89338100.42,0.021069692058346856,0.021069692058346856,0.020850795480190573,PASS,2026-08-16T10:34:12Z,D20260816.01
02618.HK,HK,equity,2023-07-18,12.6,12.6,12.24,12.28,12.6,4543900.0,55931162.2,-0.025396825396825418,-0.025396825396825418,-0.02572489123843593,PASS,2026-08-16T10:34:12Z,D20260816.01
02618.HK,HK,equity,2023-07-19,12.2,12.22,11.9,12.12,12.28,5933391.0,71380059.14,-0.013029315960912058,-0.013029315960912058,-0.013114942077828018,PASS,2026-08-16T10:34:12Z,D20260816.01
02618.HK,HK,equity,2023-07-20,12.12,12.26,11.88,11.94,12.12,6908020.0,82978082.78,-0.014851485148514865,-0.014851485148514865,-0.014962872676712377,PASS,2026-08-16T10:34:12Z,D20260816.01
02618.HK,HK,equity,2023-07-21,11.98,12.08,11.84,11.96,11.94,4059845.0,48517736.58,0.0016750418760469454,0.0016750418760469454,0.0016736405580296937,PASS,2026-08-16T10:34:12Z,D20260816.01
02618.HK,HK,equity,2023-07-24,11.92,11.94,11.58,11.66,11.96,7521001.0,88131505.92,-0.025083612040133874,-0.025083612040133874,-0.025403567600139454,PASS,2026-08-16T10:34:12Z,D20260816.01
02618.HK,HK,equity,2023-07-25,11.92,12.7,11.92,12.68,11.66,14873771.0,183611730.44,0.08747855917667224,0.08747855917667224,0.08386176808673342,PASS,2026-08-16T10:34:12Z,D20260816.01
02618.HK,HK,equity,2023-07-26,12.54,12.66,12.38,12.64,12.68,5085637.0,63667924.3,-0.003154574132492094,-0.003154574132492094,-0.0031595602903684815,PASS,2026-08-16T10:34:12Z,D20260816.01
02618.HK,HK,equity,2023-07-27,12.72,12.98,12.68,12.92,12.64,7952824.0,102350857.46,0.02215189873417711,0.02215189873417711,0.021910109635744326,PASS,2026-08-16T10:34:12Z,D20260816.01
02618.HK,HK,equity,2023-07-28,12.8,13.16,12.66,13.06,12.92,6686256.0,86896835.4,0.010835913312693624,0.010835913312693624,0.010777625493829336,PASS,2026-08-16T10:34:12Z,D20260816.01
02618.HK,HK,equity,2023-07-31,13.06,13.48,13.06,13.16,13.06,9861746.0,130801167.08,0.007656967840734996,0.007656967840734996,0.0076278020488860674,PASS,2026-08-16T10:34:12Z,D20260816.01
02618.HK,HK,equity,2023-08-01,13.32,13.46,12.9,13.0,13.16,6019503.0,79103784.04,-0.012158054711246202,-0.012158054711246202,-0.012232568435634408,PASS,2026-08-16T10:34:12Z,D20260816.01
02618.HK,HK,equity,2023-08-02,13.0,13.1,12.6,12.66,13.0,5036316.0,64328294.88,-0.026153846153846194,-0.026153846153846194,-0.026501940745506648,PASS,2026-08-16T10:34:12Z,D20260816.01
02618.HK,HK,equity,2023-08-03,12.66,12.9,12.52,12.7,12.66,3812188.0,48539808.72,0.0031595576619272148,0.0031595576619272148,0.0031545767485153453,PASS,2026-08-16T10:34:12Z,D20260816.01
02618.HK,HK,equity,2023-08-04,12.8,13.14,12.56,12.7,12.7,6465707.0,82549197.94,0.0,0.0,0.0,PASS,2026-08-16T10:34:12Z,D20260816.01
02618.HK,HK,equity,2023-08-07,12.6,12.6,12.32,12.5,12.7,4091666.0,51132335.2,-0.015748031496062964,-0.015748031496062964,-0.01587334915629012,PASS,2026-08-16T10:34:12Z,D20260816.01
02618.HK,HK,equity,2023-08-08,12.4,12.48,12.04,12.06,12.5,6913451.0,84078888.32,-0.03520000000000001,-0.03520000000000001,-0.03583445300921607,PASS,2026-08-16T10:34:12Z,D20260816.01
02618.HK,HK,equity,2023-08-09,12.1,12.22,11.98,12.1,12.06,7613508.0,91839950.92,0.0033167495854062867,0.0033167495854062867,0.003311261303656005,PASS,2026-08-16T10:34:12Z,D20260816.01
02618.HK,HK,equity,2023-08-10,12.04,12.16,11.92,12.1,12.1,9680327.0,116548422.38,0.0,0.0,0.0,PASS,2026-08-16T10:34:12Z,D20260816.01
02618.HK,HK,equity,2023-08-11,12.1,12.1,11.88,11.94,12.1,5922300.0,70830968.0,-0.013223140495867813,-0.013223140495867813,-0.01331134463823942,PASS,2026-08-16T10:34:12Z,D20260816.01
02618.HK,HK,equity,2023-08-14,11.8,11.86,11.54,11.76,11.94,8555863.0,99704350.04,-0.015075376884422065,-0.015075376884422065,-0.01519016549397512,PASS,2026-08-16T10:34:12Z,D20260816.01
02618.HK,HK,equity,2023-08-15,11.76,11.76,11.36,11.46,11.76,9757231.0,112214468.0,-0.025510204081632515,-0.025510204081632515,-0.025841231183887214,PASS,2026-08-16T10:34:12Z,D20260816.01
02618.HK,HK,equity,2023-08-16,11.46,11.5,11.32,11.4,11.46,5221743.0,59556909.88,-0.005235602094240899,-0.005235602094240899,-0.00524935588614379,PASS,2026-08-16T10:34:12Z,D20260816.01
02618.HK,HK,equity,2023-08-17,11.44,11.44,11.06,11.16,11.4,13168880.0,147398195.4,-0.021052631578947434,-0.021052631578947434,-0.021277398447284965,PASS,2026-08-16T10:34:12Z,D20260816.01
02618.HK,HK,equity,2023-08-18,11.14,11.18,10.52,10.54,11.16,16639832.0,179529514.52,-0.05555555555555569,-0.05555555555555569,-0.057158413839948755,PASS,2026-08-16T10:34:12Z,D20260816.01
02618.HK,HK,equity,2023-08-21,10.48,10.48,10.1,10.22,10.54,12206081.0,125192687.9,-0.030360531309297722,-0.030360531309297722,-0.030830958337657696,PASS,2026-08-16T10:34:12Z,D20260816.01
02618.HK,HK,equity,2023-08-22,10.32,10.7,10.32,10.64,10.22,10600450.0,111277076.46,0.041095890410958846,0.041095890410958846,0.0402738991379399,PASS,2026-08-16T10:34:12Z,D20260816.01
02618.HK,HK,equity,2023-08-23,10.56,10.76,10.48,10.64,10.64,5518296.0,58629666.4,0.0,0.0,0.0,PASS,2026-08-16T10:34:12Z,D20260816.01
02618.HK,HK,equity,2023-08-24,10.7,10.98,10.62,10.76,10.64,4984430.0,53840426.0,0.011278195488721776,0.011278195488721776,0.011215070820140003,PASS,2026-08-16T10:34:12Z,D20260816.01
02618.HK,HK,equity,2023-08-25,10.74,10.74,10.54,10.6,10.76,4991800.0,53024383.2,-0.014869888475836479,-0.014869888475836479,-0.014981553615616946,PASS,2026-08-16T10:34:12Z,D20260816.01
02618.HK,HK,equity,2023-08-28,10.94,11.0,10.64,10.64,10.6,4956236.0,53499535.48,0.0037735849056603765,0.0037735849056603765,0.0037664827954768648,PASS,2026-08-16T10:34:12Z,D20260816.01
02618.HK,HK,equity,2023-08-29,10.64,10.9,10.56,10.9,10.64,7316500.0,78978614.0,0.02443609022556381,0.02443609022556381,0.024142305321599593,PASS,2026-08-16T10:34:12Z,D20260816.01
02618.HK,HK,equity,2023-08-30,10.96,11.02,10.6,10.66,10.9,5736505.0,61742871.36,-0.022018348623853212,-0.022018348623853212,-0.022264370497399537,PASS,2026-08-16T10:34:12Z,D20260816.01
02618.HK,HK,equity,2023-08-31,10.66,10.82,10.38,10.46,10.66,15176411.0,159379707.16,-0.018761726078799223,-0.018761726078799223,-0.018939960100921614,PASS,2026-08-16T10:34:12Z,D20260816.01
02618.HK,HK,equity,2023-09-04,10.52,11.08,10.52,11.0,10.46,8771049.0,95748479.88,0.05162523900573612,0.05162523900573612,0.05033681416159369,PASS,2026-08-16T10:34:12Z,D20260816.01
02618.HK,HK,equity,2023-09-05,10.98,10.98,10.8,10.82,11.0,3798661.0,41225952.44,-0.016363636363636358,-0.016363636363636358,-0.016498999380035077,PASS,2026-08-16T10:34:12Z,D20260816.01
02618.HK,HK,equity,2023-09-06,10.78,10.78,10.46,10.52,10.82,7609932.0,80153190.6,-0.027726432532347522,-0.027726432532347522,-0.02811806610877168,PASS,2026-08-16T10:34:12Z,D20260816.01
02618.HK,HK,equity,2023-09-07,10.44,10.52,10.28,10.3,10.52,4044989.0,42029764.02,-0.02091254752851701,-0.02091254752851701,-0.021134312073973614,PASS,2026-08-16T10:34:12Z,D20260816.01
02618.HK,HK,equity,2023-09-11,10.3,10.4,10.18,10.34,10.3,5585572.0,57452151.14,0.003883495145631022,0.003883495145631022,0.0038759738446929397,PASS,2026-08-16T10:34:12Z,D20260816.01
02618.HK,HK,equity,2023-09-12,10.34,10.44,10.16,10.3,10.34,3717615.0,38287557.4,-0.003868471953578201,-0.003868471953578201,-0.003875973844692849,PASS,2026-08-16T10:34:12Z,D20260816.01
02618.HK,HK,equity,2023-09-13,10.36,10.5,10.26,10.44,10.3,7338132.0,76310388.08,0.013592233009708687,0.013592233009708687,0.013500687218902524,PASS,2026-08-16T10:34:12Z,D20260816.01
02618.HK,HK,equity,2023-09-14,10.48,10.56,10.34,10.48,10.44,4240605.0,44409174.26,0.003831417624521105,0.003831417624521105,0.0038240964384034758,PASS,2026-08-16T10:34:12Z,D20260816.01
02618.HK,HK,equity,2023-09-15,10.48,10.74,10.42,10.64,10.48,10540103.0,111904903.74,0.01526717557251911,0.01526717557251911,0.015151805020602246,PASS,2026-08-16T10:34:12Z,D20260816.01
02618.HK,HK,equity,2023-09-18,10.42,10.6,9.99,10.06,10.64,34291379.0,354033182.28,-0.05451127819548873,-0.05451127819548873,-0.05605331924190519,PASS,2026-08-16T10:34:12Z,D20260816.01
02618.HK,HK,equity,2023-09-19,10.06,10.16,9.88,9.93,10.06,9299922.0,93056394.72,-0.012922465208747624,-0.012922465208747624,-0.013006686614512035,PASS,2026-08-16T10:34:12Z,D20260816.01
02618.HK,HK,equity,2023-09-20,9.93,9.93,9.7,9.71,9.93,5644868.0,55237062.5,-0.022155085599194213,-0.022155085599194213,-0.02240419575384753,PASS,2026-08-16T10:34:12Z,D20260816.01
02618.HK,HK,equity,2023-09-21,9.71,9.71,9.5,9.57,9.71,4999899.0,47911216.81,-0.014418125643666402,-0.014418125643666402,-0.014523076838370728,PASS,2026-08-16T10:34:12Z,D20260816.01
02618.HK,HK,equity,2023-09-22,9.5,9.98,9.42,9.97,9.57,5570306.0,54414001.7,0.04179728317659359,0.04179728317659359,0.040947378508884136,PASS,2026-08-16T10:34:12Z,D20260816.01
02618.HK,HK,equity,2023-09-25,9.97,9.97,9.66,9.81,9.97,5237635.0,51369924.5,-0.016048144433299938,-0.016048144433299938,-0.016178310396475284,PASS,2026-08-16T10:34:12Z,D20260816.01
02618.HK,HK,equity,2023-09-26,9.65,9.8,9.57,9.6,9.81,3461932.0,33416551.2,-0.021406727828746308,-0.021406727828746308,-0.021639175103481293,PASS,2026-08-16T10:34:12Z,D20260816.01
02618.HK,HK,equity,2023-09-27,9.63,9.76,9.61,9.73,9.6,2641606.0,25545870.08,0.013541666666666785,0.013541666666666785,0.013450797724123257,PASS,2026-08-16T10:34:12Z,D20260816.01
02618.HK,HK,equity,2023-09-28,9.73,9.73,9.53,9.53,9.73,2915346.0,27925470.92,-0.020554984583761704,-0.020554984583761704,-0.020769178531803094,PASS,2026-08-16T10:34:12Z,D20260816.01
02618.HK,HK,equity,2023-09-29,9.53,10.02,9.53,9.95,9.53,1923400.0,18993195.2,0.044071353620146914,0.044071353620146914,0.043127833504390665,PASS,2026-08-16T10:34:12Z,D20260816.01
02618.HK,HK,equity,2023-10-03,9.95,9.95,9.27,9.29,9.95,3584049.0,33557159.05,-0.06633165829145726,-0.06633165829145726,-0.06863399834475423,PASS,2026-08-16T10:34:12Z,D20260816.01
02618.HK,HK,equity,2023-10-04,9.29,9.29,8.99,9.23,9.29,2720895.0,24857880.78,-0.006458557588804981,-0.006458557588804981,-0.006479504310986172,PASS,2026-08-16T10:34:12Z,D20260816.01
02618.HK,HK,equity,2023-10-05,9.3,9.4,9.15,9.29,9.23,2407023.0,22393498.74,0.006500541711809138,0.006500541711809138,0.006479504310986182,PASS,2026-08-16T10:34:12Z,D20260816.01
02618.HK,HK,equity,2023-10-06,9.29,9.48,9.29,9.47,9.29,1574900.0,14842975.2,0.019375672766415608,0.019375672766415608,0.019190354372239832,PASS,2026-08-16T10:34:12Z,D20260816.01
02618.HK,HK,equity,2023-10-09,9.0,9.56,8.97,9.48,9.47,1930292.0,18185444.97,0.001055966209081216,0.001055966209081216,0.0010554090689434672,PASS,2026-08-16T10:34:12Z,D20260816.01
02618.HK,HK,equity,2023-10-10,9.6,9.77,9.48,9.57,9.48,3813098.0,36502305.22,0.009493670886076,0.009493670886076,0.00944888919793251,PASS,2026-08-16T10:34:12Z,D20260816.01
02618.HK,HK,equity,2023-10-11,9.6,9.88,9.6,9.67,9.57,5149582.0,50032970.26,0.010449320794148287,0.010449320794148287,0.01039510400033997,PASS,2026-08-16T10:34:12Z,D20260816.01
02618.HK,HK,equity,2023-10-12,9.68,9.93,9.68,9.89,9.67,4464196.0,44051399.26,0.022750775594622574,0.022750775594622574,0.02249583616941782,PASS,2026-08-16T10:34:12Z,D20260816.01
02618.HK,HK,equity,2023-10-13,9.6,9.68,9.37,9.41,9.89,8752012.0,83203647.73,-0.04853387259858444,-0.04853387259858444,-0.04975119203733249,PASS,2026-08-16T10:34:12Z,D20260816.01
02618.HK,HK,equity,2023-10-16,9.41,9.48,9.23,9.36,9.41,4423670.0,41341132.83,-0.005313496280552665,-0.005313496280552665,-0.00532766310778765,PASS,2026-08-16T10:34:12Z,D20260816.01
02618.HK,HK,equity,2023-10-17,9.44,9.58,9.36,9.5,9.36,3553657.0,33750280.85,0.014957264957265126,0.014957264957265126,0.014846508116994638,PASS,2026-08-16T10:34:12Z,D20260816.01
02618.HK,HK,equity,2023-10-18,9.5,9.5,9.3,9.35,9.5,3654005.0,34207603.08,-0.015789473684210575,-0.015789473684210575,-0.015915455305899568,PASS,2026-08-16T10:34:12Z,D20260816.01
02618.HK,HK,equity,2023-10-19,9.26,9.28,9.01,9.02,9.35,8246356.0,75068084.78,-0.03529411764705881,-0.03529411764705881,-0.03593200922606333,PASS,2026-08-16T10:34:12Z,D20260816.01
02618.HK,HK,equity,2023-10-20,8.81,8.99,8.8,8.86,9.02,8310862.0,73924505.95,-0.0177383592017738,-0.0177383592017738,-0.017897569457542676,PASS,2026-08-16T10:34:12Z,D20260816.01
02618.HK,HK,equity,2023-10-24,8.9,9.35,8.77,8.99,8.86,10327042.0,93132673.26,0.014672686230248422,0.014672686230248422,0.014566083866539438,PASS,2026-08-16T10:34:12Z,D20260816.01
02618.HK,HK,equity,2023-10-25,9.18,9.38,9.09,9.16,8.99,4753484.0,43998792.84,0.018909899888765347,0.018909899888765347,0.018733330202510046,PASS,2026-08-16T10:34:12Z,D20260816.01
02618.HK,HK,equity,2023-10-26,9.18,9.18,8.96,9.15,9.16,3247362.0,29436194.06,-0.0010917030567685337,-0.0010917030567685337,-0.0010922993986089273,PASS,2026-08-16T10:34:12Z,D20260816.01
02618.HK,HK,equity,2023-10-27,9.2,9.45,9.1,9.39,9.15,5674700.0,53035278.42,0.02622950819672143,0.02622950819672143,0.02589141393274171,PASS,2026-08-16T10:34:12Z,D20260816.01
02618.HK,HK,equity,2023-10-30,9.36,9.53,9.34,9.5,9.39,5341795.0,50554600.05,0.011714589989350266,0.011714589989350266,0.011646505386323504,PASS,2026-08-16T10:34:12Z,D20260816.01
02618.HK,HK,equity,2023-10-31,9.5,9.5,9.19,9.26,9.5,3866299.0,35891263.66,-0.025263157894736876,-0.025263157894736876,-0.02558774994840717,PASS,2026-08-16T10:34:12Z,D20260816.01
02618.HK,HK,equity,2023-11-01,9.26,9.33,9.07,9.13,9.26,2238700.0,20494832.0,-0.014038876889848728,-0.014038876889848728,-0.014138354051210831,PASS,2026-08-16T10:34:12Z,D20260816.01
02618.HK,HK,equity,2023-11-02,9.32,9.37,9.18,9.24,9.13,3427800.0,31732978.5,0.012048192771084265,0.012048192771084265,0.01197619104671562,PASS,2026-08-16T10:34:12Z,D20260816.01
02618.HK,HK,equity,2023-11-03,9.25,9.57,9.25,9.47,9.24,6089266.0,57642598.32,0.024891774891774965,0.024891774891774965,0.024587021544394155,PASS,2026-08-16T10:34:12Z,D20260816.01
02618.HK,HK,equity,2023-11-06,9.64,9.92,9.64,9.84,9.47,5853596.0,57427992.76,0.039070749736008326,0.039070749736008326,0.03832680386617506,PASS,2026-08-16T10:34:12Z,D20260816.01
02618.HK,HK,equity,2023-11-07,9.8,9.88,9.65,9.69,9.84,3896296.0,37850386.5,-0.015243902439024404,-0.015243902439024404,-0.015361285161487206,PASS,2026-08-16T10:34:12Z,D20260816.01
02618.HK,HK,equity,2023-11-08,9.69,9.81,9.53,9.68,9.69,2719549.0,26358854.43,-0.0010319917440659854,-0.0010319917440659854,-0.001032524614189153,PASS,2026-08-16T10:34:12Z,D20260816.01
02618.HK,HK,equity,2023-11-09,9.89,9.89,9.48,9.52,9.68,4110977.0,39545958.91,-0.016528925619834767,-0.016528925619834767,-0.01666705248521176,PASS,2026-08-16T10:34:12Z,D20260816.01
02618.HK,HK,equity,2023-11-10,9.51,9.51,9.22,9.23,9.52,3800015.0,35283508.95,-0.03046218487394947,-0.03046218487394947,-0.030935800288513046,PASS,2026-08-16T10:34:12Z,D20260816.01
02618.HK,HK,equity,2023-11-13,9.23,9.28,9.01,9.25,9.23,6351432.0,58039898.4,0.0021668472372697867,0.0021668472372697867,0.00216450300957305,PASS,2026-08-16T10:34:12Z,D20260816.01
02618.HK,HK,equity,2023-11-14,9.35,9.39,9.1,9.14,9.25,6825602.0,62774883.54,-0.011891891891891881,-0.011891891891891881,-0.011963166058275174,PASS,2026-08-16T10:34:12Z,D20260816.01
02618.HK,HK,equity,2023-11-15,9.41,9.91,9.34,9.91,9.14,12134709.0,116646811.82,0.0842450765864331,0.0842450765864331,0.08088396287583784,PASS,2026-08-16T10:34:12Z,D20260816.01
02618.HK,HK,equity,2023-11-16,10.2,10.34,9.86,10.06,9.91,18967392.0,191010807.2,0.015136226034308864,0.015136226034308864,0.01502281632969661,PASS,2026-08-16T10:34:12Z,D20260816.01
02618.HK,HK,equity,2023-11-17,9.93,9.98,9.67,9.82,10.06,5786949.0,56818713.74,-0.02385685884691846,-0.02385685884691846,-0.0241460423052186,PASS,2026-08-16T10:34:12Z,D20260816.01
02618.HK,HK,equity,2023-11-20,9.98,10.06,9.82,10.04,9.82,9081859.0,90518874.18,0.02240325865580428,0.02240325865580428,0.022155991897208422,PASS,2026-08-16T10:34:12Z,D20260816.01
02618.HK,HK,equity,2023-11-21,10.16,10.24,9.87,9.92,10.04,6080432.0,60897724.9,-0.01195219123505964,-0.01195219123505964,-0.01202419296680159,PASS,2026-08-16T10:34:12Z,D20260816.01
02618.HK,HK,equity,2023-11-22,9.88,9.9,9.78,9.84,9.92,2573739.0,25328172.35,-0.008064516129032251,-0.008064516129032251,-0.008097210232619362,PASS,2026-08-16T10:34:12Z,D20260816.01
02618.HK,HK,equity,2023-11-23,9.87,10.14,9.82,10.14,9.84,5452739.0,54599015.24,0.030487804878048808,0.030487804878048808,0.030032287098875076,PASS,2026-08-16T10:34:12Z,D20260816.01
02618.HK,HK,equity,2023-11-24,10.0,10.0,9.9,9.92,10.14,4456332.0,44269487.88,-0.021696252465483346,-0.021696252465483346,-0.021935076866255794,PASS,2026-08-16T10:34:12Z,D20260816.01
02618.HK,HK,equity,2023-11-27,10.06,10.06,9.81,9.94,9.92,3407365.0,33731109.9,0.002016129032258007,0.002016129032258007,0.0020140993717011856,PASS,2026-08-16T10:34:12Z,D20260816.01
02618.HK,HK,equity,2023-11-28,9.94,10.02,9.76,9.8,9.94,4390481.0,43319485.8,-0.014084507042253391,-0.014084507042253391,-0.0141846349919563,PASS,2026-08-16T10:34:12Z,D20260816.01
02618.HK,HK,equity,2023-11-29,9.9,9.9,9.62,9.7,9.8,6482507.0,63014653.02,-0.010204081632653184,-0.010204081632653184,-0.01025650016718922,PASS,2026-08-16T10:34:12Z,D20260816.01
02618.HK,HK,equity,2023-11-30,9.71,9.92,9.44,9.59,9.7,12721574.0,122077357.54,-0.01134020618556697,-0.01134020618556697,-0.011404996613990245,PASS,2026-08-16T10:34:12Z,D20260816.01
02618.HK,HK,equity,2023-12-01,9.59,9.59,9.23,9.29,9.59,7760778.0,72417240.54,-0.03128258602711165,-0.03128258602711165,-0.03178233606959978,PASS,2026-08-16T10:34:12Z,D20260816.01
02618.HK,HK,equity,2023-12-04,9.29,9.5,9.17,9.34,9.29,3778318.0,35418781.67,0.005382131324004336,0.005382131324004336,0.005367699415004134,PASS,2026-08-16T10:34:12Z,D20260816.01
02618.HK,HK,equity,2023-12-05,9.34,9.34,9.12,9.15,9.34,5736258.0,52802209.47,-0.020342612419700146,-0.020342612419700146,-0.020552372953321237,PASS,2026-08-16T10:34:12Z,D20260816.01
02618.HK,HK,equity,2023-12-06,9.12,9.48,9.09,9.38,9.15,7503532.0,70056357.32,0.025136612021857907,0.025136612021857907,0.024825883730703345,PASS,2026-08-16T10:34:12Z,D20260816.01
02618.HK,HK,equity,2023-12-07,9.35,9.35,9.15,9.21,9.38,4559462.0,41924306.19,-0.018123667377398678,-0.018123667377398678,-0.018289912750917785,PASS,2026-08-16T10:34:12Z,D20260816.01
02618.HK,HK,equity,2023-12-08,9.25,9.33,9.15,9.16,9.21,3194400.0,29462752.0,-0.005428881650380135,-0.005428881650380135,-0.005443671581176692,PASS,2026-08-16T10:34:12Z,D20260816.01
02618.HK,HK,equity,2023-12-11,9.16,9.16,8.89,9.09,9.16,4900678.0,44090352.05,-0.007641921397379958,-0.007641921397379958,-0.0076712704966514795,PASS,2026-08-16T10:34:12Z,D20260816.01
02618.HK,HK,equity,2023-12-12,9.12,9.24,9.04,9.22,9.09,4543989.0,41716762.15,0.014301430143014437,0.014301430143014437,0.014200129379115129,PASS,2026-08-16T10:34:12Z,D20260816.01
02618.HK,HK,equity,2023-12-13,9.22,9.22,8.9,8.94,9.22,4769758.0,42794147.94,-0.030368763557483858,-0.030368763557483858,-0.030839448383079816,PASS,2026-08-16T10:34:12Z,D20260816.01
02618.HK,HK,equity,2023-12-14,9.11,9.19,9.04,9.11,8.94,3878766.0,35279803.0,0.019015659955257336,0.019015659955257336,0.018837122086444242,PASS,2026-08-16T10:34:12Z,D20260816.01
02618.HK,HK,equity,2023-12-15,9.29,9.58,9.23,9.43,9.11,9322850.0,87790048.98,0.03512623490669586,0.03512623490669586,0.0345233853734991,PASS,2026-08-16T10:34:12Z,D20260816.01
02618.HK,HK,equity,2023-12-18,9.35,9.36,9.11,9.19,9.43,4181988.0,38429977.84,-0.02545068928950156,-0.02545068928950156,-0.025780160277770414,PASS,2026-08-16T10:34:12Z,D20260816.01
02618.HK,HK,equity,2023-12-19,9.17,9.17,9.0,9.1,9.19,4873400.0,44245817.9,-0.009793253536452662,-0.009793253536452662,-0.00984152284479132,PASS,2026-08-16T10:34:12Z,D20260816.01
02618.HK,HK,equity,2023-12-20,9.2,9.3,9.03,9.08,9.1,3736786.0,33971498.32,-0.00219780219780219,-0.00219780219780219,-0.0022002209096024235,PASS,2026-08-16T10:34:12Z,D20260816.01
02618.HK,HK,equity,2023-12-21,9.08,9.27,8.92,9.25,9.08,3793934.0,34670552.27,0.018722466960352513,0.018722466960352513,0.018549358911131988,PASS,2026-08-16T10:34:12Z,D20260816.01
02618.HK,HK,equity,2023-12-22,9.29,9.31,9.11,9.19,9.25,5518122.0,50719168.46,-0.006486486486486531,-0.006486486486486531,-0.006507615156738189,PASS,2026-08-16T10:34:12Z,D20260816.01
02618.HK,HK,equity,2023-12-27,9.2,9.32,9.11,9.31,9.19,3528511.0,32570883.72,0.01305767138193703,0.01305767138193703,0.012973154921380162,PASS,2026-08-16T10:34:12Z,D20260816.01
02618.HK,HK,equity,2023-12-28,9.2,9.73,9.19,9.72,9.31,6775192.0,65137559.46,0.04403866809881851,0.04403866809881851,0.04309652718337204,PASS,2026-08-16T10:34:12Z,D20260816.01
02618.HK,HK,equity,2023-12-29,9.79,9.81,9.6,9.78,9.72,2672654.0,25953884.36,0.006172839506172645,0.006172839506172645,0.006153865574378066,PASS,2026-08-16T10:34:12Z,D20260816.01
02618.HK,HK,equity,2024-01-02,9.81,9.82,9.4,9.49,9.78,5087847.0,48477959.54,-0.02965235173824121,-0.02965235173824121,-0.030100871424889368,PASS,2026-08-16T10:34:12Z,D20260816.01
02618.HK,HK,equity,2024-01-03,9.49,9.49,9.25,9.36,9.49,2804216.0,26167505.36,-0.013698630136986356,-0.013698630136986356,-0.013793322132335873,PASS,2026-08-16T10:34:12Z,D20260816.01
02618.HK,HK,equity,2024-01-04,9.38,9.52,9.3,9.49,9.36,2572487.0,24219804.9,0.013888888888889062,0.013888888888889062,0.013793322132335988,PASS,2026-08-16T10:34:12Z,D20260816.01
02618.HK,HK,equity,2024-01-05,9.49,9.61,9.4,9.48,9.49,4180727.0,39753163.73,-0.0010537407797681642,-0.0010537407797681642,-0.0010542963549060478,PASS,2026-08-16T10:34:12Z,D20260816.01
02618.HK,HK,equity,2024-01-08,9.33,9.57,9.03,9.1,9.48,4137785.0,37716618.58,-0.040084388185654074,-0.040084388185654074,-0.04090990274412615,PASS,2026-08-16T10:34:12Z,D20260816.01
02618.HK,HK,equity,2024-01-09,9.13,9.17,8.94,8.98,9.1,4051972.0,36555728.8,-0.01318681318681314,-0.01318681318681314,-0.013274531208696075,PASS,2026-08-16T10:34:12Z,D20260816.01
02618.HK,HK,equity,2024-01-10,8.96,9.09,8.89,8.93,8.98,2763277.0,24751887.02,-0.005567928730512373,-0.005567928730512373,-0.005583487425700679,PASS,2026-08-16T10:34:12Z,D20260816.01
02618.HK,HK,equity,2024-01-11,8.95,9.09,8.9,8.94,8.93,3132846.0,28117390.07,0.0011198208286673506,0.0011198208286673506,0.0011191942970150324,PASS,2026-08-16T10:34:12Z,D20260816.01
02618.HK,HK,equity,2024-01-12,8.89,9.0,8.8,8.81,8.94,4187138.0,37127326.46,-0.014541387024608388,-0.014541387024608388,-0.014648149237334518,PASS,2026-08-16T10:34:12Z,D20260816.01
02618.HK,HK,equity,2024-01-15,8.9,8.99,8.76,8.93,8.81,2292201.0,20365941.1,0.01362088535754813,0.01362088535754813,0.01352895494031943,PASS,2026-08-16T10:34:12Z,D20260816.01
02618.HK,HK,equity,2024-01-16,8.92,8.92,8.45,8.48,8.93,5699875.0,48983030.81,-0.05039193729003355,-0.05039193729003355,-0.05170594508459593,PASS,2026-08-16T10:34:12Z,D20260816.01
02618.HK,HK,equity,2024-01-17,8.37,8.38,7.67,7.72,8.48,13057006.0,103560344.87,-0.089622641509434,-0.089622641509434,-0.09389608576712694,PASS,2026-08-16T10:34:12Z,D20260816.01
02618.HK,HK,equity,2024-01-18,7.76,7.95,7.65,7.89,7.72,6742425.0,52772404.1,0.022020725388601115,0.022020725388601115,0.021781770821098147,PASS,2026-08-16T10:34:12Z,D20260816.01
02618.HK,HK,equity,2024-01-19,7.86,7.93,7.73,7.78,7.89,6302574.0,49201413.76,-0.013941698352344711,-0.013941698352344711,-0.014039796667482611,PASS,2026-08-16T10:34:12Z,D20260816.01
02618.HK,HK,equity,2024-01-22,7.85,7.85,7.12,7.22,7.78,8737277.0,64005910.32,-0.07197943444730082,-0.07197943444730082,-0.07470138528556543,PASS,2026-08-16T10:34:12Z,D20260816.01
02618.HK,HK,equity,2024-01-23,7.22,7.56,7.14,7.42,7.22,10831472.0,80231937.29,0.027700831024930705,0.027700831024930705,0.027324104274554176,PASS,2026-08-16T10:34:12Z,D20260816.01
02618.HK,HK,equity,2024-01-24,7.58,7.73,7.3,7.68,7.42,6506418.0,49137393.46,0.03504043126684642,0.03504043126684642,0.03444048998029177,PASS,2026-08-16T10:34:12Z,D20260816.01
02618.HK,HK,equity,2024-01-25,7.73,7.79,7.5,7.76,7.68,4467506.0,34447040.02,0.01041666666666674,0.01041666666666674,0.010362787035546658,PASS,2026-08-16T10:34:12Z,D20260816.01
02618.HK,HK,equity,2024-01-26,7.71,7.77,7.46,7.47,7.76,2996523.0,22693176.16,-0.037371134020618535,-0.037371134020618535,-0.03808733505040142,PASS,2026-08-16T10:34:12Z,D20260816.01
02618.HK,HK,equity,2024-01-29,7.5,7.68,7.41,7.5,7.47,5434006.0,40743321.3,0.004016064257028162,0.004016064257028162,0.004008021397538868,PASS,2026-08-16T10:34:12Z,D20260816.01
02618.HK,HK,equity,2024-01-30,7.41,7.41,7.11,7.14,7.5,6024098.0,43394622.29,-0.04800000000000004,-0.04800000000000004,-0.04919024419077178,PASS,2026-08-16T10:34:12Z,D20260816.01
02618.HK,HK,equity,2024-01-31,7.15,7.23,6.71,6.8,7.14,13809462.0,95235984.8,-0.04761904761904756,-0.04761904761904756,-0.048790164169431945,PASS,2026-08-16T10:34:12Z,D20260816.01
02618.HK,HK,equity,2024-02-01,6.87,7.23,6.78,7.18,6.8,9936500.0,70677622.7,0.055882352941176494,0.055882352941176494,0.05437677087807182,PASS,2026-08-16T10:34:12Z,D20260816.01
02618.HK,HK,equity,2024-02-02,7.17,7.33,6.82,6.9,7.18,6766676.0,47602655.34,-0.03899721448467963,-0.03899721448467963,-0.03977797145691908,PASS,2026-08-16T10:34:12Z,D20260816.01
02618.HK,HK,equity,2024-02-05,6.75,6.93,6.61,6.82,6.9,6924185.0,46896190.95,-0.011594202898550732,-0.011594202898550732,-0.011661939747842975,PASS,2026-08-16T10:34:12Z,D20260816.01
02618.HK,HK,equity,2024-02-06,6.82,7.34,6.72,7.29,6.82,6856346.0,49042804.06,0.06891495601173014,0.06891495601173014,0.066644074165196,PASS,2026-08-16T10:34:12Z,D20260816.01
02618.HK,HK,equity,2024-02-07,7.35,7.56,7.28,7.35,7.29,4945632.0,36529019.0,0.008230452674897082,0.008230452674897082,0.00819676720417849,PASS,2026-08-16T10:34:12Z,D20260816.01
02618.HK,HK,equity,2024-02-08,7.36,7.55,7.22,7.47,7.35,7694493.0,57189803.37,0.01632653061224487,0.01632653061224487,0.016194685919980606,PASS,2026-08-16T10:34:12Z,D20260816.01
02618.HK,HK,equity,2024-02-09,7.6,7.63,7.12,7.23,7.47,3261107.0,23991466.04,-0.032128514056224855,-0.032128514056224855,-0.03265596297405257,PASS,2026-08-16T10:34:12Z,D20260816.01
02618.HK,HK,equity,2024-02-14,7.0,7.33,6.9,7.29,7.23,1420200.0,10215223.5,0.008298755186721962,0.008298755186721962,0.008264509849893431,PASS,2026-08-16T10:34:12Z,D20260816.01
02618.HK,HK,equity,2024-02-15,7.26,7.35,7.13,7.29,7.29,1744454.0,12663115.41,0.0,0.0,0.0,PASS,2026-08-16T10:34:12Z,D20260816.01
02618.HK,HK,equity,2024-02-16,7.29,7.81,7.24,7.77,7.29,4561602.0,34947762.44,0.06584362139917688,0.06584362139917688,0.06376661835898922,PASS,2026-08-16T10:34:12Z,D20260816.01
02618.HK,HK,equity,2024-02-19,7.75,7.75,7.41,7.47,7.77,4632029.0,34677051.41,-0.038610038610038644,-0.038610038610038644,-0.03937516523483017,PASS,2026-08-16T10:34:12Z,D20260816.01
02618.HK,HK,equity,2024-02-20,7.5,7.58,7.2,7.39,7.47,5976325.0,43723286.8,-0.010709504685408322,-0.010709504685408322,-0.010767264184615554,PASS,2026-08-16T10:34:12Z,D20260816.01
02618.HK,HK,equity,2024-02-21,7.21,7.86,7.21,7.71,7.39,6769718.0,51991538.88,0.043301759133964834,0.043301759133964834,0.04239045261512773,PASS,2026-08-16T10:34:12Z,D20260816.01
02618.HK,HK,equity,2024-02-22,7.67,7.87,7.57,7.87,7.71,4559800.0,35296628.0,0.02075226977950706,0.02075226977950706,0.020539874854073666,PASS,2026-08-16T10:34:12Z,D20260816.01
02618.HK,HK,equity,2024-02-23,7.87,7.87,7.67,7.83,7.87,3697731.0,28732971.7,-0.0050825921219822545,-0.0050825921219822545,-0.00509555242660017,PASS,2026-08-16T10:34:12Z,D20260816.01
02618.HK,HK,equity,2024-02-26,7.71,8.0,7.7,7.82,7.83,3699247.0,29048542.84,-0.0012771392081736277,-0.0012771392081736277,-0.0012779554454919577,PASS,2026-08-16T10:34:12Z,D20260816.01
02618.HK,HK,equity,2024-02-27,7.82,7.95,7.63,7.95,7.82,5659679.0,44129399.08,0.01662404092071612,0.01662404092071612,0.01648737410902083,PASS,2026-08-16T10:34:12Z,D20260816.01
02618.HK,HK,equity,2024-02-28,8.0,8.0,7.63,7.65,7.95,5993884.0,46762955.21,-0.037735849056603765,-0.037735849056603765,-0.03846628082779605,PASS,2026-08-16T10:34:12Z,D20260816.01
02618.HK,HK,equity,2024-02-29,7.64,7.82,7.63,7.77,7.65,10399570.0,80523601.98,0.015686274509803866,0.015686274509803866,0.015564516541111548,PASS,2026-08-16T10:34:12Z,D20260816.01
02618.HK,HK,equity,2024-03-01,7.65,7.84,7.32,7.74,7.77,8308426.0,64024337.063,-0.0038610038610037423,-0.0038610038610037423,-0.003868476777920206,PASS,2026-08-16T10:34:12Z,D20260816.01
02618.HK,HK,equity,2024-03-04,7.81,7.86,7.68,7.77,7.74,3653364.0,28354551.74,0.003875968992248069,0.003875968992248069,0.003868476777920332,PASS,2026-08-16T10:34:12Z,D20260816.01
02618.HK,HK,equity,2024-03-05,7.6,7.68,7.27,7.31,7.77,8473696.0,62798789.61,-0.05920205920205923,-0.05920205920205923,-0.06102689061786897,PASS,2026-08-16T10:34:12Z,D20260816.01
02618.HK,HK,equity,2024-03-06,7.3,7.75,7.3,7.69,7.31,11190737.0,85104378.07,0.051983584131326976,0.051983584131326976,0.0506775097558655,PASS,2026-08-16T10:34:12Z,D20260816.01
02618.HK,HK,equity,2024-03-07,8.32,8.68,8.02,8.11,7.69,30037391.0,249116507.25,0.0546163849154746,0.0546163849154746,0.05317708460976891,PASS,2026-08-16T10:34:12Z,D20260816.01
02618.HK,HK,equity,2024-03-08,8.13,8.16,7.86,7.92,8.11,15127762.0,120511385.58,-0.023427866831072675,-0.023427866831072675,-0.02370666230098699,PASS,2026-08-16T10:34:12Z,D20260816.01
02618.HK,HK,equity,2024-03-11,7.99,8.33,7.99,8.2,7.92,14368393.0,117945735.75,0.03535353535353525,0.03535353535353525,0.03474294844387284,PASS,2026-08-16T10:34:12Z,D20260816.01
02618.HK,HK,equity,2024-03-12,8.23,8.61,8.14,8.59,8.2,19070101.0,160605552.94,0.04756097560975614,0.04756097560975614,0.04646458172595661,PASS,2026-08-16T10:34:12Z,D20260816.01
02618.HK,HK,equity,2024-03-13,8.45,8.52,8.28,8.32,8.59,9687023.0,81027766.97,-0.03143189755529685,-0.03143189755529685,-0.03193648116304677,PASS,2026-08-16T10:34:12Z,D20260816.01
02618.HK,HK,equity,2024-03-14,8.37,8.47,8.15,8.25,8.32,6928044.0,57363265.3,-0.008413461538461564,-0.008413461538461564,-0.008449054486527633,PASS,2026-08-16T10:34:12Z,D20260816.01
02618.HK,HK,equity,2024-03-15,8.22,8.22,7.93,8.04,8.25,12078625.0,96953187.59,-0.025454545454545507,-0.025454545454545507,-0.02578411715571467,PASS,2026-08-16T10:34:12Z,D20260816.01
02618.HK,HK,equity,2024-03-18,8.1,8.25,8.0,8.17,8.04,7267974.0,59289009.72,0.016169154228855787,0.016169154228855787,0.01603982568103658,PASS,2026-08-16T10:34:12Z,D20260816.01
02618.HK,HK,equity,2024-03-19,8.1,8.14,7.9,8.0,8.17,5419375.0,43510321.13,-0.020807833537331732,-0.020807833537331732,-0.021027367192075617,PASS,2026-08-16T10:34:12Z,D20260816.01
02618.HK,HK,equity,2024-03-20,8.0,8.2,7.91,8.14,8.0,5742027.0,46606328.03,0.01750000000000007,0.01750000000000007,0.017348638334613073,PASS,2026-08-16T10:34:12Z,D20260816.01
02618.HK,HK,equity,2024-03-21,8.33,8.39,8.22,8.29,8.14,7966927.0,66112737.35,0.01842751842751822,0.01842751842751822,0.018259789132754473,PASS,2026-08-16T10:34:12Z,D20260816.01
02618.HK,HK,equity,2024-03-22,8.17,8.21,7.89,7.94,8.29,7155500.0,57169984.2,-0.042219541616405176,-0.042219541616405176,-0.04313669388815911,PASS,2026-08-16T10:34:12Z,D20260816.01
02618.HK,HK,equity,2024-03-25,7.94,7.97,7.78,7.83,7.94,4551294.0,35738641.25,-0.013853904282115859,-0.013853904282115859,-0.01395076525633261,PASS,2026-08-16T10:34:12Z,D20260816.01
02618.HK,HK,equity,2024-03-26,7.89,8.13,7.89,8.1,7.83,7198297.0,57860059.47,0.0344827586206895,0.0344827586206895,0.0339015516756812,PASS,2026-08-16T10:34:12Z,D20260816.01
02618.HK,HK,equity,2024-03-27,8.02,8.05,7.7,7.73,8.1,8685966.0,68263197.85,-0.04567901234567895,-0.04567901234567895,-0.04675519907906242,PASS,2026-08-16T10:34:12Z,D20260816.01
02618.HK,HK,equity,2024-03-28,7.8,8.1,7.8,7.97,7.73,8888210.0,70921775.44,0.031047865459249646,0.031047865459249646,0.03057563020279305,PASS,2026-08-16T10:34:12Z,D20260816.01
02618.HK,HK,equity,2024-04-02,8.04,8.2,8.02,8.17,7.97,7354094.0,59881599.16,0.025094102885821812,0.025094102885821812,0.024784416069787825,PASS,2026-08-16T10:34:12Z,D20260816.01
02618.HK,HK,equity,2024-04-03,8.17,8.17,7.89,7.93,8.17,6643477.0,52967515.66,-0.02937576499388006,-0.02937576499388006,-0.029815873225154912,PASS,2026-08-16T10:34:12Z,D20260816.01
02618.HK,HK,equity,2024-04-05,7.93,8.2,7.64,7.85,7.93,3345644.0,26107149.39,-0.010088272383354413,-0.010088272383354413,-0.010139503852439617,PASS,2026-08-16T10:34:12Z,D20260816.01
02618.HK,HK,equity,2024-04-08,7.83,7.88,7.71,7.81,7.85,4918497.0,38376172.79,-0.005095541401273884,-0.005095541401273884,-0.005108567942722466,PASS,2026-08-16T10:34:12Z,D20260816.01
02618.HK,HK,equity,2024-04-09,7.96,8.06,7.87,8.0,7.81,4282319.0,34326150.05,0.02432778489116516,0.02432778489116516,0.02403657782824132,PASS,2026-08-16T10:34:12Z,D20260816.01
02618.HK,HK,equity,2024-04-10,8.05,8.13,8.02,8.1,8.0,5771118.0,46662870.54,0.012499999999999956,0.012499999999999956,0.01242251999855711,PASS,2026-08-16T10:34:12Z,D20260816.01
02618.HK,HK,equity,2024-04-11,7.92,8.06,7.81,7.96,8.1,5507522.0,43677001.62,-0.01728395061728394,-0.01728395061728394,-0.017435061822101423,PASS,2026-08-16T10:34:12Z,D20260816.01
02618.HK,HK,equity,2024-04-12,7.96,7.96,7.75,7.75,7.96,6276972.0,48981710.78,-0.02638190954773867,-0.02638190954773867,-0.026736156491035994,PASS,2026-08-16T10:34:12Z,D20260816.01
02618.HK,HK,equity,2024-04-15,7.75,7.77,7.55,7.66,7.75,4423367.0,33952157.91,-0.011612903225806437,-0.011612903225806437,-0.011680859612755681,PASS,2026-08-16T10:34:12Z,D20260816.01
02618.HK,HK,equity,2024-04-16,7.55,7.61,7.47,7.55,7.66,5457267.0,41177486.42,-0.01436031331592691,-0.01436031331592691,-0.014464420491566612,PASS,2026-08-16T10:34:12Z,D20260816.01
02618.HK,HK,equity,2024-04-17,7.55,7.78,7.5,7.55,7.55,5328551.0,40384247.11,0.0,0.0,0.0,PASS,2026-08-16T10:34:12Z,D20260816.01
02618.HK,HK,equity,2024-04-18,7.51,7.79,7.51,7.69,7.55,4584407.0,35279273.78,0.018543046357615944,0.018543046357615944,0.018373220256619322,PASS,2026-08-16T10:34:12Z,D20260816.01
02618.HK,HK,equity,2024-04-19,7.51,7.64,7.46,7.58,7.69,5780291.0,43646904.07,-0.014304291287386306,-0.014304291287386306,-0.014407583863272408,PASS,2026-08-16T10:34:12Z,D20260816.01
02618.HK,HK,equity,2024-04-22,7.72,7.94,7.58,7.87,7.58,7228827.0,56865541.05,0.03825857519788922,0.03825857519788922,0.03754486277503161,PASS,2026-08-16T10:34:12Z,D20260816.01
02618.HK,HK,equity,2024-04-23,7.98,8.21,7.9,8.15,7.87,11403528.0,92473909.74,0.03557814485387545,0.03557814485387545,0.034959864823459454,PASS,2026-08-16T10:34:12Z,D20260816.01
02618.HK,HK,equity,2024-04-24,8.16,8.2,8.08,8.16,8.15,6224656.0,50692388.52,0.0012269938650306678,0.0012269938650306678,0.0012262417232442935,PASS,2026-08-16T10:34:12Z,D20260816.01
02618.HK,HK,equity,2024-04-25,8.16,8.36,8.09,8.24,8.16,7846463.0,64682873.9,0.009803921568627416,0.009803921568627416,0.009756174945364656,PASS,2026-08-16T10:34:12Z,D20260816.01
02618.HK,HK,equity,2024-04-26,8.24,8.55,8.15,8.5,8.24,10724447.0,90495534.08,0.0315533980582523,0.0315533980582523,0.031065819574890317,PASS,2026-08-16T10:34:12Z,D20260816.01
02618.HK,HK,equity,2024-04-29,8.57,8.75,8.44,8.61,8.5,9690359.0,83566781.1,0.012941176470588234,0.012941176470588234,0.01285815494336866,PASS,2026-08-16T10:34:12Z,D20260816.01
02618.HK,HK,equity,2024-04-30,8.61,8.75,8.48,8.55,8.61,7975917.0,68473148.09,-0.00696864111498241,-0.00696864111498241,-0.0069930354909704135,PASS,2026-08-16T10:34:12Z,D20260816.01
02618.HK,HK,equity,2024-05-02,8.47,9.25,8.43,9.21,8.55,8968903.0,81362689.29,0.07719298245614037,0.07719298245614037,0.07435856731854665,PASS,2026-08-16T10:34:12Z,D20260816.01
02618.HK,HK,equity,2024-05-03,9.5,9.53,8.98,9.16,9.21,6878634.0,62811110.54,-0.005428881650380135,-0.005428881650380135,-0.005443671581176692,PASS,2026-08-16T10:34:12Z,D20260816.01
02618.HK,HK,equity,2024-05-06,9.1,9.14,8.82,9.01,9.16,9187692.0,82542966.77,-0.01637554585152845,-0.01637554585152845,-0.01651110706579242,PASS,2026-08-16T10:34:12Z,D20260816.01
02618.HK,HK,equity,2024-05-07,9.01,9.16,8.93,8.98,9.01,4879798.0,44012110.94,-0.0033296337402884957,-0.0033296337402884957,-0.003335189306138239,PASS,2026-08-16T10:34:12Z,D20260816.01
02618.HK,HK,equity,2024-05-08,8.98,9.05,8.75,8.77,8.98,3951984.0,34984644.7,-0.023385300668151587,-0.023385300668151587,-0.023663075930016705,PASS,2026-08-16T10:34:12Z,D20260816.01
02618.HK,HK,equity,2024-05-09,8.77,8.97,8.7,8.94,8.77,4565926.0,40596605.78,0.019384264538198304,0.019384264538198304,0.019198782801331003,PASS,2026-08-16T10:34:12Z,D20260816.01
02618.HK,HK,equity,2024-05-10,8.9,9.03,8.74,8.99,8.94,7214501.0,64574176.58,0.005592841163311046,0.005592841163311046,0.005577259298106215,PASS,2026-08-16T10:34:12Z,D20260816.01
02618.HK,HK,equity,2024-05-13,9.0,9.23,8.9,9.18,8.99,10505046.0,95785046.51,0.021134593993325845,0.021134593993325845,0.02091435614887012,PASS,2026-08-16T10:34:12Z,D20260816.01
02618.HK,HK,equity,2024-05-14,9.23,9.59,9.23,9.46,9.18,18089714.0,171547477.38,0.030501089324618924,0.030501089324618924,0.030045178431387994,PASS,2026-08-16T10:34:12Z,D20260816.01
02618.HK,HK,equity,2024-05-16,9.55,9.82,9.34,9.8,9.46,17937758.0,172291202.93,0.03594080338266381,0.03594080338266381,0.03531000261273929,PASS,2026-08-16T10:34:12Z,D20260816.01
02618.HK,HK,equity,2024-05-17,10.12,10.28,9.94,10.22,9.8,31265083.0,318485360.9,0.04285714285714293,0.04285714285714293,0.04196419909903221,PASS,2026-08-16T10:34:12Z,D20260816.01
02618.HK,HK,equity,2024-05-20,10.3,10.3,9.84,9.9,10.22,16676296.0,166749969.12,-0.03131115459882583,-0.03131115459882583,-0.03181182763501413,PASS,2026-08-16T10:34:12Z,D20260816.01
02618.HK,HK,equity,2024-05-21,9.9,9.92,9.63,9.72,9.9,14057210.0,136884755.87,-0.018181818181818188,-0.018181818181818188,-0.01834913866819654,PASS,2026-08-16T10:34:12Z,D20260816.01
02618.HK,HK,equity,2024-05-22,9.72,9.87,9.7,9.78,9.72,8673136.0,84925156.91,0.006172839506172645,0.006172839506172645,0.006153865574378066,PASS,2026-08-16T10:34:12Z,D20260816.01
02618.HK,HK,equity,2024-05-23,9.71,9.71,9.46,9.63,9.78,10019271.0,96080661.34,-0.015337423312883236,-0.015337423312883236,-0.015456258236691577,PASS,2026-08-16T10:34:12Z,D20260816.01
02618.HK,HK,equity,2024-05-24,9.49,9.54,8.97,9.11,9.63,15242280.0,139451121.07,-0.05399792315680185,-0.05399792315680185,-0.05551051453816744,PASS,2026-08-16T10:34:12Z,D20260816.01
02618.HK,HK,equity,2024-05-27,9.16,9.24,8.86,9.06,9.11,9171391.0,82470900.9,-0.00548847420417109,-0.00548847420417109,-0.00550359121697884,PASS,2026-08-16T10:34:12Z,D20260816.01
02618.HK,HK,equity,2024-05-28,9.01,9.3,8.97,9.02,9.06,7531468.0,68327859.42,-0.004415011037527727,-0.004415011037527727,-0.004424785980355807,PASS,2026-08-16T10:34:12Z,D20260816.01
02618.HK,HK,equity,2024-05-29,9.03,9.08,8.73,8.77,9.02,11990036.0,106298061.411,-0.027716186252771613,-0.027716186252771613,-0.02810752769044061,PASS,2026-08-16T10:34:12Z,D20260816.01
02618.HK,HK,equity,2024-05-30,8.83,8.94,8.72,8.81,8.77,11014505.0,96944510.62,0.004561003420752607,0.004561003420752607,0.004550633563996509,PASS,2026-08-16T10:34:12Z,D20260816.01
02618.HK,HK,equity,2024-05-31,8.9,9.03,8.47,8.52,8.81,16188489.0,140067702.41,-0.03291713961407505,-0.03291713961407505,-0.03347109910686392,PASS,2026-08-16T10:34:12Z,D20260816.01
02618.HK,HK,equity,2024-06-03,8.64,8.88,8.6,8.68,8.52,10562976.0,92276661.4,0.018779342723004744,0.018779342723004744,0.018605187831034486,PASS,2026-08-16T10:34:12Z,D20260816.01
02618.HK,HK,equity,2024-06-04,8.68,8.8,8.55,8.62,8.68,8688771.0,75026353.57,-0.00691244239631339,-0.00691244239631339,-0.0069364439966570985,PASS,2026-08-16T10:34:12Z,D20260816.01
02618.HK,HK,equity,2024-06-05,8.67,8.81,8.6,8.66,8.62,5715442.0,49690818.55,0.0046403712296985145,0.0046403712296985145,0.004629637898742197,PASS,2026-08-16T10:34:12Z,D20260816.01
02618.HK,HK,equity,2024-06-06,8.7,8.83,8.55,8.59,8.66,5162163.0,44634379.62,-0.008083140877598205,-0.008083140877598205,-0.008115986578179838,PASS,2026-08-16T10:34:12Z,D20260816.01
02618.HK,HK,equity,2024-06-07,8.59,8.64,8.44,8.5,8.59,3999085.0,34067296.4,-0.010477299185098987,-0.010477299185098987,-0.010532572499893268,PASS,2026-08-16T10:34:12Z,D20260816.01
02618.HK,HK,equity,2024-06-11,8.5,8.5,8.23,8.36,8.5,5184528.0,43229560.01,-0.016470588235294237,-0.016470588235294237,-0.016607736399660636,PASS,2026-08-16T10:34:12Z,D20260816.01
02618.HK,HK,equity,2024-06-12,8.36,8.41,8.2,8.31,8.36,4821642.0,40018521.94,-0.005980861244018976,-0.005980861244018976,-0.005998818229253268,PASS,2026-08-16T10:34:12Z,D20260816.01
02618.HK,HK,equity,2024-06-13,8.31,8.58,8.3,8.56,8.31,9787578.0,82833585.82,0.030084235860409203,0.030084235860409203,0.029640581286293967,PASS,2026-08-16T10:34:12Z,D20260816.01
02618.HK,HK,equity,2024-06-14,8.55,8.62,8.32,8.52,8.56,8106887.0,69064126.73,-0.004672897196261738,-0.004672897196261738,-0.004683849312426426,PASS,2026-08-16T10:34:12Z,D20260816.01
02618.HK,HK,equity,2024-06-17,8.52,8.65,8.37,8.57,8.52,3644508.0,31290219.66,0.005868544600938996,0.005868544600938996,0.005851391768464087,PASS,2026-08-16T10:34:12Z,D20260816.01
02618.HK,HK,equity,2024-06-18,8.58,8.74,8.57,8.68,8.57,6801320.0,59076168.86,0.012835472578763163,0.012835472578763163,0.012753796062570415,PASS,2026-08-16T10:34:12Z,D20260816.01
02618.HK,HK,equity,2024-06-19,8.78,8.85,8.68,8.85,8.68,4512373.0,39702962.85,0.019585253456221086,0.019585253456221086,0.019395930347579235,PASS,2026-08-16T10:34:12Z,D20260816.01
02618.HK,HK,equity,2024-06-20,8.85,8.85,8.42,8.47,8.85,7137661.0,60983154.21,-0.04293785310734455,-0.04293785310734455,-0.04388695035587503,PASS,2026-08-16T10:34:12Z,D20260816.01
02618.HK,HK,equity,2024-06-21,8.4,8.5,8.32,8.34,8.47,5757850.0,48192796.06,-0.015348288075560879,-0.015348288075560879,-0.015467292293307712,PASS,2026-08-16T10:34:12Z,D20260816.01
02618.HK,HK,equity,2024-06-24,8.31,8.32,8.08,8.27,8.34,3919797.0,32104112.33,-0.008393285371702697,-0.008393285371702697,-0.008428707335055503,PASS,2026-08-16T10:34:12Z,D20260816.01
02618.HK,HK,equity,2024-06-25,8.3,8.34,8.16,8.2,8.27,4148447.0,34136477.28,-0.00846432889963733,-0.00846432889963733,-0.008500354765392605,PASS,2026-08-16T10:34:12Z,D20260816.01
02618.HK,HK,equity,2024-06-26,8.14,8.4,8.11,8.32,8.2,4924081.0,40826936.75,0.014634146341463428,0.014634146341463428,0.014528100562909808,PASS,2026-08-16T10:34:12Z,D20260816.01
02618.HK,HK,equity,2024-06-27,8.31,8.32,8.05,8.1,8.32,4702750.0,38249105.0,-0.02644230769230782,-0.02644230769230782,-0.026798193154724273,PASS,2026-08-16T10:34:12Z,D20260816.01
02618.HK,HK,equity,2024-06-28,8.12,8.4,8.09,8.38,8.1,5272548.0,43981154.51,0.0345679012345681,0.0345679012345681,0.033983852815598785,PASS,2026-08-16T10:34:12Z,D20260816.01
02618.HK,HK,equity,2024-07-02,8.3,8.44,8.2,8.24,8.38,7250968.0,60396837.02,-0.01670644391408116,-0.01670644391408116,-0.016847570572611357,PASS,2026-08-16T10:34:12Z,D20260816.01
02618.HK,HK,equity,2024-07-03,8.24,8.65,8.2,8.59,8.24,5962977.0,50873043.71,0.04247572815533984,0.04247572815533984,0.041598392074783705,PASS,2026-08-16T10:34:12Z,D20260816.01
02618.HK,HK,equity,2024-07-04,8.68,8.74,8.54,8.62,8.59,3635852.0,31338376.68,0.0034924330616996624,0.0034924330616996624,0.0034863486794377376,PASS,2026-08-16T10:34:12Z,D20260816.01
02618.HK,HK,equity,2024-07-05,8.63,8.71,8.51,8.51,8.62,3724735.0,31971011.49,-0.012761020881670415,-0.012761020881670415,-0.012843142090318843,PASS,2026-08-16T10:34:12Z,D20260816.01
02618.HK,HK,equity,2024-07-08,8.45,8.63,8.29,8.29,8.51,3511400.0,29399296.74,-0.02585193889541726,-0.02585193889541726,-0.026191973438079268,PASS,2026-08-16T10:34:12Z,D20260816.01
02618.HK,HK,equity,2024-07-09,8.33,8.37,8.16,8.23,8.29,5538319.0,45567091.2,-0.007237635705669376,-0.007237635705669376,-0.007263954458225057,PASS,2026-08-16T10:34:12Z,D20260816.01
02618.HK,HK,equity,2024-07-10,8.29,8.48,8.18,8.21,8.23,4117264.0,34104298.12,-0.002430133657351119,-0.002430133657351119,-0.002433091224641555,PASS,2026-08-16T10:34:12Z,D20260816.01
02618.HK,HK,equity,2024-07-11,8.3,8.49,8.25,8.48,8.21,3391057.0,28585450.56,0.032886723507917104,0.032886723507917104,0.03235752633947478,PASS,2026-08-16T10:34:12Z,D20260816.01
02618.HK,HK,equity,2024-07-12,8.48,8.69,8.48,8.69,8.48,4803348.0,41467590.7,0.024764150943396013,0.024764150943396013,0.02446248947348876,PASS,2026-08-16T10:34:12Z,D20260816.01
02618.HK,HK,equity,2024-07-15,8.68,8.68,8.25,8.31,8.69,6689357.0,55924185.45,-0.04372842347525885,-0.04372842347525885,-0.044713330409943776,PASS,2026-08-16T10:34:12Z,D20260816.01
02618.HK,HK,equity,2024-07-16,8.3,8.3,8.13,8.18,8.31,6259911.0,51190831.49,-0.01564380264741283,-0.01564380264741283,-0.015767458252701212,PASS,2026-08-16T10:34:12Z,D20260816.01
02618.HK,HK,equity,2024-07-17,8.15,8.36,8.15,8.32,8.18,3426075.0,28460967.96,0.017114914425427896,0.017114914425427896,0.01697010421846156,PASS,2026-08-16T10:34:12Z,D20260816.01
02618.HK,HK,equity,2024-07-18,8.32,8.36,8.17,8.25,8.32,2969927.0,24524851.66,-0.008413461538461564,-0.008413461538461564,-0.008449054486527633,PASS,2026-08-16T10:34:12Z,D20260816.01
02618.HK,HK,equity,2024-07-19,8.26,8.28,8.13,8.15,8.25,7438625.0,60775783.3,-0.012121212121212088,-0.012121212121212088,-0.012195273093818243,PASS,2026-08-16T10:34:12Z,D20260816.01
02618.HK,HK,equity,2024-07-22,8.15,8.28,8.09,8.26,8.15,3324572.0,27241935.73,0.013496932515337345,0.013496932515337345,0.013406660280115279,PASS,2026-08-16T10:34:12Z,D20260816.01
02618.HK,HK,equity,2024-07-23,8.16,8.18,7.93,7.95,8.26,8503932.0,68200690.81,-0.03753026634382561,-0.03753026634382561,-0.03825265886664611,PASS,2026-08-16T10:34:12Z,D20260816.01
02618.HK,HK,equity,2024-07-24,7.93,8.04,7.83,7.84,7.95,4391057.0,34589373.08,-0.01383647798742138,-0.01383647798742138,-0.01393309430392405,PASS,2026-08-16T10:34:12Z,D20260816.01
02618.HK,HK,equity,2024-07-25,7.84,7.88,7.74,7.78,7.84,7212447.0,56236900.81,-0.007653061224489721,-0.007653061224489721,-0.00768249617201617,PASS,2026-08-16T10:34:12Z,D20260816.01
02618.HK,HK,equity,2024-07-26,7.9,8.08,7.88,7.9,7.78,4744430.0,37716646.3,0.015424164524421524,0.015424164524421524,0.015306421282675507,PASS,2026-08-16T10:34:12Z,D20260816.01
02618.HK,HK,equity,2024-07-29,7.9,8.1,7.9,8.01,7.9,5478775.0,43928252.8,0.013924050632911245,0.013924050632911245,0.013828001607291897,PASS,2026-08-16T10:34:12Z,D20260816.01
02618.HK,HK,equity,2024-07-30,7.89,8.0,7.71,7.75,8.01,6006156.0,46766586.86,-0.03245942571785265,-0.03245942571785265,-0.03299791771501219,PASS,2026-08-16T10:34:12Z,D20260816.01
02618.HK,HK,equity,2024-07-31,7.79,8.1,7.76,8.05,7.75,6567626.0,52750027.92,0.03870967741935494,0.03870967741935494,0.03797924806521647,PASS,2026-08-16T10:34:12Z,D20260816.01
02618.HK,HK,equity,2024-08-01,8.01,8.01,7.87,7.94,8.05,3153582.0,25040119.38,-0.013664596273291973,-0.013664596273291973,-0.013758816171427697,PASS,2026-08-16T10:34:12Z,D20260816.01
02618.HK,HK,equity,2024-08-02,7.85,7.9,7.79,7.88,7.94,2420504.0,19013172.89,-0.007556675062972307,-0.007556675062972307,-0.007585371389256612,PASS,2026-08-16T10:34:12Z,D20260816.01
02618.HK,HK,equity,2024-08-05,7.86,8.03,7.72,7.83,7.88,5607110.0,43867094.0,-0.006345177664974555,-0.006345177664974555,-0.006365393867075959,PASS,2026-08-16T10:34:12Z,D20260816.01
02618.HK,HK,equity,2024-08-06,7.94,8.05,7.83,7.93,7.83,3580958.0,28411030.94,0.012771392081736943,0.012771392081736943,0.012690525644044917,PASS,2026-08-16T10:34:12Z,D20260816.01
02618.HK,HK,equity,2024-08-07,7.97,8.03,7.88,7.89,7.93,3444795.0,27317838.68,-0.0050441361916772065,-0.0050441361916772065,-0.005056900788973774,PASS,2026-08-16T10:34:12Z,D20260816.01
02618.HK,HK,equity,2024-08-08,7.83,7.97,7.72,7.87,7.89,3319580.0,26094959.5,-0.0025348542458808465,-0.0025348542458808465,-0.002538072428471,PASS,2026-08-16T10:34:12Z,D20260816.01
02618.HK,HK,equity,2024-08-09,7.91,8.05,7.91,7.94,7.87,3323277.0,26518204.01,0.008894536213468918,0.008894536213468918,0.008855212829732544,PASS,2026-08-16T10:34:12Z,D20260816.01
02618.HK,HK,equity,2024-08-12,7.91,8.0,7.86,7.97,7.94,3336442.0,26508144.08,0.0037783375314861534,0.0037783375314861534,0.003771217543079324,PASS,2026-08-16T10:34:12Z,D20260816.01
02618.HK,HK,equity,2024-08-13,7.97,8.06,7.88,7.98,7.97,3946130.0,31466626.12,0.0012547051442912682,0.0012547051442912682,0.001253918659593903,PASS,2026-08-16T10:34:12Z,D20260816.01
02618.HK,HK,equity,2024-08-14,7.98,8.08,7.96,8.01,7.98,2393472.0,19200228.06,0.003759398496240518,0.003759398496240518,0.003752349618550372,PASS,2026-08-16T10:34:12Z,D20260816.01
02618.HK,HK,equity,2024-08-15,7.94,7.98,7.68,7.78,8.01,7699769.0,59898491.08,-0.028714107365792718,-0.028714107365792718,-0.029134422889967575,PASS,2026-08-16T10:34:12Z,D20260816.01
02618.HK,HK,equity,2024-08-16,8.51,9.49,8.46,9.49,7.78,50949078.0,459711720.7,0.21979434447300772,0.21979434447300772,0.19868227443153627,PASS,2026-08-16T10:34:12Z,D20260816.01
02618.HK,HK,equity,2024-08-19,9.59,10.06,9.56,9.97,9.49,31563416.0,312740803.65,0.050579557428872546,0.050579557428872546,0.04934197135191051,PASS,2026-08-16T10:34:12Z,D20260816.01
02618.HK,HK,equity,2024-08-20,9.99,9.99,9.66,9.74,9.97,16665774.0,163126616.77,-0.02306920762286868,-0.02306920762286868,-0.02333946631930331,PASS,2026-08-16T10:34:12Z,D20260816.01
02618.HK,HK,equity,2024-08-21,9.5,9.68,9.23,9.61,9.74,17097060.0,162402294.49,-0.013347022587269053,-0.013347022587269053,-0.013436894672242667,PASS,2026-08-16T10:34:12Z,D20260816.01
02618.HK,HK,equity,2024-08-22,9.7,9.97,9.57,9.7,9.61,14126440.0,137410328.64,0.009365244536940764,0.009365244536940764,0.009321662527136091,PASS,2026-08-16T10:34:12Z,D20260816.01
02618.HK,HK,equity,2024-08-23,9.51,9.63,9.33,9.42,9.7,12028572.0,113744410.11,-0.028865979381443196,-0.028865979381443196,-0.029290796921065343,PASS,2026-08-16T10:34:12Z,D20260816.01
02618.HK,HK,equity,2024-08-26,9.42,9.6,9.24,9.37,9.42,8029868.0,75318697.75,-0.005307855626327074,-0.005307855626327074,-0.005321992337940981,PASS,2026-08-16T10:34:12Z,D20260816.01
02618.HK,HK,equity,2024-08-27,9.37,9.49,9.25,9.48,9.37,6700069.0,63125309.31,0.011739594450373758,0.011739594450373758,0.011671220016599839,PASS,2026-08-16T10:34:12Z,D20260816.01
02618.HK,HK,equity,2024-08-28,9.41,9.42,9.04,9.21,9.48,9022619.0,82804395.99,-0.028481012658227778,-0.028481012658227778,-0.02889446599971489,PASS,2026-08-16T10:34:12Z,D20260816.01
02618.HK,HK,equity,2024-08-29,9.1,9.48,9.04,9.47,9.21,9635962.0,90116531.21,0.028230184581976125,0.028230184581976125,0.027839056930771412,PASS,2026-08-16T10:34:12Z,D20260816.01
02618.HK,HK,equity,2024-08-30,9.47,9.68,9.33,9.55,9.47,13249719.0,126532599.67,0.008447729672650395,0.008447729672650395,0.008412247294651924,PASS,2026-08-16T10:34:12Z,D20260816.01
02618.HK,HK,equity,2024-09-02,9.5,9.5,9.18,9.34,9.55,6684754.0,62161633.6,-0.02198952879581162,-0.02198952879581162,-0.02223490225188773,PASS,2026-08-16T10:34:12Z,D20260816.01
02618.HK,HK,equity,2024-09-03,9.34,9.65,9.28,9.64,9.34,10368034.0,99104064.14,0.032119914346895095,0.032119914346895095,0.03161485638170301,PASS,2026-08-16T10:34:12Z,D20260816.01
02618.HK,HK,equity,2024-09-04,9.53,9.56,9.33,9.47,9.64,6991358.0,65984776.92,-0.01763485477178417,-0.01763485477178417,-0.017792201424467306,PASS,2026-08-16T10:34:12Z,D20260816.01
02618.HK,HK,equity,2024-09-05,9.5,9.53,9.36,9.5,9.47,12910072.0,121952045.01,0.0031678986272438703,0.0031678986272438703,0.003162891408508217,PASS,2026-08-16T10:34:12Z,D20260816.01
02618.HK,HK,equity,2024-09-09,9.42,9.52,9.27,9.52,9.5,25422653.0,240799925.14,0.00210526315789461,0.00210526315789461,0.0021030501967786684,PASS,2026-08-16T10:34:12Z,D20260816.01
02618.HK,HK,equity,2024-09-10,9.52,9.95,9.4,9.88,9.52,22303721.0,216346471.394,0.037815126050420256,0.037815126050420256,0.03711766295650259,PASS,2026-08-16T10:34:12Z,D20260816.01
02618.HK,HK,equity,2024-09-11,9.82,10.1,9.77,9.91,9.88,12522320.0,124627930.28,0.0030364372469635637,0.0030364372469635637,0.003031836582120176,PASS,2026-08-16T10:34:12Z,D20260816.01
02618.HK,HK,equity,2024-09-12,9.9,10.04,9.82,9.93,9.91,7635673.0,76006050.42,0.0020181634712410634,0.0020181634712410634,0.0020161297151844956,PASS,2026-08-16T10:34:12Z,D20260816.01
02618.HK,HK,equity,2024-09-13,9.94,10.04,9.87,9.9,9.93,7407194.0,73676866.28,-0.0030211480362537513,-0.0030211480362537513,-0.003025720916536956,PASS,2026-08-16T10:34:12Z,D20260816.01
02618.HK,HK,equity,2024-09-16,9.9,10.22,9.77,10.2,9.9,6762330.0,68057444.1,0.030303030303030276,0.030303030303030276,0.02985296314968113,PASS,2026-08-16T10:34:12Z,D20260816.01
02618.HK,HK,equity,2024-09-17,10.04,10.32,10.02,10.24,10.2,4575836.0,46789358.32,0.0039215686274509665,0.0039215686274509665,0.003913899321136315,PASS,2026-08-16T10:34:12Z,D20260816.01
02618.HK,HK,equity,2024-09-19,10.04,10.38,10.04,10.3,10.24,14667752.0,150480769.6,0.005859375,0.005859375,0.005842275624228361,PASS,2026-08-16T10:34:12Z,D20260816.01
02618.HK,HK,equity,2024-09-20,10.22,10.4,10.06,10.2,10.3,16224591.0,165301042.9,-0.009708737864077777,-0.009708737864077777,-0.009756174945364798,PASS,2026-08-16T10:34:12Z,D20260816.01
02618.HK,HK,equity,2024-09-23,10.02,10.26,10.0,10.24,10.2,8237232.0,83744233.58,0.0039215686274509665,0.0039215686274509665,0.003913899321136315,PASS,2026-08-16T10:34:12Z,D20260816.01
02618.HK,HK,equity,2024-09-24,10.38,10.6,10.26,10.58,10.24,17115085.0,179469977.44,0.033203125,0.033203125,0.032663806818791594,PASS,2026-08-16T10:34:12Z,D20260816.01
02618.HK,HK,equity,2024-09-25,10.88,11.12,10.58,10.7,10.58,19804011.0,213566360.13,0.011342155009451682,0.011342155009451682,0.011278315037707053,PASS,2026-08-16T10:34:12Z,D20260816.01
02618.HK,HK,equity,2024-09-26,10.8,11.5,10.62,11.5,10.7,19994258.0,223678734.54,0.07476635514018692,0.07476635514018692,0.0721032939013439,PASS,2026-08-16T10:34:12Z,D20260816.01
02618.HK,HK,equity,2024-09-27,12.1,13.4,12.08,13.4,11.5,57912159.0,743712062.52,0.16521739130434776,0.16521739130434776,0.15290767158766125,PASS,2026-08-16T10:34:12Z,D20260816.01
02618.HK,HK,equity,2024-09-30,14.26,14.38,13.66,14.0,13.4,57828320.0,811067730.18,0.04477611940298498,0.04477611940298498,0.04380262265839284,PASS,2026-08-16T10:34:12Z,D20260816.01
02618.HK,HK,equity,2024-10-02,14.1,15.6,14.04,15.42,14.0,41278101.0,618029936.34,0.10142857142857142,0.10142857142857142,0.09660803851992482,PASS,2026-08-16T10:34:12Z,D20260816.01
02618.HK,HK,equity,2024-10-03,15.42,15.46,13.72,14.4,15.42,24651216.0,353675898.58,-0.06614785992217898,-0.06614785992217898,-0.06843716155322849,PASS,2026-08-16T10:34:12Z,D20260816.01
02618.HK,HK,equity,2024-10-04,14.42,14.98,14.22,14.98,14.4,19783663.0,292646450.95,0.04027777777777786,0.04027777777777786,0.03948777150711856,PASS,2026-08-16T10:34:12Z,D20260816.01
02618.HK,HK,equity,2024-10-07,15.2,15.24,14.38,15.0,14.98,17296670.0,256004826.18,0.001335113484646211,0.001335113484646211,0.0013342230131366622,PASS,2026-08-16T10:34:12Z,D20260816.01
02618.HK,HK,equity,2024-10-08,15.0,15.06,12.94,13.24,15.0,33839881.0,464723679.56,-0.11733333333333329,-0.11733333333333329,-0.12480765059334786,PASS,2026-08-16T10:34:12Z,D20260816.01
02618.HK,HK,equity,2024-10-09,13.68,13.8,12.38,12.98,13.24,23376586.0,306457165.64,-0.01963746223564955,-0.01963746223564955,-0.019832839232918217,PASS,2026-08-16T10:34:12Z,D20260816.01
02618.HK,HK,equity,2024-10-10,13.36,13.94,13.12,13.42,12.98,19382550.0,261403250.28,0.03389830508474567,0.03389830508474567,0.03333642026759171,PASS,2026-08-16T10:34:12Z,D20260816.01
02618.HK,HK,equity,2024-10-14,13.4,14.12,12.96,14.0,13.42,32912669.0,452741736.52,0.0432190760059612,0.0432190760059612,0.04231119807172283,PASS,2026-08-16T10:34:12Z,D20260816.01
02618.HK,HK,equity,2024-10-15,14.14,14.4,13.54,13.82,14.0,21803197.0,303874206.12,-0.01285714285714279,-0.01285714285714279,-0.012940511275734708,PASS,2026-08-16T10:34:12Z,D20260816.01
02618.HK,HK,equity,2024-10-16,13.42,14.5,13.42,14.38,13.82,23591285.0,335443696.58,0.0405209840810421,0.0405209840810421,0.039721533953376915,PASS,2026-08-16T10:34:12Z,D20260816.01
02618.HK,HK,equity,2024-10-17,14.64,14.76,13.9,14.02,14.38,16543427.0,236520509.43,-0.025034770514603677,-0.025034770514603677,-0.025353470686456662,PASS,2026-08-16T10:34:12Z,D20260816.01
02618.HK,HK,equity,2024-10-18,14.2,14.88,14.12,14.86,14.02,19766510.0,287570549.7,0.059914407988587826,0.059914407988587826,0.058188157683169164,PASS,2026-08-16T10:34:12Z,D20260816.01
02618.HK,HK,equity,2024-10-21,14.6,14.98,14.4,14.86,14.86,13983457.0,206781123.12,0.0,0.0,0.0,PASS,2026-08-16T10:34:12Z,D20260816.01
02618.HK,HK,equity,2024-10-22,15.0,15.18,14.78,15.1,14.86,18529082.0,278646852.96,0.016150740242261152,0.016150740242261152,0.016021704531265585,PASS,2026-08-16T10:34:12Z,D20260816.01
02618.HK,HK,equity,2024-10-23,15.1,16.26,14.7,16.06,15.1,31011565.0,484867461.04,0.06357615894039736,0.06357615894039736,0.06163696469773698,PASS,2026-08-16T10:34:12Z,D20260816.01
02618.HK,HK,equity,2024-10-24,16.12,16.3,15.74,16.0,16.06,24008513.0,383443805.36,-0.0037359900373598043,-0.0037359900373598043,-0.0037429862788342805,PASS,2026-08-16T10:34:12Z,D20260816.01
02618.HK,HK,equity,2024-10-25,16.08,16.48,15.52,16.34,16.0,25663264.0,412684460.66,0.02124999999999999,0.02124999999999999,0.02102736719207558,PASS,2026-08-16T10:34:12Z,D20260816.01
02618.HK,HK,equity,2024-10-28,16.48,16.84,16.06,16.08,16.34,20545302.0,336715128.14,-0.01591187270501848,-0.01591187270501848,-0.016039825681036637,PASS,2026-08-16T10:34:12Z,D20260816.01
02618.HK,HK,equity,2024-10-29,16.4,16.78,15.76,15.9,16.08,18714303.0,302008033.86,-0.011194029850746134,-0.011194029850746134,-0.011257154524634334,PASS,2026-08-16T10:34:12Z,D20260816.01
02618.HK,HK,equity,2024-10-30,15.52,15.84,15.2,15.64,15.9,17470374.0,271025806.42,-0.01635220125786163,-0.01635220125786163,-0.016487374109020816,PASS,2026-08-16T10:34:12Z,D20260816.01
02618.HK,HK,equity,2024-10-31,15.54,15.98,15.32,15.8,15.64,17009804.0,268630891.8,0.010230179028132946,0.010230179028132946,0.010178204915756052,PASS,2026-08-16T10:34:12Z,D20260816.01
02618.HK,HK,equity,2024-11-01,15.92,16.26,15.68,15.96,15.8,8473258.0,135336723.36,0.010126582278481067,0.010126582278481067,0.01007565198874164,PASS,2026-08-16T10:34:12Z,D20260816.01
02618.HK,HK,equity,2024-11-04,15.8,15.9,15.44,15.8,15.96,10254748.0,160398712.56,-0.010025062656641603,-0.010025062656641603,-0.010075651988741587,PASS,2026-08-16T10:34:12Z,D20260816.01
02618.HK,HK,equity,2024-11-05,15.8,15.94,15.48,15.84,15.8,14543724.0,227990841.61,0.0025316455696202667,0.0025316455696202667,0.0025284463533586906,PASS,2026-08-16T10:34:12Z,D20260816.01
02618.HK,HK,equity,2024-11-06,15.9,16.1,15.36,15.62,15.84,11251303.0,175757367.42,-0.01388888888888895,-0.01388888888888895,-0.013986241974739952,PASS,2026-08-16T10:34:12Z,D20260816.01
02618.HK,HK,equity,2024-11-07,15.6,15.9,15.06,15.8,15.62,13814327.0,215515556.0,0.011523687580025754,0.011523687580025754,0.011457795621381358,PASS,2026-08-16T10:34:12Z,D20260816.01
02618.HK,HK,equity,2024-11-08,16.1,16.4,15.82,16.02,15.8,12365696.0,198713009.5,0.013924050632911245,0.013924050632911245,0.013828001607291897,PASS,2026-08-16T10:34:12Z,D20260816.01
02618.HK,HK,equity,2024-11-11,15.7,15.8,15.4,15.68,16.02,7930196.0,123813264.0,-0.02122347066167285,-0.02122347066167285,-0.021451926717951313,PASS,2026-08-16T10:34:12Z,D20260816.01
02618.HK,HK,equity,2024-11-12,15.46,16.0,15.2,15.34,15.68,11476617.0,178409225.86,-0.02168367346938771,-0.02168367346938771,-0.021922218983151616,PASS,2026-08-16T10:34:12Z,D20260816.01
02618.HK,HK,equity,2024-11-13,15.06,15.82,15.04,15.82,15.34,8765586.0,135812539.88,0.0312907431551499,0.0312907431551499,0.030811166400397657,PASS,2026-08-16T10:34:12Z,D20260816.01
02618.HK,HK,equity,2024-11-14,15.54,15.64,14.44,14.92,15.82,18750874.0,280421560.46,-0.05689001264222504,-0.05689001264222504,-0.05857236756389303,PASS,2026-08-16T10:34:12Z,D20260816.01
02618.HK,HK,equity,2024-11-15,15.66,15.66,13.84,14.16,14.92,39137797.0,564664046.36,-0.05093833780160861,-0.05093833780160861,-0.052281506510041126,PASS,2026-08-16T10:34:12Z,D20260816.01
02618.HK,HK,equity,2024-11-18,14.38,15.16,14.38,14.88,14.16,15512609.0,230937583.308,0.05084745762711873,0.05084745762711873,0.049596941139372186,PASS,2026-08-16T10:34:12Z,D20260816.01
02618.HK,HK,equity,2024-11-19,15.18,15.18,14.48,14.6,14.88,10348454.0,152115507.64,-0.018817204301075363,-0.018817204301075363,-0.018996500690655147,PASS,2026-08-16T10:34:12Z,D20260816.01
02618.HK,HK,equity,2024-11-20,14.66,14.78,14.28,14.44,14.6,8431549.0,122122550.9,-0.010958904109588996,-0.010958904109588996,-0.011019395249610538,PASS,2026-08-16T10:34:12Z,D20260816.01
02618.HK,HK,equity,2024-11-21,14.58,14.58,14.08,14.36,14.44,9687241.0,138379043.88,-0.005540166204986208,-0.005540166204986208,-0.005555569844602105,PASS,2026-08-16T10:34:12Z,D20260816.01
02618.HK,HK,equity,2024-11-22,14.34,14.46,13.68,13.92,14.36,12026006.0,167858658.48,-0.03064066852367686,-0.03064066852367686,-0.031119908713804517,PASS,2026-08-16T10:34:12Z,D20260816.01
02618.HK,HK,equity,2024-11-25,13.92,14.2,13.8,14.2,13.92,18068578.0,255221695.28,0.02011494252873569,0.02011494252873569,0.019915309700941516,PASS,2026-08-16T10:34:12Z,D20260816.01
02618.HK,HK,equity,2024-11-26,14.2,14.24,13.66,13.8,14.2,8431486.0,116292551.52,-0.028169014084506894,-0.028169014084506894,-0.028573372444055885,PASS,2026-08-16T10:34:12Z,D20260816.01
02618.HK,HK,equity,2024-11-27,13.8,14.26,13.52,14.24,13.8,14894415.0,207464298.94,0.03188405797101446,0.03188405797101446,0.03138631382067066,PASS,2026-08-16T10:34:12Z,D20260816.01
02618.HK,HK,equity,2024-11-28,14.3,14.3,13.96,14.06,14.24,6432482.0,90515746.72,-0.012640449438202195,-0.012640449438202195,-0.012721019601310809,PASS,2026-08-16T10:34:12Z,D20260816.01
02618.HK,HK,equity,2024-11-29,13.98,14.3,13.78,13.9,14.06,11034908.0,153976570.62,-0.011379800853485111,-0.011379800853485111,-0.01144504624587282,PASS,2026-08-16T10:34:12Z,D20260816.01
02618.HK,HK,equity,2024-12-02,13.88,14.2,13.66,14.1,13.9,5848872.0,82217702.72,0.014388489208633004,0.014388489208633004,0.014285957247476434,PASS,2026-08-16T10:34:12Z,D20260816.01
02618.HK,HK,equity,2024-12-03,14.34,14.6,13.94,14.56,14.1,12980551.0,186764217.18,0.03262411347517746,0.03262411347517746,0.03210324538441747,PASS,2026-08-16T10:34:12Z,D20260816.01
02618.HK,HK,equity,2024-12-04,14.5,14.68,14.3,14.5,14.56,6760822.0,97645300.3,-0.004120879120879106,-0.004120879120879106,-0.004129393342011178,PASS,2026-08-16T10:34:12Z,D20260816.01
02618.HK,HK,equity,2024-12-05,14.5,14.54,14.02,14.14,14.5,5073734.0,71901024.3,-0.024827586206896513,-0.024827586206896513,-0.02514098895810198,PASS,2026-08-16T10:34:12Z,D20260816.01
02618.HK,HK,equity,2024-12-06,14.18,14.36,13.8,14.36,14.14,11239224.0,159261161.74,0.01555869872701554,0.01555869872701554,0.015438903151651409,PASS,2026-08-16T10:34:12Z,D20260816.01
02618.HK,HK,equity,2024-12-09,14.4,14.76,14.1,14.76,14.36,13150382.0,190199120.04,0.027855153203342642,0.027855153203342642,0.027474255552248337,PASS,2026-08-16T10:34:12Z,D20260816.01
02618.HK,HK,equity,2024-12-10,15.38,15.48,14.48,14.5,14.76,16283313.0,241027752.04,-0.017615176151761558,-0.017615176151761558,-0.01777216974579776,PASS,2026-08-16T10:34:12Z,D20260816.01
02618.HK,HK,equity,2024-12-11,14.52,14.72,14.38,14.48,14.5,6828077.0,99288605.34,-0.0013793103448275223,-0.0013793103448275223,-0.0013802624689583467,PASS,2026-08-16T10:34:12Z,D20260816.01
02618.HK,HK,equity,2024-12-12,14.32,14.48,14.08,14.08,14.48,7509458.0,106826464.96,-0.027624309392265234,-0.027624309392265234,-0.028013036227674006,PASS,2026-08-16T10:34:12Z,D20260816.01
02618.HK,HK,equity,2024-12-13,14.08,14.08,13.66,13.88,14.08,10883558.0,150131127.92,-0.014204545454545414,-0.014204545454545414,-0.014306395651237858,PASS,2026-08-16T10:34:12Z,D20260816.01
02618.HK,HK,equity,2024-12-16,13.84,14.04,13.78,13.92,13.88,6536122.0,90959058.72,0.0028818443804032867,0.0028818443804032867,0.002877699827614974,PASS,2026-08-16T10:34:12Z,D20260816.01
02618.HK,HK,equity,2024-12-17,13.92,13.92,13.5,13.7,13.92,10575898.0,144555837.1,-0.015804597701149503,-0.015804597701149503,-0.015930822072194435,PASS,2026-08-16T10:34:12Z,D20260816.01
02618.HK,HK,equity,2024-12-18,13.76,13.94,13.66,13.9,13.7,4315349.0,59728522.66,0.014598540145985384,0.014598540145985384,0.014493007302566824,PASS,2026-08-16T10:34:12Z,D20260816.01
02618.HK,HK,equity,2024-12-19,13.76,13.86,13.64,13.84,13.9,6074312.0,83797591.18,-0.004316546762589968,-0.004316546762589968,-0.004325889947122606,PASS,2026-08-16T10:34:12Z,D20260816.01
02618.HK,HK,equity,2024-12-20,13.9,13.9,13.42,13.42,13.84,6887362.0,93055090.24,-0.030346820809248554,-0.030346820809248554,-0.030816818645987773,PASS,2026-08-16T10:34:12Z,D20260816.01
02618.HK,HK,equity,2024-12-23,13.42,13.66,13.3,13.5,13.42,5500872.0,74140108.48,0.005961251862891315,0.005961251862891315,0.005943553900848137,PASS,2026-08-16T10:34:12Z,D20260816.01
02618.HK,HK,equity,2024-12-24,13.48,13.48,13.26,13.38,13.5,4315832.0,57629968.46,-0.008888888888888835,-0.008888888888888835,-0.008928630744301318,PASS,2026-08-16T10:34:12Z,D20260816.01
02618.HK,HK,equity,2024-12-27,13.42,13.42,12.74,13.1,13.38,15048036.0,195005366.56,-0.02092675635276542,-0.02092675635276542,-0.021148824492976632,PASS,2026-08-16T10:34:12Z,D20260816.01
02618.HK,HK,equity,2024-12-30,13.06,13.14,12.84,13.04,13.1,4615731.0,60000007.52,-0.004580152671755711,-0.004580152671755711,-0.004590673708598951,PASS,2026-08-16T10:34:12Z,D20260816.01
02618.HK,HK,equity,2024-12-31,12.96,12.96,12.76,12.8,13.04,3191360.0,40960768.62,-0.018404907975460016,-0.018404907975460016,-0.018576385572935304,PASS,2026-08-16T10:34:12Z,D20260816.01
02618.HK,HK,equity,2025-01-02,12.8,12.98,12.54,12.68,12.8,5724074.0,72503534.18,-0.009375000000000022,-0.009375000000000022,-0.00941922191649164,PASS,2026-08-16T10:34:12Z,D20260816.01
02618.HK,HK,equity,2025-01-03,12.76,13.18,12.74,12.86,12.68,7049881.0,91388832.42,0.014195583596214423,0.014195583596214423,0.014095769800393376,PASS,2026-08-16T10:34:12Z,D20260816.01
02618.HK,HK,equity,2025-01-06,12.86,12.88,11.94,12.08,12.86,16140396.0,196726040.14,-0.06065318818040433,-0.06065318818040433,-0.06257052630280441,PASS,2026-08-16T10:34:12Z,D20260816.01
02618.HK,HK,equity,2025-01-07,12.08,12.3,11.82,12.26,12.08,10057396.0,121405336.23,0.01490066225165565,0.01490066225165565,0.014790738001396473,PASS,2026-08-16T10:34:12Z,D20260816.01
02618.HK,HK,equity,2025-01-08,12.3,12.3,11.86,11.96,12.26,14301162.0,171566022.18,-0.02446982055464919,-0.02446982055464919,-0.024774181985579586,PASS,2026-08-16T10:34:12Z,D20260816.01
02618.HK,HK,equity,2025-01-09,11.94,12.08,11.82,12.08,11.96,6627608.0,79597465.38,0.010033444816053505,0.010033444816053505,0.009983443984183205,PASS,2026-08-16T10:34:12Z,D20260816.01
02618.HK,HK,equity,2025-01-10,12.08,12.1,11.66,11.82,12.08,6694924.0,79001686.88,-0.021523178807946963,-0.021523178807946963,-0.02175818052871669,PASS,2026-08-16T10:34:12Z,D20260816.01
02618.HK,HK,equity,2025-01-13,11.7,11.76,11.38,11.76,11.82,11471551.0,134018748.51,-0.005076142131979711,-0.005076142131979711,-0.005089069507471293,PASS,2026-08-16T10:34:12Z,D20260816.01
02618.HK,HK,equity,2025-01-14,11.74,12.12,11.54,12.1,11.76,7711286.0,91777601.4,0.028911564625850428,0.028911564625850428,0.02850151013221463,PASS,2026-08-16T10:34:12Z,D20260816.01
02618.HK,HK,equity,2025-01-15,12.1,12.1,11.84,11.98,12.1,5927909.0,70944141.16,-0.009917355371900749,-0.009917355371900749,-0.009966859915392036,PASS,2026-08-16T10:34:12Z,D20260816.01
02618.HK,HK,equity,2025-01-16,12.02,12.38,11.98,12.08,11.98,9003233.0,108935391.68,0.008347245409014992,0.008347245409014992,0.008312599819365565,PASS,2026-08-16T10:34:12Z,D20260816.01
02618.HK,HK,equity,2025-01-17,12.08,12.44,11.86,12.34,12.08,7219573.0,88282155.64,0.021523178807947074,0.021523178807947074,0.02129482597057292,PASS,2026-08-16T10:34:12Z,D20260816.01
02618.HK,HK,equity,2025-01-20,12.6,12.94,12.54,12.68,12.34,12853171.0,163536962.5,0.027552674230145957,0.027552674230145957,0.027179930531838196,PASS,2026-08-16T10:34:12Z,D20260816.01
02618.HK,HK,equity,2025-01-21,12.8,13.06,12.76,12.98,12.68,8209929.0,106251927.5,0.023659305993690927,0.023659305993690927,0.023383762266864144,PASS,2026-08-16T10:34:12Z,D20260816.01
02618.HK,HK,equity,2025-01-22,12.92,12.92,12.54,12.66,12.98,6278719.0,79406142.18,-0.024653312788906034,-0.024653312788906034,-0.024962294559913834,PASS,2026-08-16T10:34:12Z,D20260816.01
02618.HK,HK,equity,2025-01-23,12.66,12.9,12.56,12.62,12.66,4594198.0,58171273.66,-0.003159557661927437,-0.003159557661927437,-0.003164559602963137,PASS,2026-08-16T10:34:12Z,D20260816.01
02618.HK,HK,equity,2025-01-24,12.74,13.0,12.66,13.0,12.62,9670581.0,124382544.9,0.030110935023771823,0.030110935023771823,0.029666500348469668,PASS,2026-08-16T10:34:12Z,D20260816.01
02618.HK,HK,equity,2025-01-27,13.08,13.52,13.04,13.22,13.0,8999838.0,119637950.82,0.01692307692307704,0.01692307692307704,0.016781476962003605,PASS,2026-08-16T10:34:12Z,D20260816.01
02618.HK,HK,equity,2025-01-28,13.32,13.36,12.9,13.34,13.22,3024320.0,39931195.2,0.009077155824508187,0.009077155824508187,0.0090362060639373,PASS,2026-08-16T10:34:12Z,D20260816.01
02618.HK,HK,equity,2025-02-03,13.3,13.34,12.58,12.84,13.34,6459909.0,82603651.34,-0.03748125937031488,-0.03748125937031488,-0.03820174222566258,PASS,2026-08-16T10:34:12Z,D20260816.01
02618.HK,HK,equity,2025-02-04,12.9,13.3,12.82,13.3,12.84,7187974.0,94076527.7,0.03582554517133962,0.03582554517133962,0.03519873696589302,PASS,2026-08-16T10:34:12Z,D20260816.01
02618.HK,HK,equity,2025-02-05,13.18,13.24,12.88,13.0,13.3,8886503.0,115720527.64,-0.022556390977443663,-0.022556390977443663,-0.0228146777661714,PASS,2026-08-16T10:34:12Z,D20260816.01
02618.HK,HK,equity,2025-02-06,12.92,13.12,12.76,13.0,13.0,8826747.0,113993467.74,0.0,0.0,0.0,PASS,2026-08-16T10:34:12Z,D20260816.01
02618.HK,HK,equity,2025-02-07,13.0,13.14,12.82,12.96,13.0,8819039.0,114857920.98,-0.003076923076922977,-0.003076923076922977,-0.0030816665374080007,PASS,2026-08-16T10:34:12Z,D20260816.01
02618.HK,HK,equity,2025-02-10,12.9,13.6,12.84,13.52,12.96,12499784.0,166175176.52,0.043209876543209846,0.043209876543209846,0.04230237969068937,PASS,2026-08-16T10:34:12Z,D20260816.01
02618.HK,HK,equity,2025-02-11,13.7,14.06,13.4,13.82,13.52,13255386.0,183350876.84,0.022189349112426093,0.022189349112426093,0.021946747724705864,PASS,2026-08-16T10:34:12Z,D20260816.01
02618.HK,HK,equity,2025-02-12,14.14,14.68,14.12,14.5,13.82,28249403.0,410107201.3,0.04920405209840806,0.04920405209840806,0.04803183108700484,PASS,2026-08-16T10:34:12Z,D20260816.01
02618.HK,HK,equity,2025-02-13,14.72,15.12,14.28,14.4,14.5,19292444.0,283247371.0,-0.006896551724137945,-0.006896551724137945,-0.006920442844573795,PASS,2026-08-16T10:34:12Z,D20260816.01
02618.HK,HK,equity,2025-02-14,14.62,15.0,14.5,14.9,14.4,13672674.0,201933403.18,0.03472222222222232,0.03472222222222232,0.03413300636945862,PASS,2026-08-16T10:34:12Z,D20260816.01
02618.HK,HK,equity,2025-02-17,15.02,15.06,14.02,14.28,14.9,13561219.0,195338893.96,-0.041610738255033586,-0.041610738255033586,-0.042501256039975156,PASS,2026-08-16T10:34:12Z,D20260816.01
02618.HK,HK,equity,2025-02-18,14.34,14.56,14.16,14.44,14.28,7718270.0,110866833.24,0.011204481792717047,0.011204481792717047,0.011142176553241803,PASS,2026-08-16T10:34:12Z,D20260816.01
02618.HK,HK,equity,2025-02-19,14.36,14.36,13.82,13.94,14.44,14179491.0,198161857.2,-0.03462603878116344,-0.03462603878116344,-0.03523972813230235,PASS,2026-08-16T10:34:12Z,D20260816.01
02618.HK,HK,equity,2025-02-20,14.0,14.2,13.62,13.98,13.94,10799219.0,150873023.52,0.0028694404591105283,0.0028694404591105283,0.002865331473286427,PASS,2026-08-16T10:34:12Z,D20260816.01
02618.HK,HK,equity,2025-02-21,14.24,14.86,14.2,14.76,13.98,16604902.0,241534537.04,0.05579399141630903,0.05579399141630903,0.054293082366662256,PASS,2026-08-16T10:34:12Z,D20260816.01
02618.HK,HK,equity,2025-02-24,14.78,14.8,14.36,14.62,14.76,10014724.0,145743844.18,-0.009485094850948506,-0.009485094850948506,-0.009530364850693989,PASS,2026-08-16T10:34:12Z,D20260816.01
02618.HK,HK,equity,2025-02-25,13.8,14.66,13.8,14.32,14.62,11785309.0,168759716.28,-0.020519835841313228,-0.020519835841313228,-0.020733292789132846,PASS,2026-08-16T10:34:12Z,D20260816.01
02618.HK,HK,equity,2025-02-26,14.5,15.0,14.38,14.82,14.32,13492881.0,199767385.7,0.034916201117318524,0.034916201117318524,0.03432045833544136,PASS,2026-08-16T10:34:12Z,D20260816.01
02618.HK,HK,equity,2025-02-27,14.84,14.98,14.34,14.62,14.82,10902221.0,159172811.8,-0.013495276653171406,-0.013495276653171406,-0.0135871655463084,PASS,2026-08-16T10:34:12Z,D20260816.01
02618.HK,HK,equity,2025-02-28,14.6,14.6,13.74,13.92,14.62,13613317.0,190579141.4,-0.0478796169630642,-0.0478796169630642,-0.04906379941535875,PASS,2026-08-16T10:34:12Z,D20260816.01
02618.HK,HK,equity,2025-03-03,13.94,14.38,13.9,14.06,13.92,9158042.0,129223657.14,0.010057471264367956,0.010057471264367956,0.010007231476245396,PASS,2026-08-16T10:34:12Z,D20260816.01
02618.HK,HK,equity,2025-03-04,13.88,14.64,13.72,14.56,14.06,8839740.0,126447534.84,0.03556187766714092,0.03556187766714092,0.03494415638602116,PASS,2026-08-16T10:34:12Z,D20260816.01
02618.HK,HK,equity,2025-03-05,14.7,15.36,14.66,15.24,14.56,19174092.0,290607719.86,0.04670329670329676,0.04670329670329676,0.04564550748996036,PASS,2026-08-16T10:34:12Z,D20260816.01
02618.HK,HK,equity,2025-03-06,15.5,15.64,15.14,15.46,15.24,23672917.0,364658559.32,0.014435695538057791,0.014435695538057791,0.014332492900775736,PASS,2026-08-16T10:34:12Z,D20260816.01
02618.HK,HK,equity,2025-03-07,14.8,14.8,13.2,13.2,15.46,110761456.0,1529142034.14,-0.14618369987063395,-0.14618369987063395,-0.1580392135669508,PASS,2026-08-16T10:34:12Z,D20260816.01
02618.HK,HK,equity,2025-03-10,13.32,13.54,12.96,13.12,13.2,32607977.0,431699808.42,-0.0060606060606061,-0.0060606060606061,-0.006079046076382226,PASS,2026-08-16T10:34:12Z,D20260816.01
02618.HK,HK,equity,2025-03-11,12.88,13.82,12.82,13.74,13.12,32523907.0,439621251.54,0.04725609756097571,0.04725609756097571,0.04617350327826039,PASS,2026-08-16T10:34:12Z,D20260816.01
02618.HK,HK,equity,2025-03-12,13.82,13.88,13.18,13.32,13.74,16316398.0,220297862.2,-0.03056768558951961,-0.03056768558951961,-0.031044621681960163,PASS,2026-08-16T10:34:12Z,D20260816.01
02618.HK,HK,equity,2025-03-13,13.38,13.4,13.04,13.36,13.32,15388120.0,203225399.36,0.0030030030030030463,0.0030030030030030463,0.002998502996256633,PASS,2026-08-16T10:34:12Z,D20260816.01
02618.HK,HK,equity,2025-03-14,13.44,13.54,13.32,13.46,13.36,15982189.0,214933241.12,0.007485029940119903,0.007485029940119903,0.00745715610808222,PASS,2026-08-16T10:34:12Z,D20260816.01
02618.HK,HK,equity,2025-03-17,13.58,13.68,13.2,13.52,13.46,13100519.0,177363722.88,0.004457652303120341,0.004457652303120341,0.00444774639823627,PASS,2026-08-16T10:34:12Z,D20260816.01
02618.HK,HK,equity,2025-03-18,13.86,13.86,13.58,13.82,13.52,18836992.0,258837797.82,0.022189349112426093,0.022189349112426093,0.021946747724705864,PASS,2026-08-16T10:34:12Z,D20260816.01
02618.HK,HK,equity,2025-03-19,13.78,13.84,13.56,13.68,13.82,9758312.0,133226761.62,-0.01013024602026058,-0.01013024602026058,-0.010181906145119525,PASS,2026-08-16T10:34:12Z,D20260816.01
02618.HK,HK,equity,2025-03-20,13.68,13.68,13.32,13.34,13.68,12248624.0,164616508.4,-0.024853801169590684,-0.024853801169590684,-0.025167871706926786,PASS,2026-08-16T10:34:12Z,D20260816.01
02618.HK,HK,equity,2025-03-21,13.32,13.34,12.8,13.06,13.34,18093495.0,235618429.56,-0.020989505247376306,-0.020989505247376306,-0.02121291663919265,PASS,2026-08-16T10:34:12Z,D20260816.01
02618.HK,HK,equity,2025-03-24,13.1,13.16,12.78,13.06,13.06,7907819.0,102143651.82,0.0,0.0,0.0,PASS,2026-08-16T10:34:12Z,D20260816.01
02618.HK,HK,equity,2025-03-25,13.0,13.02,12.74,12.74,13.06,8614087.0,110580445.62,-0.024502297090352232,-0.024502297090352232,-0.024807473704267727,PASS,2026-08-16T10:34:12Z,D20260816.01
02618.HK,HK,equity,2025-03-26,12.82,13.04,12.8,13.0,12.74,7712662.0,99768592.86,0.020408163265306145,0.020408163265306145,0.02020270731751947,PASS,2026-08-16T10:34:12Z,D20260816.01
02618.HK,HK,equity,2025-03-27,13.1,13.1,12.82,12.96,13.0,5169253.0,67037784.84,-0.003076923076922977,-0.003076923076922977,-0.0030816665374080007,PASS,2026-08-16T10:34:12Z,D20260816.01
02618.HK,HK,equity,2025-03-28,13.0,13.14,12.72,12.86,12.96,6501665.0,83854808.2,-0.007716049382716195,-0.007716049382716195,-0.007745972114655453,PASS,2026-08-16T10:34:12Z,D20260816.01
02618.HK,HK,equity,2025-03-31,12.78,12.78,12.42,12.56,12.86,9004272.0,113012079.44,-0.023328149300155476,-0.023328149300155476,-0.023604557769420664,PASS,2026-08-16T10:34:12Z,D20260816.01
02618.HK,HK,equity,2025-04-01,12.64,12.88,12.54,12.76,12.56,6876474.0,87636504.46,0.015923566878980777,0.015923566878980777,0.015798116876591092,PASS,2026-08-16T10:34:12Z,D20260816.01
02618.HK,HK,equity,2025-04-02,12.8,12.84,12.52,12.68,12.76,12051889.0,152368169.36,-0.006269592476489061,-0.006269592476489061,-0.00628932890756399,PASS,2026-08-16T10:34:12Z,D20260816.01
02618.HK,HK,equity,2025-04-03,12.38,12.56,12.18,12.4,12.68,9324636.0,115248297.98,-0.02208201892744477,-0.02208201892744477,-0.022329476398088657,PASS,2026-08-16T10:34:12Z,D20260816.01
02618.HK,HK,equity,2025-04-07,11.5,11.62,10.08,10.3,12.4,34652510.0,371408027.14,-0.16935483870967738,-0.16935483870967738,-0.18555257737540104,PASS,2026-08-16T10:34:12Z,D20260816.01
02618.HK,HK,equity,2025-04-08,10.34,10.86,10.34,10.86,10.3,21363304.0,228399450.36,0.05436893203883475,0.05436893203883475,0.052942419270199104,PASS,2026-08-16T10:34:12Z,D20260816.01
02618.HK,HK,equity,2025-04-09,10.5,11.2,10.26,11.16,10.86,17625934.0,189120776.92,0.027624309392265234,0.027624309392265234,0.02724964244737554,PASS,2026-08-16T10:34:12Z,D20260816.01
02618.HK,HK,equity,2025-04-10,11.58,11.58,11.2,11.38,11.16,11860181.0,135481477.7,0.01971326164874565,0.01971326164874565,0.01952147174502011,PASS,2026-08-16T10:34:12Z,D20260816.01
02618.HK,HK,equity,2025-04-11,11.22,11.7,11.2,11.62,11.38,10319649.0,118852907.86,0.021089630931458547,0.021089630931458547,0.02087032272558016,PASS,2026-08-16T10:34:12Z,D20260816.01
02618.HK,HK,equity,2025-04-14,12.0,12.26,11.9,11.98,11.62,10078032.0,121297510.84,0.030981067125645634,0.030981067125645634,0.03051084126353831,PASS,2026-08-16T10:34:12Z,D20260816.01
02618.HK,HK,equity,2025-04-15,12.08,12.18,11.8,11.96,11.98,6023760.0,71814163.8,-0.0016694490818029983,-0.0016694490818029983,-0.0016708441648176058,PASS,2026-08-16T10:34:12Z,D20260816.01
02618.HK,HK,equity,2025-04-16,11.9,11.9,11.4,11.6,11.96,7998750.0,92564954.2,-0.030100334448160626,-0.030100334448160626,-0.03056265041016681,PASS,2026-08-16T10:34:12Z,D20260816.01
02618.HK,HK,equity,2025-04-17,11.56,11.76,11.4,11.7,11.6,5579625.0,65032227.07,0.008620689655172376,0.008620689655172376,0.008583743691391435,PASS,2026-08-16T10:34:12Z,D20260816.01
02618.HK,HK,equity,2025-04-22,11.88,12.0,11.52,11.92,11.7,9202272.0,109299858.56,0.01880341880341896,0.01880341880341896,0.018628819833493418,PASS,2026-08-16T10:34:12Z,D20260816.01
02618.HK,HK,equity,2025-04-23,12.12,12.24,12.0,12.14,11.92,11199142.0,135525132.3,0.01845637583892623,0.01845637583892623,0.01828812399414856,PASS,2026-08-16T10:34:12Z,D20260816.01
02618.HK,HK,equity,2025-04-24,12.16,12.2,11.78,11.94,12.14,6697959.0,80004331.94,-0.016474464579901205,-0.016474464579901205,-0.016611677666896228,PASS,2026-08-16T10:34:12Z,D20260816.01
02618.HK,HK,equity,2025-04-25,11.9,12.08,11.66,11.76,11.94,8044885.0,95571758.24,-0.015075376884422065,-0.015075376884422065,-0.01519016549397512,PASS,2026-08-16T10:34:12Z,D20260816.01
02618.HK,HK,equity,2025-04-28,11.72,12.0,11.72,11.9,11.76,4756945.0,56608858.2,0.011904761904761862,0.011904761904761862,0.011834457647002798,PASS,2026-08-16T10:34:12Z,D20260816.01
02618.HK,HK,equity,2025-04-29,11.9,12.08,11.78,11.96,11.9,6886941.0,82367936.1,0.005042016806722671,0.005042016806722671,0.0050293484050019585,PASS,2026-08-16T10:34:12Z,D20260816.01
02618.HK,HK,equity,2025-04-30,12.0,12.24,11.86,12.24,11.96,8141328.0,99024899.2,0.02341137123745818,0.02341137123745818,0.02314152856169433,PASS,2026-08-16T10:34:12Z,D20260816.01
02618.HK,HK,equity,2025-05-02,12.26,12.28,12.02,12.18,12.24,3313310.0,40366076.1,-0.004901960784313819,-0.004901960784313819,-0.004914014802429152,PASS,2026-08-16T10:34:12Z,D20260816.01
02618.HK,HK,equity,2025-05-06,12.26,12.44,12.2,12.24,12.18,6772534.0,83190648.04,0.0049261083743843415,0.0049261083743843415,0.004914014802429163,PASS,2026-08-16T10:34:12Z,D20260816.01
02618.HK,HK,equity,2025-05-07,12.48,12.54,12.24,12.28,12.24,7333892.0,90561171.26,0.0032679738562091387,0.0032679738562091387,0.0032626456348163694,PASS,2026-08-16T10:34:12Z,D20260816.01
02618.HK,HK,equity,2025-05-08,12.3,12.38,12.14,12.2,12.28,8795967.0,107427526.02,-0.006514657980456029,-0.006514657980456029,-0.006535970979785533,PASS,2026-08-16T10:34:12Z,D20260816.01
02618.HK,HK,equity,2025-05-09,12.2,12.22,12.02,12.22,12.2,5857247.0,71088384.88,0.0016393442622952836,0.0016393442622952836,0.0016380020042385914,PASS,2026-08-16T10:34:12Z,D20260816.01
02618.HK,HK,equity,2025-05-12,12.44,12.6,12.26,12.54,12.22,14330683.0,177711354.0,0.026186579378068675,0.026186579378068675,0.02584958146132531,PASS,2026-08-16T10:34:12Z,D20260816.01
02618.HK,HK,equity,2025-05-13,12.5,12.52,12.14,12.24,12.54,9763696.0,119527701.26,-0.023923444976076458,-0.023923444976076458,-0.024214258120594512,PASS,2026-08-16T10:34:12Z,D20260816.01
02618.HK,HK,equity,2025-05-14,12.02,12.14,11.64,11.76,12.24,32846159.0,387372773.98,-0.03921568627450989,-0.03921568627450989,-0.04000533461369925,PASS,2026-08-16T10:34:12Z,D20260816.01
02618.HK,HK,equity,2025-05-15,11.78,11.84,11.58,11.62,11.76,14034717.0,163800756.16,-0.011904761904761973,-0.011904761904761973,-0.011976191046715762,PASS,2026-08-16T10:34:12Z,D20260816.01
02618.HK,HK,equity,2025-05-16,11.58,11.68,11.42,11.64,11.62,10858444.0,125115027.12,0.001721170395869276,0.001721170395869276,0.001719690879526679,PASS,2026-08-16T10:34:12Z,D20260816.01
02618.HK,HK,equity,2025-05-19,11.66,11.84,11.52,11.76,11.64,8462454.0,99373102.34,0.010309278350515427,0.010309278350515427,0.010256500167189061,PASS,2026-08-16T10:34:12Z,D20260816.01
02618.HK,HK,equity,2025-05-20,11.84,11.96,11.62,11.92,11.76,10015210.0,118596362.9,0.013605442176870763,0.013605442176870763,0.013513719166722855,PASS,2026-08-16T10:34:12Z,D20260816.01
02618.HK,HK,equity,2025-05-21,11.92,11.96,11.78,11.84,11.92,7398138.0,87775930.764,-0.006711409395973145,-0.006711409395973145,-0.006734032181344068,PASS,2026-08-16T10:34:12Z,D20260816.01
02618.HK,HK,equity,2025-05-22,11.86,11.86,11.5,11.5,11.84,10648285.0,123356233.74,-0.028716216216216228,-0.028716216216216228,-0.029136594086655254,PASS,2026-08-16T10:34:12Z,D20260816.01
02618.HK,HK,equity,2025-05-23,11.58,11.7,11.5,11.56,11.5,6572801.0,76131321.22,0.00521739130434784,0.00521739130434784,0.005203827875027044,PASS,2026-08-16T10:34:12Z,D20260816.01
02618.HK,HK,equity,2025-05-26,11.56,11.8,11.5,11.78,11.56,7935592.0,92818887.78,0.01903114186851207,0.01903114186851207,0.018852314979209195,PASS,2026-08-16T10:34:12Z,D20260816.01
02618.HK,HK,equity,2025-05-27,11.84,11.94,11.72,11.82,11.78,5744479.0,67891852.04,0.00339558573853993,0.00339558573853993,0.003389833754511524,PASS,2026-08-16T10:34:12Z,D20260816.01
02618.HK,HK,equity,2025-05-28,11.9,12.36,11.86,12.18,11.82,17062657.0,207670771.08,0.030456852791878042,0.030456852791878042,0.0300022503037987,PASS,2026-08-16T10:34:12Z,D20260816.01
02618.HK,HK,equity,2025-05-29,12.2,12.64,12.18,12.54,12.18,15804084.0,196928595.46,0.029556650246305383,0.029556650246305383,0.029128272923023637,PASS,2026-08-16T10:34:12Z,D20260816.01
02618.HK,HK,equity,2025-05-30,12.56,12.88,12.38,12.44,12.54,20453243.0,257028494.5,-0.00797448165869219,-0.00797448165869219,-0.008006447893741256,PASS,2026-08-16T10:34:12Z,D20260816.01
02618.HK,HK,equity,2025-06-02,12.44,12.44,11.76,12.0,12.44,4478010.0,53413746.47,-0.03536977491961413,-0.03536977491961413,-0.036010437523033054,PASS,2026-08-16T10:34:12Z,D20260816.01
02618.HK,HK,equity,2025-06-03,12.4,12.4,12.08,12.12,12.0,8089717.0,98483100.26,0.010000000000000009,0.010000000000000009,0.009950330853168092,PASS,2026-08-16T10:34:12Z,D20260816.01
02618.HK,HK,equity,2025-06-04,12.26,12.26,12.02,12.2,12.12,7444142.0,90516147.6,0.0066006600660066805,0.0066006600660066805,0.0065789710980425605,PASS,2026-08-16T10:34:12Z,D20260816.01
02618.HK,HK,equity,2025-06-05,12.22,12.3,12.12,12.22,12.2,6224532.0,75978107.74,0.0016393442622952836,0.0016393442622952836,0.0016380020042385914,PASS,2026-08-16T10:34:12Z,D20260816.01
02618.HK,HK,equity,2025-06-06,12.24,12.3,12.0,12.16,12.22,6695364.0,81258074.9,-0.004909983633387904,-0.004909983633387904,-0.004922077205428332,PASS,2026-08-16T10:34:12Z,D20260816.01
02618.HK,HK,equity,2025-06-09,12.22,12.48,12.14,12.38,12.16,9041606.0,111530306.36,0.018092105263157965,0.018092105263157965,0.017930390718429164,PASS,2026-08-16T10:34:12Z,D20260816.01
02618.HK,HK,equity,2025-06-10,12.56,12.58,12.2,12.4,12.38,5417716.0,66904456.34,0.001615508885298933,0.001615508885298933,0.001614205354541201,PASS,2026-08-16T10:34:12Z,D20260816.01
02618.HK,HK,equity,2025-06-11,12.42,12.52,12.32,12.5,12.4,7380454.0,91944563.46,0.008064516129032251,0.008064516129032251,0.008032171697264253,PASS,2026-08-16T10:34:12Z,D20260816.01
02618.HK,HK,equity,2025-06-12,12.52,12.64,12.32,12.58,12.5,8384855.0,104869522.52,0.006399999999999961,0.006399999999999961,0.006379606964038988,PASS,2026-08-16T10:34:12Z,D20260816.01
02618.HK,HK,equity,2025-06-13,12.38,12.5,12.14,12.26,12.58,10301439.0,126455083.48,-0.025437201907790197,-0.025437201907790197,-0.02576632076422918,PASS,2026-08-16T10:34:12Z,D20260816.01
02618.HK,HK,equity,2025-06-16,12.26,12.46,12.16,12.44,12.26,7482602.0,92199391.0,0.014681892332789603,0.014681892332789603,0.014575156802968087,PASS,2026-08-16T10:34:12Z,D20260816.01
02618.HK,HK,equity,2025-06-17,12.44,12.6,12.2,12.28,12.44,5998248.0,73916266.42,-0.012861736334405127,-0.012861736334405127,-0.012945164592036963,PASS,2026-08-16T10:34:12Z,D20260816.01
02618.HK,HK,equity,2025-06-18,12.2,12.22,11.86,11.96,12.28,10894659.0,130177545.1,-0.026058631921824005,-0.026058631921824005,-0.026404174196510626,PASS,2026-08-16T10:34:12Z,D20260816.01
02618.HK,HK,equity,2025-06-19,11.84,11.94,11.54,11.54,11.96,7592744.0,88585716.52,-0.03511705685618738,-0.03511705685618738,-0.03574848744253226,PASS,2026-08-16T10:34:12Z,D20260816.01
02618.HK,HK,equity,2025-06-20,11.58,12.04,11.58,11.96,11.54,18735743.0,223355829.26,0.036395147313691645,0.036395147313691645,0.035748487442532305,PASS,2026-08-16T10:34:12Z,D20260816.01
02618.HK,HK,equity,2025-06-23,11.94,12.0,11.74,12.0,11.96,8260688.0,98408138.13,0.0033444816053511683,0.0033444816053511683,0.0033389012655146303,PASS,2026-08-16T10:34:12Z,D20260816.01
02618.HK,HK,equity,2025-06-24,12.06,12.36,12.04,12.3,12.0,8154553.0,99976971.2,0.025000000000000133,0.025000000000000133,0.02469261259037163,PASS,2026-08-16T10:34:12Z,D20260816.01
02618.HK,HK,equity,2025-06-25,12.42,13.5,12.4,13.18,12.3,56204997.0,741575377.22,0.07154471544715446,0.07154471544715446,0.06910126669598934,PASS,2026-08-16T10:34:12Z,D20260816.01
02618.HK,HK,equity,2025-06-26,13.22,13.24,12.6,12.66,13.18,16089220.0,206365510.06,-0.039453717754172946,-0.039453717754172946,-0.040253112358330984,PASS,2026-08-16T10:34:12Z,D20260816.01
02618.HK,HK,equity,2025-06-27,12.86,13.32,12.68,13.08,12.66,20412607.0,267125437.4,0.033175355450236976,0.033175355450236976,0.03263692931302253,PASS,2026-08-16T10:34:12Z,D20260816.01
02618.HK,HK,equity,2025-06-30,13.32,13.5,13.02,13.14,13.08,14453017.0,190393139.72,0.004587155963302836,0.004587155963302836,0.0045766670274118935,PASS,2026-08-16T10:34:12Z,D20260816.01
02618.HK,HK,equity,2025-07-02,13.24,13.34,12.94,13.0,13.14,11878453.0,155153914.78,-0.010654490106544956,-0.010654490106544956,-0.010711655594927772,PASS,2026-08-16T10:34:12Z,D20260816.01
02618.HK,HK,equity,2025-07-03,12.98,13.2,12.82,13.14,13.0,9231944.0,120138378.54,0.010769230769230864,0.010769230769230864,0.01071165559492781,PASS,2026-08-16T10:34:12Z,D20260816.01
02618.HK,HK,equity,2025-07-04,13.12,13.12,12.84,12.98,13.14,5892591.0,76168663.46,-0.0121765601217656,-0.0121765601217656,-0.012251301780520517,PASS,2026-08-16T10:34:12Z,D20260816.01
02618.HK,HK,equity,2025-07-07,12.98,13.0,12.7,12.84,12.98,5851076.0,74953335.3,-0.01078582434514641,-0.01078582434514641,-0.010844413014128853,PASS,2026-08-16T10:34:12Z,D20260816.01
02618.HK,HK,equity,2025-07-08,12.9,12.98,12.68,12.98,12.84,9799654.0,125785458.76,0.010903426791277315,0.010903426791277315,0.010844413014128876,PASS,2026-08-16T10:34:12Z,D20260816.01
02618.HK,HK,equity,2025-07-09,12.98,13.02,12.72,12.78,12.98,7494340.0,96348578.38,-0.015408320493066285,-0.015408320493066285,-0.015528262326555221,PASS,2026-08-16T10:34:12Z,D20260816.01
02618.HK,HK,equity,2025-07-10,12.78,13.2,12.72,13.16,12.78,13787731.0,180402139.84,0.029733959311424085,0.029733959311424085,0.029300476947782383,PASS,2026-08-16T10:34:12Z,D20260816.01
02618.HK,HK,equity,2025-07-11,13.28,13.48,13.14,13.18,13.16,15999992.0,213422851.08,0.001519756838905817,0.001519756838905817,0.0015186031771900596,PASS,2026-08-16T10:34:12Z,D20260816.01
02618.HK,HK,equity,2025-07-14,13.36,13.7,13.26,13.4,13.18,13413182.0,179664744.88,0.01669195751138086,0.01669195751138086,0.016554177882504507,PASS,2026-08-16T10:34:12Z,D20260816.01
02618.HK,HK,equity,2025-07-15,13.4,13.4,13.12,13.36,13.4,9503212.0,125892223.44,-0.0029850746268657025,-0.0029850746268657025,-0.0029895388483660483,PASS,2026-08-16T10:34:12Z,D20260816.01
02618.HK,HK,equity,2025-07-16,13.26,13.82,13.26,13.36,13.36,12467738.0,168619902.58,0.0,0.0,0.0,PASS,2026-08-16T10:34:12Z,D20260816.01
02618.HK,HK,equity,2025-07-17,13.54,13.58,13.38,13.54,13.36,6816190.0,92067695.1,0.013473053892215647,0.013473053892215647,0.013383099375629344,PASS,2026-08-16T10:34:12Z,D20260816.01
02618.HK,HK,equity,2025-07-18,13.7,13.9,13.58,13.88,13.54,13262271.0,182536719.34,0.02511078286558366,0.02511078286558366,0.024800687594529705,PASS,2026-08-16T10:34:12Z,D20260816.01
02618.HK,HK,equity,2025-07-21,13.9,14.02,13.74,14.02,13.88,8798424.0,122820664.36,0.010086455331411948,0.010086455331411948,0.010035926527785434,PASS,2026-08-16T10:34:12Z,D20260816.01
02618.HK,HK,equity,2025-07-22,14.04,14.04,13.66,13.78,14.02,9128799.0,125687465.7,-0.01711840228245365,-0.01711840228245365,-0.017266616020931533,PASS,2026-08-16T10:34:12Z,D20260816.01
02618.HK,HK,equity,2025-07-23,13.92,13.92,13.62,13.92,13.78,11183936.0,154027806.18,0.010159651669085612,0.010159651669085612,0.010108389320761057,PASS,2026-08-16T10:34:12Z,D20260816.01
02618.HK,HK,equity,2025-07-24,13.9,14.08,13.8,14.0,13.92,8803792.0,122930507.16,0.005747126436781658,0.005747126436781658,0.0057306747089850745,PASS,2026-08-16T10:34:12Z,D20260816.01
02618.HK,HK,equity,2025-07-25,13.98,14.36,13.84,14.28,14.0,15280479.0,217756662.74,0.020000000000000018,0.020000000000000018,0.01980262729617973,PASS,2026-08-16T10:34:12Z,D20260816.01
02618.HK,HK,equity,2025-07-28,14.4,14.54,14.08,14.2,14.28,8901299.0,127128491.98,-0.0056022408963585235,-0.0056022408963585235,-0.005617992304223261,PASS,2026-08-16T10:34:12Z,D20260816.01
02618.HK,HK,equity,2025-07-29,14.24,14.5,14.02,14.5,14.2,13707301.0,196016020.14,0.021126760563380254,0.021126760563380254,0.020906684819313643,PASS,2026-08-16T10:34:12Z,D20260816.01
02618.HK,HK,equity,2025-07-30,14.56,14.56,13.92,14.1,14.5,10119187.0,143962829.52,-0.02758620689655178,-0.02758620689655178,-0.02797385204240618,PASS,2026-08-16T10:34:12Z,D20260816.01
02618.HK,HK,equity,2025-07-31,14.1,14.14,13.56,13.66,14.1,13702721.0,188327429.7,-0.031205673758865182,-0.031205673758865182,-0.03170294324147852,PASS,2026-08-16T10:34:12Z,D20260816.01
02618.HK,HK,equity,2025-08-01,13.66,14.06,13.58,13.74,13.66,13495552.0,187109574.38,0.005856515373352966,0.005856515373352966,0.005839432651559387,PASS,2026-08-16T10:34:12Z,D20260816.01
02618.HK,HK,equity,2025-08-04,13.74,13.84,13.52,13.83,13.74,5551281.0,76042254.09,0.0065502183406114245,0.0065502183406114245,0.006528858882463631,PASS,2026-08-16T10:34:12Z,D20260816.01
02618.HK,HK,equity,2025-08-05,13.9,13.93,13.73,13.91,13.83,3352089.0,46356627.3,0.005784526391901634,0.005784526391901634,0.005767860258684671,PASS,2026-08-16T10:34:12Z,D20260816.01
02618.HK,HK,equity,2025-08-06,13.9,13.9,13.57,13.62,13.91,8366755.0,114190150.8,-0.02084831056793679,-0.02084831056793679,-0.021068705213985288,PASS,2026-08-16T10:34:12Z,D20260816.01
02618.HK,HK,equity,2025-08-07,13.62,14.17,13.62,14.08,13.62,11527556.0,161437514.07,0.03377386196769461,0.03377386196769461,0.033216050008530076,PASS,2026-08-16T10:34:12Z,D20260816.01
02618.HK,HK,equity,2025-08-08,14.0,14.3,13.88,14.06,14.08,10358551.0,146282693.21,-0.0014204545454544748,-0.0014204545454544748,-0.0014214643473774255,PASS,2026-08-16T10:34:12Z,D20260816.01
02618.HK,HK,equity,2025-08-11,14.04,14.22,13.76,13.86,14.06,8798406.0,121741255.73,-0.01422475106685639,-0.01422475106685639,-0.014326892620761733,PASS,2026-08-16T10:34:12Z,D20260816.01
02618.HK,HK,equity,2025-08-12,13.85,13.87,13.35,13.48,13.86,12714645.0,171899745.42,-0.02741702741702734,-0.02741702741702734,-0.027799888277596118,PASS,2026-08-16T10:34:12Z,D20260816.01
02618.HK,HK,equity,2025-08-13,13.55,14.0,13.55,14.0,13.48,13062327.0,181072665.42,0.03857566765578624,0.03857566765578624,0.03785022413109753,PASS,2026-08-16T10:34:12Z,D20260816.01
02618.HK,HK,equity,2025-08-14,14.15,14.27,13.84,13.96,14.0,11450818.0,160644628.02,-0.0028571428571427804,-0.0028571428571427804,-0.0028612322810321234,PASS,2026-08-16T10:34:12Z,D20260816.01
02618.HK,HK,equity,2025-08-15,13.71,13.71,12.96,13.33,13.96,59632995.0,785375476.35,-0.045128939828080306,-0.045128939828080306,-0.04617896314360919,PASS,2026-08-16T10:34:12Z,D20260816.01
02618.HK,HK,equity,2025-08-18,13.31,13.55,13.03,13.33,13.33,23397221.0,312349789.73,0.0,0.0,0.0,PASS,2026-08-16T10:34:12Z,D20260816.01
02618.HK,HK,equity,2025-08-19,13.48,13.5,13.13,13.2,13.33,12822401.0,170124199.21,-0.009752438109527417,-0.009752438109527417,-0.009800304598292167,PASS,2026-08-16T10:34:12Z,D20260816.01
02618.HK,HK,equity,2025-08-20,13.2,13.29,13.03,13.13,13.2,11140818.0,146377844.02,-0.005303030303030143,-0.005303030303030143,-0.005317141277620191,PASS,2026-08-16T10:34:12Z,D20260816.01
02618.HK,HK,equity,2025-08-21,13.14,13.31,12.93,13.01,13.13,14299091.0,186861543.39,-0.009139375476009182,-0.009139375476009182,-0.009181395790290954,PASS,2026-08-16T10:34:12Z,D20260816.01
02618.HK,HK,equity,2025-08-22,13.03,13.06,12.84,12.99,13.01,10882517.0,140720923.9,-0.001537279016141424,-0.001537279016141424,-0.001538461841905731,PASS,2026-08-16T10:34:12Z,D20260816.01
02618.HK,HK,equity,2025-08-25,13.49,14.0,13.42,13.95,12.99,41704519.0,574588219.28,0.07390300230946867,0.07390300230946867,0.07129967758486633,PASS,2026-08-16T10:34:12Z,D20260816.01
02618.HK,HK,equity,2025-08-26,13.85,14.0,13.66,13.82,13.95,16668693.0,230893881.96,-0.009318996415770497,-0.009318996415770497,-0.009362689927850684,PASS,2026-08-16T10:34:12Z,D20260816.01
02618.HK,HK,equity,2025-08-27,13.82,13.82,13.2,13.29,13.82,22261755.0,299411114.41,-0.0383502170767005,-0.0383502170767005,-0.039104945614369946,PASS,2026-08-16T10:34:12Z,D20260816.01
02618.HK,HK,equity,2025-08-28,13.15,13.15,12.61,12.78,13.29,31223390.0,401898455.58,-0.038374717832957095,-0.038374717832957095,-0.0391304237757652,PASS,2026-08-16T10:34:12Z,D20260816.01
02618.HK,HK,equity,2025-08-29,12.93,13.06,12.83,12.83,12.78,16389351.0,211845351.44,0.00391236306729259,0.00391236306729259,0.00390472967815626,PASS,2026-08-16T10:34:12Z,D20260816.01
02618.HK,HK,equity,2025-09-01,13.01,13.1,12.82,13.08,12.83,12651788.0,164213870.44,0.019485580670304037,0.019485580670304037,0.019298167401507645,PASS,2026-08-16T10:34:12Z,D20260816.01
02618.HK,HK,equity,2025-09-02,13.15,13.19,12.89,13.0,13.08,8614618.0,112115414.94,-0.006116207951070374,-0.006116207951070374,-0.006134988567515944,PASS,2026-08-16T10:34:12Z,D20260816.01
02618.HK,HK,equity,2025-09-03,12.94,13.08,12.78,12.83,13.0,11150338.0,143517897.29,-0.013076923076923097,-0.013076923076923097,-0.013163178833991696,PASS,2026-08-16T10:34:12Z,D20260816.01
02618.HK,HK,equity,2025-09-04,12.83,12.9,12.65,12.7,12.83,10738235.0,136711007.29,-0.010132501948558081,-0.010132501948558081,-0.010184185162999486,PASS,2026-08-16T10:34:12Z,D20260816.01
02618.HK,HK,equity,2025-09-05,12.82,13.1,12.8,13.09,12.7,44677183.0,583735955.34,0.03070866141732287,0.03070866141732287,0.030246586457263004,PASS,2026-08-16T10:34:12Z,D20260816.01
02618.HK,HK,equity,2025-09-08,13.13,13.56,13.1,13.53,13.09,38727173.0,514012697.95,0.03361344537815114,0.03361344537815114,0.033060862260887995,PASS,2026-08-16T10:34:12Z,D20260816.01
02618.HK,HK,equity,2025-09-09,13.7,13.7,13.2,13.26,13.53,16864367.0,225825100.52,-0.019955654101995512,-0.019955654101995512,-0.02015745742498017,PASS,2026-08-16T10:34:12Z,D20260816.01
02618.HK,HK,equity,2025-09-10,13.26,14.2,13.25,13.85,13.26,37564088.0,516500563.83,0.044494720965309265,0.044494720965309265,0.04353324787563112,PASS,2026-08-16T10:34:12Z,D20260816.01
02618.HK,HK,equity,2025-09-11,13.71,13.73,13.46,13.64,13.85,18441075.0,250453929.23,-0.015162454873646092,-0.015162454873646092,-0.015278580218031346,PASS,2026-08-16T10:34:12Z,D20260816.01
02618.HK,HK,equity,2025-09-12,13.9,13.9,13.64,13.75,13.64,14853864.0,204072739.9,0.008064516129032251,0.008064516129032251,0.008032171697264253,PASS,2026-08-16T10:34:12Z,D20260816.01
02618.HK,HK,equity,2025-09-15,13.6,13.65,13.45,13.53,13.75,13808478.0,186947533.54,-0.016000000000000014,-0.016000000000000014,-0.016129381929883644,PASS,2026-08-16T10:34:12Z,D20260816.01
02618.HK,HK,equity,2025-09-16,13.64,13.9,13.51,13.66,13.53,11765966.0,160928293.06,0.009608277900960971,0.009608277900960971,0.009562411959947476,PASS,2026-08-16T10:34:12Z,D20260816.01
02618.HK,HK,equity,2025-09-17,13.67,13.99,13.67,13.95,13.66,19174153.0,266475006.55,0.021229868228404003,0.021229868228404003,0.021007654124730536,PASS,2026-08-16T10:34:12Z,D20260816.01
02618.HK,HK,equity,2025-09-18,13.95,14.05,13.58,13.73,13.95,22523316.0,311338837.31,-0.01577060931899632,-0.01577060931899632,-0.01589628848749486,PASS,2026-08-16T10:34:12Z,D20260816.01
02618.HK,HK,equity,2025-09-19,13.73,14.2,13.6,13.87,13.73,22495918.0,313808865.69,0.010196649672250535,0.010196649672250535,0.010145014546860528,PASS,2026-08-16T10:34:12Z,D20260816.01
02618.HK,HK,equity,2025-09-22,13.8,13.87,13.32,13.4,13.87,17056182.0,229700692.52,-0.0338860850757029,-0.0338860850757029,-0.034473527369874475,PASS,2026-08-16T10:34:12Z,D20260816.01
02618.HK,HK,equity,2025-09-23,13.44,13.44,12.92,12.98,13.4,19373778.0,252715609.85,-0.0313432835820896,-0.0313432835820896,-0.0318449956809218,PASS,2026-08-16T10:34:12Z,D20260816.01
02618.HK,HK,equity,2025-09-24,12.95,12.99,12.85,12.97,12.98,16534180.0,213702360.01,-0.0007704160246533309,-0.0007704160246533309,-0.0007707129475914402,PASS,2026-08-16T10:34:12Z,D20260816.01
02618.HK,HK,equity,2025-09-25,13.02,13.32,12.93,13.1,12.97,16063528.0,210944643.88,0.010023130300693905,0.010023130300693905,0.009973231878753342,PASS,2026-08-16T10:34:12Z,D20260816.01
02618.HK,HK,equity,2025-09-26,13.11,13.11,12.83,12.83,13.1,10852655.0,140166963.58,-0.020610687022900698,-0.020610687022900698,-0.020826051579560734,PASS,2026-08-16T10:34:12Z,D20260816.01
02618.HK,HK,equity,2025-09-29,12.9,13.1,12.83,13.02,12.83,12548761.0,162647803.43,0.014809041309431059,0.014809041309431059,0.014700458152878161,PASS,2026-08-16T10:34:12Z,D20260816.01
02618.HK,HK,equity,2025-09-30,13.1,13.12,12.91,13.1,13.02,13524206.0,175905448.7,0.006144393241167334,0.006144393241167334,0.006125593426682576,PASS,2026-08-16T10:34:12Z,D20260816.01
02618.HK,HK,equity,2025-10-02,12.8,13.18,12.8,12.98,13.1,11789174.0,153628378.56,-0.009160305343511421,-0.009160305343511421,-0.009202518931161894,PASS,2026-08-16T10:34:12Z,D20260816.01
02618.HK,HK,equity,2025-10-03,12.9,12.96,12.72,12.89,12.98,8422221.0,108177016.99,-0.006933744221879756,-0.006933744221879756,-0.006957894324847857,PASS,2026-08-16T10:34:12Z,D20260816.01
02618.HK,HK,equity,2025-10-06,12.89,12.89,12.67,12.67,12.89,5150706.0,65504813.22,-0.01706749418153608,-0.01706749418153608,-0.017214822618048343,PASS,2026-08-16T10:34:12Z,D20260816.01
02618.HK,HK,equity,2025-10-08,12.67,12.67,12.18,12.55,12.67,9901770.0,123060151.09,-0.009471191791633693,-0.009471191791633693,-0.009516328755254704,PASS,2026-08-16T10:34:12Z,D20260816.01
02618.HK,HK,equity,2025-10-09,12.67,13.12,12.67,12.99,12.55,19634505.0,254937467.71,0.035059760956175356,0.035059760956175356,0.034459165104715334,PASS,2026-08-16T10:34:12Z,D20260816.01
02618.HK,HK,equity,2025-10-10,12.9,13.08,12.83,12.91,12.99,8781511.0,113656123.39,-0.006158583525789019,-0.006158583525789019,-0.0061776258239569885,PASS,2026-08-16T10:34:12Z,D20260816.01
02618.HK,HK,equity,2025-10-13,12.5,12.58,12.14,12.52,12.91,32134707.0,398190342.98,-0.030209140201394313,-0.030209140201394313,-0.03067483918659871,PASS,2026-08-16T10:34:12Z,D20260816.01
02618.HK,HK,equity,2025-10-14,12.6,12.76,12.21,12.22,12.52,19291191.0,239754820.72,-0.023961661341852958,-0.023961661341852958,-0.024253411928503124,PASS,2026-08-16T10:34:12Z,D20260816.01
02618.HK,HK,equity,2025-10-15,12.29,12.52,12.27,12.46,12.22,10908471.0,135653179.21,0.019639934533551617,0.019639934533551617,0.01944955961585788,PASS,2026-08-16T10:34:12Z,D20260816.01
02618.HK,HK,equity,2025-10-16,12.53,12.6,12.35,12.46,12.46,9351606.0,116661588.8,0.0,0.0,0.0,PASS,2026-08-16T10:34:12Z,D20260816.01
02618.HK,HK,equity,2025-10-17,12.43,12.48,12.04,12.07,12.46,14837530.0,180870219.34,-0.031300160513643704,-0.031300160513643704,-0.031800478249866995,PASS,2026-08-16T10:34:12Z,D20260816.01
02618.HK,HK,equity,2025-10-20,12.33,12.41,12.25,12.31,12.07,9584295.0,118112042.03,0.01988400994200501,0.01988400994200501,0.019688905086922046,PASS,2026-08-16T10:34:12Z,D20260816.01
02618.HK,HK,equity,2025-10-21,12.32,12.66,12.32,12.54,12.31,10696168.0,134462887.88,0.018683996750609166,0.018683996750609166,0.0185115950084124,PASS,2026-08-16T10:34:12Z,D20260816.01
02618.HK,HK,equity,2025-10-22,12.44,12.52,12.37,12.42,12.54,6863782.0,85321559.57,-0.009569377990430561,-0.009569377990430561,-0.00961545869944187,PASS,2026-08-16T10:34:12Z,D20260816.01
02618.HK,HK,equity,2025-10-23,12.42,12.76,12.3,12.67,12.42,12435258.0,156258510.1,0.020128824476650653,0.020128824476650653,0.019928917827715064,PASS,2026-08-16T10:34:12Z,D20260816.01
02618.HK,HK,equity,2025-10-24,12.79,12.82,12.55,12.61,12.67,6843236.0,86468263.72,-0.0047355958958169575,-0.0047355958958169575,-0.004746844356219562,PASS,2026-08-16T10:34:12Z,D20260816.01
02618.HK,HK,equity,2025-10-27,12.82,12.93,12.7,12.75,12.61,9820576.0,125572912.43,0.011102299762093537,0.011102299762093537,0.011041121627606924,PASS,2026-08-16T10:34:12Z,D20260816.01
02618.HK,HK,equity,2025-10-28,12.85,12.85,12.55,12.58,12.75,7940040.0,100373423.43,-0.013333333333333308,-0.013333333333333308,-0.013423020332140661,PASS,2026-08-16T10:34:12Z,D20260816.01
02618.HK,HK,equity,2025-10-30,12.71,12.75,12.47,12.57,12.58,13104543.0,165461432.36,-0.0007949125596183881,-0.0007949125596183881,-0.0007952286701383577,PASS,2026-08-16T10:34:12Z,D20260816.01
02618.HK,HK,equity,2025-10-31,12.45,12.79,12.42,12.66,12.57,15154335.0,191932694.82,0.007159904534606243,0.007159904534606243,0.007134394113874111,PASS,2026-08-16T10:34:12Z,D20260816.01
02618.HK,HK,equity,2025-11-03,12.66,12.79,12.51,12.75,12.66,7874863.0,99694655.52,0.007109004739336511,0.007109004739336511,0.007083854888405042,PASS,2026-08-16T10:34:12Z,D20260816.01
02618.HK,HK,equity,2025-11-04,12.7,12.8,12.46,12.54,12.75,6831122.0,86156144.0,-0.016470588235294237,-0.016470588235294237,-0.016607736399660636,PASS,2026-08-16T10:34:12Z,D20260816.01
02618.HK,HK,equity,2025-11-05,12.44,12.45,12.19,12.41,12.54,8554974.0,105644482.75,-0.010366826156299802,-0.010366826156299802,-0.010420935988258757,PASS,2026-08-16T10:34:12Z,D20260816.01
02618.HK,HK,equity,2025-11-06,12.49,12.57,12.34,12.55,12.41,7084128.0,88695519.64,0.011281224818694646,0.011281224818694646,0.011218066361277096,PASS,2026-08-16T10:34:12Z,D20260816.01
02618.HK,HK,equity,2025-11-07,12.49,12.49,12.25,12.31,12.55,9591470.0,118224903.06,-0.01912350597609558,-0.01912350597609558,-0.019308725381430712,PASS,2026-08-16T10:34:12Z,D20260816.01
02618.HK,HK,equity,2025-11-10,12.4,12.83,12.36,12.77,12.31,12915995.0,163642549.78,0.037367993501218555,0.037367993501218555,0.03668672984808581,PASS,2026-08-16T10:34:12Z,D20260816.01
02618.HK,HK,equity,2025-11-11,12.77,12.92,12.69,12.92,12.77,9510952.0,121988863.49,0.011746280344557603,0.011746280344557603,0.011677828310007913,PASS,2026-08-16T10:34:12Z,D20260816.01
02618.HK,HK,equity,2025-11-12,12.99,13.14,12.92,13.0,12.92,10065337.0,131122681.17,0.006191950464396356,0.006191950464396356,0.006172859107081016,PASS,2026-08-16T10:34:12Z,D20260816.01
02618.HK,HK,equity,2025-11-13,13.01,13.12,12.81,12.9,13.0,8314481.0,107567889.31,-0.007692307692307665,-0.007692307692307665,-0.007722046093910278,PASS,2026-08-16T10:34:12Z,D20260816.01
02618.HK,HK,equity,2025-11-14,12.55,12.69,12.33,12.4,12.9,22050341.0,274933007.01,-0.03875968992248058,-0.03875968992248058,-0.039530838756635205,PASS,2026-08-16T10:34:12Z,D20260816.01
02618.HK,HK,equity,2025-11-17,12.42,12.42,12.15,12.27,12.4,11498125.0,140915067.23,-0.010483870967741948,-0.010483870967741948,-0.010539213888171124,PASS,2026-08-16T10:34:12Z,D20260816.01
02618.HK,HK,equity,2025-11-18,12.27,12.32,12.03,12.05,12.27,9678128.0,117028819.07,-0.01792991035044811,-0.01792991035044811,-0.018092598786155926,PASS,2026-08-16T10:34:12Z,D20260816.01
02618.HK,HK,equity,2025-11-19,12.09,12.21,12.07,12.14,12.05,10751035.0,130464051.01,0.007468879668049766,0.007468879668049766,0.007441125694688175,PASS,2026-08-16T10:34:12Z,D20260816.01
02618.HK,HK,equity,2025-11-20,12.14,12.22,12.06,12.12,12.14,6066560.0,73582417.14,-0.0016474464579901982,-0.0016474464579901982,-0.0016488049901838935,PASS,2026-08-16T10:34:12Z,D20260816.01
02618.HK,HK,equity,2025-11-21,12.0,12.0,11.82,11.82,12.12,8820354.0,104869502.74,-0.024752475247524663,-0.024752475247524663,-0.02506396866321616,PASS,2026-08-16T10:34:12Z,D20260816.01
02618.HK,HK,equity,2025-11-24,11.98,12.02,11.83,11.95,11.82,10160353.0,121197501.55,0.010998307952622577,0.010998307952622577,0.010938266399567438,PASS,2026-08-16T10:34:12Z,D20260816.01
02618.HK,HK,equity,2025-11-25,11.96,12.08,11.95,12.03,11.95,6258077.0,75325133.86,0.006694560669456173,0.006694560669456173,0.006672251609067942,PASS,2026-08-16T10:34:12Z,D20260816.01
02618.HK,HK,equity,2025-11-26,12.06,12.28,12.06,12.23,12.03,5358940.0,65540911.62,0.01662510390689942,0.01662510390689942,0.016488419712493478,PASS,2026-08-16T10:34:12Z,D20260816.01
02618.HK,HK,equity,2025-11-27,12.24,12.29,12.17,12.22,12.23,4652577.0,56949192.77,-0.0008176614881438837,-0.0008176614881438837,-0.0008179959556316983,PASS,2026-08-16T10:34:12Z,D20260816.01
02618.HK,HK,equity,2025-11-28,12.22,12.32,12.17,12.17,12.22,3949249.0,48253723.81,-0.004091653027823328,-0.004091653027823328,-0.0041000467440135465,PASS,2026-08-16T10:34:12Z,D20260816.01
02618.HK,HK,equity,2025-12-01,12.19,12.44,12.19,12.44,12.17,7620160.0,94195901.48,0.022185702547247388,0.022185702547247388,0.021943180311597636,PASS,2026-08-16T10:34:12Z,D20260816.01
02618.HK,HK,equity,2025-12-02,12.38,12.49,12.35,12.48,12.44,5754572.0,71552507.76,0.003215434083601254,0.003215434083601254,0.0032102756302481894,PASS,2026-08-16T10:34:12Z,D20260816.01
02618.HK,HK,equity,2025-12-03,12.45,12.45,12.23,12.29,12.48,4646009.0,57075619.28,-0.015224358974359031,-0.015224358974359031,-0.015341439363338212,PASS,2026-08-16T10:34:12Z,D20260816.01
02618.HK,HK,equity,2025-12-04,12.29,12.41,12.23,12.34,12.29,4165252.0,51287417.63,0.00406834825061031,0.00406834825061031,0.00406009489929836,PASS,2026-08-16T10:34:12Z,D20260816.01
02618.HK,HK,equity,2025-12-05,12.3,12.4,12.28,12.4,12.34,5314092.0,65674188.8,0.004862236628849326,0.004862236628849326,0.00485045413374948,PASS,2026-08-16T10:34:12Z,D20260816.01
02618.HK,HK,equity,2025-12-08,12.4,12.43,12.12,12.14,12.4,6402454.0,78301973.17,-0.020967741935483897,-0.020967741935483897,-0.021190686979639002,PASS,2026-08-16T10:34:12Z,D20260816.01
02618.HK,HK,equity,2025-12-09,12.14,12.18,11.97,12.01,12.14,6865434.0,82486835.97,-0.010708401976935789,-0.010708401976935789,-0.01076614953946007,PASS,2026-08-16T10:34:12Z,D20260816.01
02618.HK,HK,equity,2025-12-10,12.01,12.09,11.92,12.01,12.01,5094067.0,61010338.75,0.0,0.0,0.0,PASS,2026-08-16T10:34:12Z,D20260816.01
02618.HK,HK,equity,2025-12-11,12.01,12.18,11.97,12.04,12.01,4406259.0,53084866.09,0.0024979184013320666,0.0024979184013320666,0.00249480378878265,PASS,2026-08-16T10:34:12Z,D20260816.01
02618.HK,HK,equity,2025-12-12,12.04,12.19,12.0,12.16,12.04,5970153.0,72284110.76,0.00996677740863805,0.00996677740863805,0.009917436657346144,PASS,2026-08-16T10:34:12Z,D20260816.01
02618.HK,HK,equity,2025-12-15,12.04,12.06,11.95,12.0,12.16,5163194.0,61972635.13,-0.013157894736842146,-0.013157894736842146,-0.01324522675002068,PASS,2026-08-16T10:34:12Z,D20260816.01
02618.HK,HK,equity,2025-12-16,11.98,12.04,11.65,11.75,12.0,9749547.0,114931518.15,-0.02083333333333337,-0.02083333333333337,-0.02105340919783238,PASS,2026-08-16T10:34:12Z,D20260816.01
02618.HK,HK,equity,2025-12-17,11.82,11.82,11.66,11.76,11.75,5275263.0,61945118.62,0.0008510638297871687,0.0008510638297871687,0.0008507018803128285,PASS,2026-08-16T10:34:12Z,D20260816.01
02618.HK,HK,equity,2025-12-18,11.71,11.76,11.57,11.67,11.76,6786135.0,78938053.07,-0.007653061224489832,-0.007653061224489832,-0.007682496172016282,PASS,2026-08-16T10:34:12Z,D20260816.01
02618.HK,HK,equity,2025-12-19,11.69,11.84,11.65,11.83,11.67,7863742.0,92648208.66,0.01371036846615259,0.01371036846615259,0.013617231691830853,PASS,2026-08-16T10:34:12Z,D20260816.01
02618.HK,HK,equity,2025-12-22,11.88,11.92,11.66,11.73,11.83,5572829.0,65490346.08,-0.008453085376162295,-0.008453085376162295,-0.00848901532491131,PASS,2026-08-16T10:34:12Z,D20260816.01
02618.HK,HK,equity,2025-12-23,11.81,11.85,11.75,11.8,11.73,4747064.0,56036047.44,0.0059676044330776445,0.0059676044330776445,0.005949868806235047,PASS,2026-08-16T10:34:12Z,D20260816.01
02618.HK,HK,equity,2025-12-24,11.8,11.82,11.69,11.79,11.8,1701897.0,20023644.21,-0.0008474576271187972,-0.0008474576271187972,-0.0008478169223396704,PASS,2026-08-16T10:34:12Z,D20260816.01
02618.HK,HK,equity,2025-12-29,11.8,11.96,11.55,11.55,11.79,9339088.0,109551141.52,-0.02035623409669196,-0.02035623409669196,-0.020566277581476857,PASS,2026-08-16T10:34:12Z,D20260816.01
02618.HK,HK,equity,2025-12-30,11.58,11.67,11.48,11.61,11.55,7444739.0,86266843.52,0.0051948051948049745,0.0051948051948049745,0.005181358741997363,PASS,2026-08-16T10:34:12Z,D20260816.01
02618.HK,HK,equity,2025-12-31,11.66,11.66,11.41,11.42,11.61,5148134.0,58989990.3,-0.01636520241171402,-0.01636520241171402,-0.01650059148193595,PASS,2026-08-16T10:34:12Z,D20260816.01
02618.HK,HK,equity,2026-01-02,11.53,11.83,11.42,11.82,11.42,3681793.0,43203783.56,0.035026269702276736,0.035026269702276736,0.03442680775008801,PASS,2026-08-16T10:34:12Z,D20260816.01
02618.HK,HK,equity,2026-01-05,11.68,11.84,11.63,11.65,11.82,11262922.0,131986227.4,-0.014382402707275754,-0.014382402707275754,-0.014486831966242517,PASS,2026-08-16T10:34:12Z,D20260816.01
02618.HK,HK,equity,2026-01-06,11.75,11.78,11.63,11.63,11.65,10391189.0,121432052.38,-0.0017167381974249052,-0.0017167381974249052,-0.0017182134811365277,PASS,2026-08-16T10:34:12Z,D20260816.01
02618.HK,HK,equity,2026-01-07,11.66,11.66,11.47,11.55,11.63,12314379.0,142047664.03,-0.006878761822871837,-0.006878761822871837,-0.006902529562770463,PASS,2026-08-16T10:34:12Z,D20260816.01
02618.HK,HK,equity,2026-01-08,11.55,11.55,11.16,11.24,11.55,21558987.0,243028510.76,-0.026839826839826886,-0.026839826839826886,-0.027206592502257577,PASS,2026-08-16T10:34:12Z,D20260816.01
02618.HK,HK,equity,2026-01-09,11.33,11.6,11.24,11.6,11.24,13532131.0,155225968.85,0.03202846975088969,0.03202846975088969,0.03152625364677395,PASS,2026-08-16T10:34:12Z,D20260816.01
02618.HK,HK,equity,2026-01-12,11.63,11.65,11.5,11.6,11.6,11435243.0,132362948.34,0.0,0.0,0.0,PASS,2026-08-16T10:34:12Z,D20260816.01
02618.HK,HK,equity,2026-01-13,11.68,11.9,11.68,11.82,11.6,12514367.0,147655514.84,0.018965517241379404,0.018965517241379404,0.01878791386563327,PASS,2026-08-16T10:34:12Z,D20260816.01
02618.HK,HK,equity,2026-01-14,11.8,11.8,11.57,11.63,11.82,19642682.0,228868338.25,-0.016074450084602288,-0.016074450084602288,-0.016205045447379,PASS,2026-08-16T10:34:12Z,D20260816.01
02618.HK,HK,equity,2026-01-15,11.69,11.8,11.54,11.68,11.63,9898630.0,115381450.28,0.004299226139294898,0.004299226139294898,0.004290010869507913,PASS,2026-08-16T10:34:12Z,D20260816.01
02618.HK,HK,equity,2026-01-16,11.76,11.77,11.48,11.51,11.68,10096105.0,116794785.47,-0.014554794520547976,-0.014554794520547976,-0.014661754666289753,PASS,2026-08-16T10:34:12Z,D20260816.01
02618.HK,HK,equity,2026-01-19,11.46,11.48,11.27,11.27,11.51,10488259.0,119077597.39,-0.020851433536055675,-0.020851433536055675,-0.021071894682106414,PASS,2026-08-16T10:34:12Z,D20260816.01
02618.HK,HK,equity,2026-01-20,11.31,11.4,11.26,11.29,11.27,6209103.0,70329895.91,0.0017746228926351915,0.0017746228926351915,0.001773050109885593,PASS,2026-08-16T10:34:12Z,D20260816.01
02618.HK,HK,equity,2026-01-21,11.21,11.42,11.2,11.37,11.29,7540723.0,85444376.26,0.007085916740478204,0.007085916740478204,0.0070609296008739275,PASS,2026-08-16T10:34:12Z,D20260816.01
02618.HK,HK,equity,2026-01-22,11.42,11.53,11.39,11.52,11.37,10527619.0,120704991.08,0.013192612137203241,0.013192612137203241,0.013106347505300583,PASS,2026-08-16T10:34:12Z,D20260816.01
02618.HK,HK,equity,2026-01-23,11.56,11.59,11.35,11.38,11.52,7391913.0,84343999.01,-0.012152777777777679,-0.012152777777777679,-0.01222722656956022,PASS,2026-08-16T10:34:12Z,D20260816.01
02618.HK,HK,equity,2026-01-26,11.42,11.45,11.21,11.29,11.38,10077822.0,113561933.24,-0.007908611599297122,-0.007908611599297122,-0.007940050536614323,PASS,2026-08-16T10:34:12Z,D20260816.01
02618.HK,HK,equity,2026-01-27,11.29,11.54,11.29,11.47,11.29,17389356.0,199244369.08,0.015943312666076404,0.015943312666076404,0.0158175529797089,PASS,2026-08-16T10:34:12Z,D20260816.01
02618.HK,HK,equity,2026-01-28,11.47,11.56,11.4,11.54,11.47,8294121.0,95346458.57,0.006102877070618851,0.006102877070618851,0.006084329938674026,PASS,2026-08-16T10:34:12Z,D20260816.01
02618.HK,HK,equity,2026-01-29,11.47,11.56,11.36,11.38,11.54,15950424.0,182219475.8,-0.013864818024263315,-0.013864818024263315,-0.013961832381768522,PASS,2026-08-16T10:34:12Z,D20260816.01
02618.HK,HK,equity,2026-01-30,11.29,11.32,11.13,11.19,11.38,13507441.0,151371780.34,-0.016695957820738294,-0.016695957820738294,-0.016836906374351156,PASS,2026-08-16T10:34:12Z,D20260816.01
02618.HK,HK,equity,2026-02-02,11.15,11.15,10.83,10.95,11.19,15436787.0,168974488.52,-0.02144772117962468,-0.02144772117962468,-0.021681066061324052,PASS,2026-08-16T10:34:12Z,D20260816.01
02618.HK,HK,equity,2026-02-03,11.1,11.18,10.86,10.93,10.95,7845784.0,86162518.41,-0.0018264840182647957,-0.0018264840182647957,-0.0018281540740625898,PASS,2026-08-16T10:34:12Z,D20260816.01
02618.HK,HK,equity,2026-02-04,11.02,11.14,10.9,11.04,10.93,8306613.0,91465345.07,0.010064043915827936,0.010064043915827936,0.010013738660502,PASS,2026-08-16T10:34:12Z,D20260816.01
02618.HK,HK,equity,2026-02-05,11.04,11.27,10.94,11.25,11.04,10251365.0,114553643.88,0.01902173913043481,0.01902173913043481,0.018843087801479915,PASS,2026-08-16T10:34:12Z,D20260816.01
02618.HK,HK,equity,2026-02-06,11.11,11.15,11.04,11.1,11.25,7356081.0,81599769.91,-0.01333333333333342,-0.01333333333333342,-0.013423020332140774,PASS,2026-08-16T10:34:12Z,D20260816.01
02618.HK,HK,equity,2026-02-09,11.27,11.38,11.2,11.29,11.1,7436270.0,83952091.23,0.017117117117117164,0.017117117117117164,0.016972269843282244,PASS,2026-08-16T10:34:12Z,D20260816.01
02618.HK,HK,equity,2026-02-10,11.3,11.57,11.3,11.48,11.29,11040179.0,126759002.94,0.016829052258636068,0.016829052258636068,0.016689012729849816,PASS,2026-08-16T10:34:12Z,D20260816.01
02618.HK,HK,equity,2026-02-11,11.6,11.63,11.46,11.52,11.48,4768790.0,55002228.23,0.0034843205574912606,0.0034843205574912606,0.0034782643763247925,PASS,2026-08-16T10:34:12Z,D20260816.01
02618.HK,HK,equity,2026-02-12,11.52,11.52,11.31,11.32,11.52,3684490.0,41805262.7,-0.01736111111111105,-0.01736111111111105,-0.017513582492708242,PASS,2026-08-16T10:34:12Z,D20260816.01
02618.HK,HK,equity,2026-02-13,11.23,11.35,11.17,11.3,11.32,5307777.0,59799828.9,-0.0017667844522968323,-0.0017667844522968323,-0.0017683470567420034,PASS,2026-08-16T10:34:12Z,D20260816.01
02618.HK,HK,equity,2026-02-16,11.3,11.5,11.11,11.27,11.3,1868417.0,20920573.75,-0.0026548672566372167,-0.0026548672566372167,-0.00265839766661,PASS,2026-08-16T10:34:12Z,D20260816.01
02618.HK,HK,equity,2026-02-20,11.26,11.26,11.08,11.14,11.27,3731678.0,41634711.24,-0.01153504880212941,-0.01153504880212941,-0.011602093552546832,PASS,2026-08-16T10:34:12Z,D20260816.01
02618.HK,HK,equity,2026-02-23,11.24,11.64,11.21,11.52,11.14,4994531.0,57590784.21,0.03411131059245953,0.03411131059245953,0.03354242076860715,PASS,2026-08-16T10:34:12Z,D20260816.01
02618.HK,HK,equity,2026-02-24,11.42,11.46,11.18,11.28,11.52,9586581.0,107959696.73,-0.02083333333333337,-0.02083333333333337,-0.02105340919783238,PASS,2026-08-16T10:34:12Z,D20260816.01
02618.HK,HK,equity,2026-02-25,11.33,11.48,11.27,11.29,11.28,5550933.0,63093378.07,0.0008865248226950229,0.0008865248226950229,0.0008861320916577982,PASS,2026-08-16T10:34:12Z,D20260816.01
02618.HK,HK,equity,2026-02-26,11.35,11.44,11.07,11.07,11.29,9794878.0,109288070.01,-0.019486271036315173,-0.019486271036315173,-0.019678631441024986,PASS,2026-08-16T10:34:12Z,D20260816.01
02618.HK,HK,equity,2026-02-27,11.09,11.23,11.06,11.17,11.07,11506777.0,128317283.35,0.009033423667569984,0.009033423667569984,0.008992866360563807,PASS,2026-08-16T10:34:12Z,D20260816.01
02618.HK,HK,equity,2026-03-02,10.99,11.02,10.82,10.85,11.17,11151699.0,121705246.65,-0.0286481647269472,-0.0286481647269472,-0.029066533094640804,PASS,2026-08-16T10:34:12Z,D20260816.01
02618.HK,HK,equity,2026-03-03,10.9,11.0,10.65,10.71,10.85,10038413.0,107914629.57,-0.012903225806451535,-0.012903225806451535,-0.012987195526811079,PASS,2026-08-16T10:34:12Z,D20260816.01
02618.HK,HK,equity,2026-03-04,10.7,10.7,10.31,10.45,10.71,14266478.0,148958810.82,-0.024276377217553824,-0.024276377217553824,-0.02457590604883753,PASS,2026-08-16T10:34:12Z,D20260816.01
02618.HK,HK,equity,2026-03-05,10.51,10.58,10.2,10.27,10.45,13116024.0,135731897.4,-0.017224880382775143,-0.017224880382775143,-0.01737495447035317,PASS,2026-08-16T10:34:12Z,D20260816.01
02618.HK,HK,equity,2026-03-06,10.93,12.66,10.9,12.63,10.27,114613462.0,1385900006.83,0.22979552093476152,0.22979552093476152,0.20684791242193296,PASS,2026-08-16T10:34:12Z,D20260816.01
02618.HK,HK,equity,2026-03-09,12.02,12.88,12.0,12.83,12.63,37101020.0,466787234.8,0.015835312747426666,0.015835312747426666,0.015711242265145225,PASS,2026-08-16T10:34:12Z,D20260816.01
02618.HK,HK,equity,2026-03-10,12.96,13.58,12.87,13.29,12.83,45057993.0,600498887.45,0.03585346843335935,0.03585346843335935,0.03522569409760894,PASS,2026-08-16T10:34:12Z,D20260816.01
02618.HK,HK,equity,2026-03-11,13.29,13.7,13.25,13.63,13.29,32088883.0,436076438.04,0.02558314522197147,0.02558314522197147,0.025261372983287348,PASS,2026-08-16T10:34:12Z,D20260816.01
02618.HK,HK,equity,2026-03-12,13.63,14.2,13.56,14.2,13.63,36274085.0,509631370.67,0.04181951577402776,0.04181951577402776,0.04096871889877369,PASS,2026-08-16T10:34:12Z,D20260816.01
02618.HK,HK,equity,2026-03-13,14.0,14.25,13.52,13.64,14.2,28493558.0,393818850.19,-0.03943661971830981,-0.03943661971830981,-0.04023531219189895,PASS,2026-08-16T10:34:12Z,D20260816.01
02618.HK,HK,equity,2026-03-16,13.58,13.87,13.38,13.54,13.64,14210757.0,193530587.43,-0.007331378299120339,-0.007331378299120339,-0.0073583849311872115,PASS,2026-08-16T10:34:12Z,D20260816.01
02618.HK,HK,equity,2026-03-17,13.57,14.19,13.56,14.0,13.54,21666931.0,303412994.83,0.033973412112260126,0.033973412112260126,0.03340906213112983,PASS,2026-08-16T10:34:12Z,D20260816.01
02618.HK,HK,equity,2026-03-18,13.99,14.49,13.81,14.41,14.0,21632415.0,311025244.07,0.02928571428571436,0.02928571428571436,0.028865080396172176,PASS,2026-08-16T10:34:12Z,D20260816.01
02618.HK,HK,equity,2026-03-19,14.2,14.33,14.05,14.13,14.41,13722308.0,194199013.6,-0.019430950728660634,-0.019430950728660634,-0.01962221331499463,PASS,2026-08-16T10:34:12Z,D20260816.01
02618.HK,HK,equity,2026-03-20,14.11,14.17,13.79,13.94,14.13,14655475.0,204833819.68,-0.013446567586695046,-0.013446567586695046,-0.013537791364058319,PASS,2026-08-16T10:34:12Z,D20260816.01
02618.HK,HK,equity,2026-03-23,13.75,13.75,13.28,13.48,13.94,19165761.0,257770264.08,-0.03299856527977041,-0.03299856527977041,-0.03355529984821681,PASS,2026-08-16T10:34:12Z,D20260816.01
02618.HK,HK,equity,2026-03-24,13.69,13.87,13.27,13.8,13.48,11932442.0,162540069.01,0.023738872403560762,0.023738872403560762,0.023461486678997966,PASS,2026-08-16T10:34:12Z,D20260816.01
02618.HK,HK,equity,2026-03-25,14.0,14.14,13.56,13.83,13.8,10071777.0,139878532.71,0.0021739130434781373,0.0021739130434781373,0.002171553513507711,PASS,2026-08-16T10:34:12Z,D20260816.01
02618.HK,HK,equity,2026-03-26,14.0,14.0,13.73,13.86,13.83,10230935.0,141716358.82,0.002169197396963085,0.002169197396963085,0.002166848085090293,PASS,2026-08-16T10:34:12Z,D20260816.01
02618.HK,HK,equity,2026-03-27,13.78,14.18,13.6,13.99,13.86,10504839.0,147423402.53,0.009379509379509487,0.009379509379509487,0.009335794915632741,PASS,2026-08-16T10:34:12Z,D20260816.01
02618.HK,HK,equity,2026-03-30,13.66,13.77,13.46,13.6,13.99,7887913.0,107053630.44,-0.027877055039313814,-0.027877055039313814,-0.028272995935383502,PASS,2026-08-16T10:34:12Z,D20260816.01
02618.HK,HK,equity,2026-03-31,13.74,13.9,13.5,13.65,13.6,10896323.0,148677532.43,0.003676470588235281,0.003676470588235281,0.0036697288889624017,PASS,2026-08-16T10:34:12Z,D20260816.01
02618.HK,HK,equity,2026-04-01,14.0,14.25,13.8,14.14,13.65,16613169.0,234123020.76,0.03589743589743599,0.03589743589743599,0.03526813883745805,PASS,2026-08-16T10:34:12Z,D20260816.01
02618.HK,HK,equity,2026-04-02,14.1,14.35,14.0,14.12,14.14,13446526.0,189602702.95,-0.0014144271570014633,-0.0014144271570014633,-0.001415428403330728,PASS,2026-08-16T10:34:12Z,D20260816.01
02618.HK,HK,equity,2026-04-08,14.5,14.8,14.1,14.41,14.12,23791730.0,343770519.99,0.02053824362606238,0.02053824362606238,0.02033017794633476,PASS,2026-08-16T10:34:12Z,D20260816.01
02618.HK,HK,equity,2026-04-09,14.41,14.6,14.21,14.45,14.41,16749322.0,242094987.95,0.002775850104094424,0.002775850104094424,0.002772004547010492,PASS,2026-08-16T10:34:12Z,D20260816.01
02618.HK,HK,equity,2026-04-10,14.45,14.58,14.28,14.44,14.45,13902186.0,201314062.28,-0.0006920415224913601,-0.0006920415224913601,-0.0006922810937610069,PASS,2026-08-16T10:34:12Z,D20260816.01
02618.HK,HK,equity,2026-04-13,14.32,14.49,14.24,14.44,14.44,5589961.0,80514468.3,0.0,0.0,0.0,PASS,2026-08-16T10:34:12Z,D20260816.01
02618.HK,HK,equity,2026-04-14,15.0,15.6,14.96,15.27,14.44,27017437.0,411856011.61,0.05747922437673125,0.05747922437673125,0.05588798576586085,PASS,2026-08-16T10:34:12Z,D20260816.01
02618.HK,HK,equity,2026-04-15,15.5,15.84,15.38,15.55,15.27,17277952.0,270224371.82,0.018336607727570398,0.018336607727570398,0.018170519394702073,PASS,2026-08-16T10:34:12Z,D20260816.01
02618.HK,HK,equity,2026-04-16,15.7,15.97,15.55,15.95,15.55,19737028.0,313017792.9,0.025723472668810254,0.025723472668810254,0.025398190605610403,PASS,2026-08-16T10:34:12Z,D20260816.01
02618.HK,HK,equity,2026-04-17,15.9,16.0,15.71,15.87,15.95,12691379.0,200803702.76,-0.005015673981191182,-0.005015673981191182,-0.0050282946925358325,PASS,2026-08-16T10:34:12Z,D20260816.01
02618.HK,HK,equity,2026-04-20,15.78,15.8,15.38,15.43,15.87,12168960.0,189501769.84,-0.027725267800882136,-0.027725267800882136,-0.028116868163248203,PASS,2026-08-16T10:34:12Z,D20260816.01
02618.HK,HK,equity,2026-04-21,15.43,15.68,15.34,15.54,15.43,15239180.0,236575692.12,0.0071289695398573105,0.0071289695398573105,0.007103678564431801,PASS,2026-08-16T10:34:12Z,D20260816.01
02618.HK,HK,equity,2026-04-22,15.54,15.63,15.38,15.59,15.54,8510783.0,132324685.75,0.003217503217503248,0.003217503217503248,0.0032123381301837994,PASS,2026-08-16T10:34:12Z,D20260816.01
02618.HK,HK,equity,2026-04-23,15.39,15.51,15.18,15.4,15.59,10794821.0,165265852.77,-0.01218729955099418,-0.01218729955099418,-0.012262173650101628,PASS,2026-08-16T10:34:12Z,D20260816.01
02618.HK,HK,equity,2026-04-24,15.42,15.42,15.0,15.14,15.4,4815398.0,72732484.77,-0.016883116883116833,-0.016883116883116833,-0.017027261410280707,PASS,2026-08-16T10:34:12Z,D20260816.01
02618.HK,HK,equity,2026-04-27,15.22,15.44,15.02,15.09,15.14,5919692.0,89817262.36,-0.0033025099075297826,-0.0033025099075297826,-0.003307975229545248,PASS,2026-08-16T10:34:12Z,D20260816.01
02618.HK,HK,equity,2026-04-28,15.31,15.31,15.0,15.21,15.09,7179731.0,108632327.97,0.007952286282306265,0.007952286282306265,0.007920833491444058,PASS,2026-08-16T10:34:12Z,D20260816.01
02618.HK,HK,equity,2026-04-29,15.38,15.5,15.21,15.43,15.21,8563450.0,132117214.49,0.014464168310322156,0.014464168310322156,0.014360560103867985,PASS,2026-08-16T10:34:12Z,D20260816.01
02618.HK,HK,equity,2026-04-30,15.42,15.42,15.05,15.1,15.43,9795131.0,148326879.66,-0.021386908619572265,-0.021386908619572265,-0.02161892255419083,PASS,2026-08-16T10:34:12Z,D20260816.01
02618.HK,HK,equity,2026-05-04,15.44,15.44,15.11,15.13,15.1,4181936.0,63716236.13,0.001986754966887494,0.001986754966887494,0.0019847839793859824,PASS,2026-08-16T10:34:12Z,D20260816.01
02618.HK,HK,equity,2026-05-05,15.02,15.3,14.86,15.24,15.13,4695923.0,71017162.24,0.007270323859881023,0.007270323859881023,0.007244022458235656,PASS,2026-08-16T10:34:12Z,D20260816.01
02618.HK,HK,equity,2026-05-06,15.36,15.4,14.79,15.0,15.24,10112082.0,151587694.07,-0.015748031496062964,-0.015748031496062964,-0.01587334915629012,PASS,2026-08-16T10:34:12Z,D20260816.01
02618.HK,HK,equity,2026-05-07,15.21,15.38,15.04,15.09,15.0,11934797.0,180723074.78,0.006000000000000005,0.006000000000000005,0.005982071677547469,PASS,2026-08-16T10:34:12Z,D20260816.01
02618.HK,HK,equity,2026-05-08,14.75,15.07,14.47,14.59,15.09,16050079.0,234237229.26,-0.03313452617627566,-0.03313452617627566,-0.03369591024506323,PASS,2026-08-16T10:34:12Z,D20260816.01
02618.HK,HK,equity,2026-05-11,14.59,15.5,14.26,15.25,14.59,18659746.0,279430217.81,0.04523646333104869,0.04523646333104869,0.04424314051872638,PASS,2026-08-16T10:34:12Z,D20260816.01
02618.HK,HK,equity,2026-05-12,15.25,15.49,14.95,14.98,15.25,11510200.0,173821615.94,-0.017704918032786843,-0.017704918032786843,-0.017863524964347167,PASS,2026-08-16T10:34:12Z,D20260816.01
02618.HK,HK,equity,2026-05-13,16.03,16.28,15.64,16.05,14.98,26812139.0,430050802.28,0.0714285714285714,0.0714285714285714,0.06899287148695142,PASS,2026-08-16T10:34:12Z,D20260816.01
02618.HK,HK,equity,2026-05-14,16.67,16.76,15.08,15.14,16.05,19262497.0,303459030.97,-0.056697819314641795,-0.056697819314641795,-0.05836860156672221,PASS,2026-08-16T10:34:12Z,D20260816.01
02618.HK,HK,equity,2026-05-15,15.15,15.2,14.2,14.28,15.14,12014865.0,172664717.45,-0.05680317040951133,-0.05680317040951133,-0.0584802910978645,PASS,2026-08-16T10:34:12Z,D20260816.01
02618.HK,HK,equity,2026-05-18,14.16,14.16,13.64,13.79,14.28,10514211.0,144919021.21,-0.03431372549019607,-0.03431372549019607,-0.034916265106227876,PASS,2026-08-16T10:34:12Z,D20260816.01
02618.HK,HK,equity,2026-05-19,13.81,14.14,13.81,13.93,13.79,11194877.0,156092748.83,0.010152284263959421,0.010152284263959421,0.01010109598650392,PASS,2026-08-16T10:34:12Z,D20260816.01
02618.HK,HK,equity,2026-05-20,13.93,13.93,13.53,13.69,13.93,6756895.0,92105613.8,-0.017229002153625328,-0.017229002153625328,-0.017379148491356872,PASS,2026-08-16T10:34:12Z,D20260816.01
02618.HK,HK,equity,2026-05-21,13.73,13.99,13.65,13.8,13.69,8343963.0,115102469.77,0.008035062089116307,0.008035062089116307,0.00800295286280165,PASS,2026-08-16T10:34:12Z,D20260816.01
02618.HK,HK,equity,2026-05-22,13.97,14.02,13.74,13.85,13.8,10687394.0,148306773.61,0.0036231884057971175,0.0036231884057971175,0.003616640470188515,PASS,2026-08-16T10:34:12Z,D20260816.01
02618.HK,HK,equity,2026-05-26,13.85,13.85,13.15,13.54,13.85,14763740.0,199452303.57,-0.02238267148014439,-0.02238267148014439,-0.022636965149218556,PASS,2026-08-16T10:34:12Z,D20260816.01
02618.HK,HK,equity,2026-05-27,13.52,13.65,13.09,13.32,13.54,13971462.0,185953435.34,-0.016248153618906858,-0.016248153618906858,-0.01638160237188577,PASS,2026-08-16T10:34:12Z,D20260816.01
02618.HK,HK,equity,2026-05-28,13.32,13.32,12.85,12.95,13.32,14473113.0,187245618.02,-0.0277777777777779,-0.0277777777777779,-0.02817087696669645,PASS,2026-08-16T10:34:12Z,D20260816.01
02618.HK,HK,equity,2026-05-29,12.84,13.15,12.68,12.89,12.95,40929539.0,527293013.49,-0.004633204633204491,-0.004633204633204491,-0.004643971194450593,PASS,2026-08-16T10:34:12Z,D20260816.01
02618.HK,HK,equity,2026-06-01,13.03,13.42,12.94,13.32,12.89,13017868.0,171795878.72,0.0333591931730024,0.0333591931730024,0.03281484816114713,PASS,2026-08-16T10:34:12Z,D20260816.01
02618.HK,HK,equity,2026-06-02,13.34,13.75,13.28,13.57,13.32,10358314.0,140185898.19,0.018768768768768762,0.018768768768768762,0.018594808734534687,PASS,2026-08-16T10:34:12Z,D20260816.01
02618.HK,HK,equity,2026-06-03,13.35,13.42,13.02,13.2,13.57,9554889.0,125610272.77,-0.02726602800294775,-0.02726602800294775,-0.027644644254452677,PASS,2026-08-16T10:34:12Z,D20260816.01
02618.HK,HK,equity,2026-06-04,13.19,13.35,13.1,13.16,13.2,8848024.0,116778489.24,-0.003030303030302939,-0.003030303030302939,-0.003034903695153936,PASS,2026-08-16T10:34:12Z,D20260816.01
02618.HK,HK,equity,2026-06-05,13.16,13.16,12.73,12.96,13.16,9616206.0,124167887.36,-0.015197568389057725,-0.015197568389057725,-0.015314234973042481,PASS,2026-08-16T10:34:12Z,D20260816.01
02618.HK,HK,equity,2026-06-08,12.96,12.96,12.58,12.68,12.96,11330826.0,144220768.54,-0.021604938271605034,-0.021604938271605034,-0.021841741915048868,PASS,2026-08-16T10:34:12Z,D20260816.01
02618.HK,HK,equity,2026-06-09,12.76,12.76,12.52,12.67,12.68,8857685.0,112268544.26,-0.0007886435331230235,-0.0007886435331230235,-0.0007889546760321762,PASS,2026-08-16T10:34:12Z,D20260816.01
02618.HK,HK,equity,2026-06-10,12.67,12.92,12.54,12.89,12.67,8197475.0,104787624.81,0.017363851617995252,0.017363851617995252,0.017214822618048322,PASS,2026-08-16T10:34:12Z,D20260816.01
02618.HK,HK,equity,2026-06-11,12.89,13.0,12.58,12.74,12.89,9458876.0,120142561.8,-0.011636927851047307,-0.011636927851047307,-0.011705166807078716,PASS,2026-08-16T10:34:12Z,D20260816.01
02618.HK,HK,equity,2026-06-12,12.88,13.09,12.7,13.01,12.74,10008092.0,129243673.96,0.02119309262166391,0.02119309262166391,0.020971642380396484,PASS,2026-08-16T10:34:12Z,D20260816.01
02618.HK,HK,equity,2026-06-15,13.25,13.35,12.99,13.11,13.01,7864257.0,103193016.96,0.00768639508070712,0.00768639508070712,0.00765700525119454,PASS,2026-08-16T10:34:12Z,D20260816.01
02618.HK,HK,equity,2026-06-16,13.05,13.11,12.62,12.68,13.11,11011107.0,140069257.14,-0.03279938977879482,-0.03279938977879482,-0.03334934876652861,PASS,2026-08-16T10:34:12Z,D20260816.01
02618.HK,HK,equity,2026-06-17,12.68,12.83,12.41,12.45,12.68,7892418.0,98983092.14,-0.01813880126182965,-0.01813880126182965,-0.01830532609836324,PASS,2026-08-16T10:34:12Z,D20260816.01
02618.HK,HK,equity,2026-06-18,12.5,12.5,12.02,12.14,12.45,14156235.0,172147374.99,-0.02489959839357414,-0.02489959839357414,-0.025214837279364258,PASS,2026-08-16T10:34:12Z,D20260816.01
02618.HK,HK,equity,2026-06-22,12.11,12.27,11.66,12.18,12.14,15787733.0,189615264.3,0.0032948929159801743,0.0032948929159801743,0.0032894766503987053,PASS,2026-08-16T10:34:12Z,D20260816.01
02618.HK,HK,equity,2026-06-23,12.15,12.45,11.66,11.76,12.18,13202447.0,155714884.09,-0.03448275862068961,-0.03448275862068961,-0.03509131981127006,PASS,2026-08-16T10:34:12Z,D20260816.01
02618.HK,HK,equity,2026-06-24,11.63,11.8,11.44,11.72,11.76,11712727.0,136329289.89,-0.00340136054421758,-0.00340136054421758,-0.0034071583216141975,PASS,2026-08-16T10:34:12Z,D20260816.01
02618.HK,HK,equity,2026-06-25,11.8,11.8,11.38,11.59,11.72,16787649.0,193405324.24,-0.011092150170648574,-0.011092150170648574,-0.011154126797206327,PASS,2026-08-16T10:34:12Z,D20260816.01
02618.HK,HK,equity,2026-06-26,11.67,11.67,11.37,11.57,11.59,10728461.0,123495834.84,-0.0017256255392579245,-0.0017256255392579245,-0.0017271161460750777,PASS,2026-08-16T10:34:12Z,D20260816.01
02618.HK,HK,equity,2026-06-29,11.63,12.16,11.63,11.86,11.57,9880448.0,118031963.82,0.025064822817631782,0.025064822817631782,0.024755852363994163,PASS,2026-08-16T10:34:12Z,D20260816.01
02618.HK,HK,equity,2026-06-30,11.86,11.86,11.53,11.75,11.86,11295190.0,132243176.42,-0.009274873524451888,-0.009274873524451888,-0.009318152979411375,PASS,2026-08-16T10:34:12Z,D20260816.01
02618.HK,HK,equity,2026-07-02,12.45,12.45,11.9,11.95,11.75,11167425.0,134834271.58,0.017021276595744705,0.017021276595744705,0.01687803778735173,PASS,2026-08-16T10:34:12Z,D20260816.01
02618.HK,HK,equity,2026-07-03,12.13,12.34,12.0,12.19,11.95,4727625.0,57679408.18,0.020083682008368298,0.020083682008368298,0.019884665115660578,PASS,2026-08-16T10:34:12Z,D20260816.01
02618.HK,HK,equity,2026-07-06,12.24,12.52,11.9,12.39,12.19,6245727.0,77243276.71,0.016406890894175685,0.016406890894175685,0.01627375214787105,PASS,2026-08-16T10:34:12Z,D20260816.01
02618.HK,HK,equity,2026-07-07,12.38,12.45,12.07,12.26,12.39,6925711.0,84746877.96,-0.01049233252623094,-0.01049233252623094,-0.010547765132985849,PASS,2026-08-16T10:34:12Z,D20260816.01
02618.HK,HK,equity,2026-07-08,12.26,12.59,12.19,12.53,12.26,5454271.0,68015789.6,0.022022838499184294,0.022022838499184294,0.021783838399911548,PASS,2026-08-16T10:34:12Z,D20260816.01
02618.HK,HK,equity,2026-07-09,12.53,12.56,12.27,12.48,12.53,4110599.0,51239065.98,-0.003990422984836317,-0.003990422984836317,-0.003998405966695251,PASS,2026-08-16T10:34:12Z,D20260816.01
02618.HK,HK,equity,2026-07-10,12.48,12.82,12.36,12.68,12.48,6464156.0,81968742.34,0.01602564102564097,0.01602564102564097,0.015898586067798204,PASS,2026-08-16T10:34:12Z,D20260816.01
02618.HK,HK,equity,2026-07-13,12.68,12.86,12.54,12.72,12.68,4729994.0,60181113.47,0.003154574132492094,0.003154574132492094,0.0031496089028962013,PASS,2026-08-16T10:34:12Z,D20260816.01
02618.HK,HK,equity,2026-07-14,12.72,13.03,12.45,12.99,12.72,5956339.0,76545067.7,0.021226415094339535,0.021226415094339535,0.021004272770531997,PASS,2026-08-16T10:34:12Z,D20260816.01
02618.HK,HK,equity,2026-07-15,13.03,13.34,12.83,13.27,12.99,8255512.0,108802712.49,0.021555042340261732,0.021555042340261732,0.021326017661607962,PASS,2026-08-16T10:34:12Z,D20260816.01
02618.HK,HK,equity,2026-07-16,13.27,13.82,13.21,13.65,13.27,7407046.0,100891119.64,0.028636021100226117,0.028636021100226117,0.02823367328685264,PASS,2026-08-16T10:34:12Z,D20260816.01
02618.HK,HK,equity,2026-07-17,13.77,13.84,13.2,13.39,13.65,11007205.0,147482725.12,-0.01904761904761898,-0.01904761904761898,-0.019231361927887533,PASS,2026-08-16T10:34:12Z,D20260816.01
02618.HK,HK,equity,2026-07-20,13.75,13.9,13.49,13.65,13.39,6465612.0,88431778.65,0.01941747572815533,0.01941747572815533,0.019231361927887592,PASS,2026-08-16T10:34:12Z,D20260816.01
02618.HK,HK,equity,2026-07-21,13.78,13.94,13.55,13.88,13.65,7827370.0,108149757.15,0.01684981684981679,0.01684981684981679,0.016709433447689645,PASS,2026-08-16T10:34:12Z,D20260816.01
02618.HK,HK,equity,2026-07-22,13.7,13.86,13.55,13.76,13.88,9210166.0,126760191.9,-0.008645533141210415,-0.008645533141210415,-0.008683122573460881,PASS,2026-08-16T10:34:12Z,D20260816.01
02618.HK,HK,equity,2026-07-23,13.8,14.14,13.64,14.03,13.76,6845215.0,96049163.71,0.019622093023255793,0.019622093023255793,0.01943206160917195,PASS,2026-08-16T10:34:12Z,D20260816.01
02618.HK,HK,equity,2026-07-24,13.9,14.04,13.76,13.99,14.03,4492144.0,62667885.22,-0.0028510334996435516,-0.0028510334996435516,-0.0028551054369796948,PASS,2026-08-16T10:34:12Z,D20260816.01
02618.HK,HK,equity,2026-07-27,13.99,14.17,13.86,13.87,13.99,4037532.0,56559841.84,-0.008577555396712011,-0.008577555396712011,-0.00861455435064966,PASS,2026-08-16T10:34:12Z,D20260816.01
02618.HK,HK,equity,2026-07-28,13.92,14.19,13.85,14.16,13.87,8835937.0,124337267.25,0.020908435472242415,0.020908435472242415,0.020692853938833643,PASS,2026-08-16T10:34:12Z,D20260816.01
02618.HK,HK,equity,2026-07-29,14.35,14.68,14.27,14.63,14.16,9760225.0,141737709.54,0.03319209039548032,0.03319209039548032,0.03265312676645933,PASS,2026-08-16T10:34:12Z,D20260816.01
02618.HK,HK,equity,2026-07-30,15.0,15.25,14.65,15.16,14.63,20345860.0,307295789.56,0.03622693096377305,0.03622693096377305,0.03558616518219264,PASS,2026-08-16T10:34:12Z,D20260816.01
02618.HK,HK,equity,2026-07-31,14.86,15.19,14.7,15.02,15.16,9328643.0,139665895.11,-0.009234828496042291,-0.009234828496042291,-0.009277733878236988,PASS,2026-08-16T10:34:12Z,D20260816.01
02618.HK,HK,equity,2026-08-03,15.02,15.46,14.98,15.24,15.02,8290607.0,126490152.97,0.014647137150466172,0.014647137150466172,0.014540903922511655,PASS,2026-08-16T10:34:12Z,D20260816.01
02618.HK,HK,equity,2026-08-04,15.4,15.47,14.97,15.09,15.24,6957657.0,105121533.08,-0.009842519685039353,-0.009842519685039353,-0.009891277478742667,PASS,2026-08-16T10:34:12Z,D20260816.01
02618.HK,HK,equity,2026-08-05,15.09,15.18,14.7,14.89,15.09,8416120.0,125014990.85,-0.013253810470510219,-0.013253810470510219,-0.01334242608383986,PASS,2026-08-16T10:34:12Z,D20260816.01
02618.HK,HK,equity,2026-08-06,14.6,14.82,14.57,14.73,14.89,5910655.0,86811807.0,-0.01074546675621224,-0.01074546675621224,-0.010803616221378733,PASS,2026-08-16T10:34:12Z,D20260816.01
02618.HK,HK,equity,2026-08-07,14.63,14.7,14.31,14.52,14.73,6151833.0,88975962.95,-0.014256619144602856,-0.014256619144602856,-0.014359221077888876,PASS,2026-08-16T10:34:12Z,D20260816.01
02618.HK,HK,equity,2026-08-10,14.7,14.8,14.53,14.76,14.52,4840866.0,70883664.92,0.016528925619834656,0.016528925619834656,0.016393809775676352,PASS,2026-08-16T10:34:12Z,D20260816.01
02618.HK,HK,equity,2026-08-11,14.89,14.99,14.61,14.7,14.76,9949054.0,146904824.5,-0.004065040650406582,-0.004065040650406582,-0.004073325387635898,PASS,2026-08-16T10:34:12Z,D20260816.01
02618.HK,HK,equity,2026-08-12,14.51,14.62,14.3,14.46,14.7,8697281.0,125551014.94,-0.01632653061224476,-0.01632653061224476,-0.01646127705407185,PASS,2026-08-16T10:34:12Z,D20260816.01
02618.HK,HK,equity,2026-08-13,14.4,14.41,14.07,14.17,14.46,12460366.0,177304182.94,-0.020055325034578186,-0.020055325034578186,-0.0202591630280296,PASS,2026-08-16T10:34:12Z,D20260816.01
02618.HK,HK,equity,2026-08-14,13.8,13.8,12.13,12.23,14.17,38524438.0,480575805.73,-0.136908962597036,-0.136908962597036,-0.1472351040035081,PASS,2026-08-16T10:34:12Z,D20260816.01
