symbol,market,asset_type,trade_date,open,high,low,close,prev_close,volume,amount,pct_change,ret_1d,log_ret_1d,quality_flag,ingest_time,data_version
9988.HK,HK,equity,2019-11-26,187.0,189.5,187.0,187.6,176.0,74549578.0,13996288126.5,0.06590909090909092,0.06590909090909092,0.06382804153397252,PASS,2026-06-08T14:53:34Z,D20260608.01
9988.HK,HK,equity,2019-11-27,190.0,195.3,189.3,193.2,187.6,53617241.0,10354262260.994,0.02985074626865658,0.02985074626865658,0.02941388520629319,PASS,2026-06-08T14:53:34Z,D20260608.01
9988.HK,HK,equity,2019-11-28,197.0,204.2,196.9,204.0,193.2,41816834.0,8369008729.5,0.05590062111801242,0.05590062111801242,0.054394072065798764,PASS,2026-06-08T14:53:34Z,D20260608.01
9988.HK,HK,equity,2019-11-29,204.0,204.8,197.5,198.4,204.0,36509531.0,7303350200.08,-0.027450980392156876,-0.027450980392156876,-0.027834798993443988,PASS,2026-06-08T14:53:34Z,D20260608.01
9988.HK,HK,equity,2019-12-02,198.0,198.9,194.0,195.5,198.4,26592325.0,5215712264.95,-0.014616935483870996,-0.014616935483870996,-0.014724815425351985,PASS,2026-06-08T14:53:34Z,D20260608.01
9988.HK,HK,equity,2019-12-03,191.7,194.2,190.4,192.6,195.5,19911922.0,3833266643.9,-0.014833759590792917,-0.014833759590792917,-0.014944880061395358,PASS,2026-06-08T14:53:34Z,D20260608.01
9988.HK,HK,equity,2019-12-04,190.0,191.6,188.5,189.0,192.6,19276308.0,3662461874.104,-0.01869158878504673,-0.01869158878504673,-0.018868484304382805,PASS,2026-06-08T14:53:34Z,D20260608.01
9988.HK,HK,equity,2019-12-05,191.4,193.8,190.9,192.4,189.0,17932572.0,3449250867.82,0.017989417989418,0.017989417989418,0.017829523171963745,PASS,2026-06-08T14:53:34Z,D20260608.01
9988.HK,HK,equity,2019-12-06,196.1,198.1,195.4,197.5,192.4,19205791.0,3786161450.1,0.026507276507276467,0.026507276507276467,0.026162046109570406,PASS,2026-06-08T14:53:34Z,D20260608.01
9988.HK,HK,equity,2019-12-09,197.0,198.3,196.0,196.6,197.5,8558132.0,1684030748.18,-0.004556962025316524,-0.004556962025316524,-0.0045673766281104505,PASS,2026-06-08T14:53:34Z,D20260608.01
9988.HK,HK,equity,2019-12-10,195.0,196.5,193.7,195.4,196.6,6639899.0,1297729168.96,-0.006103763987792443,-0.006103763987792443,-0.006122468104383783,PASS,2026-06-08T14:53:34Z,D20260608.01
9988.HK,HK,equity,2019-12-11,196.2,198.4,195.4,197.6,195.4,6534411.0,1289656822.53,0.011258955987717423,0.011258955987717423,0.011196045705084996,PASS,2026-06-08T14:53:34Z,D20260608.01
9988.HK,HK,equity,2019-12-12,199.6,201.2,199.6,200.2,197.6,8825275.0,1767082379.8,0.013157894736842035,0.013157894736842035,0.0130720815673527,PASS,2026-06-08T14:53:34Z,D20260608.01
9988.HK,HK,equity,2019-12-13,202.8,203.0,199.4,202.0,200.2,18576570.0,3730374498.6,0.00899100899100902,0.00899100899100902,0.008950830520084578,PASS,2026-06-08T14:53:34Z,D20260608.01
9988.HK,HK,equity,2019-12-16,201.6,202.8,200.0,201.0,202.0,6616578.0,1332865469.7,-0.004950495049504955,-0.004950495049504955,-0.004962789342129014,PASS,2026-06-08T14:53:34Z,D20260608.01
9988.HK,HK,equity,2019-12-17,203.2,205.8,202.2,203.8,201.0,11225195.0,2289954265.136,0.013930348258706537,0.013930348258706537,0.013834212729548757,PASS,2026-06-08T14:53:34Z,D20260608.01
9988.HK,HK,equity,2019-12-18,203.8,203.8,201.6,202.6,203.8,8179646.0,1656570056.98,-0.0058881256133465065,-0.0058881256133465065,-0.005905528974041522,PASS,2026-06-08T14:53:34Z,D20260608.01
9988.HK,HK,equity,2019-12-19,204.0,205.4,202.6,204.8,202.6,7525360.0,1535639844.08,0.010858835143139345,0.010858835143139345,0.010800301350769866,PASS,2026-06-08T14:53:34Z,D20260608.01
9988.HK,HK,equity,2019-12-20,205.0,208.4,204.8,207.0,204.8,16804751.0,3479251966.1,0.0107421875,0.0107421875,0.010684900100016353,PASS,2026-06-08T14:53:34Z,D20260608.01
9988.HK,HK,equity,2019-12-23,209.0,210.2,207.8,208.4,207.0,9892858.0,2067031118.3,0.006763285024154575,0.006763285024154575,0.006740516613842765,PASS,2026-06-08T14:53:34Z,D20260608.01
9988.HK,HK,equity,2019-12-24,209.8,211.0,209.0,210.4,208.4,7770434.0,1632437670.69,0.009596928982725572,0.009596928982725572,0.009551170984342987,PASS,2026-06-08T14:53:34Z,D20260608.01
9988.HK,HK,equity,2019-12-27,211.0,213.6,210.8,212.8,210.4,10774808.0,2294376491.08,0.011406844106463865,0.011406844106463865,0.01134227660393451,PASS,2026-06-08T14:53:34Z,D20260608.01
9988.HK,HK,equity,2019-12-30,211.0,212.0,210.4,210.6,212.8,9970904.0,2104804089.58,-0.010338345864661758,-0.010338345864661758,-0.010392157767614296,PASS,2026-06-08T14:53:34Z,D20260608.01
9988.HK,HK,equity,2019-12-31,207.8,208.2,206.2,207.2,210.6,8813067.0,1824228978.26,-0.01614434947768284,-0.01614434947768284,-0.016276089314547163,PASS,2026-06-08T14:53:34Z,D20260608.01
9988.HK,HK,equity,2020-01-02,208.0,211.0,208.0,210.0,207.2,9516678.0,1999240664.27,0.013513513513513598,0.013513513513513598,0.01342302033214077,PASS,2026-06-08T14:53:34Z,D20260608.01
9988.HK,HK,equity,2020-01-03,215.0,215.0,211.2,212.0,210.0,11307103.0,2407183770.64,0.00952380952380949,0.00952380952380949,0.009478743954543739,PASS,2026-06-08T14:53:34Z,D20260608.01
9988.HK,HK,equity,2020-01-06,211.0,211.8,209.2,211.0,212.0,11303411.0,2381117912.14,-0.004716981132075526,-0.004716981132075526,-0.004728141195946012,PASS,2026-06-08T14:53:34Z,D20260608.01
9988.HK,HK,equity,2020-01-07,211.8,214.0,211.6,212.6,211.0,11676599.0,2486592839.14,0.007582938388625671,0.007582938388625671,0.0075543324317811356,PASS,2026-06-08T14:53:34Z,D20260608.01
9988.HK,HK,equity,2020-01-08,210.0,211.6,207.8,210.8,212.6,15095573.0,3163855655.1,-0.008466603951081786,-0.008466603951081786,-0.008502649240640234,PASS,2026-06-08T14:53:34Z,D20260608.01
9988.HK,HK,equity,2020-01-09,214.0,215.8,213.2,215.6,210.8,12261435.0,2629511294.315,0.022770398481973375,0.022770398481973375,0.02251502236763477,PASS,2026-06-08T14:53:34Z,D20260608.01
9988.HK,HK,equity,2020-01-10,216.6,219.0,216.4,218.0,215.6,11860220.0,2585804054.978,0.011131725417439675,0.011131725417439675,0.011070223754246893,PASS,2026-06-08T14:53:34Z,D20260608.01
9988.HK,HK,equity,2020-01-13,219.8,224.6,219.6,222.8,218.0,17692255.0,3930617128.002,0.022018348623853212,0.022018348623853212,0.021779445264039948,PASS,2026-06-08T14:53:34Z,D20260608.01
9988.HK,HK,equity,2020-01-14,225.0,227.4,222.8,223.6,222.8,16784465.0,3771477930.582,0.0035906642728904536,0.0035906642728904536,0.0035842332278151067,PASS,2026-06-08T14:53:34Z,D20260608.01
9988.HK,HK,equity,2020-01-15,220.2,221.6,218.2,220.8,223.6,21735164.0,4780256003.804,-0.012522361359570633,-0.012522361359570633,-0.01260142687800382,PASS,2026-06-08T14:53:34Z,D20260608.01
9988.HK,HK,equity,2020-01-16,219.4,220.6,218.6,219.4,220.8,12993720.0,2850033985.63,-0.0063405797101449,-0.0063405797101449,-0.006360766561810347,PASS,2026-06-08T14:53:34Z,D20260608.01
9988.HK,HK,equity,2020-01-17,218.8,221.2,216.2,220.4,219.4,21245436.0,4647552730.902,0.004557885141294404,0.004557885141294404,0.004547529437629516,PASS,2026-06-08T14:53:34Z,D20260608.01
9988.HK,HK,equity,2020-01-20,221.0,222.8,220.2,220.2,220.4,11229916.0,2488900485.36,-0.0009074410163339985,-0.0009074410163339985,-0.0009078529901798939,PASS,2026-06-08T14:53:34Z,D20260608.01
9988.HK,HK,equity,2020-01-21,218.0,219.0,214.6,215.8,220.2,20241728.0,4381192303.714,-0.019981834695731004,-0.019981834695731004,-0.020184171464545153,PASS,2026-06-08T14:53:34Z,D20260608.01
9988.HK,HK,equity,2020-01-22,215.8,219.8,212.4,218.4,215.8,14632484.0,3181729613.37,0.012048192771084265,0.012048192771084265,0.01197619104671562,PASS,2026-06-08T14:53:34Z,D20260608.01
9988.HK,HK,equity,2020-01-23,216.0,216.8,212.2,213.4,218.4,16013394.0,3428512744.636,-0.022893772893772923,-0.022893772893772923,-0.023159905003097017,PASS,2026-06-08T14:53:34Z,D20260608.01
9988.HK,HK,equity,2020-01-24,213.4,215.4,211.8,214.6,213.4,7583855.0,1624461364.4,0.005623242736644718,0.005623242736644718,0.005607491328945025,PASS,2026-06-08T14:53:34Z,D20260608.01
9988.HK,HK,equity,2020-01-29,205.8,209.6,205.6,207.4,214.6,24946947.0,5186071401.84,-0.033550792171481825,-0.033550792171481825,-0.03412653440117114,PASS,2026-06-08T14:53:34Z,D20260608.01
9988.HK,HK,equity,2020-01-30,207.2,207.2,199.8,201.8,207.4,26416987.0,5340558392.21,-0.027000964320154308,-0.027000964320154308,-0.02737218787591839,PASS,2026-06-08T14:53:34Z,D20260608.01
9988.HK,HK,equity,2020-01-31,204.8,204.8,199.6,200.4,201.8,18257747.0,3674404242.778,-0.0069375619425173785,-0.0069375619425173785,-0.006961738708798884,PASS,2026-06-08T14:53:34Z,D20260608.01
9988.HK,HK,equity,2020-02-03,201.2,206.0,200.0,205.0,200.4,23784275.0,4857391412.5,0.022954091816367317,0.022954091816367317,0.022694609927698495,PASS,2026-06-08T14:53:34Z,D20260608.01
9988.HK,HK,equity,2020-02-04,208.4,214.8,207.2,213.2,205.0,25035681.0,5308523103.01,0.040000000000000036,0.040000000000000036,0.03922071315328133,PASS,2026-06-08T14:53:34Z,D20260608.01
9988.HK,HK,equity,2020-02-05,215.6,218.6,214.0,215.6,213.2,23975014.0,5184838688.11,0.011257035647279645,0.011257035647279645,0.011194146743152708,PASS,2026-06-08T14:53:34Z,D20260608.01
9988.HK,HK,equity,2020-02-06,215.2,219.2,213.8,217.4,215.6,18777127.0,4076443195.48,0.008348794063079756,0.008348794063079756,0.00831413565226696,PASS,2026-06-08T14:53:34Z,D20260608.01
9988.HK,HK,equity,2020-02-07,215.0,216.2,214.2,215.4,217.4,14223318.0,3062984328.5,-0.009199632014719406,-0.009199632014719406,-0.009242209964820874,PASS,2026-06-08T14:53:34Z,D20260608.01
9988.HK,HK,equity,2020-02-10,211.2,214.8,211.2,212.6,215.4,23432236.0,4986098867.33,-0.012999071494893322,-0.012999071494893322,-0.013084298814440736,PASS,2026-06-08T14:53:34Z,D20260608.01
9988.HK,HK,equity,2020-02-11,211.8,213.6,207.2,212.2,212.6,29376694.0,6218579635.358,-0.0018814675446848783,-0.0018814675446848783,-0.0018832397279648176,PASS,2026-06-08T14:53:34Z,D20260608.01
9988.HK,HK,equity,2020-02-12,212.0,215.8,210.2,215.0,212.2,24402441.0,5221494115.95,0.013195098963242335,0.013195098963242335,0.013108801947780148,PASS,2026-06-08T14:53:34Z,D20260608.01
9988.HK,HK,equity,2020-02-13,217.4,218.0,215.0,217.2,215.0,20547490.0,4451042438.08,0.01023255813953483,0.01023255813953483,0.010180559932117523,PASS,2026-06-08T14:53:34Z,D20260608.01
9988.HK,HK,equity,2020-02-14,214.4,217.0,213.8,215.0,217.2,15926098.0,3434147137.246,-0.01012891344383049,-0.01012891344383049,-0.010180559932117493,PASS,2026-06-08T14:53:34Z,D20260608.01
9988.HK,HK,equity,2020-02-17,214.4,217.8,213.4,217.4,215.0,15531105.0,3362598300.87,0.01116279069767434,0.01116279069767434,0.011100946559446193,PASS,2026-06-08T14:53:34Z,D20260608.01
9988.HK,HK,equity,2020-02-18,215.8,216.0,213.4,214.0,217.4,13177196.0,2824341325.56,-0.015639374425023056,-0.015639374425023056,-0.015762959665257644,PASS,2026-06-08T14:53:34Z,D20260608.01
9988.HK,HK,equity,2020-02-19,214.6,216.8,214.0,214.0,214.0,10179246.0,2189766091.59,0.0,0.0,0.0,PASS,2026-06-08T14:53:34Z,D20260608.01
9988.HK,HK,equity,2020-02-20,216.8,216.8,213.8,215.6,214.0,12728604.0,2737328615.22,0.007476635514018559,0.007476635514018559,0.007448824012990475,PASS,2026-06-08T14:53:34Z,D20260608.01
9988.HK,HK,equity,2020-02-21,213.0,214.0,212.0,212.6,215.6,15106823.0,3217183492.77,-0.013914656771799594,-0.013914656771799594,-0.0140123731269945,PASS,2026-06-08T14:53:34Z,D20260608.01
9988.HK,HK,equity,2020-02-24,206.4,207.6,205.0,205.2,212.6,30852998.0,6358341266.27,-0.03480714957666986,-0.03480714957666986,-0.03542735261123314,PASS,2026-06-08T14:53:34Z,D20260608.01
9988.HK,HK,equity,2020-02-25,203.4,207.4,203.0,206.6,205.2,23465654.0,4821241929.054,0.006822612085769952,0.006822612085769952,0.006799443388923675,PASS,2026-06-08T14:53:34Z,D20260608.01
9988.HK,HK,equity,2020-02-26,201.8,204.4,201.0,203.0,206.6,29014994.0,5890163456.532,-0.01742497579864466,-0.01742497579864466,-0.017578577643750773,PASS,2026-06-08T14:53:34Z,D20260608.01
9988.HK,HK,equity,2020-02-27,203.0,205.6,201.4,205.2,203.0,23397941.0,4750201205.12,0.010837438423645374,0.010837438423645374,0.01077913425482719,PASS,2026-06-08T14:53:34Z,D20260608.01
9988.HK,HK,equity,2020-02-28,200.6,202.0,199.5,200.0,205.2,38816951.0,7774082289.03,-0.025341130604288442,-0.025341130604288442,-0.025667746748577733,PASS,2026-06-08T14:53:34Z,D20260608.01
9988.HK,HK,equity,2020-03-02,201.2,205.0,200.6,204.6,200.0,17004513.0,3458226393.696,0.02299999999999991,0.02299999999999991,0.02273948696948934,PASS,2026-06-08T14:53:34Z,D20260608.01
9988.HK,HK,equity,2020-03-03,206.2,206.6,202.4,203.2,204.6,19156355.0,3925179562.84,-0.006842619745845546,-0.006842619745845546,-0.006866137813199274,PASS,2026-06-08T14:53:34Z,D20260608.01
9988.HK,HK,equity,2020-03-04,203.0,203.2,200.6,202.2,203.2,14553445.0,2941426278.05,-0.004921259842519676,-0.004921259842519676,-0.004933409117955777,PASS,2026-06-08T14:53:34Z,D20260608.01
9988.HK,HK,equity,2020-03-05,205.2,208.2,204.0,207.2,202.2,19343293.0,3991385561.022,0.02472799208704246,0.02472799208704246,0.02442720379895688,PASS,2026-06-08T14:53:34Z,D20260608.01
9988.HK,HK,equity,2020-03-06,205.0,205.2,202.8,203.8,207.2,12734463.0,2594124248.84,-0.01640926640926632,-0.01640926640926632,-0.016545389596703465,PASS,2026-06-08T14:53:34Z,D20260608.01
9988.HK,HK,equity,2020-03-09,193.5,198.5,193.5,193.5,203.8,56936906.0,11126651004.432,-0.050539744847890145,-0.050539744847890145,-0.051861608318788,PASS,2026-06-08T14:53:34Z,D20260608.01
9988.HK,HK,equity,2020-03-10,197.0,201.0,193.6,199.3,193.5,28569375.0,5659658149.35,0.029974160206718503,0.029974160206718503,0.02953371474891269,PASS,2026-06-08T14:53:34Z,D20260608.01
9988.HK,HK,equity,2020-03-11,200.0,200.4,196.7,197.0,199.3,17860192.0,3541240837.727,-0.011540391369794345,-0.011540391369794345,-0.011607498480760594,PASS,2026-06-08T14:53:34Z,D20260608.01
9988.HK,HK,equity,2020-03-12,192.0,192.2,187.2,188.8,197.0,41842108.0,7939492279.399,-0.04162436548223347,-0.04162436548223347,-0.04251547502658816,PASS,2026-06-08T14:53:34Z,D20260608.01
9988.HK,HK,equity,2020-03-13,178.8,194.0,177.0,191.7,188.8,53292364.0,9826000501.367,0.0153601694915253,0.0153601694915253,0.015243396340198376,PASS,2026-06-08T14:53:34Z,D20260608.01
9988.HK,HK,equity,2020-03-16,185.0,185.1,178.0,179.3,191.7,47207430.0,8574736900.169,-0.06468440271257159,-0.06468440271257159,-0.06687126944051147,PASS,2026-06-08T14:53:34Z,D20260608.01
9988.HK,HK,equity,2020-03-17,182.0,185.9,175.0,183.2,179.3,36872240.0,6637652712.765,0.02175125488008911,0.02175125488008911,0.021518071628942575,PASS,2026-06-08T14:53:34Z,D20260608.01
9988.HK,HK,equity,2020-03-18,177.8,181.8,172.8,173.0,183.2,58603973.0,10381441963.377,-0.05567685589519644,-0.05567685589519644,-0.057286857742250875,PASS,2026-06-08T14:53:34Z,D20260608.01
9988.HK,HK,equity,2020-03-19,176.1,176.5,167.6,174.0,173.0,34599488.0,5958311139.392,0.005780346820809301,0.005780346820809301,0.005763704716750134,PASS,2026-06-08T14:53:34Z,D20260608.01
9988.HK,HK,equity,2020-03-20,177.0,183.0,177.0,183.0,174.0,27899247.0,5018390033.67,0.051724137931034475,0.051724137931034475,0.050430853626891904,PASS,2026-06-08T14:53:34Z,D20260608.01
9988.HK,HK,equity,2020-03-23,172.5,176.9,170.0,170.0,183.0,37535058.0,6480078812.642,-0.07103825136612019,-0.07103825136612019,-0.07368771579115914,PASS,2026-06-08T14:53:34Z,D20260608.01
9988.HK,HK,equity,2020-03-24,173.7,175.0,170.2,174.5,170.0,26729551.0,4628111939.902,0.026470588235294024,0.026470588235294024,0.026126304592219998,PASS,2026-06-08T14:53:34Z,D20260608.01
9988.HK,HK,equity,2020-03-25,181.0,181.7,177.8,179.7,174.5,28012053.0,5027743853.13,0.029799426934097317,0.029799426934097317,0.029364052147031403,PASS,2026-06-08T14:53:34Z,D20260608.01
9988.HK,HK,equity,2020-03-26,181.0,182.4,178.3,180.9,179.7,17816738.0,3220118016.474,0.006677796327212215,0.006677796327212215,0.006655598611736288,PASS,2026-06-08T14:53:34Z,D20260608.01
9988.HK,HK,equity,2020-03-27,186.0,186.0,182.9,183.9,180.9,23922455.0,4412411150.28,0.016583747927031434,0.016583747927031434,0.016447739209025883,PASS,2026-06-08T14:53:34Z,D20260608.01
9988.HK,HK,equity,2020-03-30,180.2,182.1,177.5,180.3,183.9,18129547.0,3260759192.913,-0.019575856443719397,-0.019575856443719397,-0.019770001401003805,PASS,2026-06-08T14:53:34Z,D20260608.01
9988.HK,HK,equity,2020-03-31,185.2,185.7,182.7,183.4,180.3,13598127.0,2501430739.38,0.017193566278424832,0.017193566278424832,0.017047429613092874,PASS,2026-06-08T14:53:34Z,D20260608.01
9988.HK,HK,equity,2020-04-01,185.4,187.4,181.1,184.0,183.4,22814764.0,4214464447.98,0.0032715376226826187,0.0032715376226826187,0.0032661977866211022,PASS,2026-06-08T14:53:34Z,D20260608.01
9988.HK,HK,equity,2020-04-02,183.2,186.5,182.2,186.0,184.0,12304930.0,2277644390.66,0.010869565217391353,0.010869565217391353,0.010810916104215676,PASS,2026-06-08T14:53:34Z,D20260608.01
9988.HK,HK,equity,2020-04-03,183.5,184.9,182.6,183.7,186.0,9290512.0,1705499825.018,-0.01236559139784954,-0.01236559139784954,-0.012442681492121358,PASS,2026-06-08T14:53:34Z,D20260608.01
9988.HK,HK,equity,2020-04-06,186.0,189.7,185.2,188.6,183.7,18253609.0,3431759028.064,0.02667392487751763,0.02667392487751763,0.02632437797827709,PASS,2026-06-08T14:53:34Z,D20260608.01
9988.HK,HK,equity,2020-04-07,191.5,191.7,188.5,191.5,188.6,16381930.0,3115543717.07,0.015376458112407176,0.015376458112407176,0.015259438421343526,PASS,2026-06-08T14:53:34Z,D20260608.01
9988.HK,HK,equity,2020-04-08,189.4,191.5,189.0,190.1,191.5,9180063.0,1744973659.246,-0.0073107049608355235,-0.0073107049608355235,-0.0073375591263172175,PASS,2026-06-08T14:53:34Z,D20260608.01
9988.HK,HK,equity,2020-04-09,191.3,191.9,189.3,191.7,190.1,13161858.0,2510374793.838,0.008416622830089482,0.008416622830089482,0.008381400557215389,PASS,2026-06-08T14:53:34Z,D20260608.01
9988.HK,HK,equity,2020-04-14,194.0,198.0,194.0,197.0,191.7,18233007.0,3585101875.96,0.02764736567553472,0.02764736567553472,0.027272078686389725,PASS,2026-06-08T14:53:34Z,D20260608.01
9988.HK,HK,equity,2020-04-15,199.0,201.2,196.8,197.9,197.0,20722474.0,4136142959.44,0.004568527918781706,0.004568527918781706,0.0045581238705315165,PASS,2026-06-08T14:53:34Z,D20260608.01
9988.HK,HK,equity,2020-04-16,200.0,202.8,199.9,202.8,197.9,19818106.0,3987061443.258,0.024759979787771558,0.024759979787771558,0.024458419108508014,PASS,2026-06-08T14:53:34Z,D20260608.01
9988.HK,HK,equity,2020-04-17,210.0,211.8,206.2,207.6,202.8,33397811.0,6970853930.403,0.023668639053254337,0.023668639053254337,0.023392879574705375,PASS,2026-06-08T14:53:34Z,D20260608.01
9988.HK,HK,equity,2020-04-20,205.4,207.6,203.4,205.8,207.6,22875450.0,4707381790.47,-0.00867052023121384,-0.00867052023121384,-0.008708327891784308,PASS,2026-06-08T14:53:34Z,D20260608.01
9988.HK,HK,equity,2020-04-21,207.0,207.8,200.6,204.2,205.8,17778769.0,3617090991.29,-0.007774538386783436,-0.007774538386783436,-0.007804917669384203,PASS,2026-06-08T14:53:34Z,D20260608.01
9988.HK,HK,equity,2020-04-22,201.0,206.6,200.6,205.6,204.2,12962733.0,2647113581.53,0.006856023506366382,0.006856023506366382,0.006832627850444936,PASS,2026-06-08T14:53:34Z,D20260608.01
9988.HK,HK,equity,2020-04-23,204.4,205.2,202.4,204.4,205.6,16359183.0,3336824002.56,-0.005836575875486361,-0.005836575875486361,-0.005853675251460653,PASS,2026-06-08T14:53:34Z,D20260608.01
9988.HK,HK,equity,2020-04-24,198.6,200.6,197.3,198.0,204.4,23966198.0,4761095408.14,-0.03131115459882583,-0.03131115459882583,-0.03181182763501413,PASS,2026-06-08T14:53:34Z,D20260608.01
9988.HK,HK,equity,2020-04-27,198.5,202.4,198.5,200.6,198.0,13936896.0,2796341140.796,0.013131313131313105,0.013131313131313105,0.013045844833299894,PASS,2026-06-08T14:53:34Z,D20260608.01
9988.HK,HK,equity,2020-04-28,198.0,199.2,196.3,199.0,200.6,19944823.0,3951671874.308,-0.007976071784645988,-0.007976071784645988,-0.008008050803342687,PASS,2026-06-08T14:53:34Z,D20260608.01
9988.HK,HK,equity,2020-04-29,196.5,197.9,196.5,197.0,199.0,14850119.0,2927529397.37,-0.01005025125628145,-0.01005025125628145,-0.010101095986503933,PASS,2026-06-08T14:53:34Z,D20260608.01
9988.HK,HK,equity,2020-05-04,189.8,189.9,188.2,189.7,197.0,26903568.0,5093926432.992,-0.03705583756345188,-0.03705583756345188,-0.03775985179702009,PASS,2026-06-08T14:53:34Z,D20260608.01
9988.HK,HK,equity,2020-05-05,187.7,189.2,186.9,188.5,189.7,27110375.0,5096035902.245,-0.006325777543489619,-0.006325777543489619,-0.006345870052902965,PASS,2026-06-08T14:53:34Z,D20260608.01
9988.HK,HK,equity,2020-05-06,189.9,195.6,189.5,193.6,188.5,23022901.0,4446536870.7,0.027055702917771818,0.027055702917771818,0.026696167954411123,PASS,2026-06-08T14:53:34Z,D20260608.01
9988.HK,HK,equity,2020-05-07,189.9,190.9,189.5,190.5,193.6,20506910.0,3901364742.21,-0.016012396694214837,-0.016012396694214837,-0.016141980275720946,PASS,2026-06-08T14:53:34Z,D20260608.01
9988.HK,HK,equity,2020-05-08,192.5,194.8,191.6,193.4,190.5,17851592.0,3456453226.84,0.01522309711286085,0.01522309711286085,0.015108388452438256,PASS,2026-06-08T14:53:34Z,D20260608.01
9988.HK,HK,equity,2020-05-11,196.9,199.5,196.5,198.7,193.4,19839300.0,3937522789.165,0.02740434332988606,0.02740434332988606,0.027035566538577034,PASS,2026-06-08T14:53:34Z,D20260608.01
9988.HK,HK,equity,2020-05-12,198.9,199.7,197.2,199.7,198.7,14037259.0,2790595183.13,0.0050327126321088045,0.0050327126321088045,0.005020090863998465,PASS,2026-06-08T14:53:34Z,D20260608.01
9988.HK,HK,equity,2020-05-13,195.5,197.4,194.3,196.3,199.7,26074457.0,5112304497.06,-0.01702553830746112,-0.01702553830746112,-0.017172139139354076,PASS,2026-06-08T14:53:34Z,D20260608.01
9988.HK,HK,equity,2020-05-14,194.5,195.9,194.1,194.5,196.3,19248894.0,3749540377.14,-0.009169638308711203,-0.009169638308711203,-0.009211938223914445,PASS,2026-06-08T14:53:34Z,D20260608.01
9988.HK,HK,equity,2020-05-15,195.0,197.1,194.1,196.9,194.5,16672799.0,3267430447.88,0.012339331619537264,0.012339331619537264,0.012263822586578862,PASS,2026-06-08T14:53:34Z,D20260608.01
9988.HK,HK,equity,2020-05-18,198.3,203.0,197.4,203.0,196.9,26818890.0,5405898386.55,0.03098019299136623,0.03098019299136623,0.030509993396707527,PASS,2026-06-08T14:53:34Z,D20260608.01
9988.HK,HK,equity,2020-05-19,210.0,211.8,205.6,209.8,203.0,45308325.0,9454817732.86,0.03349753694581281,0.03349753694581281,0.032948716920409474,PASS,2026-06-08T14:53:34Z,D20260608.01
9988.HK,HK,equity,2020-05-20,211.0,211.6,208.6,211.0,209.8,22533385.0,4735067369.234,0.0057197330791229906,0.0057197330791229906,0.005703437513869711,PASS,2026-06-08T14:53:34Z,D20260608.01
9988.HK,HK,equity,2020-05-21,209.4,209.6,205.6,206.2,211.0,23271613.0,4822053672.56,-0.02274881516587679,-0.02274881516587679,-0.02301156189320696,PASS,2026-06-08T14:53:34Z,D20260608.01
9988.HK,HK,equity,2020-05-22,205.0,205.0,196.0,198.2,206.2,40226609.0,8012203848.696,-0.03879728419010664,-0.03879728419010664,-0.03956994968697188,PASS,2026-06-08T14:53:34Z,D20260608.01
9988.HK,HK,equity,2020-05-25,193.7,199.6,190.3,198.2,198.2,40103124.0,7821602801.008,0.0,0.0,0.0,PASS,2026-06-08T14:53:34Z,D20260608.01
9988.HK,HK,equity,2020-05-26,200.0,203.2,200.0,201.0,198.2,26834881.0,5416027399.125,0.014127144298688332,0.014127144298688332,0.014028286163188273,PASS,2026-06-08T14:53:34Z,D20260608.01
9988.HK,HK,equity,2020-05-27,198.9,199.6,196.1,197.3,201.0,33136407.0,6548476863.24,-0.018407960199004925,-0.018407960199004925,-0.018579495030506037,PASS,2026-06-08T14:53:34Z,D20260608.01
9988.HK,HK,equity,2020-05-28,195.4,196.5,191.5,193.5,197.3,30919109.0,6005725353.29,-0.019260010136847527,-0.019260010136847527,-0.019447900558733255,PASS,2026-06-08T14:53:34Z,D20260608.01
9988.HK,HK,equity,2020-05-29,193.0,196.3,192.0,194.3,193.5,19459191.0,3787995192.945,0.004134366925064636,0.004134366925064636,0.0041258439135579425,PASS,2026-06-08T14:53:34Z,D20260608.01
9988.HK,HK,equity,2020-06-01,200.0,204.0,200.0,202.8,194.3,26826195.0,5433910737.26,0.04374678332475557,0.04374678332475557,0.04281691533363373,PASS,2026-06-08T14:53:34Z,D20260608.01
9988.HK,HK,equity,2020-06-02,201.6,201.8,199.5,200.0,202.8,22818103.0,4574799209.92,-0.013806706114398493,-0.013806706114398493,-0.013902905168991493,PASS,2026-06-08T14:53:34Z,D20260608.01
9988.HK,HK,equity,2020-06-03,208.0,209.8,206.8,209.6,200.0,38794267.0,8085784227.38,0.04800000000000004,0.04800000000000004,0.04688358589885046,PASS,2026-06-08T14:53:34Z,D20260608.01
9988.HK,HK,equity,2020-06-04,213.0,213.0,207.4,211.0,209.6,22860283.0,4803200381.6,0.006679389312977069,0.006679389312977069,0.006657181029179368,PASS,2026-06-08T14:53:34Z,D20260608.01
9988.HK,HK,equity,2020-06-05,212.0,213.6,209.4,212.2,211.0,22415326.0,4747813114.942,0.005687203791469031,0.005687203791469031,0.005671092703816103,PASS,2026-06-08T14:53:34Z,D20260608.01
9988.HK,HK,equity,2020-06-08,214.6,214.6,210.8,212.4,212.2,17992461.0,3820890251.16,0.0009425070688031667,0.0009425070688031667,0.0009420631879011583,PASS,2026-06-08T14:53:34Z,D20260608.01
9988.HK,HK,equity,2020-06-09,212.8,214.6,211.6,212.4,212.4,23063431.0,4923939771.097,0.0,0.0,0.0,PASS,2026-06-08T14:53:34Z,D20260608.01
9988.HK,HK,equity,2020-06-10,214.2,216.8,213.8,215.6,212.4,19038860.0,4106913929.489,0.015065913370998052,0.015065913370998052,0.014953549667058258,PASS,2026-06-08T14:53:34Z,D20260608.01
9988.HK,HK,equity,2020-06-11,218.0,220.6,211.8,213.0,215.6,33036598.0,7170604189.75,-0.012059369202226278,-0.012059369202226278,-0.012132673325416909,PASS,2026-06-08T14:53:34Z,D20260608.01
9988.HK,HK,equity,2020-06-12,208.2,214.0,207.4,212.0,213.0,25058536.0,5304963065.36,-0.0046948356807511304,-0.0046948356807511304,-0.004705891037412617,PASS,2026-06-08T14:53:34Z,D20260608.01
9988.HK,HK,equity,2020-06-15,209.8,212.4,205.4,206.8,212.0,31716109.0,6621760870.42,-0.024528301886792447,-0.024528301886792447,-0.02483413203773838,PASS,2026-06-08T14:53:34Z,D20260608.01
9988.HK,HK,equity,2020-06-16,211.2,214.4,211.0,213.2,206.8,18039173.0,3843338219.65,0.030947775628626495,0.030947775628626495,0.030478549657415217,PASS,2026-06-08T14:53:34Z,D20260608.01
9988.HK,HK,equity,2020-06-17,216.0,218.4,214.2,217.8,213.2,21385682.0,4641106088.19,0.02157598499061919,0.02157598499061919,0.021346518207170675,PASS,2026-06-08T14:53:34Z,D20260608.01
9988.HK,HK,equity,2020-06-18,218.8,218.8,215.2,217.8,217.8,16168952.0,3508457243.39,0.0,0.0,0.0,PASS,2026-06-08T14:53:34Z,D20260608.01
9988.HK,HK,equity,2020-06-19,217.0,219.8,216.2,219.0,217.8,27295880.0,5963502386.67,0.005509641873278293,0.005509641873278293,0.00549451931764078,PASS,2026-06-08T14:53:34Z,D20260608.01
9988.HK,HK,equity,2020-06-22,216.2,216.2,212.6,213.0,219.0,28166629.0,6034961256.86,-0.0273972602739726,-0.0273972602739726,-0.027779564107075706,PASS,2026-06-08T14:53:34Z,D20260608.01
9988.HK,HK,equity,2020-06-23,216.0,220.0,212.0,220.0,213.0,40290287.0,8751727916.71,0.032863849765258246,0.032863849765258246,0.03233538064293645,PASS,2026-06-08T14:53:34Z,D20260608.01
9988.HK,HK,equity,2020-06-24,222.8,224.8,221.4,221.4,220.0,30207600.0,6733812318.05,0.006363636363636349,0.006363636363636349,0.0063434739221749515,PASS,2026-06-08T14:53:34Z,D20260608.01
9988.HK,HK,equity,2020-06-26,217.0,217.0,214.4,214.6,221.4,33158894.0,7148083315.024,-0.030713640469738124,-0.030713640469738124,-0.031195190077938504,PASS,2026-06-08T14:53:34Z,D20260608.01
9988.HK,HK,equity,2020-06-29,211.0,211.6,208.6,209.4,214.6,33824007.0,7101463811.31,-0.024231127679403497,-0.024231127679403497,-0.024529531760161573,PASS,2026-06-08T14:53:34Z,D20260608.01
9988.HK,HK,equity,2020-06-30,210.6,212.2,208.4,209.6,209.4,24171917.0,5079256128.655,0.0009551098376312517,0.0009551098376312517,0.000954654010450542,PASS,2026-06-08T14:53:34Z,D20260608.01
9988.HK,HK,equity,2020-07-02,211.8,215.0,210.2,214.4,209.6,31018228.0,6615651264.84,0.022900763358778775,0.022900763358778775,0.02264247674975997,PASS,2026-06-08T14:53:34Z,D20260608.01
9988.HK,HK,equity,2020-07-03,220.0,221.4,217.2,220.8,214.4,31233712.0,6866483138.42,0.029850746268656803,0.029850746268656803,0.029413885206293407,PASS,2026-06-08T14:53:34Z,D20260608.01
9988.HK,HK,equity,2020-07-06,224.0,226.8,223.0,225.4,220.8,42489587.0,9565812073.33,0.02083333333333326,0.02083333333333326,0.02061928720273561,PASS,2026-06-08T14:53:34Z,D20260608.01
9988.HK,HK,equity,2020-07-07,233.2,239.0,232.0,232.4,225.4,46585757.0,10976670178.89,0.03105590062111796,0.03105590062111796,0.030583423372080185,PASS,2026-06-08T14:53:34Z,D20260608.01
9988.HK,HK,equity,2020-07-08,231.0,238.6,231.0,237.8,232.4,31883443.0,7525714270.66,0.023235800344234114,0.023235800344234114,0.02296995927892533,PASS,2026-06-08T14:53:34Z,D20260608.01
9988.HK,HK,equity,2020-07-09,254.8,263.8,252.0,261.6,237.8,61690256.0,15896897807.13,0.1000841042893188,0.1000841042893188,0.09538663532636221,PASS,2026-06-08T14:53:34Z,D20260608.01
9988.HK,HK,equity,2020-07-10,257.0,262.0,253.0,255.4,261.6,44519242.0,11429206656.99,-0.023700305810397615,-0.023700305810397615,-0.02398567598460478,PASS,2026-06-08T14:53:34Z,D20260608.01
9988.HK,HK,equity,2020-07-13,254.0,258.4,251.2,254.4,255.4,30979669.0,7896896064.27,-0.003915426781519238,-0.003915426781519238,-0.00392311213247189,PASS,2026-06-08T14:53:34Z,D20260608.01
9988.HK,HK,equity,2020-07-14,244.4,246.4,238.4,240.4,254.4,53646972.0,12924583705.49,-0.055031446540880546,-0.055031446540880546,-0.05660362880491461,PASS,2026-06-08T14:53:34Z,D20260608.01
9988.HK,HK,equity,2020-07-15,244.0,245.2,239.0,243.4,240.4,23131222.0,5619625834.23,0.012479201331114798,0.012479201331114798,0.012401977892374273,PASS,2026-06-08T14:53:34Z,D20260608.01
9988.HK,HK,equity,2020-07-16,242.8,242.8,231.6,233.2,243.4,34282035.0,8078911546.3,-0.04190632703368946,-0.04190632703368946,-0.04280972607708955,PASS,2026-06-08T14:53:34Z,D20260608.01
9988.HK,HK,equity,2020-07-17,235.4,240.6,233.4,238.8,233.2,20224245.0,4824925245.5,0.02401372212692987,0.02401372212692987,0.0237299270421099,PASS,2026-06-08T14:53:34Z,D20260608.01
9988.HK,HK,equity,2020-07-20,238.0,241.8,235.2,239.6,238.8,11353749.0,2722802020.61,0.003350083752093669,0.003350083752093669,0.003344484722847129,PASS,2026-06-08T14:53:34Z,D20260608.01
9988.HK,HK,equity,2020-07-21,251.8,257.6,250.8,257.0,239.6,45185546.0,11501209014.29,0.07262103505843065,0.07262103505843065,0.07010521865392545,PASS,2026-06-08T14:53:34Z,D20260608.01
9988.HK,HK,equity,2020-07-22,251.4,254.8,247.6,248.0,257.0,36503672.0,9180126163.92,-0.035019455252918275,-0.035019455252918275,-0.03564733873023761,PASS,2026-06-08T14:53:34Z,D20260608.01
9988.HK,HK,equity,2020-07-23,245.0,248.0,242.0,246.6,248.0,31183903.0,7670621903.18,-0.005645161290322553,-0.005645161290322553,-0.005661155434738223,PASS,2026-06-08T14:53:34Z,D20260608.01
9988.HK,HK,equity,2020-07-24,244.2,244.4,237.2,239.0,246.6,27470849.0,6595339176.66,-0.03081914030819133,-0.03081914030819133,-0.031304038798733176,PASS,2026-06-08T14:53:34Z,D20260608.01
9988.HK,HK,equity,2020-07-27,240.8,244.2,235.6,239.0,239.0,18243796.0,4369419976.9,0.0,0.0,0.0,PASS,2026-06-08T14:53:34Z,D20260608.01
9988.HK,HK,equity,2020-07-28,244.0,245.6,242.8,244.6,239.0,14674368.0,3588968903.25,0.023430962343096162,0.023430962343096162,0.023160671321561244,PASS,2026-06-08T14:53:34Z,D20260608.01
9988.HK,HK,equity,2020-07-29,242.2,244.0,241.2,243.0,244.6,10549764.0,2560835321.97,-0.006541291905151292,-0.006541291905151292,-0.006562779912523548,PASS,2026-06-08T14:53:34Z,D20260608.01
9988.HK,HK,equity,2020-07-30,246.0,249.6,243.4,244.8,243.0,21715110.0,5362170243.68,0.007407407407407529,0.007407407407407529,0.00738010729762268,PASS,2026-06-08T14:53:34Z,D20260608.01
9988.HK,HK,equity,2020-07-31,249.0,249.0,245.0,246.0,244.8,14687907.0,3628134990.33,0.004901960784313708,0.004901960784313708,0.00488998529419177,PASS,2026-06-08T14:53:34Z,D20260608.01
9988.HK,HK,equity,2020-08-03,244.8,246.6,243.4,245.6,246.0,18274346.0,4483790231.27,-0.001626016260162677,-0.001626016260162677,-0.0016273396593754824,PASS,2026-06-08T14:53:34Z,D20260608.01
9988.HK,HK,equity,2020-08-04,250.8,255.0,250.4,253.8,245.6,24914559.0,6311001118.88,0.03338762214983726,0.03338762214983726,0.03284235900730001,PASS,2026-06-08T14:53:34Z,D20260608.01
9988.HK,HK,equity,2020-08-05,255.8,256.0,252.0,255.8,253.8,18116054.0,4617249502.02,0.007880220646178104,0.007880220646178104,0.00784933386445504,PASS,2026-06-08T14:53:34Z,D20260608.01
9988.HK,HK,equity,2020-08-06,257.0,257.8,253.2,257.0,255.8,15966937.0,4079735543.65,0.004691164972634887,0.004691164972634887,0.0046801957504774986,PASS,2026-06-08T14:53:34Z,D20260608.01
9988.HK,HK,equity,2020-08-07,256.0,256.2,240.6,249.2,257.0,36237559.0,8999484090.67,-0.030350194552529186,-0.030350194552529186,-0.030820297981921724,PASS,2026-06-08T14:53:34Z,D20260608.01
9988.HK,HK,equity,2020-08-10,244.8,244.8,240.4,242.4,249.2,26039892.0,6316686647.51,-0.02728731942215079,-0.02728731942215079,-0.027666532718138598,PASS,2026-06-08T14:53:34Z,D20260608.01
9988.HK,HK,equity,2020-08-11,242.0,246.8,241.6,244.0,242.4,16702416.0,4081411473.6,0.0066006600660066805,0.0066006600660066805,0.0065789710980425605,PASS,2026-06-08T14:53:34Z,D20260608.01
9988.HK,HK,equity,2020-08-12,242.2,244.6,238.0,243.4,244.0,15796928.0,3817896100.49,-0.0024590163934425924,-0.0024590163934425924,-0.0024620447397750386,PASS,2026-06-08T14:53:34Z,D20260608.01
9988.HK,HK,equity,2020-08-13,247.8,251.0,246.2,248.2,243.4,12489234.0,3101672580.04,0.019720624486442073,0.019720624486442073,0.019528692217080038,PASS,2026-06-08T14:53:34Z,D20260608.01
9988.HK,HK,equity,2020-08-14,246.2,248.8,244.4,246.8,248.2,12607886.0,3113579750.03,-0.005640612409347212,-0.005640612409347212,-0.005656580739273997,PASS,2026-06-08T14:53:34Z,D20260608.01
9988.HK,HK,equity,2020-08-17,242.6,246.6,241.2,242.8,246.8,20853111.0,5079606007.3,-0.01620745542949753,-0.01620745542949753,-0.016340232845889514,PASS,2026-06-08T14:53:34Z,D20260608.01
9988.HK,HK,equity,2020-08-18,249.4,252.6,247.6,252.0,242.8,23158760.0,5792981325.72,0.03789126853377267,0.03789126853377267,0.03719102832608013,PASS,2026-06-08T14:53:34Z,D20260608.01
9988.HK,HK,equity,2020-08-19,252.0,256.0,251.0,255.4,252.0,15227171.0,3875288324.29,0.013492063492063444,0.013492063492063444,0.013401856087015563,PASS,2026-06-08T14:53:34Z,D20260608.01
9988.HK,HK,equity,2020-08-20,254.0,255.8,250.4,255.0,255.4,22881516.0,5796326521.08,-0.001566170712607673,-0.001566170712607673,-0.0015673984400127689,PASS,2026-06-08T14:53:34Z,D20260608.01
9988.HK,HK,equity,2020-08-21,251.8,258.6,250.6,252.8,255.0,32079272.0,8158819307.65,-0.008627450980392082,-0.008627450980392082,-0.008664882885723714,PASS,2026-06-08T14:53:34Z,D20260608.01
9988.HK,HK,equity,2020-08-24,261.0,266.0,259.2,264.4,252.8,43488850.0,11431948544.81,0.04588607594936689,0.04588607594936689,0.04486444570482867,PASS,2026-06-08T14:53:34Z,D20260608.01
9988.HK,HK,equity,2020-08-25,270.0,274.4,266.6,269.2,264.4,30708120.0,8315663515.94,0.018154311649016597,0.018154311649016597,0.017991489793041476,PASS,2026-06-08T14:53:34Z,D20260608.01
9988.HK,HK,equity,2020-08-26,279.8,280.4,276.8,280.4,269.2,31949336.0,8913609882.95,0.04160475482912318,0.04160475482912318,0.04076255738986215,PASS,2026-06-08T14:53:34Z,D20260608.01
9988.HK,HK,equity,2020-08-27,282.6,284.0,278.0,280.6,280.4,28072548.0,7901575149.54,0.0007132667617690824,0.0007132667617690824,0.0007130125079257204,PASS,2026-06-08T14:53:34Z,D20260608.01
9988.HK,HK,equity,2020-08-28,277.0,279.6,275.2,277.0,280.6,29542320.0,8204484945.04,-0.01282965074839637,-0.01282965074839637,-0.012912661481022143,PASS,2026-06-08T14:53:34Z,D20260608.01
9988.HK,HK,equity,2020-08-31,282.8,287.6,281.0,282.8,277.0,26933353.0,7672605677.37,0.02093862815884484,0.02093862815884484,0.020722427835079264,PASS,2026-06-08T14:53:34Z,D20260608.01
9988.HK,HK,equity,2020-09-01,279.0,285.4,278.2,282.8,282.8,24207208.0,6827407275.2,0.0,0.0,0.0,PASS,2026-06-08T14:53:34Z,D20260608.01
9988.HK,HK,equity,2020-09-02,290.0,292.0,287.4,291.2,282.8,24662027.0,7149828845.98,0.02970297029702973,0.02970297029702973,0.029270382300113237,PASS,2026-06-08T14:53:34Z,D20260608.01
9988.HK,HK,equity,2020-09-03,287.8,289.2,283.4,284.2,291.2,28987875.0,8292935672.05,-0.024038461538461564,-0.024038461538461564,-0.02433210065953067,PASS,2026-06-08T14:53:34Z,D20260608.01
9988.HK,HK,equity,2020-09-04,268.0,275.4,265.2,274.0,284.2,78861798.0,21490059248.64,-0.03589021815622795,-0.03589021815622795,-0.03655010927492998,PASS,2026-06-08T14:53:34Z,D20260608.01
9988.HK,HK,equity,2020-09-07,271.2,274.6,265.4,265.6,274.0,47493625.0,12878180490.73,-0.03065693430656924,-0.03065693430656924,-0.03113668878579133,PASS,2026-06-08T14:53:34Z,D20260608.01
9988.HK,HK,equity,2020-09-08,270.0,271.8,262.2,269.6,265.6,27608738.0,7384451840.29,0.015060240963855387,0.015060240963855387,0.014947961435873148,PASS,2026-06-08T14:53:34Z,D20260608.01
9988.HK,HK,equity,2020-09-09,262.0,264.6,258.6,263.2,269.6,27066740.0,7086766586.07,-0.023738872403560984,-0.023738872403560984,-0.02402517958698999,PASS,2026-06-08T14:53:34Z,D20260608.01
9988.HK,HK,equity,2020-09-10,266.8,268.0,262.0,262.6,263.2,25531787.0,6781491107.76,-0.0022796352583585033,-0.0022796352583585033,-0.002282237582466164,PASS,2026-06-08T14:53:34Z,D20260608.01
9988.HK,HK,equity,2020-09-11,263.4,267.0,260.8,266.0,262.6,20757663.0,5483130633.82,0.012947448591012822,0.012947448591012822,0.012864346913003139,PASS,2026-06-08T14:53:34Z,D20260608.01
9988.HK,HK,equity,2020-09-14,266.8,268.6,264.0,268.2,266.0,16063671.0,4291080634.59,0.008270676691729317,0.008270676691729317,0.008236662065879068,PASS,2026-06-08T14:53:34Z,D20260608.01
9988.HK,HK,equity,2020-09-15,268.0,269.6,266.2,267.4,268.2,19666515.0,5271527041.67,-0.002982848620432521,-0.002982848620432521,-0.0029873061797353537,PASS,2026-06-08T14:53:34Z,D20260608.01
9988.HK,HK,equity,2020-09-16,269.8,273.0,269.2,273.0,267.4,20927130.0,5679417751.41,0.020942408376963373,0.020942408376963373,0.020726130517116952,PASS,2026-06-08T14:53:34Z,D20260608.01
9988.HK,HK,equity,2020-09-17,270.8,271.6,265.6,267.8,273.0,19364862.0,5187765056.61,-0.01904761904761898,-0.01904761904761898,-0.019231361927887533,PASS,2026-06-08T14:53:34Z,D20260608.01
9988.HK,HK,equity,2020-09-18,266.6,269.6,264.4,269.6,267.8,20935638.0,5608151516.41,0.006721433905900076,0.006721433905900076,0.006698945781079986,PASS,2026-06-08T14:53:34Z,D20260608.01
9988.HK,HK,equity,2020-09-21,267.0,268.2,262.0,262.0,269.6,20930001.0,5559122667.18,-0.028189910979228516,-0.028189910979228516,-0.028594875277055145,PASS,2026-06-08T14:53:34Z,D20260608.01
9988.HK,HK,equity,2020-09-22,267.0,267.0,262.4,264.8,262.0,16372015.0,4341925779.47,0.010687022900763399,0.010687022900763399,0.01063032030175633,PASS,2026-06-08T14:53:34Z,D20260608.01
9988.HK,HK,equity,2020-09-23,266.8,269.2,264.8,267.0,264.8,20296916.0,5436694780.18,0.0083081570996979,0.0083081570996979,0.008273834337396398,PASS,2026-06-08T14:53:34Z,D20260608.01
9988.HK,HK,equity,2020-09-24,264.0,265.4,261.0,261.0,267.0,16462927.0,4320316470.26,-0.022471910112359605,-0.022471910112359605,-0.022728251077556175,PASS,2026-06-08T14:53:34Z,D20260608.01
9988.HK,HK,equity,2020-09-25,264.4,264.4,255.4,258.0,261.0,15319675.0,3979294977.85,-0.011494252873563204,-0.011494252873563204,-0.011560822401075971,PASS,2026-06-08T14:53:34Z,D20260608.01
9988.HK,HK,equity,2020-09-28,262.0,264.6,261.2,263.4,258.0,11818697.0,3114018882.8,0.020930232558139528,0.020930232558139528,0.020714204387563235,PASS,2026-06-08T14:53:34Z,D20260608.01
9988.HK,HK,equity,2020-09-29,268.2,270.0,265.4,265.4,263.4,16607941.0,4451841614.22,0.007593014426727329,0.007593014426727329,0.007564332588926387,PASS,2026-06-08T14:53:34Z,D20260608.01
9988.HK,HK,equity,2020-09-30,269.4,276.0,268.8,275.6,265.4,35325185.0,9671374120.88,0.038432554634514116,0.038432554634514116,0.03771241724139654,PASS,2026-06-08T14:53:34Z,D20260608.01
9988.HK,HK,equity,2020-10-05,285.0,285.0,278.6,282.0,275.6,25233089.0,7104519506.11,0.023222060957909907,0.023222060957909907,0.02295653179860998,PASS,2026-06-08T14:53:34Z,D20260608.01
9988.HK,HK,equity,2020-10-06,279.8,281.2,277.4,280.0,282.0,18023022.0,5042914323.6,-0.007092198581560294,-0.007092198581560294,-0.0071174677688639896,PASS,2026-06-08T14:53:34Z,D20260608.01
9988.HK,HK,equity,2020-10-07,283.8,289.0,282.6,288.2,280.0,21555736.0,6180850470.7,0.029285714285714137,0.029285714285714137,0.02886508039617196,PASS,2026-06-08T14:53:34Z,D20260608.01
9988.HK,HK,equity,2020-10-08,289.8,289.8,285.2,289.6,288.2,17175080.0,4950003160.18,0.004857737682165242,0.004857737682165242,0.004845976946139665,PASS,2026-06-08T14:53:34Z,D20260608.01
9988.HK,HK,equity,2020-10-09,291.0,293.0,283.8,286.2,289.6,22209544.0,6415637279.47,-0.01174033149171283,-0.01174033149171283,-0.011809793389210892,PASS,2026-06-08T14:53:34Z,D20260608.01
9988.HK,HK,equity,2020-10-12,288.0,293.0,287.6,292.0,286.2,15212791.0,4435100158.49,0.020265548567435454,0.020265548567435454,0.020062935145931306,PASS,2026-06-08T14:53:34Z,D20260608.01
9988.HK,HK,equity,2020-10-14,298.0,298.0,294.6,297.6,292.0,27640402.0,8197627652.25,0.019178082191780854,0.019178082191780854,0.018996500690655085,PASS,2026-06-08T14:53:34Z,D20260608.01
9988.HK,HK,equity,2020-10-15,290.4,291.0,284.2,284.8,297.6,26871063.0,7735200069.26,-0.043010752688172116,-0.043010752688172116,-0.043963123421116176,PASS,2026-06-08T14:53:34Z,D20260608.01
9988.HK,HK,equity,2020-10-16,290.0,294.0,288.8,294.0,284.8,18581210.0,5427453488.81,0.032303370786516794,0.032303370786516794,0.031792587800860854,PASS,2026-06-08T14:53:34Z,D20260608.01
9988.HK,HK,equity,2020-10-19,298.2,299.4,295.4,297.2,294.0,19704407.0,5859766176.7,0.010884353741496655,0.010884353741496655,0.010825545504922545,PASS,2026-06-08T14:53:34Z,D20260608.01
9988.HK,HK,equity,2020-10-20,297.8,300.4,296.2,299.4,297.2,19447954.0,5810052698.02,0.007402422611036297,0.007402422611036297,0.00737515914192384,PASS,2026-06-08T14:53:34Z,D20260608.01
9988.HK,HK,equity,2020-10-21,300.0,303.8,299.2,300.2,299.4,17439667.0,5247408793.36,0.002672010688042681,0.002672010688042681,0.0026684472138335264,PASS,2026-06-08T14:53:34Z,D20260608.01
9988.HK,HK,equity,2020-10-22,298.6,301.6,297.0,300.0,300.2,14381076.0,4311092175.82,-0.0006662225183210468,-0.0006662225183210468,-0.0006664445431604477,PASS,2026-06-08T14:53:34Z,D20260608.01
9988.HK,HK,equity,2020-10-23,297.8,300.4,297.0,298.0,300.0,15074407.0,4499506348.5,-0.00666666666666671,-0.00666666666666671,-0.006688988150796652,PASS,2026-06-08T14:53:34Z,D20260608.01
9988.HK,HK,equity,2020-10-27,296.6,300.6,294.2,300.0,298.0,18285289.0,5447408480.62,0.006711409395973256,0.006711409395973256,0.00668898815079671,PASS,2026-06-08T14:53:34Z,D20260608.01
9988.HK,HK,equity,2020-10-28,304.4,309.4,304.2,307.4,300.0,27847200.0,8559878076.14,0.024666666666666615,0.024666666666666615,0.024367356448294377,PASS,2026-06-08T14:53:34Z,D20260608.01
9988.HK,HK,equity,2020-10-29,300.0,305.6,299.0,302.6,307.4,24070737.0,7283180469.51,-0.01561483409238762,-0.01561483409238762,-0.01573802975023979,PASS,2026-06-08T14:53:34Z,D20260608.01
9988.HK,HK,equity,2020-10-30,301.0,303.0,292.6,293.2,302.6,26853552.0,7981680464.72,-0.031064111037673592,-0.031064111037673592,-0.03155683134175922,PASS,2026-06-08T14:53:34Z,D20260608.01
9988.HK,HK,equity,2020-11-02,298.4,298.4,291.4,297.8,293.2,18371445.0,5429222549.7,0.01568894952251032,0.01568894952251032,0.01556715023741227,PASS,2026-06-08T14:53:34Z,D20260608.01
9988.HK,HK,equity,2020-11-03,300.4,301.6,299.0,299.8,297.8,17260262.0,5177454907.54,0.00671591672263272,0.00671591672263272,0.006693465418588799,PASS,2026-06-08T14:53:34Z,D20260608.01
9988.HK,HK,equity,2020-11-04,272.0,282.0,272.0,277.2,299.8,101173866.0,28120207117.37,-0.07538358905937304,-0.07538358905937304,-0.07837631835274929,PASS,2026-06-08T14:53:34Z,D20260608.01
9988.HK,HK,equity,2020-11-05,285.6,294.6,285.6,294.6,277.2,42593676.0,12378945900.52,0.06277056277056281,0.06277056277056281,0.06087923671278177,PASS,2026-06-08T14:53:34Z,D20260608.01
9988.HK,HK,equity,2020-11-06,282.8,289.8,282.0,282.0,294.6,52373045.0,14888842669.58,-0.04276985743380868,-0.04276985743380868,-0.04371143309041644,PASS,2026-06-08T14:53:34Z,D20260608.01
9988.HK,HK,equity,2020-11-09,291.4,293.0,289.4,290.2,282.0,35794135.0,10404585724.93,0.02907801418439715,0.02907801418439715,0.02866326951197387,PASS,2026-06-08T14:53:34Z,D20260608.01
9988.HK,HK,equity,2020-11-10,283.4,283.8,273.0,275.4,290.2,63855746.0,17801275351.41,-0.0509993108201241,-0.0509993108201241,-0.05234575415553305,PASS,2026-06-08T14:53:34Z,D20260608.01
9988.HK,HK,equity,2020-11-11,255.0,258.8,248.4,248.4,275.4,116686276.0,29589258768.57,-0.09803921568627438,-0.09803921568627438,-0.10318423623523063,PASS,2026-06-08T14:53:34Z,D20260608.01
9988.HK,HK,equity,2020-11-12,257.8,258.6,252.2,253.0,248.4,54771508.0,13952038363.91,0.0185185185185186,0.0185185185185186,0.018349138668196617,PASS,2026-06-08T14:53:34Z,D20260608.01
9988.HK,HK,equity,2020-11-13,258.6,260.0,252.4,257.0,253.0,42011134.0,10763226917.28,0.015810276679841806,0.015810276679841806,0.015686596167699473,PASS,2026-06-08T14:53:34Z,D20260608.01
9988.HK,HK,equity,2020-11-16,253.4,254.6,245.0,254.0,257.0,40495713.0,10134007532.66,-0.011673151750972721,-0.011673151750972721,-0.011741817876683174,PASS,2026-06-08T14:53:34Z,D20260608.01
9988.HK,HK,equity,2020-11-17,255.0,255.6,249.8,249.8,254.0,27731447.0,6983949594.03,-0.016535433070866135,-0.016535433070866135,-0.016673669327059274,PASS,2026-06-08T14:53:34Z,D20260608.01
9988.HK,HK,equity,2020-11-18,251.0,252.0,247.6,250.0,249.8,21190712.0,5298100093.52,0.0008006405124099114,0.0008006405124099114,0.0008003201707691157,PASS,2026-06-08T14:53:34Z,D20260608.01
9988.HK,HK,equity,2020-11-19,250.0,250.0,245.0,245.2,250.0,19558960.0,4824224160.22,-0.019199999999999995,-0.019199999999999995,-0.019386713800190095,PASS,2026-06-08T14:53:34Z,D20260608.01
9988.HK,HK,equity,2020-11-20,251.0,255.0,249.2,253.0,245.2,24969028.0,6315914812.45,0.031810766721044104,0.031810766721044104,0.031315284665463954,PASS,2026-06-08T14:53:34Z,D20260608.01
9988.HK,HK,equity,2020-11-23,263.2,266.2,260.6,264.0,253.0,44892281.0,11848363431.4,0.04347826086956519,0.04347826086956519,0.0425596144187959,PASS,2026-06-08T14:53:34Z,D20260608.01
9988.HK,HK,equity,2020-11-24,273.0,274.6,267.8,270.0,264.0,41400443.0,11226366736.39,0.022727272727272707,0.022727272727272707,0.022472855852058576,PASS,2026-06-08T14:53:34Z,D20260608.01
9988.HK,HK,equity,2020-11-25,274.8,275.0,264.6,267.0,270.0,27982144.0,7535209591.21,-0.011111111111111072,-0.011111111111111072,-0.011173300598125189,PASS,2026-06-08T14:53:34Z,D20260608.01
9988.HK,HK,equity,2020-11-26,270.0,271.8,267.2,269.0,267.0,18539582.0,4994667750.68,0.0074906367041198685,0.0074906367041198685,0.007462721201589594,PASS,2026-06-08T14:53:34Z,D20260608.01
9988.HK,HK,equity,2020-11-27,271.0,271.0,267.2,269.6,269.0,11575149.0,3115603306.14,0.0022304832713755385,0.0022304832713755385,0.0022279994363129363,PASS,2026-06-08T14:53:34Z,D20260608.01
9988.HK,HK,equity,2020-11-30,264.0,264.8,258.6,261.4,269.6,19453729.0,5075038557.55,-0.030415430267062504,-0.030415430267062504,-0.030887577848030593,PASS,2026-06-08T14:53:34Z,D20260608.01
9988.HK,HK,equity,2020-12-01,256.8,259.6,254.6,257.2,261.4,19622885.0,5041333082.48,-0.016067329762815552,-0.016067329762815552,-0.016197808826657195,PASS,2026-06-08T14:53:34Z,D20260608.01
9988.HK,HK,equity,2020-12-02,257.0,257.2,254.0,255.2,257.2,17518631.0,4478535316.74,-0.007776049766718529,-0.007776049766718529,-0.007806440892829529,PASS,2026-06-08T14:53:34Z,D20260608.01
9988.HK,HK,equity,2020-12-03,255.2,258.4,254.6,257.4,255.2,14374923.0,3693312031.9,0.008620689655172376,0.008620689655172376,0.008583743691391435,PASS,2026-06-08T14:53:34Z,D20260608.01
9988.HK,HK,equity,2020-12-04,259.0,266.6,258.4,264.0,257.4,28041474.0,7385523768.16,0.025641025641025772,0.025641025641025772,0.02531780798429,PASS,2026-06-08T14:53:34Z,D20260608.01
9988.HK,HK,equity,2020-12-07,261.0,261.2,255.0,258.0,264.0,16021766.0,4132888474.91,-0.022727272727272707,-0.022727272727272707,-0.02298951822469872,PASS,2026-06-08T14:53:34Z,D20260608.01
9988.HK,HK,equity,2020-12-08,257.0,259.2,255.4,258.0,258.0,11781749.0,3034744808.1,0.0,0.0,0.0,PASS,2026-06-08T14:53:34Z,D20260608.01
9988.HK,HK,equity,2020-12-09,262.0,262.8,259.4,260.8,258.0,17024320.0,4449526999.03,0.010852713178294726,0.010852713178294726,0.010794245130880615,PASS,2026-06-08T14:53:34Z,D20260608.01
9988.HK,HK,equity,2020-12-10,255.6,256.2,253.0,255.4,260.8,21316945.0,5438671596.38,-0.020705521472392685,-0.020705521472392685,-0.020922886454059018,PASS,2026-06-08T14:53:34Z,D20260608.01
9988.HK,HK,equity,2020-12-11,259.0,260.6,257.0,258.4,255.4,12567160.0,3253601138.99,0.01174628034455738,0.01174628034455738,0.011677828310007694,PASS,2026-06-08T14:53:34Z,D20260608.01
9988.HK,HK,equity,2020-12-14,258.8,258.8,250.0,251.6,258.4,22655912.0,5729615165.6,-0.02631578947368418,-0.02631578947368418,-0.026668247082161294,PASS,2026-06-08T14:53:34Z,D20260608.01
9988.HK,HK,equity,2020-12-15,250.0,250.0,245.0,246.0,251.6,27969305.0,6886326966.48,-0.02225755166931631,-0.02225755166931631,-0.02250898889392259,PASS,2026-06-08T14:53:34Z,D20260608.01
9988.HK,HK,equity,2020-12-16,248.8,252.4,246.8,251.0,246.0,16279191.0,4076138256.05,0.020325203252032464,0.020325203252032464,0.020121403199421028,PASS,2026-06-08T14:53:34Z,D20260608.01
9988.HK,HK,equity,2020-12-17,255.4,258.0,254.4,258.0,251.0,18134098.0,4647504439.65,0.027888446215139417,0.027888446215139417,0.027506645789833514,PASS,2026-06-08T14:53:34Z,D20260608.01
9988.HK,HK,equity,2020-12-18,257.4,257.4,252.6,255.6,258.0,23943869.0,6105691990.2,-0.009302325581395321,-0.009302325581395321,-0.009345862418237658,PASS,2026-06-08T14:53:34Z,D20260608.01
9988.HK,HK,equity,2020-12-21,255.0,255.0,248.4,250.0,255.6,14314027.0,3601283485.7,-0.021909233176838794,-0.021909233176838794,-0.022152804641133287,PASS,2026-06-08T14:53:34Z,D20260608.01
9988.HK,HK,equity,2020-12-22,252.0,252.2,247.6,248.8,250.0,12519867.0,3121808250.7,-0.0047999999999999154,-0.0047999999999999154,-0.00481155699722197,PASS,2026-06-08T14:53:34Z,D20260608.01
9988.HK,HK,equity,2020-12-23,249.2,249.8,245.2,248.4,248.8,15189316.0,3760136050.75,-0.001607717041800627,-0.001607717041800627,-0.0016090108057006626,PASS,2026-06-08T14:53:34Z,D20260608.01
9988.HK,HK,equity,2020-12-24,240.0,240.0,226.2,228.2,248.4,69173505.0,15959593163.35,-0.0813204508856683,-0.0813204508856683,-0.08481791263134847,PASS,2026-06-08T14:53:34Z,D20260608.01
9988.HK,HK,equity,2020-12-28,219.4,219.8,207.2,210.0,228.2,104426789.0,22291605377.69,-0.07975460122699385,-0.07975460122699385,-0.08311490671050657,PASS,2026-06-08T14:53:34Z,D20260608.01
9988.HK,HK,equity,2020-12-29,216.2,225.0,216.2,222.0,210.0,42704055.0,9455648618.61,0.05714285714285716,0.05714285714285716,0.055569851154810786,PASS,2026-06-08T14:53:34Z,D20260608.01
9988.HK,HK,equity,2020-12-30,229.8,236.4,229.4,236.2,222.0,40430776.0,9470326477.44,0.06396396396396398,0.06396396396396398,0.0620015218909825,PASS,2026-06-08T14:53:34Z,D20260608.01
9988.HK,HK,equity,2020-12-31,233.0,233.0,229.0,232.6,236.2,15576728.0,3603968705.31,-0.015241320914479273,-0.015241320914479273,-0.015358663678697898,PASS,2026-06-08T14:53:34Z,D20260608.01
9988.HK,HK,equity,2021-01-04,224.8,228.6,223.4,227.6,232.6,27907724.0,6309314743.49,-0.021496130696474602,-0.021496130696474602,-0.021730537832388163,PASS,2026-06-08T14:53:34Z,D20260608.01
9988.HK,HK,equity,2021-01-05,220.0,224.2,219.2,223.0,227.6,35061260.0,7765442681.08,-0.020210896309314608,-0.020210896309314608,-0.02041793079205712,PASS,2026-06-08T14:53:34Z,D20260608.01
9988.HK,HK,equity,2021-01-06,228.0,232.6,227.8,230.0,223.0,31462508.0,7246448767.88,0.03139013452914807,0.03139013452914807,0.030907537463076704,PASS,2026-06-08T14:53:34Z,D20260608.01
9988.HK,HK,equity,2021-01-07,221.0,221.8,216.4,221.0,230.0,47362360.0,10400576927.92,-0.03913043478260869,-0.03913043478260869,-0.039916607405442554,PASS,2026-06-08T14:53:34Z,D20260608.01
9988.HK,HK,equity,2021-01-08,223.4,226.4,219.6,224.2,221.0,29880895.0,6686597383.42,0.014479638009049722,0.014479638009049722,0.014375809120306669,PASS,2026-06-08T14:53:34Z,D20260608.01
9988.HK,HK,equity,2021-01-11,227.2,230.4,220.0,221.0,224.2,49219037.0,11073011901.3,-0.014272970561998166,-0.014272970561998166,-0.014375809120306669,PASS,2026-06-08T14:53:34Z,D20260608.01
9988.HK,HK,equity,2021-01-12,221.0,221.0,217.2,220.0,221.0,36773693.0,8063156455.41,-0.004524886877828038,-0.004524886877828038,-0.004535155165391262,PASS,2026-06-08T14:53:34Z,D20260608.01
9988.HK,HK,equity,2021-01-13,221.6,225.6,221.0,223.8,220.0,25521304.0,5704300238.14,0.01727272727272733,0.01727272727272733,0.017125249525463376,PASS,2026-06-08T14:53:34Z,D20260608.01
9988.HK,HK,equity,2021-01-14,231.8,235.4,229.4,235.0,223.8,56102214.0,13089969050.25,0.05004468275245744,0.05004468275245744,0.048832718266333994,PASS,2026-06-08T14:53:34Z,D20260608.01
9988.HK,HK,equity,2021-01-15,238.0,244.2,236.2,241.0,235.0,56724043.0,13633874912.64,0.025531914893617058,0.025531914893617058,0.02521141934649607,PASS,2026-06-08T14:53:34Z,D20260608.01
9988.HK,HK,equity,2021-01-18,238.6,243.6,236.6,242.0,241.0,28459710.0,6862396379.73,0.004149377593360981,0.004149377593360981,0.004140792666031387,PASS,2026-06-08T14:53:34Z,D20260608.01
9988.HK,HK,equity,2021-01-19,245.0,248.8,242.2,244.2,242.0,35728468.0,8764559076.85,0.009090909090909038,0.009090909090909038,0.009049835519917856,PASS,2026-06-08T14:53:34Z,D20260608.01
9988.HK,HK,equity,2021-01-20,245.2,270.0,244.4,265.0,244.2,105283224.0,27424669105.97,0.08517608517608521,0.08517608517608521,0.08174226430961794,PASS,2026-06-08T14:53:34Z,D20260608.01
9988.HK,HK,equity,2021-01-21,259.6,262.6,255.2,258.6,265.0,52014003.0,13453226086.68,-0.024150943396226365,-0.024150943396226365,-0.024447359648465054,PASS,2026-06-08T14:53:34Z,D20260608.01
9988.HK,HK,equity,2021-01-22,252.4,253.4,247.2,250.6,258.6,39959960.0,10005166192.52,-0.030935808197989245,-0.030935808197989245,-0.031424423875789254,PASS,2026-06-08T14:53:34Z,D20260608.01
9988.HK,HK,equity,2021-01-25,252.6,262.8,251.0,258.0,250.6,47792619.0,12345860291.66,0.029529130087789346,0.029529130087789346,0.029101542459649538,PASS,2026-06-08T14:53:34Z,D20260608.01
9988.HK,HK,equity,2021-01-26,255.4,256.0,252.2,253.4,258.0,33317774.0,8464356033.5,-0.01782945736434105,-0.01782945736434105,-0.01799031703457871,PASS,2026-06-08T14:53:34Z,D20260608.01
9988.HK,HK,equity,2021-01-27,261.8,263.2,255.2,260.0,253.4,34684877.0,9026580124.14,0.026045777426992878,0.026045777426992878,0.025712363128489034,PASS,2026-06-08T14:53:34Z,D20260608.01
9988.HK,HK,equity,2021-01-28,252.8,257.6,250.4,251.6,260.0,34740164.0,8786240128.38,-0.03230769230769237,-0.03230769230769237,-0.03284110618924233,PASS,2026-06-08T14:53:34Z,D20260608.01
9988.HK,HK,equity,2021-01-29,251.6,254.0,242.0,246.8,251.6,34866053.0,8617470107.38,-0.019077901430842537,-0.019077901430842537,-0.01926223279505264,PASS,2026-06-08T14:53:34Z,D20260608.01
9988.HK,HK,equity,2021-02-01,246.0,252.0,245.0,251.2,246.8,27611659.0,6872671609.66,0.017828200972447306,0.017828200972447306,0.017671142562810844,PASS,2026-06-08T14:53:34Z,D20260608.01
9988.HK,HK,equity,2021-02-02,260.0,261.4,255.8,260.0,251.2,35793652.0,9290978799.96,0.035031847133758065,0.035031847133758065,0.03443219642148422,PASS,2026-06-08T14:53:34Z,D20260608.01
9988.HK,HK,equity,2021-02-03,249.8,266.0,247.2,261.0,260.0,58494910.0,14797214450.37,0.0038461538461538325,0.0038461538461538325,0.003838776307165667,PASS,2026-06-08T14:53:34Z,D20260608.01
9988.HK,HK,equity,2021-02-04,260.8,267.4,257.4,262.2,261.0,72252607.0,18961247185.76,0.0045977011494251485,0.0045977011494251485,0.00458716400690592,PASS,2026-06-08T14:53:34Z,D20260608.01
9988.HK,HK,equity,2021-02-05,259.8,261.4,256.4,258.0,262.2,30738742.0,7966043399.28,-0.016018306636155555,-0.016018306636155555,-0.01614798640798199,PASS,2026-06-08T14:53:34Z,D20260608.01
9988.HK,HK,equity,2021-02-08,259.6,262.4,255.4,256.4,258.0,14861452.0,3834836472.23,-0.006201550387596955,-0.006201550387596955,-0.006220859875102506,PASS,2026-06-08T14:53:34Z,D20260608.01
9988.HK,HK,equity,2021-02-09,255.8,257.4,253.0,255.4,256.4,21534617.0,5484390734.67,-0.003900156006240163,-0.003900156006240163,-0.003907781448075971,PASS,2026-06-08T14:53:34Z,D20260608.01
9988.HK,HK,equity,2021-02-10,258.6,263.0,257.4,262.0,255.4,28952395.0,7556389277.6,0.025841816758026548,0.025841816758026548,0.02551356016265786,PASS,2026-06-08T14:53:34Z,D20260608.01
9988.HK,HK,equity,2021-02-11,261.0,262.0,257.6,261.0,262.0,13576585.0,3527164461.62,-0.003816793893129722,-0.003816793893129722,-0.0038240964384033942,PASS,2026-06-08T14:53:34Z,D20260608.01
9988.HK,HK,equity,2021-02-16,264.8,266.0,263.2,264.2,261.0,35490449.0,9359589456.3,0.012260536398467359,0.012260536398467359,0.012185984765531462,PASS,2026-06-08T14:53:34Z,D20260608.01
9988.HK,HK,equity,2021-02-17,263.4,269.4,262.2,267.0,264.2,36931302.0,9850583544.88,0.010598031794095464,0.010598031794095464,0.010542266312024666,PASS,2026-06-08T14:53:34Z,D20260608.01
9988.HK,HK,equity,2021-02-18,263.4,263.8,260.0,260.4,267.0,29507989.0,7726721657.91,-0.024719101123595544,-0.024719101123595544,-0.02502974806583539,PASS,2026-06-08T14:53:34Z,D20260608.01
9988.HK,HK,equity,2021-02-19,256.0,258.0,252.4,257.0,260.4,27537542.0,7040845064.97,-0.013056835637480724,-0.013056835637480724,-0.013142825439194303,PASS,2026-06-08T14:53:34Z,D20260608.01
9988.HK,HK,equity,2021-02-22,256.0,256.4,249.8,250.6,257.0,30923499.0,7816051357.28,-0.024902723735408583,-0.024902723735408583,-0.025218042433251896,PASS,2026-06-08T14:53:34Z,D20260608.01
9988.HK,HK,equity,2021-02-23,246.4,248.8,243.2,247.6,250.6,24370829.0,6016334362.66,-0.011971268954509173,-0.011971268954509173,-0.012043501651526884,PASS,2026-06-08T14:53:34Z,D20260608.01
9988.HK,HK,equity,2021-02-24,247.6,248.8,240.0,242.8,247.6,31209824.0,7594054253.81,-0.019386106623586308,-0.019386106623586308,-0.019576481625097716,PASS,2026-06-08T14:53:34Z,D20260608.01
9988.HK,HK,equity,2021-02-25,243.4,248.8,239.2,243.4,242.8,27601154.0,6728205572.19,0.0024711696869852418,0.0024711696869852418,0.0024681213680836697,PASS,2026-06-08T14:53:34Z,D20260608.01
9988.HK,HK,equity,2021-02-26,232.8,234.4,230.8,232.4,243.4,42971525.0,10057303513.57,-0.04519309778142977,-0.04519309778142977,-0.04624615557567066,PASS,2026-06-08T14:53:34Z,D20260608.01
9988.HK,HK,equity,2021-03-01,234.8,236.6,232.4,234.6,232.4,25781049.0,6032555638.19,0.009466437177280573,0.009466437177280573,0.009421911241618947,PASS,2026-06-08T14:53:34Z,D20260608.01
9988.HK,HK,equity,2021-03-02,234.6,235.4,229.0,229.4,234.6,28438280.0,6572874941.94,-0.022165387894288124,-0.022165387894288124,-0.022414731524104746,PASS,2026-06-08T14:53:34Z,D20260608.01
9988.HK,HK,equity,2021-03-03,229.6,234.0,227.4,232.4,229.4,18744515.0,4345926328.44,0.013077593722754965,0.013077593722754965,0.0129928202824858,PASS,2026-06-08T14:53:34Z,D20260608.01
9988.HK,HK,equity,2021-03-04,231.0,231.2,227.0,227.2,232.4,17756272.0,4054005938.89,-0.022375215146299587,-0.022375215146299587,-0.022629338130759985,PASS,2026-06-08T14:53:34Z,D20260608.01
9988.HK,HK,equity,2021-03-08,228.8,231.6,220.2,220.6,227.0,24540546.0,5500393865.83,-0.028193832599119006,-0.028193832599119006,-0.028598910662000643,PASS,2026-06-08T14:53:34Z,D20260608.01
9988.HK,HK,equity,2021-03-09,224.0,230.0,218.6,224.0,220.6,35249748.0,7921617125.79,0.015412511332729029,0.015412511332729029,0.015294945035637861,PASS,2026-06-08T14:53:34Z,D20260608.01
9988.HK,HK,equity,2021-03-10,231.0,231.6,228.0,228.4,224.0,30292760.0,6944357102.68,0.019642857142857073,0.019642857142857073,0.01945242592681523,PASS,2026-06-08T14:53:34Z,D20260608.01
9988.HK,HK,equity,2021-03-11,229.0,230.4,226.4,227.6,228.4,29228815.0,6684606598.78,-0.00350262697022774,-0.00350262697022774,-0.0035087755296793655,PASS,2026-06-08T14:53:34Z,D20260608.01
9988.HK,HK,equity,2021-03-12,233.0,234.4,225.8,226.0,227.6,34231547.0,7869147069.06,-0.007029876977152849,-0.007029876977152849,-0.0070547029798899265,PASS,2026-06-08T14:53:34Z,D20260608.01
9988.HK,HK,equity,2021-03-15,227.0,227.8,219.4,221.4,226.0,33908103.0,7554639710.05,-0.02035398230088492,-0.02035398230088492,-0.020563978997749338,PASS,2026-06-08T14:53:34Z,D20260608.01
9988.HK,HK,equity,2021-03-16,222.4,222.6,220.6,221.4,221.4,20868000.0,4622070303.3,0.0,0.0,0.0,PASS,2026-06-08T14:53:34Z,D20260608.01
9988.HK,HK,equity,2021-03-17,221.0,223.4,219.4,222.6,221.4,18718973.0,4148452141.49,0.005420054200542035,0.005420054200542035,0.005405418566907982,PASS,2026-06-08T14:53:34Z,D20260608.01
9988.HK,HK,equity,2021-03-18,226.6,238.6,226.4,233.6,222.6,58621778.0,13742631451.48,0.04941599281221931,0.04941599281221931,0.048233812112627616,PASS,2026-06-08T14:53:34Z,D20260608.01
9988.HK,HK,equity,2021-03-19,232.0,234.6,229.6,234.6,233.6,44914799.0,10463877725.57,0.0042808219178083196,0.0042808219178083196,0.004271685265303196,PASS,2026-06-08T14:53:34Z,D20260608.01
9988.HK,HK,equity,2021-03-22,232.4,234.4,230.6,231.2,234.6,14508251.0,3370902191.69,-0.01449275362318847,-0.01449275362318847,-0.014598799421152749,PASS,2026-06-08T14:53:34Z,D20260608.01
9988.HK,HK,equity,2021-03-23,231.4,232.8,228.0,230.0,231.2,26218754.0,6046866155.4,-0.00519031141868509,-0.00519031141868509,-0.005203827875026998,PASS,2026-06-08T14:53:34Z,D20260608.01
9988.HK,HK,equity,2021-03-24,232.6,233.6,228.4,230.0,230.0,15811948.0,3642246790.24,0.0,0.0,0.0,PASS,2026-06-08T14:53:34Z,D20260608.01
9988.HK,HK,equity,2021-03-25,218.6,222.2,215.2,221.0,230.0,30783245.0,6763730544.24,-0.03913043478260869,-0.03913043478260869,-0.039916607405442554,PASS,2026-06-08T14:53:34Z,D20260608.01
9988.HK,HK,equity,2021-03-26,217.8,218.6,214.0,216.0,221.0,32976932.0,7121902938.96,-0.022624434389140302,-0.022624434389140302,-0.022884293833587845,PASS,2026-06-08T14:53:34Z,D20260608.01
9988.HK,HK,equity,2021-03-29,216.0,217.6,214.4,216.2,216.0,25704513.0,5548199167.4,0.0009259259259257746,0.0009259259259257746,0.0009254975209427494,PASS,2026-06-08T14:53:34Z,D20260608.01
9988.HK,HK,equity,2021-03-30,224.4,225.2,220.8,221.6,216.2,33848578.0,7538783515.97,0.024976873265494914,0.024976873265494914,0.024670049668020843,PASS,2026-06-08T14:53:34Z,D20260608.01
9988.HK,HK,equity,2021-03-31,224.0,224.2,219.8,220.0,221.6,19946806.0,4406987803.76,-0.0072202166064981865,-0.0072202166064981865,-0.007246408520767198,PASS,2026-06-08T14:53:34Z,D20260608.01
9988.HK,HK,equity,2021-04-01,223.0,226.2,220.6,225.6,220.0,23025316.0,5149546298.51,0.025454545454545396,0.025454545454545396,0.02513597327154224,PASS,2026-06-08T14:53:34Z,D20260608.01
9988.HK,HK,equity,2021-04-07,224.2,225.6,221.4,222.0,225.6,24885227.0,5550631946.32,-0.015957446808510634,-0.015957446808510634,-0.01608613775162438,PASS,2026-06-08T14:53:34Z,D20260608.01
9988.HK,HK,equity,2021-04-08,221.8,225.0,220.8,223.0,222.0,25337633.0,5664406310.73,0.0045045045045044585,0.0045045045045044585,0.004494389587839267,PASS,2026-06-08T14:53:34Z,D20260608.01
9988.HK,HK,equity,2021-04-09,223.0,223.0,216.8,218.0,223.0,22699587.0,4972340264.99,-0.022421524663677084,-0.022421524663677084,-0.0226767086710297,PASS,2026-06-08T14:53:34Z,D20260608.01
9988.HK,HK,equity,2021-04-12,230.0,237.6,226.6,232.2,218.0,77835113.0,18147041010.38,0.06513761467889911,0.06513761467889911,0.06310400647470214,PASS,2026-06-08T14:53:34Z,D20260608.01
9988.HK,HK,equity,2021-04-13,240.0,241.6,232.4,233.2,232.2,35951883.0,8516949881.11,0.004306632213608941,0.004306632213608941,0.004297385212546173,PASS,2026-06-08T14:53:34Z,D20260608.01
9988.HK,HK,equity,2021-04-14,236.6,238.0,235.0,237.8,233.2,21526494.0,5098805723.46,0.019725557461406584,0.019725557461406584,0.019533529780344207,PASS,2026-06-08T14:53:34Z,D20260608.01
9988.HK,HK,equity,2021-04-15,234.0,234.8,230.6,233.8,237.8,20324396.0,4744676727.0,-0.016820857863751093,-0.016820857863751093,-0.01696393521871346,PASS,2026-06-08T14:53:34Z,D20260608.01
9988.HK,HK,equity,2021-04-16,232.0,237.4,231.6,235.6,233.8,31491743.0,7393839935.73,0.007698887938408783,0.007698887938408783,0.00766940273946349,PASS,2026-06-08T14:53:34Z,D20260608.01
9988.HK,HK,equity,2021-04-19,232.0,234.4,231.2,232.0,235.6,24351578.0,5679238436.54,-0.015280135823429464,-0.015280135823429464,-0.015398080111121606,PASS,2026-06-08T14:53:34Z,D20260608.01
9988.HK,HK,equity,2021-04-20,228.4,228.6,225.2,228.2,232.0,19985710.0,4543897861.74,-0.016379310344827647,-0.016379310344827647,-0.016514934238334753,PASS,2026-06-08T14:53:34Z,D20260608.01
9988.HK,HK,equity,2021-04-21,222.0,222.8,220.2,221.8,228.2,21338590.0,4721783380.29,-0.028045574057843914,-0.028045574057843914,-0.02844636251170852,PASS,2026-06-08T14:53:34Z,D20260608.01
9988.HK,HK,equity,2021-04-22,221.8,224.4,220.6,221.4,221.8,15020535.0,3331485472.04,-0.0018034265103696878,-0.0018034265103696878,-0.0018050546417301423,PASS,2026-06-08T14:53:34Z,D20260608.01
9988.HK,HK,equity,2021-04-23,223.6,226.6,222.8,224.4,221.4,16197504.0,3638145390.5,0.013550135501354976,0.013550135501354976,0.01345915337400471,PASS,2026-06-08T14:53:34Z,D20260608.01
9988.HK,HK,equity,2021-04-26,226.0,227.8,224.4,224.6,224.4,14207473.0,3208411996.76,0.0008912655971478056,0.0008912655971478056,0.0008908686558014111,PASS,2026-06-08T14:53:34Z,D20260608.01
9988.HK,HK,equity,2021-04-27,226.0,228.6,225.4,226.4,224.6,14100733.0,3200336205.82,0.00801424755120217,0.00801424755120217,0.007982304024685095,PASS,2026-06-08T14:53:34Z,D20260608.01
9988.HK,HK,equity,2021-04-28,228.8,232.0,227.0,231.6,226.4,27538276.0,6357138869.02,0.0229681978798586,0.0229681978798586,0.02270839936981225,PASS,2026-06-08T14:53:34Z,D20260608.01
9988.HK,HK,equity,2021-04-29,233.8,233.8,230.4,231.4,231.6,13445304.0,3120067844.3,-0.0008635578583764403,-0.0008635578583764403,-0.0008639309392639073,PASS,2026-06-08T14:53:34Z,D20260608.01
9988.HK,HK,equity,2021-04-30,227.0,227.4,223.4,225.0,231.4,18390472.0,4141220775.82,-0.02765773552290407,-0.02765773552290407,-0.028047412555156075,PASS,2026-06-08T14:53:34Z,D20260608.01
9988.HK,HK,equity,2021-05-03,225.0,226.8,222.4,223.8,225.0,10743054.0,2401662834.03,-0.005333333333333301,-0.005333333333333301,-0.005347606326595242,PASS,2026-06-08T14:53:34Z,D20260608.01
9988.HK,HK,equity,2021-05-04,223.4,225.6,223.0,225.2,223.8,8757722.0,1965706404.15,0.006255585344057124,0.006255585344057124,0.0062361003877103895,PASS,2026-06-08T14:53:34Z,D20260608.01
9988.HK,HK,equity,2021-05-05,221.6,222.6,219.4,220.0,225.2,15431071.0,3408118991.2,-0.023090586145648295,-0.023090586145648295,-0.023361349913173762,PASS,2026-06-08T14:53:34Z,D20260608.01
9988.HK,HK,equity,2021-05-06,220.8,222.8,219.6,221.6,220.0,11577986.0,2560554195.68,0.0072727272727273196,0.0072727272727273196,0.007246408520767253,PASS,2026-06-08T14:53:34Z,D20260608.01
9988.HK,HK,equity,2021-05-07,221.0,222.4,219.0,219.8,221.6,15513681.0,3424316508.18,-0.008122743682310363,-0.008122743682310363,-0.008155912903607648,PASS,2026-06-08T14:53:34Z,D20260608.01
9988.HK,HK,equity,2021-05-10,219.8,221.2,213.0,215.2,219.8,22333260.0,4815713487.14,-0.020928116469517866,-0.020928116469517866,-0.021150213681891763,PASS,2026-06-08T14:53:34Z,D20260608.01
9988.HK,HK,equity,2021-05-11,210.6,211.4,207.0,207.6,215.2,24014630.0,5001804340.96,-0.03531598513011147,-0.03531598513011147,-0.035954676995895725,PASS,2026-06-08T14:53:34Z,D20260608.01
9988.HK,HK,equity,2021-05-12,215.0,220.8,214.0,220.2,207.6,31199699.0,6807868392.98,0.06069364161849711,0.06069364161849711,0.058923072996846015,PASS,2026-06-08T14:53:34Z,D20260608.01
9988.HK,HK,equity,2021-05-13,215.8,218.0,213.2,213.2,220.2,18348468.0,3966144932.12,-0.031789282470481406,-0.031789282470481406,-0.03230553199689014,PASS,2026-06-08T14:53:34Z,D20260608.01
9988.HK,HK,equity,2021-05-14,202.0,205.2,200.2,204.6,213.2,52690766.0,10704069341.43,-0.040337711069418414,-0.040337711069418414,-0.0411738387741634,PASS,2026-06-08T14:53:34Z,D20260608.01
9988.HK,HK,equity,2021-05-17,204.6,208.8,203.2,205.4,204.6,27817583.0,5733812100.82,0.003910068426197455,0.003910068426197455,0.0039024439769317454,PASS,2026-06-08T14:53:34Z,D20260608.01
9988.HK,HK,equity,2021-05-18,207.2,208.6,206.6,207.6,205.4,18530861.0,3845032384.86,0.010710808179162479,0.010710808179162479,0.010653853797275589,PASS,2026-06-08T14:53:34Z,D20260608.01
9988.HK,HK,equity,2021-05-20,207.0,208.0,204.4,206.0,207.6,30886478.0,6357357815.42,-0.0077071290944122905,-0.0077071290944122905,-0.0077369825021524515,PASS,2026-06-08T14:53:34Z,D20260608.01
9988.HK,HK,equity,2021-05-21,210.2,210.6,206.0,208.0,206.0,38645780.0,8006115533.38,0.009708737864077666,0.009708737864077666,0.00966191091173689,PASS,2026-06-08T14:53:34Z,D20260608.01
9988.HK,HK,equity,2021-05-24,206.0,206.0,204.0,205.0,208.0,17159113.0,3520654616.28,-0.014423076923076872,-0.014423076923076872,-0.014528100562909744,PASS,2026-06-08T14:53:34Z,D20260608.01
9988.HK,HK,equity,2021-05-25,203.6,207.0,203.4,206.0,205.0,23472797.0,4825599754.07,0.004878048780487809,0.004878048780487809,0.004866189651172906,PASS,2026-06-08T14:53:34Z,D20260608.01
9988.HK,HK,equity,2021-05-26,207.8,208.6,206.4,207.0,206.0,16688924.0,3462679023.4,0.004854368932038833,0.004854368932038833,0.004842624475787991,PASS,2026-06-08T14:53:34Z,D20260608.01
9988.HK,HK,equity,2021-05-27,205.4,208.8,205.0,208.8,207.0,31113636.0,6457812433.49,0.008695652173912993,0.008695652173912993,0.008658062743114531,PASS,2026-06-08T14:53:34Z,D20260608.01
9988.HK,HK,equity,2021-05-28,208.4,209.4,206.6,207.4,208.8,24377407.0,5072496490.97,-0.006704980842911934,-0.006704980842911934,-0.006727560213056757,PASS,2026-06-08T14:53:34Z,D20260608.01
9988.HK,HK,equity,2021-05-31,208.4,211.4,207.8,211.0,207.4,21707496.0,4545266466.74,0.017357762777242103,0.017357762777242103,0.017208837680639598,PASS,2026-06-08T14:53:34Z,D20260608.01
9988.HK,HK,equity,2021-06-01,213.6,219.6,212.4,218.2,211.0,38847778.0,8428381502.22,0.034123222748815074,0.034123222748815074,0.03355393992290386,PASS,2026-06-08T14:53:34Z,D20260608.01
9988.HK,HK,equity,2021-06-02,215.8,215.8,212.6,214.4,218.2,31538468.0,6760807899.05,-0.01741521539871671,-0.01741521539871671,-0.017568644202323458,PASS,2026-06-08T14:53:34Z,D20260608.01
9988.HK,HK,equity,2021-06-03,213.8,213.8,209.6,210.8,214.4,18209307.0,3851552375.5,-0.016791044776119368,-0.016791044776119368,-0.016933612529439625,PASS,2026-06-08T14:53:34Z,D20260608.01
9988.HK,HK,equity,2021-06-04,208.8,213.8,208.6,210.2,210.8,39982639.0,8422125693.99,-0.002846299810246755,-0.002846299810246755,-0.002850358224356586,PASS,2026-06-08T14:53:34Z,D20260608.01
9988.HK,HK,equity,2021-06-07,211.6,212.6,209.0,212.0,210.2,23713310.0,4999389893.26,0.008563273073263655,0.008563273073263655,0.008526816229161798,PASS,2026-06-08T14:53:34Z,D20260608.01
9988.HK,HK,equity,2021-06-08,211.8,212.0,208.8,210.2,212.0,14131162.0,2968615171.8,-0.008490566037735903,-0.008490566037735903,-0.008526816229161757,PASS,2026-06-08T14:53:34Z,D20260608.01
9988.HK,HK,equity,2021-06-09,209.2,210.4,207.2,208.0,210.2,14721409.0,3065981586.04,-0.010466222645099887,-0.010466222645099887,-0.01052137874153276,PASS,2026-06-08T14:53:34Z,D20260608.01
9988.HK,HK,equity,2021-06-10,208.8,211.2,206.0,207.6,208.0,15353710.0,3191739630.48,-0.0019230769230769162,-0.0019230769230769162,-0.0019249284095843938,PASS,2026-06-08T14:53:34Z,D20260608.01
9988.HK,HK,equity,2021-06-11,207.8,208.0,204.4,205.2,207.6,21751657.0,4471789824.97,-0.011560693641618491,-0.011560693641618491,-0.011628037995119099,PASS,2026-06-08T14:53:34Z,D20260608.01
9988.HK,HK,equity,2021-06-15,209.6,209.6,204.4,206.4,205.2,16521833.0,3416462988.89,0.005847953216374435,0.005847953216374435,0.005830920310793365,PASS,2026-06-08T14:53:34Z,D20260608.01
9988.HK,HK,equity,2021-06-16,205.4,205.4,203.4,203.4,206.4,15362004.0,3133564451.74,-0.014534883720930258,-0.014534883720930258,-0.014641549992948118,PASS,2026-06-08T14:53:34Z,D20260608.01
9988.HK,HK,equity,2021-06-17,202.0,204.0,201.2,203.8,203.4,12114454.0,2457271206.13,0.001966568338249708,0.001966568338249708,0.001964637174164816,PASS,2026-06-08T14:53:34Z,D20260608.01
9988.HK,HK,equity,2021-06-18,204.4,207.6,203.8,207.0,203.8,26572314.0,5484834338.94,0.015701668302257055,0.015701668302257055,0.015579672476744575,PASS,2026-06-08T14:53:34Z,D20260608.01
9988.HK,HK,equity,2021-06-21,206.0,207.6,203.8,205.4,207.0,14510523.0,2978268160.57,-0.007729468599033784,-0.007729468599033784,-0.0077594957709111855,PASS,2026-06-08T14:53:34Z,D20260608.01
9988.HK,HK,equity,2021-06-22,204.0,204.4,201.8,203.0,205.4,16162775.0,3284650437.73,-0.011684518013632017,-0.011684518013632017,-0.011753318452670603,PASS,2026-06-08T14:53:34Z,D20260608.01
9988.HK,HK,equity,2021-06-23,205.0,207.6,204.2,207.2,203.0,16558423.0,3415871148.8,0.020689655172413834,0.020689655172413834,0.0204785313435407,PASS,2026-06-08T14:53:34Z,D20260608.01
9988.HK,HK,equity,2021-06-24,209.6,212.6,209.2,210.2,207.2,16482032.0,3469139076.03,0.014478764478764505,0.014478764478764505,0.014374948057522784,PASS,2026-06-08T14:53:34Z,D20260608.01
9988.HK,HK,equity,2021-06-25,212.8,216.4,211.2,215.6,210.2,29426102.0,6310805455.16,0.025689819219790744,0.025689819219790744,0.025365380591991404,PASS,2026-06-08T14:53:34Z,D20260608.01
9988.HK,HK,equity,2021-06-28,220.8,225.0,219.2,222.0,215.6,23248108.0,5138780379.27,0.029684601113172615,0.029684601113172615,0.029252542837437428,PASS,2026-06-08T14:53:34Z,D20260608.01
9988.HK,HK,equity,2021-06-29,222.0,222.8,218.0,219.4,222.0,22735870.0,4995780387.66,-0.011711711711711703,-0.011711711711711703,-0.011780834031149566,PASS,2026-06-08T14:53:34Z,D20260608.01
9988.HK,HK,equity,2021-06-30,222.0,222.8,220.0,220.0,219.4,17882516.0,3953022291.21,0.0027347310847767314,0.0027347310847767314,0.0027309985112317337,PASS,2026-06-08T14:53:34Z,D20260608.01
9988.HK,HK,equity,2021-07-02,216.2,216.2,210.6,212.0,220.0,27196447.0,5775348343.32,-0.036363636363636376,-0.036363636363636376,-0.0370412716803491,PASS,2026-06-08T14:53:34Z,D20260608.01
9988.HK,HK,equity,2021-07-05,209.0,209.8,205.0,206.0,212.0,21390710.0,4424221111.58,-0.028301886792452824,-0.028301886792452824,-0.028710105882431367,PASS,2026-06-08T14:53:34Z,D20260608.01
9988.HK,HK,equity,2021-07-06,205.2,209.4,203.6,209.4,206.0,18506503.0,3831531354.52,0.01650485436893212,0.01650485436893212,0.01637012964685548,PASS,2026-06-08T14:53:34Z,D20260608.01
9988.HK,HK,equity,2021-07-07,207.0,207.0,204.4,205.8,209.4,16935600.0,3485370834.27,-0.017191977077363862,-0.017191977077363862,-0.017341475036487215,PASS,2026-06-08T14:53:34Z,D20260608.01
9988.HK,HK,equity,2021-07-08,202.2,203.2,197.0,197.3,205.8,37789548.0,7536824126.76,-0.04130223517978615,-0.04130223517978615,-0.04217941037137952,PASS,2026-06-08T14:53:34Z,D20260608.01
9988.HK,HK,equity,2021-07-09,195.0,196.6,189.9,195.5,197.3,35815396.0,6949893725.27,-0.009123162696401454,-0.009123162696401454,-0.009165033603149237,PASS,2026-06-08T14:53:34Z,D20260608.01
9988.HK,HK,equity,2021-07-12,199.3,200.8,195.3,197.4,195.5,19585720.0,3860325694.13,0.009718670076726443,0.009718670076726443,0.009671747573960847,PASS,2026-06-08T14:53:34Z,D20260608.01
9988.HK,HK,equity,2021-07-13,199.4,207.4,197.6,205.2,197.4,30179190.0,6158281848.03,0.03951367781155013,0.03951367781155013,0.03875298629723324,PASS,2026-06-08T14:53:34Z,D20260608.01
9988.HK,HK,equity,2021-07-14,205.2,206.8,203.8,206.4,205.2,25764588.0,5301107250.18,0.005847953216374435,0.005847953216374435,0.005830920310793365,PASS,2026-06-08T14:53:34Z,D20260608.01
9988.HK,HK,equity,2021-07-15,206.4,214.2,206.0,210.6,206.4,45293673.0,9575940689.26,0.02034883720930236,0.02034883720930236,0.020144566092467495,PASS,2026-06-08T14:53:34Z,D20260608.01
9988.HK,HK,equity,2021-07-16,210.4,211.6,207.8,209.4,210.6,55141154.0,11568748321.62,-0.005698005698005604,-0.005698005698005604,-0.005714301263438552,PASS,2026-06-08T14:53:34Z,D20260608.01
9988.HK,HK,equity,2021-07-19,205.8,205.8,201.8,202.6,209.4,43294441.0,8938676268.57,-0.03247373447946522,-0.03247373447946522,-0.03301270662185356,PASS,2026-06-08T14:53:34Z,D20260608.01
9988.HK,HK,equity,2021-07-20,204.0,206.4,200.4,202.8,202.6,14790988.0,3004026921.82,0.000987166831194486,0.000987166831194486,0.0009866799024451063,PASS,2026-06-08T14:53:34Z,D20260608.01
9988.HK,HK,equity,2021-07-21,205.6,206.0,201.4,203.0,202.8,14800334.0,3003592349.93,0.0009861932938854956,0.0009861932938854956,0.0009857073247591282,PASS,2026-06-08T14:53:34Z,D20260608.01
9988.HK,HK,equity,2021-07-22,205.6,207.6,205.4,207.4,203.0,12066102.0,2493377839.54,0.021674876847290747,0.021674876847290747,0.021443316753639727,PASS,2026-06-08T14:53:34Z,D20260608.01
9988.HK,HK,equity,2021-07-23,208.8,208.8,203.4,205.2,207.4,11735052.0,2416973322.2,-0.010607521697203581,-0.010607521697203581,-0.010664182498812597,PASS,2026-06-08T14:53:34Z,D20260608.01
9988.HK,HK,equity,2021-07-26,199.2,199.2,192.0,192.1,205.2,43322099.0,8446825053.8,-0.06384015594541903,-0.06384015594541903,-0.06596904352210342,PASS,2026-06-08T14:53:34Z,D20260608.01
9988.HK,HK,equity,2021-07-27,183.8,188.5,174.5,179.9,192.1,66752350.0,12137007766.37,-0.06350858927641845,-0.06350858927641845,-0.06561492881802346,PASS,2026-06-08T14:53:34Z,D20260608.01
9988.HK,HK,equity,2021-07-28,179.5,184.6,176.2,183.2,179.9,52598759.0,9511125623.24,0.01834352418009999,0.01834352418009999,0.01817731128354241,PASS,2026-06-08T14:53:34Z,D20260608.01
9988.HK,HK,equity,2021-07-29,191.8,197.3,189.3,197.3,183.2,57050274.0,11034896844.32,0.07696506550218363,0.07696506550218363,0.07414696078853998,PASS,2026-06-08T14:53:34Z,D20260608.01
9988.HK,HK,equity,2021-07-30,190.4,190.7,185.6,189.0,197.3,26604358.0,5013843337.01,-0.04206791687785105,-0.04206791687785105,-0.04297839796892735,PASS,2026-06-08T14:53:34Z,D20260608.01
9988.HK,HK,equity,2021-08-02,189.0,193.3,187.2,191.9,189.0,24424086.0,4661555040.69,0.015343915343915437,0.015343915343915437,0.015227387954011939,PASS,2026-06-08T14:53:34Z,D20260608.01
9988.HK,HK,equity,2021-08-03,195.5,195.5,187.2,193.5,191.9,25920558.0,4971672774.27,0.008337675872850392,0.008337675872850392,0.00830310945618222,PASS,2026-06-08T14:53:34Z,D20260608.01
9988.HK,HK,equity,2021-08-04,191.3,194.5,186.5,192.3,193.5,23029276.0,4419809672.51,-0.006201550387596844,-0.006201550387596844,-0.006220859875102394,PASS,2026-06-08T14:53:34Z,D20260608.01
9988.HK,HK,equity,2021-08-05,194.9,197.6,191.8,192.5,192.3,21169911.0,4115268662.45,0.0010400416016640435,0.0010400416016640435,0.0010395011331048442,PASS,2026-06-08T14:53:34Z,D20260608.01
9988.HK,HK,equity,2021-08-06,192.2,194.3,190.3,193.5,192.5,15486524.0,2984418119.7,0.0051948051948051965,0.0051948051948051965,0.0051813587419975845,PASS,2026-06-08T14:53:34Z,D20260608.01
9988.HK,HK,equity,2021-08-09,187.0,191.6,185.1,188.7,193.5,28015589.0,5268905113.77,-0.024806201550387708,-0.024806201550387708,-0.025119060095332078,PASS,2026-06-08T14:53:34Z,D20260608.01
9988.HK,HK,equity,2021-08-10,190.0,192.9,187.6,192.9,188.7,17983679.0,3433989554.67,0.022257551669316422,0.022257551669316422,0.022013467537178907,PASS,2026-06-08T14:53:34Z,D20260608.01
9988.HK,HK,equity,2021-08-11,190.6,192.4,188.4,191.2,192.9,13796247.0,2629768302.3,-0.008812856402281022,-0.008812856402281022,-0.00885191929438253,PASS,2026-06-08T14:53:34Z,D20260608.01
9988.HK,HK,equity,2021-08-12,190.0,190.8,186.4,188.7,191.2,14517317.0,2733942590.58,-0.013075313807531352,-0.013075313807531352,-0.013161548242796351,PASS,2026-06-08T14:53:34Z,D20260608.01
9988.HK,HK,equity,2021-08-13,185.5,185.8,181.5,184.0,188.7,21527678.0,3944021088.9,-0.02490726020137779,-0.02490726020137779,-0.025222694765518854,PASS,2026-06-08T14:53:34Z,D20260608.01
9988.HK,HK,equity,2021-08-16,183.9,183.9,179.6,180.4,184.0,19542473.0,3535678619.62,-0.019565217391304346,-0.019565217391304346,-0.019759149980462333,PASS,2026-06-08T14:53:34Z,D20260608.01
9988.HK,HK,equity,2021-08-17,177.9,178.9,171.0,171.8,180.4,42641139.0,7423462698.28,-0.047671840354767125,-0.047671840354767125,-0.048845598078368226,PASS,2026-06-08T14:53:34Z,D20260608.01
9988.HK,HK,equity,2021-08-18,170.0,172.7,169.4,171.6,171.8,23291029.0,3989823219.61,-0.0011641443538999985,-0.0011641443538999985,-0.0011648224962932054,PASS,2026-06-08T14:53:34Z,D20260608.01
9988.HK,HK,equity,2021-08-19,168.6,169.4,160.3,162.1,171.6,45396323.0,7465024146.23,-0.055361305361305346,-0.055361305361305346,-0.05695275831223147,PASS,2026-06-08T14:53:34Z,D20260608.01
9988.HK,HK,equity,2021-08-20,158.1,160.7,155.1,157.9,162.1,54863086.0,8667704071.43,-0.025909932140653846,-0.025909932140653846,-0.02625150748003394,PASS,2026-06-08T14:53:34Z,D20260608.01
9988.HK,HK,equity,2021-08-23,155.9,160.0,151.2,152.1,157.9,69681080.0,10752794232.59,-0.03673210892970247,-0.03673210892970247,-0.037423721996349364,PASS,2026-06-08T14:53:34Z,D20260608.01
9988.HK,HK,equity,2021-08-24,156.8,166.6,156.3,166.5,152.1,52107427.0,8431895586.8,0.09467455621301779,0.09467455621301779,0.09045711015525139,PASS,2026-06-08T14:53:34Z,D20260608.01
9988.HK,HK,equity,2021-08-25,170.8,172.3,162.4,164.1,166.5,53797802.0,8926318762.85,-0.01441441441441449,-0.01441441441441449,-0.01451931132445338,PASS,2026-06-08T14:53:34Z,D20260608.01
9988.HK,HK,equity,2021-08-26,164.3,165.9,160.1,162.2,164.1,25997432.0,4228107633.47,-0.011578305911029929,-0.011578305911029929,-0.011645856414732737,PASS,2026-06-08T14:53:34Z,D20260608.01
9988.HK,HK,equity,2021-08-27,160.7,163.1,153.7,155.9,162.2,51566566.0,8137562763.04,-0.03884093711467318,-0.03884093711467318,-0.039615365617581645,PASS,2026-06-08T14:53:34Z,D20260608.01
9988.HK,HK,equity,2021-08-30,155.9,160.1,154.3,158.2,155.9,33016759.0,5205951121.99,0.014753046824887539,0.014753046824887539,0.014645279269822457,PASS,2026-06-08T14:53:34Z,D20260608.01
9988.HK,HK,equity,2021-08-31,158.5,165.5,154.7,165.5,158.2,49830778.0,8068832103.21,0.04614412136536039,0.04614412136536039,0.045111139483564176,PASS,2026-06-08T14:53:34Z,D20260608.01
9988.HK,HK,equity,2021-09-01,163.5,167.6,161.7,165.2,165.5,36318509.0,5990303590.5,-0.0018126888217523396,-0.0018126888217523396,-0.0018143337302399746,PASS,2026-06-08T14:53:34Z,D20260608.01
9988.HK,HK,equity,2021-09-02,170.0,171.9,167.6,171.0,165.2,32232099.0,5482550520.6,0.03510895883777243,0.03510895883777243,0.03450669541578218,PASS,2026-06-08T14:53:34Z,D20260608.01
9988.HK,HK,equity,2021-09-03,168.4,168.5,164.0,164.9,171.0,48210742.0,7969997734.39,-0.03567251461988297,-0.03567251461988297,-0.03632432693710655,PASS,2026-06-08T14:53:34Z,D20260608.01
9988.HK,HK,equity,2021-09-06,164.5,168.0,163.8,168.0,164.9,24264531.0,4022363154.8,0.018799272286234014,0.018799272286234014,0.01862474983770564,PASS,2026-06-08T14:53:34Z,D20260608.01
9988.HK,HK,equity,2021-09-07,168.4,171.8,168.3,170.0,168.0,24179489.0,4114852274.64,0.011904761904761862,0.011904761904761862,0.011834457647002798,PASS,2026-06-08T14:53:34Z,D20260608.01
9988.HK,HK,equity,2021-09-08,170.0,173.4,169.3,170.9,170.0,24995877.0,4279542760.81,0.0052941176470588935,0.0052941176470588935,0.005280153071283511,PASS,2026-06-08T14:53:34Z,D20260608.01
9988.HK,HK,equity,2021-09-09,165.0,166.1,160.3,161.0,170.9,28379942.0,4632163922.95,-0.057928613224107695,-0.057928613224107695,-0.05967422513708224,PASS,2026-06-08T14:53:34Z,D20260608.01
9988.HK,HK,equity,2021-09-10,163.7,168.2,163.4,167.9,161.0,27766697.0,4624973117.02,0.04285714285714293,0.04285714285714293,0.04196419909903221,PASS,2026-06-08T14:53:34Z,D20260608.01
9988.HK,HK,equity,2021-09-13,161.5,163.0,156.9,160.8,167.9,25905101.0,4149204466.64,-0.04228707564026202,-0.04228707564026202,-0.043207207338629094,PASS,2026-06-08T14:53:34Z,D20260608.01
9988.HK,HK,equity,2021-09-14,160.4,162.1,156.4,158.3,160.8,22361537.0,3546557742.33,-0.015547263681592094,-0.015547263681592094,-0.015669389857899587,PASS,2026-06-08T14:53:34Z,D20260608.01
9988.HK,HK,equity,2021-09-15,155.5,156.9,153.6,154.0,158.3,28239189.0,4369306956.26,-0.02716361339229323,-0.02716361339229323,-0.027539364473337425,PASS,2026-06-08T14:53:34Z,D20260608.01
9988.HK,HK,equity,2021-09-16,153.6,153.9,149.1,151.5,154.0,33935111.0,5123135373.18,-0.016233766233766267,-0.016233766233766267,-0.01636697746420536,PASS,2026-06-08T14:53:34Z,D20260608.01
9988.HK,HK,equity,2021-09-17,150.6,155.7,150.2,154.9,151.5,30179321.0,4647387717.05,0.022442244224422536,0.022442244224422536,0.022194122473399205,PASS,2026-06-08T14:53:34Z,D20260608.01
9988.HK,HK,equity,2021-09-20,154.2,154.3,150.7,151.5,154.9,17981515.0,2738711003.13,-0.021949644932214407,-0.021949644932214407,-0.02219412247339919,PASS,2026-06-08T14:53:34Z,D20260608.01
9988.HK,HK,equity,2021-09-21,146.0,149.5,145.5,148.7,151.5,23944111.0,3537636053.62,-0.018481848184818572,-0.018481848184818572,-0.018654771483314535,PASS,2026-06-08T14:53:34Z,D20260608.01
9988.HK,HK,equity,2021-09-23,148.0,150.8,146.4,148.4,148.7,32529431.0,4818547949.38,-0.0020174848688633285,-0.0020174848688633285,-0.00201952273282916,PASS,2026-06-08T14:53:34Z,D20260608.01
9988.HK,HK,equity,2021-09-24,146.7,148.3,143.8,144.3,148.4,30354881.0,4425802658.35,-0.02762803234501343,-0.02762803234501343,-0.02801686495345484,PASS,2026-06-08T14:53:34Z,D20260608.01
9988.HK,HK,equity,2021-09-27,142.2,145.5,141.2,141.9,144.3,31609172.0,4513012652.04,-0.016632016632016633,-0.016632016632016633,-0.016771881613828213,PASS,2026-06-08T14:53:34Z,D20260608.01
9988.HK,HK,equity,2021-09-28,145.4,153.0,144.5,150.9,141.9,42597994.0,6395197877.08,0.06342494714587743,0.06342494714587743,0.06149478160780629,PASS,2026-06-08T14:53:34Z,D20260608.01
9988.HK,HK,equity,2021-09-29,148.3,149.3,145.5,148.3,150.9,24903515.0,3682628903.58,-0.01722995361166335,-0.01722995361166335,-0.0173801166299168,PASS,2026-06-08T14:53:34Z,D20260608.01
9988.HK,HK,equity,2021-09-30,144.9,144.9,141.0,142.2,148.3,38043224.0,5421289300.13,-0.04113283884018892,-0.04113283884018892,-0.04200273177474603,PASS,2026-06-08T14:53:34Z,D20260608.01
9988.HK,HK,equity,2021-10-04,143.5,143.5,136.4,137.0,142.2,41840351.0,5829085747.43,-0.03656821378340358,-0.03656821378340358,-0.037253591541015506,PASS,2026-06-08T14:53:34Z,D20260608.01
9988.HK,HK,equity,2021-10-05,132.0,135.9,132.0,135.3,137.0,30437300.0,4082575636.24,-0.012408759124087454,-0.012408759124087454,-0.01248639065138242,PASS,2026-06-08T14:53:34Z,D20260608.01
9988.HK,HK,equity,2021-10-06,138.6,139.2,135.7,137.3,135.3,18712471.0,2572493738.28,0.014781966001478297,0.014781966001478297,0.01467377759718311,PASS,2026-06-08T14:53:34Z,D20260608.01
9988.HK,HK,equity,2021-10-07,141.3,147.8,141.1,147.3,137.3,32227036.0,4680382293.12,0.07283321194464665,0.07283321194464665,0.07030301069465912,PASS,2026-06-08T14:53:34Z,D20260608.01
9988.HK,HK,equity,2021-10-08,154.4,155.5,150.8,155.5,147.3,55270783.0,8501337801.33,0.05566870332654439,0.05566870332654439,0.054174408150704165,PASS,2026-06-08T14:53:34Z,D20260608.01
9988.HK,HK,equity,2021-10-11,163.0,170.5,162.0,167.8,155.5,87174082.0,14547536338.38,0.0790996784565916,0.0790996784565916,0.07612706241381695,PASS,2026-06-08T14:53:34Z,D20260608.01
9988.HK,HK,equity,2021-10-12,160.2,163.0,159.0,161.3,167.8,51876960.0,8353973669.77,-0.03873659117997619,-0.03873659117997619,-0.03950680890194265,PASS,2026-06-08T14:53:34Z,D20260608.01
9988.HK,HK,equity,2021-10-15,161.3,162.2,158.8,161.8,161.3,41251499.0,6636668133.09,0.0030998140111593298,0.0030998140111593298,0.003095019493228137,PASS,2026-06-08T14:53:34Z,D20260608.01
9988.HK,HK,equity,2021-10-18,162.5,162.9,159.9,162.9,161.8,20485496.0,3302423184.9,0.0067985166872681635,0.0067985166872681635,0.006775510983608062,PASS,2026-06-08T14:53:34Z,D20260608.01
9988.HK,HK,equity,2021-10-19,162.7,165.9,162.2,164.8,162.9,22621183.0,3721441865.0,0.011663597298956496,0.011663597298956496,0.011596101867371958,PASS,2026-06-08T14:53:34Z,D20260608.01
9988.HK,HK,equity,2021-10-20,172.6,179.9,171.0,175.8,164.8,73819843.0,13003598263.04,0.066747572815534,0.066747572815534,0.06461436777570533,PASS,2026-06-08T14:53:34Z,D20260608.01
9988.HK,HK,equity,2021-10-21,173.0,175.5,170.5,173.9,175.8,39498418.0,6847932868.91,-0.010807736063708773,-0.010807736063708773,-0.010866563890839289,PASS,2026-06-08T14:53:34Z,D20260608.01
9988.HK,HK,equity,2021-10-22,172.6,175.0,171.3,174.4,173.9,24304039.0,4217454712.33,0.002875215641173101,0.002875215641173101,0.00287109011464192,PASS,2026-06-08T14:53:34Z,D20260608.01
9988.HK,HK,equity,2021-10-25,174.4,176.8,173.3,174.0,174.4,22993063.0,4015251524.88,-0.002293577981651418,-0.002293577981651418,-0.002296212260350268,PASS,2026-06-08T14:53:34Z,D20260608.01
9988.HK,HK,equity,2021-10-26,173.0,173.0,168.1,169.5,174.0,27007684.0,4596663138.2,-0.025862068965517238,-0.025862068965517238,-0.026202372394024072,PASS,2026-06-08T14:53:34Z,D20260608.01
9988.HK,HK,equity,2021-10-27,165.3,165.6,163.3,164.5,169.5,25552560.0,4199976258.07,-0.029498525073746285,-0.029498525073746285,-0.02994235661507834,PASS,2026-06-08T14:53:34Z,D20260608.01
9988.HK,HK,equity,2021-10-28,166.9,169.1,165.0,165.2,164.5,26244370.0,4362904796.21,0.004255319148936065,0.004255319148936065,0.004246290881451004,PASS,2026-06-08T14:53:34Z,D20260608.01
9988.HK,HK,equity,2021-10-29,165.0,166.2,162.5,163.0,165.2,24508214.0,4013487545.3,-0.013317191283292895,-0.013317191283292895,-0.013406660280115272,PASS,2026-06-08T14:53:34Z,D20260608.01
9988.HK,HK,equity,2021-11-01,161.1,161.2,158.0,159.5,163.0,20955824.0,3344991399.8,-0.021472392638036797,-0.021472392638036797,-0.02170627858186306,PASS,2026-06-08T14:53:34Z,D20260608.01
9988.HK,HK,equity,2021-11-02,166.2,166.9,160.1,161.6,159.5,28075255.0,4565536327.14,0.013166144200627006,0.013166144200627006,0.013080223862095789,PASS,2026-06-08T14:53:34Z,D20260608.01
9988.HK,HK,equity,2021-11-03,159.9,161.0,156.6,160.6,161.6,20797548.0,3313986713.42,-0.006188118811881194,-0.006188118811881194,-0.006207344574333712,PASS,2026-06-08T14:53:34Z,D20260608.01
9988.HK,HK,equity,2021-11-04,162.9,165.6,162.0,165.6,160.6,23357978.0,3839705248.68,0.031133250311332406,0.031133250311332406,0.030658440438497924,PASS,2026-06-08T14:53:34Z,D20260608.01
9988.HK,HK,equity,2021-11-05,162.0,162.0,158.4,159.9,165.6,26167989.0,4200786163.11,-0.034420289855072395,-0.034420289855072395,-0.035026622111250696,PASS,2026-06-08T14:53:34Z,D20260608.01
9988.HK,HK,equity,2021-11-08,156.0,157.7,154.7,157.3,159.9,25006375.0,3910356636.75,-0.016260162601625994,-0.016260162601625994,-0.016393809775676383,PASS,2026-06-08T14:53:34Z,D20260608.01
9988.HK,HK,equity,2021-11-09,160.3,161.2,156.8,157.1,157.3,16113085.0,2550305484.61,-0.0012714558169104606,-0.0012714558169104606,-0.0012722648026567654,PASS,2026-06-08T14:53:34Z,D20260608.01
9988.HK,HK,equity,2021-11-10,157.6,161.6,155.7,161.2,157.1,17191925.0,2725572224.88,0.02609802673456385,0.02609802673456385,0.025763284810952327,PASS,2026-06-08T14:53:34Z,D20260608.01
9988.HK,HK,equity,2021-11-11,158.0,164.2,157.6,163.2,161.2,23548938.0,3794799938.28,0.012406947890818865,0.012406947890818865,0.012330612457478725,PASS,2026-06-08T14:53:34Z,D20260608.01
9988.HK,HK,equity,2021-11-12,164.8,165.7,159.0,162.4,163.2,24265602.0,3940520629.2,-0.004901960784313597,-0.004901960784313597,-0.004914014802428929,PASS,2026-06-08T14:53:34Z,D20260608.01
9988.HK,HK,equity,2021-11-15,163.3,164.2,159.6,161.5,162.4,19121584.0,3085282010.18,-0.005541871921182273,-0.005541871921182273,-0.005557285064866353,PASS,2026-06-08T14:53:34Z,D20260608.01
9988.HK,HK,equity,2021-11-16,162.0,166.0,161.5,165.2,161.5,19860348.0,3263026420.36,0.022910216718266208,0.022910216718266208,0.022651718424166415,PASS,2026-06-08T14:53:34Z,D20260608.01
9988.HK,HK,equity,2021-11-17,164.9,165.1,163.2,164.8,165.2,16275917.0,2673814251.86,-0.002421307506053183,-0.002421307506053183,-0.00242424361150628,PASS,2026-06-08T14:53:34Z,D20260608.01
9988.HK,HK,equity,2021-11-18,158.2,158.9,155.3,156.0,164.8,39030221.0,6115636458.0,-0.05339805825242727,-0.05339805825242727,-0.05487661022583437,PASS,2026-06-08T14:53:34Z,D20260608.01
9988.HK,HK,equity,2021-11-19,140.0,142.2,139.2,139.3,156.0,106644709.0,14967875746.93,-0.107051282051282,-0.107051282051282,-0.11322612646377697,PASS,2026-06-08T14:53:34Z,D20260608.01
9988.HK,HK,equity,2021-11-22,139.0,139.7,137.1,137.1,139.3,42684873.0,5901327662.37,-0.015793251974156597,-0.015793251974156597,-0.01591929421749141,PASS,2026-06-08T14:53:34Z,D20260608.01
9988.HK,HK,equity,2021-11-23,133.0,133.8,132.5,133.0,137.1,46352819.0,6173683386.71,-0.029905178701677526,-0.029905178701677526,-0.030361458346514856,PASS,2026-06-08T14:53:34Z,D20260608.01
9988.HK,HK,equity,2021-11-24,131.0,134.8,130.7,131.8,133.0,44830998.0,5914082084.56,-0.009022556390977376,-0.009022556390977376,-0.009063506153346853,PASS,2026-06-08T14:53:34Z,D20260608.01
9988.HK,HK,equity,2021-11-25,132.0,135.9,132.0,135.4,131.8,23796814.0,3194392687.21,0.0273141122913505,0.0273141122913505,0.026947738409767743,PASS,2026-06-08T14:53:34Z,D20260608.01
9988.HK,HK,equity,2021-11-26,133.2,133.9,129.1,129.1,135.4,37945230.0,4981629586.34,-0.04652880354505173,-0.04652880354505173,-0.04764606262557784,PASS,2026-06-08T14:53:34Z,D20260608.01
9988.HK,HK,equity,2021-11-29,133.0,133.2,129.8,130.0,129.1,29532407.0,3875018424.57,0.006971340046475705,0.006971340046475705,0.006947152602985708,PASS,2026-06-08T14:53:34Z,D20260608.01
9988.HK,HK,equity,2021-11-30,129.5,130.1,123.6,127.3,130.0,61241018.0,7769481682.868,-0.020769230769230762,-0.020769230769230762,-0.020987944892221576,PASS,2026-06-08T14:53:34Z,D20260608.01
9988.HK,HK,equity,2021-12-01,125.0,127.0,124.2,125.7,127.3,42728524.0,5370581793.35,-0.01256873527101332,-0.01256873527101332,-0.012648389967159062,PASS,2026-06-08T14:53:34Z,D20260608.01
9988.HK,HK,equity,2021-12-02,120.3,123.7,120.1,122.6,125.7,63847691.0,7785567225.81,-0.024661893396976997,-0.024661893396976997,-0.024971092094090784,PASS,2026-06-08T14:53:34Z,D20260608.01
9988.HK,HK,equity,2021-12-03,120.5,120.5,116.0,119.4,122.6,84752440.0,10051287625.57,-0.02610114192495916,-0.02610114192495916,-0.026447822543609254,PASS,2026-06-08T14:53:34Z,D20260608.01
9988.HK,HK,equity,2021-12-06,109.9,114.2,109.5,112.7,119.4,105384522.0,11863863061.86,-0.05611390284757123,-0.05611390284757123,-0.05774977991277114,PASS,2026-06-08T14:53:34Z,D20260608.01
9988.HK,HK,equity,2021-12-07,122.0,126.7,120.7,126.5,112.7,82401598.0,10214647362.34,0.12244897959183665,0.12244897959183665,0.11551288712184424,PASS,2026-06-08T14:53:34Z,D20260608.01
9988.HK,HK,equity,2021-12-08,122.7,123.0,119.2,120.6,126.5,61244054.0,7409000417.48,-0.04664031620553366,-0.04664031620553366,-0.04776302387448993,PASS,2026-06-08T14:53:34Z,D20260608.01
9988.HK,HK,equity,2021-12-09,122.6,124.3,122.1,123.4,120.6,35851860.0,4418065311.31,0.02321724709784423,0.02321724709784423,0.022951827178202485,PASS,2026-06-08T14:53:34Z,D20260608.01
9988.HK,HK,equity,2021-12-10,122.3,123.2,120.3,121.2,123.4,41285795.0,5028733687.68,-0.017828200972447306,-0.017828200972447306,-0.017989037836073342,PASS,2026-06-08T14:53:34Z,D20260608.01
9988.HK,HK,equity,2021-12-13,124.8,126.7,120.8,121.1,121.2,41769452.0,5163363737.18,-0.0008250825082508628,-0.0008250825082508628,-0.0008254230761675468,PASS,2026-06-08T14:53:34Z,D20260608.01
9988.HK,HK,equity,2021-12-14,121.0,121.0,117.8,118.7,121.1,32130092.0,3834316810.7,-0.019818331957060176,-0.019818331957060176,-0.020017348943424107,PASS,2026-06-08T14:53:34Z,D20260608.01
9988.HK,HK,equity,2021-12-15,122.2,123.8,120.0,121.0,118.7,35292960.0,4301317271.5,0.019376579612468303,0.019376579612468303,0.01919124398111863,PASS,2026-06-08T14:53:34Z,D20260608.01
9988.HK,HK,equity,2021-12-16,119.4,121.3,117.0,120.7,121.0,37563320.0,4483159271.18,-0.0024793388429751317,-0.0024793388429751317,-0.0024824174932551956,PASS,2026-06-08T14:53:34Z,D20260608.01
9988.HK,HK,equity,2021-12-17,118.0,118.3,115.4,117.0,120.7,49369280.0,5769375560.76,-0.030654515327257714,-0.030654515327257714,-0.03113419330572975,PASS,2026-06-08T14:53:34Z,D20260608.01
9988.HK,HK,equity,2021-12-20,118.2,118.9,114.3,114.5,117.0,33663120.0,3909510677.0,-0.021367521367521403,-0.021367521367521403,-0.021599111803461815,PASS,2026-06-08T14:53:34Z,D20260608.01
9988.HK,HK,equity,2021-12-21,112.6,115.5,112.0,113.9,114.5,37940314.0,4307942398.55,-0.005240174672489051,-0.005240174672489051,-0.00525395254115785,PASS,2026-06-08T14:53:34Z,D20260608.01
9988.HK,HK,equity,2021-12-22,119.9,119.9,113.1,114.9,113.9,45188386.0,5221862362.61,0.008779631255487308,0.008779631255487308,0.00874131440157358,PASS,2026-06-08T14:53:34Z,D20260608.01
9988.HK,HK,equity,2021-12-23,114.9,115.6,113.0,113.3,114.9,25067293.0,2854956312.23,-0.013925152306353383,-0.013925152306353383,-0.0140230168207494,PASS,2026-06-08T14:53:34Z,D20260608.01
9988.HK,HK,equity,2021-12-24,113.8,114.8,112.8,113.0,113.3,19524988.0,2214279196.89,-0.0026478375992938785,-0.0026478375992938785,-0.002651349321620031,PASS,2026-06-08T14:53:34Z,D20260608.01
9988.HK,HK,equity,2021-12-28,113.3,114.2,112.3,113.5,113.0,22985751.0,2603896349.12,0.004424778761061843,0.004424778761061843,0.004415018209116693,PASS,2026-06-08T14:53:34Z,D20260608.01
9988.HK,HK,equity,2021-12-29,112.3,112.3,110.1,110.6,113.5,19990686.0,2220646463.55,-0.02555066079295154,-0.02555066079295154,-0.02588274783322294,PASS,2026-06-08T14:53:34Z,D20260608.01
9988.HK,HK,equity,2021-12-30,110.0,112.2,109.2,109.9,110.6,23838394.0,2630362086.7,-0.006329113924050556,-0.006329113924050556,-0.006349227678658668,PASS,2026-06-08T14:53:34Z,D20260608.01
9988.HK,HK,equity,2021-12-31,119.5,120.3,118.1,118.9,109.9,31837667.0,3798519747.14,0.08189262966333022,0.08189262966333022,0.0787119422871604,PASS,2026-06-08T14:53:34Z,D20260608.01
9988.HK,HK,equity,2022-01-03,117.0,117.5,114.0,115.0,118.9,22176946.0,2552514931.37,-0.03280067283431465,-0.03280067283431465,-0.033350675333486186,PASS,2026-06-08T14:53:34Z,D20260608.01
9988.HK,HK,equity,2022-01-04,118.4,118.9,115.7,116.9,115.0,23228903.0,2716909458.73,0.016521739130434865,0.016521739130434865,0.016386740114772744,PASS,2026-06-08T14:53:34Z,D20260608.01
9988.HK,HK,equity,2022-01-05,119.0,119.1,113.9,114.5,116.9,30717509.0,3570167501.56,-0.020530367835757124,-0.020530367835757124,-0.020744045483728456,PASS,2026-06-08T14:53:34Z,D20260608.01
9988.HK,HK,equity,2022-01-06,117.5,121.1,117.3,121.0,114.5,47231895.0,5633945989.75,0.05676855895196509,0.05676855895196509,0.05521572260244677,PASS,2026-06-08T14:53:34Z,D20260608.01
9988.HK,HK,equity,2022-01-07,126.5,128.8,122.8,128.8,121.0,58778943.0,7448366564.66,0.06446280991735542,0.06446280991735542,0.0624702680735122,PASS,2026-06-08T14:53:34Z,D20260608.01
9988.HK,HK,equity,2022-01-10,128.8,129.5,125.4,127.6,128.8,36814976.0,4710957522.89,-0.009316770186335588,-0.009316770186335588,-0.00936044275956392,PASS,2026-06-08T14:53:34Z,D20260608.01
9988.HK,HK,equity,2022-01-11,125.0,126.5,123.9,125.6,127.6,31659059.0,3968553804.8,-0.01567398119122254,-0.01567398119122254,-0.015798116876591176,PASS,2026-06-08T14:53:34Z,D20260608.01
9988.HK,HK,equity,2022-01-12,128.6,133.1,128.4,133.0,125.6,44483108.0,5849372123.77,0.05891719745222934,0.05891719745222934,0.057246874187655505,PASS,2026-06-08T14:53:34Z,D20260608.01
9988.HK,HK,equity,2022-01-13,135.0,135.0,130.4,132.2,133.0,36032047.0,4773530199.44,-0.006015037593985029,-0.006015037593985029,-0.0060332008041679205,PASS,2026-06-08T14:53:34Z,D20260608.01
9988.HK,HK,equity,2022-01-14,126.9,129.3,126.6,129.3,132.2,28235556.0,3613581310.57,-0.021936459909228323,-0.021936459909228323,-0.022180641639773995,PASS,2026-06-08T14:53:34Z,D20260608.01
9988.HK,HK,equity,2022-01-17,129.3,130.1,127.4,128.5,129.3,23534494.0,3023201331.11,-0.006187161639597871,-0.006187161639597871,-0.006206381442537343,PASS,2026-06-08T14:53:34Z,D20260608.01
9988.HK,HK,equity,2022-01-18,129.2,130.9,125.4,126.4,128.5,23468279.0,3002246418.5,-0.01634241245136181,-0.01634241245136181,-0.016477422622517383,PASS,2026-06-08T14:53:34Z,D20260608.01
9988.HK,HK,equity,2022-01-19,126.2,127.3,123.5,124.2,126.4,29730153.0,3716037900.11,-0.017405063291139222,-0.017405063291139222,-0.017558312213378637,PASS,2026-06-08T14:53:34Z,D20260608.01
9988.HK,HK,equity,2022-01-20,125.0,132.5,125.0,131.5,124.2,44796183.0,5816357771.84,0.058776167471819685,0.058776167471819685,0.05711368211844089,PASS,2026-06-08T14:53:34Z,D20260608.01
9988.HK,HK,equity,2022-01-21,126.1,127.5,124.0,127.1,131.5,61817387.0,7800472996.63,-0.033460076045627396,-0.033460076045627396,-0.0340326734224109,PASS,2026-06-08T14:53:34Z,D20260608.01
9988.HK,HK,equity,2022-01-24,122.0,122.0,118.7,119.1,127.1,54758602.0,6601581578.32,-0.0629425649095201,-0.0629425649095201,-0.06501070183415399,PASS,2026-06-08T14:53:34Z,D20260608.01
9988.HK,HK,equity,2022-01-25,116.4,118.8,115.1,116.8,119.1,41283512.0,4830037594.72,-0.01931150293870698,-0.01931150293870698,-0.01950040596712775,PASS,2026-06-08T14:53:34Z,D20260608.01
9988.HK,HK,equity,2022-01-26,116.3,118.7,114.1,116.9,116.8,35353738.0,4122275949.4,0.0008561643835616195,0.0008561643835616195,0.0008557980838960213,PASS,2026-06-08T14:53:34Z,D20260608.01
9988.HK,HK,equity,2022-01-27,110.5,111.9,108.0,108.5,116.9,75467681.0,8256004736.63,-0.07185628742514971,-0.07185628742514971,-0.0745686954975085,PASS,2026-06-08T14:53:34Z,D20260608.01
9988.HK,HK,equity,2022-01-28,110.0,111.5,108.6,110.0,108.5,43809950.0,4814678228.56,0.01382488479262678,0.01382488479262678,0.013730192811902037,PASS,2026-06-08T14:53:34Z,D20260608.01
9988.HK,HK,equity,2022-01-31,112.1,116.2,111.5,114.0,110.0,29579311.0,3382465823.78,0.036363636363636376,0.036363636363636376,0.035718082602079246,PASS,2026-06-08T14:53:34Z,D20260608.01
9988.HK,HK,equity,2022-02-04,120.0,120.8,118.4,120.4,114.0,43293069.0,5187008301.27,0.056140350877192935,0.056140350877192935,0.05462108448022516,PASS,2026-06-08T14:53:34Z,D20260608.01
9988.HK,HK,equity,2022-02-07,117.4,118.7,113.6,115.0,120.4,54757312.0,6342326763.12,-0.04485049833887045,-0.04485049833887045,-0.045887404511470616,PASS,2026-06-08T14:53:34Z,D20260608.01
9988.HK,HK,equity,2022-02-08,112.6,113.5,110.6,111.2,115.0,41696354.0,4663920828.08,-0.03304347826086951,-0.03304347826086951,-0.03360174654676801,PASS,2026-06-08T14:53:34Z,D20260608.01
9988.HK,HK,equity,2022-02-09,118.0,119.4,117.0,118.8,111.2,44480636.0,5249249534.6,0.06834532374100721,0.06834532374100721,0.06611102511206257,PASS,2026-06-08T14:53:34Z,D20260608.01
9988.HK,HK,equity,2022-02-10,123.0,123.0,119.4,122.2,118.8,32353947.0,3927646327.27,0.028619528619528767,0.028619528619528767,0.028217639808950538,PASS,2026-06-08T14:53:34Z,D20260608.01
9988.HK,HK,equity,2022-02-11,120.4,122.9,120.0,122.4,122.2,24203787.0,2943214197.38,0.0016366612111293755,0.0016366612111293755,0.001635323340730838,PASS,2026-06-08T14:53:34Z,D20260608.01
9988.HK,HK,equity,2022-02-14,119.0,119.9,118.2,118.7,122.4,19512374.0,2320807311.09,-0.030228758169934644,-0.030228758169934644,-0.030695068462603357,PASS,2026-06-08T14:53:34Z,D20260608.01
9988.HK,HK,equity,2022-02-15,118.0,120.0,117.4,118.4,118.7,16132479.0,1910117881.1,-0.002527379949452402,-0.002527379949452402,-0.0025305791657170467,PASS,2026-06-08T14:53:34Z,D20260608.01
9988.HK,HK,equity,2022-02-16,122.4,123.0,121.1,122.5,118.4,20308833.0,2479111422.78,0.03462837837837829,0.03462837837837829,0.03404230753487628,PASS,2026-06-08T14:53:34Z,D20260608.01
9988.HK,HK,equity,2022-02-17,122.0,123.3,120.9,123.0,122.5,18965828.0,2320687752.08,0.004081632653061273,0.004081632653061273,0.004073325387635869,PASS,2026-06-08T14:53:34Z,D20260608.01
9988.HK,HK,equity,2022-02-18,122.6,124.0,118.7,119.5,123.0,36059936.0,4381820565.62,-0.028455284552845517,-0.028455284552845517,-0.028867984000852127,PASS,2026-06-08T14:53:34Z,D20260608.01
9988.HK,HK,equity,2022-02-21,115.8,117.1,114.0,114.9,119.5,36333556.0,4203338917.99,-0.03849372384937233,-0.03849372384937233,-0.039254186516855305,PASS,2026-06-08T14:53:34Z,D20260608.01
9988.HK,HK,equity,2022-02-22,109.0,111.9,108.8,111.4,114.9,43059975.0,4751759639.47,-0.030461270670147922,-0.030461270670147922,-0.030934857361526315,PASS,2026-06-08T14:53:34Z,D20260608.01
9988.HK,HK,equity,2022-02-23,110.0,113.3,110.0,112.4,111.4,27244901.0,3054348453.05,0.008976660682226134,0.008976660682226134,0.008936609966406975,PASS,2026-06-08T14:53:34Z,D20260608.01
9988.HK,HK,equity,2022-02-24,107.5,108.4,103.6,104.9,112.4,64889871.0,6868650892.86,-0.06672597864768681,-0.06672597864768681,-0.06905642205733918,PASS,2026-06-08T14:53:34Z,D20260608.01
9988.HK,HK,equity,2022-02-25,107.4,108.2,104.9,105.3,104.9,42605788.0,4532486046.7,0.0038131553860818457,0.0038131553860818457,0.00380590373767819,PASS,2026-06-08T14:53:34Z,D20260608.01
9988.HK,HK,equity,2022-02-28,103.3,104.2,100.7,104.2,105.3,56081193.0,5772124752.97,-0.010446343779677014,-0.010446343779677014,-0.010501289820663175,PASS,2026-06-08T14:53:34Z,D20260608.01
9988.HK,HK,equity,2022-03-01,102.2,104.8,101.9,103.8,104.2,30377847.0,3137297359.58,-0.0038387715930903177,-0.0038387715930903177,-0.003846158587478387,PASS,2026-06-08T14:53:34Z,D20260608.01
9988.HK,HK,equity,2022-03-02,103.9,106.6,103.9,103.9,103.8,32172998.0,3381365604.38,0.0009633911368016612,0.0009633911368016612,0.0009629273733935647,PASS,2026-06-08T14:53:34Z,D20260608.01
9988.HK,HK,equity,2022-03-03,103.5,104.5,103.0,104.4,103.9,23582886.0,2449304977.58,0.004812319538017418,0.004812319538017418,0.004800777343356729,PASS,2026-06-08T14:53:34Z,D20260608.01
9988.HK,HK,equity,2022-03-04,98.2,100.2,98.2,99.0,104.4,67845622.0,6721226929.53,-0.051724137931034586,-0.051724137931034586,-0.053109825313948526,PASS,2026-06-08T14:53:34Z,D20260608.01
9988.HK,HK,equity,2022-03-07,96.25,98.0,93.4,96.0,99.0,59539428.0,5739080851.99,-0.030303030303030276,-0.030303030303030276,-0.03077165866675366,PASS,2026-06-08T14:53:34Z,D20260608.01
9988.HK,HK,equity,2022-03-08,97.55,99.95,95.8,96.9,96.0,49195657.0,4796602938.97,0.009375000000000133,0.009375000000000133,0.00933132742888444,PASS,2026-06-08T14:53:34Z,D20260608.01
9988.HK,HK,equity,2022-03-09,96.9,97.35,92.6,96.25,96.9,60560894.0,5738667528.87,-0.006707946336429349,-0.006707946336429349,-0.006730545728826983,PASS,2026-06-08T14:53:34Z,D20260608.01
9988.HK,HK,equity,2022-03-10,99.7,99.7,94.4,96.1,96.25,46922499.0,4535955041.66,-0.0015584415584416478,-0.0015584415584416478,-0.0015596571916468866,PASS,2026-06-08T14:53:34Z,D20260608.01
9988.HK,HK,equity,2022-03-11,90.55,92.15,88.05,90.8,96.1,74997978.0,6753693080.6,-0.055150884495317354,-0.055150884495317354,-0.05673003036899917,PASS,2026-06-08T14:53:34Z,D20260608.01
9988.HK,HK,equity,2022-03-14,86.15,86.6,80.25,80.9,90.8,99109140.0,8261698869.8,-0.10903083700440519,-0.10903083700440519,-0.1154454615428015,PASS,2026-06-08T14:53:34Z,D20260608.01
9988.HK,HK,equity,2022-03-15,73.8,79.35,71.0,71.25,80.9,166892058.0,12377788046.51,-0.11928306551297907,-0.11928306551297907,-0.12701900491568618,PASS,2026-06-08T14:53:34Z,D20260608.01
9988.HK,HK,equity,2022-03-16,74.5,91.05,73.7,90.7,71.25,159307067.0,13244362569.98,0.2729824561403509,0.2729824561403509,0.241362537972331,PASS,2026-06-08T14:53:34Z,D20260608.01
9988.HK,HK,equity,2022-03-17,104.0,104.0,95.3,102.0,90.7,147199025.0,14694743139.53,0.12458654906284461,0.12458654906284461,0.11741545616318022,PASS,2026-06-08T14:53:34Z,D20260608.01
9988.HK,HK,equity,2022-03-18,97.15,100.2,95.0,98.35,102.0,69216323.0,6760237461.62,-0.03578431372549029,-0.03578431372549029,-0.0364402684492031,PASS,2026-06-08T14:53:34Z,D20260608.01
9988.HK,HK,equity,2022-03-21,104.8,104.8,97.25,99.1,98.35,78145126.0,7830241956.95,0.007625826131164137,0.007625826131164137,0.007596896500874158,PASS,2026-06-08T14:53:34Z,D20260608.01
9988.HK,HK,equity,2022-03-22,102.3,111.4,102.1,110.2,99.1,82216795.0,8808957053.45,0.11200807265388502,0.11200807265388502,0.10616745538287185,PASS,2026-06-08T14:53:34Z,D20260608.01
9988.HK,HK,equity,2022-03-23,114.6,119.4,112.5,117.6,110.2,109736384.0,12811574707.9,0.06715063520871145,0.06715063520871145,0.06499213874571245,PASS,2026-06-08T14:53:34Z,D20260608.01
9988.HK,HK,equity,2022-03-24,116.4,119.0,113.5,113.8,117.6,56175392.0,6501869443.2,-0.03231292517006801,-0.03231292517006801,-0.03284651377229598,PASS,2026-06-08T14:53:34Z,D20260608.01
9988.HK,HK,equity,2022-03-25,111.4,113.5,104.8,107.4,113.8,59754137.0,6483447090.74,-0.056239015817223126,-0.056239015817223126,-0.05788233961746616,PASS,2026-06-08T14:53:34Z,D20260608.01
9988.HK,HK,equity,2022-03-28,107.4,113.5,106.1,111.1,107.4,35856686.0,3951711929.11,0.03445065176908746,0.03445065176908746,0.03387051457081994,PASS,2026-06-08T14:53:34Z,D20260608.01
9988.HK,HK,equity,2022-03-29,112.7,114.8,112.2,113.5,111.1,28129247.0,3189176268.97,0.021602160216021682,0.021602160216021682,0.02137214027587313,PASS,2026-06-08T14:53:34Z,D20260608.01
9988.HK,HK,equity,2022-03-30,115.0,115.7,112.6,113.9,113.5,43050119.0,4916729701.01,0.0035242290748900285,0.0035242290748900285,0.0035180335316792504,PASS,2026-06-08T14:53:34Z,D20260608.01
9988.HK,HK,equity,2022-03-31,114.9,114.9,109.7,112.1,113.9,26780152.0,3006258675.19,-0.015803336259877176,-0.015803336259877176,-0.01592954037502232,PASS,2026-06-08T14:53:34Z,D20260608.01
9988.HK,HK,equity,2022-04-01,106.8,109.7,105.7,109.7,112.1,38709405.0,4178585460.27,-0.02140945584299725,-0.02140945584299725,-0.02164196279692959,PASS,2026-06-08T14:53:34Z,D20260608.01
9988.HK,HK,equity,2022-04-04,110.6,114.6,110.0,113.7,109.7,41875311.0,4731418332.2,0.03646308113035546,0.03646308113035546,0.035814033475305734,PASS,2026-06-08T14:53:34Z,D20260608.01
9988.HK,HK,equity,2022-04-06,109.1,109.8,107.1,107.6,113.7,46638063.0,5068858963.9,-0.0536499560246263,-0.0536499560246263,-0.05514275302880641,PASS,2026-06-08T14:53:34Z,D20260608.01
9988.HK,HK,equity,2022-04-07,106.4,108.9,105.2,105.2,107.6,35575706.0,3782776273.21,-0.022304832713754608,-0.022304832713754608,-0.022557347424074514,PASS,2026-06-08T14:53:34Z,D20260608.01
9988.HK,HK,equity,2022-04-08,102.8,103.8,101.5,103.8,105.2,38153586.0,3919481547.5,-0.013307984790874583,-0.013307984790874583,-0.01339732957182128,PASS,2026-06-08T14:53:34Z,D20260608.01
9988.HK,HK,equity,2022-04-11,102.8,103.0,97.85,98.5,103.8,40131164.0,3989829801.9,-0.051059730250481716,-0.051059730250481716,-0.05240942255374509,PASS,2026-06-08T14:53:34Z,D20260608.01
9988.HK,HK,equity,2022-04-12,98.5,100.6,96.35,99.0,98.5,39683531.0,3907706451.15,0.0050761421319796,0.0050761421319796,0.0050633019565466345,PASS,2026-06-08T14:53:34Z,D20260608.01
9988.HK,HK,equity,2022-04-13,98.4,99.5,97.0,98.5,99.0,24650087.0,2422957401.9,-0.005050505050505083,-0.005050505050505083,-0.005063301956546762,PASS,2026-06-08T14:53:34Z,D20260608.01
9988.HK,HK,equity,2022-04-14,97.65,98.0,93.85,95.5,98.5,52348941.0,5002048354.45,-0.030456852791878153,-0.030456852791878153,-0.030930300691358614,PASS,2026-06-08T14:53:34Z,D20260608.01
9988.HK,HK,equity,2022-04-19,92.55,93.45,90.9,91.5,95.5,34060706.0,3125896416.2,-0.041884816753926746,-0.041884816753926746,-0.04278727520520898,PASS,2026-06-08T14:53:34Z,D20260608.01
9988.HK,HK,equity,2022-04-20,91.1,92.95,90.3,90.7,91.5,24190299.0,2205598483.2,-0.008743169398907069,-0.008743169398907069,-0.008781615160384677,PASS,2026-06-08T14:53:34Z,D20260608.01
9988.HK,HK,equity,2022-04-21,88.75,89.7,86.5,87.9,90.7,37481397.0,3293346189.42,-0.030871003307607503,-0.030871003307607503,-0.03135755242995961,PASS,2026-06-08T14:53:34Z,D20260608.01
9988.HK,HK,equity,2022-04-22,83.5,87.35,83.4,86.65,87.9,33414007.0,2859940169.91,-0.014220705346985163,-0.014220705346985163,-0.014322788529516179,PASS,2026-06-08T14:53:34Z,D20260608.01
9988.HK,HK,equity,2022-04-25,84.8,84.95,81.2,81.85,86.65,43001305.0,3556386902.68,-0.05539526832083108,-0.05539526832083108,-0.05698871234447134,PASS,2026-06-08T14:53:34Z,D20260608.01
9988.HK,HK,equity,2022-04-26,84.5,87.9,83.75,84.9,81.85,38304821.0,3265629395.35,0.03726328649969468,0.03726328649969468,0.03658578950015784,PASS,2026-06-08T14:53:34Z,D20260608.01
9988.HK,HK,equity,2022-04-27,84.35,85.45,83.0,84.55,84.9,27917828.0,2358172975.1,-0.0041224970553593865,-0.0041224970553593865,-0.004131017972712468,PASS,2026-06-08T14:53:34Z,D20260608.01
9988.HK,HK,equity,2022-04-28,88.0,88.55,86.3,88.25,84.55,40675166.0,3563551981.9,0.0437610881135424,0.0437610881135424,0.04283062046881696,PASS,2026-06-08T14:53:34Z,D20260608.01
9988.HK,HK,equity,2022-04-29,88.25,103.8,87.15,102.1,88.25,102134425.0,10061608128.65,0.15694050991501407,0.15694050991501407,0.14577902935721365,PASS,2026-06-08T14:53:34Z,D20260608.01
9988.HK,HK,equity,2022-05-03,100.0,103.1,92.5,100.3,102.1,103238870.0,10171090312.77,-0.01762977473065619,-0.01762977473065619,-0.017787030202729995,PASS,2026-06-08T14:53:34Z,D20260608.01
9988.HK,HK,equity,2022-05-04,98.5,98.55,95.85,96.55,100.3,29177225.0,2831638657.57,-0.03738783649052846,-0.03738783649052846,-0.038104686093366445,PASS,2026-06-08T14:53:34Z,D20260608.01
9988.HK,HK,equity,2022-05-05,99.5,101.1,96.2,96.7,96.55,27991225.0,2749628579.04,0.0015535991714137332,0.0015535991714137332,0.0015523935847251513,PASS,2026-06-08T14:53:34Z,D20260608.01
9988.HK,HK,equity,2022-05-06,92.05,92.85,89.3,90.35,96.7,50887668.0,4618635657.5,-0.06566701137538788,-0.06566701137538788,-0.06792238542101124,PASS,2026-06-08T14:53:34Z,D20260608.01
9988.HK,HK,equity,2022-05-10,83.5,87.2,83.15,86.0,90.35,64139439.0,5494002313.61,-0.04814609850581064,-0.04814609850581064,-0.04934372078472967,PASS,2026-06-08T14:53:34Z,D20260608.01
9988.HK,HK,equity,2022-05-11,83.7,87.95,83.6,85.65,86.0,63211009.0,5422492128.08,-0.0040697674418603835,-0.0040697674418603835,-0.004078071483378736,PASS,2026-06-08T14:53:34Z,D20260608.01
9988.HK,HK,equity,2022-05-12,81.85,82.55,79.9,80.0,85.65,69966835.0,5667870125.87,-0.06596614127262124,-0.06596614127262124,-0.06824259009624742,PASS,2026-06-08T14:53:34Z,D20260608.01
9988.HK,HK,equity,2022-05-13,82.2,82.85,81.25,82.2,80.0,53688518.0,4409693981.83,0.02750000000000008,0.02750000000000008,0.027128667388252696,PASS,2026-06-08T14:53:34Z,D20260608.01
9988.HK,HK,equity,2022-05-16,86.0,86.25,83.1,84.6,82.2,37186669.0,3142473119.9,0.029197080291970767,0.029197080291970767,0.028778964550043327,PASS,2026-06-08T14:53:34Z,D20260608.01
9988.HK,HK,equity,2022-05-17,87.5,91.8,86.65,90.55,84.6,65364000.0,5848381824.18,0.07033096926713944,0.07033096926713944,0.06796791771724475,PASS,2026-06-08T14:53:34Z,D20260608.01
9988.HK,HK,equity,2022-05-18,90.55,90.55,87.8,90.0,90.55,40887159.0,3645645079.35,-0.006073992269464368,-0.006073992269464368,-0.006092513999157305,PASS,2026-06-08T14:53:34Z,D20260608.01
9988.HK,HK,equity,2022-05-19,85.0,85.4,82.75,83.35,90.0,63967045.0,5369663306.2,-0.073888888888889,-0.073888888888889,-0.07676106113346218,PASS,2026-06-08T14:53:34Z,D20260608.01
9988.HK,HK,equity,2022-05-20,86.3,88.8,85.6,88.05,83.35,37411832.0,3266774104.45,0.05638872225554903,0.05638872225554903,0.05485622574541227,PASS,2026-06-08T14:53:34Z,D20260608.01
9988.HK,HK,equity,2022-05-23,86.2,86.55,83.85,85.1,88.05,48116001.0,4088570448.6,-0.03350369108461104,-0.03350369108461104,-0.03407779936288672,PASS,2026-06-08T14:53:34Z,D20260608.01
9988.HK,HK,equity,2022-05-24,84.8,86.3,82.9,83.6,85.1,41592157.0,3506078201.45,-0.01762632197414804,-0.01762632197414804,-0.01778351548867249,PASS,2026-06-08T14:53:34Z,D20260608.01
9988.HK,HK,equity,2022-05-25,82.0,84.15,81.35,82.35,83.6,39360501.0,3245900064.13,-0.014952153110047828,-0.014952153110047828,-0.01506506346700659,PASS,2026-06-08T14:53:34Z,D20260608.01
9988.HK,HK,equity,2022-05-26,82.0,82.0,79.65,81.1,82.35,44520428.0,3591818494.15,-0.015179113539769307,-0.015179113539769307,-0.015295495502282121,PASS,2026-06-08T14:53:34Z,D20260608.01
9988.HK,HK,equity,2022-05-27,91.0,92.4,89.85,91.0,81.1,94943603.0,8608615771.84,0.12207151664611593,0.12207151664611593,0.11517654539548282,PASS,2026-06-08T14:53:34Z,D20260608.01
9988.HK,HK,equity,2022-05-30,91.7,94.9,91.3,94.9,91.0,58244941.0,5426962293.75,0.04285714285714293,0.04285714285714293,0.04196419909903221,PASS,2026-06-08T14:53:34Z,D20260608.01
9988.HK,HK,equity,2022-05-31,94.6,97.5,93.1,96.25,94.9,87590516.0,8413075197.38,0.014225500526870327,0.014225500526870327,0.014125267552011362,PASS,2026-06-08T14:53:34Z,D20260608.01
9988.HK,HK,equity,2022-06-01,96.0,96.2,94.0,94.6,96.25,34758451.0,3304712425.65,-0.017142857142857237,-0.017142857142857237,-0.01729149711006111,PASS,2026-06-08T14:53:34Z,D20260608.01
9988.HK,HK,equity,2022-06-02,91.75,93.0,91.0,92.3,94.6,38921083.0,3582676327.97,-0.024312896405919604,-0.024312896405919604,-0.02461333454902606,PASS,2026-06-08T14:53:34Z,D20260608.01
9988.HK,HK,equity,2022-06-06,92.85,98.6,91.25,96.95,92.3,61560025.0,5828153251.15,0.05037919826652226,0.05037919826652226,0.04915124017985439,PASS,2026-06-08T14:53:34Z,D20260608.01
9988.HK,HK,equity,2022-06-07,96.95,101.8,96.15,98.8,96.95,88847430.0,8825937938.95,0.019082001031459406,0.019082001031459406,0.018902223065161212,PASS,2026-06-08T14:53:34Z,D20260608.01
9988.HK,HK,equity,2022-06-08,103.4,110.4,102.5,108.8,98.8,116293353.0,12457798648.19,0.10121457489878538,0.10121457489878538,0.09641372966802009,PASS,2026-06-08T14:53:34Z,D20260608.01
9988.HK,HK,equity,2022-06-09,116.2,116.3,108.1,111.3,108.8,113806634.0,12758906321.95,0.022977941176470562,0.022977941176470562,0.022717923859656868,PASS,2026-06-08T14:53:34Z,D20260608.01
9988.HK,HK,equity,2022-06-10,107.6,116.0,107.0,112.8,111.3,107826465.0,12053174168.47,0.013477088948786964,0.013477088948786964,0.013387080782459279,PASS,2026-06-08T14:53:34Z,D20260608.01
9988.HK,HK,equity,2022-06-13,106.2,108.4,103.5,103.8,112.8,85883479.0,9102013309.7,-0.07978723404255317,-0.07978723404255317,-0.08315036833217024,PASS,2026-06-08T14:53:34Z,D20260608.01
9988.HK,HK,equity,2022-06-14,98.25,102.4,97.2,101.2,103.8,79243938.0,7913186996.55,-0.025048169556839972,-0.025048169556839972,-0.025367213878422987,PASS,2026-06-08T14:53:34Z,D20260608.01
9988.HK,HK,equity,2022-06-15,105.0,106.7,104.3,105.6,101.2,62840727.0,6629985119.31,0.04347826086956519,0.04347826086956519,0.0425596144187959,PASS,2026-06-08T14:53:34Z,D20260608.01
9988.HK,HK,equity,2022-06-16,108.8,109.8,100.4,102.4,105.6,51964072.0,5445864491.52,-0.030303030303030165,-0.030303030303030165,-0.030771658666753545,PASS,2026-06-08T14:53:34Z,D20260608.01
9988.HK,HK,equity,2022-06-17,100.1,104.8,100.0,104.5,102.4,98242313.0,10186202249.96,0.0205078125,0.0205078125,0.020300358799458285,PASS,2026-06-08T14:53:34Z,D20260608.01
9988.HK,HK,equity,2022-06-20,102.0,104.6,99.65,104.4,104.5,64777753.0,6651453609.08,-0.000956937799043045,-0.000956937799043045,-0.0009573959563273326,PASS,2026-06-08T14:53:34Z,D20260608.01
9988.HK,HK,equity,2022-06-21,104.5,106.1,103.4,105.8,104.4,56377679.0,5925778666.05,0.013409961685823646,0.013409961685823646,0.013320843975660555,PASS,2026-06-08T14:53:34Z,D20260608.01
9988.HK,HK,equity,2022-06-22,104.8,105.1,101.5,101.5,105.8,56378203.0,5830427726.1,-0.04064272211720221,-0.04064272211720221,-0.041491720942356924,PASS,2026-06-08T14:53:34Z,D20260608.01
9988.HK,HK,equity,2022-06-23,104.9,109.9,103.4,108.0,101.5,80541807.0,8632220851.6,0.0640394088669951,0.0640394088669951,0.0620724286423777,PASS,2026-06-08T14:53:34Z,D20260608.01
9988.HK,HK,equity,2022-06-24,112.6,115.5,111.5,113.9,108.0,88759544.0,10104820479.8,0.054629629629629584,0.054629629629629584,0.05318964332891672,PASS,2026-06-08T14:53:34Z,D20260608.01
9988.HK,HK,equity,2022-06-27,117.3,120.4,116.1,118.1,113.9,98194624.0,11660976210.28,0.03687445127304634,0.03687445127304634,0.036210852750179975,PASS,2026-06-08T14:53:34Z,D20260608.01
9988.HK,HK,equity,2022-06-28,117.6,119.1,112.6,118.1,118.1,70432843.0,8190697828.59,0.0,0.0,0.0,PASS,2026-06-08T14:53:34Z,D20260608.01
9988.HK,HK,equity,2022-06-29,114.5,116.3,113.0,114.5,118.1,54735988.0,6272101115.56,-0.030482641828958434,-0.030482641828958434,-0.030956900209022205,PASS,2026-06-08T14:53:34Z,D20260608.01
9988.HK,HK,equity,2022-06-30,113.6,114.4,110.7,111.9,114.5,47263509.0,5318321956.08,-0.022707423580785924,-0.022707423580785924,-0.022969207676414687,PASS,2026-06-08T14:53:34Z,D20260608.01
9988.HK,HK,equity,2022-07-04,111.6,114.1,109.4,113.2,111.9,38788782.0,4366248950.48,0.011617515638963294,0.011617515638963294,0.011550550451202945,PASS,2026-06-08T14:53:34Z,D20260608.01
9988.HK,HK,equity,2022-07-05,116.3,118.4,114.7,115.2,113.2,45974352.0,5337959352.6,0.0176678445229681,0.0176678445229681,0.01751358249270821,PASS,2026-06-08T14:53:34Z,D20260608.01
9988.HK,HK,equity,2022-07-06,119.0,119.0,114.6,117.0,115.2,52058276.0,6092622728.84,0.015625,0.015625,0.015504186535965254,PASS,2026-06-08T14:53:34Z,D20260608.01
9988.HK,HK,equity,2022-07-07,115.3,117.5,113.5,116.7,117.0,40428095.0,4699537429.86,-0.002564102564102555,-0.002564102564102555,-0.0025673955052458097,PASS,2026-06-08T14:53:34Z,D20260608.01
9988.HK,HK,equity,2022-07-08,122.0,122.0,119.8,121.0,116.7,58168745.0,7041167123.72,0.036846615252784876,0.036846615252784876,0.03618400630423075,PASS,2026-06-08T14:53:34Z,D20260608.01
9988.HK,HK,equity,2022-07-11,117.3,117.9,112.0,114.0,121.0,59279763.0,6780072525.69,-0.05785123966942152,-0.05785123966942152,-0.05959209720224566,PASS,2026-06-08T14:53:34Z,D20260608.01
9988.HK,HK,equity,2022-07-12,108.3,109.6,107.1,107.8,114.0,61833006.0,6688214417.98,-0.05438596491228076,-0.05438596491228076,-0.05592078991959874,PASS,2026-06-08T14:53:34Z,D20260608.01
9988.HK,HK,equity,2022-07-13,107.5,109.5,107.0,107.4,107.8,37018374.0,4003044676.1,-0.0037105751391465214,-0.0037105751391465214,-0.00371747640013242,PASS,2026-06-08T14:53:34Z,D20260608.01
9988.HK,HK,equity,2022-07-14,107.8,110.4,107.5,108.7,107.4,39688425.0,4315935562.05,0.012104283054003684,0.012104283054003684,0.012031612052399407,PASS,2026-06-08T14:53:34Z,D20260608.01
9988.HK,HK,equity,2022-07-15,102.5,106.1,102.1,102.2,108.7,60291037.0,6248000814.75,-0.059797608095676136,-0.059797608095676136,-0.06166011635755966,PASS,2026-06-08T14:53:34Z,D20260608.01
9988.HK,HK,equity,2022-07-18,100.8,104.3,99.85,103.9,102.2,54210503.0,5553446606.32,0.016634050880626194,0.016634050880626194,0.01649722033557762,PASS,2026-06-08T14:53:34Z,D20260608.01
9988.HK,HK,equity,2022-07-19,101.8,102.2,100.1,100.9,103.9,40614536.0,4104522785.5,-0.02887391722810395,-0.02887391722810395,-0.029298970745618443,PASS,2026-06-08T14:53:34Z,D20260608.01
9988.HK,HK,equity,2022-07-20,104.8,105.7,103.2,103.2,100.9,40062258.0,4185126303.2,0.02279484638255691,0.02279484638255691,0.02253892568789901,PASS,2026-06-08T14:53:34Z,D20260608.01
9988.HK,HK,equity,2022-07-21,102.8,104.0,101.2,102.0,103.2,38969577.0,3985628226.5,-0.011627906976744207,-0.011627906976744207,-0.011696039763191298,PASS,2026-06-08T14:53:34Z,D20260608.01
9988.HK,HK,equity,2022-07-22,102.7,103.7,101.7,102.1,102.0,25271063.0,2592947005.72,0.0009803921568627416,0.0009803921568627416,0.000979911886348787,PASS,2026-06-08T14:53:34Z,D20260608.01
9988.HK,HK,equity,2022-07-25,100.0,100.7,99.1,99.6,102.1,41783554.0,4174742881.65,-0.02448579823702257,-0.02448579823702257,-0.02479056058006737,PASS,2026-06-08T14:53:34Z,D20260608.01
9988.HK,HK,equity,2022-07-26,103.0,106.1,102.5,104.4,99.6,62335905.0,6505185657.99,0.048192771084337505,0.048192771084337505,0.047067510857985946,PASS,2026-06-08T14:53:34Z,D20260608.01
9988.HK,HK,equity,2022-07-27,101.0,101.2,99.9,101.0,104.4,59523684.0,5988137668.41,-0.03256704980842917,-0.03256704980842917,-0.03310915860727895,PASS,2026-06-08T14:53:34Z,D20260608.01
9988.HK,HK,equity,2022-07-28,100.8,100.8,99.1,99.15,101.0,47788609.0,4768296865.25,-0.018316831683168222,-0.018316831683168222,-0.01848666187545437,PASS,2026-06-08T14:53:34Z,D20260608.01
9988.HK,HK,equity,2022-07-29,98.7,98.7,91.7,93.1,99.15,101884460.0,9558313395.5,-0.061018658598083864,-0.061018658598083864,-0.06295967068278376,PASS,2026-06-08T14:53:34Z,D20260608.01
9988.HK,HK,equity,2022-08-01,88.1,91.65,87.8,89.6,93.1,90581313.0,8158062690.71,-0.03759398496240607,-0.03759398496240607,-0.03831886430213666,PASS,2026-06-08T14:53:34Z,D20260608.01
9988.HK,HK,equity,2022-08-02,89.0,89.0,86.1,87.05,89.6,67822076.0,5907662938.02,-0.028459821428571397,-0.028459821428571397,-0.028872653766686705,PASS,2026-06-08T14:53:34Z,D20260608.01
9988.HK,HK,equity,2022-08-03,90.85,91.85,89.2,90.35,87.05,43309986.0,3910306658.26,0.03790924755887426,0.03790924755887426,0.0372083508240395,PASS,2026-06-08T14:53:34Z,D20260608.01
9988.HK,HK,equity,2022-08-04,95.55,96.2,93.35,95.0,90.35,52297501.0,4955463100.69,0.051466519092418395,0.051466519092418395,0.050185874562303355,PASS,2026-06-08T14:53:34Z,D20260608.01
9988.HK,HK,equity,2022-08-05,95.4,95.65,91.9,92.9,95.0,50440861.0,4697596671.75,-0.022105263157894628,-0.022105263157894628,-0.02235324578074789,PASS,2026-06-08T14:53:34Z,D20260608.01
9988.HK,HK,equity,2022-08-08,90.0,90.25,88.5,88.8,92.9,47770883.0,4263045933.03,-0.04413347685683544,-0.04413347685683544,-0.045136995821668593,PASS,2026-06-08T14:53:34Z,D20260608.01
9988.HK,HK,equity,2022-08-09,90.0,91.7,88.45,89.6,88.8,44942429.0,4039594200.85,0.009009009009008917,0.009009009009008917,0.008968669982760316,PASS,2026-06-08T14:53:34Z,D20260608.01
9988.HK,HK,equity,2022-08-10,89.35,89.65,86.8,87.95,89.6,37209371.0,3266721119.0,-0.018415178571428492,-0.018415178571428492,-0.01858684879731753,PASS,2026-06-08T14:53:34Z,D20260608.01
9988.HK,HK,equity,2022-08-11,91.0,92.4,89.4,91.75,87.95,52998669.0,4818725626.6,0.043206367254121636,0.043206367254121636,0.04229901575111245,PASS,2026-06-08T14:53:34Z,D20260608.01
9988.HK,HK,equity,2022-08-12,92.9,93.4,91.25,92.9,91.75,26387695.0,2442730030.06,0.012534059945504161,0.012534059945504161,0.012456158885113254,PASS,2026-06-08T14:53:34Z,D20260608.01
9988.HK,HK,equity,2022-08-15,91.8,93.8,91.7,91.75,92.9,23076972.0,2133946517.7,-0.012378902045209972,-0.012378902045209972,-0.01245615888511325,PASS,2026-06-08T14:53:34Z,D20260608.01
9988.HK,HK,equity,2022-08-16,92.0,92.4,88.55,89.95,91.75,33043745.0,2981731861.65,-0.01961852861035418,-0.01961852861035418,-0.019813526538137498,PASS,2026-06-08T14:53:34Z,D20260608.01
9988.HK,HK,equity,2022-08-17,90.8,91.4,89.65,90.35,89.95,24355633.0,2203875136.94,0.004446914952751513,0.004446914952751513,0.004437056641695374,PASS,2026-06-08T14:53:34Z,D20260608.01
9988.HK,HK,equity,2022-08-18,89.0,89.05,87.5,88.25,90.35,41421479.0,3662939244.31,-0.023242944106253383,-0.023242944106253383,-0.023517321224831272,PASS,2026-06-08T14:53:34Z,D20260608.01
9988.HK,HK,equity,2022-08-19,88.0,90.25,87.85,89.5,88.25,26850751.0,2400876513.0,0.014164305949008416,0.014164305949008416,0.014064929467403457,PASS,2026-06-08T14:53:34Z,D20260608.01
9988.HK,HK,equity,2022-08-22,87.8,89.75,87.7,88.5,89.5,34067261.0,3023250249.03,-0.011173184357541888,-0.011173184357541888,-0.011236073266925842,PASS,2026-06-08T14:53:34Z,D20260608.01
9988.HK,HK,equity,2022-08-23,89.0,89.3,86.75,88.4,88.5,36228033.0,3191041211.3,-0.001129943502824804,-0.001129943502824804,-0.0011305823702860267,PASS,2026-06-08T14:53:34Z,D20260608.01
9988.HK,HK,equity,2022-08-24,86.85,87.5,85.5,86.25,88.4,35976874.0,3105693383.5,-0.024321266968325816,-0.024321266968325816,-0.024621913732128638,PASS,2026-06-08T14:53:34Z,D20260608.01
9988.HK,HK,equity,2022-08-25,90.0,95.2,88.9,93.8,86.25,66382425.0,6132896415.81,0.08753623188405801,0.08753623188405801,0.0839148001007099,PASS,2026-06-08T14:53:34Z,D20260608.01
9988.HK,HK,equity,2022-08-26,97.65,97.65,94.7,95.8,93.8,54668306.0,5236519205.71,0.021321961620469176,0.021321961620469176,0.02109782896463596,PASS,2026-06-08T14:53:34Z,D20260608.01
9988.HK,HK,equity,2022-08-29,94.75,96.8,93.8,95.15,95.8,37070401.0,3535487558.29,-0.006784968684759862,-0.006784968684759862,-0.006808091234656309,PASS,2026-06-08T14:53:34Z,D20260608.01
9988.HK,HK,equity,2022-08-30,95.4,95.45,92.7,95.2,95.15,35706777.0,3370857982.32,0.0005254860746188861,0.0005254860746188861,0.0005253480551609956,PASS,2026-06-08T14:53:34Z,D20260608.01
9988.HK,HK,equity,2022-08-31,91.9,96.9,91.5,94.3,95.2,52002425.0,4891663950.18,-0.00945378151260512,-0.00945378151260512,-0.009498752157907898,PASS,2026-06-08T14:53:34Z,D20260608.01
9988.HK,HK,equity,2022-09-01,93.85,95.55,91.85,92.2,94.3,41471390.0,3861146592.9,-0.022269353128313796,-0.022269353128313796,-0.022521059076863567,PASS,2026-06-08T14:53:34Z,D20260608.01
9988.HK,HK,equity,2022-09-02,92.0,92.75,90.2,90.65,92.2,40477868.0,3688940724.02,-0.01681127982646413,-0.01681127982646413,-0.016954193361688005,PASS,2026-06-08T14:53:34Z,D20260608.01
9988.HK,HK,equity,2022-09-05,89.5,89.5,87.55,88.5,90.65,35505940.0,3152449497.6,-0.02371759514616667,-0.02371759514616667,-0.024003385186976325,PASS,2026-06-08T14:53:34Z,D20260608.01
9988.HK,HK,equity,2022-09-06,88.85,89.5,87.2,88.05,88.5,29242315.0,2576506110.85,-0.005084745762711895,-0.005084745762711895,-0.005097717071668718,PASS,2026-06-08T14:53:34Z,D20260608.01
9988.HK,HK,equity,2022-09-07,86.1,87.85,85.95,87.4,88.05,28479263.0,2466880090.65,-0.0073821692220328305,-0.0073821692220328305,-0.007409552280725264,PASS,2026-06-08T14:53:34Z,D20260608.01
9988.HK,HK,equity,2022-09-08,88.5,89.2,86.75,87.2,87.4,33528981.0,2947114997.65,-0.0022883295194507935,-0.0022883295194507935,-0.0022909517465558244,PASS,2026-06-08T14:53:34Z,D20260608.01
9988.HK,HK,equity,2022-09-09,87.2,90.35,86.55,89.8,87.2,31544613.0,2819189936.79,0.029816513761467878,0.029816513761467878,0.02938064439321996,PASS,2026-06-08T14:53:34Z,D20260608.01
9988.HK,HK,equity,2022-09-13,91.8,92.3,90.8,91.2,89.8,41280098.0,3781457427.3,0.015590200445434466,0.015590200445434466,0.015469921772131951,PASS,2026-06-08T14:53:34Z,D20260608.01
9988.HK,HK,equity,2022-09-14,87.8,88.3,86.9,87.1,91.2,35250138.0,3082889658.24,-0.04495614035087725,-0.04495614035087725,-0.04599801322182865,PASS,2026-06-08T14:53:34Z,D20260608.01
9988.HK,HK,equity,2022-09-15,86.9,88.55,86.9,88.1,87.1,21920813.0,1926008697.6,0.01148105625717566,0.01148105625717566,0.011415649083676711,PASS,2026-06-08T14:53:34Z,D20260608.01
9988.HK,HK,equity,2022-09-16,86.7,87.65,86.05,86.8,88.1,39457544.0,3428158230.43,-0.014755959137343844,-0.014755959137343844,-0.014865911275829254,PASS,2026-06-08T14:53:34Z,D20260608.01
9988.HK,HK,equity,2022-09-19,85.05,85.5,83.2,83.7,86.8,41066371.0,3458138894.88,-0.0357142857142857,-0.0357142857142857,-0.03636764417087483,PASS,2026-06-08T14:53:34Z,D20260608.01
9988.HK,HK,equity,2022-09-20,85.3,87.35,85.1,86.2,83.7,36089021.0,3112115059.8,0.029868578255675127,0.029868578255675127,0.02943120017421787,PASS,2026-06-08T14:53:34Z,D20260608.01
9988.HK,HK,equity,2022-09-21,84.1,84.15,82.6,83.05,86.2,37225757.0,3102561293.35,-0.036542923433874774,-0.036542923433874774,-0.0372273416103436,PASS,2026-06-08T14:53:34Z,D20260608.01
9988.HK,HK,equity,2022-09-22,80.0,81.0,79.7,80.85,83.05,49260960.0,3959602358.16,-0.026490066225165587,-0.026490066225165587,-0.026847250036188052,PASS,2026-06-08T14:53:34Z,D20260608.01
9988.HK,HK,equity,2022-09-23,79.15,80.35,78.4,78.4,80.85,45213463.0,3585039308.3,-0.030303030303030165,-0.030303030303030165,-0.030771658666753545,PASS,2026-06-08T14:53:34Z,D20260608.01
9988.HK,HK,equity,2022-09-26,77.4,80.3,76.7,78.7,78.4,47488911.0,3741475853.76,0.003826530612244916,0.003826530612244916,0.003819228066995397,PASS,2026-06-08T14:53:34Z,D20260608.01
9988.HK,HK,equity,2022-09-27,78.6,79.2,76.05,77.9,78.7,49807775.0,3858462189.95,-0.010165184243964398,-0.010165184243964398,-0.01021720254665494,PASS,2026-06-08T14:53:34Z,D20260608.01
9988.HK,HK,equity,2022-09-28,76.55,77.25,74.45,74.7,77.9,53790769.0,4070767759.55,-0.04107830551989733,-0.04107830551989733,-0.04194586073793098,PASS,2026-06-08T14:53:34Z,D20260608.01
9988.HK,HK,equity,2022-09-29,78.85,79.2,75.85,76.85,74.7,62711018.0,4853441073.99,0.02878179384203472,0.02878179384203472,0.02837537784583316,PASS,2026-06-08T14:53:34Z,D20260608.01
9988.HK,HK,equity,2022-09-30,77.3,78.75,75.9,77.95,76.85,46992673.0,3643907800.84,0.014313597918022225,0.014313597918022225,0.01421212551918076,PASS,2026-06-08T14:53:34Z,D20260608.01
9988.HK,HK,equity,2022-10-03,77.9,78.75,76.8,77.65,77.95,30742228.0,2389071660.22,-0.0038486209108402614,-0.0038486209108402614,-0.003856045909089429,PASS,2026-06-08T14:53:34Z,D20260608.01
9988.HK,HK,equity,2022-10-05,82.0,84.6,81.4,84.2,77.65,65113124.0,5423607593.25,0.08435286542176423,0.08435286542176423,0.08098337165358488,PASS,2026-06-08T14:53:34Z,D20260608.01
9988.HK,HK,equity,2022-10-06,83.0,84.55,82.65,83.15,84.2,29151683.0,2429908982.43,-0.01247030878859856,-0.01247030878859856,-0.012548715609344346,PASS,2026-06-08T14:53:34Z,D20260608.01
9988.HK,HK,equity,2022-10-07,81.7,82.8,81.2,81.35,83.15,27043107.0,2214195373.4,-0.021647624774503993,-0.021647624774503993,-0.021885371973889962,PASS,2026-06-08T14:53:34Z,D20260608.01
9988.HK,HK,equity,2022-10-10,79.25,79.55,78.0,78.7,81.35,28520208.0,2251699319.3,-0.032575291948371166,-0.032575291948371166,-0.03311767824168919,PASS,2026-06-08T14:53:34Z,D20260608.01
9988.HK,HK,equity,2022-10-11,78.15,78.6,75.6,76.0,78.7,39298810.0,3012002160.32,-0.03430749682337997,-0.03430749682337997,-0.03490981513702651,PASS,2026-06-08T14:53:34Z,D20260608.01
9988.HK,HK,equity,2022-10-12,74.5,77.35,72.3,74.35,76.0,56354876.0,4168574583.53,-0.021710526315789513,-0.021710526315789513,-0.02194966738016704,PASS,2026-06-08T14:53:34Z,D20260608.01
9988.HK,HK,equity,2022-10-13,74.35,74.95,72.6,72.75,74.35,25774888.0,1891531502.9,-0.021519838601210428,-0.021519838601210428,-0.02175476685456212,PASS,2026-06-08T14:53:34Z,D20260608.01
9988.HK,HK,equity,2022-10-14,74.0,76.1,72.35,73.25,72.75,43037199.0,3202910575.85,0.0068728522336769515,0.0068728522336769515,0.006849341845574768,PASS,2026-06-08T14:53:34Z,D20260608.01
9988.HK,HK,equity,2022-10-17,72.15,74.65,70.9,73.2,73.25,45035937.0,3265826842.08,-0.0006825938566552558,-0.0006825938566552558,-0.0006828269299107778,PASS,2026-06-08T14:53:34Z,D20260608.01
9988.HK,HK,equity,2022-10-18,75.3,76.4,73.85,76.0,73.2,35967664.0,2715845792.05,0.03825136612021862,0.03825136612021862,0.03753791931906524,PASS,2026-06-08T14:53:34Z,D20260608.01
9988.HK,HK,equity,2022-10-19,75.1,75.6,72.5,72.7,76.0,39088213.0,2880951910.1,-0.043421052631578916,-0.043421052631578916,-0.044391955746857364,PASS,2026-06-08T14:53:34Z,D20260608.01
9988.HK,HK,equity,2022-10-20,69.0,71.2,68.0,69.9,72.7,63153613.0,4390043866.4,-0.038514442916093516,-0.038514442916093516,-0.03927573529970909,PASS,2026-06-08T14:53:34Z,D20260608.01
9988.HK,HK,equity,2022-10-21,70.1,71.1,69.35,69.6,69.9,55066786.0,3856309228.59,-0.0042918454935624295,-0.0042918454935624295,-0.004301081899390808,PASS,2026-06-08T14:53:34Z,D20260608.01
9988.HK,HK,equity,2022-10-24,66.0,67.25,60.8,61.65,69.6,169668961.0,10739955871.08,-0.11422413793103448,-0.11422413793103448,-0.12129133773002065,PASS,2026-06-08T14:53:34Z,D20260608.01
9988.HK,HK,equity,2022-10-25,61.85,65.95,60.25,63.6,61.65,102026681.0,6445429326.85,0.031630170316301776,0.031630170316301776,0.031140240735723225,PASS,2026-06-08T14:53:34Z,D20260608.01
9988.HK,HK,equity,2022-10-26,61.8,64.65,61.25,62.3,63.6,93276020.0,5867079891.71,-0.020440251572327095,-0.020440251572327095,-0.020652044552669054,PASS,2026-06-08T14:53:34Z,D20260608.01
9988.HK,HK,equity,2022-10-27,67.55,67.95,64.65,64.85,62.3,91203977.0,6040769334.85,0.040930979133226186,0.040930979133226186,0.040115484969045295,PASS,2026-06-08T14:53:34Z,D20260608.01
9988.HK,HK,equity,2022-10-28,64.25,64.55,60.9,61.75,64.85,69414690.0,4313920963.65,-0.04780262143407854,-0.04780262143407854,-0.04898293525436621,PASS,2026-06-08T14:53:34Z,D20260608.01
9988.HK,HK,equity,2022-10-31,61.0,64.55,60.3,61.45,61.75,65768272.0,4090302695.77,-0.004858299595141613,-0.004858299595141613,-0.004870139496042662,PASS,2026-06-08T14:53:34Z,D20260608.01
9988.HK,HK,equity,2022-11-01,63.05,68.25,62.85,66.1,61.45,112728864.0,7392520577.95,0.0756712774613506,0.0756712774613506,0.07294491084559669,PASS,2026-06-08T14:53:34Z,D20260608.01
9988.HK,HK,equity,2022-11-02,65.3,68.0,64.15,67.4,66.1,44674540.0,2963614644.78,0.019667170953101554,0.019667170953101554,0.019476271060620935,PASS,2026-06-08T14:53:34Z,D20260608.01
9988.HK,HK,equity,2022-11-03,63.6,65.0,62.85,63.0,67.4,58022487.0,3694656046.05,-0.06528189910979232,-0.06528189910979232,-0.0675102915267287,PASS,2026-06-08T14:53:34Z,D20260608.01
9988.HK,HK,equity,2022-11-04,64.0,76.2,64.0,69.9,63.0,151997251.0,10700496096.1,0.10952380952380958,0.10952380952380958,0.10393092284823194,PASS,2026-06-08T14:53:34Z,D20260608.01
9988.HK,HK,equity,2022-11-07,66.7,71.8,66.3,69.7,69.9,99793174.0,6924208516.56,-0.0028612303290415086,-0.0028612303290415086,-0.0028653314732863936,PASS,2026-06-08T14:53:34Z,D20260608.01
9988.HK,HK,equity,2022-11-08,68.75,69.0,66.4,67.1,69.7,64928791.0,4394262278.75,-0.03730272596843631,-0.03730272596843631,-0.03801627378884225,PASS,2026-06-08T14:53:34Z,D20260608.01
9988.HK,HK,equity,2022-11-09,66.7,67.75,65.15,66.0,67.1,63076446.0,4172919175.34,-0.016393442622950727,-0.016393442622950727,-0.01652930195121047,PASS,2026-06-08T14:53:34Z,D20260608.01
9988.HK,HK,equity,2022-11-10,63.9,64.5,62.6,63.0,66.0,58517362.0,3708498185.94,-0.045454545454545414,-0.045454545454545414,-0.04652001563489282,PASS,2026-06-08T14:53:34Z,D20260608.01
9988.HK,HK,equity,2022-11-11,68.75,71.45,67.05,70.8,63.0,110961720.0,7658818031.61,0.12380952380952381,0.12380952380952381,0.11672427430814139,PASS,2026-06-08T14:53:34Z,D20260608.01
9988.HK,HK,equity,2022-11-14,73.0,73.7,70.0,71.05,70.8,93784730.0,6716066122.95,0.003531073446327637,0.003531073446327637,0.0035248538434355207,PASS,2026-06-08T14:53:34Z,D20260608.01
9988.HK,HK,equity,2022-11-15,71.0,80.85,69.75,78.9,71.05,187288574.0,14492427395.45,0.11048557353976096,0.11048557353976096,0.10479737330871912,PASS,2026-06-08T14:53:34Z,D20260608.01
9988.HK,HK,equity,2022-11-16,77.75,80.8,77.0,78.8,78.9,100509510.0,7905373511.01,-0.0012674271229405898,-0.0012674271229405898,-0.0012682309879952758,PASS,2026-06-08T14:53:34Z,D20260608.01
9988.HK,HK,equity,2022-11-17,77.0,79.7,74.0,78.25,78.8,89532516.0,6836417312.5,-0.006979695431472033,-0.006979695431472033,-0.007004167443570795,PASS,2026-06-08T14:53:34Z,D20260608.01
9988.HK,HK,equity,2022-11-18,83.25,83.5,79.25,79.95,78.25,110896755.0,9022200446.84,0.021725239616613434,0.021725239616613434,0.021492609859700654,PASS,2026-06-08T14:53:34Z,D20260608.01
9988.HK,HK,equity,2022-11-21,77.15,77.3,75.0,76.15,79.95,49675006.0,3782585294.69,-0.047529706066291366,-0.047529706066291366,-0.04869635993879235,PASS,2026-06-08T14:53:34Z,D20260608.01
9988.HK,HK,equity,2022-11-22,75.2,75.7,72.2,73.1,76.15,60909746.0,4484891829.7,-0.040052527905449886,-0.040052527905449886,-0.04087671258543812,PASS,2026-06-08T14:53:34Z,D20260608.01
9988.HK,HK,equity,2022-11-23,73.75,76.45,73.05,75.4,73.1,54202563.0,4073376336.1,0.03146374829001375,0.03146374829001375,0.030978908258177635,PASS,2026-06-08T14:53:34Z,D20260608.01
9988.HK,HK,equity,2022-11-24,76.7,77.2,74.9,76.4,75.4,31644335.0,2408797867.7,0.013262599469495928,0.013262599469495928,0.013175421158564328,PASS,2026-06-08T14:53:34Z,D20260608.01
9988.HK,HK,equity,2022-11-25,75.9,76.0,73.85,74.75,76.4,28359869.0,2121533464.95,-0.0215968586387435,-0.0215968586387435,-0.021833483901679045,PASS,2026-06-08T14:53:34Z,D20260608.01
9988.HK,HK,equity,2022-11-28,70.6,73.35,69.8,72.2,74.75,65982901.0,4728879741.84,-0.03411371237458194,-0.03411371237458194,-0.034709166372015265,PASS,2026-06-08T14:53:34Z,D20260608.01
9988.HK,HK,equity,2022-11-29,73.65,78.8,73.2,78.75,72.2,94542048.0,7233842582.18,0.09072022160664805,0.09072022160664805,0.08683823180696176,PASS,2026-06-08T14:53:34Z,D20260608.01
9988.HK,HK,equity,2022-11-30,77.7,80.9,76.45,79.9,78.75,109081005.0,8636922836.4,0.014603174603174729,0.014603174603174729,0.014497575066486664,PASS,2026-06-08T14:53:34Z,D20260608.01
9988.HK,HK,equity,2022-12-01,85.6,86.9,82.45,82.8,79.9,106301600.0,8884990410.39,0.03629536921151422,0.03629536921151422,0.035652208618984854,PASS,2026-06-08T14:53:34Z,D20260608.01
9988.HK,HK,equity,2022-12-02,83.6,85.75,82.95,84.8,82.8,74134786.0,6256870311.71,0.024154589371980784,0.024154589371980784,0.023867481406643486,PASS,2026-06-08T14:53:34Z,D20260608.01
9988.HK,HK,equity,2022-12-05,88.8,92.85,87.25,92.65,84.8,132953207.0,11938737277.72,0.09257075471698117,0.09257075471698117,0.08853340993351144,PASS,2026-06-08T14:53:34Z,D20260608.01
9988.HK,HK,equity,2022-12-06,88.15,91.75,88.15,89.85,92.65,66889543.0,6007062216.1,-0.030221262817053507,-0.030221262817053507,-0.030687339501800824,PASS,2026-06-08T14:53:34Z,D20260608.01
9988.HK,HK,equity,2022-12-07,89.2,92.0,84.8,85.05,89.85,83595457.0,7357163471.37,-0.05342237061769617,-0.05342237061769617,-0.05490229438769729,PASS,2026-06-08T14:53:34Z,D20260608.01
9988.HK,HK,equity,2022-12-08,86.8,91.1,86.3,89.4,85.05,70524387.0,6275633592.58,0.05114638447971798,0.05114638447971798,0.049881363337597844,PASS,2026-06-08T14:53:34Z,D20260608.01
9988.HK,HK,equity,2022-12-09,90.65,93.2,88.85,91.85,89.4,85186929.0,7821417169.3,0.027404921700223683,0.027404921700223683,0.02703612948166617,PASS,2026-06-08T14:53:34Z,D20260608.01
9988.HK,HK,equity,2022-12-12,89.8,90.9,87.6,88.35,91.85,48772508.0,4350279089.85,-0.038105606967882455,-0.038105606967882455,-0.03885061289542929,PASS,2026-06-08T14:53:34Z,D20260608.01
9988.HK,HK,equity,2022-12-13,87.7,90.25,87.1,88.35,88.35,49026085.0,4345395218.39,0.0,0.0,0.0,PASS,2026-06-08T14:53:34Z,D20260608.01
9988.HK,HK,equity,2022-12-14,89.7,90.5,88.55,89.5,88.35,42497183.0,3809543697.36,0.013016411997736288,0.013016411997736288,0.012932426515104295,PASS,2026-06-08T14:53:34Z,D20260608.01
9988.HK,HK,equity,2022-12-15,88.5,88.55,85.2,85.9,89.5,46551464.0,4019716740.81,-0.040223463687150796,-0.040223463687150796,-0.04105479629059996,PASS,2026-06-08T14:53:34Z,D20260608.01
9988.HK,HK,equity,2022-12-16,84.15,88.75,84.15,86.45,85.9,77057783.0,6657895945.22,0.00640279394644927,0.00640279394644927,0.006382383139089731,PASS,2026-06-08T14:53:34Z,D20260608.01
9988.HK,HK,equity,2022-12-19,86.9,90.8,86.4,87.05,86.45,70038366.0,6181060141.96,0.006940427993059606,0.006940427993059606,0.006916454084898574,PASS,2026-06-08T14:53:34Z,D20260608.01
9988.HK,HK,equity,2022-12-20,85.0,85.55,82.5,84.05,87.05,57291122.0,4817031100.3,-0.034462952326249296,-0.034462952326249296,-0.03507080635957345,PASS,2026-06-08T14:53:34Z,D20260608.01
9988.HK,HK,equity,2022-12-21,84.45,85.4,83.7,84.45,84.05,31475853.0,2660728500.03,0.004759071980963814,0.004759071980963814,0.004747783399184567,PASS,2026-06-08T14:53:34Z,D20260608.01
9988.HK,HK,equity,2022-12-22,86.5,89.15,86.45,87.9,84.45,53772623.0,4732112517.2,0.04085257548845478,0.04085257548845478,0.0400401614373223,PASS,2026-06-08T14:53:34Z,D20260608.01
9988.HK,HK,equity,2022-12-23,85.4,87.55,85.4,86.5,87.9,34114821.0,2956036760.0,-0.015927189988623525,-0.015927189988623525,-0.016055390753297767,PASS,2026-06-08T14:53:34Z,D20260608.01
9988.HK,HK,equity,2022-12-28,87.3,89.35,87.3,87.7,86.5,55669943.0,4911579684.05,0.01387283236994219,0.01387283236994219,0.013777485440303713,PASS,2026-06-08T14:53:34Z,D20260608.01
9988.HK,HK,equity,2022-12-29,85.4,85.85,84.65,85.55,87.7,44950446.0,3831241322.3,-0.02451539338654507,-0.02451539338654507,-0.024820899039934903,PASS,2026-06-08T14:53:34Z,D20260608.01
9988.HK,HK,equity,2022-12-30,87.3,88.3,85.7,86.25,85.55,35928445.0,3112837964.25,0.008182349503214503,0.008182349503214503,0.008149055573266662,PASS,2026-06-08T14:53:34Z,D20260608.01
9988.HK,HK,equity,2023-01-03,85.7,89.15,84.6,88.65,86.25,45393323.0,3981720309.04,0.02782608695652189,0.02782608695652189,0.027445976608747903,PASS,2026-06-08T14:53:34Z,D20260608.01
9988.HK,HK,equity,2023-01-04,90.75,96.5,89.5,96.4,88.65,118636981.0,11215891204.85,0.08742244782853925,0.08742244782853925,0.08381016909628308,PASS,2026-06-08T14:53:34Z,D20260608.01
9988.HK,HK,equity,2023-01-05,102.1,103.8,98.2,99.6,96.4,104685426.0,10542913372.09,0.03319502074688785,0.03319502074688785,0.0326559629740525,PASS,2026-06-08T14:53:34Z,D20260608.01
9988.HK,HK,equity,2023-01-06,101.5,102.7,99.7,101.6,99.6,73315739.0,7432622618.83,0.02008032128514059,0.02008032128514059,0.019881370553828995,PASS,2026-06-08T14:53:34Z,D20260608.01
9988.HK,HK,equity,2023-01-09,105.6,110.9,105.0,110.4,101.6,123720147.0,13462350052.93,0.08661417322834652,0.08661417322834652,0.08306659869861348,PASS,2026-06-08T14:53:34Z,D20260608.01
9988.HK,HK,equity,2023-01-10,109.0,110.0,107.0,109.5,110.4,76284815.0,8313926191.33,-0.00815217391304357,-0.00815217391304357,-0.008185584586439518,PASS,2026-06-08T14:53:34Z,D20260608.01
9988.HK,HK,equity,2023-01-11,112.2,115.0,110.5,112.9,109.5,108863653.0,12310611466.56,0.031050228310502304,0.031050228310502304,0.03057792189906084,PASS,2026-06-08T14:53:34Z,D20260608.01
9988.HK,HK,equity,2023-01-12,113.1,113.1,107.8,110.8,112.9,91858342.0,10170394577.05,-0.01860053144375562,-0.01860053144375562,-0.018775696842432982,PASS,2026-06-08T14:53:34Z,D20260608.01
9988.HK,HK,equity,2023-01-13,110.8,113.0,109.0,112.7,110.8,72120768.0,8039148039.81,0.017148014440433235,0.017148014440433235,0.017002646732547203,PASS,2026-06-08T14:53:34Z,D20260608.01
9988.HK,HK,equity,2023-01-16,114.2,115.4,110.9,113.4,112.7,65734884.0,7432431778.89,0.006211180124223725,0.006211180124223725,0.006191970247921201,PASS,2026-06-08T14:53:34Z,D20260608.01
9988.HK,HK,equity,2023-01-17,114.0,116.8,112.8,114.5,113.4,62173474.0,7101579912.17,0.00970017636684295,0.00970017636684295,0.00965343170064256,PASS,2026-06-08T14:53:34Z,D20260608.01
9988.HK,HK,equity,2023-01-18,112.9,114.9,110.7,114.1,114.5,55425698.0,6293490371.4,-0.003493449781659441,-0.003493449781659441,-0.003499566126264437,PASS,2026-06-08T14:53:34Z,D20260608.01
9988.HK,HK,equity,2023-01-19,111.0,113.6,110.3,112.2,114.1,55515129.0,6216237303.9,-0.016652059596844793,-0.016652059596844793,-0.016792263779433932,PASS,2026-06-08T14:53:34Z,D20260608.01
9988.HK,HK,equity,2023-01-20,114.8,117.0,114.3,116.3,112.2,64593525.0,7480330950.17,0.036541889483065804,0.036541889483065804,0.035890066436022654,PASS,2026-06-08T14:53:34Z,D20260608.01
9988.HK,HK,equity,2023-01-26,117.8,118.5,116.3,117.5,116.3,54550091.0,6403019484.09,0.010318142734307756,0.010318142734307756,0.010265274059594843,PASS,2026-06-08T14:53:34Z,D20260608.01
9988.HK,HK,equity,2023-01-27,117.7,118.2,115.8,117.3,117.5,49008508.0,5720745120.5,-0.0017021276595744483,-0.0017021276595744483,-0.0017035779247838538,PASS,2026-06-08T14:53:34Z,D20260608.01
9988.HK,HK,equity,2023-01-30,114.5,115.4,107.8,109.0,117.3,131046567.0,14474980648.9,-0.07075873827791979,-0.07075873827791979,-0.07338687343028599,PASS,2026-06-08T14:53:34Z,D20260608.01
9988.HK,HK,equity,2023-01-31,109.6,110.5,105.5,107.6,109.0,94863420.0,10187275398.04,-0.012844036697247763,-0.012844036697247763,-0.012927234501459717,PASS,2026-06-08T14:53:34Z,D20260608.01
9988.HK,HK,equity,2023-02-01,109.0,110.5,107.2,110.0,107.6,55654697.0,6078158836.35,0.02230483271375472,0.02230483271375472,0.022059718064732257,PASS,2026-06-08T14:53:34Z,D20260608.01
9988.HK,HK,equity,2023-02-02,111.4,112.3,108.7,109.0,110.0,39931077.0,4401948945.92,-0.009090909090909038,-0.009090909090909038,-0.009132483563272474,PASS,2026-06-08T14:53:34Z,D20260608.01
9988.HK,HK,equity,2023-02-03,107.2,107.7,105.3,106.1,109.0,55271792.0,5864673873.0,-0.026605504587156048,-0.026605504587156048,-0.026965836609206335,PASS,2026-06-08T14:53:34Z,D20260608.01
9988.HK,HK,equity,2023-02-06,102.2,103.8,101.5,103.2,106.1,53151968.0,5454890269.5,-0.027332704995287394,-0.027332704995287394,-0.02771319257247502,PASS,2026-06-08T14:53:34Z,D20260608.01
9988.HK,HK,equity,2023-02-07,103.5,106.7,103.5,104.8,103.2,38073535.0,3996466725.51,0.015503875968992276,0.015503875968992276,0.015384918839479456,PASS,2026-06-08T14:53:34Z,D20260608.01
9988.HK,HK,equity,2023-02-08,104.4,104.8,102.1,103.5,104.8,39292294.0,4065464001.39,-0.012404580152671763,-0.012404580152671763,-0.012482159181518031,PASS,2026-06-08T14:53:34Z,D20260608.01
9988.HK,HK,equity,2023-02-09,103.5,108.5,103.1,107.6,103.5,60791720.0,6465398858.8,0.03961352657004835,0.03961352657004835,0.038849035022260316,PASS,2026-06-08T14:53:34Z,D20260608.01
9988.HK,HK,equity,2023-02-10,107.3,107.6,103.4,104.1,107.6,44532345.0,4674403221.81,-0.032527881040892215,-0.032527881040892215,-0.033068672106760864,PASS,2026-06-08T14:53:34Z,D20260608.01
9988.HK,HK,equity,2023-02-13,101.1,104.9,100.7,104.0,104.1,41478273.0,4285465396.06,-0.0009606147934677622,-0.0009606147934677622,-0.0009610764795504782,PASS,2026-06-08T14:53:34Z,D20260608.01
9988.HK,HK,equity,2023-02-14,103.6,103.9,102.3,102.5,104.0,39436631.0,4064906197.1,-0.014423076923076872,-0.014423076923076872,-0.014528100562909744,PASS,2026-06-08T14:53:34Z,D20260608.01
9988.HK,HK,equity,2023-02-15,102.3,102.5,100.1,100.9,102.5,46755321.0,4718058087.38,-0.015609756097560878,-0.015609756097560878,-0.015732871218899498,PASS,2026-06-08T14:53:34Z,D20260608.01
9988.HK,HK,equity,2023-02-16,102.0,105.4,101.5,102.1,100.9,43292397.0,4471815261.25,0.011892963330029538,0.011892963330029538,0.011822797811056407,PASS,2026-06-08T14:53:34Z,D20260608.01
9988.HK,HK,equity,2023-02-17,102.1,102.9,99.45,99.45,102.1,37616027.0,3784208940.8,-0.025954946131243828,-0.025954946131243828,-0.026297719870638614,PASS,2026-06-08T14:53:34Z,D20260608.01
9988.HK,HK,equity,2023-02-20,98.8,100.5,98.0,99.4,99.45,38508675.0,3824673185.65,-0.0005027652086475598,-0.0005027652086475598,-0.000502891637452852,PASS,2026-06-08T14:53:34Z,D20260608.01
9988.HK,HK,equity,2023-02-21,99.5,99.5,95.0,95.2,99.4,58373987.0,5638266290.05,-0.04225352112676062,-0.04225352112676062,-0.04317217186520878,PASS,2026-06-08T14:53:34Z,D20260608.01
9988.HK,HK,equity,2023-02-22,92.1,94.8,92.1,92.95,95.2,59459217.0,5541294257.36,-0.023634453781512632,-0.023634453781512632,-0.023918227629866635,PASS,2026-06-08T14:53:34Z,D20260608.01
9988.HK,HK,equity,2023-02-23,92.75,96.25,92.6,95.15,92.95,48408447.0,4578969958.01,0.02366863905325456,0.02366863905325456,0.023392879574705594,PASS,2026-06-08T14:53:34Z,D20260608.01
9988.HK,HK,equity,2023-02-24,93.25,93.25,90.0,90.05,95.15,81538617.0,7432997094.92,-0.05359957961114037,-0.05359957961114037,-0.05508952212019348,PASS,2026-06-08T14:53:34Z,D20260608.01
9988.HK,HK,equity,2023-02-27,88.0,92.15,87.75,89.4,90.05,77371929.0,6956325434.96,-0.0072182121043863345,-0.0072182121043863345,-0.007244389442496509,PASS,2026-06-08T14:53:34Z,D20260608.01
9988.HK,HK,equity,2023-02-28,88.25,89.25,86.05,86.5,89.4,82590338.0,7221961673.79,-0.032438478747203625,-0.032438478747203625,-0.03297626824163487,PASS,2026-06-08T14:53:34Z,D20260608.01
9988.HK,HK,equity,2023-03-01,86.7,92.15,86.6,91.9,86.5,76906503.0,6942511379.64,0.062427745664739964,0.062427745664739964,0.0605566154238078,PASS,2026-06-08T14:53:34Z,D20260608.01
9988.HK,HK,equity,2023-03-02,88.6,89.0,87.45,87.6,91.9,79258745.0,6978647320.57,-0.04678998911860732,-0.04678998911860732,-0.04792003141929576,PASS,2026-06-08T14:53:34Z,D20260608.01
9988.HK,HK,equity,2023-03-03,89.5,89.5,87.3,88.0,87.6,50893726.0,4494361618.1,0.004566210045662267,0.004566210045662267,0.0045558165358608824,PASS,2026-06-08T14:53:34Z,D20260608.01
9988.HK,HK,equity,2023-03-06,87.35,88.25,86.55,87.25,88.0,53347406.0,4654852132.45,-0.008522727272727293,-0.008522727272727293,-0.008559253395669948,PASS,2026-06-08T14:53:34Z,D20260608.01
9988.HK,HK,equity,2023-03-07,89.0,91.65,87.8,88.6,87.25,62222775.0,5565606880.0,0.015472779369627432,0.015472779369627432,0.015354296528498646,PASS,2026-06-08T14:53:34Z,D20260608.01
9988.HK,HK,equity,2023-03-08,87.0,87.1,85.1,85.75,88.6,51977469.0,4469355423.19,-0.03216704288939043,-0.03216704288939043,-0.032695771564985876,PASS,2026-06-08T14:53:34Z,D20260608.01
9988.HK,HK,equity,2023-03-09,86.3,86.5,84.5,84.5,85.75,43587344.0,3717316636.05,-0.014577259475218707,-0.014577259475218707,-0.014684551682921182,PASS,2026-06-08T14:53:34Z,D20260608.01
9988.HK,HK,equity,2023-03-10,81.5,82.2,81.0,81.15,84.5,77303637.0,6294461204.5,-0.03964497041420112,-0.03964497041420112,-0.04045224040252788,PASS,2026-06-08T14:53:34Z,D20260608.01
9988.HK,HK,equity,2023-03-13,82.4,84.95,81.45,83.25,81.15,64694323.0,5385260284.25,0.025878003696857554,0.025878003696857554,0.025548834899952876,PASS,2026-06-08T14:53:34Z,D20260608.01
9988.HK,HK,equity,2023-03-14,81.5,82.05,79.5,80.0,83.25,73040873.0,5893449494.05,-0.03903903903903905,-0.03903903903903905,-0.03982149418667161,PASS,2026-06-08T14:53:34Z,D20260608.01
9988.HK,HK,equity,2023-03-15,82.7,83.7,81.55,82.05,80.0,46739487.0,3846714198.67,0.02562500000000001,0.02562500000000001,0.0253021828622183,PASS,2026-06-08T14:53:34Z,D20260608.01
9988.HK,HK,equity,2023-03-16,80.2,81.45,79.8,80.5,82.05,45643767.0,3673397423.99,-0.018890920170627656,-0.018890920170627656,-0.019071633111582206,PASS,2026-06-08T14:53:34Z,D20260608.01
9988.HK,HK,equity,2023-03-17,81.4,82.2,80.55,81.5,80.5,67317247.0,5488652447.98,0.012422360248447228,0.012422360248447228,0.012345835822299362,PASS,2026-06-08T14:53:34Z,D20260608.01
9988.HK,HK,equity,2023-03-20,80.95,81.15,78.1,79.2,81.5,52567854.0,4171456783.65,-0.02822085889570547,-0.02822085889570547,-0.0286267214264368,PASS,2026-06-08T14:53:34Z,D20260608.01
9988.HK,HK,equity,2023-03-21,79.35,80.65,78.7,80.5,79.2,36073232.0,2879610227.02,0.016414141414141437,0.016414141414141437,0.016280885604137537,PASS,2026-06-08T14:53:34Z,D20260608.01
9988.HK,HK,equity,2023-03-22,82.2,84.4,82.1,82.85,80.5,44553051.0,3707677753.55,0.029192546583850953,0.029192546583850953,0.02877455944805425,PASS,2026-06-08T14:53:34Z,D20260608.01
9988.HK,HK,equity,2023-03-23,82.55,86.7,82.35,86.2,82.85,67377220.0,5731577658.64,0.04043452021726024,0.04043452021726024,0.03963843379707562,PASS,2026-06-08T14:53:34Z,D20260608.01
9988.HK,HK,equity,2023-03-24,85.45,86.6,84.5,85.3,86.2,48345392.0,4125743507.45,-0.01044083526682138,-0.01044083526682138,-0.010495723172014014,PASS,2026-06-08T14:53:34Z,D20260608.01
9988.HK,HK,equity,2023-03-27,86.35,89.95,83.8,85.25,85.3,100519321.0,8693567252.16,-0.0005861664712778492,-0.0005861664712778492,-0.000586338334007269,PASS,2026-06-08T14:53:34Z,D20260608.01
9988.HK,HK,equity,2023-03-28,85.1,85.65,83.3,84.25,85.25,53162509.0,4477007402.14,-0.011730205278592365,-0.011730205278592365,-0.011799546931155055,PASS,2026-06-08T14:53:34Z,D20260608.01
9988.HK,HK,equity,2023-03-29,96.85,98.0,94.35,94.55,84.25,163130347.0,15573764787.92,0.12225519287833819,0.12225519287833819,0.11534022587199531,PASS,2026-06-08T14:53:34Z,D20260608.01
9988.HK,HK,equity,2023-03-30,97.1,97.2,94.65,96.9,94.55,88453938.0,8510556291.25,0.024854574299312704,0.024854574299312704,0.024550723792254214,PASS,2026-06-08T14:53:34Z,D20260608.01
9988.HK,HK,equity,2023-03-31,101.2,102.0,99.6,100.4,96.9,89687911.0,9038124507.3,0.03611971104231171,0.03611971104231171,0.035482688360908315,PASS,2026-06-08T14:53:34Z,D20260608.01
9988.HK,HK,equity,2023-04-03,99.0,99.95,97.6,98.55,100.4,53752683.0,5312957962.67,-0.018426294820717226,-0.018426294820717226,-0.018598173658899708,PASS,2026-06-08T14:53:34Z,D20260608.01
9988.HK,HK,equity,2023-04-04,96.15,96.45,93.7,95.65,98.55,53862168.0,5132905365.3,-0.029426686960933424,-0.029426686960933424,-0.029868337712467212,PASS,2026-06-08T14:53:34Z,D20260608.01
9988.HK,HK,equity,2023-04-06,96.2,98.0,95.9,97.75,95.65,40751702.0,3955412935.22,0.02195504443282803,0.02195504443282803,0.021717502979213283,PASS,2026-06-08T14:53:34Z,D20260608.01
9988.HK,HK,equity,2023-04-11,100.2,101.5,98.1,99.3,97.75,60954920.0,6067653674.85,0.015856777493606034,0.015856777493606034,0.01573237218565165,PASS,2026-06-08T14:53:34Z,D20260608.01
9988.HK,HK,equity,2023-04-12,97.65,98.15,95.7,96.05,99.3,38659231.0,3736338312.25,-0.03272910372608262,-0.03272910372608262,-0.033276681836561295,PASS,2026-06-08T14:53:34Z,D20260608.01
9988.HK,HK,equity,2023-04-13,91.6,94.35,91.1,94.15,96.05,65547652.0,6095685968.15,-0.019781363872982682,-0.019781363872982682,-0.019979634111404097,PASS,2026-06-08T14:53:34Z,D20260608.01
9988.HK,HK,equity,2023-04-14,94.5,95.15,93.75,94.5,94.15,26025094.0,2455631220.55,0.0037174721189590088,0.0037174721189590088,0.0037105793965355534,PASS,2026-06-08T14:53:34Z,D20260608.01
9988.HK,HK,equity,2023-04-17,93.2,96.35,92.8,95.4,94.5,37951973.0,3601793515.78,0.00952380952380949,0.00952380952380949,0.009478743954543739,PASS,2026-06-08T14:53:34Z,D20260608.01
9988.HK,HK,equity,2023-04-18,94.1,95.6,94.1,94.8,95.4,26770456.0,2536954173.0,-0.0062893081761007386,-0.0062893081761007386,-0.006309169193264832,PASS,2026-06-08T14:53:34Z,D20260608.01
9988.HK,HK,equity,2023-04-19,94.5,94.5,91.95,92.25,94.8,35119559.0,3272431431.6,-0.02689873417721511,-0.02689873417721511,-0.02726712634033947,PASS,2026-06-08T14:53:34Z,D20260608.01
9988.HK,HK,equity,2023-04-20,92.2,92.95,91.45,91.75,92.25,29866001.0,2755119255.85,-0.005420054200542035,-0.005420054200542035,-0.005434795985956945,PASS,2026-06-08T14:53:34Z,D20260608.01
9988.HK,HK,equity,2023-04-21,89.35,89.85,87.3,87.95,91.75,62592264.0,5550598016.28,-0.04141689373296997,-0.04141689373296997,-0.04229901575111242,PASS,2026-06-08T14:53:34Z,D20260608.01
9988.HK,HK,equity,2023-04-24,87.45,88.5,86.0,86.9,87.95,35872549.0,3114871557.75,-0.011938601478112543,-0.011938601478112543,-0.0120104389122208,PASS,2026-06-08T14:53:34Z,D20260608.01
9988.HK,HK,equity,2023-04-25,85.7,85.95,83.3,84.1,86.9,56529023.0,4765231764.85,-0.03222094361334882,-0.03222094361334882,-0.03275146529244413,PASS,2026-06-08T14:53:34Z,D20260608.01
9988.HK,HK,equity,2023-04-26,81.6,84.7,81.25,83.3,84.1,72936666.0,6053405487.5,-0.009512485136741966,-0.009512485136741966,-0.009558017806105356,PASS,2026-06-08T14:53:34Z,D20260608.01
9988.HK,HK,equity,2023-04-27,81.8,82.2,80.8,81.8,83.3,63401706.0,5172163340.43,-0.01800720288115243,-0.01800720288115243,-0.018171305564095602,PASS,2026-06-08T14:53:34Z,D20260608.01
9988.HK,HK,equity,2023-04-28,82.85,83.9,81.65,82.05,81.8,46940162.0,3869293711.63,0.003056234718826323,0.003056234718826323,0.00305157392739845,PASS,2026-06-08T14:53:34Z,D20260608.01
9988.HK,HK,equity,2023-05-02,83.65,84.1,81.5,82.3,82.05,26572826.0,2194011746.9,0.0030469226081657474,0.0030469226081657474,0.0030422901469242193,PASS,2026-06-08T14:53:34Z,D20260608.01
9988.HK,HK,equity,2023-05-03,80.1,80.6,79.7,80.35,82.3,39306160.0,3149484432.66,-0.0236938031591738,-0.0236938031591738,-0.02397901549950258,PASS,2026-06-08T14:53:34Z,D20260608.01
9988.HK,HK,equity,2023-05-04,80.5,81.45,80.35,80.7,80.35,34428742.0,2783543722.8,0.004355942750466912,0.004355942750466912,0.004346483092381724,PASS,2026-06-08T14:53:34Z,D20260608.01
9988.HK,HK,equity,2023-05-05,82.0,82.45,81.1,81.65,80.7,33666492.0,2751499174.56,0.011771995043370564,0.011771995043370564,0.011703244140571062,PASS,2026-06-08T14:53:34Z,D20260608.01
9988.HK,HK,equity,2023-05-08,81.65,82.4,81.4,81.95,81.65,40005891.0,3277679180.35,0.003674219228413822,0.003674219228413822,0.0036674857733644335,PASS,2026-06-08T14:53:34Z,D20260608.01
9988.HK,HK,equity,2023-05-09,81.95,81.95,78.9,79.45,81.95,53328129.0,4279965024.9,-0.030506406345332526,-0.030506406345332526,-0.03098141220711371,PASS,2026-06-08T14:53:34Z,D20260608.01
9988.HK,HK,equity,2023-05-10,80.05,80.7,78.8,80.2,79.45,41918692.0,3350076622.9,0.009439899307740696,0.009439899307740696,0.009395621889743803,PASS,2026-06-08T14:53:34Z,D20260608.01
9988.HK,HK,equity,2023-05-11,81.8,82.75,80.8,82.65,80.2,45547433.0,3726730244.36,0.030548628428927804,0.030548628428927804,0.030091309394564492,PASS,2026-06-08T14:53:34Z,D20260608.01
9988.HK,HK,equity,2023-05-12,85.15,85.5,83.8,84.65,82.65,60973363.0,5160931674.2,0.024198427102238407,0.024198427102238407,0.023910284312111188,PASS,2026-06-08T14:53:34Z,D20260608.01
9988.HK,HK,equity,2023-05-15,84.0,86.5,83.0,85.45,84.65,41392670.0,3524241701.38,0.00945067926757237,0.00945067926757237,0.009406300982455588,PASS,2026-06-08T14:53:34Z,D20260608.01
9988.HK,HK,equity,2023-05-16,86.8,86.8,84.95,85.75,85.45,26388517.0,2265883763.5,0.003510825043885335,0.003510825043885335,0.003504676484449422,PASS,2026-06-08T14:53:34Z,D20260608.01
9988.HK,HK,equity,2023-05-17,87.35,87.5,85.0,85.45,85.75,43307971.0,3739523551.78,-0.0034985422740524408,-0.0034985422740524408,-0.0035046764844493625,PASS,2026-06-08T14:53:34Z,D20260608.01
9988.HK,HK,equity,2023-05-18,88.2,89.2,87.25,87.75,85.45,72221529.0,6362232231.81,0.02691632533645394,0.02691632533645394,0.02656045278437517,PASS,2026-06-08T14:53:34Z,D20260608.01
9988.HK,HK,equity,2023-05-19,83.45,84.35,82.0,82.45,87.75,92873084.0,7710411589.2,-0.06039886039886033,-0.06039886039886033,-0.06229981334036721,PASS,2026-06-08T14:53:34Z,D20260608.01
9988.HK,HK,equity,2023-05-22,82.45,85.1,81.4,83.6,82.45,54249146.0,4532902107.12,0.013947847180109108,0.013947847180109108,0.013851471085047981,PASS,2026-06-08T14:53:34Z,D20260608.01
9988.HK,HK,equity,2023-05-23,83.6,84.65,82.35,83.0,83.6,32115656.0,2675575991.1,-0.0071770334928229484,-0.0071770334928229484,-0.007202912294057997,PASS,2026-06-08T14:53:34Z,D20260608.01
9988.HK,HK,equity,2023-05-24,81.05,81.9,80.6,81.05,83.0,39045036.0,3170442322.95,-0.02349397590361446,-0.02349397590361446,-0.023774359614912817,PASS,2026-06-08T14:53:34Z,D20260608.01
9988.HK,HK,equity,2023-05-25,80.0,80.3,77.6,78.65,81.05,75187196.0,5926262153.39,-0.029611351017890142,-0.029611351017890142,-0.030058618677398227,PASS,2026-06-08T14:53:34Z,D20260608.01
9988.HK,HK,equity,2023-05-29,78.95,79.55,77.6,77.8,78.65,48515697.0,3798972318.78,-0.010807374443738138,-0.010807374443738138,-0.010866198319940972,PASS,2026-06-08T14:53:34Z,D20260608.01
9988.HK,HK,equity,2023-05-30,78.9,79.35,77.55,78.8,77.8,40606239.0,3188115210.88,0.01285347043701801,0.01285347043701801,0.01277156567948754,PASS,2026-06-08T14:53:34Z,D20260608.01
9988.HK,HK,equity,2023-05-31,77.95,77.95,75.8,77.9,78.8,177424030.0,13749145148.9,-0.011421319796954155,-0.011421319796954155,-0.0114870439871307,PASS,2026-06-08T14:53:34Z,D20260608.01
9988.HK,HK,equity,2023-06-01,77.05,79.7,76.9,77.3,77.9,76088679.0,5932898607.94,-0.007702182284980874,-0.007702182284980874,-0.007731997283326433,PASS,2026-06-08T14:53:34Z,D20260608.01
9988.HK,HK,equity,2023-06-02,80.75,82.85,80.1,82.5,77.3,69157566.0,5653368026.17,0.06727037516170764,0.06727037516170764,0.06510433774725903,PASS,2026-06-08T14:53:34Z,D20260608.01
9988.HK,HK,equity,2023-06-05,82.8,83.35,81.75,82.75,82.5,34970258.0,2888665812.76,0.003030303030302939,0.003030303030302939,0.00302572091653689,PASS,2026-06-08T14:53:34Z,D20260608.01
9988.HK,HK,equity,2023-06-06,83.0,84.2,81.8,82.35,82.75,32679498.0,2705787627.1,-0.004833836858006091,-0.004833836858006091,-0.004845557633523001,PASS,2026-06-08T14:53:34Z,D20260608.01
9988.HK,HK,equity,2023-06-07,84.6,84.9,83.3,84.05,82.35,33719527.0,2831228546.3,0.020643594414086364,0.020643594414086364,0.02043340323097543,PASS,2026-06-08T14:53:34Z,D20260608.01
9988.HK,HK,equity,2023-06-08,83.4,83.9,82.05,83.35,84.05,30975757.0,2567083397.97,-0.008328375966686563,-0.008328375966686563,-0.008363250657821673,PASS,2026-06-08T14:53:34Z,D20260608.01
9988.HK,HK,equity,2023-06-09,83.8,84.35,83.0,83.9,83.35,32630311.0,2734210845.15,0.006598680263947276,0.006598680263947276,0.00657700427635755,PASS,2026-06-08T14:53:34Z,D20260608.01
9988.HK,HK,equity,2023-06-12,84.5,84.5,83.0,84.0,83.9,21072194.0,1763746010.15,0.0011918951132299238,0.0011918951132299238,0.0011911853701530102,PASS,2026-06-08T14:53:34Z,D20260608.01
9988.HK,HK,equity,2023-06-13,83.55,86.5,83.5,85.7,84.0,44562105.0,3802898744.64,0.020238095238095166,0.020238095238095166,0.02003602676042042,PASS,2026-06-08T14:53:34Z,D20260608.01
9988.HK,HK,equity,2023-06-14,85.9,86.45,84.45,85.15,85.7,36808428.0,3141054574.58,-0.0064177362893815815,-0.0064177362893815815,-0.006438418495036837,PASS,2026-06-08T14:53:34Z,D20260608.01
9988.HK,HK,equity,2023-06-15,87.3,89.15,86.65,89.0,85.15,58981505.0,5186945843.45,0.04521432765707578,0.04521432765707578,0.044221962623442586,PASS,2026-06-08T14:53:34Z,D20260608.01
9988.HK,HK,equity,2023-06-16,90.6,92.7,89.5,91.6,89.0,176510302.0,16132343836.99,0.02921348314606731,0.02921348314606731,0.02879490194794464,PASS,2026-06-08T14:53:34Z,D20260608.01
9988.HK,HK,equity,2023-06-19,90.4,91.1,87.9,89.7,91.6,54103067.0,4838210954.71,-0.020742358078602474,-0.020742358078602474,-0.020960502615334,PASS,2026-06-08T14:53:34Z,D20260608.01
9988.HK,HK,equity,2023-06-20,89.5,89.75,87.95,88.35,89.7,37315367.0,3302667830.85,-0.015050167224080369,-0.015050167224080369,-0.015164570299045133,PASS,2026-06-08T14:53:34Z,D20260608.01
9988.HK,HK,equity,2023-06-21,85.3,86.15,84.5,84.7,88.35,43362403.0,3690417634.55,-0.04131295981890204,-0.04131295981890204,-0.04219059710769664,PASS,2026-06-08T14:53:34Z,D20260608.01
9988.HK,HK,equity,2023-06-23,85.0,85.1,83.1,84.05,84.7,29149129.0,2447742502.78,-0.007674144037780439,-0.007674144037780439,-0.007703741803384133,PASS,2026-06-08T14:53:34Z,D20260608.01
9988.HK,HK,equity,2023-06-26,83.1,84.75,83.1,83.25,84.05,31955957.0,2678039605.2,-0.009518143961927406,-0.009518143961927406,-0.009563730994071387,PASS,2026-06-08T14:53:34Z,D20260608.01
9988.HK,HK,equity,2023-06-27,84.25,85.75,83.65,85.45,83.25,33586916.0,2860143191.8,0.026426426426426453,0.026426426426426453,0.026083280701046714,PASS,2026-06-08T14:53:34Z,D20260608.01
9988.HK,HK,equity,2023-06-28,84.65,84.95,83.55,84.35,85.45,36259869.0,3054634990.77,-0.012873025160912932,-0.012873025160912932,-0.012956600569622709,PASS,2026-06-08T14:53:34Z,D20260608.01
9988.HK,HK,equity,2023-06-29,83.35,83.95,81.6,82.2,84.35,36238490.0,2982443286.66,-0.025489033787788884,-0.025489033787788884,-0.025819506929842983,PASS,2026-06-08T14:53:34Z,D20260608.01
9988.HK,HK,equity,2023-06-30,81.4,81.95,80.8,81.2,82.2,51987596.0,4225195115.54,-0.012165450121654486,-0.012165450121654486,-0.01224005489450195,PASS,2026-06-08T14:53:34Z,D20260608.01
9988.HK,HK,equity,2023-07-03,82.0,84.0,82.0,83.55,81.2,27847744.0,2312809091.93,0.02894088669950734,0.02894088669950734,0.028530007873770406,PASS,2026-06-08T14:53:34Z,D20260608.01
9988.HK,HK,equity,2023-07-04,83.15,84.0,82.6,84.0,83.55,19606487.0,1636645796.6,0.0053859964093356805,0.0053859964093356805,0.005371543801910849,PASS,2026-06-08T14:53:34Z,D20260608.01
9988.HK,HK,equity,2023-07-05,84.45,84.45,82.2,82.65,84.0,23226533.0,1926361127.35,-0.016071428571428514,-0.016071428571428514,-0.01620197457628037,PASS,2026-06-08T14:53:34Z,D20260608.01
9988.HK,HK,equity,2023-07-06,81.75,83.7,80.5,81.5,82.65,33922544.0,2768904696.75,-0.01391409558378709,-0.01391409558378709,-0.014011804020216196,PASS,2026-06-08T14:53:34Z,D20260608.01
9988.HK,HK,equity,2023-07-07,82.3,86.7,81.5,84.3,81.5,69003665.0,5807596657.18,0.03435582822085892,0.03435582822085892,0.03377884476099277,PASS,2026-06-08T14:53:34Z,D20260608.01
9988.HK,HK,equity,2023-07-10,88.95,89.0,86.0,87.0,84.3,67683238.0,5908957081.4,0.03202846975088969,0.03202846975088969,0.03152625364677395,PASS,2026-06-08T14:53:34Z,D20260608.01
9988.HK,HK,equity,2023-07-11,88.5,89.25,87.7,88.75,87.0,51083010.0,4523053823.15,0.02011494252873569,0.02011494252873569,0.019915309700941516,PASS,2026-06-08T14:53:34Z,D20260608.01
9988.HK,HK,equity,2023-07-12,89.9,90.95,89.05,89.85,88.75,47490900.0,4275539231.0,0.012394366197183038,0.012394366197183038,0.01231818487404281,PASS,2026-06-08T14:53:34Z,D20260608.01
9988.HK,HK,equity,2023-07-13,92.0,92.75,91.55,92.75,89.85,61069223.0,5633304334.95,0.03227601558152493,0.03227601558152493,0.03176608825797664,PASS,2026-06-08T14:53:34Z,D20260608.01
9988.HK,HK,equity,2023-07-14,95.0,95.0,92.0,92.95,92.75,48280964.0,4487039120.09,0.0021563342318060563,0.0021563342318060563,0.0021540126799086284,PASS,2026-06-08T14:53:34Z,D20260608.01
9988.HK,HK,equity,2023-07-18,91.45,91.5,89.55,89.7,92.95,44406679.0,4002001241.25,-0.034965034965035,-0.034965034965035,-0.03559094510270263,PASS,2026-06-08T14:53:34Z,D20260608.01
9988.HK,HK,equity,2023-07-19,88.5,91.15,87.5,90.35,89.7,46154569.0,4129470208.44,0.007246376811594013,0.007246376811594013,0.007220247973486877,PASS,2026-06-08T14:53:34Z,D20260608.01
9988.HK,HK,equity,2023-07-20,90.4,92.15,89.2,89.5,90.35,27696550.0,2499455640.72,-0.009407858328721597,-0.009407858328721597,-0.00945239175742777,PASS,2026-06-08T14:53:34Z,D20260608.01
9988.HK,HK,equity,2023-07-21,89.5,91.4,89.5,91.3,89.5,32113785.0,2912105508.05,0.020111731843575287,0.020111731843575287,0.019912162320112968,PASS,2026-06-08T14:53:34Z,D20260608.01
9988.HK,HK,equity,2023-07-24,90.0,90.75,88.75,89.55,91.3,29727637.0,2667571178.16,-0.0191675794085433,-0.0191675794085433,-0.019353659094202037,PASS,2026-06-08T14:53:34Z,D20260608.01
9988.HK,HK,equity,2023-07-25,94.05,95.15,92.95,95.15,89.55,69490852.0,6550888235.02,0.06253489670575108,0.06253489670575108,0.0606574652354378,PASS,2026-06-08T14:53:34Z,D20260608.01
9988.HK,HK,equity,2023-07-26,93.0,94.2,92.65,93.85,95.15,38602996.0,3609103704.7,-0.013662637940094702,-0.013662637940094702,-0.013756830709640788,PASS,2026-06-08T14:53:34Z,D20260608.01
9988.HK,HK,equity,2023-07-27,94.85,95.7,94.35,95.45,93.85,42983693.0,4088656583.73,0.017048481619605926,0.017048481619605926,0.016904787139238965,PASS,2026-06-08T14:53:34Z,D20260608.01
9988.HK,HK,equity,2023-07-28,93.4,96.5,93.3,95.9,95.45,46062057.0,4400781252.72,0.004714510214772094,0.004714510214772094,0.004703431717635878,PASS,2026-06-08T14:53:34Z,D20260608.01
9988.HK,HK,equity,2023-07-31,99.0,99.75,96.8,97.5,95.9,74290881.0,7294140775.3,0.016684045881126153,0.016684045881126153,0.016546396114408935,PASS,2026-06-08T14:53:34Z,D20260608.01
9988.HK,HK,equity,2023-08-01,99.7,100.0,96.9,97.85,97.5,53949339.0,5328697006.35,0.0035897435897436214,0.0035897435897436214,0.0035833158382837763,PASS,2026-06-08T14:53:34Z,D20260608.01
9988.HK,HK,equity,2023-08-02,97.65,98.6,94.6,95.15,97.85,37885551.0,3640015432.85,-0.0275932549821154,-0.0275932549821154,-0.027981100099926656,PASS,2026-06-08T14:53:34Z,D20260608.01
9988.HK,HK,equity,2023-08-03,93.7,94.75,93.05,93.15,95.15,50021614.0,4688949927.53,-0.021019442984760883,-0.021019442984760883,-0.021243496694561013,PASS,2026-06-08T14:53:34Z,D20260608.01
9988.HK,HK,equity,2023-08-04,95.25,96.6,94.4,95.15,93.15,32949492.0,3139454593.01,0.021470746108427363,0.021470746108427363,0.021243496694561128,PASS,2026-06-08T14:53:34Z,D20260608.01
9988.HK,HK,equity,2023-08-07,94.35,96.05,93.6,95.6,95.15,22359341.0,2129468874.03,0.004729374671571085,0.004729374671571085,0.004718226315196986,PASS,2026-06-08T14:53:34Z,D20260608.01
9988.HK,HK,equity,2023-08-08,94.1,94.3,92.7,93.05,95.6,35528837.0,3316089560.2,-0.026673640167363954,-0.026673640167363954,-0.027035836969095773,PASS,2026-06-08T14:53:34Z,D20260608.01
9988.HK,HK,equity,2023-08-09,92.35,94.4,92.05,94.1,93.05,30298227.0,2834523178.06,0.011284255776464303,0.011284255776464303,0.011221063503074223,PASS,2026-06-08T14:53:34Z,D20260608.01
9988.HK,HK,equity,2023-08-10,93.8,94.7,92.35,94.3,94.1,34598900.0,3237417780.2,0.002125398512221155,0.002125398512221155,0.002123143048077973,PASS,2026-06-08T14:53:34Z,D20260608.01
9988.HK,HK,equity,2023-08-11,97.15,97.95,95.3,95.3,94.3,61924422.0,5979795208.7,0.010604453870625585,0.010604453870625585,0.01054862102074454,PASS,2026-06-08T14:53:34Z,D20260608.01
9988.HK,HK,equity,2023-08-14,92.3,93.35,91.45,92.8,95.3,41572767.0,3839165184.8,-0.026232948583420734,-0.026232948583420734,-0.026583170868001493,PASS,2026-06-08T14:53:34Z,D20260608.01
9988.HK,HK,equity,2023-08-15,91.1,92.7,90.85,91.2,92.8,27712822.0,2536955184.9,-0.01724137931034475,-0.01724137931034475,-0.017391742711869107,PASS,2026-06-08T14:53:34Z,D20260608.01
9988.HK,HK,equity,2023-08-16,90.0,90.65,88.9,89.25,91.2,42124798.0,3772268372.25,-0.021381578947368474,-0.021381578947368474,-0.021613476420537302,PASS,2026-06-08T14:53:34Z,D20260608.01
9988.HK,HK,equity,2023-08-17,86.6,90.6,86.2,90.1,89.25,55171505.0,4901126208.05,0.00952380952380949,0.00952380952380949,0.009478743954543739,PASS,2026-06-08T14:53:34Z,D20260608.01
9988.HK,HK,equity,2023-08-18,89.25,89.85,86.8,87.0,90.1,42258149.0,3714119542.5,-0.03440621531631516,-0.03440621531631516,-0.035012045959708464,PASS,2026-06-08T14:53:34Z,D20260608.01
9988.HK,HK,equity,2023-08-21,85.7,87.55,85.15,85.7,87.0,39147534.0,3367342741.46,-0.014942528735632177,-0.014942528735632177,-0.015055293050849607,PASS,2026-06-08T14:53:34Z,D20260608.01
9988.HK,HK,equity,2023-08-22,86.35,88.7,85.4,87.35,85.7,37262451.0,3234032468.14,0.019253208868144522,0.019253208868144522,0.0190702109763313,PASS,2026-06-08T14:53:34Z,D20260608.01
9988.HK,HK,equity,2023-08-23,86.6,88.2,86.1,87.3,87.35,32126401.0,2799033407.7,-0.0005724098454492621,-0.0005724098454492621,-0.0005725737345089708,PASS,2026-06-08T14:53:34Z,D20260608.01
9988.HK,HK,equity,2023-08-24,88.1,90.3,87.7,89.55,87.3,39372255.0,3518152507.59,0.025773195876288568,0.025773195876288568,0.025446665661164176,PASS,2026-06-08T14:53:34Z,D20260608.01
9988.HK,HK,equity,2023-08-25,87.8,88.5,87.3,87.5,89.55,23103924.0,2028674524.52,-0.02289223897264092,-0.02289223897264092,-0.02315833514315198,PASS,2026-06-08T14:53:34Z,D20260608.01
9988.HK,HK,equity,2023-08-28,91.85,91.9,88.7,88.9,87.5,30525112.0,2739757791.18,0.016000000000000014,0.016000000000000014,0.015873349156290163,PASS,2026-06-08T14:53:34Z,D20260608.01
9988.HK,HK,equity,2023-08-29,90.05,91.5,89.65,90.9,88.9,33359481.0,3026358136.1,0.022497187851518552,0.022497187851518552,0.022247858663574246,PASS,2026-06-08T14:53:34Z,D20260608.01
9988.HK,HK,equity,2023-08-30,92.0,92.0,89.85,90.35,90.9,39173999.0,3550080441.54,-0.006050605060506142,-0.006050605060506142,-0.006068984145195742,PASS,2026-06-08T14:53:34Z,D20260608.01
9988.HK,HK,equity,2023-08-31,91.25,91.7,89.6,90.2,90.35,68704748.0,6210883505.98,-0.0016602102933037655,-0.0016602102933037655,-0.0016615899696594734,PASS,2026-06-08T14:53:34Z,D20260608.01
9988.HK,HK,equity,2023-09-04,92.95,94.0,92.0,93.15,90.2,85600311.0,7955628793.72,0.03270509977827052,0.03270509977827052,0.0321816699790195,PASS,2026-06-08T14:53:34Z,D20260608.01
9988.HK,HK,equity,2023-09-05,93.0,93.95,91.75,92.35,93.15,54564801.0,5065356017.38,-0.008588298443371056,-0.008588298443371056,-0.008625390402348646,PASS,2026-06-08T14:53:34Z,D20260608.01
9988.HK,HK,equity,2023-09-06,92.1,92.95,91.15,92.25,92.35,26538431.0,2444257802.09,-0.0010828370330264736,-0.0010828370330264736,-0.0010834237246123441,PASS,2026-06-08T14:53:34Z,D20260608.01
9988.HK,HK,equity,2023-09-07,93.05,93.05,90.5,90.8,92.25,26196625.0,2393143285.09,-0.01571815718157188,-0.01571815718157188,-0.01584299731338902,PASS,2026-06-08T14:53:34Z,D20260608.01
9988.HK,HK,equity,2023-09-11,87.95,88.8,86.85,88.05,90.8,64101748.0,5635207422.74,-0.030286343612334843,-0.030286343612334843,-0.030754450665032507,PASS,2026-06-08T14:53:34Z,D20260608.01
9988.HK,HK,equity,2023-09-12,86.7,87.15,85.9,86.3,88.05,33461787.0,2893192275.6,-0.01987507098239638,-0.01987507098239638,-0.0200752368528329,PASS,2026-06-08T14:53:34Z,D20260608.01
9988.HK,HK,equity,2023-09-13,86.85,87.1,85.3,85.55,86.3,31205429.0,2677424489.65,-0.008690614136732333,-0.008690614136732333,-0.008728597751179781,PASS,2026-06-08T14:53:34Z,D20260608.01
9988.HK,HK,equity,2023-09-14,85.8,86.55,85.1,85.9,85.55,32653822.0,2799761719.2,0.004091174751607252,0.004091174751607252,0.004082828652007207,PASS,2026-06-08T14:53:34Z,D20260608.01
9988.HK,HK,equity,2023-09-15,86.0,87.45,85.2,86.25,85.9,53342662.0,4607434730.42,0.004074505238649495,0.004074505238649495,0.004066226921259354,PASS,2026-06-08T14:53:34Z,D20260608.01
9988.HK,HK,equity,2023-09-18,85.1,85.75,84.2,84.2,86.25,31917296.0,2718920429.88,-0.02376811594202899,-0.02376811594202899,-0.024055134663188097,PASS,2026-06-08T14:53:34Z,D20260608.01
9988.HK,HK,equity,2023-09-19,84.8,85.15,84.05,84.8,84.2,21904464.0,1853466932.85,0.0071258907363420665,0.0071258907363420665,0.0071006215495763685,PASS,2026-06-08T14:53:34Z,D20260608.01
9988.HK,HK,equity,2023-09-20,84.85,85.5,84.45,84.5,84.8,21150734.0,1794782138.0,-0.003537735849056589,-0.003537735849056589,-0.0035440084347292105,PASS,2026-06-08T14:53:34Z,D20260608.01
9988.HK,HK,equity,2023-09-21,84.25,84.3,82.35,82.65,84.5,33742916.0,2799507670.78,-0.02189349112426031,-0.02189349112426031,-0.022136710096094935,PASS,2026-06-08T14:53:34Z,D20260608.01
9988.HK,HK,equity,2023-09-22,82.65,86.3,82.15,85.9,82.65,40153148.0,3398252681.8,0.03932244404113727,0.03932244404113727,0.03856900472317645,PASS,2026-06-08T14:53:34Z,D20260608.01
9988.HK,HK,equity,2023-09-25,86.2,86.5,84.25,84.35,85.9,20742680.0,1760007984.05,-0.018044237485448367,-0.018044237485448367,-0.018209019998232556,PASS,2026-06-08T14:53:34Z,D20260608.01
9988.HK,HK,equity,2023-09-26,84.45,84.95,83.4,83.95,84.35,27428051.0,2309118592.78,-0.004742145820983867,-0.004742145820983867,-0.004753425468427352,PASS,2026-06-08T14:53:34Z,D20260608.01
9988.HK,HK,equity,2023-09-27,83.9,85.65,83.9,84.5,83.95,27246265.0,2306023295.43,0.00655151876116733,0.00655151876116733,0.006530150839578305,PASS,2026-06-08T14:53:34Z,D20260608.01
9988.HK,HK,equity,2023-09-28,84.85,84.85,82.85,83.0,84.5,27187837.0,2269694301.52,-0.017751479289940808,-0.017751479289940808,-0.01791092656653022,PASS,2026-06-08T14:53:34Z,D20260608.01
9988.HK,HK,equity,2023-09-29,84.0,86.65,83.6,85.6,83.0,34608437.0,2963404403.0,0.031325301204819134,0.031325301204819134,0.030844675351098354,PASS,2026-06-08T14:53:34Z,D20260608.01
9988.HK,HK,equity,2023-10-03,84.15,84.25,82.35,83.1,85.6,36631880.0,3044468945.25,-0.029205607476635476,-0.029205607476635476,-0.02964058128629387,PASS,2026-06-08T14:53:34Z,D20260608.01
9988.HK,HK,equity,2023-10-04,82.1,82.9,81.2,81.75,83.1,25898508.0,2116775642.3,-0.016245487364620836,-0.016245487364620836,-0.016378892084039632,PASS,2026-06-08T14:53:34Z,D20260608.01
9988.HK,HK,equity,2023-10-05,82.15,82.8,81.35,81.35,81.75,21793205.0,1783152140.54,-0.004892966360856343,-0.004892966360856343,-0.004904976112316043,PASS,2026-06-08T14:53:34Z,D20260608.01
9988.HK,HK,equity,2023-10-06,82.0,83.35,82.0,82.9,81.35,15175175.0,1255642472.6,0.019053472649047443,0.019053472649047443,0.018874228476202598,PASS,2026-06-08T14:53:34Z,D20260608.01
9988.HK,HK,equity,2023-10-09,83.2,83.45,81.55,82.1,82.9,24082283.0,1981410837.98,-0.00965018094089276,-0.00965018094089276,-0.009697045682866874,PASS,2026-06-08T14:53:34Z,D20260608.01
9988.HK,HK,equity,2023-10-10,83.9,85.3,83.25,83.4,82.1,29317215.0,2463491090.9,0.015834348355663996,0.015834348355663996,0.015710292906318705,PASS,2026-06-08T14:53:34Z,D20260608.01
9988.HK,HK,equity,2023-10-11,85.35,85.55,84.3,84.6,83.4,31718059.0,2689648568.9,0.014388489208633004,0.014388489208633004,0.014285957247476434,PASS,2026-06-08T14:53:34Z,D20260608.01
9988.HK,HK,equity,2023-10-12,86.9,86.9,85.65,85.85,84.6,26037608.0,2237901397.25,0.014775413711583862,0.014775413711583862,0.014667320731306882,PASS,2026-06-08T14:53:34Z,D20260608.01
9988.HK,HK,equity,2023-10-13,83.25,83.9,82.5,82.6,85.85,28548643.0,2370896274.6,-0.03785672684915553,-0.03785672684915553,-0.03859190681655218,PASS,2026-06-08T14:53:34Z,D20260608.01
9988.HK,HK,equity,2023-10-16,82.2,82.8,81.1,81.3,82.6,22249354.0,1815655384.6,-0.01573849878934619,-0.01573849878934619,-0.015863663973167415,PASS,2026-06-08T14:53:34Z,D20260608.01
9988.HK,HK,equity,2023-10-17,81.85,82.2,81.35,82.0,81.3,17701849.0,1448993113.55,0.008610086100861114,0.008610086100861114,0.00857323071048831,PASS,2026-06-08T14:53:34Z,D20260608.01
9988.HK,HK,equity,2023-10-18,81.9,82.7,81.0,81.45,82.0,21876252.0,1788631760.05,-0.006707317073170738,-0.006707317073170738,-0.006729912216198983,PASS,2026-06-08T14:53:34Z,D20260608.01
9988.HK,HK,equity,2023-10-19,80.9,81.15,79.05,79.15,81.45,41786984.0,3338095763.9,-0.02823818293431546,-0.02823818293431546,-0.028644548721032906,PASS,2026-06-08T14:53:34Z,D20260608.01
9988.HK,HK,equity,2023-10-20,78.2,79.15,78.1,78.5,79.15,35074847.0,2755409851.05,-0.00821225521162361,-0.00821225521162361,-0.008246161538658517,PASS,2026-06-08T14:53:34Z,D20260608.01
9988.HK,HK,equity,2023-10-24,78.0,78.55,77.05,77.2,78.5,38345055.0,2975650851.78,-0.016560509554140124,-0.016560509554140124,-0.016699167757632256,PASS,2026-06-08T14:53:34Z,D20260608.01
9988.HK,HK,equity,2023-10-25,80.8,81.4,79.0,79.3,77.2,45615979.0,3648077305.6,0.027202072538859978,0.027202072538859978,0.026838671610071693,PASS,2026-06-08T14:53:34Z,D20260608.01
9988.HK,HK,equity,2023-10-26,79.2,80.3,79.0,79.75,79.3,23719270.0,1888812275.09,0.005674653215636871,0.005674653215636871,0.0056586130241517004,PASS,2026-06-08T14:53:34Z,D20260608.01
9988.HK,HK,equity,2023-10-27,80.45,82.8,80.25,82.4,79.75,42806617.0,3504969871.15,0.033228840125391956,0.033228840125391956,0.03268869525047217,PASS,2026-06-08T14:53:34Z,D20260608.01
9988.HK,HK,equity,2023-10-30,80.75,82.0,80.7,81.85,82.4,31881265.0,2596801060.89,-0.006674757281553534,-0.006674757281553534,-0.006697133098282242,PASS,2026-06-08T14:53:34Z,D20260608.01
9988.HK,HK,equity,2023-10-31,81.3,81.3,79.9,80.05,81.85,27394938.0,2199943752.1,-0.02199144777031148,-0.02199144777031148,-0.02223686437442015,PASS,2026-06-08T14:53:34Z,D20260608.01
9988.HK,HK,equity,2023-11-01,80.1,80.7,79.1,79.6,80.05,20894177.0,1663988273.3,-0.0056214865708932304,-0.0056214865708932304,-0.005637346592386402,PASS,2026-06-08T14:53:34Z,D20260608.01
9988.HK,HK,equity,2023-11-02,81.2,82.2,80.3,80.5,79.6,17414151.0,1409952817.55,0.011306532663316604,0.011306532663316604,0.011243091574180377,PASS,2026-06-08T14:53:34Z,D20260608.01
9988.HK,HK,equity,2023-11-03,81.9,83.1,81.05,82.85,80.5,26892338.0,2212401299.9,0.029192546583850953,0.029192546583850953,0.02877455944805425,PASS,2026-06-08T14:53:34Z,D20260608.01
9988.HK,HK,equity,2023-11-06,84.3,84.95,83.55,84.85,82.85,30546035.0,2583048522.55,0.024140012070005934,0.024140012070005934,0.023853247807663305,PASS,2026-06-08T14:53:34Z,D20260608.01
9988.HK,HK,equity,2023-11-07,84.4,84.75,82.75,83.15,84.85,24603820.0,2053966686.95,-0.020035356511490687,-0.020035356511490687,-0.020238786041298456,PASS,2026-06-08T14:53:34Z,D20260608.01
9988.HK,HK,equity,2023-11-08,83.0,84.15,82.3,82.5,83.15,22210760.0,1841575679.21,-0.0078171978352376,-0.0078171978352376,-0.007847912298301458,PASS,2026-06-08T14:53:34Z,D20260608.01
9988.HK,HK,equity,2023-11-09,82.5,82.8,81.4,82.15,82.5,18303691.0,1501706088.55,-0.004242424242424159,-0.004242424242424159,-0.00425144885735813,PASS,2026-06-08T14:53:34Z,D20260608.01
9988.HK,HK,equity,2023-11-10,80.9,81.0,79.55,79.6,82.15,34168743.0,2729448929.65,-0.031040779062690316,-0.031040779062690316,-0.03153275163293987,PASS,2026-06-08T14:53:34Z,D20260608.01
9988.HK,HK,equity,2023-11-13,80.0,81.1,79.1,80.65,79.6,31021604.0,2482770559.58,0.013190954773869557,0.013190954773869557,0.013104711720880746,PASS,2026-06-08T14:53:34Z,D20260608.01
9988.HK,HK,equity,2023-11-14,80.25,80.45,79.1,79.2,80.65,28959042.0,2301419639.2,-0.017978921264724113,-0.017978921264724113,-0.018142505750837694,PASS,2026-06-08T14:53:34Z,D20260608.01
9988.HK,HK,equity,2023-11-15,82.15,83.25,81.25,83.2,79.2,50397502.0,4150058318.11,0.05050505050505061,0.05050505050505061,0.049271049006782835,PASS,2026-06-08T14:53:34Z,D20260608.01
9988.HK,HK,equity,2023-11-16,84.2,84.2,81.0,81.35,83.2,58203453.0,4761614365.02,-0.022235576923076983,-0.022235576923076983,-0.022486514162116163,PASS,2026-06-08T14:53:34Z,D20260608.01
9988.HK,HK,equity,2023-11-17,75.0,76.65,72.9,73.25,81.35,190538032.0,14123669530.5,-0.0995697602950214,-0.0995697602950214,-0.10488258576787,PASS,2026-06-08T14:53:34Z,D20260608.01
9988.HK,HK,equity,2023-11-20,74.8,75.25,73.6,74.45,73.25,109101660.0,8098766988.58,0.01638225255972703,0.01638225255972703,0.01624951123284137,PASS,2026-06-08T14:53:34Z,D20260608.01
9988.HK,HK,equity,2023-11-21,76.0,77.5,75.75,76.0,74.45,86788578.0,6645019447.25,0.02081934184016121,0.02081934184016121,0.020605581156313113,PASS,2026-06-08T14:53:34Z,D20260608.01
9988.HK,HK,equity,2023-11-22,76.55,77.2,76.1,76.85,76.0,47284218.0,3628287513.23,0.011184210526315796,0.011184210526315796,0.011122129698273796,PASS,2026-06-08T14:53:34Z,D20260608.01
9988.HK,HK,equity,2023-11-23,76.45,77.5,76.0,77.25,76.85,39544273.0,3036472809.51,0.005204944697462688,0.005204944697462688,0.0051914457932500735,PASS,2026-06-08T14:53:34Z,D20260608.01
9988.HK,HK,equity,2023-11-24,77.1,77.35,75.9,76.2,77.25,29509755.0,2253312230.81,-0.013592233009708687,-0.013592233009708687,-0.013685453085254203,PASS,2026-06-08T14:53:34Z,D20260608.01
9988.HK,HK,equity,2023-11-27,75.95,76.25,74.7,76.1,76.2,36613788.0,2768854303.3,-0.001312335958005395,-0.001312335958005395,-0.0013131978249605835,PASS,2026-06-08T14:53:34Z,D20260608.01
9988.HK,HK,equity,2023-11-28,75.0,75.45,74.0,74.35,76.1,56690172.0,4227671861.2,-0.022996057818659654,-0.022996057818659654,-0.023264591961476067,PASS,2026-06-08T14:53:34Z,D20260608.01
9988.HK,HK,equity,2023-11-29,73.95,74.15,71.9,72.7,74.35,91555012.0,6652549313.85,-0.022192333557498167,-0.022192333557498167,-0.022442288366690242,PASS,2026-06-08T14:53:34Z,D20260608.01
9988.HK,HK,equity,2023-11-30,72.5,73.0,71.65,72.75,72.7,85244702.0,6177520043.7,0.0006877579092159358,0.0006877579092159358,0.0006875215121281927,PASS,2026-06-08T14:53:34Z,D20260608.01
9988.HK,HK,equity,2023-12-01,72.6,73.05,71.65,71.85,72.75,93686293.0,6749928096.08,-0.012371134020618624,-0.012371134020618624,-0.01244829352656803,PASS,2026-06-08T14:53:34Z,D20260608.01
9988.HK,HK,equity,2023-12-04,72.35,72.55,70.55,70.8,71.85,78421903.0,5598047160.46,-0.014613778705636737,-0.014613778705636737,-0.01472161182535985,PASS,2026-06-08T14:53:34Z,D20260608.01
9988.HK,HK,equity,2023-12-05,70.8,71.05,69.9,70.5,70.8,56325918.0,3961486211.55,-0.004237288135593209,-0.004237288135593209,-0.004246290881451097,PASS,2026-06-08T14:53:34Z,D20260608.01
9988.HK,HK,equity,2023-12-06,70.0,70.85,69.4,70.15,70.5,74529931.0,5225070421.8,-0.00496453900709215,-0.00496453900709215,-0.004976903269752974,PASS,2026-06-08T14:53:34Z,D20260608.01
9988.HK,HK,equity,2023-12-07,69.4,69.95,68.65,69.7,70.15,39815379.0,2762502141.82,-0.006414825374198241,-0.006414825374198241,-0.006435488781991841,PASS,2026-06-08T14:53:34Z,D20260608.01
9988.HK,HK,equity,2023-12-08,69.7,71.0,69.3,70.5,69.7,52123073.0,3665442200.37,0.011477761836441891,0.011477761836441891,0.011412392051744765,PASS,2026-06-08T14:53:34Z,D20260608.01
9988.HK,HK,equity,2023-12-11,69.25,69.5,67.8,68.8,70.5,70139100.0,4804564789.55,-0.024113475177305,-0.024113475177305,-0.024408964878925028,PASS,2026-06-08T14:53:34Z,D20260608.01
9988.HK,HK,equity,2023-12-12,69.05,70.2,68.85,70.1,68.8,37921483.0,2650102140.15,0.018895348837209225,0.018895348837209225,0.018719049101246353,PASS,2026-06-08T14:53:34Z,D20260608.01
9988.HK,HK,equity,2023-12-13,69.0,69.8,68.85,69.4,70.1,27833190.0,1928760908.53,-0.00998573466476449,-0.00998573466476449,-0.010035926527785455,PASS,2026-06-08T14:53:34Z,D20260608.01
9988.HK,HK,equity,2023-12-14,69.55,70.6,68.6,69.1,69.4,44998398.0,3115703474.19,-0.004322766570605374,-0.004322766570605374,-0.004332136739134793,PASS,2026-06-08T14:53:34Z,D20260608.01
9988.HK,HK,equity,2023-12-15,70.4,72.95,70.4,71.65,69.1,62228683.0,4468602552.24,0.03690303907380632,0.03690303907380632,0.03623842350055688,PASS,2026-06-08T14:53:34Z,D20260608.01
9988.HK,HK,equity,2023-12-18,71.9,72.8,71.7,72.1,71.65,37723193.0,2718314416.23,0.006280530355896596,0.006280530355896596,0.006260890016722412,PASS,2026-06-08T14:53:34Z,D20260608.01
9988.HK,HK,equity,2023-12-19,71.85,72.15,71.15,71.65,72.1,31969362.0,2290946853.85,-0.006241331484049817,-0.006241331484049817,-0.006260890016722421,PASS,2026-06-08T14:53:34Z,D20260608.01
9988.HK,HK,equity,2023-12-20,72.65,73.7,72.25,72.55,70.68,44579808.0,3245079570.85,0.026457272212789817,0.026457272212789817,0.026113331878700987,PASS,2026-06-08T14:53:34Z,D20260608.01
9988.HK,HK,equity,2023-12-21,72.25,73.55,72.0,73.35,72.55,34236257.0,2501776061.27,0.01102687801516189,0.01102687801516189,0.010966525258793804,PASS,2026-06-08T14:53:34Z,D20260608.01
9988.HK,HK,equity,2023-12-22,74.2,74.8,71.65,71.85,73.35,59400452.0,4321936883.35,-0.020449897750511203,-0.020449897750511203,-0.020661892063956744,PASS,2026-06-08T14:53:34Z,D20260608.01
9988.HK,HK,equity,2023-12-27,73.5,74.3,72.85,73.8,71.85,36876901.0,2715957138.85,0.02713987473903967,0.02713987473903967,0.026778119081392885,PASS,2026-06-08T14:53:34Z,D20260608.01
9988.HK,HK,equity,2023-12-28,73.8,76.15,73.65,75.85,73.8,49312462.0,3712233098.6,0.02777777777777768,0.02777777777777768,0.027398974188114347,PASS,2026-06-08T14:53:34Z,D20260608.01
9988.HK,HK,equity,2023-12-29,76.0,76.05,75.05,75.6,75.85,26301974.0,1988685995.25,-0.003295978905734964,-0.003295978905734964,-0.0033014226090539015,PASS,2026-06-08T14:53:34Z,D20260608.01
9988.HK,HK,equity,2024-01-02,76.1,76.2,74.15,74.7,75.6,28567849.0,2132936430.1,-0.011904761904761751,-0.011904761904761751,-0.011976191046715537,PASS,2026-06-08T14:53:34Z,D20260608.01
9988.HK,HK,equity,2024-01-03,73.4,73.4,72.6,73.3,74.7,37529342.0,2741363236.8,-0.018741633199464647,-0.018741633199464647,-0.01891948324616594,PASS,2026-06-08T14:53:34Z,D20260608.01
9988.HK,HK,equity,2024-01-04,74.0,74.2,73.3,74.05,73.3,37563294.0,2770764104.55,0.01023192360163705,0.01023192360163705,0.010179931821201924,PASS,2026-06-08T14:53:34Z,D20260608.01
9988.HK,HK,equity,2024-01-05,73.05,73.05,71.4,71.65,74.05,52087626.0,3745407397.9,-0.03241053342336253,-0.03241053342336253,-0.03294738643962687,PASS,2026-06-08T14:53:34Z,D20260608.01
9988.HK,HK,equity,2024-01-08,71.3,71.35,69.65,70.35,71.65,34239253.0,2401979747.67,-0.018143754361479525,-0.018143754361479525,-0.018310370713782907,PASS,2026-06-08T14:53:34Z,D20260608.01
9988.HK,HK,equity,2024-01-09,70.25,71.1,69.55,69.75,70.35,50769600.0,3558450448.122,-0.008528784648187515,-0.008528784648187515,-0.008565362858922934,PASS,2026-06-08T14:53:34Z,D20260608.01
9988.HK,HK,equity,2024-01-10,69.9,70.35,68.9,69.3,69.75,52717505.0,3658998002.45,-0.006451612903225823,-0.006451612903225823,-0.006472514505617479,PASS,2026-06-08T14:53:34Z,D20260608.01
9988.HK,HK,equity,2024-01-11,69.4,71.9,69.05,70.85,69.3,44861174.0,3177218871.55,0.022366522366522368,0.022366522366522368,0.022120059940831896,PASS,2026-06-08T14:53:34Z,D20260608.01
9988.HK,HK,equity,2024-01-12,70.4,71.75,70.1,70.55,70.85,28180147.0,1997972067.85,-0.004234297812279464,-0.004234297812279464,-0.004243287837866433,PASS,2026-06-08T14:53:34Z,D20260608.01
9988.HK,HK,equity,2024-01-15,70.1,70.8,69.4,70.0,70.55,19966338.0,1397443899.5,-0.007795889440113335,-0.007795889440113335,-0.00782643624946396,PASS,2026-06-08T14:53:34Z,D20260608.01
9988.HK,HK,equity,2024-01-16,68.85,70.0,68.05,68.4,70.0,42678068.0,2933181040.45,-0.022857142857142798,-0.022857142857142798,-0.02312241742085415,PASS,2026-06-08T14:53:34Z,D20260608.01
9988.HK,HK,equity,2024-01-17,68.0,68.0,65.1,65.65,68.4,68277439.0,4511474288.188,-0.04020467836257313,-0.04020467836257313,-0.04103522387969962,PASS,2026-06-08T14:53:34Z,D20260608.01
9988.HK,HK,equity,2024-01-18,67.1,67.4,66.15,66.65,65.65,57626977.0,3843480447.269,0.015232292460015229,0.015232292460015229,0.015117445875912478,PASS,2026-06-08T14:53:34Z,D20260608.01
9988.HK,HK,equity,2024-01-19,66.1,66.85,65.15,65.55,66.65,54296782.0,3574430053.2,-0.01650412603150797,-0.01650412603150797,-0.016641836415008923,PASS,2026-06-08T14:53:34Z,D20260608.01
9988.HK,HK,equity,2024-01-22,67.1,67.2,64.6,65.45,65.55,74043690.0,4850578903.294,-0.0015255530129670847,-0.0015255530129670847,-0.0015267178537997966,PASS,2026-06-08T14:53:34Z,D20260608.01
9988.HK,HK,equity,2024-01-23,66.6,69.35,66.3,67.65,65.45,74570912.0,5051957131.465,0.03361344537815136,0.03361344537815136,0.03306086226088821,PASS,2026-06-08T14:53:34Z,D20260608.01
9988.HK,HK,equity,2024-01-24,71.7,73.0,70.15,72.6,67.65,103474200.0,7403885128.31,0.07317073170731692,0.07317073170731692,0.07061756721395321,PASS,2026-06-08T14:53:34Z,D20260608.01
9988.HK,HK,equity,2024-01-25,73.0,73.7,71.9,73.35,72.6,64649639.0,4722161495.65,0.010330578512396604,0.010330578512396604,0.01027758275824023,PASS,2026-06-08T14:53:34Z,D20260608.01
9988.HK,HK,equity,2024-01-26,72.4,72.6,70.25,70.9,73.35,60517346.0,4317998717.98,-0.033401499659168166,-0.033401499659168166,-0.03397207105090869,PASS,2026-06-08T14:53:34Z,D20260608.01
9988.HK,HK,equity,2024-01-29,72.2,73.5,72.1,72.6,70.9,52527482.0,3817126682.748,0.023977433004231052,0.023977433004231052,0.023694488292668337,PASS,2026-06-08T14:53:34Z,D20260608.01
9988.HK,HK,equity,2024-01-30,71.65,72.0,70.75,71.15,72.6,39880218.0,2843766710.05,-0.01997245179063345,-0.01997245179063345,-0.020174597294888866,PASS,2026-06-08T14:53:34Z,D20260608.01
9988.HK,HK,equity,2024-01-31,70.95,71.0,69.15,69.55,71.15,51391419.0,3584357919.28,-0.022487702037948143,-0.022487702037948143,-0.02274440616640961,PASS,2026-06-08T14:53:34Z,D20260608.01
9988.HK,HK,equity,2024-02-01,70.2,72.65,69.75,71.05,69.55,50417313.0,3585224673.75,0.021567217828900143,0.021567217828900143,0.0213379361736578,PASS,2026-06-08T14:53:34Z,D20260608.01
9988.HK,HK,equity,2024-02-02,72.0,72.75,70.05,70.7,71.05,34666865.0,2465238705.819,-0.004926108374384119,-0.004926108374384119,-0.004938281640582454,PASS,2026-06-08T14:53:34Z,D20260608.01
9988.HK,HK,equity,2024-02-05,69.05,71.5,69.05,70.65,70.7,38569568.0,2722777487.65,-0.0007072135785006761,-0.0007072135785006761,-0.000707463771990594,PASS,2026-06-08T14:53:34Z,D20260608.01
9988.HK,HK,equity,2024-02-06,72.8,76.7,72.65,76.0,70.65,109957108.0,8246364197.368,0.07572540693559793,0.07572540693559793,0.07299523115579455,PASS,2026-06-08T14:53:34Z,D20260608.01
9988.HK,HK,equity,2024-02-07,76.85,77.05,74.55,74.9,76.0,62186756.0,4692609390.72,-0.014473684210526194,-0.014473684210526194,-0.01457944976315716,PASS,2026-06-08T14:53:34Z,D20260608.01
9988.HK,HK,equity,2024-02-08,71.35,71.9,69.4,70.3,74.9,113581630.0,7979619091.15,-0.06141522029372504,-0.06141522029372504,-0.06338209170655465,PASS,2026-06-08T14:53:34Z,D20260608.01
9988.HK,HK,equity,2024-02-09,68.5,69.5,68.05,69.3,70.3,42137510.0,2889866839.118,-0.014224751066856278,-0.014224751066856278,-0.01432689262076162,PASS,2026-06-08T14:53:34Z,D20260608.01
9988.HK,HK,equity,2024-02-14,68.7,70.95,68.3,70.8,69.3,42049345.0,2947323636.34,0.02164502164502169,0.02164502164502169,0.021414094503816573,PASS,2026-06-08T14:53:34Z,D20260608.01
9988.HK,HK,equity,2024-02-15,70.7,71.9,70.6,71.3,70.8,32587285.0,2321953131.75,0.007062146892655274,0.007062146892655274,0.007037326720576084,PASS,2026-06-08T14:53:34Z,D20260608.01
9988.HK,HK,equity,2024-02-16,71.8,73.4,71.35,73.0,71.3,52343661.0,3800298813.24,0.02384291725105192,0.02384291725105192,0.023563113728140902,PASS,2026-06-08T14:53:34Z,D20260608.01
9988.HK,HK,equity,2024-02-19,72.5,72.7,71.5,71.5,73.0,29322068.0,2107007262.741,-0.020547945205479423,-0.020547945205479423,-0.020761991448429128,PASS,2026-06-08T14:53:34Z,D20260608.01
9988.HK,HK,equity,2024-02-20,72.2,72.6,70.8,72.15,71.5,32254405.0,2311515875.505,0.00909090909090926,0.00909090909090926,0.009049835519918076,PASS,2026-06-08T14:53:34Z,D20260608.01
9988.HK,HK,equity,2024-02-21,71.4,74.2,71.15,72.9,72.15,51979465.0,3796996404.462,0.01039501039501034,0.01039501039501034,0.01034135379473253,PASS,2026-06-08T14:53:34Z,D20260608.01
9988.HK,HK,equity,2024-02-22,73.7,74.85,73.45,74.85,72.9,42773596.0,3176706048.135,0.02674897119341546,0.02674897119341546,0.026397471851024725,PASS,2026-06-08T14:53:34Z,D20260608.01
9988.HK,HK,equity,2024-02-23,74.1,75.2,73.75,74.55,74.85,27579751.0,2052723907.37,-0.004008016032064132,-0.004008016032064132,-0.004016069654889943,PASS,2026-06-08T14:53:34Z,D20260608.01
9988.HK,HK,equity,2024-02-26,74.3,74.7,73.7,74.15,74.55,22212373.0,1647911267.19,-0.005365526492286943,-0.005365526492286943,-0.005379972626806209,PASS,2026-06-08T14:53:34Z,D20260608.01
9988.HK,HK,equity,2024-02-27,74.45,75.85,73.15,75.5,74.15,40440438.0,3021872309.155,0.018206338503034214,0.018206338503034214,0.018042587671037745,PASS,2026-06-08T14:53:34Z,D20260608.01
9988.HK,HK,equity,2024-02-28,75.6,76.2,74.1,74.25,75.5,42583119.0,3190630550.85,-0.01655629139072845,-0.01655629139072845,-0.016694878572169992,PASS,2026-06-08T14:53:34Z,D20260608.01
9988.HK,HK,equity,2024-02-29,72.75,74.1,72.4,72.9,74.25,49333481.0,3604559091.7,-0.018181818181818077,-0.018181818181818077,-0.01834913866819643,PASS,2026-06-08T14:53:34Z,D20260608.01
9988.HK,HK,equity,2024-03-01,72.0,73.4,71.5,73.05,72.9,60262868.0,4385990925.228,0.002057613168724215,0.002057613168724215,0.0020554991820959595,PASS,2026-06-08T14:53:34Z,D20260608.01
9988.HK,HK,equity,2024-03-04,73.3,73.45,71.5,72.1,73.05,55605212.0,4028580844.37,-0.013004791238877544,-0.013004791238877544,-0.01309009390580516,PASS,2026-06-08T14:53:34Z,D20260608.01
9988.HK,HK,equity,2024-03-05,70.2,70.9,69.05,69.7,72.1,59448363.0,4150243867.23,-0.03328710124826617,-0.03328710124826617,-0.03385372652442506,PASS,2026-06-08T14:53:34Z,D20260608.01
9988.HK,HK,equity,2024-03-06,70.55,72.7,70.3,71.85,69.7,56159854.0,4020413558.72,0.030846484935437513,0.030846484935437513,0.030380294758555658,PASS,2026-06-08T14:53:34Z,D20260608.01
9988.HK,HK,equity,2024-03-07,72.05,72.65,70.1,70.7,71.85,42526429.0,3022002677.23,-0.016005567153792533,-0.016005567153792533,-0.01613503962250677,PASS,2026-06-08T14:53:34Z,D20260608.01
9988.HK,HK,equity,2024-03-08,70.8,72.35,70.75,71.25,70.7,33041436.0,2364597096.19,0.007779349363507659,0.007779349363507659,0.007749246246232716,PASS,2026-06-08T14:53:34Z,D20260608.01
9988.HK,HK,equity,2024-03-11,72.15,73.2,72.1,72.8,71.25,37032890.0,2692528333.95,0.021754385964912304,0.021754385964912304,0.0215211360538804,PASS,2026-06-08T14:53:34Z,D20260608.01
9988.HK,HK,equity,2024-03-12,73.55,75.0,72.95,74.85,72.8,73206579.0,5441374802.85,0.02815934065934056,0.02815934065934056,0.02777015566299698,PASS,2026-06-08T14:53:34Z,D20260608.01
9988.HK,HK,equity,2024-03-13,74.5,75.05,73.75,74.0,74.85,47435359.0,3524759767.33,-0.011356045424181671,-0.011356045424181671,-0.011421017661467584,PASS,2026-06-08T14:53:34Z,D20260608.01
9988.HK,HK,equity,2024-03-14,74.3,75.2,72.8,73.45,74.0,48282142.0,3553513547.6,-0.007432432432432412,-0.007432432432432412,-0.007460190584283422,PASS,2026-06-08T14:53:34Z,D20260608.01
9988.HK,HK,equity,2024-03-15,71.4,72.0,70.8,71.9,73.45,66420792.0,4755136168.896,-0.021102791014295352,-0.021102791014295352,-0.021328637892885218,PASS,2026-06-08T14:53:34Z,D20260608.01
9988.HK,HK,equity,2024-03-18,71.15,72.5,71.15,72.0,71.9,29947868.0,2154925267.336,0.0013908205841446364,0.0013908205841446364,0.0013898542890542977,PASS,2026-06-08T14:53:34Z,D20260608.01
9988.HK,HK,equity,2024-03-19,71.25,71.7,70.6,71.1,72.0,38328086.0,2726090902.42,-0.012500000000000067,-0.012500000000000067,-0.012578782206860185,PASS,2026-06-08T14:53:34Z,D20260608.01
9988.HK,HK,equity,2024-03-20,71.3,71.75,70.35,71.25,71.1,30531961.0,2172730999.7,0.0021097046413502962,0.0021097046413502962,0.0021074823395647994,PASS,2026-06-08T14:53:34Z,D20260608.01
9988.HK,HK,equity,2024-03-21,72.5,73.25,72.25,72.55,71.25,38991190.0,2835897713.38,0.01824561403508773,0.01824561403508773,0.018081160181436958,PASS,2026-06-08T14:53:34Z,D20260608.01
9988.HK,HK,equity,2024-03-22,72.2,72.4,70.1,71.0,72.55,46657792.0,3304243778.771,-0.021364576154376258,-0.021364576154376258,-0.021596102288881397,PASS,2026-06-08T14:53:34Z,D20260608.01
9988.HK,HK,equity,2024-03-25,70.15,70.95,69.8,70.3,71.0,42502492.0,2984026416.802,-0.009859154929577452,-0.009859154929577452,-0.009908078224696188,PASS,2026-06-08T14:53:34Z,D20260608.01
9988.HK,HK,equity,2024-03-26,69.5,70.85,69.3,70.3,70.3,46925401.0,3287495719.22,0.0,0.0,0.0,PASS,2026-06-08T14:53:34Z,D20260608.01
9988.HK,HK,equity,2024-03-27,69.7,69.95,68.5,68.8,70.3,66012638.0,4546645483.528,-0.02133712660028453,-0.02133712660028453,-0.02156805387732128,PASS,2026-06-08T14:53:34Z,D20260608.01
9988.HK,HK,equity,2024-03-28,69.35,71.7,69.35,70.25,68.8,63275589.0,4458788315.229,0.02107558139534893,0.02107558139534893,0.02085656327455726,PASS,2026-06-08T14:53:34Z,D20260608.01
9988.HK,HK,equity,2024-04-02,71.65,72.0,69.7,71.0,70.25,63731872.0,4519870252.16,0.01067615658362997,0.01067615658362997,0.010619568827460351,PASS,2026-06-08T14:53:34Z,D20260608.01
9988.HK,HK,equity,2024-04-03,71.85,71.85,70.15,70.35,71.0,42103303.0,2976979625.0,-0.009154929577464888,-0.009154929577464888,-0.009197093480917459,PASS,2026-06-08T14:53:34Z,D20260608.01
9988.HK,HK,equity,2024-04-05,70.4,70.95,68.9,70.05,70.35,41301670.0,2887906481.35,-0.004264392324093813,-0.004264392324093813,-0.00427351077738205,PASS,2026-06-08T14:53:34Z,D20260608.01
9988.HK,HK,equity,2024-04-08,69.9,71.0,69.25,70.4,70.05,29316176.0,2059853837.45,0.0049964311206283085,0.0049964311206283085,0.004983990380980892,PASS,2026-06-08T14:53:34Z,D20260608.01
9988.HK,HK,equity,2024-04-09,70.1,71.45,69.85,70.5,70.4,34509483.0,2433902608.3,0.0014204545454543638,0.0014204545454543638,0.0014194466542260709,PASS,2026-06-08T14:53:34Z,D20260608.01
9988.HK,HK,equity,2024-04-10,71.3,74.6,71.3,73.95,70.5,87693112.0,6454070097.74,0.04893617021276597,0.04893617021276597,0.04777647933858585,PASS,2026-06-08T14:53:34Z,D20260608.01
9988.HK,HK,equity,2024-04-11,72.75,74.45,72.5,74.2,73.95,41223561.0,3035911013.2,0.0033806626098715764,0.0033806626098715764,0.0033749610165260007,PASS,2026-06-08T14:53:34Z,D20260608.01
9988.HK,HK,equity,2024-04-12,73.15,73.5,71.45,71.65,74.2,44688721.0,3222917797.36,-0.03436657681940691,-0.03436657681940691,-0.03497099589915381,PASS,2026-06-08T14:53:34Z,D20260608.01
9988.HK,HK,equity,2024-04-15,70.0,70.65,69.8,70.4,71.65,42987921.0,3022157211.438,-0.017445917655268706,-0.017445917655268706,-0.01759989111018418,PASS,2026-06-08T14:53:34Z,D20260608.01
9988.HK,HK,equity,2024-04-16,68.8,69.25,68.2,68.45,70.4,53443746.0,3672300732.55,-0.027698863636363646,-0.027698863636363646,-0.02808971142953883,PASS,2026-06-08T14:53:34Z,D20260608.01
9988.HK,HK,equity,2024-04-17,68.1,68.55,67.3,68.0,68.45,40972640.0,2777927877.86,-0.006574141709276837,-0.006574141709276837,-0.006595846558351189,PASS,2026-06-08T14:53:34Z,D20260608.01
9988.HK,HK,equity,2024-04-18,67.7,68.55,67.2,67.9,68.0,31609984.0,2146488504.3,-0.0014705882352940014,-0.0014705882352940014,-0.0014716706114561394,PASS,2026-06-08T14:53:34Z,D20260608.01
9988.HK,HK,equity,2024-04-19,66.85,67.05,65.8,66.7,67.9,51647818.0,3437397565.75,-0.0176730486008837,-0.0176730486008837,-0.01783108164307246,PASS,2026-06-08T14:53:34Z,D20260608.01
9988.HK,HK,equity,2024-04-22,67.6,69.45,67.6,68.45,66.7,42767591.0,2935199008.09,0.026236881559220437,0.026236881559220437,0.025898598812879908,PASS,2026-06-08T14:53:34Z,D20260608.01
9988.HK,HK,equity,2024-04-23,69.3,70.35,68.8,69.8,68.45,47335665.0,3302883951.47,0.019722425127830512,0.019722425127830512,0.019530458033868874,PASS,2026-06-08T14:53:34Z,D20260608.01
9988.HK,HK,equity,2024-04-24,71.25,73.0,70.75,72.5,69.8,64630900.0,4663976163.38,0.0386819484240688,0.0386819484240688,0.03795255209230233,PASS,2026-06-08T14:53:34Z,D20260608.01
9988.HK,HK,equity,2024-04-25,72.5,74.1,72.05,73.0,72.5,43558815.0,3190874796.15,0.006896551724137945,0.006896551724137945,0.0068728792877620504,PASS,2026-06-08T14:53:34Z,D20260608.01
9988.HK,HK,equity,2024-04-26,73.2,75.7,73.2,75.3,73.0,76974505.0,5765181471.453,0.03150684931506853,0.03150684931506853,0.0310206936574568,PASS,2026-06-08T14:53:34Z,D20260608.01
9988.HK,HK,equity,2024-04-29,74.3,76.0,74.1,74.35,75.3,55367962.0,4144691996.96,-0.012616201859229736,-0.012616201859229736,-0.012696461899683802,PASS,2026-06-08T14:53:34Z,D20260608.01
9988.HK,HK,equity,2024-04-30,75.15,75.4,73.8,74.35,74.35,47495457.0,3538039148.1,0.0,0.0,0.0,PASS,2026-06-08T14:53:34Z,D20260608.01
9988.HK,HK,equity,2024-05-02,73.5,76.75,73.35,76.1,74.35,68356381.0,5166213612.64,0.02353732347007398,0.02353732347007398,0.023264591961476077,PASS,2026-06-08T14:53:34Z,D20260608.01
9988.HK,HK,equity,2024-05-03,78.7,80.45,78.5,79.2,76.1,79294381.0,6286246926.38,0.04073587385019728,0.04073587385019728,0.03992803395274018,PASS,2026-06-08T14:53:34Z,D20260608.01
9988.HK,HK,equity,2024-05-06,79.5,79.6,78.5,79.5,79.2,56218498.0,4454527428.1,0.0037878787878786735,0.0037878787878786735,0.003780722839905931,PASS,2026-06-08T14:53:34Z,D20260608.01
9988.HK,HK,equity,2024-05-07,79.05,79.35,77.4,78.05,79.5,45448994.0,3548411188.9,-0.01823899371069182,-0.01823899371069182,-0.018407374698845142,PASS,2026-06-08T14:53:34Z,D20260608.01
9988.HK,HK,equity,2024-05-08,78.25,78.45,75.55,76.15,78.05,54000423.0,4144334382.96,-0.0243433696348494,-0.0243433696348494,-0.024644567620270195,PASS,2026-06-08T14:53:34Z,D20260608.01
9988.HK,HK,equity,2024-05-09,75.75,76.95,75.3,76.8,76.15,52298823.0,3992273038.86,0.008535784635587573,0.008535784635587573,0.008499560812455583,PASS,2026-06-08T14:53:34Z,D20260608.01
9988.HK,HK,equity,2024-05-10,77.5,78.75,77.1,77.95,76.8,47295135.0,3681137923.8,0.014973958333333481,0.014973958333333481,0.014862955350159189,PASS,2026-06-08T14:53:34Z,D20260608.01
9988.HK,HK,equity,2024-05-13,77.65,81.6,77.3,81.15,77.95,78841984.0,6350064921.84,0.04105195638229642,0.04105195638229642,0.04023169845681476,PASS,2026-06-08T14:53:34Z,D20260608.01
9988.HK,HK,equity,2024-05-14,82.0,83.45,82.0,82.65,81.15,78159136.0,6476823622.2,0.01848428835489835,0.01848428835489835,0.018315530306432976,PASS,2026-06-08T14:53:34Z,D20260608.01
9988.HK,HK,equity,2024-05-16,79.3,81.0,78.8,79.7,82.65,111040078.0,8857616055.11,-0.03569267997580161,-0.03569267997580161,-0.03634523847086387,PASS,2026-06-08T14:53:34Z,D20260608.01
9988.HK,HK,equity,2024-05-17,85.0,85.9,84.45,85.7,79.7,111456576.0,9498089547.6,0.07528230865746544,0.07528230865746544,0.07258323980756469,PASS,2026-06-08T14:53:34Z,D20260608.01
9988.HK,HK,equity,2024-05-20,85.9,86.3,84.85,85.35,85.7,53129878.0,4546038072.418,-0.0040840140023338245,-0.0040840140023338245,-0.004092376363284589,PASS,2026-06-08T14:53:34Z,D20260608.01
9988.HK,HK,equity,2024-05-21,85.5,85.9,83.95,84.4,85.35,43053288.0,3643147571.23,-0.011130638547158678,-0.011130638547158678,-0.011193047638538107,PASS,2026-06-08T14:53:34Z,D20260608.01
9988.HK,HK,equity,2024-05-22,84.15,84.3,83.0,83.0,84.4,34490738.0,2879757468.05,-0.0165876777251186,-0.0165876777251186,-0.016726793805313625,PASS,2026-06-08T14:53:34Z,D20260608.01
9988.HK,HK,equity,2024-05-23,81.0,81.05,77.55,78.65,83.0,100353257.0,7941567454.49,-0.052409638554216764,-0.052409638554216764,-0.053832978292310985,PASS,2026-06-08T14:53:34Z,D20260608.01
9988.HK,HK,equity,2024-05-24,78.45,79.9,77.65,78.15,78.65,48522482.0,3805988248.476,-0.006357279084551859,-0.006357279084551859,-0.0063775726368012625,PASS,2026-06-08T14:53:34Z,D20260608.01
9988.HK,HK,equity,2024-05-27,78.9,79.65,77.9,79.25,78.15,39037400.0,3081574996.21,0.01407549584133072,0.01407549584133072,0.013977355889904326,PASS,2026-06-08T14:53:34Z,D20260608.01
9988.HK,HK,equity,2024-05-28,79.2,80.2,78.85,79.55,79.25,32245775.0,2566669649.915,0.003785488958990557,0.003785488958990557,0.0037783420264058997,PASS,2026-06-08T14:53:34Z,D20260608.01
9988.HK,HK,equity,2024-05-29,78.5,78.8,76.1,76.8,79.55,67568273.0,5202466984.45,-0.034569453174104314,-0.034569453174104314,-0.03518111463016937,PASS,2026-06-08T14:53:34Z,D20260608.01
9988.HK,HK,equity,2024-05-30,76.4,77.6,75.9,76.3,76.8,46353905.0,3539034262.25,-0.00651041666666663,-0.00651041666666663,-0.006531701863215124,PASS,2026-06-08T14:53:34Z,D20260608.01
9988.HK,HK,equity,2024-05-31,77.45,77.9,74.9,74.9,76.3,148283968.0,11191941852.68,-0.0183486238532109,-0.0183486238532109,-0.018519047767237416,PASS,2026-06-08T14:53:34Z,D20260608.01
9988.HK,HK,equity,2024-06-03,76.5,77.5,76.45,76.65,74.9,73997961.0,5633628318.6,0.02336448598130847,0.02336448598130847,0.023095714794649395,PASS,2026-06-08T14:53:34Z,D20260608.01
9988.HK,HK,equity,2024-06-04,76.0,76.85,75.9,76.4,76.65,30437293.0,2327154095.97,-0.0032615786040443018,-0.0032615786040443018,-0.0032669091453482687,PASS,2026-06-08T14:53:34Z,D20260608.01
9988.HK,HK,equity,2024-06-05,77.15,78.4,76.6,76.95,76.4,41354457.0,3200557887.73,0.007198952879581055,0.007198952879581055,0.007173164112413329,PASS,2026-06-08T14:53:34Z,D20260608.01
9988.HK,HK,equity,2024-06-06,78.1,78.45,76.65,77.1,76.95,39115156.0,3026556413.19,0.0019493177387912564,0.0019493177387912564,0.0019474202843954072,PASS,2026-06-08T14:53:34Z,D20260608.01
9988.HK,HK,equity,2024-06-07,78.1,78.1,76.9,77.1,77.1,46037914.0,3556948879.5,0.0,0.0,0.0,PASS,2026-06-08T14:53:34Z,D20260608.01
9988.HK,HK,equity,2024-06-11,76.6,77.05,75.75,76.45,77.1,45378373.0,3473458264.3,-0.008430609597924632,-0.008430609597924632,-0.008466348194212357,PASS,2026-06-08T14:53:34Z,D20260608.01
9988.HK,HK,equity,2024-06-12,74.5,75.2,74.05,74.15,74.83,34449076.0,2564307420.035,-0.009087264466123068,-0.009087264466123068,-0.009128805508325915,PASS,2026-06-08T14:53:34Z,D20260608.01
9988.HK,HK,equity,2024-06-13,75.3,75.35,73.7,74.5,74.15,51382442.0,3814621432.25,0.00472016183411994,0.00472016183411994,0.004709056801572644,PASS,2026-06-08T14:53:34Z,D20260608.01
9988.HK,HK,equity,2024-06-14,73.75,73.9,72.25,72.8,74.5,61962416.0,4519514028.731,-0.02281879194630876,-0.02281879194630876,-0.02308317018287358,PASS,2026-06-08T14:53:34Z,D20260608.01
9988.HK,HK,equity,2024-06-17,71.85,73.0,71.15,72.5,72.8,35419261.0,2561568875.86,-0.004120879120879106,-0.004120879120879106,-0.004129393342011178,PASS,2026-06-08T14:53:34Z,D20260608.01
9988.HK,HK,equity,2024-06-18,72.5,73.4,71.85,72.1,72.5,34574126.0,2501126455.34,-0.0055172413793104225,-0.0055172413793104225,-0.0055325175697257785,PASS,2026-06-08T14:53:34Z,D20260608.01
9988.HK,HK,equity,2024-06-19,72.9,74.45,72.25,74.2,72.1,31831878.0,2345008910.54,0.02912621359223322,0.02912621359223322,0.028710105882431575,PASS,2026-06-08T14:53:34Z,D20260608.01
9988.HK,HK,equity,2024-06-20,73.95,74.45,73.3,73.4,74.2,24354943.0,1793977813.786,-0.010781671159029615,-0.010781671159029615,-0.010840214552864833,PASS,2026-06-08T14:53:34Z,D20260608.01
9988.HK,HK,equity,2024-06-21,72.45,72.65,71.5,72.0,73.4,57906313.0,4175699076.12,-0.019073569482288888,-0.019073569482288888,-0.019257816604414647,PASS,2026-06-08T14:53:34Z,D20260608.01
9988.HK,HK,equity,2024-06-24,71.05,72.1,71.0,72.05,72.0,32160122.0,2300551286.38,0.000694444444444331,0.000694444444444331,0.0006942034294756703,PASS,2026-06-08T14:53:34Z,D20260608.01
9988.HK,HK,equity,2024-06-25,72.25,73.2,72.1,72.65,72.05,27467171.0,1993273258.01,0.008327550312283272,0.008327550312283272,0.00829306757076095,PASS,2026-06-08T14:53:34Z,D20260608.01
9988.HK,HK,equity,2024-06-26,71.7,73.45,71.7,72.85,72.65,29066186.0,2119772792.93,0.0027529249827940028,0.0027529249827940028,0.0027491426249217133,PASS,2026-06-08T14:53:34Z,D20260608.01
9988.HK,HK,equity,2024-06-27,72.0,72.6,71.25,71.55,72.85,37688869.0,2699129260.23,-0.017844886753603295,-0.017844886753603295,-0.018006026638753926,PASS,2026-06-08T14:53:34Z,D20260608.01
9988.HK,HK,equity,2024-06-28,70.6,71.6,70.5,70.5,71.55,39388456.0,2790425645.33,-0.01467505241090139,-0.01467505241090139,-0.014783796184236867,PASS,2026-06-08T14:53:34Z,D20260608.01
9988.HK,HK,equity,2024-07-02,69.8,72.0,69.8,70.45,70.5,43280648.0,3061446919.76,-0.0007092198581559739,-0.0007092198581559739,-0.0007094714735336907,PASS,2026-06-08T14:53:34Z,D20260608.01
9988.HK,HK,equity,2024-07-03,71.65,72.75,71.1,72.2,70.45,38913160.0,2801224946.5,0.024840312278211485,0.024840312278211485,0.02453680755409131,PASS,2026-06-08T14:53:34Z,D20260608.01
9988.HK,HK,equity,2024-07-04,73.4,73.95,73.0,73.15,72.2,30491758.0,2234968434.0,0.013157894736842035,0.013157894736842035,0.0130720815673527,PASS,2026-06-08T14:53:34Z,D20260608.01
9988.HK,HK,equity,2024-07-05,73.1,73.8,72.75,72.9,73.15,30464780.0,2228296706.43,-0.0034176349965823194,-0.0034176349965823194,-0.0034234884515208057,PASS,2026-06-08T14:53:34Z,D20260608.01
9988.HK,HK,equity,2024-07-08,72.05,72.65,71.45,71.8,72.9,41071018.0,2950944152.51,-0.015089163237311465,-0.015089163237311465,-0.015204162960434047,PASS,2026-06-08T14:53:34Z,D20260608.01
9988.HK,HK,equity,2024-07-09,71.25,73.0,71.25,72.5,71.8,33931545.0,2451025590.89,0.009749303621169991,0.009749303621169991,0.009702085806450668,PASS,2026-06-08T14:53:34Z,D20260608.01
9988.HK,HK,equity,2024-07-10,73.7,74.6,73.1,73.1,72.5,35940892.0,2646344968.02,0.008275862068965356,0.008275862068965356,0.008241804895103568,PASS,2026-06-08T14:53:34Z,D20260608.01
9988.HK,HK,equity,2024-07-11,74.0,76.0,73.8,75.45,73.1,48693395.0,3659830845.27,0.032147742818057656,0.032147742818057656,0.031641818458125276,PASS,2026-06-08T14:53:34Z,D20260608.01
9988.HK,HK,equity,2024-07-12,76.4,78.7,76.4,78.4,75.45,65804366.0,5123475515.99,0.039098740888005246,0.039098740888005246,0.038353742142504206,PASS,2026-06-08T14:53:34Z,D20260608.01
9988.HK,HK,equity,2024-07-15,77.2,77.95,76.35,76.65,78.4,40320270.0,3106823769.57,-0.022321428571428603,-0.022321428571428603,-0.022574322038539065,PASS,2026-06-08T14:53:34Z,D20260608.01
9988.HK,HK,equity,2024-07-16,75.7,75.95,75.1,75.5,76.65,33288019.0,2517170527.5,-0.015003261578604099,-0.015003261578604099,-0.015116949062844168,PASS,2026-06-08T14:53:34Z,D20260608.01
9988.HK,HK,equity,2024-07-17,75.95,76.95,75.8,76.3,75.5,43176485.0,3297440992.37,0.01059602649006619,0.01059602649006619,0.010540282035432268,PASS,2026-06-08T14:53:34Z,D20260608.01
9988.HK,HK,equity,2024-07-18,75.55,76.1,75.1,75.8,76.3,35852222.0,2715242921.57,-0.006553079947575369,-0.006553079947575369,-0.006574645642085357,PASS,2026-06-08T14:53:34Z,D20260608.01
9988.HK,HK,equity,2024-07-19,74.55,74.95,73.45,73.8,75.8,42933703.0,3173454212.55,-0.02638522427440637,-0.02638522427440637,-0.0267395610418992,PASS,2026-06-08T14:53:34Z,D20260608.01
9988.HK,HK,equity,2024-07-22,73.8,75.2,73.7,74.75,73.8,33903557.0,2528413996.482,0.01287262872628725,0.01287262872628725,0.012790480664368983,PASS,2026-06-08T14:53:34Z,D20260608.01
9988.HK,HK,equity,2024-07-23,75.15,75.2,74.0,74.1,74.75,29397901.0,2187002705.55,-0.008695652173913104,-0.008695652173913104,-0.008733679968754666,PASS,2026-06-08T14:53:34Z,D20260608.01
9988.HK,HK,equity,2024-07-24,74.05,74.85,74.05,74.2,74.1,24392950.0,1815039555.9,0.0013495276653172628,0.0013495276653172628,0.0013486178712936849,PASS,2026-06-08T14:53:34Z,D20260608.01
9988.HK,HK,equity,2024-07-25,74.5,74.55,73.2,73.3,74.2,28685062.0,2111761338.8,-0.0121293800539084,-0.0121293800539084,-0.012203541280729003,PASS,2026-06-08T14:53:34Z,D20260608.01
9988.HK,HK,equity,2024-07-26,73.6,73.9,72.8,73.1,73.3,24685769.0,1808410389.6,-0.0027285129604366354,-0.0027285129604366354,-0.002732242136873062,PASS,2026-06-08T14:53:34Z,D20260608.01
9988.HK,HK,equity,2024-07-29,74.8,77.3,74.75,76.55,73.1,74410239.0,5697867168.602,0.04719562243502051,0.04719562243502051,0.04611575534795993,PASS,2026-06-08T14:53:34Z,D20260608.01
9988.HK,HK,equity,2024-07-30,76.65,76.95,75.6,76.2,76.55,42711031.0,3258301923.87,-0.004572175048987548,-0.004572175048987548,-0.004582659411092128,PASS,2026-06-08T14:53:34Z,D20260608.01
9988.HK,HK,equity,2024-07-31,76.3,78.3,76.1,77.3,76.2,63322191.0,4910095294.02,0.014435695538057569,0.014435695538057569,0.014332492900775517,PASS,2026-06-08T14:53:34Z,D20260608.01
9988.HK,HK,equity,2024-08-01,77.2,78.0,76.8,77.5,77.3,38913402.0,3017478732.675,0.002587322121604174,0.002587322121604174,0.0025839807659250678,PASS,2026-06-08T14:53:34Z,D20260608.01
9988.HK,HK,equity,2024-08-02,76.0,76.75,74.85,75.35,77.5,36160705.0,2734314359.26,-0.02774193548387105,-0.02774193548387105,-0.02813401128679693,PASS,2026-06-08T14:53:34Z,D20260608.01
9988.HK,HK,equity,2024-08-05,74.15,75.8,72.8,74.2,75.35,49548357.0,3681907809.156,-0.015262110152621022,-0.015262110152621022,-0.015379774899169621,PASS,2026-06-08T14:53:34Z,D20260608.01
9988.HK,HK,equity,2024-08-06,75.35,76.2,75.2,75.25,74.2,47939836.0,3627138218.794,0.014150943396226356,0.014150943396226356,0.014051753455650287,PASS,2026-06-08T14:53:34Z,D20260608.01
9988.HK,HK,equity,2024-08-07,76.0,77.5,75.75,76.5,75.25,39385356.0,3025204199.822,0.01661129568106312,0.01661129568106312,0.016474837203505042,PASS,2026-06-08T14:53:34Z,D20260608.01
9988.HK,HK,equity,2024-08-08,75.75,78.25,75.35,76.55,76.5,49320546.0,3792679989.5,0.0006535947712418277,0.0006535947712418277,0.0006533812712026048,PASS,2026-06-08T14:53:34Z,D20260608.01
9988.HK,HK,equity,2024-08-09,78.1,78.95,77.85,77.85,76.55,37944538.0,2969955116.867,0.0169823644676681,0.0169823644676681,0.016839776176314485,PASS,2026-06-08T14:53:34Z,D20260608.01
9988.HK,HK,equity,2024-08-12,77.85,78.85,77.2,78.45,77.85,36296039.0,2841592931.8,0.007707129094412402,0.007707129094412402,0.007677580899034332,PASS,2026-06-08T14:53:34Z,D20260608.01
9988.HK,HK,equity,2024-08-13,78.6,79.15,78.0,78.65,78.45,31992760.0,2511736513.41,0.002549394518801762,0.002549394518801762,0.0025461503252452093,PASS,2026-06-08T14:53:34Z,D20260608.01
9988.HK,HK,equity,2024-08-14,78.85,79.35,78.05,78.3,78.65,35577408.0,2793406063.41,-0.00445009535918639,-0.00445009535918639,-0.0044600265075295355,PASS,2026-06-08T14:53:34Z,D20260608.01
9988.HK,HK,equity,2024-08-15,77.65,77.95,75.5,76.4,78.3,69314475.0,5299291460.8,-0.024265644955300036,-0.024265644955300036,-0.024564906824282515,PASS,2026-06-08T14:53:34Z,D20260608.01
9988.HK,HK,equity,2024-08-16,77.75,80.65,77.55,80.1,76.4,86304798.0,6867704721.65,0.048429319371727564,0.048429319371727564,0.04729315790183855,PASS,2026-06-08T14:53:34Z,D20260608.01
9988.HK,HK,equity,2024-08-19,81.3,82.65,81.2,81.45,80.1,58682838.0,4806394072.59,0.016853932584269815,0.016853932584269815,0.016713480973740747,PASS,2026-06-08T14:53:34Z,D20260608.01
9988.HK,HK,equity,2024-08-20,81.7,81.75,79.95,80.4,81.45,42535840.0,3430402004.9,-0.012891344383057057,-0.012891344383057057,-0.012975158863133418,PASS,2026-06-08T14:53:34Z,D20260608.01
9988.HK,HK,equity,2024-08-21,78.4,79.95,78.3,79.95,80.4,51464907.0,4084730213.9,-0.005597014925373123,-0.005597014925373123,-0.005612736904957436,PASS,2026-06-08T14:53:34Z,D20260608.01
9988.HK,HK,equity,2024-08-22,81.1,81.95,79.95,81.65,79.95,40296293.0,3265803440.95,0.021263289555972564,0.021263289555972564,0.02104038013651096,PASS,2026-06-08T14:53:34Z,D20260608.01
9988.HK,HK,equity,2024-08-23,81.65,82.85,81.1,82.65,81.65,43575656.0,3580871167.5,0.012247397428046591,0.012247397428046591,0.012173004850559117,PASS,2026-06-08T14:53:34Z,D20260608.01
9988.HK,HK,equity,2024-08-26,83.4,83.95,81.95,83.3,82.65,47740986.0,3965261914.82,0.007864488808227321,0.007864488808227321,0.007833724905763678,PASS,2026-06-08T14:53:34Z,D20260608.01
9988.HK,HK,equity,2024-08-27,80.05,80.35,79.0,79.95,83.3,85310659.0,6792242277.8,-0.04021608643457375,-0.04021608643457375,-0.04104710989283369,PASS,2026-06-08T14:53:34Z,D20260608.01
9988.HK,HK,equity,2024-08-28,79.9,80.1,78.6,79.1,79.95,38782872.0,3069939501.75,-0.010631644777986393,-0.010631644777986393,-0.010688564506355202,PASS,2026-06-08T14:53:34Z,D20260608.01
9988.HK,HK,equity,2024-08-29,77.55,79.1,77.3,79.05,79.1,42829550.0,3348731951.84,-0.0006321112515802474,-0.0006321112515802474,-0.0006323111181271348,PASS,2026-06-08T14:53:34Z,D20260608.01
9988.HK,HK,equity,2024-08-30,78.7,82.05,78.4,81.45,79.05,109667309.0,8893009540.53,0.030360531309298056,0.030360531309298056,0.029908771392573252,PASS,2026-06-08T14:53:34Z,D20260608.01
9988.HK,HK,equity,2024-09-02,81.35,81.45,79.4,79.5,81.45,53674093.0,4311909308.72,-0.023941068139963217,-0.023941068139963217,-0.024232313387767972,PASS,2026-06-08T14:53:34Z,D20260608.01
9988.HK,HK,equity,2024-09-03,79.65,80.55,79.0,80.1,79.5,27709377.0,2217170895.77,0.007547169811320753,0.007547169811320753,0.007518832414027319,PASS,2026-06-08T14:53:34Z,D20260608.01
9988.HK,HK,equity,2024-09-04,79.4,80.4,79.0,80.1,80.1,28553946.0,2277966220.266,0.0,0.0,0.0,PASS,2026-06-08T14:53:34Z,D20260608.01
9988.HK,HK,equity,2024-09-05,80.3,80.85,79.2,79.8,80.1,29214099.0,2330735150.4,-0.0037453183520599342,-0.0037453183520599342,-0.003752349618550464,PASS,2026-06-08T14:53:34Z,D20260608.01
9988.HK,HK,equity,2024-09-09,78.8,79.4,77.65,78.3,79.8,79250807.0,6204373104.2,-0.018796992481203034,-0.018796992481203034,-0.01897590145900569,PASS,2026-06-08T14:53:34Z,D20260608.01
9988.HK,HK,equity,2024-09-10,80.0,82.45,80.0,81.6,78.3,206633087.0,16854040557.742,0.04214559386973171,0.04214559386973171,0.041281658973303825,PASS,2026-06-08T14:53:34Z,D20260608.01
9988.HK,HK,equity,2024-09-11,81.55,82.4,80.15,81.45,81.6,83945417.0,6833095116.11,-0.0018382352941175295,-0.0018382352941175295,-0.0018399269220070714,PASS,2026-06-08T14:53:34Z,D20260608.01
9988.HK,HK,equity,2024-09-12,82.55,83.9,82.35,83.2,81.45,83669607.0,6976595011.0,0.021485573971761873,0.021485573971761873,0.021258012779108826,PASS,2026-06-08T14:53:34Z,D20260608.01
9988.HK,HK,equity,2024-09-13,83.5,84.65,82.25,82.75,83.2,59196273.0,4940263104.65,-0.005408653846153855,-0.005408653846153855,-0.005423333569990635,PASS,2026-06-08T14:53:34Z,D20260608.01
9988.HK,HK,equity,2024-09-16,81.85,82.3,81.4,82.0,82.75,26558684.0,2173252533.14,-0.009063444108761365,-0.009063444108761365,-0.009104766992919204,PASS,2026-06-08T14:53:34Z,D20260608.01
9988.HK,HK,equity,2024-09-17,81.4,83.1,81.35,82.85,82.0,30485324.0,2519588149.9,0.010365853658536484,0.010365853658536484,0.010312496608318704,PASS,2026-06-08T14:53:34Z,D20260608.01
9988.HK,HK,equity,2024-09-19,82.85,86.5,82.5,85.7,82.85,109112014.0,9287384305.89,0.034399517199758645,0.034399517199758645,0.03382108173116223,PASS,2026-06-08T14:53:34Z,D20260608.01
9988.HK,HK,equity,2024-09-20,86.0,89.0,85.4,87.2,85.7,122726621.0,10736051744.48,0.0175029171528589,0.0175029171528589,0.017351505311199927,PASS,2026-06-08T14:53:34Z,D20260608.01
9988.HK,HK,equity,2024-09-23,86.9,88.7,86.55,86.75,87.2,69609537.0,6089340260.2,-0.0051605504587156625,-0.0051605504587156625,-0.005173912087965438,PASS,2026-06-08T14:53:34Z,D20260608.01
9988.HK,HK,equity,2024-09-24,89.15,92.2,88.05,92.0,86.75,141958511.0,12837936390.18,0.060518731988472574,0.060518731988472574,0.05875815822207169,PASS,2026-06-08T14:53:34Z,D20260608.01
9988.HK,HK,equity,2024-09-25,95.0,95.0,90.6,91.3,92.0,159777709.0,14802039248.44,-0.007608695652173925,-0.007608695652173925,-0.007637789448117538,PASS,2026-06-08T14:53:34Z,D20260608.01
9988.HK,HK,equity,2024-09-26,92.5,99.25,91.8,97.75,91.3,203287208.0,19638039087.446,0.07064622124863096,0.07064622124863096,0.06826241126455243,PASS,2026-06-08T14:53:34Z,D20260608.01
9988.HK,HK,equity,2024-09-27,102.0,104.9,100.4,102.5,97.75,198337444.0,20325976018.288,0.04859335038363177,0.04859335038363177,0.047449599712987775,PASS,2026-06-08T14:53:34Z,D20260608.01
9988.HK,HK,equity,2024-09-30,107.6,112.8,106.3,110.0,102.5,250502801.0,27460811205.84,0.07317073170731714,0.07317073170731714,0.07061756721395342,PASS,2026-06-08T14:53:34Z,D20260608.01
9988.HK,HK,equity,2024-10-02,110.4,118.7,110.4,115.1,110.0,179685038.0,20648653034.92,0.046363636363636385,0.046363636363636385,0.045320949935420754,PASS,2026-06-08T14:53:34Z,D20260608.01
9988.HK,HK,equity,2024-10-03,113.0,113.0,106.5,110.0,115.1,138390517.0,15179797380.95,-0.04430929626411806,-0.04430929626411806,-0.04532094993542063,PASS,2026-06-08T14:53:34Z,D20260608.01
9988.HK,HK,equity,2024-10-04,110.0,114.3,108.8,113.9,110.0,90914228.0,10237637542.61,0.035454545454545405,0.035454545454545405,0.03484050466072018,PASS,2026-06-08T14:53:34Z,D20260608.01
9988.HK,HK,equity,2024-10-07,114.2,116.9,113.0,114.6,113.9,105041570.0,12045023109.1,0.006145741878841093,0.006145741878841093,0.006126933827502738,PASS,2026-06-08T14:53:34Z,D20260608.01
9988.HK,HK,equity,2024-10-08,111.3,111.8,103.0,104.5,114.6,252168999.0,27228001309.65,-0.08813263525305404,-0.08813263525305404,-0.09226073287577342,PASS,2026-06-08T14:53:34Z,D20260608.01
9988.HK,HK,equity,2024-10-09,107.2,107.7,99.65,102.9,104.5,177757025.0,18450021969.35,-0.015311004784688942,-0.015311004784688942,-0.015429428564861718,PASS,2026-06-08T14:53:34Z,D20260608.01
9988.HK,HK,equity,2024-10-10,105.0,107.8,104.4,105.8,102.9,104808386.0,11130581105.8,0.028182701652089248,0.028182701652089248,0.02779287658419493,PASS,2026-06-08T14:53:34Z,D20260608.01
9988.HK,HK,equity,2024-10-14,107.0,107.1,102.7,105.2,105.8,79240625.0,8330300347.47,-0.005671077504725841,-0.005671077504725841,-0.005687219120589464,PASS,2026-06-08T14:53:34Z,D20260608.01
9988.HK,HK,equity,2024-10-15,105.2,105.2,98.75,99.85,105.2,113107803.0,11427419448.45,-0.05085551330798488,-0.05085551330798488,-0.052194240441785354,PASS,2026-06-08T14:53:34Z,D20260608.01
9988.HK,HK,equity,2024-10-16,98.5,100.9,97.85,98.95,99.85,67551937.0,6704176034.25,-0.009013520280420573,-0.009013520280420573,-0.00905438781324943,PASS,2026-06-08T14:53:34Z,D20260608.01
9988.HK,HK,equity,2024-10-17,100.0,102.7,97.7,98.5,98.95,65933840.0,6604103319.55,-0.004547751389590737,-0.004547751389590737,-0.004558123870531571,PASS,2026-06-08T14:53:34Z,D20260608.01
9988.HK,HK,equity,2024-10-18,97.65,102.5,95.3,100.5,98.5,119104755.0,11761178545.0,0.020304568527918843,0.020304568527918843,0.020101179321087303,PASS,2026-06-08T14:53:34Z,D20260608.01
9988.HK,HK,equity,2024-10-21,100.2,100.8,96.55,97.8,100.5,63514538.0,6246641190.637,-0.0268656716417911,-0.0268656716417911,-0.02723315045835885,PASS,2026-06-08T14:53:34Z,D20260608.01
9988.HK,HK,equity,2024-10-22,97.6,98.7,96.1,97.25,97.8,48715559.0,4729240106.4,-0.005623721881390598,-0.005623721881390598,-0.005639594542215982,PASS,2026-06-08T14:53:34Z,D20260608.01
9988.HK,HK,equity,2024-10-23,96.4,98.35,96.1,97.3,97.25,61919784.0,6014383546.95,0.0005141388174807471,0.0005141388174807471,0.0005140066934037316,PASS,2026-06-08T14:53:34Z,D20260608.01
9988.HK,HK,equity,2024-10-24,95.05,95.3,93.5,94.15,97.3,76909887.0,7247521682.94,-0.03237410071942437,-0.03237410071942437,-0.03290973408879787,PASS,2026-06-08T14:53:34Z,D20260608.01
9988.HK,HK,equity,2024-10-25,95.0,97.2,94.6,95.35,94.15,53441957.0,5127205625.79,0.012745618693573935,0.012745618693573935,0.012665076943266507,PASS,2026-06-08T14:53:34Z,D20260608.01
9988.HK,HK,equity,2024-10-28,95.7,98.4,95.05,96.65,95.35,69415882.0,6746531908.038,0.013633980073413765,0.013633980073413765,0.013541873607911857,PASS,2026-06-08T14:53:34Z,D20260608.01
9988.HK,HK,equity,2024-10-29,97.35,99.2,96.85,97.55,96.65,57004880.0,5589116781.52,0.009311950336264863,0.009311950336264863,0.009268861414780304,PASS,2026-06-08T14:53:34Z,D20260608.01
9988.HK,HK,equity,2024-10-30,96.15,97.15,95.2,95.85,97.55,51472115.0,4943795665.27,-0.017426960533060032,-0.017426960533060032,-0.01758059757746678,PASS,2026-06-08T14:53:34Z,D20260608.01
9988.HK,HK,equity,2024-10-31,95.35,96.8,94.55,94.55,95.85,47207811.0,4506636096.3,-0.013562858633281105,-0.013562858633281105,-0.013655674387186937,PASS,2026-06-08T14:53:34Z,D20260608.01
9988.HK,HK,equity,2024-11-01,95.75,95.95,94.05,95.0,94.55,38347683.0,3635903247.17,0.004759386567953383,0.004759386567953383,0.004748096496074253,PASS,2026-06-08T14:53:34Z,D20260608.01
9988.HK,HK,equity,2024-11-04,95.6,96.45,95.2,96.05,95.0,31007532.0,2974835663.44,0.011052631578947425,0.011052631578947425,0.010991997614024876,PASS,2026-06-08T14:53:34Z,D20260608.01
9988.HK,HK,equity,2024-11-05,95.1,98.65,95.1,98.4,96.05,50986901.0,4966869898.55,0.024466423737636633,0.024466423737636633,0.02417191484364207,PASS,2026-06-08T14:53:34Z,D20260608.01
9988.HK,HK,equity,2024-11-06,96.5,96.75,93.75,94.4,98.4,88756404.0,8430966462.02,-0.04065040650406504,-0.04065040650406504,-0.041499730906752734,PASS,2026-06-08T14:53:34Z,D20260608.01
9988.HK,HK,equity,2024-11-07,93.8,96.15,93.25,95.65,94.4,57481876.0,5459536920.75,0.013241525423728806,0.013241525423728806,0.013154622734806871,PASS,2026-06-08T14:53:34Z,D20260608.01
9988.HK,HK,equity,2024-11-08,98.0,99.5,94.0,94.0,95.65,74794561.0,7162453971.781,-0.01725039205436496,-0.01725039205436496,-0.017400913616258076,PASS,2026-06-08T14:53:34Z,D20260608.01
9988.HK,HK,equity,2024-11-11,91.35,96.75,90.05,94.1,94.0,103787086.0,9629283359.37,0.0010638297872340718,0.0010638297872340718,0.0010632643213300838,PASS,2026-06-08T14:53:34Z,D20260608.01
9988.HK,HK,equity,2024-11-12,93.65,95.0,89.95,90.55,94.1,89444897.0,8174459883.01,-0.037725823591923446,-0.037725823591923446,-0.03845586226191152,PASS,2026-06-08T14:53:34Z,D20260608.01
9988.HK,HK,equity,2024-11-13,89.45,90.9,89.45,90.55,90.55,63573164.0,5732849662.94,0.0,0.0,0.0,PASS,2026-06-08T14:53:34Z,D20260608.01
9988.HK,HK,equity,2024-11-14,89.15,90.45,87.65,87.95,90.55,67262128.0,5969140130.62,-0.028713418001104274,-0.028713418001104274,-0.02913371314585512,PASS,2026-06-08T14:53:34Z,D20260608.01
9988.HK,HK,equity,2024-11-15,88.0,88.75,87.0,87.2,87.95,49182995.0,4313307796.55,-0.008527572484366086,-0.008527572484366086,-0.0085641402686332,PASS,2026-06-08T14:53:34Z,D20260608.01
9988.HK,HK,equity,2024-11-18,86.85,87.15,85.3,86.3,87.2,70101208.0,6042070447.46,-0.010321100917431214,-0.010321100917431214,-0.010374732825551704,PASS,2026-06-08T14:53:34Z,D20260608.01
9988.HK,HK,equity,2024-11-19,86.95,87.45,84.7,85.25,86.3,68824611.0,5886874237.5,-0.012166859791425177,-0.012166859791425177,-0.012241481925756007,PASS,2026-06-08T14:53:34Z,D20260608.01
9988.HK,HK,equity,2024-11-20,84.8,85.25,83.5,84.75,85.25,70389532.0,5938312904.7,-0.0058651026392961825,-0.0058651026392961825,-0.0058823699030665245,PASS,2026-06-08T14:53:34Z,D20260608.01
9988.HK,HK,equity,2024-11-21,84.35,84.95,83.6,84.4,84.75,45741828.0,3856588923.03,-0.004129793510324387,-0.004129793510324387,-0.004138344658648113,PASS,2026-06-08T14:53:34Z,D20260608.01
9988.HK,HK,equity,2024-11-22,83.6,84.05,80.2,80.7,84.4,110110185.0,9004779038.16,-0.04383886255924174,-0.04383886255924174,-0.044828826326008354,PASS,2026-06-08T14:53:34Z,D20260608.01
9988.HK,HK,equity,2024-11-25,80.7,82.8,79.9,81.95,80.7,163133423.0,13340401555.94,0.015489467162329573,0.015489467162329573,0.015370729913935536,PASS,2026-06-08T14:53:34Z,D20260608.01
9988.HK,HK,equity,2024-11-26,81.8,84.45,81.8,83.35,81.95,78159824.0,6504231679.08,0.017083587553386126,0.017083587553386126,0.016939304006964234,PASS,2026-06-08T14:53:34Z,D20260608.01
9988.HK,HK,equity,2024-11-27,83.2,85.7,82.5,85.0,83.35,56559911.0,4769027231.05,0.019796040791841607,0.019796040791841607,0.019602647293513423,PASS,2026-06-08T14:53:34Z,D20260608.01
9988.HK,HK,equity,2024-11-28,84.3,84.35,82.75,83.4,85.0,45005738.0,3752457992.85,-0.018823529411764683,-0.018823529411764683,-0.019002947125615358,PASS,2026-06-08T14:53:34Z,D20260608.01
9988.HK,HK,equity,2024-11-29,82.9,84.8,82.85,83.65,83.4,36163262.0,3022413327.5,0.002997601918465209,0.002997601918465209,0.002993118068131886,PASS,2026-06-08T14:53:34Z,D20260608.01
9988.HK,HK,equity,2024-12-02,84.25,85.65,83.75,84.0,83.65,55668722.0,4697832400.8,0.004184100418409997,0.004184100418409997,0.004175371410480592,PASS,2026-06-08T14:53:34Z,D20260608.01
9988.HK,HK,equity,2024-12-03,83.7,84.8,82.85,84.45,84.0,45041216.0,3777819788.034,0.005357142857142838,0.005357142857142838,0.005342844410495446,PASS,2026-06-08T14:53:34Z,D20260608.01
9988.HK,HK,equity,2024-12-04,83.35,84.25,82.6,84.0,84.45,57896484.0,4837529514.05,-0.005328596802841923,-0.005328596802841923,-0.0053428444104954695,PASS,2026-06-08T14:53:34Z,D20260608.01
9988.HK,HK,equity,2024-12-05,82.8,83.15,81.65,81.95,84.0,66632997.0,5469882440.022,-0.024404761904761818,-0.024404761904761818,-0.024707493653474834,PASS,2026-06-08T14:53:34Z,D20260608.01
9988.HK,HK,equity,2024-12-06,82.2,84.7,81.75,83.95,81.95,73451040.0,6141975617.23,0.02440512507626602,0.02440512507626602,0.02411207833371114,PASS,2026-06-08T14:53:34Z,D20260608.01
9988.HK,HK,equity,2024-12-09,82.75,87.25,82.65,86.9,83.95,90092033.0,7629665747.05,0.03513996426444321,0.03513996426444321,0.03453664874779662,PASS,2026-06-08T14:53:34Z,D20260608.01
9988.HK,HK,equity,2024-12-10,91.25,91.4,86.55,86.6,86.9,97398890.0,8645274222.72,-0.0034522439585732423,-0.0034522439585732423,-0.0034582167029570524,PASS,2026-06-08T14:53:34Z,D20260608.01
9988.HK,HK,equity,2024-12-11,87.3,87.7,86.15,86.2,86.6,51946094.0,4510324050.43,-0.004618937644341736,-0.004618937644341736,-0.004629637898741994,PASS,2026-06-08T14:53:34Z,D20260608.01
9988.HK,HK,equity,2024-12-12,85.95,88.75,85.95,88.0,86.2,64845532.0,5684834944.51,0.02088167053364276,0.02088167053364276,0.020666636808559128,PASS,2026-06-08T14:53:34Z,D20260608.01
9988.HK,HK,equity,2024-12-13,86.55,87.45,85.75,85.75,88.0,61023463.0,5275697665.098,-0.025568181818181768,-0.025568181818181768,-0.025900728432157124,PASS,2026-06-08T14:53:34Z,D20260608.01
9988.HK,HK,equity,2024-12-16,85.75,85.9,83.5,84.35,85.75,47958063.0,4048428768.45,-0.016326530612244983,-0.016326530612244983,-0.016461277054072077,PASS,2026-06-08T14:53:34Z,D20260608.01
9988.HK,HK,equity,2024-12-17,83.9,84.1,82.55,83.4,84.35,52558686.0,4380517942.75,-0.011262596324836838,-0.011262596324836838,-0.01132649962727608,PASS,2026-06-08T14:53:34Z,D20260608.01
9988.HK,HK,equity,2024-12-18,84.85,84.85,83.65,84.05,83.4,35976303.0,3027714444.82,0.007793764988009544,0.007793764988009544,0.0077635504899234925,PASS,2026-06-08T14:53:34Z,D20260608.01
9988.HK,HK,equity,2024-12-19,82.7,83.45,82.05,82.95,84.05,56263173.0,4650030256.94,-0.013087447947650155,-0.013087447947650155,-0.013173843218171062,PASS,2026-06-08T14:53:34Z,D20260608.01
9988.HK,HK,equity,2024-12-20,81.8,82.25,79.35,80.1,82.95,132887681.0,10682159019.104,-0.034358047016274984,-0.034358047016274984,-0.03496216256214008,PASS,2026-06-08T14:53:34Z,D20260608.01
9988.HK,HK,equity,2024-12-23,80.7,81.35,79.9,81.0,80.1,57974855.0,4672586711.81,0.011235955056179803,0.011235955056179803,0.011173300598125255,PASS,2026-06-08T14:53:34Z,D20260608.01
9988.HK,HK,equity,2024-12-24,82.3,83.95,82.15,83.15,81.0,46601344.0,3879417367.57,0.02654320987654324,0.02654320987654324,0.026197050966497944,PASS,2026-06-08T14:53:34Z,D20260608.01
9988.HK,HK,equity,2024-12-27,83.0,83.35,81.35,82.35,83.15,44013080.0,3619241037.9,-0.009621166566446293,-0.009621166566446293,-0.009667749015287466,PASS,2026-06-08T14:53:34Z,D20260608.01
9988.HK,HK,equity,2024-12-30,82.35,82.95,81.55,82.0,82.35,39010940.0,3200573362.24,-0.004250151791135304,-0.004250151791135304,-0.004259209359396122,PASS,2026-06-08T14:53:34Z,D20260608.01
9988.HK,HK,equity,2024-12-31,82.0,83.5,81.8,82.4,82.0,31449160.0,2607697475.255,0.004878048780487809,0.004878048780487809,0.004866189651172906,PASS,2026-06-08T14:53:34Z,D20260608.01
9988.HK,HK,equity,2025-01-02,82.4,82.7,80.8,81.3,82.4,48562393.0,3960395420.2,-0.013349514563106846,-0.013349514563106846,-0.013439420361661158,PASS,2026-06-08T14:53:34Z,D20260608.01
9988.HK,HK,equity,2025-01-03,83.1,83.75,82.0,82.6,81.3,57859265.0,4781998642.7,0.01599015990159902,0.01599015990159902,0.01586366397316748,PASS,2026-06-08T14:53:34Z,D20260608.01
9988.HK,HK,equity,2025-01-06,83.15,83.35,81.9,82.15,82.6,36259231.0,2984825773.0,-0.005447941888619745,-0.005447941888619745,-0.005462836043655184,PASS,2026-06-08T14:53:34Z,D20260608.01
9988.HK,HK,equity,2025-01-07,82.15,82.45,80.5,81.4,82.15,57807719.0,4701374386.889,-0.00912964090079127,-0.00912964090079127,-0.009171571474782507,PASS,2026-06-08T14:53:34Z,D20260608.01
9988.HK,HK,equity,2025-01-08,81.6,82.25,80.4,80.9,81.4,51033856.0,4139230361.85,-0.00614250614250611,-0.00614250614250611,-0.006161448944048575,PASS,2026-06-08T14:53:34Z,D20260608.01
9988.HK,HK,equity,2025-01-09,80.9,81.6,80.45,80.6,80.9,38857402.0,3144059265.0,-0.00370828182941918,-0.00370828182941918,-0.0037151745518635426,PASS,2026-06-08T14:53:34Z,D20260608.01
9988.HK,HK,equity,2025-01-10,80.9,81.2,79.5,79.6,80.6,49178401.0,3939500967.35,-0.012406947890818865,-0.012406947890818865,-0.012484556662245284,PASS,2026-06-08T14:53:34Z,D20260608.01
9988.HK,HK,equity,2025-01-13,78.5,78.55,77.35,78.1,79.6,47082642.0,3675105334.59,-0.018844221105527637,-0.018844221105527637,-0.019024036004697046,PASS,2026-06-08T14:53:34Z,D20260608.01
9988.HK,HK,equity,2025-01-14,78.75,80.35,78.35,79.95,78.1,62238203.0,4940666700.65,0.023687580025608224,0.023687580025608224,0.023411382434322985,PASS,2026-06-08T14:53:34Z,D20260608.01
9988.HK,HK,equity,2025-01-15,79.1,80.15,79.1,79.95,79.95,34729525.0,2766342005.556,0.0,0.0,0.0,PASS,2026-06-08T14:53:34Z,D20260608.01
9988.HK,HK,equity,2025-01-16,80.1,81.45,79.25,80.45,79.95,40303852.0,3238879269.89,0.0062539086929331855,0.0062539086929331855,0.006234434158429079,PASS,2026-06-08T14:53:34Z,D20260608.01
9988.HK,HK,equity,2025-01-17,80.0,80.75,79.6,80.75,80.45,40613226.0,3261068532.98,0.003729024238657619,0.003729024238657619,0.0037220886643737727,PASS,2026-06-08T14:53:34Z,D20260608.01
9988.HK,HK,equity,2025-01-20,82.7,86.1,82.4,84.55,80.75,92760400.0,7854543215.3,0.04705882352941182,0.04705882352941182,0.04598511324182344,PASS,2026-06-08T14:53:34Z,D20260608.01
9988.HK,HK,equity,2025-01-21,85.8,85.95,83.9,84.8,84.55,45376591.0,3852994881.75,0.002956830277942135,0.002956830277942135,0.0029524674532681715,PASS,2026-06-08T14:53:34Z,D20260608.01
9988.HK,HK,equity,2025-01-22,83.3,83.9,81.65,82.2,84.8,50020729.0,4123030430.877,-0.030660377358490476,-0.030660377358490476,-0.031140240735723062,PASS,2026-06-08T14:53:34Z,D20260608.01
9988.HK,HK,equity,2025-01-23,83.85,84.25,82.55,82.9,82.2,35695244.0,2969428730.24,0.008515815085158085,0.008515815085158085,0.008479760079114993,PASS,2026-06-08T14:53:34Z,D20260608.01
9988.HK,HK,equity,2025-01-24,83.75,85.0,83.0,84.75,82.9,56000920.0,4724454919.972,0.02231604342581406,0.02231604342581406,0.02207068411931018,PASS,2026-06-08T14:53:34Z,D20260608.01
9988.HK,HK,equity,2025-01-27,86.6,87.95,86.1,87.25,84.75,77324541.0,6751684422.27,0.029498525073746285,0.029498525073746285,0.029071814821976877,PASS,2026-06-08T14:53:34Z,D20260608.01
9988.HK,HK,equity,2025-01-28,88.5,88.5,87.65,88.3,87.25,28186080.0,2486488809.95,0.012034383954154793,0.012034383954154793,0.011962546527377849,PASS,2026-06-08T14:53:34Z,D20260608.01
9988.HK,HK,equity,2025-02-03,92.55,94.1,90.4,94.0,88.3,137951734.0,12779330954.63,0.06455266138165339,0.06455266138165339,0.0625546746600895,PASS,2026-06-08T14:53:34Z,D20260608.01
9988.HK,HK,equity,2025-02-04,96.8,97.95,94.75,97.65,94.0,119029715.0,11520580337.59,0.03882978723404262,0.03882978723404262,0.038094875052684114,PASS,2026-06-08T14:53:34Z,D20260608.01
9988.HK,HK,equity,2025-02-05,99.0,99.65,95.3,97.55,97.65,130268715.0,12660016346.7,-0.0010240655401946297,-0.0010240655401946297,-0.0010245902535677802,PASS,2026-06-08T14:53:34Z,D20260608.01
9988.HK,HK,equity,2025-02-06,96.95,98.9,96.5,98.55,97.55,82663790.0,8088821329.15,0.01025115325474113,0.01025115325474113,0.010198966529608965,PASS,2026-06-08T14:53:34Z,D20260608.01
9988.HK,HK,equity,2025-02-07,98.0,100.9,97.7,100.0,98.55,111035834.0,11068566114.15,0.014713343480466712,0.014713343480466712,0.014606152389362102,PASS,2026-06-08T14:53:34Z,D20260608.01
9988.HK,HK,equity,2025-02-10,103.0,106.5,103.0,105.5,100.0,154940987.0,16237333754.582,0.05499999999999994,0.05499999999999994,0.05354076692802976,PASS,2026-06-08T14:53:34Z,D20260608.01
9988.HK,HK,equity,2025-02-11,107.9,108.6,104.6,104.9,105.5,133001073.0,14110191458.69,-0.005687203791469142,-0.005687203791469142,-0.005703437513869643,PASS,2026-06-08T14:53:34Z,D20260608.01
9988.HK,HK,equity,2025-02-12,109.2,113.9,109.1,113.8,104.9,215324934.0,24162106001.91,0.08484270734032395,0.08484270734032395,0.0814350062899789,PASS,2026-06-08T14:53:34Z,D20260608.01
9988.HK,HK,equity,2025-02-13,115.2,124.3,115.2,116.7,113.8,336901993.0,40055136971.1,0.025483304042179356,0.025483304042179356,0.025164017600279844,PASS,2026-06-08T14:53:34Z,D20260608.01
9988.HK,HK,equity,2025-02-14,116.9,124.3,116.8,124.1,116.7,267121701.0,32288035569.03,0.06341045415595548,0.06341045415595548,0.06148115291805126,PASS,2026-06-08T14:53:34Z,D20260608.01
9988.HK,HK,equity,2025-02-17,124.9,129.5,118.8,122.2,124.1,293596265.0,36437601894.41,-0.015310233682514052,-0.015310233682514052,-0.015428645473066526,PASS,2026-06-08T14:53:34Z,D20260608.01
9988.HK,HK,equity,2025-02-18,122.0,128.6,122.0,126.3,122.2,197776235.0,24916497421.65,0.03355155482815042,0.03355155482815042,0.03300098261895033,PASS,2026-06-08T14:53:34Z,D20260608.01
9988.HK,HK,equity,2025-02-19,123.7,125.4,122.3,124.1,126.3,148288754.0,18407447195.835,-0.017418844022169422,-0.017418844022169422,-0.017572337145883882,PASS,2026-06-08T14:53:34Z,D20260608.01
9988.HK,HK,equity,2025-02-20,122.4,123.6,118.4,120.9,124.1,178330455.0,21563930453.22,-0.025785656728444684,-0.025785656728444684,-0.026123934589814414,PASS,2026-06-08T14:53:34Z,D20260608.01
9988.HK,HK,equity,2025-02-21,133.0,139.6,131.0,138.5,120.9,329402607.0,44457851497.26,0.14557485525227465,0.14557485525227465,0.13590656800664624,PASS,2026-06-08T14:53:34Z,D20260608.01
9988.HK,HK,equity,2025-02-24,138.9,140.9,134.3,135.7,138.5,222538792.0,30616680233.1,-0.02021660649819501,-0.02021660649819501,-0.0204237587865698,PASS,2026-06-08T14:53:34Z,D20260608.01
9988.HK,HK,equity,2025-02-25,125.1,133.3,125.0,130.6,135.7,234415866.0,30430762258.013,-0.037582903463522443,-0.037582903463522443,-0.03830734999849274,PASS,2026-06-08T14:53:34Z,D20260608.01
9988.HK,HK,equity,2025-02-26,132.3,139.1,132.0,136.9,130.6,197155020.0,26983707379.15,0.04823889739663101,0.04823889739663101,0.04711151545207259,PASS,2026-06-08T14:53:34Z,D20260608.01
9988.HK,HK,equity,2025-02-27,137.5,139.7,133.2,135.7,136.9,180178311.0,24571142385.66,-0.008765522279035931,-0.008765522279035931,-0.008804165453579886,PASS,2026-06-08T14:53:34Z,D20260608.01
9988.HK,HK,equity,2025-02-28,133.6,133.8,127.1,127.5,135.7,209019085.0,27079502355.6,-0.060427413411938025,-0.060427413411938025,-0.06233020224234254,PASS,2026-06-08T14:53:34Z,D20260608.01
9988.HK,HK,equity,2025-03-03,129.8,134.5,128.6,130.4,127.5,164140645.0,21565128084.94,0.02274509803921565,0.02274509803921565,0.022490284894071705,PASS,2026-06-08T14:53:34Z,D20260608.01
9988.HK,HK,equity,2025-03-04,126.6,129.3,124.5,127.8,130.4,133778504.0,16999549768.3,-0.019938650306748573,-0.019938650306748573,-0.02014010754911826,PASS,2026-06-08T14:53:34Z,D20260608.01
9988.HK,HK,equity,2025-03-05,128.4,131.5,126.6,129.9,127.8,132295744.0,17122580154.7,0.016431924882629234,0.016431924882629234,0.01629838173311955,PASS,2026-06-08T14:53:34Z,D20260608.01
9988.HK,HK,equity,2025-03-06,138.0,141.5,137.3,140.8,129.9,198863431.0,27717472476.98,0.08391070053887617,0.08391070053887617,0.08057552004738827,PASS,2026-06-08T14:53:34Z,D20260608.01
9988.HK,HK,equity,2025-03-07,137.8,145.9,137.2,140.0,140.8,250700100.0,35296333286.71,-0.005681818181818232,-0.005681818181818232,-0.005698021114637779,PASS,2026-06-08T14:53:34Z,D20260608.01
9988.HK,HK,equity,2025-03-10,137.2,138.7,133.6,134.5,140.0,179071477.0,24435484593.35,-0.03928571428571426,-0.03928571428571426,-0.04007822356741047,PASS,2026-06-08T14:53:34Z,D20260608.01
9988.HK,HK,equity,2025-03-11,127.8,134.8,127.7,133.6,134.5,157697693.0,20807506312.9,-0.006691449814126393,-0.006691449814126393,-0.006713937939348445,PASS,2026-06-08T14:53:34Z,D20260608.01
9988.HK,HK,equity,2025-03-12,138.0,138.0,131.9,134.8,133.6,124456918.0,16836940998.1,0.008982035928143839,0.008982035928143839,0.008941937375661433,PASS,2026-06-08T14:53:34Z,D20260608.01
9988.HK,HK,equity,2025-03-13,133.8,133.9,129.1,131.5,134.8,101846984.0,13383022409.457,-0.024480712166172203,-0.024480712166172203,-0.024785346860387514,PASS,2026-06-08T14:53:34Z,D20260608.01
9988.HK,HK,equity,2025-03-14,134.5,137.6,132.8,135.8,131.5,108673140.0,14720179876.35,0.0326996197718632,0.0326996197718632,0.032176363506776585,PASS,2026-06-08T14:53:34Z,D20260608.01
9988.HK,HK,equity,2025-03-17,137.6,139.0,135.1,135.5,135.8,72542321.0,9927403706.31,-0.0022091310751105597,-0.0022091310751105597,-0.002211574804840265,PASS,2026-06-08T14:53:34Z,D20260608.01
9988.HK,HK,equity,2025-03-18,143.3,143.5,140.6,143.4,135.5,145909264.0,20795168713.507,0.05830258302583036,0.05830258302583036,0.05666628784576449,PASS,2026-06-08T14:53:34Z,D20260608.01
9988.HK,HK,equity,2025-03-19,140.3,142.3,139.6,141.1,143.4,83578664.0,11795285228.38,-0.016039051603905286,-0.016039051603905286,-0.016169069306751792,PASS,2026-06-08T14:53:34Z,D20260608.01
9988.HK,HK,equity,2025-03-20,140.0,140.0,135.1,135.5,141.1,113971960.0,15628616449.984,-0.03968816442239542,-0.03968816442239542,-0.04049721853901268,PASS,2026-06-08T14:53:34Z,D20260608.01
9988.HK,HK,equity,2025-03-21,133.6,135.3,130.4,130.7,135.5,143069660.0,18866090140.28,-0.03542435424354251,-0.03542435424354251,-0.036067019689579406,PASS,2026-06-08T14:53:34Z,D20260608.01
9988.HK,HK,equity,2025-03-24,132.0,134.1,130.4,132.8,130.7,90778453.0,11965649101.299,0.016067329762815774,0.016067329762815774,0.015939616412157378,PASS,2026-06-08T14:53:34Z,D20260608.01
9988.HK,HK,equity,2025-03-25,130.7,132.1,127.6,127.7,132.8,104041459.0,13408694807.0,-0.03840361445783136,-0.03840361445783136,-0.03916047400383991,PASS,2026-06-08T14:53:34Z,D20260608.01
9988.HK,HK,equity,2025-03-26,128.6,130.7,128.0,129.5,127.7,57480050.0,7426520767.73,0.014095536413468945,0.014095536413468945,0.013997118101098712,PASS,2026-06-08T14:53:34Z,D20260608.01
9988.HK,HK,equity,2025-03-27,129.4,133.0,128.3,130.1,129.5,63397449.0,8292535601.62,0.004633204633204491,0.004633204633204491,0.0046225043788670084,PASS,2026-06-08T14:53:34Z,D20260608.01
9988.HK,HK,equity,2025-03-28,132.0,133.5,129.0,131.0,130.1,66594496.0,8745528299.35,0.006917755572636519,0.006917755572636519,0.0068939376826920385,PASS,2026-06-08T14:53:34Z,D20260608.01
9988.HK,HK,equity,2025-03-31,128.8,130.0,126.1,128.0,131.0,78698386.0,10062802878.641,-0.022900763358778664,-0.022900763358778664,-0.023167059281534418,PASS,2026-06-08T14:53:34Z,D20260608.01
9988.HK,HK,equity,2025-04-01,129.1,131.5,128.9,129.8,128.0,59194990.0,7698043579.1,0.014062500000000089,0.014062500000000089,0.013964540350372541,PASS,2026-06-08T14:53:34Z,D20260608.01
9988.HK,HK,equity,2025-04-02,129.0,132.0,128.4,130.0,129.8,61236236.0,7968615270.2,0.0015408320493064398,0.0015408320493064398,0.0015396461855926144,PASS,2026-06-08T14:53:34Z,D20260608.01
9988.HK,HK,equity,2025-04-03,122.5,126.4,121.5,123.5,130.0,165415092.0,20482562422.479,-0.050000000000000044,-0.050000000000000044,-0.05129329438755058,PASS,2026-06-08T14:53:34Z,D20260608.01
9988.HK,HK,equity,2025-04-07,108.0,112.2,100.0,101.3,123.5,392361045.0,41586049753.34,-0.1797570850202429,-0.1797570850202429,-0.19815474481339418,PASS,2026-06-08T14:53:34Z,D20260608.01
9988.HK,HK,equity,2025-04-08,105.7,106.3,97.55,102.5,101.3,291748687.0,29853923966.95,0.011846001974333609,0.011846001974333609,0.011776387323825119,PASS,2026-06-08T14:53:34Z,D20260608.01
9988.HK,HK,equity,2025-04-09,97.4,105.7,95.7,103.6,102.5,251724654.0,25366769583.54,0.01073170731707318,0.01073170731707318,0.010674531246919824,PASS,2026-06-08T14:53:34Z,D20260608.01
9988.HK,HK,equity,2025-04-10,108.0,110.4,104.4,104.8,103.6,239469665.0,25574348772.8,0.01158301158301156,0.01158301158301156,0.01151644206155908,PASS,2026-06-08T14:53:34Z,D20260608.01
9988.HK,HK,equity,2025-04-11,103.0,106.6,101.5,103.0,104.8,178687575.0,18536289392.26,-0.01717557251908397,-0.01717557251908397,-0.01732478365730602,PASS,2026-06-08T14:53:34Z,D20260608.01
9988.HK,HK,equity,2025-04-14,107.4,109.9,105.7,108.2,103.0,166612582.0,17996607007.91,0.05048543689320395,0.05048543689320395,0.049252378182745436,PASS,2026-06-08T14:53:34Z,D20260608.01
9988.HK,HK,equity,2025-04-15,111.8,111.8,108.6,109.9,108.2,103926447.0,11443754999.4,0.015711645101663674,0.015711645101663674,0.015589494997194617,PASS,2026-06-08T14:53:34Z,D20260608.01
9988.HK,HK,equity,2025-04-16,107.0,107.5,104.0,105.4,109.9,116440525.0,12271273997.66,-0.04094631483166511,-0.04094631483166511,-0.041808225302313685,PASS,2026-06-08T14:53:34Z,D20260608.01
9988.HK,HK,equity,2025-04-17,105.1,109.3,104.5,108.7,105.4,113941562.0,12282860744.48,0.03130929791271342,0.03130929791271342,0.030829158019901756,PASS,2026-06-08T14:53:34Z,D20260608.01
9988.HK,HK,equity,2025-04-22,108.4,111.5,107.2,110.0,108.7,118989644.0,13051530685.38,0.011959521619135272,0.011959521619135272,0.011888571665252505,PASS,2026-06-08T14:53:34Z,D20260608.01
9988.HK,HK,equity,2025-04-23,116.4,116.9,113.9,116.0,110.0,142919552.0,16484076978.03,0.05454545454545445,0.05454545454545445,0.05310982531394833,PASS,2026-06-08T14:53:34Z,D20260608.01
9988.HK,HK,equity,2025-04-24,115.7,116.3,112.5,113.8,116.0,91662927.0,10454633683.1,-0.018965517241379293,-0.018965517241379293,-0.01914766941413408,PASS,2026-06-08T14:53:34Z,D20260608.01
9988.HK,HK,equity,2025-04-25,116.2,117.9,114.9,115.6,113.8,82127311.0,9561057082.43,0.01581722319859402,0.01581722319859402,0.015693434546046547,PASS,2026-06-08T14:53:34Z,D20260608.01
9988.HK,HK,equity,2025-04-28,117.8,117.8,114.4,115.2,115.6,67368966.0,7795494614.68,-0.0034602076124566894,-0.0034602076124566894,-0.0034662079764861725,PASS,2026-06-08T14:53:34Z,D20260608.01
9988.HK,HK,equity,2025-04-29,115.7,117.4,114.2,115.0,115.2,63943734.0,7385709519.2,-0.0017361111111111605,-0.0017361111111111605,-0.0017376198985408486,PASS,2026-06-08T14:53:34Z,D20260608.01
9988.HK,HK,equity,2025-04-30,116.4,117.6,114.6,117.5,115.0,68302501.0,7968424155.74,0.021739130434782705,0.021739130434782705,0.021506205220963682,PASS,2026-06-08T14:53:34Z,D20260608.01
9988.HK,HK,equity,2025-05-02,119.2,123.1,118.1,122.0,117.5,72747697.0,8836144199.0,0.038297872340425476,0.038297872340425476,0.03758271114904285,PASS,2026-06-08T14:53:34Z,D20260608.01
9988.HK,HK,equity,2025-05-06,122.5,124.7,120.8,123.8,122.0,89828348.0,11054407583.7,0.014754098360655776,0.014754098360655776,0.014646315517239208,PASS,2026-06-08T14:53:34Z,D20260608.01
9988.HK,HK,equity,2025-05-07,126.9,127.8,121.3,121.3,123.8,105915833.0,13093737936.5,-0.020193861066235885,-0.020193861066235885,-0.0204005443004913,PASS,2026-06-08T14:53:34Z,D20260608.01
9988.HK,HK,equity,2025-05-08,120.8,123.7,120.3,121.5,121.3,70065236.0,8556852315.38,0.0016488046166529546,0.0016488046166529546,0.0016474468305987288,PASS,2026-06-08T14:53:34Z,D20260608.01
9988.HK,HK,equity,2025-05-09,122.9,124.4,121.8,123.6,121.5,64212711.0,7908432289.46,0.01728395061728394,0.01728395061728394,0.017136282242987237,PASS,2026-06-08T14:53:34Z,D20260608.01
9988.HK,HK,equity,2025-05-12,126.1,131.9,124.9,131.2,123.6,163626351.0,21025747903.9,0.06148867313915862,0.06148867313915862,0.05967233148639831,PASS,2026-06-08T14:53:34Z,D20260608.01
9988.HK,HK,equity,2025-05-13,131.0,131.0,125.6,126.1,131.2,110675822.0,14127362101.0,-0.038871951219512146,-0.038871951219512146,-0.03964763353911474,PASS,2026-06-08T14:53:34Z,D20260608.01
9988.HK,HK,equity,2025-05-14,127.8,130.8,126.8,130.4,126.1,88967136.0,11457409234.08,0.03409992069785894,0.03409992069785894,0.033531406521678804,PASS,2026-06-08T14:53:34Z,D20260608.01
9988.HK,HK,equity,2025-05-15,131.4,131.7,127.9,128.9,130.4,83762982.0,10849921558.9,-0.011503067484662566,-0.011503067484662566,-0.011569739547410864,PASS,2026-06-08T14:53:34Z,D20260608.01
9988.HK,HK,equity,2025-05-16,121.0,124.2,120.3,123.4,128.9,146404177.0,17936191340.0,-0.0426687354538402,-0.0426687354538402,-0.043605798473854276,PASS,2026-06-08T14:53:34Z,D20260608.01
9988.HK,HK,equity,2025-05-19,119.9,120.8,117.5,119.2,123.4,124103481.0,14770522224.23,-0.03403565640194495,-0.03403565640194495,-0.03462835684003811,PASS,2026-06-08T14:53:34Z,D20260608.01
9988.HK,HK,equity,2025-05-20,120.0,122.6,119.2,121.7,119.2,63599789.0,7733518744.66,0.02097315436241609,0.02097315436241609,0.020756245362232088,PASS,2026-06-08T14:53:34Z,D20260608.01
9988.HK,HK,equity,2025-05-21,123.1,123.7,122.1,123.1,121.7,48764348.0,5991396868.7,0.011503697617091246,0.011503697617091246,0.011438033196926376,PASS,2026-06-08T14:53:34Z,D20260608.01
9988.HK,HK,equity,2025-05-22,121.6,121.8,118.6,119.1,123.1,77869662.0,9348943709.4,-0.03249390739236391,-0.03249390739236391,-0.033033556829153383,PASS,2026-06-08T14:53:34Z,D20260608.01
9988.HK,HK,equity,2025-05-23,119.0,120.1,117.7,118.8,119.1,66708012.0,7918138827.28,-0.0025188916876573986,-0.0025188916876573986,-0.002522069432709835,PASS,2026-06-08T14:53:34Z,D20260608.01
9988.HK,HK,equity,2025-05-26,118.5,119.6,116.8,116.9,118.8,61541743.0,7243831537.08,-0.015993265993265893,-0.015993265993265893,-0.016122538450521723,PASS,2026-06-08T14:53:34Z,D20260608.01
9988.HK,HK,equity,2025-05-27,116.0,118.2,115.1,118.0,116.9,52883817.0,6186958021.9,0.009409751924722043,0.009409751924722043,0.00936575598764209,PASS,2026-06-08T14:53:34Z,D20260608.01
9988.HK,HK,equity,2025-05-28,118.2,118.5,115.2,115.7,118.0,68081387.0,7905426666.992,-0.019491525423728784,-0.019491525423728784,-0.01968399026603384,PASS,2026-06-08T14:53:34Z,D20260608.01
9988.HK,HK,equity,2025-05-29,115.3,118.8,115.3,118.1,115.7,74783592.0,8757428965.08,0.02074330164217808,0.02074330164217808,0.020531089003685762,PASS,2026-06-08T14:53:34Z,D20260608.01
9988.HK,HK,equity,2025-05-30,115.1,115.4,112.8,113.9,118.1,204654182.0,23268231953.22,-0.035563082133784785,-0.035563082133784785,-0.03621085275018002,PASS,2026-06-08T14:53:34Z,D20260608.01
9988.HK,HK,equity,2025-06-02,112.0,113.6,109.8,113.2,113.9,73453819.0,8228475785.569,-0.006145741878841093,-0.006145741878841093,-0.006164704684053901,PASS,2026-06-08T14:53:34Z,D20260608.01
9988.HK,HK,equity,2025-06-03,113.2,114.4,112.9,113.9,113.2,59256715.0,6744305512.46,0.006183745583038913,0.006183745583038913,0.00616470468405394,PASS,2026-06-08T14:53:34Z,D20260608.01
9988.HK,HK,equity,2025-06-04,113.2,115.6,112.6,114.6,113.9,73216251.0,8377790000.05,0.006145741878841093,0.006145741878841093,0.006126933827502738,PASS,2026-06-08T14:53:34Z,D20260608.01
9988.HK,HK,equity,2025-06-05,117.9,118.5,117.2,118.3,114.6,77117941.0,9090687613.09,0.03228621291448519,0.03228621291448519,0.031775966703701926,PASS,2026-06-08T14:53:34Z,D20260608.01
9988.HK,HK,equity,2025-06-06,118.3,118.3,115.7,116.6,118.3,75163798.0,8758946101.8,-0.014370245139475935,-0.014370245139475935,-0.014474497067949116,PASS,2026-06-08T14:53:34Z,D20260608.01
9988.HK,HK,equity,2025-06-09,118.0,120.3,117.6,119.3,116.6,84322573.0,9999684867.1,0.02315608919382517,0.02315608919382517,0.022892055187478548,PASS,2026-06-08T14:53:34Z,D20260608.01
9988.HK,HK,equity,2025-06-10,120.4,120.5,117.6,118.8,119.3,54323007.0,6455197439.34,-0.00419111483654655,-0.00419111483654655,-0.004199922175325905,PASS,2026-06-08T14:53:34Z,D20260608.01
9988.HK,HK,equity,2025-06-11,118.6,119.0,117.9,118.4,116.838,50080516.0,5933895929.1,0.013368938187918511,0.013368938187918511,0.013280362502409286,PASS,2026-06-08T14:53:34Z,D20260608.01
9988.HK,HK,equity,2025-06-12,115.7,116.3,114.3,114.6,118.4,82878015.0,9554878160.2,-0.03209459459459474,-0.03209459459459474,-0.032620918169266266,PASS,2026-06-08T14:53:34Z,D20260608.01
9988.HK,HK,equity,2025-06-13,112.8,114.1,110.6,112.0,114.6,122464076.0,13708980145.7,-0.022687609075043635,-0.022687609075043635,-0.02294893298554465,PASS,2026-06-08T14:53:34Z,D20260608.01
9988.HK,HK,equity,2025-06-16,111.1,113.8,110.3,112.9,112.0,73900525.0,8286339983.54,0.008035714285714368,0.008035714285714368,0.008003599860521873,PASS,2026-06-08T14:53:34Z,D20260608.01
9988.HK,HK,equity,2025-06-17,114.3,115.5,113.9,114.8,112.9,59968684.0,6875194906.3,0.016829052258635846,0.016829052258635846,0.016689012729849597,PASS,2026-06-08T14:53:34Z,D20260608.01
9988.HK,HK,equity,2025-06-18,114.1,114.1,111.4,112.2,114.8,55865417.0,6265194604.8,-0.022648083623693305,-0.022648083623693305,-0.022908490796870025,PASS,2026-06-08T14:53:34Z,D20260608.01
9988.HK,HK,equity,2025-06-19,111.6,111.9,109.6,110.0,112.2,55573686.0,6137505477.2,-0.019607843137254943,-0.019607843137254943,-0.019802627296179754,PASS,2026-06-08T14:53:34Z,D20260608.01
9988.HK,HK,equity,2025-06-20,111.0,111.7,110.0,111.7,110.0,106839365.0,11893234427.94,0.015454545454545388,0.015454545454545388,0.01533634028273873,PASS,2026-06-08T14:53:34Z,D20260608.01
9988.HK,HK,equity,2025-06-23,110.0,111.1,108.6,110.8,111.7,68537835.0,7548896743.89,-0.008057296329453956,-0.008057296329453956,-0.008089931761971652,PASS,2026-06-08T14:53:34Z,D20260608.01
9988.HK,HK,equity,2025-06-24,112.1,113.6,111.6,112.7,110.8,66616313.0,7513645430.563,0.017148014440433235,0.017148014440433235,0.017002646732547203,PASS,2026-06-08T14:53:34Z,D20260608.01
9988.HK,HK,equity,2025-06-25,115.0,116.2,113.6,115.5,112.7,79338255.0,9113396950.68,0.024844720496894457,0.024844720496894457,0.02454110891611766,PASS,2026-06-08T14:53:34Z,D20260608.01
9988.HK,HK,equity,2025-06-26,113.0,113.3,112.1,112.2,115.5,86859946.0,9779790079.38,-0.02857142857142858,-0.02857142857142858,-0.028987536873252298,PASS,2026-06-08T14:53:34Z,D20260608.01
9988.HK,HK,equity,2025-06-27,112.6,113.5,111.4,112.1,112.2,75942306.0,8527342871.616,-0.0008912655971480277,-0.0008912655971480277,-0.0008916630104817922,PASS,2026-06-08T14:53:34Z,D20260608.01
9988.HK,HK,equity,2025-06-30,111.5,112.0,109.8,109.8,112.1,90192013.0,9964296763.5,-0.020517395182872433,-0.020517395182872433,-0.020730801002683968,PASS,2026-06-08T14:53:34Z,D20260608.01
9988.HK,HK,equity,2025-07-02,111.7,112.0,108.7,109.4,109.8,88248907.0,9684701634.4,-0.0036429872495445936,-0.0036429872495445936,-0.0036496390875493927,PASS,2026-06-08T14:53:34Z,D20260608.01
9988.HK,HK,equity,2025-07-03,108.8,109.6,105.2,106.2,109.4,155395466.0,16470648163.76,-0.029250457038391242,-0.029250457038391242,-0.02968678118004239,PASS,2026-06-08T14:53:34Z,D20260608.01
9988.HK,HK,equity,2025-07-04,105.2,106.4,103.1,105.1,106.2,106812953.0,11171143948.16,-0.010357815442561313,-0.010357815442561313,-0.010411830924933127,PASS,2026-06-08T14:53:34Z,D20260608.01
9988.HK,HK,equity,2025-07-07,104.0,105.6,102.3,105.4,105.1,81216305.0,8464981799.7,0.0028544243577546258,0.0028544243577546258,0.002850358224356616,PASS,2026-06-08T14:53:34Z,D20260608.01
9988.HK,HK,equity,2025-07-08,104.7,107.6,104.2,107.0,105.4,81928731.0,8709027454.6,0.015180265654648917,0.015180265654648917,0.015066198354644183,PASS,2026-06-08T14:53:34Z,D20260608.01
9988.HK,HK,equity,2025-07-09,106.1,106.3,102.7,102.9,107.0,134137844.0,13950844741.5,-0.0383177570093457,-0.0383177570093457,-0.03907119162190215,PASS,2026-06-08T14:53:34Z,D20260608.01
9988.HK,HK,equity,2025-07-10,102.0,103.8,101.8,103.2,102.9,98855593.0,10134491273.64,0.002915451895043608,0.002915451895043608,0.002911210207458313,PASS,2026-06-08T14:53:34Z,D20260608.01
9988.HK,HK,equity,2025-07-11,103.3,106.9,103.3,105.1,103.2,115975182.0,12260558674.73,0.018410852713178105,0.018410852713178105,0.018243424835442897,PASS,2026-06-08T14:53:34Z,D20260608.01
9988.HK,HK,equity,2025-07-14,104.4,106.7,104.4,106.1,105.1,65552727.0,6943468088.4,0.009514747859181716,0.009514747859181716,0.009469767737031993,PASS,2026-06-08T14:53:34Z,D20260608.01
9988.HK,HK,equity,2025-07-15,106.5,113.7,106.5,113.5,106.1,195489816.0,21651880562.77,0.06974552309142323,0.06974552309142323,0.06742079130151996,PASS,2026-06-08T14:53:34Z,D20260608.01
9988.HK,HK,equity,2025-07-16,115.7,117.7,113.5,113.8,113.5,144295161.0,16700161408.96,0.002643171806167466,0.002643171806167466,0.0026396847707732454,PASS,2026-06-08T14:53:34Z,D20260608.01
9988.HK,HK,equity,2025-07-17,113.4,115.0,112.1,112.5,113.8,74908706.0,8471113726.7,-0.011423550087873435,-0.011423550087873435,-0.011489300047755696,PASS,2026-06-08T14:53:34Z,D20260608.01
9988.HK,HK,equity,2025-07-18,115.3,116.3,114.4,115.8,112.5,83105716.0,9596749189.56,0.02933333333333321,0.02933333333333321,0.028911343494419928,PASS,2026-06-08T14:53:34Z,D20260608.01
9988.HK,HK,equity,2025-07-21,118.8,118.8,117.0,117.9,115.8,95474095.0,11260049850.67,0.0181347150259068,0.0181347150259068,0.017972242404430436,PASS,2026-06-08T14:53:34Z,D20260608.01
9988.HK,HK,equity,2025-07-22,117.7,118.2,116.0,118.0,117.9,63352702.0,7425803538.0,0.0008481764206953457,0.0008481764206953457,0.0008478169223393583,PASS,2026-06-08T14:53:34Z,D20260608.01
9988.HK,HK,equity,2025-07-23,119.0,122.0,117.7,120.9,118.0,119661760.0,14368327297.49,0.02457627118644079,0.02457627118644079,0.024279133155082337,PASS,2026-06-08T14:53:34Z,D20260608.01
9988.HK,HK,equity,2025-07-24,120.9,121.8,119.9,120.3,120.9,77592812.0,9381948604.98,-0.00496277915632759,-0.00496277915632759,-0.004975134640113843,PASS,2026-06-08T14:53:34Z,D20260608.01
9988.HK,HK,equity,2025-07-25,119.1,119.3,117.5,118.0,120.3,63455940.0,7500431291.1,-0.019118869492934287,-0.019118869492934287,-0.01930399851496839,PASS,2026-06-08T14:53:34Z,D20260608.01
9988.HK,HK,equity,2025-07-28,119.5,121.7,118.9,120.6,118.0,69215231.0,8337951775.7,0.02203389830508473,0.02203389830508473,0.021794659827420293,PASS,2026-06-08T14:53:34Z,D20260608.01
9988.HK,HK,equity,2025-07-29,119.2,121.0,118.1,120.7,120.6,59019387.0,7050020911.2,0.0008291873963517382,0.0008291873963517382,0.0008288438104009123,PASS,2026-06-08T14:53:34Z,D20260608.01
9988.HK,HK,equity,2025-07-30,117.7,119.6,117.1,117.1,120.7,88754280.0,10470600968.74,-0.029826014913007515,-0.029826014913007515,-0.030279857499814218,PASS,2026-06-08T14:53:34Z,D20260608.01
9988.HK,HK,equity,2025-07-31,116.0,118.0,114.3,115.7,117.1,97698587.0,11334093168.34,-0.011955593509820561,-0.011955593509820561,-0.012027636404040662,PASS,2026-06-08T14:53:34Z,D20260608.01
9988.HK,HK,equity,2025-08-01,117.8,119.3,116.7,116.9,115.7,75031091.0,8850693078.5,0.010371650821089151,0.010371650821089151,0.010318234278391965,PASS,2026-06-08T14:53:34Z,D20260608.01
9988.HK,HK,equity,2025-08-04,115.5,116.7,114.7,116.2,116.9,50516068.0,5852281779.1,-0.005988023952095856,-0.005988023952095856,-0.006006024060211922,PASS,2026-06-08T14:53:34Z,D20260608.01
9988.HK,HK,equity,2025-08-05,116.1,116.3,114.6,116.0,116.2,52371110.0,6050231794.5,-0.0017211703958691649,-0.0017211703958691649,-0.0017226533114461818,PASS,2026-06-08T14:53:34Z,D20260608.01
9988.HK,HK,equity,2025-08-06,115.6,119.2,115.1,116.7,116.0,73715023.0,8636796056.3,0.0060344827586207295,0.0060344827586207295,0.006016348186145694,PASS,2026-06-08T14:53:34Z,D20260608.01
9988.HK,HK,equity,2025-08-07,119.1,119.8,117.9,119.2,116.7,66845112.0,7959246749.6,0.02142245072836335,0.02142245072836335,0.02119621533873911,PASS,2026-06-08T14:53:34Z,D20260608.01
9988.HK,HK,equity,2025-08-08,118.6,118.6,116.1,116.3,119.2,60373207.0,7063571880.4,-0.02432885906040272,-0.02432885906040272,-0.02462969510663068,PASS,2026-06-08T14:53:34Z,D20260608.01
9988.HK,HK,equity,2025-08-11,118.0,119.0,116.9,118.5,116.3,43065055.0,5086535236.94,0.018916595012897774,0.018916595012897774,0.01873990105056723,PASS,2026-06-08T14:53:34Z,D20260608.01
9988.HK,HK,equity,2025-08-12,116.8,117.5,116.1,116.6,118.5,55676119.0,6496837115.7,-0.016033755274261652,-0.016033755274261652,-0.016163686658793922,PASS,2026-06-08T14:53:34Z,D20260608.01
9988.HK,HK,equity,2025-08-13,120.0,123.8,119.2,123.7,116.6,150500459.0,18308914947.8,0.060891938250428934,0.060891938250428934,0.05911000548205032,PASS,2026-06-08T14:53:34Z,D20260608.01
9988.HK,HK,equity,2025-08-14,124.8,125.2,121.0,121.8,123.7,83916791.0,10311184942.7,-0.015359741309620145,-0.015359741309620145,-0.015478924122645664,PASS,2026-06-08T14:53:34Z,D20260608.01
9988.HK,HK,equity,2025-08-15,119.3,119.8,117.8,118.1,121.8,110541625.0,13097069023.2,-0.03037766830870281,-0.03037766830870281,-0.030848632072480047,PASS,2026-06-08T14:53:34Z,D20260608.01
9988.HK,HK,equity,2025-08-18,118.3,120.8,118.3,118.6,118.1,76093381.0,9087497702.48,0.0042337002540220325,0.0042337002540220325,0.004224763360308474,PASS,2026-06-08T14:53:34Z,D20260608.01
9988.HK,HK,equity,2025-08-19,118.4,119.7,117.9,118.3,118.6,55732895.0,6612360159.732,-0.002529510961214121,-0.002529510961214121,-0.0025327155792839403,PASS,2026-06-08T14:53:34Z,D20260608.01
9988.HK,HK,equity,2025-08-20,117.2,118.0,116.1,117.5,118.3,62830049.0,7348177075.6,-0.006762468300929858,-0.006762468300929858,-0.00678543740012746,PASS,2026-06-08T14:53:34Z,D20260608.01
9988.HK,HK,equity,2025-08-21,117.3,117.6,115.0,115.7,117.5,66716053.0,7746247569.09,-0.015319148936170146,-0.015319148936170146,-0.015437699384582695,PASS,2026-06-08T14:53:34Z,D20260608.01
9988.HK,HK,equity,2025-08-22,115.5,118.3,115.3,118.0,115.7,73604857.0,8619159505.9,0.019878997407087207,0.019878997407087207,0.019683990266033784,PASS,2026-06-08T14:53:34Z,D20260608.01
9988.HK,HK,equity,2025-08-25,120.4,126.0,120.4,124.5,118.0,162992103.0,20176124341.7,0.05508474576271194,0.05508474576271194,0.053621091439097615,PASS,2026-06-08T14:53:34Z,D20260608.01
9988.HK,HK,equity,2025-08-26,122.0,123.9,121.1,121.3,124.5,90253630.0,11045099957.0,-0.025702811244979973,-0.025702811244979973,-0.026038899954757912,PASS,2026-06-08T14:53:34Z,D20260608.01
9988.HK,HK,equity,2025-08-27,121.3,124.3,121.0,121.5,121.3,114213258.0,13972168865.02,0.0016488046166529546,0.0016488046166529546,0.0016474468305987288,PASS,2026-06-08T14:53:34Z,D20260608.01
9988.HK,HK,equity,2025-08-28,119.1,119.3,115.6,115.8,121.5,171962832.0,20064065645.66,-0.04691358024691361,-0.04691358024691361,-0.048049697641708314,PASS,2026-06-08T14:53:34Z,D20260608.01
9988.HK,HK,equity,2025-08-29,116.8,119.0,115.7,115.7,115.8,110429482.0,12885953477.9,-0.0008635578583764403,-0.0008635578583764403,-0.0008639309392639073,PASS,2026-06-08T14:53:34Z,D20260608.01
9988.HK,HK,equity,2025-09-01,133.0,138.0,133.0,137.1,115.7,404948185.0,54916950662.24,0.18496110630942075,0.18496110630942075,0.16970995236863767,PASS,2026-06-08T14:53:34Z,D20260608.01
9988.HK,HK,equity,2025-09-02,139.9,139.9,134.7,134.7,137.1,166594096.0,22727724666.65,-0.01750547045951867,-0.01750547045951867,-0.017660503151950478,PASS,2026-06-08T14:53:34Z,D20260608.01
9988.HK,HK,equity,2025-09-03,136.5,137.8,133.0,134.1,134.7,104631522.0,14119905258.92,-0.00445434298440972,-0.00445434298440972,-0.004464293128685381,PASS,2026-06-08T14:53:34Z,D20260608.01
9988.HK,HK,equity,2025-09-04,134.3,134.8,128.5,129.8,134.1,148595855.0,19356945374.4,-0.03206562266964941,-0.03206562266964941,-0.03259098601764311,PASS,2026-06-08T14:53:34Z,D20260608.01
9988.HK,HK,equity,2025-09-05,128.5,133.0,128.1,131.8,129.8,127450276.0,16688212150.69,0.015408320493066174,0.015408320493066174,0.015290817798417145,PASS,2026-06-08T14:53:34Z,D20260608.01
9988.HK,HK,equity,2025-09-08,133.2,138.0,133.1,137.3,131.8,147299900.0,20077519569.54,0.041729893778452265,0.041729893778452265,0.04088269070551858,PASS,2026-06-08T14:53:34Z,D20260608.01
9988.HK,HK,equity,2025-09-09,138.6,142.8,138.0,141.9,137.3,181120225.0,25571992786.33,0.03350327749453741,0.03350327749453741,0.032954271392071514,PASS,2026-06-08T14:53:34Z,D20260608.01
9988.HK,HK,equity,2025-09-10,144.7,147.9,142.6,142.8,141.9,181722198.0,26367188569.49,0.00634249471458781,0.00634249471458781,0.006322465739487108,PASS,2026-06-08T14:53:34Z,D20260608.01
9988.HK,HK,equity,2025-09-11,140.9,146.5,139.1,143.3,142.8,174456621.0,24964367964.14,0.003501400560224077,0.003501400560224077,0.003495284928642142,PASS,2026-06-08T14:53:34Z,D20260608.01
9988.HK,HK,equity,2025-09-12,151.7,153.8,150.1,151.1,143.3,170663495.0,25931662331.58,0.05443126308443813,0.05443126308443813,0.053001534444567615,PASS,2026-06-08T14:53:34Z,D20260608.01
9988.HK,HK,equity,2025-09-15,150.4,156.8,150.1,154.6,151.1,146193613.0,22604762191.04,0.023163467902051593,0.023163467902051593,0.022899266874627674,PASS,2026-06-08T14:53:34Z,D20260608.01
9988.HK,HK,equity,2025-09-16,154.0,156.8,152.5,153.5,154.6,111088746.0,17147548902.2,-0.007115135834411368,-0.007115135834411368,-0.007140569126069726,PASS,2026-06-08T14:53:34Z,D20260608.01
9988.HK,HK,equity,2025-09-17,157.7,162.3,156.7,161.6,153.5,156646724.0,25103703723.5,0.05276872964169388,0.05276872964169388,0.05142357905974323,PASS,2026-06-08T14:53:34Z,D20260608.01
9988.HK,HK,equity,2025-09-18,162.1,164.8,156.3,158.4,161.6,209809246.0,33703774014.28,-0.01980198019801971,-0.01980198019801971,-0.020000666706669428,PASS,2026-06-08T14:53:34Z,D20260608.01
9988.HK,HK,equity,2025-09-19,158.9,162.8,156.6,159.1,158.4,138827373.0,22168296850.5,0.004419191919191823,0.004419191919191823,0.004409455963415607,PASS,2026-06-08T14:53:34Z,D20260608.01
9988.HK,HK,equity,2025-09-22,157.6,161.5,157.3,159.2,159.1,103208970.0,16452375762.5,0.0006285355122563896,0.0006285355122563896,0.0006283380665414029,PASS,2026-06-08T14:53:34Z,D20260608.01
9988.HK,HK,equity,2025-09-23,160.0,163.1,156.7,159.4,159.2,119175251.0,19010074240.899,0.0012562814070353756,0.0012562814070353756,0.0012554929458322246,PASS,2026-06-08T14:53:34Z,D20260608.01
9988.HK,HK,equity,2025-09-24,158.5,174.9,157.6,174.0,159.4,261023658.0,44091254771.5,0.0915934755332497,0.0915934755332497,0.08763853285841437,PASS,2026-06-08T14:53:34Z,D20260608.01
9988.HK,HK,equity,2025-09-25,174.0,177.8,171.1,172.0,174.0,172333447.0,30033316446.283,-0.011494252873563204,-0.011494252873563204,-0.011560822401075971,PASS,2026-06-08T14:53:34Z,D20260608.01
9988.HK,HK,equity,2025-09-26,168.4,171.9,165.0,166.5,172.0,152987253.0,25743281451.37,-0.03197674418604646,-0.03197674418604646,-0.03249916739295447,PASS,2026-06-08T14:53:34Z,D20260608.01
9988.HK,HK,equity,2025-09-29,166.9,174.3,166.9,173.4,166.5,134259119.0,23097912213.96,0.04144144144144146,0.04144144144144146,0.04060575492594298,PASS,2026-06-08T14:53:34Z,D20260608.01
9988.HK,HK,equity,2025-09-30,176.6,178.0,173.7,177.0,173.4,135460219.0,23892748734.37,0.02076124567474036,0.02076124567474036,0.020548668227387542,PASS,2026-06-08T14:53:34Z,D20260608.01
9988.HK,HK,equity,2025-10-02,179.7,185.0,179.1,183.1,177.0,96036992.0,17573327509.75,0.03446327683615813,0.03446327683615813,0.033882719106635824,PASS,2026-06-08T14:53:34Z,D20260608.01
9988.HK,HK,equity,2025-10-03,185.0,186.2,183.3,185.1,183.1,56780997.0,10471400436.96,0.010922992900054718,0.010922992900054718,0.010863767898986895,PASS,2026-06-08T14:53:34Z,D20260608.01
9988.HK,HK,equity,2025-10-06,181.8,183.8,179.8,180.5,185.1,49211980.0,8914874905.43,-0.02485143165856296,-0.02485143165856296,-0.025165441806516232,PASS,2026-06-08T14:53:34Z,D20260608.01
9988.HK,HK,equity,2025-10-08,178.1,178.3,173.5,177.6,180.5,75252197.0,13249751058.6,-0.016066481994459814,-0.016066481994459814,-0.0161969472148659,PASS,2026-06-08T14:53:34Z,D20260608.01
9988.HK,HK,equity,2025-10-09,179.0,179.0,171.5,173.3,177.6,158029622.0,27615986108.4,-0.02421171171171166,-0.02421171171171166,-0.02450963383650924,PASS,2026-06-08T14:53:34Z,D20260608.01
9988.HK,HK,equity,2025-10-10,169.1,170.3,164.8,165.4,173.3,186753966.0,31172922959.36,-0.04558568955568376,-0.04558568955568376,-0.04665741413196943,PASS,2026-06-08T14:53:34Z,D20260608.01
9988.HK,HK,equity,2025-10-13,159.0,163.6,156.1,162.6,165.4,282816644.0,45255101764.68,-0.01692865779927455,-0.01692865779927455,-0.01707358547588079,PASS,2026-06-08T14:53:34Z,D20260608.01
9988.HK,HK,equity,2025-10-14,164.8,166.1,154.0,155.6,162.6,201534774.0,32056081179.05,-0.043050430504305015,-0.043050430504305015,-0.04400458536941896,PASS,2026-06-08T14:53:34Z,D20260608.01
9988.HK,HK,equity,2025-10-15,158.7,162.7,156.1,161.6,155.6,111159729.0,17818995617.4,0.03856041131105403,0.03856041131105403,0.03783553434270382,PASS,2026-06-08T14:53:34Z,D20260608.01
9988.HK,HK,equity,2025-10-16,162.6,164.2,158.6,161.2,161.6,73190193.0,11792460019.2,-0.0024752475247524774,-0.0024752475247524774,-0.00247831601446709,PASS,2026-06-08T14:53:34Z,D20260608.01
9988.HK,HK,equity,2025-10-17,161.0,161.0,153.0,154.4,161.2,133552318.0,20779808164.3,-0.04218362282878396,-0.04218362282878396,-0.043099192481851956,PASS,2026-06-08T14:53:34Z,D20260608.01
9988.HK,HK,equity,2025-10-20,162.1,162.9,160.0,161.9,154.4,98042110.0,15824574921.0,0.04857512953367871,0.04857512953367871,0.0474322230929136,PASS,2026-06-08T14:53:34Z,D20260608.01
9988.HK,HK,equity,2025-10-21,167.5,169.0,164.8,165.1,161.9,110624314.0,18485325920.4,0.019765287214329685,0.019765287214329685,0.019572490242492732,PASS,2026-06-08T14:53:34Z,D20260608.01
9988.HK,HK,equity,2025-10-22,162.7,163.6,160.0,161.9,165.1,67640668.0,10948294006.64,-0.019382192610538973,-0.019382192610538973,-0.019572490242492784,PASS,2026-06-08T14:53:34Z,D20260608.01
9988.HK,HK,equity,2025-10-23,161.9,165.5,159.1,164.6,161.9,86447894.0,14053583938.78,0.016676961087090714,0.016676961087090714,0.01653942755937991,PASS,2026-06-08T14:53:34Z,D20260608.01
9988.HK,HK,equity,2025-10-24,168.0,169.3,166.6,168.3,164.6,84064278.0,14125845046.618,0.02247873633049835,0.02247873633049835,0.022229812953791055,PASS,2026-06-08T14:53:34Z,D20260608.01
9988.HK,HK,equity,2025-10-27,174.8,175.0,172.1,173.6,168.3,96795907.0,16798028487.9,0.03149138443256083,0.03149138443256083,0.031005701029489404,PASS,2026-06-08T14:53:34Z,D20260608.01
9988.HK,HK,equity,2025-10-28,174.0,174.2,169.5,171.0,173.6,78492657.0,13467273059.79,-0.01497695852534564,-0.01497695852534564,-0.015090245723589971,PASS,2026-06-08T14:53:34Z,D20260608.01
9988.HK,HK,equity,2025-10-30,173.4,174.8,169.0,172.1,171.0,112254088.0,19352270084.76,0.006432748538011568,0.006432748538011568,0.006412146714833765,PASS,2026-06-08T14:53:34Z,D20260608.01
9988.HK,HK,equity,2025-10-31,169.8,170.6,165.1,165.1,172.1,97457096.0,16298385332.4,-0.04067402672864617,-0.04067402672864617,-0.04152435229141145,PASS,2026-06-08T14:53:34Z,D20260608.01
9988.HK,HK,equity,2025-11-03,164.9,166.3,161.5,163.2,165.1,74773287.0,12210171385.7,-0.011508176862507602,-0.011508176862507602,-0.011574908396075721,PASS,2026-06-08T14:53:34Z,D20260608.01
9988.HK,HK,equity,2025-11-04,164.0,164.0,158.1,159.0,163.2,89529769.0,14354452995.3,-0.025735294117646967,-0.025735294117646967,-0.026072240309775015,PASS,2026-06-08T14:53:34Z,D20260608.01
9988.HK,HK,equity,2025-11-05,156.6,159.3,154.2,158.5,159.0,94071358.0,14714389756.9,-0.0031446540880503138,-0.0031446540880503138,-0.00314960890289622,PASS,2026-06-08T14:53:34Z,D20260608.01
9988.HK,HK,equity,2025-11-06,160.8,165.3,159.9,165.0,158.5,83528391.0,13600934138.64,0.04100946372239744,0.04100946372239744,0.04019088058324528,PASS,2026-06-08T14:53:34Z,D20260608.01
9988.HK,HK,equity,2025-11-07,163.2,163.2,158.9,160.1,165.0,66709927.0,10713546254.9,-0.029696969696969777,-0.029696969696969777,-0.03014685389791169,PASS,2026-06-08T14:53:34Z,D20260608.01
9988.HK,HK,equity,2025-11-10,162.8,164.2,160.4,163.4,160.1,57596575.0,9360847588.82,0.02061211742660851,0.02061211742660851,0.020402562423233645,PASS,2026-06-08T14:53:34Z,D20260608.01
9988.HK,HK,equity,2025-11-11,161.5,162.4,158.6,160.4,163.4,73054852.0,11669987979.3,-0.01835985312117505,-0.01835985312117505,-0.01853048699348841,PASS,2026-06-08T14:53:34Z,D20260608.01
9988.HK,HK,equity,2025-11-12,157.1,158.4,155.2,156.8,160.4,96741580.0,15147545432.44,-0.02244389027431415,-0.02244389027431415,-0.02269958751610658,PASS,2026-06-08T14:53:34Z,D20260608.01
9988.HK,HK,equity,2025-11-13,153.9,166.0,153.3,162.0,156.8,155447392.0,24785001720.09,0.03316326530612246,0.03316326530612246,0.03262522731607661,PASS,2026-06-08T14:53:34Z,D20260608.01
9988.HK,HK,equity,2025-11-14,156.5,158.4,154.5,154.9,162.0,101354219.0,15847725884.37,-0.04382716049382718,-0.04382716049382718,-0.044816587809561145,PASS,2026-06-08T14:53:34Z,D20260608.01
9988.HK,HK,equity,2025-11-17,152.3,158.0,152.1,154.9,154.9,113907864.0,17641626942.25,0.0,0.0,0.0,PASS,2026-06-08T14:53:34Z,D20260608.01
9988.HK,HK,equity,2025-11-18,153.2,158.4,153.2,154.6,154.9,102880519.0,16010863976.57,-0.001936733376371902,-0.001936733376371902,-0.0019386112695014093,PASS,2026-06-08T14:53:34Z,D20260608.01
9988.HK,HK,equity,2025-11-19,155.8,157.9,155.1,156.4,154.6,71141046.0,11135128038.12,0.011642949547218784,0.011642949547218784,0.011575691957889272,PASS,2026-06-08T14:53:34Z,D20260608.01
9988.HK,HK,equity,2025-11-20,158.3,159.8,154.0,154.8,156.4,65486765.0,10209807053.07,-0.010230179028132946,-0.010230179028132946,-0.01028286695558392,PASS,2026-06-08T14:53:34Z,D20260608.01
9988.HK,HK,equity,2025-11-21,150.0,150.6,146.9,147.6,154.8,141043093.0,20975029429.187,-0.04651162790697683,-0.04651162790697683,-0.047628048989254705,PASS,2026-06-08T14:53:34Z,D20260608.01
9988.HK,HK,equity,2025-11-24,147.8,156.3,147.8,154.5,147.6,199790253.0,30721048113.36,0.04674796747967491,0.04674796747967491,0.04568818417142814,PASS,2026-06-08T14:53:34Z,D20260608.01
9988.HK,HK,equity,2025-11-25,159.0,160.5,153.4,157.8,154.5,147102629.0,23217856626.84,0.021359223300970953,0.021359223300970953,0.02113431207397379,PASS,2026-06-08T14:53:34Z,D20260608.01
9988.HK,HK,equity,2025-11-26,154.0,158.0,153.4,154.8,157.8,110863259.0,17256390544.06,-0.019011406844106515,-0.019011406844106515,-0.01919444725614718,PASS,2026-06-08T14:53:34Z,D20260608.01
9988.HK,HK,equity,2025-11-27,154.0,154.9,150.1,150.6,154.8,103303822.0,15705984411.84,-0.027131782945736593,-0.027131782945736593,-0.0275066457898337,PASS,2026-06-08T14:53:34Z,D20260608.01
9988.HK,HK,equity,2025-11-28,151.8,153.2,151.0,151.5,150.6,66572166.0,10111444029.85,0.005976095617529875,0.005976095617529875,0.005958309583630625,PASS,2026-06-08T14:53:34Z,D20260608.01
9988.HK,HK,equity,2025-12-01,153.0,156.9,152.0,154.9,151.5,93259220.0,14494289977.2,0.022442244224422536,0.022442244224422536,0.022194122473399205,PASS,2026-06-08T14:53:34Z,D20260608.01
9988.HK,HK,equity,2025-12-02,160.1,160.1,156.3,157.0,154.9,74133971.0,11717077172.6,0.01355713363460298,0.01355713363460298,0.01346605792548512,PASS,2026-06-08T14:53:34Z,D20260608.01
9988.HK,HK,equity,2025-12-03,155.8,156.6,153.1,153.6,157.0,54076752.0,8332496257.03,-0.021656050955414008,-0.021656050955414008,-0.021893984634736262,PASS,2026-06-08T14:53:34Z,D20260608.01
9988.HK,HK,equity,2025-12-04,153.1,155.1,152.5,154.4,153.6,57110210.0,8771618515.079,0.005208333333333481,0.005208333333333481,0.005194816877104151,PASS,2026-06-08T14:53:34Z,D20260608.01
9988.HK,HK,equity,2025-12-05,153.2,155.1,152.6,155.0,154.4,78815068.0,12166046512.2,0.0038860103626943143,0.0038860103626943143,0.0038784793285708383,PASS,2026-06-08T14:53:34Z,D20260608.01
9988.HK,HK,equity,2025-12-08,155.0,155.5,152.8,153.4,155.0,75226835.0,11582000738.84,-0.010322580645161228,-0.010322580645161228,-0.010376227986090746,PASS,2026-06-08T14:53:34Z,D20260608.01
9988.HK,HK,equity,2025-12-09,155.1,156.8,150.4,150.9,153.4,69789164.0,10648884303.7,-0.01629726205997395,-0.01629726205997395,-0.016431523159352625,PASS,2026-06-08T14:53:34Z,D20260608.01
9988.HK,HK,equity,2025-12-10,150.5,153.4,149.6,153.2,150.9,61369895.0,9321713276.7,0.015241882041086674,0.015241882041086674,0.015126891532687575,PASS,2026-06-08T14:53:34Z,D20260608.01
9988.HK,HK,equity,2025-12-11,155.0,155.5,150.5,150.6,153.2,59433982.0,9052893590.1,-0.016971279373368064,-0.016971279373368064,-0.017116941940697638,PASS,2026-06-08T14:53:34Z,D20260608.01
9988.HK,HK,equity,2025-12-12,152.7,154.1,150.8,154.1,150.6,88532981.0,13539596437.06,0.023240371845949515,0.023240371845949515,0.022974426960276843,PASS,2026-06-08T14:53:34Z,D20260608.01
9988.HK,HK,equity,2025-12-15,150.8,151.7,148.5,148.6,154.1,94298860.0,14139023980.2,-0.035691109669046095,-0.035691109669046095,-0.036343610042411295,PASS,2026-06-08T14:53:34Z,D20260608.01
9988.HK,HK,equity,2025-12-16,146.9,147.0,141.6,144.2,148.6,118119058.0,16974022049.36,-0.02960969044414541,-0.02960969044414541,-0.030056907432810143,PASS,2026-06-08T14:53:34Z,D20260608.01
9988.HK,HK,equity,2025-12-17,144.2,147.3,143.1,146.0,144.2,60486179.0,8790893882.831,0.012482662968099856,0.012482662968099856,0.012405396857487731,PASS,2026-06-08T14:53:34Z,D20260608.01
9988.HK,HK,equity,2025-12-18,143.1,144.9,142.9,144.1,146.0,47014025.0,6764239879.949,-0.013013698630137016,-0.013013698630137016,-0.013099118702860065,PASS,2026-06-08T14:53:34Z,D20260608.01
9988.HK,HK,equity,2025-12-19,145.0,146.7,144.2,145.3,144.1,70392591.0,10237987194.7,0.008327550312283272,0.008327550312283272,0.00829306757076095,PASS,2026-06-08T14:53:34Z,D20260608.01
9988.HK,HK,equity,2025-12-22,146.0,148.5,145.0,146.4,145.3,58877432.0,8625656120.64,0.007570543702684063,0.007570543702684063,0.007542030950973926,PASS,2026-06-08T14:53:34Z,D20260608.01
9988.HK,HK,equity,2025-12-23,146.7,148.0,146.4,147.2,146.4,47601549.0,7009550959.3,0.005464480874316724,0.005464480874316724,0.0054496047675644645,PASS,2026-06-08T14:53:34Z,D20260608.01
9988.HK,HK,equity,2025-12-24,147.0,148.1,145.1,146.0,147.2,28967695.0,4234823630.19,-0.008152173913043348,-0.008152173913043348,-0.008185584586439294,PASS,2026-06-08T14:53:34Z,D20260608.01
9988.HK,HK,equity,2025-12-29,147.1,148.5,143.3,143.3,146.0,62656820.0,9131340598.0,-0.018493150684931403,-0.018493150684931403,-0.018666286874210167,PASS,2026-06-08T14:53:34Z,D20260608.01
9988.HK,HK,equity,2025-12-30,143.3,145.7,143.2,144.5,143.3,60201594.0,8701232705.6,0.008374040474528943,0.008374040474528943,0.008339172718360668,PASS,2026-06-08T14:53:34Z,D20260608.01
9988.HK,HK,equity,2025-12-31,143.7,143.8,142.4,142.8,144.5,35628222.0,5089590813.63,-0.0117647058823529,-0.0117647058823529,-0.011834457647002796,PASS,2026-06-08T14:53:34Z,D20260608.01
9988.HK,HK,equity,2026-01-02,143.2,149.7,142.9,149.0,142.8,48902470.0,7215810283.8,0.04341736694677856,0.04341736694677856,0.04250125603997498,PASS,2026-06-08T14:53:34Z,D20260608.01
9988.HK,HK,equity,2026-01-05,151.1,153.8,150.0,152.8,149.0,102834720.0,15681695666.3,0.025503355704697972,0.025503355704697972,0.02518357078696096,PASS,2026-06-08T14:53:34Z,D20260608.01
9988.HK,HK,equity,2026-01-06,150.9,153.2,150.5,150.8,152.8,112004139.0,16966606124.0,-0.01308900523560208,-0.01308900523560208,-0.013175421158564404,PASS,2026-06-08T14:53:34Z,D20260608.01
9988.HK,HK,equity,2026-01-07,147.1,147.8,143.5,145.9,150.8,149677478.0,21758990525.344,-0.03249336870026531,-0.03249336870026531,-0.0330330000451158,PASS,2026-06-08T14:53:34Z,D20260608.01
9988.HK,HK,equity,2026-01-08,143.6,144.9,141.0,142.6,145.9,107421412.0,15345323864.76,-0.022618231665524458,-0.022618231665524458,-0.02287794754854453,PASS,2026-06-08T14:53:34Z,D20260608.01
9988.HK,HK,equity,2026-01-09,148.0,149.5,145.9,146.5,142.6,115234256.0,17002974129.97,0.027349228611500687,0.027349228611500687,0.02698192047692642,PASS,2026-06-08T14:53:34Z,D20260608.01
9988.HK,HK,equity,2026-01-12,146.9,154.6,146.0,154.3,146.5,164580300.0,25051108936.92,0.05324232081911262,0.05324232081911262,0.05187333091199315,PASS,2026-06-08T14:53:34Z,D20260608.01
9988.HK,HK,equity,2026-01-13,162.0,164.0,157.4,159.9,154.3,153153842.0,24540402269.35,0.036292935839274065,0.036292935839274065,0.03564986047079332,PASS,2026-06-08T14:53:34Z,D20260608.01
9988.HK,HK,equity,2026-01-14,163.8,169.8,162.1,169.0,159.9,244622843.0,40785747086.66,0.05691056910569103,0.05691056910569103,0.0553500950831649,PASS,2026-06-08T14:53:34Z,D20260608.01
9988.HK,HK,equity,2026-01-15,168.9,170.1,163.1,164.6,169.0,133061563.0,22058494327.68,-0.026035502958579926,-0.026035502958579926,-0.02638042668010408,PASS,2026-06-08T14:53:34Z,D20260608.01
9988.HK,HK,equity,2026-01-16,167.9,168.7,165.0,166.2,164.6,79370877.0,13213026136.9,0.009720534629404476,0.009720534629404476,0.00967359417837824,PASS,2026-06-08T14:53:34Z,D20260608.01
9988.HK,HK,equity,2026-01-19,162.0,162.5,160.1,160.4,166.2,72500898.0,11677672896.59,-0.034897713598074476,-0.034897713598074476,-0.035521186988933556,PASS,2026-06-08T14:53:34Z,D20260608.01
9988.HK,HK,equity,2026-01-20,159.8,162.2,158.6,159.7,160.4,55456218.0,8868225709.4,-0.004364089775561242,-0.004364089775561242,-0.004373640211447516,PASS,2026-06-08T14:53:34Z,D20260608.01
9988.HK,HK,equity,2026-01-21,158.3,164.9,158.3,163.2,159.7,67441221.0,10924846933.0,0.021916092673763377,0.021916092673763377,0.021679387309039955,PASS,2026-06-08T14:53:34Z,D20260608.01
9988.HK,HK,equity,2026-01-22,166.0,166.5,162.8,164.8,163.2,59810988.0,9836717328.78,0.009803921568627638,0.009803921568627638,0.009756174945364874,PASS,2026-06-08T14:53:34Z,D20260608.01
9988.HK,HK,equity,2026-01-23,171.2,172.0,168.3,168.5,164.8,93252549.0,15805618024.44,0.022451456310679463,0.022451456310679463,0.022203132317044946,PASS,2026-06-08T14:53:34Z,D20260608.01
9988.HK,HK,equity,2026-01-26,169.5,170.2,164.5,165.2,168.5,67819829.0,11255344158.25,-0.019584569732937762,-0.019584569732937762,-0.019778888705538802,PASS,2026-06-08T14:53:34Z,D20260608.01
9988.HK,HK,equity,2026-01-27,166.8,169.9,164.9,169.9,165.2,73661350.0,12414178175.48,0.028450363196125927,0.028450363196125927,0.02805316759100867,PASS,2026-06-08T14:53:34Z,D20260608.01
9988.HK,HK,equity,2026-01-28,170.5,173.8,168.6,173.5,169.9,102209414.0,17569439693.96,0.02118893466745142,0.02118893466745142,0.020967570709027522,PASS,2026-06-08T14:53:34Z,D20260608.01
9988.HK,HK,equity,2026-01-29,171.1,174.2,170.3,173.3,173.5,67539478.0,11666256998.58,-0.0011527377521612925,-0.0011527377521612925,-0.001153402665353396,PASS,2026-06-08T14:53:34Z,D20260608.01
9988.HK,HK,equity,2026-01-30,170.0,170.7,167.0,169.2,173.3,75134065.0,12703476269.115,-0.023658395845355007,-0.023658395845355007,-0.023942749549437627,PASS,2026-06-08T14:53:34Z,D20260608.01
9988.HK,HK,equity,2026-02-02,164.7,167.9,161.0,163.3,169.2,100747598.0,16482826406.12,-0.03486997635933797,-0.03486997635933797,-0.03549244719570339,PASS,2026-06-08T14:53:34Z,D20260608.01
9988.HK,HK,equity,2026-02-03,165.4,166.0,155.2,161.0,163.3,111086312.0,17742273746.48,-0.014084507042253613,-0.014084507042253613,-0.014184634991956525,PASS,2026-06-08T14:53:34Z,D20260608.01
9988.HK,HK,equity,2026-02-04,159.4,162.3,157.1,159.5,161.0,71689072.0,11420543580.2,-0.009316770186335366,-0.009316770186335366,-0.009360442759563695,PASS,2026-06-08T14:53:34Z,D20260608.01
9988.HK,HK,equity,2026-02-05,155.5,160.4,154.0,159.6,159.5,89720504.0,14067922076.65,0.0006269592476488839,0.0006269592476488839,0.0006267627908091106,PASS,2026-06-08T14:53:34Z,D20260608.01
9988.HK,HK,equity,2026-02-06,153.5,156.8,153.2,155.0,159.6,78125091.0,12098851447.5,-0.028822055137844527,-0.028822055137844527,-0.029245568096461682,PASS,2026-06-08T14:53:34Z,D20260608.01
9988.HK,HK,equity,2026-02-09,159.5,160.2,157.6,157.9,155.0,58582947.0,9290992817.6,0.01870967741935492,0.01870967741935492,0.018536804342349864,PASS,2026-06-08T14:53:34Z,D20260608.01
9988.HK,HK,equity,2026-02-10,159.7,162.6,158.7,160.5,157.9,58402811.0,9385856574.8,0.01646611779607343,0.01646611779607343,0.016332021308474116,PASS,2026-06-08T14:53:34Z,D20260608.01
9988.HK,HK,equity,2026-02-11,161.3,162.7,159.6,160.1,160.5,51639528.0,8312329228.27,-0.0024922118380062974,-0.0024922118380062974,-0.0024953225674016204,PASS,2026-06-08T14:53:34Z,D20260608.01
9988.HK,HK,equity,2026-02-12,157.9,159.5,156.1,158.6,160.1,56768511.0,8953857552.885,-0.00936914428482194,-0.00936914428482194,-0.009413310801921345,PASS,2026-06-08T14:53:34Z,D20260608.01
9988.HK,HK,equity,2026-02-13,154.0,156.4,153.9,155.4,158.6,69945660.0,10844812894.5,-0.020176544766708604,-0.020176544766708604,-0.020382871267200446,PASS,2026-06-08T14:53:34Z,D20260608.01
9988.HK,HK,equity,2026-02-16,152.6,154.9,150.5,154.7,155.4,29215118.0,4460519828.38,-0.0045045045045045695,-0.0045045045045045695,-0.0045146803545266945,PASS,2026-06-08T14:53:34Z,D20260608.01
9988.HK,HK,equity,2026-02-20,150.0,151.7,147.1,147.1,154.7,70273864.0,10443089472.9,-0.04912734324499024,-0.04912734324499024,-0.05037512997162854,PASS,2026-06-08T14:53:34Z,D20260608.01
9988.HK,HK,equity,2026-02-23,150.1,153.3,149.5,152.2,147.1,44852186.0,6820099085.31,0.034670292318150775,0.034670292318150775,0.03408281782019349,PASS,2026-06-08T14:53:34Z,D20260608.01
9988.HK,HK,equity,2026-02-24,149.9,150.4,147.0,148.0,152.2,82838070.0,12279106621.95,-0.02759526938239154,-0.02759526938239154,-0.02798317166347035,PASS,2026-06-08T14:53:34Z,D20260608.01
9988.HK,HK,equity,2026-02-25,149.8,150.2,148.1,148.3,148.0,47742854.0,7109781788.7,0.002027027027027062,0.002027027027027062,0.0020249753797713828,PASS,2026-06-08T14:53:34Z,D20260608.01
9988.HK,HK,equity,2026-02-26,148.3,148.8,143.0,143.0,148.3,98872855.0,14310258859.86,-0.0357383681726231,-0.0357383681726231,-0.036392618883979176,PASS,2026-06-08T14:53:34Z,D20260608.01
9988.HK,HK,equity,2026-02-27,143.0,145.5,142.2,142.9,143.0,88719769.0,12741757997.72,-0.0006993006993006867,-0.0006993006993006867,-0.0006995453240855451,PASS,2026-06-08T14:53:34Z,D20260608.01
9988.HK,HK,equity,2026-03-02,139.6,140.5,135.6,136.4,142.9,134838521.0,18547876671.314,-0.045486354093771886,-0.045486354093771886,-0.046553339526460014,PASS,2026-06-08T14:53:34Z,D20260608.01
9988.HK,HK,equity,2026-03-03,139.0,139.2,134.6,134.8,136.4,88507248.0,12087707586.4,-0.011730205278592365,-0.011730205278592365,-0.011799546931155055,PASS,2026-06-08T14:53:34Z,D20260608.01
9988.HK,HK,equity,2026-03-04,131.2,133.0,127.7,129.9,134.8,163124992.0,21165511185.91,-0.036350148367952584,-0.036350148367952584,-0.03702727480165287,PASS,2026-06-08T14:53:34Z,D20260608.01
9988.HK,HK,equity,2026-03-05,130.5,131.4,125.1,126.3,129.9,141677427.0,18111397452.14,-0.02771362586605086,-0.02771362586605086,-0.028104894320108483,PASS,2026-06-08T14:53:34Z,D20260608.01
9988.HK,HK,equity,2026-03-06,126.9,132.0,126.5,130.7,126.3,100859931.0,13113260131.26,0.034837688044338844,0.034837688044338844,0.03424459127373081,PASS,2026-06-08T14:53:34Z,D20260608.01
9988.HK,HK,equity,2026-03-09,125.2,129.4,125.1,128.7,130.7,102893047.0,13083539474.75,-0.015302218821729108,-0.015302218821729108,-0.015420506028095242,PASS,2026-06-08T14:53:34Z,D20260608.01
9988.HK,HK,equity,2026-03-10,131.0,134.2,130.0,133.5,128.7,98445281.0,13053180189.2,0.037296037296037365,0.037296037296037365,0.03661736323822331,PASS,2026-06-08T14:53:34Z,D20260608.01
9988.HK,HK,equity,2026-03-11,135.5,136.1,132.4,133.2,133.5,61695884.0,8269461529.0,-0.0022471910112360494,-0.0022471910112360494,-0.002249719734015553,PASS,2026-06-08T14:53:34Z,D20260608.01
9988.HK,HK,equity,2026-03-12,130.6,133.5,129.6,131.6,133.2,57889342.0,7595848286.8,-0.012012012012011963,-0.012012012012011963,-0.012084739215071886,PASS,2026-06-08T14:53:34Z,D20260608.01
9988.HK,HK,equity,2026-03-13,131.3,134.6,130.4,132.5,131.6,51862084.0,6898531818.58,0.006838905775075954,0.006838905775075954,0.006815626535060039,PASS,2026-06-08T14:53:34Z,D20260608.01
9988.HK,HK,equity,2026-03-16,132.9,135.1,130.8,134.0,132.5,50025123.0,6678437801.13,0.01132075471698113,0.01132075471698113,0.011257154524634468,PASS,2026-06-08T14:53:34Z,D20260608.01
9988.HK,HK,equity,2026-03-17,135.2,138.5,134.6,134.6,134.0,76247583.0,10410748974.96,0.004477611940298498,0.004477611940298498,0.004467617259716052,PASS,2026-06-08T14:53:34Z,D20260608.01
9988.HK,HK,equity,2026-03-18,134.4,140.2,133.1,137.7,134.6,108384226.0,14850301303.7,0.02303120356612176,0.02303120356612176,0.02276998852398165,PASS,2026-06-08T14:53:34Z,D20260608.01
9988.HK,HK,equity,2026-03-19,132.7,134.2,131.2,132.0,137.7,112049539.0,14846319222.92,-0.04139433551198246,-0.04139433551198246,-0.042275483148238195,PASS,2026-06-08T14:53:34Z,D20260608.01
9988.HK,HK,equity,2026-03-20,123.5,126.8,122.4,123.7,132.0,206068855.0,25680463346.71,-0.06287878787878787,-0.06287878787878787,-0.06494264318792863,PASS,2026-06-08T14:53:34Z,D20260608.01
9988.HK,HK,equity,2026-03-23,120.8,121.6,117.7,119.7,123.7,136352855.0,16319053679.36,-0.03233629749393696,-0.03233629749393696,-0.03287066683451477,PASS,2026-06-08T14:53:34Z,D20260608.01
9988.HK,HK,equity,2026-03-24,122.0,124.0,119.8,123.2,119.7,86973171.0,10604404820.34,0.029239766081871288,0.029239766081871288,0.028820438535491884,PASS,2026-06-08T14:53:34Z,D20260608.01
9988.HK,HK,equity,2026-03-25,125.2,131.4,123.4,128.9,123.2,148277825.0,18912791030.17,0.046266233766233844,0.046266233766233844,0.04522785884572238,PASS,2026-06-08T14:53:34Z,D20260608.01
9988.HK,HK,equity,2026-03-26,128.0,128.0,122.6,123.0,128.9,87500096.0,10891175248.2,-0.04577191621411947,-0.04577191621411947,-0.046852554572724206,PASS,2026-06-08T14:53:34Z,D20260608.01
9988.HK,HK,equity,2026-03-27,123.0,124.1,121.4,122.6,123.0,53442572.0,6564444594.408,-0.003252032520325243,-0.003252032520325243,-0.0032573318703065105,PASS,2026-06-08T14:53:34Z,D20260608.01
9988.HK,HK,equity,2026-03-30,118.2,121.4,117.9,120.5,122.6,80519074.0,9640039986.64,-0.01712887438825439,-0.01712887438825439,-0.01727727057140124,PASS,2026-06-08T14:53:34Z,D20260608.01
9988.HK,HK,equity,2026-03-31,120.8,122.1,117.8,119.0,120.5,72026359.0,8583525817.24,-0.012448132780082943,-0.012448132780082943,-0.012526259819180256,PASS,2026-06-08T14:53:34Z,D20260608.01
9988.HK,HK,equity,2026-04-01,123.3,124.0,121.5,122.7,119.0,67832865.0,8329040909.05,0.031092436974790028,0.031092436974790028,0.030618858605336478,PASS,2026-06-08T14:53:34Z,D20260608.01
9988.HK,HK,equity,2026-04-02,121.0,121.0,117.5,118.5,122.7,95121535.0,11273432323.99,-0.03422982885085579,-0.03422982885085579,-0.034829391141679926,PASS,2026-06-08T14:53:34Z,D20260608.01
9988.HK,HK,equity,2026-04-08,121.9,127.9,121.3,126.5,118.5,181819816.0,22722795317.2,0.06751054852320681,0.06751054852320681,0.0653293475923891,PASS,2026-06-08T14:53:34Z,D20260608.01
9988.HK,HK,equity,2026-04-09,123.1,124.0,122.0,122.9,126.5,82451818.0,10139617697.27,-0.028458498023715362,-0.028458498023715362,-0.028871291595585734,PASS,2026-06-08T14:53:34Z,D20260608.01
9988.HK,HK,equity,2026-04-10,125.1,127.5,125.0,125.5,122.9,78382509.0,9887959095.961,0.0211554109031733,0.0211554109031733,0.02093474199984943,PASS,2026-06-08T14:53:34Z,D20260608.01
9988.HK,HK,equity,2026-04-13,124.5,124.5,122.5,123.2,125.5,51100996.0,6291794741.5,-0.018326693227091573,-0.018326693227091573,-0.018496707472419112,PASS,2026-06-08T14:53:34Z,D20260608.01
9988.HK,HK,equity,2026-04-14,125.5,126.8,123.2,124.5,123.2,52390198.0,6550932873.6,0.010551948051948035,0.010551948051948035,0.010496664805342885,PASS,2026-06-08T14:53:34Z,D20260608.01
9988.HK,HK,equity,2026-04-15,129.5,131.0,128.4,128.6,124.5,95222677.0,12319289108.68,0.032931726907630576,0.032931726907630576,0.03240109589875676,PASS,2026-06-08T14:53:34Z,D20260608.01
9988.HK,HK,equity,2026-04-16,131.7,136.1,131.2,135.8,128.6,127392595.0,17104219068.25,0.055987558320373276,0.055987558320373276,0.05447640332107676,PASS,2026-06-08T14:53:34Z,D20260608.01
9988.HK,HK,equity,2026-04-17,135.0,137.2,134.6,136.4,135.8,83379143.0,11353024551.9,0.004418262150220897,0.004418262150220897,0.004408530284765956,PASS,2026-06-08T14:53:34Z,D20260608.01
9988.HK,HK,equity,2026-04-20,135.7,138.4,134.7,137.0,136.4,71204282.0,9746287442.48,0.004398826979472137,0.004398826979472137,0.004389180418763187,PASS,2026-06-08T14:53:34Z,D20260608.01
9988.HK,HK,equity,2026-04-21,138.2,138.2,134.9,136.3,137.0,44920044.0,6115422609.1,-0.005109489051094762,-0.005109489051094762,-0.0051225871256378565,PASS,2026-06-08T14:53:34Z,D20260608.01
9988.HK,HK,equity,2026-04-22,133.3,133.4,130.6,131.5,136.3,69494718.0,9148238696.5,-0.035216434336023505,-0.035216434336023505,-0.03585148708466772,PASS,2026-06-08T14:53:34Z,D20260608.01
9988.HK,HK,equity,2026-04-23,132.6,132.7,129.5,130.4,131.5,54768842.0,7161788152.17,-0.008365019011406849,-0.008365019011406849,-0.008400202125266668,PASS,2026-06-08T14:53:34Z,D20260608.01
9988.HK,HK,equity,2026-04-24,128.1,132.8,126.7,131.8,130.4,63648525.0,8283631636.0,0.010736196319018454,0.010736196319018454,0.010678972575854314,PASS,2026-06-08T14:53:34Z,D20260608.01
9988.HK,HK,equity,2026-04-27,131.8,133.9,130.1,130.2,131.8,51858735.0,6820012508.6,-0.012139605462822667,-0.012139605462822667,-0.012213892293938189,PASS,2026-06-08T14:53:34Z,D20260608.01
9988.HK,HK,equity,2026-04-28,128.8,130.6,126.0,126.5,130.2,72924924.0,9306248433.9,-0.02841781874039928,-0.02841781874039928,-0.028829421606893835,PASS,2026-06-08T14:53:34Z,D20260608.01
9988.HK,HK,equity,2026-04-29,128.8,130.6,128.2,130.6,126.5,59643280.0,7735762914.78,0.032411067193675924,0.032411067193675924,0.031896908674755794,PASS,2026-06-08T14:53:34Z,D20260608.01
9988.HK,HK,equity,2026-04-30,128.2,128.5,126.0,126.0,130.6,88190461.0,11183416857.45,-0.03522205206738127,-0.03522205206738127,-0.03585730989085264,PASS,2026-06-08T14:53:34Z,D20260608.01
9988.HK,HK,equity,2026-05-04,128.8,134.2,128.7,131.7,126.0,67792478.0,8957290415.09,0.04523809523809508,0.04523809523809508,0.044244701797757205,PASS,2026-06-08T14:53:34Z,D20260608.01
9988.HK,HK,equity,2026-05-05,131.2,132.7,129.9,131.2,131.7,25517465.0,3347356379.6,-0.0037965072133636646,-0.0037965072133636646,-0.0038037322392466496,PASS,2026-06-08T14:53:34Z,D20260608.01
9988.HK,HK,equity,2026-05-06,132.4,137.3,130.9,134.2,131.2,115976497.0,15604618769.2,0.02286585365853666,0.02286585365853666,0.022608348027592824,PASS,2026-06-08T14:53:34Z,D20260608.01
9988.HK,HK,equity,2026-05-07,139.5,140.9,138.5,140.9,134.2,116084635.0,16253115343.56,0.04992548435171407,0.04992548435171407,0.04871919436705331,PASS,2026-06-08T14:53:34Z,D20260608.01
9988.HK,HK,equity,2026-05-08,138.9,139.8,138.2,139.0,140.9,59348966.0,8242013574.05,-0.01348474095102914,-0.01348474095102914,-0.013576485773942817,PASS,2026-06-08T14:53:34Z,D20260608.01
9988.HK,HK,equity,2026-05-11,136.8,137.6,133.3,133.9,139.0,98275069.0,13225583140.69,-0.03669064748201434,-0.03669064748201434,-0.037380680433564885,PASS,2026-06-08T14:53:34Z,D20260608.01
9988.HK,HK,equity,2026-05-12,133.5,136.0,133.1,133.3,133.9,57483637.0,7718103629.96,-0.004480955937266606,-0.004480955937266606,-0.004491025512463827,PASS,2026-06-08T14:53:34Z,D20260608.01
9988.HK,HK,equity,2026-05-13,132.0,134.2,130.3,132.8,133.3,89332520.0,11780427346.46,-0.0037509377344335793,-0.0037509377344335793,-0.003757990142329479,PASS,2026-06-08T14:53:34Z,D20260608.01
9988.HK,HK,equity,2026-05-14,143.1,144.0,137.4,137.9,132.8,171292701.0,24092298077.4,0.03840361445783125,0.03840361445783125,0.03768454775692258,PASS,2026-06-08T14:53:34Z,D20260608.01
9988.HK,HK,equity,2026-05-15,138.0,138.0,131.1,132.3,137.9,90144879.0,12041180806.45,-0.040609137055837574,-0.040609137055837574,-0.041456713678346135,PASS,2026-06-08T14:53:34Z,D20260608.01
9988.HK,HK,equity,2026-05-18,130.4,134.9,128.6,131.7,132.3,94625028.0,12384199321.24,-0.0045351473922904395,-0.0045351473922904395,-0.004545462371674834,PASS,2026-06-08T14:53:34Z,D20260608.01
9988.HK,HK,equity,2026-05-19,130.5,135.3,130.5,133.3,131.7,75905647.0,10147522603.12,0.012148823082763993,0.012148823082763993,0.012075618435427763,PASS,2026-06-08T14:53:34Z,D20260608.01
9988.HK,HK,equity,2026-05-20,132.9,135.5,131.0,131.9,133.3,64904996.0,8615357094.78,-0.010502625656414133,-0.010502625656414133,-0.0105581674613941,PASS,2026-06-08T14:53:34Z,D20260608.01
9988.HK,HK,equity,2026-05-21,132.6,132.6,125.5,126.0,131.9,124833824.0,15933605430.89,-0.04473085670962851,-0.04473085670962851,-0.045762152771790916,PASS,2026-06-08T14:53:34Z,D20260608.01
9988.HK,HK,equity,2026-05-22,128.2,128.6,126.0,127.0,126.0,67105437.0,8539784522.76,0.007936507936507908,0.007936507936507908,0.007905179507113247,PASS,2026-06-08T14:53:34Z,D20260608.01
9988.HK,HK,equity,2026-05-26,127.2,129.3,124.3,127.6,127.0,81943801.0,10417642518.19,0.0047244094488188,0.0047244094488188,0.004713284452098137,PASS,2026-06-08T14:53:34Z,D20260608.01
9988.HK,HK,equity,2026-05-27,127.7,127.9,123.6,124.3,127.6,73913384.0,9225920936.0,-0.025862068965517238,-0.025862068965517238,-0.026202372394024072,PASS,2026-06-08T14:53:34Z,D20260608.01
9988.HK,HK,equity,2026-05-28,123.7,123.9,120.0,121.8,124.3,113734767.0,13820600269.5,-0.02011263073209979,-0.02011263073209979,-0.02031764324086881,PASS,2026-06-08T14:53:34Z,D20260608.01
9988.HK,HK,equity,2026-05-29,123.2,124.3,120.6,120.9,121.8,106781469.0,12992250705.5,-0.00738916256157629,-0.00738916256157629,-0.007416597655049595,PASS,2026-06-08T14:53:34Z,D20260608.01
9988.HK,HK,equity,2026-06-01,121.3,124.2,121.2,122.8,120.9,64910941.0,7989481867.87,0.01571546732837059,0.01571546732837059,0.015593258092295136,PASS,2026-06-08T14:53:34Z,D20260608.01
9988.HK,HK,equity,2026-06-02,124.1,131.2,123.4,130.9,122.8,126607691.0,16323985377.73,0.0659609120521174,0.0659609120521174,0.06387665720281228,PASS,2026-06-08T14:53:34Z,D20260608.01
9988.HK,HK,equity,2026-06-03,130.0,130.3,126.5,126.6,130.9,90810223.0,11582210653.42,-0.03284950343773885,-0.03284950343773885,-0.03340116320577855,PASS,2026-06-08T14:53:34Z,D20260608.01
9988.HK,HK,equity,2026-06-04,125.2,125.6,122.8,123.5,126.6,60737375.0,7519180151.5,-0.024486571879936747,-0.024486571879936747,-0.02479135364204386,PASS,2026-06-08T14:53:34Z,D20260608.01
9988.HK,HK,equity,2026-06-05,123.5,125.1,121.6,122.4,123.5,75982909.0,9340266199.48,-0.008906882591093068,-0.008906882591093068,-0.00894678598980613,PASS,2026-06-08T14:53:34Z,D20260608.01
9988.HK,HK,equity,2026-06-08,118.3,120.2,117.8,118.8,122.4,84021112.0,9986447583.06,-0.02941176470588247,-0.02941176470588247,-0.029852963149681274,PASS,2026-06-08T14:53:34Z,D20260608.01
